group,kind,observable,lag,mean,two_standard_errors,independent_paths,pairs_per_path
lmf-moving,acf,sign,0,1.0,0.0,8,8192
lmf-moving,acf,sign,1,0.8159715240740013,0.011264482798970143,8,8191
lmf-moving,acf,sign,2,0.6319913387529333,0.022500604032589397,8,8190
lmf-moving,acf,sign,3,0.5309868849786661,0.028086442338286142,8,8189
lmf-moving,acf,sign,4,0.4653190764087416,0.030643449559255416,8,8188
lmf-moving,acf,sign,5,0.41795997690551906,0.03390465010647425,8,8187
lmf-moving,acf,sign,6,0.37989135327044443,0.038025372912504275,8,8186
lmf-moving,acf,sign,7,0.34999230661708985,0.040995446516823894,8,8185
lmf-moving,acf,sign,8,0.3275070925943161,0.043509869331945554,8,8184
lmf-moving,acf,sign,9,0.3112249252274837,0.043460777227969816,8,8183
lmf-moving,acf,sign,10,0.2959940787734778,0.04488266987774202,8,8182
lmf-moving,acf,sign,11,0.2821464123827506,0.04639007429376295,8,8181
lmf-moving,acf,sign,12,0.27296933679412055,0.047249418645221836,8,8180
lmf-moving,acf,sign,13,0.2647392636913565,0.04613001234545525,8,8179
lmf-moving,acf,sign,14,0.2545137401167936,0.04664854715706814,8,8178
lmf-moving,acf,sign,15,0.24516213806596335,0.04777152738184758,8,8177
lmf-moving,acf,sign,16,0.23511128583483176,0.04860036818940252,8,8176
lmf-moving,acf,sign,17,0.22976322081305645,0.050206216345313116,8,8175
lmf-moving,acf,sign,18,0.22819180384291818,0.05226788043909135,8,8174
lmf-moving,acf,sign,19,0.2229060446440381,0.05318811685020934,8,8173
lmf-moving,acf,sign,20,0.21693325703494543,0.054185245836618524,8,8172
lmf-moving,acf,sign,21,0.21157271217689155,0.053608145330189615,8,8171
lmf-moving,acf,sign,22,0.2069578138341519,0.05281584715819355,8,8170
lmf-moving,acf,sign,23,0.20140832484489385,0.053736772395589605,8,8169
lmf-moving,acf,sign,24,0.19547894854153935,0.05563042001447445,8,8168
lmf-moving,acf,sign,25,0.1875853840080944,0.057140909926006386,8,8167
lmf-moving,acf,sign,26,0.1817339694434333,0.05743427066083464,8,8166
lmf-moving,acf,sign,27,0.1775610771640155,0.05786669378736792,8,8165
lmf-moving,acf,sign,28,0.1716057323546919,0.05606020884764182,8,8164
lmf-moving,acf,sign,29,0.16691366665904916,0.05549310168734379,8,8163
lmf-moving,acf,sign,30,0.16528492657313681,0.054426946969881325,8,8162
lmf-moving,acf,sign,31,0.16405969816221333,0.05201476954309364,8,8161
lmf-moving,acf,sign,32,0.1634304849944241,0.0507651613346501,8,8160
lmf-moving,acf,sign,33,0.16092032648611734,0.05192636077121425,8,8159
lmf-moving,acf,sign,34,0.1579041024484725,0.05435855665673942,8,8158
lmf-moving,acf,sign,35,0.15346403180701068,0.056289239205633564,8,8157
lmf-moving,acf,sign,36,0.15082085728509517,0.0576048885198404,8,8156
lmf-moving,acf,sign,37,0.15202841035839754,0.05704622461102005,8,8155
lmf-moving,acf,sign,38,0.1508133379859219,0.0561355631368755,8,8154
lmf-moving,acf,sign,39,0.14828008293400452,0.0558565579438221,8,8153
lmf-moving,acf,sign,40,0.14461653672938757,0.05678222355142659,8,8152
lmf-moving,acf,sign,41,0.14139843596835028,0.05648020116236199,8,8151
lmf-moving,acf,sign,42,0.14062055502149673,0.05654804046322394,8,8150
lmf-moving,acf,sign,43,0.1404427950087298,0.05805233091926958,8,8149
lmf-moving,acf,sign,44,0.14211274737069826,0.059366615817407827,8,8148
lmf-moving,acf,sign,45,0.14444950597445091,0.0582840075048141,8,8147
lmf-moving,acf,sign,46,0.14559611290815885,0.05752114324676371,8,8146
lmf-moving,acf,sign,47,0.14483408499469963,0.05711125235197871,8,8145
lmf-moving,acf,sign,48,0.1423170757846875,0.05591100455607756,8,8144
lmf-moving,acf,sign,49,0.14160239677657308,0.05508510205104304,8,8143
lmf-moving,acf,sign,50,0.1427154376323975,0.05448104945875833,8,8142
lmf-moving,acf,sign,51,0.14215621561092512,0.0542996998859642,8,8141
lmf-moving,acf,sign,52,0.13939800012091733,0.05254372035101587,8,8140
lmf-moving,acf,sign,53,0.13601289991677337,0.04942562496028887,8,8139
lmf-moving,acf,sign,54,0.1342031477888966,0.04694838583371803,8,8138
lmf-moving,acf,sign,55,0.13165032876879978,0.046935667198109696,8,8137
lmf-moving,acf,sign,56,0.12770879158301227,0.04756289618592289,8,8136
lmf-moving,acf,sign,57,0.12471482531432299,0.0484976660335027,8,8135
lmf-moving,acf,sign,58,0.12232577616124596,0.04943355934659063,8,8134
lmf-moving,acf,sign,59,0.12089347936250289,0.050199698109229036,8,8133
lmf-moving,acf,sign,60,0.12048664057952849,0.05154860446954252,8,8132
lmf-moving,acf,sign,61,0.1192776171234262,0.051311569168331295,8,8131
lmf-moving,acf,sign,62,0.11690346286619782,0.05131562778740847,8,8130
lmf-moving,acf,sign,63,0.11533029222596523,0.051385972327291245,8,8129
lmf-moving,acf,sign,64,0.11506725770733361,0.050810268057204365,8,8128
lmf-moving,acf,sign,65,0.11361096320567782,0.04944503052256336,8,8127
lmf-moving,acf,sign,66,0.11017795541585687,0.048417368009326125,8,8126
lmf-moving,acf,sign,67,0.110245975085811,0.047219891908082026,8,8125
lmf-moving,acf,sign,68,0.11266914785135404,0.045671991763370993,8,8124
lmf-moving,acf,sign,69,0.11388793100347834,0.044821016717984864,8,8123
lmf-moving,acf,sign,70,0.11141449484191249,0.0429599357532872,8,8122
lmf-moving,acf,sign,71,0.10696388298696018,0.0431738872125159,8,8121
lmf-moving,acf,sign,72,0.10351130510445927,0.04632758405308356,8,8120
lmf-moving,acf,sign,73,0.10311582725327836,0.049284374126227735,8,8119
lmf-moving,acf,sign,74,0.10437418647565823,0.05078523748425488,8,8118
lmf-moving,acf,sign,75,0.10486497608035948,0.04929768846889123,8,8117
lmf-moving,acf,sign,76,0.1042854422031681,0.04855513654665394,8,8116
lmf-moving,acf,sign,77,0.10205316531057414,0.047395463695647407,8,8115
lmf-moving,acf,sign,78,0.10257616633139563,0.04670743726848563,8,8114
lmf-moving,acf,sign,79,0.1048120638707332,0.04685893857269894,8,8113
lmf-moving,acf,sign,80,0.10542539179561454,0.045586433137528526,8,8112
lmf-moving,acf,sign,81,0.10547504269390531,0.04379614372409116,8,8111
lmf-moving,acf,sign,82,0.1072795889749417,0.04185463619268066,8,8110
lmf-moving,acf,sign,83,0.10861220326857274,0.03931610032531371,8,8109
lmf-moving,acf,sign,84,0.1087312857020351,0.03934994068752833,8,8108
lmf-moving,acf,sign,85,0.10832780737908287,0.04055494695164358,8,8107
lmf-moving,acf,sign,86,0.10956513694365236,0.03967211619906805,8,8106
lmf-moving,acf,sign,87,0.11041017246571011,0.038094463410778094,8,8105
lmf-moving,acf,sign,88,0.1083070217049968,0.0379236367084141,8,8104
lmf-moving,acf,sign,89,0.10511664934833824,0.03847523500584741,8,8103
lmf-moving,acf,sign,90,0.10380689238701024,0.039300239251292335,8,8102
lmf-moving,acf,sign,91,0.10411133552434008,0.03934866996307685,8,8101
lmf-moving,acf,sign,92,0.10271989852471555,0.04001208182076192,8,8100
lmf-moving,acf,sign,93,0.09951197582731078,0.04003479204032574,8,8099
lmf-moving,acf,sign,94,0.09750443690699974,0.039076056366486395,8,8098
lmf-moving,acf,sign,95,0.09517449618490088,0.037877957554413234,8,8097
lmf-moving,acf,sign,96,0.09582720189574084,0.037190114646269215,8,8096
lmf-moving,acf,sign,97,0.09903304863867259,0.037692767673743036,8,8095
lmf-moving,acf,sign,98,0.10172501213106457,0.03769105637414859,8,8094
lmf-moving,acf,sign,99,0.10162951695203906,0.037083238652995815,8,8093
lmf-moving,acf,sign,100,0.09923667898757411,0.03786905081815652,8,8092
lmf-moving,acf,sign,101,0.0977829234175618,0.03877339699134166,8,8091
lmf-moving,acf,sign,102,0.09511677848890823,0.041277706422080854,8,8090
lmf-moving,acf,sign,103,0.09027988065377589,0.044213325217317065,8,8089
lmf-moving,acf,sign,104,0.08593837338575981,0.04520410806773896,8,8088
lmf-moving,acf,sign,105,0.08188047526507738,0.046382607905490286,8,8087
lmf-moving,acf,sign,106,0.08028037728829511,0.04816543265506272,8,8086
lmf-moving,acf,sign,107,0.0809256880845162,0.048192294098688485,8,8085
lmf-moving,acf,sign,108,0.07914555666236824,0.04742266010750895,8,8084
lmf-moving,acf,sign,109,0.07685998895203515,0.04663184266903984,8,8083
lmf-moving,acf,sign,110,0.0749019377921814,0.04560051649116267,8,8082
lmf-moving,acf,sign,111,0.07513157729612945,0.04615332785006569,8,8081
lmf-moving,acf,sign,112,0.07445492745179529,0.04898785158310384,8,8080
lmf-moving,acf,sign,113,0.07289994995354411,0.049904879630987255,8,8079
lmf-moving,acf,sign,114,0.07162269128499904,0.04903465242600061,8,8078
lmf-moving,acf,sign,115,0.06943528557376881,0.047677148145272824,8,8077
lmf-moving,acf,sign,116,0.06931609856428558,0.0465742081808489,8,8076
lmf-moving,acf,sign,117,0.07134629349486796,0.044491667393056614,8,8075
lmf-moving,acf,sign,118,0.07296744486780583,0.04550640218835096,8,8074
lmf-moving,acf,sign,119,0.0744293055578151,0.045891851739046995,8,8073
lmf-moving,acf,sign,120,0.07642049935649509,0.043545674426949336,8,8072
lmf-moving,acf,sign,121,0.07533537724869431,0.04169605848355109,8,8071
lmf-moving,acf,sign,122,0.0734403402003976,0.03995955051211595,8,8070
lmf-moving,acf,sign,123,0.07283380250541924,0.038502103688274794,8,8069
lmf-moving,acf,sign,124,0.07083487103765385,0.03822380613413767,8,8068
lmf-moving,acf,sign,125,0.06902771702430828,0.039255798691381176,8,8067
lmf-moving,acf,sign,126,0.06887875902219961,0.038401705807680125,8,8066
lmf-moving,acf,sign,127,0.06826856464777056,0.03693960231557496,8,8065
lmf-moving,acf,sign,128,0.06960174313141991,0.038578989304551586,8,8064
lmf-moving,acf,mid_return,0,1.0,0.0,8,8192
lmf-moving,acf,mid_return,1,0.3194915206070448,0.00884512568655578,8,8191
lmf-moving,acf,mid_return,2,0.03152418061167577,0.011485703791700677,8,8190
lmf-moving,acf,mid_return,3,-0.03885052156250125,0.007172493497613353,8,8189
lmf-moving,acf,mid_return,4,-0.04396403390451317,0.007624569498481451,8,8188
lmf-moving,acf,mid_return,5,-0.038212121513569335,0.006420746997035644,8,8187
lmf-moving,acf,mid_return,6,-0.03764065596923683,0.0100555341652132,8,8186
lmf-moving,acf,mid_return,7,-0.04487762093675237,0.008017141654538672,8,8185
lmf-moving,acf,mid_return,8,-0.03699037118922553,0.011919213207202926,8,8184
lmf-moving,acf,mid_return,9,-0.025216535841167682,0.008365987272774046,8,8183
lmf-moving,acf,mid_return,10,-0.02537159816286848,0.007344594156265084,8,8182
lmf-moving,acf,mid_return,11,-0.026171601994287478,0.00535368515369674,8,8181
lmf-moving,acf,mid_return,12,-0.017119501537730786,0.008920767857004902,8,8180
lmf-moving,acf,mid_return,13,-0.012303548256975334,0.007124134933780314,8,8179
lmf-moving,acf,mid_return,14,-0.016728721337386825,0.006090178538398981,8,8178
lmf-moving,acf,mid_return,15,-0.014412213606405728,0.005630269780045865,8,8177
lmf-moving,acf,mid_return,16,-0.022026388150467067,0.005047410730121287,8,8176
lmf-moving,acf,mid_return,17,-0.018718371039030908,0.006836717100897686,8,8175
lmf-moving,acf,mid_return,18,-0.0028458735864055323,0.009678064692224734,8,8174
lmf-moving,acf,mid_return,19,-0.003896678686292509,0.01099126669934292,8,8173
lmf-moving,acf,mid_return,20,-0.007240501051770762,0.007850530160778657,8,8172
lmf-moving,acf,mid_return,21,-0.007364909491669792,0.010275060039604276,8,8171
lmf-moving,acf,mid_return,22,-0.004593900174944426,0.009623233059801149,8,8170
lmf-moving,acf,mid_return,23,-0.003219446193041567,0.011670715671158299,8,8169
lmf-moving,acf,mid_return,24,-0.0025044848708403776,0.008983009845703216,8,8168
lmf-moving,acf,mid_return,25,-0.012864581098235968,0.011225646739483392,8,8167
lmf-moving,acf,mid_return,26,-0.008572888046710568,0.010780524544955405,8,8166
lmf-moving,acf,mid_return,27,-0.007888684401581103,0.008569678613075504,8,8165
lmf-moving,acf,mid_return,28,-0.014371081185765617,0.007103500596477374,8,8164
lmf-moving,acf,mid_return,29,-0.015239057148084989,0.008334418882785521,8,8163
lmf-moving,acf,mid_return,30,-0.011372070702772161,0.011491806699157232,8,8162
lmf-moving,acf,mid_return,31,-0.008368465605683226,0.0037763482705627295,8,8161
lmf-moving,acf,mid_return,32,-0.004374415386551162,0.010639251493739992,8,8160
lmf-moving,acf,mid_return,33,-0.0038562649038249575,0.009103310992594623,8,8159
lmf-moving,acf,mid_return,34,-0.005895714430024651,0.013478735498158059,8,8158
lmf-moving,acf,mid_return,35,-0.007885726818017833,0.013511074659278033,8,8157
lmf-moving,acf,mid_return,36,-0.00975962504433684,0.009949301110942865,8,8156
lmf-moving,acf,mid_return,37,-0.0019420296049645872,0.008355298730222373,8,8155
lmf-moving,acf,mid_return,38,-0.002666333377939688,0.010437820017502887,8,8154
lmf-moving,acf,mid_return,39,-0.0033009814581003685,0.01294455769568483,8,8153
lmf-moving,acf,mid_return,40,-0.005902395567839557,0.006548112712071573,8,8152
lmf-moving,acf,mid_return,41,-0.01392367212878464,0.009879866680926244,8,8151
lmf-moving,acf,mid_return,42,-0.010578792190944273,0.012887180083820938,8,8150
lmf-moving,acf,mid_return,43,-0.008958941748643354,0.01126524521749528,8,8149
lmf-moving,acf,mid_return,44,-0.0051335849664783245,0.01008945523936715,8,8148
lmf-moving,acf,mid_return,45,0.0030603177748401125,0.00895251543813901,8,8147
lmf-moving,acf,mid_return,46,0.007246423178924252,0.008815337985523279,8,8146
lmf-moving,acf,mid_return,47,0.003282352866774029,0.004642687669359085,8,8145
lmf-moving,acf,mid_return,48,-0.005168432565349911,0.008239255337231773,8,8144
lmf-moving,acf,mid_return,49,-0.0002975701352908526,0.009609842927277524,8,8143
lmf-moving,acf,mid_return,50,0.005944037417433139,0.007011937703858584,8,8142
lmf-moving,acf,mid_return,51,0.004643931745919435,0.007740830770940461,8,8141
lmf-moving,acf,mid_return,52,0.003916560666942917,0.008695717510572418,8,8140
lmf-moving,acf,mid_return,53,0.00017439265007631807,0.006712643497628759,8,8139
lmf-moving,acf,mid_return,54,0.0027032270719976686,0.006680827896357401,8,8138
lmf-moving,acf,mid_return,55,0.002585856426321896,0.004281295504832827,8,8137
lmf-moving,acf,mid_return,56,-0.003389930649597358,0.01014417280495713,8,8136
lmf-moving,acf,mid_return,57,-0.006086841676694141,0.011696563147222698,8,8135
lmf-moving,acf,mid_return,58,-0.008606879472648024,0.013976183911270031,8,8134
lmf-moving,acf,mid_return,59,-0.004941833269599189,0.009547569864095155,8,8133
lmf-moving,acf,mid_return,60,-9.984608131479686e-05,0.006451058247105319,8,8132
lmf-moving,acf,mid_return,61,0.00081156875099767,0.0062388520788695286,8,8131
lmf-moving,acf,mid_return,62,-0.0037323264187673,0.010560169660566558,8,8130
lmf-moving,acf,mid_return,63,-0.00402701260770658,0.009122203553470203,8,8129
lmf-moving,acf,mid_return,64,0.0005255282986119584,0.010343669211715896,8,8128
lmf-moving,acf,mid_return,65,-0.0016320733629662761,0.008790465546165548,8,8127
lmf-moving,acf,mid_return,66,-0.006479206788627801,0.008916556433802498,8,8126
lmf-moving,acf,mid_return,67,-0.005008552795774136,0.008749385629296455,8,8125
lmf-moving,acf,mid_return,68,0.0003235997999296097,0.008109282587998153,8,8124
lmf-moving,acf,mid_return,69,0.005092158650633295,0.008486358174517095,8,8123
lmf-moving,acf,mid_return,70,0.004753519485368684,0.0074736193130403765,8,8122
lmf-moving,acf,mid_return,71,-0.0064771170004554925,0.009974209239270141,8,8121
lmf-moving,acf,mid_return,72,-0.008883100857794986,0.011044886397676154,8,8120
lmf-moving,acf,mid_return,73,-0.008269373505684423,0.013339729238844694,8,8119
lmf-moving,acf,mid_return,74,-0.0023090363184617825,0.009750573495413566,8,8118
lmf-moving,acf,mid_return,75,0.0005200393580746501,0.006216657504189116,8,8117
lmf-moving,acf,mid_return,76,0.0007215789174930797,0.010529476207491669,8,8116
lmf-moving,acf,mid_return,77,-0.007467429279075134,0.010445811832684927,8,8115
lmf-moving,acf,mid_return,78,-0.005960894208900064,0.01040871163411361,8,8114
lmf-moving,acf,mid_return,79,7.740212980125684e-05,0.009392204749031711,8,8113
lmf-moving,acf,mid_return,80,0.00011527215627318279,0.013249745245988567,8,8112
lmf-moving,acf,mid_return,81,-0.002478982037530114,0.012970655263907954,8,8111
lmf-moving,acf,mid_return,82,0.0020759795130538402,0.011130138214127568,8,8110
lmf-moving,acf,mid_return,83,0.0029638638954643044,0.007390427730504771,8,8109
lmf-moving,acf,mid_return,84,0.003966946541810273,0.00877269996869656,8,8108
lmf-moving,acf,mid_return,85,0.004262438429164363,0.006588405898928137,8,8107
lmf-moving,acf,mid_return,86,0.005118998095845836,0.006054846134465277,8,8106
lmf-moving,acf,mid_return,87,0.006407746789989208,0.007643928518091199,8,8105
lmf-moving,acf,mid_return,88,0.004426215003617995,0.012127360065065809,8,8104
lmf-moving,acf,mid_return,89,-0.003508225154343167,0.011986016440890597,8,8103
lmf-moving,acf,mid_return,90,-0.002322336615046777,0.013724484647692908,8,8102
lmf-moving,acf,mid_return,91,0.0033306974849564245,0.011147049464715876,8,8101
lmf-moving,acf,mid_return,92,0.0032323362589857904,0.007189056433016707,8,8100
lmf-moving,acf,mid_return,93,-0.0007787062262788752,0.011679818467791144,8,8099
lmf-moving,acf,mid_return,94,-0.00179427635415638,0.007828070128051173,8,8098
lmf-moving,acf,mid_return,95,-0.008652421329495154,0.006034704032128381,8,8097
lmf-moving,acf,mid_return,96,-0.0064770374452129435,0.010649432242628066,8,8096
lmf-moving,acf,mid_return,97,0.002971312910465992,0.008708807002415152,8,8095
lmf-moving,acf,mid_return,98,0.009158731387966815,0.010324012245411645,8,8094
lmf-moving,acf,mid_return,99,0.01120453612696137,0.003806255041116074,8,8093
lmf-moving,acf,mid_return,100,0.006054305827371272,0.004619275992918536,8,8092
lmf-moving,acf,mid_return,101,0.0038921347085184264,0.006848733818120695,8,8091
lmf-moving,acf,mid_return,102,0.007940690941896427,0.010352623155101603,8,8090
lmf-moving,acf,mid_return,103,0.0022344261389518347,0.01117921125810135,8,8089
lmf-moving,acf,mid_return,104,-0.003138039759396789,0.012332969089939404,8,8088
lmf-moving,acf,mid_return,105,-0.00861231842513779,0.0075019557868598085,8,8087
lmf-moving,acf,mid_return,106,-0.006720546306973491,0.011352941259234367,8,8086
lmf-moving,acf,mid_return,107,0.0029297744804896567,0.009399903280989597,8,8085
lmf-moving,acf,mid_return,108,-0.002548362151447452,0.0070210802000758256,8,8084
lmf-moving,acf,mid_return,109,-0.0021764339497828697,0.011017761025909872,8,8083
lmf-moving,acf,mid_return,110,-0.0048545198614162646,0.007834807355242465,8,8082
lmf-moving,acf,mid_return,111,-0.004459646155109281,0.00732093045355413,8,8081
lmf-moving,acf,mid_return,112,0.0021468682795318904,0.0115410767986613,8,8080
lmf-moving,acf,mid_return,113,-0.002488528687673581,0.014497388637296372,8,8079
lmf-moving,acf,mid_return,114,-0.004669379103837304,0.007532940391262861,8,8078
lmf-moving,acf,mid_return,115,-0.008091699751267898,0.0037062716669229857,8,8077
lmf-moving,acf,mid_return,116,-0.008648623340652244,0.004504461276013856,8,8076
lmf-moving,acf,mid_return,117,-0.0017447596692487187,0.007307566226804862,8,8075
lmf-moving,acf,mid_return,118,0.00021186410097640416,0.008095574645864866,8,8074
lmf-moving,acf,mid_return,119,0.002329157313993516,0.013310613325567808,8,8073
lmf-moving,acf,mid_return,120,0.005990900498653018,0.010177496989348736,8,8072
lmf-moving,acf,mid_return,121,0.0017001571092591949,0.010162034085386532,8,8071
lmf-moving,acf,mid_return,122,-0.0008792432753221137,0.011046782786422276,8,8070
lmf-moving,acf,mid_return,123,0.000567016538044792,0.007824691728969272,8,8069
lmf-moving,acf,mid_return,124,-0.0025647072583441315,0.006422429387426993,8,8068
lmf-moving,acf,mid_return,125,-0.005729742265682936,0.009503093058645724,8,8067
lmf-moving,acf,mid_return,126,-0.0015656430720333342,0.006106200936898768,8,8066
lmf-moving,acf,mid_return,127,-0.00591774606601318,0.010882700214389033,8,8065
lmf-moving,acf,mid_return,128,0.0004325446396525644,0.008042401520049518,8,8064
lmf-moving,acf,trade_return,0,1.0,0.0,8,8192
lmf-moving,acf,trade_return,1,0.0017064467407455527,8.94215842842745e-05,8,8191
lmf-moving,acf,trade_return,2,-0.22444985075651455,0.01067351941509241,8,8190
lmf-moving,acf,trade_return,3,-0.09591316413768665,0.006950936123740567,8,8189
lmf-moving,acf,trade_return,4,-0.050303800275929206,0.010289112907475119,8,8188
lmf-moving,acf,trade_return,5,-0.02591069512720988,0.005325252697514714,8,8187
lmf-moving,acf,trade_return,6,-0.02263468605735115,0.01355332029043461,8,8186
lmf-moving,acf,trade_return,7,-0.02043035278433922,0.004724735265470399,8,8185
lmf-moving,acf,trade_return,8,-0.01644006594692584,0.013817936877920212,8,8184
lmf-moving,acf,trade_return,9,-0.0031977613205543477,0.009749857609040216,8,8183
lmf-moving,acf,trade_return,10,-0.003744680463870139,0.008131058300104183,8,8182
lmf-moving,acf,trade_return,11,-0.012466889428341272,0.006654671150630335,8,8181
lmf-moving,acf,trade_return,12,-0.0022181995739000175,0.010786982146764247,8,8180
lmf-moving,acf,trade_return,13,0.004728678137175166,0.008543454139914388,8,8179
lmf-moving,acf,trade_return,14,-0.002541655474029895,0.0034797377976357336,8,8178
lmf-moving,acf,trade_return,15,0.0018558449426341397,0.005539077782263124,8,8177
lmf-moving,acf,trade_return,16,-0.013148594622267869,0.004751702565945649,8,8176
lmf-moving,acf,trade_return,17,-0.010404288387885091,0.006935995153238595,8,8175
lmf-moving,acf,trade_return,18,0.010164794978197124,0.00748636158848533,8,8174
lmf-moving,acf,trade_return,19,0.0018360411269177554,0.004363888517311966,8,8173
lmf-moving,acf,trade_return,20,-0.00120850847025598,0.007363293753070041,8,8172
lmf-moving,acf,trade_return,21,-0.001759075762377191,0.009954144543176429,8,8171
lmf-moving,acf,trade_return,22,0.0021576364591642827,0.010548579407504389,8,8170
lmf-moving,acf,trade_return,23,0.0006570984764517336,0.01079649530826473,8,8169
lmf-moving,acf,trade_return,24,0.005419638882510268,0.006327289669781131,8,8168
lmf-moving,acf,trade_return,25,-0.005226671574354325,0.008250706560415514,8,8167
lmf-moving,acf,trade_return,26,-0.004435293450270893,0.009838916573697069,8,8166
lmf-moving,acf,trade_return,27,0.005474530871518107,0.009394489115751335,8,8165
lmf-moving,acf,trade_return,28,-0.003989471532993293,0.007874296563223606,8,8164
lmf-moving,acf,trade_return,29,-0.00848489493098076,0.007108107388818075,8,8163
lmf-moving,acf,trade_return,30,-0.0005566175606268173,0.012403235657749798,8,8162
lmf-moving,acf,trade_return,31,-0.0019453332980508499,0.004929530102219782,8,8161
lmf-moving,acf,trade_return,32,0.004226571307610335,0.00949501024430499,8,8160
lmf-moving,acf,trade_return,33,0.0013438663067733324,0.005996732170996074,8,8159
lmf-moving,acf,trade_return,34,0.0039701822385601404,0.010459093621450729,8,8158
lmf-moving,acf,trade_return,35,-0.005008201292216111,0.00672198835847492,8,8157
lmf-moving,acf,trade_return,36,-0.010212661736264231,0.007933074299131232,8,8156
lmf-moving,acf,trade_return,37,0.0066576261430738755,0.005613709318775789,8,8155
lmf-moving,acf,trade_return,38,0.0036188093715646035,0.010720745553502706,8,8154
lmf-moving,acf,trade_return,39,0.0027966892610185403,0.01172385480235015,8,8153
lmf-moving,acf,trade_return,40,-0.0006507220768110053,0.008688126388973184,8,8152
lmf-moving,acf,trade_return,41,-0.006685856894963198,0.009071956464875403,8,8151
lmf-moving,acf,trade_return,42,-0.0021309173580945184,0.013031190875907627,8,8150
lmf-moving,acf,trade_return,43,-0.005139557896164588,0.010639586956846499,8,8149
lmf-moving,acf,trade_return,44,-0.0013920935405888663,0.009714027677818643,8,8148
lmf-moving,acf,trade_return,45,0.003208013823112673,0.007798907181660179,8,8147
lmf-moving,acf,trade_return,46,0.005030589977802318,0.00589927043466604,8,8146
lmf-moving,acf,trade_return,47,0.0051138630014228486,0.00792736962868487,8,8145
lmf-moving,acf,trade_return,48,-0.0050773912201458925,0.006221205049042797,8,8144
lmf-moving,acf,trade_return,49,-0.005108056076079229,0.00874598308151431,8,8143
lmf-moving,acf,trade_return,50,0.00459979015057214,0.006262037367480969,8,8142
lmf-moving,acf,trade_return,51,0.006242487450418418,0.008162055604319419,8,8141
lmf-moving,acf,trade_return,52,0.0021581333067793498,0.007922524794672387,8,8140
lmf-moving,acf,trade_return,53,-0.004266215044660881,0.006974999060349098,8,8139
lmf-moving,acf,trade_return,54,0.0014705418608730522,0.007846841524953577,8,8138
lmf-moving,acf,trade_return,55,0.0035157953025142996,0.004989114772340611,8,8137
lmf-moving,acf,trade_return,56,-0.0024986795448767654,0.007241550852306556,8,8136
lmf-moving,acf,trade_return,57,-0.0016523863529298171,0.009351338242041976,8,8135
lmf-moving,acf,trade_return,58,-0.0029964025791052104,0.011895952819643911,8,8134
lmf-moving,acf,trade_return,59,-0.0028973389112370083,0.003539436850096679,8,8133
lmf-moving,acf,trade_return,60,0.0030094968169930366,0.008618732743026717,8,8132
lmf-moving,acf,trade_return,61,0.0032903541548039332,0.010120880490129444,8,8131
lmf-moving,acf,trade_return,62,-0.0027291925434111044,0.0074573925145728906,8,8130
lmf-moving,acf,trade_return,63,-0.003751150481984635,0.010340877537084433,8,8129
lmf-moving,acf,trade_return,64,0.003495426195502759,0.007444726881113389,8,8128
lmf-moving,acf,trade_return,65,0.005720159341232014,0.011843687166898641,8,8127
lmf-moving,acf,trade_return,66,-0.009532165028080967,0.008732633757830413,8,8126
lmf-moving,acf,trade_return,67,-0.00617309357048946,0.012292788451706163,8,8125
lmf-moving,acf,trade_return,68,0.0029683436131381674,0.006672183629569027,8,8124
lmf-moving,acf,trade_return,69,0.0100659547124827,0.009485490303022356,8,8123
lmf-moving,acf,trade_return,70,0.00464508362526146,0.01049855471480947,8,8122
lmf-moving,acf,trade_return,71,-0.0034012420655892524,0.010032314481166042,8,8121
lmf-moving,acf,trade_return,72,-0.008098156139481236,0.009427773353695148,8,8120
lmf-moving,acf,trade_return,73,-0.00431030540350088,0.010721027529433942,8,8119
lmf-moving,acf,trade_return,74,0.0027972108965936163,0.009422444057477471,8,8118
lmf-moving,acf,trade_return,75,0.002598332177199828,0.007640489856062845,8,8117
lmf-moving,acf,trade_return,76,0.004801932587349497,0.009294032670999335,8,8116
lmf-moving,acf,trade_return,77,-0.0073200013013460545,0.012281872439353934,8,8115
lmf-moving,acf,trade_return,78,-0.0047158038196598,0.008089323204287452,8,8114
lmf-moving,acf,trade_return,79,0.004648310157930423,0.010427786354887362,8,8113
lmf-moving,acf,trade_return,80,0.0013131051960754798,0.01640534203059082,8,8112
lmf-moving,acf,trade_return,81,-0.0044904511249542305,0.010492607755981261,8,8111
lmf-moving,acf,trade_return,82,0.0013183014667820642,0.014576210002266814,8,8110
lmf-moving,acf,trade_return,83,0.0025888932506129315,0.009410224626301887,8,8109
lmf-moving,acf,trade_return,84,0.0015006400797442886,0.010736434128556285,8,8108
lmf-moving,acf,trade_return,85,-0.003662572570835976,0.008409631025759963,8,8107
lmf-moving,acf,trade_return,86,0.0012619699621604459,0.007785287263658656,8,8106
lmf-moving,acf,trade_return,87,0.007666129918048764,0.008552457948943763,8,8105
lmf-moving,acf,trade_return,88,0.002415081971012737,0.010459490601778334,8,8104
lmf-moving,acf,trade_return,89,-0.005115546990240895,0.010961770862069817,8,8103
lmf-moving,acf,trade_return,90,-0.0041975155474038486,0.01398657107340645,8,8102
lmf-moving,acf,trade_return,91,0.0039790660094932255,0.011190344838836604,8,8101
lmf-moving,acf,trade_return,92,0.005180405148425715,0.00882212337046879,8,8100
lmf-moving,acf,trade_return,93,-0.002908845344192246,0.009036025219612753,8,8099
lmf-moving,acf,trade_return,94,0.0011825993298627171,0.01019058925986204,8,8098
lmf-moving,acf,trade_return,95,-0.00818671367157214,0.009154596627859508,8,8097
lmf-moving,acf,trade_return,96,-0.007518768473045183,0.010935022483307294,8,8096
lmf-moving,acf,trade_return,97,0.0015035912042910186,0.007839505974990347,8,8095
lmf-moving,acf,trade_return,98,0.007470185765162061,0.00898545599086057,8,8094
lmf-moving,acf,trade_return,99,0.006081568437436336,0.005829231249053334,8,8093
lmf-moving,acf,trade_return,100,-0.0023538508057408553,0.0071615429258492114,8,8092
lmf-moving,acf,trade_return,101,0.0029542664561546432,0.006416773880750474,8,8091
lmf-moving,acf,trade_return,102,0.005830316989573834,0.007560998920523581,8,8090
lmf-moving,acf,trade_return,103,-0.0007635193817538517,0.00907706001491335,8,8089
lmf-moving,acf,trade_return,104,-0.0006867063219302893,0.012560677725937728,8,8088
lmf-moving,acf,trade_return,105,-0.006946423782045556,0.004381497677549724,8,8087
lmf-moving,acf,trade_return,106,-0.005663355603283491,0.009866967936143913,8,8086
lmf-moving,acf,trade_return,107,0.006886155112318231,0.008115399480842243,8,8085
lmf-moving,acf,trade_return,108,0.0012183735094348494,0.006120994673318241,8,8084
lmf-moving,acf,trade_return,109,-0.0008281165656105305,0.009593520157438255,8,8083
lmf-moving,acf,trade_return,110,-0.006006475961199499,0.00824397383804035,8,8082
lmf-moving,acf,trade_return,111,0.0017714448841857746,0.0077474116788983595,8,8081
lmf-moving,acf,trade_return,112,0.0028248643387772405,0.008002699437485215,8,8080
lmf-moving,acf,trade_return,113,-0.0003183445054867808,0.01048397430152786,8,8079
lmf-moving,acf,trade_return,114,0.0023993357436039404,0.006331858593402404,8,8078
lmf-moving,acf,trade_return,115,-0.005586613163109313,0.007295008733516789,8,8077
lmf-moving,acf,trade_return,116,-0.005738541218878224,0.005915341781375315,8,8076
lmf-moving,acf,trade_return,117,0.00015971066181993498,0.011536350457886339,8,8075
lmf-moving,acf,trade_return,118,0.0007127094024360094,0.0051451928859701885,8,8074
lmf-moving,acf,trade_return,119,-0.000329319833953451,0.014405546362178423,8,8073
lmf-moving,acf,trade_return,120,0.008106493268082939,0.009956156578383878,8,8072
lmf-moving,acf,trade_return,121,0.0020791315831136204,0.009416363886331222,8,8071
lmf-moving,acf,trade_return,122,-0.003903003580102627,0.01097578097919778,8,8070
lmf-moving,acf,trade_return,123,0.003468655442649309,0.0059968907178855925,8,8069
lmf-moving,acf,trade_return,124,-0.0008118655388747604,0.005263120684487477,8,8068
lmf-moving,acf,trade_return,125,-0.003985804917902785,0.008298391679994813,8,8067
lmf-moving,acf,trade_return,126,0.001569563793644744,0.0043998629686344565,8,8066
lmf-moving,acf,trade_return,127,-0.006043010429894034,0.01018065515117628,8,8065
lmf-moving,acf,trade_return,128,-0.0014944164986331692,0.005992357080665761,8,8064
lmf-moving,acf,abs_mid_return,0,1.0,0.0,8,8192
lmf-moving,acf,abs_mid_return,1,0.36248129610409896,0.026158340946715958,8,8191
lmf-moving,acf,abs_mid_return,2,0.29028849301750576,0.024842959786808342,8,8190
lmf-moving,acf,abs_mid_return,3,0.20885955863272138,0.026172513928171253,8,8189
lmf-moving,acf,abs_mid_return,4,0.19034259169768827,0.03170537828023677,8,8188
lmf-moving,acf,abs_mid_return,5,0.17386815430852293,0.03206045330667302,8,8187
lmf-moving,acf,abs_mid_return,6,0.16422712344241613,0.026669496839690908,8,8186
lmf-moving,acf,abs_mid_return,7,0.1449758207024701,0.025829905282676018,8,8185
lmf-moving,acf,abs_mid_return,8,0.1441688068389558,0.03091352503641925,8,8184
lmf-moving,acf,abs_mid_return,9,0.13318977918952243,0.026783725999831264,8,8183
lmf-moving,acf,abs_mid_return,10,0.1326256975838741,0.029880619522987335,8,8182
lmf-moving,acf,abs_mid_return,11,0.12290331327553737,0.03334339824628465,8,8181
lmf-moving,acf,abs_mid_return,12,0.1151516357058022,0.027837232196890237,8,8180
lmf-moving,acf,abs_mid_return,13,0.11003780366540553,0.028506363394392716,8,8179
lmf-moving,acf,abs_mid_return,14,0.11106134720161537,0.027779782813808343,8,8178
lmf-moving,acf,abs_mid_return,15,0.11023281896086753,0.027378201077742883,8,8177
lmf-moving,acf,abs_mid_return,16,0.09809324741189845,0.02753577627828599,8,8176
lmf-moving,acf,abs_mid_return,17,0.10425561380572922,0.024274745453438336,8,8175
lmf-moving,acf,abs_mid_return,18,0.09800991733782209,0.02529809308217552,8,8174
lmf-moving,acf,abs_mid_return,19,0.09565408620921181,0.025875918049604915,8,8173
lmf-moving,acf,abs_mid_return,20,0.09293789358596084,0.03168529964534961,8,8172
lmf-moving,acf,abs_mid_return,21,0.08396884719777731,0.02866068833600586,8,8171
lmf-moving,acf,abs_mid_return,22,0.08018063349035978,0.030409943398248228,8,8170
lmf-moving,acf,abs_mid_return,23,0.08153117648335949,0.025965010167030737,8,8169
lmf-moving,acf,abs_mid_return,24,0.07980625574194927,0.027409308778825445,8,8168
lmf-moving,acf,abs_mid_return,25,0.08394645147762206,0.02972413501883422,8,8167
lmf-moving,acf,abs_mid_return,26,0.08249394706984414,0.030014097671367118,8,8166
lmf-moving,acf,abs_mid_return,27,0.0733326860672738,0.02702426742456309,8,8165
lmf-moving,acf,abs_mid_return,28,0.07952773300071633,0.027925189414911154,8,8164
lmf-moving,acf,abs_mid_return,29,0.07339442012730604,0.023191864468260246,8,8163
lmf-moving,acf,abs_mid_return,30,0.07140953679044536,0.0277910204905276,8,8162
lmf-moving,acf,abs_mid_return,31,0.07401334099082352,0.022538096640543286,8,8161
lmf-moving,acf,abs_mid_return,32,0.0683175999299826,0.0263245267323975,8,8160
lmf-moving,acf,abs_mid_return,33,0.0740638497750494,0.027223245868481013,8,8159
lmf-moving,acf,abs_mid_return,34,0.06703584303326109,0.02622845918480466,8,8158
lmf-moving,acf,abs_mid_return,35,0.06559735339759773,0.02840988693692959,8,8157
lmf-moving,acf,abs_mid_return,36,0.06727498998985826,0.024726446697642616,8,8156
lmf-moving,acf,abs_mid_return,37,0.06143886664285326,0.02426665009046921,8,8155
lmf-moving,acf,abs_mid_return,38,0.06582470679978279,0.026435402305729844,8,8154
lmf-moving,acf,abs_mid_return,39,0.06209722809047504,0.0266043953095901,8,8153
lmf-moving,acf,abs_mid_return,40,0.06356322662502482,0.027391796499145693,8,8152
lmf-moving,acf,abs_mid_return,41,0.0657102980334796,0.03001850169542728,8,8151
lmf-moving,acf,abs_mid_return,42,0.06704380547875388,0.02627693490887472,8,8150
lmf-moving,acf,abs_mid_return,43,0.06642181593687946,0.030153343979763252,8,8149
lmf-moving,acf,abs_mid_return,44,0.06330029310302095,0.026307016206408518,8,8148
lmf-moving,acf,abs_mid_return,45,0.06573181981944849,0.025346067851103334,8,8147
lmf-moving,acf,abs_mid_return,46,0.058337289126353276,0.027751078025708916,8,8146
lmf-moving,acf,abs_mid_return,47,0.060599347574769924,0.030344791103512195,8,8145
lmf-moving,acf,abs_mid_return,48,0.05850850958102416,0.029088047316752588,8,8144
lmf-moving,acf,abs_mid_return,49,0.05991199322910537,0.032370903468774026,8,8143
lmf-moving,acf,abs_mid_return,50,0.05897410944318365,0.03205975981469983,8,8142
lmf-moving,acf,abs_mid_return,51,0.0570147402967548,0.029136288029423276,8,8141
lmf-moving,acf,abs_mid_return,52,0.06140075803542527,0.02749232009132947,8,8140
lmf-moving,acf,abs_mid_return,53,0.0577528324177867,0.026466434654708253,8,8139
lmf-moving,acf,abs_mid_return,54,0.060887360986443456,0.025910329763513318,8,8138
lmf-moving,acf,abs_mid_return,55,0.05823522658124945,0.03354407840081348,8,8137
lmf-moving,acf,abs_mid_return,56,0.05700974534464326,0.02990624926176155,8,8136
lmf-moving,acf,abs_mid_return,57,0.06066052280144517,0.031211601596046818,8,8135
lmf-moving,acf,abs_mid_return,58,0.060994759562041596,0.027503339136534567,8,8134
lmf-moving,acf,abs_mid_return,59,0.05536071304929331,0.032104588371895476,8,8133
lmf-moving,acf,abs_mid_return,60,0.054433491541125666,0.029943653164253653,8,8132
lmf-moving,acf,abs_mid_return,61,0.05110718808007311,0.03200312442119017,8,8131
lmf-moving,acf,abs_mid_return,62,0.0523560982255668,0.03220863479412574,8,8130
lmf-moving,acf,abs_mid_return,63,0.05461115765190422,0.028935241414626067,8,8129
lmf-moving,acf,abs_mid_return,64,0.06196129355900521,0.02975860943831613,8,8128
lmf-moving,acf,abs_mid_return,65,0.05538631180210879,0.031102036348676303,8,8127
lmf-moving,acf,abs_mid_return,66,0.0638712430382551,0.02462664439301618,8,8126
lmf-moving,acf,abs_mid_return,67,0.05840213417214998,0.030693806322055046,8,8125
lmf-moving,acf,abs_mid_return,68,0.049878880939594125,0.03393227471626799,8,8124
lmf-moving,acf,abs_mid_return,69,0.04849458646496762,0.030359129099701523,8,8123
lmf-moving,acf,abs_mid_return,70,0.05829681021286594,0.027236374794852795,8,8122
lmf-moving,acf,abs_mid_return,71,0.051679431355380424,0.027438045920734323,8,8121
lmf-moving,acf,abs_mid_return,72,0.048321994390053954,0.022606652547261484,8,8120
lmf-moving,acf,abs_mid_return,73,0.04867439750357582,0.020952179435663493,8,8119
lmf-moving,acf,abs_mid_return,74,0.047364542896290426,0.02559701062735061,8,8118
lmf-moving,acf,abs_mid_return,75,0.0487424993720249,0.025613597452624644,8,8117
lmf-moving,acf,abs_mid_return,76,0.04067717284705079,0.026925824310705695,8,8116
lmf-moving,acf,abs_mid_return,77,0.03868862810827198,0.023084248541037772,8,8115
lmf-moving,acf,abs_mid_return,78,0.04348232372634782,0.026060238856851888,8,8114
lmf-moving,acf,abs_mid_return,79,0.04291491606380716,0.02439625228517768,8,8113
lmf-moving,acf,abs_mid_return,80,0.044677584743701315,0.023091672070076445,8,8112
lmf-moving,acf,abs_mid_return,81,0.04354357954716462,0.021730004618714573,8,8111
lmf-moving,acf,abs_mid_return,82,0.037104598707954725,0.02324784317865991,8,8110
lmf-moving,acf,abs_mid_return,83,0.04519000577172592,0.022659406391403975,8,8109
lmf-moving,acf,abs_mid_return,84,0.03839286046242842,0.02244567560525439,8,8108
lmf-moving,acf,abs_mid_return,85,0.04039920701163174,0.020727130366070223,8,8107
lmf-moving,acf,abs_mid_return,86,0.041660084800857866,0.023995615201421745,8,8106
lmf-moving,acf,abs_mid_return,87,0.04028479994246194,0.019038652359237775,8,8105
lmf-moving,acf,abs_mid_return,88,0.03545076608855611,0.02031214432039647,8,8104
lmf-moving,acf,abs_mid_return,89,0.049259271834169574,0.022951826345181565,8,8103
lmf-moving,acf,abs_mid_return,90,0.041712823567863155,0.01771778147568386,8,8102
lmf-moving,acf,abs_mid_return,91,0.051642194507611164,0.023736132773011752,8,8101
lmf-moving,acf,abs_mid_return,92,0.04684674269734816,0.019583657764321354,8,8100
lmf-moving,acf,abs_mid_return,93,0.05580094259686723,0.023852067206268285,8,8099
lmf-moving,acf,abs_mid_return,94,0.046830137388534025,0.021337200804616166,8,8098
lmf-moving,acf,abs_mid_return,95,0.0492622459471801,0.01915130250247051,8,8097
lmf-moving,acf,abs_mid_return,96,0.04124308721997634,0.02025931493950408,8,8096
lmf-moving,acf,abs_mid_return,97,0.044618308953940235,0.022529014031247838,8,8095
lmf-moving,acf,abs_mid_return,98,0.04199652546485629,0.01928299525546883,8,8094
lmf-moving,acf,abs_mid_return,99,0.04189105716095104,0.01807835690287559,8,8093
lmf-moving,acf,abs_mid_return,100,0.04384276531319396,0.016480789895236377,8,8092
lmf-moving,acf,abs_mid_return,101,0.04469202543970528,0.012978621781293054,8,8091
lmf-moving,acf,abs_mid_return,102,0.040212607865761724,0.01978248543800279,8,8090
lmf-moving,acf,abs_mid_return,103,0.048229619398931986,0.014149702055922777,8,8089
lmf-moving,acf,abs_mid_return,104,0.04374831223252774,0.02075451079934304,8,8088
lmf-moving,acf,abs_mid_return,105,0.04061617728048191,0.0208126513874387,8,8087
lmf-moving,acf,abs_mid_return,106,0.04110188403720813,0.021480941423218894,8,8086
lmf-moving,acf,abs_mid_return,107,0.04265024861147564,0.02016693408956506,8,8085
lmf-moving,acf,abs_mid_return,108,0.0463142702906673,0.019370615610898746,8,8084
lmf-moving,acf,abs_mid_return,109,0.045285749790934846,0.01993446268341818,8,8083
lmf-moving,acf,abs_mid_return,110,0.04171188661085832,0.01970460609241199,8,8082
lmf-moving,acf,abs_mid_return,111,0.04112557796967018,0.019849449604069827,8,8081
lmf-moving,acf,abs_mid_return,112,0.0433618817460563,0.017813377088499498,8,8080
lmf-moving,acf,abs_mid_return,113,0.04223666053649549,0.019166376844044458,8,8079
lmf-moving,acf,abs_mid_return,114,0.04336773326971065,0.017288056227738862,8,8078
lmf-moving,acf,abs_mid_return,115,0.034318456099923296,0.020757025317259956,8,8077
lmf-moving,acf,abs_mid_return,116,0.03734671841246342,0.020696457880306354,8,8076
lmf-moving,acf,abs_mid_return,117,0.04203532325463741,0.023857624114298023,8,8075
lmf-moving,acf,abs_mid_return,118,0.04001463797113274,0.018256348997420662,8,8074
lmf-moving,acf,abs_mid_return,119,0.04030959100776726,0.014204456478358262,8,8073
lmf-moving,acf,abs_mid_return,120,0.038340058070572974,0.017978316726769642,8,8072
lmf-moving,acf,abs_mid_return,121,0.03672041097712914,0.01630388657863029,8,8071
lmf-moving,acf,abs_mid_return,122,0.037841787008532204,0.01894640404399803,8,8070
lmf-moving,acf,abs_mid_return,123,0.03537783919778245,0.01369074545148083,8,8069
lmf-moving,acf,abs_mid_return,124,0.03401941319025281,0.011408476626627327,8,8068
lmf-moving,acf,abs_mid_return,125,0.03514553088045965,0.017077191749992417,8,8067
lmf-moving,acf,abs_mid_return,126,0.03573367515456301,0.015903925745398832,8,8066
lmf-moving,acf,abs_mid_return,127,0.03458500010332273,0.016442820933555237,8,8065
lmf-moving,acf,abs_mid_return,128,0.036131903125464604,0.016450610228130696,8,8064
lmf-moving,acf,abs_trade_return,0,1.0,0.0,8,8192
lmf-moving,acf,abs_trade_return,1,-0.09771252221654092,0.007282968018324237,8,8191
lmf-moving,acf,abs_trade_return,2,0.148207613099096,0.012360446117765158,8,8190
lmf-moving,acf,abs_trade_return,3,0.005914758375824057,0.007285323658940594,8,8189
lmf-moving,acf,abs_trade_return,4,0.06186352418331776,0.016569710981977976,8,8188
lmf-moving,acf,abs_trade_return,5,0.032512329258879744,0.014418603724781176,8,8187
lmf-moving,acf,abs_trade_return,6,0.043706034837275386,0.008249039999783056,8,8186
lmf-moving,acf,abs_trade_return,7,0.03063511357677064,0.010259840604853444,8,8185
lmf-moving,acf,abs_trade_return,8,0.0398350063068268,0.01249240124151617,8,8184
lmf-moving,acf,abs_trade_return,9,0.022419859974045355,0.008883741108277008,8,8183
lmf-moving,acf,abs_trade_return,10,0.03938151334677262,0.011254263540111489,8,8182
lmf-moving,acf,abs_trade_return,11,0.02513896306221838,0.01525002524972474,8,8181
lmf-moving,acf,abs_trade_return,12,0.02411920051868804,0.011420956591569335,8,8180
lmf-moving,acf,abs_trade_return,13,0.021365558349695616,0.013913346766244498,8,8179
lmf-moving,acf,abs_trade_return,14,0.02682084547247368,0.007318278342891754,8,8178
lmf-moving,acf,abs_trade_return,15,0.023428313503323632,0.00925602123765671,8,8177
lmf-moving,acf,abs_trade_return,16,0.018983405008376166,0.012521699481773332,8,8176
lmf-moving,acf,abs_trade_return,17,0.02764887958869695,0.012237800154023487,8,8175
lmf-moving,acf,abs_trade_return,18,0.01555075058120993,0.007779608994924492,8,8174
lmf-moving,acf,abs_trade_return,19,0.025062297967577942,0.00845967299931333,8,8173
lmf-moving,acf,abs_trade_return,20,0.02302590506391077,0.00863781722576897,8,8172
lmf-moving,acf,abs_trade_return,21,0.015180380621800221,0.007930287822576267,8,8171
lmf-moving,acf,abs_trade_return,22,0.019926680582856026,0.013199842226449179,8,8170
lmf-moving,acf,abs_trade_return,23,0.009397316993483567,0.007773753108968671,8,8169
lmf-moving,acf,abs_trade_return,24,0.014323636097894051,0.00973668740212669,8,8168
lmf-moving,acf,abs_trade_return,25,0.02247618652796865,0.011693918400346148,8,8167
lmf-moving,acf,abs_trade_return,26,0.024664441567772425,0.00979844406012302,8,8166
lmf-moving,acf,abs_trade_return,27,0.015445157200299639,0.008784460033636223,8,8165
lmf-moving,acf,abs_trade_return,28,0.017011070456024662,0.010696619745882867,8,8164
lmf-moving,acf,abs_trade_return,29,0.01533240151564598,0.007594510997211235,8,8163
lmf-moving,acf,abs_trade_return,30,0.012991622730698477,0.011065537606181584,8,8162
lmf-moving,acf,abs_trade_return,31,0.018131284390565036,0.005971422270985444,8,8161
lmf-moving,acf,abs_trade_return,32,0.008133644432261123,0.0083134797843527,8,8160
lmf-moving,acf,abs_trade_return,33,0.022593808183019384,0.008573133011231231,8,8159
lmf-moving,acf,abs_trade_return,34,0.010349925195629418,0.009955186704866299,8,8158
lmf-moving,acf,abs_trade_return,35,0.008914255382018984,0.010585629645152696,8,8157
lmf-moving,acf,abs_trade_return,36,0.0176127473019992,0.009916904721331186,8,8156
lmf-moving,acf,abs_trade_return,37,0.014933004498306817,0.008778531961773132,8,8155
lmf-moving,acf,abs_trade_return,38,0.015833999048440798,0.008018899533132206,8,8154
lmf-moving,acf,abs_trade_return,39,0.0134750270560855,0.009756977892726676,8,8153
lmf-moving,acf,abs_trade_return,40,0.013108248749303704,0.008630820398060684,8,8152
lmf-moving,acf,abs_trade_return,41,0.013487828055814112,0.012493014748904454,8,8151
lmf-moving,acf,abs_trade_return,42,0.017799096936145453,0.009991035904342463,8,8150
lmf-moving,acf,abs_trade_return,43,0.01078202429302103,0.011368764688823606,8,8149
lmf-moving,acf,abs_trade_return,44,0.016760797605456925,0.013388064730874581,8,8148
lmf-moving,acf,abs_trade_return,45,0.0138027564835745,0.014103115845330706,8,8147
lmf-moving,acf,abs_trade_return,46,0.011590439767655461,0.01292838266185755,8,8146
lmf-moving,acf,abs_trade_return,47,0.015451549573897118,0.014373393996527598,8,8145
lmf-moving,acf,abs_trade_return,48,0.01002936498201722,0.00829815725022512,8,8144
lmf-moving,acf,abs_trade_return,49,0.018989806179683016,0.0135442176253489,8,8143
lmf-moving,acf,abs_trade_return,50,0.014194140719782955,0.009570816621466442,8,8142
lmf-moving,acf,abs_trade_return,51,0.011169684980311205,0.008102821011036607,8,8141
lmf-moving,acf,abs_trade_return,52,0.017969326829049278,0.010896996687240921,8,8140
lmf-moving,acf,abs_trade_return,53,0.010377666356642489,0.006677654972955573,8,8139
lmf-moving,acf,abs_trade_return,54,0.01773188707773671,0.014531022706200008,8,8138
lmf-moving,acf,abs_trade_return,55,0.013559945879187695,0.013939007595844367,8,8137
lmf-moving,acf,abs_trade_return,56,0.012887988931561211,0.008076368593483216,8,8136
lmf-moving,acf,abs_trade_return,57,0.015104645509430054,0.012105684387622917,8,8135
lmf-moving,acf,abs_trade_return,58,0.010703213450162521,0.006605659015660924,8,8134
lmf-moving,acf,abs_trade_return,59,0.015407559934562201,0.012394169112864128,8,8133
lmf-moving,acf,abs_trade_return,60,0.010394629172566994,0.01128166240881768,8,8132
lmf-moving,acf,abs_trade_return,61,0.004891880261394184,0.012115013064834696,8,8131
lmf-moving,acf,abs_trade_return,62,0.012421860761829702,0.011968662363905652,8,8130
lmf-moving,acf,abs_trade_return,63,0.010378117440449313,0.011739111785828864,8,8129
lmf-moving,acf,abs_trade_return,64,0.02295196548940536,0.0154418814874745,8,8128
lmf-moving,acf,abs_trade_return,65,0.006765306527318141,0.01465450623501471,8,8127
lmf-moving,acf,abs_trade_return,66,0.015904919660357116,0.005592915676443002,8,8126
lmf-moving,acf,abs_trade_return,67,0.01609606193275992,0.011289988537892655,8,8125
lmf-moving,acf,abs_trade_return,68,0.013220667101301355,0.009149324634237753,8,8124
lmf-moving,acf,abs_trade_return,69,0.007329271063909887,0.011329772257469195,8,8123
lmf-moving,acf,abs_trade_return,70,0.020775082780003826,0.01353781191210607,8,8122
lmf-moving,acf,abs_trade_return,71,0.009716168498244634,0.008913376669508108,8,8121
lmf-moving,acf,abs_trade_return,72,0.011293516243535844,0.0062191542563211424,8,8120
lmf-moving,acf,abs_trade_return,73,0.008065964793517436,0.011340708577603586,8,8119
lmf-moving,acf,abs_trade_return,74,0.01201284754132051,0.009280991405063143,8,8118
lmf-moving,acf,abs_trade_return,75,0.010935315366469,0.006378168403782588,8,8117
lmf-moving,acf,abs_trade_return,76,0.007406712889671651,0.013212778563230696,8,8116
lmf-moving,acf,abs_trade_return,77,0.005254017112154941,0.008497723240694215,8,8115
lmf-moving,acf,abs_trade_return,78,0.01086532808943748,0.01009080984326535,8,8114
lmf-moving,acf,abs_trade_return,79,0.01115859400490197,0.009572598283211343,8,8113
lmf-moving,acf,abs_trade_return,80,0.008803764669456406,0.007370804281008763,8,8112
lmf-moving,acf,abs_trade_return,81,0.009349206707467481,0.004515421499221889,8,8111
lmf-moving,acf,abs_trade_return,82,0.003902952521974982,0.010430346879418044,8,8110
lmf-moving,acf,abs_trade_return,83,0.014870121990793883,0.009414223816498474,8,8109
lmf-moving,acf,abs_trade_return,84,0.006036962097172059,0.010529473452859105,8,8108
lmf-moving,acf,abs_trade_return,85,0.005390505764612644,0.007879177504293153,8,8107
lmf-moving,acf,abs_trade_return,86,0.011529466344195383,0.012313303082072125,8,8106
lmf-moving,acf,abs_trade_return,87,0.007480773089703304,0.01015821903721596,8,8105
lmf-moving,acf,abs_trade_return,88,-0.00025662225442875874,0.010283220891142895,8,8104
lmf-moving,acf,abs_trade_return,89,0.016981018368685395,0.015684170606536763,8,8103
lmf-moving,acf,abs_trade_return,90,0.006289147903679175,0.008734098763219808,8,8102
lmf-moving,acf,abs_trade_return,91,0.014415077486528618,0.014168476172869137,8,8101
lmf-moving,acf,abs_trade_return,92,0.004297423289067376,0.01071557158393123,8,8100
lmf-moving,acf,abs_trade_return,93,0.021880363449632203,0.014599826353665303,8,8099
lmf-moving,acf,abs_trade_return,94,0.003744581656103927,0.01186475107736661,8,8098
lmf-moving,acf,abs_trade_return,95,0.016656168881231826,0.0029978138831841844,8,8097
lmf-moving,acf,abs_trade_return,96,0.001519060037851491,0.00668506610928851,8,8096
lmf-moving,acf,abs_trade_return,97,0.01345234395616541,0.012273525113889787,8,8095
lmf-moving,acf,abs_trade_return,98,0.009350714310871847,0.006319515382079673,8,8094
lmf-moving,acf,abs_trade_return,99,0.008454897410216863,0.0040363526479160645,8,8093
lmf-moving,acf,abs_trade_return,100,0.004919730041355707,0.0077426438970870665,8,8092
lmf-moving,acf,abs_trade_return,101,0.013383859348978412,0.010975261892683188,8,8091
lmf-moving,acf,abs_trade_return,102,0.0065345669425039155,0.01324910609223678,8,8090
lmf-moving,acf,abs_trade_return,103,0.018156281604291315,0.0037800139878948857,8,8089
lmf-moving,acf,abs_trade_return,104,0.010197627468576664,0.01121274277354558,8,8088
lmf-moving,acf,abs_trade_return,105,0.007423160525269483,0.005500575983435475,8,8087
lmf-moving,acf,abs_trade_return,106,0.011277908949588173,0.01018928529869775,8,8086
lmf-moving,acf,abs_trade_return,107,0.007387938412710166,0.013779467847311757,8,8085
lmf-moving,acf,abs_trade_return,108,0.01507814813115875,0.007580044863527395,8,8084
lmf-moving,acf,abs_trade_return,109,0.009146362179434996,0.009653379897912052,8,8083
lmf-moving,acf,abs_trade_return,110,0.010174501889746473,0.009037231548861557,8,8082
lmf-moving,acf,abs_trade_return,111,0.006489343139599931,0.0035765271704901965,8,8081
lmf-moving,acf,abs_trade_return,112,0.008331977006004009,0.007231002270893944,8,8080
lmf-moving,acf,abs_trade_return,113,0.013474497285046452,0.01120190610518434,8,8079
lmf-moving,acf,abs_trade_return,114,0.009799149353217214,0.008363811202151808,8,8078
lmf-moving,acf,abs_trade_return,115,0.005950322414854274,0.010036339794221883,8,8077
lmf-moving,acf,abs_trade_return,116,0.007581386624045382,0.010708661697194716,8,8076
lmf-moving,acf,abs_trade_return,117,0.013465989853892142,0.012544324428032048,8,8075
lmf-moving,acf,abs_trade_return,118,0.010647688253152541,0.011268610700152356,8,8074
lmf-moving,acf,abs_trade_return,119,0.0116262628273949,0.008260009085548886,8,8073
lmf-moving,acf,abs_trade_return,120,0.012317197754847294,0.011619819583746633,8,8072
lmf-moving,acf,abs_trade_return,121,0.0035535472476687594,0.007790772961420072,8,8071
lmf-moving,acf,abs_trade_return,122,0.010519811412518367,0.01067380060211977,8,8070
lmf-moving,acf,abs_trade_return,123,0.00646150383070099,0.006630438034726549,8,8069
lmf-moving,acf,abs_trade_return,124,0.007637280732698844,0.008158483751275357,8,8068
lmf-moving,acf,abs_trade_return,125,0.003379632521943834,0.009243732913573659,8,8067
lmf-moving,acf,abs_trade_return,126,0.00940760818502266,0.0111020472284015,8,8066
lmf-moving,acf,abs_trade_return,127,0.005289998462008233,0.012261793086006762,8,8065
lmf-moving,acf,abs_trade_return,128,0.009505405563211644,0.009087970402588682,8,8064
lmf-moving,acf,spread,0,1.0,0.0,8,8192
lmf-moving,acf,spread,1,0.8115500096967886,0.0638895819753758,8,8191
lmf-moving,acf,spread,2,0.7671722603986222,0.08155931778981208,8,8190
lmf-moving,acf,spread,3,0.749058641868387,0.08662957318565262,8,8189
lmf-moving,acf,spread,4,0.7403397151295303,0.09052764296353313,8,8188
lmf-moving,acf,spread,5,0.7257072559689607,0.09441547804730588,8,8187
lmf-moving,acf,spread,6,0.7193460636276332,0.09497762915583378,8,8186
lmf-moving,acf,spread,7,0.7096264456952966,0.09586365922313748,8,8185
lmf-moving,acf,spread,8,0.7010654871768043,0.09964900315822325,8,8184
lmf-moving,acf,spread,9,0.6891832675818363,0.10243677242605795,8,8183
lmf-moving,acf,spread,10,0.6835428543523624,0.10310295368651849,8,8182
lmf-moving,acf,spread,11,0.6760748240904202,0.10390385101886532,8,8181
lmf-moving,acf,spread,12,0.6673948786711696,0.10627856780474494,8,8180
lmf-moving,acf,spread,13,0.6590558174995818,0.10779951979534413,8,8179
lmf-moving,acf,spread,14,0.6528419093101905,0.10848404337776237,8,8178
lmf-moving,acf,spread,15,0.6456317146384148,0.11234230757918863,8,8177
lmf-moving,acf,spread,16,0.638049194774598,0.11392765005737557,8,8176
lmf-moving,acf,spread,17,0.6328823966075815,0.114464987292833,8,8175
lmf-moving,acf,spread,18,0.6260927356120587,0.11593843101469416,8,8174
lmf-moving,acf,spread,19,0.6206665972650912,0.11785655787547149,8,8173
lmf-moving,acf,spread,20,0.6135420657783235,0.12157618637015387,8,8172
lmf-moving,acf,spread,21,0.607781144721816,0.12216082098818527,8,8171
lmf-moving,acf,spread,22,0.601029833983879,0.12561171654500797,8,8170
lmf-moving,acf,spread,23,0.5956741524476682,0.12734098587382434,8,8169
lmf-moving,acf,spread,24,0.5915760138650157,0.12719423168097552,8,8168
lmf-moving,acf,spread,25,0.5844363650716129,0.12953932424347137,8,8167
lmf-moving,acf,spread,26,0.5799701677328283,0.1300396299785002,8,8166
lmf-moving,acf,spread,27,0.5742541801659319,0.1313847678803373,8,8165
lmf-moving,acf,spread,28,0.5700685162008511,0.13156216741475005,8,8164
lmf-moving,acf,spread,29,0.5652310290431545,0.1303330173731479,8,8163
lmf-moving,acf,spread,30,0.5584626311959587,0.13329521458510715,8,8162
lmf-moving,acf,spread,31,0.5543869083998976,0.13478467048135312,8,8161
lmf-moving,acf,spread,32,0.5476150412271321,0.13767484274941022,8,8160
lmf-moving,acf,spread,33,0.5428822559585467,0.1380040798768737,8,8159
lmf-moving,acf,spread,34,0.5368755608829154,0.13913899300607466,8,8158
lmf-moving,acf,spread,35,0.533518625262766,0.13926876263133828,8,8157
lmf-moving,acf,spread,36,0.5296547292492984,0.1398560433976061,8,8156
lmf-moving,acf,spread,37,0.5240600442624708,0.14020461906533055,8,8155
lmf-moving,acf,spread,38,0.5205119514603674,0.14243524160453983,8,8154
lmf-moving,acf,spread,39,0.5167379670696676,0.14189349256687195,8,8153
lmf-moving,acf,spread,40,0.5121970180490394,0.14474261150808765,8,8152
lmf-moving,acf,spread,41,0.508303580215338,0.14579424139205246,8,8151
lmf-moving,acf,spread,42,0.5028802258454762,0.14716005647761524,8,8150
lmf-moving,acf,spread,43,0.4982245363593907,0.14825423311777655,8,8149
lmf-moving,acf,spread,44,0.49210764106377924,0.1492178883955455,8,8148
lmf-moving,acf,spread,45,0.48704962281205266,0.15188025116263057,8,8147
lmf-moving,acf,spread,46,0.4835129146946502,0.1521919372038465,8,8146
lmf-moving,acf,spread,47,0.47853388081277604,0.1540113157272292,8,8145
lmf-moving,acf,spread,48,0.47695998501377884,0.15291563566599137,8,8144
lmf-moving,acf,spread,49,0.4742734773213783,0.15386216147768358,8,8143
lmf-moving,acf,spread,50,0.4696600405015588,0.15696418200544893,8,8142
lmf-moving,acf,spread,51,0.46816097250471744,0.15629223768173492,8,8141
lmf-moving,acf,spread,52,0.46534750076610404,0.1554280070521604,8,8140
lmf-moving,acf,spread,53,0.4625547943631008,0.15438063928043827,8,8139
lmf-moving,acf,spread,54,0.45987232424096686,0.15443518389451474,8,8138
lmf-moving,acf,spread,55,0.45455025385920883,0.15609199827989537,8,8137
lmf-moving,acf,spread,56,0.4509688862233831,0.15677555672285892,8,8136
lmf-moving,acf,spread,57,0.4474645070041952,0.15761730764325763,8,8135
lmf-moving,acf,spread,58,0.44534263880027125,0.15489702256507173,8,8134
lmf-moving,acf,spread,59,0.44118364266228105,0.15666774208003686,8,8133
lmf-moving,acf,spread,60,0.4396319554802559,0.15484209761545265,8,8132
lmf-moving,acf,spread,61,0.4350984473947649,0.1582059786400514,8,8131
lmf-moving,acf,spread,62,0.4340851927519392,0.15612702752216698,8,8130
lmf-moving,acf,spread,63,0.4294355600792216,0.15655117370270563,8,8129
lmf-moving,acf,spread,64,0.42770987310289027,0.15390328167189857,8,8128
lmf-moving,acf,spread,65,0.42677752366644733,0.1522545140568297,8,8127
lmf-moving,acf,spread,66,0.4256391738532156,0.15082673425165263,8,8126
lmf-moving,acf,spread,67,0.42036691353069316,0.15202857029794922,8,8125
lmf-moving,acf,spread,68,0.41515377570666767,0.15235001250104147,8,8124
lmf-moving,acf,spread,69,0.4140861951525999,0.15020566322642717,8,8123
lmf-moving,acf,spread,70,0.41214848345280464,0.14905321571767458,8,8122
lmf-moving,acf,spread,71,0.40968576199982715,0.14843562252615602,8,8121
lmf-moving,acf,spread,72,0.4062618553354365,0.14873087730059145,8,8120
lmf-moving,acf,spread,73,0.40408658444567147,0.14674360465620448,8,8119
lmf-moving,acf,spread,74,0.39981916545704455,0.14838480534617846,8,8118
lmf-moving,acf,spread,75,0.39820261806270496,0.14841618726293265,8,8117
lmf-moving,acf,spread,76,0.3940883937831573,0.14854108687494225,8,8116
lmf-moving,acf,spread,77,0.39166415403461363,0.14718891323033054,8,8115
lmf-moving,acf,spread,78,0.3897290330585837,0.14528685695700133,8,8114
lmf-moving,acf,spread,79,0.3862918246798864,0.1453168847475884,8,8113
lmf-moving,acf,spread,80,0.3840930481895904,0.1463005351643753,8,8112
lmf-moving,acf,spread,81,0.38227789082480745,0.14497469403876156,8,8111
lmf-moving,acf,spread,82,0.380437013114664,0.1443340553877565,8,8110
lmf-moving,acf,spread,83,0.37981463404690746,0.1434024492417111,8,8109
lmf-moving,acf,spread,84,0.37845751021929813,0.14065891798303767,8,8108
lmf-moving,acf,spread,85,0.37614824207562536,0.14193381290260806,8,8107
lmf-moving,acf,spread,86,0.375680249472753,0.1392643877148014,8,8106
lmf-moving,acf,spread,87,0.3732364150653287,0.13980098073906796,8,8105
lmf-moving,acf,spread,88,0.3716097881983502,0.1396858323650769,8,8104
lmf-moving,acf,spread,89,0.37014866637309685,0.13834625308311574,8,8103
lmf-moving,acf,spread,90,0.3690850041978714,0.13648762220828917,8,8102
lmf-moving,acf,spread,91,0.36909961081769294,0.13526923078558817,8,8101
lmf-moving,acf,spread,92,0.36793214006609154,0.13337371425910977,8,8100
lmf-moving,acf,spread,93,0.36441372202975797,0.1326745448789199,8,8099
lmf-moving,acf,spread,94,0.36197303414153914,0.1309887901783991,8,8098
lmf-moving,acf,spread,95,0.35940159113515346,0.13168835894420486,8,8097
lmf-moving,acf,spread,96,0.35957303412392455,0.13075922478155716,8,8096
lmf-moving,acf,spread,97,0.3566416581459936,0.12960491720028208,8,8095
lmf-moving,acf,spread,98,0.35320080013566285,0.13054130600354252,8,8094
lmf-moving,acf,spread,99,0.3506327178104497,0.12960558337303757,8,8093
lmf-moving,acf,spread,100,0.35162927518980325,0.12674938349423098,8,8092
lmf-moving,acf,spread,101,0.347533398367714,0.12640963788212467,8,8091
lmf-moving,acf,spread,102,0.3449304554487631,0.12810020792975368,8,8090
lmf-moving,acf,spread,103,0.34356462996411435,0.12587534019828894,8,8089
lmf-moving,acf,spread,104,0.3400110497819629,0.12677620696270242,8,8088
lmf-moving,acf,spread,105,0.337710861837437,0.12617824361457183,8,8087
lmf-moving,acf,spread,106,0.33681862693862247,0.12526169115306549,8,8086
lmf-moving,acf,spread,107,0.33574522404993623,0.12360642991211691,8,8085
lmf-moving,acf,spread,108,0.33509719881010347,0.12349703258745248,8,8084
lmf-moving,acf,spread,109,0.33180416786111055,0.1235823539880865,8,8083
lmf-moving,acf,spread,110,0.3298251075237875,0.12305127656410533,8,8082
lmf-moving,acf,spread,111,0.328043549127764,0.12358478694753182,8,8081
lmf-moving,acf,spread,112,0.3261296168146108,0.12225828517008344,8,8080
lmf-moving,acf,spread,113,0.32223901535376315,0.12210101231415872,8,8079
lmf-moving,acf,spread,114,0.3216048701070358,0.12119183255118064,8,8078
lmf-moving,acf,spread,115,0.31886655203139774,0.12142920115572145,8,8077
lmf-moving,acf,spread,116,0.3173524522621868,0.12138587356914997,8,8076
lmf-moving,acf,spread,117,0.31627461820969394,0.11964736774230841,8,8075
lmf-moving,acf,spread,118,0.31594707132515315,0.11723520823661772,8,8074
lmf-moving,acf,spread,119,0.31194593256567316,0.11673052705014944,8,8073
lmf-moving,acf,spread,120,0.3101480205389633,0.11619771799677163,8,8072
lmf-moving,acf,spread,121,0.3073651839351725,0.11455740442858664,8,8071
lmf-moving,acf,spread,122,0.3070816210726459,0.11293508767412744,8,8070
lmf-moving,acf,spread,123,0.3071451160136831,0.11126547132546456,8,8069
lmf-moving,acf,spread,124,0.30365768346435146,0.11146360152763096,8,8068
lmf-moving,acf,spread,125,0.3013221388100625,0.1115828184470351,8,8067
lmf-moving,acf,spread,126,0.30099509703144195,0.10965316175788958,8,8066
lmf-moving,acf,spread,127,0.2996071586812556,0.1082068813425579,8,8065
lmf-moving,acf,spread,128,0.29540423107901026,0.10997560599032113,8,8064
lmf-moving,ccf,sign_mid_return,-128,0.004801903111613434,0.007692079149746986,8,8064
lmf-moving,ccf,sign_mid_return,-127,0.002441969228642567,0.005549681729771066,8,8065
lmf-moving,ccf,sign_mid_return,-126,0.005080711990270027,0.0043240811293896895,8,8066
lmf-moving,ccf,sign_mid_return,-125,0.00502782223220265,0.007949025137756024,8,8067
lmf-moving,ccf,sign_mid_return,-124,0.007088386733413389,0.006050702254491295,8,8068
lmf-moving,ccf,sign_mid_return,-123,0.008864346167150294,0.006963781794236865,8,8069
lmf-moving,ccf,sign_mid_return,-122,0.008232561214148792,0.009354344618608273,8,8070
lmf-moving,ccf,sign_mid_return,-121,0.009512038261829444,0.011191591370896176,8,8071
lmf-moving,ccf,sign_mid_return,-120,0.011304824443974563,0.012223302843776249,8,8072
lmf-moving,ccf,sign_mid_return,-119,0.006972520997837831,0.012304514727835086,8,8073
lmf-moving,ccf,sign_mid_return,-118,0.0050007696732395435,0.007492248000545953,8,8074
lmf-moving,ccf,sign_mid_return,-117,0.0028162855100448128,0.006792825954713544,8,8075
lmf-moving,ccf,sign_mid_return,-116,2.7091603153640018e-05,0.010421080536979831,8,8076
lmf-moving,ccf,sign_mid_return,-115,0.003398760909842949,0.011041040045346602,8,8077
lmf-moving,ccf,sign_mid_return,-114,0.006554038075103041,0.013381985835249903,8,8078
lmf-moving,ccf,sign_mid_return,-113,0.007599447974507338,0.014620521518742595,8,8079
lmf-moving,ccf,sign_mid_return,-112,0.008406679110649481,0.011023602516536977,8,8080
lmf-moving,ccf,sign_mid_return,-111,0.007324223116655202,0.008016937725718655,8,8081
lmf-moving,ccf,sign_mid_return,-110,0.008282531073851337,0.008517358230581888,8,8082
lmf-moving,ccf,sign_mid_return,-109,0.010147523805697362,0.009434164513489553,8,8083
lmf-moving,ccf,sign_mid_return,-108,0.011014410461447433,0.008390587633805633,8,8084
lmf-moving,ccf,sign_mid_return,-107,0.012639858318011161,0.008549766095406247,8,8085
lmf-moving,ccf,sign_mid_return,-106,0.008208144599677319,0.00820945850932079,8,8086
lmf-moving,ccf,sign_mid_return,-105,0.009698737521774931,0.008091624475687838,8,8087
lmf-moving,ccf,sign_mid_return,-104,0.014358065778919573,0.010721097157065287,8,8088
lmf-moving,ccf,sign_mid_return,-103,0.019312111835174506,0.008339348637095246,8,8089
lmf-moving,ccf,sign_mid_return,-102,0.02185208994442397,0.007707092667916579,8,8090
lmf-moving,ccf,sign_mid_return,-101,0.019973299451264293,0.006491285065718555,8,8091
lmf-moving,ccf,sign_mid_return,-100,0.019479748191972596,0.006627095232916595,8,8092
lmf-moving,ccf,sign_mid_return,-99,0.020385929501707558,0.009429812682881032,8,8093
lmf-moving,ccf,sign_mid_return,-98,0.01568178344818162,0.011951085335296145,8,8094
lmf-moving,ccf,sign_mid_return,-97,0.01054895654050939,0.009838852506271721,8,8095
lmf-moving,ccf,sign_mid_return,-96,0.0053705129195189515,0.008002739279023003,8,8096
lmf-moving,ccf,sign_mid_return,-95,0.006770485707637797,0.006632500568223621,8,8097
lmf-moving,ccf,sign_mid_return,-94,0.01208599875234949,0.006123122405775725,8,8098
lmf-moving,ccf,sign_mid_return,-93,0.013431726499725327,0.008378473396538768,8,8099
lmf-moving,ccf,sign_mid_return,-92,0.016040986838334947,0.008238646493117755,8,8100
lmf-moving,ccf,sign_mid_return,-91,0.015372411157905405,0.012344499972273293,8,8101
lmf-moving,ccf,sign_mid_return,-90,0.011834744591939877,0.011537366594475447,8,8102
lmf-moving,ccf,sign_mid_return,-89,0.014015513956744347,0.007315423710525219,8,8103
lmf-moving,ccf,sign_mid_return,-88,0.01773000277965261,0.004740081828103604,8,8104
lmf-moving,ccf,sign_mid_return,-87,0.0179369603951783,0.003955682958556169,8,8105
lmf-moving,ccf,sign_mid_return,-86,0.013749034944666597,0.0076652216359073344,8,8106
lmf-moving,ccf,sign_mid_return,-85,0.012140486376467231,0.008751458497857748,8,8107
lmf-moving,ccf,sign_mid_return,-84,0.012128075386899194,0.008423050372008276,8,8108
lmf-moving,ccf,sign_mid_return,-83,0.01089175907011665,0.005975466452198254,8,8109
lmf-moving,ccf,sign_mid_return,-82,0.008642348741916652,0.009754649960085963,8,8110
lmf-moving,ccf,sign_mid_return,-81,0.006890235706334317,0.010331324702531777,8,8111
lmf-moving,ccf,sign_mid_return,-80,0.008133495134012424,0.011093375833395619,8,8112
lmf-moving,ccf,sign_mid_return,-79,0.006625025601395711,0.01015350313358944,8,8113
lmf-moving,ccf,sign_mid_return,-78,0.0035561363195016384,0.010674663991239898,8,8114
lmf-moving,ccf,sign_mid_return,-77,0.005029672771129412,0.012471377178121587,8,8115
lmf-moving,ccf,sign_mid_return,-76,0.009488402381547344,0.012331049081303988,8,8116
lmf-moving,ccf,sign_mid_return,-75,0.009656101847532272,0.011152794057055826,8,8117
lmf-moving,ccf,sign_mid_return,-74,0.007646710331244605,0.014227090411871571,8,8118
lmf-moving,ccf,sign_mid_return,-73,0.005976048252631638,0.01522450426759288,8,8119
lmf-moving,ccf,sign_mid_return,-72,0.0076889355257643704,0.010233499802449045,8,8120
lmf-moving,ccf,sign_mid_return,-71,0.011615982233453986,0.00714168565906696,8,8121
lmf-moving,ccf,sign_mid_return,-70,0.017015360144198813,0.007862802627581473,8,8122
lmf-moving,ccf,sign_mid_return,-69,0.015661264191515256,0.008377114433797546,8,8123
lmf-moving,ccf,sign_mid_return,-68,0.010747271026881245,0.008275851876674935,8,8124
lmf-moving,ccf,sign_mid_return,-67,0.007826080146401451,0.010508587568594845,8,8125
lmf-moving,ccf,sign_mid_return,-66,0.008130685161219606,0.011474029198154798,8,8126
lmf-moving,ccf,sign_mid_return,-65,0.014025871127595731,0.01075572130552496,8,8127
lmf-moving,ccf,sign_mid_return,-64,0.013807342149121334,0.011940471715765356,8,8128
lmf-moving,ccf,sign_mid_return,-63,0.01241766191706034,0.011328337378718488,8,8129
lmf-moving,ccf,sign_mid_return,-62,0.01371177667181725,0.009776421774487377,8,8130
lmf-moving,ccf,sign_mid_return,-61,0.01682396321103486,0.00841880307612845,8,8131
lmf-moving,ccf,sign_mid_return,-60,0.0157487058324336,0.01034261294358105,8,8132
lmf-moving,ccf,sign_mid_return,-59,0.012696648520434988,0.011437352019707197,8,8133
lmf-moving,ccf,sign_mid_return,-58,0.01313536446324922,0.011038899198168646,8,8134
lmf-moving,ccf,sign_mid_return,-57,0.01564026982785633,0.009158072569565398,8,8135
lmf-moving,ccf,sign_mid_return,-56,0.019547893789159373,0.0059887297207690746,8,8136
lmf-moving,ccf,sign_mid_return,-55,0.022215684610006513,0.006052110340274562,8,8137
lmf-moving,ccf,sign_mid_return,-54,0.021521377007101113,0.00817267730708869,8,8138
lmf-moving,ccf,sign_mid_return,-53,0.02079733126392425,0.010029565085400842,8,8139
lmf-moving,ccf,sign_mid_return,-52,0.0231111030003847,0.012674324522433502,8,8140
lmf-moving,ccf,sign_mid_return,-51,0.02269712381881784,0.0118624565707895,8,8141
lmf-moving,ccf,sign_mid_return,-50,0.020914852116112256,0.010413265523599132,8,8142
lmf-moving,ccf,sign_mid_return,-49,0.01707086537825419,0.01092088457879955,8,8143
lmf-moving,ccf,sign_mid_return,-48,0.016786724230314437,0.009524545483945539,8,8144
lmf-moving,ccf,sign_mid_return,-47,0.020003289817862493,0.009961308786732175,8,8145
lmf-moving,ccf,sign_mid_return,-46,0.01961293826281545,0.012243325870825491,8,8146
lmf-moving,ccf,sign_mid_return,-45,0.015602384330173266,0.011506566206397239,8,8147
lmf-moving,ccf,sign_mid_return,-44,0.010737651718544391,0.01123670057832995,8,8148
lmf-moving,ccf,sign_mid_return,-43,0.00966875800002449,0.01044122451675301,8,8149
lmf-moving,ccf,sign_mid_return,-42,0.010216404002485968,0.009201099727613326,8,8150
lmf-moving,ccf,sign_mid_return,-41,0.011918587705938713,0.007103292102415007,8,8151
lmf-moving,ccf,sign_mid_return,-40,0.017048744750323905,0.008416632128175484,8,8152
lmf-moving,ccf,sign_mid_return,-39,0.019610536597283585,0.011059230039357522,8,8153
lmf-moving,ccf,sign_mid_return,-38,0.020227776564205855,0.00942770756419079,8,8154
lmf-moving,ccf,sign_mid_return,-37,0.01955950087495331,0.010695262897742896,8,8155
lmf-moving,ccf,sign_mid_return,-36,0.01540634250412567,0.012344723885251855,8,8156
lmf-moving,ccf,sign_mid_return,-35,0.019318515404891334,0.011859301156815959,8,8157
lmf-moving,ccf,sign_mid_return,-34,0.02224963892272263,0.008134448247522012,8,8158
lmf-moving,ccf,sign_mid_return,-33,0.02428296908455868,0.003618758865824625,8,8159
lmf-moving,ccf,sign_mid_return,-32,0.02302497626747039,0.006544859153448751,8,8160
lmf-moving,ccf,sign_mid_return,-31,0.02222002326087244,0.007621406255267558,8,8161
lmf-moving,ccf,sign_mid_return,-30,0.02145133489898589,0.010203005816955497,8,8162
lmf-moving,ccf,sign_mid_return,-29,0.02054480818320711,0.010620333182094238,8,8163
lmf-moving,ccf,sign_mid_return,-28,0.02588352260946735,0.0112208125507534,8,8164
lmf-moving,ccf,sign_mid_return,-27,0.031228939883489147,0.011819810637182421,8,8165
lmf-moving,ccf,sign_mid_return,-26,0.03219687053418993,0.010603671208954899,8,8166
lmf-moving,ccf,sign_mid_return,-25,0.0337392674404685,0.011869505050631888,8,8167
lmf-moving,ccf,sign_mid_return,-24,0.040026032336037014,0.010489087350979783,8,8168
lmf-moving,ccf,sign_mid_return,-23,0.04183904677071461,0.010730521646458486,8,8169
lmf-moving,ccf,sign_mid_return,-22,0.04183303914309539,0.009880828864272528,8,8170
lmf-moving,ccf,sign_mid_return,-21,0.04180833122705502,0.010292350931771437,8,8171
lmf-moving,ccf,sign_mid_return,-20,0.04289206395834999,0.009022723182119406,8,8172
lmf-moving,ccf,sign_mid_return,-19,0.04614088516225492,0.007275323839756621,8,8173
lmf-moving,ccf,sign_mid_return,-18,0.046767218258440685,0.005512545364706581,8,8174
lmf-moving,ccf,sign_mid_return,-17,0.03990932005553515,0.0036123659839355595,8,8175
lmf-moving,ccf,sign_mid_return,-16,0.043900274198258066,0.005476516422112301,8,8176
lmf-moving,ccf,sign_mid_return,-15,0.052262380995992196,0.004764439506927697,8,8177
lmf-moving,ccf,sign_mid_return,-14,0.055786247225460675,0.006261761669023619,8,8178
lmf-moving,ccf,sign_mid_return,-13,0.0610173872252765,0.008180795710575678,8,8179
lmf-moving,ccf,sign_mid_return,-12,0.06329080000267015,0.007709729554730474,8,8180
lmf-moving,ccf,sign_mid_return,-11,0.06565118936902584,0.006103026078870527,8,8181
lmf-moving,ccf,sign_mid_return,-10,0.07447287878062125,0.007037326943606507,8,8182
lmf-moving,ccf,sign_mid_return,-9,0.08352030529378812,0.008550358151816562,8,8183
lmf-moving,ccf,sign_mid_return,-8,0.09010414547205772,0.008094297325120141,8,8184
lmf-moving,ccf,sign_mid_return,-7,0.1050330383393945,0.0048716135929033925,8,8185
lmf-moving,ccf,sign_mid_return,-6,0.12784215262555548,0.0064155662933527225,8,8186
lmf-moving,ccf,sign_mid_return,-5,0.15346453372511334,0.00914168354586079,8,8187
lmf-moving,ccf,sign_mid_return,-4,0.1868543536564388,0.011485139522751809,8,8188
lmf-moving,ccf,sign_mid_return,-3,0.23730995143040468,0.009980531521881672,8,8189
lmf-moving,ccf,sign_mid_return,-2,0.3245977237764094,0.013072817932540948,8,8190
lmf-moving,ccf,sign_mid_return,-1,0.5064490091377503,0.014866955751859944,8,8191
lmf-moving,ccf,sign_mid_return,0,0.6257950269889888,0.01712486754547093,8,8192
lmf-moving,ccf,sign_mid_return,1,0.17360869910576263,0.005987496911186204,8,8191
lmf-moving,ccf,sign_mid_return,2,-0.07237555078413582,0.008508708331609143,8,8190
lmf-moving,ccf,sign_mid_return,3,-0.11251305791101775,0.006670656525687381,8,8189
lmf-moving,ccf,sign_mid_return,4,-0.11207701896229322,0.005552532466632672,8,8188
lmf-moving,ccf,sign_mid_return,5,-0.1037395113234288,0.007563323700119167,8,8187
lmf-moving,ccf,sign_mid_return,6,-0.10077710396441344,0.011569651186667125,8,8186
lmf-moving,ccf,sign_mid_return,7,-0.09576472688495002,0.011628656774886536,8,8185
lmf-moving,ccf,sign_mid_return,8,-0.0851954427438279,0.011242380417484378,8,8184
lmf-moving,ccf,sign_mid_return,9,-0.07450472683043562,0.007582556244954453,8,8183
lmf-moving,ccf,sign_mid_return,10,-0.07006072623848247,0.007655330263542964,8,8182
lmf-moving,ccf,sign_mid_return,11,-0.06595989926885643,0.008533609980707079,8,8181
lmf-moving,ccf,sign_mid_return,12,-0.05759379551870513,0.007957247472405407,8,8180
lmf-moving,ccf,sign_mid_return,13,-0.05180198389899565,0.004702632921486036,8,8179
lmf-moving,ccf,sign_mid_return,14,-0.053592700432506656,0.006150510378143232,8,8178
lmf-moving,ccf,sign_mid_return,15,-0.05204199735356116,0.008108421381526393,8,8177
lmf-moving,ccf,sign_mid_return,16,-0.05278166717837497,0.008317292153859422,8,8176
lmf-moving,ccf,sign_mid_return,17,-0.04549144734839639,0.010622535668962214,8,8175
lmf-moving,ccf,sign_mid_return,18,-0.037126354624212946,0.011124865352462158,8,8174
lmf-moving,ccf,sign_mid_return,19,-0.03661546605917109,0.010365370961449353,8,8173
lmf-moving,ccf,sign_mid_return,20,-0.03736533329596695,0.00908066564866198,8,8172
lmf-moving,ccf,sign_mid_return,21,-0.03642737313642886,0.008619631317533172,8,8171
lmf-moving,ccf,sign_mid_return,22,-0.03530899568369418,0.007998444553617288,8,8170
lmf-moving,ccf,sign_mid_return,23,-0.03508869258467394,0.009704831683548628,8,8169
lmf-moving,ccf,sign_mid_return,24,-0.035311391469839165,0.00984683696385768,8,8168
lmf-moving,ccf,sign_mid_return,25,-0.03972251985220074,0.010168893421987308,8,8167
lmf-moving,ccf,sign_mid_return,26,-0.03831979633879773,0.010010404328808589,8,8166
lmf-moving,ccf,sign_mid_return,27,-0.036374524263635015,0.009734269989040045,8,8165
lmf-moving,ccf,sign_mid_return,28,-0.037833481066003996,0.007823047810990991,8,8164
lmf-moving,ccf,sign_mid_return,29,-0.03629417558037916,0.009677883668276382,8,8163
lmf-moving,ccf,sign_mid_return,30,-0.03238658256962335,0.010625419132304614,8,8162
lmf-moving,ccf,sign_mid_return,31,-0.02867254952940924,0.009591892665218447,8,8161
lmf-moving,ccf,sign_mid_return,32,-0.024529168396938535,0.010328938146086819,8,8160
lmf-moving,ccf,sign_mid_return,33,-0.025094987909875695,0.010548628151947301,8,8159
lmf-moving,ccf,sign_mid_return,34,-0.02543179648137972,0.012714938619831829,8,8158
lmf-moving,ccf,sign_mid_return,35,-0.02633794481731591,0.01075696252457224,8,8157
lmf-moving,ccf,sign_mid_return,36,-0.025298417722120003,0.008887302755747816,8,8156
lmf-moving,ccf,sign_mid_return,37,-0.020139094643511827,0.009692240134649447,8,8155
lmf-moving,ccf,sign_mid_return,38,-0.020321757554199515,0.010066942997256979,8,8154
lmf-moving,ccf,sign_mid_return,39,-0.021186120035723427,0.008565219020187718,8,8153
lmf-moving,ccf,sign_mid_return,40,-0.023298574436030946,0.008290779966943877,8,8152
lmf-moving,ccf,sign_mid_return,41,-0.023843093571186406,0.009663386904641396,8,8151
lmf-moving,ccf,sign_mid_return,42,-0.020319422148901263,0.010166097411870424,8,8150
lmf-moving,ccf,sign_mid_return,43,-0.017518510628093217,0.008618922213556899,8,8149
lmf-moving,ccf,sign_mid_return,44,-0.012828500500660821,0.009690301566002193,8,8148
lmf-moving,ccf,sign_mid_return,45,-0.008349296990177975,0.008734756183690014,8,8147
lmf-moving,ccf,sign_mid_return,46,-0.00779164735937266,0.007258915907568256,8,8146
lmf-moving,ccf,sign_mid_return,47,-0.009749782838413094,0.008098638932276109,8,8145
lmf-moving,ccf,sign_mid_return,48,-0.01375870570566688,0.009491733240298068,8,8144
lmf-moving,ccf,sign_mid_return,49,-0.011041459591961674,0.009601197379003052,8,8143
lmf-moving,ccf,sign_mid_return,50,-0.0077376216387057195,0.005971202737585353,8,8142
lmf-moving,ccf,sign_mid_return,51,-0.009198560507708738,0.005337548054010808,8,8141
lmf-moving,ccf,sign_mid_return,52,-0.012410597289903173,0.007293260736454749,8,8140
lmf-moving,ccf,sign_mid_return,53,-0.01461904611589367,0.007710390326900005,8,8139
lmf-moving,ccf,sign_mid_return,54,-0.01408848096692896,0.008229164496311355,8,8138
lmf-moving,ccf,sign_mid_return,55,-0.015734378539044545,0.007556211017953435,8,8137
lmf-moving,ccf,sign_mid_return,56,-0.01854370935907158,0.010343438291750343,8,8136
lmf-moving,ccf,sign_mid_return,57,-0.018774713099156952,0.01048405202850693,8,8135
lmf-moving,ccf,sign_mid_return,58,-0.01863105959560347,0.010079788048901585,8,8134
lmf-moving,ccf,sign_mid_return,59,-0.016947415395686775,0.00628782087145572,8,8133
lmf-moving,ccf,sign_mid_return,60,-0.01445365173845243,0.005878630008687218,8,8132
lmf-moving,ccf,sign_mid_return,61,-0.014663794083797674,0.007395709709240577,8,8131
lmf-moving,ccf,sign_mid_return,62,-0.015405170449111235,0.007551672269531917,8,8130
lmf-moving,ccf,sign_mid_return,63,-0.015064431847209677,0.006337114549943152,8,8129
lmf-moving,ccf,sign_mid_return,64,-0.012436341819615638,0.005627061692039884,8,8128
lmf-moving,ccf,sign_mid_return,65,-0.013719540618885657,0.00715238063105781,8,8127
lmf-moving,ccf,sign_mid_return,66,-0.015787556665077602,0.0054784065108373,8,8126
lmf-moving,ccf,sign_mid_return,67,-0.012996678147259202,0.006564091510990897,8,8125
lmf-moving,ccf,sign_mid_return,68,-0.009618978338860393,0.006567873911077705,8,8124
lmf-moving,ccf,sign_mid_return,69,-0.008297055290122044,0.0066717836518781146,8,8123
lmf-moving,ccf,sign_mid_return,70,-0.01200197247651187,0.007431949896898189,8,8122
lmf-moving,ccf,sign_mid_return,71,-0.01784481253107617,0.007649802472512684,8,8121
lmf-moving,ccf,sign_mid_return,72,-0.018125698594774663,0.008163712816945215,8,8120
lmf-moving,ccf,sign_mid_return,73,-0.014680951216640504,0.007206330657259963,8,8119
lmf-moving,ccf,sign_mid_return,74,-0.01036540589872589,0.007914804199926335,8,8118
lmf-moving,ccf,sign_mid_return,75,-0.008398326596659338,0.009185706751680194,8,8117
lmf-moving,ccf,sign_mid_return,76,-0.009762826425400625,0.011098384625214014,8,8116
lmf-moving,ccf,sign_mid_return,77,-0.012624100271268519,0.011201836104629763,8,8115
lmf-moving,ccf,sign_mid_return,78,-0.009278566392866823,0.009875358132996776,8,8114
lmf-moving,ccf,sign_mid_return,79,-0.006404774583121697,0.011036617756784502,8,8113
lmf-moving,ccf,sign_mid_return,80,-0.006145574469105828,0.010808640765397299,8,8112
lmf-moving,ccf,sign_mid_return,81,-0.0066625960681337545,0.011224115989101034,8,8111
lmf-moving,ccf,sign_mid_return,82,-0.0030819856569724384,0.011148636502314124,8,8110
lmf-moving,ccf,sign_mid_return,83,-0.003732134094638705,0.00826724762099715,8,8109
lmf-moving,ccf,sign_mid_return,84,-0.00326770591436803,0.005216529704105805,8,8108
lmf-moving,ccf,sign_mid_return,85,-0.004189012766526073,0.006686045089529594,8,8107
lmf-moving,ccf,sign_mid_return,86,-0.002688340572990736,0.010022324974264035,8,8106
lmf-moving,ccf,sign_mid_return,87,-0.004750862753533876,0.012903062520173848,8,8105
lmf-moving,ccf,sign_mid_return,88,-0.00741494467544427,0.013948490055168444,8,8104
lmf-moving,ccf,sign_mid_return,89,-0.01087662261272698,0.011656380635771445,8,8103
lmf-moving,ccf,sign_mid_return,90,-0.009549289965983601,0.010044442998282516,8,8102
lmf-moving,ccf,sign_mid_return,91,-0.00731955606451194,0.008957891807720478,8,8101
lmf-moving,ccf,sign_mid_return,92,-0.008476216516120915,0.009303696024719517,8,8100
lmf-moving,ccf,sign_mid_return,93,-0.011395422825378684,0.00984965146268558,8,8099
lmf-moving,ccf,sign_mid_return,94,-0.01170724993729677,0.006646685097561219,8,8098
lmf-moving,ccf,sign_mid_return,95,-0.01367276445546059,0.0054330427848330925,8,8097
lmf-moving,ccf,sign_mid_return,96,-0.009113868554372677,0.006978985307195992,8,8096
lmf-moving,ccf,sign_mid_return,97,-0.004027158663387395,0.0060022100447502105,8,8095
lmf-moving,ccf,sign_mid_return,98,-0.0013913554702365918,0.004279064408765998,8,8094
lmf-moving,ccf,sign_mid_return,99,-0.003804125920276959,0.005304787098424301,8,8093
lmf-moving,ccf,sign_mid_return,100,-0.007205142162283938,0.007262721293696329,8,8092
lmf-moving,ccf,sign_mid_return,101,-0.008934434192288425,0.008204724601245364,8,8091
lmf-moving,ccf,sign_mid_return,102,-0.010241849398149337,0.01021017525083824,8,8090
lmf-moving,ccf,sign_mid_return,103,-0.014752510843663948,0.011313756094273437,8,8089
lmf-moving,ccf,sign_mid_return,104,-0.017714203355571872,0.01151366057984968,8,8088
lmf-moving,ccf,sign_mid_return,105,-0.019455468030279213,0.00931602212694516,8,8087
lmf-moving,ccf,sign_mid_return,106,-0.017736461146034936,0.010965498165735053,8,8086
lmf-moving,ccf,sign_mid_return,107,-0.01342383096605205,0.00934752519443964,8,8085
lmf-moving,ccf,sign_mid_return,108,-0.01495242297914312,0.007628534273993262,8,8084
lmf-moving,ccf,sign_mid_return,109,-0.01660283407416609,0.0077912934595321505,8,8083
lmf-moving,ccf,sign_mid_return,110,-0.01617345829575539,0.005621245657193722,8,8082
lmf-moving,ccf,sign_mid_return,111,-0.013275795367377689,0.007347106451405533,8,8081
lmf-moving,ccf,sign_mid_return,112,-0.012013247263976762,0.009913187581260243,8,8080
lmf-moving,ccf,sign_mid_return,113,-0.014576670842290165,0.009039856790227771,8,8079
lmf-moving,ccf,sign_mid_return,114,-0.015337356994642438,0.005446409633711156,8,8078
lmf-moving,ccf,sign_mid_return,115,-0.016860345583847504,0.005806756644163857,8,8077
lmf-moving,ccf,sign_mid_return,116,-0.013267177714089034,0.008213351501619278,8,8076
lmf-moving,ccf,sign_mid_return,117,-0.009421053343132774,0.009000590558970196,8,8075
lmf-moving,ccf,sign_mid_return,118,-0.007959148880910193,0.008519074877322085,8,8074
lmf-moving,ccf,sign_mid_return,119,-0.006699721874641094,0.007913115670964891,8,8073
lmf-moving,ccf,sign_mid_return,120,-0.004841518055379091,0.007813287371829214,8,8072
lmf-moving,ccf,sign_mid_return,121,-0.007573329201213757,0.00898807699208896,8,8071
lmf-moving,ccf,sign_mid_return,122,-0.010307028222201817,0.010030877509060277,8,8070
lmf-moving,ccf,sign_mid_return,123,-0.009976263482165423,0.008092086519428096,8,8069
lmf-moving,ccf,sign_mid_return,124,-0.011968333935772783,0.006754548215149057,8,8068
lmf-moving,ccf,sign_mid_return,125,-0.013252465043157392,0.006863073571898003,8,8067
lmf-moving,ccf,sign_mid_return,126,-0.010406226767206686,0.006488527552722953,8,8066
lmf-moving,ccf,sign_mid_return,127,-0.010789519188322154,0.0054694374441354,8,8065
lmf-moving,ccf,sign_mid_return,128,-0.0075069658756425845,0.0035852085663136235,8,8064
lmf-moving,ccf,sign_spread_change,-128,-0.0011347055192532868,0.003279253399990784,8,8064
lmf-moving,ccf,sign_spread_change,-127,-0.003665513006463915,0.0027588664873791978,8,8065
lmf-moving,ccf,sign_spread_change,-126,-0.0012824929189671215,0.001734119965011449,8,8066
lmf-moving,ccf,sign_spread_change,-125,0.0015712132945211207,0.0036756173518627984,8,8067
lmf-moving,ccf,sign_spread_change,-124,0.00428321370251931,0.004663246795494328,8,8068
lmf-moving,ccf,sign_spread_change,-123,0.0011525601333387029,0.002334488526704787,8,8069
lmf-moving,ccf,sign_spread_change,-122,0.0004345707192539033,0.005579778248505483,8,8070
lmf-moving,ccf,sign_spread_change,-121,-0.0015181016847811985,0.002922423623767456,8,8071
lmf-moving,ccf,sign_spread_change,-120,0.0016404751710683342,0.003594864960972503,8,8072
lmf-moving,ccf,sign_spread_change,-119,0.00017902824606429505,0.004043997431363431,8,8073
lmf-moving,ccf,sign_spread_change,-118,-0.0016377390538526878,0.0030485760104709938,8,8074
lmf-moving,ccf,sign_spread_change,-117,-0.00046409471942468006,0.0029846370407379916,8,8075
lmf-moving,ccf,sign_spread_change,-116,-0.0018771045116160903,0.003084397898167386,8,8076
lmf-moving,ccf,sign_spread_change,-115,0.0005745559427869523,0.004322451806529541,8,8077
lmf-moving,ccf,sign_spread_change,-114,0.0007707901169234664,0.003318443708876471,8,8078
lmf-moving,ccf,sign_spread_change,-113,0.0012432308136726725,0.0035494903454791117,8,8079
lmf-moving,ccf,sign_spread_change,-112,0.0007813338218967737,0.0036508885594145816,8,8080
lmf-moving,ccf,sign_spread_change,-111,-0.002014473515334121,0.003154820152909408,8,8081
lmf-moving,ccf,sign_spread_change,-110,-0.0027653574883052387,0.004022920151491954,8,8082
lmf-moving,ccf,sign_spread_change,-109,-0.003714173723329092,0.0033572385316855513,8,8083
lmf-moving,ccf,sign_spread_change,-108,-0.0006310336416130161,0.003175253711846843,8,8084
lmf-moving,ccf,sign_spread_change,-107,0.0002330430914738387,0.00233083337781254,8,8085
lmf-moving,ccf,sign_spread_change,-106,-0.00047212357829071823,0.004303976801293081,8,8086
lmf-moving,ccf,sign_spread_change,-105,0.004096470626077583,0.004925947717084396,8,8087
lmf-moving,ccf,sign_spread_change,-104,0.004925341711891438,0.004101647414721764,8,8088
lmf-moving,ccf,sign_spread_change,-103,0.0011442170221939245,0.0034541550264485404,8,8089
lmf-moving,ccf,sign_spread_change,-102,-0.0007590210210099879,0.00605572022122665,8,8090
lmf-moving,ccf,sign_spread_change,-101,0.000880787709604057,0.004340968435432023,8,8091
lmf-moving,ccf,sign_spread_change,-100,-0.0007341686602835657,0.005863732310602102,8,8092
lmf-moving,ccf,sign_spread_change,-99,-0.0012961294953754273,0.0035015103020401175,8,8093
lmf-moving,ccf,sign_spread_change,-98,-0.00289749573319086,0.0044416165176976415,8,8094
lmf-moving,ccf,sign_spread_change,-97,-0.001605323718474095,0.004899922253434128,8,8095
lmf-moving,ccf,sign_spread_change,-96,-0.001213976819586992,0.0056998855020004725,8,8096
lmf-moving,ccf,sign_spread_change,-95,-0.0009058118127995326,0.0033035444505281207,8,8097
lmf-moving,ccf,sign_spread_change,-94,-0.0028178335093926974,0.0038304965711890154,8,8098
lmf-moving,ccf,sign_spread_change,-93,0.002983034211364935,0.00389293636753415,8,8099
lmf-moving,ccf,sign_spread_change,-92,0.0038154905393669052,0.0038112780712077107,8,8100
lmf-moving,ccf,sign_spread_change,-91,0.0011099597332515463,0.004016906155057169,8,8101
lmf-moving,ccf,sign_spread_change,-90,-0.0014267477803816412,0.00354459130088699,8,8102
lmf-moving,ccf,sign_spread_change,-89,-0.002073614705177098,0.004091377426829895,8,8103
lmf-moving,ccf,sign_spread_change,-88,-0.0009312831850335357,0.0035826548369775326,8,8104
lmf-moving,ccf,sign_spread_change,-87,-0.002824085421973647,0.003040371329584482,8,8105
lmf-moving,ccf,sign_spread_change,-86,-0.0013158875455814593,0.003752809693182986,8,8106
lmf-moving,ccf,sign_spread_change,-85,0.001976269925215499,0.0048848830721564575,8,8107
lmf-moving,ccf,sign_spread_change,-84,0.0016754916666480203,0.006487752916726755,8,8108
lmf-moving,ccf,sign_spread_change,-83,-0.0030403466878262094,0.004338899951949075,8,8109
lmf-moving,ccf,sign_spread_change,-82,-0.0015425196776947753,0.0037376387506512093,8,8110
lmf-moving,ccf,sign_spread_change,-81,0.0026409873254933255,0.003433984398013379,8,8111
lmf-moving,ccf,sign_spread_change,-80,0.0008318349735422433,0.005379847785316923,8,8112
lmf-moving,ccf,sign_spread_change,-79,-0.0011552431054361067,0.004017484825888689,8,8113
lmf-moving,ccf,sign_spread_change,-78,-0.0010464547239876472,0.006182865271459132,8,8114
lmf-moving,ccf,sign_spread_change,-77,-0.0009037219064119809,0.0036452235946371203,8,8115
lmf-moving,ccf,sign_spread_change,-76,0.0007176331615344102,0.004906155218961274,8,8116
lmf-moving,ccf,sign_spread_change,-75,0.0007782757619688792,0.004425522533633804,8,8117
lmf-moving,ccf,sign_spread_change,-74,-0.003200346529948853,0.0035075348336939915,8,8118
lmf-moving,ccf,sign_spread_change,-73,-0.001562559532172619,0.004884413037400224,8,8119
lmf-moving,ccf,sign_spread_change,-72,-0.0016744638167203103,0.004318911561149342,8,8120
lmf-moving,ccf,sign_spread_change,-71,-0.001695837487003131,0.002534742853324522,8,8121
lmf-moving,ccf,sign_spread_change,-70,-0.0011998759943938908,0.002115515447855353,8,8122
lmf-moving,ccf,sign_spread_change,-69,0.0004975802754489467,0.0031059874531084186,8,8123
lmf-moving,ccf,sign_spread_change,-68,0.0006114595050337359,0.006169652018730713,8,8124
lmf-moving,ccf,sign_spread_change,-67,-6.828827344099392e-05,0.006378178946823697,8,8125
lmf-moving,ccf,sign_spread_change,-66,-0.0007823299087678792,0.003704765331927617,8,8126
lmf-moving,ccf,sign_spread_change,-65,-0.002004159431846975,0.0035256196847319302,8,8127
lmf-moving,ccf,sign_spread_change,-64,-0.0014459212086354815,0.004518011979108679,8,8128
lmf-moving,ccf,sign_spread_change,-63,1.7441086517824573e-05,0.0040073101291821225,8,8129
lmf-moving,ccf,sign_spread_change,-62,-3.8020658177104633e-05,0.003749428881245887,8,8130
lmf-moving,ccf,sign_spread_change,-61,-0.0014340217250937732,0.0026712490942279368,8,8131
lmf-moving,ccf,sign_spread_change,-60,-0.0025142761405510675,0.0038472885239828826,8,8132
lmf-moving,ccf,sign_spread_change,-59,0.00016532296634484255,0.004953322950316924,8,8133
lmf-moving,ccf,sign_spread_change,-58,-0.0008463695748131197,0.005529135769457255,8,8134
lmf-moving,ccf,sign_spread_change,-57,0.0007006339421369252,0.002668982257049255,8,8135
lmf-moving,ccf,sign_spread_change,-56,0.0009643714992923114,0.0031058560272666045,8,8136
lmf-moving,ccf,sign_spread_change,-55,0.0026830979683380054,0.0040823237902156695,8,8137
lmf-moving,ccf,sign_spread_change,-54,-0.0013186028015237255,0.003568545292467996,8,8138
lmf-moving,ccf,sign_spread_change,-53,-0.000565286974997895,0.00341777551629806,8,8139
lmf-moving,ccf,sign_spread_change,-52,0.0018552816500040192,0.003326038949725557,8,8140
lmf-moving,ccf,sign_spread_change,-51,5.710560065793702e-05,0.0029034489061995484,8,8141
lmf-moving,ccf,sign_spread_change,-50,0.0010173924318015717,0.005039492918721993,8,8142
lmf-moving,ccf,sign_spread_change,-49,0.0011052658020046452,0.0029648720804395204,8,8143
lmf-moving,ccf,sign_spread_change,-48,-0.000893525694614479,0.0060232515161009826,8,8144
lmf-moving,ccf,sign_spread_change,-47,0.003119937754838059,0.0040020658841109545,8,8145
lmf-moving,ccf,sign_spread_change,-46,0.0011857081263832536,0.0037774208115144777,8,8146
lmf-moving,ccf,sign_spread_change,-45,-0.001694075631374721,0.00423921086326411,8,8147
lmf-moving,ccf,sign_spread_change,-44,-0.001967063223892657,0.003192307538136103,8,8148
lmf-moving,ccf,sign_spread_change,-43,0.0002339552007573232,0.0045614707862550235,8,8149
lmf-moving,ccf,sign_spread_change,-42,0.0005981805047058151,0.0028787193511434213,8,8150
lmf-moving,ccf,sign_spread_change,-41,0.0010024956808263026,0.005074173442318097,8,8151
lmf-moving,ccf,sign_spread_change,-40,-0.0007001915084204717,0.005479261040497149,8,8152
lmf-moving,ccf,sign_spread_change,-39,-0.0012654756198354539,0.0032833871178365144,8,8153
lmf-moving,ccf,sign_spread_change,-38,0.00022112888192380906,0.00441486422370098,8,8154
lmf-moving,ccf,sign_spread_change,-37,0.00033331014381055143,0.0036916658619651176,8,8155
lmf-moving,ccf,sign_spread_change,-36,0.0016448159852281493,0.003745905116754308,8,8156
lmf-moving,ccf,sign_spread_change,-35,0.0018345650482488886,0.004397284515709641,8,8157
lmf-moving,ccf,sign_spread_change,-34,-0.0001652636799877777,0.003974661383519939,8,8158
lmf-moving,ccf,sign_spread_change,-33,-0.0004037717861569302,0.003723973373678168,8,8159
lmf-moving,ccf,sign_spread_change,-32,0.0018607780560783186,0.004132231656647463,8,8160
lmf-moving,ccf,sign_spread_change,-31,-0.0013788555869695715,0.0038612346619184383,8,8161
lmf-moving,ccf,sign_spread_change,-30,0.00034830574691135506,0.003970539143587131,8,8162
lmf-moving,ccf,sign_spread_change,-29,-0.0005350437735529662,0.004370141581096115,8,8163
lmf-moving,ccf,sign_spread_change,-28,0.0011684525502289956,0.002550667030963662,8,8164
lmf-moving,ccf,sign_spread_change,-27,-0.0017700670083312425,0.003212235441317212,8,8165
lmf-moving,ccf,sign_spread_change,-26,0.003278259190221923,0.0028769765651144724,8,8166
lmf-moving,ccf,sign_spread_change,-25,-0.001303414849489697,0.003511956638476729,8,8167
lmf-moving,ccf,sign_spread_change,-24,-0.0014695256548396974,0.0037889845979868094,8,8168
lmf-moving,ccf,sign_spread_change,-23,-0.0003042002876299043,0.004029801554452687,8,8169
lmf-moving,ccf,sign_spread_change,-22,0.0009906781576603562,0.0043608626107704915,8,8170
lmf-moving,ccf,sign_spread_change,-21,0.0021027801921923526,0.003556392343580471,8,8171
lmf-moving,ccf,sign_spread_change,-20,-0.0005093098469180326,0.002528125446996037,8,8172
lmf-moving,ccf,sign_spread_change,-19,-0.0013925855592799878,0.00357543474795191,8,8173
lmf-moving,ccf,sign_spread_change,-18,0.0026863645809757303,0.002431781506949168,8,8174
lmf-moving,ccf,sign_spread_change,-17,0.00269432985718395,0.0032258485160517134,8,8175
lmf-moving,ccf,sign_spread_change,-16,-0.00021299051130967497,0.0030939962822457852,8,8176
lmf-moving,ccf,sign_spread_change,-15,2.4604816374063088e-06,0.00405995778292924,8,8177
lmf-moving,ccf,sign_spread_change,-14,-0.002478242796502113,0.0031926987778474183,8,8178
lmf-moving,ccf,sign_spread_change,-13,0.0015010872278569034,0.005159917033605977,8,8179
lmf-moving,ccf,sign_spread_change,-12,0.001296128754005665,0.003083640981479849,8,8180
lmf-moving,ccf,sign_spread_change,-11,-0.0012298048725802467,0.005038065048395719,8,8181
lmf-moving,ccf,sign_spread_change,-10,0.0010775683274284638,0.0031479402840178692,8,8182
lmf-moving,ccf,sign_spread_change,-9,-0.0021323202683602703,0.004170098995867248,8,8183
lmf-moving,ccf,sign_spread_change,-8,-0.0008361833803134772,0.004114716152411684,8,8184
lmf-moving,ccf,sign_spread_change,-7,-0.001311690628985316,0.00514848720522466,8,8185
lmf-moving,ccf,sign_spread_change,-6,-0.00022209610403528014,0.005704434755394997,8,8186
lmf-moving,ccf,sign_spread_change,-5,-0.001966831538767937,0.0048539188244412675,8,8187
lmf-moving,ccf,sign_spread_change,-4,-0.0005760665255907617,0.002576930420737384,8,8188
lmf-moving,ccf,sign_spread_change,-3,-0.005236735480113432,0.001696175975454033,8,8189
lmf-moving,ccf,sign_spread_change,-2,-0.005248758678990012,0.005677154466491974,8,8190
lmf-moving,ccf,sign_spread_change,-1,-0.000372011604070385,0.003969246880680429,8,8191
lmf-moving,ccf,sign_spread_change,0,-0.0042776800886085075,0.006192695420600408,8,8192
lmf-moving,ccf,sign_spread_change,1,-0.006311586884856186,0.005658822453522257,8,8191
lmf-moving,ccf,sign_spread_change,2,-0.0019238195303858323,0.003322892927751161,8,8190
lmf-moving,ccf,sign_spread_change,3,-0.00023366627490886672,0.002123501070186684,8,8189
lmf-moving,ccf,sign_spread_change,4,-0.0009517461754686518,0.0046586326862419975,8,8188
lmf-moving,ccf,sign_spread_change,5,8.78198652725893e-05,0.004998694578867874,8,8187
lmf-moving,ccf,sign_spread_change,6,0.0027544245329430505,0.0016624003434508915,8,8186
lmf-moving,ccf,sign_spread_change,7,0.003523900580779266,0.004344972520567761,8,8185
lmf-moving,ccf,sign_spread_change,8,0.0012248357320421978,0.002458533372314422,8,8184
lmf-moving,ccf,sign_spread_change,9,-0.00280179693043067,0.004311489941143184,8,8183
lmf-moving,ccf,sign_spread_change,10,-0.00017619521863156774,0.0021934703676624564,8,8182
lmf-moving,ccf,sign_spread_change,11,0.002277487783160094,0.0035184693976428824,8,8181
lmf-moving,ccf,sign_spread_change,12,0.0009530680752458269,0.003985977292306389,8,8180
lmf-moving,ccf,sign_spread_change,13,0.0013415644061605745,0.0035829162806589572,8,8179
lmf-moving,ccf,sign_spread_change,14,0.0013020469984107138,0.003793777721492176,8,8178
lmf-moving,ccf,sign_spread_change,15,0.00041039242406815915,0.005260664270080352,8,8177
lmf-moving,ccf,sign_spread_change,16,-0.0012131171244557553,0.006652552873799699,8,8176
lmf-moving,ccf,sign_spread_change,17,0.0014187483291259327,0.0035516428701226474,8,8175
lmf-moving,ccf,sign_spread_change,18,0.0034391402368337924,0.005322610972135886,8,8174
lmf-moving,ccf,sign_spread_change,19,-0.001026278006095243,0.003423921383678137,8,8173
lmf-moving,ccf,sign_spread_change,20,-0.003710133881101982,0.005766274964059971,8,8172
lmf-moving,ccf,sign_spread_change,21,0.0020723461985184552,0.0047288306253020105,8,8171
lmf-moving,ccf,sign_spread_change,22,0.0023775878578481523,0.004038448114355169,8,8170
lmf-moving,ccf,sign_spread_change,23,0.00018218887073386604,0.005513290873496998,8,8169
lmf-moving,ccf,sign_spread_change,24,0.0014313903536020106,0.003087314612651442,8,8168
lmf-moving,ccf,sign_spread_change,25,-9.971720184516171e-05,0.0019496234399274924,8,8167
lmf-moving,ccf,sign_spread_change,26,-0.0005153214438691795,0.0030502952790499465,8,8166
lmf-moving,ccf,sign_spread_change,27,-0.002566301165247158,0.005067862926730284,8,8165
lmf-moving,ccf,sign_spread_change,28,0.004210307519054296,0.004621342151953411,8,8164
lmf-moving,ccf,sign_spread_change,29,0.004670085300604964,0.0040453813006450364,8,8163
lmf-moving,ccf,sign_spread_change,30,-0.000968286728000085,0.004712738548869129,8,8162
lmf-moving,ccf,sign_spread_change,31,0.002595252588759169,0.0025380216240198624,8,8161
lmf-moving,ccf,sign_spread_change,32,0.0007927916299590313,0.004806874573692539,8,8160
lmf-moving,ccf,sign_spread_change,33,-0.00023867703372622924,0.006402781272026824,8,8159
lmf-moving,ccf,sign_spread_change,34,0.00021266555418704154,0.003292433234205528,8,8158
lmf-moving,ccf,sign_spread_change,35,0.001070891104142062,0.005564519350065611,8,8157
lmf-moving,ccf,sign_spread_change,36,0.0014514481154622077,0.003968593149720692,8,8156
lmf-moving,ccf,sign_spread_change,37,0.0007614816446605075,0.004343022419597292,8,8155
lmf-moving,ccf,sign_spread_change,38,0.001510883129409032,0.0025412827826134785,8,8154
lmf-moving,ccf,sign_spread_change,39,0.0007432024348227994,0.0035258346203763205,8,8153
lmf-moving,ccf,sign_spread_change,40,0.0003047461488199497,0.004694334287287155,8,8152
lmf-moving,ccf,sign_spread_change,41,-0.0006515967695786998,0.003511108688904998,8,8151
lmf-moving,ccf,sign_spread_change,42,-0.0007669183476651913,0.004276710215895133,8,8150
lmf-moving,ccf,sign_spread_change,43,-0.0019097978126816424,0.004681465389885919,8,8149
lmf-moving,ccf,sign_spread_change,44,-0.0013868197627466112,0.005156957965792808,8,8148
lmf-moving,ccf,sign_spread_change,45,0.0029196517766821527,0.0042611577907658085,8,8147
lmf-moving,ccf,sign_spread_change,46,-0.0010054395679319078,0.0046607648683717655,8,8146
lmf-moving,ccf,sign_spread_change,47,-0.002221090068210179,0.004635064617624088,8,8145
lmf-moving,ccf,sign_spread_change,48,0.00020184970296724636,0.002955772521871413,8,8144
lmf-moving,ccf,sign_spread_change,49,0.00222757756889554,0.003994997149370134,8,8143
lmf-moving,ccf,sign_spread_change,50,0.000465169463235239,0.004491086935005679,8,8142
lmf-moving,ccf,sign_spread_change,51,-0.002494647707088401,0.004122519194821371,8,8141
lmf-moving,ccf,sign_spread_change,52,-0.0005912962179001682,0.003996732970108141,8,8140
lmf-moving,ccf,sign_spread_change,53,-0.0028138864478780227,0.003552013515209026,8,8139
lmf-moving,ccf,sign_spread_change,54,-0.0014873422402239182,0.004666450672608905,8,8138
lmf-moving,ccf,sign_spread_change,55,-0.0025529565808039057,0.0032551773565907896,8,8137
lmf-moving,ccf,sign_spread_change,56,-0.001393554762569869,0.0032131352115974997,8,8136
lmf-moving,ccf,sign_spread_change,57,-0.0010647752466630194,0.0023660670085495377,8,8135
lmf-moving,ccf,sign_spread_change,58,0.0006180187547423393,0.0021901044800992373,8,8134
lmf-moving,ccf,sign_spread_change,59,-0.0011401547257690315,0.0035623953241032446,8,8133
lmf-moving,ccf,sign_spread_change,60,0.0011292626925892802,0.004164942392459313,8,8132
lmf-moving,ccf,sign_spread_change,61,0.005733370456258926,0.0030684843638878433,8,8131
lmf-moving,ccf,sign_spread_change,62,0.0042737848998155165,0.002168338386004137,8,8130
lmf-moving,ccf,sign_spread_change,63,0.005132602761600673,0.0023368327204447395,8,8129
lmf-moving,ccf,sign_spread_change,64,1.3630349472430747e-05,0.0025376995751810144,8,8128
lmf-moving,ccf,sign_spread_change,65,-0.002825864145421503,0.004236262751082075,8,8127
lmf-moving,ccf,sign_spread_change,66,-6.512090402856978e-05,0.003906642269146002,8,8126
lmf-moving,ccf,sign_spread_change,67,-0.003528200062727333,0.004179925807073822,8,8125
lmf-moving,ccf,sign_spread_change,68,0.002343886874110665,0.004937079691558297,8,8124
lmf-moving,ccf,sign_spread_change,69,0.0007570786200374329,0.00260363872333499,8,8123
lmf-moving,ccf,sign_spread_change,70,-0.0009649991816220897,0.0015307671160528747,8,8122
lmf-moving,ccf,sign_spread_change,71,-0.0013793314608599536,0.0037974974354851297,8,8121
lmf-moving,ccf,sign_spread_change,72,-0.002600504584971434,0.0036686970033008312,8,8120
lmf-moving,ccf,sign_spread_change,73,7.824802880672128e-05,0.005810892249692822,8,8119
lmf-moving,ccf,sign_spread_change,74,0.0013758027407172724,0.004663737424134084,8,8118
lmf-moving,ccf,sign_spread_change,75,0.0014881587968412864,0.004408080160017172,8,8117
lmf-moving,ccf,sign_spread_change,76,0.00016070793270778915,0.003594039212629792,8,8116
lmf-moving,ccf,sign_spread_change,77,-0.0006922775489701555,0.0038376041270605666,8,8115
lmf-moving,ccf,sign_spread_change,78,6.562585300610004e-06,0.0022326919336974177,8,8114
lmf-moving,ccf,sign_spread_change,79,0.002966389912040114,0.002683607275797135,8,8113
lmf-moving,ccf,sign_spread_change,80,0.0019250541237192309,0.004361479208665649,8,8112
lmf-moving,ccf,sign_spread_change,81,0.0013983204872354978,0.0013457923581959665,8,8111
lmf-moving,ccf,sign_spread_change,82,0.0029170110354009315,0.0026751528734485176,8,8110
lmf-moving,ccf,sign_spread_change,83,0.0018528419264758117,0.0034244782406704973,8,8109
lmf-moving,ccf,sign_spread_change,84,-0.0014961407436717468,0.003878405322540853,8,8108
lmf-moving,ccf,sign_spread_change,85,-0.003822125133885675,0.003796771345722648,8,8107
lmf-moving,ccf,sign_spread_change,86,-0.0018525433559531072,0.00447624544811984,8,8106
lmf-moving,ccf,sign_spread_change,87,0.002272856501520318,0.004272397590257603,8,8105
lmf-moving,ccf,sign_spread_change,88,0.0024420157948723507,0.004004648518266217,8,8104
lmf-moving,ccf,sign_spread_change,89,0.000819972000386434,0.00340071379900505,8,8103
lmf-moving,ccf,sign_spread_change,90,0.001036494550730644,0.0052975223216058485,8,8102
lmf-moving,ccf,sign_spread_change,91,-0.002122691012371806,0.0034314305993697353,8,8101
lmf-moving,ccf,sign_spread_change,92,-0.0009300060788528187,0.0036918966785394617,8,8100
lmf-moving,ccf,sign_spread_change,93,-0.002427530543978023,0.0046280568840332825,8,8099
lmf-moving,ccf,sign_spread_change,94,0.0005927253014622193,0.0036068660700607214,8,8098
lmf-moving,ccf,sign_spread_change,95,4.711215035209989e-05,0.003730977091169032,8,8097
lmf-moving,ccf,sign_spread_change,96,-0.00021230346123601922,0.0023096775874654222,8,8096
lmf-moving,ccf,sign_spread_change,97,0.0013954562717086322,0.0034611225060628644,8,8095
lmf-moving,ccf,sign_spread_change,98,0.0013995834100719146,0.0036313924077799983,8,8094
lmf-moving,ccf,sign_spread_change,99,-0.0003780576702976438,0.004072445595994831,8,8093
lmf-moving,ccf,sign_spread_change,100,-0.002730763504593218,0.005196214817592228,8,8092
lmf-moving,ccf,sign_spread_change,101,-0.0030909138865457867,0.004195340004896412,8,8091
lmf-moving,ccf,sign_spread_change,102,-0.001081098888504732,0.003689504025989005,8,8090
lmf-moving,ccf,sign_spread_change,103,-0.0035365649033312586,0.005386864573971021,8,8089
lmf-moving,ccf,sign_spread_change,104,-0.0018814913171146628,0.004607093904398651,8,8088
lmf-moving,ccf,sign_spread_change,105,0.0032096076097524774,0.004842548651686597,8,8087
lmf-moving,ccf,sign_spread_change,106,0.0014894321833505745,0.004051626837256701,8,8086
lmf-moving,ccf,sign_spread_change,107,-0.0001492025317805645,0.005871715986170316,8,8085
lmf-moving,ccf,sign_spread_change,108,0.0005478517171831303,0.002366794759711448,8,8084
lmf-moving,ccf,sign_spread_change,109,0.0011652001928303696,0.004777840679763304,8,8083
lmf-moving,ccf,sign_spread_change,110,0.0007775803613467745,0.0032638521638200155,8,8082
lmf-moving,ccf,sign_spread_change,111,0.0024592038624258934,0.005287561234153118,8,8081
lmf-moving,ccf,sign_spread_change,112,-0.0005390342653673844,0.0056160620971929896,8,8080
lmf-moving,ccf,sign_spread_change,113,0.0008668293735739818,0.003947310467948717,8,8079
lmf-moving,ccf,sign_spread_change,114,0.0006336124866387836,0.004722783514833627,8,8078
lmf-moving,ccf,sign_spread_change,115,0.00042327453962466577,0.0030451560662696957,8,8077
lmf-moving,ccf,sign_spread_change,116,0.0009549687474846907,0.0033846397153625843,8,8076
lmf-moving,ccf,sign_spread_change,117,0.00032529096854047314,0.0022149118277091434,8,8075
lmf-moving,ccf,sign_spread_change,118,-0.00018181424083022824,0.003945362836795473,8,8074
lmf-moving,ccf,sign_spread_change,119,0.000416825885423999,0.003651726207891038,8,8073
lmf-moving,ccf,sign_spread_change,120,-0.0012173155981412152,0.0058970100621724125,8,8072
lmf-moving,ccf,sign_spread_change,121,0.0008155455330471243,0.002523394605490639,8,8071
lmf-moving,ccf,sign_spread_change,122,0.0024919609587894876,0.0049099431663522505,8,8070
lmf-moving,ccf,sign_spread_change,123,-0.00114027779162242,0.003454184346846786,8,8069
lmf-moving,ccf,sign_spread_change,124,-0.0009075019047112932,0.004396352698834082,8,8068
lmf-moving,ccf,sign_spread_change,125,0.0020561309101536666,0.0043682661616740535,8,8067
lmf-moving,ccf,sign_spread_change,126,0.0005626911845365617,0.003993379597856891,8,8066
lmf-moving,ccf,sign_spread_change,127,0.0012951048256158511,0.0032661207580142776,8,8065
lmf-moving,ccf,sign_spread_change,128,-0.0005023803537730497,0.00492990356670079,8,8064
lmf-moving,ccf,mid_trade_return,-128,-0.002818626315469718,0.006106495550105869,8,8064
lmf-moving,ccf,mid_trade_return,-127,-0.005767962093019234,0.008231383171968264,8,8065
lmf-moving,ccf,mid_trade_return,-126,0.0006997134890154308,0.007787607090065613,8,8066
lmf-moving,ccf,mid_trade_return,-125,-0.004529954212079563,0.007259163851435093,8,8067
lmf-moving,ccf,mid_trade_return,-124,0.0018384079953368921,0.004258571143322418,8,8068
lmf-moving,ccf,mid_trade_return,-123,0.003067973103346419,0.008634378198686423,8,8069
lmf-moving,ccf,mid_trade_return,-122,-0.0006932109589043061,0.009331693896565681,8,8070
lmf-moving,ccf,mid_trade_return,-121,0.00469512578139226,0.00826643243926611,8,8071
lmf-moving,ccf,mid_trade_return,-120,0.004574414413728231,0.011131745586486039,8,8072
lmf-moving,ccf,mid_trade_return,-119,-0.0025090282835858258,0.010848692761021099,8,8073
lmf-moving,ccf,mid_trade_return,-118,-0.0019510776848027486,0.004621018883934931,8,8074
lmf-moving,ccf,mid_trade_return,-117,-0.0026703703653371477,0.008547983202246272,8,8075
lmf-moving,ccf,mid_trade_return,-116,-0.0063598584605833695,0.0033843676377151386,8,8076
lmf-moving,ccf,mid_trade_return,-115,-0.00586115817276924,0.006393166022309662,8,8077
lmf-moving,ccf,mid_trade_return,-114,0.0024649824250686406,0.00911109785723843,8,8078
lmf-moving,ccf,mid_trade_return,-113,0.0014879717298876413,0.009745148897008884,8,8079
lmf-moving,ccf,mid_trade_return,-112,0.004282513944897585,0.005057943986954745,8,8080
lmf-moving,ccf,mid_trade_return,-111,-0.002373347289645566,0.009056177948901897,8,8081
lmf-moving,ccf,mid_trade_return,-110,-0.004712007708233765,0.007610000883752139,8,8082
lmf-moving,ccf,mid_trade_return,-109,-0.0006207084763945838,0.009966285816215005,8,8083
lmf-moving,ccf,mid_trade_return,-108,0.002684828792044427,0.004696644324302032,8,8084
lmf-moving,ccf,mid_trade_return,-107,0.002920001396415829,0.010460885002390969,8,8085
lmf-moving,ccf,mid_trade_return,-106,-0.006936414960703365,0.006080895530005812,8,8086
lmf-moving,ccf,mid_trade_return,-105,-0.003030888155187477,0.005423121829295908,8,8087
lmf-moving,ccf,mid_trade_return,-104,0.0029714553681947937,0.012516854324360423,8,8088
lmf-moving,ccf,mid_trade_return,-103,0.004993452049954054,0.007397143526228393,8,8089
lmf-moving,ccf,mid_trade_return,-102,0.007286946596949213,0.00814472768979505,8,8090
lmf-moving,ccf,mid_trade_return,-101,0.002055180340257158,0.0073166196607675,8,8091
lmf-moving,ccf,mid_trade_return,-100,0.0028386579811497227,0.005402542585403661,8,8092
lmf-moving,ccf,mid_trade_return,-99,0.00555098069995485,0.0058310962551480685,8,8093
lmf-moving,ccf,mid_trade_return,-98,0.0038545396460478998,0.00897808219229601,8,8094
lmf-moving,ccf,mid_trade_return,-97,-0.004290120884357788,0.004591941414782824,8,8095
lmf-moving,ccf,mid_trade_return,-96,-0.008575968453107886,0.009640735036171032,8,8096
lmf-moving,ccf,mid_trade_return,-95,-0.007452645192344878,0.0051801657572997485,8,8097
lmf-moving,ccf,mid_trade_return,-94,0.0033731703093019217,0.011862560304045965,8,8098
lmf-moving,ccf,mid_trade_return,-93,0.0006333984262201625,0.008050153765074453,8,8099
lmf-moving,ccf,mid_trade_return,-92,0.004845124947200588,0.004506855916888939,8,8100
lmf-moving,ccf,mid_trade_return,-91,0.001685008161235669,0.012156874671711806,8,8101
lmf-moving,ccf,mid_trade_return,-90,-0.0035656349060047446,0.012808775975575568,8,8102
lmf-moving,ccf,mid_trade_return,-89,-0.0022530724920363674,0.006420010623135298,8,8103
lmf-moving,ccf,mid_trade_return,-88,0.0054093737776716505,0.009961939465090665,8,8104
lmf-moving,ccf,mid_trade_return,-87,0.0044764776288083175,0.00457534710258476,8,8105
lmf-moving,ccf,mid_trade_return,-86,0.003765826398305234,0.00902727183124378,8,8106
lmf-moving,ccf,mid_trade_return,-85,-0.001999500680249904,0.00759691609990364,8,8107
lmf-moving,ccf,mid_trade_return,-84,0.0013364102138068246,0.011060682060056962,8,8108
lmf-moving,ccf,mid_trade_return,-83,-0.000999685938391321,0.008220616815202099,8,8109
lmf-moving,ccf,mid_trade_return,-82,0.0011462402427308773,0.009962380771163777,8,8110
lmf-moving,ccf,mid_trade_return,-81,-0.005633427145919374,0.011479864829471966,8,8111
lmf-moving,ccf,mid_trade_return,-80,0.0009508486495010083,0.011783753693311937,8,8112
lmf-moving,ccf,mid_trade_return,-79,-0.00035373745525055754,0.008666135816687284,8,8113
lmf-moving,ccf,mid_trade_return,-78,-0.004771771111457621,0.011921578613087548,8,8114
lmf-moving,ccf,mid_trade_return,-77,-0.005400175853802567,0.010396238759340188,8,8115
lmf-moving,ccf,mid_trade_return,-76,0.00489876683444035,0.009172177194114131,8,8116
lmf-moving,ccf,mid_trade_return,-75,0.002068797011341239,0.006088965880678582,8,8117
lmf-moving,ccf,mid_trade_return,-74,-0.003083143542236752,0.009742995807706956,8,8118
lmf-moving,ccf,mid_trade_return,-73,-0.007221827403795292,0.010632456506416395,8,8119
lmf-moving,ccf,mid_trade_return,-72,-0.005848238576204546,0.006533743345098938,8,8120
lmf-moving,ccf,mid_trade_return,-71,-7.347275185420584e-05,0.010162897387114551,8,8121
lmf-moving,ccf,mid_trade_return,-70,0.00940260249698431,0.007619288031812229,8,8122
lmf-moving,ccf,mid_trade_return,-69,0.006134975032449355,0.008039470615281222,8,8123
lmf-moving,ccf,mid_trade_return,-68,-0.0022365118658471328,0.004963153519654585,8,8124
lmf-moving,ccf,mid_trade_return,-67,-0.005575082824976397,0.008243806055609199,8,8125
lmf-moving,ccf,mid_trade_return,-66,-0.004657554347310269,0.00927873556013271,8,8126
lmf-moving,ccf,mid_trade_return,-65,0.0036080497809561764,0.008345328683203902,8,8127
lmf-moving,ccf,mid_trade_return,-64,0.0022548177831770485,0.009797036186715747,8,8128
lmf-moving,ccf,mid_trade_return,-63,-0.004310004611342145,0.007147798285075241,8,8129
lmf-moving,ccf,mid_trade_return,-62,-0.0009218938060614086,0.0076269543871659,8,8130
lmf-moving,ccf,mid_trade_return,-61,0.001449058554316188,0.006298573847418026,8,8131
lmf-moving,ccf,mid_trade_return,-60,0.0004284199086787596,0.007154934210402672,8,8132
lmf-moving,ccf,mid_trade_return,-59,-0.004151996150283389,0.007086386359541694,8,8133
lmf-moving,ccf,mid_trade_return,-58,-0.003030597954784113,0.01057936813293355,8,8134
lmf-moving,ccf,mid_trade_return,-57,-0.00031142432239620005,0.010499801264887006,8,8135
lmf-moving,ccf,mid_trade_return,-56,0.0003619183615461379,0.004580553487729607,8,8136
lmf-moving,ccf,mid_trade_return,-55,0.004562450962214239,0.006925071363709892,8,8137
lmf-moving,ccf,mid_trade_return,-54,0.002642956853895519,0.0059242885072654915,8,8138
lmf-moving,ccf,mid_trade_return,-53,-0.0006731414061419236,0.006175897110662798,8,8139
lmf-moving,ccf,mid_trade_return,-52,0.003925871964025343,0.005728527096953522,8,8140
lmf-moving,ccf,mid_trade_return,-51,0.005407818771804153,0.007676415493297874,8,8141
lmf-moving,ccf,mid_trade_return,-50,0.0024565754577203593,0.006705147505481371,8,8142
lmf-moving,ccf,mid_trade_return,-49,-0.005349286195449799,0.006879706711841168,8,8143
lmf-moving,ccf,mid_trade_return,-48,-0.00453838313413734,0.0063764130701630325,8,8144
lmf-moving,ccf,mid_trade_return,-47,0.006633101232023078,0.004054252453703107,8,8145
lmf-moving,ccf,mid_trade_return,-46,0.003305321768121044,0.008443100220379942,8,8146
lmf-moving,ccf,mid_trade_return,-45,-0.0009582560007841771,0.006551378401462969,8,8147
lmf-moving,ccf,mid_trade_return,-44,-0.007289511218658987,0.00596263483258612,8,8148
lmf-moving,ccf,mid_trade_return,-43,-0.007727349926341305,0.012140573494894204,8,8149
lmf-moving,ccf,mid_trade_return,-42,-0.004834161838235254,0.011726285852658933,8,8150
lmf-moving,ccf,mid_trade_return,-41,-0.00599400278643717,0.007874892200125416,8,8151
lmf-moving,ccf,mid_trade_return,-40,0.0009827180880929913,0.00973514786934588,8,8152
lmf-moving,ccf,mid_trade_return,-39,0.0032989012057690866,0.012823270546134607,8,8153
lmf-moving,ccf,mid_trade_return,-38,0.0015404404876010421,0.0063640354905281455,8,8154
lmf-moving,ccf,mid_trade_return,-37,0.000280946082370295,0.009603958358077943,8,8155
lmf-moving,ccf,mid_trade_return,-36,-0.00858861552338649,0.009689370494772006,8,8156
lmf-moving,ccf,mid_trade_return,-35,-0.001720745617875797,0.007942549061352853,8,8157
lmf-moving,ccf,mid_trade_return,-34,0.001302056979173368,0.010933817899805506,8,8158
lmf-moving,ccf,mid_trade_return,-33,0.0003669950466341709,0.006129480466031484,8,8159
lmf-moving,ccf,mid_trade_return,-32,0.0006107417290567204,0.007933844654346656,8,8160
lmf-moving,ccf,mid_trade_return,-31,-0.006757216094796754,0.005986969346994234,8,8161
lmf-moving,ccf,mid_trade_return,-30,-0.005912906832916589,0.011810358137339747,8,8162
lmf-moving,ccf,mid_trade_return,-29,-0.006550266509178105,0.008474951997052203,8,8163
lmf-moving,ccf,mid_trade_return,-28,-0.0027677381686162005,0.006306189176698417,8,8164
lmf-moving,ccf,mid_trade_return,-27,0.0028259317610214644,0.009233832012445464,8,8165
lmf-moving,ccf,mid_trade_return,-26,-0.003179671699713291,0.006881779445215605,8,8166
lmf-moving,ccf,mid_trade_return,-25,-0.0022829992556370107,0.009155426647789316,8,8167
lmf-moving,ccf,mid_trade_return,-24,0.007183249112842171,0.00737097647392567,8,8168
lmf-moving,ccf,mid_trade_return,-23,0.00026691416739796944,0.011830828147020895,8,8169
lmf-moving,ccf,mid_trade_return,-22,-0.0004186777848964103,0.007986884553538891,8,8170
lmf-moving,ccf,mid_trade_return,-21,-0.0016093499947818063,0.011731138148670307,8,8171
lmf-moving,ccf,mid_trade_return,-20,-0.0015533086165862788,0.00543397707927771,8,8172
lmf-moving,ccf,mid_trade_return,-19,0.0011016753501878846,0.008550556700211345,8,8173
lmf-moving,ccf,mid_trade_return,-18,-0.0010041136686501546,0.007559014389116922,8,8174
lmf-moving,ccf,mid_trade_return,-17,-0.013975830326036916,0.004531395349729552,8,8175
lmf-moving,ccf,mid_trade_return,-16,-0.012244077646497206,0.006211886912050647,8,8176
lmf-moving,ccf,mid_trade_return,-15,0.0011623837752180184,0.0055926067123638614,8,8177
lmf-moving,ccf,mid_trade_return,-14,-0.0028089818879453157,0.006714618219581675,8,8178
lmf-moving,ccf,mid_trade_return,-13,0.002568311958713833,0.005367212473652782,8,8179
lmf-moving,ccf,mid_trade_return,-12,-0.009226783706736566,0.00983280358615509,8,8180
lmf-moving,ccf,mid_trade_return,-11,-0.01369354734664649,0.006026764051545447,8,8181
lmf-moving,ccf,mid_trade_return,-10,-0.006884381620579557,0.0071176833145208535,8,8182
lmf-moving,ccf,mid_trade_return,-9,-0.007506574116448342,0.009278341553166402,8,8183
lmf-moving,ccf,mid_trade_return,-8,-0.017659097453787468,0.010704933189960316,8,8184
lmf-moving,ccf,mid_trade_return,-7,-0.017883721617105865,0.004078593115942444,8,8185
lmf-moving,ccf,mid_trade_return,-6,-0.008911205600448214,0.011769203858686732,8,8186
lmf-moving,ccf,mid_trade_return,-5,-0.005493338398301112,0.007942064226237153,8,8187
lmf-moving,ccf,mid_trade_return,-4,-0.014008057803934507,0.007881773739319035,8,8188
lmf-moving,ccf,mid_trade_return,-3,-0.000793419633158618,0.00853295313807456,8,8189
lmf-moving,ccf,mid_trade_return,-2,0.0663554738145384,0.009817703832544693,8,8190
lmf-moving,ccf,mid_trade_return,-1,0.40547499318854785,0.0025400808554467322,8,8191
lmf-moving,ccf,mid_trade_return,0,0.7503692988079476,0.0025551788128055724,8,8192
lmf-moving,ccf,mid_trade_return,1,-0.19383730025649507,0.006037450630438178,8,8191
lmf-moving,ccf,mid_trade_return,2,-0.29813350875972,0.006750948155392979,8,8190
lmf-moving,ccf,mid_trade_return,3,-0.14358472484198856,0.0075673929667560745,8,8189
lmf-moving,ccf,mid_trade_return,4,-0.08350698643578237,0.008726077586509671,8,8188
lmf-moving,ccf,mid_trade_return,5,-0.05521317616639893,0.0059810311800225,8,8187
lmf-moving,ccf,mid_trade_return,6,-0.042339362176900416,0.010996873013765961,8,8186
lmf-moving,ccf,mid_trade_return,7,-0.03766204198293512,0.008789338904588552,8,8185
lmf-moving,ccf,mid_trade_return,8,-0.02468089311580303,0.0085408291258084,8,8184
lmf-moving,ccf,mid_trade_return,9,-0.011163940983411112,0.007857183240592137,8,8183
lmf-moving,ccf,mid_trade_return,10,-0.014902084893732535,0.008087048791966615,8,8182
lmf-moving,ccf,mid_trade_return,11,-0.014491384049898547,0.0031389305253640455,8,8181
lmf-moving,ccf,mid_trade_return,12,-0.00395654858515891,0.008998297486851761,8,8180
lmf-moving,ccf,mid_trade_return,13,-0.004191325856606249,0.008175453814747857,8,8179
lmf-moving,ccf,mid_trade_return,14,-0.00878098515089714,0.00529435752615597,8,8178
lmf-moving,ccf,mid_trade_return,15,-0.005850394131303121,0.004776600436490799,8,8177
lmf-moving,ccf,mid_trade_return,16,-0.013986352332459548,0.0047085898801730594,8,8176
lmf-moving,ccf,mid_trade_return,17,-0.006645546286566469,0.00841034623731309,8,8175
lmf-moving,ccf,mid_trade_return,18,0.011441629401646374,0.008075316451968165,8,8174
lmf-moving,ccf,mid_trade_return,19,-0.0008967835993151571,0.007230809465862517,8,8173
lmf-moving,ccf,mid_trade_return,20,-0.005274909726461866,0.007522743927938274,8,8172
lmf-moving,ccf,mid_trade_return,21,-0.0018673796630676335,0.007155854808033398,8,8171
lmf-moving,ccf,mid_trade_return,22,-0.00011045260772701664,0.01007229056143278,8,8170
lmf-moving,ccf,mid_trade_return,23,3.595553861961414e-05,0.008728353434392093,8,8169
lmf-moving,ccf,mid_trade_return,24,-0.0027832783445676888,0.00833070602447735,8,8168
lmf-moving,ccf,mid_trade_return,25,-0.01029945616636101,0.008196129695779234,8,8167
lmf-moving,ccf,mid_trade_return,26,-0.0024874059486978232,0.010422194845641634,8,8166
lmf-moving,ccf,mid_trade_return,27,-0.0016912583429025089,0.004641554095450644,8,8165
lmf-moving,ccf,mid_trade_return,28,-0.009081767535646998,0.007176323915543718,8,8164
lmf-moving,ccf,mid_trade_return,29,-0.00882697695399342,0.0070202211319737645,8,8163
lmf-moving,ccf,mid_trade_return,30,0.001469530603883805,0.010380428456153296,8,8162
lmf-moving,ccf,mid_trade_return,31,0.000906690306105025,0.0065974770356711345,8,8161
lmf-moving,ccf,mid_trade_return,32,0.0008707752461821724,0.011424348956657893,8,8160
lmf-moving,ccf,mid_trade_return,33,0.002220900900667102,0.008386591736939368,8,8159
lmf-moving,ccf,mid_trade_return,34,-0.0032264836937331487,0.011865047244934536,8,8158
lmf-moving,ccf,mid_trade_return,35,-0.004868089527521902,0.008301222857849337,8,8157
lmf-moving,ccf,mid_trade_return,36,-0.006394624001942675,0.007257144316128861,8,8156
lmf-moving,ccf,mid_trade_return,37,0.00697730581392316,0.006462798192566664,8,8155
lmf-moving,ccf,mid_trade_return,38,0.0011118058878613682,0.011677287884476388,8,8154
lmf-moving,ccf,mid_trade_return,39,-0.0009017499453265683,0.008522845041867115,8,8153
lmf-moving,ccf,mid_trade_return,40,-0.004093853092455273,0.009356493879122598,8,8152
lmf-moving,ccf,mid_trade_return,41,-0.00858365287986354,0.012953270796672342,8,8151
lmf-moving,ccf,mid_trade_return,42,-0.0030282921327386587,0.009631009590252725,8,8150
lmf-moving,ccf,mid_trade_return,43,-0.0009730511267813696,0.008873285505219174,8,8149
lmf-moving,ccf,mid_trade_return,44,0.0018406347375296366,0.011318174718975267,8,8148
lmf-moving,ccf,mid_trade_return,45,0.007986666650876637,0.005762010552122383,8,8147
lmf-moving,ccf,mid_trade_return,46,0.0066439939654065975,0.0038044561600745993,8,8146
lmf-moving,ccf,mid_trade_return,47,0.00067003538117772,0.00845014759137088,8,8145
lmf-moving,ccf,mid_trade_return,48,-0.005372999479456096,0.0066497340747092805,8,8144
lmf-moving,ccf,mid_trade_return,49,0.0003835914364816734,0.00587787460148869,8,8143
lmf-moving,ccf,mid_trade_return,50,0.006335651241445757,0.005155394290675966,8,8142
lmf-moving,ccf,mid_trade_return,51,0.0030440143311988013,0.005624207732588711,8,8141
lmf-moving,ccf,mid_trade_return,52,0.0008813300302022947,0.008316135560613497,8,8140
lmf-moving,ccf,mid_trade_return,53,-0.004082611647732659,0.008999534031930908,8,8139
lmf-moving,ccf,mid_trade_return,54,0.0009512182501578887,0.006853465284600134,8,8138
lmf-moving,ccf,mid_trade_return,55,0.0010700011810373389,0.004496148855977917,8,8137
lmf-moving,ccf,mid_trade_return,56,-0.004446733260594058,0.00994588386327242,8,8136
lmf-moving,ccf,mid_trade_return,57,-0.0063352084293203945,0.007791957453833312,8,8135
lmf-moving,ccf,mid_trade_return,58,-0.004289413108072195,0.01046578439395895,8,8134
lmf-moving,ccf,mid_trade_return,59,-0.0005926680116508767,0.005989136646749866,8,8133
lmf-moving,ccf,mid_trade_return,60,0.0052800446429513564,0.008434571063402693,8,8132
lmf-moving,ccf,mid_trade_return,61,0.0018138049852039137,0.008077302380906473,8,8131
lmf-moving,ccf,mid_trade_return,62,-0.005267745959104715,0.009267689885482868,8,8130
lmf-moving,ccf,mid_trade_return,63,-0.002237532955031187,0.008488397204632129,8,8129
lmf-moving,ccf,mid_trade_return,64,0.002570254784180456,0.009291984209612003,8,8128
lmf-moving,ccf,mid_trade_return,65,0.0004048089267745008,0.009425723504830305,8,8127
lmf-moving,ccf,mid_trade_return,66,-0.009771683827169203,0.006754729372104278,8,8126
lmf-moving,ccf,mid_trade_return,67,-0.0004990547330423895,0.011105204356227891,8,8125
lmf-moving,ccf,mid_trade_return,68,0.004578389377646733,0.009651682304767787,8,8124
lmf-moving,ccf,mid_trade_return,69,0.007932225186246266,0.007437531462606703,8,8123
lmf-moving,ccf,mid_trade_return,70,0.0018725765615819935,0.010015367715027814,8,8122
lmf-moving,ccf,mid_trade_return,71,-0.008979203785090107,0.009370031761297627,8,8121
lmf-moving,ccf,mid_trade_return,72,-0.006276715919264282,0.011450893834689856,8,8120
lmf-moving,ccf,mid_trade_return,73,-0.0025587636601707648,0.010583144944472999,8,8119
lmf-moving,ccf,mid_trade_return,74,0.0031584259541005784,0.012028836439078873,8,8118
lmf-moving,ccf,mid_trade_return,75,0.0031752679089945895,0.007588868282067566,8,8117
lmf-moving,ccf,mid_trade_return,76,-0.0001480778907006371,0.007802473629380613,8,8116
lmf-moving,ccf,mid_trade_return,77,-0.007212368970935724,0.009059725427978315,8,8115
lmf-moving,ccf,mid_trade_return,78,-0.0025391195576075754,0.007724760784746398,8,8114
lmf-moving,ccf,mid_trade_return,79,0.005131631214077377,0.01146451794528215,8,8113
lmf-moving,ccf,mid_trade_return,80,0.0022998907844801117,0.01418261579525855,8,8112
lmf-moving,ccf,mid_trade_return,81,-0.0020764265679081976,0.012163199828465787,8,8111
lmf-moving,ccf,mid_trade_return,82,0.0027642309977594223,0.010316084579773082,8,8110
lmf-moving,ccf,mid_trade_return,83,0.003543289378655185,0.009018044721534679,8,8109
lmf-moving,ccf,mid_trade_return,84,0.0021501665270061733,0.009087258272603874,8,8108
lmf-moving,ccf,mid_trade_return,85,0.00011822477951890396,0.007480141017020474,8,8107
lmf-moving,ccf,mid_trade_return,86,0.0026511162723832616,0.00627961077875632,8,8106
lmf-moving,ccf,mid_trade_return,87,0.006558395179946049,0.00966208559226275,8,8105
lmf-moving,ccf,mid_trade_return,88,-0.0005773050661924105,0.00886143342916612,8,8104
lmf-moving,ccf,mid_trade_return,89,-0.006117628905765525,0.012201482805451974,8,8103
lmf-moving,ccf,mid_trade_return,90,-0.0035588504524332117,0.009920058881283859,8,8102
lmf-moving,ccf,mid_trade_return,91,0.005590843599892735,0.008929603442084445,8,8101
lmf-moving,ccf,mid_trade_return,92,0.0013745569723983997,0.012791045469473634,8,8100
lmf-moving,ccf,mid_trade_return,93,-0.004103634585394422,0.00917382141779357,8,8099
lmf-moving,ccf,mid_trade_return,94,-0.0022373715372948286,0.007715454674329258,8,8098
lmf-moving,ccf,mid_trade_return,95,-0.008889784932047621,0.008802472452039573,8,8097
lmf-moving,ccf,mid_trade_return,96,-0.0026004955791246055,0.009631133245832724,8,8096
lmf-moving,ccf,mid_trade_return,97,0.00863784945197866,0.0083568139108493,8,8095
lmf-moving,ccf,mid_trade_return,98,0.008471792398795438,0.006158314925424125,8,8094
lmf-moving,ccf,mid_trade_return,99,0.007861174143074164,0.005212868020554196,8,8093
lmf-moving,ccf,mid_trade_return,100,-0.0013331163032816581,0.007088116195758715,8,8092
lmf-moving,ccf,mid_trade_return,101,0.0007460247711383481,0.004416152233164657,8,8091
lmf-moving,ccf,mid_trade_return,102,0.003132249210266945,0.008750309248337241,8,8090
lmf-moving,ccf,mid_trade_return,103,-0.0037127319361158857,0.010513521056355701,8,8089
lmf-moving,ccf,mid_trade_return,104,-0.007984511649976208,0.00956024069072948,8,8088
lmf-moving,ccf,mid_trade_return,105,-0.007622984233617347,0.008583102223403518,8,8087
lmf-moving,ccf,mid_trade_return,106,-0.0022657374071661804,0.010804840339783399,8,8086
lmf-moving,ccf,mid_trade_return,107,0.0073447223453888075,0.005116264186958372,8,8085
lmf-moving,ccf,mid_trade_return,108,-0.002643779733695519,0.007501902104279882,8,8084
lmf-moving,ccf,mid_trade_return,109,-0.001542499658926058,0.00990739260153965,8,8083
lmf-moving,ccf,mid_trade_return,110,-0.003292158579917363,0.007900389706309041,8,8082
lmf-moving,ccf,mid_trade_return,111,-0.0015941203529459122,0.0060061644070801175,8,8081
lmf-moving,ccf,mid_trade_return,112,0.0020781877859937046,0.010481029423671176,8,8080
lmf-moving,ccf,mid_trade_return,113,-0.0012226764975639113,0.009863792600381695,8,8079
lmf-moving,ccf,mid_trade_return,114,-0.0017750383580323738,0.005063273843253248,8,8078
lmf-moving,ccf,mid_trade_return,115,-0.005419908335091613,0.006316368390478163,8,8077
lmf-moving,ccf,mid_trade_return,116,-0.005644426460162187,0.005963061030355249,8,8076
lmf-moving,ccf,mid_trade_return,117,0.004395385480010206,0.008190851959916071,8,8075
lmf-moving,ccf,mid_trade_return,118,0.003730488620422067,0.0071329470921042155,8,8074
lmf-moving,ccf,mid_trade_return,119,0.003680023888212647,0.012166327969024704,8,8073
lmf-moving,ccf,mid_trade_return,120,0.00696795694035835,0.007504407682073889,8,8072
lmf-moving,ccf,mid_trade_return,121,-0.0031447091729770948,0.011656066658586707,8,8071
lmf-moving,ccf,mid_trade_return,122,-0.0022958553941288162,0.010651696950488707,8,8070
lmf-moving,ccf,mid_trade_return,123,0.0010168213665964908,0.006090589621364896,8,8069
lmf-moving,ccf,mid_trade_return,124,-0.002940402291831048,0.0043898262067956165,8,8068
lmf-moving,ccf,mid_trade_return,125,-0.0032784394283527016,0.007597399383486091,8,8067
lmf-moving,ccf,mid_trade_return,126,0.00012872448209761463,0.007760708618425154,8,8066
lmf-moving,ccf,mid_trade_return,127,-0.0045462318977099484,0.008510446898881524,8,8065
lmf-moving,ccf,mid_trade_return,128,0.004039979979380416,0.007062148058757902,8,8064
lmf-moving,ccf,mid_return_spread_change,-128,-0.0006445568361098163,0.005438470085811847,8,8064
lmf-moving,ccf,mid_return_spread_change,-127,-0.006443987000922356,0.008360888989483268,8,8065
lmf-moving,ccf,mid_return_spread_change,-126,-0.002725509406601214,0.005244347311047177,8,8066
lmf-moving,ccf,mid_return_spread_change,-125,4.192697923641436e-05,0.004061067760247239,8,8067
lmf-moving,ccf,mid_return_spread_change,-124,0.002815516572188332,0.006944949823701716,8,8068
lmf-moving,ccf,mid_return_spread_change,-123,0.003984066050752886,0.006952090144249601,8,8069
lmf-moving,ccf,mid_return_spread_change,-122,0.0016912099880592273,0.009077371744469457,8,8070
lmf-moving,ccf,mid_return_spread_change,-121,-0.005224803769440528,0.003916117501354746,8,8071
lmf-moving,ccf,mid_return_spread_change,-120,0.004759153046554435,0.006585629632469127,8,8072
lmf-moving,ccf,mid_return_spread_change,-119,0.003338304055664875,0.008121907800870567,8,8073
lmf-moving,ccf,mid_return_spread_change,-118,-0.005146736468466427,0.005343370651078699,8,8074
lmf-moving,ccf,mid_return_spread_change,-117,0.0025351705681289816,0.005413647860657736,8,8075
lmf-moving,ccf,mid_return_spread_change,-116,-0.0018488393589688756,0.00735599552899706,8,8076
lmf-moving,ccf,mid_return_spread_change,-115,-0.002320099684957574,0.006481363080106963,8,8077
lmf-moving,ccf,mid_return_spread_change,-114,0.0004794174101432965,0.007442028166674056,8,8078
lmf-moving,ccf,mid_return_spread_change,-113,0.0025913112386000904,0.007017413474550135,8,8079
lmf-moving,ccf,mid_return_spread_change,-112,0.0046211082425570565,0.006675616272671818,8,8080
lmf-moving,ccf,mid_return_spread_change,-111,-0.00039238185600042746,0.006238992937694592,8,8081
lmf-moving,ccf,mid_return_spread_change,-110,-0.0032195083214493652,0.006495908257038606,8,8082
lmf-moving,ccf,mid_return_spread_change,-109,-0.006034162854815639,0.0049674455609829415,8,8083
lmf-moving,ccf,mid_return_spread_change,-108,-0.00029702967155182617,0.007695179123598413,8,8084
lmf-moving,ccf,mid_return_spread_change,-107,-0.001984999501814688,0.005505038177776214,8,8085
lmf-moving,ccf,mid_return_spread_change,-106,-0.004470565938830606,0.005212988123228348,8,8086
lmf-moving,ccf,mid_return_spread_change,-105,0.003996404994468037,0.00907158665106764,8,8087
lmf-moving,ccf,mid_return_spread_change,-104,0.007370768598662621,0.007043571087350286,8,8088
lmf-moving,ccf,mid_return_spread_change,-103,0.00168082440192847,0.005291795749538678,8,8089
lmf-moving,ccf,mid_return_spread_change,-102,-0.0010064653604440962,0.007607572125175562,8,8090
lmf-moving,ccf,mid_return_spread_change,-101,0.0024359868108527966,0.00609593774550836,8,8091
lmf-moving,ccf,mid_return_spread_change,-100,0.0033805382844558107,0.010526605028247472,8,8092
lmf-moving,ccf,mid_return_spread_change,-99,-0.002174534188658669,0.0035020471611733584,8,8093
lmf-moving,ccf,mid_return_spread_change,-98,-0.002538814867562096,0.006715955703345649,8,8094
lmf-moving,ccf,mid_return_spread_change,-97,-0.00019509370024329507,0.005072434165726966,8,8095
lmf-moving,ccf,mid_return_spread_change,-96,-0.0013625022263850425,0.008027295458586766,8,8096
lmf-moving,ccf,mid_return_spread_change,-95,-0.0014586118099951671,0.008225408689121297,8,8097
lmf-moving,ccf,mid_return_spread_change,-94,-0.005063520773066655,0.005052679317960437,8,8098
lmf-moving,ccf,mid_return_spread_change,-93,-8.475865569330834e-05,0.006818012705557392,8,8099
lmf-moving,ccf,mid_return_spread_change,-92,0.006873412437320399,0.00421914719394276,8,8100
lmf-moving,ccf,mid_return_spread_change,-91,0.0037716009922408086,0.007850127458909716,8,8101
lmf-moving,ccf,mid_return_spread_change,-90,-0.00023813540261325992,0.0045215200893707515,8,8102
lmf-moving,ccf,mid_return_spread_change,-89,-0.002190241505282929,0.007529162658825568,8,8103
lmf-moving,ccf,mid_return_spread_change,-88,0.0018606364318420228,0.00665774619934823,8,8104
lmf-moving,ccf,mid_return_spread_change,-87,-0.007456145127796984,0.009010872178063076,8,8105
lmf-moving,ccf,mid_return_spread_change,-86,-0.00028617519162185803,0.008698306619930731,8,8106
lmf-moving,ccf,mid_return_spread_change,-85,0.003976889313368581,0.006769020000073817,8,8107
lmf-moving,ccf,mid_return_spread_change,-84,0.004102978957348182,0.00810604439779099,8,8108
lmf-moving,ccf,mid_return_spread_change,-83,-0.005392578016830328,0.009318128294670993,8,8109
lmf-moving,ccf,mid_return_spread_change,-82,-0.005599472635194481,0.007800171430845837,8,8110
lmf-moving,ccf,mid_return_spread_change,-81,0.007612875065947666,0.00823366048234921,8,8111
lmf-moving,ccf,mid_return_spread_change,-80,0.0003321366162199785,0.009417388484280033,8,8112
lmf-moving,ccf,mid_return_spread_change,-79,0.002847421460683739,0.008255466018355183,8,8113
lmf-moving,ccf,mid_return_spread_change,-78,-0.005797685516352494,0.01064626441229705,8,8114
lmf-moving,ccf,mid_return_spread_change,-77,0.001132428738871515,0.00506172958464387,8,8115
lmf-moving,ccf,mid_return_spread_change,-76,0.001616468501268637,0.007498252196335944,8,8116
lmf-moving,ccf,mid_return_spread_change,-75,0.0038370791952331493,0.006899867635584416,8,8117
lmf-moving,ccf,mid_return_spread_change,-74,-0.0014002175276442235,0.006272192755677439,8,8118
lmf-moving,ccf,mid_return_spread_change,-73,-0.003368392349064756,0.010681822317427954,8,8119
lmf-moving,ccf,mid_return_spread_change,-72,0.000501850558134257,0.005884014748861914,8,8120
lmf-moving,ccf,mid_return_spread_change,-71,-0.004077200531468086,0.004240862236919155,8,8121
lmf-moving,ccf,mid_return_spread_change,-70,0.0011921834976007335,0.0037924330269515642,8,8122
lmf-moving,ccf,mid_return_spread_change,-69,-0.001574162955543553,0.008931583650320218,8,8123
lmf-moving,ccf,mid_return_spread_change,-68,0.003289405144693531,0.007926335610991899,8,8124
lmf-moving,ccf,mid_return_spread_change,-67,0.0006109935177177825,0.007701787864444891,8,8125
lmf-moving,ccf,mid_return_spread_change,-66,-0.0016393023665437975,0.006317739723644977,8,8126
lmf-moving,ccf,mid_return_spread_change,-65,8.590813432740054e-05,0.007864988246179552,8,8127
lmf-moving,ccf,mid_return_spread_change,-64,-0.0037435167355468315,0.006522022182130766,8,8128
lmf-moving,ccf,mid_return_spread_change,-63,0.002761556357816433,0.006481239836534498,8,8129
lmf-moving,ccf,mid_return_spread_change,-62,0.002042472621713109,0.007211210581961849,8,8130
lmf-moving,ccf,mid_return_spread_change,-61,-0.0025906389371931006,0.005261356764393499,8,8131
lmf-moving,ccf,mid_return_spread_change,-60,-0.0033844311644826053,0.008769691336202957,8,8132
lmf-moving,ccf,mid_return_spread_change,-59,0.0002746694966806779,0.00634663240281772,8,8133
lmf-moving,ccf,mid_return_spread_change,-58,-0.00414195369873061,0.010140412016243586,8,8134
lmf-moving,ccf,mid_return_spread_change,-57,0.002609375830998641,0.0074128216947916305,8,8135
lmf-moving,ccf,mid_return_spread_change,-56,-0.0007624620021441064,0.005157890522058858,8,8136
lmf-moving,ccf,mid_return_spread_change,-55,0.0031861953646682368,0.0100228294944618,8,8137
lmf-moving,ccf,mid_return_spread_change,-54,-0.00023495260693192992,0.007350707448956749,8,8138
lmf-moving,ccf,mid_return_spread_change,-53,-0.0033026212504056567,0.007764674086021125,8,8139
lmf-moving,ccf,mid_return_spread_change,-52,0.000596133094088178,0.005240113452143203,8,8140
lmf-moving,ccf,mid_return_spread_change,-51,-0.0010118774685004437,0.0058731996786979485,8,8141
lmf-moving,ccf,mid_return_spread_change,-50,0.00443243485430052,0.006983230287945903,8,8142
lmf-moving,ccf,mid_return_spread_change,-49,-0.0007331865203695164,0.0063910846998438695,8,8143
lmf-moving,ccf,mid_return_spread_change,-48,-0.0037233696911627727,0.013095634268801521,8,8144
lmf-moving,ccf,mid_return_spread_change,-47,0.00405053029464425,0.007301030069687544,8,8145
lmf-moving,ccf,mid_return_spread_change,-46,0.0041132162365642155,0.006083709767020143,8,8146
lmf-moving,ccf,mid_return_spread_change,-45,-0.0013612768823342562,0.008876086568618019,8,8147
lmf-moving,ccf,mid_return_spread_change,-44,-0.00514667005566013,0.0037892065021748003,8,8148
lmf-moving,ccf,mid_return_spread_change,-43,0.002174946650561584,0.007845269247467613,8,8149
lmf-moving,ccf,mid_return_spread_change,-42,-0.0002642989050845265,0.0049405970686791575,8,8150
lmf-moving,ccf,mid_return_spread_change,-41,0.003031563911695244,0.008669102506840139,8,8151
lmf-moving,ccf,mid_return_spread_change,-40,-0.0008337300854632546,0.010095713361492578,8,8152
lmf-moving,ccf,mid_return_spread_change,-39,-0.0022403132447666564,0.0054823490451715445,8,8153
lmf-moving,ccf,mid_return_spread_change,-38,0.00012996541301525276,0.0062428437689317105,8,8154
lmf-moving,ccf,mid_return_spread_change,-37,-0.004347345687817234,0.00582465822573943,8,8155
lmf-moving,ccf,mid_return_spread_change,-36,0.0043252356538186045,0.006495290461053738,8,8156
lmf-moving,ccf,mid_return_spread_change,-35,0.001801972156809119,0.004279795801164331,8,8157
lmf-moving,ccf,mid_return_spread_change,-34,0.0005067086764524749,0.005759861017780782,8,8158
lmf-moving,ccf,mid_return_spread_change,-33,-0.003210793073595815,0.004795236060293285,8,8159
lmf-moving,ccf,mid_return_spread_change,-32,0.005200993292455556,0.006846968717696398,8,8160
lmf-moving,ccf,mid_return_spread_change,-31,-0.0025512282622314774,0.006170277966286308,8,8161
lmf-moving,ccf,mid_return_spread_change,-30,-0.0010014241991365015,0.004582897669296649,8,8162
lmf-moving,ccf,mid_return_spread_change,-29,0.002016254312422816,0.006716964156732961,8,8163
lmf-moving,ccf,mid_return_spread_change,-28,-0.0014848244058778058,0.007822784582641875,8,8164
lmf-moving,ccf,mid_return_spread_change,-27,-0.0039836636495582745,0.00406973759501036,8,8165
lmf-moving,ccf,mid_return_spread_change,-26,0.007701111496129425,0.006778153745587145,8,8166
lmf-moving,ccf,mid_return_spread_change,-25,-0.0013609757798904733,0.00622390971010066,8,8167
lmf-moving,ccf,mid_return_spread_change,-24,-0.002207431572512141,0.0051080003055651545,8,8168
lmf-moving,ccf,mid_return_spread_change,-23,-0.0016475973005954448,0.007325839861847961,8,8169
lmf-moving,ccf,mid_return_spread_change,-22,-0.00197853872632856,0.006940762071615439,8,8170
lmf-moving,ccf,mid_return_spread_change,-21,0.007552095103059733,0.005632422774534598,8,8171
lmf-moving,ccf,mid_return_spread_change,-20,-0.0036711371200234227,0.005629595651504653,8,8172
lmf-moving,ccf,mid_return_spread_change,-19,-0.0035181424563885395,0.005875716067491079,8,8173
lmf-moving,ccf,mid_return_spread_change,-18,0.002279076515191243,0.004621175790336784,8,8174
lmf-moving,ccf,mid_return_spread_change,-17,0.00456616877114051,0.006471034040459622,8,8175
lmf-moving,ccf,mid_return_spread_change,-16,0.0025366041867084374,0.005386327324547224,8,8176
lmf-moving,ccf,mid_return_spread_change,-15,-0.0021021047059733644,0.008132448029686701,8,8177
lmf-moving,ccf,mid_return_spread_change,-14,-0.0013706144291123223,0.007874069749317274,8,8178
lmf-moving,ccf,mid_return_spread_change,-13,0.0005106068589202071,0.007577835560990455,8,8179
lmf-moving,ccf,mid_return_spread_change,-12,0.002289745706209103,0.005051508099873932,8,8180
lmf-moving,ccf,mid_return_spread_change,-11,0.0007630943647850008,0.006838852693989285,8,8181
lmf-moving,ccf,mid_return_spread_change,-10,0.004067856712520147,0.00875529015517464,8,8182
lmf-moving,ccf,mid_return_spread_change,-9,-0.002978813078187649,0.00439980105017159,8,8183
lmf-moving,ccf,mid_return_spread_change,-8,0.000482378719508003,0.0074103810058310645,8,8184
lmf-moving,ccf,mid_return_spread_change,-7,0.0007934159233834629,0.008097706472066738,8,8185
lmf-moving,ccf,mid_return_spread_change,-6,0.0003805855135468444,0.006016551240338261,8,8186
lmf-moving,ccf,mid_return_spread_change,-5,0.0008532549868496125,0.008999058268383348,8,8187
lmf-moving,ccf,mid_return_spread_change,-4,0.0043391398878909054,0.011069884638414613,8,8188
lmf-moving,ccf,mid_return_spread_change,-3,-0.005738717426452452,0.006539542758255856,8,8189
lmf-moving,ccf,mid_return_spread_change,-2,-0.003869601274860162,0.010463078160127905,8,8190
lmf-moving,ccf,mid_return_spread_change,-1,0.001365362202452895,0.012751447084770677,8,8191
lmf-moving,ccf,mid_return_spread_change,0,0.004051925473860842,0.01589467125822089,8,8192
lmf-moving,ccf,mid_return_spread_change,1,-0.012447598579442788,0.01918406696870113,8,8191
lmf-moving,ccf,mid_return_spread_change,2,-0.0012061919976948064,0.010169443053407537,8,8190
lmf-moving,ccf,mid_return_spread_change,3,-0.0020732852846098476,0.007844531078514013,8,8189
lmf-moving,ccf,mid_return_spread_change,4,-0.001146317162379177,0.007018201849943772,8,8188
lmf-moving,ccf,mid_return_spread_change,5,-0.004656033037603014,0.007195584900508413,8,8187
lmf-moving,ccf,mid_return_spread_change,6,0.0015670451999646765,0.007483564031475897,8,8186
lmf-moving,ccf,mid_return_spread_change,7,0.004949090957863351,0.009239862195396176,8,8185
lmf-moving,ccf,mid_return_spread_change,8,0.0032524089809929145,0.004839507265647493,8,8184
lmf-moving,ccf,mid_return_spread_change,9,-0.004632596541145782,0.006203021060824512,8,8183
lmf-moving,ccf,mid_return_spread_change,10,-0.003314317898971436,0.003897635515658998,8,8182
lmf-moving,ccf,mid_return_spread_change,11,0.002716882098450315,0.006696047858728345,8,8181
lmf-moving,ccf,mid_return_spread_change,12,0.0016927035569342989,0.0074759138593837645,8,8180
lmf-moving,ccf,mid_return_spread_change,13,-0.0026918462100955303,0.006481597072030295,8,8179
lmf-moving,ccf,mid_return_spread_change,14,0.003408302016145379,0.01051508744288575,8,8178
lmf-moving,ccf,mid_return_spread_change,15,0.002146438021322091,0.009086511247153903,8,8177
lmf-moving,ccf,mid_return_spread_change,16,-0.00658634059700141,0.011203641861685794,8,8176
lmf-moving,ccf,mid_return_spread_change,17,0.0035867792421631368,0.008135166430166924,8,8175
lmf-moving,ccf,mid_return_spread_change,18,0.003766915471774373,0.00866884289978239,8,8174
lmf-moving,ccf,mid_return_spread_change,19,0.0007573846021130512,0.004260080814098327,8,8173
lmf-moving,ccf,mid_return_spread_change,20,-0.006010542985589646,0.008476580836721669,8,8172
lmf-moving,ccf,mid_return_spread_change,21,-0.0009086323557784205,0.009725428714423928,8,8171
lmf-moving,ccf,mid_return_spread_change,22,0.00285520275524044,0.008794780839154007,8,8170
lmf-moving,ccf,mid_return_spread_change,23,-0.002134076070912485,0.009248180463230674,8,8169
lmf-moving,ccf,mid_return_spread_change,24,0.004464292099470857,0.00586000805779868,8,8168
lmf-moving,ccf,mid_return_spread_change,25,-0.0006495454041835943,0.004697301248511703,8,8167
lmf-moving,ccf,mid_return_spread_change,26,-0.0019715863405603087,0.007411060643577731,8,8166
lmf-moving,ccf,mid_return_spread_change,27,-0.00747848837160058,0.01093618174833303,8,8165
lmf-moving,ccf,mid_return_spread_change,28,0.004228544466222386,0.01068651004275083,8,8164
lmf-moving,ccf,mid_return_spread_change,29,0.006223210759685796,0.008357789279751945,8,8163
lmf-moving,ccf,mid_return_spread_change,30,-0.0026429687770925907,0.009187267070994643,8,8162
lmf-moving,ccf,mid_return_spread_change,31,0.0011931188634092423,0.0047334049629290855,8,8161
lmf-moving,ccf,mid_return_spread_change,32,0.0015647942914504846,0.005894106011600476,8,8160
lmf-moving,ccf,mid_return_spread_change,33,-0.00032604916035109603,0.011656717203877742,8,8159
lmf-moving,ccf,mid_return_spread_change,34,0.0002850811476884476,0.008078618100095475,8,8158
lmf-moving,ccf,mid_return_spread_change,35,-2.311582418931964e-05,0.008333857678815854,8,8157
lmf-moving,ccf,mid_return_spread_change,36,-0.00015143811255989364,0.007892131856544608,8,8156
lmf-moving,ccf,mid_return_spread_change,37,0.0008489466715384058,0.006696328531615693,8,8155
lmf-moving,ccf,mid_return_spread_change,38,0.001993751357187779,0.006412866838483823,8,8154
lmf-moving,ccf,mid_return_spread_change,39,0.00024035582699108828,0.005505139765490914,8,8153
lmf-moving,ccf,mid_return_spread_change,40,0.0010113942836367021,0.008582158208094978,8,8152
lmf-moving,ccf,mid_return_spread_change,41,0.0022344255410051777,0.0046176575072168526,8,8151
lmf-moving,ccf,mid_return_spread_change,42,0.00035430457250183094,0.006040705207189791,8,8150
lmf-moving,ccf,mid_return_spread_change,43,-0.0013620466868085796,0.0061958630723256995,8,8149
lmf-moving,ccf,mid_return_spread_change,44,-0.006101023640323899,0.00957312473851718,8,8148
lmf-moving,ccf,mid_return_spread_change,45,0.0053092963509666375,0.005109028374301192,8,8147
lmf-moving,ccf,mid_return_spread_change,46,8.357204295794283e-05,0.01006901199226314,8,8146
lmf-moving,ccf,mid_return_spread_change,47,-0.002897972484467118,0.007209683525023369,8,8145
lmf-moving,ccf,mid_return_spread_change,48,-0.00023411824860857812,0.00226093071115143,8,8144
lmf-moving,ccf,mid_return_spread_change,49,0.0038796567598816992,0.008523422283469981,8,8143
lmf-moving,ccf,mid_return_spread_change,50,0.0009244549790857503,0.008019972968444112,8,8142
lmf-moving,ccf,mid_return_spread_change,51,0.0003393334402439077,0.007432879439960117,8,8141
lmf-moving,ccf,mid_return_spread_change,52,-0.0011912441871950667,0.008626478947481468,8,8140
lmf-moving,ccf,mid_return_spread_change,53,-0.003244257800280886,0.006916913984461458,8,8139
lmf-moving,ccf,mid_return_spread_change,54,0.0017255693286312972,0.009525484607334024,8,8138
lmf-moving,ccf,mid_return_spread_change,55,-0.004576012707424317,0.005154677912889246,8,8137
lmf-moving,ccf,mid_return_spread_change,56,-0.0019267871532462342,0.005636125150259771,8,8136
lmf-moving,ccf,mid_return_spread_change,57,-0.0014404517801720953,0.005760106691106993,8,8135
lmf-moving,ccf,mid_return_spread_change,58,0.0003237884124270656,0.004365612492559868,8,8134
lmf-moving,ccf,mid_return_spread_change,59,-0.005321525798963232,0.007021039338147236,8,8133
lmf-moving,ccf,mid_return_spread_change,60,-0.0023218000922868654,0.007829385948868001,8,8132
lmf-moving,ccf,mid_return_spread_change,61,0.004252602766452783,0.0054975379371914185,8,8131
lmf-moving,ccf,mid_return_spread_change,62,0.0019284632444915397,0.00459118077040856,8,8130
lmf-moving,ccf,mid_return_spread_change,63,0.009546021669347688,0.00619311966845054,8,8129
lmf-moving,ccf,mid_return_spread_change,64,0.001977320813788152,0.005520145818852126,8,8128
lmf-moving,ccf,mid_return_spread_change,65,-0.00366410607186992,0.007200580002404791,8,8127
lmf-moving,ccf,mid_return_spread_change,66,0.0028872583189427925,0.007210885553903591,8,8126
lmf-moving,ccf,mid_return_spread_change,67,-0.006858119238055474,0.006166488830004404,8,8125
lmf-moving,ccf,mid_return_spread_change,68,0.0030263587339002763,0.007607066518169168,8,8124
lmf-moving,ccf,mid_return_spread_change,69,0.001002399381684022,0.005855859500833564,8,8123
lmf-moving,ccf,mid_return_spread_change,70,-0.0007282717577363722,0.006785025681239224,8,8122
lmf-moving,ccf,mid_return_spread_change,71,-0.0005494689950496059,0.0049704235346625745,8,8121
lmf-moving,ccf,mid_return_spread_change,72,-0.0021858503850566463,0.009719166184794152,8,8120
lmf-moving,ccf,mid_return_spread_change,73,-0.0037685719374908346,0.008344654526602753,8,8119
lmf-moving,ccf,mid_return_spread_change,74,0.0015101317836397335,0.00587939748170482,8,8118
lmf-moving,ccf,mid_return_spread_change,75,0.0026673937806227592,0.009278539023615914,8,8117
lmf-moving,ccf,mid_return_spread_change,76,-0.0005225136889640202,0.007026972372017225,8,8116
lmf-moving,ccf,mid_return_spread_change,77,-0.0015685766841190254,0.004997899842796399,8,8115
lmf-moving,ccf,mid_return_spread_change,78,-0.0042608388631743595,0.004627413776523452,8,8114
lmf-moving,ccf,mid_return_spread_change,79,0.003916157453221489,0.0037741382093559725,8,8113
lmf-moving,ccf,mid_return_spread_change,80,7.519146388039455e-05,0.006276491052919701,8,8112
lmf-moving,ccf,mid_return_spread_change,81,0.003986402272178371,0.003186836318109538,8,8111
lmf-moving,ccf,mid_return_spread_change,82,0.0014644868199490835,0.004083595862623644,8,8110
lmf-moving,ccf,mid_return_spread_change,83,0.0038917770707763612,0.005804833042680911,8,8109
lmf-moving,ccf,mid_return_spread_change,84,-0.00010922766083355426,0.005065180024095283,8,8108
lmf-moving,ccf,mid_return_spread_change,85,-0.004419670665863147,0.006366937142006806,8,8107
lmf-moving,ccf,mid_return_spread_change,86,-0.004211347062199529,0.006044344481166307,8,8106
lmf-moving,ccf,mid_return_spread_change,87,0.0027946754989559234,0.006763407450480024,8,8105
lmf-moving,ccf,mid_return_spread_change,88,0.0025996556717405458,0.004916900952510465,8,8104
lmf-moving,ccf,mid_return_spread_change,89,-0.001597092206559904,0.008015620231812145,8,8103
lmf-moving,ccf,mid_return_spread_change,90,0.006215874569198451,0.007027440788819128,8,8102
lmf-moving,ccf,mid_return_spread_change,91,-0.0029595457853142616,0.005696633375531041,8,8101
lmf-moving,ccf,mid_return_spread_change,92,-8.155187908657504e-05,0.005495914362363964,8,8100
lmf-moving,ccf,mid_return_spread_change,93,-0.0033788012775699825,0.008347966832113552,8,8099
lmf-moving,ccf,mid_return_spread_change,94,-0.0008653576809567971,0.006514227164895639,8,8098
lmf-moving,ccf,mid_return_spread_change,95,0.0027946709083667234,0.005236621660781853,8,8097
lmf-moving,ccf,mid_return_spread_change,96,-0.003132691183784936,0.0062979114650092444,8,8096
lmf-moving,ccf,mid_return_spread_change,97,0.0011280224750446215,0.008623711117390492,8,8095
lmf-moving,ccf,mid_return_spread_change,98,0.005275621684884993,0.006055287329055471,8,8094
lmf-moving,ccf,mid_return_spread_change,99,0.0012658637201524799,0.007067890157934505,8,8093
lmf-moving,ccf,mid_return_spread_change,100,-0.00037370456958966025,0.007789735448740235,8,8092
lmf-moving,ccf,mid_return_spread_change,101,-0.004812825335292918,0.007547561795500776,8,8091
lmf-moving,ccf,mid_return_spread_change,102,-0.0003397026402056241,0.007173698192098926,8,8090
lmf-moving,ccf,mid_return_spread_change,103,-0.003295145589833567,0.008675728360894131,8,8089
lmf-moving,ccf,mid_return_spread_change,104,-0.006225816375986655,0.005583382257535282,8,8088
lmf-moving,ccf,mid_return_spread_change,105,0.003908840599332025,0.008272636723600842,8,8087
lmf-moving,ccf,mid_return_spread_change,106,0.0016887748679542212,0.005314886951101915,8,8086
lmf-moving,ccf,mid_return_spread_change,107,-0.0008793235341874356,0.009953030904802289,8,8085
lmf-moving,ccf,mid_return_spread_change,108,-0.004062697879878866,0.005183146538042803,8,8084
lmf-moving,ccf,mid_return_spread_change,109,0.00481758388387913,0.007654531123377825,8,8083
lmf-moving,ccf,mid_return_spread_change,110,-0.000513501469515958,0.007216031521867095,8,8082
lmf-moving,ccf,mid_return_spread_change,111,0.0004336515402943702,0.012679888692218049,8,8081
lmf-moving,ccf,mid_return_spread_change,112,0.0009140252974193029,0.008046972018395864,8,8080
lmf-moving,ccf,mid_return_spread_change,113,-0.0007205328524801252,0.006576035165428111,8,8079
lmf-moving,ccf,mid_return_spread_change,114,0.0015775598585278914,0.00448236762816594,8,8078
lmf-moving,ccf,mid_return_spread_change,115,-0.001346592974399978,0.006259041198056698,8,8077
lmf-moving,ccf,mid_return_spread_change,116,0.001786361670496086,0.005220080609552085,8,8076
lmf-moving,ccf,mid_return_spread_change,117,0.0021068384396943233,0.005275481420128637,8,8075
lmf-moving,ccf,mid_return_spread_change,118,-0.0033822425100799047,0.0064417415225252635,8,8074
lmf-moving,ccf,mid_return_spread_change,119,0.00306426792786301,0.007696367136480594,8,8073
lmf-moving,ccf,mid_return_spread_change,120,-0.003072398761438259,0.011124697586591832,8,8072
lmf-moving,ccf,mid_return_spread_change,121,-0.0019715247943772134,0.0030725541376857477,8,8071
lmf-moving,ccf,mid_return_spread_change,122,0.005438637535066411,0.009301458376132641,8,8070
lmf-moving,ccf,mid_return_spread_change,123,-0.0033309302011510704,0.005862608303880762,8,8069
lmf-moving,ccf,mid_return_spread_change,124,0.0018982205649461991,0.0037192363247140732,8,8068
lmf-moving,ccf,mid_return_spread_change,125,-0.001573745887403855,0.00655885689664013,8,8067
lmf-moving,ccf,mid_return_spread_change,126,0.00036452399366476587,0.007005102131314655,8,8066
lmf-moving,ccf,mid_return_spread_change,127,0.0025476271885309177,0.00516825233646599,8,8065
lmf-moving,ccf,mid_return_spread_change,128,0.00023955474549941622,0.007848298849214843,8,8064
lmf-moving,ccf,abs_mid_return_spread,-128,0.061679121360172534,0.039803208524037376,8,8064
lmf-moving,ccf,abs_mid_return_spread,-127,0.06441687786896118,0.03737875600284956,8,8065
lmf-moving,ccf,abs_mid_return_spread,-126,0.06558025917784405,0.03720397996627541,8,8066
lmf-moving,ccf,abs_mid_return_spread,-125,0.06742261811688632,0.03675354501199752,8,8067
lmf-moving,ccf,abs_mid_return_spread,-124,0.0661794025524595,0.03619048805275846,8,8068
lmf-moving,ccf,abs_mid_return_spread,-123,0.06872943320359073,0.03326476573538296,8,8069
lmf-moving,ccf,abs_mid_return_spread,-122,0.0702211156928308,0.03526939994443723,8,8070
lmf-moving,ccf,abs_mid_return_spread,-121,0.07014188935888613,0.03483920697193854,8,8071
lmf-moving,ccf,abs_mid_return_spread,-120,0.07012479928527693,0.03580589223904137,8,8072
lmf-moving,ccf,abs_mid_return_spread,-119,0.06912427615942396,0.03475700965857341,8,8073
lmf-moving,ccf,abs_mid_return_spread,-118,0.07119966854897655,0.035028949433787,8,8074
lmf-moving,ccf,abs_mid_return_spread,-117,0.07382431188459739,0.03517901245433639,8,8075
lmf-moving,ccf,abs_mid_return_spread,-116,0.0747013564849391,0.03843277895440598,8,8076
lmf-moving,ccf,abs_mid_return_spread,-115,0.07340286457481215,0.04248253127005552,8,8077
lmf-moving,ccf,abs_mid_return_spread,-114,0.07658584654324742,0.03986485996308717,8,8078
lmf-moving,ccf,abs_mid_return_spread,-113,0.0738614288037682,0.04148975133456412,8,8079
lmf-moving,ccf,abs_mid_return_spread,-112,0.07765368610703373,0.03977699360295292,8,8080
lmf-moving,ccf,abs_mid_return_spread,-111,0.07955149680443352,0.03983170087366808,8,8081
lmf-moving,ccf,abs_mid_return_spread,-110,0.07917651367569785,0.0413487296723458,8,8082
lmf-moving,ccf,abs_mid_return_spread,-109,0.07849225077451462,0.042628240713791975,8,8083
lmf-moving,ccf,abs_mid_return_spread,-108,0.08112982871827355,0.041791372175705194,8,8084
lmf-moving,ccf,abs_mid_return_spread,-107,0.08267146887035579,0.039250382011614356,8,8085
lmf-moving,ccf,abs_mid_return_spread,-106,0.08513530109198443,0.04120253427597591,8,8086
lmf-moving,ccf,abs_mid_return_spread,-105,0.08331126651403976,0.04139946597755342,8,8087
lmf-moving,ccf,abs_mid_return_spread,-104,0.08491411056254883,0.04336002135479281,8,8088
lmf-moving,ccf,abs_mid_return_spread,-103,0.08701190329733441,0.043047320489058134,8,8089
lmf-moving,ccf,abs_mid_return_spread,-102,0.08485163925088833,0.04553538340994824,8,8090
lmf-moving,ccf,abs_mid_return_spread,-101,0.08479485566313405,0.03980912187746341,8,8091
lmf-moving,ccf,abs_mid_return_spread,-100,0.08963963463180352,0.037539643863099145,8,8092
lmf-moving,ccf,abs_mid_return_spread,-99,0.08821310870306166,0.04052121434284529,8,8093
lmf-moving,ccf,abs_mid_return_spread,-98,0.08624923206329248,0.041815002203704606,8,8094
lmf-moving,ccf,abs_mid_return_spread,-97,0.08810731868836122,0.041386523737799115,8,8095
lmf-moving,ccf,abs_mid_return_spread,-96,0.08962647051439082,0.04032100035089076,8,8096
lmf-moving,ccf,abs_mid_return_spread,-95,0.08850377275307961,0.04114765432952473,8,8097
lmf-moving,ccf,abs_mid_return_spread,-94,0.09013958154424802,0.040892906942893895,8,8098
lmf-moving,ccf,abs_mid_return_spread,-93,0.09365434195327722,0.041477444730741386,8,8099
lmf-moving,ccf,abs_mid_return_spread,-92,0.0950203905825054,0.03922172622203016,8,8100
lmf-moving,ccf,abs_mid_return_spread,-91,0.09630507139534313,0.04172642157496323,8,8101
lmf-moving,ccf,abs_mid_return_spread,-90,0.09501495145705313,0.038089481536528205,8,8102
lmf-moving,ccf,abs_mid_return_spread,-89,0.09881541603214102,0.04050835527122485,8,8103
lmf-moving,ccf,abs_mid_return_spread,-88,0.09383136549939873,0.0433355210245925,8,8104
lmf-moving,ccf,abs_mid_return_spread,-87,0.0952024068085866,0.04317232212868944,8,8105
lmf-moving,ccf,abs_mid_return_spread,-86,0.09498210114161097,0.04157007903653104,8,8106
lmf-moving,ccf,abs_mid_return_spread,-85,0.09500159457233559,0.04456476737024477,8,8107
lmf-moving,ccf,abs_mid_return_spread,-84,0.09493169963723459,0.044121488588223186,8,8108
lmf-moving,ccf,abs_mid_return_spread,-83,0.0968277746507125,0.042757239699317856,8,8109
lmf-moving,ccf,abs_mid_return_spread,-82,0.09711719305548164,0.04307408094615394,8,8110
lmf-moving,ccf,abs_mid_return_spread,-81,0.0989837858816177,0.0442307585352114,8,8111
lmf-moving,ccf,abs_mid_return_spread,-80,0.09867006399550084,0.04696327319520219,8,8112
lmf-moving,ccf,abs_mid_return_spread,-79,0.09499447193579273,0.046837933680811544,8,8113
lmf-moving,ccf,abs_mid_return_spread,-78,0.09528676839356376,0.0483867862758235,8,8114
lmf-moving,ccf,abs_mid_return_spread,-77,0.09645974241646846,0.048333565511643806,8,8115
lmf-moving,ccf,abs_mid_return_spread,-76,0.09531037678822889,0.04804918849875758,8,8116
lmf-moving,ccf,abs_mid_return_spread,-75,0.09820387864687366,0.051193798077872825,8,8117
lmf-moving,ccf,abs_mid_return_spread,-74,0.0976455855405225,0.053455181664792684,8,8118
lmf-moving,ccf,abs_mid_return_spread,-73,0.10084587508384779,0.049163767125380974,8,8119
lmf-moving,ccf,abs_mid_return_spread,-72,0.09898069497896672,0.046323706599816605,8,8120
lmf-moving,ccf,abs_mid_return_spread,-71,0.10130622364461923,0.04976463838345351,8,8121
lmf-moving,ccf,abs_mid_return_spread,-70,0.1053971141801058,0.049486055431196406,8,8122
lmf-moving,ccf,abs_mid_return_spread,-69,0.10395364236297311,0.04880377383802761,8,8123
lmf-moving,ccf,abs_mid_return_spread,-68,0.0997339447057201,0.053049473394170855,8,8124
lmf-moving,ccf,abs_mid_return_spread,-67,0.10248762029328394,0.053317281688809906,8,8125
lmf-moving,ccf,abs_mid_return_spread,-66,0.11222423577948193,0.048622451520976745,8,8126
lmf-moving,ccf,abs_mid_return_spread,-65,0.11303602362616146,0.04898458485030303,8,8127
lmf-moving,ccf,abs_mid_return_spread,-64,0.11281731724226397,0.04790300224145163,8,8128
lmf-moving,ccf,abs_mid_return_spread,-63,0.11123830572910812,0.05161455326094903,8,8129
lmf-moving,ccf,abs_mid_return_spread,-62,0.11160440936565418,0.053651375762503804,8,8130
lmf-moving,ccf,abs_mid_return_spread,-61,0.11432035107962367,0.05596851888934963,8,8131
lmf-moving,ccf,abs_mid_return_spread,-60,0.11489820891924772,0.05574439562312236,8,8132
lmf-moving,ccf,abs_mid_return_spread,-59,0.11184026321516485,0.05789341844393617,8,8133
lmf-moving,ccf,abs_mid_return_spread,-58,0.11381739420631035,0.053600814781605326,8,8134
lmf-moving,ccf,abs_mid_return_spread,-57,0.11605495677538662,0.0550785030944386,8,8135
lmf-moving,ccf,abs_mid_return_spread,-56,0.11520418363322833,0.057967154268854244,8,8136
lmf-moving,ccf,abs_mid_return_spread,-55,0.11517638916900316,0.06109858308191681,8,8137
lmf-moving,ccf,abs_mid_return_spread,-54,0.11987155097824503,0.05807504176969196,8,8138
lmf-moving,ccf,abs_mid_return_spread,-53,0.11932018709418964,0.05906783278884096,8,8139
lmf-moving,ccf,abs_mid_return_spread,-52,0.12326562326504417,0.055574088378951336,8,8140
lmf-moving,ccf,abs_mid_return_spread,-51,0.12181783309077465,0.0580880302913986,8,8141
lmf-moving,ccf,abs_mid_return_spread,-50,0.11978891322848152,0.06139271675332398,8,8142
lmf-moving,ccf,abs_mid_return_spread,-49,0.12195276646362706,0.060278456355293934,8,8143
lmf-moving,ccf,abs_mid_return_spread,-48,0.12481311787878938,0.05952592188167487,8,8144
lmf-moving,ccf,abs_mid_return_spread,-47,0.1246929780668966,0.05821387920045456,8,8145
lmf-moving,ccf,abs_mid_return_spread,-46,0.12218843705535486,0.05835491397541231,8,8146
lmf-moving,ccf,abs_mid_return_spread,-45,0.12376027654078206,0.05986441928036812,8,8147
lmf-moving,ccf,abs_mid_return_spread,-44,0.12377487019830485,0.058672534913634194,8,8148
lmf-moving,ccf,abs_mid_return_spread,-43,0.1287269537324884,0.05816824227285389,8,8149
lmf-moving,ccf,abs_mid_return_spread,-42,0.12749836833138575,0.05896047700455941,8,8150
lmf-moving,ccf,abs_mid_return_spread,-41,0.13097586802808325,0.05891458070159185,8,8151
lmf-moving,ccf,abs_mid_return_spread,-40,0.1340159631230627,0.058202990453935434,8,8152
lmf-moving,ccf,abs_mid_return_spread,-39,0.13471133155779708,0.05671252458356571,8,8153
lmf-moving,ccf,abs_mid_return_spread,-38,0.13663883601345891,0.0571789153890602,8,8154
lmf-moving,ccf,abs_mid_return_spread,-37,0.13350353808414936,0.056484750461226384,8,8155
lmf-moving,ccf,abs_mid_return_spread,-36,0.1384708991122761,0.05641000279811416,8,8156
lmf-moving,ccf,abs_mid_return_spread,-35,0.13913938955108615,0.0581282886178835,8,8157
lmf-moving,ccf,abs_mid_return_spread,-34,0.13757924094578186,0.05752856466246943,8,8158
lmf-moving,ccf,abs_mid_return_spread,-33,0.13746467098558018,0.059812548178916534,8,8159
lmf-moving,ccf,abs_mid_return_spread,-32,0.1399836065378994,0.06100507815460477,8,8160
lmf-moving,ccf,abs_mid_return_spread,-31,0.14083753697943016,0.059765724702252165,8,8161
lmf-moving,ccf,abs_mid_return_spread,-30,0.14144492853882645,0.06040132229351347,8,8162
lmf-moving,ccf,abs_mid_return_spread,-29,0.14371580335653678,0.057137390581879305,8,8163
lmf-moving,ccf,abs_mid_return_spread,-28,0.15117334571933128,0.05608665969408983,8,8164
lmf-moving,ccf,abs_mid_return_spread,-27,0.1505510033487833,0.05354682438107796,8,8165
lmf-moving,ccf,abs_mid_return_spread,-26,0.14886843540785444,0.05563019307744547,8,8166
lmf-moving,ccf,abs_mid_return_spread,-25,0.1489612840602924,0.05920120482000855,8,8167
lmf-moving,ccf,abs_mid_return_spread,-24,0.15305344522051176,0.057297006053381436,8,8168
lmf-moving,ccf,abs_mid_return_spread,-23,0.15805947670115902,0.05573723217940565,8,8169
lmf-moving,ccf,abs_mid_return_spread,-22,0.1538187202434007,0.05975940013536703,8,8170
lmf-moving,ccf,abs_mid_return_spread,-21,0.15336852646389093,0.05957796699527645,8,8171
lmf-moving,ccf,abs_mid_return_spread,-20,0.15751571886656993,0.06210684126622095,8,8172
lmf-moving,ccf,abs_mid_return_spread,-19,0.16096303459526368,0.05878715393103053,8,8173
lmf-moving,ccf,abs_mid_return_spread,-18,0.16115942410123857,0.059437585969560315,8,8174
lmf-moving,ccf,abs_mid_return_spread,-17,0.16713604112938032,0.05559096880343327,8,8175
lmf-moving,ccf,abs_mid_return_spread,-16,0.1663171843488983,0.05499822343768402,8,8176
lmf-moving,ccf,abs_mid_return_spread,-15,0.17433136779853997,0.05395012333211211,8,8177
lmf-moving,ccf,abs_mid_return_spread,-14,0.17746337716422927,0.05470480205749329,8,8178
lmf-moving,ccf,abs_mid_return_spread,-13,0.17566224509736453,0.055676552907631995,8,8179
lmf-moving,ccf,abs_mid_return_spread,-12,0.17678040905687414,0.054480445127138157,8,8180
lmf-moving,ccf,abs_mid_return_spread,-11,0.18111323739610935,0.05491585108673483,8,8181
lmf-moving,ccf,abs_mid_return_spread,-10,0.1884465777541828,0.054056357404937035,8,8182
lmf-moving,ccf,abs_mid_return_spread,-9,0.19256195933691572,0.05282940643718693,8,8183
lmf-moving,ccf,abs_mid_return_spread,-8,0.1984323819780247,0.05429733853427805,8,8184
lmf-moving,ccf,abs_mid_return_spread,-7,0.20279779732073486,0.052160756497430995,8,8185
lmf-moving,ccf,abs_mid_return_spread,-6,0.20992601878453598,0.050364964400043635,8,8186
lmf-moving,ccf,abs_mid_return_spread,-5,0.21216660776767124,0.05412002383277961,8,8187
lmf-moving,ccf,abs_mid_return_spread,-4,0.22022319517759972,0.054592332075494895,8,8188
lmf-moving,ccf,abs_mid_return_spread,-3,0.22569463973229129,0.05248175263972883,8,8189
lmf-moving,ccf,abs_mid_return_spread,-2,0.22043597345151303,0.05184729167132033,8,8190
lmf-moving,ccf,abs_mid_return_spread,-1,0.1757984997452552,0.06256194729128291,8,8191
lmf-moving,ccf,abs_mid_return_spread,0,0.42490113250398526,0.013640733773559538,8,8192
lmf-moving,ccf,abs_mid_return_spread,1,0.37014846170081595,0.026524584396838802,8,8191
lmf-moving,ccf,abs_mid_return_spread,2,0.37140876837766307,0.02789049543279858,8,8190
lmf-moving,ccf,abs_mid_return_spread,3,0.36228913555472897,0.029961762731599787,8,8189
lmf-moving,ccf,abs_mid_return_spread,4,0.35477560688214127,0.028248492384270914,8,8188
lmf-moving,ccf,abs_mid_return_spread,5,0.35093731621689955,0.033563418227791596,8,8187
lmf-moving,ccf,abs_mid_return_spread,6,0.34782869611832584,0.03338649019941385,8,8186
lmf-moving,ccf,abs_mid_return_spread,7,0.33676076532108884,0.034245546579794506,8,8185
lmf-moving,ccf,abs_mid_return_spread,8,0.3323131706685729,0.03665534080592791,8,8184
lmf-moving,ccf,abs_mid_return_spread,9,0.3255795182809516,0.037267022190452144,8,8183
lmf-moving,ccf,abs_mid_return_spread,10,0.3217168096272586,0.039295915878722706,8,8182
lmf-moving,ccf,abs_mid_return_spread,11,0.3168097570449124,0.04118865887487549,8,8181
lmf-moving,ccf,abs_mid_return_spread,12,0.31209348978743623,0.04093162149903193,8,8180
lmf-moving,ccf,abs_mid_return_spread,13,0.3076978229714404,0.03945212962594598,8,8179
lmf-moving,ccf,abs_mid_return_spread,14,0.30529305603657114,0.03872323517659364,8,8178
lmf-moving,ccf,abs_mid_return_spread,15,0.3017456800652763,0.041221691649071725,8,8177
lmf-moving,ccf,abs_mid_return_spread,16,0.2947913478235568,0.04392438152800549,8,8176
lmf-moving,ccf,abs_mid_return_spread,17,0.29154532443696674,0.04286380570572799,8,8175
lmf-moving,ccf,abs_mid_return_spread,18,0.29046598333130713,0.04333022541293042,8,8174
lmf-moving,ccf,abs_mid_return_spread,19,0.2887930303106364,0.04353068477169825,8,8173
lmf-moving,ccf,abs_mid_return_spread,20,0.28343887860432687,0.04652413863292838,8,8172
lmf-moving,ccf,abs_mid_return_spread,21,0.2806221453974011,0.04591403712335553,8,8171
lmf-moving,ccf,abs_mid_return_spread,22,0.2746771568002826,0.048519998486636975,8,8170
lmf-moving,ccf,abs_mid_return_spread,23,0.2732192255161048,0.048087928509285956,8,8169
lmf-moving,ccf,abs_mid_return_spread,24,0.27026312576314254,0.049723150138857045,8,8168
lmf-moving,ccf,abs_mid_return_spread,25,0.26560553424226185,0.049719293665376425,8,8167
lmf-moving,ccf,abs_mid_return_spread,26,0.265663088706314,0.04886396200030921,8,8166
lmf-moving,ccf,abs_mid_return_spread,27,0.2582071385190814,0.05449551082700577,8,8165
lmf-moving,ccf,abs_mid_return_spread,28,0.2579336455036759,0.055978733287686426,8,8164
lmf-moving,ccf,abs_mid_return_spread,29,0.25512050877907744,0.05321375744228494,8,8163
lmf-moving,ccf,abs_mid_return_spread,30,0.25108153776102177,0.05377830006396616,8,8162
lmf-moving,ccf,abs_mid_return_spread,31,0.25285041542387,0.05081654677697508,8,8161
lmf-moving,ccf,abs_mid_return_spread,32,0.24795769409163604,0.05260813352487249,8,8160
lmf-moving,ccf,abs_mid_return_spread,33,0.24645500836374729,0.0516442613424007,8,8159
lmf-moving,ccf,abs_mid_return_spread,34,0.24264030161739059,0.05241360370207611,8,8158
lmf-moving,ccf,abs_mid_return_spread,35,0.24199826545246678,0.05300706818459737,8,8157
lmf-moving,ccf,abs_mid_return_spread,36,0.23957154026936006,0.05332672778899161,8,8156
lmf-moving,ccf,abs_mid_return_spread,37,0.2357139890914389,0.0504358883450137,8,8155
lmf-moving,ccf,abs_mid_return_spread,38,0.2324989201628465,0.053515807690634055,8,8154
lmf-moving,ccf,abs_mid_return_spread,39,0.22932787914122582,0.053020732122274185,8,8153
lmf-moving,ccf,abs_mid_return_spread,40,0.22593681413023217,0.05398819800572804,8,8152
lmf-moving,ccf,abs_mid_return_spread,41,0.22418634435511,0.05687862945604006,8,8151
lmf-moving,ccf,abs_mid_return_spread,42,0.22309155940220843,0.05648312299184167,8,8150
lmf-moving,ccf,abs_mid_return_spread,43,0.22187489849319766,0.058647321320590515,8,8149
lmf-moving,ccf,abs_mid_return_spread,44,0.2187181267245385,0.055570428379676996,8,8148
lmf-moving,ccf,abs_mid_return_spread,45,0.21922932769621495,0.055663623562047806,8,8147
lmf-moving,ccf,abs_mid_return_spread,46,0.21616937995512325,0.0572565418342284,8,8146
lmf-moving,ccf,abs_mid_return_spread,47,0.21288119670050584,0.060383216856443475,8,8145
lmf-moving,ccf,abs_mid_return_spread,48,0.21042580553395987,0.05959517746004094,8,8144
lmf-moving,ccf,abs_mid_return_spread,49,0.20488703984988643,0.062398463436628984,8,8143
lmf-moving,ccf,abs_mid_return_spread,50,0.2039971772014298,0.0628774554609386,8,8142
lmf-moving,ccf,abs_mid_return_spread,51,0.20384464389670243,0.06183320737211409,8,8141
lmf-moving,ccf,abs_mid_return_spread,52,0.2015045846517544,0.06334003086904237,8,8140
lmf-moving,ccf,abs_mid_return_spread,53,0.20010815570872564,0.0630802115898775,8,8139
lmf-moving,ccf,abs_mid_return_spread,54,0.20171680578996168,0.06087495761912647,8,8138
lmf-moving,ccf,abs_mid_return_spread,55,0.19879633927222173,0.062322662265516866,8,8137
lmf-moving,ccf,abs_mid_return_spread,56,0.19537073191837614,0.06196830168073258,8,8136
lmf-moving,ccf,abs_mid_return_spread,57,0.19289831424238263,0.06494272049621948,8,8135
lmf-moving,ccf,abs_mid_return_spread,58,0.19446855020035506,0.06186399070515544,8,8134
lmf-moving,ccf,abs_mid_return_spread,59,0.1922333736291661,0.06429673847865672,8,8133
lmf-moving,ccf,abs_mid_return_spread,60,0.1939222869886008,0.061971487814942494,8,8132
lmf-moving,ccf,abs_mid_return_spread,61,0.18867811058142817,0.06565558441746279,8,8131
lmf-moving,ccf,abs_mid_return_spread,62,0.1875425477224374,0.06614424017326657,8,8130
lmf-moving,ccf,abs_mid_return_spread,63,0.1851526153386227,0.06689374835215006,8,8129
lmf-moving,ccf,abs_mid_return_spread,64,0.18307476699860778,0.06634857250303036,8,8128
lmf-moving,ccf,abs_mid_return_spread,65,0.18148151209591862,0.06657822259362156,8,8127
lmf-moving,ccf,abs_mid_return_spread,66,0.18432566790328433,0.0650997193181624,8,8126
lmf-moving,ccf,abs_mid_return_spread,67,0.18210194908789623,0.06621767845939638,8,8125
lmf-moving,ccf,abs_mid_return_spread,68,0.17726648073517262,0.07012100394954315,8,8124
lmf-moving,ccf,abs_mid_return_spread,69,0.17638708885077248,0.06910735397255632,8,8123
lmf-moving,ccf,abs_mid_return_spread,70,0.17813098480613623,0.06707899264457942,8,8122
lmf-moving,ccf,abs_mid_return_spread,71,0.17697115571568808,0.06598535488906716,8,8121
lmf-moving,ccf,abs_mid_return_spread,72,0.1739096110798231,0.06680538084741673,8,8120
lmf-moving,ccf,abs_mid_return_spread,73,0.173713024761087,0.06483128501953181,8,8119
lmf-moving,ccf,abs_mid_return_spread,74,0.17175549888777855,0.06531745750085774,8,8118
lmf-moving,ccf,abs_mid_return_spread,75,0.1725955169586781,0.06328305058238344,8,8117
lmf-moving,ccf,abs_mid_return_spread,76,0.1690981202580187,0.06512105339692631,8,8116
lmf-moving,ccf,abs_mid_return_spread,77,0.16546597940557817,0.06438517765232332,8,8115
lmf-moving,ccf,abs_mid_return_spread,78,0.16597953364765797,0.06352844164205107,8,8114
lmf-moving,ccf,abs_mid_return_spread,79,0.16451750660028666,0.06350894677646536,8,8113
lmf-moving,ccf,abs_mid_return_spread,80,0.16577331212261498,0.06262659186122226,8,8112
lmf-moving,ccf,abs_mid_return_spread,81,0.1654532323062396,0.06457877775072245,8,8111
lmf-moving,ccf,abs_mid_return_spread,82,0.1616028860068268,0.06480465633725148,8,8110
lmf-moving,ccf,abs_mid_return_spread,83,0.16350911352598207,0.0647458109197137,8,8109
lmf-moving,ccf,abs_mid_return_spread,84,0.15962595443224922,0.062466590269755234,8,8108
lmf-moving,ccf,abs_mid_return_spread,85,0.15909271275224243,0.06499191697055304,8,8107
lmf-moving,ccf,abs_mid_return_spread,86,0.16060205915073764,0.06279697708869393,8,8106
lmf-moving,ccf,abs_mid_return_spread,87,0.15846910196248853,0.06243944980380948,8,8105
lmf-moving,ccf,abs_mid_return_spread,88,0.1560919223239304,0.06356284979098206,8,8104
lmf-moving,ccf,abs_mid_return_spread,89,0.1545727965351574,0.06337645651292362,8,8103
lmf-moving,ccf,abs_mid_return_spread,90,0.15140329876879347,0.06326949306633968,8,8102
lmf-moving,ccf,abs_mid_return_spread,91,0.15559105400023157,0.06266293394284267,8,8101
lmf-moving,ccf,abs_mid_return_spread,92,0.15454116498363862,0.06269047904833538,8,8100
lmf-moving,ccf,abs_mid_return_spread,93,0.15611207821919268,0.06320556971645168,8,8099
lmf-moving,ccf,abs_mid_return_spread,94,0.1545881164510139,0.06303655698096712,8,8098
lmf-moving,ccf,abs_mid_return_spread,95,0.15522354601933466,0.0621383541213164,8,8097
lmf-moving,ccf,abs_mid_return_spread,96,0.15752069083023984,0.06084705085154822,8,8096
lmf-moving,ccf,abs_mid_return_spread,97,0.1558987813012415,0.061310829310944705,8,8095
lmf-moving,ccf,abs_mid_return_spread,98,0.15266985798551347,0.06013027678654553,8,8094
lmf-moving,ccf,abs_mid_return_spread,99,0.15090526519560796,0.05948867759214497,8,8093
lmf-moving,ccf,abs_mid_return_spread,100,0.15286703714018363,0.06023451150150402,8,8092
lmf-moving,ccf,abs_mid_return_spread,101,0.15074384856260772,0.058676988514366424,8,8091
lmf-moving,ccf,abs_mid_return_spread,102,0.14880662736397954,0.06068099254366766,8,8090
lmf-moving,ccf,abs_mid_return_spread,103,0.1517558332377044,0.05488293823948486,8,8089
lmf-moving,ccf,abs_mid_return_spread,104,0.14945962780456096,0.055206759312253016,8,8088
lmf-moving,ccf,abs_mid_return_spread,105,0.14756399545368323,0.05826379501721332,8,8087
lmf-moving,ccf,abs_mid_return_spread,106,0.14443907088926572,0.05702825721856979,8,8086
lmf-moving,ccf,abs_mid_return_spread,107,0.14329037940747152,0.05667871370810253,8,8085
lmf-moving,ccf,abs_mid_return_spread,108,0.1429386775112502,0.056145952503262216,8,8084
lmf-moving,ccf,abs_mid_return_spread,109,0.14470236136665035,0.05509878425341106,8,8083
lmf-moving,ccf,abs_mid_return_spread,110,0.14180385369434012,0.05443563356717726,8,8082
lmf-moving,ccf,abs_mid_return_spread,111,0.14236314908504646,0.05658223018051516,8,8081
lmf-moving,ccf,abs_mid_return_spread,112,0.14395349947507086,0.05554741205668145,8,8080
lmf-moving,ccf,abs_mid_return_spread,113,0.14307147598220304,0.053994784430336666,8,8079
lmf-moving,ccf,abs_mid_return_spread,114,0.14371993281419876,0.052092277451437,8,8078
lmf-moving,ccf,abs_mid_return_spread,115,0.1415364761073568,0.05146326152541772,8,8077
lmf-moving,ccf,abs_mid_return_spread,116,0.1389485195581649,0.052195075108805646,8,8076
lmf-moving,ccf,abs_mid_return_spread,117,0.13542988553293162,0.05564707230797149,8,8075
lmf-moving,ccf,abs_mid_return_spread,118,0.13707777404844557,0.05371230906778522,8,8074
lmf-moving,ccf,abs_mid_return_spread,119,0.13806633707136617,0.05213128387305579,8,8073
lmf-moving,ccf,abs_mid_return_spread,120,0.1350386486581238,0.0538843991000131,8,8072
lmf-moving,ccf,abs_mid_return_spread,121,0.13388894438549864,0.05391958191972859,8,8071
lmf-moving,ccf,abs_mid_return_spread,122,0.13419896685694244,0.05253997330238752,8,8070
lmf-moving,ccf,abs_mid_return_spread,123,0.13543658455453322,0.05134554208435569,8,8069
lmf-moving,ccf,abs_mid_return_spread,124,0.13391496681657067,0.04925699739713954,8,8068
lmf-moving,ccf,abs_mid_return_spread,125,0.1322015681650492,0.05052784181476007,8,8067
lmf-moving,ccf,abs_mid_return_spread,126,0.13250735564526978,0.04905673856363864,8,8066
lmf-moving,ccf,abs_mid_return_spread,127,0.13171909987973257,0.04630454000963289,8,8065
lmf-moving,ccf,abs_mid_return_spread,128,0.13115331832845514,0.04627629544528718,8,8064
lmf-moving,ccf,abs_trade_return_spread,-128,0.02423538694049101,0.022340374301263035,8,8064
lmf-moving,ccf,abs_trade_return_spread,-127,0.025947544328670764,0.020607860875096893,8,8065
lmf-moving,ccf,abs_trade_return_spread,-126,0.025858253749827805,0.021498765126172152,8,8066
lmf-moving,ccf,abs_trade_return_spread,-125,0.02955260459404568,0.01972813691639199,8,8067
lmf-moving,ccf,abs_trade_return_spread,-124,0.02796906500572515,0.020259753776719156,8,8068
lmf-moving,ccf,abs_trade_return_spread,-123,0.02785045235781265,0.017320553743209274,8,8069
lmf-moving,ccf,abs_trade_return_spread,-122,0.029000417282369538,0.020222671038552683,8,8070
lmf-moving,ccf,abs_trade_return_spread,-121,0.03062853651122345,0.019593591999915862,8,8071
lmf-moving,ccf,abs_trade_return_spread,-120,0.02998197786930473,0.020563380525146748,8,8072
lmf-moving,ccf,abs_trade_return_spread,-119,0.02955139304696603,0.018824492654429505,8,8073
lmf-moving,ccf,abs_trade_return_spread,-118,0.030283301114189795,0.018512667720131097,8,8074
lmf-moving,ccf,abs_trade_return_spread,-117,0.031347842037965416,0.018221554756788043,8,8075
lmf-moving,ccf,abs_trade_return_spread,-116,0.0330237864881497,0.017872479832185196,8,8076
lmf-moving,ccf,abs_trade_return_spread,-115,0.02979323577035796,0.02348661245900156,8,8077
lmf-moving,ccf,abs_trade_return_spread,-114,0.03451040083980988,0.020338235647428118,8,8078
lmf-moving,ccf,abs_trade_return_spread,-113,0.03248999571094392,0.021507947036782077,8,8079
lmf-moving,ccf,abs_trade_return_spread,-112,0.03382019470860849,0.021071832299636356,8,8080
lmf-moving,ccf,abs_trade_return_spread,-111,0.03555443781281407,0.019488049736360997,8,8081
lmf-moving,ccf,abs_trade_return_spread,-110,0.036093133856330985,0.021635864029504428,8,8082
lmf-moving,ccf,abs_trade_return_spread,-109,0.034498140094204016,0.021547555854647116,8,8083
lmf-moving,ccf,abs_trade_return_spread,-108,0.03444762288742969,0.02180965029554961,8,8084
lmf-moving,ccf,abs_trade_return_spread,-107,0.0361896584296384,0.019950289662205446,8,8085
lmf-moving,ccf,abs_trade_return_spread,-106,0.038435025436084284,0.02087729452674488,8,8086
lmf-moving,ccf,abs_trade_return_spread,-105,0.037080908993637834,0.02072525434369936,8,8087
lmf-moving,ccf,abs_trade_return_spread,-104,0.03784253633929444,0.022116149775268715,8,8088
lmf-moving,ccf,abs_trade_return_spread,-103,0.03997575217155421,0.02298437273580113,8,8089
lmf-moving,ccf,abs_trade_return_spread,-102,0.038121415471583445,0.025561827795772454,8,8090
lmf-moving,ccf,abs_trade_return_spread,-101,0.03903318344319237,0.02035642934704053,8,8091
lmf-moving,ccf,abs_trade_return_spread,-100,0.03921893744610944,0.019069194280630416,8,8092
lmf-moving,ccf,abs_trade_return_spread,-99,0.04106211612311485,0.021484622551597603,8,8093
lmf-moving,ccf,abs_trade_return_spread,-98,0.03892303475586959,0.022924380890095703,8,8094
lmf-moving,ccf,abs_trade_return_spread,-97,0.04001788338850775,0.02233720112055932,8,8095
lmf-moving,ccf,abs_trade_return_spread,-96,0.039766403323436096,0.02220907426015297,8,8096
lmf-moving,ccf,abs_trade_return_spread,-95,0.03958298892340461,0.02132869897383453,8,8097
lmf-moving,ccf,abs_trade_return_spread,-94,0.037949135850298396,0.02227166491224547,8,8098
lmf-moving,ccf,abs_trade_return_spread,-93,0.04180721274122909,0.024425240871708227,8,8099
lmf-moving,ccf,abs_trade_return_spread,-92,0.0417154563654991,0.019614102982450796,8,8100
lmf-moving,ccf,abs_trade_return_spread,-91,0.04339275651148283,0.02460524642763588,8,8101
lmf-moving,ccf,abs_trade_return_spread,-90,0.040784855059425675,0.017885093943752213,8,8102
lmf-moving,ccf,abs_trade_return_spread,-89,0.04753283062739189,0.021031693373115192,8,8103
lmf-moving,ccf,abs_trade_return_spread,-88,0.04105101068780382,0.022122813626160153,8,8104
lmf-moving,ccf,abs_trade_return_spread,-87,0.04419422902940216,0.022221973366178056,8,8105
lmf-moving,ccf,abs_trade_return_spread,-86,0.04225386981443738,0.021569964040318947,8,8106
lmf-moving,ccf,abs_trade_return_spread,-85,0.04147509818985503,0.02137780811372146,8,8107
lmf-moving,ccf,abs_trade_return_spread,-84,0.04290083846605153,0.024048291224157598,8,8108
lmf-moving,ccf,abs_trade_return_spread,-83,0.04222882475928184,0.021617047018443684,8,8109
lmf-moving,ccf,abs_trade_return_spread,-82,0.042541071887517545,0.01949228608710174,8,8110
lmf-moving,ccf,abs_trade_return_spread,-81,0.04478301157119125,0.021715589057878015,8,8111
lmf-moving,ccf,abs_trade_return_spread,-80,0.04530459013625985,0.023623105017617864,8,8112
lmf-moving,ccf,abs_trade_return_spread,-79,0.04274678191061555,0.022749933256298965,8,8113
lmf-moving,ccf,abs_trade_return_spread,-78,0.04173581514901723,0.025309400074309818,8,8114
lmf-moving,ccf,abs_trade_return_spread,-77,0.043913270129040664,0.02450192642858701,8,8115
lmf-moving,ccf,abs_trade_return_spread,-76,0.04336390229407017,0.023197998975325283,8,8116
lmf-moving,ccf,abs_trade_return_spread,-75,0.043809795714769464,0.024045170818388723,8,8117
lmf-moving,ccf,abs_trade_return_spread,-74,0.044039118897266916,0.027219882239483996,8,8118
lmf-moving,ccf,abs_trade_return_spread,-73,0.04635286559336086,0.025904744862968183,8,8119
lmf-moving,ccf,abs_trade_return_spread,-72,0.045238778879574296,0.019780136005235354,8,8120
lmf-moving,ccf,abs_trade_return_spread,-71,0.04316061658492343,0.025602297722405194,8,8121
lmf-moving,ccf,abs_trade_return_spread,-70,0.047907342212566754,0.025557512593266878,8,8122
lmf-moving,ccf,abs_trade_return_spread,-69,0.04760584493229035,0.024364540214136265,8,8123
lmf-moving,ccf,abs_trade_return_spread,-68,0.043927763837405494,0.027696145106317023,8,8124
lmf-moving,ccf,abs_trade_return_spread,-67,0.04425929591450864,0.02824332032470855,8,8125
lmf-moving,ccf,abs_trade_return_spread,-66,0.05219717900118854,0.023892657018623625,8,8126
lmf-moving,ccf,abs_trade_return_spread,-65,0.051876329174599445,0.024871562221501747,8,8127
lmf-moving,ccf,abs_trade_return_spread,-64,0.05222749725107008,0.023777895075702025,8,8128
lmf-moving,ccf,abs_trade_return_spread,-63,0.05404831881383527,0.02267835342706898,8,8129
lmf-moving,ccf,abs_trade_return_spread,-62,0.050317870244236076,0.025929652003792002,8,8130
lmf-moving,ccf,abs_trade_return_spread,-61,0.05439383565895819,0.025973392039570563,8,8131
lmf-moving,ccf,abs_trade_return_spread,-60,0.054011944151724875,0.027241024490987885,8,8132
lmf-moving,ccf,abs_trade_return_spread,-59,0.05161311236449723,0.028767788880742124,8,8133
lmf-moving,ccf,abs_trade_return_spread,-58,0.050930134545914926,0.026413616340342453,8,8134
lmf-moving,ccf,abs_trade_return_spread,-57,0.05308394530245724,0.02614883449851238,8,8135
lmf-moving,ccf,abs_trade_return_spread,-56,0.05085664177377439,0.026096476592964223,8,8136
lmf-moving,ccf,abs_trade_return_spread,-55,0.05163432763713261,0.03167134386429682,8,8137
lmf-moving,ccf,abs_trade_return_spread,-54,0.05599777781599107,0.02792532783536648,8,8138
lmf-moving,ccf,abs_trade_return_spread,-53,0.05321128610851166,0.029658577413580686,8,8139
lmf-moving,ccf,abs_trade_return_spread,-52,0.05894812706788256,0.02437568471536863,8,8140
lmf-moving,ccf,abs_trade_return_spread,-51,0.0553070993887123,0.02840267532051485,8,8141
lmf-moving,ccf,abs_trade_return_spread,-50,0.05570697290607543,0.030659490339183644,8,8142
lmf-moving,ccf,abs_trade_return_spread,-49,0.05506489067980994,0.02994407105501989,8,8143
lmf-moving,ccf,abs_trade_return_spread,-48,0.05826855821040457,0.030733377709311862,8,8144
lmf-moving,ccf,abs_trade_return_spread,-47,0.06101996441383373,0.027712271349599606,8,8145
lmf-moving,ccf,abs_trade_return_spread,-46,0.05535699016980019,0.028001043644480455,8,8146
lmf-moving,ccf,abs_trade_return_spread,-45,0.05718641324534409,0.02814331617507042,8,8147
lmf-moving,ccf,abs_trade_return_spread,-44,0.05587560133912576,0.02946626247915326,8,8148
lmf-moving,ccf,abs_trade_return_spread,-43,0.06214305151364867,0.026907402688929445,8,8149
lmf-moving,ccf,abs_trade_return_spread,-42,0.05945842962151929,0.027776994224109272,8,8150
lmf-moving,ccf,abs_trade_return_spread,-41,0.05801594928627683,0.030221616703205983,8,8151
lmf-moving,ccf,abs_trade_return_spread,-40,0.06385288337285297,0.026360012281477063,8,8152
lmf-moving,ccf,abs_trade_return_spread,-39,0.062026770539051916,0.02881663968588119,8,8153
lmf-moving,ccf,abs_trade_return_spread,-38,0.0646768238946943,0.02731201650678108,8,8154
lmf-moving,ccf,abs_trade_return_spread,-37,0.06106468069430035,0.027352287542783203,8,8155
lmf-moving,ccf,abs_trade_return_spread,-36,0.06410391750340336,0.025716298871314183,8,8156
lmf-moving,ccf,abs_trade_return_spread,-35,0.06385866485417979,0.028861416259900814,8,8157
lmf-moving,ccf,abs_trade_return_spread,-34,0.06470604584785455,0.02572066865958149,8,8158
lmf-moving,ccf,abs_trade_return_spread,-33,0.06219931870519352,0.03024262215303485,8,8159
lmf-moving,ccf,abs_trade_return_spread,-32,0.06413087386539065,0.030346568575927553,8,8160
lmf-moving,ccf,abs_trade_return_spread,-31,0.0615179652023589,0.03166782068370902,8,8161
lmf-moving,ccf,abs_trade_return_spread,-30,0.0641894666034083,0.029362647839996227,8,8162
lmf-moving,ccf,abs_trade_return_spread,-29,0.0625250120833045,0.029434079067203217,8,8163
lmf-moving,ccf,abs_trade_return_spread,-28,0.06951528535744297,0.030317292209269337,8,8164
lmf-moving,ccf,abs_trade_return_spread,-27,0.07045135659653928,0.023960794517461127,8,8165
lmf-moving,ccf,abs_trade_return_spread,-26,0.0647814352041182,0.0263245733445995,8,8166
lmf-moving,ccf,abs_trade_return_spread,-25,0.06753970216353301,0.029460701509074014,8,8167
lmf-moving,ccf,abs_trade_return_spread,-24,0.06592429520362347,0.029790349838201283,8,8168
lmf-moving,ccf,abs_trade_return_spread,-23,0.07396646780901993,0.02543879633007164,8,8169
lmf-moving,ccf,abs_trade_return_spread,-22,0.07053176801350762,0.0275734696113336,8,8170
lmf-moving,ccf,abs_trade_return_spread,-21,0.06633990259963529,0.028864281933377287,8,8171
lmf-moving,ccf,abs_trade_return_spread,-20,0.0697552533774028,0.030966117744658482,8,8172
lmf-moving,ccf,abs_trade_return_spread,-19,0.07148592226875557,0.027688420643551453,8,8173
lmf-moving,ccf,abs_trade_return_spread,-18,0.07088549164537314,0.029902304267043982,8,8174
lmf-moving,ccf,abs_trade_return_spread,-17,0.07618032137947184,0.02685701924094668,8,8175
lmf-moving,ccf,abs_trade_return_spread,-16,0.07201711835067935,0.02551669430380916,8,8176
lmf-moving,ccf,abs_trade_return_spread,-15,0.07888371863795085,0.02419471673375067,8,8177
lmf-moving,ccf,abs_trade_return_spread,-14,0.0819339369238432,0.026410243428110335,8,8178
lmf-moving,ccf,abs_trade_return_spread,-13,0.07888581688467154,0.026862119871170407,8,8179
lmf-moving,ccf,abs_trade_return_spread,-12,0.07727834506027749,0.0254420669733067,8,8180
lmf-moving,ccf,abs_trade_return_spread,-11,0.07767965636640385,0.027257639931479612,8,8181
lmf-moving,ccf,abs_trade_return_spread,-10,0.08198064653478918,0.02765349382927642,8,8182
lmf-moving,ccf,abs_trade_return_spread,-9,0.08896636435340237,0.023733683527323496,8,8183
lmf-moving,ccf,abs_trade_return_spread,-8,0.08958436140818822,0.026003723296377526,8,8184
lmf-moving,ccf,abs_trade_return_spread,-7,0.09147461357641277,0.025185936507463973,8,8185
lmf-moving,ccf,abs_trade_return_spread,-6,0.09384568746469311,0.022893619763129057,8,8186
lmf-moving,ccf,abs_trade_return_spread,-5,0.09462433169575536,0.026229868929550072,8,8187
lmf-moving,ccf,abs_trade_return_spread,-4,0.0964037804150862,0.02910669523170723,8,8188
lmf-moving,ccf,abs_trade_return_spread,-3,0.10077312715193514,0.025570806387036852,8,8189
lmf-moving,ccf,abs_trade_return_spread,-2,0.10412556385422332,0.024455398535108756,8,8190
lmf-moving,ccf,abs_trade_return_spread,-1,0.10815373569857528,0.026774972418357423,8,8191
lmf-moving,ccf,abs_trade_return_spread,0,0.12545524152992643,0.019971006724012683,8,8192
lmf-moving,ccf,abs_trade_return_spread,1,0.1604033600314116,0.012919571937370268,8,8191
lmf-moving,ccf,abs_trade_return_spread,2,0.17475764401093238,0.014294135391175553,8,8190
lmf-moving,ccf,abs_trade_return_spread,3,0.17051064206554942,0.015668099329723535,8,8189
lmf-moving,ccf,abs_trade_return_spread,4,0.168521485105588,0.01066788138503871,8,8188
lmf-moving,ccf,abs_trade_return_spread,5,0.16488332333107264,0.016068813814794445,8,8187
lmf-moving,ccf,abs_trade_return_spread,6,0.166150540110465,0.014856981397398947,8,8186
lmf-moving,ccf,abs_trade_return_spread,7,0.15795680530861134,0.015575747193267316,8,8185
lmf-moving,ccf,abs_trade_return_spread,8,0.15618654685545375,0.017834655281395686,8,8184
lmf-moving,ccf,abs_trade_return_spread,9,0.15491962430449246,0.01594610349397658,8,8183
lmf-moving,ccf,abs_trade_return_spread,10,0.15126607182092647,0.017974497110361955,8,8182
lmf-moving,ccf,abs_trade_return_spread,11,0.1484957723516349,0.01904283240197745,8,8181
lmf-moving,ccf,abs_trade_return_spread,12,0.14640439728319923,0.019447054550995064,8,8180
lmf-moving,ccf,abs_trade_return_spread,13,0.14518675540243192,0.017352767119628357,8,8179
lmf-moving,ccf,abs_trade_return_spread,14,0.14369960360438486,0.016455939712987512,8,8178
lmf-moving,ccf,abs_trade_return_spread,15,0.14315039340503016,0.018297924218229164,8,8177
lmf-moving,ccf,abs_trade_return_spread,16,0.13897270191158756,0.019528415472932548,8,8176
lmf-moving,ccf,abs_trade_return_spread,17,0.134916722778799,0.019547799955090688,8,8175
lmf-moving,ccf,abs_trade_return_spread,18,0.1363484886262736,0.020769774577150783,8,8174
lmf-moving,ccf,abs_trade_return_spread,19,0.13782210477506912,0.01823093570435455,8,8173
lmf-moving,ccf,abs_trade_return_spread,20,0.13424894104328186,0.02099093999147273,8,8172
lmf-moving,ccf,abs_trade_return_spread,21,0.1345436006972743,0.020894563115360684,8,8171
lmf-moving,ccf,abs_trade_return_spread,22,0.12909395895509723,0.021566409720692785,8,8170
lmf-moving,ccf,abs_trade_return_spread,23,0.13195688024982719,0.019732740426626094,8,8169
lmf-moving,ccf,abs_trade_return_spread,24,0.12755041887518304,0.022891866468584477,8,8168
lmf-moving,ccf,abs_trade_return_spread,25,0.12453806460291927,0.022445980111186103,8,8167
lmf-moving,ccf,abs_trade_return_spread,26,0.12797740589456597,0.021525466209340347,8,8166
lmf-moving,ccf,abs_trade_return_spread,27,0.12040279143591076,0.02473561489600476,8,8165
lmf-moving,ccf,abs_trade_return_spread,28,0.1224583921872326,0.024634074015747746,8,8164
lmf-moving,ccf,abs_trade_return_spread,29,0.12065594307292339,0.024317170311064194,8,8163
lmf-moving,ccf,abs_trade_return_spread,30,0.11810729173721662,0.02350243465508552,8,8162
lmf-moving,ccf,abs_trade_return_spread,31,0.12099516320638122,0.023998167808076978,8,8161
lmf-moving,ccf,abs_trade_return_spread,32,0.11784158876708126,0.02297460881110023,8,8160
lmf-moving,ccf,abs_trade_return_spread,33,0.11688493289102865,0.022729072389614302,8,8159
lmf-moving,ccf,abs_trade_return_spread,34,0.11499381813744411,0.02338606105536105,8,8158
lmf-moving,ccf,abs_trade_return_spread,35,0.11638215397697779,0.022971892750749,8,8157
lmf-moving,ccf,abs_trade_return_spread,36,0.11384765632304324,0.023373992218925967,8,8156
lmf-moving,ccf,abs_trade_return_spread,37,0.11481228827352657,0.021218720746605208,8,8155
lmf-moving,ccf,abs_trade_return_spread,38,0.1110936500306778,0.022291913949488755,8,8154
lmf-moving,ccf,abs_trade_return_spread,39,0.10859042170195193,0.023912303411471637,8,8153
lmf-moving,ccf,abs_trade_return_spread,40,0.10701462904058466,0.02213408314420997,8,8152
lmf-moving,ccf,abs_trade_return_spread,41,0.10388845488608203,0.025916144100730346,8,8151
lmf-moving,ccf,abs_trade_return_spread,42,0.10540146853383052,0.024635234226859086,8,8150
lmf-moving,ccf,abs_trade_return_spread,43,0.10331351883915096,0.02769351311351334,8,8149
lmf-moving,ccf,abs_trade_return_spread,44,0.1008162632293363,0.025850685941751435,8,8148
lmf-moving,ccf,abs_trade_return_spread,45,0.10587972729853257,0.023122971922613898,8,8147
lmf-moving,ccf,abs_trade_return_spread,46,0.10156014692184984,0.02553512253506692,8,8146
lmf-moving,ccf,abs_trade_return_spread,47,0.10151191787521784,0.028126702547837154,8,8145
lmf-moving,ccf,abs_trade_return_spread,48,0.10180554878257973,0.025661728780081855,8,8144
lmf-moving,ccf,abs_trade_return_spread,49,0.09561025073754638,0.030610213349389587,8,8143
lmf-moving,ccf,abs_trade_return_spread,50,0.09623419637592359,0.02867066290925122,8,8142
lmf-moving,ccf,abs_trade_return_spread,51,0.09743515953216406,0.02763552697925964,8,8141
lmf-moving,ccf,abs_trade_return_spread,52,0.09510631527708381,0.028435645069811992,8,8140
lmf-moving,ccf,abs_trade_return_spread,53,0.09455500932320135,0.029149917375894143,8,8139
lmf-moving,ccf,abs_trade_return_spread,54,0.09632468461906192,0.02610779061844489,8,8138
lmf-moving,ccf,abs_trade_return_spread,55,0.09501041987074386,0.028299632922952643,8,8137
lmf-moving,ccf,abs_trade_return_spread,56,0.0919476752328175,0.026258831384058337,8,8136
lmf-moving,ccf,abs_trade_return_spread,57,0.08905212933498075,0.028740300706538578,8,8135
lmf-moving,ccf,abs_trade_return_spread,58,0.09030236166241674,0.02936072694491365,8,8134
lmf-moving,ccf,abs_trade_return_spread,59,0.08955969583325009,0.028320445276990677,8,8133
lmf-moving,ccf,abs_trade_return_spread,60,0.09297291955384093,0.028327845773127577,8,8132
lmf-moving,ccf,abs_trade_return_spread,61,0.08898444263655007,0.029188065483169223,8,8131
lmf-moving,ccf,abs_trade_return_spread,62,0.0864028439723685,0.03049599792781439,8,8130
lmf-moving,ccf,abs_trade_return_spread,63,0.08642284330650347,0.028882378343205083,8,8129
lmf-moving,ccf,abs_trade_return_spread,64,0.08606351400556012,0.029995985841640673,8,8128
lmf-moving,ccf,abs_trade_return_spread,65,0.08206715046971884,0.029658589335538086,8,8127
lmf-moving,ccf,abs_trade_return_spread,66,0.0849170043154912,0.02873202714079811,8,8126
lmf-moving,ccf,abs_trade_return_spread,67,0.08384339754665053,0.02794998153707227,8,8125
lmf-moving,ccf,abs_trade_return_spread,68,0.08258527678367926,0.03280272447692379,8,8124
lmf-moving,ccf,abs_trade_return_spread,69,0.07990968600690734,0.03234991162586016,8,8123
lmf-moving,ccf,abs_trade_return_spread,70,0.08463431269735983,0.030329087690281857,8,8122
lmf-moving,ccf,abs_trade_return_spread,71,0.08452300072823521,0.029006879638759867,8,8121
lmf-moving,ccf,abs_trade_return_spread,72,0.07985840520598382,0.031330760917212895,8,8120
lmf-moving,ccf,abs_trade_return_spread,73,0.08011697000337889,0.030078922349193973,8,8119
lmf-moving,ccf,abs_trade_return_spread,74,0.08056369530051918,0.03045819149295763,8,8118
lmf-moving,ccf,abs_trade_return_spread,75,0.08043273461611972,0.028867027922266145,8,8117
lmf-moving,ccf,abs_trade_return_spread,76,0.07932221104383788,0.028463424269334077,8,8116
lmf-moving,ccf,abs_trade_return_spread,77,0.07471385399507559,0.02879837711142669,8,8115
lmf-moving,ccf,abs_trade_return_spread,78,0.07747088093561731,0.028143301849154173,8,8114
lmf-moving,ccf,abs_trade_return_spread,79,0.07576196857871342,0.03092987210345669,8,8113
lmf-moving,ccf,abs_trade_return_spread,80,0.07712604724813234,0.02677318537502701,8,8112
lmf-moving,ccf,abs_trade_return_spread,81,0.07838668949276593,0.02948520501635054,8,8111
lmf-moving,ccf,abs_trade_return_spread,82,0.07554842307782177,0.029404486583501744,8,8110
lmf-moving,ccf,abs_trade_return_spread,83,0.07745040237416159,0.028890794791026398,8,8109
lmf-moving,ccf,abs_trade_return_spread,84,0.0753238440748901,0.0280668059365948,8,8108
lmf-moving,ccf,abs_trade_return_spread,85,0.07524184862203004,0.028950606448538047,8,8107
lmf-moving,ccf,abs_trade_return_spread,86,0.0752046861306558,0.030683969939173123,8,8106
lmf-moving,ccf,abs_trade_return_spread,87,0.0745516155050152,0.02763207685809755,8,8105
lmf-moving,ccf,abs_trade_return_spread,88,0.07328969581098298,0.029116939036874883,8,8104
lmf-moving,ccf,abs_trade_return_spread,89,0.0718351045374718,0.029601769917076085,8,8103
lmf-moving,ccf,abs_trade_return_spread,90,0.06866219927318266,0.028861248272937002,8,8102
lmf-moving,ccf,abs_trade_return_spread,91,0.07352042361844388,0.028797925882083807,8,8101
lmf-moving,ccf,abs_trade_return_spread,92,0.06986730655105657,0.028487871300849517,8,8100
lmf-moving,ccf,abs_trade_return_spread,93,0.07127328691939233,0.02891055660107623,8,8099
lmf-moving,ccf,abs_trade_return_spread,94,0.07015999245127841,0.030687464043601936,8,8098
lmf-moving,ccf,abs_trade_return_spread,95,0.07402732243127591,0.0283446760080503,8,8097
lmf-moving,ccf,abs_trade_return_spread,96,0.07342947782802903,0.02731445798098721,8,8096
lmf-moving,ccf,abs_trade_return_spread,97,0.07192947777609356,0.029558888232099775,8,8095
lmf-moving,ccf,abs_trade_return_spread,98,0.07049029123334406,0.028021463494846213,8,8094
lmf-moving,ccf,abs_trade_return_spread,99,0.07068673301314331,0.025924463339665783,8,8093
lmf-moving,ccf,abs_trade_return_spread,100,0.07079243216689789,0.029511242081364214,8,8092
lmf-moving,ccf,abs_trade_return_spread,101,0.0708566391864256,0.02945658020884893,8,8091
lmf-moving,ccf,abs_trade_return_spread,102,0.06822973541679425,0.030961250093257075,8,8090
lmf-moving,ccf,abs_trade_return_spread,103,0.07078688266876355,0.027747652468385234,8,8089
lmf-moving,ccf,abs_trade_return_spread,104,0.06958686190605232,0.02552441746787452,8,8088
lmf-moving,ccf,abs_trade_return_spread,105,0.07181248550266019,0.027409579698518927,8,8087
lmf-moving,ccf,abs_trade_return_spread,106,0.06842275545892261,0.025913051223188915,8,8086
lmf-moving,ccf,abs_trade_return_spread,107,0.0680178106186137,0.026634344767059896,8,8085
lmf-moving,ccf,abs_trade_return_spread,108,0.06430241811407884,0.026487116974773163,8,8084
lmf-moving,ccf,abs_trade_return_spread,109,0.06753018318470874,0.025351049809355753,8,8083
lmf-moving,ccf,abs_trade_return_spread,110,0.06498449973243273,0.02594333545691721,8,8082
lmf-moving,ccf,abs_trade_return_spread,111,0.06515807790640239,0.026251552666952605,8,8081
lmf-moving,ccf,abs_trade_return_spread,112,0.06617182296050117,0.026834163407287278,8,8080
lmf-moving,ccf,abs_trade_return_spread,113,0.06681538095548754,0.0265228031449523,8,8079
lmf-moving,ccf,abs_trade_return_spread,114,0.06757871404531135,0.024962552580118407,8,8078
lmf-moving,ccf,abs_trade_return_spread,115,0.06632623755685885,0.024747573207323882,8,8077
lmf-moving,ccf,abs_trade_return_spread,116,0.06669396174044061,0.02096719231744266,8,8076
lmf-moving,ccf,abs_trade_return_spread,117,0.06431809221671865,0.02504134870927393,8,8075
lmf-moving,ccf,abs_trade_return_spread,118,0.06185255857312503,0.025894993734923856,8,8074
lmf-moving,ccf,abs_trade_return_spread,119,0.06618339370200707,0.02349529703368061,8,8073
lmf-moving,ccf,abs_trade_return_spread,120,0.06104045946498161,0.025699154264974964,8,8072
lmf-moving,ccf,abs_trade_return_spread,121,0.061560989242101787,0.025840951675190512,8,8071
lmf-moving,ccf,abs_trade_return_spread,122,0.06332605716690402,0.02421615153117996,8,8070
lmf-moving,ccf,abs_trade_return_spread,123,0.06314472962186882,0.025747849528440534,8,8069
lmf-moving,ccf,abs_trade_return_spread,124,0.06259602733187943,0.02341970707559976,8,8068
lmf-moving,ccf,abs_trade_return_spread,125,0.06265905588201243,0.02414242887670786,8,8067
lmf-moving,ccf,abs_trade_return_spread,126,0.06377503194592757,0.02277813440179764,8,8066
lmf-moving,ccf,abs_trade_return_spread,127,0.060402354716761156,0.022407178013239173,8,8065
lmf-moving,ccf,abs_trade_return_spread,128,0.06102242997463417,0.022699683852639527,8,8064
iid-moving,acf,sign,0,1.0,0.0,8,8192
iid-moving,acf,sign,1,0.0021404057048965562,0.005083611648918554,8,8191
iid-moving,acf,sign,2,-0.003933587849850165,0.006628921611344473,8,8190
iid-moving,acf,sign,3,0.0019576468906232335,0.009652947315624964,8,8189
iid-moving,acf,sign,4,0.008003615535887937,0.005838128804028061,8,8188
iid-moving,acf,sign,5,-0.0032333355067306765,0.004499494790434905,8,8187
iid-moving,acf,sign,6,-0.0033859273134613076,0.007703546468060426,8,8186
iid-moving,acf,sign,7,-0.0024397447858493337,0.006379962231354503,8,8185
iid-moving,acf,sign,8,0.00666298124723656,0.010753455054541955,8,8184
iid-moving,acf,sign,9,0.0020498223806313153,0.00631186243926103,8,8183
iid-moving,acf,sign,10,-0.0040622604210233445,0.0064115451776630234,8,8182
iid-moving,acf,sign,11,-0.0006700804506422347,0.006755055948830174,8,8181
iid-moving,acf,sign,12,-0.0035740764467392166,0.0072841466740455035,8,8180
iid-moving,acf,sign,13,0.00043035139708885316,0.005097555688577322,8,8179
iid-moving,acf,sign,14,-0.008221005687558543,0.01296564051249828,8,8178
iid-moving,acf,sign,15,0.003548959863523292,0.007384302034023792,8,8177
iid-moving,acf,sign,16,0.00110261909979676,0.009084657110218535,8,8176
iid-moving,acf,sign,17,-0.0005188964709263043,0.008920586644919275,8,8175
iid-moving,acf,sign,18,0.006730246492814678,0.005367007021121212,8,8174
iid-moving,acf,sign,19,0.005018037234483823,0.006581073906391946,8,8173
iid-moving,acf,sign,20,0.008076952280444291,0.013118515707765233,8,8172
iid-moving,acf,sign,21,0.00024447961749542635,0.006465101864928981,8,8171
iid-moving,acf,sign,22,-0.0014697359203971034,0.003997054905611768,8,8170
iid-moving,acf,sign,23,2.94312313972068e-05,0.0037799475191428135,8,8169
iid-moving,acf,sign,24,-0.004225929480500851,0.00556554542333895,8,8168
iid-moving,acf,sign,25,0.003119809602352401,0.007306369762165984,8,8167
iid-moving,acf,sign,26,0.00012095174649709428,0.009461825538955797,8,8166
iid-moving,acf,sign,27,0.0029692743837708116,0.006480231510199352,8,8165
iid-moving,acf,sign,28,-0.006095103617272886,0.007541163750984258,8,8164
iid-moving,acf,sign,29,3.0125503594597e-05,0.0059030610934558995,8,8163
iid-moving,acf,sign,30,-0.002481506910210936,0.008043836287641371,8,8162
iid-moving,acf,sign,31,-0.0030029603313364937,0.006190159511348361,8,8161
iid-moving,acf,sign,32,0.0008574769150884853,0.006996173600583847,8,8160
iid-moving,acf,sign,33,-0.002911288169627716,0.010538814031060263,8,8159
iid-moving,acf,sign,34,-0.006436574877723393,0.0059734781377452145,8,8158
iid-moving,acf,sign,35,-0.0009209027240136445,0.007004291178570435,8,8157
iid-moving,acf,sign,36,-0.008217131542911156,0.007471427487004668,8,8156
iid-moving,acf,sign,37,0.0008874792353419851,0.005793726276613644,8,8155
iid-moving,acf,sign,38,0.0011641899289635746,0.010587908209651312,8,8154
iid-moving,acf,sign,39,0.0012249589617401488,0.013215911187257196,8,8153
iid-moving,acf,sign,40,0.006071267545426983,0.0067345982975280366,8,8152
iid-moving,acf,sign,41,-0.001964525844169583,0.005118626208094648,8,8151
iid-moving,acf,sign,42,-0.001382048043246579,0.007293977988759997,8,8150
iid-moving,acf,sign,43,0.0012856875933141515,0.007563759738305928,8,8149
iid-moving,acf,sign,44,-0.0062013033886178,0.006547154052823379,8,8148
iid-moving,acf,sign,45,-0.004421776934582209,0.01043775691505261,8,8147
iid-moving,acf,sign,46,0.0005798719026859865,0.007040985508736436,8,8146
iid-moving,acf,sign,47,-0.00163138937434121,0.008248939587915003,8,8145
iid-moving,acf,sign,48,-0.005868549880954605,0.009682077844804328,8,8144
iid-moving,acf,sign,49,-0.004118450775335121,0.007822413319051653,8,8143
iid-moving,acf,sign,50,-0.001325298571974714,0.00654511681217758,8,8142
iid-moving,acf,sign,51,-0.005716418048462866,0.012004394761702935,8,8141
iid-moving,acf,sign,52,-0.006883893340777509,0.010589227197134662,8,8140
iid-moving,acf,sign,53,0.0036816852521843477,0.004235849825817881,8,8139
iid-moving,acf,sign,54,0.0014699523935543133,0.012209832127476694,8,8138
iid-moving,acf,sign,55,-0.005474456719579138,0.009627223073202336,8,8137
iid-moving,acf,sign,56,-0.004520774526444747,0.012171232087918949,8,8136
iid-moving,acf,sign,57,-0.009224118918346857,0.010507119265465806,8,8135
iid-moving,acf,sign,58,0.00217846135880533,0.007343744790257513,8,8134
iid-moving,acf,sign,59,0.0024858316511199305,0.006738398609783821,8,8133
iid-moving,acf,sign,60,-0.0028012243136571716,0.005608577687027421,8,8132
iid-moving,acf,sign,61,0.0019027342599744856,0.007575398434481634,8,8131
iid-moving,acf,sign,62,-0.0008031262827849189,0.007073672633621829,8,8130
iid-moving,acf,sign,63,-0.0008653435725611608,0.00572524670797138,8,8129
iid-moving,acf,sign,64,0.0018097450796660886,0.009417123732770365,8,8128
iid-moving,acf,sign,65,0.0004253839064935383,0.005213710486707794,8,8127
iid-moving,acf,sign,66,0.0020254475494131093,0.0038589173288271932,8,8126
iid-moving,acf,sign,67,0.0046115889700567405,0.00582774128975431,8,8125
iid-moving,acf,sign,68,-0.0040353869980983195,0.007633834834235501,8,8124
iid-moving,acf,sign,69,-0.0029593753699952473,0.007668558142180065,8,8123
iid-moving,acf,sign,70,-0.00298907064857384,0.007759587863127569,8,8122
iid-moving,acf,sign,71,-0.0004652527748867216,0.007711882841605567,8,8121
iid-moving,acf,sign,72,-0.003112238055917148,0.008798763241558032,8,8120
iid-moving,acf,sign,73,-0.0032055256436500906,0.008210548823153328,8,8119
iid-moving,acf,sign,74,0.0034453114969920633,0.0065076297103406015,8,8118
iid-moving,acf,sign,75,-0.003084632083704657,0.010883780001486152,8,8117
iid-moving,acf,sign,76,0.0038161014168712646,0.008741100082969829,8,8116
iid-moving,acf,sign,77,0.0031384488898413766,0.006110616429860512,8,8115
iid-moving,acf,sign,78,0.0020900115858011412,0.011098864073775014,8,8114
iid-moving,acf,sign,79,-0.00413327503349687,0.009988412629151453,8,8113
iid-moving,acf,sign,80,-0.00025039360613819835,0.011485164207457163,8,8112
iid-moving,acf,sign,81,0.0011663286058226606,0.006402542862918827,8,8111
iid-moving,acf,sign,82,0.002059696865960282,0.0060009858903928666,8,8110
iid-moving,acf,sign,83,0.0029230351743976786,0.007590690722641886,8,8109
iid-moving,acf,sign,84,-0.0025660655756826983,0.007400689567022248,8,8108
iid-moving,acf,sign,85,-0.0007160912828997569,0.0063431820815867115,8,8107
iid-moving,acf,sign,86,0.003324958783212158,0.007803637777321563,8,8106
iid-moving,acf,sign,87,-0.005928438082900832,0.006404483132303032,8,8105
iid-moving,acf,sign,88,0.0008893618952372338,0.00734203087058405,8,8104
iid-moving,acf,sign,89,-0.0005300500694755156,0.004035992217943634,8,8103
iid-moving,acf,sign,90,-0.004264157146479488,0.009418292984823298,8,8102
iid-moving,acf,sign,91,0.0034210560917300797,0.009703799428548588,8,8101
iid-moving,acf,sign,92,0.0012601354346572949,0.009677086428437518,8,8100
iid-moving,acf,sign,93,-0.004204193403639716,0.006178142828466176,8,8099
iid-moving,acf,sign,94,0.0005499131239281886,0.008103156712175975,8,8098
iid-moving,acf,sign,95,0.003142944205170044,0.005042372405901491,8,8097
iid-moving,acf,sign,96,-0.002260048013748492,0.005793941167794618,8,8096
iid-moving,acf,sign,97,0.00212505334638271,0.00633016833665371,8,8095
iid-moving,acf,sign,98,-0.0001298109039732727,0.01134630557745021,8,8094
iid-moving,acf,sign,99,-0.0007180557415281043,0.0035929856651883306,8,8093
iid-moving,acf,sign,100,0.0018159069791735484,0.007692049293144497,8,8092
iid-moving,acf,sign,101,-0.0035598864625521593,0.006466336966016409,8,8091
iid-moving,acf,sign,102,-0.0036833587612082317,0.011580757122497872,8,8090
iid-moving,acf,sign,103,-0.002046693933871151,0.006923050822493777,8,8089
iid-moving,acf,sign,104,0.0065149400009745975,0.008528514193446187,8,8088
iid-moving,acf,sign,105,0.0016317852052953356,0.008073781983981905,8,8087
iid-moving,acf,sign,106,0.0006118073441570306,0.008093750926286017,8,8086
iid-moving,acf,sign,107,0.0036421667526097138,0.008695977322655394,8,8085
iid-moving,acf,sign,108,-9.882152200394622e-05,0.007889712145440746,8,8084
iid-moving,acf,sign,109,0.0009842424041027584,0.008535551727177742,8,8083
iid-moving,acf,sign,110,-0.004956236388455498,0.008037538044299115,8,8082
iid-moving,acf,sign,111,-0.004151099785817127,0.0072915064764544225,8,8081
iid-moving,acf,sign,112,0.0007366912303611729,0.006264602905382471,8,8080
iid-moving,acf,sign,113,-0.006255911095746025,0.004826961961518694,8,8079
iid-moving,acf,sign,114,0.0007693335308282263,0.008075700116146776,8,8078
iid-moving,acf,sign,115,0.002812300415187866,0.007541601635332966,8,8077
iid-moving,acf,sign,116,0.0016368411083809698,0.008188997712241396,8,8076
iid-moving,acf,sign,117,0.002286815490240068,0.003601431676140337,8,8075
iid-moving,acf,sign,118,-0.0022960134741813734,0.006327320910566638,8,8074
iid-moving,acf,sign,119,-0.0028529672473316843,0.00865737095161426,8,8073
iid-moving,acf,sign,120,-0.0032872938724472674,0.006289449385087208,8,8072
iid-moving,acf,sign,121,-0.0077186142438868625,0.006021632640867234,8,8071
iid-moving,acf,sign,122,0.002813319976336744,0.005801165666053069,8,8070
iid-moving,acf,sign,123,0.004580741653753168,0.006622567324712566,8,8069
iid-moving,acf,sign,124,-0.006171458650637561,0.006032884425481242,8,8068
iid-moving,acf,sign,125,-0.0007177435726169702,0.00788647869999215,8,8067
iid-moving,acf,sign,126,-0.00425128745238341,0.0054047052684736635,8,8066
iid-moving,acf,sign,127,0.00015133921310469948,0.0048415876931682394,8,8065
iid-moving,acf,sign,128,-9.719978132622297e-05,0.008722416517371316,8,8064
iid-moving,acf,mid_return,0,1.0,0.0,8,8192
iid-moving,acf,mid_return,1,-0.2795250971575972,0.003928147008934197,8,8191
iid-moving,acf,mid_return,2,-0.09739185197667638,0.006802574087396527,8,8190
iid-moving,acf,mid_return,3,-0.03830924154683218,0.010285492696303017,8,8189
iid-moving,acf,mid_return,4,-0.012887274566581522,0.009119538176355739,8,8188
iid-moving,acf,mid_return,5,-0.015753540149526297,0.006642895282525503,8,8187
iid-moving,acf,mid_return,6,-0.012326259956439139,0.007177095377725075,8,8186
iid-moving,acf,mid_return,7,-0.008131324048980058,0.005072707824191294,8,8185
iid-moving,acf,mid_return,8,0.0017295063253060148,0.00968909360302527,8,8184
iid-moving,acf,mid_return,9,-0.0032536649755830122,0.005361208845490927,8,8183
iid-moving,acf,mid_return,10,-0.006391511869140595,0.006411822056677788,8,8182
iid-moving,acf,mid_return,11,-0.0008910367625651469,0.0083599810282507,8,8181
iid-moving,acf,mid_return,12,-0.004699417782920604,0.008168225249209361,8,8180
iid-moving,acf,mid_return,13,-0.0004505587639357312,0.0067895648600304415,8,8179
iid-moving,acf,mid_return,14,-0.010508834338961891,0.009030023578590835,8,8178
iid-moving,acf,mid_return,15,0.005278777794929236,0.009011924092095355,8,8177
iid-moving,acf,mid_return,16,-0.0015215865079258807,0.01381063905950164,8,8176
iid-moving,acf,mid_return,17,-0.003950306103189178,0.008953580433782023,8,8175
iid-moving,acf,mid_return,18,0.0033799374664567985,0.005660585240601512,8,8174
iid-moving,acf,mid_return,19,-0.0009482085557697224,0.00982599672225198,8,8173
iid-moving,acf,mid_return,20,0.0066800132570967435,0.014370976635042026,8,8172
iid-moving,acf,mid_return,21,-0.0030772156830018325,0.005434118693719886,8,8171
iid-moving,acf,mid_return,22,-0.00223831434009822,0.008599234622845967,8,8170
iid-moving,acf,mid_return,23,-0.0006685876555350633,0.006097768092649529,8,8169
iid-moving,acf,mid_return,24,-0.004029208268854925,0.006498237594702853,8,8168
iid-moving,acf,mid_return,25,0.0012756844764629477,0.007679519704255968,8,8167
iid-moving,acf,mid_return,26,0.001634428831285427,0.010199179358848004,8,8166
iid-moving,acf,mid_return,27,0.001235783526766508,0.009318181394046653,8,8165
iid-moving,acf,mid_return,28,-0.005193584952066763,0.007954242040997454,8,8164
iid-moving,acf,mid_return,29,0.004126891698611206,0.005305906553162082,8,8163
iid-moving,acf,mid_return,30,-0.003633266035917528,0.006607406035264852,8,8162
iid-moving,acf,mid_return,31,-0.0013024118562493308,0.004304699145762465,8,8161
iid-moving,acf,mid_return,32,0.0018609788313906307,0.006993185904181303,8,8160
iid-moving,acf,mid_return,33,0.0006231357495522659,0.012717310809109058,8,8159
iid-moving,acf,mid_return,34,-0.00403444242559616,0.008173320866269465,8,8158
iid-moving,acf,mid_return,35,0.0013584523083863315,0.0068105067325488905,8,8157
iid-moving,acf,mid_return,36,-0.007965628198865727,0.009305547362520114,8,8156
iid-moving,acf,mid_return,37,0.0031350075941391923,0.007183162728067555,8,8155
iid-moving,acf,mid_return,38,0.001897985002578847,0.011508572638377589,8,8154
iid-moving,acf,mid_return,39,-0.0013190588006884055,0.01384142584469528,8,8153
iid-moving,acf,mid_return,40,0.006541049310941409,0.00834274517090998,8,8152
iid-moving,acf,mid_return,41,-0.0017224808783557048,0.005717743394049923,8,8151
iid-moving,acf,mid_return,42,-0.0028600422866212546,0.006687416863659101,8,8150
iid-moving,acf,mid_return,43,0.00492556561127058,0.006719208199435493,8,8149
iid-moving,acf,mid_return,44,-0.00537429958315854,0.008705548023440797,8,8148
iid-moving,acf,mid_return,45,-0.0020677614042347893,0.011411172267846569,8,8147
iid-moving,acf,mid_return,46,0.005097634978288007,0.007897908218088693,8,8146
iid-moving,acf,mid_return,47,-5.44544457662992e-05,0.009320855486225117,8,8145
iid-moving,acf,mid_return,48,-0.00268918640033199,0.009792707622999622,8,8144
iid-moving,acf,mid_return,49,-0.0033963512778163204,0.009042170615389913,8,8143
iid-moving,acf,mid_return,50,0.0030275651464658528,0.005291102781704585,8,8142
iid-moving,acf,mid_return,51,-0.0020091645477537117,0.011854651941139101,8,8141
iid-moving,acf,mid_return,52,-0.005490255731506468,0.010697996489934965,8,8140
iid-moving,acf,mid_return,53,0.005424613697499638,0.008060049898717286,8,8139
iid-moving,acf,mid_return,54,0.004929913121993533,0.012053298702264896,8,8138
iid-moving,acf,mid_return,55,-0.005583177636016124,0.010108090410177697,8,8137
iid-moving,acf,mid_return,56,0.002600999975725598,0.011649413183467041,8,8136
iid-moving,acf,mid_return,57,-0.008669978266431972,0.011386447210342841,8,8135
iid-moving,acf,mid_return,58,0.0015519321708809476,0.010204832510921748,8,8134
iid-moving,acf,mid_return,59,0.00534667396503298,0.008034210693281656,8,8133
iid-moving,acf,mid_return,60,-0.003361507272859291,0.006119244380697818,8,8132
iid-moving,acf,mid_return,61,0.00312027699030181,0.006365320795944919,8,8131
iid-moving,acf,mid_return,62,-0.002011825549521375,0.007052940788926153,8,8130
iid-moving,acf,mid_return,63,-1.591604336086648e-05,0.007357644549706133,8,8129
iid-moving,acf,mid_return,64,-0.0002915957406044701,0.00888794711524486,8,8128
iid-moving,acf,mid_return,65,0.0013037741839239275,0.006100150728567027,8,8127
iid-moving,acf,mid_return,66,-6.857361893507457e-05,0.005401721292413509,8,8126
iid-moving,acf,mid_return,67,0.00655355153957829,0.006698423739101816,8,8125
iid-moving,acf,mid_return,68,-0.004925226016736719,0.006523949928713093,8,8124
iid-moving,acf,mid_return,69,-0.0004194928428672169,0.010966802576433518,8,8123
iid-moving,acf,mid_return,70,-0.0017994881112918994,0.008753021513492507,8,8122
iid-moving,acf,mid_return,71,0.001387517979007598,0.007503628428294272,8,8121
iid-moving,acf,mid_return,72,-0.0022034396905107794,0.008262619294962801,8,8120
iid-moving,acf,mid_return,73,-0.0035159106079666633,0.011073642943488287,8,8119
iid-moving,acf,mid_return,74,0.005960626987591623,0.010067940062852138,8,8118
iid-moving,acf,mid_return,75,-0.005315218091312645,0.011724940601205908,8,8117
iid-moving,acf,mid_return,76,0.0028303242108609723,0.009059767717611867,8,8116
iid-moving,acf,mid_return,77,0.0034460068127686377,0.010158690302886015,8,8115
iid-moving,acf,mid_return,78,0.001449465859742625,0.012178773775175488,8,8114
iid-moving,acf,mid_return,79,-0.005019454287849632,0.007248813017989275,8,8113
iid-moving,acf,mid_return,80,-0.0005029367724843269,0.010960138979217797,8,8112
iid-moving,acf,mid_return,81,0.0016820194291276226,0.008733564799225664,8,8111
iid-moving,acf,mid_return,82,0.0003371425879447195,0.006873723167804107,8,8110
iid-moving,acf,mid_return,83,0.003464861677103839,0.007502470093236169,8,8109
iid-moving,acf,mid_return,84,-0.004048897403939056,0.007978718690373376,8,8108
iid-moving,acf,mid_return,85,-0.0015454045194108906,0.005824826402004408,8,8107
iid-moving,acf,mid_return,86,0.007030126487252669,0.007122647623859689,8,8106
iid-moving,acf,mid_return,87,-0.006541196004080985,0.008188416477641906,8,8105
iid-moving,acf,mid_return,88,0.0019519804070662152,0.007941791737839729,8,8104
iid-moving,acf,mid_return,89,0.0009958471627648032,0.005987938943517806,8,8103
iid-moving,acf,mid_return,90,-0.007340489616464737,0.01018650381427863,8,8102
iid-moving,acf,mid_return,91,0.00765728875429211,0.010815852734996866,8,8101
iid-moving,acf,mid_return,92,-9.879344529117894e-05,0.009260976469805901,8,8100
iid-moving,acf,mid_return,93,-0.005340747044216158,0.006194256888502023,8,8099
iid-moving,acf,mid_return,94,0.0038663380249430155,0.00912118278296952,8,8098
iid-moving,acf,mid_return,95,0.0009847338754096994,0.0060248121248594215,8,8097
iid-moving,acf,mid_return,96,-0.003201034673344104,0.005692384948350358,8,8096
iid-moving,acf,mid_return,97,0.003012544527007801,0.0069849914860004025,8,8095
iid-moving,acf,mid_return,98,-0.00018293570837969448,0.009881111279413272,8,8094
iid-moving,acf,mid_return,99,-0.0014117068075752159,0.005361833265336911,8,8093
iid-moving,acf,mid_return,100,0.0033012162414127145,0.007075513323472465,8,8092
iid-moving,acf,mid_return,101,-0.0007332527996469247,0.005595056086482973,8,8091
iid-moving,acf,mid_return,102,-0.007311876649632242,0.009027092280001677,8,8090
iid-moving,acf,mid_return,103,0.000997652556950079,0.006289309557978953,8,8089
iid-moving,acf,mid_return,104,0.00568198829041165,0.010878544897401745,8,8088
iid-moving,acf,mid_return,105,-0.0008533678519752507,0.007545836921990161,8,8087
iid-moving,acf,mid_return,106,-0.0011553846365042445,0.009291998863303242,8,8086
iid-moving,acf,mid_return,107,0.004583843058073637,0.010332443123220496,8,8085
iid-moving,acf,mid_return,108,-0.001811207708080324,0.00856861213021943,8,8084
iid-moving,acf,mid_return,109,0.0018041099633627467,0.009837791485688117,8,8083
iid-moving,acf,mid_return,110,-0.002325922105795723,0.008641785942426065,8,8082
iid-moving,acf,mid_return,111,-0.003909389832115041,0.0053799105662007,8,8081
iid-moving,acf,mid_return,112,0.0031373078877993403,0.007315538044119841,8,8080
iid-moving,acf,mid_return,113,-0.005356407660939704,0.005637883266373941,8,8079
iid-moving,acf,mid_return,114,0.0027807005364861807,0.008832141615112846,8,8078
iid-moving,acf,mid_return,115,0.0013354687985455587,0.006351623021696934,8,8077
iid-moving,acf,mid_return,116,0.0018969000179766308,0.008185661192116507,8,8076
iid-moving,acf,mid_return,117,0.0031078841616636794,0.0037327913180086082,8,8075
iid-moving,acf,mid_return,118,-0.002940423555953517,0.006724732397268215,8,8074
iid-moving,acf,mid_return,119,-0.000239781883764532,0.009824255476049232,8,8073
iid-moving,acf,mid_return,120,-0.0005692304968076907,0.006977359796223269,8,8072
iid-moving,acf,mid_return,121,-0.007348457776221432,0.00815282461973272,8,8071
iid-moving,acf,mid_return,122,0.005031628693737397,0.0048766251795183185,8,8070
iid-moving,acf,mid_return,123,0.0052595250812865505,0.004013110347600997,8,8069
iid-moving,acf,mid_return,124,-0.0048849543786876224,0.006793205184534801,8,8068
iid-moving,acf,mid_return,125,0.00241865149894914,0.006644779870991032,8,8067
iid-moving,acf,mid_return,126,-0.0050474865584007435,0.008230976256120685,8,8066
iid-moving,acf,mid_return,127,0.003287377618230192,0.005511325122373554,8,8065
iid-moving,acf,mid_return,128,-0.0013632170120989307,0.009968146965397204,8,8064
iid-moving,acf,trade_return,0,1.0,0.0,8,8192
iid-moving,acf,trade_return,1,-0.4963785255919003,0.003071517367790937,8,8191
iid-moving,acf,trade_return,2,-0.006315856641316401,0.00830944292842834,8,8190
iid-moving,acf,trade_return,3,-0.00015518204322070416,0.011744178928008399,8,8189
iid-moving,acf,trade_return,4,0.008523575198342763,0.008639637648676868,8,8188
iid-moving,acf,trade_return,5,-0.005466163682532881,0.00623129524231829,8,8187
iid-moving,acf,trade_return,6,-0.0006178031427412187,0.007303742134838873,8,8186
iid-moving,acf,trade_return,7,-0.004046013232601082,0.006339232654290891,8,8185
iid-moving,acf,trade_return,8,0.006846459059963679,0.00897118811931865,8,8184
iid-moving,acf,trade_return,9,0.0006747531043098712,0.005612267437880818,8,8183
iid-moving,acf,trade_return,10,-0.004688672709349493,0.005791428313844024,8,8182
iid-moving,acf,trade_return,11,0.0030646674376054736,0.004563324306858529,8,8181
iid-moving,acf,trade_return,12,-0.0034545438514914685,0.005103474590231775,8,8180
iid-moving,acf,trade_return,13,0.00626738846967246,0.00730336972770311,8,8179
iid-moving,acf,trade_return,14,-0.010137958520365297,0.011334681837982514,8,8178
iid-moving,acf,trade_return,15,0.0071219391127774045,0.010819919154758382,8,8177
iid-moving,acf,trade_return,16,-0.0003991834972394547,0.014673709749558079,8,8176
iid-moving,acf,trade_return,17,-0.00443584022085933,0.01161770752324663,8,8175
iid-moving,acf,trade_return,18,0.0044273838032037344,0.006660350316493921,8,8174
iid-moving,acf,trade_return,19,-0.0023810095126384346,0.011086733050323802,8,8173
iid-moving,acf,trade_return,20,0.005574305424095879,0.013896085812001274,8,8172
iid-moving,acf,trade_return,21,-0.0031189683441276623,0.006635822221474581,8,8171
iid-moving,acf,trade_return,22,-0.0016325981465578204,0.007064764599389697,8,8170
iid-moving,acf,trade_return,23,0.0028467784131222043,0.004153438411384092,8,8169
iid-moving,acf,trade_return,24,-0.005724761649640419,0.0030569816344414853,8,8168
iid-moving,acf,trade_return,25,0.005094625104169803,0.006455640250501725,8,8167
iid-moving,acf,trade_return,26,-0.002892302803601683,0.009236720296561104,8,8166
iid-moving,acf,trade_return,27,0.005919635872990215,0.00955611587318889,8,8165
iid-moving,acf,trade_return,28,-0.007574505091536426,0.008404180775837988,8,8164
iid-moving,acf,trade_return,29,0.00431649232259872,0.0065823848291724,8,8163
iid-moving,acf,trade_return,30,-0.0010050917670488815,0.007698986820973559,8,8162
iid-moving,acf,trade_return,31,-0.0021565608642638806,0.006927515146464575,8,8161
iid-moving,acf,trade_return,32,0.003764123403327279,0.008278662636144855,8,8160
iid-moving,acf,trade_return,33,-4.9768387081209406e-05,0.012491112909987664,8,8159
iid-moving,acf,trade_return,34,-0.004543436875055669,0.008459153823842911,8,8158
iid-moving,acf,trade_return,35,0.006395279173429335,0.006758503304557953,8,8157
iid-moving,acf,trade_return,36,-0.008254008045363926,0.011092401243159855,8,8156
iid-moving,acf,trade_return,37,0.004396295156004616,0.009046294477545213,8,8155
iid-moving,acf,trade_return,38,0.0002176277026376377,0.012897744417006361,8,8154
iid-moving,acf,trade_return,39,-0.002429482962445169,0.014776937902134772,8,8153
iid-moving,acf,trade_return,40,0.0064476804102542445,0.009120472995380213,8,8152
iid-moving,acf,trade_return,41,-0.0042986485508816116,0.006726882083001787,8,8151
iid-moving,acf,trade_return,42,-0.0010579460760883406,0.006281197327011761,8,8150
iid-moving,acf,trade_return,43,0.005024744316156537,0.007576146339635398,8,8149
iid-moving,acf,trade_return,44,-0.004637822804003739,0.009894996554859132,8,8148
iid-moving,acf,trade_return,45,-0.0014940465674408588,0.010596864795670506,8,8147
iid-moving,acf,trade_return,46,0.003587971969744318,0.005942930887385219,8,8146
iid-moving,acf,trade_return,47,0.001025812898003877,0.011000375216246855,8,8145
iid-moving,acf,trade_return,48,-0.0030918671504902543,0.010147535259580178,8,8144
iid-moving,acf,trade_return,49,-0.0005068485982205619,0.010107293286819544,8,8143
iid-moving,acf,trade_return,50,0.0035958339128135818,0.008384501267701657,8,8142
iid-moving,acf,trade_return,51,-0.0015942858310051759,0.013211826597597556,8,8141
iid-moving,acf,trade_return,52,-0.00583994014315591,0.012459793577861053,8,8140
iid-moving,acf,trade_return,53,0.0062699247684606515,0.011603222607629273,8,8139
iid-moving,acf,trade_return,54,0.002531106778273683,0.012320758263471043,8,8138
iid-moving,acf,trade_return,55,-0.004079684972487953,0.013406584053301189,8,8137
iid-moving,acf,trade_return,56,0.002881645757758885,0.014213617724918923,8,8136
iid-moving,acf,trade_return,57,-0.008062949677201739,0.012001104424770273,8,8135
iid-moving,acf,trade_return,58,0.005563820962509759,0.011722054168353419,8,8134
iid-moving,acf,trade_return,59,0.0027613907647535815,0.009408281824237101,8,8133
iid-moving,acf,trade_return,60,-0.005035934257643237,0.008596626355080378,8,8132
iid-moving,acf,trade_return,61,0.003771604352462509,0.012224542286988185,8,8131
iid-moving,acf,trade_return,62,-0.0014016509803470147,0.011149213554151705,8,8130
iid-moving,acf,trade_return,63,-0.0012748532841025352,0.009514657034602065,8,8129
iid-moving,acf,trade_return,64,0.0019745870583923937,0.01055612551594636,8,8128
iid-moving,acf,trade_return,65,-0.001374743156688726,0.008466787945610376,8,8127
iid-moving,acf,trade_return,66,-0.000609376382593067,0.007205748786930914,8,8126
iid-moving,acf,trade_return,67,0.0057151768527393555,0.00985187795845507,8,8125
iid-moving,acf,trade_return,68,-0.004905703787436974,0.010196891924974673,8,8124
iid-moving,acf,trade_return,69,0.0005035885333188593,0.012185048621181593,8,8123
iid-moving,acf,trade_return,70,-0.0012188244018537762,0.0100047608819137,8,8122
iid-moving,acf,trade_return,71,0.0025649510518339427,0.008121246943652554,8,8121
iid-moving,acf,trade_return,72,-0.0012395854458274705,0.008783710093054195,8,8120
iid-moving,acf,trade_return,73,-0.003490078804417602,0.011561189644854314,8,8119
iid-moving,acf,trade_return,74,0.006714534670320047,0.009230995755789234,8,8118
iid-moving,acf,trade_return,75,-0.00671971003138988,0.010094685441563686,8,8117
iid-moving,acf,trade_return,76,0.0037147546747681092,0.009446559838946036,8,8116
iid-moving,acf,trade_return,77,0.0002676101313502676,0.013586286701542391,8,8115
iid-moving,acf,trade_return,78,0.00249464463953852,0.012612060219344863,8,8114
iid-moving,acf,trade_return,79,-0.005022534499120606,0.007434038398631171,8,8113
iid-moving,acf,trade_return,80,0.0012555834854505094,0.011713925429355508,8,8112
iid-moving,acf,trade_return,81,0.00022632970618580465,0.010657367280665443,8,8111
iid-moving,acf,trade_return,82,6.547763979839957e-05,0.008815751006974062,8,8110
iid-moving,acf,trade_return,83,0.003201082169179868,0.009894217950061837,8,8109
iid-moving,acf,trade_return,84,-0.0037323036715893087,0.009232353860169424,8,8108
iid-moving,acf,trade_return,85,-0.001151837802961615,0.005918463247208389,8,8107
iid-moving,acf,trade_return,86,0.006768299680546904,0.0069191567983544824,8,8106
iid-moving,acf,trade_return,87,-0.008091985566542701,0.006958259450446024,8,8105
iid-moving,acf,trade_return,88,0.004103096669654957,0.0055991257464537625,8,8104
iid-moving,acf,trade_return,89,0.0012242052863331377,0.005519888740250262,8,8103
iid-moving,acf,trade_return,90,-0.005846808934327888,0.01252742643645094,8,8102
iid-moving,acf,trade_return,91,0.005081512591843711,0.014064227035785613,8,8101
iid-moving,acf,trade_return,92,0.0015554485496532358,0.009707372282763629,8,8100
iid-moving,acf,trade_return,93,-0.005086376610108822,0.008999769395114848,8,8099
iid-moving,acf,trade_return,94,0.0011073663475055149,0.010567773045601163,8,8098
iid-moving,acf,trade_return,95,0.003934366904267085,0.005788422022100664,8,8097
iid-moving,acf,trade_return,96,-0.004860189964968272,0.006276659001518542,8,8096
iid-moving,acf,trade_return,97,0.0033355400180994765,0.011107108848054792,8,8095
iid-moving,acf,trade_return,98,-0.0008794437593506543,0.013201718012470654,8,8094
iid-moving,acf,trade_return,99,-0.0015068107668823338,0.00971890721105992,8,8093
iid-moving,acf,trade_return,100,0.003936646067007102,0.009151757827772654,8,8092
iid-moving,acf,trade_return,101,-0.0026124084134955435,0.0056765383569231465,8,8091
iid-moving,acf,trade_return,102,-0.0008910188877085652,0.009004850460617338,8,8090
iid-moving,acf,trade_return,103,-0.003531123311461028,0.006824517994839632,8,8089
iid-moving,acf,trade_return,104,0.006756483502992023,0.008147768209550281,8,8088
iid-moving,acf,trade_return,105,-0.0018547495878546494,0.007966476521354952,8,8087
iid-moving,acf,trade_return,106,-0.002061847531536508,0.011349192281493033,8,8086
iid-moving,acf,trade_return,107,0.003341109573329148,0.010283746495157448,8,8085
iid-moving,acf,trade_return,108,-0.002378051028904403,0.010216957086897481,8,8084
iid-moving,acf,trade_return,109,0.0035671741360909686,0.012360863057198255,8,8083
iid-moving,acf,trade_return,110,-0.00343655227423243,0.009984740286561527,8,8082
iid-moving,acf,trade_return,111,-0.0020572728087056187,0.007091348461509748,8,8081
iid-moving,acf,trade_return,112,0.0059731356677473115,0.007043226134383806,8,8080
iid-moving,acf,trade_return,113,-0.007029804257087093,0.004566357474193356,8,8079
iid-moving,acf,trade_return,114,0.002520416930104504,0.006798892704875726,8,8078
iid-moving,acf,trade_return,115,0.001626796323312467,0.007756729810973915,8,8077
iid-moving,acf,trade_return,116,-0.0009295526666079988,0.009157556872176632,8,8076
iid-moving,acf,trade_return,117,0.002664495046939079,0.004941319945902761,8,8075
iid-moving,acf,trade_return,118,-0.002045998552949278,0.007417847277116219,8,8074
iid-moving,acf,trade_return,119,-0.0001362401591994216,0.011675563785584089,8,8073
iid-moving,acf,trade_return,120,0.002077280803812213,0.010177110579657232,8,8072
iid-moving,acf,trade_return,121,-0.00752764549213753,0.006004282894056505,8,8071
iid-moving,acf,trade_return,122,0.004357987125330602,0.004336684287351787,8,8070
iid-moving,acf,trade_return,123,0.006278205686710152,0.004987683978978074,8,8069
iid-moving,acf,trade_return,124,-0.008079276822883558,0.007448337990600537,8,8068
iid-moving,acf,trade_return,125,0.004476096678206147,0.009076093319806647,8,8067
iid-moving,acf,trade_return,126,-0.004015181682334008,0.00911148204199551,8,8066
iid-moving,acf,trade_return,127,0.0024241443984045876,0.005015099030130644,8,8065
iid-moving,acf,trade_return,128,0.000730461137309991,0.010520211373864908,8,8064
iid-moving,acf,abs_mid_return,0,1.0,0.0,8,8192
iid-moving,acf,abs_mid_return,1,-0.004499901798521509,0.008051654484125577,8,8191
iid-moving,acf,abs_mid_return,2,-0.011505528182508969,0.0053012442971819744,8,8190
iid-moving,acf,abs_mid_return,3,-0.0015906295791952869,0.009407135034098244,8,8189
iid-moving,acf,abs_mid_return,4,-0.00011211176702292187,0.006839089644332952,8,8188
iid-moving,acf,abs_mid_return,5,-0.0003312083758570748,0.005814909521045818,8,8187
iid-moving,acf,abs_mid_return,6,0.002544328541908939,0.006351681163905868,8,8186
iid-moving,acf,abs_mid_return,7,0.0054030330269734415,0.009524788366140029,8,8185
iid-moving,acf,abs_mid_return,8,-0.002453909471157103,0.007585332281095373,8,8184
iid-moving,acf,abs_mid_return,9,0.001581297749024287,0.0027984524949073776,8,8183
iid-moving,acf,abs_mid_return,10,0.00096911580499794,0.0073087090976711655,8,8182
iid-moving,acf,abs_mid_return,11,0.0023223283423997824,0.007772221012159944,8,8181
iid-moving,acf,abs_mid_return,12,-0.007683395200669959,0.007649055192598101,8,8180
iid-moving,acf,abs_mid_return,13,0.006007685504593772,0.007106004666910697,8,8179
iid-moving,acf,abs_mid_return,14,0.003404638422682994,0.005953114271115738,8,8178
iid-moving,acf,abs_mid_return,15,-0.005468696910556021,0.0056948775271433,8,8177
iid-moving,acf,abs_mid_return,16,0.0018011467829663122,0.0071016484467050275,8,8176
iid-moving,acf,abs_mid_return,17,-0.010172515261868346,0.0061713683368497885,8,8175
iid-moving,acf,abs_mid_return,18,0.0004696749329301613,0.006288562754010714,8,8174
iid-moving,acf,abs_mid_return,19,-0.006451258987972273,0.00849934228683079,8,8173
iid-moving,acf,abs_mid_return,20,-0.0013490494221334894,0.006824054146634695,8,8172
iid-moving,acf,abs_mid_return,21,-0.0006757060856690893,0.0081639614870748,8,8171
iid-moving,acf,abs_mid_return,22,-0.005457668762467599,0.006558533533931278,8,8170
iid-moving,acf,abs_mid_return,23,-0.0031600888266125615,0.006916725394304273,8,8169
iid-moving,acf,abs_mid_return,24,0.0032894924347192708,0.013054280976386707,8,8168
iid-moving,acf,abs_mid_return,25,-0.0007364345460124896,0.0051610514450177525,8,8167
iid-moving,acf,abs_mid_return,26,0.002998481761575169,0.00950083236535775,8,8166
iid-moving,acf,abs_mid_return,27,0.0014823654279576602,0.007211748851874491,8,8165
iid-moving,acf,abs_mid_return,28,-0.0017431360174787066,0.004243407026363381,8,8164
iid-moving,acf,abs_mid_return,29,-0.0015949440449126437,0.013278248926436868,8,8163
iid-moving,acf,abs_mid_return,30,-0.004412182642802832,0.006829599395001996,8,8162
iid-moving,acf,abs_mid_return,31,0.001102167258374772,0.005174973343534358,8,8161
iid-moving,acf,abs_mid_return,32,0.0021589361845515114,0.00671373414792089,8,8160
iid-moving,acf,abs_mid_return,33,-0.004639377408951629,0.01038817714310522,8,8159
iid-moving,acf,abs_mid_return,34,0.002017284755043963,0.006008791101537772,8,8158
iid-moving,acf,abs_mid_return,35,-0.003017856983433944,0.010036885582646584,8,8157
iid-moving,acf,abs_mid_return,36,-0.0030235663604406536,0.006143766006692881,8,8156
iid-moving,acf,abs_mid_return,37,0.005607746425418103,0.007052722349540991,8,8155
iid-moving,acf,abs_mid_return,38,-0.0062000133790990584,0.006627232445979634,8,8154
iid-moving,acf,abs_mid_return,39,0.0017437899783416264,0.007431100845988882,8,8153
iid-moving,acf,abs_mid_return,40,-0.0025423938839338163,0.010279459633371202,8,8152
iid-moving,acf,abs_mid_return,41,0.002129043494717405,0.003689034400020517,8,8151
iid-moving,acf,abs_mid_return,42,-0.00683326093419307,0.004839699257361626,8,8150
iid-moving,acf,abs_mid_return,43,-0.0008694855350825822,0.008863082770309505,8,8149
iid-moving,acf,abs_mid_return,44,-0.0024302170388873006,0.008633555465173583,8,8148
iid-moving,acf,abs_mid_return,45,0.001385358763982114,0.010986738139830787,8,8147
iid-moving,acf,abs_mid_return,46,0.006581484791032698,0.0036219395404061415,8,8146
iid-moving,acf,abs_mid_return,47,-0.004315321164512052,0.00835024858506061,8,8145
iid-moving,acf,abs_mid_return,48,0.0019257000200776973,0.005532478076836095,8,8144
iid-moving,acf,abs_mid_return,49,0.002057569899034488,0.0068578914486755555,8,8143
iid-moving,acf,abs_mid_return,50,0.009288176454177361,0.00837453216695319,8,8142
iid-moving,acf,abs_mid_return,51,-0.0009249824604565838,0.00844572187985408,8,8141
iid-moving,acf,abs_mid_return,52,-0.004867498396076608,0.009384105347039151,8,8140
iid-moving,acf,abs_mid_return,53,0.000548891300421951,0.006052272470538252,8,8139
iid-moving,acf,abs_mid_return,54,0.0010581847719643828,0.005033645398698206,8,8138
iid-moving,acf,abs_mid_return,55,0.0029521890088304533,0.006153552037047918,8,8137
iid-moving,acf,abs_mid_return,56,-0.0009076481302920001,0.009416146159780826,8,8136
iid-moving,acf,abs_mid_return,57,-0.0053540487433701815,0.009118458407572675,8,8135
iid-moving,acf,abs_mid_return,58,-0.0020743398101177473,0.008161722737224219,8,8134
iid-moving,acf,abs_mid_return,59,0.005357206230176436,0.010210433429222985,8,8133
iid-moving,acf,abs_mid_return,60,0.0069050469039883995,0.008539533670043505,8,8132
iid-moving,acf,abs_mid_return,61,-0.0009951191856627346,0.007772977924394431,8,8131
iid-moving,acf,abs_mid_return,62,-0.0001594141253435471,0.008394124892064743,8,8130
iid-moving,acf,abs_mid_return,63,-0.001625232307565611,0.00416461835868936,8,8129
iid-moving,acf,abs_mid_return,64,-0.0016274498599979175,0.008784655289916588,8,8128
iid-moving,acf,abs_mid_return,65,-0.005729972226277545,0.008237044640273713,8,8127
iid-moving,acf,abs_mid_return,66,-0.002143561236464847,0.009552189435800135,8,8126
iid-moving,acf,abs_mid_return,67,0.00046812848366329925,0.008067270724887932,8,8125
iid-moving,acf,abs_mid_return,68,0.0023664871620167264,0.0058322703503306626,8,8124
iid-moving,acf,abs_mid_return,69,0.00399178308661439,0.01286485955740814,8,8123
iid-moving,acf,abs_mid_return,70,0.00602296750846432,0.007454398591316087,8,8122
iid-moving,acf,abs_mid_return,71,-0.003205959117384931,0.009149316421548684,8,8121
iid-moving,acf,abs_mid_return,72,-0.0017718214375719162,0.006256556466892046,8,8120
iid-moving,acf,abs_mid_return,73,0.00021961684186723218,0.00820144164394606,8,8119
iid-moving,acf,abs_mid_return,74,0.0008665426404305247,0.008029167270888064,8,8118
iid-moving,acf,abs_mid_return,75,0.008244885043876781,0.007413125472690751,8,8117
iid-moving,acf,abs_mid_return,76,0.005218806786790487,0.008210785126238702,8,8116
iid-moving,acf,abs_mid_return,77,0.0035047806291030516,0.008471742110251809,8,8115
iid-moving,acf,abs_mid_return,78,-0.005162715545791161,0.008519748157335885,8,8114
iid-moving,acf,abs_mid_return,79,-0.0006814217806720204,0.006513591328971947,8,8113
iid-moving,acf,abs_mid_return,80,-0.0018494643909143212,0.010347686204290588,8,8112
iid-moving,acf,abs_mid_return,81,-0.011168848275313425,0.008448896478738371,8,8111
iid-moving,acf,abs_mid_return,82,0.007343363393577364,0.010373828343229615,8,8110
iid-moving,acf,abs_mid_return,83,-0.002338296227153857,0.007337455058243354,8,8109
iid-moving,acf,abs_mid_return,84,0.005080032393274888,0.006675956851645473,8,8108
iid-moving,acf,abs_mid_return,85,0.009795093559160238,0.00514915021830479,8,8107
iid-moving,acf,abs_mid_return,86,-0.007849453178194977,0.006856962287200751,8,8106
iid-moving,acf,abs_mid_return,87,-0.0022802697320375587,0.0028568464309586847,8,8105
iid-moving,acf,abs_mid_return,88,0.0004379059918537759,0.010387513634773847,8,8104
iid-moving,acf,abs_mid_return,89,-0.00574117270074726,0.005900742831012121,8,8103
iid-moving,acf,abs_mid_return,90,-0.0020762272756650003,0.011927717505970992,8,8102
iid-moving,acf,abs_mid_return,91,-0.004253182372944916,0.007072350136995276,8,8101
iid-moving,acf,abs_mid_return,92,-0.010063496654101644,0.007106998248872354,8,8100
iid-moving,acf,abs_mid_return,93,-0.004908304440532122,0.004246301026942879,8,8099
iid-moving,acf,abs_mid_return,94,-0.002080605813325453,0.010704412875548037,8,8098
iid-moving,acf,abs_mid_return,95,0.008005232955196229,0.007374628152817426,8,8097
iid-moving,acf,abs_mid_return,96,0.002961360961780083,0.007790537141871078,8,8096
iid-moving,acf,abs_mid_return,97,-0.00867632238427775,0.009288640221697807,8,8095
iid-moving,acf,abs_mid_return,98,-0.004263240472480841,0.008262674309551087,8,8094
iid-moving,acf,abs_mid_return,99,0.0012687203138477474,0.010273869221572264,8,8093
iid-moving,acf,abs_mid_return,100,-0.002665670324327365,0.009469460937783327,8,8092
iid-moving,acf,abs_mid_return,101,-0.007479765413757408,0.010787756192377351,8,8091
iid-moving,acf,abs_mid_return,102,-0.004982741533794849,0.008837934702610368,8,8090
iid-moving,acf,abs_mid_return,103,-0.0010025419988768445,0.007894318482197049,8,8089
iid-moving,acf,abs_mid_return,104,0.004995997349545606,0.0039161912154922545,8,8088
iid-moving,acf,abs_mid_return,105,-0.0030014364563038685,0.006588837372404299,8,8087
iid-moving,acf,abs_mid_return,106,0.0015906515429620887,0.005103602730687906,8,8086
iid-moving,acf,abs_mid_return,107,-0.0007242171556098699,0.005843161575099702,8,8085
iid-moving,acf,abs_mid_return,108,0.0005546530021339274,0.006896355491082792,8,8084
iid-moving,acf,abs_mid_return,109,0.002767678438960474,0.00815030773595407,8,8083
iid-moving,acf,abs_mid_return,110,-0.0019648397739502263,0.012615227113735136,8,8082
iid-moving,acf,abs_mid_return,111,0.007631290177869183,0.0067511100069829735,8,8081
iid-moving,acf,abs_mid_return,112,0.005033309153366741,0.009237893513778277,8,8080
iid-moving,acf,abs_mid_return,113,0.0025927904135908016,0.007958649004696346,8,8079
iid-moving,acf,abs_mid_return,114,0.0035577314833493356,0.010700791869144596,8,8078
iid-moving,acf,abs_mid_return,115,-0.0028283721068107547,0.007536980130955243,8,8077
iid-moving,acf,abs_mid_return,116,-0.004481997400511169,0.004301121162248136,8,8076
iid-moving,acf,abs_mid_return,117,-0.0014940146113339146,0.005928400098061695,8,8075
iid-moving,acf,abs_mid_return,118,-0.002551164155782065,0.010867052951886839,8,8074
iid-moving,acf,abs_mid_return,119,0.001492902989385108,0.008445482325127948,8,8073
iid-moving,acf,abs_mid_return,120,0.004009501106776467,0.005744142400640179,8,8072
iid-moving,acf,abs_mid_return,121,-0.0011311891556454673,0.010436556927107007,8,8071
iid-moving,acf,abs_mid_return,122,0.004641337888710047,0.009881202979829242,8,8070
iid-moving,acf,abs_mid_return,123,0.0047508985903169515,0.003825647288022172,8,8069
iid-moving,acf,abs_mid_return,124,-0.0036160049629797553,0.009221520703760982,8,8068
iid-moving,acf,abs_mid_return,125,-0.004415957942411788,0.009106873145553708,8,8067
iid-moving,acf,abs_mid_return,126,0.0013542958616864324,0.0065912875891663255,8,8066
iid-moving,acf,abs_mid_return,127,0.007947375299934518,0.008364088008537557,8,8065
iid-moving,acf,abs_mid_return,128,-0.0069888846482287804,0.008349102701654868,8,8064
iid-moving,acf,abs_trade_return,0,1.0,0.0,8,8192
iid-moving,acf,abs_trade_return,1,-0.003765903724555022,0.006624473754788561,8,8191
iid-moving,acf,abs_trade_return,2,0.0023459711339113417,0.005503485770039891,8,8190
iid-moving,acf,abs_trade_return,3,-0.005472738293829581,0.010756454506088023,8,8189
iid-moving,acf,abs_trade_return,4,0.0009037419672141239,0.006554380856366157,8,8188
iid-moving,acf,abs_trade_return,5,0.0013568278816556692,0.010536608417976406,8,8187
iid-moving,acf,abs_trade_return,6,0.0014662646518720354,0.009508788790014076,8,8186
iid-moving,acf,abs_trade_return,7,-0.00031050451261795337,0.008341409499738068,8,8185
iid-moving,acf,abs_trade_return,8,-0.007979164306742255,0.009504851673037041,8,8184
iid-moving,acf,abs_trade_return,9,0.0014418287504481897,0.00623659124500897,8,8183
iid-moving,acf,abs_trade_return,10,0.002222055940110316,0.006830537243782375,8,8182
iid-moving,acf,abs_trade_return,11,-0.0012926859639961477,0.006393370407422104,8,8181
iid-moving,acf,abs_trade_return,12,-0.003874949228065756,0.006509124840278148,8,8180
iid-moving,acf,abs_trade_return,13,0.0061727895840211645,0.008368717496996548,8,8179
iid-moving,acf,abs_trade_return,14,-0.004183582265101293,0.00862363331155297,8,8178
iid-moving,acf,abs_trade_return,15,-0.0028728333470237847,0.007628371212810338,8,8177
iid-moving,acf,abs_trade_return,16,0.0039376021812510915,0.009639621795714532,8,8176
iid-moving,acf,abs_trade_return,17,-0.004903556194836434,0.008785371551512239,8,8175
iid-moving,acf,abs_trade_return,18,-0.003882194346786956,0.005864622865979381,8,8174
iid-moving,acf,abs_trade_return,19,-0.006179042541678807,0.010611409982184773,8,8173
iid-moving,acf,abs_trade_return,20,0.0037975327908895177,0.010181889824651846,8,8172
iid-moving,acf,abs_trade_return,21,-0.00326946567581718,0.008122096637751942,8,8171
iid-moving,acf,abs_trade_return,22,-0.007394535303376533,0.006546081418707521,8,8170
iid-moving,acf,abs_trade_return,23,-0.0030899325260546925,0.007366620805657957,8,8169
iid-moving,acf,abs_trade_return,24,-0.003364566326733101,0.007229593733986257,8,8168
iid-moving,acf,abs_trade_return,25,-0.0030670672904549905,0.006850090083013796,8,8167
iid-moving,acf,abs_trade_return,26,0.003315269893878605,0.005974171596640169,8,8166
iid-moving,acf,abs_trade_return,27,0.00030183394762145585,0.007036784293280504,8,8165
iid-moving,acf,abs_trade_return,28,-0.001823552933684857,0.00631090918250158,8,8164
iid-moving,acf,abs_trade_return,29,-0.002462041626748194,0.0094343439206942,8,8163
iid-moving,acf,abs_trade_return,30,-0.004046609915516572,0.005710151151938697,8,8162
iid-moving,acf,abs_trade_return,31,-0.002726761336185348,0.006752299524333288,8,8161
iid-moving,acf,abs_trade_return,32,-0.0029540841860760743,0.006134735667235848,8,8160
iid-moving,acf,abs_trade_return,33,0.0015705949320315913,0.007570499335829109,8,8159
iid-moving,acf,abs_trade_return,34,0.002866035443634112,0.007310112753341543,8,8158
iid-moving,acf,abs_trade_return,35,-0.00041722536966669983,0.011847700244199018,8,8157
iid-moving,acf,abs_trade_return,36,0.004909375904008815,0.00791555404752934,8,8156
iid-moving,acf,abs_trade_return,37,0.0021067951552632192,0.005075820224606019,8,8155
iid-moving,acf,abs_trade_return,38,-0.002179853837203747,0.009146558534544477,8,8154
iid-moving,acf,abs_trade_return,39,0.0026843161975439343,0.006411313769009227,8,8153
iid-moving,acf,abs_trade_return,40,0.0049153079785297545,0.009999630407615884,8,8152
iid-moving,acf,abs_trade_return,41,0.005831817265243672,0.007171536213620756,8,8151
iid-moving,acf,abs_trade_return,42,-0.0048727085418725944,0.0030212127909466954,8,8150
iid-moving,acf,abs_trade_return,43,-0.0011040659575155226,0.008140169377140917,8,8149
iid-moving,acf,abs_trade_return,44,-0.007201729828296674,0.008731890932737341,8,8148
iid-moving,acf,abs_trade_return,45,0.0016949388155314583,0.00910342925288838,8,8147
iid-moving,acf,abs_trade_return,46,0.008954021740169247,0.006936376986932978,8,8146
iid-moving,acf,abs_trade_return,47,-0.006371564267905112,0.007402108671870687,8,8145
iid-moving,acf,abs_trade_return,48,0.0027703106611677237,0.006059950618122069,8,8144
iid-moving,acf,abs_trade_return,49,-0.001704450317501099,0.00738193100779217,8,8143
iid-moving,acf,abs_trade_return,50,0.003128835628961751,0.006332082372814686,8,8142
iid-moving,acf,abs_trade_return,51,-0.0038146677958704875,0.010612671559293983,8,8141
iid-moving,acf,abs_trade_return,52,-0.0005760656554376277,0.009668690590327635,8,8140
iid-moving,acf,abs_trade_return,53,0.00018049001546599367,0.011453618580654716,8,8139
iid-moving,acf,abs_trade_return,54,-0.006307034458523079,0.006668852716542954,8,8138
iid-moving,acf,abs_trade_return,55,0.00306516195644292,0.0067342779037862024,8,8137
iid-moving,acf,abs_trade_return,56,-0.0026470718349191477,0.009790878622544335,8,8136
iid-moving,acf,abs_trade_return,57,-0.0025782733925536604,0.008490339478048775,8,8135
iid-moving,acf,abs_trade_return,58,-0.00023290103978252123,0.004551211577442829,8,8134
iid-moving,acf,abs_trade_return,59,0.0033525962799055378,0.005974386322361363,8,8133
iid-moving,acf,abs_trade_return,60,0.005120760911404339,0.015979286335308627,8,8132
iid-moving,acf,abs_trade_return,61,0.0033492298111587647,0.0038861511037435368,8,8131
iid-moving,acf,abs_trade_return,62,0.002447125060847419,0.008040149589082836,8,8130
iid-moving,acf,abs_trade_return,63,-0.0027295077025959982,0.009278997511446254,8,8129
iid-moving,acf,abs_trade_return,64,-0.004073768270167074,0.005069489521653686,8,8128
iid-moving,acf,abs_trade_return,65,-0.006305778595998172,0.007871180304021686,8,8127
iid-moving,acf,abs_trade_return,66,-0.0014848769034231275,0.008965958205264609,8,8126
iid-moving,acf,abs_trade_return,67,0.002649443842634423,0.007897783647156728,8,8125
iid-moving,acf,abs_trade_return,68,0.0003189641163174981,0.004527909317354955,8,8124
iid-moving,acf,abs_trade_return,69,-0.004993283381757646,0.006636515672789483,8,8123
iid-moving,acf,abs_trade_return,70,0.003715748828515996,0.007793850926207414,8,8122
iid-moving,acf,abs_trade_return,71,-0.009175281984388892,0.0064568389499236115,8,8121
iid-moving,acf,abs_trade_return,72,0.0053164986729692795,0.008402956950856482,8,8120
iid-moving,acf,abs_trade_return,73,0.005223713325989044,0.008964979365278628,8,8119
iid-moving,acf,abs_trade_return,74,-0.0002730758093208688,0.005945602609908097,8,8118
iid-moving,acf,abs_trade_return,75,-0.001989054427552172,0.01020620806888364,8,8117
iid-moving,acf,abs_trade_return,76,-0.00024316255529225434,0.0078645900016671,8,8116
iid-moving,acf,abs_trade_return,77,0.0006200553296581725,0.005334450367740675,8,8115
iid-moving,acf,abs_trade_return,78,-0.0018331430471885872,0.007508007409563457,8,8114
iid-moving,acf,abs_trade_return,79,0.00670285646454011,0.008438927943828485,8,8113
iid-moving,acf,abs_trade_return,80,-0.007824196801325239,0.0073233288766207305,8,8112
iid-moving,acf,abs_trade_return,81,-0.007853873092055041,0.006386969173834768,8,8111
iid-moving,acf,abs_trade_return,82,0.0030042229990257133,0.00647639752781241,8,8110
iid-moving,acf,abs_trade_return,83,-0.005155309429779958,0.008754488912121992,8,8109
iid-moving,acf,abs_trade_return,84,0.0066131916704259795,0.00875939098066284,8,8108
iid-moving,acf,abs_trade_return,85,0.004410236022487544,0.006316905367405952,8,8107
iid-moving,acf,abs_trade_return,86,-0.0009898049194181188,0.00622118267257938,8,8106
iid-moving,acf,abs_trade_return,87,-0.004969879524891111,0.004766094157909832,8,8105
iid-moving,acf,abs_trade_return,88,0.006498612545619395,0.010292792430249208,8,8104
iid-moving,acf,abs_trade_return,89,-0.005976717015903595,0.0030886666748076138,8,8103
iid-moving,acf,abs_trade_return,90,-0.0005010334694129117,0.0039104151571959156,8,8102
iid-moving,acf,abs_trade_return,91,-0.0009565020280680351,0.005689163741824957,8,8101
iid-moving,acf,abs_trade_return,92,-0.007025983628700764,0.007739449634600701,8,8100
iid-moving,acf,abs_trade_return,93,0.0029528325771011167,0.005665040074471349,8,8099
iid-moving,acf,abs_trade_return,94,-0.0028357938451379476,0.007341116028091198,8,8098
iid-moving,acf,abs_trade_return,95,0.0086350451116107,0.008016015907886306,8,8097
iid-moving,acf,abs_trade_return,96,0.0018866694451454627,0.008450642580192349,8,8096
iid-moving,acf,abs_trade_return,97,0.00029735586750268846,0.005493464710162375,8,8095
iid-moving,acf,abs_trade_return,98,-0.00933323754427993,0.0059486777917903055,8,8094
iid-moving,acf,abs_trade_return,99,-0.003644322035663666,0.008684312438506137,8,8093
iid-moving,acf,abs_trade_return,100,-0.0015712823006286017,0.009552075421727374,8,8092
iid-moving,acf,abs_trade_return,101,0.000659055480071082,0.007736608528926787,8,8091
iid-moving,acf,abs_trade_return,102,-0.0024138613503665507,0.00486382953456208,8,8090
iid-moving,acf,abs_trade_return,103,0.0016270830054306254,0.008450839130065856,8,8089
iid-moving,acf,abs_trade_return,104,0.0005459511173846365,0.004215796555143131,8,8088
iid-moving,acf,abs_trade_return,105,-0.0018744878230679803,0.004093146059982283,8,8087
iid-moving,acf,abs_trade_return,106,0.0020492810281956524,0.00534163116755975,8,8086
iid-moving,acf,abs_trade_return,107,0.0015532100595730867,0.00552227528023186,8,8085
iid-moving,acf,abs_trade_return,108,-0.0007061238042448684,0.0036435661978243927,8,8084
iid-moving,acf,abs_trade_return,109,0.0028002947410743105,0.006332999142920527,8,8083
iid-moving,acf,abs_trade_return,110,-0.0019940458990511363,0.006669856354953687,8,8082
iid-moving,acf,abs_trade_return,111,0.0049265085288014545,0.0045907705391766244,8,8081
iid-moving,acf,abs_trade_return,112,0.005082507970286072,0.007974016892037092,8,8080
iid-moving,acf,abs_trade_return,113,0.0018690870303596447,0.006348640420051054,8,8079
iid-moving,acf,abs_trade_return,114,-0.0021393237676273318,0.013752225526141042,8,8078
iid-moving,acf,abs_trade_return,115,-0.0026860684096916233,0.011449004029880368,8,8077
iid-moving,acf,abs_trade_return,116,0.00014931249764331108,0.005348479460754089,8,8076
iid-moving,acf,abs_trade_return,117,-0.0008658143198031557,0.005543020043285304,8,8075
iid-moving,acf,abs_trade_return,118,-0.0006160460962362922,0.008921469358788476,8,8074
iid-moving,acf,abs_trade_return,119,-0.0011183911984900463,0.004872550211293033,8,8073
iid-moving,acf,abs_trade_return,120,0.007382814303190069,0.008794201785621526,8,8072
iid-moving,acf,abs_trade_return,121,-0.00488717891254738,0.008618259825207373,8,8071
iid-moving,acf,abs_trade_return,122,-0.00023312751902529938,0.010003174305000721,8,8070
iid-moving,acf,abs_trade_return,123,-0.0008433403881924377,0.008307718946664365,8,8069
iid-moving,acf,abs_trade_return,124,-7.385436998154382e-05,0.007916996533821533,8,8068
iid-moving,acf,abs_trade_return,125,-0.0014747807954007097,0.004422938894237586,8,8067
iid-moving,acf,abs_trade_return,126,0.00206733779417107,0.004369958760486277,8,8066
iid-moving,acf,abs_trade_return,127,-0.000297239317041722,0.008717466529015692,8,8065
iid-moving,acf,abs_trade_return,128,-0.006670179877714873,0.006661313046862174,8,8064
iid-moving,acf,spread,0,1.0,0.0,8,8192
iid-moving,acf,spread,1,-0.14892008187102732,0.006845956499238046,8,8191
iid-moving,acf,spread,2,-0.03195182652784782,0.007152744696820092,8,8190
iid-moving,acf,spread,3,0.018643497547377198,0.007579872989822772,8,8189
iid-moving,acf,spread,4,0.018579158512148603,0.009467203584727139,8,8188
iid-moving,acf,spread,5,0.0113790498630488,0.010628922088284424,8,8187
iid-moving,acf,spread,6,0.01674078783420952,0.008294089771011294,8,8186
iid-moving,acf,spread,7,0.011952324581119556,0.0047319138185138564,8,8185
iid-moving,acf,spread,8,0.012127986480963752,0.0035434851781176177,8,8184
iid-moving,acf,spread,9,0.008250801343549824,0.006657297440066893,8,8183
iid-moving,acf,spread,10,0.006825102320144021,0.00435451086900328,8,8182
iid-moving,acf,spread,11,0.009724245817259922,0.009898412129381095,8,8181
iid-moving,acf,spread,12,0.0028420481269363623,0.008415589033383276,8,8180
iid-moving,acf,spread,13,0.003551862942610593,0.007376211008034553,8,8179
iid-moving,acf,spread,14,0.009076646406694816,0.009370895087323933,8,8178
iid-moving,acf,spread,15,0.0063270930640243125,0.006579165901552338,8,8177
iid-moving,acf,spread,16,0.0067950828469418925,0.010178830935602633,8,8176
iid-moving,acf,spread,17,0.0029644947789158457,0.008327876981452906,8,8175
iid-moving,acf,spread,18,0.004610978076314988,0.007767707800817133,8,8174
iid-moving,acf,spread,19,0.0030822500253298722,0.009117876719764524,8,8173
iid-moving,acf,spread,20,0.0023268163988402093,0.008691473688240987,8,8172
iid-moving,acf,spread,21,-0.0016493853524112492,0.005083215127628314,8,8171
iid-moving,acf,spread,22,0.002849001441939749,0.009703681895265203,8,8170
iid-moving,acf,spread,23,0.0014806718014620354,0.00882936892090008,8,8169
iid-moving,acf,spread,24,0.0051780926503840925,0.010091319546310254,8,8168
iid-moving,acf,spread,25,0.007633628342455798,0.006457391326217031,8,8167
iid-moving,acf,spread,26,0.0009758857917913581,0.006929035624751634,8,8166
iid-moving,acf,spread,27,0.005042549728099151,0.010232465870256563,8,8165
iid-moving,acf,spread,28,0.007849024131457527,0.00763016816310696,8,8164
iid-moving,acf,spread,29,0.0013204953245760799,0.008931827658400062,8,8163
iid-moving,acf,spread,30,-0.005732718112280448,0.010156372601662944,8,8162
iid-moving,acf,spread,31,0.004447030207225975,0.008336938929503341,8,8161
iid-moving,acf,spread,32,0.005390280833089899,0.007282057639010976,8,8160
iid-moving,acf,spread,33,-0.008765677318702167,0.005728933711616671,8,8159
iid-moving,acf,spread,34,0.008434143233940294,0.005502427633809049,8,8158
iid-moving,acf,spread,35,0.0014654793579853558,0.008940212892851431,8,8157
iid-moving,acf,spread,36,0.005630027119882851,0.007320583549505277,8,8156
iid-moving,acf,spread,37,-0.0003016433865179191,0.0097023383688365,8,8155
iid-moving,acf,spread,38,-7.794889866117216e-05,0.008159018518584327,8,8154
iid-moving,acf,spread,39,0.007770837071799793,0.007810918273591742,8,8153
iid-moving,acf,spread,40,-0.004414536855901603,0.00991776659228226,8,8152
iid-moving,acf,spread,41,-0.001050933179682216,0.005151878488165065,8,8151
iid-moving,acf,spread,42,0.00293138610733416,0.0056416653870074406,8,8150
iid-moving,acf,spread,43,0.005042187380485432,0.009354319733154336,8,8149
iid-moving,acf,spread,44,-0.0018123898858405955,0.00570884104863561,8,8148
iid-moving,acf,spread,45,0.008109009775856414,0.006679928635875399,8,8147
iid-moving,acf,spread,46,-0.00010158411446010784,0.006423090924060699,8,8146
iid-moving,acf,spread,47,0.0002310420218401628,0.010203710071670449,8,8145
iid-moving,acf,spread,48,0.0036063483644795838,0.0044235775075497,8,8144
iid-moving,acf,spread,49,0.00368819262538449,0.006207952243364711,8,8143
iid-moving,acf,spread,50,-0.0013905497707642665,0.004941538315193971,8,8142
iid-moving,acf,spread,51,0.002249221135282438,0.008966300776763724,8,8141
iid-moving,acf,spread,52,0.002072538329337813,0.008420948321225516,8,8140
iid-moving,acf,spread,53,-0.0027784061854136165,0.0079452775132138,8,8139
iid-moving,acf,spread,54,0.0064895947500741335,0.008079739420917019,8,8138
iid-moving,acf,spread,55,0.00010777272543998576,0.010213137993113689,8,8137
iid-moving,acf,spread,56,-0.003312111765388523,0.0069820564805673875,8,8136
iid-moving,acf,spread,57,0.001598688335045771,0.009996191806485777,8,8135
iid-moving,acf,spread,58,-0.004553860205493264,0.0054669217831332965,8,8134
iid-moving,acf,spread,59,0.0014144595797319036,0.006555776101023888,8,8133
iid-moving,acf,spread,60,0.0008108543110624783,0.006325805958503726,8,8132
iid-moving,acf,spread,61,-2.4314176648136763e-05,0.010925461631805328,8,8131
iid-moving,acf,spread,62,-0.0013698386509298716,0.004874942158792789,8,8130
iid-moving,acf,spread,63,-0.004167744373303727,0.009482870419131859,8,8129
iid-moving,acf,spread,64,-0.00028620840722433675,0.004797791641804784,8,8128
iid-moving,acf,spread,65,0.00263620369701071,0.00500199207182949,8,8127
iid-moving,acf,spread,66,-8.388210555772632e-05,0.007417116598151793,8,8126
iid-moving,acf,spread,67,-0.003599376641379074,0.004301627045947593,8,8125
iid-moving,acf,spread,68,-0.0032444231759224335,0.00862731468690182,8,8124
iid-moving,acf,spread,69,0.0016295624597817437,0.0029448473219307156,8,8123
iid-moving,acf,spread,70,0.004957155123613909,0.009228292025741332,8,8122
iid-moving,acf,spread,71,-8.177400541778575e-05,0.010393862914679652,8,8121
iid-moving,acf,spread,72,-0.0009170807772501143,0.008755406190733677,8,8120
iid-moving,acf,spread,73,0.00043747642862942016,0.00906357595596249,8,8119
iid-moving,acf,spread,74,0.0005789585292022088,0.008248492224911193,8,8118
iid-moving,acf,spread,75,0.002395147675812557,0.0073207147459065725,8,8117
iid-moving,acf,spread,76,0.002123733886799917,0.005375294078838131,8,8116
iid-moving,acf,spread,77,0.000889554352444585,0.00729477651725319,8,8115
iid-moving,acf,spread,78,-0.002124992243816074,0.005922623324893633,8,8114
iid-moving,acf,spread,79,-0.0005421836481539965,0.006512351071668891,8,8113
iid-moving,acf,spread,80,0.0019834464264392076,0.007495738180058469,8,8112
iid-moving,acf,spread,81,-0.0011235280292533811,0.006960093075642894,8,8111
iid-moving,acf,spread,82,0.0026012396594825536,0.009447399302083898,8,8110
iid-moving,acf,spread,83,-0.003958497851080661,0.009542701607143569,8,8109
iid-moving,acf,spread,84,-0.004252662911011368,0.011178344702952014,8,8108
iid-moving,acf,spread,85,0.0006315386698405329,0.011674389520888756,8,8107
iid-moving,acf,spread,86,-0.0016970830112076607,0.007321143364542121,8,8106
iid-moving,acf,spread,87,1.3400155518267644e-05,0.007868332800493007,8,8105
iid-moving,acf,spread,88,-0.004406563905733524,0.008702628671035334,8,8104
iid-moving,acf,spread,89,-0.0007285221181816272,0.012357228163654851,8,8103
iid-moving,acf,spread,90,0.0020612075622100734,0.009317977830977682,8,8102
iid-moving,acf,spread,91,-0.011706995035438999,0.00834969307388852,8,8101
iid-moving,acf,spread,92,-0.0012353618756960946,0.0037061083696909077,8,8100
iid-moving,acf,spread,93,0.007755982435554332,0.006946136253022049,8,8099
iid-moving,acf,spread,94,-0.0024752636212504136,0.010231048311577078,8,8098
iid-moving,acf,spread,95,-0.0006133187192778424,0.007446238243799086,8,8097
iid-moving,acf,spread,96,0.0025790579471873343,0.006413337824904634,8,8096
iid-moving,acf,spread,97,-0.0013473996573552364,0.010915307136069028,8,8095
iid-moving,acf,spread,98,-0.0049515229038849225,0.010218287995204222,8,8094
iid-moving,acf,spread,99,0.003777081716435474,0.009972597290168696,8,8093
iid-moving,acf,spread,100,-0.003396142687030426,0.008847162825008891,8,8092
iid-moving,acf,spread,101,0.001227968830726051,0.00763107714798569,8,8091
iid-moving,acf,spread,102,0.0001328770740569047,0.011113374769269352,8,8090
iid-moving,acf,spread,103,0.0013016456795080986,0.006031453550266719,8,8089
iid-moving,acf,spread,104,0.006607687901918003,0.006118639017165539,8,8088
iid-moving,acf,spread,105,-0.008854118324478681,0.007184933404855905,8,8087
iid-moving,acf,spread,106,0.003449451423952317,0.005425698038796966,8,8086
iid-moving,acf,spread,107,-0.007100691520703337,0.012458076967369345,8,8085
iid-moving,acf,spread,108,0.006793522919481836,0.004322910807259633,8,8084
iid-moving,acf,spread,109,0.004093704405202416,0.005722186952747129,8,8083
iid-moving,acf,spread,110,-0.00769479687586199,0.006879994694552801,8,8082
iid-moving,acf,spread,111,-0.0023427703016152264,0.007368268155817893,8,8081
iid-moving,acf,spread,112,0.010889264392620265,0.0059156538593953725,8,8080
iid-moving,acf,spread,113,-0.0037738219380778057,0.012749781286248443,8,8079
iid-moving,acf,spread,114,0.0006199600123205771,0.010952850867559392,8,8078
iid-moving,acf,spread,115,0.004268890904359335,0.008438089298891055,8,8077
iid-moving,acf,spread,116,-0.004397496198934815,0.009743624356247952,8,8076
iid-moving,acf,spread,117,0.004442939367471477,0.006656088183272906,8,8075
iid-moving,acf,spread,118,-0.002123637729073739,0.009163477366752453,8,8074
iid-moving,acf,spread,119,-0.004496778496882365,0.008394498874786091,8,8073
iid-moving,acf,spread,120,0.0029930304582738766,0.008099044489914494,8,8072
iid-moving,acf,spread,121,-0.0013948691026973653,0.009346332925588077,8,8071
iid-moving,acf,spread,122,0.004367892145972397,0.006800895892086363,8,8070
iid-moving,acf,spread,123,0.00255199909573609,0.008392019081066071,8,8069
iid-moving,acf,spread,124,-0.008168538192647545,0.008822082181648722,8,8068
iid-moving,acf,spread,125,0.005330030308596629,0.00939308557567829,8,8067
iid-moving,acf,spread,126,-0.0011579598159451357,0.012022739043828636,8,8066
iid-moving,acf,spread,127,0.007969176488255774,0.008347176725137363,8,8065
iid-moving,acf,spread,128,-0.005604308106946876,0.011216342136508971,8,8064
iid-moving,ccf,sign_mid_return,-128,-0.0009308350155529531,0.009788595135951575,8,8064
iid-moving,ccf,sign_mid_return,-127,0.0012682402373149913,0.003654109584030688,8,8065
iid-moving,ccf,sign_mid_return,-126,-0.004378509084698289,0.007091705873282204,8,8066
iid-moving,ccf,sign_mid_return,-125,0.0017160037378141204,0.006098400626533226,8,8067
iid-moving,ccf,sign_mid_return,-124,-0.003782993531511166,0.005400445592191225,8,8068
iid-moving,ccf,sign_mid_return,-123,0.0065615850965389955,0.004488686592740946,8,8069
iid-moving,ccf,sign_mid_return,-122,0.0020843759362857562,0.0047076374284868005,8,8070
iid-moving,ccf,sign_mid_return,-121,-0.00764427229948589,0.005358789462745357,8,8071
iid-moving,ccf,sign_mid_return,-120,0.0008990221008082313,0.006733819618221042,8,8072
iid-moving,ccf,sign_mid_return,-119,-0.0015046509574451286,0.009541369857357616,8,8073
iid-moving,ccf,sign_mid_return,-118,9.66405059802172e-05,0.007732707788890865,8,8074
iid-moving,ccf,sign_mid_return,-117,0.004418540117905764,0.0032572883898459902,8,8075
iid-moving,ccf,sign_mid_return,-116,0.0016583884428333386,0.006136690709128663,8,8076
iid-moving,ccf,sign_mid_return,-115,0.0028339847448915,0.007176518329304057,8,8077
iid-moving,ccf,sign_mid_return,-114,-0.0010932476139306545,0.007930420131647112,8,8078
iid-moving,ccf,sign_mid_return,-113,-0.005327504697566727,0.0050996665704940766,8,8079
iid-moving,ccf,sign_mid_return,-112,0.0018862749887120342,0.006248670238284622,8,8080
iid-moving,ccf,sign_mid_return,-111,-0.0027382134878350356,0.006856035108008265,8,8081
iid-moving,ccf,sign_mid_return,-110,-0.0025901549848052446,0.0068392763816285404,8,8082
iid-moving,ccf,sign_mid_return,-109,0.003581131633907392,0.008510368677551394,8,8083
iid-moving,ccf,sign_mid_return,-108,0.0007774956582344769,0.0072064667807106375,8,8084
iid-moving,ccf,sign_mid_return,-107,0.00417785049597978,0.00913739798654103,8,8085
iid-moving,ccf,sign_mid_return,-106,0.00017904039756736108,0.008108275384539409,8,8086
iid-moving,ccf,sign_mid_return,-105,0.0004456592336366723,0.009457869315622869,8,8087
iid-moving,ccf,sign_mid_return,-104,0.004317957036850529,0.0074017734954755195,8,8088
iid-moving,ccf,sign_mid_return,-103,-0.0026094202187395476,0.009041625269586835,8,8089
iid-moving,ccf,sign_mid_return,-102,-0.005700683300751599,0.008626543195211164,8,8090
iid-moving,ccf,sign_mid_return,-101,-0.0012312129501624999,0.005912094192225116,8,8091
iid-moving,ccf,sign_mid_return,-100,0.00543104355729182,0.007212259734099692,8,8092
iid-moving,ccf,sign_mid_return,-99,-0.0013884730552271196,0.0036272660945615635,8,8093
iid-moving,ccf,sign_mid_return,-98,-0.00018426241996481784,0.009839851603602059,8,8094
iid-moving,ccf,sign_mid_return,-97,0.0025575285007536,0.007124136314964479,8,8095
iid-moving,ccf,sign_mid_return,-96,-0.002823419390902274,0.006541322141945849,8,8096
iid-moving,ccf,sign_mid_return,-95,0.0020401419422565533,0.0040142078675215395,8,8097
iid-moving,ccf,sign_mid_return,-94,0.001059211030219497,0.008673381997938165,8,8098
iid-moving,ccf,sign_mid_return,-93,-0.004107951704776207,0.0067057586381824835,8,8099
iid-moving,ccf,sign_mid_return,-92,0.001768170710454031,0.009519802277081124,8,8100
iid-moving,ccf,sign_mid_return,-91,0.0040164837863383845,0.009666102812064573,8,8101
iid-moving,ccf,sign_mid_return,-90,-0.005608692096560992,0.011318820516125391,8,8102
iid-moving,ccf,sign_mid_return,-89,0.0006746955578494833,0.004531262863062301,8,8103
iid-moving,ccf,sign_mid_return,-88,0.001262658158178306,0.008173091606640485,8,8104
iid-moving,ccf,sign_mid_return,-87,-0.005069132047055334,0.005420783391516285,8,8105
iid-moving,ccf,sign_mid_return,-86,0.005113991095748258,0.008081473382966577,8,8106
iid-moving,ccf,sign_mid_return,-85,-0.0003682199398739282,0.0052273164349910545,8,8107
iid-moving,ccf,sign_mid_return,-84,-0.002758558169125321,0.006754198172423649,8,8108
iid-moving,ccf,sign_mid_return,-83,0.0045367838753391995,0.007425929802881656,8,8109
iid-moving,ccf,sign_mid_return,-82,0.00011213640729657872,0.006180842642168557,8,8110
iid-moving,ccf,sign_mid_return,-81,0.0012527762901747594,0.006173933852378521,8,8111
iid-moving,ccf,sign_mid_return,-80,-0.0011119197504723493,0.010564780573136454,8,8112
iid-moving,ccf,sign_mid_return,-79,-0.003967163382705722,0.00885842152905319,8,8113
iid-moving,ccf,sign_mid_return,-78,0.002530679789303567,0.01072788418083399,8,8114
iid-moving,ccf,sign_mid_return,-77,0.003788133900945072,0.009823127621995142,8,8115
iid-moving,ccf,sign_mid_return,-76,0.0008897427233090571,0.008446693931183483,8,8116
iid-moving,ccf,sign_mid_return,-75,-0.004432606312949492,0.00958584402994047,8,8117
iid-moving,ccf,sign_mid_return,-74,0.003585875042129236,0.008144402424675987,8,8118
iid-moving,ccf,sign_mid_return,-73,-0.00400444678647316,0.00984577545245062,8,8119
iid-moving,ccf,sign_mid_return,-72,-0.001901789651810374,0.009303548898681574,8,8120
iid-moving,ccf,sign_mid_return,-71,0.0007375111448228377,0.006630388596557842,8,8121
iid-moving,ccf,sign_mid_return,-70,-0.002333964059116306,0.006141509722196564,8,8122
iid-moving,ccf,sign_mid_return,-69,-0.00032072995404985844,0.010610787219964245,8,8123
iid-moving,ccf,sign_mid_return,-68,-0.0015282677294060304,0.006284282777351586,8,8124
iid-moving,ccf,sign_mid_return,-67,0.006830758560174771,0.007680244537714313,8,8125
iid-moving,ccf,sign_mid_return,-66,-0.00012765581665353414,0.005584932427115639,8,8126
iid-moving,ccf,sign_mid_return,-65,0.0004039828154272794,0.004932326604573126,8,8127
iid-moving,ccf,sign_mid_return,-64,-7.568446215680275e-05,0.008392542588342253,8,8128
iid-moving,ccf,sign_mid_return,-63,-0.0006083578783332628,0.0056278452226351085,8,8129
iid-moving,ccf,sign_mid_return,-62,-0.0014022105965611255,0.0075733942510714395,8,8130
iid-moving,ccf,sign_mid_return,-61,0.0017596652697118294,0.007354501647430567,8,8131
iid-moving,ccf,sign_mid_return,-60,-0.0026202659063418172,0.005587606979159968,8,8132
iid-moving,ccf,sign_mid_return,-59,0.004340392534005973,0.0061942294971885584,8,8133
iid-moving,ccf,sign_mid_return,-58,-0.0008807304013316701,0.008338327934760385,8,8134
iid-moving,ccf,sign_mid_return,-57,-0.00792699333301061,0.009406995233932094,8,8135
iid-moving,ccf,sign_mid_return,-56,-0.0008231168279270195,0.008726804902787228,8,8136
iid-moving,ccf,sign_mid_return,-55,-0.0011524157229009168,0.011714382091254165,8,8137
iid-moving,ccf,sign_mid_return,-54,0.003883860612275704,0.01107559897650762,8,8138
iid-moving,ccf,sign_mid_return,-53,0.003245400345170168,0.008393355572978049,8,8139
iid-moving,ccf,sign_mid_return,-52,-0.005940063538956523,0.009725614403917667,8,8140
iid-moving,ccf,sign_mid_return,-51,-0.0023698122004761034,0.012176430256020675,8,8141
iid-moving,ccf,sign_mid_return,-50,0.0021093135020028393,0.004044914310282956,8,8142
iid-moving,ccf,sign_mid_return,-49,-0.0023565988291993373,0.00950679365258603,8,8143
iid-moving,ccf,sign_mid_return,-48,-0.0035253609438370406,0.008574712535428939,8,8144
iid-moving,ccf,sign_mid_return,-47,0.002396001679533235,0.00919341764141262,8,8145
iid-moving,ccf,sign_mid_return,-46,0.0039707356091788016,0.007649492996348107,8,8146
iid-moving,ccf,sign_mid_return,-45,-0.002346454880420434,0.009010047776191518,8,8147
iid-moving,ccf,sign_mid_return,-44,-0.003805270388443842,0.008231412864508963,8,8148
iid-moving,ccf,sign_mid_return,-43,0.005471605632561702,0.0072038023429946965,8,8149
iid-moving,ccf,sign_mid_return,-42,-0.0016385472060796067,0.008353908526712008,8,8150
iid-moving,ccf,sign_mid_return,-41,0.0002114688907472916,0.003120969224052692,8,8151
iid-moving,ccf,sign_mid_return,-40,0.007324875571810078,0.006673656557606425,8,8152
iid-moving,ccf,sign_mid_return,-39,-0.0011303092190083153,0.013096010344905554,8,8153
iid-moving,ccf,sign_mid_return,-38,0.00038050372333104504,0.010583549170359186,8,8154
iid-moving,ccf,sign_mid_return,-37,-0.0004788466037010438,0.006365721636081442,8,8155
iid-moving,ccf,sign_mid_return,-36,-0.007310459362321596,0.008257547419779524,8,8156
iid-moving,ccf,sign_mid_return,-35,0.0014280310205705806,0.00762414363380817,8,8157
iid-moving,ccf,sign_mid_return,-34,-0.003523084443413,0.004460863836524216,8,8158
iid-moving,ccf,sign_mid_return,-33,0.0007016995852816903,0.01140323750175005,8,8159
iid-moving,ccf,sign_mid_return,-32,0.002588485172410312,0.007234566109402663,8,8160
iid-moving,ccf,sign_mid_return,-31,0.0004090758789555474,0.004649184291171483,8,8161
iid-moving,ccf,sign_mid_return,-30,-0.0028771632088120756,0.0061710175943575024,8,8162
iid-moving,ccf,sign_mid_return,-29,0.0029387901893455103,0.005706656207115857,8,8163
iid-moving,ccf,sign_mid_return,-28,-0.002379913690945084,0.0067040043642652486,8,8164
iid-moving,ccf,sign_mid_return,-27,0.0038020526289870337,0.008944747050773978,8,8165
iid-moving,ccf,sign_mid_return,-26,0.001015814436098488,0.010495405955201494,8,8166
iid-moving,ccf,sign_mid_return,-25,0.0023895272346236367,0.0072930994914932445,8,8167
iid-moving,ccf,sign_mid_return,-24,-0.0036763180940269985,0.004070261790173599,8,8168
iid-moving,ccf,sign_mid_return,-23,-9.305718877684866e-05,0.004216839877618387,8,8169
iid-moving,ccf,sign_mid_return,-22,0.00045146651307777924,0.005163789775706214,8,8170
iid-moving,ccf,sign_mid_return,-21,0.0010648474653812395,0.004991949449191789,8,8171
iid-moving,ccf,sign_mid_return,-20,0.00830999538328535,0.01196348582059781,8,8172
iid-moving,ccf,sign_mid_return,-19,0.002195009562443025,0.009685275393191308,8,8173
iid-moving,ccf,sign_mid_return,-18,0.0017562257727476416,0.005805987121850215,8,8174
iid-moving,ccf,sign_mid_return,-17,-0.0024483774307751936,0.006704784034890351,8,8175
iid-moving,ccf,sign_mid_return,-16,-0.002687713013076954,0.010686477119717704,8,8176
iid-moving,ccf,sign_mid_return,-15,0.004121311557658867,0.009610348046707804,8,8177
iid-moving,ccf,sign_mid_return,-14,-0.010124809163160924,0.009972462806237758,8,8178
iid-moving,ccf,sign_mid_return,-13,0.0026627964784807865,0.005763309615956716,8,8179
iid-moving,ccf,sign_mid_return,-12,-0.0033759495302992533,0.006225373179221175,8,8180
iid-moving,ccf,sign_mid_return,-11,0.001330130500567354,0.007101294726403816,8,8181
iid-moving,ccf,sign_mid_return,-10,-0.002602339577930094,0.0071331875280951276,8,8182
iid-moving,ccf,sign_mid_return,-9,0.0034056114504594365,0.004954988143864068,8,8183
iid-moving,ccf,sign_mid_return,-8,0.006085344645649562,0.009042476495106252,8,8184
iid-moving,ccf,sign_mid_return,-7,-0.004169276236796525,0.005834807979965168,8,8185
iid-moving,ccf,sign_mid_return,-6,-0.002530075595232513,0.007840362324313349,8,8186
iid-moving,ccf,sign_mid_return,-5,-0.001858069935464425,0.005544202146749484,8,8187
iid-moving,ccf,sign_mid_return,-4,0.008433150731729634,0.006667857488638514,8,8188
iid-moving,ccf,sign_mid_return,-3,-0.00028655530823734187,0.010166804481232517,8,8189
iid-moving,ccf,sign_mid_return,-2,-0.004563628982730621,0.007556874106624459,8,8190
iid-moving,ccf,sign_mid_return,-1,0.001811191488319947,0.0039499859354201194,8,8191
iid-moving,ccf,sign_mid_return,0,0.8803004766562936,0.0011065695036553299,8,8192
iid-moving,ccf,sign_mid_return,1,-0.3573531640849529,0.003573970582029132,8,8191
iid-moving,ccf,sign_mid_return,2,-0.15960376830480638,0.004872076427541054,8,8190
iid-moving,ccf,sign_mid_return,3,-0.06506463887174017,0.008765259416040548,8,8189
iid-moving,ccf,sign_mid_return,4,-0.03603603054433251,0.007901581733926416,8,8188
iid-moving,ccf,sign_mid_return,5,-0.03388948067540083,0.005509796806347994,8,8187
iid-moving,ccf,sign_mid_return,6,-0.025726429102775637,0.006127589499271137,8,8186
iid-moving,ccf,sign_mid_return,7,-0.016781845004506055,0.005892037690101315,8,8185
iid-moving,ccf,sign_mid_return,8,-0.007502127508681641,0.009356836887067392,8,8184
iid-moving,ccf,sign_mid_return,9,-0.012457809854915973,0.005596631128222769,8,8183
iid-moving,ccf,sign_mid_return,10,-0.013755126370734342,0.005499654653030244,8,8182
iid-moving,ccf,sign_mid_return,11,-0.008379575594626761,0.007277407286853322,8,8181
iid-moving,ccf,sign_mid_return,12,-0.009299879346318037,0.007561607795685404,8,8180
iid-moving,ccf,sign_mid_return,13,-0.0067114582776098795,0.0068301135493647235,8,8179
iid-moving,ccf,sign_mid_return,14,-0.012022175666757179,0.009775095529950636,8,8178
iid-moving,ccf,sign_mid_return,15,0.0011131196283959946,0.0054375456114947335,8,8177
iid-moving,ccf,sign_mid_return,16,-0.0022488334119467445,0.012307562999092058,8,8176
iid-moving,ccf,sign_mid_return,17,-0.006937927187408994,0.009967140730275662,8,8175
iid-moving,ccf,sign_mid_return,18,0.0031966985156493765,0.0056662509806567765,8,8174
iid-moving,ccf,sign_mid_return,19,-0.003568495472724064,0.007180610370714035,8,8173
iid-moving,ccf,sign_mid_return,20,0.001858560950396913,0.01315167642046437,8,8172
iid-moving,ccf,sign_mid_return,21,-0.00707855074400253,0.006113198957944059,8,8171
iid-moving,ccf,sign_mid_return,22,-0.006279126454262049,0.008330957324597883,8,8170
iid-moving,ccf,sign_mid_return,23,-0.002095482897526508,0.004018793979791896,8,8169
iid-moving,ccf,sign_mid_return,24,-0.007152984805667283,0.006150695072733276,8,8168
iid-moving,ccf,sign_mid_return,25,0.0004882526892334034,0.005368057213309389,8,8167
iid-moving,ccf,sign_mid_return,26,-0.0017372760698194218,0.009022428799561062,8,8166
iid-moving,ccf,sign_mid_return,27,-0.0011021852449835338,0.007233026838347872,8,8165
iid-moving,ccf,sign_mid_return,28,-0.009296852820221923,0.008353883146257726,8,8164
iid-moving,ccf,sign_mid_return,29,0.001289370594195871,0.004558399152688177,8,8163
iid-moving,ccf,sign_mid_return,30,-0.0039012733787996425,0.006939824085741157,8,8162
iid-moving,ccf,sign_mid_return,31,-0.004697202376278359,0.005577656377628757,8,8161
iid-moving,ccf,sign_mid_return,32,0.0004730573911151431,0.005969623190880664,8,8160
iid-moving,ccf,sign_mid_return,33,-0.0022933325329060057,0.01121505813088594,8,8159
iid-moving,ccf,sign_mid_return,34,-0.006401518675489295,0.00906008104989516,8,8158
iid-moving,ccf,sign_mid_return,35,0.00021899291303421268,0.005226791245303947,8,8157
iid-moving,ccf,sign_mid_return,36,-0.007664120738005778,0.008352967601065972,8,8156
iid-moving,ccf,sign_mid_return,37,0.004534275196834258,0.00737937796860786,8,8155
iid-moving,ccf,sign_mid_return,38,0.0014581257198840955,0.010795092659250266,8,8154
iid-moving,ccf,sign_mid_return,39,8.663515095256669e-05,0.012566503864600473,8,8153
iid-moving,ccf,sign_mid_return,40,0.0033745019238476835,0.008731274714049895,8,8152
iid-moving,ccf,sign_mid_return,41,-0.004025338016097636,0.007205327655649314,8,8151
iid-moving,ccf,sign_mid_return,42,-0.002837322477598509,0.005210200007673594,8,8150
iid-moving,ccf,sign_mid_return,43,0.0010150135274900828,0.005633671879464693,8,8149
iid-moving,ccf,sign_mid_return,44,-0.007017795652638343,0.006752701863450098,8,8148
iid-moving,ccf,sign_mid_return,45,-0.002748478305108415,0.011101819229425488,8,8147
iid-moving,ccf,sign_mid_return,46,0.0024665312926410643,0.006281241458794043,8,8146
iid-moving,ccf,sign_mid_return,47,-0.00180932997994778,0.008221058090144789,8,8145
iid-moving,ccf,sign_mid_return,48,-0.0038432292845461406,0.009380782117626678,8,8144
iid-moving,ccf,sign_mid_return,49,-0.0032313905172260357,0.007323513862270232,8,8143
iid-moving,ccf,sign_mid_return,50,0.0006181263040607597,0.0068106453934950505,8,8142
iid-moving,ccf,sign_mid_return,51,-0.0033454555821659506,0.009688455868656565,8,8141
iid-moving,ccf,sign_mid_return,52,-0.004360542155748105,0.010072498639691877,8,8140
iid-moving,ccf,sign_mid_return,53,0.006586571086278876,0.005687247198171087,8,8139
iid-moving,ccf,sign_mid_return,54,0.002780887186970532,0.010587652541128091,8,8138
iid-moving,ccf,sign_mid_return,55,-0.008061242255785216,0.007176376541623394,8,8137
iid-moving,ccf,sign_mid_return,56,0.0006156781466713516,0.013914657299704673,8,8136
iid-moving,ccf,sign_mid_return,57,-0.008368295100845077,0.00977656160411208,8,8135
iid-moving,ccf,sign_mid_return,58,0.005739195936391771,0.008841866175755796,8,8134
iid-moving,ccf,sign_mid_return,59,0.0033251013135481176,0.007995063267249311,8,8133
iid-moving,ccf,sign_mid_return,60,-0.0031608070160745374,0.005445744300293087,8,8132
iid-moving,ccf,sign_mid_return,61,0.0036788399559088947,0.006557243570140136,8,8131
iid-moving,ccf,sign_mid_return,62,-0.0015256594590591821,0.006718568286473222,8,8130
iid-moving,ccf,sign_mid_return,63,-0.000884851150520206,0.0065773330008647496,8,8129
iid-moving,ccf,sign_mid_return,64,0.001810044738502256,0.008546275221289073,8,8128
iid-moving,ccf,sign_mid_return,65,0.00010333251089807583,0.006786459243680984,8,8127
iid-moving,ccf,sign_mid_return,66,0.0017583228459019595,0.0031295850652281517,8,8126
iid-moving,ccf,sign_mid_return,67,0.002796376659407556,0.005605201580560848,8,8125
iid-moving,ccf,sign_mid_return,68,-0.007005532469713628,0.007490977280535563,8,8124
iid-moving,ccf,sign_mid_return,69,-0.0016465832866323616,0.00794407252339707,8,8123
iid-moving,ccf,sign_mid_return,70,-0.0012988199546753161,0.00988884330364723,8,8122
iid-moving,ccf,sign_mid_return,71,0.000698965313020188,0.006631307643117787,8,8121
iid-moving,ccf,sign_mid_return,72,-0.0029307668014452917,0.007033053514256301,8,8120
iid-moving,ccf,sign_mid_return,73,-0.0017808859476429822,0.010048755432616243,8,8119
iid-moving,ccf,sign_mid_return,74,0.005536159994756698,0.008715960432195424,8,8118
iid-moving,ccf,sign_mid_return,75,-0.0038726829697235078,0.01094637377623906,8,8117
iid-moving,ccf,sign_mid_return,76,0.004653370940754438,0.007823084305087855,8,8116
iid-moving,ccf,sign_mid_return,77,0.0017718283163251935,0.007459214126450736,8,8115
iid-moving,ccf,sign_mid_return,78,0.00017252953991498234,0.010851693526650023,8,8114
iid-moving,ccf,sign_mid_return,79,-0.005249817727531806,0.007463634040329391,8,8113
iid-moving,ccf,sign_mid_return,80,-0.000230489620502,0.010966741886514237,8,8112
iid-moving,ccf,sign_mid_return,81,0.0013958678364741689,0.008225995345763563,8,8111
iid-moving,ccf,sign_mid_return,82,0.0013811882652717867,0.006634499654469703,8,8110
iid-moving,ccf,sign_mid_return,83,0.0010993558012970376,0.008407308345780823,8,8109
iid-moving,ccf,sign_mid_return,84,-0.003754669763592558,0.008191677842110865,8,8108
iid-moving,ccf,sign_mid_return,85,-0.0013959577093303323,0.005415270530854467,8,8107
iid-moving,ccf,sign_mid_return,86,0.005284183973198133,0.005458270319860569,8,8106
iid-moving,ccf,sign_mid_return,87,-0.006863324747812795,0.008417870102785519,8,8105
iid-moving,ccf,sign_mid_return,88,0.0015376678458458636,0.005894568446969035,8,8104
iid-moving,ccf,sign_mid_return,89,-3.5157553894141886e-05,0.005795295080431768,8,8103
iid-moving,ccf,sign_mid_return,90,-0.005045630508892514,0.009059878868591243,8,8102
iid-moving,ccf,sign_mid_return,91,0.006465563778376116,0.010840422449197223,8,8101
iid-moving,ccf,sign_mid_return,92,-0.000602795534930152,0.007571400074089646,8,8100
iid-moving,ccf,sign_mid_return,93,-0.005143552317124583,0.005326006859912673,8,8099
iid-moving,ccf,sign_mid_return,94,0.003534414880953067,0.008531179142283686,8,8098
iid-moving,ccf,sign_mid_return,95,0.0019859464511111004,0.0063020237633372575,8,8097
iid-moving,ccf,sign_mid_return,96,-0.0030648222462798776,0.004873346720279236,8,8096
iid-moving,ccf,sign_mid_return,97,0.0021233407833048225,0.006653822602320652,8,8095
iid-moving,ccf,sign_mid_return,98,-0.0005916700135186149,0.009813221760386069,8,8094
iid-moving,ccf,sign_mid_return,99,-0.001331246040684284,0.006090500583780403,8,8093
iid-moving,ccf,sign_mid_return,100,0.00014483609455236439,0.007182429140415282,8,8092
iid-moving,ccf,sign_mid_return,101,-0.0021054795469496444,0.005496266579173792,8,8091
iid-moving,ccf,sign_mid_return,102,-0.0037984318345304583,0.010027009866773656,8,8090
iid-moving,ccf,sign_mid_return,103,0.001033664366058334,0.0053548511341727344,8,8089
iid-moving,ccf,sign_mid_return,104,0.006986970285938721,0.011579737188182823,8,8088
iid-moving,ccf,sign_mid_return,105,-0.0010371657371083987,0.006126352390449793,8,8087
iid-moving,ccf,sign_mid_return,106,-0.0014828307484983454,0.010067246155781069,8,8086
iid-moving,ccf,sign_mid_return,107,0.0034096078084150877,0.008770745169201668,8,8085
iid-moving,ccf,sign_mid_return,108,-0.002690110691574735,0.008319955763084438,8,8084
iid-moving,ccf,sign_mid_return,109,0.0001346728641547244,0.007907099971873029,8,8083
iid-moving,ccf,sign_mid_return,110,-0.004079394444392872,0.009457091907447368,8,8082
iid-moving,ccf,sign_mid_return,111,-0.0038645099538549077,0.004767171090003036,8,8081
iid-moving,ccf,sign_mid_return,112,0.003362964489812845,0.00832065370862049,8,8080
iid-moving,ccf,sign_mid_return,113,-0.0051632886684009165,0.005527487912214239,8,8079
iid-moving,ccf,sign_mid_return,114,0.0045343258338520894,0.008284058855192997,8,8078
iid-moving,ccf,sign_mid_return,115,0.0008190275701337961,0.005895325116877225,8,8077
iid-moving,ccf,sign_mid_return,116,0.0016001565991759067,0.009119354552836152,8,8076
iid-moving,ccf,sign_mid_return,117,0.0009527824470936195,0.004336103772014108,8,8075
iid-moving,ccf,sign_mid_return,118,-0.003507826769292152,0.004161456006645489,8,8074
iid-moving,ccf,sign_mid_return,119,-0.0013420265899919358,0.009034349443975189,8,8073
iid-moving,ccf,sign_mid_return,120,-0.002898515391993532,0.006992365970172396,8,8072
iid-moving,ccf,sign_mid_return,121,-0.005462187571736413,0.007364719845166451,8,8071
iid-moving,ccf,sign_mid_return,122,0.006386146218790715,0.0043812851467330315,8,8070
iid-moving,ccf,sign_mid_return,123,0.004229402724610415,0.005869843775584985,8,8069
iid-moving,ccf,sign_mid_return,124,-0.006548465831879519,0.006349639863560873,8,8068
iid-moving,ccf,sign_mid_return,125,0.0020216619951915126,0.007020595663297424,8,8067
iid-moving,ccf,sign_mid_return,126,-0.003906270297327606,0.00723442887995972,8,8066
iid-moving,ccf,sign_mid_return,127,0.0033231449901723583,0.00553250531390148,8,8065
iid-moving,ccf,sign_mid_return,128,-0.00015991681366090164,0.008558065058972287,8,8064
iid-moving,ccf,sign_spread_change,-128,-0.002091470315511182,0.0029612947752507518,8,8064
iid-moving,ccf,sign_spread_change,-127,-0.00031744286016630106,0.0061446595661742666,8,8065
iid-moving,ccf,sign_spread_change,-126,-0.0014669686661904326,0.0076429625241391155,8,8066
iid-moving,ccf,sign_spread_change,-125,-0.0013568192841862839,0.009157331623555847,8,8067
iid-moving,ccf,sign_spread_change,-124,0.0023709338113713087,0.007808846099945511,8,8068
iid-moving,ccf,sign_spread_change,-123,-0.005349411644504574,0.005321650544070595,8,8069
iid-moving,ccf,sign_spread_change,-122,0.004375442577780499,0.007522100496053211,8,8070
iid-moving,ccf,sign_spread_change,-121,0.0007996273039461417,0.009018581307553343,8,8071
iid-moving,ccf,sign_spread_change,-120,0.006418669355515947,0.009298281865812198,8,8072
iid-moving,ccf,sign_spread_change,-119,-0.004549153711778596,0.006514811539948505,8,8073
iid-moving,ccf,sign_spread_change,-118,-0.0007796277625676015,0.006361062713983043,8,8074
iid-moving,ccf,sign_spread_change,-117,0.0032722402714448918,0.01002298108357025,8,8075
iid-moving,ccf,sign_spread_change,-116,-0.005925350622428943,0.006278031516127143,8,8076
iid-moving,ccf,sign_spread_change,-115,0.0026435238719155264,0.007006511450217966,8,8077
iid-moving,ccf,sign_spread_change,-114,0.0018148561754076792,0.0074651671589833326,8,8078
iid-moving,ccf,sign_spread_change,-113,-0.004792197161120336,0.0042791620300191785,8,8079
iid-moving,ccf,sign_spread_change,-112,0.006543043071366666,0.006894343582970916,8,8080
iid-moving,ccf,sign_spread_change,-111,-0.0024164946391973955,0.008014038387696513,8,8081
iid-moving,ccf,sign_spread_change,-110,-0.002159013580506328,0.007354385535239898,8,8082
iid-moving,ccf,sign_spread_change,-109,-0.005220949672290813,0.010048282264905683,8,8083
iid-moving,ccf,sign_spread_change,-108,0.007389508563412085,0.01007532893640768,8,8084
iid-moving,ccf,sign_spread_change,-107,-0.0014716322454152524,0.007469160276181114,8,8085
iid-moving,ccf,sign_spread_change,-106,5.180874047485079e-05,0.006890064293157413,8,8086
iid-moving,ccf,sign_spread_change,-105,0.0010705548181329779,0.005545208769534262,8,8087
iid-moving,ccf,sign_spread_change,-104,-0.0007749120427842671,0.008461260524251769,8,8088
iid-moving,ccf,sign_spread_change,-103,-0.00024437262305743277,0.007370218070894211,8,8089
iid-moving,ccf,sign_spread_change,-102,-0.0027574549841598225,0.007471540560806461,8,8090
iid-moving,ccf,sign_spread_change,-101,0.004050387271691033,0.00557425938869291,8,8091
iid-moving,ccf,sign_spread_change,-100,-0.0032904624558333473,0.007821152363497043,8,8092
iid-moving,ccf,sign_spread_change,-99,0.004219885479914439,0.008139944105551852,8,8093
iid-moving,ccf,sign_spread_change,-98,-0.0014983500617722933,0.009126979377113313,8,8094
iid-moving,ccf,sign_spread_change,-97,0.0013656793453544506,0.01164236731327865,8,8095
iid-moving,ccf,sign_spread_change,-96,-0.002383148604425945,0.007546736519424913,8,8096
iid-moving,ccf,sign_spread_change,-95,-0.0033063151899771445,0.005099026129009733,8,8097
iid-moving,ccf,sign_spread_change,-94,0.006231106826471126,0.006155891003234973,8,8098
iid-moving,ccf,sign_spread_change,-93,-0.003905115846479191,0.008469457751628044,8,8099
iid-moving,ccf,sign_spread_change,-92,0.0002771790912881807,0.005354231067834146,8,8100
iid-moving,ccf,sign_spread_change,-91,0.004442539518449099,0.009571793984473298,8,8101
iid-moving,ccf,sign_spread_change,-90,-0.004253613531094806,0.0070805497855217754,8,8102
iid-moving,ccf,sign_spread_change,-89,0.00010277463963468645,0.008328106079969541,8,8103
iid-moving,ccf,sign_spread_change,-88,0.005403886350654954,0.009912823284821947,8,8104
iid-moving,ccf,sign_spread_change,-87,-0.007915970174168546,0.009057353902243744,8,8105
iid-moving,ccf,sign_spread_change,-86,0.006201592000878291,0.004672505990680427,8,8106
iid-moving,ccf,sign_spread_change,-85,-0.0030059657580912376,0.007160415943816798,8,8107
iid-moving,ccf,sign_spread_change,-84,-0.002284360203939781,0.015282170736903668,8,8108
iid-moving,ccf,sign_spread_change,-83,0.004166143170447086,0.009761560054393763,8,8109
iid-moving,ccf,sign_spread_change,-82,-0.0030816363602914473,0.009003194150034283,8,8110
iid-moving,ccf,sign_spread_change,-81,-0.001002037017178116,0.005842750596571865,8,8111
iid-moving,ccf,sign_spread_change,-80,0.0024635310946014735,0.01065716580498512,8,8112
iid-moving,ccf,sign_spread_change,-79,-0.0010762199902743252,0.009701044249356415,8,8113
iid-moving,ccf,sign_spread_change,-78,0.0011120669213668497,0.0061099648558975315,8,8114
iid-moving,ccf,sign_spread_change,-77,-0.0025291896810690087,0.00791422135097116,8,8115
iid-moving,ccf,sign_spread_change,-76,0.0019399597203836286,0.004596566267052658,8,8116
iid-moving,ccf,sign_spread_change,-75,-0.0004843214226627232,0.004890566814042073,8,8117
iid-moving,ccf,sign_spread_change,-74,0.005572605565742991,0.007983065269979828,8,8118
iid-moving,ccf,sign_spread_change,-73,-0.0003786717395228643,0.010654864193610608,8,8119
iid-moving,ccf,sign_spread_change,-72,-0.007345452741224131,0.010971895455321387,8,8120
iid-moving,ccf,sign_spread_change,-71,0.0039060861484493917,0.009079507783730434,8,8121
iid-moving,ccf,sign_spread_change,-70,0.0002714564935714593,0.0058799460542344716,8,8122
iid-moving,ccf,sign_spread_change,-69,-0.0009483944301875199,0.01030016999248597,8,8123
iid-moving,ccf,sign_spread_change,-68,0.0010532082242232631,0.009732714363334184,8,8124
iid-moving,ccf,sign_spread_change,-67,0.002335949196632794,0.00473839022529267,8,8125
iid-moving,ccf,sign_spread_change,-66,-0.0033817197968597132,0.0063193302214492935,8,8126
iid-moving,ccf,sign_spread_change,-65,-0.0017561895051506479,0.005938908642691569,8,8127
iid-moving,ccf,sign_spread_change,-64,0.002454937897746645,0.00907489930509572,8,8128
iid-moving,ccf,sign_spread_change,-63,0.0016629686333588431,0.0059531330819474005,8,8129
iid-moving,ccf,sign_spread_change,-62,-0.003880877692837934,0.007610038771722107,8,8130
iid-moving,ccf,sign_spread_change,-61,-0.0007117452302784094,0.00809960588282639,8,8131
iid-moving,ccf,sign_spread_change,-60,-0.0021487842475504987,0.007622997084688165,8,8132
iid-moving,ccf,sign_spread_change,-59,0.004281501422419104,0.0024122630732669593,8,8133
iid-moving,ccf,sign_spread_change,-58,-0.0016434228523215804,0.0050827108754335016,8,8134
iid-moving,ccf,sign_spread_change,-57,-0.00046421124098285516,0.01052806141608202,8,8135
iid-moving,ccf,sign_spread_change,-56,0.0068050678740072725,0.008647944555969626,8,8136
iid-moving,ccf,sign_spread_change,-55,-0.006039343403782935,0.007258984808751361,8,8137
iid-moving,ccf,sign_spread_change,-54,0.002916761307519668,0.0075227049360739135,8,8138
iid-moving,ccf,sign_spread_change,-53,-0.005066636140428586,0.006946114235920987,8,8139
iid-moving,ccf,sign_spread_change,-52,0.0037905610020787742,0.005923286659262701,8,8140
iid-moving,ccf,sign_spread_change,-51,0.000747391426445416,0.00987090214754423,8,8141
iid-moving,ccf,sign_spread_change,-50,-0.0032256387593873966,0.008185939254301432,8,8142
iid-moving,ccf,sign_spread_change,-49,0.0053682117884828965,0.012003336365601294,8,8143
iid-moving,ccf,sign_spread_change,-48,-0.004965949634981614,0.007910604990236096,8,8144
iid-moving,ccf,sign_spread_change,-47,0.002547378314160015,0.004766442537651865,8,8145
iid-moving,ccf,sign_spread_change,-46,0.0037840098197388285,0.009243175043997182,8,8146
iid-moving,ccf,sign_spread_change,-45,-0.003795784906288001,0.00673714266146246,8,8147
iid-moving,ccf,sign_spread_change,-44,-0.009598485616120988,0.005568322703109617,8,8148
iid-moving,ccf,sign_spread_change,-43,0.006266468531053658,0.008004341343238316,8,8149
iid-moving,ccf,sign_spread_change,-42,-0.001860457605559026,0.00835113166901102,8,8150
iid-moving,ccf,sign_spread_change,-41,0.006564158712296731,0.006489018154772756,8,8151
iid-moving,ccf,sign_spread_change,-40,-0.005453356569677272,0.006633821412722614,8,8152
iid-moving,ccf,sign_spread_change,-39,-0.0006199330724824066,0.006054330127121094,8,8153
iid-moving,ccf,sign_spread_change,-38,0.007294861951562377,0.007732175599822697,8,8154
iid-moving,ccf,sign_spread_change,-37,-0.0034224837992160428,0.007855149713795345,8,8155
iid-moving,ccf,sign_spread_change,-36,-0.0029595627513478856,0.009849487928095927,8,8156
iid-moving,ccf,sign_spread_change,-35,0.004980679026400825,0.008138066493175061,8,8157
iid-moving,ccf,sign_spread_change,-34,-0.004346984818942375,0.005771837137484968,8,8158
iid-moving,ccf,sign_spread_change,-33,0.002240222749319327,0.0075259706171636786,8,8159
iid-moving,ccf,sign_spread_change,-32,-0.0010109731172685908,0.0106494349360938,8,8160
iid-moving,ccf,sign_spread_change,-31,0.001480828625784771,0.011360338715422977,8,8161
iid-moving,ccf,sign_spread_change,-30,-0.0009641943587283762,0.009369881241456301,8,8162
iid-moving,ccf,sign_spread_change,-29,-0.002286374960002404,0.0027560764177512334,8,8163
iid-moving,ccf,sign_spread_change,-28,-0.0014417710458094893,0.00561332926602041,8,8164
iid-moving,ccf,sign_spread_change,-27,-0.0015757679110780095,0.006549562425786961,8,8165
iid-moving,ccf,sign_spread_change,-26,0.006014273923048874,0.006816342603160064,8,8166
iid-moving,ccf,sign_spread_change,-25,-0.0015293016562912974,0.00840249190930042,8,8167
iid-moving,ccf,sign_spread_change,-24,0.0010923958126485248,0.005860518551320533,8,8168
iid-moving,ccf,sign_spread_change,-23,-0.003820768046280886,0.00790981067754054,8,8169
iid-moving,ccf,sign_spread_change,-22,0.003897577331365768,0.00840303629723825,8,8170
iid-moving,ccf,sign_spread_change,-21,0.0040598861587325666,0.00444548287690858,8,8171
iid-moving,ccf,sign_spread_change,-20,-0.007274208173727738,0.010549089942820344,8,8172
iid-moving,ccf,sign_spread_change,-19,0.001576127524047421,0.01141699991694275,8,8173
iid-moving,ccf,sign_spread_change,-18,-0.00022925094009798065,0.011374645324021732,8,8174
iid-moving,ccf,sign_spread_change,-17,-0.002795391968367184,0.0077179890197765395,8,8175
iid-moving,ccf,sign_spread_change,-16,0.006006390832800176,0.006768505852912013,8,8176
iid-moving,ccf,sign_spread_change,-15,-0.002657238791448879,0.010675995621154951,8,8177
iid-moving,ccf,sign_spread_change,-14,0.0001755327728108578,0.0063608263766006005,8,8178
iid-moving,ccf,sign_spread_change,-13,0.0024387108749404493,0.009678636887334233,8,8179
iid-moving,ccf,sign_spread_change,-12,-0.005036709998801557,0.011145571287563478,8,8180
iid-moving,ccf,sign_spread_change,-11,-0.0007370956739006475,0.007138050600009893,8,8181
iid-moving,ccf,sign_spread_change,-10,0.0025641877097203336,0.003984091489553002,8,8182
iid-moving,ccf,sign_spread_change,-9,0.0018149530708768818,0.006888658998199491,8,8183
iid-moving,ccf,sign_spread_change,-8,0.0033866674098682542,0.007521122283831521,8,8184
iid-moving,ccf,sign_spread_change,-7,-0.002508391830194084,0.0063958704614718925,8,8185
iid-moving,ccf,sign_spread_change,-6,-0.0013399789461282505,0.007227257528526457,8,8186
iid-moving,ccf,sign_spread_change,-5,-0.002678215491553155,0.0061128141254596716,8,8187
iid-moving,ccf,sign_spread_change,-4,0.002010236908925096,0.006663882666109456,8,8188
iid-moving,ccf,sign_spread_change,-3,0.007943859741342964,0.007459663985836919,8,8189
iid-moving,ccf,sign_spread_change,-2,-0.007129233898754073,0.004780910966155018,8,8190
iid-moving,ccf,sign_spread_change,-1,-0.00025635002967156547,0.0042717220179028115,8,8191
iid-moving,ccf,sign_spread_change,0,0.0019476258802886173,0.004287671393615777,8,8192
iid-moving,ccf,sign_spread_change,1,-0.002018893485097236,0.007131812871872745,8,8191
iid-moving,ccf,sign_spread_change,2,-0.001863376441833699,0.008360657231280159,8,8190
iid-moving,ccf,sign_spread_change,3,0.00038131207323596826,0.006683766311194678,8,8189
iid-moving,ccf,sign_spread_change,4,-0.002934170781553813,0.006777013127759619,8,8188
iid-moving,ccf,sign_spread_change,5,0.004191890659222506,0.006267182346624121,8,8187
iid-moving,ccf,sign_spread_change,6,-0.00030145596943891386,0.005937644901588513,8,8186
iid-moving,ccf,sign_spread_change,7,0.001914064916631192,0.008911536224122227,8,8185
iid-moving,ccf,sign_spread_change,8,-0.0033161590736126923,0.006569184355846488,8,8184
iid-moving,ccf,sign_spread_change,9,0.0012203485191434808,0.007141232942163375,8,8183
iid-moving,ccf,sign_spread_change,10,0.0019483362423811513,0.005325077303996214,8,8182
iid-moving,ccf,sign_spread_change,11,0.002927182558746424,0.0077273533978432,8,8181
iid-moving,ccf,sign_spread_change,12,-0.000848088064030295,0.006300727001176749,8,8180
iid-moving,ccf,sign_spread_change,13,-0.005594471000276895,0.0050198745850066505,8,8179
iid-moving,ccf,sign_spread_change,14,0.00326337378724449,0.005618179303277291,8,8178
iid-moving,ccf,sign_spread_change,15,-0.0005459980186745532,0.006479598354675916,8,8177
iid-moving,ccf,sign_spread_change,16,-0.002197732756898709,0.00457682140032688,8,8176
iid-moving,ccf,sign_spread_change,17,0.002004104752581122,0.006623765201469308,8,8175
iid-moving,ccf,sign_spread_change,18,-0.0018961494787236824,0.00503820875918312,8,8174
iid-moving,ccf,sign_spread_change,19,0.005613176823355765,0.0043659574404370915,8,8173
iid-moving,ccf,sign_spread_change,20,-0.007494553669406566,0.0074655036916890976,8,8172
iid-moving,ccf,sign_spread_change,21,0.0016778447334131043,0.005599372880490556,8,8171
iid-moving,ccf,sign_spread_change,22,7.576765015090227e-05,0.008728460214219424,8,8170
iid-moving,ccf,sign_spread_change,23,0.00016237419082742804,0.008561161906604905,8,8169
iid-moving,ccf,sign_spread_change,24,0.003719129230198646,0.009679952232405588,8,8168
iid-moving,ccf,sign_spread_change,25,-0.0014777781984383594,0.008196049309877473,8,8167
iid-moving,ccf,sign_spread_change,26,-0.0010555714132029765,0.008064622413970437,8,8166
iid-moving,ccf,sign_spread_change,27,0.005685290216470628,0.005244478128698954,8,8165
iid-moving,ccf,sign_spread_change,28,-0.006738172529284494,0.008046995289177837,8,8164
iid-moving,ccf,sign_spread_change,29,-0.0016174638437575055,0.004666196563429055,8,8163
iid-moving,ccf,sign_spread_change,30,0.00752084451593485,0.006683180082983996,8,8162
iid-moving,ccf,sign_spread_change,31,-0.007282258860706732,0.005073269014347334,8,8161
iid-moving,ccf,sign_spread_change,32,0.004358273793281764,0.006109026300488569,8,8160
iid-moving,ccf,sign_spread_change,33,-0.0029542712893593855,0.0042135553497612424,8,8159
iid-moving,ccf,sign_spread_change,34,6.180514116747816e-05,0.0047265623563827516,8,8158
iid-moving,ccf,sign_spread_change,35,-0.0026253841805440456,0.005704515637871117,8,8157
iid-moving,ccf,sign_spread_change,36,0.001470119264635111,0.005471469311435597,8,8156
iid-moving,ccf,sign_spread_change,37,0.005988627836452517,0.0062371093957250745,8,8155
iid-moving,ccf,sign_spread_change,38,-0.004715768276540433,0.006314577941133936,8,8154
iid-moving,ccf,sign_spread_change,39,-0.001157054039683081,0.006299684646321261,8,8153
iid-moving,ccf,sign_spread_change,40,1.7021148802206978e-06,0.00769449550618368,8,8152
iid-moving,ccf,sign_spread_change,41,0.0013642121449319571,0.0060296075420084505,8,8151
iid-moving,ccf,sign_spread_change,42,0.0013788948008232147,0.005342746775807632,8,8150
iid-moving,ccf,sign_spread_change,43,0.0015373831546736465,0.0064863784983411775,8,8149
iid-moving,ccf,sign_spread_change,44,-0.005001326564041168,0.0077048513750316025,8,8148
iid-moving,ccf,sign_spread_change,45,0.000696056911642233,0.010395395841555409,8,8147
iid-moving,ccf,sign_spread_change,46,0.010497603284934496,0.010761210957317132,8,8146
iid-moving,ccf,sign_spread_change,47,-0.008250925538656176,0.00809166180644118,8,8145
iid-moving,ccf,sign_spread_change,48,-0.004158291740832817,0.005613743059957239,8,8144
iid-moving,ccf,sign_spread_change,49,0.0017716537041751028,0.007247791115879893,8,8143
iid-moving,ccf,sign_spread_change,50,-0.0010528092562388197,0.006571630176071311,8,8142
iid-moving,ccf,sign_spread_change,51,0.004458890683268544,0.0067739727939464065,8,8141
iid-moving,ccf,sign_spread_change,52,0.0018992653607593655,0.008927819411052381,8,8140
iid-moving,ccf,sign_spread_change,53,-0.003925223739067916,0.005597573074452916,8,8139
iid-moving,ccf,sign_spread_change,54,0.0007884854714876619,0.006292790938050333,8,8138
iid-moving,ccf,sign_spread_change,55,0.0030966048485901575,0.005586938151005098,8,8137
iid-moving,ccf,sign_spread_change,56,-0.003809680324772721,0.00649311797945553,8,8136
iid-moving,ccf,sign_spread_change,57,0.0009993087613870302,0.009500854449639606,8,8135
iid-moving,ccf,sign_spread_change,58,-0.0027773794703938506,0.00796890660168597,8,8134
iid-moving,ccf,sign_spread_change,59,0.0077709258177004765,0.007145949385705223,8,8133
iid-moving,ccf,sign_spread_change,60,-0.003942656265849321,0.0051966238282564,8,8132
iid-moving,ccf,sign_spread_change,61,-0.0029340791821757264,0.0065212847264579975,8,8131
iid-moving,ccf,sign_spread_change,62,0.001411955488795752,0.012169443912465229,8,8130
iid-moving,ccf,sign_spread_change,63,0.0038645797066292256,0.01025409665140226,8,8129
iid-moving,ccf,sign_spread_change,64,0.00019745855057834655,0.015110421596552738,8,8128
iid-moving,ccf,sign_spread_change,65,-0.0030051320765256294,0.014637485286936217,8,8127
iid-moving,ccf,sign_spread_change,66,0.0006947399927954659,0.010773189842513001,8,8126
iid-moving,ccf,sign_spread_change,67,-0.0023518607165997846,0.005809156588971093,8,8125
iid-moving,ccf,sign_spread_change,68,0.001245379470329629,0.006729498308985926,8,8124
iid-moving,ccf,sign_spread_change,69,-0.002460357113935106,0.006139759705870779,8,8123
iid-moving,ccf,sign_spread_change,70,0.0037909060458199907,0.005331484826896517,8,8122
iid-moving,ccf,sign_spread_change,71,0.0005680362322129401,0.006434862643881958,8,8121
iid-moving,ccf,sign_spread_change,72,-0.004520606129589255,0.00949028345204103,8,8120
iid-moving,ccf,sign_spread_change,73,0.0027066207522893765,0.008700560634259478,8,8119
iid-moving,ccf,sign_spread_change,74,-0.00688245678990741,0.00777208836639486,8,8118
iid-moving,ccf,sign_spread_change,75,0.0037314825286614197,0.008000968733572521,8,8117
iid-moving,ccf,sign_spread_change,76,0.007039909706874716,0.004031163081307471,8,8116
iid-moving,ccf,sign_spread_change,77,-0.005876920752015771,0.007980709723696845,8,8115
iid-moving,ccf,sign_spread_change,78,-0.0013386743051328797,0.011670781123387892,8,8114
iid-moving,ccf,sign_spread_change,79,0.006127252453137192,0.007959783568494154,8,8113
iid-moving,ccf,sign_spread_change,80,-0.0017608435050999083,0.0059427235099379595,8,8112
iid-moving,ccf,sign_spread_change,81,1.898834248958048e-05,0.006750772241823464,8,8111
iid-moving,ccf,sign_spread_change,82,-0.007351354501166225,0.005051278469359755,8,8110
iid-moving,ccf,sign_spread_change,83,0.00949029230944226,0.0050581610338843045,8,8109
iid-moving,ccf,sign_spread_change,84,-0.0019325212313854555,0.004482852762111674,8,8108
iid-moving,ccf,sign_spread_change,85,0.0012044341771168632,0.003707894094099487,8,8107
iid-moving,ccf,sign_spread_change,86,-0.0031814462096109294,0.0061662953878749835,8,8106
iid-moving,ccf,sign_spread_change,87,0.0009247214485428986,0.0051187051665469805,8,8105
iid-moving,ccf,sign_spread_change,88,-0.0018434100137368274,0.00621199007696798,8,8104
iid-moving,ccf,sign_spread_change,89,0.005119416164945125,0.008339359341615138,8,8103
iid-moving,ccf,sign_spread_change,90,-0.0026894588400323176,0.008556979837406326,8,8102
iid-moving,ccf,sign_spread_change,91,-0.0011678518215284465,0.006918515358476762,8,8101
iid-moving,ccf,sign_spread_change,92,0.0012127333256121953,0.010012528190582093,8,8100
iid-moving,ccf,sign_spread_change,93,0.00676368041325342,0.009747897129814049,8,8099
iid-moving,ccf,sign_spread_change,94,-0.009418893779739824,0.009954155750775353,8,8098
iid-moving,ccf,sign_spread_change,95,0.0031292933446770083,0.006876083212048062,8,8097
iid-moving,ccf,sign_spread_change,96,0.00030242332517999883,0.006037693838835376,8,8096
iid-moving,ccf,sign_spread_change,97,-0.0003109624815762675,0.005804835425683897,8,8095
iid-moving,ccf,sign_spread_change,98,-0.00594806097901024,0.007599091368912833,8,8094
iid-moving,ccf,sign_spread_change,99,0.010161004928984096,0.004267526338984835,8,8093
iid-moving,ccf,sign_spread_change,100,-0.004045093020451469,0.00949187942585906,8,8092
iid-moving,ccf,sign_spread_change,101,-0.0036322461867307684,0.003809018778506485,8,8091
iid-moving,ccf,sign_spread_change,102,0.002489054971786163,0.0040320667137217605,8,8090
iid-moving,ccf,sign_spread_change,103,0.0018994659300511428,0.008264945534805362,8,8089
iid-moving,ccf,sign_spread_change,104,-0.00033625968449888096,0.010878919668956273,8,8088
iid-moving,ccf,sign_spread_change,105,0.0008505066460199799,0.008750709404330634,8,8087
iid-moving,ccf,sign_spread_change,106,-0.0054378034517831055,0.010093942735564885,8,8086
iid-moving,ccf,sign_spread_change,107,0.003413046936122741,0.011313788560735978,8,8085
iid-moving,ccf,sign_spread_change,108,-0.0006241930293495732,0.008098409685578026,8,8084
iid-moving,ccf,sign_spread_change,109,-0.0015128845922102495,0.007962418011675574,8,8083
iid-moving,ccf,sign_spread_change,110,-0.0003073648145888794,0.0076616686283670086,8,8082
iid-moving,ccf,sign_spread_change,111,0.0018669026258074629,0.0074408147294250685,8,8081
iid-moving,ccf,sign_spread_change,112,0.0024676426377804326,0.00453128766239232,8,8080
iid-moving,ccf,sign_spread_change,113,-0.005107886780745439,0.005928827428991492,8,8079
iid-moving,ccf,sign_spread_change,114,0.001905953684594548,0.009501068911514091,8,8078
iid-moving,ccf,sign_spread_change,115,0.002830471652207455,0.006504314485894892,8,8077
iid-moving,ccf,sign_spread_change,116,-0.0011921370865790625,0.007867251118956708,8,8076
iid-moving,ccf,sign_spread_change,117,-0.0014383085051843788,0.010805093542365573,8,8075
iid-moving,ccf,sign_spread_change,118,-0.0008493789511877271,0.010116265074803454,8,8074
iid-moving,ccf,sign_spread_change,119,0.007621668949805356,0.007906308717432723,8,8073
iid-moving,ccf,sign_spread_change,120,-0.011172381774253462,0.0050467841419509505,8,8072
iid-moving,ccf,sign_spread_change,121,0.003769519029765407,0.01138181682956299,8,8071
iid-moving,ccf,sign_spread_change,122,0.0006830820055072138,0.008974477308333752,8,8070
iid-moving,ccf,sign_spread_change,123,0.0015327700018614888,0.0040665435316339146,8,8069
iid-moving,ccf,sign_spread_change,124,0.00389339258473041,0.0064198068418968865,8,8068
iid-moving,ccf,sign_spread_change,125,-0.00683661480842092,0.00792343393635066,8,8067
iid-moving,ccf,sign_spread_change,126,0.0023297662633468886,0.009994373805275264,8,8066
iid-moving,ccf,sign_spread_change,127,0.001313836172751379,0.012832157050320273,8,8065
iid-moving,ccf,sign_spread_change,128,-0.005248356707369242,0.008770248300489692,8,8064
iid-moving,ccf,mid_trade_return,-128,0.00014591779332226527,0.012516654233583495,8,8064
iid-moving,ccf,mid_trade_return,-127,0.002505697007429623,0.006162910615984246,8,8065
iid-moving,ccf,mid_trade_return,-126,-0.005152943509812986,0.008047254134683976,8,8066
iid-moving,ccf,mid_trade_return,-125,0.00414470936560354,0.008689226216328384,8,8067
iid-moving,ccf,mid_trade_return,-124,-0.0060418102729813275,0.008271430163816176,8,8068
iid-moving,ccf,mid_trade_return,-123,0.007656144533793906,0.004505768863833936,8,8069
iid-moving,ccf,mid_trade_return,-122,0.0015071700964706914,0.005149073886299326,8,8070
iid-moving,ccf,mid_trade_return,-121,-0.008389943473515949,0.006084086703315756,8,8071
iid-moving,ccf,mid_trade_return,-120,0.0018070942770996071,0.00797121693686021,8,8072
iid-moving,ccf,mid_trade_return,-119,0.0010579845799253557,0.009265693869335507,8,8073
iid-moving,ccf,mid_trade_return,-118,-0.0015341829663450299,0.008347605884878937,8,8074
iid-moving,ccf,mid_trade_return,-117,0.003169177772640994,0.0040011209805791825,8,8075
iid-moving,ccf,mid_trade_return,-116,0.0004770805768211073,0.008832165001487301,8,8076
iid-moving,ccf,mid_trade_return,-115,-0.0005178723933492685,0.008879848568385864,8,8077
iid-moving,ccf,mid_trade_return,-114,0.002634899796565402,0.007550106186925128,8,8078
iid-moving,ccf,mid_trade_return,-113,-0.006823462558434676,0.0074232758878237555,8,8079
iid-moving,ccf,mid_trade_return,-112,0.00600829353737253,0.004973377741689497,8,8080
iid-moving,ccf,mid_trade_return,-111,-0.005117094916432803,0.007863681802278581,8,8081
iid-moving,ccf,mid_trade_return,-110,-0.00017223143286934726,0.008024865281881208,8,8082
iid-moving,ccf,mid_trade_return,-109,0.0030101266493381155,0.012206941441583114,8,8083
iid-moving,ccf,mid_trade_return,-108,-0.00200117322544658,0.008404454176383119,8,8084
iid-moving,ccf,mid_trade_return,-107,0.0042168472791390904,0.010699014181533345,8,8085
iid-moving,ccf,mid_trade_return,-106,-0.00341275744521364,0.00959812404395522,8,8086
iid-moving,ccf,mid_trade_return,-105,0.00039695278562253394,0.010390456588679375,8,8087
iid-moving,ccf,mid_trade_return,-104,0.005684085866837663,0.006943340990869332,8,8088
iid-moving,ccf,mid_trade_return,-103,-0.004207277486273436,0.009070285277177088,8,8089
iid-moving,ccf,mid_trade_return,-102,-0.0034393558776693004,0.009184089566354284,8,8090
iid-moving,ccf,mid_trade_return,-101,0.001177246576786454,0.006517112649255726,8,8091
iid-moving,ccf,mid_trade_return,-100,0.0015946762706607492,0.007641093658732752,8,8092
iid-moving,ccf,mid_trade_return,-99,-0.0010057962203420963,0.008169077643708444,8,8093
iid-moving,ccf,mid_trade_return,-98,0.0004892406532524362,0.010486405538251297,8,8094
iid-moving,ccf,mid_trade_return,-97,0.0018904860373841542,0.010263714474136505,8,8095
iid-moving,ccf,mid_trade_return,-96,-0.00367950581857491,0.007524211972070612,8,8096
iid-moving,ccf,mid_trade_return,-95,0.0035341158908953163,0.0039255976588706476,8,8097
iid-moving,ccf,mid_trade_return,-94,0.0011308047410215826,0.008995698329072164,8,8098
iid-moving,ccf,mid_trade_return,-93,-0.006091818815004153,0.007964109378706489,8,8099
iid-moving,ccf,mid_trade_return,-92,0.0031566902883148075,0.007314324023239341,8,8100
iid-moving,ccf,mid_trade_return,-91,0.005073603659058498,0.009706372160572137,8,8101
iid-moving,ccf,mid_trade_return,-90,-0.00819288119628941,0.01307144837643904,8,8102
iid-moving,ccf,mid_trade_return,-89,0.003561555909306484,0.007248408669709161,8,8103
iid-moving,ccf,mid_trade_return,-88,0.001117904226410321,0.006525784193869597,8,8104
iid-moving,ccf,mid_trade_return,-87,-0.00596197662042269,0.005602498746527932,8,8105
iid-moving,ccf,mid_trade_return,-86,0.008646131799345836,0.008914319522445093,8,8106
iid-moving,ccf,mid_trade_return,-85,-0.004731812379400154,0.00432563872957888,8,8107
iid-moving,ccf,mid_trade_return,-84,-0.0017209994963877447,0.008022271861697449,8,8108
iid-moving,ccf,mid_trade_return,-83,0.003455792388952306,0.00948355800557021,8,8109
iid-moving,ccf,mid_trade_return,-82,0.00024311837650834106,0.009755449627936832,8,8110
iid-moving,ccf,mid_trade_return,-81,1.3502667925867264e-06,0.00843279298760353,8,8111
iid-moving,ccf,mid_trade_return,-80,-0.0011462766924648636,0.010812717215253662,8,8112
iid-moving,ccf,mid_trade_return,-79,-0.0035671916721386147,0.00795906294717585,8,8113
iid-moving,ccf,mid_trade_return,-78,0.003775015276431826,0.010267686257486338,8,8114
iid-moving,ccf,mid_trade_return,-77,0.0011804560161669689,0.012105896398733124,8,8115
iid-moving,ccf,mid_trade_return,-76,0.0020000610720139343,0.009374141420803237,8,8116
iid-moving,ccf,mid_trade_return,-75,-0.006034215134150749,0.009722634181179246,8,8117
iid-moving,ccf,mid_trade_return,-74,0.006741734745454522,0.010622298743246533,8,8118
iid-moving,ccf,mid_trade_return,-73,-0.005221227235196725,0.01078998469960013,8,8119
iid-moving,ccf,mid_trade_return,-72,-0.0007940581732656417,0.009921398176049829,8,8120
iid-moving,ccf,mid_trade_return,-71,0.002536434830032932,0.007575583096134167,8,8121
iid-moving,ccf,mid_trade_return,-70,-0.0013762292761290112,0.008305947987496277,8,8122
iid-moving,ccf,mid_trade_return,-69,-0.0002640869199841513,0.012264733005276932,8,8123
iid-moving,ccf,mid_trade_return,-68,-0.003821251045885601,0.008441652785910756,8,8124
iid-moving,ccf,mid_trade_return,-67,0.006943244396896446,0.007592561169036892,8,8125
iid-moving,ccf,mid_trade_return,-66,-0.000770075815608406,0.005394375882801635,8,8126
iid-moving,ccf,mid_trade_return,-65,-0.0010906687614433588,0.0047196576947193146,8,8127
iid-moving,ccf,mid_trade_return,-64,0.0011936886459646134,0.01023002938119934,8,8128
iid-moving,ccf,mid_trade_return,-63,-0.001835160868880045,0.008636131201106664,8,8129
iid-moving,ccf,mid_trade_return,-62,-0.0005367049748574821,0.007951234155747352,8,8130
iid-moving,ccf,mid_trade_return,-61,0.003703823674627973,0.008938865659616243,8,8131
iid-moving,ccf,mid_trade_return,-60,-0.004819235294029785,0.007951273579905027,8,8132
iid-moving,ccf,mid_trade_return,-59,0.00456010741210127,0.007760701078352529,8,8133
iid-moving,ccf,mid_trade_return,-58,0.001714250275831547,0.010037454362701323,8,8134
iid-moving,ccf,mid_trade_return,-57,-0.009995831791575371,0.012195155235934417,8,8135
iid-moving,ccf,mid_trade_return,-56,0.006342169360854434,0.011779561567434949,8,8136
iid-moving,ccf,mid_trade_return,-55,-0.006142725420812886,0.01369692131690811,8,8137
iid-moving,ccf,mid_trade_return,-54,0.007711904687583578,0.008801634269829547,8,8138
iid-moving,ccf,mid_trade_return,-53,0.0026407624990561354,0.010245582112435966,8,8139
iid-moving,ccf,mid_trade_return,-52,-0.0077596574062890385,0.008440000188215923,8,8140
iid-moving,ccf,mid_trade_return,-51,0.0006992785330067718,0.012807143853176968,8,8141
iid-moving,ccf,mid_trade_return,-50,0.0028283891649016307,0.006530609566022949,8,8142
iid-moving,ccf,mid_trade_return,-49,-0.0027462657004075908,0.008913605524950817,8,8143
iid-moving,ccf,mid_trade_return,-48,-0.0005005334083619125,0.009173573046321656,8,8144
iid-moving,ccf,mid_trade_return,-47,0.0014597184741476361,0.010327265325531004,8,8145
iid-moving,ccf,mid_trade_return,-46,0.0030631501863252943,0.007483086917175728,8,8146
iid-moving,ccf,mid_trade_return,-45,-0.0036276656307259653,0.009371451634811302,8,8147
iid-moving,ccf,mid_trade_return,-44,-0.0030276788890922367,0.01103820020915735,8,8148
iid-moving,ccf,mid_trade_return,-43,0.00565894602402614,0.006164122004917261,8,8149
iid-moving,ccf,mid_trade_return,-42,-0.002705663735863656,0.005615798982066051,8,8150
iid-moving,ccf,mid_trade_return,-41,-0.0009134925748141273,0.005926700775132923,8,8151
iid-moving,ccf,mid_trade_return,-40,0.0052841021918856946,0.007244051385328111,8,8152
iid-moving,ccf,mid_trade_return,-39,-0.002317907401243331,0.012914700892434166,8,8153
iid-moving,ccf,mid_trade_return,-38,0.001033570665340447,0.013754237580523035,8,8154
iid-moving,ccf,mid_trade_return,-37,0.0021646327490083533,0.009276391860552052,8,8155
iid-moving,ccf,mid_trade_return,-36,-0.008619282654030475,0.010599616151397323,8,8156
iid-moving,ccf,mid_trade_return,-35,0.005542181140930599,0.008104570145655127,8,8157
iid-moving,ccf,mid_trade_return,-34,-0.0046995882295983666,0.0062522715668422504,8,8158
iid-moving,ccf,mid_trade_return,-33,0.002922267138629956,0.012805409903233866,8,8159
iid-moving,ccf,mid_trade_return,-32,0.0019376118210285304,0.009663960769403651,8,8160
iid-moving,ccf,mid_trade_return,-31,-0.0035897518554760576,0.005443263449922606,8,8161
iid-moving,ccf,mid_trade_return,-30,0.0004842426907447114,0.0072453758020862786,8,8162
iid-moving,ccf,mid_trade_return,-29,0.003650535439203921,0.005378538130009692,8,8163
iid-moving,ccf,mid_trade_return,-28,-0.007467805663356442,0.006652979221254624,8,8164
iid-moving,ccf,mid_trade_return,-27,0.005760052528214281,0.008411141553936104,8,8165
iid-moving,ccf,mid_trade_return,-26,-0.000483226531395667,0.008982268851558598,8,8166
iid-moving,ccf,mid_trade_return,-25,0.0016257959830859934,0.008904781094092809,8,8167
iid-moving,ccf,mid_trade_return,-24,-0.005372087293664229,0.004516491905138479,8,8168
iid-moving,ccf,mid_trade_return,-23,0.003502833700708079,0.006050645764067885,8,8169
iid-moving,ccf,mid_trade_return,-22,-0.0029342124657448037,0.0077815724988744474,8,8170
iid-moving,ccf,mid_trade_return,-21,-0.0005679886274224331,0.00765451895081085,8,8171
iid-moving,ccf,mid_trade_return,-20,0.006385307741432933,0.011325219749936066,8,8172
iid-moving,ccf,mid_trade_return,-19,-0.0038551800333065005,0.012820463279938557,8,8173
iid-moving,ccf,mid_trade_return,-18,0.004749154168625808,0.006685105060792179,8,8174
iid-moving,ccf,mid_trade_return,-17,-0.007162719579826766,0.008295757765601083,8,8175
iid-moving,ccf,mid_trade_return,-16,0.0033284124736792267,0.014693819822104028,8,8176
iid-moving,ccf,mid_trade_return,-15,0.0024263112502358876,0.011314340910561589,8,8177
iid-moving,ccf,mid_trade_return,-14,-0.00929709657627712,0.008613173414666957,8,8178
iid-moving,ccf,mid_trade_return,-13,0.0037158376944885925,0.00833969371663125,8,8179
iid-moving,ccf,mid_trade_return,-12,-0.0018837041783400861,0.00846536810635073,8,8180
iid-moving,ccf,mid_trade_return,-11,0.0006078282236599126,0.004970662698932074,8,8181
iid-moving,ccf,mid_trade_return,-10,-0.0037588547853676362,0.006818176491000797,8,8182
iid-moving,ccf,mid_trade_return,-9,0.0008427038056119773,0.005045040982484799,8,8183
iid-moving,ccf,mid_trade_return,-8,0.003510956839315261,0.008034854690906685,8,8184
iid-moving,ccf,mid_trade_return,-7,-0.006586097899611701,0.006962922763592009,8,8185
iid-moving,ccf,mid_trade_return,-6,-0.006344422620856386,0.006532860251245459,8,8186
iid-moving,ccf,mid_trade_return,-5,-0.005796351144189816,0.005395153427805939,8,8187
iid-moving,ccf,mid_trade_return,-4,-0.0015922283504100669,0.007040716238904776,8,8188
iid-moving,ccf,mid_trade_return,-3,-0.02066711796463117,0.010239093381980006,8,8189
iid-moving,ccf,mid_trade_return,-2,-0.06708518364000224,0.008142315949218241,8,8190
iid-moving,ccf,mid_trade_return,-1,-0.14112716212720414,0.004854580600975536,8,8191
iid-moving,ccf,mid_trade_return,0,0.8777864127749279,0.0009604355166062186,8,8192
iid-moving,ccf,mid_trade_return,1,-0.6206689877829218,0.0020956771259064938,8,8191
iid-moving,ccf,mid_trade_return,2,-0.004981286453293096,0.0065471902877709594,8,8190
iid-moving,ccf,mid_trade_return,3,0.002785011623125117,0.010681436166914944,8,8189
iid-moving,ccf,mid_trade_return,4,0.00603216102029364,0.010294885084348074,8,8188
iid-moving,ccf,mid_trade_return,5,-0.0072709554805133626,0.007188139731791958,8,8187
iid-moving,ccf,mid_trade_return,6,-0.0005704524718259695,0.007332118089383139,8,8186
iid-moving,ccf,mid_trade_return,7,-0.001148630373366455,0.005345324077674898,8,8185
iid-moving,ccf,mid_trade_return,8,0.007173381717837902,0.00840008731802215,8,8184
iid-moving,ccf,mid_trade_return,9,-0.00191965697634149,0.006781088886813919,8,8183
iid-moving,ccf,mid_trade_return,10,-0.004272957437062037,0.005309351289500979,8,8182
iid-moving,ccf,mid_trade_return,11,0.002733768954287146,0.008210478148287681,8,8181
iid-moving,ccf,mid_trade_return,12,-0.003322147328366848,0.006021855130586863,8,8180
iid-moving,ccf,mid_trade_return,13,0.004242046073395869,0.00606835184864909,8,8179
iid-moving,ccf,mid_trade_return,14,-0.009011867570851711,0.00991882262993266,8,8178
iid-moving,ccf,mid_trade_return,15,0.010081231509574542,0.009742364584738079,8,8177
iid-moving,ccf,mid_trade_return,16,-0.004812774089616719,0.013466581461163663,8,8176
iid-moving,ccf,mid_trade_return,17,0.00016753056545168693,0.011419593521621491,8,8175
iid-moving,ccf,mid_trade_return,18,0.0029633629713568567,0.0050647978097122254,8,8174
iid-moving,ccf,mid_trade_return,19,0.0003056531390935684,0.008271730160928296,8,8173
iid-moving,ccf,mid_trade_return,20,0.004403672538833045,0.014591731009290357,8,8172
iid-moving,ccf,mid_trade_return,21,-0.00517984164896329,0.007915699554233498,8,8171
iid-moving,ccf,mid_trade_return,22,-0.0004659833746792553,0.006235103761489089,8,8170
iid-moving,ccf,mid_trade_return,23,-0.0003753106228836509,0.005213444622780578,8,8169
iid-moving,ccf,mid_trade_return,24,-0.0025357937321873717,0.0047303643322588506,8,8168
iid-moving,ccf,mid_trade_return,25,0.004210008132671728,0.004111082560164005,8,8167
iid-moving,ccf,mid_trade_return,26,-0.0008923853291530655,0.009308072825012318,8,8166
iid-moving,ccf,mid_trade_return,27,0.001937359712272007,0.011027019685785134,8,8165
iid-moving,ccf,mid_trade_return,28,-0.004357612802340735,0.009698513523067909,8,8164
iid-moving,ccf,mid_trade_return,29,0.0038101807837232064,0.006957910440251185,8,8163
iid-moving,ccf,mid_trade_return,30,-0.004118594701045822,0.005687725971519198,8,8162
iid-moving,ccf,mid_trade_return,31,0.0022663969563801894,0.005725458330546889,8,8161
iid-moving,ccf,mid_trade_return,32,0.001564527635250548,0.004885922778615175,8,8160
iid-moving,ccf,mid_trade_return,33,-0.0013135795501867868,0.011532377100382796,8,8159
iid-moving,ccf,mid_trade_return,34,-0.002995684497687916,0.009951517039911031,8,8158
iid-moving,ccf,mid_trade_return,35,0.003445408319582064,0.005582225633670636,8,8157
iid-moving,ccf,mid_trade_return,36,-0.00624685008862654,0.00979776188634565,8,8156
iid-moving,ccf,mid_trade_return,37,0.004858155771634715,0.008574515975349833,8,8155
iid-moving,ccf,mid_trade_return,38,0.0006675159635564554,0.01039301131635052,8,8154
iid-moving,ccf,mid_trade_return,39,-0.0011052780254859154,0.013674822128058995,8,8153
iid-moving,ccf,mid_trade_return,40,0.005999701795937144,0.010858770448167859,8,8152
iid-moving,ccf,mid_trade_return,41,-0.0049737170090827,0.0057402617939649,8,8151
iid-moving,ccf,mid_trade_return,42,-0.0013742115964577415,0.006027637009679873,8,8150
iid-moving,ccf,mid_trade_return,43,0.004979443321784767,0.008640690085033407,8,8149
iid-moving,ccf,mid_trade_return,44,-0.006525762080902049,0.007487010266021485,8,8148
iid-moving,ccf,mid_trade_return,45,0.0010845777299583635,0.011515624636690475,8,8147
iid-moving,ccf,mid_trade_return,46,0.004459354065035431,0.007112864539950208,8,8146
iid-moving,ccf,mid_trade_return,47,-0.00113844312544071,0.009442297281574533,8,8145
iid-moving,ccf,mid_trade_return,48,-0.004197561962453247,0.010389836095866084,8,8144
iid-moving,ccf,mid_trade_return,49,0.0008076339796560695,0.00985243468862773,8,8143
iid-moving,ccf,mid_trade_return,50,0.003163758326479362,0.007782556889516462,8,8142
iid-moving,ccf,mid_trade_return,51,-0.0031144398817787235,0.009516905867555808,8,8141
iid-moving,ccf,mid_trade_return,52,-0.0025535405728415754,0.013212947816071678,8,8140
iid-moving,ccf,mid_trade_return,53,0.006457228174608283,0.009321116378097873,8,8139
iid-moving,ccf,mid_trade_return,54,0.0004969991072176316,0.01356829962766436,8,8138
iid-moving,ccf,mid_trade_return,55,-0.0036433058702360042,0.00986700032544468,8,8137
iid-moving,ccf,mid_trade_return,56,0.0002784886698594271,0.012781855315068083,8,8136
iid-moving,ccf,mid_trade_return,57,-0.005005614098448641,0.009909241672222516,8,8135
iid-moving,ccf,mid_trade_return,58,0.0049337365271883375,0.010912484721793127,8,8134
iid-moving,ccf,mid_trade_return,59,0.003677834921721973,0.009210007547430172,8,8133
iid-moving,ccf,mid_trade_return,60,-0.004955784963384161,0.006710334999076046,8,8132
iid-moving,ccf,mid_trade_return,61,0.0031463153051014886,0.00844348061061271,8,8131
iid-moving,ccf,mid_trade_return,62,-0.002230548196889297,0.0091821378394966,8,8130
iid-moving,ccf,mid_trade_return,63,0.000549837236522731,0.008572429376315607,8,8129
iid-moving,ccf,mid_trade_return,64,0.0003934760525295597,0.007771325529025569,8,8128
iid-moving,ccf,mid_trade_return,65,0.0003886878865635311,0.00791628867311591,8,8127
iid-moving,ccf,mid_trade_return,66,-0.0004017177791238338,0.005556033047320313,8,8126
iid-moving,ccf,mid_trade_return,67,0.004983111003233708,0.008077975617728632,8,8125
iid-moving,ccf,mid_trade_return,68,-0.005934429533560611,0.008832563637565943,8,8124
iid-moving,ccf,mid_trade_return,69,0.0007865231216034722,0.00989282968367996,8,8123
iid-moving,ccf,mid_trade_return,70,-0.0013944524083333962,0.009982960859137583,8,8122
iid-moving,ccf,mid_trade_return,71,0.002175792139640275,0.00747543876977473,8,8121
iid-moving,ccf,mid_trade_return,72,-0.0018654968264853846,0.0065983195376421696,8,8120
iid-moving,ccf,mid_trade_return,73,-0.0015722028407522996,0.011771670446879625,8,8119
iid-moving,ccf,mid_trade_return,74,0.005448390531018327,0.009188139748938135,8,8118
iid-moving,ccf,mid_trade_return,75,-0.005666845707612517,0.010641504964967203,8,8117
iid-moving,ccf,mid_trade_return,76,0.0037356562426954587,0.009004501171402281,8,8116
iid-moving,ccf,mid_trade_return,77,0.0020503665620280214,0.011232970228454087,8,8115
iid-moving,ccf,mid_trade_return,78,-0.0009014365538907491,0.013549509791122136,8,8114
iid-moving,ccf,mid_trade_return,79,-0.004580629934479802,0.007583967708968547,8,8113
iid-moving,ccf,mid_trade_return,80,0.0020234381232495675,0.010468103804197878,8,8112
iid-moving,ccf,mid_trade_return,81,0.001625727270777371,0.011178919610702463,8,8111
iid-moving,ccf,mid_trade_return,82,-0.0007690120239404071,0.007003400832945331,8,8110
iid-moving,ccf,mid_trade_return,83,0.003127270327263431,0.007337599748386148,8,8109
iid-moving,ccf,mid_trade_return,84,-0.005189863588438551,0.00869808538772317,8,8108
iid-moving,ccf,mid_trade_return,85,0.0016483673552963106,0.006748040405285413,8,8107
iid-moving,ccf,mid_trade_return,86,0.003952625243162248,0.004997995799024716,8,8106
iid-moving,ccf,mid_trade_return,87,-0.007239909095477175,0.008681186740603494,8,8105
iid-moving,ccf,mid_trade_return,88,0.004470231258459004,0.0061913185237406155,8,8104
iid-moving,ccf,mid_trade_return,89,-0.00038804801737303546,0.007230642208908484,8,8103
iid-moving,ccf,mid_trade_return,90,-0.0045127118092851085,0.008071923162503086,8,8102
iid-moving,ccf,mid_trade_return,91,0.0068726007633796785,0.014194625153401665,8,8101
iid-moving,ccf,mid_trade_return,92,-0.001631719472063088,0.010683641245854998,8,8100
iid-moving,ccf,mid_trade_return,93,-0.00416382511322118,0.007845694622196208,8,8099
iid-moving,ccf,mid_trade_return,94,0.0036671409005447787,0.009531648380362967,8,8098
iid-moving,ccf,mid_trade_return,95,0.0006931492779101241,0.00820671796715731,8,8097
iid-moving,ccf,mid_trade_return,96,-0.0033905916868730538,0.003774049629417264,8,8096
iid-moving,ccf,mid_trade_return,97,0.003826581496384431,0.008277473475226272,8,8095
iid-moving,ccf,mid_trade_return,98,-0.0019695302177078276,0.011310688183097438,8,8094
iid-moving,ccf,mid_trade_return,99,-0.0008528254893067524,0.008007078185844996,8,8093
iid-moving,ccf,mid_trade_return,100,0.0048131288801239215,0.006982107773192116,8,8092
iid-moving,ccf,mid_trade_return,101,-0.004683517421207628,0.007018263321250174,8,8091
iid-moving,ccf,mid_trade_return,102,-0.003231188519377947,0.008181333788891418,8,8090
iid-moving,ccf,mid_trade_return,103,0.0021534438523778078,0.006293389061282836,8,8089
iid-moving,ccf,mid_trade_return,104,0.00492397213094912,0.010752172499765383,8,8088
iid-moving,ccf,mid_trade_return,105,-0.0027116378055298037,0.0045045623678556255,8,8087
iid-moving,ccf,mid_trade_return,106,-0.00020118446121370924,0.010899863629618804,8,8086
iid-moving,ccf,mid_trade_return,107,0.0028923786253040335,0.01007686483645807,8,8085
iid-moving,ccf,mid_trade_return,108,-0.0024072940405372493,0.009919892939037583,8,8084
iid-moving,ccf,mid_trade_return,109,0.0020085346631040788,0.01014859099310654,8,8083
iid-moving,ccf,mid_trade_return,110,-0.0044071101559166265,0.009610063491319917,8,8082
iid-moving,ccf,mid_trade_return,111,-0.0001242076964051942,0.005066241290998097,8,8081
iid-moving,ccf,mid_trade_return,112,0.0032977819533673534,0.007821615176319912,8,8080
iid-moving,ccf,mid_trade_return,113,-0.005132419825399407,0.004181177515897045,8,8079
iid-moving,ccf,mid_trade_return,114,0.0030212463318777974,0.007674471024560833,8,8078
iid-moving,ccf,mid_trade_return,115,0.0027740899212002567,0.006443029010443793,8,8077
iid-moving,ccf,mid_trade_return,116,-0.0008223782891380981,0.008340235904629125,8,8076
iid-moving,ccf,mid_trade_return,117,0.001992046751838059,0.005024403697675768,8,8075
iid-moving,ccf,mid_trade_return,118,-0.003123743948856268,0.004917774144604594,8,8074
iid-moving,ccf,mid_trade_return,119,-0.0011419716117451444,0.010885657640963997,8,8073
iid-moving,ccf,mid_trade_return,120,0.0017280712491793927,0.01036096535722622,8,8072
iid-moving,ccf,mid_trade_return,121,-0.006074903437810432,0.006792058850323983,8,8071
iid-moving,ccf,mid_trade_return,122,0.006852637416660519,0.0035560773709778348,8,8070
iid-moving,ccf,mid_trade_return,123,0.0031788952171637732,0.0039642224954982135,8,8069
iid-moving,ccf,mid_trade_return,124,-0.007261888390292282,0.005488524476139857,8,8068
iid-moving,ccf,mid_trade_return,125,0.00388937082695074,0.006168934679798486,8,8067
iid-moving,ccf,mid_trade_return,126,-0.004311938406988319,0.008016123243647508,8,8066
iid-moving,ccf,mid_trade_return,127,0.00401802927069112,0.006819664548996806,8,8065
iid-moving,ccf,mid_trade_return,128,-0.0015797848422046082,0.006726369097378865,8,8064
iid-moving,ccf,mid_return_spread_change,-128,0.00035199947234394534,0.005177605168795799,8,8064
iid-moving,ccf,mid_return_spread_change,-127,-0.00012008344567175538,0.007849319365083126,8,8065
iid-moving,ccf,mid_return_spread_change,-126,-0.0014245330640022444,0.0076000157294720495,8,8066
iid-moving,ccf,mid_return_spread_change,-125,-0.0016832945599785012,0.009933520475312601,8,8067
iid-moving,ccf,mid_return_spread_change,-124,0.0038935858445727604,0.009502339155888526,8,8068
iid-moving,ccf,mid_return_spread_change,-123,-0.007122437659523436,0.006374331736404841,8,8069
iid-moving,ccf,mid_return_spread_change,-122,0.003464559598121559,0.008622258216623878,8,8070
iid-moving,ccf,mid_return_spread_change,-121,-0.0015380712392694237,0.009753484125764702,8,8071
iid-moving,ccf,mid_return_spread_change,-120,0.006468900073969407,0.010773227075319178,8,8072
iid-moving,ccf,mid_return_spread_change,-119,-0.0013765647804078905,0.006657663090618507,8,8073
iid-moving,ccf,mid_return_spread_change,-118,-0.0034883369959320372,0.007001308158847133,8,8074
iid-moving,ccf,mid_return_spread_change,-117,0.004598720570094719,0.010205450412772045,8,8075
iid-moving,ccf,mid_return_spread_change,-116,-0.0038675438755437124,0.005927685009335257,8,8076
iid-moving,ccf,mid_return_spread_change,-115,-0.0007441976527217259,0.008016077018317828,8,8077
iid-moving,ccf,mid_return_spread_change,-114,0.004803437008470529,0.006887833410501537,8,8078
iid-moving,ccf,mid_return_spread_change,-113,-0.007573782967655131,0.0047051843487483066,8,8079
iid-moving,ccf,mid_return_spread_change,-112,0.008712850641892395,0.008383123556252875,8,8080
iid-moving,ccf,mid_return_spread_change,-111,-0.003251846358992051,0.008837332512295694,8,8081
iid-moving,ccf,mid_return_spread_change,-110,0.0002594824065323628,0.009206984390285755,8,8082
iid-moving,ccf,mid_return_spread_change,-109,-0.00729616650831868,0.01144073462789548,8,8083
iid-moving,ccf,mid_return_spread_change,-108,0.007285035469430468,0.01105941230407771,8,8084
iid-moving,ccf,mid_return_spread_change,-107,-0.0013639710692923746,0.008390212496821276,8,8085
iid-moving,ccf,mid_return_spread_change,-106,-0.0005366358856352173,0.007950692614245932,8,8086
iid-moving,ccf,mid_return_spread_change,-105,0.0010514674593938406,0.006718757686398749,8,8087
iid-moving,ccf,mid_return_spread_change,-104,0.0009040573852584664,0.009581313510704065,8,8088
iid-moving,ccf,mid_return_spread_change,-103,-0.0013598301492231998,0.00833562512567878,8,8089
iid-moving,ccf,mid_return_spread_change,-102,-0.0022019499722808027,0.007712728703318296,8,8090
iid-moving,ccf,mid_return_spread_change,-101,0.0031494809594114197,0.006806911538509147,8,8091
iid-moving,ccf,mid_return_spread_change,-100,-0.0039631299409004055,0.007559865050841792,8,8092
iid-moving,ccf,mid_return_spread_change,-99,0.004412684213873747,0.008510814653597152,8,8093
iid-moving,ccf,mid_return_spread_change,-98,-0.0013228643902691753,0.0109005568878965,8,8094
iid-moving,ccf,mid_return_spread_change,-97,0.002781852335792834,0.012630976422344564,8,8095
iid-moving,ccf,mid_return_spread_change,-96,-0.0027261320037548693,0.007476909846061396,8,8096
iid-moving,ccf,mid_return_spread_change,-95,-0.003193165901934707,0.005666455388405474,8,8097
iid-moving,ccf,mid_return_spread_change,-94,0.004452678601699883,0.007965407234233323,8,8098
iid-moving,ccf,mid_return_spread_change,-93,-0.0020056581244406024,0.008856588748043851,8,8099
iid-moving,ccf,mid_return_spread_change,-92,-0.0016666952933012886,0.006883625120608851,8,8100
iid-moving,ccf,mid_return_spread_change,-91,0.004678417729594842,0.010979088323032776,8,8101
iid-moving,ccf,mid_return_spread_change,-90,-0.0026293843429346,0.006403279154607338,8,8102
iid-moving,ccf,mid_return_spread_change,-89,-0.001885221171222108,0.011203802498841448,8,8103
iid-moving,ccf,mid_return_spread_change,-88,0.007001914784828916,0.01181851954024172,8,8104
iid-moving,ccf,mid_return_spread_change,-87,-0.00836770042069336,0.009835046141602988,8,8105
iid-moving,ccf,mid_return_spread_change,-86,0.006145380174036475,0.006121571799058996,8,8106
iid-moving,ccf,mid_return_spread_change,-85,-0.001455413345650758,0.010432159210003107,8,8107
iid-moving,ccf,mid_return_spread_change,-84,-0.003739911045577757,0.015020318218420354,8,8108
iid-moving,ccf,mid_return_spread_change,-83,0.004881055572838817,0.01008910363132869,8,8109
iid-moving,ccf,mid_return_spread_change,-82,-0.0024732672909182855,0.010212570461255429,8,8110
iid-moving,ccf,mid_return_spread_change,-81,-0.0023873677137600333,0.007188714585747341,8,8111
iid-moving,ccf,mid_return_spread_change,-80,0.0024298883655262866,0.012002905223431691,8,8112
iid-moving,ccf,mid_return_spread_change,-79,0.00028622429731694934,0.010482121754498292,8,8113
iid-moving,ccf,mid_return_spread_change,-78,0.0003717461314101684,0.007855429545054712,8,8114
iid-moving,ccf,mid_return_spread_change,-77,-0.003912059698991232,0.008762372411208644,8,8115
iid-moving,ccf,mid_return_spread_change,-76,0.0037678967378149044,0.006144745954238091,8,8116
iid-moving,ccf,mid_return_spread_change,-75,-0.003788464479218069,0.005231163266672914,8,8117
iid-moving,ccf,mid_return_spread_change,-74,0.006436937712514176,0.010731923626712233,8,8118
iid-moving,ccf,mid_return_spread_change,-73,0.0014800208123172253,0.011122783479830355,8,8119
iid-moving,ccf,mid_return_spread_change,-72,-0.007480149404402006,0.011736603845578151,8,8120
iid-moving,ccf,mid_return_spread_change,-71,0.0016816379074657468,0.009332585547727782,8,8121
iid-moving,ccf,mid_return_spread_change,-70,0.0034191018341641205,0.008505556779706044,8,8122
iid-moving,ccf,mid_return_spread_change,-69,-0.004054126914421642,0.012575897084072888,8,8123
iid-moving,ccf,mid_return_spread_change,-68,0.0023912416156570207,0.008816935067515208,8,8124
iid-moving,ccf,mid_return_spread_change,-67,0.0030923573422963584,0.005567700346341494,8,8125
iid-moving,ccf,mid_return_spread_change,-66,-0.0028187745734525116,0.0062772275257303315,8,8126
iid-moving,ccf,mid_return_spread_change,-65,-0.00311409789717945,0.009002025766551762,8,8127
iid-moving,ccf,mid_return_spread_change,-64,0.0027069374626997253,0.010816405660441456,8,8128
iid-moving,ccf,mid_return_spread_change,-63,0.0036022865506975398,0.005035050183367311,8,8129
iid-moving,ccf,mid_return_spread_change,-62,-0.004478629705840552,0.008184741398530124,8,8130
iid-moving,ccf,mid_return_spread_change,-61,0.0008379773532968375,0.008515729439341441,8,8131
iid-moving,ccf,mid_return_spread_change,-60,-0.0037948325459294325,0.007389474413522803,8,8132
iid-moving,ccf,mid_return_spread_change,-59,0.004186234017701088,0.003567279995762833,8,8133
iid-moving,ccf,mid_return_spread_change,-58,-0.0016089971119999844,0.009698326675100568,8,8134
iid-moving,ccf,mid_return_spread_change,-57,-0.002534922074596331,0.013506559129941057,8,8135
iid-moving,ccf,mid_return_spread_change,-56,0.00799036233601211,0.009941963227173264,8,8136
iid-moving,ccf,mid_return_spread_change,-55,-0.0056271058630248255,0.00713978571808305,8,8137
iid-moving,ccf,mid_return_spread_change,-54,0.004093382839082121,0.010597693959499712,8,8138
iid-moving,ccf,mid_return_spread_change,-53,-0.0068077989387276844,0.00843365689193891,8,8139
iid-moving,ccf,mid_return_spread_change,-52,0.0045245482843459615,0.008220150518355887,8,8140
iid-moving,ccf,mid_return_spread_change,-51,-0.0007479969636944176,0.010223222290599552,8,8141
iid-moving,ccf,mid_return_spread_change,-50,-0.0008698834608544257,0.00865944692474144,8,8142
iid-moving,ccf,mid_return_spread_change,-49,0.003051904743718748,0.010717951386122044,8,8143
iid-moving,ccf,mid_return_spread_change,-48,-0.004224461672177825,0.006140000474588673,8,8144
iid-moving,ccf,mid_return_spread_change,-47,0.0033919453700712375,0.00516289923232093,8,8145
iid-moving,ccf,mid_return_spread_change,-46,0.002745802257240545,0.010265069873147785,8,8146
iid-moving,ccf,mid_return_spread_change,-45,0.0019229449826789488,0.0070437066304779705,8,8147
iid-moving,ccf,mid_return_spread_change,-44,-0.01286288493302724,0.005421586702129239,8,8148
iid-moving,ccf,mid_return_spread_change,-43,0.006652478867860857,0.009196934508192622,8,8149
iid-moving,ccf,mid_return_spread_change,-42,-0.003155472397073863,0.010256977755623883,8,8150
iid-moving,ccf,mid_return_spread_change,-41,0.006258348606582944,0.009012659169178382,8,8151
iid-moving,ccf,mid_return_spread_change,-40,-0.003995807335584571,0.007608245208943485,8,8152
iid-moving,ccf,mid_return_spread_change,-39,-0.003759056751729077,0.007256842443470652,8,8153
iid-moving,ccf,mid_return_spread_change,-38,0.008224194039170931,0.007841156524132429,8,8154
iid-moving,ccf,mid_return_spread_change,-37,-0.0021524026493409476,0.010489777315328906,8,8155
iid-moving,ccf,mid_return_spread_change,-36,-0.0030190628335918903,0.012493515229666094,8,8156
iid-moving,ccf,mid_return_spread_change,-35,0.0039001363289858284,0.009088249684017754,8,8157
iid-moving,ccf,mid_return_spread_change,-34,-0.0027112048241989674,0.0060980691576212765,8,8158
iid-moving,ccf,mid_return_spread_change,-33,0.0012296828738375398,0.008774978391651608,8,8159
iid-moving,ccf,mid_return_spread_change,-32,-0.0006255701136591825,0.012382475030886415,8,8160
iid-moving,ccf,mid_return_spread_change,-31,0.0008594450323458492,0.013116551156951385,8,8161
iid-moving,ccf,mid_return_spread_change,-30,0.0021482766517873144,0.008552884572038436,8,8162
iid-moving,ccf,mid_return_spread_change,-29,-0.004149071584518513,0.004814766444257838,8,8163
iid-moving,ccf,mid_return_spread_change,-28,0.0006413236518243552,0.008655619268571488,8,8164
iid-moving,ccf,mid_return_spread_change,-27,-0.0052112134533229045,0.008751774923828936,8,8165
iid-moving,ccf,mid_return_spread_change,-26,0.007251895475914136,0.008873499601041196,8,8166
iid-moving,ccf,mid_return_spread_change,-25,-0.0024717728291014855,0.009103728664208504,8,8167
iid-moving,ccf,mid_return_spread_change,-24,0.0036576038070381396,0.007076524426703246,8,8168
iid-moving,ccf,mid_return_spread_change,-23,-0.007233315357959873,0.00919416344860149,8,8169
iid-moving,ccf,mid_return_spread_change,-22,0.0037761220183537007,0.0073616672641763385,8,8170
iid-moving,ccf,mid_return_spread_change,-21,0.0069710924867219,0.006896050066088742,8,8171
iid-moving,ccf,mid_return_spread_change,-20,-0.007929220676502143,0.012228160202605916,8,8172
iid-moving,ccf,mid_return_spread_change,-19,0.0011077028390243247,0.012969856248819474,8,8173
iid-moving,ccf,mid_return_spread_change,-18,0.0015135885488892428,0.011520908059609047,8,8174
iid-moving,ccf,mid_return_spread_change,-17,-0.006832144776603385,0.008630459750095567,8,8175
iid-moving,ccf,mid_return_spread_change,-16,0.009928574008936106,0.009819607445570658,8,8176
iid-moving,ccf,mid_return_spread_change,-15,-0.004751921005789923,0.011859152183551493,8,8177
iid-moving,ccf,mid_return_spread_change,-14,-0.0006944193797681952,0.006788668828318539,8,8178
iid-moving,ccf,mid_return_spread_change,-13,0.005418553461434604,0.011994745282989756,8,8179
iid-moving,ccf,mid_return_spread_change,-12,-0.006156978156920053,0.011631481514469704,8,8180
iid-moving,ccf,mid_return_spread_change,-11,-0.0008728010434412474,0.005762781963614839,8,8181
iid-moving,ccf,mid_return_spread_change,-10,0.001300481435509412,0.00603321944324557,8,8182
iid-moving,ccf,mid_return_spread_change,-9,0.00010931718718790737,0.009332024879346187,8,8183
iid-moving,ccf,mid_return_spread_change,-8,0.004350281825991826,0.0077669749021585825,8,8184
iid-moving,ccf,mid_return_spread_change,-7,-0.0015165806807931567,0.008289134386837661,8,8185
iid-moving,ccf,mid_return_spread_change,-6,-0.0005139063814989832,0.007129344751401575,8,8186
iid-moving,ccf,mid_return_spread_change,-5,-0.00389763245863259,0.004438164887848201,8,8187
iid-moving,ccf,mid_return_spread_change,-4,0.0002643321269331896,0.008109719429631616,8,8188
iid-moving,ccf,mid_return_spread_change,-3,0.009532298674536376,0.00816327317657531,8,8189
iid-moving,ccf,mid_return_spread_change,-2,-0.006673771489224715,0.005082731561540336,8,8190
iid-moving,ccf,mid_return_spread_change,-1,-0.0006206171359825886,0.003985377897249893,8,8191
iid-moving,ccf,mid_return_spread_change,0,0.003059281812757594,0.004740541887106416,8,8192
iid-moving,ccf,mid_return_spread_change,1,-0.0003992287409742629,0.009243866269405158,8,8191
iid-moving,ccf,mid_return_spread_change,2,-0.0029541564545053954,0.011462368116917932,8,8190
iid-moving,ccf,mid_return_spread_change,3,0.0010960115423555587,0.008161695712214367,8,8189
iid-moving,ccf,mid_return_spread_change,4,-0.0048880516554475,0.008201100397802577,8,8188
iid-moving,ccf,mid_return_spread_change,5,0.005576152003513809,0.007016077687636416,8,8187
iid-moving,ccf,mid_return_spread_change,6,-0.0021691481269015185,0.008324444203221423,8,8186
iid-moving,ccf,mid_return_spread_change,7,0.0037579335281160134,0.010159092250267645,8,8185
iid-moving,ccf,mid_return_spread_change,8,-0.0050501863642520494,0.007305132298136465,8,8184
iid-moving,ccf,mid_return_spread_change,9,0.0005896431906191615,0.00794503570153256,8,8183
iid-moving,ccf,mid_return_spread_change,10,0.0022804288980218324,0.007664318697862057,8,8182
iid-moving,ccf,mid_return_spread_change,11,0.0015553579670504391,0.009008009081172523,8,8181
iid-moving,ccf,mid_return_spread_change,12,0.0027608983225053613,0.005261782169205245,8,8180
iid-moving,ccf,mid_return_spread_change,13,-0.007924344227124897,0.003958680784176992,8,8179
iid-moving,ccf,mid_return_spread_change,14,0.005203661407759711,0.006195850194128038,8,8178
iid-moving,ccf,mid_return_spread_change,15,-0.0007828464932364479,0.007093311260070256,8,8177
iid-moving,ccf,mid_return_spread_change,16,-0.0028381248557125677,0.0052330590053294825,8,8176
iid-moving,ccf,mid_return_spread_change,17,0.0024326421167336896,0.00642725758620857,8,8175
iid-moving,ccf,mid_return_spread_change,18,-0.003099213245574783,0.0056133709390320825,8,8174
iid-moving,ccf,mid_return_spread_change,19,0.008209561866618828,0.007274032530762593,8,8173
iid-moving,ccf,mid_return_spread_change,20,-0.007599616862219734,0.008651169647651417,8,8172
iid-moving,ccf,mid_return_spread_change,21,-1.0160576963493635e-05,0.008179626154828147,8,8171
iid-moving,ccf,mid_return_spread_change,22,0.001296012971910246,0.009652233863934826,8,8170
iid-moving,ccf,mid_return_spread_change,23,-0.0022825633259016156,0.009518914944002229,8,8169
iid-moving,ccf,mid_return_spread_change,24,0.004538110946274124,0.010602197160053794,8,8168
iid-moving,ccf,mid_return_spread_change,25,-0.001961420776098644,0.009439517764066962,8,8167
iid-moving,ccf,mid_return_spread_change,26,-0.0015370589481733777,0.0088661283238518,8,8166
iid-moving,ccf,mid_return_spread_change,27,0.007302203168919461,0.0052784662188777795,8,8165
iid-moving,ccf,mid_return_spread_change,28,-0.005349518868698886,0.007773749924586116,8,8164
iid-moving,ccf,mid_return_spread_change,29,-0.004517284901408569,0.006847079118277722,8,8163
iid-moving,ccf,mid_return_spread_change,30,0.009419074903022687,0.008144346758921006,8,8162
iid-moving,ccf,mid_return_spread_change,31,-0.007046895725015628,0.007162393740483298,8,8161
iid-moving,ccf,mid_return_spread_change,32,0.0036295698862853117,0.007417230530393732,8,8160
iid-moving,ccf,mid_return_spread_change,33,-0.001709231764788626,0.00390574803729941,8,8159
iid-moving,ccf,mid_return_spread_change,34,0.0011121722621532056,0.005400800948539384,8,8158
iid-moving,ccf,mid_return_spread_change,35,-0.003862364737610714,0.005215648182777595,8,8157
iid-moving,ccf,mid_return_spread_change,36,-0.0005278728753696435,0.005699787640140314,8,8156
iid-moving,ccf,mid_return_spread_change,37,0.007274520936650993,0.009154214713258798,8,8155
iid-moving,ccf,mid_return_spread_change,38,-0.002955132041256093,0.007547959006954332,8,8154
iid-moving,ccf,mid_return_spread_change,39,-0.0031636753497627586,0.007838671934645028,8,8153
iid-moving,ccf,mid_return_spread_change,40,0.0010775727857844212,0.007679642545536866,8,8152
iid-moving,ccf,mid_return_spread_change,41,3.02293278268181e-05,0.007705134279443143,8,8151
iid-moving,ccf,mid_return_spread_change,42,0.0002076450931394599,0.008014567837664117,8,8150
iid-moving,ccf,mid_return_spread_change,43,0.004476845608570362,0.009143716799137083,8,8149
iid-moving,ccf,mid_return_spread_change,44,-0.006540148125993947,0.009610838484108744,8,8148
iid-moving,ccf,mid_return_spread_change,45,-0.0019934940005015282,0.013496162673082414,8,8147
iid-moving,ccf,mid_return_spread_change,46,0.013083768887511487,0.012515150296932615,8,8146
iid-moving,ccf,mid_return_spread_change,47,-0.006917778408363243,0.008694591530305105,8,8145
iid-moving,ccf,mid_return_spread_change,48,-0.002770056988110899,0.006829910120852232,8,8144
iid-moving,ccf,mid_return_spread_change,49,-0.00017193128887895998,0.008287686415774808,8,8143
iid-moving,ccf,mid_return_spread_change,50,-0.0021360836102741246,0.006540572579607401,8,8142
iid-moving,ccf,mid_return_spread_change,51,0.002579787588868981,0.009621952494939561,8,8141
iid-moving,ccf,mid_return_spread_change,52,0.005344668825626968,0.009848412416328924,8,8140
iid-moving,ccf,mid_return_spread_change,53,-0.0057659986694882075,0.006097264338034439,8,8139
iid-moving,ccf,mid_return_spread_change,54,0.00029173639335186184,0.007565048387018101,8,8138
iid-moving,ccf,mid_return_spread_change,55,0.0034377420330873936,0.006478666089594688,8,8137
iid-moving,ccf,mid_return_spread_change,56,-0.0025228257889750184,0.008923065061417306,8,8136
iid-moving,ccf,mid_return_spread_change,57,0.0008659839752461105,0.011035463814079688,8,8135
iid-moving,ccf,mid_return_spread_change,58,-0.004543284599815346,0.01058783216553597,8,8134
iid-moving,ccf,mid_return_spread_change,59,0.00787303706568558,0.007993588768228106,8,8133
iid-moving,ccf,mid_return_spread_change,60,-0.0029072246120781095,0.006310653303691794,8,8132
iid-moving,ccf,mid_return_spread_change,61,-0.0024278271610279536,0.008474630489292664,8,8131
iid-moving,ccf,mid_return_spread_change,62,-0.001043396195978148,0.014143075404045519,8,8130
iid-moving,ccf,mid_return_spread_change,63,0.004388105681667549,0.013801978911312804,8,8129
iid-moving,ccf,mid_return_spread_change,64,0.0009670235985990133,0.018015429572699655,8,8128
iid-moving,ccf,mid_return_spread_change,65,-0.00280745857372385,0.015168192061505055,8,8127
iid-moving,ccf,mid_return_spread_change,66,0.001865051247153059,0.010620035421645697,8,8126
iid-moving,ccf,mid_return_spread_change,67,-0.0028028554185729505,0.004259287833896943,8,8125
iid-moving,ccf,mid_return_spread_change,68,0.002304544636035163,0.005863699735851564,8,8124
iid-moving,ccf,mid_return_spread_change,69,-0.0036411230285120096,0.0049661485254806036,8,8123
iid-moving,ccf,mid_return_spread_change,70,0.0035003117397027464,0.006764795098888132,8,8122
iid-moving,ccf,mid_return_spread_change,71,0.0015133099452668214,0.0071147922807236735,8,8121
iid-moving,ccf,mid_return_spread_change,72,-0.003640772876929427,0.013211958948017168,8,8120
iid-moving,ccf,mid_return_spread_change,73,0.00334467637590959,0.00944930582946135,8,8119
iid-moving,ccf,mid_return_spread_change,74,-0.00791059472189968,0.010520791260817269,8,8118
iid-moving,ccf,mid_return_spread_change,75,0.0034391389402520624,0.007793579713573674,8,8117
iid-moving,ccf,mid_return_spread_change,76,0.00488146828600078,0.005336329334603065,8,8116
iid-moving,ccf,mid_return_spread_change,77,-0.003129213823229839,0.00989414363415287,8,8115
iid-moving,ccf,mid_return_spread_change,78,-0.004659112693255447,0.013976773954621899,8,8114
iid-moving,ccf,mid_return_spread_change,79,0.007339791844297534,0.009834314359793352,8,8113
iid-moving,ccf,mid_return_spread_change,80,-0.0007516447800349628,0.008394824196360133,8,8112
iid-moving,ccf,mid_return_spread_change,81,0.0006403061438316371,0.007823896354562453,8,8111
iid-moving,ccf,mid_return_spread_change,82,-0.010067384961103506,0.0056445617878397355,8,8110
iid-moving,ccf,mid_return_spread_change,83,0.011186540200371133,0.004537814316920512,8,8109
iid-moving,ccf,mid_return_spread_change,84,-0.004136253297692114,0.005189926691325342,8,8108
iid-moving,ccf,mid_return_spread_change,85,0.003410030206262526,0.0031686831487280154,8,8107
iid-moving,ccf,mid_return_spread_change,86,-0.003171384826506981,0.006013977426845391,8,8106
iid-moving,ccf,mid_return_spread_change,87,0.00026604727868190584,0.0041446898796820945,8,8105
iid-moving,ccf,mid_return_spread_change,88,-0.0023432119197921925,0.007236631665948229,8,8104
iid-moving,ccf,mid_return_spread_change,89,0.003842433606146501,0.010431367991640123,8,8103
iid-moving,ccf,mid_return_spread_change,90,0.0004625807050302373,0.008829738690668566,8,8102
iid-moving,ccf,mid_return_spread_change,91,-0.0039204082075021416,0.009210760452304265,8,8101
iid-moving,ccf,mid_return_spread_change,92,4.5161433014343074e-05,0.010816140424726407,8,8100
iid-moving,ccf,mid_return_spread_change,93,0.009193135707289692,0.010525518163779673,8,8099
iid-moving,ccf,mid_return_spread_change,94,-0.009341050156825513,0.00987131524251492,8,8098
iid-moving,ccf,mid_return_spread_change,95,0.0029496737879114,0.007307883390069197,8,8097
iid-moving,ccf,mid_return_spread_change,96,0.0010256975586591893,0.006822528642320624,8,8096
iid-moving,ccf,mid_return_spread_change,97,-0.00017274583607599357,0.00858545964970955,8,8095
iid-moving,ccf,mid_return_spread_change,98,-0.006722893104263312,0.009757568414848785,8,8094
iid-moving,ccf,mid_return_spread_change,99,0.00873504624968244,0.004956650630252836,8,8093
iid-moving,ccf,mid_return_spread_change,100,-0.0013072098923433363,0.007878495632920644,8,8092
iid-moving,ccf,mid_return_spread_change,101,-0.005058494186703212,0.005793756978628029,8,8091
iid-moving,ccf,mid_return_spread_change,102,0.002407761661936674,0.004609369745445864,8,8090
iid-moving,ccf,mid_return_spread_change,103,0.0015986006614484329,0.01103587655859095,8,8089
iid-moving,ccf,mid_return_spread_change,104,0.0002706050890697396,0.010678346443909272,8,8088
iid-moving,ccf,mid_return_spread_change,105,0.0004957368228164427,0.010330192295524971,8,8087
iid-moving,ccf,mid_return_spread_change,106,-0.0022455121472220617,0.0126886605968293,8,8086
iid-moving,ccf,mid_return_spread_change,107,2.667925777809796e-05,0.012404398268407186,8,8085
iid-moving,ccf,mid_return_spread_change,108,0.001334938732022761,0.009886216669893888,8,8084
iid-moving,ccf,mid_return_spread_change,109,-0.0017465786042509146,0.01071166392684376,8,8083
iid-moving,ccf,mid_return_spread_change,110,-0.0016661252979066205,0.008317139197726227,8,8082
iid-moving,ccf,mid_return_spread_change,111,0.0024847724619842596,0.006917308896740797,8,8081
iid-moving,ccf,mid_return_spread_change,112,0.0032865860413990584,0.003447911034888299,8,8080
iid-moving,ccf,mid_return_spread_change,113,-0.005643815352024836,0.008440656308285532,8,8079
iid-moving,ccf,mid_return_spread_change,114,0.0005993033776778948,0.010218042274264176,8,8078
iid-moving,ccf,mid_return_spread_change,115,0.003628268117350523,0.008091374168339428,8,8077
iid-moving,ccf,mid_return_spread_change,116,-0.0013126255629470262,0.010386474019041435,8,8076
iid-moving,ccf,mid_return_spread_change,117,-0.000785583447460699,0.013326571582722652,8,8075
iid-moving,ccf,mid_return_spread_change,118,-0.002588021428566533,0.0117027205384433,8,8074
iid-moving,ccf,mid_return_spread_change,119,0.01041430510890464,0.0085208751430545,8,8073
iid-moving,ccf,mid_return_spread_change,120,-0.011485860602331208,0.007093593500710566,8,8072
iid-moving,ccf,mid_return_spread_change,121,0.0021849522625626396,0.013099309950040713,8,8071
iid-moving,ccf,mid_return_spread_change,122,0.0002586178084317387,0.00989695233678839,8,8070
iid-moving,ccf,mid_return_spread_change,123,0.0011263945968015452,0.004454906534884986,8,8069
iid-moving,ccf,mid_return_spread_change,124,0.005846444266198635,0.006942695335263501,8,8068
iid-moving,ccf,mid_return_spread_change,125,-0.008361919031257315,0.00862711894375505,8,8067
iid-moving,ccf,mid_return_spread_change,126,0.0034720440922028787,0.011870879464179421,8,8066
iid-moving,ccf,mid_return_spread_change,127,0.0021064704267340574,0.012507871695860477,8,8065
iid-moving,ccf,mid_return_spread_change,128,-0.00687191378519869,0.008576682081509026,8,8064
iid-moving,ccf,abs_mid_return_spread,-128,-0.008732179224094189,0.00879901065811463,8,8064
iid-moving,ccf,abs_mid_return_spread,-127,0.009034488740190078,0.0081220599952429,8,8065
iid-moving,ccf,abs_mid_return_spread,-126,0.002737873541275489,0.008147592883862121,8,8066
iid-moving,ccf,abs_mid_return_spread,-125,-0.0031871518411261085,0.008794839381012165,8,8067
iid-moving,ccf,abs_mid_return_spread,-124,0.0012799128491268047,0.011673555707004866,8,8068
iid-moving,ccf,abs_mid_return_spread,-123,0.0019381886289305747,0.010075228608038044,8,8069
iid-moving,ccf,abs_mid_return_spread,-122,0.010703548883045906,0.007152660079961392,8,8070
iid-moving,ccf,abs_mid_return_spread,-121,-0.0061233980349770754,0.005500768693695796,8,8071
iid-moving,ccf,abs_mid_return_spread,-120,0.0032387811782454046,0.00676458585441591,8,8072
iid-moving,ccf,abs_mid_return_spread,-119,0.0028886680837480116,0.008386555185935157,8,8073
iid-moving,ccf,abs_mid_return_spread,-118,-0.004257829108803618,0.007485686705461207,8,8074
iid-moving,ccf,abs_mid_return_spread,-117,0.0014428614194767445,0.006446594783332579,8,8075
iid-moving,ccf,abs_mid_return_spread,-116,-7.130980188912854e-05,0.007338568797941284,8,8076
iid-moving,ccf,abs_mid_return_spread,-115,0.0020080804636779985,0.00866187079125174,8,8077
iid-moving,ccf,abs_mid_return_spread,-114,-0.003469784521022,0.006392258348089817,8,8078
iid-moving,ccf,abs_mid_return_spread,-113,0.0007363015475765988,0.010254142973815697,8,8079
iid-moving,ccf,abs_mid_return_spread,-112,0.004043395527193655,0.009186239368190819,8,8080
iid-moving,ccf,abs_mid_return_spread,-111,-0.001713790673944221,0.008380655390448938,8,8081
iid-moving,ccf,abs_mid_return_spread,-110,-0.009121574724428526,0.00944673258915557,8,8082
iid-moving,ccf,abs_mid_return_spread,-109,0.006789715950418998,0.008803476803443417,8,8083
iid-moving,ccf,abs_mid_return_spread,-108,-0.00040532654619341104,0.005225727263624651,8,8084
iid-moving,ccf,abs_mid_return_spread,-107,-9.821290663295998e-05,0.005622970160151772,8,8085
iid-moving,ccf,abs_mid_return_spread,-106,0.0002045108765715909,0.008713475788715582,8,8086
iid-moving,ccf,abs_mid_return_spread,-105,-0.0061550073180635,0.0038107252096011507,8,8087
iid-moving,ccf,abs_mid_return_spread,-104,0.006697990487153478,0.003987726914297814,8,8088
iid-moving,ccf,abs_mid_return_spread,-103,0.0023274331792963116,0.006669290250398705,8,8089
iid-moving,ccf,abs_mid_return_spread,-102,0.0030472642543354343,0.009975472280625843,8,8090
iid-moving,ccf,abs_mid_return_spread,-101,-0.002548431221625344,0.00786883089863495,8,8091
iid-moving,ccf,abs_mid_return_spread,-100,-0.0032176329395687303,0.006479217667378573,8,8092
iid-moving,ccf,abs_mid_return_spread,-99,0.001189491676677877,0.011827040472705264,8,8093
iid-moving,ccf,abs_mid_return_spread,-98,0.0020199624547805376,0.007674655085945084,8,8094
iid-moving,ccf,abs_mid_return_spread,-97,-0.0020314620255723705,0.005708698273464526,8,8095
iid-moving,ccf,abs_mid_return_spread,-96,-0.0006826628303526676,0.004952555808555455,8,8096
iid-moving,ccf,abs_mid_return_spread,-95,-0.0025565005475888724,0.009365588547672483,8,8097
iid-moving,ccf,abs_mid_return_spread,-94,9.479220828697142e-05,0.008509346152768792,8,8098
iid-moving,ccf,abs_mid_return_spread,-93,0.0018131173260559708,0.009197901425738998,8,8099
iid-moving,ccf,abs_mid_return_spread,-92,-0.0024851333571618956,0.006308661984339436,8,8100
iid-moving,ccf,abs_mid_return_spread,-91,-0.003124142711482273,0.010012729553381854,8,8101
iid-moving,ccf,abs_mid_return_spread,-90,-0.0018783338580050642,0.009578415478066598,8,8102
iid-moving,ccf,abs_mid_return_spread,-89,-0.003940987547410727,0.004182677236759028,8,8103
iid-moving,ccf,abs_mid_return_spread,-88,-0.0027812945145022877,0.008147679944185356,8,8104
iid-moving,ccf,abs_mid_return_spread,-87,0.00412924259653471,0.005791836757462912,8,8105
iid-moving,ccf,abs_mid_return_spread,-86,-0.005438637325816369,0.009471391322615258,8,8106
iid-moving,ccf,abs_mid_return_spread,-85,-0.0019310363880773766,0.003147479299436736,8,8107
iid-moving,ccf,abs_mid_return_spread,-84,-0.001709502905964352,0.003075530371605254,8,8108
iid-moving,ccf,abs_mid_return_spread,-83,-0.008145639204002856,0.0059145218323525765,8,8109
iid-moving,ccf,abs_mid_return_spread,-82,0.0009665708376176856,0.010555368052608191,8,8110
iid-moving,ccf,abs_mid_return_spread,-81,-0.0021336035201697245,0.004966619899295242,8,8111
iid-moving,ccf,abs_mid_return_spread,-80,0.005100771523793124,0.007800146612698967,8,8112
iid-moving,ccf,abs_mid_return_spread,-79,-0.005106767283940651,0.011415973356503932,8,8113
iid-moving,ccf,abs_mid_return_spread,-78,-0.0018652390041900638,0.005777692377339188,8,8114
iid-moving,ccf,abs_mid_return_spread,-77,5.8188508535633125e-05,0.006513040436664488,8,8115
iid-moving,ccf,abs_mid_return_spread,-76,0.0024124008560360943,0.009371490447483827,8,8116
iid-moving,ccf,abs_mid_return_spread,-75,0.005217083510366059,0.006241111102745589,8,8117
iid-moving,ccf,abs_mid_return_spread,-74,0.003127016214279599,0.011164895776135074,8,8118
iid-moving,ccf,abs_mid_return_spread,-73,-0.006045291899368733,0.008849953239170604,8,8119
iid-moving,ccf,abs_mid_return_spread,-72,-0.0011310162581560095,0.006541547563605109,8,8120
iid-moving,ccf,abs_mid_return_spread,-71,0.0009446034611015944,0.00745462267092359,8,8121
iid-moving,ccf,abs_mid_return_spread,-70,0.000986910369560767,0.009159651476640811,8,8122
iid-moving,ccf,abs_mid_return_spread,-69,0.0055093220643980855,0.013399912402701601,8,8123
iid-moving,ccf,abs_mid_return_spread,-68,0.006010629820555814,0.011380924900108953,8,8124
iid-moving,ccf,abs_mid_return_spread,-67,-0.0043201469937419424,0.0069810671373367016,8,8125
iid-moving,ccf,abs_mid_return_spread,-66,-0.002078594896908934,0.007800420196739695,8,8126
iid-moving,ccf,abs_mid_return_spread,-65,-0.002774172131023398,0.008216966412047243,8,8127
iid-moving,ccf,abs_mid_return_spread,-64,0.002872752521520988,0.008253402677694064,8,8128
iid-moving,ccf,abs_mid_return_spread,-63,-0.0028615179120982173,0.007732498580688747,8,8129
iid-moving,ccf,abs_mid_return_spread,-62,-0.001718808656580674,0.006608813832080543,8,8130
iid-moving,ccf,abs_mid_return_spread,-61,0.00012047820343646693,0.009414693353521665,8,8131
iid-moving,ccf,abs_mid_return_spread,-60,-0.001984197949636426,0.0057361087809262214,8,8132
iid-moving,ccf,abs_mid_return_spread,-59,0.00719856252547048,0.008675043405026934,8,8133
iid-moving,ccf,abs_mid_return_spread,-58,-0.00642461856382471,0.00792879631863473,8,8134
iid-moving,ccf,abs_mid_return_spread,-57,-0.004856928885927282,0.012336395272576416,8,8135
iid-moving,ccf,abs_mid_return_spread,-56,0.0009004866433362472,0.008154904262008959,8,8136
iid-moving,ccf,abs_mid_return_spread,-55,-0.001153894995017958,0.007856403278354445,8,8137
iid-moving,ccf,abs_mid_return_spread,-54,0.00528384228540378,0.006431040075425423,8,8138
iid-moving,ccf,abs_mid_return_spread,-53,-0.0045262072433620085,0.00622163514556031,8,8139
iid-moving,ccf,abs_mid_return_spread,-52,-0.0021835628470723433,0.009327634084188104,8,8140
iid-moving,ccf,abs_mid_return_spread,-51,-0.001260595462506865,0.005353950871632715,8,8141
iid-moving,ccf,abs_mid_return_spread,-50,0.0019483121236281938,0.0050974228071322064,8,8142
iid-moving,ccf,abs_mid_return_spread,-49,0.0058297151846416475,0.004772108658442386,8,8143
iid-moving,ccf,abs_mid_return_spread,-48,0.004891376105501175,0.004571057808266712,8,8144
iid-moving,ccf,abs_mid_return_spread,-47,-0.006211765002871832,0.009278477342183337,8,8145
iid-moving,ccf,abs_mid_return_spread,-46,0.0013374220607869176,0.00475532378126734,8,8146
iid-moving,ccf,abs_mid_return_spread,-45,-0.0010844929800894704,0.005555664238168236,8,8147
iid-moving,ccf,abs_mid_return_spread,-44,-0.002194256900189258,0.007167520090887448,8,8148
iid-moving,ccf,abs_mid_return_spread,-43,0.008906364565094214,0.008802110961294539,8,8149
iid-moving,ccf,abs_mid_return_spread,-42,-0.006677257595077023,0.0060388007406351136,8,8150
iid-moving,ccf,abs_mid_return_spread,-41,0.006432282572092968,0.005364270238956648,8,8151
iid-moving,ccf,abs_mid_return_spread,-40,-0.002775833998015578,0.009396615594619736,8,8152
iid-moving,ccf,abs_mid_return_spread,-39,0.00347484776206505,0.006815411414836957,8,8153
iid-moving,ccf,abs_mid_return_spread,-38,-0.005041116853438203,0.007443364134145032,8,8154
iid-moving,ccf,abs_mid_return_spread,-37,0.0013183424611433998,0.00490245472169517,8,8155
iid-moving,ccf,abs_mid_return_spread,-36,0.0013082640523594989,0.009321591363825989,8,8156
iid-moving,ccf,abs_mid_return_spread,-35,-0.0038664984250599862,0.009734697160878346,8,8157
iid-moving,ccf,abs_mid_return_spread,-34,0.0020240595541987172,0.005474768953178383,8,8158
iid-moving,ccf,abs_mid_return_spread,-33,-0.010005128005694466,0.006511956741378109,8,8159
iid-moving,ccf,abs_mid_return_spread,-32,0.002045145985929898,0.009184458886866066,8,8160
iid-moving,ccf,abs_mid_return_spread,-31,-0.0019565950122925457,0.0056122226566909655,8,8161
iid-moving,ccf,abs_mid_return_spread,-30,-0.001527411985794294,0.007116543952017401,8,8162
iid-moving,ccf,abs_mid_return_spread,-29,0.002327782305597367,0.00812120333616769,8,8163
iid-moving,ccf,abs_mid_return_spread,-28,-0.0021172378913100875,0.0051986653667066614,8,8164
iid-moving,ccf,abs_mid_return_spread,-27,0.003340167229641062,0.0057381025078674965,8,8165
iid-moving,ccf,abs_mid_return_spread,-26,-0.0022865060606906272,0.00974433214994984,8,8166
iid-moving,ccf,abs_mid_return_spread,-25,-0.0008268518217526047,0.005865511191910367,8,8167
iid-moving,ccf,abs_mid_return_spread,-24,0.00938312611424819,0.0073116130275029355,8,8168
iid-moving,ccf,abs_mid_return_spread,-23,-0.00020616043537715614,0.007817093671762233,8,8169
iid-moving,ccf,abs_mid_return_spread,-22,-0.004821870361871209,0.010549969785047167,8,8170
iid-moving,ccf,abs_mid_return_spread,-21,0.0014954154174376569,0.01123897247013644,8,8171
iid-moving,ccf,abs_mid_return_spread,-20,-0.004229847754680726,0.008683062910291731,8,8172
iid-moving,ccf,abs_mid_return_spread,-19,-0.0037377723652108038,0.007742410693156007,8,8173
iid-moving,ccf,abs_mid_return_spread,-18,0.0014458928606718708,0.009402513755769039,8,8174
iid-moving,ccf,abs_mid_return_spread,-17,-0.008236671880532,0.006217037868165188,8,8175
iid-moving,ccf,abs_mid_return_spread,-16,-0.0015132725856254311,0.005937629090861514,8,8176
iid-moving,ccf,abs_mid_return_spread,-15,0.0009621785494124764,0.003629003051843517,8,8177
iid-moving,ccf,abs_mid_return_spread,-14,-0.0016227418581434483,0.004437640188762383,8,8178
iid-moving,ccf,abs_mid_return_spread,-13,0.001015320105432305,0.005265627033190172,8,8179
iid-moving,ccf,abs_mid_return_spread,-12,-0.0034902169986701444,0.0043682243827227515,8,8180
iid-moving,ccf,abs_mid_return_spread,-11,0.0025071736458604776,0.0075940995772032695,8,8181
iid-moving,ccf,abs_mid_return_spread,-10,-0.001879726713254891,0.011075502791249064,8,8182
iid-moving,ccf,abs_mid_return_spread,-9,0.0016940818660710147,0.006545992419437598,8,8183
iid-moving,ccf,abs_mid_return_spread,-8,0.003549122762281662,0.005932559205952352,8,8184
iid-moving,ccf,abs_mid_return_spread,-7,-0.0052746527062277225,0.011261944414511256,8,8185
iid-moving,ccf,abs_mid_return_spread,-6,0.003349324702704284,0.004294128106112803,8,8186
iid-moving,ccf,abs_mid_return_spread,-5,0.000389021747366947,0.006575600780310766,8,8187
iid-moving,ccf,abs_mid_return_spread,-4,-6.393450712462623e-06,0.004758987726865777,8,8188
iid-moving,ccf,abs_mid_return_spread,-3,0.0019349440132960887,0.006268445468808265,8,8189
iid-moving,ccf,abs_mid_return_spread,-2,-0.017176367310448592,0.008260192145314675,8,8190
iid-moving,ccf,abs_mid_return_spread,-1,-0.05116015737675516,0.007407571108866497,8,8191
iid-moving,ccf,abs_mid_return_spread,0,0.406726537937284,0.004058669908911705,8,8192
iid-moving,ccf,abs_mid_return_spread,1,0.049299987210463955,0.009651414463785162,8,8191
iid-moving,ccf,abs_mid_return_spread,2,0.00858288550554496,0.006370253449381427,8,8190
iid-moving,ccf,abs_mid_return_spread,3,0.03142660229196942,0.012027001640436208,8,8189
iid-moving,ccf,abs_mid_return_spread,4,0.02856443658116467,0.010257487936412964,8,8188
iid-moving,ccf,abs_mid_return_spread,5,0.022120274830193482,0.008586808679312153,8,8187
iid-moving,ccf,abs_mid_return_spread,6,0.02061995880567559,0.006565953984537054,8,8186
iid-moving,ccf,abs_mid_return_spread,7,0.021743941052457475,0.00502691390340442,8,8185
iid-moving,ccf,abs_mid_return_spread,8,0.011948943229595006,0.004694871881371536,8,8184
iid-moving,ccf,abs_mid_return_spread,9,0.014588032213651233,0.00691185794057781,8,8183
iid-moving,ccf,abs_mid_return_spread,10,0.009028035255685974,0.007977417293445338,8,8182
iid-moving,ccf,abs_mid_return_spread,11,0.012660066811722527,0.009770820110255278,8,8181
iid-moving,ccf,abs_mid_return_spread,12,0.006585165109558374,0.008068500950451814,8,8180
iid-moving,ccf,abs_mid_return_spread,13,0.008330403748815066,0.007397829077093229,8,8179
iid-moving,ccf,abs_mid_return_spread,14,0.014717116919853182,0.0124736615889527,8,8178
iid-moving,ccf,abs_mid_return_spread,15,0.003806834337745268,0.006035037510442813,8,8177
iid-moving,ccf,abs_mid_return_spread,16,0.0076995188862372665,0.007054449832425584,8,8176
iid-moving,ccf,abs_mid_return_spread,17,-0.0022104361346698726,0.00970746588084586,8,8175
iid-moving,ccf,abs_mid_return_spread,18,0.0030261558077813275,0.004405882079942769,8,8174
iid-moving,ccf,abs_mid_return_spread,19,0.010263265853638633,0.007867583429061973,8,8173
iid-moving,ccf,abs_mid_return_spread,20,-0.001388778555313705,0.0068858916175529306,8,8172
iid-moving,ccf,abs_mid_return_spread,21,0.000565678592434472,0.0045917357302809785,8,8171
iid-moving,ccf,abs_mid_return_spread,22,0.0005462319001010994,0.006832954209388692,8,8170
iid-moving,ccf,abs_mid_return_spread,23,0.0023436974586108,0.006112896867551563,8,8169
iid-moving,ccf,abs_mid_return_spread,24,0.007605394825142752,0.00928736081742699,8,8168
iid-moving,ccf,abs_mid_return_spread,25,0.007993632438859316,0.007542709956060059,8,8167
iid-moving,ccf,abs_mid_return_spread,26,0.0017385416914265325,0.008428125834527773,8,8166
iid-moving,ccf,abs_mid_return_spread,27,0.0031284035603956818,0.008321288005021727,8,8165
iid-moving,ccf,abs_mid_return_spread,28,0.00307423718141124,0.008128764971768334,8,8164
iid-moving,ccf,abs_mid_return_spread,29,0.005109201623105119,0.009208309134449895,8,8163
iid-moving,ccf,abs_mid_return_spread,30,-0.006253425291745768,0.007597276830943944,8,8162
iid-moving,ccf,abs_mid_return_spread,31,0.008953185833214698,0.008179057675062513,8,8161
iid-moving,ccf,abs_mid_return_spread,32,0.0018274370208931352,0.0022603125037901845,8,8160
iid-moving,ccf,abs_mid_return_spread,33,-0.002918824267331892,0.007952576030467203,8,8159
iid-moving,ccf,abs_mid_return_spread,34,0.00536762643057933,0.007657186963802202,8,8158
iid-moving,ccf,abs_mid_return_spread,35,-0.001067312532477653,0.006330522202855832,8,8157
iid-moving,ccf,abs_mid_return_spread,36,-0.0022487526828185583,0.00753857297392589,8,8156
iid-moving,ccf,abs_mid_return_spread,37,-0.00022793696069025367,0.006030871197106366,8,8155
iid-moving,ccf,abs_mid_return_spread,38,-0.002858582586732379,0.007415754691857851,8,8154
iid-moving,ccf,abs_mid_return_spread,39,0.0058016262876169735,0.0053368877564751145,8,8153
iid-moving,ccf,abs_mid_return_spread,40,-0.0017610325545841263,0.008280310924771137,8,8152
iid-moving,ccf,abs_mid_return_spread,41,0.000536803796844056,0.00734283260306318,8,8151
iid-moving,ccf,abs_mid_return_spread,42,0.0010199618546688598,0.0058465124077183095,8,8150
iid-moving,ccf,abs_mid_return_spread,43,0.00033678028432312696,0.010903350046879453,8,8149
iid-moving,ccf,abs_mid_return_spread,44,0.004399139568462612,0.005816215189548202,8,8148
iid-moving,ccf,abs_mid_return_spread,45,0.0038880583120500458,0.007715778020111909,8,8147
iid-moving,ccf,abs_mid_return_spread,46,0.001299058790623299,0.006856679921264414,8,8146
iid-moving,ccf,abs_mid_return_spread,47,-0.0014871931347314677,0.005242992361419801,8,8145
iid-moving,ccf,abs_mid_return_spread,48,0.00197767431350536,0.0058354982180487324,8,8144
iid-moving,ccf,abs_mid_return_spread,49,0.001822406472977498,0.004573500002345303,8,8143
iid-moving,ccf,abs_mid_return_spread,50,0.006831947427973161,0.011144545007150484,8,8142
iid-moving,ccf,abs_mid_return_spread,51,0.0043943238099586526,0.005752069332485582,8,8141
iid-moving,ccf,abs_mid_return_spread,52,-0.0029194671282507206,0.006611133238836894,8,8140
iid-moving,ccf,abs_mid_return_spread,53,-0.001637979200597584,0.008043874986194294,8,8139
iid-moving,ccf,abs_mid_return_spread,54,0.006643017211446996,0.007626881433434703,8,8138
iid-moving,ccf,abs_mid_return_spread,55,-0.00025731403731430423,0.010223445432071961,8,8137
iid-moving,ccf,abs_mid_return_spread,56,0.0020143790244314384,0.011318387152198253,8,8136
iid-moving,ccf,abs_mid_return_spread,57,0.001140727866628494,0.006470723697044368,8,8135
iid-moving,ccf,abs_mid_return_spread,58,-0.0034528767635681524,0.009482799353543275,8,8134
iid-moving,ccf,abs_mid_return_spread,59,0.005405741972626381,0.007113009674227667,8,8133
iid-moving,ccf,abs_mid_return_spread,60,0.0036967478358965944,0.009511928956571469,8,8132
iid-moving,ccf,abs_mid_return_spread,61,-0.0010800818806882468,0.006281466310774439,8,8131
iid-moving,ccf,abs_mid_return_spread,62,-0.005397366329047628,0.004891646897384063,8,8130
iid-moving,ccf,abs_mid_return_spread,63,-0.004551143759445961,0.009938802735068258,8,8129
iid-moving,ccf,abs_mid_return_spread,64,0.0025293356570019456,0.010060846954877965,8,8128
iid-moving,ccf,abs_mid_return_spread,65,-0.0021703737755754955,0.006492963847361932,8,8127
iid-moving,ccf,abs_mid_return_spread,66,-0.00028625580854255107,0.00576284075508616,8,8126
iid-moving,ccf,abs_mid_return_spread,67,0.00368121257937869,0.006231577141066511,8,8125
iid-moving,ccf,abs_mid_return_spread,68,-0.003189164976088718,0.007174119898607021,8,8124
iid-moving,ccf,abs_mid_return_spread,69,-0.0008887885760414117,0.008880018896624658,8,8123
iid-moving,ccf,abs_mid_return_spread,70,0.00817118322439066,0.00914386471715641,8,8122
iid-moving,ccf,abs_mid_return_spread,71,-7.273087343977322e-05,0.008686257433551819,8,8121
iid-moving,ccf,abs_mid_return_spread,72,-0.004050212213802316,0.008849057108040419,8,8120
iid-moving,ccf,abs_mid_return_spread,73,0.0019438476468596748,0.007599936655061096,8,8119
iid-moving,ccf,abs_mid_return_spread,74,-0.0021021981278940972,0.006856739493238875,8,8118
iid-moving,ccf,abs_mid_return_spread,75,-0.0011422732851079542,0.006753659542046281,8,8117
iid-moving,ccf,abs_mid_return_spread,76,0.0039036695952336556,0.007618386626924123,8,8116
iid-moving,ccf,abs_mid_return_spread,77,0.006180030371650886,0.0064902140664452376,8,8115
iid-moving,ccf,abs_mid_return_spread,78,-0.007315693458892389,0.009784304026529496,8,8114
iid-moving,ccf,abs_mid_return_spread,79,0.002509886273653003,0.0070113633294574896,8,8113
iid-moving,ccf,abs_mid_return_spread,80,0.0010549964705211202,0.006019811688155936,8,8112
iid-moving,ccf,abs_mid_return_spread,81,-0.007025706104209134,0.008994199781598869,8,8111
iid-moving,ccf,abs_mid_return_spread,82,0.006845879717174783,0.006105927628987084,8,8110
iid-moving,ccf,abs_mid_return_spread,83,-0.0029870254951916645,0.009193627914695282,8,8109
iid-moving,ccf,abs_mid_return_spread,84,0.0018932497826498126,0.01007401808849789,8,8108
iid-moving,ccf,abs_mid_return_spread,85,0.004148307242961957,0.0035854680915521795,8,8107
iid-moving,ccf,abs_mid_return_spread,86,-0.0017210143697689484,0.009753292185801909,8,8106
iid-moving,ccf,abs_mid_return_spread,87,-0.0009171944840486927,0.010884868380390064,8,8105
iid-moving,ccf,abs_mid_return_spread,88,-0.008440346014820403,0.008711499425264632,8,8104
iid-moving,ccf,abs_mid_return_spread,89,0.005239622478643647,0.008738846584839859,8,8103
iid-moving,ccf,abs_mid_return_spread,90,-0.0015661257742758576,0.01054532661813986,8,8102
iid-moving,ccf,abs_mid_return_spread,91,-0.008121532677385393,0.008946309510984012,8,8101
iid-moving,ccf,abs_mid_return_spread,92,-0.006706747231206388,0.00757833297769846,8,8100
iid-moving,ccf,abs_mid_return_spread,93,-0.0020228630892467434,0.010759626154109428,8,8099
iid-moving,ccf,abs_mid_return_spread,94,-0.0019696168358499374,0.007233163494036238,8,8098
iid-moving,ccf,abs_mid_return_spread,95,0.0016026976075559148,0.00832814388496175,8,8097
iid-moving,ccf,abs_mid_return_spread,96,0.0013267885099476182,0.005042515533991682,8,8096
iid-moving,ccf,abs_mid_return_spread,97,-0.003724865337098149,0.0070683644730050454,8,8095
iid-moving,ccf,abs_mid_return_spread,98,0.0001470381971250222,0.005717281637071438,8,8094
iid-moving,ccf,abs_mid_return_spread,99,-0.002563045416076999,0.006172582130594179,8,8093
iid-moving,ccf,abs_mid_return_spread,100,0.0015851231172395914,0.008617847450307995,8,8092
iid-moving,ccf,abs_mid_return_spread,101,-0.005744460589386779,0.012989183580751094,8,8091
iid-moving,ccf,abs_mid_return_spread,102,-0.0026813286803657214,0.00847918411343078,8,8090
iid-moving,ccf,abs_mid_return_spread,103,-0.0009566505073431845,0.009627289942613958,8,8089
iid-moving,ccf,abs_mid_return_spread,104,0.0018165714630337564,0.007660749455273475,8,8088
iid-moving,ccf,abs_mid_return_spread,105,-0.004358744452050384,0.009996700970818721,8,8087
iid-moving,ccf,abs_mid_return_spread,106,0.004689660261236871,0.009121146449747194,8,8086
iid-moving,ccf,abs_mid_return_spread,107,-0.002916371294384529,0.008969515300975242,8,8085
iid-moving,ccf,abs_mid_return_spread,108,0.005884383797854471,0.009101710030048867,8,8084
iid-moving,ccf,abs_mid_return_spread,109,0.0031495002342041573,0.006971517057334986,8,8083
iid-moving,ccf,abs_mid_return_spread,110,-0.004296881791350957,0.010442011985636494,8,8082
iid-moving,ccf,abs_mid_return_spread,111,0.0024043049967569724,0.004166103436268582,8,8081
iid-moving,ccf,abs_mid_return_spread,112,0.003677023450386753,0.011512519523808303,8,8080
iid-moving,ccf,abs_mid_return_spread,113,0.004313886338699982,0.010400713034863061,8,8079
iid-moving,ccf,abs_mid_return_spread,114,-0.002723395571617945,0.010376239331083042,8,8078
iid-moving,ccf,abs_mid_return_spread,115,0.0003299468169373497,0.005646425427002762,8,8077
iid-moving,ccf,abs_mid_return_spread,116,-0.007840723364908328,0.008339045979252233,8,8076
iid-moving,ccf,abs_mid_return_spread,117,0.00856097742245731,0.008329391468789664,8,8075
iid-moving,ccf,abs_mid_return_spread,118,0.004916380067409502,0.011516232620448721,8,8074
iid-moving,ccf,abs_mid_return_spread,119,-0.004994690601840674,0.008060447757654193,8,8073
iid-moving,ccf,abs_mid_return_spread,120,0.0019605043023543847,0.008170554296416806,8,8072
iid-moving,ccf,abs_mid_return_spread,121,0.0027632925476114576,0.007843745076538433,8,8071
iid-moving,ccf,abs_mid_return_spread,122,0.0038160330941672998,0.008461606646370025,8,8070
iid-moving,ccf,abs_mid_return_spread,123,0.009170095361237935,0.006869967783848088,8,8069
iid-moving,ccf,abs_mid_return_spread,124,-0.005621722820787472,0.006537524913878765,8,8068
iid-moving,ccf,abs_mid_return_spread,125,9.419505680200065e-06,0.011768628716906803,8,8067
iid-moving,ccf,abs_mid_return_spread,126,-0.00032560415202943305,0.006968209326445251,8,8066
iid-moving,ccf,abs_mid_return_spread,127,0.009445862643072574,0.00678723677188307,8,8065
iid-moving,ccf,abs_mid_return_spread,128,-0.003150987911829766,0.00876899023048864,8,8064
iid-moving,ccf,abs_trade_return_spread,-128,-0.0065907344207178555,0.009896927474008022,8,8064
iid-moving,ccf,abs_trade_return_spread,-127,0.0048821046828466845,0.008940044857422976,8,8065
iid-moving,ccf,abs_trade_return_spread,-126,-0.0003627955757629445,0.008530350692176157,8,8066
iid-moving,ccf,abs_trade_return_spread,-125,-0.004278901661037018,0.007283742138403099,8,8067
iid-moving,ccf,abs_trade_return_spread,-124,0.0037627360757139143,0.008727489090728398,8,8068
iid-moving,ccf,abs_trade_return_spread,-123,0.00028034393116402,0.009446965558368188,8,8069
iid-moving,ccf,abs_trade_return_spread,-122,0.007950985207761238,0.005794768361651701,8,8070
iid-moving,ccf,abs_trade_return_spread,-121,-0.004778827344511195,0.0029573008045159794,8,8071
iid-moving,ccf,abs_trade_return_spread,-120,0.0037553038466531254,0.008321110582526423,8,8072
iid-moving,ccf,abs_trade_return_spread,-119,0.004223789897449592,0.008349215841562566,8,8073
iid-moving,ccf,abs_trade_return_spread,-118,-0.009568586638113209,0.006677577984042051,8,8074
iid-moving,ccf,abs_trade_return_spread,-117,0.0013011251610545215,0.0053069926778800585,8,8075
iid-moving,ccf,abs_trade_return_spread,-116,-0.00014961752446984505,0.008724339985958212,8,8076
iid-moving,ccf,abs_trade_return_spread,-115,0.0026321729348951347,0.006351506332804082,8,8077
iid-moving,ccf,abs_trade_return_spread,-114,-0.003979423397394893,0.008231414253440109,8,8078
iid-moving,ccf,abs_trade_return_spread,-113,0.003914986854165438,0.010408608878772567,8,8079
iid-moving,ccf,abs_trade_return_spread,-112,0.0007589050704130216,0.01128632892624073,8,8080
iid-moving,ccf,abs_trade_return_spread,-111,-0.0026050232513407092,0.008182458535964424,8,8081
iid-moving,ccf,abs_trade_return_spread,-110,-0.008918793165999578,0.00805819871528719,8,8082
iid-moving,ccf,abs_trade_return_spread,-109,0.0062365234065274965,0.00841572277652649,8,8083
iid-moving,ccf,abs_trade_return_spread,-108,-0.005504842348030157,0.005065455709305282,8,8084
iid-moving,ccf,abs_trade_return_spread,-107,-0.0002242300160955658,0.005979316861328981,8,8085
iid-moving,ccf,abs_trade_return_spread,-106,-0.004045204530002788,0.0084528935339267,8,8086
iid-moving,ccf,abs_trade_return_spread,-105,-0.002075959239213751,0.006687551090462034,8,8087
iid-moving,ccf,abs_trade_return_spread,-104,0.002909811034762858,0.008201042144557042,8,8088
iid-moving,ccf,abs_trade_return_spread,-103,0.0015587606119490485,0.005440685418999078,8,8089
iid-moving,ccf,abs_trade_return_spread,-102,0.0032367169228788416,0.007963565780895354,8,8090
iid-moving,ccf,abs_trade_return_spread,-101,-0.0007086954162924138,0.009461862587773994,8,8091
iid-moving,ccf,abs_trade_return_spread,-100,-0.0034598987635303725,0.0054956992229130445,8,8092
iid-moving,ccf,abs_trade_return_spread,-99,0.00014383423957481118,0.009958883145280258,8,8093
iid-moving,ccf,abs_trade_return_spread,-98,0.0028982323849309237,0.006288016883480015,8,8094
iid-moving,ccf,abs_trade_return_spread,-97,-0.002403896284038359,0.0033806619251886515,8,8095
iid-moving,ccf,abs_trade_return_spread,-96,-0.0027584289478768944,0.006304007850279653,8,8096
iid-moving,ccf,abs_trade_return_spread,-95,-0.0019996613079854425,0.009759340130670702,8,8097
iid-moving,ccf,abs_trade_return_spread,-94,0.001865944884202352,0.008473811753846735,8,8098
iid-moving,ccf,abs_trade_return_spread,-93,-0.0001378356148846482,0.009039945858345362,8,8099
iid-moving,ccf,abs_trade_return_spread,-92,-0.002049845529268292,0.007036656299599238,8,8100
iid-moving,ccf,abs_trade_return_spread,-91,0.0026234962645358857,0.009531607493988615,8,8101
iid-moving,ccf,abs_trade_return_spread,-90,-0.0057521553935474075,0.010362360459523998,8,8102
iid-moving,ccf,abs_trade_return_spread,-89,-0.003528860391268516,0.006335938727941992,8,8103
iid-moving,ccf,abs_trade_return_spread,-88,-0.005128524452394928,0.006244515958158605,8,8104
iid-moving,ccf,abs_trade_return_spread,-87,0.007820742703946419,0.0033729550953887103,8,8105
iid-moving,ccf,abs_trade_return_spread,-86,-0.005928294509310237,0.006163403499328971,8,8106
iid-moving,ccf,abs_trade_return_spread,-85,-0.009509396199859087,0.005926731607354404,8,8107
iid-moving,ccf,abs_trade_return_spread,-84,0.0013233183347414815,0.006812441027036613,8,8108
iid-moving,ccf,abs_trade_return_spread,-83,-0.004266471212867958,0.0031587407753772613,8,8109
iid-moving,ccf,abs_trade_return_spread,-82,-0.003192563100459358,0.007344615157300905,8,8110
iid-moving,ccf,abs_trade_return_spread,-81,-0.004030116792767895,0.006737751528194407,8,8111
iid-moving,ccf,abs_trade_return_spread,-80,0.004686811312091548,0.006053890676366192,8,8112
iid-moving,ccf,abs_trade_return_spread,-79,-0.003355967024483445,0.013520231453139837,8,8113
iid-moving,ccf,abs_trade_return_spread,-78,0.000139202798808821,0.0047245540035092655,8,8114
iid-moving,ccf,abs_trade_return_spread,-77,-0.003789704664633656,0.006827701563775168,8,8115
iid-moving,ccf,abs_trade_return_spread,-76,0.0014882142927054292,0.008862279248931777,8,8116
iid-moving,ccf,abs_trade_return_spread,-75,0.0023806293415436003,0.005505106214323486,8,8117
iid-moving,ccf,abs_trade_return_spread,-74,0.004113556831554102,0.010107901222517725,8,8118
iid-moving,ccf,abs_trade_return_spread,-73,-0.004591847924836681,0.005002219851193914,8,8119
iid-moving,ccf,abs_trade_return_spread,-72,-0.004045302278173245,0.0068044652374790555,8,8120
iid-moving,ccf,abs_trade_return_spread,-71,0.004639277973656734,0.0064658506410317194,8,8121
iid-moving,ccf,abs_trade_return_spread,-70,-0.0004058939005028709,0.008896107543714733,8,8122
iid-moving,ccf,abs_trade_return_spread,-69,0.0061910160464702145,0.013862671910672524,8,8123
iid-moving,ccf,abs_trade_return_spread,-68,0.004689993981951928,0.00898762533092315,8,8124
iid-moving,ccf,abs_trade_return_spread,-67,-0.004802092316056122,0.007581527717483528,8,8125
iid-moving,ccf,abs_trade_return_spread,-66,-0.001079707361399409,0.005328895335811281,8,8126
iid-moving,ccf,abs_trade_return_spread,-65,-0.0025910988648355634,0.008630800152487185,8,8127
iid-moving,ccf,abs_trade_return_spread,-64,0.005374958882948798,0.0069763734574372505,8,8128
iid-moving,ccf,abs_trade_return_spread,-63,0.003205077229316967,0.007372926047933788,8,8129
iid-moving,ccf,abs_trade_return_spread,-62,-0.0030484376368151963,0.007796882906737754,8,8130
iid-moving,ccf,abs_trade_return_spread,-61,0.0028230663391160243,0.00990597257605057,8,8131
iid-moving,ccf,abs_trade_return_spread,-60,-0.0025851191936926317,0.005970943902032815,8,8132
iid-moving,ccf,abs_trade_return_spread,-59,0.009007124331569138,0.01024262475444108,8,8133
iid-moving,ccf,abs_trade_return_spread,-58,-0.006399818394659048,0.010799734351259025,8,8134
iid-moving,ccf,abs_trade_return_spread,-57,-0.008731904412497785,0.010350154922945031,8,8135
iid-moving,ccf,abs_trade_return_spread,-56,0.002477634228022413,0.007847154481302219,8,8136
iid-moving,ccf,abs_trade_return_spread,-55,-0.0025852575403859583,0.0072238771508720415,8,8137
iid-moving,ccf,abs_trade_return_spread,-54,0.005259668599316018,0.0057823148738325525,8,8138
iid-moving,ccf,abs_trade_return_spread,-53,-0.003045805180337358,0.009159319751349308,8,8139
iid-moving,ccf,abs_trade_return_spread,-52,-0.003015832971142961,0.010714201733106004,8,8140
iid-moving,ccf,abs_trade_return_spread,-51,-0.0036567030585000085,0.007044889995813594,8,8141
iid-moving,ccf,abs_trade_return_spread,-50,-0.002831678924989525,0.005086705874963828,8,8142
iid-moving,ccf,abs_trade_return_spread,-49,0.005835062530622494,0.003327907105300065,8,8143
iid-moving,ccf,abs_trade_return_spread,-48,0.00607378069806412,0.0031148775288616115,8,8144
iid-moving,ccf,abs_trade_return_spread,-47,-0.006065251497115642,0.009539829909364873,8,8145
iid-moving,ccf,abs_trade_return_spread,-46,-0.00027338849413451993,0.008885448716682702,8,8146
iid-moving,ccf,abs_trade_return_spread,-45,-0.00718804474254505,0.0037414108564699953,8,8147
iid-moving,ccf,abs_trade_return_spread,-44,-0.0007713903038018956,0.008056951245667557,8,8148
iid-moving,ccf,abs_trade_return_spread,-43,0.006641024534415917,0.007322604332967666,8,8149
iid-moving,ccf,abs_trade_return_spread,-42,-0.007605945677837206,0.0054663712882180426,8,8150
iid-moving,ccf,abs_trade_return_spread,-41,0.007254121055740956,0.006727850673270401,8,8151
iid-moving,ccf,abs_trade_return_spread,-40,-8.563400459563687e-05,0.009594453196815301,8,8152
iid-moving,ccf,abs_trade_return_spread,-39,0.0032912594855216215,0.004730469687445399,8,8153
iid-moving,ccf,abs_trade_return_spread,-38,-0.002242404327429252,0.006963206670458986,8,8154
iid-moving,ccf,abs_trade_return_spread,-37,0.001540041271519865,0.005243801764514741,8,8155
iid-moving,ccf,abs_trade_return_spread,-36,0.003068698322123297,0.004207764192932682,8,8156
iid-moving,ccf,abs_trade_return_spread,-35,-0.004486749350533478,0.005871364471484566,8,8157
iid-moving,ccf,abs_trade_return_spread,-34,0.00040433336221925355,0.006771533062460614,8,8158
iid-moving,ccf,abs_trade_return_spread,-33,-0.00710983576062881,0.005438764402341925,8,8159
iid-moving,ccf,abs_trade_return_spread,-32,0.004775613597538075,0.006267508776454695,8,8160
iid-moving,ccf,abs_trade_return_spread,-31,-0.003771713534689922,0.007903172334703038,8,8161
iid-moving,ccf,abs_trade_return_spread,-30,0.005896640041632515,0.008254419980680624,8,8162
iid-moving,ccf,abs_trade_return_spread,-29,0.004479640363013522,0.008043372897516408,8,8163
iid-moving,ccf,abs_trade_return_spread,-28,-0.004150738380407326,0.006476419255969409,8,8164
iid-moving,ccf,abs_trade_return_spread,-27,0.0013391107676104072,0.00647535672875179,8,8165
iid-moving,ccf,abs_trade_return_spread,-26,-0.0023341902764878325,0.008424199392541623,8,8166
iid-moving,ccf,abs_trade_return_spread,-25,0.0006168798883719152,0.0023818879083946087,8,8167
iid-moving,ccf,abs_trade_return_spread,-24,0.005358049021568083,0.006792725423678473,8,8168
iid-moving,ccf,abs_trade_return_spread,-23,-0.0025211176403516357,0.008346437113492942,8,8169
iid-moving,ccf,abs_trade_return_spread,-22,-0.004674838769889419,0.011293817221364718,8,8170
iid-moving,ccf,abs_trade_return_spread,-21,0.003938224059721134,0.008444047098185397,8,8171
iid-moving,ccf,abs_trade_return_spread,-20,-0.0024599178490800244,0.008635786915720822,8,8172
iid-moving,ccf,abs_trade_return_spread,-19,-0.006664757519452048,0.0075659232546035305,8,8173
iid-moving,ccf,abs_trade_return_spread,-18,0.003182575397357668,0.011973898494190737,8,8174
iid-moving,ccf,abs_trade_return_spread,-17,-0.004370975374492257,0.007505522921747649,8,8175
iid-moving,ccf,abs_trade_return_spread,-16,-0.00021667572985944637,0.005798474548290154,8,8176
iid-moving,ccf,abs_trade_return_spread,-15,0.003355752413828104,0.004637510857859491,8,8177
iid-moving,ccf,abs_trade_return_spread,-14,-0.004731028743016301,0.007211945232336703,8,8178
iid-moving,ccf,abs_trade_return_spread,-13,0.00019994136662068425,0.005363103499032103,8,8179
iid-moving,ccf,abs_trade_return_spread,-12,-0.003179555364877575,0.005606535795049741,8,8180
iid-moving,ccf,abs_trade_return_spread,-11,0.004705925837518939,0.006109545107682272,8,8181
iid-moving,ccf,abs_trade_return_spread,-10,-0.002196262425838671,0.009518724203549047,8,8182
iid-moving,ccf,abs_trade_return_spread,-9,-0.0008704665686741901,0.007516301639303075,8,8183
iid-moving,ccf,abs_trade_return_spread,-8,0.004159146868306798,0.006675696807925801,8,8184
iid-moving,ccf,abs_trade_return_spread,-7,-0.005969044556209008,0.00941163049355961,8,8185
iid-moving,ccf,abs_trade_return_spread,-6,-0.0010588399529698888,0.005612938394305374,8,8186
iid-moving,ccf,abs_trade_return_spread,-5,-0.0033591655373143244,0.007762685948202224,8,8187
iid-moving,ccf,abs_trade_return_spread,-4,-0.0003841467664518715,0.008699811301640312,8,8188
iid-moving,ccf,abs_trade_return_spread,-3,0.0029814726080072723,0.008802111923308311,8,8189
iid-moving,ccf,abs_trade_return_spread,-2,-0.0008598464152407392,0.007532562391090945,8,8190
iid-moving,ccf,abs_trade_return_spread,-1,0.005447413792271719,0.009467793063108685,8,8191
iid-moving,ccf,abs_trade_return_spread,0,0.027587777346554987,0.004974916512018919,8,8192
iid-moving,ccf,abs_trade_return_spread,1,0.0676369221518863,0.010887981229901336,8,8191
iid-moving,ccf,abs_trade_return_spread,2,0.04450790259162996,0.007283362772045589,8,8190
iid-moving,ccf,abs_trade_return_spread,3,0.023734797697881376,0.007604661507757021,8,8189
iid-moving,ccf,abs_trade_return_spread,4,0.023778818142465633,0.01056187562656122,8,8188
iid-moving,ccf,abs_trade_return_spread,5,0.018401052040485318,0.007366051209155947,8,8187
iid-moving,ccf,abs_trade_return_spread,6,0.016795811371420753,0.003764045094544779,8,8186
iid-moving,ccf,abs_trade_return_spread,7,0.01588500411478373,0.006850401755770999,8,8185
iid-moving,ccf,abs_trade_return_spread,8,0.009088793162277823,0.005095495785346934,8,8184
iid-moving,ccf,abs_trade_return_spread,9,0.012447041855081208,0.007825536950349815,8,8183
iid-moving,ccf,abs_trade_return_spread,10,0.007929332852401983,0.006961632370698034,8,8182
iid-moving,ccf,abs_trade_return_spread,11,0.005416327250897237,0.0075297158960321835,8,8181
iid-moving,ccf,abs_trade_return_spread,12,0.007274144965407953,0.012928033767883932,8,8180
iid-moving,ccf,abs_trade_return_spread,13,0.00428916405336172,0.010390494553081355,8,8179
iid-moving,ccf,abs_trade_return_spread,14,0.010255748215205017,0.010257733891231614,8,8178
iid-moving,ccf,abs_trade_return_spread,15,0.002417676904877374,0.005685680187878736,8,8177
iid-moving,ccf,abs_trade_return_spread,16,0.0015526239205120899,0.007875489721282327,8,8176
iid-moving,ccf,abs_trade_return_spread,17,-0.005789299085358339,0.011274562081239363,8,8175
iid-moving,ccf,abs_trade_return_spread,18,0.0010209155661956332,0.0073002338656522805,8,8174
iid-moving,ccf,abs_trade_return_spread,19,0.009317644443004201,0.006948900601708963,8,8173
iid-moving,ccf,abs_trade_return_spread,20,-0.005108356047207208,0.008470077582736123,8,8172
iid-moving,ccf,abs_trade_return_spread,21,0.0028342262922241607,0.00904860841209287,8,8171
iid-moving,ccf,abs_trade_return_spread,22,0.0021672124236442143,0.004605430129182585,8,8170
iid-moving,ccf,abs_trade_return_spread,23,0.005024733611388897,0.004854305750317534,8,8169
iid-moving,ccf,abs_trade_return_spread,24,0.004742871141704608,0.006767589942759701,8,8168
iid-moving,ccf,abs_trade_return_spread,25,0.0028116200494117155,0.004920707644685695,8,8167
iid-moving,ccf,abs_trade_return_spread,26,0.0010989412385654148,0.010115381159100021,8,8166
iid-moving,ccf,abs_trade_return_spread,27,-0.002096138452384232,0.005574511007900766,8,8165
iid-moving,ccf,abs_trade_return_spread,28,0.0005238277507807372,0.0063859584515771825,8,8164
iid-moving,ccf,abs_trade_return_spread,29,0.005181315528503901,0.00782177462053533,8,8163
iid-moving,ccf,abs_trade_return_spread,30,-0.008093441228237401,0.005977981096102023,8,8162
iid-moving,ccf,abs_trade_return_spread,31,0.008127319067513745,0.006942672231581373,8,8161
iid-moving,ccf,abs_trade_return_spread,32,0.0010815919368216684,0.004256771499578329,8,8160
iid-moving,ccf,abs_trade_return_spread,33,0.0008339676470888735,0.00736279411785489,8,8159
iid-moving,ccf,abs_trade_return_spread,34,0.003533592393230728,0.008503167212286899,8,8158
iid-moving,ccf,abs_trade_return_spread,35,-0.004104799058071142,0.005649548633629945,8,8157
iid-moving,ccf,abs_trade_return_spread,36,-0.007338780210189549,0.006541107600439909,8,8156
iid-moving,ccf,abs_trade_return_spread,37,0.0041676189718808385,0.005506155127436214,8,8155
iid-moving,ccf,abs_trade_return_spread,38,-0.006083948491976266,0.007667202083678855,8,8154
iid-moving,ccf,abs_trade_return_spread,39,0.0019003917461647881,0.0076709489348649575,8,8153
iid-moving,ccf,abs_trade_return_spread,40,-0.000824257337813286,0.004848436055260634,8,8152
iid-moving,ccf,abs_trade_return_spread,41,0.003051540212214535,0.011299905777556761,8,8151
iid-moving,ccf,abs_trade_return_spread,42,-0.0011706892416196042,0.008090669317289545,8,8150
iid-moving,ccf,abs_trade_return_spread,43,0.0018073693237780383,0.007725467260398292,8,8149
iid-moving,ccf,abs_trade_return_spread,44,0.0028403196419534535,0.006356317497263624,8,8148
iid-moving,ccf,abs_trade_return_spread,45,0.0046829434334185426,0.009756531089884227,8,8147
iid-moving,ccf,abs_trade_return_spread,46,-0.00034060870486225196,0.007567920975831447,8,8146
iid-moving,ccf,abs_trade_return_spread,47,0.0015317690027437526,0.004745650034815423,8,8145
iid-moving,ccf,abs_trade_return_spread,48,-0.0035669954859856184,0.007717533777542363,8,8144
iid-moving,ccf,abs_trade_return_spread,49,0.00013378607869720348,0.007487736231755398,8,8143
iid-moving,ccf,abs_trade_return_spread,50,0.007284172721146924,0.010868604569969988,8,8142
iid-moving,ccf,abs_trade_return_spread,51,-0.0020371427826540505,0.004963900945084866,8,8141
iid-moving,ccf,abs_trade_return_spread,52,-0.003914847074682378,0.004341828577949812,8,8140
iid-moving,ccf,abs_trade_return_spread,53,0.0002579337334988896,0.005858177810603817,8,8139
iid-moving,ccf,abs_trade_return_spread,54,0.0034911930231420257,0.007408959912183684,8,8138
iid-moving,ccf,abs_trade_return_spread,55,-0.004164399336562643,0.007030634849736515,8,8137
iid-moving,ccf,abs_trade_return_spread,56,0.004871082623603305,0.006551681829421617,8,8136
iid-moving,ccf,abs_trade_return_spread,57,0.0007095252239142961,0.0075407304597612515,8,8135
iid-moving,ccf,abs_trade_return_spread,58,-0.0015892961367896421,0.008501417259526176,8,8134
iid-moving,ccf,abs_trade_return_spread,59,0.00540074531897337,0.00792770304157957,8,8133
iid-moving,ccf,abs_trade_return_spread,60,0.0017239245226311054,0.00982445715957911,8,8132
iid-moving,ccf,abs_trade_return_spread,61,0.0004883090568533995,0.00629491141802639,8,8131
iid-moving,ccf,abs_trade_return_spread,62,-0.0058313910173919,0.0055503757330101254,8,8130
iid-moving,ccf,abs_trade_return_spread,63,-0.003220441109032703,0.010992712877110608,8,8129
iid-moving,ccf,abs_trade_return_spread,64,0.00789726091406346,0.009868698504945548,8,8128
iid-moving,ccf,abs_trade_return_spread,65,-0.002095214800184539,0.008850674438760545,8,8127
iid-moving,ccf,abs_trade_return_spread,66,-0.0008479671663686723,0.006966845755403556,8,8126
iid-moving,ccf,abs_trade_return_spread,67,0.006662266742390153,0.00880153551418685,8,8125
iid-moving,ccf,abs_trade_return_spread,68,-0.0025889037026280105,0.009006575850512292,8,8124
iid-moving,ccf,abs_trade_return_spread,69,-0.0013695676742104344,0.006313323456428215,8,8123
iid-moving,ccf,abs_trade_return_spread,70,0.008556331747918026,0.006446900179275713,8,8122
iid-moving,ccf,abs_trade_return_spread,71,0.0005080097635369422,0.008363507685247637,8,8121
iid-moving,ccf,abs_trade_return_spread,72,-0.0034987682099646795,0.0061228724999666416,8,8120
iid-moving,ccf,abs_trade_return_spread,73,0.0018630057018599682,0.0077600411836480036,8,8119
iid-moving,ccf,abs_trade_return_spread,74,-0.0017757746737789932,0.009699720299730787,8,8118
iid-moving,ccf,abs_trade_return_spread,75,0.0010460722523013576,0.0047610667220681245,8,8117
iid-moving,ccf,abs_trade_return_spread,76,0.002359678921667164,0.006691891405575096,8,8116
iid-moving,ccf,abs_trade_return_spread,77,0.006618203327593174,0.007813842257552689,8,8115
iid-moving,ccf,abs_trade_return_spread,78,-0.007657989988156014,0.009403993093692477,8,8114
iid-moving,ccf,abs_trade_return_spread,79,0.002790946491265419,0.005253323352964546,8,8113
iid-moving,ccf,abs_trade_return_spread,80,0.0007937818488174723,0.006194627012458275,8,8112
iid-moving,ccf,abs_trade_return_spread,81,-0.002037263351967098,0.009592347254353767,8,8111
iid-moving,ccf,abs_trade_return_spread,82,0.001701240746035819,0.010578580780159372,8,8110
iid-moving,ccf,abs_trade_return_spread,83,0.0002280744874154331,0.008513460756740232,8,8109
iid-moving,ccf,abs_trade_return_spread,84,0.0019388270000309945,0.011889481822492708,8,8108
iid-moving,ccf,abs_trade_return_spread,85,0.0018287379257300208,0.006105368562288943,8,8107
iid-moving,ccf,abs_trade_return_spread,86,-0.0016251462478881742,0.0105237579414958,8,8106
iid-moving,ccf,abs_trade_return_spread,87,-0.0026984466897299374,0.008799591800161292,8,8105
iid-moving,ccf,abs_trade_return_spread,88,-0.007084688338964768,0.007092417511606217,8,8104
iid-moving,ccf,abs_trade_return_spread,89,0.005338147054730065,0.008558679967219507,8,8103
iid-moving,ccf,abs_trade_return_spread,90,-0.002123005724709372,0.010189226917736965,8,8102
iid-moving,ccf,abs_trade_return_spread,91,-0.0035005363359494014,0.010436386745069094,8,8101
iid-moving,ccf,abs_trade_return_spread,92,-0.005204899786299139,0.007164472701908421,8,8100
iid-moving,ccf,abs_trade_return_spread,93,-0.00277953711411991,0.007729279876550787,8,8099
iid-moving,ccf,abs_trade_return_spread,94,-0.004006816783562484,0.004681709185428371,8,8098
iid-moving,ccf,abs_trade_return_spread,95,0.002781273801867823,0.009338536035333482,8,8097
iid-moving,ccf,abs_trade_return_spread,96,-0.00036937732426172484,0.00351530892288028,8,8096
iid-moving,ccf,abs_trade_return_spread,97,-0.003638423660091732,0.005479392527792264,8,8095
iid-moving,ccf,abs_trade_return_spread,98,-0.0018201406185151393,0.007936546934507138,8,8094
iid-moving,ccf,abs_trade_return_spread,99,-0.0036673960592347086,0.003260618675972142,8,8093
iid-moving,ccf,abs_trade_return_spread,100,0.006430806444784044,0.00877544830034667,8,8092
iid-moving,ccf,abs_trade_return_spread,101,-0.0047349550909865125,0.012205834072584475,8,8091
iid-moving,ccf,abs_trade_return_spread,102,-0.003028366359165936,0.007299042698470771,8,8090
iid-moving,ccf,abs_trade_return_spread,103,0.003406748651340359,0.010431207912259854,8,8089
iid-moving,ccf,abs_trade_return_spread,104,-0.0015967717316755963,0.006737602375637581,8,8088
iid-moving,ccf,abs_trade_return_spread,105,-0.0003828521316266092,0.0069349528063029076,8,8087
iid-moving,ccf,abs_trade_return_spread,106,0.004224845641450454,0.009049282139460893,8,8086
iid-moving,ccf,abs_trade_return_spread,107,-0.003211959273457512,0.004397260201837623,8,8085
iid-moving,ccf,abs_trade_return_spread,108,0.0010821254285187881,0.00670402938381063,8,8084
iid-moving,ccf,abs_trade_return_spread,109,0.000672187178862008,0.006173425154762786,8,8083
iid-moving,ccf,abs_trade_return_spread,110,-0.003965063422642276,0.01142888787181548,8,8082
iid-moving,ccf,abs_trade_return_spread,111,0.004639099497330729,0.0041820518796021324,8,8081
iid-moving,ccf,abs_trade_return_spread,112,-0.004270005268123905,0.010009823981614168,8,8080
iid-moving,ccf,abs_trade_return_spread,113,0.005685104668098732,0.008109098965777327,8,8079
iid-moving,ccf,abs_trade_return_spread,114,-0.0013534499904400525,0.011536867429460152,8,8078
iid-moving,ccf,abs_trade_return_spread,115,-0.003548485937796292,0.0052526321366619284,8,8077
iid-moving,ccf,abs_trade_return_spread,116,-0.005940166261909336,0.005552741316090651,8,8076
iid-moving,ccf,abs_trade_return_spread,117,0.0040809497386539275,0.007561452784684045,8,8075
iid-moving,ccf,abs_trade_return_spread,118,0.006941198960378033,0.01623268402029559,8,8074
iid-moving,ccf,abs_trade_return_spread,119,-0.0011605066595571038,0.009957737045884266,8,8073
iid-moving,ccf,abs_trade_return_spread,120,-0.00025984790013812084,0.007957346202147993,8,8072
iid-moving,ccf,abs_trade_return_spread,121,0.0041409184066701805,0.010128368476478657,8,8071
iid-moving,ccf,abs_trade_return_spread,122,0.0028455387904985905,0.007142507782133781,8,8070
iid-moving,ccf,abs_trade_return_spread,123,0.007967800946134088,0.007467416467328845,8,8069
iid-moving,ccf,abs_trade_return_spread,124,0.0005878815263131816,0.00872472616595654,8,8068
iid-moving,ccf,abs_trade_return_spread,125,-7.081943881014931e-05,0.007102401573872412,8,8067
iid-moving,ccf,abs_trade_return_spread,126,-0.0004661434140705112,0.005859726934287823,8,8066
iid-moving,ccf,abs_trade_return_spread,127,0.005752849762209487,0.005095026411038516,8,8065
iid-moving,ccf,abs_trade_return_spread,128,0.0011416424573867062,0.0072455784104847615,8,8064
lmf-fixed,acf,sign,0,1.0,0.0,8,8192
lmf-fixed,acf,sign,1,0.8159715240740013,0.011264482798970143,8,8191
lmf-fixed,acf,sign,2,0.6319913387529333,0.022500604032589397,8,8190
lmf-fixed,acf,sign,3,0.5309868849786661,0.028086442338286142,8,8189
lmf-fixed,acf,sign,4,0.4653190764087416,0.030643449559255416,8,8188
lmf-fixed,acf,sign,5,0.41795997690551906,0.03390465010647425,8,8187
lmf-fixed,acf,sign,6,0.37989135327044443,0.038025372912504275,8,8186
lmf-fixed,acf,sign,7,0.34999230661708985,0.040995446516823894,8,8185
lmf-fixed,acf,sign,8,0.3275070925943161,0.043509869331945554,8,8184
lmf-fixed,acf,sign,9,0.3112249252274837,0.043460777227969816,8,8183
lmf-fixed,acf,sign,10,0.2959940787734778,0.04488266987774202,8,8182
lmf-fixed,acf,sign,11,0.2821464123827506,0.04639007429376295,8,8181
lmf-fixed,acf,sign,12,0.27296933679412055,0.047249418645221836,8,8180
lmf-fixed,acf,sign,13,0.2647392636913565,0.04613001234545525,8,8179
lmf-fixed,acf,sign,14,0.2545137401167936,0.04664854715706814,8,8178
lmf-fixed,acf,sign,15,0.24516213806596335,0.04777152738184758,8,8177
lmf-fixed,acf,sign,16,0.23511128583483176,0.04860036818940252,8,8176
lmf-fixed,acf,sign,17,0.22976322081305645,0.050206216345313116,8,8175
lmf-fixed,acf,sign,18,0.22819180384291818,0.05226788043909135,8,8174
lmf-fixed,acf,sign,19,0.2229060446440381,0.05318811685020934,8,8173
lmf-fixed,acf,sign,20,0.21693325703494543,0.054185245836618524,8,8172
lmf-fixed,acf,sign,21,0.21157271217689155,0.053608145330189615,8,8171
lmf-fixed,acf,sign,22,0.2069578138341519,0.05281584715819355,8,8170
lmf-fixed,acf,sign,23,0.20140832484489385,0.053736772395589605,8,8169
lmf-fixed,acf,sign,24,0.19547894854153935,0.05563042001447445,8,8168
lmf-fixed,acf,sign,25,0.1875853840080944,0.057140909926006386,8,8167
lmf-fixed,acf,sign,26,0.1817339694434333,0.05743427066083464,8,8166
lmf-fixed,acf,sign,27,0.1775610771640155,0.05786669378736792,8,8165
lmf-fixed,acf,sign,28,0.1716057323546919,0.05606020884764182,8,8164
lmf-fixed,acf,sign,29,0.16691366665904916,0.05549310168734379,8,8163
lmf-fixed,acf,sign,30,0.16528492657313681,0.054426946969881325,8,8162
lmf-fixed,acf,sign,31,0.16405969816221333,0.05201476954309364,8,8161
lmf-fixed,acf,sign,32,0.1634304849944241,0.0507651613346501,8,8160
lmf-fixed,acf,sign,33,0.16092032648611734,0.05192636077121425,8,8159
lmf-fixed,acf,sign,34,0.1579041024484725,0.05435855665673942,8,8158
lmf-fixed,acf,sign,35,0.15346403180701068,0.056289239205633564,8,8157
lmf-fixed,acf,sign,36,0.15082085728509517,0.0576048885198404,8,8156
lmf-fixed,acf,sign,37,0.15202841035839754,0.05704622461102005,8,8155
lmf-fixed,acf,sign,38,0.1508133379859219,0.0561355631368755,8,8154
lmf-fixed,acf,sign,39,0.14828008293400452,0.0558565579438221,8,8153
lmf-fixed,acf,sign,40,0.14461653672938757,0.05678222355142659,8,8152
lmf-fixed,acf,sign,41,0.14139843596835028,0.05648020116236199,8,8151
lmf-fixed,acf,sign,42,0.14062055502149673,0.05654804046322394,8,8150
lmf-fixed,acf,sign,43,0.1404427950087298,0.05805233091926958,8,8149
lmf-fixed,acf,sign,44,0.14211274737069826,0.059366615817407827,8,8148
lmf-fixed,acf,sign,45,0.14444950597445091,0.0582840075048141,8,8147
lmf-fixed,acf,sign,46,0.14559611290815885,0.05752114324676371,8,8146
lmf-fixed,acf,sign,47,0.14483408499469963,0.05711125235197871,8,8145
lmf-fixed,acf,sign,48,0.1423170757846875,0.05591100455607756,8,8144
lmf-fixed,acf,sign,49,0.14160239677657308,0.05508510205104304,8,8143
lmf-fixed,acf,sign,50,0.1427154376323975,0.05448104945875833,8,8142
lmf-fixed,acf,sign,51,0.14215621561092512,0.0542996998859642,8,8141
lmf-fixed,acf,sign,52,0.13939800012091733,0.05254372035101587,8,8140
lmf-fixed,acf,sign,53,0.13601289991677337,0.04942562496028887,8,8139
lmf-fixed,acf,sign,54,0.1342031477888966,0.04694838583371803,8,8138
lmf-fixed,acf,sign,55,0.13165032876879978,0.046935667198109696,8,8137
lmf-fixed,acf,sign,56,0.12770879158301227,0.04756289618592289,8,8136
lmf-fixed,acf,sign,57,0.12471482531432299,0.0484976660335027,8,8135
lmf-fixed,acf,sign,58,0.12232577616124596,0.04943355934659063,8,8134
lmf-fixed,acf,sign,59,0.12089347936250289,0.050199698109229036,8,8133
lmf-fixed,acf,sign,60,0.12048664057952849,0.05154860446954252,8,8132
lmf-fixed,acf,sign,61,0.1192776171234262,0.051311569168331295,8,8131
lmf-fixed,acf,sign,62,0.11690346286619782,0.05131562778740847,8,8130
lmf-fixed,acf,sign,63,0.11533029222596523,0.051385972327291245,8,8129
lmf-fixed,acf,sign,64,0.11506725770733361,0.050810268057204365,8,8128
lmf-fixed,acf,sign,65,0.11361096320567782,0.04944503052256336,8,8127
lmf-fixed,acf,sign,66,0.11017795541585687,0.048417368009326125,8,8126
lmf-fixed,acf,sign,67,0.110245975085811,0.047219891908082026,8,8125
lmf-fixed,acf,sign,68,0.11266914785135404,0.045671991763370993,8,8124
lmf-fixed,acf,sign,69,0.11388793100347834,0.044821016717984864,8,8123
lmf-fixed,acf,sign,70,0.11141449484191249,0.0429599357532872,8,8122
lmf-fixed,acf,sign,71,0.10696388298696018,0.0431738872125159,8,8121
lmf-fixed,acf,sign,72,0.10351130510445927,0.04632758405308356,8,8120
lmf-fixed,acf,sign,73,0.10311582725327836,0.049284374126227735,8,8119
lmf-fixed,acf,sign,74,0.10437418647565823,0.05078523748425488,8,8118
lmf-fixed,acf,sign,75,0.10486497608035948,0.04929768846889123,8,8117
lmf-fixed,acf,sign,76,0.1042854422031681,0.04855513654665394,8,8116
lmf-fixed,acf,sign,77,0.10205316531057414,0.047395463695647407,8,8115
lmf-fixed,acf,sign,78,0.10257616633139563,0.04670743726848563,8,8114
lmf-fixed,acf,sign,79,0.1048120638707332,0.04685893857269894,8,8113
lmf-fixed,acf,sign,80,0.10542539179561454,0.045586433137528526,8,8112
lmf-fixed,acf,sign,81,0.10547504269390531,0.04379614372409116,8,8111
lmf-fixed,acf,sign,82,0.1072795889749417,0.04185463619268066,8,8110
lmf-fixed,acf,sign,83,0.10861220326857274,0.03931610032531371,8,8109
lmf-fixed,acf,sign,84,0.1087312857020351,0.03934994068752833,8,8108
lmf-fixed,acf,sign,85,0.10832780737908287,0.04055494695164358,8,8107
lmf-fixed,acf,sign,86,0.10956513694365236,0.03967211619906805,8,8106
lmf-fixed,acf,sign,87,0.11041017246571011,0.038094463410778094,8,8105
lmf-fixed,acf,sign,88,0.1083070217049968,0.0379236367084141,8,8104
lmf-fixed,acf,sign,89,0.10511664934833824,0.03847523500584741,8,8103
lmf-fixed,acf,sign,90,0.10380689238701024,0.039300239251292335,8,8102
lmf-fixed,acf,sign,91,0.10411133552434008,0.03934866996307685,8,8101
lmf-fixed,acf,sign,92,0.10271989852471555,0.04001208182076192,8,8100
lmf-fixed,acf,sign,93,0.09951197582731078,0.04003479204032574,8,8099
lmf-fixed,acf,sign,94,0.09750443690699974,0.039076056366486395,8,8098
lmf-fixed,acf,sign,95,0.09517449618490088,0.037877957554413234,8,8097
lmf-fixed,acf,sign,96,0.09582720189574084,0.037190114646269215,8,8096
lmf-fixed,acf,sign,97,0.09903304863867259,0.037692767673743036,8,8095
lmf-fixed,acf,sign,98,0.10172501213106457,0.03769105637414859,8,8094
lmf-fixed,acf,sign,99,0.10162951695203906,0.037083238652995815,8,8093
lmf-fixed,acf,sign,100,0.09923667898757411,0.03786905081815652,8,8092
lmf-fixed,acf,sign,101,0.0977829234175618,0.03877339699134166,8,8091
lmf-fixed,acf,sign,102,0.09511677848890823,0.041277706422080854,8,8090
lmf-fixed,acf,sign,103,0.09027988065377589,0.044213325217317065,8,8089
lmf-fixed,acf,sign,104,0.08593837338575981,0.04520410806773896,8,8088
lmf-fixed,acf,sign,105,0.08188047526507738,0.046382607905490286,8,8087
lmf-fixed,acf,sign,106,0.08028037728829511,0.04816543265506272,8,8086
lmf-fixed,acf,sign,107,0.0809256880845162,0.048192294098688485,8,8085
lmf-fixed,acf,sign,108,0.07914555666236824,0.04742266010750895,8,8084
lmf-fixed,acf,sign,109,0.07685998895203515,0.04663184266903984,8,8083
lmf-fixed,acf,sign,110,0.0749019377921814,0.04560051649116267,8,8082
lmf-fixed,acf,sign,111,0.07513157729612945,0.04615332785006569,8,8081
lmf-fixed,acf,sign,112,0.07445492745179529,0.04898785158310384,8,8080
lmf-fixed,acf,sign,113,0.07289994995354411,0.049904879630987255,8,8079
lmf-fixed,acf,sign,114,0.07162269128499904,0.04903465242600061,8,8078
lmf-fixed,acf,sign,115,0.06943528557376881,0.047677148145272824,8,8077
lmf-fixed,acf,sign,116,0.06931609856428558,0.0465742081808489,8,8076
lmf-fixed,acf,sign,117,0.07134629349486796,0.044491667393056614,8,8075
lmf-fixed,acf,sign,118,0.07296744486780583,0.04550640218835096,8,8074
lmf-fixed,acf,sign,119,0.0744293055578151,0.045891851739046995,8,8073
lmf-fixed,acf,sign,120,0.07642049935649509,0.043545674426949336,8,8072
lmf-fixed,acf,sign,121,0.07533537724869431,0.04169605848355109,8,8071
lmf-fixed,acf,sign,122,0.0734403402003976,0.03995955051211595,8,8070
lmf-fixed,acf,sign,123,0.07283380250541924,0.038502103688274794,8,8069
lmf-fixed,acf,sign,124,0.07083487103765385,0.03822380613413767,8,8068
lmf-fixed,acf,sign,125,0.06902771702430828,0.039255798691381176,8,8067
lmf-fixed,acf,sign,126,0.06887875902219961,0.038401705807680125,8,8066
lmf-fixed,acf,sign,127,0.06826856464777056,0.03693960231557496,8,8065
lmf-fixed,acf,sign,128,0.06960174313141991,0.038578989304551586,8,8064
lmf-fixed,acf,mid_return,0,1.0,0.0,8,8192
lmf-fixed,acf,mid_return,1,0.31885436135227274,0.009716024824419951,8,8191
lmf-fixed,acf,mid_return,2,0.03367590335104105,0.012969745358184194,8,8190
lmf-fixed,acf,mid_return,3,-0.03763415955202645,0.007150761600253664,8,8189
lmf-fixed,acf,mid_return,4,-0.042482281530613425,0.008642536092974577,8,8188
lmf-fixed,acf,mid_return,5,-0.04182427518592293,0.007197368502603028,8,8187
lmf-fixed,acf,mid_return,6,-0.03643649904188768,0.00899273282342717,8,8186
lmf-fixed,acf,mid_return,7,-0.041973817157486853,0.009258685979072883,8,8185
lmf-fixed,acf,mid_return,8,-0.036495481960881634,0.009424756911742566,8,8184
lmf-fixed,acf,mid_return,9,-0.027817410201039595,0.008496696219441045,8,8183
lmf-fixed,acf,mid_return,10,-0.02293817189639742,0.008037886025736293,8,8182
lmf-fixed,acf,mid_return,11,-0.025042781579219048,0.003227926033525994,8,8181
lmf-fixed,acf,mid_return,12,-0.01925508048359162,0.008397877942566332,8,8180
lmf-fixed,acf,mid_return,13,-0.011195970581641311,0.007602251832298138,8,8179
lmf-fixed,acf,mid_return,14,-0.014568142377390556,0.004298708123295437,8,8178
lmf-fixed,acf,mid_return,15,-0.013191349087721379,0.005539610132292794,8,8177
lmf-fixed,acf,mid_return,16,-0.020346466227934536,0.006123710140141746,8,8176
lmf-fixed,acf,mid_return,17,-0.02020902014854174,0.007345536868449753,8,8175
lmf-fixed,acf,mid_return,18,-0.0027908689069725255,0.009865740358628673,8,8174
lmf-fixed,acf,mid_return,19,-0.00553897890305753,0.010028229426372647,8,8173
lmf-fixed,acf,mid_return,20,-0.004815486467258909,0.010043367779425025,8,8172
lmf-fixed,acf,mid_return,21,-0.00527843828983878,0.01079901645135731,8,8171
lmf-fixed,acf,mid_return,22,-0.007208238565769431,0.00872651184393624,8,8170
lmf-fixed,acf,mid_return,23,-0.004699246647144814,0.012576823027187378,8,8169
lmf-fixed,acf,mid_return,24,-0.0017962623152980649,0.00808777789985564,8,8168
lmf-fixed,acf,mid_return,25,-0.010387200467167535,0.008898602605338252,8,8167
lmf-fixed,acf,mid_return,26,-0.009018144797764185,0.00891682671577977,8,8166
lmf-fixed,acf,mid_return,27,-0.006773137847953039,0.011895547143794299,8,8165
lmf-fixed,acf,mid_return,28,-0.013800046527139573,0.007161375510814104,8,8164
lmf-fixed,acf,mid_return,29,-0.017314715837833457,0.007504005396477143,8,8163
lmf-fixed,acf,mid_return,30,-0.012132445434516241,0.009285339507553093,8,8162
lmf-fixed,acf,mid_return,31,-0.006997801270459778,0.007760570823812154,8,8161
lmf-fixed,acf,mid_return,32,-0.0031068594557906366,0.007032727367525942,8,8160
lmf-fixed,acf,mid_return,33,-0.005789878547376806,0.007153577780342567,8,8159
lmf-fixed,acf,mid_return,34,-0.005476970031180736,0.014625181263791179,8,8158
lmf-fixed,acf,mid_return,35,-0.010680037651647288,0.013047056780510328,8,8157
lmf-fixed,acf,mid_return,36,-0.012544252681997606,0.011001277096193456,8,8156
lmf-fixed,acf,mid_return,37,-0.003622396134970814,0.007998691380629802,8,8155
lmf-fixed,acf,mid_return,38,0.0005917797945316481,0.008904125513274144,8,8154
lmf-fixed,acf,mid_return,39,-0.00400388373104441,0.012209952521065888,8,8153
lmf-fixed,acf,mid_return,40,-0.0063390864765894605,0.006846911628105172,8,8152
lmf-fixed,acf,mid_return,41,-0.010998982271343306,0.009561082621038077,8,8151
lmf-fixed,acf,mid_return,42,-0.012114867677024141,0.012499153101455988,8,8150
lmf-fixed,acf,mid_return,43,-0.011854592371763478,0.012004082969859765,8,8149
lmf-fixed,acf,mid_return,44,-0.003552327395260362,0.009723910868184598,8,8148
lmf-fixed,acf,mid_return,45,0.0022495744985954113,0.008744643268744311,8,8147
lmf-fixed,acf,mid_return,46,0.0034575014169288577,0.008699583906384818,8,8146
lmf-fixed,acf,mid_return,47,0.0031633762910162756,0.007893685290790004,8,8145
lmf-fixed,acf,mid_return,48,-0.0031078593050630084,0.010761666747736712,8,8144
lmf-fixed,acf,mid_return,49,-0.0015068074506931607,0.007562751710071328,8,8143
lmf-fixed,acf,mid_return,50,0.0021444734352059273,0.006099241678221819,8,8142
lmf-fixed,acf,mid_return,51,0.006591489426765727,0.008390636320658937,8,8141
lmf-fixed,acf,mid_return,52,0.004331735476445615,0.006534231976741379,8,8140
lmf-fixed,acf,mid_return,53,0.0005431360540535976,0.009304779673386441,8,8139
lmf-fixed,acf,mid_return,54,0.0030344865063801074,0.009733460775398106,8,8138
lmf-fixed,acf,mid_return,55,0.0002528433423465747,0.0052796987610125535,8,8137
lmf-fixed,acf,mid_return,56,-0.004195871028153237,0.007674720524091597,8,8136
lmf-fixed,acf,mid_return,57,-0.007229670189703087,0.013616379708805923,8,8135
lmf-fixed,acf,mid_return,58,-0.0071672737308622215,0.013819653136026256,8,8134
lmf-fixed,acf,mid_return,59,-0.006196932235664712,0.007900410466047926,8,8133
lmf-fixed,acf,mid_return,60,-0.0025737645777439873,0.006679217584121647,8,8132
lmf-fixed,acf,mid_return,61,-0.0009966968530489557,0.007100946958739571,8,8131
lmf-fixed,acf,mid_return,62,-0.00429737507383571,0.006482444808715943,8,8130
lmf-fixed,acf,mid_return,63,-0.0035143644166966185,0.011411375722151987,8,8129
lmf-fixed,acf,mid_return,64,-0.0013097823294724584,0.008251868635896262,8,8128
lmf-fixed,acf,mid_return,65,-0.001809639273500553,0.008738787047836772,8,8127
lmf-fixed,acf,mid_return,66,-0.0067960421633203065,0.008616993735965386,8,8126
lmf-fixed,acf,mid_return,67,-0.007848659164736704,0.011066118856724073,8,8125
lmf-fixed,acf,mid_return,68,4.1030765135577785e-05,0.006772421018013259,8,8124
lmf-fixed,acf,mid_return,69,0.006974387132850864,0.008815105023461391,8,8123
lmf-fixed,acf,mid_return,70,0.00024007356447070818,0.009332821799864418,8,8122
lmf-fixed,acf,mid_return,71,-0.004439821222396616,0.00885124418676877,8,8121
lmf-fixed,acf,mid_return,72,-0.008019302464414483,0.01172002977671343,8,8120
lmf-fixed,acf,mid_return,73,-0.008941987463702904,0.013160268140062166,8,8119
lmf-fixed,acf,mid_return,74,-0.0019076314322350862,0.010131161657614855,8,8118
lmf-fixed,acf,mid_return,75,-0.0013934405936962624,0.006847447762550467,8,8117
lmf-fixed,acf,mid_return,76,-0.002425371302987609,0.011991467911901591,8,8116
lmf-fixed,acf,mid_return,77,-0.005907678390913828,0.012155002195183262,8,8115
lmf-fixed,acf,mid_return,78,-0.005283171871043467,0.0092673653131892,8,8114
lmf-fixed,acf,mid_return,79,0.0012499671371293919,0.008088396498484444,8,8113
lmf-fixed,acf,mid_return,80,-0.0028368088102030562,0.011764845482528256,8,8112
lmf-fixed,acf,mid_return,81,-0.0038891026134894677,0.01090422026563733,8,8111
lmf-fixed,acf,mid_return,82,0.0026775682287046867,0.011343574380763022,8,8110
lmf-fixed,acf,mid_return,83,0.0013674641456450805,0.0067047899443065705,8,8109
lmf-fixed,acf,mid_return,84,0.0040216648097093355,0.010428191729655872,8,8108
lmf-fixed,acf,mid_return,85,-0.003044415936255121,0.0061623031107149355,8,8107
lmf-fixed,acf,mid_return,86,0.004776802962685026,0.007606923663673366,8,8106
lmf-fixed,acf,mid_return,87,0.007310160746004171,0.008790387908703472,8,8105
lmf-fixed,acf,mid_return,88,0.003218453658582263,0.010899789907866017,8,8104
lmf-fixed,acf,mid_return,89,0.0010669348016742269,0.012698895942819621,8,8103
lmf-fixed,acf,mid_return,90,-0.0026697178357473947,0.014339648711101065,8,8102
lmf-fixed,acf,mid_return,91,0.002077257154665314,0.010438272253731756,8,8101
lmf-fixed,acf,mid_return,92,0.0035814127723495506,0.009858399771294303,8,8100
lmf-fixed,acf,mid_return,93,-0.0014721583816662978,0.007286362039057879,8,8099
lmf-fixed,acf,mid_return,94,-0.0026441375437122033,0.009672561832404964,8,8098
lmf-fixed,acf,mid_return,95,-0.009965881515580893,0.00710229411707995,8,8097
lmf-fixed,acf,mid_return,96,-0.0075580062888751225,0.008255822989278377,8,8096
lmf-fixed,acf,mid_return,97,0.005178454113298185,0.009375611537585121,8,8095
lmf-fixed,acf,mid_return,98,0.009504227687257373,0.010742849589787617,8,8094
lmf-fixed,acf,mid_return,99,0.006273643593350837,0.006075989146782885,8,8093
lmf-fixed,acf,mid_return,100,0.007440683206854662,0.004989238393950528,8,8092
lmf-fixed,acf,mid_return,101,0.004924270886706326,0.005930108819130208,8,8091
lmf-fixed,acf,mid_return,102,0.004896734403527813,0.009793540954445977,8,8090
lmf-fixed,acf,mid_return,103,-0.0008075709089484565,0.010196601477012906,8,8089
lmf-fixed,acf,mid_return,104,-0.0037613864626452925,0.012271347706077943,8,8088
lmf-fixed,acf,mid_return,105,-0.00619038124393728,0.006667446417521771,8,8087
lmf-fixed,acf,mid_return,106,-0.00586963334208158,0.01029232537613162,8,8086
lmf-fixed,acf,mid_return,107,0.002984026881791893,0.00809189958519458,8,8085
lmf-fixed,acf,mid_return,108,-0.003985741485908416,0.00736331499830615,8,8084
lmf-fixed,acf,mid_return,109,-0.003252207522561445,0.011862114234005001,8,8083
lmf-fixed,acf,mid_return,110,-0.007508717291456595,0.0077156692368245345,8,8082
lmf-fixed,acf,mid_return,111,-0.0013901651820838702,0.007276960596656765,8,8081
lmf-fixed,acf,mid_return,112,-0.0009535763736019151,0.010260894514656727,8,8080
lmf-fixed,acf,mid_return,113,-0.003906905503353038,0.014791829686731112,8,8079
lmf-fixed,acf,mid_return,114,-0.003200215548826112,0.008413140293876324,8,8078
lmf-fixed,acf,mid_return,115,-0.007747670231451124,0.005333814515897692,8,8077
lmf-fixed,acf,mid_return,116,-0.008790270940373312,0.006961436059798457,8,8076
lmf-fixed,acf,mid_return,117,-0.0021336028810074632,0.008374856292362317,8,8075
lmf-fixed,acf,mid_return,118,-0.0004891349482745134,0.007879530792971202,8,8074
lmf-fixed,acf,mid_return,119,0.0005183497883517896,0.011921947753397681,8,8073
lmf-fixed,acf,mid_return,120,0.005046417979962389,0.008556010908891735,8,8072
lmf-fixed,acf,mid_return,121,0.00251932853715571,0.008044949245729498,8,8071
lmf-fixed,acf,mid_return,122,-0.0010881676764130505,0.010079668537372048,8,8070
lmf-fixed,acf,mid_return,123,0.0012780977990718384,0.008581853923705408,8,8069
lmf-fixed,acf,mid_return,124,-0.004106862982020267,0.0033946881710494457,8,8068
lmf-fixed,acf,mid_return,125,-0.004599211979622471,0.009317924361852841,8,8067
lmf-fixed,acf,mid_return,126,-0.0018548452175328458,0.006236579919476252,8,8066
lmf-fixed,acf,mid_return,127,-0.004759243773264285,0.010582206397917111,8,8065
lmf-fixed,acf,mid_return,128,-0.0018235743896920364,0.006250790497316562,8,8064
lmf-fixed,acf,trade_return,0,1.0,0.0,8,8192
lmf-fixed,acf,trade_return,1,0.0018127501938128062,0.00010425094753445495,8,8191
lmf-fixed,acf,trade_return,2,-0.2244084276988911,0.010702017002006898,8,8190
lmf-fixed,acf,trade_return,3,-0.09592435107902407,0.006963202126729031,8,8189
lmf-fixed,acf,trade_return,4,-0.05030910745178865,0.010331457774208205,8,8188
lmf-fixed,acf,trade_return,5,-0.02599026820236861,0.00532471208383833,8,8187
lmf-fixed,acf,trade_return,6,-0.022638397658227855,0.01352105882039934,8,8186
lmf-fixed,acf,trade_return,7,-0.020358607331311153,0.004766684822814612,8,8185
lmf-fixed,acf,trade_return,8,-0.016466954891024302,0.013805795594351723,8,8184
lmf-fixed,acf,trade_return,9,-0.0032720283358881703,0.009754948790048477,8,8183
lmf-fixed,acf,trade_return,10,-0.00366757201444306,0.008114330285502413,8,8182
lmf-fixed,acf,trade_return,11,-0.012469443596877676,0.006647597217034714,8,8181
lmf-fixed,acf,trade_return,12,-0.0022807377502117024,0.010749910934075858,8,8180
lmf-fixed,acf,trade_return,13,0.004738690253619327,0.008558775431237587,8,8179
lmf-fixed,acf,trade_return,14,-0.0025313484215585005,0.003491112155341595,8,8178
lmf-fixed,acf,trade_return,15,0.0018791082522610436,0.005531606452643778,8,8177
lmf-fixed,acf,trade_return,16,-0.01311584132295278,0.004691273787001586,8,8176
lmf-fixed,acf,trade_return,17,-0.010484110004245052,0.00695985897637574,8,8175
lmf-fixed,acf,trade_return,18,0.010161633615488427,0.00746352826718612,8,8174
lmf-fixed,acf,trade_return,19,0.0018189260853030947,0.0042881085457229205,8,8173
lmf-fixed,acf,trade_return,20,-0.0011312560306493713,0.007416669668805313,8,8172
lmf-fixed,acf,trade_return,21,-0.0017298985240640262,0.009900094992924173,8,8171
lmf-fixed,acf,trade_return,22,0.002080484046424915,0.010569802270406888,8,8170
lmf-fixed,acf,trade_return,23,0.0006417155233553289,0.010834325843737388,8,8169
lmf-fixed,acf,trade_return,24,0.0054766464003837044,0.006316824540566878,8,8168
lmf-fixed,acf,trade_return,25,-0.005195887429910648,0.008227765138218908,8,8167
lmf-fixed,acf,trade_return,26,-0.004478781329075274,0.009799626621375452,8,8166
lmf-fixed,acf,trade_return,27,0.005483351212606727,0.009419965017158959,8,8165
lmf-fixed,acf,trade_return,28,-0.003966238735613441,0.007798468739639275,8,8164
lmf-fixed,acf,trade_return,29,-0.008516590511813596,0.00711475074349668,8,8163
lmf-fixed,acf,trade_return,30,-0.0006154920171094737,0.012372530034361489,8,8162
lmf-fixed,acf,trade_return,31,-0.0019073966907764489,0.004986568535451558,8,8161
lmf-fixed,acf,trade_return,32,0.004290529930556005,0.00941487377178401,8,8160
lmf-fixed,acf,trade_return,33,0.0012787953755111527,0.0059356523630301646,8,8159
lmf-fixed,acf,trade_return,34,0.004054371017088606,0.010468018272269605,8,8158
lmf-fixed,acf,trade_return,35,-0.005062528691437427,0.006739820044971452,8,8157
lmf-fixed,acf,trade_return,36,-0.01022995288591935,0.0079307386759443,8,8156
lmf-fixed,acf,trade_return,37,0.006623937672819769,0.005653043340030726,8,8155
lmf-fixed,acf,trade_return,38,0.003664082766907899,0.010736722305557415,8,8154
lmf-fixed,acf,trade_return,39,0.0027712572828287865,0.01169140696655311,8,8153
lmf-fixed,acf,trade_return,40,-0.0006656500748864117,0.008693928863709855,8,8152
lmf-fixed,acf,trade_return,41,-0.006611711797797606,0.009079027008466013,8,8151
lmf-fixed,acf,trade_return,42,-0.0021473417091802264,0.013062008892083254,8,8150
lmf-fixed,acf,trade_return,43,-0.005235446263088405,0.010665334395751269,8,8149
lmf-fixed,acf,trade_return,44,-0.0013250225975906405,0.009739172630152068,8,8148
lmf-fixed,acf,trade_return,45,0.0032124625461068578,0.007799847951611225,8,8147
lmf-fixed,acf,trade_return,46,0.005017445344018782,0.005917822488367588,8,8146
lmf-fixed,acf,trade_return,47,0.005102026420816469,0.007992897235064968,8,8145
lmf-fixed,acf,trade_return,48,-0.005044099692911358,0.006270650998333267,8,8144
lmf-fixed,acf,trade_return,49,-0.005118854020089378,0.008764642512880094,8,8143
lmf-fixed,acf,trade_return,50,0.004542076051157404,0.006282498530333856,8,8142
lmf-fixed,acf,trade_return,51,0.006330893364883982,0.00815576780839883,8,8141
lmf-fixed,acf,trade_return,52,0.002148739417340938,0.00789027309425548,8,8140
lmf-fixed,acf,trade_return,53,-0.004256476439346071,0.007010548803381128,8,8139
lmf-fixed,acf,trade_return,54,0.0014736462445682464,0.007913205033689311,8,8138
lmf-fixed,acf,trade_return,55,0.0034865163777848132,0.00494802890388209,8,8137
lmf-fixed,acf,trade_return,56,-0.0025133101569454848,0.0072302224593436175,8,8136
lmf-fixed,acf,trade_return,57,-0.0016699682086286402,0.009366128462528633,8,8135
lmf-fixed,acf,trade_return,58,-0.002976572585666297,0.01191432634227021,8,8134
lmf-fixed,acf,trade_return,59,-0.002885454805509192,0.0035307149964999263,8,8133
lmf-fixed,acf,trade_return,60,0.002960008124419067,0.008652527813186909,8,8132
lmf-fixed,acf,trade_return,61,0.003311803132820471,0.010113756211689673,8,8131
lmf-fixed,acf,trade_return,62,-0.0027205014534878065,0.007356475017619194,8,8130
lmf-fixed,acf,trade_return,63,-0.003719288457057125,0.010383467099348528,8,8129
lmf-fixed,acf,trade_return,64,0.0034515090108561356,0.007429475419250462,8,8128
lmf-fixed,acf,trade_return,65,0.0057362436385105554,0.011856503511153848,8,8127
lmf-fixed,acf,trade_return,66,-0.009510845020193812,0.008730282206029045,8,8126
lmf-fixed,acf,trade_return,67,-0.006227304099516453,0.01230508641372419,8,8125
lmf-fixed,acf,trade_return,68,0.002970098447497733,0.006638816205548789,8,8124
lmf-fixed,acf,trade_return,69,0.01009922335793417,0.009509770777564945,8,8123
lmf-fixed,acf,trade_return,70,0.004546630917913948,0.010532639763456928,8,8122
lmf-fixed,acf,trade_return,71,-0.003334620293086582,0.010024726346255721,8,8121
lmf-fixed,acf,trade_return,72,-0.008054655608573755,0.009468768777647645,8,8120
lmf-fixed,acf,trade_return,73,-0.004334360880951562,0.010704014063068716,8,8119
lmf-fixed,acf,trade_return,74,0.002859419307252901,0.009380909228492879,8,8118
lmf-fixed,acf,trade_return,75,0.0025643000031530935,0.007679307707523362,8,8117
lmf-fixed,acf,trade_return,76,0.004754605105996176,0.009313220614100125,8,8116
lmf-fixed,acf,trade_return,77,-0.007283539533381021,0.012307923614979652,8,8115
lmf-fixed,acf,trade_return,78,-0.004719802443145893,0.008055932904133445,8,8114
lmf-fixed,acf,trade_return,79,0.004672293450014537,0.01039678867084807,8,8113
lmf-fixed,acf,trade_return,80,0.001261475338624088,0.016376570385665163,8,8112
lmf-fixed,acf,trade_return,81,-0.004471990777218616,0.010481985157946143,8,8111
lmf-fixed,acf,trade_return,82,0.0013119853914033877,0.014633101109263075,8,8110
lmf-fixed,acf,trade_return,83,0.0025910553197077317,0.009403958299449159,8,8109
lmf-fixed,acf,trade_return,84,0.0015677945978242642,0.010750931365932461,8,8108
lmf-fixed,acf,trade_return,85,-0.003796436465087983,0.008401045658034458,8,8107
lmf-fixed,acf,trade_return,86,0.0012374848860377883,0.007804495832860402,8,8106
lmf-fixed,acf,trade_return,87,0.007675935967892373,0.008591151540379564,8,8105
lmf-fixed,acf,trade_return,88,0.002401446507760228,0.01043591625373627,8,8104
lmf-fixed,acf,trade_return,89,-0.005024015519278432,0.010933276071357075,8,8103
lmf-fixed,acf,trade_return,90,-0.0041524063374578845,0.014044697241164248,8,8102
lmf-fixed,acf,trade_return,91,0.0039033396065363173,0.011180303620947556,8,8101
lmf-fixed,acf,trade_return,92,0.005216046959406752,0.008870030953142503,8,8100
lmf-fixed,acf,trade_return,93,-0.0028871178194361073,0.008976494562846648,8,8099
lmf-fixed,acf,trade_return,94,0.0011429887826455236,0.010182749767714966,8,8098
lmf-fixed,acf,trade_return,95,-0.008167120460702807,0.009196424486005567,8,8097
lmf-fixed,acf,trade_return,96,-0.007555991553574356,0.010903667681882057,8,8096
lmf-fixed,acf,trade_return,97,0.0015386542742074677,0.007840817929933035,8,8095
lmf-fixed,acf,trade_return,98,0.007481195683831063,0.009025546595111006,8,8094
lmf-fixed,acf,trade_return,99,0.005975683677488921,0.005855273926412754,8,8093
lmf-fixed,acf,trade_return,100,-0.0022738272260823165,0.007187247409678154,8,8092
lmf-fixed,acf,trade_return,101,0.0029824537308657324,0.00640134120244381,8,8091
lmf-fixed,acf,trade_return,102,0.005799898210884881,0.007564782398809149,8,8090
lmf-fixed,acf,trade_return,103,-0.0008414964656534114,0.009063321904553072,8,8089
lmf-fixed,acf,trade_return,104,-0.0006239936519081923,0.012553877276246524,8,8088
lmf-fixed,acf,trade_return,105,-0.0069293019778788895,0.004359796753357333,8,8087
lmf-fixed,acf,trade_return,106,-0.005677907234683669,0.009882504686060504,8,8086
lmf-fixed,acf,trade_return,107,0.006924645287137112,0.008093793216167728,8,8085
lmf-fixed,acf,trade_return,108,0.0011672171628915938,0.0061550133167437735,8,8084
lmf-fixed,acf,trade_return,109,-0.0007959877840605129,0.00961624213266037,8,8083
lmf-fixed,acf,trade_return,110,-0.0060214453303764955,0.00823192204379178,8,8082
lmf-fixed,acf,trade_return,111,0.0018523534734211076,0.007775600842442053,8,8081
lmf-fixed,acf,trade_return,112,0.0027840874572873904,0.008023686793764598,8,8080
lmf-fixed,acf,trade_return,113,-0.00037480588057387236,0.010467870238139198,8,8079
lmf-fixed,acf,trade_return,114,0.0023789089506656264,0.006357361331517546,8,8078
lmf-fixed,acf,trade_return,115,-0.0055440605099561415,0.00726488417336043,8,8077
lmf-fixed,acf,trade_return,116,-0.005735502281018053,0.005945178667408951,8,8076
lmf-fixed,acf,trade_return,117,0.00011353732478766945,0.011554117032423728,8,8075
lmf-fixed,acf,trade_return,118,0.0007152144260995465,0.005201209879268138,8,8074
lmf-fixed,acf,trade_return,119,-0.00034428589291331745,0.014401955005094053,8,8073
lmf-fixed,acf,trade_return,120,0.008130984289901692,0.009888828604851217,8,8072
lmf-fixed,acf,trade_return,121,0.0021161370545589113,0.009397631230373533,8,8071
lmf-fixed,acf,trade_return,122,-0.003912187200697463,0.010953745987059896,8,8070
lmf-fixed,acf,trade_return,123,0.0034739451426992014,0.005988530304814848,8,8069
lmf-fixed,acf,trade_return,124,-0.0008471380133917832,0.005313864216572279,8,8068
lmf-fixed,acf,trade_return,125,-0.003980103231083193,0.008294011872910685,8,8067
lmf-fixed,acf,trade_return,126,0.001603694512016194,0.004417150976546864,8,8066
lmf-fixed,acf,trade_return,127,-0.006009534054477016,0.010208139312398633,8,8065
lmf-fixed,acf,trade_return,128,-0.0015884381127839377,0.005940027639554937,8,8064
lmf-fixed,acf,abs_mid_return,0,1.0,0.0,8,8192
lmf-fixed,acf,abs_mid_return,1,0.36474516570741045,0.02522932516137176,8,8191
lmf-fixed,acf,abs_mid_return,2,0.2882416395832928,0.02715813484224611,8,8190
lmf-fixed,acf,abs_mid_return,3,0.2085737654701974,0.025920954049651123,8,8189
lmf-fixed,acf,abs_mid_return,4,0.1947920934395125,0.03592991955417248,8,8188
lmf-fixed,acf,abs_mid_return,5,0.17475701953347472,0.029881182958022032,8,8187
lmf-fixed,acf,abs_mid_return,6,0.16108245636803303,0.029107090111232182,8,8186
lmf-fixed,acf,abs_mid_return,7,0.15077019330724545,0.027699114863029995,8,8185
lmf-fixed,acf,abs_mid_return,8,0.14322611484762532,0.028471960657866096,8,8184
lmf-fixed,acf,abs_mid_return,9,0.13244028588750614,0.029086408145381545,8,8183
lmf-fixed,acf,abs_mid_return,10,0.13293301661382953,0.02986971316511928,8,8182
lmf-fixed,acf,abs_mid_return,11,0.11971611901961764,0.03280733551525019,8,8181
lmf-fixed,acf,abs_mid_return,12,0.11570694285581938,0.029813515366294566,8,8180
lmf-fixed,acf,abs_mid_return,13,0.11045662596777246,0.02813003766894628,8,8179
lmf-fixed,acf,abs_mid_return,14,0.10962525526911578,0.02544314355219726,8,8178
lmf-fixed,acf,abs_mid_return,15,0.10902946838618985,0.03008147084992151,8,8177
lmf-fixed,acf,abs_mid_return,16,0.09993090362052724,0.026471832421816714,8,8176
lmf-fixed,acf,abs_mid_return,17,0.1000397348827394,0.026190297353918934,8,8175
lmf-fixed,acf,abs_mid_return,18,0.09915937726524848,0.025668708693856495,8,8174
lmf-fixed,acf,abs_mid_return,19,0.09544961458590327,0.027546250071998353,8,8173
lmf-fixed,acf,abs_mid_return,20,0.0955333244130058,0.026889575252049918,8,8172
lmf-fixed,acf,abs_mid_return,21,0.08275274645564003,0.029410042566534404,8,8171
lmf-fixed,acf,abs_mid_return,22,0.08467571023494294,0.03238891421667003,8,8170
lmf-fixed,acf,abs_mid_return,23,0.07998463545607828,0.027889453959139027,8,8169
lmf-fixed,acf,abs_mid_return,24,0.07694769789370012,0.027291034545750048,8,8168
lmf-fixed,acf,abs_mid_return,25,0.08308504775240595,0.02814849277260881,8,8167
lmf-fixed,acf,abs_mid_return,26,0.08356471178632116,0.025918938727845557,8,8166
lmf-fixed,acf,abs_mid_return,27,0.08065882899515218,0.025715617485966666,8,8165
lmf-fixed,acf,abs_mid_return,28,0.08069943260225093,0.02645984122579464,8,8164
lmf-fixed,acf,abs_mid_return,29,0.07937901501115492,0.02264367829442248,8,8163
lmf-fixed,acf,abs_mid_return,30,0.06935424663166459,0.026304641767527746,8,8162
lmf-fixed,acf,abs_mid_return,31,0.06905182622328104,0.021821634039583045,8,8161
lmf-fixed,acf,abs_mid_return,32,0.06766686220067493,0.023601195812575464,8,8160
lmf-fixed,acf,abs_mid_return,33,0.07469486708485645,0.024990363838058825,8,8159
lmf-fixed,acf,abs_mid_return,34,0.0671397145357693,0.026832334051930074,8,8158
lmf-fixed,acf,abs_mid_return,35,0.06560048562225863,0.023722854420212647,8,8157
lmf-fixed,acf,abs_mid_return,36,0.06310423056777599,0.024904833334097806,8,8156
lmf-fixed,acf,abs_mid_return,37,0.06400157670187985,0.026237485902105236,8,8155
lmf-fixed,acf,abs_mid_return,38,0.06283075141040247,0.026852414617745967,8,8154
lmf-fixed,acf,abs_mid_return,39,0.06239306103697076,0.02595669006051618,8,8153
lmf-fixed,acf,abs_mid_return,40,0.06313787614607287,0.02549506389732906,8,8152
lmf-fixed,acf,abs_mid_return,41,0.06570212337730082,0.02403531565732613,8,8151
lmf-fixed,acf,abs_mid_return,42,0.06634100125306211,0.024941238948852085,8,8150
lmf-fixed,acf,abs_mid_return,43,0.0638654437856901,0.02871672070255169,8,8149
lmf-fixed,acf,abs_mid_return,44,0.06434753006377487,0.027332387139232455,8,8148
lmf-fixed,acf,abs_mid_return,45,0.0632413878631312,0.025030626793833517,8,8147
lmf-fixed,acf,abs_mid_return,46,0.05609839367768076,0.026711718869384525,8,8146
lmf-fixed,acf,abs_mid_return,47,0.06041490259811505,0.030610181287292974,8,8145
lmf-fixed,acf,abs_mid_return,48,0.0574447329010188,0.02905417333473038,8,8144
lmf-fixed,acf,abs_mid_return,49,0.05822120878273958,0.028491919043864493,8,8143
lmf-fixed,acf,abs_mid_return,50,0.058460936662077884,0.02943261212949255,8,8142
lmf-fixed,acf,abs_mid_return,51,0.05317944918299483,0.030892006436187888,8,8141
lmf-fixed,acf,abs_mid_return,52,0.06135625371791305,0.026048433786064685,8,8140
lmf-fixed,acf,abs_mid_return,53,0.05849918396525312,0.023123685831716877,8,8139
lmf-fixed,acf,abs_mid_return,54,0.058626174727916695,0.02827816884664419,8,8138
lmf-fixed,acf,abs_mid_return,55,0.0557714071131442,0.03068404090936325,8,8137
lmf-fixed,acf,abs_mid_return,56,0.06071383441396448,0.029047667475224734,8,8136
lmf-fixed,acf,abs_mid_return,57,0.06087866945871384,0.028604047196668692,8,8135
lmf-fixed,acf,abs_mid_return,58,0.05813464225792584,0.02600771336873379,8,8134
lmf-fixed,acf,abs_mid_return,59,0.05545026307279009,0.02962664138199004,8,8133
lmf-fixed,acf,abs_mid_return,60,0.04898251038870694,0.02960340492673234,8,8132
lmf-fixed,acf,abs_mid_return,61,0.05021023901436278,0.030192322159344007,8,8131
lmf-fixed,acf,abs_mid_return,62,0.05354016872498905,0.03143001119504361,8,8130
lmf-fixed,acf,abs_mid_return,63,0.05745086813193432,0.029054519671618536,8,8129
lmf-fixed,acf,abs_mid_return,64,0.06508015849220028,0.03188052140951935,8,8128
lmf-fixed,acf,abs_mid_return,65,0.055796019271438235,0.03127843664274148,8,8127
lmf-fixed,acf,abs_mid_return,66,0.061889893154212006,0.025817041920407378,8,8126
lmf-fixed,acf,abs_mid_return,67,0.05882641366167207,0.029140034605927033,8,8125
lmf-fixed,acf,abs_mid_return,68,0.05522797776902291,0.029851609789743758,8,8124
lmf-fixed,acf,abs_mid_return,69,0.05297601685537291,0.03119236277461273,8,8123
lmf-fixed,acf,abs_mid_return,70,0.05376734045754036,0.027144645087768503,8,8122
lmf-fixed,acf,abs_mid_return,71,0.049545658366609645,0.023899525549006168,8,8121
lmf-fixed,acf,abs_mid_return,72,0.05084671389886313,0.023380890300915464,8,8120
lmf-fixed,acf,abs_mid_return,73,0.04568132137016672,0.021735061390198658,8,8119
lmf-fixed,acf,abs_mid_return,74,0.049340310943593986,0.02498342030655247,8,8118
lmf-fixed,acf,abs_mid_return,75,0.04591127328061186,0.02546472286431641,8,8117
lmf-fixed,acf,abs_mid_return,76,0.042231790610675495,0.02586127972496502,8,8116
lmf-fixed,acf,abs_mid_return,77,0.03943565861855345,0.026853041606106447,8,8115
lmf-fixed,acf,abs_mid_return,78,0.045878801483609226,0.022380929770981103,8,8114
lmf-fixed,acf,abs_mid_return,79,0.04581643196422527,0.024661967252631888,8,8113
lmf-fixed,acf,abs_mid_return,80,0.042491312417644894,0.02165697908273154,8,8112
lmf-fixed,acf,abs_mid_return,81,0.040751172779567,0.024477730528904666,8,8111
lmf-fixed,acf,abs_mid_return,82,0.04193903865702152,0.022319849417633646,8,8110
lmf-fixed,acf,abs_mid_return,83,0.04309070451906942,0.023839209918030416,8,8109
lmf-fixed,acf,abs_mid_return,84,0.0397043186262634,0.019209009962793795,8,8108
lmf-fixed,acf,abs_mid_return,85,0.041565148557420245,0.02110754398784944,8,8107
lmf-fixed,acf,abs_mid_return,86,0.04169387804253949,0.020690519770858205,8,8106
lmf-fixed,acf,abs_mid_return,87,0.03821730643008814,0.020755158608418735,8,8105
lmf-fixed,acf,abs_mid_return,88,0.03738399383909178,0.017464874436871357,8,8104
lmf-fixed,acf,abs_mid_return,89,0.04383152179431866,0.022198730693621056,8,8103
lmf-fixed,acf,abs_mid_return,90,0.0488379394298951,0.02289955854721888,8,8102
lmf-fixed,acf,abs_mid_return,91,0.04323304718286653,0.022182481950407798,8,8101
lmf-fixed,acf,abs_mid_return,92,0.047031682934274524,0.020127658645812032,8,8100
lmf-fixed,acf,abs_mid_return,93,0.05081202098021905,0.02154789918462472,8,8099
lmf-fixed,acf,abs_mid_return,94,0.04502112265034636,0.023592701159419475,8,8098
lmf-fixed,acf,abs_mid_return,95,0.04776849612623956,0.018563229880028273,8,8097
lmf-fixed,acf,abs_mid_return,96,0.03929560550573773,0.021267906356811285,8,8096
lmf-fixed,acf,abs_mid_return,97,0.045527108566621635,0.022557994655610265,8,8095
lmf-fixed,acf,abs_mid_return,98,0.04032654141120917,0.01926830047132483,8,8094
lmf-fixed,acf,abs_mid_return,99,0.0430377732782695,0.015750690819900447,8,8093
lmf-fixed,acf,abs_mid_return,100,0.03941123223146654,0.019676853811510707,8,8092
lmf-fixed,acf,abs_mid_return,101,0.043760506572578704,0.014306886398675613,8,8091
lmf-fixed,acf,abs_mid_return,102,0.04018227391208794,0.019959622276584304,8,8090
lmf-fixed,acf,abs_mid_return,103,0.0477159569404899,0.01953441567787426,8,8089
lmf-fixed,acf,abs_mid_return,104,0.047107018553317365,0.0222508284415992,8,8088
lmf-fixed,acf,abs_mid_return,105,0.04226205954935044,0.019070921540748517,8,8087
lmf-fixed,acf,abs_mid_return,106,0.0408075811327652,0.019467325776394928,8,8086
lmf-fixed,acf,abs_mid_return,107,0.043991956810315244,0.01968379830780112,8,8085
lmf-fixed,acf,abs_mid_return,108,0.04611079042731214,0.022877061854586163,8,8084
lmf-fixed,acf,abs_mid_return,109,0.043934125880694466,0.02142225768755852,8,8083
lmf-fixed,acf,abs_mid_return,110,0.04586870364497769,0.0202630116744319,8,8082
lmf-fixed,acf,abs_mid_return,111,0.038962025071531126,0.01840971958667871,8,8081
lmf-fixed,acf,abs_mid_return,112,0.04403722692659505,0.01677789869315649,8,8080
lmf-fixed,acf,abs_mid_return,113,0.04439066937776127,0.016445561782336433,8,8079
lmf-fixed,acf,abs_mid_return,114,0.03807363917000711,0.01771790131659021,8,8078
lmf-fixed,acf,abs_mid_return,115,0.034223095990349464,0.021581934349894718,8,8077
lmf-fixed,acf,abs_mid_return,116,0.038312333167329043,0.02243818549143468,8,8076
lmf-fixed,acf,abs_mid_return,117,0.040410473047019196,0.02463278391334692,8,8075
lmf-fixed,acf,abs_mid_return,118,0.0374741525165934,0.016292810727405262,8,8074
lmf-fixed,acf,abs_mid_return,119,0.04047345714331158,0.013935609001315552,8,8073
lmf-fixed,acf,abs_mid_return,120,0.043570719229862345,0.016665879315977072,8,8072
lmf-fixed,acf,abs_mid_return,121,0.039021461328951734,0.0181257185216628,8,8071
lmf-fixed,acf,abs_mid_return,122,0.03898403688522267,0.020027053122887356,8,8070
lmf-fixed,acf,abs_mid_return,123,0.038179502890339945,0.012023583633896407,8,8069
lmf-fixed,acf,abs_mid_return,124,0.03383015628286383,0.01444640529908375,8,8068
lmf-fixed,acf,abs_mid_return,125,0.033243510218438355,0.016301392927829204,8,8067
lmf-fixed,acf,abs_mid_return,126,0.03785977123964819,0.017095788951812567,8,8066
lmf-fixed,acf,abs_mid_return,127,0.035191480353278834,0.01689731169676625,8,8065
lmf-fixed,acf,abs_mid_return,128,0.036819180030505806,0.013810614995735212,8,8064
lmf-fixed,acf,abs_trade_return,0,1.0,0.0,8,8192
lmf-fixed,acf,abs_trade_return,1,-0.0975806235582916,0.007322268377234443,8,8191
lmf-fixed,acf,abs_trade_return,2,0.14818328227611507,0.012355844794032268,8,8190
lmf-fixed,acf,abs_trade_return,3,0.005926101278086521,0.007288075549991522,8,8189
lmf-fixed,acf,abs_trade_return,4,0.0619673880803914,0.01661890328793725,8,8188
lmf-fixed,acf,abs_trade_return,5,0.03258437257478788,0.014397225554911105,8,8187
lmf-fixed,acf,abs_trade_return,6,0.043594704981354884,0.008300569217406031,8,8186
lmf-fixed,acf,abs_trade_return,7,0.030726229830609797,0.01028662511137432,8,8185
lmf-fixed,acf,abs_trade_return,8,0.03985217460162362,0.012410591968208257,8,8184
lmf-fixed,acf,abs_trade_return,9,0.02238002277579178,0.008871482671240268,8,8183
lmf-fixed,acf,abs_trade_return,10,0.03943518946907403,0.011259465490753247,8,8182
lmf-fixed,acf,abs_trade_return,11,0.025064353489642418,0.015259092789565698,8,8181
lmf-fixed,acf,abs_trade_return,12,0.024169440828908956,0.011450957533276962,8,8180
lmf-fixed,acf,abs_trade_return,13,0.021379791742984974,0.013884132239959325,8,8179
lmf-fixed,acf,abs_trade_return,14,0.026768003050039863,0.007309081109441077,8,8178
lmf-fixed,acf,abs_trade_return,15,0.023423164881409213,0.009329395749307565,8,8177
lmf-fixed,acf,abs_trade_return,16,0.019038284109314144,0.01249563514737872,8,8176
lmf-fixed,acf,abs_trade_return,17,0.027590527008819837,0.012217610841253028,8,8175
lmf-fixed,acf,abs_trade_return,18,0.015575681451143294,0.007750137278620349,8,8174
lmf-fixed,acf,abs_trade_return,19,0.024970919944246325,0.008473199660469062,8,8173
lmf-fixed,acf,abs_trade_return,20,0.023075708692105866,0.008583083550134101,8,8172
lmf-fixed,acf,abs_trade_return,21,0.015166764660155634,0.007920500562371873,8,8171
lmf-fixed,acf,abs_trade_return,22,0.020000299394689905,0.013216697808538343,8,8170
lmf-fixed,acf,abs_trade_return,23,0.009371579349079626,0.007748865381762903,8,8169
lmf-fixed,acf,abs_trade_return,24,0.01433204454045249,0.00970982963504797,8,8168
lmf-fixed,acf,abs_trade_return,25,0.02242284606388696,0.011654077828984833,8,8167
lmf-fixed,acf,abs_trade_return,26,0.02469886300096018,0.009699213276352179,8,8166
lmf-fixed,acf,abs_trade_return,27,0.015585401587795708,0.008789864863963815,8,8165
lmf-fixed,acf,abs_trade_return,28,0.016981601313962633,0.010655972851321872,8,8164
lmf-fixed,acf,abs_trade_return,29,0.015471809494886676,0.0075538664037508516,8,8163
lmf-fixed,acf,abs_trade_return,30,0.012977205147612636,0.011075516978322817,8,8162
lmf-fixed,acf,abs_trade_return,31,0.018067569951238704,0.005992675317663754,8,8161
lmf-fixed,acf,abs_trade_return,32,0.008146628289289262,0.008309564826640895,8,8160
lmf-fixed,acf,abs_trade_return,33,0.022611734410699587,0.008550089201235055,8,8159
lmf-fixed,acf,abs_trade_return,34,0.010386674079140422,0.010003700551043873,8,8158
lmf-fixed,acf,abs_trade_return,35,0.008906896994024034,0.01051275159519501,8,8157
lmf-fixed,acf,abs_trade_return,36,0.017585083635244532,0.009926412755608764,8,8156
lmf-fixed,acf,abs_trade_return,37,0.014972463230602234,0.008807898848252001,8,8155
lmf-fixed,acf,abs_trade_return,38,0.015792597843257494,0.007999840983862187,8,8154
lmf-fixed,acf,abs_trade_return,39,0.013484689195892257,0.00973118811509479,8,8153
lmf-fixed,acf,abs_trade_return,40,0.013141526784782325,0.008609355355106754,8,8152
lmf-fixed,acf,abs_trade_return,41,0.013535088833366888,0.012402734120637996,8,8151
lmf-fixed,acf,abs_trade_return,42,0.017808519765766348,0.010009392679277281,8,8150
lmf-fixed,acf,abs_trade_return,43,0.010766260698170636,0.011326970625756766,8,8149
lmf-fixed,acf,abs_trade_return,44,0.01680429457947686,0.013381562372246582,8,8148
lmf-fixed,acf,abs_trade_return,45,0.013770973960798396,0.014146464668025835,8,8147
lmf-fixed,acf,abs_trade_return,46,0.011590764499288808,0.012930135004688937,8,8146
lmf-fixed,acf,abs_trade_return,47,0.015427824326492237,0.014412399829594812,8,8145
lmf-fixed,acf,abs_trade_return,48,0.009999265392319961,0.008347132641112245,8,8144
lmf-fixed,acf,abs_trade_return,49,0.018987406174387905,0.01351343986178853,8,8143
lmf-fixed,acf,abs_trade_return,50,0.014216887645747644,0.0095766493821198,8,8142
lmf-fixed,acf,abs_trade_return,51,0.011163958946903604,0.0081277528923859,8,8141
lmf-fixed,acf,abs_trade_return,52,0.017954725757429253,0.010875767231769863,8,8140
lmf-fixed,acf,abs_trade_return,53,0.010404376847781263,0.006718328217260104,8,8139
lmf-fixed,acf,abs_trade_return,54,0.017724356888013888,0.0145805325680104,8,8138
lmf-fixed,acf,abs_trade_return,55,0.013480015503040954,0.013915789945401776,8,8137
lmf-fixed,acf,abs_trade_return,56,0.012995189209263434,0.008119006396522287,8,8136
lmf-fixed,acf,abs_trade_return,57,0.015143719403444542,0.012091495767624232,8,8135
lmf-fixed,acf,abs_trade_return,58,0.010682778257061666,0.006507766880133221,8,8134
lmf-fixed,acf,abs_trade_return,59,0.015477618731018817,0.012346201629093707,8,8133
lmf-fixed,acf,abs_trade_return,60,0.010286782358778272,0.011285592670956518,8,8132
lmf-fixed,acf,abs_trade_return,61,0.004924889734690283,0.012133545714021603,8,8131
lmf-fixed,acf,abs_trade_return,62,0.01247382527500791,0.01198054595714281,8,8130
lmf-fixed,acf,abs_trade_return,63,0.010404475237289476,0.011796980020733157,8,8129
lmf-fixed,acf,abs_trade_return,64,0.02298313413261079,0.015511909855726093,8,8128
lmf-fixed,acf,abs_trade_return,65,0.006806552615365685,0.014684112982013869,8,8127
lmf-fixed,acf,abs_trade_return,66,0.015851567704584776,0.005579926738604166,8,8126
lmf-fixed,acf,abs_trade_return,67,0.016099131095999062,0.011253278911501604,8,8125
lmf-fixed,acf,abs_trade_return,68,0.013280187299442373,0.009124696664814538,8,8124
lmf-fixed,acf,abs_trade_return,69,0.0073778864171139165,0.011334329798251606,8,8123
lmf-fixed,acf,abs_trade_return,70,0.020698954690377906,0.013592547535599386,8,8122
lmf-fixed,acf,abs_trade_return,71,0.009737456791473077,0.008882025013871812,8,8121
lmf-fixed,acf,abs_trade_return,72,0.011351130550909104,0.006268878399756366,8,8120
lmf-fixed,acf,abs_trade_return,73,0.007965939511176603,0.011335765744009779,8,8119
lmf-fixed,acf,abs_trade_return,74,0.012053267353815652,0.009269753511739493,8,8118
lmf-fixed,acf,abs_trade_return,75,0.010889869169800294,0.006434626074077287,8,8117
lmf-fixed,acf,abs_trade_return,76,0.007417547015003598,0.013246545122043468,8,8116
lmf-fixed,acf,abs_trade_return,77,0.005304412534651989,0.008534804276549889,8,8115
lmf-fixed,acf,abs_trade_return,78,0.010858247499015395,0.010045595339056945,8,8114
lmf-fixed,acf,abs_trade_return,79,0.011201483395822182,0.009553878891901443,8,8113
lmf-fixed,acf,abs_trade_return,80,0.008750388964631046,0.007349439407968012,8,8112
lmf-fixed,acf,abs_trade_return,81,0.009306124887793811,0.004442792441884174,8,8111
lmf-fixed,acf,abs_trade_return,82,0.004008293306686203,0.010401057644339138,8,8110
lmf-fixed,acf,abs_trade_return,83,0.01487564351140379,0.00945219817873075,8,8109
lmf-fixed,acf,abs_trade_return,84,0.006023499881369856,0.010488490042102857,8,8108
lmf-fixed,acf,abs_trade_return,85,0.005432299258619304,0.007832330675005881,8,8107
lmf-fixed,acf,abs_trade_return,86,0.01151684844606881,0.012248557417563444,8,8106
lmf-fixed,acf,abs_trade_return,87,0.007447354957714644,0.010150385797840358,8,8105
lmf-fixed,acf,abs_trade_return,88,-0.00021678430925249485,0.010340254920187725,8,8104
lmf-fixed,acf,abs_trade_return,89,0.016888033644238364,0.01571450039542974,8,8103
lmf-fixed,acf,abs_trade_return,90,0.006420937843923528,0.008720145730362089,8,8102
lmf-fixed,acf,abs_trade_return,91,0.014273265654782652,0.014129404898789192,8,8101
lmf-fixed,acf,abs_trade_return,92,0.004366335068642123,0.010744524885404975,8,8100
lmf-fixed,acf,abs_trade_return,93,0.02179405705976429,0.014592507716864817,8,8099
lmf-fixed,acf,abs_trade_return,94,0.003747804368123088,0.01188812564872721,8,8098
lmf-fixed,acf,abs_trade_return,95,0.01659783638302573,0.0030304662341089856,8,8097
lmf-fixed,acf,abs_trade_return,96,0.001520407533946183,0.006707021388608079,8,8096
lmf-fixed,acf,abs_trade_return,97,0.013495019301442347,0.01227570939792537,8,8095
lmf-fixed,acf,abs_trade_return,98,0.00933406059740915,0.006318381518927151,8,8094
lmf-fixed,acf,abs_trade_return,99,0.008484369078046635,0.004099364838293192,8,8093
lmf-fixed,acf,abs_trade_return,100,0.0049211856787647335,0.007812923095610456,8,8092
lmf-fixed,acf,abs_trade_return,101,0.013356607516209583,0.011007342174013017,8,8091
lmf-fixed,acf,abs_trade_return,102,0.006531294500605755,0.013307813160441804,8,8090
lmf-fixed,acf,abs_trade_return,103,0.01814695927991935,0.0038017889723892554,8,8089
lmf-fixed,acf,abs_trade_return,104,0.010271803186718779,0.011252764839312944,8,8088
lmf-fixed,acf,abs_trade_return,105,0.007410379925299558,0.005508221591533651,8,8087
lmf-fixed,acf,abs_trade_return,106,0.011261444463124822,0.010130665766069547,8,8086
lmf-fixed,acf,abs_trade_return,107,0.007424070307772056,0.01370485300775265,8,8085
lmf-fixed,acf,abs_trade_return,108,0.01508254430560179,0.007555678133735327,8,8084
lmf-fixed,acf,abs_trade_return,109,0.009174011107513666,0.009661894270752997,8,8083
lmf-fixed,acf,abs_trade_return,110,0.010233739271816252,0.00906085707458303,8,8082
lmf-fixed,acf,abs_trade_return,111,0.006446058804201052,0.003611913872610715,8,8081
lmf-fixed,acf,abs_trade_return,112,0.008341253423210937,0.007269632970636545,8,8080
lmf-fixed,acf,abs_trade_return,113,0.013481138798262283,0.011162647280454803,8,8079
lmf-fixed,acf,abs_trade_return,114,0.009731713550094213,0.008294054898873795,8,8078
lmf-fixed,acf,abs_trade_return,115,0.005966063887088954,0.009970865353298778,8,8077
lmf-fixed,acf,abs_trade_return,116,0.007579062947208117,0.01074573828535599,8,8076
lmf-fixed,acf,abs_trade_return,117,0.013488847439224764,0.01254856109007342,8,8075
lmf-fixed,acf,abs_trade_return,118,0.0106480231500277,0.011207355193732092,8,8074
lmf-fixed,acf,abs_trade_return,119,0.01157920897244148,0.008223372050097037,8,8073
lmf-fixed,acf,abs_trade_return,120,0.01242135234826974,0.011605872811938442,8,8072
lmf-fixed,acf,abs_trade_return,121,0.003566319631248416,0.007837854944970336,8,8071
lmf-fixed,acf,abs_trade_return,122,0.010496069199926003,0.010729411583783549,8,8070
lmf-fixed,acf,abs_trade_return,123,0.006512215085337697,0.006662603179506504,8,8069
lmf-fixed,acf,abs_trade_return,124,0.007673685071471551,0.008217206642652405,8,8068
lmf-fixed,acf,abs_trade_return,125,0.003293428544936223,0.009215645870930532,8,8067
lmf-fixed,acf,abs_trade_return,126,0.009454632264560073,0.011165789876509092,8,8066
lmf-fixed,acf,abs_trade_return,127,0.005308982179803915,0.01227850722001482,8,8065
lmf-fixed,acf,abs_trade_return,128,0.009517484594412746,0.009050398121461252,8,8064
lmf-fixed,acf,spread,0,1.0,0.0,8,8192
lmf-fixed,acf,spread,1,0.8306762542690201,0.06169036679167959,8,8191
lmf-fixed,acf,spread,2,0.7898247278449292,0.08053788329987872,8,8190
lmf-fixed,acf,spread,3,0.7741831773680674,0.08449727025338555,8,8189
lmf-fixed,acf,spread,4,0.767559700903371,0.08824041679355198,8,8188
lmf-fixed,acf,spread,5,0.7550609127601118,0.09057638460992225,8,8187
lmf-fixed,acf,spread,6,0.7508522318345288,0.09120970939041444,8,8186
lmf-fixed,acf,spread,7,0.7421750531956326,0.09295430083064202,8,8185
lmf-fixed,acf,spread,8,0.7348487136734676,0.09514230251116433,8,8184
lmf-fixed,acf,spread,9,0.7233899082223535,0.09901297908283171,8,8183
lmf-fixed,acf,spread,10,0.7180220557987644,0.09878045763165816,8,8182
lmf-fixed,acf,spread,11,0.708396106949452,0.10327600999174694,8,8181
lmf-fixed,acf,spread,12,0.7017902986713743,0.10336764956027764,8,8180
lmf-fixed,acf,spread,13,0.6948240957483682,0.10473197370036105,8,8179
lmf-fixed,acf,spread,14,0.6869923407238193,0.1086294795574484,8,8178
lmf-fixed,acf,spread,15,0.680239003685225,0.11161157049638361,8,8177
lmf-fixed,acf,spread,16,0.6720261528554959,0.11381530932482306,8,8176
lmf-fixed,acf,spread,17,0.666616866712069,0.11313258767332683,8,8175
lmf-fixed,acf,spread,18,0.6599411541832759,0.11623391046159227,8,8174
lmf-fixed,acf,spread,19,0.6550866880917998,0.11736495957674586,8,8173
lmf-fixed,acf,spread,20,0.6485015432326581,0.1192128814812578,8,8172
lmf-fixed,acf,spread,21,0.6419627641573351,0.12027204642907008,8,8171
lmf-fixed,acf,spread,22,0.6378629292486085,0.12146658847371071,8,8170
lmf-fixed,acf,spread,23,0.6295363781678055,0.12525004257901193,8,8169
lmf-fixed,acf,spread,24,0.6234596942420064,0.1267348535469319,8,8168
lmf-fixed,acf,spread,25,0.6188318181685779,0.12581581924152138,8,8167
lmf-fixed,acf,spread,26,0.6146722859216499,0.12559391467184403,8,8166
lmf-fixed,acf,spread,27,0.6109976558395147,0.12710970811243166,8,8165
lmf-fixed,acf,spread,28,0.6045260143681633,0.12874421321880938,8,8164
lmf-fixed,acf,spread,29,0.5966439177502462,0.13088933973228553,8,8163
lmf-fixed,acf,spread,30,0.5903734117137984,0.1332761017933405,8,8162
lmf-fixed,acf,spread,31,0.5857971591535907,0.1316867882342174,8,8161
lmf-fixed,acf,spread,32,0.57998631634314,0.1336665111195216,8,8160
lmf-fixed,acf,spread,33,0.5742337098753949,0.13603451394615526,8,8159
lmf-fixed,acf,spread,34,0.5672894881759999,0.13828577827360164,8,8158
lmf-fixed,acf,spread,35,0.5634559176450074,0.13867219421621846,8,8157
lmf-fixed,acf,spread,36,0.5577328730573244,0.14185486492236837,8,8156
lmf-fixed,acf,spread,37,0.552207756635585,0.1429404920211177,8,8155
lmf-fixed,acf,spread,38,0.5472502602697212,0.1438033537299808,8,8154
lmf-fixed,acf,spread,39,0.5444031075103546,0.14446337088298108,8,8153
lmf-fixed,acf,spread,40,0.5386823845404523,0.14696463064255802,8,8152
lmf-fixed,acf,spread,41,0.5347840708227869,0.14587435243304897,8,8151
lmf-fixed,acf,spread,42,0.5295317951122571,0.14716750534789713,8,8150
lmf-fixed,acf,spread,43,0.5241014677247734,0.1484821966401175,8,8149
lmf-fixed,acf,spread,44,0.5175457650851002,0.15040916740167437,8,8148
lmf-fixed,acf,spread,45,0.5129348518912485,0.1517899199981369,8,8147
lmf-fixed,acf,spread,46,0.51104674450337,0.14992870570238442,8,8146
lmf-fixed,acf,spread,47,0.5063580145942154,0.1514551309024897,8,8145
lmf-fixed,acf,spread,48,0.5025081802226095,0.1517631701424518,8,8144
lmf-fixed,acf,spread,49,0.4978972548530299,0.15191859857830772,8,8143
lmf-fixed,acf,spread,50,0.49213898401411743,0.15359660650913098,8,8142
lmf-fixed,acf,spread,51,0.48783841721097343,0.15379638008101376,8,8141
lmf-fixed,acf,spread,52,0.4866076481420082,0.1530155904144247,8,8140
lmf-fixed,acf,spread,53,0.4834961227885861,0.1536173363853521,8,8139
lmf-fixed,acf,spread,54,0.47985453956103863,0.1531250734384523,8,8138
lmf-fixed,acf,spread,55,0.47589080227661523,0.15295611855304467,8,8137
lmf-fixed,acf,spread,56,0.4726968005070681,0.15382784188017182,8,8136
lmf-fixed,acf,spread,57,0.4691233542333969,0.154658761281852,8,8135
lmf-fixed,acf,spread,58,0.4659815974921586,0.15480825917039173,8,8134
lmf-fixed,acf,spread,59,0.4606262172088459,0.15685920311075283,8,8133
lmf-fixed,acf,spread,60,0.45921487620887,0.15477144087929262,8,8132
lmf-fixed,acf,spread,61,0.456165869241836,0.15648021676222956,8,8131
lmf-fixed,acf,spread,62,0.4544248253364821,0.15587722335069043,8,8130
lmf-fixed,acf,spread,63,0.4516708061699715,0.15534152989927266,8,8129
lmf-fixed,acf,spread,64,0.4498211212944068,0.1550055135538369,8,8128
lmf-fixed,acf,spread,65,0.44585464330044755,0.15591968728846087,8,8127
lmf-fixed,acf,spread,66,0.44414460990437304,0.15500014680536506,8,8126
lmf-fixed,acf,spread,67,0.44080020325092956,0.15549754462669052,8,8125
lmf-fixed,acf,spread,68,0.43807146782167045,0.1545095712195175,8,8124
lmf-fixed,acf,spread,69,0.43426472454258425,0.15463493461084316,8,8123
lmf-fixed,acf,spread,70,0.43190589241758737,0.15264086968866095,8,8122
lmf-fixed,acf,spread,71,0.4285629444768133,0.1522377435319034,8,8121
lmf-fixed,acf,spread,72,0.4277196168972644,0.15157363873195104,8,8120
lmf-fixed,acf,spread,73,0.42430491551985733,0.15105826645930043,8,8119
lmf-fixed,acf,spread,74,0.4208625525764097,0.14957897491945696,8,8118
lmf-fixed,acf,spread,75,0.41633980869693793,0.1508941512561658,8,8117
lmf-fixed,acf,spread,76,0.41282971400312074,0.1504821432141313,8,8116
lmf-fixed,acf,spread,77,0.4093660270604357,0.1497935944991123,8,8115
lmf-fixed,acf,spread,78,0.408363196056894,0.1475520050218208,8,8114
lmf-fixed,acf,spread,79,0.4048280674507584,0.14704481377921452,8,8113
lmf-fixed,acf,spread,80,0.40147544236126437,0.14721253376721183,8,8112
lmf-fixed,acf,spread,81,0.3974947191487906,0.14902657035222028,8,8111
lmf-fixed,acf,spread,82,0.3972837777052365,0.14480483548492445,8,8110
lmf-fixed,acf,spread,83,0.39483914820137084,0.14369336137633124,8,8109
lmf-fixed,acf,spread,84,0.39324870247133326,0.14309980948660678,8,8108
lmf-fixed,acf,spread,85,0.39076777337806684,0.14234258644164402,8,8107
lmf-fixed,acf,spread,86,0.3880344719282639,0.14119428715282,8,8106
lmf-fixed,acf,spread,87,0.3848512585920219,0.14134449619636288,8,8105
lmf-fixed,acf,spread,88,0.38361683854864964,0.14035238882082668,8,8104
lmf-fixed,acf,spread,89,0.3818823993959057,0.1385057065444068,8,8103
lmf-fixed,acf,spread,90,0.38055635386026687,0.13855790034633467,8,8102
lmf-fixed,acf,spread,91,0.3782127780470288,0.13770667300516332,8,8101
lmf-fixed,acf,spread,92,0.37721553704775845,0.13631447455725193,8,8100
lmf-fixed,acf,spread,93,0.37466007664869727,0.13601350583048666,8,8099
lmf-fixed,acf,spread,94,0.3697571157652112,0.13726213898229533,8,8098
lmf-fixed,acf,spread,95,0.36844526601619076,0.13649906927950295,8,8097
lmf-fixed,acf,spread,96,0.3661105780381854,0.13611692493621597,8,8096
lmf-fixed,acf,spread,97,0.36413477476970324,0.13377260920563694,8,8095
lmf-fixed,acf,spread,98,0.36058808081475713,0.1334813027135087,8,8094
lmf-fixed,acf,spread,99,0.36022583831475197,0.13045382186040663,8,8093
lmf-fixed,acf,spread,100,0.3571680683286116,0.1321403757532532,8,8092
lmf-fixed,acf,spread,101,0.3533947884169219,0.13117569853257943,8,8091
lmf-fixed,acf,spread,102,0.35227771712210953,0.12948596402218804,8,8090
lmf-fixed,acf,spread,103,0.35149873171518825,0.12720433173107062,8,8089
lmf-fixed,acf,spread,104,0.3500537755281794,0.1276418931021912,8,8088
lmf-fixed,acf,spread,105,0.34831700627337525,0.12638913573735513,8,8087
lmf-fixed,acf,spread,106,0.34661410792786707,0.12608638188456,8,8086
lmf-fixed,acf,spread,107,0.34357997792490524,0.1259082672055935,8,8085
lmf-fixed,acf,spread,108,0.3413932040405212,0.12629057255607046,8,8084
lmf-fixed,acf,spread,109,0.3391824834503325,0.12451738417151437,8,8083
lmf-fixed,acf,spread,110,0.33724055842708944,0.1223675404793183,8,8082
lmf-fixed,acf,spread,111,0.33338342237267776,0.12372787511441952,8,8081
lmf-fixed,acf,spread,112,0.3312538791063847,0.12221841384389695,8,8080
lmf-fixed,acf,spread,113,0.3281954243943473,0.12153433751537597,8,8079
lmf-fixed,acf,spread,114,0.3245473397917737,0.1211350508133157,8,8078
lmf-fixed,acf,spread,115,0.3244803450468411,0.11911015117496308,8,8077
lmf-fixed,acf,spread,116,0.3226147955583376,0.11767047178444083,8,8076
lmf-fixed,acf,spread,117,0.31886207728847216,0.11713843540879301,8,8075
lmf-fixed,acf,spread,118,0.3173308478993506,0.11635962263210663,8,8074
lmf-fixed,acf,spread,119,0.3176254034553926,0.11537622179131059,8,8073
lmf-fixed,acf,spread,120,0.31534019009984754,0.11475283606812121,8,8072
lmf-fixed,acf,spread,121,0.3116083648412227,0.1147898317614483,8,8071
lmf-fixed,acf,spread,122,0.3098967590283815,0.11258044484702252,8,8070
lmf-fixed,acf,spread,123,0.30780691126260173,0.1107980951335922,8,8069
lmf-fixed,acf,spread,124,0.3044976333888964,0.11172814733550294,8,8068
lmf-fixed,acf,spread,125,0.30415497958454896,0.11130236041205506,8,8067
lmf-fixed,acf,spread,126,0.3016217190701767,0.11112519329357524,8,8066
lmf-fixed,acf,spread,127,0.29851360062002336,0.1115487377374505,8,8065
lmf-fixed,acf,spread,128,0.29669600529283324,0.1090832426759711,8,8064
lmf-fixed,ccf,sign_mid_return,-128,0.003259615402181876,0.006511257710929441,8,8064
lmf-fixed,ccf,sign_mid_return,-127,0.0026782996866054967,0.006430850293540676,8,8065
lmf-fixed,ccf,sign_mid_return,-126,0.004394432452391784,0.005302957807567309,8,8066
lmf-fixed,ccf,sign_mid_return,-125,0.0036464727398941156,0.006217775551165998,8,8067
lmf-fixed,ccf,sign_mid_return,-124,0.006026584125933077,0.005209394062323124,8,8068
lmf-fixed,ccf,sign_mid_return,-123,0.00852986342701494,0.007795502087073579,8,8069
lmf-fixed,ccf,sign_mid_return,-122,0.0073949219968149,0.008965330623487805,8,8070
lmf-fixed,ccf,sign_mid_return,-121,0.009391360188498569,0.010394722727322218,8,8071
lmf-fixed,ccf,sign_mid_return,-120,0.009189179741757765,0.01111435024252907,8,8072
lmf-fixed,ccf,sign_mid_return,-119,0.004684686905334078,0.011297158755582435,8,8073
lmf-fixed,ccf,sign_mid_return,-118,0.003199957588393221,0.008006850851370565,8,8074
lmf-fixed,ccf,sign_mid_return,-117,0.0017156858626563368,0.005437264747638335,8,8075
lmf-fixed,ccf,sign_mid_return,-116,0.000440633587801005,0.00946822384289953,8,8076
lmf-fixed,ccf,sign_mid_return,-115,0.002251708040302877,0.010732077922964746,8,8077
lmf-fixed,ccf,sign_mid_return,-114,0.006330830548232649,0.013276822214311828,8,8078
lmf-fixed,ccf,sign_mid_return,-113,0.006913547078407254,0.013825489773705048,8,8079
lmf-fixed,ccf,sign_mid_return,-112,0.00825833890570638,0.010117867775467864,8,8080
lmf-fixed,ccf,sign_mid_return,-111,0.00809096498280692,0.007012073088892356,8,8081
lmf-fixed,ccf,sign_mid_return,-110,0.005863497799673009,0.008905765607126174,8,8082
lmf-fixed,ccf,sign_mid_return,-109,0.008361524608506785,0.01003258157942373,8,8083
lmf-fixed,ccf,sign_mid_return,-108,0.009697593288015212,0.007372890130308365,8,8084
lmf-fixed,ccf,sign_mid_return,-107,0.011206900146750503,0.00749300851917746,8,8085
lmf-fixed,ccf,sign_mid_return,-106,0.0072028149635952705,0.007583343145827789,8,8086
lmf-fixed,ccf,sign_mid_return,-105,0.009376231919185667,0.007173595495079317,8,8087
lmf-fixed,ccf,sign_mid_return,-104,0.01317879510189717,0.009317323404984023,8,8088
lmf-fixed,ccf,sign_mid_return,-103,0.01599091343254412,0.008154759863883799,8,8089
lmf-fixed,ccf,sign_mid_return,-102,0.02015849689965314,0.008078007353927191,8,8090
lmf-fixed,ccf,sign_mid_return,-101,0.019394897371070703,0.008252603055634038,8,8091
lmf-fixed,ccf,sign_mid_return,-100,0.018285346454515367,0.008076722116999507,8,8092
lmf-fixed,ccf,sign_mid_return,-99,0.017076623392594206,0.009834257422632659,8,8093
lmf-fixed,ccf,sign_mid_return,-98,0.016010292501445606,0.012316840946795108,8,8094
lmf-fixed,ccf,sign_mid_return,-97,0.010194172949250254,0.009402893608452163,8,8095
lmf-fixed,ccf,sign_mid_return,-96,0.004717257531458361,0.007995866505749405,8,8096
lmf-fixed,ccf,sign_mid_return,-95,0.0059282149080469,0.005867474409669318,8,8097
lmf-fixed,ccf,sign_mid_return,-94,0.01121727534737947,0.006290790580951253,8,8098
lmf-fixed,ccf,sign_mid_return,-93,0.012344358311550214,0.0062245342972723945,8,8099
lmf-fixed,ccf,sign_mid_return,-92,0.015295078927583246,0.008862196388998426,8,8100
lmf-fixed,ccf,sign_mid_return,-91,0.014190227813748459,0.011626855900665208,8,8101
lmf-fixed,ccf,sign_mid_return,-90,0.011603094358491075,0.011489692626698552,8,8102
lmf-fixed,ccf,sign_mid_return,-89,0.0128588276915343,0.006746843502969391,8,8103
lmf-fixed,ccf,sign_mid_return,-88,0.015350852762725197,0.004980136026698532,8,8104
lmf-fixed,ccf,sign_mid_return,-87,0.015514413516693776,0.0040068025621933,8,8105
lmf-fixed,ccf,sign_mid_return,-86,0.013013412586965208,0.007165948742564196,8,8106
lmf-fixed,ccf,sign_mid_return,-85,0.009491507901582858,0.009549349984697364,8,8107
lmf-fixed,ccf,sign_mid_return,-84,0.01156189323452166,0.00905208950671962,8,8108
lmf-fixed,ccf,sign_mid_return,-83,0.009550717469752593,0.00651246806834957,8,8109
lmf-fixed,ccf,sign_mid_return,-82,0.008214232508279802,0.008731233831774599,8,8110
lmf-fixed,ccf,sign_mid_return,-81,0.005471774886893521,0.009953361569700194,8,8111
lmf-fixed,ccf,sign_mid_return,-80,0.006203740560375713,0.010042130799384373,8,8112
lmf-fixed,ccf,sign_mid_return,-79,0.006222426663706906,0.009527710031659102,8,8113
lmf-fixed,ccf,sign_mid_return,-78,0.003608208554948254,0.010403435726056962,8,8114
lmf-fixed,ccf,sign_mid_return,-77,0.0048459397363929445,0.012207733707931481,8,8115
lmf-fixed,ccf,sign_mid_return,-76,0.008623880123414196,0.012815221635739785,8,8116
lmf-fixed,ccf,sign_mid_return,-75,0.008097994294436108,0.01130101610492996,8,8117
lmf-fixed,ccf,sign_mid_return,-74,0.006730494930663064,0.014254595685302084,8,8118
lmf-fixed,ccf,sign_mid_return,-73,0.0046704303331129605,0.014471364287114345,8,8119
lmf-fixed,ccf,sign_mid_return,-72,0.006046403859126293,0.010133480272735747,8,8120
lmf-fixed,ccf,sign_mid_return,-71,0.00986619691513484,0.007548312850842383,8,8121
lmf-fixed,ccf,sign_mid_return,-70,0.014065072554296768,0.007404268435668831,8,8122
lmf-fixed,ccf,sign_mid_return,-69,0.014988404840069936,0.008201614530782284,8,8123
lmf-fixed,ccf,sign_mid_return,-68,0.00961595597328516,0.00774183497513136,8,8124
lmf-fixed,ccf,sign_mid_return,-67,0.006450778308889316,0.010297547156209149,8,8125
lmf-fixed,ccf,sign_mid_return,-66,0.0069193652443288265,0.010527830279678794,8,8126
lmf-fixed,ccf,sign_mid_return,-65,0.012494857554868061,0.01006517817619446,8,8127
lmf-fixed,ccf,sign_mid_return,-64,0.012330990510681351,0.01106843719751422,8,8128
lmf-fixed,ccf,sign_mid_return,-63,0.011750293585610964,0.011673260498967292,8,8129
lmf-fixed,ccf,sign_mid_return,-62,0.012488322261596248,0.009324456290905935,8,8130
lmf-fixed,ccf,sign_mid_return,-61,0.01427120256437222,0.0074280048199489804,8,8131
lmf-fixed,ccf,sign_mid_return,-60,0.012779306209949222,0.010088357481248051,8,8132
lmf-fixed,ccf,sign_mid_return,-59,0.011281380498043118,0.01060434270935551,8,8133
lmf-fixed,ccf,sign_mid_return,-58,0.012129442994349272,0.012259793114042603,8,8134
lmf-fixed,ccf,sign_mid_return,-57,0.014061885418336428,0.009522205962559266,8,8135
lmf-fixed,ccf,sign_mid_return,-56,0.018744958559601545,0.006721280960354593,8,8136
lmf-fixed,ccf,sign_mid_return,-55,0.020818150615697188,0.005491614185930911,8,8137
lmf-fixed,ccf,sign_mid_return,-54,0.02112208073527997,0.007559717420336522,8,8138
lmf-fixed,ccf,sign_mid_return,-53,0.02094848647398301,0.010409803464586585,8,8139
lmf-fixed,ccf,sign_mid_return,-52,0.02226159300811246,0.011873939315521671,8,8140
lmf-fixed,ccf,sign_mid_return,-51,0.022190637208257275,0.011697782054938445,8,8141
lmf-fixed,ccf,sign_mid_return,-50,0.018096083376655553,0.010686100263778718,8,8142
lmf-fixed,ccf,sign_mid_return,-49,0.015613536418583755,0.01000844793430453,8,8143
lmf-fixed,ccf,sign_mid_return,-48,0.0156629566436521,0.009849857475789479,8,8144
lmf-fixed,ccf,sign_mid_return,-47,0.01946600587724244,0.009991692984677622,8,8145
lmf-fixed,ccf,sign_mid_return,-46,0.01721689302860257,0.011386609256797632,8,8146
lmf-fixed,ccf,sign_mid_return,-45,0.012989703640112342,0.01106003960435816,8,8147
lmf-fixed,ccf,sign_mid_return,-44,0.009216271883308366,0.010529586447937325,8,8148
lmf-fixed,ccf,sign_mid_return,-43,0.007323584088578091,0.010111732247800544,8,8149
lmf-fixed,ccf,sign_mid_return,-42,0.00960559227267071,0.008228667696115374,8,8150
lmf-fixed,ccf,sign_mid_return,-41,0.011101691653171201,0.0066855664033275706,8,8151
lmf-fixed,ccf,sign_mid_return,-40,0.015315569919852758,0.008435373055010775,8,8152
lmf-fixed,ccf,sign_mid_return,-39,0.01805462351889176,0.010353314484825035,8,8153
lmf-fixed,ccf,sign_mid_return,-38,0.019856355675844654,0.00840523489110842,8,8154
lmf-fixed,ccf,sign_mid_return,-37,0.01828738304376748,0.010629890759094365,8,8155
lmf-fixed,ccf,sign_mid_return,-36,0.013424708355195424,0.013015459303993015,8,8156
lmf-fixed,ccf,sign_mid_return,-35,0.01713445367365123,0.012159832540163784,8,8157
lmf-fixed,ccf,sign_mid_return,-34,0.02112547496304545,0.008473766626574227,8,8158
lmf-fixed,ccf,sign_mid_return,-33,0.02103597440751617,0.0032470505933590364,8,8159
lmf-fixed,ccf,sign_mid_return,-32,0.02220102290100045,0.006552832399834089,8,8160
lmf-fixed,ccf,sign_mid_return,-31,0.01974295441398117,0.006598870480906465,8,8161
lmf-fixed,ccf,sign_mid_return,-30,0.01946367660026634,0.009704038999746038,8,8162
lmf-fixed,ccf,sign_mid_return,-29,0.01952442327007985,0.009954479612344183,8,8163
lmf-fixed,ccf,sign_mid_return,-28,0.024321473361838163,0.011283878372832835,8,8164
lmf-fixed,ccf,sign_mid_return,-27,0.029955960331048505,0.011902255048596683,8,8165
lmf-fixed,ccf,sign_mid_return,-26,0.031078343935569797,0.009807852205289331,8,8166
lmf-fixed,ccf,sign_mid_return,-25,0.03322344534891792,0.01077756025943238,8,8167
lmf-fixed,ccf,sign_mid_return,-24,0.038720266073313414,0.0097437545219958,8,8168
lmf-fixed,ccf,sign_mid_return,-23,0.03855597968690461,0.010628255546064724,8,8169
lmf-fixed,ccf,sign_mid_return,-22,0.03909329609865539,0.009552123020498472,8,8170
lmf-fixed,ccf,sign_mid_return,-21,0.041056568566768044,0.010139315987189904,8,8171
lmf-fixed,ccf,sign_mid_return,-20,0.041212436361200734,0.009188263338685297,8,8172
lmf-fixed,ccf,sign_mid_return,-19,0.042467090320906245,0.006723303965353894,8,8173
lmf-fixed,ccf,sign_mid_return,-18,0.043836429382361965,0.005838859136542437,8,8174
lmf-fixed,ccf,sign_mid_return,-17,0.038007055802538985,0.004042496104982997,8,8175
lmf-fixed,ccf,sign_mid_return,-16,0.042788460541090916,0.003864041913977119,8,8176
lmf-fixed,ccf,sign_mid_return,-15,0.050664069453941536,0.004286201233010539,8,8177
lmf-fixed,ccf,sign_mid_return,-14,0.0541338675860421,0.005942018922612314,8,8178
lmf-fixed,ccf,sign_mid_return,-13,0.059485668541094355,0.007639369372539088,8,8179
lmf-fixed,ccf,sign_mid_return,-12,0.05999139408878279,0.007625073455533414,8,8180
lmf-fixed,ccf,sign_mid_return,-11,0.06421116219175713,0.005352942780611321,8,8181
lmf-fixed,ccf,sign_mid_return,-10,0.07302384600911428,0.007773677651049929,8,8182
lmf-fixed,ccf,sign_mid_return,-9,0.0796976766431381,0.008988863689719727,8,8183
lmf-fixed,ccf,sign_mid_return,-8,0.08829218950782408,0.007606356850209732,8,8184
lmf-fixed,ccf,sign_mid_return,-7,0.1040827276913516,0.005754696465830426,8,8185
lmf-fixed,ccf,sign_mid_return,-6,0.12488119174905493,0.006748751767726112,8,8186
lmf-fixed,ccf,sign_mid_return,-5,0.1505175235481641,0.009918750188493872,8,8187
lmf-fixed,ccf,sign_mid_return,-4,0.1847609807339232,0.011743568187744852,8,8188
lmf-fixed,ccf,sign_mid_return,-3,0.23628072145352558,0.010820552788732516,8,8189
lmf-fixed,ccf,sign_mid_return,-2,0.3238157441037139,0.014414666582482718,8,8190
lmf-fixed,ccf,sign_mid_return,-1,0.5041631672798295,0.0162731043773955,8,8191
lmf-fixed,ccf,sign_mid_return,0,0.6229947178769489,0.018281316741756863,8,8192
lmf-fixed,ccf,sign_mid_return,1,0.17102129525450382,0.007144177638320233,8,8191
lmf-fixed,ccf,sign_mid_return,2,-0.0755560447860254,0.008395578337912482,8,8190
lmf-fixed,ccf,sign_mid_return,3,-0.11435116221454335,0.006777576531329429,8,8189
lmf-fixed,ccf,sign_mid_return,4,-0.11411289113391959,0.00465980683611518,8,8188
lmf-fixed,ccf,sign_mid_return,5,-0.10694273061346075,0.008379275606096921,8,8187
lmf-fixed,ccf,sign_mid_return,6,-0.10265332247636272,0.011914705361157544,8,8186
lmf-fixed,ccf,sign_mid_return,7,-0.09772261793109785,0.010507399851493971,8,8185
lmf-fixed,ccf,sign_mid_return,8,-0.08787371938429392,0.009648482523556554,8,8184
lmf-fixed,ccf,sign_mid_return,9,-0.07729338881228072,0.00682271061699812,8,8183
lmf-fixed,ccf,sign_mid_return,10,-0.0726247938639192,0.007393311287844834,8,8182
lmf-fixed,ccf,sign_mid_return,11,-0.06891115524620241,0.006923536927428031,8,8181
lmf-fixed,ccf,sign_mid_return,12,-0.060855585112851905,0.007718563520806626,8,8180
lmf-fixed,ccf,sign_mid_return,13,-0.05505201814837209,0.005069209201537455,8,8179
lmf-fixed,ccf,sign_mid_return,14,-0.05547476104891341,0.005792842583250304,8,8178
lmf-fixed,ccf,sign_mid_return,15,-0.05447028196780956,0.007435081998638852,8,8177
lmf-fixed,ccf,sign_mid_return,16,-0.05614122322193344,0.008519333371449804,8,8176
lmf-fixed,ccf,sign_mid_return,17,-0.0495767344212346,0.010980108107116556,8,8175
lmf-fixed,ccf,sign_mid_return,18,-0.0396773765266555,0.011603956899948293,8,8174
lmf-fixed,ccf,sign_mid_return,19,-0.04027938889363188,0.010480517196979473,8,8173
lmf-fixed,ccf,sign_mid_return,20,-0.04111022998349082,0.008778847107833143,8,8172
lmf-fixed,ccf,sign_mid_return,21,-0.04075381505239299,0.007882359092694037,8,8171
lmf-fixed,ccf,sign_mid_return,22,-0.0397286586989846,0.007144900761698095,8,8170
lmf-fixed,ccf,sign_mid_return,23,-0.03930366596419196,0.008432423041449411,8,8169
lmf-fixed,ccf,sign_mid_return,24,-0.03966976408528146,0.009334175537334144,8,8168
lmf-fixed,ccf,sign_mid_return,25,-0.043969952310370264,0.00943226071897786,8,8167
lmf-fixed,ccf,sign_mid_return,26,-0.04299191158597724,0.01010492451444014,8,8166
lmf-fixed,ccf,sign_mid_return,27,-0.0401524285106208,0.010218347156457936,8,8165
lmf-fixed,ccf,sign_mid_return,28,-0.04212690836182982,0.008374344325801072,8,8164
lmf-fixed,ccf,sign_mid_return,29,-0.04158616915227536,0.00867396228136363,8,8163
lmf-fixed,ccf,sign_mid_return,30,-0.03636315040116171,0.010428618969864911,8,8162
lmf-fixed,ccf,sign_mid_return,31,-0.03173985837635418,0.010116053332380933,8,8161
lmf-fixed,ccf,sign_mid_return,32,-0.029395574881516943,0.00991436181987549,8,8160
lmf-fixed,ccf,sign_mid_return,33,-0.030343636455748984,0.01015460508543822,8,8159
lmf-fixed,ccf,sign_mid_return,34,-0.031050168480960667,0.012466922974847292,8,8158
lmf-fixed,ccf,sign_mid_return,35,-0.03286250402544087,0.010351201723347076,8,8157
lmf-fixed,ccf,sign_mid_return,36,-0.03108248477011478,0.008687047245920182,8,8156
lmf-fixed,ccf,sign_mid_return,37,-0.02509999764025544,0.00859404187315938,8,8155
lmf-fixed,ccf,sign_mid_return,38,-0.023482577613867007,0.00872356473982005,8,8154
lmf-fixed,ccf,sign_mid_return,39,-0.024993984225976023,0.0074002239089399294,8,8153
lmf-fixed,ccf,sign_mid_return,40,-0.027584439277774972,0.00860334918249707,8,8152
lmf-fixed,ccf,sign_mid_return,41,-0.02775945922036802,0.009509525238868756,8,8151
lmf-fixed,ccf,sign_mid_return,42,-0.025596239593733888,0.00888301468778136,8,8150
lmf-fixed,ccf,sign_mid_return,43,-0.02251469097394322,0.009118949133904042,8,8149
lmf-fixed,ccf,sign_mid_return,44,-0.016396250329962007,0.009824871568194555,8,8148
lmf-fixed,ccf,sign_mid_return,45,-0.01331983139295249,0.0077926530684780644,8,8147
lmf-fixed,ccf,sign_mid_return,46,-0.013922885347440888,0.0072153435987955886,8,8146
lmf-fixed,ccf,sign_mid_return,47,-0.01522219888013138,0.008880465504937266,8,8145
lmf-fixed,ccf,sign_mid_return,48,-0.016868216380655793,0.009827260137744844,8,8144
lmf-fixed,ccf,sign_mid_return,49,-0.015889525189087334,0.008179016813005936,8,8143
lmf-fixed,ccf,sign_mid_return,50,-0.012487886641488628,0.005286650304669121,8,8142
lmf-fixed,ccf,sign_mid_return,51,-0.013274203928094046,0.005803549807866602,8,8141
lmf-fixed,ccf,sign_mid_return,52,-0.016838132893871254,0.007198337258679991,8,8140
lmf-fixed,ccf,sign_mid_return,53,-0.01919820997154454,0.009763427269433614,8,8139
lmf-fixed,ccf,sign_mid_return,54,-0.017945804750310372,0.009090271818042365,8,8138
lmf-fixed,ccf,sign_mid_return,55,-0.020350965154130485,0.0074903443228854115,8,8137
lmf-fixed,ccf,sign_mid_return,56,-0.023117897427692644,0.00889227650060313,8,8136
lmf-fixed,ccf,sign_mid_return,57,-0.02219613717222307,0.010362726221594466,8,8135
lmf-fixed,ccf,sign_mid_return,58,-0.022364542415275954,0.01022099609390448,8,8134
lmf-fixed,ccf,sign_mid_return,59,-0.0207108741279904,0.005584258017999425,8,8133
lmf-fixed,ccf,sign_mid_return,60,-0.019066089525834343,0.005639474752557365,8,8132
lmf-fixed,ccf,sign_mid_return,61,-0.019000928481899045,0.006775488493456134,8,8131
lmf-fixed,ccf,sign_mid_return,62,-0.020152550750454114,0.006945484807047136,8,8130
lmf-fixed,ccf,sign_mid_return,63,-0.01871231243454212,0.007309109806036613,8,8129
lmf-fixed,ccf,sign_mid_return,64,-0.016615720155105013,0.006312022886268973,8,8128
lmf-fixed,ccf,sign_mid_return,65,-0.01734678825384017,0.007093198302248431,8,8127
lmf-fixed,ccf,sign_mid_return,66,-0.020030670947463077,0.00586377586999771,8,8126
lmf-fixed,ccf,sign_mid_return,67,-0.017618633604578656,0.008189913619197707,8,8125
lmf-fixed,ccf,sign_mid_return,68,-0.012586611017282909,0.006937154914583032,8,8124
lmf-fixed,ccf,sign_mid_return,69,-0.01118514427540634,0.007055148609653893,8,8123
lmf-fixed,ccf,sign_mid_return,70,-0.015323358100566392,0.008422337247838977,8,8122
lmf-fixed,ccf,sign_mid_return,71,-0.020001295737372273,0.007915928975680676,8,8121
lmf-fixed,ccf,sign_mid_return,72,-0.02130936147235317,0.008788990377510663,8,8120
lmf-fixed,ccf,sign_mid_return,73,-0.019162808603775394,0.006728313591036835,8,8119
lmf-fixed,ccf,sign_mid_return,74,-0.013781684901604826,0.008053998703429781,8,8118
lmf-fixed,ccf,sign_mid_return,75,-0.013644498930625183,0.010303489490143578,8,8117
lmf-fixed,ccf,sign_mid_return,76,-0.01441612381018677,0.01121292643502762,8,8116
lmf-fixed,ccf,sign_mid_return,77,-0.015107340710016664,0.012010913934811056,8,8115
lmf-fixed,ccf,sign_mid_return,78,-0.012217607611415552,0.010457261696154966,8,8114
lmf-fixed,ccf,sign_mid_return,79,-0.008872662786218868,0.010864876480099652,8,8113
lmf-fixed,ccf,sign_mid_return,80,-0.009887723575263116,0.010073985616548984,8,8112
lmf-fixed,ccf,sign_mid_return,81,-0.010112310015508755,0.011262088260421925,8,8111
lmf-fixed,ccf,sign_mid_return,82,-0.0066336245672353866,0.011746091115260768,8,8110
lmf-fixed,ccf,sign_mid_return,83,-0.005971759021561694,0.008290646173188908,8,8109
lmf-fixed,ccf,sign_mid_return,84,-0.006600224822539964,0.006479538319662104,8,8108
lmf-fixed,ccf,sign_mid_return,85,-0.008769902483287781,0.006891262231110496,8,8107
lmf-fixed,ccf,sign_mid_return,86,-0.0050695676418129635,0.010821663576103337,8,8106
lmf-fixed,ccf,sign_mid_return,87,-0.004426537195395144,0.012694207877750146,8,8105
lmf-fixed,ccf,sign_mid_return,88,-0.009087200048419187,0.01383885302413974,8,8104
lmf-fixed,ccf,sign_mid_return,89,-0.011827705272470719,0.012437951729853796,8,8103
lmf-fixed,ccf,sign_mid_return,90,-0.01224321657768624,0.010152872807185569,8,8102
lmf-fixed,ccf,sign_mid_return,91,-0.01080178457234081,0.009714500095417905,8,8101
lmf-fixed,ccf,sign_mid_return,92,-0.010343907974391203,0.009821480935365775,8,8100
lmf-fixed,ccf,sign_mid_return,93,-0.013879611716552512,0.009338716747146376,8,8099
lmf-fixed,ccf,sign_mid_return,94,-0.015250851426825588,0.007010644135007619,8,8098
lmf-fixed,ccf,sign_mid_return,95,-0.015634447131355356,0.005773267367332907,8,8097
lmf-fixed,ccf,sign_mid_return,96,-0.011839594542337979,0.00661094025010232,8,8096
lmf-fixed,ccf,sign_mid_return,97,-0.005266103374049394,0.0065496624797736075,8,8095
lmf-fixed,ccf,sign_mid_return,98,-0.0034498350115209856,0.005504904426613895,8,8094
lmf-fixed,ccf,sign_mid_return,99,-0.00533484243413578,0.005510242146808306,8,8093
lmf-fixed,ccf,sign_mid_return,100,-0.00893688699371989,0.007917395707404608,8,8092
lmf-fixed,ccf,sign_mid_return,101,-0.011158549544036358,0.00763567808848135,8,8091
lmf-fixed,ccf,sign_mid_return,102,-0.012652410479464398,0.009719920713084928,8,8090
lmf-fixed,ccf,sign_mid_return,103,-0.017025504059718585,0.011122641140529488,8,8089
lmf-fixed,ccf,sign_mid_return,104,-0.01912924536007383,0.010625496106524909,8,8088
lmf-fixed,ccf,sign_mid_return,105,-0.02102055076555972,0.008951873124502371,8,8087
lmf-fixed,ccf,sign_mid_return,106,-0.018869765106451684,0.01002196276411667,8,8086
lmf-fixed,ccf,sign_mid_return,107,-0.014739676700900496,0.008412932906584219,8,8085
lmf-fixed,ccf,sign_mid_return,108,-0.017933144483429368,0.007389616538080324,8,8084
lmf-fixed,ccf,sign_mid_return,109,-0.017807343145518833,0.008620026919948849,8,8083
lmf-fixed,ccf,sign_mid_return,110,-0.019006924364168128,0.006107716675000566,8,8082
lmf-fixed,ccf,sign_mid_return,111,-0.016098915487516654,0.007399718557578512,8,8081
lmf-fixed,ccf,sign_mid_return,112,-0.014450756653695288,0.009308828036569955,8,8080
lmf-fixed,ccf,sign_mid_return,113,-0.016492101160773567,0.008690756042297533,8,8079
lmf-fixed,ccf,sign_mid_return,114,-0.0158744703898879,0.006292286000601428,8,8078
lmf-fixed,ccf,sign_mid_return,115,-0.016399590583760858,0.0057548811281858,8,8077
lmf-fixed,ccf,sign_mid_return,116,-0.015049334310446553,0.00859867593596661,8,8076
lmf-fixed,ccf,sign_mid_return,117,-0.009727160645489322,0.01000104125663791,8,8075
lmf-fixed,ccf,sign_mid_return,118,-0.008269783653776288,0.009658927581111,8,8074
lmf-fixed,ccf,sign_mid_return,119,-0.007753866610760139,0.007790964518969628,8,8073
lmf-fixed,ccf,sign_mid_return,120,-0.005888864840877584,0.007368779464157676,8,8072
lmf-fixed,ccf,sign_mid_return,121,-0.009074044698157233,0.009244037259339529,8,8071
lmf-fixed,ccf,sign_mid_return,122,-0.011067622165946062,0.010322555718160422,8,8070
lmf-fixed,ccf,sign_mid_return,123,-0.011168630729395869,0.007920953407693406,8,8069
lmf-fixed,ccf,sign_mid_return,124,-0.012974227414906385,0.005924055886775631,8,8068
lmf-fixed,ccf,sign_mid_return,125,-0.013748854030791938,0.006608485093488328,8,8067
lmf-fixed,ccf,sign_mid_return,126,-0.011366783899009487,0.005461454893717925,8,8066
lmf-fixed,ccf,sign_mid_return,127,-0.012023803488354837,0.0058457115094775695,8,8065
lmf-fixed,ccf,sign_mid_return,128,-0.0089729538973444,0.004232664821704436,8,8064
lmf-fixed,ccf,sign_spread_change,-128,0.0021379642424967735,0.0038463839987518665,8,8064
lmf-fixed,ccf,sign_spread_change,-127,-6.980901139586352e-05,0.005441101589471526,8,8065
lmf-fixed,ccf,sign_spread_change,-126,0.00117619119339225,0.0016074380475647283,8,8066
lmf-fixed,ccf,sign_spread_change,-125,-4.0274262650232226e-05,0.0032473839827160357,8,8067
lmf-fixed,ccf,sign_spread_change,-124,0.0003865858617695193,0.004189738746413905,8,8068
lmf-fixed,ccf,sign_spread_change,-123,0.0017384801705876299,0.003252588925534468,8,8069
lmf-fixed,ccf,sign_spread_change,-122,0.002084472454477502,0.003649539534052212,8,8070
lmf-fixed,ccf,sign_spread_change,-121,6.999443533116823e-05,0.004498739775043405,8,8071
lmf-fixed,ccf,sign_spread_change,-120,-0.0012035105758054427,0.004159851016461044,8,8072
lmf-fixed,ccf,sign_spread_change,-119,0.0015239243190311824,0.003829900415477156,8,8073
lmf-fixed,ccf,sign_spread_change,-118,-0.00021665734599461326,0.0031255661424005846,8,8074
lmf-fixed,ccf,sign_spread_change,-117,-0.0011238002939334356,0.0028847463238358784,8,8075
lmf-fixed,ccf,sign_spread_change,-116,0.001137492844555803,0.003440973154474755,8,8076
lmf-fixed,ccf,sign_spread_change,-115,0.000497705655617304,0.0033348508958139554,8,8077
lmf-fixed,ccf,sign_spread_change,-114,-0.0013019324237101208,0.004084135313044242,8,8078
lmf-fixed,ccf,sign_spread_change,-113,-0.0002352812804558589,0.0035988624507824686,8,8079
lmf-fixed,ccf,sign_spread_change,-112,-0.0012687594239123856,0.0043200285656726425,8,8080
lmf-fixed,ccf,sign_spread_change,-111,0.00036569108406235703,0.0034833344001119946,8,8081
lmf-fixed,ccf,sign_spread_change,-110,-0.003049664515552904,0.003670043750669708,8,8082
lmf-fixed,ccf,sign_spread_change,-109,-0.000880632398278559,0.0033748100436289527,8,8083
lmf-fixed,ccf,sign_spread_change,-108,-0.0003324606544558925,0.005214560870069293,8,8084
lmf-fixed,ccf,sign_spread_change,-107,0.0007676622170664597,0.005745815919734087,8,8085
lmf-fixed,ccf,sign_spread_change,-106,0.002483251363619439,0.0031313053110130613,8,8086
lmf-fixed,ccf,sign_spread_change,-105,-0.0014677059804148371,0.00438192931237698,8,8087
lmf-fixed,ccf,sign_spread_change,-104,-0.00022589979463766787,0.0033508468766425153,8,8088
lmf-fixed,ccf,sign_spread_change,-103,-0.0014307686064234705,0.005482020236295254,8,8089
lmf-fixed,ccf,sign_spread_change,-102,0.00236730079734391,0.0046268692837854435,8,8090
lmf-fixed,ccf,sign_spread_change,-101,0.002600643401314523,0.0022199683186878,8,8091
lmf-fixed,ccf,sign_spread_change,-100,-0.004175723560565217,0.0050140837044280046,8,8092
lmf-fixed,ccf,sign_spread_change,-99,-0.0009635082842157116,0.006452912074391472,8,8093
lmf-fixed,ccf,sign_spread_change,-98,-0.0021587067274258668,0.004059964571233876,8,8094
lmf-fixed,ccf,sign_spread_change,-97,-0.0020439982570082758,0.004528631078908519,8,8095
lmf-fixed,ccf,sign_spread_change,-96,0.0008610241186615684,0.0026441332455781346,8,8096
lmf-fixed,ccf,sign_spread_change,-95,0.0007303900419458209,0.002436236173957459,8,8097
lmf-fixed,ccf,sign_spread_change,-94,0.0021160009498285533,0.00375455626789402,8,8098
lmf-fixed,ccf,sign_spread_change,-93,-0.00035264732763062834,0.004174873961630313,8,8099
lmf-fixed,ccf,sign_spread_change,-92,-0.0028342171061228366,0.004114118829880011,8,8100
lmf-fixed,ccf,sign_spread_change,-91,-0.00021838816756247726,0.004602866180280619,8,8101
lmf-fixed,ccf,sign_spread_change,-90,0.0015454397889693478,0.002006814973743276,8,8102
lmf-fixed,ccf,sign_spread_change,-89,-0.0026814692625762165,0.0037826678675246727,8,8103
lmf-fixed,ccf,sign_spread_change,-88,-0.002165375089055248,0.0029479451094070997,8,8104
lmf-fixed,ccf,sign_spread_change,-87,0.0001223311144383229,0.0024374342148027607,8,8105
lmf-fixed,ccf,sign_spread_change,-86,0.0003604706701045943,0.0032576125442366974,8,8106
lmf-fixed,ccf,sign_spread_change,-85,0.0007816050661960553,0.004272923685683774,8,8107
lmf-fixed,ccf,sign_spread_change,-84,-0.0003814203517967708,0.0038309440518441034,8,8108
lmf-fixed,ccf,sign_spread_change,-83,0.001966372136659804,0.005138425318511393,8,8109
lmf-fixed,ccf,sign_spread_change,-82,0.0009738135762204594,0.005258851557270775,8,8110
lmf-fixed,ccf,sign_spread_change,-81,-0.0003555261896033609,0.0019996575657065183,8,8111
lmf-fixed,ccf,sign_spread_change,-80,0.0029007378794608366,0.004257281403382,8,8112
lmf-fixed,ccf,sign_spread_change,-79,-0.0017102639971444595,0.0032185598055459925,8,8113
lmf-fixed,ccf,sign_spread_change,-78,-0.0005876283888195961,0.0028935137754781534,8,8114
lmf-fixed,ccf,sign_spread_change,-77,0.0008256667030758621,0.0041616982386743235,8,8115
lmf-fixed,ccf,sign_spread_change,-76,-7.290625631916931e-05,0.0032696618258796473,8,8116
lmf-fixed,ccf,sign_spread_change,-75,-0.0005688863218844909,0.004891380804741898,8,8117
lmf-fixed,ccf,sign_spread_change,-74,-0.002528458040059156,0.0027664797147417763,8,8118
lmf-fixed,ccf,sign_spread_change,-73,-0.001429434991499726,0.0030449225414626536,8,8119
lmf-fixed,ccf,sign_spread_change,-72,-0.0028741660322225827,0.004921996122952122,8,8120
lmf-fixed,ccf,sign_spread_change,-71,-0.0059286341961904045,0.003048682821741435,8,8121
lmf-fixed,ccf,sign_spread_change,-70,-0.0005574205713678961,0.004060303299783056,8,8122
lmf-fixed,ccf,sign_spread_change,-69,-0.00041609035357182127,0.004008045837846309,8,8123
lmf-fixed,ccf,sign_spread_change,-68,0.0013063902865835123,0.0030810325925374102,8,8124
lmf-fixed,ccf,sign_spread_change,-67,0.0004930913598280664,0.0068161500994858215,8,8125
lmf-fixed,ccf,sign_spread_change,-66,-6.429548552690164e-05,0.004264088827642379,8,8126
lmf-fixed,ccf,sign_spread_change,-65,-0.0009248288819673925,0.003108862093122731,8,8127
lmf-fixed,ccf,sign_spread_change,-64,-0.003067390914502919,0.0032876107971668072,8,8128
lmf-fixed,ccf,sign_spread_change,-63,-0.0026576386047675324,0.004348713841143994,8,8129
lmf-fixed,ccf,sign_spread_change,-62,0.0029723933796900895,0.0043679995937873405,8,8130
lmf-fixed,ccf,sign_spread_change,-61,-0.00013607388264066082,0.004805070557084309,8,8131
lmf-fixed,ccf,sign_spread_change,-60,-0.0007565659976667821,0.0030001583993184222,8,8132
lmf-fixed,ccf,sign_spread_change,-59,-0.003765727437351599,0.004539212853280256,8,8133
lmf-fixed,ccf,sign_spread_change,-58,-0.0019884155659424777,0.004685493867274373,8,8134
lmf-fixed,ccf,sign_spread_change,-57,-0.0014989294731299918,0.005144620146448083,8,8135
lmf-fixed,ccf,sign_spread_change,-56,-0.0027466701410815983,0.004404708157349933,8,8136
lmf-fixed,ccf,sign_spread_change,-55,-4.421117589028178e-05,0.004175699516361452,8,8137
lmf-fixed,ccf,sign_spread_change,-54,0.001769197857094244,0.00447442219734711,8,8138
lmf-fixed,ccf,sign_spread_change,-53,0.0021826649294786208,0.002796204810852337,8,8139
lmf-fixed,ccf,sign_spread_change,-52,0.0023076089535595764,0.0030013503216744174,8,8140
lmf-fixed,ccf,sign_spread_change,-51,0.00044245944022674045,0.004765904163910695,8,8141
lmf-fixed,ccf,sign_spread_change,-50,0.001117770003005573,0.004468158966451497,8,8142
lmf-fixed,ccf,sign_spread_change,-49,0.0015932639195290433,0.004566609597986017,8,8143
lmf-fixed,ccf,sign_spread_change,-48,0.0035706827546127832,0.002817468308387021,8,8144
lmf-fixed,ccf,sign_spread_change,-47,-0.0014250443423418334,0.004456785966199084,8,8145
lmf-fixed,ccf,sign_spread_change,-46,-0.0012539673574400666,0.004457320133719646,8,8146
lmf-fixed,ccf,sign_spread_change,-45,0.0013842789114655702,0.0032557382325457906,8,8147
lmf-fixed,ccf,sign_spread_change,-44,-0.0029819226597851854,0.003637113881885623,8,8148
lmf-fixed,ccf,sign_spread_change,-43,0.0004402144505301507,0.004694545529971169,8,8149
lmf-fixed,ccf,sign_spread_change,-42,-0.0019537430803014547,0.00324231045083889,8,8150
lmf-fixed,ccf,sign_spread_change,-41,0.0008067689635651361,0.0034570896273142804,8,8151
lmf-fixed,ccf,sign_spread_change,-40,0.0005981273543304563,0.0031914978197999104,8,8152
lmf-fixed,ccf,sign_spread_change,-39,0.00044646064150907425,0.003379063606161396,8,8153
lmf-fixed,ccf,sign_spread_change,-38,0.001588899938960557,0.004582381186693848,8,8154
lmf-fixed,ccf,sign_spread_change,-37,-0.0003588162743585047,0.004135463986559577,8,8155
lmf-fixed,ccf,sign_spread_change,-36,0.0021251215751958694,0.003008764254043056,8,8156
lmf-fixed,ccf,sign_spread_change,-35,0.002756881280697586,0.0051584734308963475,8,8157
lmf-fixed,ccf,sign_spread_change,-34,0.004597727582104499,0.00451472051422828,8,8158
lmf-fixed,ccf,sign_spread_change,-33,-0.0013977368263025471,0.0035319570648107436,8,8159
lmf-fixed,ccf,sign_spread_change,-32,-0.0015721576150676474,0.0056540674905192915,8,8160
lmf-fixed,ccf,sign_spread_change,-31,-0.0006207458516858671,0.004228972002027195,8,8161
lmf-fixed,ccf,sign_spread_change,-30,0.0021041002090066785,0.005357238678637553,8,8162
lmf-fixed,ccf,sign_spread_change,-29,0.0010238032234331465,0.003836442738735965,8,8163
lmf-fixed,ccf,sign_spread_change,-28,-0.0019144754237161185,0.004303867593539433,8,8164
lmf-fixed,ccf,sign_spread_change,-27,0.0012000237199135016,0.0032171139568905474,8,8165
lmf-fixed,ccf,sign_spread_change,-26,0.0022551554410506136,0.003985106753058037,8,8166
lmf-fixed,ccf,sign_spread_change,-25,-0.0011074820382264447,0.0030329485295303078,8,8167
lmf-fixed,ccf,sign_spread_change,-24,0.0007138020545151834,0.0019121016816747007,8,8168
lmf-fixed,ccf,sign_spread_change,-23,-0.0016986651223149178,0.0038136137650395825,8,8169
lmf-fixed,ccf,sign_spread_change,-22,-2.594323651570183e-05,0.003712137614679933,8,8170
lmf-fixed,ccf,sign_spread_change,-21,0.001421202616676969,0.003656082168794702,8,8171
lmf-fixed,ccf,sign_spread_change,-20,-0.0005616522399688867,0.004211210208403504,8,8172
lmf-fixed,ccf,sign_spread_change,-19,-0.0015678611037631873,0.0033969948933462394,8,8173
lmf-fixed,ccf,sign_spread_change,-18,0.0008219626516064065,0.0038950746726730363,8,8174
lmf-fixed,ccf,sign_spread_change,-17,0.0015627587236151147,0.003403962849706947,8,8175
lmf-fixed,ccf,sign_spread_change,-16,-5.212378377344963e-05,0.006249322298919,8,8176
lmf-fixed,ccf,sign_spread_change,-15,0.0015488057932563901,0.00373912512193654,8,8177
lmf-fixed,ccf,sign_spread_change,-14,-0.0007559320777272042,0.003788917277314099,8,8178
lmf-fixed,ccf,sign_spread_change,-13,-0.0033671508535192446,0.0034060700306419544,8,8179
lmf-fixed,ccf,sign_spread_change,-12,-0.00019141305179413612,0.004160192527072098,8,8180
lmf-fixed,ccf,sign_spread_change,-11,0.0021952827830876006,0.003935992597316734,8,8181
lmf-fixed,ccf,sign_spread_change,-10,0.0029912304766761253,0.004844931082482479,8,8182
lmf-fixed,ccf,sign_spread_change,-9,-0.003972799160392781,0.005402469674786408,8,8183
lmf-fixed,ccf,sign_spread_change,-8,-0.00605575650858949,0.005432225389604452,8,8184
lmf-fixed,ccf,sign_spread_change,-7,-0.0025869387527030284,0.004445761515188676,8,8185
lmf-fixed,ccf,sign_spread_change,-6,0.002790961563295954,0.005589295185923999,8,8186
lmf-fixed,ccf,sign_spread_change,-5,-0.0011070600083882343,0.0039064154027408215,8,8187
lmf-fixed,ccf,sign_spread_change,-4,0.0004894306428008444,0.003596123793127611,8,8188
lmf-fixed,ccf,sign_spread_change,-3,0.00022452728641749007,0.0034443654668520076,8,8189
lmf-fixed,ccf,sign_spread_change,-2,-0.0018389098266518552,0.0026588316816313897,8,8190
lmf-fixed,ccf,sign_spread_change,-1,-0.0060002685412251615,0.0043619774463600144,8,8191
lmf-fixed,ccf,sign_spread_change,0,-0.0019335064637507522,0.005177086736072496,8,8192
lmf-fixed,ccf,sign_spread_change,1,-0.005738096110174345,0.005063482659895865,8,8191
lmf-fixed,ccf,sign_spread_change,2,-0.0036656093188755733,0.003080827265547397,8,8190
lmf-fixed,ccf,sign_spread_change,3,0.0021527990213983245,0.004252696843643391,8,8189
lmf-fixed,ccf,sign_spread_change,4,0.002819809424040062,0.0045193167760958,8,8188
lmf-fixed,ccf,sign_spread_change,5,-0.0004934889864881724,0.00351326048527946,8,8187
lmf-fixed,ccf,sign_spread_change,6,-0.0014474863149756118,0.005995425569083573,8,8186
lmf-fixed,ccf,sign_spread_change,7,0.001976377032840363,0.005407371997804616,8,8185
lmf-fixed,ccf,sign_spread_change,8,0.00606674461416719,0.00385358327805571,8,8184
lmf-fixed,ccf,sign_spread_change,9,-0.0005278035744501868,0.003513806868341402,8,8183
lmf-fixed,ccf,sign_spread_change,10,-0.0020252448545593675,0.0036515974195716534,8,8182
lmf-fixed,ccf,sign_spread_change,11,-0.0022358256355090463,0.005733651913327133,8,8181
lmf-fixed,ccf,sign_spread_change,12,0.0019962448596315407,0.00467850546623651,8,8180
lmf-fixed,ccf,sign_spread_change,13,0.004027905340200392,0.001556398415138458,8,8179
lmf-fixed,ccf,sign_spread_change,14,0.0010172750322818467,0.0044201639213718785,8,8178
lmf-fixed,ccf,sign_spread_change,15,0.00034526749556650413,0.0018117648033213738,8,8177
lmf-fixed,ccf,sign_spread_change,16,-0.002115984492963046,0.0023520110997253102,8,8176
lmf-fixed,ccf,sign_spread_change,17,-0.0013413702656567693,0.005212556701297574,8,8175
lmf-fixed,ccf,sign_spread_change,18,0.0008396604186435086,0.0032160359426860693,8,8174
lmf-fixed,ccf,sign_spread_change,19,0.0008304344131618883,0.0037577534541967587,8,8173
lmf-fixed,ccf,sign_spread_change,20,-0.00316913378199942,0.006217590304598642,8,8172
lmf-fixed,ccf,sign_spread_change,21,0.0036316373748421027,0.0044737803763821166,8,8171
lmf-fixed,ccf,sign_spread_change,22,0.005038600646960074,0.0038961822391642633,8,8170
lmf-fixed,ccf,sign_spread_change,23,0.0003202677239628899,0.004477955340199311,8,8169
lmf-fixed,ccf,sign_spread_change,24,-0.002370742337488061,0.0042516176780502185,8,8168
lmf-fixed,ccf,sign_spread_change,25,-0.0006923748505516216,0.004812947207937933,8,8167
lmf-fixed,ccf,sign_spread_change,26,6.49042750683925e-05,0.0030803070128394934,8,8166
lmf-fixed,ccf,sign_spread_change,27,-0.0020841771714965895,0.00657269538205683,8,8165
lmf-fixed,ccf,sign_spread_change,28,-0.0008227395721857812,0.003974091422044197,8,8164
lmf-fixed,ccf,sign_spread_change,29,0.004625869196400493,0.004328949578048385,8,8163
lmf-fixed,ccf,sign_spread_change,30,0.002139134148828187,0.0036750538229301786,8,8162
lmf-fixed,ccf,sign_spread_change,31,0.0045628865734076585,0.0015828996850853357,8,8161
lmf-fixed,ccf,sign_spread_change,32,0.002613034498080137,0.004983031795829788,8,8160
lmf-fixed,ccf,sign_spread_change,33,-0.0010395243373568603,0.0031020006433781708,8,8159
lmf-fixed,ccf,sign_spread_change,34,-0.00195292258392183,0.004457043124355729,8,8158
lmf-fixed,ccf,sign_spread_change,35,0.0013243615116851075,0.004800808798477536,8,8157
lmf-fixed,ccf,sign_spread_change,36,0.000773711442653877,0.005898813621453673,8,8156
lmf-fixed,ccf,sign_spread_change,37,-0.0013525142795882614,0.003253788137890125,8,8155
lmf-fixed,ccf,sign_spread_change,38,-0.0009257811676233976,0.0033631104795129496,8,8154
lmf-fixed,ccf,sign_spread_change,39,0.005652987603657358,0.0016457790104559282,8,8153
lmf-fixed,ccf,sign_spread_change,40,0.0022148374266157543,0.005976691640789679,8,8152
lmf-fixed,ccf,sign_spread_change,41,0.0008394252058978133,0.0027052705989166724,8,8151
lmf-fixed,ccf,sign_spread_change,42,-0.004157142280303227,0.003192375360786726,8,8150
lmf-fixed,ccf,sign_spread_change,43,-0.0032643077427417424,0.006381595912609635,8,8149
lmf-fixed,ccf,sign_spread_change,44,0.0008492879350897209,0.0038010057000101233,8,8148
lmf-fixed,ccf,sign_spread_change,45,-0.0009397218241198897,0.0027271750792417864,8,8147
lmf-fixed,ccf,sign_spread_change,46,-0.0008744963736746041,0.0038300132123867633,8,8146
lmf-fixed,ccf,sign_spread_change,47,-0.0003965324822613099,0.0029100081664737132,8,8145
lmf-fixed,ccf,sign_spread_change,48,6.1570007368207e-05,0.004215527959427032,8,8144
lmf-fixed,ccf,sign_spread_change,49,-0.00043474670797687565,0.003680429713117242,8,8143
lmf-fixed,ccf,sign_spread_change,50,-0.0016681415269017654,0.004807237341471509,8,8142
lmf-fixed,ccf,sign_spread_change,51,-0.0008095660863750445,0.005310674696153106,8,8141
lmf-fixed,ccf,sign_spread_change,52,-0.0013274775704955324,0.0031989541850657678,8,8140
lmf-fixed,ccf,sign_spread_change,53,0.0005082226307372786,0.0030537464005634834,8,8139
lmf-fixed,ccf,sign_spread_change,54,-0.0001271654680816681,0.004207433467220574,8,8138
lmf-fixed,ccf,sign_spread_change,55,-0.003191657438185437,0.0011197263513613737,8,8137
lmf-fixed,ccf,sign_spread_change,56,-0.0007008551377034206,0.004160845480380297,8,8136
lmf-fixed,ccf,sign_spread_change,57,-0.0025134645164256618,0.0026427756226001546,8,8135
lmf-fixed,ccf,sign_spread_change,58,0.0011381275679068618,0.00388702024028314,8,8134
lmf-fixed,ccf,sign_spread_change,59,0.003958993786993992,0.006613043355406115,8,8133
lmf-fixed,ccf,sign_spread_change,60,-0.0002023731938718874,0.0038801860681847047,8,8132
lmf-fixed,ccf,sign_spread_change,61,0.001005684078090399,0.004878550431872107,8,8131
lmf-fixed,ccf,sign_spread_change,62,0.0028155065886077547,0.003472792714398459,8,8130
lmf-fixed,ccf,sign_spread_change,63,0.004334617648070515,0.005381075258539996,8,8129
lmf-fixed,ccf,sign_spread_change,64,-0.001307203932231972,0.0035995391138895425,8,8128
lmf-fixed,ccf,sign_spread_change,65,-0.002473272747238691,0.00337076639168429,8,8127
lmf-fixed,ccf,sign_spread_change,66,-0.0024897132235446053,0.004531908274815591,8,8126
lmf-fixed,ccf,sign_spread_change,67,-0.002584415188480113,0.003333773069956106,8,8125
lmf-fixed,ccf,sign_spread_change,68,0.0015463496175409106,0.003654742991747599,8,8124
lmf-fixed,ccf,sign_spread_change,69,0.001328994610990991,0.00248019136689915,8,8123
lmf-fixed,ccf,sign_spread_change,70,0.0005360043117954387,0.005058529924523997,8,8122
lmf-fixed,ccf,sign_spread_change,71,0.0028528880115070727,0.0030674716968641987,8,8121
lmf-fixed,ccf,sign_spread_change,72,-0.0032393942823742534,0.0026576787199534854,8,8120
lmf-fixed,ccf,sign_spread_change,73,-0.0019230590944056473,0.002451798367313018,8,8119
lmf-fixed,ccf,sign_spread_change,74,-0.0010700457877034152,0.005258935506034435,8,8118
lmf-fixed,ccf,sign_spread_change,75,-0.0010001302653007411,0.0045231191906706875,8,8117
lmf-fixed,ccf,sign_spread_change,76,0.0030744266491148403,0.0033579999668609025,8,8116
lmf-fixed,ccf,sign_spread_change,77,0.0021147508868820937,0.002624986662568325,8,8115
lmf-fixed,ccf,sign_spread_change,78,0.002660533647681092,0.004248274345209164,8,8114
lmf-fixed,ccf,sign_spread_change,79,0.0019147537897887543,0.002663149668717914,8,8113
lmf-fixed,ccf,sign_spread_change,80,0.0010715268778823267,0.004579308796730058,8,8112
lmf-fixed,ccf,sign_spread_change,81,-0.002161896013830499,0.003950466366976112,8,8111
lmf-fixed,ccf,sign_spread_change,82,-0.00014730611100508735,0.0028264453697248696,8,8110
lmf-fixed,ccf,sign_spread_change,83,0.0041263449116625325,0.004355996370085773,8,8109
lmf-fixed,ccf,sign_spread_change,84,-0.004578711263687733,0.00226729746207752,8,8108
lmf-fixed,ccf,sign_spread_change,85,-0.0008838180416949124,0.003994060701452638,8,8107
lmf-fixed,ccf,sign_spread_change,86,0.0009606710134851901,0.004089365932199014,8,8106
lmf-fixed,ccf,sign_spread_change,87,0.0011819614006178608,0.003623413862560668,8,8105
lmf-fixed,ccf,sign_spread_change,88,-0.00014520771342921464,0.005061151748749954,8,8104
lmf-fixed,ccf,sign_spread_change,89,4.244418707581143e-05,0.0036213693700636483,8,8103
lmf-fixed,ccf,sign_spread_change,90,0.0009032930093606774,0.0022310000701119075,8,8102
lmf-fixed,ccf,sign_spread_change,91,-0.001803800273980053,0.004441496786581973,8,8101
lmf-fixed,ccf,sign_spread_change,92,-0.0002288429831442543,0.005406339436009722,8,8100
lmf-fixed,ccf,sign_spread_change,93,-0.001274828770147238,0.0038003206494808266,8,8099
lmf-fixed,ccf,sign_spread_change,94,0.00031783487974060536,0.0067117249578674265,8,8098
lmf-fixed,ccf,sign_spread_change,95,-0.00018805566667971676,0.0033681697014186084,8,8097
lmf-fixed,ccf,sign_spread_change,96,-0.00034196985866756773,0.005383033380013144,8,8096
lmf-fixed,ccf,sign_spread_change,97,6.978986737791456e-05,0.0049822859413433005,8,8095
lmf-fixed,ccf,sign_spread_change,98,-0.0029498076091546387,0.0034223425522246233,8,8094
lmf-fixed,ccf,sign_spread_change,99,-0.0006101758843002577,0.004191071880577177,8,8093
lmf-fixed,ccf,sign_spread_change,100,0.003137793559016803,0.005327059346165166,8,8092
lmf-fixed,ccf,sign_spread_change,101,0.0008151948060035051,0.003893093614068723,8,8091
lmf-fixed,ccf,sign_spread_change,102,0.0009574142499124329,0.003467702210735598,8,8090
lmf-fixed,ccf,sign_spread_change,103,0.0009457866080065689,0.0033750130463553116,8,8089
lmf-fixed,ccf,sign_spread_change,104,-0.0009558720941233066,0.004475350589013906,8,8088
lmf-fixed,ccf,sign_spread_change,105,0.0019839785147755195,0.005551251680152648,8,8087
lmf-fixed,ccf,sign_spread_change,106,-0.0021591237834421816,0.0039855350703543275,8,8086
lmf-fixed,ccf,sign_spread_change,107,-0.0014165344738652007,0.0035742768809254384,8,8085
lmf-fixed,ccf,sign_spread_change,108,0.001442338700200805,0.0037518609672849107,8,8084
lmf-fixed,ccf,sign_spread_change,109,0.003367434786661072,0.00342179017100453,8,8083
lmf-fixed,ccf,sign_spread_change,110,-0.003682672267943843,0.006291433944065336,8,8082
lmf-fixed,ccf,sign_spread_change,111,-0.0015710619423128247,0.0045080421569223,8,8081
lmf-fixed,ccf,sign_spread_change,112,-0.0014707071315911298,0.005302278317032634,8,8080
lmf-fixed,ccf,sign_spread_change,113,-0.0011426688971286735,0.003616899411294792,8,8079
lmf-fixed,ccf,sign_spread_change,114,0.002299590992214058,0.0040438233635270255,8,8078
lmf-fixed,ccf,sign_spread_change,115,0.0037838692181490848,0.0045899706194421795,8,8077
lmf-fixed,ccf,sign_spread_change,116,0.0025621723356709005,0.00458683079370132,8,8076
lmf-fixed,ccf,sign_spread_change,117,-0.0022936908734160436,0.005004496271984712,8,8075
lmf-fixed,ccf,sign_spread_change,118,-0.0026574064264900344,0.004172132929506942,8,8074
lmf-fixed,ccf,sign_spread_change,119,0.0021130621518835576,0.006277090971575304,8,8073
lmf-fixed,ccf,sign_spread_change,120,0.0044000817218914955,0.002980238293118215,8,8072
lmf-fixed,ccf,sign_spread_change,121,0.0007648751111537795,0.002436788121090737,8,8071
lmf-fixed,ccf,sign_spread_change,122,0.004721767608430362,0.0055802521173375745,8,8070
lmf-fixed,ccf,sign_spread_change,123,0.00362581397674733,0.004316624434146779,8,8069
lmf-fixed,ccf,sign_spread_change,124,-0.00010577587595407006,0.004926318899369926,8,8068
lmf-fixed,ccf,sign_spread_change,125,0.0012997207181181588,0.0029979416823407105,8,8067
lmf-fixed,ccf,sign_spread_change,126,-0.0019905201255581294,0.002865160921395004,8,8066
lmf-fixed,ccf,sign_spread_change,127,0.0010308702949055342,0.00438139768300095,8,8065
lmf-fixed,ccf,sign_spread_change,128,-0.00011495492927682109,0.004813937542676494,8,8064
lmf-fixed,ccf,mid_trade_return,-128,-0.004884793583525228,0.007078884218108078,8,8064
lmf-fixed,ccf,mid_trade_return,-127,-0.005342160787737124,0.00812362603646589,8,8065
lmf-fixed,ccf,mid_trade_return,-126,0.0012724605661731214,0.008693384354250964,8,8066
lmf-fixed,ccf,mid_trade_return,-125,-0.003834754458099109,0.006089720626720827,8,8067
lmf-fixed,ccf,mid_trade_return,-124,0.0009428653298317972,0.005696989089596178,8,8068
lmf-fixed,ccf,mid_trade_return,-123,0.0027512706956461727,0.00783564849692583,8,8069
lmf-fixed,ccf,mid_trade_return,-122,-2.4949118020475792e-05,0.0066993707846824055,8,8070
lmf-fixed,ccf,mid_trade_return,-121,0.0035300055875444832,0.00882887797056978,8,8071
lmf-fixed,ccf,mid_trade_return,-120,0.005332295112623081,0.009128625516889676,8,8072
lmf-fixed,ccf,mid_trade_return,-119,-0.0025124822585829423,0.010297787993202637,8,8073
lmf-fixed,ccf,mid_trade_return,-118,-0.0008158201818970266,0.005799453845629231,8,8074
lmf-fixed,ccf,mid_trade_return,-117,-0.002721556931022617,0.008800823628616741,8,8075
lmf-fixed,ccf,mid_trade_return,-116,-0.008682871850487824,0.006925111826262999,8,8076
lmf-fixed,ccf,mid_trade_return,-115,-0.002110907608705422,0.007061340960884284,8,8077
lmf-fixed,ccf,mid_trade_return,-114,0.0008128634203865249,0.007995735100132625,8,8078
lmf-fixed,ccf,mid_trade_return,-113,-0.0008020645028103695,0.011402107082560953,8,8079
lmf-fixed,ccf,mid_trade_return,-112,0.003348191287411847,0.0050939522515680595,8,8080
lmf-fixed,ccf,mid_trade_return,-111,-0.002879895904452405,0.007433982556974146,8,8081
lmf-fixed,ccf,mid_trade_return,-110,-0.004709191328976312,0.007183921770642262,8,8082
lmf-fixed,ccf,mid_trade_return,-109,0.0019592190396566893,0.009526780523011992,8,8083
lmf-fixed,ccf,mid_trade_return,-108,-0.00023452298068109474,0.007064182668825074,8,8084
lmf-fixed,ccf,mid_trade_return,-107,0.005505988104418153,0.007795000345060168,8,8085
lmf-fixed,ccf,mid_trade_return,-106,-0.00659817962193251,0.007139526770269272,8,8086
lmf-fixed,ccf,mid_trade_return,-105,-0.0036601721531496607,0.006647929325008144,8,8087
lmf-fixed,ccf,mid_trade_return,-104,0.0031655601127136964,0.011088568013552456,8,8088
lmf-fixed,ccf,mid_trade_return,-103,0.003562872517002177,0.008644241711251319,8,8089
lmf-fixed,ccf,mid_trade_return,-102,0.0070868891627859365,0.007810395111627333,8,8090
lmf-fixed,ccf,mid_trade_return,-101,0.0024670659403078074,0.00539187921805299,8,8091
lmf-fixed,ccf,mid_trade_return,-100,0.003635172145119745,0.004742266888325613,8,8092
lmf-fixed,ccf,mid_trade_return,-99,0.005669056942298333,0.0073988224847517355,8,8093
lmf-fixed,ccf,mid_trade_return,-98,0.003064800802111609,0.008963641299623003,8,8094
lmf-fixed,ccf,mid_trade_return,-97,-0.002898522540944963,0.0057441645935114825,8,8095
lmf-fixed,ccf,mid_trade_return,-96,-0.010922815018089659,0.008059230592057393,8,8096
lmf-fixed,ccf,mid_trade_return,-95,-0.006287861877715835,0.007522102078852669,8,8097
lmf-fixed,ccf,mid_trade_return,-94,0.0007725216917176122,0.012098755921324008,8,8098
lmf-fixed,ccf,mid_trade_return,-93,0.0023201691234922992,0.005808994043934179,8,8099
lmf-fixed,ccf,mid_trade_return,-92,0.005891565587749716,0.006847798144049966,8,8100
lmf-fixed,ccf,mid_trade_return,-91,-0.0009853884759828447,0.011523271028889791,8,8101
lmf-fixed,ccf,mid_trade_return,-90,-0.002344712140384215,0.013714633679794629,8,8102
lmf-fixed,ccf,mid_trade_return,-89,0.00067886641286695,0.007234048578697959,8,8103
lmf-fixed,ccf,mid_trade_return,-88,0.004383204280751504,0.00875329995063905,8,8104
lmf-fixed,ccf,mid_trade_return,-87,0.007695047566737871,0.006281323928675902,8,8105
lmf-fixed,ccf,mid_trade_return,-86,-0.0007351186900430965,0.007112126251199429,8,8106
lmf-fixed,ccf,mid_trade_return,-85,-0.005828623556329092,0.00925689697251085,8,8107
lmf-fixed,ccf,mid_trade_return,-84,0.003473383616722378,0.010143811885050112,8,8108
lmf-fixed,ccf,mid_trade_return,-83,0.0007863346253166963,0.00797160212080962,8,8109
lmf-fixed,ccf,mid_trade_return,-82,-0.0009578831559872035,0.011716925071888828,8,8110
lmf-fixed,ccf,mid_trade_return,-81,-0.005500966281206559,0.01121853201064104,8,8111
lmf-fixed,ccf,mid_trade_return,-80,0.00037053116055751293,0.011493988295993213,8,8112
lmf-fixed,ccf,mid_trade_return,-79,0.001854296382640684,0.00895734809637163,8,8113
lmf-fixed,ccf,mid_trade_return,-78,-0.005563030084885567,0.010907295155290882,8,8114
lmf-fixed,ccf,mid_trade_return,-77,-0.004603741654055473,0.012723900448738328,8,8115
lmf-fixed,ccf,mid_trade_return,-76,0.0012517374118595215,0.009795458844334077,8,8116
lmf-fixed,ccf,mid_trade_return,-75,0.0011568734242633756,0.0062925596370245,8,8117
lmf-fixed,ccf,mid_trade_return,-74,-4.56942247077673e-05,0.011098149773118293,8,8118
lmf-fixed,ccf,mid_trade_return,-73,-0.008965421050665294,0.010514720407231464,8,8119
lmf-fixed,ccf,mid_trade_return,-72,-0.0037013115416025385,0.009341153342117324,8,8120
lmf-fixed,ccf,mid_trade_return,-71,0.0016795127528802757,0.010073306611114849,8,8121
lmf-fixed,ccf,mid_trade_return,-70,0.0072174156834644825,0.010870812130703482,8,8122
lmf-fixed,ccf,mid_trade_return,-69,0.006967333789840576,0.008533936500326552,8,8123
lmf-fixed,ccf,mid_trade_return,-68,-0.0024183792318757,0.004794523726438888,8,8124
lmf-fixed,ccf,mid_trade_return,-67,-0.008277535012522551,0.010656132335292218,8,8125
lmf-fixed,ccf,mid_trade_return,-66,-0.003894108187369103,0.010142639522029952,8,8126
lmf-fixed,ccf,mid_trade_return,-65,0.004438816295919586,0.007230669517746879,8,8127
lmf-fixed,ccf,mid_trade_return,-64,0.0013242401046050668,0.008981968973519645,8,8128
lmf-fixed,ccf,mid_trade_return,-63,-0.003521574195964018,0.010482121613699132,8,8129
lmf-fixed,ccf,mid_trade_return,-62,-0.0025319770101544467,0.006089010312515812,8,8130
lmf-fixed,ccf,mid_trade_return,-61,0.00197940078764865,0.005014640231600829,8,8131
lmf-fixed,ccf,mid_trade_return,-60,0.0001127732337607146,0.006538470326773734,8,8132
lmf-fixed,ccf,mid_trade_return,-59,-0.0028337755307863218,0.006591852591847995,8,8133
lmf-fixed,ccf,mid_trade_return,-58,-0.0029634131644442558,0.011552142348724584,8,8134
lmf-fixed,ccf,mid_trade_return,-57,7.48614344229765e-05,0.010323206979371495,8,8135
lmf-fixed,ccf,mid_trade_return,-56,-0.0014398488777911732,0.006583629127816249,8,8136
lmf-fixed,ccf,mid_trade_return,-55,0.004467316438970767,0.005200726320159561,8,8137
lmf-fixed,ccf,mid_trade_return,-54,0.0037831425727926095,0.00802638674352568,8,8138
lmf-fixed,ccf,mid_trade_return,-53,-0.0017816818209725714,0.0065809444678499324,8,8139
lmf-fixed,ccf,mid_trade_return,-52,0.0041768533313350726,0.007788155746538139,8,8140
lmf-fixed,ccf,mid_trade_return,-51,0.006102126344196702,0.0081945171633293,8,8141
lmf-fixed,ccf,mid_trade_return,-50,0.0012141415930189037,0.004351251093876985,8,8142
lmf-fixed,ccf,mid_trade_return,-49,-0.0056098292060824985,0.006621674726496751,8,8143
lmf-fixed,ccf,mid_trade_return,-48,-0.0015391989397524715,0.007741745937566847,8,8144
lmf-fixed,ccf,mid_trade_return,-47,0.0029143188833038736,0.007475289077728246,8,8145
lmf-fixed,ccf,mid_trade_return,-46,0.002119100269314319,0.0111364773837386,8,8146
lmf-fixed,ccf,mid_trade_return,-45,0.0009167885913505731,0.005872752513866865,8,8147
lmf-fixed,ccf,mid_trade_return,-44,-0.004933804328216619,0.007494232883742141,8,8148
lmf-fixed,ccf,mid_trade_return,-43,-0.010145996427717248,0.0122566761964579,8,8149
lmf-fixed,ccf,mid_trade_return,-42,-0.005469882447814923,0.012227979815006498,8,8150
lmf-fixed,ccf,mid_trade_return,-41,-0.0036556784060712074,0.008558458647953814,8,8151
lmf-fixed,ccf,mid_trade_return,-40,0.0004898444290515947,0.009932759484911218,8,8152
lmf-fixed,ccf,mid_trade_return,-39,0.003969415896928036,0.01195169276837696,8,8153
lmf-fixed,ccf,mid_trade_return,-38,0.0025329480969012897,0.0051277176976464835,8,8154
lmf-fixed,ccf,mid_trade_return,-37,-0.002559007400991381,0.009422501004145397,8,8155
lmf-fixed,ccf,mid_trade_return,-36,-0.009913909407945422,0.009344845651025483,8,8156
lmf-fixed,ccf,mid_trade_return,-35,-0.003063856536551884,0.008626768515284228,8,8157
lmf-fixed,ccf,mid_trade_return,-34,0.0028430540824151617,0.00995144090075152,8,8158
lmf-fixed,ccf,mid_trade_return,-33,0.00088261017677296,0.007304621620585154,8,8159
lmf-fixed,ccf,mid_trade_return,-32,0.001258853947496128,0.005700688910908482,8,8160
lmf-fixed,ccf,mid_trade_return,-31,-0.003855469382015389,0.006174144329623549,8,8161
lmf-fixed,ccf,mid_trade_return,-30,-0.007389080608178118,0.011829667936139468,8,8162
lmf-fixed,ccf,mid_trade_return,-29,-0.008750647068294173,0.008202120401393414,8,8163
lmf-fixed,ccf,mid_trade_return,-28,-0.0009907077341154626,0.0057081590036913085,8,8164
lmf-fixed,ccf,mid_trade_return,-27,0.0036531524806262916,0.009568321962297845,8,8165
lmf-fixed,ccf,mid_trade_return,-26,-0.004611414935628232,0.005383330786531395,8,8166
lmf-fixed,ccf,mid_trade_return,-25,-0.001554243002158345,0.006964578653490011,8,8167
lmf-fixed,ccf,mid_trade_return,-24,0.006989592154935589,0.007740406712723527,8,8168
lmf-fixed,ccf,mid_trade_return,-23,0.00032659535967470544,0.011143001057897364,8,8169
lmf-fixed,ccf,mid_trade_return,-22,-0.0008360321795056383,0.007765629289116048,8,8170
lmf-fixed,ccf,mid_trade_return,-21,-0.001292392488656302,0.01111847234707569,8,8171
lmf-fixed,ccf,mid_trade_return,-20,-0.0005613111366690209,0.006822621755769088,8,8172
lmf-fixed,ccf,mid_trade_return,-19,0.001223302636929486,0.007370098803733207,8,8173
lmf-fixed,ccf,mid_trade_return,-18,0.0009302604474594634,0.006227980936522219,8,8174
lmf-fixed,ccf,mid_trade_return,-17,-0.016511705070030653,0.0046990918667313,8,8175
lmf-fixed,ccf,mid_trade_return,-16,-0.011151777804821038,0.007347869528070562,8,8176
lmf-fixed,ccf,mid_trade_return,-15,0.0026237687657156765,0.007127764565147262,8,8177
lmf-fixed,ccf,mid_trade_return,-14,-0.0017996164102397371,0.004976645558110831,8,8178
lmf-fixed,ccf,mid_trade_return,-13,0.000324212351248996,0.007084708291769114,8,8179
lmf-fixed,ccf,mid_trade_return,-12,-0.009315447267444618,0.008072845594366726,8,8180
lmf-fixed,ccf,mid_trade_return,-11,-0.013259996606972135,0.00583225302245479,8,8181
lmf-fixed,ccf,mid_trade_return,-10,-0.0061164361198385595,0.007941160466170135,8,8182
lmf-fixed,ccf,mid_trade_return,-9,-0.00797681675009547,0.007765453703399071,8,8183
lmf-fixed,ccf,mid_trade_return,-8,-0.017567957366758192,0.01047692806168986,8,8184
lmf-fixed,ccf,mid_trade_return,-7,-0.01658771120005785,0.006051502043378321,8,8185
lmf-fixed,ccf,mid_trade_return,-6,-0.008669941994972416,0.009822569573359096,8,8186
lmf-fixed,ccf,mid_trade_return,-5,-0.007746357424262623,0.0071111399039359875,8,8187
lmf-fixed,ccf,mid_trade_return,-4,-0.012138597547890964,0.011575571090577485,8,8188
lmf-fixed,ccf,mid_trade_return,-3,-0.0005148826919392953,0.007076329850613963,8,8189
lmf-fixed,ccf,mid_trade_return,-2,0.06419109260413118,0.010870496051830426,8,8190
lmf-fixed,ccf,mid_trade_return,-1,0.4063215988680792,0.004026599632023586,8,8191
lmf-fixed,ccf,mid_trade_return,0,0.7502776647016751,0.0025067460335366004,8,8192
lmf-fixed,ccf,mid_trade_return,1,-0.19295406131437742,0.00492230996177703,8,8191
lmf-fixed,ccf,mid_trade_return,2,-0.29551594129976677,0.008564684719524433,8,8190
lmf-fixed,ccf,mid_trade_return,3,-0.14397400316286257,0.007188354205020439,8,8189
lmf-fixed,ccf,mid_trade_return,4,-0.08511813711051303,0.006753396658234048,8,8188
lmf-fixed,ccf,mid_trade_return,5,-0.0567432570808881,0.007659719978862298,8,8187
lmf-fixed,ccf,mid_trade_return,6,-0.04224641143539768,0.01034079483434035,8,8186
lmf-fixed,ccf,mid_trade_return,7,-0.034432379182734195,0.00825801975274448,8,8185
lmf-fixed,ccf,mid_trade_return,8,-0.02598745581794028,0.0077128633477103956,8,8184
lmf-fixed,ccf,mid_trade_return,9,-0.014519322618013648,0.007828139780649692,8,8183
lmf-fixed,ccf,mid_trade_return,10,-0.011090062954217607,0.006177587587051775,8,8182
lmf-fixed,ccf,mid_trade_return,11,-0.014515071363420626,0.005607231714016523,8,8181
lmf-fixed,ccf,mid_trade_return,12,-0.0068556055278867715,0.008524282337936772,8,8180
lmf-fixed,ccf,mid_trade_return,13,-0.0012912556428179012,0.007734916313882867,8,8179
lmf-fixed,ccf,mid_trade_return,14,-0.008982001281229623,0.005754495331548673,8,8178
lmf-fixed,ccf,mid_trade_return,15,-0.005834624697613085,0.00437306249628907,8,8177
lmf-fixed,ccf,mid_trade_return,16,-0.013010176477229197,0.004819974769132303,8,8176
lmf-fixed,ccf,mid_trade_return,17,-0.008137140789079074,0.0071308063999899985,8,8175
lmf-fixed,ccf,mid_trade_return,18,0.009665530222772861,0.006785913885071245,8,8174
lmf-fixed,ccf,mid_trade_return,19,-0.0020058632771488647,0.006803581536465684,8,8173
lmf-fixed,ccf,mid_trade_return,20,-0.0019375081523504724,0.009090017387678714,8,8172
lmf-fixed,ccf,mid_trade_return,21,-0.0003368569253269473,0.006306883927689332,8,8171
lmf-fixed,ccf,mid_trade_return,22,-0.0035041964404187243,0.0106702833986536,8,8170
lmf-fixed,ccf,mid_trade_return,23,-0.0009086333217864615,0.00952589452302681,8,8169
lmf-fixed,ccf,mid_trade_return,24,0.0005486936290851675,0.008529590555369343,8,8168
lmf-fixed,ccf,mid_trade_return,25,-0.008958654856565454,0.007552568215542077,8,8167
lmf-fixed,ccf,mid_trade_return,26,-0.0034398984281727336,0.009456703440900044,8,8166
lmf-fixed,ccf,mid_trade_return,27,-0.0019078406148272805,0.006712579759155995,8,8165
lmf-fixed,ccf,mid_trade_return,28,-0.009520267173033113,0.0062363922724183425,8,8164
lmf-fixed,ccf,mid_trade_return,29,-0.008157950305673034,0.0067149832466236225,8,8163
lmf-fixed,ccf,mid_trade_return,30,-5.761281015159917e-05,0.008042405552199719,8,8162
lmf-fixed,ccf,mid_trade_return,31,0.0001871101367597254,0.008415694932301281,8,8161
lmf-fixed,ccf,mid_trade_return,32,0.0036774674138349167,0.007808001032013556,8,8160
lmf-fixed,ccf,mid_trade_return,33,-0.0017675718002325552,0.0074232803463866615,8,8159
lmf-fixed,ccf,mid_trade_return,34,0.00010420309544619758,0.012260855624394464,8,8158
lmf-fixed,ccf,mid_trade_return,35,-0.006695585570367287,0.00830005434870486,8,8157
lmf-fixed,ccf,mid_trade_return,36,-0.006019481760380592,0.005648530009277346,8,8156
lmf-fixed,ccf,mid_trade_return,37,0.008150307811943282,0.008038831240159696,8,8155
lmf-fixed,ccf,mid_trade_return,38,0.0026318299806716732,0.012467906498718024,8,8154
lmf-fixed,ccf,mid_trade_return,39,-0.002887538196561217,0.007599211574679546,8,8153
lmf-fixed,ccf,mid_trade_return,40,-0.004337807943301898,0.0074302490723852,8,8152
lmf-fixed,ccf,mid_trade_return,41,-0.006946559682394639,0.012666386377210861,8,8151
lmf-fixed,ccf,mid_trade_return,42,-0.00294652031716106,0.010737644998722843,8,8150
lmf-fixed,ccf,mid_trade_return,43,-0.003810097170638565,0.010614565806861759,8,8149
lmf-fixed,ccf,mid_trade_return,44,0.0032857601929840324,0.010184484802848328,8,8148
lmf-fixed,ccf,mid_trade_return,45,0.006207141672199178,0.007198653502385215,8,8147
lmf-fixed,ccf,mid_trade_return,46,0.006871672174562393,0.0027007895600892136,8,8146
lmf-fixed,ccf,mid_trade_return,47,0.0037366125776781755,0.00785340990967604,8,8145
lmf-fixed,ccf,mid_trade_return,48,-0.006291298719019466,0.008057761365411364,8,8144
lmf-fixed,ccf,mid_trade_return,49,-0.00022459203768565843,0.0072577334375499725,8,8143
lmf-fixed,ccf,mid_trade_return,50,0.00421070937047788,0.006710576963337325,8,8142
lmf-fixed,ccf,mid_trade_return,51,0.006839970679154174,0.006442572294802867,8,8141
lmf-fixed,ccf,mid_trade_return,52,0.00023759017282726442,0.006827661839197817,8,8140
lmf-fixed,ccf,mid_trade_return,53,-0.002297938717977349,0.009366143240759397,8,8139
lmf-fixed,ccf,mid_trade_return,54,-9.029750581405853e-05,0.00835493170355471,8,8138
lmf-fixed,ccf,mid_trade_return,55,-0.0005552325803515612,0.005085942295664318,8,8137
lmf-fixed,ccf,mid_trade_return,56,-0.0034049303615082682,0.008855190495816205,8,8136
lmf-fixed,ccf,mid_trade_return,57,-0.007634525908804747,0.009256540459046225,8,8135
lmf-fixed,ccf,mid_trade_return,58,-0.0032983697641495433,0.009901796993881934,8,8134
lmf-fixed,ccf,mid_trade_return,59,-0.0013390114479949146,0.008412759089364374,8,8133
lmf-fixed,ccf,mid_trade_return,60,0.0028101887265634127,0.00827122540697141,8,8132
lmf-fixed,ccf,mid_trade_return,61,0.0023886697701915763,0.009904992877384434,8,8131
lmf-fixed,ccf,mid_trade_return,62,-0.0031657008585843096,0.00805623080545943,8,8130
lmf-fixed,ccf,mid_trade_return,63,-0.0012627574607269709,0.00705140545351516,8,8129
lmf-fixed,ccf,mid_trade_return,64,0.0011201160299598176,0.008472002007756493,8,8128
lmf-fixed,ccf,mid_trade_return,65,0.000449500081805693,0.011046216964880609,8,8127
lmf-fixed,ccf,mid_trade_return,66,-0.009314639558602712,0.006708420592159276,8,8126
lmf-fixed,ccf,mid_trade_return,67,-0.0008023365906217417,0.010374071031448008,8,8125
lmf-fixed,ccf,mid_trade_return,68,0.004956281759968543,0.008692178504064856,8,8124
lmf-fixed,ccf,mid_trade_return,69,0.008664900762060019,0.008135082616456053,8,8123
lmf-fixed,ccf,mid_trade_return,70,-0.0018247709261773105,0.008610673101535394,8,8122
lmf-fixed,ccf,mid_trade_return,71,-0.006989659046384116,0.009124664627086007,8,8121
lmf-fixed,ccf,mid_trade_return,72,-0.005991474556967213,0.011124784285521836,8,8120
lmf-fixed,ccf,mid_trade_return,73,-0.0020092444387381737,0.010127745689607249,8,8119
lmf-fixed,ccf,mid_trade_return,74,0.003671228191532846,0.00870872383204487,8,8118
lmf-fixed,ccf,mid_trade_return,75,0.002169864035872927,0.008395815341047138,8,8117
lmf-fixed,ccf,mid_trade_return,76,0.0010121022060780908,0.009640802971860495,8,8116
lmf-fixed,ccf,mid_trade_return,77,-0.006161054846409217,0.009014022543587635,8,8115
lmf-fixed,ccf,mid_trade_return,78,-0.0020935866584525396,0.006577052256471467,8,8114
lmf-fixed,ccf,mid_trade_return,79,0.00434028901032044,0.009807408118843106,8,8113
lmf-fixed,ccf,mid_trade_return,80,-0.00028244273589071267,0.013170811088002091,8,8112
lmf-fixed,ccf,mid_trade_return,81,-0.0012035564005898245,0.010308794428591435,8,8111
lmf-fixed,ccf,mid_trade_return,82,0.004441847847079972,0.012216844540918993,8,8110
lmf-fixed,ccf,mid_trade_return,83,0.0020220265578752604,0.006912733080675971,8,8109
lmf-fixed,ccf,mid_trade_return,84,0.0034510557653028916,0.009863162204176937,8,8108
lmf-fixed,ccf,mid_trade_return,85,-0.003391229264010245,0.007238151235543746,8,8107
lmf-fixed,ccf,mid_trade_return,86,0.005659571908644206,0.008067027943399328,8,8106
lmf-fixed,ccf,mid_trade_return,87,0.0038220308773203823,0.010453626018349977,8,8105
lmf-fixed,ccf,mid_trade_return,88,-0.0003879865191133299,0.00832994873952563,8,8104
lmf-fixed,ccf,mid_trade_return,89,-0.004130058830545146,0.010438297231394566,8,8103
lmf-fixed,ccf,mid_trade_return,90,-0.0021731502123409083,0.011290201888730913,8,8102
lmf-fixed,ccf,mid_trade_return,91,0.004103109821682717,0.008806183698970689,8,8101
lmf-fixed,ccf,mid_trade_return,92,0.002181287554036618,0.012002351091830383,8,8100
lmf-fixed,ccf,mid_trade_return,93,-0.004697567655903724,0.009183174339907169,8,8099
lmf-fixed,ccf,mid_trade_return,94,-0.0017902023335326389,0.005333215924494569,8,8098
lmf-fixed,ccf,mid_trade_return,95,-0.008890181466914237,0.00863708200350985,8,8097
lmf-fixed,ccf,mid_trade_return,96,-0.0023679310157784777,0.00863962918844352,8,8096
lmf-fixed,ccf,mid_trade_return,97,0.009074300153853876,0.00798875366268564,8,8095
lmf-fixed,ccf,mid_trade_return,98,0.009677991832440442,0.006937580026557654,8,8094
lmf-fixed,ccf,mid_trade_return,99,0.0018890363563886852,0.006021713923574488,8,8093
lmf-fixed,ccf,mid_trade_return,100,0.002105779263086439,0.00733885668324752,8,8092
lmf-fixed,ccf,mid_trade_return,101,0.0017090001533461227,0.006344145298712648,8,8091
lmf-fixed,ccf,mid_trade_return,102,0.0014868354096503468,0.01011729775950694,8,8090
lmf-fixed,ccf,mid_trade_return,103,-0.006489524575299122,0.00907272936638731,8,8089
lmf-fixed,ccf,mid_trade_return,104,-0.004511935047704328,0.010682045819071832,8,8088
lmf-fixed,ccf,mid_trade_return,105,-0.0061972638903294245,0.007081217013359167,8,8087
lmf-fixed,ccf,mid_trade_return,106,-0.00341313064687334,0.010313960500320931,8,8086
lmf-fixed,ccf,mid_trade_return,107,0.006693329009484579,0.005094940423840746,8,8085
lmf-fixed,ccf,mid_trade_return,108,-0.002492485870054227,0.006687090736321948,8,8084
lmf-fixed,ccf,mid_trade_return,109,-0.0022158607368088696,0.009937496878679659,8,8083
lmf-fixed,ccf,mid_trade_return,110,-0.00434361183900821,0.007722439949793822,8,8082
lmf-fixed,ccf,mid_trade_return,111,0.0034421504313002977,0.007339919375373939,8,8081
lmf-fixed,ccf,mid_trade_return,112,0.0006691883096074831,0.012667588714617156,8,8080
lmf-fixed,ccf,mid_trade_return,113,-0.0020677056986294056,0.008093481000058586,8,8079
lmf-fixed,ccf,mid_trade_return,114,-0.0011243853176477808,0.004670938893062446,8,8078
lmf-fixed,ccf,mid_trade_return,115,-0.006819212653916245,0.006490270699915301,8,8077
lmf-fixed,ccf,mid_trade_return,116,-0.0032107103551210292,0.006528777001347775,8,8076
lmf-fixed,ccf,mid_trade_return,117,0.0018838152349457584,0.008918818609405433,8,8075
lmf-fixed,ccf,mid_trade_return,118,0.0026934053514949137,0.0077634175128359515,8,8074
lmf-fixed,ccf,mid_trade_return,119,0.002758975351863076,0.012404833955806466,8,8073
lmf-fixed,ccf,mid_trade_return,120,0.00728797479546754,0.0066116844622000235,8,8072
lmf-fixed,ccf,mid_trade_return,121,0.00012412837077512538,0.01020414142072944,8,8071
lmf-fixed,ccf,mid_trade_return,122,-0.0034499813513563216,0.010792678871576585,8,8070
lmf-fixed,ccf,mid_trade_return,123,0.0017949310821494834,0.005376613829204683,8,8069
lmf-fixed,ccf,mid_trade_return,124,-0.004059457908482106,0.006463364602911786,8,8068
lmf-fixed,ccf,mid_trade_return,125,-0.003738546018507045,0.008348400736367098,8,8067
lmf-fixed,ccf,mid_trade_return,126,0.0013227659896324277,0.005134363581485594,8,8066
lmf-fixed,ccf,mid_trade_return,127,-0.0031332575880628063,0.00996892062037889,8,8065
lmf-fixed,ccf,mid_trade_return,128,0.0009555789635073805,0.004837824933581922,8,8064
lmf-fixed,ccf,mid_return_spread_change,-128,0.002444464051242951,0.006060545616156813,8,8064
lmf-fixed,ccf,mid_return_spread_change,-127,-0.0019276077480418277,0.008729715454107317,8,8065
lmf-fixed,ccf,mid_return_spread_change,-126,0.0007745794942055102,0.0051731873829925475,8,8066
lmf-fixed,ccf,mid_return_spread_change,-125,0.00013932063672905226,0.005656778872872581,8,8067
lmf-fixed,ccf,mid_return_spread_change,-124,-0.0028856053405531407,0.007560021466854657,8,8068
lmf-fixed,ccf,mid_return_spread_change,-123,0.004188759973442317,0.005559563337740311,8,8069
lmf-fixed,ccf,mid_return_spread_change,-122,0.0034731061751016906,0.006202411929249606,8,8070
lmf-fixed,ccf,mid_return_spread_change,-121,-0.0004133188351403296,0.007019506016493907,8,8071
lmf-fixed,ccf,mid_return_spread_change,-120,-0.003304687680898569,0.007101874904175457,8,8072
lmf-fixed,ccf,mid_return_spread_change,-119,0.003886695554856057,0.007013857485832954,8,8073
lmf-fixed,ccf,mid_return_spread_change,-118,0.0008891131291957799,0.005571086974564045,8,8074
lmf-fixed,ccf,mid_return_spread_change,-117,-0.0010077858049096463,0.005519050992377097,8,8075
lmf-fixed,ccf,mid_return_spread_change,-116,-0.0021453380818355445,0.009314250869059942,8,8076
lmf-fixed,ccf,mid_return_spread_change,-115,0.00449135144016505,0.0062974347806801865,8,8077
lmf-fixed,ccf,mid_return_spread_change,-114,-0.0019145280730216497,0.005431010242674306,8,8078
lmf-fixed,ccf,mid_return_spread_change,-113,-0.0007188340375748372,0.005865719425834768,8,8079
lmf-fixed,ccf,mid_return_spread_change,-112,0.0002732973026538253,0.006343158726384854,8,8080
lmf-fixed,ccf,mid_return_spread_change,-111,0.0035957591578966103,0.004626906849756287,8,8081
lmf-fixed,ccf,mid_return_spread_change,-110,-0.004204582866943104,0.006749979019616149,8,8082
lmf-fixed,ccf,mid_return_spread_change,-109,-0.0026208584261317013,0.0068794256299405075,8,8083
lmf-fixed,ccf,mid_return_spread_change,-108,-1.0877703469583974e-05,0.008463310136444836,8,8084
lmf-fixed,ccf,mid_return_spread_change,-107,-0.0008853057857808309,0.007931631523749493,8,8085
lmf-fixed,ccf,mid_return_spread_change,-106,0.004896481550731565,0.0037723473392339397,8,8086
lmf-fixed,ccf,mid_return_spread_change,-105,-0.0008034598274508986,0.006980014835738838,8,8087
lmf-fixed,ccf,mid_return_spread_change,-104,-0.0020341540937573684,0.005141262757401704,8,8088
lmf-fixed,ccf,mid_return_spread_change,-103,-0.0010513068498471322,0.00781691146005447,8,8089
lmf-fixed,ccf,mid_return_spread_change,-102,0.0036175284620484985,0.007413492126596414,8,8090
lmf-fixed,ccf,mid_return_spread_change,-101,0.004554265820647655,0.005366306397722063,8,8091
lmf-fixed,ccf,mid_return_spread_change,-100,-0.003842698177823722,0.005640525036540303,8,8092
lmf-fixed,ccf,mid_return_spread_change,-99,-0.0010692990106154047,0.009160349512972963,8,8093
lmf-fixed,ccf,mid_return_spread_change,-98,0.0024509580268233513,0.006379140910888332,8,8094
lmf-fixed,ccf,mid_return_spread_change,-97,-0.006887754650587113,0.004422574610913649,8,8095
lmf-fixed,ccf,mid_return_spread_change,-96,2.888105827671757e-05,0.004151751315460701,8,8096
lmf-fixed,ccf,mid_return_spread_change,-95,0.0022655309434469043,0.005934339041782181,8,8097
lmf-fixed,ccf,mid_return_spread_change,-94,0.0034580307774496636,0.0062604205088518435,8,8098
lmf-fixed,ccf,mid_return_spread_change,-93,0.0013324112270327836,0.0071493338186978716,8,8099
lmf-fixed,ccf,mid_return_spread_change,-92,-0.003519208277701732,0.005217178446002085,8,8100
lmf-fixed,ccf,mid_return_spread_change,-91,-0.0019062818492461431,0.008475971509424066,8,8101
lmf-fixed,ccf,mid_return_spread_change,-90,0.005304009281848843,0.003951821783579077,8,8102
lmf-fixed,ccf,mid_return_spread_change,-89,-0.003276485739228151,0.005643530412699665,8,8103
lmf-fixed,ccf,mid_return_spread_change,-88,-0.003267512448555419,0.0038797110725304227,8,8104
lmf-fixed,ccf,mid_return_spread_change,-87,-0.0005065758205028065,0.004482395154022669,8,8105
lmf-fixed,ccf,mid_return_spread_change,-86,0.0008052528454210225,0.004867643010548398,8,8106
lmf-fixed,ccf,mid_return_spread_change,-85,0.0016914286918678434,0.005470652550911501,8,8107
lmf-fixed,ccf,mid_return_spread_change,-84,-0.002678016983347577,0.0061445366692782,8,8108
lmf-fixed,ccf,mid_return_spread_change,-83,0.0024193977585542565,0.009851476657168583,8,8109
lmf-fixed,ccf,mid_return_spread_change,-82,-0.00014347856361634416,0.00789230688987163,8,8110
lmf-fixed,ccf,mid_return_spread_change,-81,-0.0010896631010632013,0.005785330818314979,8,8111
lmf-fixed,ccf,mid_return_spread_change,-80,0.006987515426088065,0.006162763016738209,8,8112
lmf-fixed,ccf,mid_return_spread_change,-79,-0.002681431114124835,0.004204815611452804,8,8113
lmf-fixed,ccf,mid_return_spread_change,-78,-0.00031624058191436996,0.0060392829811946125,8,8114
lmf-fixed,ccf,mid_return_spread_change,-77,0.0005587651725032648,0.00658409794590029,8,8115
lmf-fixed,ccf,mid_return_spread_change,-76,0.004082569514358842,0.007553382582628727,8,8116
lmf-fixed,ccf,mid_return_spread_change,-75,0.00011502472483194298,0.010053514381394025,8,8117
lmf-fixed,ccf,mid_return_spread_change,-74,-0.0007239045068234024,0.006100359382731716,8,8118
lmf-fixed,ccf,mid_return_spread_change,-73,0.00210933394743896,0.00817369669741467,8,8119
lmf-fixed,ccf,mid_return_spread_change,-72,-0.002635946858486302,0.005671803692481361,8,8120
lmf-fixed,ccf,mid_return_spread_change,-71,-0.007220681870904854,0.006282107514887175,8,8121
lmf-fixed,ccf,mid_return_spread_change,-70,-0.0014693697658370428,0.006751509685861976,8,8122
lmf-fixed,ccf,mid_return_spread_change,-69,0.001574747579073033,0.007128116770394857,8,8123
lmf-fixed,ccf,mid_return_spread_change,-68,0.0009395362005114446,0.010078493485092804,8,8124
lmf-fixed,ccf,mid_return_spread_change,-67,-0.0009849231370332645,0.009380474455209972,8,8125
lmf-fixed,ccf,mid_return_spread_change,-66,0.004075353087437266,0.007178166995498744,8,8126
lmf-fixed,ccf,mid_return_spread_change,-65,-7.252604758979468e-05,0.008011900344757177,8,8127
lmf-fixed,ccf,mid_return_spread_change,-64,-0.00429612667703688,0.008210967670414682,8,8128
lmf-fixed,ccf,mid_return_spread_change,-63,-0.0015276359981023207,0.008736962831767234,8,8129
lmf-fixed,ccf,mid_return_spread_change,-62,0.0029657290249482117,0.00820714521720224,8,8130
lmf-fixed,ccf,mid_return_spread_change,-61,-0.00010319849176153631,0.006867630218425973,8,8131
lmf-fixed,ccf,mid_return_spread_change,-60,0.0038737139094982185,0.008372041615496189,8,8132
lmf-fixed,ccf,mid_return_spread_change,-59,-0.005868878003424241,0.005992974900750389,8,8133
lmf-fixed,ccf,mid_return_spread_change,-58,-0.002011385085842343,0.007435706830076132,8,8134
lmf-fixed,ccf,mid_return_spread_change,-57,0.001437228887956887,0.007464115954523398,8,8135
lmf-fixed,ccf,mid_return_spread_change,-56,-0.0043613038497544825,0.009916856091617278,8,8136
lmf-fixed,ccf,mid_return_spread_change,-55,-0.005174543706001433,0.007295980274637678,8,8137
lmf-fixed,ccf,mid_return_spread_change,-54,0.0015163006266004882,0.005911290388002058,8,8138
lmf-fixed,ccf,mid_return_spread_change,-53,0.0010173925454244645,0.007026201877367645,8,8139
lmf-fixed,ccf,mid_return_spread_change,-52,0.0014079209760979215,0.005976105917439635,8,8140
lmf-fixed,ccf,mid_return_spread_change,-51,0.0012778362172083072,0.010152377252922399,8,8141
lmf-fixed,ccf,mid_return_spread_change,-50,0.00021969416761356787,0.007453344718769508,8,8142
lmf-fixed,ccf,mid_return_spread_change,-49,-0.00011571394512103041,0.006185696306966062,8,8143
lmf-fixed,ccf,mid_return_spread_change,-48,0.0070502561688212334,0.003062067485290728,8,8144
lmf-fixed,ccf,mid_return_spread_change,-47,-0.0018666748202978045,0.005384754361913455,8,8145
lmf-fixed,ccf,mid_return_spread_change,-46,-0.003029573789690065,0.007250120999816368,8,8146
lmf-fixed,ccf,mid_return_spread_change,-45,0.006108383812783697,0.004920396982264658,8,8147
lmf-fixed,ccf,mid_return_spread_change,-44,-0.007306723190378636,0.0034445106556271316,8,8148
lmf-fixed,ccf,mid_return_spread_change,-43,0.0004177810100514201,0.006028266427192669,8,8149
lmf-fixed,ccf,mid_return_spread_change,-42,-0.0014780696190865557,0.00430093901560259,8,8150
lmf-fixed,ccf,mid_return_spread_change,-41,-8.37689466985504e-05,0.00660895915449957,8,8151
lmf-fixed,ccf,mid_return_spread_change,-40,0.0003766903153676036,0.002959902874527151,8,8152
lmf-fixed,ccf,mid_return_spread_change,-39,0.00034579891871805505,0.007689437308098825,8,8153
lmf-fixed,ccf,mid_return_spread_change,-38,-0.00035137565378763613,0.008573916634047118,8,8154
lmf-fixed,ccf,mid_return_spread_change,-37,-0.003858372174750135,0.006146153025809426,8,8155
lmf-fixed,ccf,mid_return_spread_change,-36,0.002587135101699974,0.007123368996595539,8,8156
lmf-fixed,ccf,mid_return_spread_change,-35,0.00013626986518605567,0.007867779705246896,8,8157
lmf-fixed,ccf,mid_return_spread_change,-34,0.00802763522102972,0.007041563684725572,8,8158
lmf-fixed,ccf,mid_return_spread_change,-33,-0.0020096159087123608,0.006972098045697244,8,8159
lmf-fixed,ccf,mid_return_spread_change,-32,-0.0005477907084959935,0.006514886160691883,8,8160
lmf-fixed,ccf,mid_return_spread_change,-31,-0.002967205907152568,0.0066143345110472145,8,8161
lmf-fixed,ccf,mid_return_spread_change,-30,0.0028425011575323256,0.007920860864725179,8,8162
lmf-fixed,ccf,mid_return_spread_change,-29,0.0036584155218458126,0.0077374494933361935,8,8163
lmf-fixed,ccf,mid_return_spread_change,-28,-0.004360690916066639,0.005452856902394841,8,8164
lmf-fixed,ccf,mid_return_spread_change,-27,-0.0014225898789764634,0.006263433036219374,8,8165
lmf-fixed,ccf,mid_return_spread_change,-26,0.0070761648715465374,0.007979638048432765,8,8166
lmf-fixed,ccf,mid_return_spread_change,-25,-0.003655842530901362,0.0061582702020713306,8,8167
lmf-fixed,ccf,mid_return_spread_change,-24,0.0031580670891200014,0.003183442753409365,8,8168
lmf-fixed,ccf,mid_return_spread_change,-23,-0.0025277624078485234,0.005902041767599328,8,8169
lmf-fixed,ccf,mid_return_spread_change,-22,-0.0031283239733531543,0.005102963263409703,8,8170
lmf-fixed,ccf,mid_return_spread_change,-21,0.005524694869802613,0.00943379875152637,8,8171
lmf-fixed,ccf,mid_return_spread_change,-20,-0.0010286972585171134,0.007434092392379246,8,8172
lmf-fixed,ccf,mid_return_spread_change,-19,-0.0019734911174837345,0.008813227094093235,8,8173
lmf-fixed,ccf,mid_return_spread_change,-18,-0.0025576846363276383,0.009045915734504202,8,8174
lmf-fixed,ccf,mid_return_spread_change,-17,0.0029374872671458305,0.005721775909558383,8,8175
lmf-fixed,ccf,mid_return_spread_change,-16,0.0007975590242438573,0.010001122463378122,8,8176
lmf-fixed,ccf,mid_return_spread_change,-15,0.004265646029647471,0.006062647908440953,8,8177
lmf-fixed,ccf,mid_return_spread_change,-14,0.0010502535008483774,0.007290947465986073,8,8178
lmf-fixed,ccf,mid_return_spread_change,-13,-0.004975985748821986,0.006142345064874583,8,8179
lmf-fixed,ccf,mid_return_spread_change,-12,-0.001932567266642256,0.008209024701045326,8,8180
lmf-fixed,ccf,mid_return_spread_change,-11,0.0024263890648200987,0.00629868739114141,8,8181
lmf-fixed,ccf,mid_return_spread_change,-10,0.010630501078578488,0.012276313437253059,8,8182
lmf-fixed,ccf,mid_return_spread_change,-9,-0.0028100501604771473,0.00842566869841425,8,8183
lmf-fixed,ccf,mid_return_spread_change,-8,-0.007348041099273718,0.009183761937662968,8,8184
lmf-fixed,ccf,mid_return_spread_change,-7,-0.004684896211920432,0.010521602686706589,8,8185
lmf-fixed,ccf,mid_return_spread_change,-6,0.00605814443569609,0.01076134282054041,8,8186
lmf-fixed,ccf,mid_return_spread_change,-5,-0.0036855532252235285,0.0088848731005977,8,8187
lmf-fixed,ccf,mid_return_spread_change,-4,0.005187776046065278,0.006037225218061726,8,8188
lmf-fixed,ccf,mid_return_spread_change,-3,-5.667072440512788e-06,0.005662136307771328,8,8189
lmf-fixed,ccf,mid_return_spread_change,-2,0.0042354792180251555,0.00913209666633705,8,8190
lmf-fixed,ccf,mid_return_spread_change,-1,-0.008721136061095425,0.013803519916977022,8,8191
lmf-fixed,ccf,mid_return_spread_change,0,0.005585876959722581,0.017884739105163038,8,8192
lmf-fixed,ccf,mid_return_spread_change,1,-0.008095701057246883,0.016606274128553613,8,8191
lmf-fixed,ccf,mid_return_spread_change,2,-0.00895873952096509,0.009595138365148066,8,8190
lmf-fixed,ccf,mid_return_spread_change,3,0.0021362762667090462,0.0069284197642874995,8,8189
lmf-fixed,ccf,mid_return_spread_change,4,0.004101117185251394,0.00805467371746783,8,8188
lmf-fixed,ccf,mid_return_spread_change,5,-0.00452640896345054,0.004091884109709723,8,8187
lmf-fixed,ccf,mid_return_spread_change,6,-0.0018793251358069037,0.01161257029410003,8,8186
lmf-fixed,ccf,mid_return_spread_change,7,-0.0006475080500759191,0.007162982787330532,8,8185
lmf-fixed,ccf,mid_return_spread_change,8,0.007682176117933354,0.0063303709618952415,8,8184
lmf-fixed,ccf,mid_return_spread_change,9,0.0016691326320821993,0.008740947170364116,8,8183
lmf-fixed,ccf,mid_return_spread_change,10,-0.0015011450568161865,0.009514112458193622,8,8182
lmf-fixed,ccf,mid_return_spread_change,11,-0.0072510138844009515,0.0079335224720142,8,8181
lmf-fixed,ccf,mid_return_spread_change,12,0.00132984796676663,0.00835182245821776,8,8180
lmf-fixed,ccf,mid_return_spread_change,13,0.005568930612027025,0.003423202146684362,8,8179
lmf-fixed,ccf,mid_return_spread_change,14,0.0010616736860265155,0.0068381929695392005,8,8178
lmf-fixed,ccf,mid_return_spread_change,15,0.0011655117692632622,0.003716056209568685,8,8177
lmf-fixed,ccf,mid_return_spread_change,16,-0.00100595794743532,0.005966698901401144,8,8176
lmf-fixed,ccf,mid_return_spread_change,17,-0.0034509568105436984,0.008891837080796477,8,8175
lmf-fixed,ccf,mid_return_spread_change,18,-6.327479104159992e-05,0.004133561887164324,8,8174
lmf-fixed,ccf,mid_return_spread_change,19,0.0025961444404571737,0.008105006506209263,8,8173
lmf-fixed,ccf,mid_return_spread_change,20,-0.008879561865580114,0.012322045370682629,8,8172
lmf-fixed,ccf,mid_return_spread_change,21,0.00203513729270608,0.00725147238367718,8,8171
lmf-fixed,ccf,mid_return_spread_change,22,0.009657127346015844,0.0059716934725340745,8,8170
lmf-fixed,ccf,mid_return_spread_change,23,0.0002669061540935625,0.004362782513188106,8,8169
lmf-fixed,ccf,mid_return_spread_change,24,-0.0031350604329617392,0.008826517735687961,8,8168
lmf-fixed,ccf,mid_return_spread_change,25,-0.0007683629580547699,0.008211284672151993,8,8167
lmf-fixed,ccf,mid_return_spread_change,26,-0.0008266875502826879,0.007130002717395439,8,8166
lmf-fixed,ccf,mid_return_spread_change,27,-0.004186726829513798,0.012159779943091711,8,8165
lmf-fixed,ccf,mid_return_spread_change,28,-0.004067762317809983,0.00795121705503235,8,8164
lmf-fixed,ccf,mid_return_spread_change,29,0.005329757917623608,0.006542867427949022,8,8163
lmf-fixed,ccf,mid_return_spread_change,30,-0.0012527989306048786,0.005924121535893998,8,8162
lmf-fixed,ccf,mid_return_spread_change,31,0.005874599844468458,0.00500578213590897,8,8161
lmf-fixed,ccf,mid_return_spread_change,32,0.0034583190460027546,0.010887332647332387,8,8160
lmf-fixed,ccf,mid_return_spread_change,33,0.00040047902584887266,0.006119367363660781,8,8159
lmf-fixed,ccf,mid_return_spread_change,34,-0.003638993877940483,0.006613425829805706,8,8158
lmf-fixed,ccf,mid_return_spread_change,35,0.002387304711654476,0.008242620431049992,8,8157
lmf-fixed,ccf,mid_return_spread_change,36,0.0010658655492488656,0.008905809969387182,8,8156
lmf-fixed,ccf,mid_return_spread_change,37,-0.003374576790993165,0.0059662937872729345,8,8155
lmf-fixed,ccf,mid_return_spread_change,38,-0.005120427816466539,0.007779439541645861,8,8154
lmf-fixed,ccf,mid_return_spread_change,39,0.007602451037062863,0.004097186377118583,8,8153
lmf-fixed,ccf,mid_return_spread_change,40,0.0028605745379903695,0.008398910077238244,8,8152
lmf-fixed,ccf,mid_return_spread_change,41,0.006359214092815062,0.006865257687242367,8,8151
lmf-fixed,ccf,mid_return_spread_change,42,-0.004709948561302781,0.005134002398821424,8,8150
lmf-fixed,ccf,mid_return_spread_change,43,-0.004565660304581683,0.00841910093241288,8,8149
lmf-fixed,ccf,mid_return_spread_change,44,0.00299583848860706,0.007968153811002082,8,8148
lmf-fixed,ccf,mid_return_spread_change,45,-0.001958183202530315,0.004068346479232006,8,8147
lmf-fixed,ccf,mid_return_spread_change,46,-0.0008394058388330865,0.005515876426402429,8,8146
lmf-fixed,ccf,mid_return_spread_change,47,0.0013748957359541979,0.007140595189691317,8,8145
lmf-fixed,ccf,mid_return_spread_change,48,-0.0007056697448534674,0.008216909401118626,8,8144
lmf-fixed,ccf,mid_return_spread_change,49,-0.0003802451360401943,0.008212279028623119,8,8143
lmf-fixed,ccf,mid_return_spread_change,50,-7.866553512427525e-05,0.0072957607511991845,8,8142
lmf-fixed,ccf,mid_return_spread_change,51,0.0017825145192624636,0.008343052511423414,8,8141
lmf-fixed,ccf,mid_return_spread_change,52,-0.0030593170780985083,0.004689225656012117,8,8140
lmf-fixed,ccf,mid_return_spread_change,53,2.0361881104800022e-05,0.004754282590683835,8,8139
lmf-fixed,ccf,mid_return_spread_change,54,0.0007694759323902014,0.007113322519162526,8,8138
lmf-fixed,ccf,mid_return_spread_change,55,-0.003461094704934564,0.004625702975892797,8,8137
lmf-fixed,ccf,mid_return_spread_change,56,0.00016458994947474875,0.008293177898641745,8,8136
lmf-fixed,ccf,mid_return_spread_change,57,-0.003942137535626409,0.006801722635612099,8,8135
lmf-fixed,ccf,mid_return_spread_change,58,-0.003589089651478677,0.004495591888120254,8,8134
lmf-fixed,ccf,mid_return_spread_change,59,0.00704005890286998,0.010995553223396053,8,8133
lmf-fixed,ccf,mid_return_spread_change,60,-0.0027577475711362833,0.005761211386159747,8,8132
lmf-fixed,ccf,mid_return_spread_change,61,-8.677830229988139e-05,0.005939419149251293,8,8131
lmf-fixed,ccf,mid_return_spread_change,62,0.001603075962828451,0.006724856692275338,8,8130
lmf-fixed,ccf,mid_return_spread_change,63,0.007232224455050846,0.009493834462722953,8,8129
lmf-fixed,ccf,mid_return_spread_change,64,0.0008545284999392887,0.006067338834622003,8,8128
lmf-fixed,ccf,mid_return_spread_change,65,-0.0004384529264069222,0.0055561927767718445,8,8127
lmf-fixed,ccf,mid_return_spread_change,66,-0.0032165843981666444,0.00725421256008842,8,8126
lmf-fixed,ccf,mid_return_spread_change,67,-0.005977617893399995,0.005633722850464673,8,8125
lmf-fixed,ccf,mid_return_spread_change,68,0.003872524177417677,0.0062056887119992625,8,8124
lmf-fixed,ccf,mid_return_spread_change,69,-0.0030546946568485622,0.005342255753638613,8,8123
lmf-fixed,ccf,mid_return_spread_change,70,-0.00014998920521875513,0.007855460324184098,8,8122
lmf-fixed,ccf,mid_return_spread_change,71,0.008833585675797099,0.004803706225140081,8,8121
lmf-fixed,ccf,mid_return_spread_change,72,-0.0034007228368226226,0.00706481757528469,8,8120
lmf-fixed,ccf,mid_return_spread_change,73,-0.00410720777660331,0.005595037446084193,8,8119
lmf-fixed,ccf,mid_return_spread_change,74,0.0009664705087910699,0.00891883606864933,8,8118
lmf-fixed,ccf,mid_return_spread_change,75,-0.008232005122735914,0.009031154796303712,8,8117
lmf-fixed,ccf,mid_return_spread_change,76,0.0023189432612737045,0.005392701470433721,8,8116
lmf-fixed,ccf,mid_return_spread_change,77,0.004455477274935044,0.005552996397258792,8,8115
lmf-fixed,ccf,mid_return_spread_change,78,0.0031498746603777434,0.010862924181991631,8,8114
lmf-fixed,ccf,mid_return_spread_change,79,0.0003004852778838497,0.005629966677172474,8,8113
lmf-fixed,ccf,mid_return_spread_change,80,0.0016892134898515063,0.009578713934019049,8,8112
lmf-fixed,ccf,mid_return_spread_change,81,-0.001154955803641282,0.008079593651442746,8,8111
lmf-fixed,ccf,mid_return_spread_change,82,-0.0020889944107107105,0.0069367970753200685,8,8110
lmf-fixed,ccf,mid_return_spread_change,83,0.005575241543411598,0.006957619982793075,8,8109
lmf-fixed,ccf,mid_return_spread_change,84,-0.0038726939361719147,0.0049687340385619555,8,8108
lmf-fixed,ccf,mid_return_spread_change,85,-0.003701441231642487,0.005987328786844615,8,8107
lmf-fixed,ccf,mid_return_spread_change,86,0.0036874395123517876,0.005648742329070614,8,8106
lmf-fixed,ccf,mid_return_spread_change,87,0.0005845979856388206,0.0056700453374988816,8,8105
lmf-fixed,ccf,mid_return_spread_change,88,-0.0019678380380100564,0.008035840615651001,8,8104
lmf-fixed,ccf,mid_return_spread_change,89,0.0012690159428097021,0.007668889050719343,8,8103
lmf-fixed,ccf,mid_return_spread_change,90,0.0025451104964979527,0.004747882268956021,8,8102
lmf-fixed,ccf,mid_return_spread_change,91,-0.0015515540927245122,0.006413505323109959,8,8101
lmf-fixed,ccf,mid_return_spread_change,92,-0.0020631237765128623,0.01051021818397112,8,8100
lmf-fixed,ccf,mid_return_spread_change,93,0.0002278830912896538,0.005389004665915354,8,8099
lmf-fixed,ccf,mid_return_spread_change,94,0.0012084539304721654,0.01115229839388833,8,8098
lmf-fixed,ccf,mid_return_spread_change,95,-0.0003432888465166758,0.008454802505706755,8,8097
lmf-fixed,ccf,mid_return_spread_change,96,0.0003419282087330335,0.010441677706697055,8,8096
lmf-fixed,ccf,mid_return_spread_change,97,0.00010690694110281605,0.00897622178315652,8,8095
lmf-fixed,ccf,mid_return_spread_change,98,-0.005762427622512072,0.007933439389717566,8,8094
lmf-fixed,ccf,mid_return_spread_change,99,-0.0028105824889219254,0.0067343214361755025,8,8093
lmf-fixed,ccf,mid_return_spread_change,100,0.004323964321701816,0.006115360449004488,8,8092
lmf-fixed,ccf,mid_return_spread_change,101,0.0004018262262618429,0.007204322700800669,8,8091
lmf-fixed,ccf,mid_return_spread_change,102,0.0008822250213757921,0.0038399797263815893,8,8090
lmf-fixed,ccf,mid_return_spread_change,103,0.0019998331545615666,0.006658655211459832,8,8089
lmf-fixed,ccf,mid_return_spread_change,104,-0.0016581168607020837,0.007850363555196306,8,8088
lmf-fixed,ccf,mid_return_spread_change,105,0.005399164753991093,0.011052316152511071,8,8087
lmf-fixed,ccf,mid_return_spread_change,106,-0.0031678073154502036,0.00489151533177024,8,8086
lmf-fixed,ccf,mid_return_spread_change,107,-0.004245862518743973,0.004662478893775689,8,8085
lmf-fixed,ccf,mid_return_spread_change,108,0.0002149343245011244,0.008514498348159589,8,8084
lmf-fixed,ccf,mid_return_spread_change,109,0.007057469497158015,0.00409990917460556,8,8083
lmf-fixed,ccf,mid_return_spread_change,110,-0.004166854021373256,0.00934194144006637,8,8082
lmf-fixed,ccf,mid_return_spread_change,111,-0.002474780828669394,0.009266742550158732,8,8081
lmf-fixed,ccf,mid_return_spread_change,112,-0.001065744988977988,0.00826602511466562,8,8080
lmf-fixed,ccf,mid_return_spread_change,113,-0.004942688515835793,0.006968329300752233,8,8079
lmf-fixed,ccf,mid_return_spread_change,114,0.00023481961348880212,0.006379606883160655,8,8078
lmf-fixed,ccf,mid_return_spread_change,115,0.0051584099488196766,0.007976711256838194,8,8077
lmf-fixed,ccf,mid_return_spread_change,116,0.003020334624011465,0.006959139375839112,8,8076
lmf-fixed,ccf,mid_return_spread_change,117,-0.003363897303697876,0.009846024815595614,8,8075
lmf-fixed,ccf,mid_return_spread_change,118,-0.005433407777067434,0.009466846740460758,8,8074
lmf-fixed,ccf,mid_return_spread_change,119,-0.000424490285410211,0.014261225300392363,8,8073
lmf-fixed,ccf,mid_return_spread_change,120,0.002375028126868718,0.008351864654733985,8,8072
lmf-fixed,ccf,mid_return_spread_change,121,1.9447859862308978e-05,0.0037348330261645283,8,8071
lmf-fixed,ccf,mid_return_spread_change,122,0.003653349890118411,0.0087430165853368,8,8070
lmf-fixed,ccf,mid_return_spread_change,123,0.004122079497824095,0.008703694453477195,8,8069
lmf-fixed,ccf,mid_return_spread_change,124,-4.561453148356118e-05,0.009747847535647112,8,8068
lmf-fixed,ccf,mid_return_spread_change,125,0.004135356601397406,0.00669110485848103,8,8067
lmf-fixed,ccf,mid_return_spread_change,126,-0.0052192893191493105,0.007414365424476487,8,8066
lmf-fixed,ccf,mid_return_spread_change,127,0.0020693189259586627,0.008235347025967359,8,8065
lmf-fixed,ccf,mid_return_spread_change,128,-0.0006759126340820515,0.007220681733664392,8,8064
lmf-fixed,ccf,abs_mid_return_spread,-128,0.06246133821442737,0.03902136616879073,8,8064
lmf-fixed,ccf,abs_mid_return_spread,-127,0.06269142480294702,0.03963235251043831,8,8065
lmf-fixed,ccf,abs_mid_return_spread,-126,0.06426958125112059,0.037985360186632275,8,8066
lmf-fixed,ccf,abs_mid_return_spread,-125,0.06649083231690944,0.04004168656037496,8,8067
lmf-fixed,ccf,abs_mid_return_spread,-124,0.06661991643262083,0.03981106304730089,8,8068
lmf-fixed,ccf,abs_mid_return_spread,-123,0.06607039045080204,0.037527134873469,8,8069
lmf-fixed,ccf,abs_mid_return_spread,-122,0.06900033334562562,0.03793388497605628,8,8070
lmf-fixed,ccf,abs_mid_return_spread,-121,0.07092904337430013,0.03833204902824123,8,8071
lmf-fixed,ccf,abs_mid_return_spread,-120,0.0723352986523693,0.037980627362013825,8,8072
lmf-fixed,ccf,abs_mid_return_spread,-119,0.07406345497969913,0.03798681916600259,8,8073
lmf-fixed,ccf,abs_mid_return_spread,-118,0.07474493965093802,0.03617189745303026,8,8074
lmf-fixed,ccf,abs_mid_return_spread,-117,0.07518215411472265,0.03801185542998354,8,8075
lmf-fixed,ccf,abs_mid_return_spread,-116,0.07709153453494746,0.039563594099200836,8,8076
lmf-fixed,ccf,abs_mid_return_spread,-115,0.07657759097858036,0.04160534980093561,8,8077
lmf-fixed,ccf,abs_mid_return_spread,-114,0.07229050386578773,0.04186471564514805,8,8078
lmf-fixed,ccf,abs_mid_return_spread,-113,0.07366636572811115,0.03943758270277567,8,8079
lmf-fixed,ccf,abs_mid_return_spread,-112,0.07638326880586312,0.03808779436408179,8,8080
lmf-fixed,ccf,abs_mid_return_spread,-111,0.07709521933635793,0.04057784902927518,8,8081
lmf-fixed,ccf,abs_mid_return_spread,-110,0.08091154367382797,0.04144571651925999,8,8082
lmf-fixed,ccf,abs_mid_return_spread,-109,0.08134332855778015,0.04181428862941237,8,8083
lmf-fixed,ccf,abs_mid_return_spread,-108,0.08128571166951896,0.04349416394100637,8,8084
lmf-fixed,ccf,abs_mid_return_spread,-107,0.08363679453812621,0.042045007012962064,8,8085
lmf-fixed,ccf,abs_mid_return_spread,-106,0.08368362624508836,0.042160293961814775,8,8086
lmf-fixed,ccf,abs_mid_return_spread,-105,0.08668863364195355,0.042534675800412605,8,8087
lmf-fixed,ccf,abs_mid_return_spread,-104,0.08604111057865794,0.04500870524588049,8,8088
lmf-fixed,ccf,abs_mid_return_spread,-103,0.08871535151218173,0.04376302272718836,8,8089
lmf-fixed,ccf,abs_mid_return_spread,-102,0.0885875609133397,0.043296114842533526,8,8090
lmf-fixed,ccf,abs_mid_return_spread,-101,0.08941069567342769,0.04195289076207267,8,8091
lmf-fixed,ccf,abs_mid_return_spread,-100,0.08753999969724834,0.0467415630429624,8,8092
lmf-fixed,ccf,abs_mid_return_spread,-99,0.09073419496954399,0.04358619951832003,8,8093
lmf-fixed,ccf,abs_mid_return_spread,-98,0.08879868800990774,0.04336857388827751,8,8094
lmf-fixed,ccf,abs_mid_return_spread,-97,0.09058661089216266,0.041935307760521526,8,8095
lmf-fixed,ccf,abs_mid_return_spread,-96,0.08852450645132438,0.0442072888374043,8,8096
lmf-fixed,ccf,abs_mid_return_spread,-95,0.08944172993835672,0.040795096743744416,8,8097
lmf-fixed,ccf,abs_mid_return_spread,-94,0.08902005458764009,0.046293548434188536,8,8098
lmf-fixed,ccf,abs_mid_return_spread,-93,0.09100620727268686,0.043326721955239476,8,8099
lmf-fixed,ccf,abs_mid_return_spread,-92,0.09492305569824092,0.04213980661452512,8,8100
lmf-fixed,ccf,abs_mid_return_spread,-91,0.09594395151964633,0.042076979613655814,8,8101
lmf-fixed,ccf,abs_mid_return_spread,-90,0.09870411816353865,0.043455249084943116,8,8102
lmf-fixed,ccf,abs_mid_return_spread,-89,0.09756031005102823,0.04324693308761033,8,8103
lmf-fixed,ccf,abs_mid_return_spread,-88,0.0964707704194116,0.04340324606882418,8,8104
lmf-fixed,ccf,abs_mid_return_spread,-87,0.09501204711417123,0.046397804324408105,8,8105
lmf-fixed,ccf,abs_mid_return_spread,-86,0.09482223133089225,0.04394274055628176,8,8106
lmf-fixed,ccf,abs_mid_return_spread,-85,0.09702894740557305,0.04626266241889973,8,8107
lmf-fixed,ccf,abs_mid_return_spread,-84,0.09776499005378855,0.04585952998768028,8,8108
lmf-fixed,ccf,abs_mid_return_spread,-83,0.09894990630955322,0.045337422257748124,8,8109
lmf-fixed,ccf,abs_mid_return_spread,-82,0.09957825943819443,0.044855740040383646,8,8110
lmf-fixed,ccf,abs_mid_return_spread,-81,0.0971430876038976,0.04920933670495685,8,8111
lmf-fixed,ccf,abs_mid_return_spread,-80,0.0945506057644539,0.04875147852260197,8,8112
lmf-fixed,ccf,abs_mid_return_spread,-79,0.09651787035422987,0.04827647686727557,8,8113
lmf-fixed,ccf,abs_mid_return_spread,-78,0.10098379194154404,0.047184627152510615,8,8114
lmf-fixed,ccf,abs_mid_return_spread,-77,0.09654792559551036,0.051644943664500356,8,8115
lmf-fixed,ccf,abs_mid_return_spread,-76,0.09939802329158867,0.050026855639398946,8,8116
lmf-fixed,ccf,abs_mid_return_spread,-75,0.09966225609032614,0.049500567879632834,8,8117
lmf-fixed,ccf,abs_mid_return_spread,-74,0.10154681560559314,0.04968094603135878,8,8118
lmf-fixed,ccf,abs_mid_return_spread,-73,0.10120658124495248,0.04979758764200908,8,8119
lmf-fixed,ccf,abs_mid_return_spread,-72,0.10706463007179157,0.04951881194080755,8,8120
lmf-fixed,ccf,abs_mid_return_spread,-71,0.10676022349104054,0.048843286008433164,8,8121
lmf-fixed,ccf,abs_mid_return_spread,-70,0.10496911271301061,0.04918004630187488,8,8122
lmf-fixed,ccf,abs_mid_return_spread,-69,0.10547713437366965,0.051319677468957756,8,8123
lmf-fixed,ccf,abs_mid_return_spread,-68,0.10698369047551963,0.05251028385862665,8,8124
lmf-fixed,ccf,abs_mid_return_spread,-67,0.10806583526408663,0.05228137339180017,8,8125
lmf-fixed,ccf,abs_mid_return_spread,-66,0.11088428985376546,0.05275745783642196,8,8126
lmf-fixed,ccf,abs_mid_return_spread,-65,0.10967787936835666,0.05426626142355178,8,8127
lmf-fixed,ccf,abs_mid_return_spread,-64,0.11359745130119799,0.056313979455923986,8,8128
lmf-fixed,ccf,abs_mid_return_spread,-63,0.11652456140674695,0.05568005501793229,8,8129
lmf-fixed,ccf,abs_mid_return_spread,-62,0.11824057586657935,0.05662949057002263,8,8130
lmf-fixed,ccf,abs_mid_return_spread,-61,0.11598403442222659,0.058497315162987375,8,8131
lmf-fixed,ccf,abs_mid_return_spread,-60,0.11606860813908884,0.05771319781596983,8,8132
lmf-fixed,ccf,abs_mid_return_spread,-59,0.1156314014718749,0.05780439643990035,8,8133
lmf-fixed,ccf,abs_mid_return_spread,-58,0.11785143599531274,0.05651126982328716,8,8134
lmf-fixed,ccf,abs_mid_return_spread,-57,0.12126105535413025,0.05779736241311794,8,8135
lmf-fixed,ccf,abs_mid_return_spread,-56,0.12180141250251464,0.06040951633666728,8,8136
lmf-fixed,ccf,abs_mid_return_spread,-55,0.12097096700222411,0.056335448055280096,8,8137
lmf-fixed,ccf,abs_mid_return_spread,-54,0.12073946457922424,0.05719011929186558,8,8138
lmf-fixed,ccf,abs_mid_return_spread,-53,0.11995121811605514,0.05832207996095849,8,8139
lmf-fixed,ccf,abs_mid_return_spread,-52,0.1231840395894299,0.056666225986650325,8,8140
lmf-fixed,ccf,abs_mid_return_spread,-51,0.12033727919613946,0.058909346767147465,8,8141
lmf-fixed,ccf,abs_mid_return_spread,-50,0.1197627519777234,0.05982860376628568,8,8142
lmf-fixed,ccf,abs_mid_return_spread,-49,0.12162407673417655,0.059274461330754716,8,8143
lmf-fixed,ccf,abs_mid_return_spread,-48,0.12275321604839638,0.057624612957183685,8,8144
lmf-fixed,ccf,abs_mid_return_spread,-47,0.12439422575908474,0.05919260385176883,8,8145
lmf-fixed,ccf,abs_mid_return_spread,-46,0.12382018762802302,0.06078676445490942,8,8146
lmf-fixed,ccf,abs_mid_return_spread,-45,0.12492640096209878,0.060982907908557475,8,8147
lmf-fixed,ccf,abs_mid_return_spread,-44,0.12469422216199974,0.05916152453304138,8,8148
lmf-fixed,ccf,abs_mid_return_spread,-43,0.12900201901834157,0.059332217235279976,8,8149
lmf-fixed,ccf,abs_mid_return_spread,-42,0.12925416235340284,0.05970501172014858,8,8150
lmf-fixed,ccf,abs_mid_return_spread,-41,0.1334225274889674,0.0566088283391053,8,8151
lmf-fixed,ccf,abs_mid_return_spread,-40,0.13348122438649918,0.05634782116616373,8,8152
lmf-fixed,ccf,abs_mid_return_spread,-39,0.13367673238372862,0.05774776025236046,8,8153
lmf-fixed,ccf,abs_mid_return_spread,-38,0.13179912326075394,0.06240191034473625,8,8154
lmf-fixed,ccf,abs_mid_return_spread,-37,0.1325424125306128,0.06344544190407049,8,8155
lmf-fixed,ccf,abs_mid_return_spread,-36,0.13455461738740415,0.0630041614650683,8,8156
lmf-fixed,ccf,abs_mid_return_spread,-35,0.13833916383399347,0.0588260982918058,8,8157
lmf-fixed,ccf,abs_mid_return_spread,-34,0.13745075668968848,0.059469439467856454,8,8158
lmf-fixed,ccf,abs_mid_return_spread,-33,0.1392547438737027,0.05800242223036597,8,8159
lmf-fixed,ccf,abs_mid_return_spread,-32,0.1401970360719534,0.060367081365736736,8,8160
lmf-fixed,ccf,abs_mid_return_spread,-31,0.14157404254039188,0.057756138190044624,8,8161
lmf-fixed,ccf,abs_mid_return_spread,-30,0.14215769120349636,0.057357654274771026,8,8162
lmf-fixed,ccf,abs_mid_return_spread,-29,0.14529241046975627,0.05654641814865205,8,8163
lmf-fixed,ccf,abs_mid_return_spread,-28,0.14772521623533127,0.05767883159766569,8,8164
lmf-fixed,ccf,abs_mid_return_spread,-27,0.15276573833693932,0.05591847270634335,8,8165
lmf-fixed,ccf,abs_mid_return_spread,-26,0.1548029411461907,0.05518899037467165,8,8166
lmf-fixed,ccf,abs_mid_return_spread,-25,0.15449419711621812,0.05481983705595974,8,8167
lmf-fixed,ccf,abs_mid_return_spread,-24,0.15455751403077697,0.056978534151008356,8,8168
lmf-fixed,ccf,abs_mid_return_spread,-23,0.1561049168232637,0.05626498705717502,8,8169
lmf-fixed,ccf,abs_mid_return_spread,-22,0.15839939959817897,0.05897592980091146,8,8170
lmf-fixed,ccf,abs_mid_return_spread,-21,0.15565895337992403,0.05994736215486195,8,8171
lmf-fixed,ccf,abs_mid_return_spread,-20,0.15892834430507313,0.05833082624066617,8,8172
lmf-fixed,ccf,abs_mid_return_spread,-19,0.1629829845415799,0.058759628817513204,8,8173
lmf-fixed,ccf,abs_mid_return_spread,-18,0.16739133258981942,0.059117397210442464,8,8174
lmf-fixed,ccf,abs_mid_return_spread,-17,0.1696959144895539,0.05622378555251435,8,8175
lmf-fixed,ccf,abs_mid_return_spread,-16,0.17159706030508218,0.05560373032423882,8,8176
lmf-fixed,ccf,abs_mid_return_spread,-15,0.17664516599085067,0.05806062483433547,8,8177
lmf-fixed,ccf,abs_mid_return_spread,-14,0.17993243761977368,0.0573008388644855,8,8178
lmf-fixed,ccf,abs_mid_return_spread,-13,0.18632358603192997,0.05347578112271258,8,8179
lmf-fixed,ccf,abs_mid_return_spread,-12,0.1865618324584064,0.053684746259463,8,8180
lmf-fixed,ccf,abs_mid_return_spread,-11,0.1874626772541857,0.05732503759143302,8,8181
lmf-fixed,ccf,abs_mid_return_spread,-10,0.19388410129922393,0.05442177326216126,8,8182
lmf-fixed,ccf,abs_mid_return_spread,-9,0.19618732331388883,0.055652514584824994,8,8183
lmf-fixed,ccf,abs_mid_return_spread,-8,0.20228780954782388,0.05336759127847987,8,8184
lmf-fixed,ccf,abs_mid_return_spread,-7,0.20975491934668325,0.053217231686563594,8,8185
lmf-fixed,ccf,abs_mid_return_spread,-6,0.21571136506963423,0.05178853069910131,8,8186
lmf-fixed,ccf,abs_mid_return_spread,-5,0.21922445274802818,0.05119301596407992,8,8187
lmf-fixed,ccf,abs_mid_return_spread,-4,0.22917691298132753,0.05391192780547965,8,8188
lmf-fixed,ccf,abs_mid_return_spread,-3,0.23291114959781167,0.050226253829092404,8,8189
lmf-fixed,ccf,abs_mid_return_spread,-2,0.224003110661571,0.05497262765544975,8,8190
lmf-fixed,ccf,abs_mid_return_spread,-1,0.18305577678110468,0.06679777892990409,8,8191
lmf-fixed,ccf,abs_mid_return_spread,0,0.41712196514302935,0.015919688720724984,8,8192
lmf-fixed,ccf,abs_mid_return_spread,1,0.3686862861607739,0.026070404548478716,8,8191
lmf-fixed,ccf,abs_mid_return_spread,2,0.3690532542079038,0.02818446373807457,8,8190
lmf-fixed,ccf,abs_mid_return_spread,3,0.3592016144220245,0.029396010266269836,8,8189
lmf-fixed,ccf,abs_mid_return_spread,4,0.3528725521119044,0.0332261837603283,8,8188
lmf-fixed,ccf,abs_mid_return_spread,5,0.3496905885823787,0.0343144380638249,8,8187
lmf-fixed,ccf,abs_mid_return_spread,6,0.3448794180879384,0.034121828593745455,8,8186
lmf-fixed,ccf,abs_mid_return_spread,7,0.33946409854868775,0.03523902012736422,8,8185
lmf-fixed,ccf,abs_mid_return_spread,8,0.33374020051500164,0.03736029486903959,8,8184
lmf-fixed,ccf,abs_mid_return_spread,9,0.32777072273530755,0.041336388846976935,8,8183
lmf-fixed,ccf,abs_mid_return_spread,10,0.3260064050355169,0.039768604095192846,8,8182
lmf-fixed,ccf,abs_mid_return_spread,11,0.31959418329059713,0.0417980293768705,8,8181
lmf-fixed,ccf,abs_mid_return_spread,12,0.3184354986678057,0.03975277518286459,8,8180
lmf-fixed,ccf,abs_mid_return_spread,13,0.31173026411357774,0.0401547056346907,8,8179
lmf-fixed,ccf,abs_mid_return_spread,14,0.3090197428991056,0.039466707357972294,8,8178
lmf-fixed,ccf,abs_mid_return_spread,15,0.3078233656063431,0.04127881931381573,8,8177
lmf-fixed,ccf,abs_mid_return_spread,16,0.3031951293656676,0.04225358797841255,8,8176
lmf-fixed,ccf,abs_mid_return_spread,17,0.2964615899958209,0.04127831254797116,8,8175
lmf-fixed,ccf,abs_mid_return_spread,18,0.2931636340611079,0.044051209568231504,8,8174
lmf-fixed,ccf,abs_mid_return_spread,19,0.2902151086035732,0.045251850039697956,8,8173
lmf-fixed,ccf,abs_mid_return_spread,20,0.2906798566692115,0.044491021316911177,8,8172
lmf-fixed,ccf,abs_mid_return_spread,21,0.28683839360835506,0.04691592734609021,8,8171
lmf-fixed,ccf,abs_mid_return_spread,22,0.2858309185542252,0.048078206829185476,8,8170
lmf-fixed,ccf,abs_mid_return_spread,23,0.2839393066379004,0.04946490359456009,8,8169
lmf-fixed,ccf,abs_mid_return_spread,24,0.27763671102569487,0.052530297681064465,8,8168
lmf-fixed,ccf,abs_mid_return_spread,25,0.27484897771338473,0.0526498235243081,8,8167
lmf-fixed,ccf,abs_mid_return_spread,26,0.2743514568647186,0.0495049102275722,8,8166
lmf-fixed,ccf,abs_mid_return_spread,27,0.2715418882786785,0.05311086126814795,8,8165
lmf-fixed,ccf,abs_mid_return_spread,28,0.27104977032970445,0.052502248973087404,8,8164
lmf-fixed,ccf,abs_mid_return_spread,29,0.2701895471897014,0.05203622819803624,8,8163
lmf-fixed,ccf,abs_mid_return_spread,30,0.2628833449136801,0.05564056822339909,8,8162
lmf-fixed,ccf,abs_mid_return_spread,31,0.2573614015845449,0.05341919697663266,8,8161
lmf-fixed,ccf,abs_mid_return_spread,32,0.25657520912368065,0.051564487060060074,8,8160
lmf-fixed,ccf,abs_mid_return_spread,33,0.25742924949306734,0.052983480733187954,8,8159
lmf-fixed,ccf,abs_mid_return_spread,34,0.25433428053071455,0.055829724984020244,8,8158
lmf-fixed,ccf,abs_mid_return_spread,35,0.25238166430477815,0.05304881359005885,8,8157
lmf-fixed,ccf,abs_mid_return_spread,36,0.24763624698606948,0.0555865352885585,8,8156
lmf-fixed,ccf,abs_mid_return_spread,37,0.2435758013241875,0.055437127226559094,8,8155
lmf-fixed,ccf,abs_mid_return_spread,38,0.24002384295808202,0.05686903663758443,8,8154
lmf-fixed,ccf,abs_mid_return_spread,39,0.24150296251838804,0.05480774455564121,8,8153
lmf-fixed,ccf,abs_mid_return_spread,40,0.23822518418998184,0.055740239254508696,8,8152
lmf-fixed,ccf,abs_mid_return_spread,41,0.23527702069873566,0.055323096238943215,8,8151
lmf-fixed,ccf,abs_mid_return_spread,42,0.23410235390476147,0.05673780927028148,8,8150
lmf-fixed,ccf,abs_mid_return_spread,43,0.23146590017735086,0.05846491745905384,8,8149
lmf-fixed,ccf,abs_mid_return_spread,44,0.2290381663079461,0.06007316540993909,8,8148
lmf-fixed,ccf,abs_mid_return_spread,45,0.22573828227761353,0.06046257259892414,8,8147
lmf-fixed,ccf,abs_mid_return_spread,46,0.22352704985437097,0.057848623884858105,8,8146
lmf-fixed,ccf,abs_mid_return_spread,47,0.22121564230678095,0.05895034779046264,8,8145
lmf-fixed,ccf,abs_mid_return_spread,48,0.22060822030690053,0.060905931135813,8,8144
lmf-fixed,ccf,abs_mid_return_spread,49,0.2163604950989033,0.060622068439733695,8,8143
lmf-fixed,ccf,abs_mid_return_spread,50,0.2147782571028217,0.062036407570021115,8,8142
lmf-fixed,ccf,abs_mid_return_spread,51,0.20984827291573083,0.06402961694690058,8,8141
lmf-fixed,ccf,abs_mid_return_spread,52,0.2108654855559691,0.06397308414076071,8,8140
lmf-fixed,ccf,abs_mid_return_spread,53,0.21039015492668706,0.06296893788050702,8,8139
lmf-fixed,ccf,abs_mid_return_spread,54,0.20869920180759913,0.06334481058492424,8,8138
lmf-fixed,ccf,abs_mid_return_spread,55,0.20750667853262642,0.06351879438770877,8,8137
lmf-fixed,ccf,abs_mid_return_spread,56,0.20899827235158022,0.06298596036913431,8,8136
lmf-fixed,ccf,abs_mid_return_spread,57,0.20694489162525598,0.062754377064449,8,8135
lmf-fixed,ccf,abs_mid_return_spread,58,0.20695176786842961,0.05949941401992123,8,8134
lmf-fixed,ccf,abs_mid_return_spread,59,0.20274767498073645,0.06357719208897283,8,8133
lmf-fixed,ccf,abs_mid_return_spread,60,0.19853557121983903,0.0650529605350577,8,8132
lmf-fixed,ccf,abs_mid_return_spread,61,0.19699931625894446,0.06553475905568457,8,8131
lmf-fixed,ccf,abs_mid_return_spread,62,0.19382348782375985,0.06764351306474153,8,8130
lmf-fixed,ccf,abs_mid_return_spread,63,0.19288580809418468,0.06676913839136162,8,8129
lmf-fixed,ccf,abs_mid_return_spread,64,0.19249794055543548,0.06596010552107885,8,8128
lmf-fixed,ccf,abs_mid_return_spread,65,0.18930231011340212,0.06695155928956542,8,8127
lmf-fixed,ccf,abs_mid_return_spread,66,0.19151533735343,0.06509399110728012,8,8126
lmf-fixed,ccf,abs_mid_return_spread,67,0.19119167295129122,0.06695556495248783,8,8125
lmf-fixed,ccf,abs_mid_return_spread,68,0.1914178915551723,0.06614460680070536,8,8124
lmf-fixed,ccf,abs_mid_return_spread,69,0.18942366508265365,0.06863609584052208,8,8123
lmf-fixed,ccf,abs_mid_return_spread,70,0.1894809002596691,0.06717616244628302,8,8122
lmf-fixed,ccf,abs_mid_return_spread,71,0.18683120617878665,0.0660356397386287,8,8121
lmf-fixed,ccf,abs_mid_return_spread,72,0.1855053437423118,0.0666102312412462,8,8120
lmf-fixed,ccf,abs_mid_return_spread,73,0.18289475173422265,0.06633455415947002,8,8119
lmf-fixed,ccf,abs_mid_return_spread,74,0.18434824867447763,0.06518544255150917,8,8118
lmf-fixed,ccf,abs_mid_return_spread,75,0.18136147527970853,0.06647693478353327,8,8117
lmf-fixed,ccf,abs_mid_return_spread,76,0.18032875201472642,0.06640655927491608,8,8116
lmf-fixed,ccf,abs_mid_return_spread,77,0.17616585998723858,0.06654137974341287,8,8115
lmf-fixed,ccf,abs_mid_return_spread,78,0.1764278810096819,0.06445334654781423,8,8114
lmf-fixed,ccf,abs_mid_return_spread,79,0.17434025739156128,0.06525085717745795,8,8113
lmf-fixed,ccf,abs_mid_return_spread,80,0.1743443667855723,0.06285968571986708,8,8112
lmf-fixed,ccf,abs_mid_return_spread,81,0.17039279522511847,0.06877107424683565,8,8111
lmf-fixed,ccf,abs_mid_return_spread,82,0.1707592351386282,0.06613927621656994,8,8110
lmf-fixed,ccf,abs_mid_return_spread,83,0.1671690951137842,0.0668863962759063,8,8109
lmf-fixed,ccf,abs_mid_return_spread,84,0.16551468457475438,0.06215303039852259,8,8108
lmf-fixed,ccf,abs_mid_return_spread,85,0.16572023979841516,0.06377476536066819,8,8107
lmf-fixed,ccf,abs_mid_return_spread,86,0.1670206497594875,0.062279400297240495,8,8106
lmf-fixed,ccf,abs_mid_return_spread,87,0.16390946547727295,0.06165413994898366,8,8105
lmf-fixed,ccf,abs_mid_return_spread,88,0.162681022721467,0.06254194621119204,8,8104
lmf-fixed,ccf,abs_mid_return_spread,89,0.15964142348919755,0.06281549567552717,8,8103
lmf-fixed,ccf,abs_mid_return_spread,90,0.1615439712849875,0.06471664340712402,8,8102
lmf-fixed,ccf,abs_mid_return_spread,91,0.15792503301269653,0.06502418642778524,8,8101
lmf-fixed,ccf,abs_mid_return_spread,92,0.158334377028827,0.06372481425120333,8,8100
lmf-fixed,ccf,abs_mid_return_spread,93,0.15946999048343183,0.061582177087447405,8,8099
lmf-fixed,ccf,abs_mid_return_spread,94,0.1565151189646536,0.06147408810678999,8,8098
lmf-fixed,ccf,abs_mid_return_spread,95,0.1580971184249046,0.0627993982098417,8,8097
lmf-fixed,ccf,abs_mid_return_spread,96,0.15865863657369378,0.06182325980705361,8,8096
lmf-fixed,ccf,abs_mid_return_spread,97,0.15890991645761582,0.06203615845572913,8,8095
lmf-fixed,ccf,abs_mid_return_spread,98,0.1557006463327429,0.06325195815994815,8,8094
lmf-fixed,ccf,abs_mid_return_spread,99,0.15748228329066447,0.05953467297929451,8,8093
lmf-fixed,ccf,abs_mid_return_spread,100,0.15631843970660309,0.06100246672031671,8,8092
lmf-fixed,ccf,abs_mid_return_spread,101,0.1521529219713489,0.05990550385419902,8,8091
lmf-fixed,ccf,abs_mid_return_spread,102,0.15062938654235764,0.05967184275730794,8,8090
lmf-fixed,ccf,abs_mid_return_spread,103,0.15023621770136278,0.061093176103904426,8,8089
lmf-fixed,ccf,abs_mid_return_spread,104,0.15426785607615986,0.0595515625192072,8,8088
lmf-fixed,ccf,abs_mid_return_spread,105,0.15136236943326276,0.05783365571974211,8,8087
lmf-fixed,ccf,abs_mid_return_spread,106,0.15195666513691747,0.0555110993513011,8,8086
lmf-fixed,ccf,abs_mid_return_spread,107,0.15024545920888133,0.054582341036074004,8,8085
lmf-fixed,ccf,abs_mid_return_spread,108,0.14917596025447244,0.05833004454933513,8,8084
lmf-fixed,ccf,abs_mid_return_spread,109,0.1485439469922745,0.05856075945969868,8,8083
lmf-fixed,ccf,abs_mid_return_spread,110,0.14940655203676115,0.056469698059902707,8,8082
lmf-fixed,ccf,abs_mid_return_spread,111,0.14619729763420897,0.057512886933857095,8,8081
lmf-fixed,ccf,abs_mid_return_spread,112,0.148928935939328,0.05407694222424004,8,8080
lmf-fixed,ccf,abs_mid_return_spread,113,0.14865188879972752,0.053275534845527134,8,8079
lmf-fixed,ccf,abs_mid_return_spread,114,0.14424800606319355,0.0539065840793021,8,8078
lmf-fixed,ccf,abs_mid_return_spread,115,0.14200128846567964,0.05533396236456928,8,8077
lmf-fixed,ccf,abs_mid_return_spread,116,0.14259537927900542,0.055166492295698324,8,8076
lmf-fixed,ccf,abs_mid_return_spread,117,0.1397963872474919,0.05618314649772321,8,8075
lmf-fixed,ccf,abs_mid_return_spread,118,0.13548973680980575,0.05410611081734458,8,8074
lmf-fixed,ccf,abs_mid_return_spread,119,0.13791969122566197,0.05308785567108263,8,8073
lmf-fixed,ccf,abs_mid_return_spread,120,0.13884156568269987,0.0527252708029122,8,8072
lmf-fixed,ccf,abs_mid_return_spread,121,0.13847621822247766,0.053300721008932725,8,8071
lmf-fixed,ccf,abs_mid_return_spread,122,0.1382743521413258,0.052770738538703975,8,8070
lmf-fixed,ccf,abs_mid_return_spread,123,0.13952855620951046,0.048501015440075075,8,8069
lmf-fixed,ccf,abs_mid_return_spread,124,0.1359375856076506,0.049285705402366736,8,8068
lmf-fixed,ccf,abs_mid_return_spread,125,0.1365379146420711,0.048047371630207183,8,8067
lmf-fixed,ccf,abs_mid_return_spread,126,0.136199734819428,0.048403849952616415,8,8066
lmf-fixed,ccf,abs_mid_return_spread,127,0.13359505277501474,0.04913852281606945,8,8065
lmf-fixed,ccf,abs_mid_return_spread,128,0.13423770515529695,0.04484854822143783,8,8064
lmf-fixed,ccf,abs_trade_return_spread,-128,0.025159824877359942,0.020245728022166704,8,8064
lmf-fixed,ccf,abs_trade_return_spread,-127,0.02489913958661026,0.02192760908159037,8,8065
lmf-fixed,ccf,abs_trade_return_spread,-126,0.026096085078512996,0.018839247596006015,8,8066
lmf-fixed,ccf,abs_trade_return_spread,-125,0.025569928195769337,0.020839010570746858,8,8067
lmf-fixed,ccf,abs_trade_return_spread,-124,0.028054808081177246,0.021341958176301176,8,8068
lmf-fixed,ccf,abs_trade_return_spread,-123,0.026795452537933414,0.02014797615783902,8,8069
lmf-fixed,ccf,abs_trade_return_spread,-122,0.02647883083965688,0.021939156004707538,8,8070
lmf-fixed,ccf,abs_trade_return_spread,-121,0.0295126330851257,0.02047479838529625,8,8071
lmf-fixed,ccf,abs_trade_return_spread,-120,0.03100144632702712,0.02034012897329925,8,8072
lmf-fixed,ccf,abs_trade_return_spread,-119,0.030493600771539373,0.01977843291470616,8,8073
lmf-fixed,ccf,abs_trade_return_spread,-118,0.031045841222001908,0.01766247858228606,8,8074
lmf-fixed,ccf,abs_trade_return_spread,-117,0.033871646241040027,0.018730831701554113,8,8075
lmf-fixed,ccf,abs_trade_return_spread,-116,0.03508148774095864,0.020538897231115384,8,8076
lmf-fixed,ccf,abs_trade_return_spread,-115,0.034683323656798756,0.021901030559762186,8,8077
lmf-fixed,ccf,abs_trade_return_spread,-114,0.03161940220731446,0.022616591803043675,8,8078
lmf-fixed,ccf,abs_trade_return_spread,-113,0.03152293443476353,0.020673386114427622,8,8079
lmf-fixed,ccf,abs_trade_return_spread,-112,0.03265759260746506,0.018825481060341338,8,8080
lmf-fixed,ccf,abs_trade_return_spread,-111,0.03399733613700277,0.017959907581821307,8,8081
lmf-fixed,ccf,abs_trade_return_spread,-110,0.03597749155231583,0.021607361117350926,8,8082
lmf-fixed,ccf,abs_trade_return_spread,-109,0.03781931283751687,0.02134038034843724,8,8083
lmf-fixed,ccf,abs_trade_return_spread,-108,0.034432720919719724,0.02299913596911212,8,8084
lmf-fixed,ccf,abs_trade_return_spread,-107,0.038570226661878475,0.02096142752977597,8,8085
lmf-fixed,ccf,abs_trade_return_spread,-106,0.03600979263796071,0.021682635786962407,8,8086
lmf-fixed,ccf,abs_trade_return_spread,-105,0.040216604059447464,0.020076222497462708,8,8087
lmf-fixed,ccf,abs_trade_return_spread,-104,0.0366695602844348,0.022852049725602733,8,8088
lmf-fixed,ccf,abs_trade_return_spread,-103,0.04008943825641589,0.021477169169121922,8,8089
lmf-fixed,ccf,abs_trade_return_spread,-102,0.038787377483052686,0.023263510131815775,8,8090
lmf-fixed,ccf,abs_trade_return_spread,-101,0.04162967097061432,0.01905499269935238,8,8091
lmf-fixed,ccf,abs_trade_return_spread,-100,0.03904534922436176,0.02409625501045229,8,8092
lmf-fixed,ccf,abs_trade_return_spread,-99,0.0411021043515388,0.02406396608351054,8,8093
lmf-fixed,ccf,abs_trade_return_spread,-98,0.039802886874715594,0.022644235987032114,8,8094
lmf-fixed,ccf,abs_trade_return_spread,-97,0.04229048898894648,0.020928521792334998,8,8095
lmf-fixed,ccf,abs_trade_return_spread,-96,0.038129161359155714,0.02561694282870421,8,8096
lmf-fixed,ccf,abs_trade_return_spread,-95,0.039046266019234596,0.018528603539880315,8,8097
lmf-fixed,ccf,abs_trade_return_spread,-94,0.03865667973318149,0.025775076041449733,8,8098
lmf-fixed,ccf,abs_trade_return_spread,-93,0.03833755368508047,0.022412802085334624,8,8099
lmf-fixed,ccf,abs_trade_return_spread,-92,0.04096094093818586,0.022684842556852422,8,8100
lmf-fixed,ccf,abs_trade_return_spread,-91,0.04241837484470923,0.021092169898614684,8,8101
lmf-fixed,ccf,abs_trade_return_spread,-90,0.04424956382735857,0.021728541781429356,8,8102
lmf-fixed,ccf,abs_trade_return_spread,-89,0.045775043686882046,0.0228403416100151,8,8103
lmf-fixed,ccf,abs_trade_return_spread,-88,0.04332976247343869,0.02013383102523833,8,8104
lmf-fixed,ccf,abs_trade_return_spread,-87,0.0435027669505883,0.02505674330516235,8,8105
lmf-fixed,ccf,abs_trade_return_spread,-86,0.040331793802399485,0.02216370736417905,8,8106
lmf-fixed,ccf,abs_trade_return_spread,-85,0.044031758527122704,0.022858381363128143,8,8107
lmf-fixed,ccf,abs_trade_return_spread,-84,0.04447508288748842,0.0228506060908248,8,8108
lmf-fixed,ccf,abs_trade_return_spread,-83,0.04452953757373587,0.02452571969406618,8,8109
lmf-fixed,ccf,abs_trade_return_spread,-82,0.0453496875861889,0.021705419529051827,8,8110
lmf-fixed,ccf,abs_trade_return_spread,-81,0.04567880201414964,0.02477387601386144,8,8111
lmf-fixed,ccf,abs_trade_return_spread,-80,0.04064773218932433,0.02460993253659988,8,8112
lmf-fixed,ccf,abs_trade_return_spread,-79,0.04274546883244694,0.025423816092440425,8,8113
lmf-fixed,ccf,abs_trade_return_spread,-78,0.04684375279243424,0.022520672241106602,8,8114
lmf-fixed,ccf,abs_trade_return_spread,-77,0.04347759371974077,0.02677591295392165,8,8115
lmf-fixed,ccf,abs_trade_return_spread,-76,0.045359592244938796,0.02735386429429663,8,8116
lmf-fixed,ccf,abs_trade_return_spread,-75,0.04410528518981265,0.024071444787960524,8,8117
lmf-fixed,ccf,abs_trade_return_spread,-74,0.04728575484757985,0.025162022816416135,8,8118
lmf-fixed,ccf,abs_trade_return_spread,-73,0.04402848093041303,0.024126363327982323,8,8119
lmf-fixed,ccf,abs_trade_return_spread,-72,0.04884107346268006,0.02296140448370071,8,8120
lmf-fixed,ccf,abs_trade_return_spread,-71,0.04931178282994384,0.023765116168556352,8,8121
lmf-fixed,ccf,abs_trade_return_spread,-70,0.04820066473783952,0.02423654202538281,8,8122
lmf-fixed,ccf,abs_trade_return_spread,-69,0.04740582165008085,0.02428518980761362,8,8123
lmf-fixed,ccf,abs_trade_return_spread,-68,0.04826631861324002,0.02740870515662888,8,8124
lmf-fixed,ccf,abs_trade_return_spread,-67,0.047893219950801154,0.02475184747592064,8,8125
lmf-fixed,ccf,abs_trade_return_spread,-66,0.04884260998510621,0.025671005810158888,8,8126
lmf-fixed,ccf,abs_trade_return_spread,-65,0.04778619340752914,0.025668306388581447,8,8127
lmf-fixed,ccf,abs_trade_return_spread,-64,0.049164809609648835,0.028374789137613668,8,8128
lmf-fixed,ccf,abs_trade_return_spread,-63,0.053142602685932294,0.0268979232677363,8,8129
lmf-fixed,ccf,abs_trade_return_spread,-62,0.055967714066994585,0.0273056473089829,8,8130
lmf-fixed,ccf,abs_trade_return_spread,-61,0.05256767918993815,0.028838411830402668,8,8131
lmf-fixed,ccf,abs_trade_return_spread,-60,0.05189008984404872,0.02869093458297751,8,8132
lmf-fixed,ccf,abs_trade_return_spread,-59,0.05463605472546573,0.02716722022135317,8,8133
lmf-fixed,ccf,abs_trade_return_spread,-58,0.05322361179886047,0.0271074971592055,8,8134
lmf-fixed,ccf,abs_trade_return_spread,-57,0.05666487558883824,0.027153536736686565,8,8135
lmf-fixed,ccf,abs_trade_return_spread,-56,0.05724317537143932,0.030767868685242405,8,8136
lmf-fixed,ccf,abs_trade_return_spread,-55,0.055416885689041934,0.02751189079875144,8,8137
lmf-fixed,ccf,abs_trade_return_spread,-54,0.057336285618190305,0.027880191655179687,8,8138
lmf-fixed,ccf,abs_trade_return_spread,-53,0.05476987025786219,0.028545408144722527,8,8139
lmf-fixed,ccf,abs_trade_return_spread,-52,0.05673844631109376,0.02628805524784978,8,8140
lmf-fixed,ccf,abs_trade_return_spread,-51,0.05502250885933353,0.02871489618210549,8,8141
lmf-fixed,ccf,abs_trade_return_spread,-50,0.055010881547214216,0.029104698148665512,8,8142
lmf-fixed,ccf,abs_trade_return_spread,-49,0.057435831280616655,0.029922394281971486,8,8143
lmf-fixed,ccf,abs_trade_return_spread,-48,0.05592283763659105,0.02740798205596569,8,8144
lmf-fixed,ccf,abs_trade_return_spread,-47,0.058620320205650306,0.027910645504397168,8,8145
lmf-fixed,ccf,abs_trade_return_spread,-46,0.05500858784234003,0.030898109633303254,8,8146
lmf-fixed,ccf,abs_trade_return_spread,-45,0.058340775589341275,0.030985817604112655,8,8147
lmf-fixed,ccf,abs_trade_return_spread,-44,0.05758689645490405,0.02847924839034113,8,8148
lmf-fixed,ccf,abs_trade_return_spread,-43,0.06257881158415556,0.02883006242211532,8,8149
lmf-fixed,ccf,abs_trade_return_spread,-42,0.06015671655965741,0.029879953197786423,8,8150
lmf-fixed,ccf,abs_trade_return_spread,-41,0.06274057245813724,0.029194715010852045,8,8151
lmf-fixed,ccf,abs_trade_return_spread,-40,0.06425918739695469,0.026025152493951865,8,8152
lmf-fixed,ccf,abs_trade_return_spread,-39,0.06237776601578352,0.026366386155457503,8,8153
lmf-fixed,ccf,abs_trade_return_spread,-38,0.06149806726302441,0.03003340354035777,8,8154
lmf-fixed,ccf,abs_trade_return_spread,-37,0.06172939196371105,0.03149915575901372,8,8155
lmf-fixed,ccf,abs_trade_return_spread,-36,0.06098495780732245,0.031750677533852974,8,8156
lmf-fixed,ccf,abs_trade_return_spread,-35,0.0637264188876243,0.02892164788490345,8,8157
lmf-fixed,ccf,abs_trade_return_spread,-34,0.06495476915005,0.029069116946592543,8,8158
lmf-fixed,ccf,abs_trade_return_spread,-33,0.0643825456390116,0.027982638133652638,8,8159
lmf-fixed,ccf,abs_trade_return_spread,-32,0.06366544167386164,0.03094935408816066,8,8160
lmf-fixed,ccf,abs_trade_return_spread,-31,0.06319088825401556,0.03138382374087085,8,8161
lmf-fixed,ccf,abs_trade_return_spread,-30,0.06343622970755312,0.028489323962370434,8,8162
lmf-fixed,ccf,abs_trade_return_spread,-29,0.06792189891083134,0.026514804528468508,8,8163
lmf-fixed,ccf,abs_trade_return_spread,-28,0.06704211248576103,0.029447100904014544,8,8164
lmf-fixed,ccf,abs_trade_return_spread,-27,0.06983066094471856,0.027078558450420943,8,8165
lmf-fixed,ccf,abs_trade_return_spread,-26,0.07198726084267729,0.02656645978936484,8,8166
lmf-fixed,ccf,abs_trade_return_spread,-25,0.07101718382554813,0.026253388177682403,8,8167
lmf-fixed,ccf,abs_trade_return_spread,-24,0.06941370598003278,0.028986667422117397,8,8168
lmf-fixed,ccf,abs_trade_return_spread,-23,0.07200279479199995,0.024623344262671123,8,8169
lmf-fixed,ccf,abs_trade_return_spread,-22,0.0731262845621477,0.02829262108104158,8,8170
lmf-fixed,ccf,abs_trade_return_spread,-21,0.06786121440343577,0.030965902106680616,8,8171
lmf-fixed,ccf,abs_trade_return_spread,-20,0.07081241841369264,0.02831264468731099,8,8172
lmf-fixed,ccf,abs_trade_return_spread,-19,0.06997427504923082,0.029316691402861896,8,8173
lmf-fixed,ccf,abs_trade_return_spread,-18,0.07514954779580296,0.027670273310523314,8,8174
lmf-fixed,ccf,abs_trade_return_spread,-17,0.07600688487850485,0.02895256174982224,8,8175
lmf-fixed,ccf,abs_trade_return_spread,-16,0.07662085131172178,0.025013598654596708,8,8176
lmf-fixed,ccf,abs_trade_return_spread,-15,0.07918188217180142,0.028930756322694977,8,8177
lmf-fixed,ccf,abs_trade_return_spread,-14,0.07988174585032887,0.02753533725804673,8,8178
lmf-fixed,ccf,abs_trade_return_spread,-13,0.08613630202689881,0.024354984180375832,8,8179
lmf-fixed,ccf,abs_trade_return_spread,-12,0.08475158051720283,0.025213074155447074,8,8180
lmf-fixed,ccf,abs_trade_return_spread,-11,0.08390667022255807,0.027720117034815646,8,8181
lmf-fixed,ccf,abs_trade_return_spread,-10,0.08728117169713276,0.027603424710120675,8,8182
lmf-fixed,ccf,abs_trade_return_spread,-9,0.09014831811531132,0.024946193939444965,8,8183
lmf-fixed,ccf,abs_trade_return_spread,-8,0.09068975507758162,0.02567979205097489,8,8184
lmf-fixed,ccf,abs_trade_return_spread,-7,0.09519995616155513,0.024972646098026168,8,8185
lmf-fixed,ccf,abs_trade_return_spread,-6,0.09507148404743514,0.02707633224507991,8,8186
lmf-fixed,ccf,abs_trade_return_spread,-5,0.09928479649043193,0.02314053740427421,8,8187
lmf-fixed,ccf,abs_trade_return_spread,-4,0.10237551791023175,0.029149740696752822,8,8188
lmf-fixed,ccf,abs_trade_return_spread,-3,0.10588228889323273,0.02231447744324634,8,8189
lmf-fixed,ccf,abs_trade_return_spread,-2,0.10659470580325986,0.024361698273080833,8,8190
lmf-fixed,ccf,abs_trade_return_spread,-1,0.10907726387319215,0.028611644515105537,8,8191
lmf-fixed,ccf,abs_trade_return_spread,0,0.1254465637120242,0.022172791874931486,8,8192
lmf-fixed,ccf,abs_trade_return_spread,1,0.16116980748151657,0.014822978053632405,8,8191
lmf-fixed,ccf,abs_trade_return_spread,2,0.17371001947332992,0.014275050023981434,8,8190
lmf-fixed,ccf,abs_trade_return_spread,3,0.16779885724614715,0.013236215074615938,8,8189
lmf-fixed,ccf,abs_trade_return_spread,4,0.16746924018313533,0.015370643852921969,8,8188
lmf-fixed,ccf,abs_trade_return_spread,5,0.16615916371969236,0.016319142354116502,8,8187
lmf-fixed,ccf,abs_trade_return_spread,6,0.16085128295939638,0.017045487500007925,8,8186
lmf-fixed,ccf,abs_trade_return_spread,7,0.15895963379886824,0.015356915540880024,8,8185
lmf-fixed,ccf,abs_trade_return_spread,8,0.1569588750131223,0.0175213803201631,8,8184
lmf-fixed,ccf,abs_trade_return_spread,9,0.15304199957386466,0.01885970238958115,8,8183
lmf-fixed,ccf,abs_trade_return_spread,10,0.15379168696390152,0.02061406415275501,8,8182
lmf-fixed,ccf,abs_trade_return_spread,11,0.14800129255804145,0.0198226312255718,8,8181
lmf-fixed,ccf,abs_trade_return_spread,12,0.15154031117659228,0.016490797932405127,8,8180
lmf-fixed,ccf,abs_trade_return_spread,13,0.14424454521227825,0.020198671091794015,8,8179
lmf-fixed,ccf,abs_trade_return_spread,14,0.14457099632324547,0.017255649308607655,8,8178
lmf-fixed,ccf,abs_trade_return_spread,15,0.14505880734347493,0.01856169331668725,8,8177
lmf-fixed,ccf,abs_trade_return_spread,16,0.14416576295043645,0.016983777268243263,8,8176
lmf-fixed,ccf,abs_trade_return_spread,17,0.13831436326579186,0.018011584999004123,8,8175
lmf-fixed,ccf,abs_trade_return_spread,18,0.13858508639042993,0.01915246980844528,8,8174
lmf-fixed,ccf,abs_trade_return_spread,19,0.13365588170522436,0.020552933914361783,8,8173
lmf-fixed,ccf,abs_trade_return_spread,20,0.13625087071178005,0.01907710552697519,8,8172
lmf-fixed,ccf,abs_trade_return_spread,21,0.13497762094909008,0.019647686946517345,8,8171
lmf-fixed,ccf,abs_trade_return_spread,22,0.1320375940961011,0.022324413452754092,8,8170
lmf-fixed,ccf,abs_trade_return_spread,23,0.13497758319901046,0.02153842355936526,8,8169
lmf-fixed,ccf,abs_trade_return_spread,24,0.1316958729402772,0.02285734549128478,8,8168
lmf-fixed,ccf,abs_trade_return_spread,25,0.12816420137222487,0.024417980402777414,8,8167
lmf-fixed,ccf,abs_trade_return_spread,26,0.13105405965461417,0.020744556394308493,8,8166
lmf-fixed,ccf,abs_trade_return_spread,27,0.1272909097631153,0.025384293326352655,8,8165
lmf-fixed,ccf,abs_trade_return_spread,28,0.12597252345908405,0.02468010799893868,8,8164
lmf-fixed,ccf,abs_trade_return_spread,29,0.12900143842441486,0.02260144988454082,8,8163
lmf-fixed,ccf,abs_trade_return_spread,30,0.12593123652956786,0.02316301828349678,8,8162
lmf-fixed,ccf,abs_trade_return_spread,31,0.1197451053574419,0.024493218774711268,8,8161
lmf-fixed,ccf,abs_trade_return_spread,32,0.11990258461487259,0.02214885811009978,8,8160
lmf-fixed,ccf,abs_trade_return_spread,33,0.12051889052656593,0.021887060133965502,8,8159
lmf-fixed,ccf,abs_trade_return_spread,34,0.12184538469698653,0.025758545651873358,8,8158
lmf-fixed,ccf,abs_trade_return_spread,35,0.11895300676009436,0.02256661423270857,8,8157
lmf-fixed,ccf,abs_trade_return_spread,36,0.11722403199758905,0.02430263281673967,8,8156
lmf-fixed,ccf,abs_trade_return_spread,37,0.11461494673125205,0.02418326250199148,8,8155
lmf-fixed,ccf,abs_trade_return_spread,38,0.11206906018576997,0.026632476200219794,8,8154
lmf-fixed,ccf,abs_trade_return_spread,39,0.11398027803587303,0.02485950029563205,8,8153
lmf-fixed,ccf,abs_trade_return_spread,40,0.11383828944817327,0.02331096425989284,8,8152
lmf-fixed,ccf,abs_trade_return_spread,41,0.1085570813336084,0.024075702007631813,8,8151
lmf-fixed,ccf,abs_trade_return_spread,42,0.111537499834519,0.024659298536728207,8,8150
lmf-fixed,ccf,abs_trade_return_spread,43,0.10824301339733897,0.02601248551292992,8,8149
lmf-fixed,ccf,abs_trade_return_spread,44,0.10743096779346042,0.0279778087442443,8,8148
lmf-fixed,ccf,abs_trade_return_spread,45,0.10663460729379078,0.028116065162575202,8,8147
lmf-fixed,ccf,abs_trade_return_spread,46,0.10493304936583728,0.025889567558547887,8,8146
lmf-fixed,ccf,abs_trade_return_spread,47,0.10230080961257988,0.02604577224788703,8,8145
lmf-fixed,ccf,abs_trade_return_spread,48,0.10454963051277576,0.027131167853982917,8,8144
lmf-fixed,ccf,abs_trade_return_spread,49,0.09920416095093422,0.02808529181841257,8,8143
lmf-fixed,ccf,abs_trade_return_spread,50,0.10050428454541935,0.027391017444762012,8,8142
lmf-fixed,ccf,abs_trade_return_spread,51,0.10015759439393862,0.028699266971093734,8,8141
lmf-fixed,ccf,abs_trade_return_spread,52,0.09876868221718098,0.030730229387447548,8,8140
lmf-fixed,ccf,abs_trade_return_spread,53,0.1001004200024271,0.02841822883660457,8,8139
lmf-fixed,ccf,abs_trade_return_spread,54,0.09699969827776085,0.028666607516793566,8,8138
lmf-fixed,ccf,abs_trade_return_spread,55,0.09619520388556256,0.029983444885444167,8,8137
lmf-fixed,ccf,abs_trade_return_spread,56,0.09848214592930346,0.029182892413524283,8,8136
lmf-fixed,ccf,abs_trade_return_spread,57,0.0985082319198523,0.029661038941890507,8,8135
lmf-fixed,ccf,abs_trade_return_spread,58,0.09923505193582416,0.025810018734904405,8,8134
lmf-fixed,ccf,abs_trade_return_spread,59,0.09827249291045836,0.026335911154433397,8,8133
lmf-fixed,ccf,abs_trade_return_spread,60,0.09291119957935644,0.03056481512131821,8,8132
lmf-fixed,ccf,abs_trade_return_spread,61,0.0949192497415448,0.029261730602342946,8,8131
lmf-fixed,ccf,abs_trade_return_spread,62,0.08978576884081041,0.031768996315428996,8,8130
lmf-fixed,ccf,abs_trade_return_spread,63,0.09002938415568291,0.03065337820676472,8,8129
lmf-fixed,ccf,abs_trade_return_spread,64,0.08890424584224828,0.030325740198326408,8,8128
lmf-fixed,ccf,abs_trade_return_spread,65,0.08791599928800516,0.030111799448280917,8,8127
lmf-fixed,ccf,abs_trade_return_spread,66,0.08833123760897284,0.0281597418253027,8,8126
lmf-fixed,ccf,abs_trade_return_spread,67,0.08872196046383189,0.031628143369536246,8,8125
lmf-fixed,ccf,abs_trade_return_spread,68,0.0900836896163342,0.030082253974219833,8,8124
lmf-fixed,ccf,abs_trade_return_spread,69,0.08782537645495302,0.031616967600909464,8,8123
lmf-fixed,ccf,abs_trade_return_spread,70,0.08845300635742308,0.03188082576629612,8,8122
lmf-fixed,ccf,abs_trade_return_spread,71,0.08846260123333588,0.030199615546565778,8,8121
lmf-fixed,ccf,abs_trade_return_spread,72,0.08798480995482616,0.031447188322709284,8,8120
lmf-fixed,ccf,abs_trade_return_spread,73,0.08502967001305492,0.029186037451360888,8,8119
lmf-fixed,ccf,abs_trade_return_spread,74,0.08627829282823367,0.030422074890390234,8,8118
lmf-fixed,ccf,abs_trade_return_spread,75,0.08304692691850145,0.030720401148528746,8,8117
lmf-fixed,ccf,abs_trade_return_spread,76,0.08461257268327485,0.03070814152102213,8,8116
lmf-fixed,ccf,abs_trade_return_spread,77,0.08332255591889992,0.029319241671627867,8,8115
lmf-fixed,ccf,abs_trade_return_spread,78,0.08273060127390884,0.028215133833057224,8,8114
lmf-fixed,ccf,abs_trade_return_spread,79,0.08013422764767555,0.030254765089310465,8,8113
lmf-fixed,ccf,abs_trade_return_spread,80,0.08162252450663703,0.02779569991877832,8,8112
lmf-fixed,ccf,abs_trade_return_spread,81,0.07875044868673664,0.03124900387489284,8,8111
lmf-fixed,ccf,abs_trade_return_spread,82,0.08004598264053865,0.03027545252563109,8,8110
lmf-fixed,ccf,abs_trade_return_spread,83,0.07844323064424738,0.03308264766289014,8,8109
lmf-fixed,ccf,abs_trade_return_spread,84,0.07676307638326724,0.02563866383402489,8,8108
lmf-fixed,ccf,abs_trade_return_spread,85,0.07621984468009602,0.029409749203533585,8,8107
lmf-fixed,ccf,abs_trade_return_spread,86,0.07779819352282194,0.02883913104582814,8,8106
lmf-fixed,ccf,abs_trade_return_spread,87,0.07668351592264143,0.027377211667296692,8,8105
lmf-fixed,ccf,abs_trade_return_spread,88,0.07638361132684886,0.026662932630666922,8,8104
lmf-fixed,ccf,abs_trade_return_spread,89,0.07399257830750317,0.02788787507671607,8,8103
lmf-fixed,ccf,abs_trade_return_spread,90,0.07462374417822162,0.02933895746637045,8,8102
lmf-fixed,ccf,abs_trade_return_spread,91,0.07211604948048045,0.03084589457077409,8,8101
lmf-fixed,ccf,abs_trade_return_spread,92,0.07205613742369502,0.030547732992879165,8,8100
lmf-fixed,ccf,abs_trade_return_spread,93,0.07323536696328112,0.029134327644130847,8,8099
lmf-fixed,ccf,abs_trade_return_spread,94,0.0712367271141785,0.02841607295372186,8,8098
lmf-fixed,ccf,abs_trade_return_spread,95,0.07164057434603502,0.030655029701141957,8,8097
lmf-fixed,ccf,abs_trade_return_spread,96,0.07375899007371957,0.028338843525175524,8,8096
lmf-fixed,ccf,abs_trade_return_spread,97,0.07331483446852631,0.029457601790423234,8,8095
lmf-fixed,ccf,abs_trade_return_spread,98,0.07194717471814081,0.03005439086822997,8,8094
lmf-fixed,ccf,abs_trade_return_spread,99,0.07323895746195862,0.028259506905263642,8,8093
lmf-fixed,ccf,abs_trade_return_spread,100,0.07364262612399002,0.029336077200648784,8,8092
lmf-fixed,ccf,abs_trade_return_spread,101,0.06994461464159814,0.028750573817944197,8,8091
lmf-fixed,ccf,abs_trade_return_spread,102,0.06969146125520749,0.026956292755868645,8,8090
lmf-fixed,ccf,abs_trade_return_spread,103,0.06749110610131813,0.030780302811756463,8,8089
lmf-fixed,ccf,abs_trade_return_spread,104,0.074677462211416,0.028522793201588244,8,8088
lmf-fixed,ccf,abs_trade_return_spread,105,0.0708877698479618,0.029191660601492978,8,8087
lmf-fixed,ccf,abs_trade_return_spread,106,0.07154616761239986,0.025560106665060187,8,8086
lmf-fixed,ccf,abs_trade_return_spread,107,0.07107039725601295,0.023869838290560972,8,8085
lmf-fixed,ccf,abs_trade_return_spread,108,0.06923554262553103,0.02653706611371689,8,8084
lmf-fixed,ccf,abs_trade_return_spread,109,0.06912567415913187,0.027456541072918006,8,8083
lmf-fixed,ccf,abs_trade_return_spread,110,0.07066990821032668,0.027261110291397158,8,8082
lmf-fixed,ccf,abs_trade_return_spread,111,0.06652022662631964,0.02854243765471436,8,8081
lmf-fixed,ccf,abs_trade_return_spread,112,0.06926180853741642,0.026628159743076443,8,8080
lmf-fixed,ccf,abs_trade_return_spread,113,0.06981789240072586,0.023324282465765376,8,8079
lmf-fixed,ccf,abs_trade_return_spread,114,0.06941324710720291,0.024851941830564096,8,8078
lmf-fixed,ccf,abs_trade_return_spread,115,0.06650781352879614,0.02569859436575406,8,8077
lmf-fixed,ccf,abs_trade_return_spread,116,0.06612192452749018,0.0254044310700889,8,8076
lmf-fixed,ccf,abs_trade_return_spread,117,0.0669254388721863,0.0268435827233779,8,8075
lmf-fixed,ccf,abs_trade_return_spread,118,0.06237502789921057,0.02606957911838513,8,8074
lmf-fixed,ccf,abs_trade_return_spread,119,0.06362739569176998,0.02505712316331625,8,8073
lmf-fixed,ccf,abs_trade_return_spread,120,0.0641208343098002,0.025794754015013584,8,8072
lmf-fixed,ccf,abs_trade_return_spread,121,0.0639799642760339,0.02491692819683469,8,8071
lmf-fixed,ccf,abs_trade_return_spread,122,0.0643736367539809,0.026521943258370692,8,8070
lmf-fixed,ccf,abs_trade_return_spread,123,0.06587444087624202,0.02294696161799738,8,8069
lmf-fixed,ccf,abs_trade_return_spread,124,0.06560582371025217,0.023419379969235436,8,8068
lmf-fixed,ccf,abs_trade_return_spread,125,0.06511511522784613,0.020636517067129892,8,8067
lmf-fixed,ccf,abs_trade_return_spread,126,0.06382101313076358,0.023490631983586616,8,8066
lmf-fixed,ccf,abs_trade_return_spread,127,0.06230931949708878,0.023155462485206498,8,8065
lmf-fixed,ccf,abs_trade_return_spread,128,0.06360678745171769,0.02255248816601428,8,8064
