step,u_start,u_end,p_b,p_a,midpoint,spread,slope_b,slope_a,pre_p_b,pre_p_a,q_b,q_a,mu,Sigma,Q_B_quote,Q_A_quote,Q_B_post,Q_A_post,I_quote,I_post,requested_sell,requested_buy,executed_sell,executed_buy,unfilled_sell,unfilled_buy,due_bid,due_ask,mass_bid,mass_ask,budget_error,ledger_error,positivity_load,min_density,source_centroid_b,source_centroid_a,source_std_b,source_std_a,matched_volume,boundary_flux_bid,cancelled_bid,external_bid,boundary_flux_ask,cancelled_ask,external_ask
0,0.0,0.002,-4.339936670917782,4.3399366709177825,4.440892098500626e-16,8.679873341835563,-0.10089009591238887,0.10089009591238887,-4.339936670917782,4.3399366709177825,-6.0,6.0,0.0,12.0,0.0,0.0,0.0,0.0,0.0,0.0,0.0,0.0,0.0,0.0,0.0,0.0,0.0,0.0,6.002352215115238,6.002352215115238,1.0894063429134349e-15,0.0,0.40299976361793394,0.0,-6.249999999999999,6.25,0.1707825127659933,0.1707825127659935,2.2997988024280912e-08,4.72763231769012e-06,0.01200470442982146,0.012,4.727632317689246e-06,0.012004704429821456,0.012
1,0.002,0.004,-4.339936670728096,4.339936670728097,4.440892098500626e-16,8.679873341456194,-0.10089009591348119,0.10089009591348119,-4.339936670728096,4.339936670728097,-6.0,6.0,0.0,12.0,0.0,0.0,0.0,0.0,0.0,0.0,0.0,0.0,0.0,0.0,0.0,0.0,0.0,0.0,6.002352215319322,6.002352215319321,1.6202317265623378e-15,0.0,0.40299976361793444,0.0,-6.249999999999999,6.25,0.1707825127659933,0.1707825127659935,2.2997992027336476e-08,4.727632307095225e-06,0.012004704430230474,0.012,4.727632307095498e-06,0.012004704430230474,0.012
2,0.004,0.006,-4.3399366705388065,4.339936670538807,4.440892098500626e-16,8.679873341077613,-0.1008900959145706,0.1008900959145706,-4.3399366705388065,4.339936670538807,-6.0,6.0,0.0,12.0,0.0,0.0,0.0,0.0,0.0,0.0,0.0,0.0,0.0,0.0,0.0,0.0,0.0,0.0,6.002352215522984,6.002352215522985,2.7842311789427754e-15,0.0,0.402999763617935,0.0,-6.249999999999999,6.25,0.1707825127659933,0.1707825127659935,2.2997996023141143e-08,4.72763229652258e-06,0.012004704430638643,0.012,4.727632296521733e-06,0.012004704430638643,0.012
3,0.006,0.008,-4.339936670349913,4.339936670349914,4.440892098500626e-16,8.679873340699828,-0.10089009591565737,0.10089009591565737,-4.339936670349913,4.339936670349914,-6.0,6.0,0.0,12.0,0.0,0.0,0.0,0.0,0.0,0.0,0.0,0.0,0.0,0.0,0.0,0.0,0.0,0.0,6.002352215726224,6.002352215726223,2.562186574017744e-15,0.0,0.4029997636179355,0.0,-6.249999999999999,6.25,0.1707825127659933,0.1707825127659935,2.2998000011707817e-08,4.727632285969966e-06,0.012004704431045968,0.012,4.727632285970173e-06,0.01200470443104597,0.012
4,0.008,0.01,-4.339936670161414,4.339936670161415,4.440892098500626e-16,8.679873340322828,-0.10089009591674136,0.10089009591674136,-4.339936670161414,4.339936670161415,-6.0,6.0,0.0,12.0,0.0,0.0,0.0,0.0,0.0,0.0,0.0,0.0,0.0,0.0,0.0,0.0,0.0,0.0,6.002352215929044,6.002352215929043,9.818534874028728e-16,0.0,0.40299976361793605,0.0,-6.249999999999999,6.25,0.1707825127659933,0.1707825127659935,2.299800399304933e-08,4.727632275441822e-06,0.012004704431452448,0.012,4.7276322754408185e-06,0.012004704431452445,0.012
5,0.01,0.012,-4.3399366699733095,4.33993666997331,4.440892098500626e-16,8.67987333994662,-0.100890095917823,0.100890095917823,-4.3399366699733095,4.33993666997331,-6.0,6.0,0.0,12.0,0.0,0.0,0.0,0.0,0.0,0.0,0.0,0.0,0.0,0.0,0.0,0.0,0.0,0.0,6.002352216131442,6.002352216131442,7.840950111415168e-16,0.0,0.40299976361793655,0.0,-6.249999999999999,6.25,0.1707825127659933,0.1707825127659935,2.2998007967178513e-08,4.7276322649359295e-06,0.012004704431858087,0.012,4.727632264935888e-06,0.012004704431858085,0.012
6,0.012,0.014,-4.3399366697855974,4.339936669785599,8.881784197001252e-16,8.679873339571197,-0.10089009591890186,0.10089009591890186,-4.3399366697855974,4.339936669785599,-6.0,6.0,0.0,12.0,0.0,0.0,0.0,0.0,0.0,0.0,0.0,0.0,0.0,0.0,0.0,0.0,0.0,0.0,6.002352216333421,6.002352216333421,7.563394355258879e-16,0.0,0.4029997636179371,0.0,-6.249999999999999,6.25,0.1707825127659933,0.1707825127659935,2.2998011934108165e-08,4.7276322544522865e-06,0.012004704432262883,0.012,4.727632254453162e-06,0.012004704432262885,0.012
7,0.014,0.016,-4.339936669598278,4.33993666959828,8.881784197001252e-16,8.679873339196558,-0.10089009591997794,0.10089009591997794,-4.339936669598278,4.33993666959828,-6.0,6.0,0.0,12.0,0.0,0.0,0.0,0.0,0.0,0.0,0.0,0.0,0.0,0.0,0.0,0.0,0.0,0.0,6.002352216534983,6.002352216534983,1.0651202142497596e-15,0.0,0.4029997636179376,0.0,-6.249999999999999,6.25,0.1707825127659933,0.1707825127659935,2.2998015893851075e-08,4.727632243993115e-06,0.012004704432666841,0.012,4.727632243992641e-06,0.012004704432666841,0.012
8,0.016,0.018000000000000002,-4.33993666941135,4.339936669411352,8.881784197001252e-16,8.679873338822702,-0.10089009592105125,0.10089009592105125,-4.33993666941135,4.339936669411352,-6.0,6.0,0.0,12.0,0.0,0.0,0.0,0.0,0.0,0.0,0.0,0.0,0.0,0.0,0.0,0.0,0.0,0.0,6.002352216736126,6.002352216736125,1.5317608292875207e-15,0.0,0.4029997636179381,0.0,-6.249999999999999,6.25,0.1707825127659933,0.1707825127659935,2.2998019846419998e-08,4.727632233556194e-06,0.012004704433069965,0.012,4.7276322335565445e-06,0.012004704433069965,0.012
9,0.018000000000000002,0.02,-4.339936669224813,4.339936669224814,4.440892098500626e-16,8.679873338449628,-0.1008900959221222,0.1008900959221222,-4.339936669224813,4.339936669224814,-6.0,6.0,0.0,12.0,0.0,0.0,0.0,0.0,0.0,0.0,0.0,0.0,0.0,0.0,0.0,0.0,0.0,0.0,6.002352216936853,6.0023522169368535,1.222980050563649e-15,0.0,0.40299976361793866,0.0,-6.249999999999999,6.25,0.1707825127659933,0.1707825127659935,2.299802379182768e-08,4.727632223143742e-06,0.012004704433472253,0.012,4.727632223142653e-06,0.012004704433472251,0.012
10,0.02,0.022,-4.339936669038666,4.339936669038667,4.440892098500626e-16,8.679873338077332,-0.10089009592319051,0.10089009592319051,-4.339936669038666,4.339936669038667,-6.0,6.0,0.0,12.0,0.0,0.0,0.0,0.0,0.0,0.0,0.0,0.0,0.0,0.0,0.0,0.0,0.0,0.0,6.002352217137165,6.002352217137165,1.3374717999781183e-15,0.0,0.40299976361793916,0.0,-6.249999999999999,6.25,0.1707825127659933,0.1707825127659935,2.2998027730086828e-08,4.7276322127513206e-06,0.012004704433873704,0.012,4.727632212750965e-06,0.012004704433873708,0.012
11,0.022,0.024,-4.339936668852908,4.339936668852909,4.440892098500626e-16,8.679873337705818,-0.10089009592425618,0.10089009592425618,-4.339936668852908,4.339936668852909,-6.0,6.0,0.0,12.0,0.0,0.0,0.0,0.0,0.0,0.0,0.0,0.0,0.0,0.0,0.0,0.0,0.0,0.0,6.002352217337061,6.002352217337062,5.967448757360216e-16,0.0,0.40299976361793965,0.0,-6.249999999999999,6.25,0.1707825127659933,0.1707825127659935,2.2998031661210146e-08,4.7276322023811496e-06,0.01200470443427433,0.012,4.7276322023814824e-06,0.01200470443427433,0.012
12,0.024,0.026000000000000002,-4.339936668667538,4.339936668667539,4.440892098500626e-16,8.679873337335078,-0.10089009592531922,0.10089009592531922,-4.339936668667538,4.339936668667539,-6.0,6.0,0.0,12.0,0.0,0.0,0.0,0.0,0.0,0.0,0.0,0.0,0.0,0.0,0.0,0.0,0.0,0.0,6.002352217536544,6.002352217536544,1.0061396160665481e-15,0.0,0.4029997636179402,0.0,-6.249999999999999,6.25,0.1707825127659933,0.1707825127659935,2.299803558521031e-08,4.727632192033228e-06,0.012004704434674123,0.012,4.727632192034203e-06,0.012004704434674123,0.012
13,0.026000000000000002,0.028,-4.339936668482555,4.339936668482556,4.440892098500626e-16,8.679873336965112,-0.10089009592637949,0.10089009592637949,-4.339936668482555,4.339936668482556,-6.0,6.0,0.0,12.0,0.0,0.0,0.0,0.0,0.0,0.0,0.0,0.0,0.0,0.0,0.0,0.0,0.0,0.0,6.002352217735613,6.002352217735613,8.673617379884035e-17,0.0,0.4029997636179407,0.0,-6.249999999999999,6.25,0.1707825127659933,0.1707825127659935,2.299803950209994e-08,4.727632181707557e-06,0.012004704435073087,0.012,4.727632181706909e-06,0.012004704435073087,0.012
14,0.028,0.03,-4.339936668297959,4.33993666829796,4.440892098500626e-16,8.679873336595918,-0.10089009592743711,0.10089009592743711,-4.339936668297959,4.33993666829796,-6.0,6.0,0.0,12.0,0.0,0.0,0.0,0.0,0.0,0.0,0.0,0.0,0.0,0.0,0.0,0.0,0.0,0.0,6.002352217934268,6.00235221793427,1.4519635493925875e-15,0.0,0.4029997636179412,0.0,-6.249999999999999,6.25,0.1707825127659933,0.1707825127659935,2.2998043411891697e-08,4.727632171404136e-06,0.012004704435471225,0.012,4.727632171404039e-06,0.012004704435471227,0.012
15,0.03,0.032,-4.339936668113749,4.33993666811375,4.440892098500626e-16,8.679873336227498,-0.10089009592849224,0.10089009592849224,-4.339936668113749,4.33993666811375,-6.0,6.0,0.0,12.0,0.0,0.0,0.0,0.0,0.0,0.0,0.0,0.0,0.0,0.0,0.0,0.0,0.0,0.0,6.002352218132514,6.002352218132514,1.1830814106161824e-15,0.0,0.4029997636179417,0.0,-6.249999999999999,6.25,0.1707825127659933,0.1707825127659935,2.299804731459817e-08,4.727632161122963e-06,0.012004704435868535,0.012,4.727632161123374e-06,0.012004704435868539,0.012
16,0.032,0.034,-4.339936667929924,4.3399366679299245,4.440892098500626e-16,8.679873335859849,-0.10089009592954473,0.10089009592954473,-4.339936667929924,4.3399366679299245,-6.0,6.0,0.0,12.0,0.0,0.0,0.0,0.0,0.0,0.0,0.0,0.0,0.0,0.0,0.0,0.0,0.0,0.0,6.0023522183303495,6.002352218330349,8.968520370800093e-16,0.0,0.40299976361794226,0.0,-6.249999999999999,6.25,0.1707825127659933,0.1707825127659935,2.2998051210231945e-08,4.727632150866262e-06,0.012004704436265027,0.012,4.727632150867134e-06,0.012004704436265027,0.012
17,0.034,0.036000000000000004,-4.339936667746483,4.339936667746484,4.440892098500626e-16,8.679873335492967,-0.10089009593059473,0.10089009593059473,-4.339936667746483,4.339936667746484,-6.0,6.0,0.0,12.0,0.0,0.0,0.0,0.0,0.0,0.0,0.0,0.0,0.0,0.0,0.0,0.0,0.0,0.0,6.002352218527774,6.002352218527774,5.342948306008566e-16,0.0,0.40299976361794276,0.0,-6.249999999999999,6.25,0.1707825127659933,0.1707825127659935,2.2998055098805592e-08,4.727632140631809e-06,0.012004704436660699,0.012,4.727632140630877e-06,0.012004704436660697,0.012
18,0.036000000000000004,0.038,-4.339936667563425,4.339936667563426,4.440892098500626e-16,8.67987333512685,-0.10089009593164236,0.10089009593164236,-4.339936667563425,4.339936667563426,-6.0,6.0,0.0,12.0,0.0,0.0,0.0,0.0,0.0,0.0,0.0,0.0,0.0,0.0,0.0,0.0,0.0,0.0,6.0023522187247895,6.0023522187247895,1.5265566588595902e-16,0.0,0.40299976361794326,0.0,-6.249999999999999,6.25,0.1707825127659933,0.1707825127659935,2.299805898033165e-08,4.727632130417386e-06,0.012004704437055548,0.012,4.7276321304168255e-06,0.012004704437055548,0.012
19,0.038,0.04,-4.33993666738075,4.339936667380751,8.881784197001252e-16,8.679873334761501,-0.1008900959326868,0.1008900959326868,-4.33993666738075,4.339936667380751,-6.0,6.0,0.0,12.0,0.0,0.0,0.0,0.0,0.0,0.0,0.0,0.0,0.0,0.0,0.0,0.0,0.0,0.0,6.002352218921398,6.002352218921397,6.158268339717665e-16,0.0,0.40299976361794376,0.0,-6.249999999999999,6.25,0.1707825127659933,0.1707825127659935,2.299806285482263e-08,4.727632120225212e-06,0.01200470443744958,0.012,4.727632120224979e-06,0.01200470443744958,0.012
20,0.04,0.042,-4.339936667198456,4.339936667198458,8.881784197001252e-16,8.679873334396914,-0.10089009593372902,0.10089009593372902,-4.339936667198456,4.339936667198458,-6.0,6.0,0.0,12.0,0.0,0.0,0.0,0.0,0.0,0.0,0.0,0.0,0.0,0.0,0.0,0.0,0.0,0.0,6.002352219117597,6.002352219117597,1.0356299151581538e-15,0.0,0.40299976361794426,0.0,-6.249999999999999,6.25,0.1707825127659933,0.1707825127659935,2.299806672229104e-08,4.7276321100530675e-06,0.012004704437842795,0.012,4.727632110053115e-06,0.012004704437842793,0.012
21,0.042,0.044,-4.339936667016544,4.339936667016546,8.881784197001252e-16,8.67987333403309,-0.10089009593476861,0.10089009593476861,-4.339936667016544,4.339936667016546,-6.0,6.0,0.0,12.0,0.0,0.0,0.0,0.0,0.0,0.0,0.0,0.0,0.0,0.0,0.0,0.0,0.0,0.0,6.0023522193133925,6.002352219313391,1.2542050731312315e-15,0.0,0.40299976361794476,0.0,-6.249999999999999,6.25,0.1707825127659933,0.1707825127659935,2.2998070582749355e-08,4.727632099903172e-06,0.012004704438235194,0.012,4.727632099903456e-06,0.012004704438235193,0.012
22,0.044,0.046,-4.339936666835012,4.339936666835014,8.881784197001252e-16,8.679873333670026,-0.10089009593580583,0.10089009593580583,-4.339936666835012,4.339936666835014,-6.0,6.0,0.0,12.0,0.0,0.0,0.0,0.0,0.0,0.0,0.0,0.0,0.0,0.0,0.0,0.0,0.0,0.0,6.00235221950878,6.00235221950878,9.228728892196614e-16,0.0,0.40299976361794526,0.0,-6.249999999999999,6.25,0.1707825127659933,0.1707825127659935,2.299807443621002e-08,4.727632089777747e-06,0.012004704438626786,0.012,4.727632089778222e-06,0.012004704438626782,0.012
23,0.046,0.048,-4.33993666665386,4.339936666653861,4.440892098500626e-16,8.679873333307722,-0.10089009593684028,0.10089009593684028,-4.33993666665386,4.339936666653861,-6.0,6.0,0.0,12.0,0.0,0.0,0.0,0.0,0.0,0.0,0.0,0.0,0.0,0.0,0.0,0.0,0.0,0.0,6.0023522197037655,6.002352219703764,1.5300261058115439e-15,0.0,0.4029997636179458,0.0,-6.249999999999999,6.25,0.1707825127659933,0.1707825127659935,2.2998078282685474e-08,4.72763207967235e-06,0.01200470443901756,0.012,4.727632079672972e-06,0.01200470443901756,0.012
24,0.048,0.05,-4.339936666473085,4.339936666473087,8.881784197001252e-16,8.679873332946173,-0.10089009593787224,0.10089009593787224,-4.339936666473085,4.339936666473087,-6.0,6.0,0.0,12.0,0.0,0.0,0.0,0.0,0.0,0.0,0.0,0.0,0.0,0.0,0.0,0.0,0.0,0.0,6.002352219898345,6.002352219898344,4.718447854656915e-16,0.0,0.4029997636179463,0.0,-6.249999999999999,6.25,0.1707825127659933,0.1707825127659935,2.299808212218813e-08,4.727632069589202e-06,0.012004704439407531,0.012,4.727632069589927e-06,0.012004704439407527,0.012
25,0.05,0.052000000000000005,-4.339936666292689,4.339936666292691,8.881784197001252e-16,8.67987333258538,-0.10089009593890169,0.10089009593890169,-4.339936666292689,4.339936666292691,-6.0,6.0,0.0,12.0,0.0,0.0,0.0,0.0,0.0,0.0,0.0,0.0,0.0,0.0,0.0,0.0,0.0,0.0,6.00235222009252,6.002352220092522,1.5404344466674047e-15,0.0,0.4029997636179468,0.0,-6.249999999999999,6.25,0.1707825127659933,0.1707825127659935,2.2998085954730377e-08,4.727632059526082e-06,0.012004704439796688,0.012,4.727632059526865e-06,0.012004704439796688,0.012
26,0.052000000000000005,0.054,-4.339936666112671,4.3399366661126715,4.440892098500626e-16,8.679873332225341,-0.10089009593992823,0.10089009593992823,-4.339936666112671,4.3399366661126715,-6.0,6.0,0.0,12.0,0.0,0.0,0.0,0.0,0.0,0.0,0.0,0.0,0.0,0.0,0.0,0.0,0.0,0.0,6.002352220286295,6.002352220286295,1.6688039838896884e-15,0.0,0.4029997636179473,0.0,-6.249999999999999,6.25,0.1707825127659933,0.1707825127659935,2.2998089780324573e-08,4.727632049487432e-06,0.012004704440185041,0.012,4.727632049488229e-06,0.012004704440185043,0.012
27,0.054,0.056,-4.339936665933028,4.3399366659330285,4.440892098500626e-16,8.679873331866055,-0.10089009594095283,0.10089009594095283,-4.339936665933028,4.3399366659330285,-6.0,6.0,0.0,12.0,0.0,0.0,0.0,0.0,0.0,0.0,0.0,0.0,0.0,0.0,0.0,0.0,0.0,0.0,6.002352220479669,6.002352220479671,2.699229728619912e-15,0.0,0.4029997636179478,0.0,-6.249999999999999,6.25,0.1707825127659933,0.1707825127659935,2.299809359898308e-08,4.727632039471031e-06,0.01200470444057259,0.012,4.727632039471797e-06,0.01200470444057259,0.012
28,0.056,0.058,-4.33993666575376,4.339936665753761,4.440892098500626e-16,8.679873331507522,-0.10089009594197451,0.10089009594197451,-4.33993666575376,4.339936665753761,-6.0,6.0,0.0,12.0,0.0,0.0,0.0,0.0,0.0,0.0,0.0,0.0,0.0,0.0,0.0,0.0,0.0,0.0,6.002352220672642,6.002352220672642,1.7503359872605984e-15,0.0,0.4029997636179483,0.0,-6.249999999999999,6.25,0.1707825127659933,0.1707825127659935,2.299809741071822e-08,4.727632029474658e-06,0.012004704440959338,0.012,4.727632029475348e-06,0.012004704440959342,0.012
29,0.058,0.06,-4.339936665574867,4.339936665574869,8.881784197001252e-16,8.679873331149736,-0.10089009594299397,0.10089009594299397,-4.339936665574867,4.339936665574869,-6.0,6.0,0.0,12.0,0.0,0.0,0.0,0.0,0.0,0.0,0.0,0.0,0.0,0.0,0.0,0.0,0.0,0.0,6.002352220865215,6.002352220865214,8.205242041370298e-16,0.0,0.4029997636179488,0.0,-6.249999999999999,6.25,0.1707825127659933,0.1707825127659935,2.2998101215542285e-08,4.7276320195005334e-06,0.012004704441345285,0.012,4.727632019501104e-06,0.012004704441345285,0.012
30,0.06,0.062,-4.3399366653963485,4.339936665396349,4.440892098500626e-16,8.679873330792699,-0.10089009594401094,0.10089009594401094,-4.3399366653963485,4.339936665396349,-6.0,6.0,0.0,12.0,0.0,0.0,0.0,0.0,0.0,0.0,0.0,0.0,0.0,0.0,0.0,0.0,0.0,0.0,6.0023522210573885,6.002352221057389,1.0581813203458523e-15,0.0,0.4029997636179493,0.0,-6.249999999999999,6.25,0.1707825127659933,0.1707825127659935,2.299810501346757e-08,4.727632009548659e-06,0.01200470444173043,0.012,4.727632009549065e-06,0.012004704441730428,0.012
31,0.062,0.064,-4.339936665218202,4.339936665218204,8.881784197001252e-16,8.679873330436406,-0.10089009594502527,0.10089009594502527,-4.339936665218202,4.339936665218204,-6.0,6.0,0.0,12.0,0.0,0.0,0.0,0.0,0.0,0.0,0.0,0.0,0.0,0.0,0.0,0.0,0.0,0.0,6.002352221249166,6.002352221249166,1.222980050563649e-15,0.0,0.40299976361794976,0.0,-6.249999999999999,6.25,0.1707825127659933,0.1707825127659935,2.2998108804506328e-08,4.727631999619032e-06,0.012004704442114777,0.012,4.727631999619231e-06,0.012004704442114779,0.012
32,0.064,0.066,-4.339936665040429,4.3399366650404305,8.881784197001252e-16,8.67987333008086,-0.10089009594603682,0.10089009594603682,-4.339936665040429,4.3399366650404305,-6.0,6.0,0.0,12.0,0.0,0.0,0.0,0.0,0.0,0.0,0.0,0.0,0.0,0.0,0.0,0.0,0.0,0.0,6.002352221440544,6.002352221440544,3.191891195797325e-16,0.0,0.40299976361795026,0.0,-6.249999999999999,6.25,0.1707825127659933,0.1707825127659935,2.2998112588670807e-08,4.7276319897072125e-06,0.012004704442498331,0.012,4.727631989707159e-06,0.012004704442498331,0.012
33,0.066,0.068,-4.3399366648630275,4.339936664863028,4.440892098500626e-16,8.679873329726057,-0.10089009594704615,0.10089009594704615,-4.3399366648630275,4.339936664863028,-6.0,6.0,0.0,12.0,0.0,0.0,0.0,0.0,0.0,0.0,0.0,0.0,0.0,0.0,0.0,0.0,0.0,0.0,6.002352221631527,6.002352221631527,2.0816681711721685e-17,0.0,0.40299976361795076,0.0,-6.249999999999999,6.25,0.1707825127659933,0.1707825127659935,2.2998116365973213e-08,4.727631979817642e-06,0.01200470444288109,0.012,4.727631979817293e-06,0.01200470444288109,0.012
34,0.068,0.07,-4.339936664685996,4.339936664685998,8.881784197001252e-16,8.679873329371993,-0.10089009594805298,0.10089009594805298,-4.339936664685996,4.339936664685998,-6.0,6.0,0.0,12.0,0.0,0.0,0.0,0.0,0.0,0.0,0.0,0.0,0.0,0.0,0.0,0.0,0.0,0.0,6.002352221822114,6.002352221822114,3.400058012914542e-16,0.0,0.40299976361795126,0.0,-6.249999999999999,6.25,0.1707825127659933,0.1707825127659935,2.299812013642576e-08,4.72763196995032e-06,0.012004704443263053,0.012,4.72763196994963e-06,0.012004704443263053,0.012
35,0.07,0.07200000000000001,-4.339936664509335,4.339936664509336,4.440892098500626e-16,8.679873329018672,-0.10089009594905732,0.10089009594905732,-4.339936664509335,4.339936664509336,-6.0,6.0,0.0,12.0,0.0,0.0,0.0,0.0,0.0,0.0,0.0,0.0,0.0,0.0,0.0,0.0,0.0,0.0,6.002352222012306,6.002352222012305,1.0026701691145945e-15,0.0,0.40299976361795176,0.0,-6.249999999999999,6.25,0.1707825127659933,0.1707825127659935,2.2998123900040615e-08,4.727631960105246e-06,0.012004704443644227,0.012,4.7276319601041725e-06,0.012004704443644227,0.012
36,0.07200000000000001,0.074,-4.3399366643330435,4.339936664333044,4.440892098500626e-16,8.679873328666087,-0.10089009595005916,0.10089009595005916,-4.3399366643330435,4.339936664333044,-6.0,6.0,0.0,12.0,0.0,0.0,0.0,0.0,0.0,0.0,0.0,0.0,0.0,0.0,0.0,0.0,0.0,0.0,6.002352222202103,6.002352222202102,5.0133508455729725e-16,0.0,0.40299976361795226,0.0,-6.249999999999999,6.25,0.1707825127659933,0.1707825127659935,2.2998127656829938e-08,4.727631950277979e-06,0.01200470444402461,0.012,4.727631950278699e-06,0.012004704444024608,0.012
37,0.074,0.076,-4.33993666415712,4.339936664157121,4.440892098500626e-16,8.67987332831424,-0.10089009595105863,0.10089009595105863,-4.33993666415712,4.339936664157121,-6.0,6.0,0.0,12.0,0.0,0.0,0.0,0.0,0.0,0.0,0.0,0.0,0.0,0.0,0.0,0.0,0.0,0.0,6.002352222391507,6.002352222391508,9.593020822151743e-16,0.0,0.40299976361795276,0.0,-6.249999999999999,6.25,0.1707825127659933,0.1707825127659935,2.2998131406805858e-08,4.727631940475181e-06,0.012004704444404206,0.012,4.72763194047543e-06,0.012004704444404204,0.012
38,0.076,0.078,-4.339936663981564,4.3399366639815655,8.881784197001252e-16,8.67987332796313,-0.10089009595205534,0.10089009595205534,-4.339936663981564,4.3399366639815655,-6.0,6.0,0.0,12.0,0.0,0.0,0.0,0.0,0.0,0.0,0.0,0.0,0.0,0.0,0.0,0.0,0.0,0.0,6.0023522225805195,6.00235222258052,1.682681771697503e-16,0.0,0.4029997636179532,0.0,-6.249999999999999,6.25,0.1707825127659933,0.1707825127659935,2.2998135149980496e-08,4.72763193069241e-06,0.012004704444783014,0.012,4.727631930692144e-06,0.012004704444783017,0.012
39,0.078,0.08,-4.339936663806376,4.339936663806377,4.440892098500626e-16,8.679873327612754,-0.10089009595304982,0.10089009595304982,-4.339936663806376,4.339936663806377,-6.0,6.0,0.0,12.0,0.0,0.0,0.0,0.0,0.0,0.0,0.0,0.0,0.0,0.0,0.0,0.0,0.0,0.0,6.002352222769141,6.002352222769141,5.585809592645319e-16,0.0,0.4029997636179537,0.0,-6.249999999999999,6.25,0.1707825127659933,0.1707825127659935,2.299813888636593e-08,4.727631920929668e-06,0.01200470444516104,0.012,4.727631920928843e-06,0.012004704445161041,0.012
40,0.08,0.082,-4.339936663631553,4.339936663631554,4.440892098500626e-16,8.679873327263106,-0.1008900959540418,0.1008900959540418,-4.339936663631553,4.339936663631554,-6.0,6.0,0.0,12.0,0.0,0.0,0.0,0.0,0.0,0.0,0.0,0.0,0.0,0.0,0.0,0.0,0.0,0.0,6.002352222957372,6.002352222957373,1.3617579286417936e-15,0.0,0.4029997636179542,0.0,-6.249999999999999,6.25,0.1707825127659933,0.1707825127659935,2.2998142615974248e-08,4.7276319111891735e-06,0.012004704445538283,0.012,4.727631911189967e-06,0.012004704445538283,0.012
41,0.082,0.084,-4.339936663457095,4.339936663457097,8.881784197001252e-16,8.679873326914192,-0.10089009595503129,0.10089009595503129,-4.339936663457095,4.339936663457097,-6.0,6.0,0.0,12.0,0.0,0.0,0.0,0.0,0.0,0.0,0.0,0.0,0.0,0.0,0.0,0.0,0.0,0.0,6.002352223145213,6.002352223145213,4.649058915617843e-16,0.0,0.4029997636179547,0.0,-6.249999999999999,6.25,0.1707825127659933,0.1707825127659935,2.2998146338817492e-08,4.727631901470926e-06,0.012004704445914744,0.012,4.727631901471075e-06,0.012004704445914744,0.012
42,0.084,0.08600000000000001,-4.339936663283003,4.339936663283004,4.440892098500626e-16,8.679873326566007,-0.10089009595601856,0.10089009595601856,-4.339936663283003,4.339936663283004,-6.0,6.0,0.0,12.0,0.0,0.0,0.0,0.0,0.0,0.0,0.0,0.0,0.0,0.0,0.0,0.0,0.0,0.0,6.002352223332663,6.002352223332664,1.2385925618474403e-15,0.0,0.40299976361795514,0.0,-6.249999999999999,6.25,0.1707825127659933,0.1707825127659935,2.2998150054907697e-08,4.727631891772707e-06,0.012004704446290424,0.012,4.727631891772166e-06,0.012004704446290424,0.012
43,0.08600000000000001,0.088,-4.339936663109274,4.339936663109276,8.881784197001252e-16,8.67987332621855,-0.10089009595700318,0.10089009595700318,-4.339936663109274,4.339936663109276,-6.0,6.0,0.0,12.0,0.0,0.0,0.0,0.0,0.0,0.0,0.0,0.0,0.0,0.0,0.0,0.0,0.0,0.0,6.002352223519726,6.002352223519727,6.938893903907228e-16,0.0,0.40299976361795564,0.0,-6.249999999999999,6.25,0.1707825127659933,0.1707825127659935,2.2998153764256852e-08,4.727631882094514e-06,0.012004704446665326,0.012,4.727631882095462e-06,0.012004704446665326,0.012
44,0.088,0.09,-4.339936662935909,4.33993666293591,8.881784197001252e-16,8.679873325871819,-0.10089009595798559,0.10089009595798559,-4.339936662935909,4.33993666293591,-6.0,6.0,0.0,12.0,0.0,0.0,0.0,0.0,0.0,0.0,0.0,0.0,0.0,0.0,0.0,0.0,0.0,0.0,6.002352223706402,6.002352223706402,8.430756093247282e-16,0.0,0.40299976361795614,0.0,-6.249999999999999,6.25,0.1707825127659933,0.1707825127659935,2.299815746687697e-08,4.72763187243857e-06,0.012004704447039454,0.012,4.727631872438743e-06,0.012004704447039454,0.012
45,0.09,0.092,-4.339936662762906,4.339936662762907,4.440892098500626e-16,8.679873325525811,-0.10089009595896536,0.10089009595896536,-4.339936662762906,4.339936662762907,-6.0,6.0,0.0,12.0,0.0,0.0,0.0,0.0,0.0,0.0,0.0,0.0,0.0,0.0,0.0,0.0,0.0,0.0,6.00235222389269,6.00235222389269,5.204170427930421e-16,0.0,0.4029997636179566,0.0,-6.249999999999999,6.25,0.1707825127659933,0.1707825127659935,2.2998161162780003e-08,4.727631862802652e-06,0.012004704447412803,0.012,4.727631862802006e-06,0.012004704447412803,0.012
46,0.092,0.094,-4.339936662590264,4.339936662590265,4.440892098500626e-16,8.67987332518053,-0.10089009595994278,0.10089009595994278,-4.339936662590264,4.339936662590265,-6.0,6.0,0.0,12.0,0.0,0.0,0.0,0.0,0.0,0.0,0.0,0.0,0.0,0.0,0.0,0.0,0.0,0.0,6.002352224078593,6.002352224078594,7.806255641895632e-16,0.0,0.4029997636179571,0.0,-6.249999999999999,6.25,0.1707825127659933,0.1707825127659935,2.2998164851977904e-08,4.727631853188983e-06,0.012004704447785381,0.012,4.727631853189695e-06,0.012004704447785381,0.012
47,0.094,0.096,-4.339936662417983,4.339936662417984,4.440892098500626e-16,8.679873324835967,-0.10089009596091783,0.10089009596091783,-4.339936662417983,4.339936662417984,-6.0,6.0,0.0,12.0,0.0,0.0,0.0,0.0,0.0,0.0,0.0,0.0,0.0,0.0,0.0,0.0,0.0,0.0,6.002352224264112,6.002352224264111,1.2784912017949068e-15,0.0,0.4029997636179576,0.0,-6.249999999999999,6.25,0.1707825127659933,0.1707825127659935,2.2998168534482593e-08,4.72763184359756e-06,0.012004704448157186,0.012,4.727631843597369e-06,0.012004704448157188,0.012
48,0.096,0.098,-4.339936662246062,4.339936662246063,4.440892098500626e-16,8.679873324492124,-0.10089009596189052,0.10089009596189052,-4.339936662246062,4.339936662246063,-6.0,6.0,0.0,12.0,0.0,0.0,0.0,0.0,0.0,0.0,0.0,0.0,0.0,0.0,0.0,0.0,0.0,0.0,6.002352224449246,6.002352224449244,7.962380754733545e-16,0.0,0.40299976361795803,0.0,-6.249999999999999,6.25,0.1707825127659933,0.1707825127659935,2.2998172210305983e-08,4.727631834023944e-06,0.012004704448528225,0.012,4.727631834025026e-06,0.012004704448528221,0.012
49,0.098,0.1,-4.339936662074501,4.339936662074502,4.440892098500626e-16,8.679873324149003,-0.10089009596286072,0.10089009596286072,-4.339936662074501,4.339936662074502,-6.0,6.0,0.0,12.0,0.0,0.0,0.0,0.0,0.0,0.0,0.0,0.0,0.0,0.0,0.0,0.0,0.0,0.0,6.002352224633995,6.002352224633996,1.6670692604137116e-15,0.0,0.40299976361795853,0.0,-6.249999999999999,6.25,0.1707825127659933,0.1707825127659935,2.299817587945995e-08,4.727631824470355e-06,0.012004704448898491,0.012,4.727631824470446e-06,0.01200470444889849,0.012
50,0.1,0.10200000000000001,-4.339936661903298,4.339936661903299,4.440892098500626e-16,8.679873323806596,-0.10089009596382842,0.10089009596382842,-4.339936661903298,4.339936661903299,-6.0,6.0,0.0,12.0,0.0,0.0,0.0,0.0,0.0,0.0,0.0,0.0,0.0,0.0,0.0,0.0,0.0,0.0,6.002352224818363,6.002352224818363,6.696032617270475e-16,0.0,0.402999763617959,0.0,-6.249999999999999,6.25,0.1707825127659933,0.1707825127659935,2.2998179541956355e-08,4.727631814939014e-06,0.01200470444926799,0.012,4.727631814938072e-06,0.012004704449267992,0.012
51,0.10200000000000001,0.10400000000000001,-4.339936661732453,4.339936661732454,8.881784197001252e-16,8.679873323464907,-0.1008900959647939,0.1008900959647939,-4.339936661732453,4.339936661732454,-6.0,6.0,0.0,12.0,0.0,0.0,0.0,0.0,0.0,0.0,0.0,0.0,0.0,0.0,0.0,0.0,0.0,0.0,6.002352225002348,6.002352225002348,2.3245294578089215e-16,0.0,0.40299976361795947,0.0,-6.249999999999999,6.25,0.1707825127659933,0.1707825127659935,2.2998183197807052e-08,4.727631805427699e-06,0.012004704449636725,0.012,4.727631805427901e-06,0.012004704449636727,0.012
52,0.10400000000000001,0.106,-4.339936661561965,4.339936661561966,4.440892098500626e-16,8.679873323123932,-0.10089009596575688,0.10089009596575688,-4.339936661561965,4.339936661561966,-6.0,6.0,0.0,12.0,0.0,0.0,0.0,0.0,0.0,0.0,0.0,0.0,0.0,0.0,0.0,0.0,0.0,0.0,6.002352225185952,6.002352225185953,1.0408340855860843e-15,0.0,0.4029997636179599,0.0,-6.249999999999999,6.25,0.1707825127659933,0.1707825127659935,2.2998186847023856e-08,4.727631795938631e-06,0.012004704450004696,0.012,4.727631795937714e-06,0.012004704450004696,0.012
53,0.106,0.108,-4.3399366613918335,4.339936661391834,4.440892098500626e-16,8.679873322783667,-0.10089009596671736,0.10089009596671736,-4.3399366613918335,4.339936661391834,-6.0,6.0,0.0,12.0,0.0,0.0,0.0,0.0,0.0,0.0,0.0,0.0,0.0,0.0,0.0,0.0,0.0,0.0,6.002352225369176,6.002352225369177,2.949029909160572e-17,0.0,0.4029997636179604,0.0,-6.249999999999999,6.25,0.1707825127659933,0.1707825127659935,2.2998190489618574e-08,4.727631786467369e-06,0.012004704450371904,0.012,4.727631786467512e-06,0.012004704450371906,0.012
54,0.108,0.11,-4.339936661222057,4.339936661222058,4.440892098500626e-16,8.679873322444116,-0.10089009596767562,0.10089009596767562,-4.339936661222057,4.339936661222058,-6.0,6.0,0.0,12.0,0.0,0.0,0.0,0.0,0.0,0.0,0.0,0.0,0.0,0.0,0.0,0.0,0.0,0.0,6.002352225552022,6.002352225552022,1.1969591984239969e-15,0.0,0.40299976361796086,0.0,-6.249999999999999,6.25,0.1707825127659933,0.1707825127659935,2.2998194125602986e-08,4.727631777018355e-06,0.012004704450738353,0.012,4.727631777017294e-06,0.012004704450738354,0.012
55,0.11,0.112,-4.339936661052636,4.339936661052637,4.440892098500626e-16,8.679873322105273,-0.10089009596863166,0.10089009596863166,-4.339936661052636,4.339936661052637,-6.0,6.0,0.0,12.0,0.0,0.0,0.0,0.0,0.0,0.0,0.0,0.0,0.0,0.0,0.0,0.0,0.0,0.0,6.002352225734487,6.002352225734487,1.9255430583342559e-16,0.0,0.40299976361796136,0.0,-6.249999999999999,6.25,0.1707825127659933,0.1707825127659935,2.299819775498884e-08,4.727631767587146e-06,0.012004704451104043,0.012,4.72763176758706e-06,0.012004704451104043,0.012
56,0.112,0.114,-4.339936660883569,4.339936660883571,8.881784197001252e-16,8.67987332176714,-0.1008900959695852,0.1008900959695852,-4.339936660883569,4.339936660883571,-6.0,6.0,0.0,12.0,0.0,0.0,0.0,0.0,0.0,0.0,0.0,0.0,0.0,0.0,0.0,0.0,0.0,0.0,6.0023522259165745,6.002352225916576,1.1830814106161824e-15,0.0,0.4029997636179618,0.0,-6.249999999999999,6.25,0.1707825127659933,0.1707825127659935,2.2998201377787894e-08,4.727631758178184e-06,0.012004704451468973,0.012,4.727631758179029e-06,0.012004704451468973,0.012
57,0.114,0.116,-4.339936660714856,4.339936660714857,4.440892098500626e-16,8.679873321429714,-0.10089009597053666,0.10089009597053666,-4.339936660714856,4.339936660714857,-6.0,6.0,0.0,12.0,0.0,0.0,0.0,0.0,0.0,0.0,0.0,0.0,0.0,0.0,0.0,0.0,0.0,0.0,6.002352226098285,6.002352226098285,1.7763568394002505e-15,0.0,0.4029997636179623,0.0,-6.249999999999999,6.25,0.1707825127659933,0.1707825127659935,2.2998204994011855e-08,4.727631748791469e-06,0.012004704451833149,0.012,4.727631748790984e-06,0.012004704451833152,0.012
58,0.116,0.11800000000000001,-4.339936660546495,4.3399366605464955,4.440892098500626e-16,8.679873321092991,-0.10089009597148563,0.10089009597148563,-4.339936660546495,4.3399366605464955,-6.0,6.0,0.0,12.0,0.0,0.0,0.0,0.0,0.0,0.0,0.0,0.0,0.0,0.0,0.0,0.0,0.0,0.0,6.002352226279619,6.002352226279619,1.9081958235744878e-16,0.0,0.40299976361796275,0.0,-6.249999999999999,6.25,0.1707825127659933,0.1707825127659935,2.299820860367244e-08,4.7276317394225605e-06,0.012004704452196572,0.012,4.727631739422922e-06,0.01200470445219657,0.012
59,0.11800000000000001,0.12,-4.339936660378486,4.339936660378487,4.440892098500626e-16,8.679873320756972,-0.10089009597243223,0.10089009597243223,-4.339936660378486,4.339936660378487,-6.0,6.0,0.0,12.0,0.0,0.0,0.0,0.0,0.0,0.0,0.0,0.0,0.0,0.0,0.0,0.0,0.0,0.0,6.002352226460578,6.002352226460579,1.5074747006238454e-15,0.0,0.40299976361796325,0.0,-6.249999999999999,6.25,0.1707825127659933,0.1707825127659935,2.2998212206781303e-08,4.7276317300736774e-06,0.012004704452559238,0.012,4.727631730072624e-06,0.012004704452559238,0.012
60,0.12,0.122,-4.339936660210828,4.339936660210829,4.440892098500626e-16,8.679873320421656,-0.10089009597337634,0.10089009597337634,-4.339936660210828,4.339936660210829,-6.0,6.0,0.0,12.0,0.0,0.0,0.0,0.0,0.0,0.0,0.0,0.0,0.0,0.0,0.0,0.0,0.0,0.0,6.002352226641162,6.002352226641163,2.3592239273284576e-16,0.0,0.4029997636179637,0.0,-6.249999999999999,6.25,0.1707825127659933,0.1707825127659935,2.2998215803350122e-08,4.727631720744821e-06,0.012004704452921157,0.012,4.727631720744529e-06,0.012004704452921159,0.012
61,0.122,0.124,-4.33993666004352,4.339936660043521,4.440892098500626e-16,8.67987332008704,-0.10089009597431808,0.10089009597431808,-4.33993666004352,4.339936660043521,-6.0,6.0,0.0,12.0,0.0,0.0,0.0,0.0,0.0,0.0,0.0,0.0,0.0,0.0,0.0,0.0,0.0,0.0,6.0023522268213725,6.0023522268213725,7.927686285214008e-16,0.0,0.40299976361796414,0.0,-6.249999999999999,6.25,0.1707825127659933,0.1707825127659935,2.2998219393390535e-08,4.727631711438211e-06,0.012004704453282325,0.012,4.72763171143864e-06,0.012004704453282326,0.012
62,0.124,0.126,-4.339936659876562,4.339936659876564,8.881784197001252e-16,8.679873319753126,-0.10089009597525747,0.10089009597525747,-4.339936659876562,4.339936659876564,-6.0,6.0,0.0,12.0,0.0,0.0,0.0,0.0,0.0,0.0,0.0,0.0,0.0,0.0,0.0,0.0,0.0,0.0,6.002352227001208,6.002352227001208,7.268491364342822e-16,0.0,0.40299976361796463,0.0,-6.249999999999999,6.25,0.1707825127659933,0.1707825127659935,2.2998222976914154e-08,4.727631702151626e-06,0.012004704453642746,0.012,4.727631702152735e-06,0.012004704453642746,0.012
63,0.126,0.128,-4.339936659709953,4.339936659709955,8.881784197001252e-16,8.679873319419908,-0.10089009597619464,0.10089009597619464,-4.339936659709953,4.339936659709955,-6.0,6.0,0.0,12.0,0.0,0.0,0.0,0.0,0.0,0.0,0.0,0.0,0.0,0.0,0.0,0.0,0.0,0.0,6.002352227180672,6.002352227180673,5.290906601729262e-16,0.0,0.4029997636179651,0.0,-6.249999999999999,6.25,0.1707825127659933,0.1707825127659935,2.2998226553932583e-08,4.727631692885068e-06,0.012004704454002417,0.012,4.727631692884593e-06,0.012004704454002417,0.012
64,0.128,0.13,-4.339936659543693,4.339936659543694,4.440892098500626e-16,8.679873319087388,-0.10089009597712972,0.10089009597712972,-4.339936659543693,4.339936659543694,-6.0,6.0,0.0,12.0,0.0,0.0,0.0,0.0,0.0,0.0,0.0,0.0,0.0,0.0,0.0,0.0,0.0,0.0,6.002352227359765,6.002352227359764,1.016547956922409e-15,0.0,0.4029997636179655,0.0,-6.249999999999999,6.25,0.1707825127659933,0.1707825127659935,2.2998230124457396e-08,4.727631683636316e-06,0.012004704454361343,0.012,4.727631683636435e-06,0.012004704454361345,0.012
65,0.13,0.132,-4.33993665937778,4.339936659377781,4.440892098500626e-16,8.679873318755561,-0.10089009597806231,0.10089009597806231,-4.33993665937778,4.339936659377781,-6.0,6.0,0.0,12.0,0.0,0.0,0.0,0.0,0.0,0.0,0.0,0.0,0.0,0.0,0.0,0.0,0.0,0.0,6.002352227538486,6.002352227538485,1.5612511283791264e-16,0.0,0.402999763617966,0.0,-6.249999999999999,6.25,0.1707825127659933,0.1707825127659935,2.2998233688500163e-08,4.727631674409809e-06,0.012004704454719529,0.012,4.727631674410482e-06,0.012004704454719527,0.012
66,0.132,0.134,-4.3399366592122135,4.339936659212214,4.440892098500626e-16,8.679873318424427,-0.10089009597899268,0.10089009597899268,-4.3399366592122135,4.339936659212214,-6.0,6.0,0.0,12.0,0.0,0.0,0.0,0.0,0.0,0.0,0.0,0.0,0.0,0.0,0.0,0.0,0.0,0.0,6.0023522277168375,6.002352227716837,5.741934705483231e-16,0.0,0.40299976361796647,0.0,-6.249999999999999,6.25,0.1707825127659933,0.1707825127659935,2.29982372460724e-08,4.727631665201108e-06,0.012004704455076972,0.012,4.727631665200072e-06,0.01200470445507697,0.012
67,0.134,0.136,-4.339936659046993,4.3399366590469945,8.881784197001252e-16,8.679873318093987,-0.10089009597992069,0.10089009597992069,-4.339936659046993,4.3399366590469945,-6.0,6.0,0.0,12.0,0.0,0.0,0.0,0.0,0.0,0.0,0.0,0.0,0.0,0.0,0.0,0.0,0.0,0.0,6.002352227894818,6.002352227894819,1.2420620087993939e-15,0.0,0.4029997636179669,0.0,-6.249999999999999,6.25,0.1707825127659933,0.1707825127659935,2.2998240797185643e-08,4.727631656012432e-06,0.012004704455433675,0.012,4.727631656011866e-06,0.012004704455433673,0.012
68,0.136,0.138,-4.339936658882118,4.339936658882119,4.440892098500626e-16,8.679873317764237,-0.10089009598084647,0.10089009598084647,-4.339936658882118,4.339936658882119,-6.0,6.0,0.0,12.0,0.0,0.0,0.0,0.0,0.0,0.0,0.0,0.0,0.0,0.0,0.0,0.0,0.0,0.0,6.002352228072431,6.00235222807243,1.1622647289044608e-15,0.0,0.40299976361796735,0.0,-6.249999999999999,6.25,0.1707825127659933,0.1707825127659935,2.2998244341851377e-08,4.727631646846002e-06,0.012004704455789635,0.012,4.727631646845865e-06,0.012004704455789638,0.012
69,0.138,0.14,-4.339936658717588,4.339936658717589,4.440892098500626e-16,8.679873317435177,-0.1008900959817699,0.1008900959817699,-4.339936658717588,4.339936658717589,-6.0,6.0,0.0,12.0,0.0,0.0,0.0,0.0,0.0,0.0,0.0,0.0,0.0,0.0,0.0,0.0,0.0,0.0,6.002352228249675,6.002352228249675,9.593020822151743e-16,0.0,0.40299976361796785,0.0,-6.249999999999999,6.25,0.1707825127659933,0.1707825127659935,2.2998247880081094e-08,4.727631637699599e-06,0.012004704456144863,0.012,4.727631637699847e-06,0.012004704456144861,0.012
70,0.14,0.14200000000000002,-4.339936658553401,4.339936658553403,8.881784197001252e-16,8.679873317106804,-0.10089009598269097,0.10089009598269097,-4.339936658553401,4.339936658553403,-6.0,6.0,0.0,12.0,0.0,0.0,0.0,0.0,0.0,0.0,0.0,0.0,0.0,0.0,0.0,0.0,0.0,0.0,6.002352228426554,6.002352228426554,1.1483869410966463e-15,0.0,0.4029997636179683,0.0,-6.249999999999999,6.25,0.1707825127659933,0.1707825127659935,2.2998251411886247e-08,4.7276316285709995e-06,0.01200470445649935,0.012,4.727631628571593e-06,0.01200470445649935,0.012
71,0.14200000000000002,0.14400000000000002,-4.339936658389558,4.3399366583895596,8.881784197001252e-16,8.679873316779117,-0.10089009598360968,0.10089009598360968,-4.339936658389558,4.3399366583895596,-6.0,6.0,0.0,12.0,0.0,0.0,0.0,0.0,0.0,0.0,0.0,0.0,0.0,0.0,0.0,0.0,0.0,0.0,6.0023522286030655,6.002352228603065,1.052977149917922e-15,0.0,0.40299976361796874,0.0,-6.249999999999999,6.25,0.1707825127659933,0.1707825127659935,2.2998254937278266e-08,4.727631619460206e-06,0.012004704456853109,0.012,4.7276316194611034e-06,0.012004704456853109,0.012
72,0.14400000000000002,0.146,-4.3399366582260575,4.339936658226058,4.440892098500626e-16,8.679873316452117,-0.1008900959845263,0.1008900959845263,-4.3399366582260575,4.339936658226058,-6.0,6.0,0.0,12.0,0.0,0.0,0.0,0.0,0.0,0.0,0.0,0.0,0.0,0.0,0.0,0.0,0.0,0.0,6.002352228779212,6.002352228779212,1.3097162243624894e-15,0.0,0.4029997636179692,0.0,-6.249999999999999,6.25,0.1707825127659933,0.1707825127659935,2.2998258456268582e-08,4.727631610371657e-06,0.01200470445720613,0.012,4.727631610370598e-06,0.012004704457206129,0.012
73,0.146,0.148,-4.339936658062898,4.3399366580629,8.881784197001252e-16,8.679873316125798,-0.10089009598544058,0.10089009598544058,-4.339936658062898,4.3399366580629,-6.0,6.0,0.0,12.0,0.0,0.0,0.0,0.0,0.0,0.0,0.0,0.0,0.0,0.0,0.0,0.0,0.0,0.0,6.002352228954992,6.002352228954992,6.29704621779581e-16,0.0,0.40299976361796963,0.0,-6.249999999999999,6.25,0.1707825127659933,0.1707825127659935,2.299826196886858e-08,4.7276316013009136e-06,0.012004704457558423,0.012,4.727631601300075e-06,0.012004704457558423,0.012
74,0.148,0.15,-4.33993665790008,4.339936657900082,8.881784197001252e-16,8.679873315800162,-0.10089009598635262,0.10089009598635262,-4.33993665790008,4.339936657900082,-6.0,6.0,0.0,12.0,0.0,0.0,0.0,0.0,0.0,0.0,0.0,0.0,0.0,0.0,0.0,0.0,0.0,0.0,6.002352229130409,6.002352229130408,6.678685382510707e-16,0.0,0.4029997636179701,0.0,-6.249999999999999,6.25,0.1707825127659933,0.1707825127659935,2.2998265475089656e-08,4.727631592252416e-06,0.012004704457909984,0.012,4.727631592251757e-06,0.012004704457909984,0.012
75,0.15,0.152,-4.339936657737603,4.339936657737604,4.440892098500626e-16,8.679873315475206,-0.10089009598726245,0.10089009598726245,-4.339936657737603,4.339936657737604,-6.0,6.0,0.0,12.0,0.0,0.0,0.0,0.0,0.0,0.0,0.0,0.0,0.0,0.0,0.0,0.0,0.0,0.0,6.002352229305462,6.002352229305462,5.672545766444159e-16,0.0,0.4029997636179705,0.0,-6.249999999999999,6.25,0.1707825127659933,0.1707825127659935,2.2998268974943166e-08,4.727631583221723e-06,0.012004704458260818,0.012,4.727631583221204e-06,0.012004704458260816,0.012
76,0.152,0.154,-4.339936657575464,4.339936657575466,8.881784197001252e-16,8.67987331515093,-0.10089009598817006,0.10089009598817006,-4.339936657575464,4.339936657575466,-6.0,6.0,0.0,12.0,0.0,0.0,0.0,0.0,0.0,0.0,0.0,0.0,0.0,0.0,0.0,0.0,0.0,0.0,6.002352229480152,6.002352229480152,3.3480163086352377e-16,0.0,0.402999763617971,0.0,-6.249999999999999,6.25,0.1707825127659933,0.1707825127659935,2.299827246844043e-08,4.727631574211055e-06,0.012004704458610923,0.012,4.727631574210633e-06,0.012004704458610923,0.012
77,0.154,0.156,-4.3399366574136655,4.339936657413666,4.440892098500626e-16,8.679873314827333,-0.10089009598907558,0.10089009598907558,-4.3399366574136655,4.339936657413666,-6.0,6.0,0.0,12.0,0.0,0.0,0.0,0.0,0.0,0.0,0.0,0.0,0.0,0.0,0.0,0.0,0.0,0.0,6.002352229654481,6.002352229654481,3.642919299551295e-17,0.0,0.40299976361797146,0.0,-6.249999999999999,6.25,0.1707825127659933,0.1707825127659935,2.2998275955592783e-08,4.727631565220413e-06,0.012004704458960305,0.012,4.727631565220048e-06,0.012004704458960304,0.012
78,0.156,0.158,-4.3399366572522045,4.339936657252205,4.440892098500626e-16,8.679873314504409,-0.10089009598997875,0.10089009598997875,-4.3399366572522045,4.339936657252205,-6.0,6.0,0.0,12.0,0.0,0.0,0.0,0.0,0.0,0.0,0.0,0.0,0.0,0.0,0.0,0.0,0.0,0.0,6.00235222982845,6.002352229828451,1.4346163146328195e-15,0.0,0.4029997636179719,0.0,-6.249999999999999,6.25,0.1707825127659933,0.1707825127659935,2.2998279436411526e-08,4.727631556247573e-06,0.012004704459308962,0.012,4.727631556247225e-06,0.012004704459308962,0.012
79,0.158,0.16,-4.339936657091081,4.339936657091082,4.440892098500626e-16,8.679873314182164,-0.10089009599087984,0.10089009599087984,-4.339936657091081,4.339936657091082,-6.0,6.0,0.0,12.0,0.0,0.0,0.0,0.0,0.0,0.0,0.0,0.0,0.0,0.0,0.0,0.0,0.0,0.0,6.002352230002057,6.002352230002057,1.4641066137244252e-15,0.0,0.40299976361797235,0.0,-6.249999999999999,6.25,0.1707825127659933,0.1707825127659935,2.2998282910907936e-08,4.72763154729476e-06,0.0120047044596569,0.012,4.727631547294387e-06,0.0120047044596569,0.012
80,0.16,0.162,-4.339936656930294,4.339936656930295,4.440892098500626e-16,8.67987331386059,-0.10089009599177828,0.10089009599177828,-4.339936656930294,4.339936656930295,-6.0,6.0,0.0,12.0,0.0,0.0,0.0,0.0,0.0,0.0,0.0,0.0,0.0,0.0,0.0,0.0,0.0,0.0,6.002352230175305,6.002352230175305,2.1510571102112408e-16,0.0,0.4029997636179728,0.0,-6.249999999999999,6.25,0.1707825127659933,0.1707825127659935,2.299828637909328e-08,4.727631538361971e-06,0.012004704460004114,0.012,4.727631538361532e-06,0.012004704460004114,0.012
81,0.162,0.164,-4.339936656769844,4.3399366567698445,4.440892098500626e-16,8.679873313539687,-0.10089009599267479,0.10089009599267479,-4.339936656769844,4.3399366567698445,-6.0,6.0,0.0,12.0,0.0,0.0,0.0,0.0,0.0,0.0,0.0,0.0,0.0,0.0,0.0,0.0,0.0,0.0,6.002352230348194,6.002352230348193,6.279698983036042e-16,0.0,0.40299976361797324,0.0,-6.249999999999999,6.25,0.1707825127659933,0.1707825127659935,2.299828984097878e-08,4.727631529446987e-06,0.01200470446035061,0.012,4.727631529446441e-06,0.012004704460350608,0.012
82,0.164,0.166,-4.339936656609728,4.339936656609729,4.440892098500626e-16,8.679873313219456,-0.10089009599356893,0.10089009599356893,-4.339936656609728,4.339936656609729,-6.0,6.0,0.0,12.0,0.0,0.0,0.0,0.0,0.0,0.0,0.0,0.0,0.0,0.0,0.0,0.0,0.0,0.0,6.002352230520725,6.002352230520724,4.562322741819003e-16,0.0,0.4029997636179737,0.0,-6.249999999999999,6.25,0.1707825127659933,0.1707825127659935,2.299829329657568e-08,4.727631520549807e-06,0.012004704460696389,0.012,4.727631520549114e-06,0.012004704460696385,0.012
83,0.166,0.168,-4.3399366564499475,4.339936656449948,4.440892098500626e-16,8.679873312899897,-0.100890095994461,0.100890095994461,-4.3399366564499475,4.339936656449948,-6.0,6.0,0.0,12.0,0.0,0.0,0.0,0.0,0.0,0.0,0.0,0.0,0.0,0.0,0.0,0.0,0.0,0.0,6.002352230692899,6.002352230692899,7.962380754733545e-16,0.0,0.4029997636179741,0.0,-6.249999999999999,6.25,0.1707825127659933,0.1707825127659935,2.2998296745895166e-08,4.727631511674872e-06,0.012004704461041451,0.012,4.727631511673991e-06,0.01200470446104145,0.012
84,0.168,0.17,-4.339936656290501,4.339936656290502,4.440892098500626e-16,8.679873312581002,-0.10089009599535098,0.10089009599535098,-4.339936656290501,4.339936656290502,-6.0,6.0,0.0,12.0,0.0,0.0,0.0,0.0,0.0,0.0,0.0,0.0,0.0,0.0,0.0,0.0,0.0,0.0,6.002352230864716,6.002352230864716,3.972516759986888e-16,0.0,0.40299976361797457,0.0,-6.249999999999999,6.25,0.1707825127659933,0.1707825127659935,2.2998300188948425e-08,4.72763150281774e-06,0.012004704461385797,0.012,4.727631502816632e-06,0.012004704461385797,0.012
85,0.17,0.17200000000000001,-4.339936656131387,4.339936656131388,4.440892098500626e-16,8.679873312262774,-0.10089009599623847,0.10089009599623847,-4.339936656131387,4.339936656131388,-6.0,6.0,0.0,12.0,0.0,0.0,0.0,0.0,0.0,0.0,0.0,0.0,0.0,0.0,0.0,0.0,0.0,0.0,6.002352231036177,6.002352231036175,1.6323747908941755e-15,0.0,0.402999763617975,0.0,-6.249999999999999,6.25,0.1707825127659933,0.1707825127659935,2.299830362574663e-08,4.727631493980634e-06,0.01200470446172943,0.012,4.727631493981477e-06,0.012004704461729432,0.012
86,0.17200000000000001,0.17400000000000002,-4.339936655972607,4.339936655972608,4.440892098500626e-16,8.679873311945215,-0.10089009599712373,0.10089009599712373,-4.339936655972607,4.339936655972608,-6.0,6.0,0.0,12.0,0.0,0.0,0.0,0.0,0.0,0.0,0.0,0.0,0.0,0.0,0.0,0.0,0.0,0.0,6.002352231207283,6.002352231207282,9.26342336171615e-16,0.0,0.40299976361797546,0.0,-6.249999999999999,6.25,0.1707825127659933,0.1707825127659935,2.2998307056300914e-08,4.727631485163552e-06,0.012004704462072352,0.012,4.7276314851640856e-06,0.01200470446207235,0.012
87,0.17400000000000002,0.176,-4.339936655814157,4.339936655814159,8.881784197001252e-16,8.679873311628317,-0.10089009599800705,0.10089009599800705,-4.339936655814157,4.339936655814159,-6.0,6.0,0.0,12.0,0.0,0.0,0.0,0.0,0.0,0.0,0.0,0.0,0.0,0.0,0.0,0.0,0.0,0.0,6.002352231378033,6.002352231378033,7.979727989493313e-16,0.0,0.40299976361797585,0.0,-6.249999999999999,6.25,0.1707825127659933,0.1707825127659935,2.29983104806224e-08,4.727631476366494e-06,0.012004704462414565,0.012,4.7276314763666785e-06,0.012004704462414563,0.012
88,0.176,0.178,-4.33993665565604,4.339936655656041,4.440892098500626e-16,8.679873311312083,-0.10089009599888829,0.10089009599888829,-4.33993665565604,4.339936655656041,-6.0,6.0,0.0,12.0,0.0,0.0,0.0,0.0,0.0,0.0,0.0,0.0,0.0,0.0,0.0,0.0,0.0,0.0,6.002352231548431,6.0023522315484295,1.4779844015322396e-15,0.0,0.4029997636179763,0.0,-6.249999999999999,6.25,0.1707825127659933,0.1707825127659935,2.2998313898722202e-08,4.7276314675850196e-06,0.012004704462756066,0.012,4.727631467584815e-06,0.012004704462756066,0.012
89,0.178,0.18,-4.339936655498253,4.339936655498254,4.440892098500626e-16,8.679873310996506,-0.10089009599976717,0.10089009599976717,-4.339936655498253,4.339936655498254,-6.0,6.0,0.0,12.0,0.0,0.0,0.0,0.0,0.0,0.0,0.0,0.0,0.0,0.0,0.0,0.0,0.0,0.0,6.002352231718476,6.002352231718476,1.547373340571312e-15,0.0,0.40299976361797674,0.0,-6.249999999999999,6.25,0.1707825127659933,0.1707825127659935,2.29983173106114e-08,4.727631458823569e-06,0.012004704463096863,0.012,4.727631458822934e-06,0.01200470446309686,0.012
90,0.18,0.182,-4.339936655340796,4.3399366553407965,4.440892098500626e-16,8.679873310681593,-0.10089009600064397,0.10089009600064397,-4.339936655340796,4.3399366553407965,-6.0,6.0,0.0,12.0,0.0,0.0,0.0,0.0,0.0,0.0,0.0,0.0,0.0,0.0,0.0,0.0,0.0,0.0,6.0023522318881675,6.0023522318881675,6.002143226879753e-16,0.0,0.4029997636179772,0.0,-6.249999999999999,6.25,0.1707825127659933,0.1707825127659935,2.2998320716301056e-08,4.727631450082144e-06,0.01200470446343695,0.012,4.727631450081038e-06,0.012004704463436952,0.012
91,0.182,0.184,-4.339936655183667,4.339936655183668,4.440892098500626e-16,8.679873310367334,-0.10089009600151855,0.10089009600151855,-4.339936655183667,4.339936655183668,-6.0,6.0,0.0,12.0,0.0,0.0,0.0,0.0,0.0,0.0,0.0,0.0,0.0,0.0,0.0,0.0,0.0,0.0,6.002352232057509,6.002352232057509,9.645062526431047e-16,0.0,0.4029997636179776,0.0,-6.249999999999999,6.25,0.1707825127659933,0.1707825127659935,2.2998324115802224e-08,4.727631441360742e-06,0.012004704463776335,0.012,4.727631441361346e-06,0.012004704463776335,0.012
92,0.184,0.186,-4.339936655026867,4.339936655026868,4.440892098500626e-16,8.679873310053736,-0.10089009600239104,0.10089009600239104,-4.339936655026867,4.339936655026868,-6.0,6.0,0.0,12.0,0.0,0.0,0.0,0.0,0.0,0.0,0.0,0.0,0.0,0.0,0.0,0.0,0.0,0.0,6.002352232226499,6.0023522322264995,8.621575675604731e-16,0.0,0.40299976361797807,0.0,-6.249999999999999,6.25,0.1707825127659933,0.1707825127659935,2.2998327509125935e-08,4.727631432657143e-06,0.012004704464115019,0.012,4.7276314326571976e-06,0.012004704464115019,0.012
93,0.186,0.188,-4.339936654870395,4.339936654870397,8.881784197001252e-16,8.679873309740792,-0.10089009600326132,0.10089009600326132,-4.339936654870395,4.339936654870397,-6.0,6.0,0.0,12.0,0.0,0.0,0.0,0.0,0.0,0.0,0.0,0.0,0.0,0.0,0.0,0.0,0.0,0.0,6.002352232395139,6.002352232395141,1.025221574302293e-15,0.0,0.4029997636179785,0.0,-6.249999999999999,6.25,0.1707825127659933,0.1707825127659935,2.299833089628319e-08,4.727631423971349e-06,0.012004704464452997,0.012,4.727631423970813e-06,0.012004704464453,0.012
94,0.188,0.19,-4.33993665471425,4.3399366547142515,8.881784197001252e-16,8.679873309428501,-0.10089009600412938,0.10089009600412938,-4.33993665471425,4.3399366547142515,-6.0,6.0,0.0,12.0,0.0,0.0,0.0,0.0,0.0,0.0,0.0,0.0,0.0,0.0,0.0,0.0,0.0,0.0,6.002352232563429,6.00235223256343,1.366962099069724e-15,0.0,0.4029997636179789,0.0,-6.249999999999999,6.25,0.1707825127659933,0.1707825127659935,2.2998334277284983e-08,4.727631415305578e-06,0.012004704464790277,0.012,4.727631415306632e-06,0.01200470446479028,0.012
95,0.19,0.192,-4.339936654558431,4.339936654558433,8.881784197001252e-16,8.679873309116864,-0.10089009600499507,0.10089009600499507,-4.339936654558431,4.339936654558433,-6.0,6.0,0.0,12.0,0.0,0.0,0.0,0.0,0.0,0.0,0.0,0.0,0.0,0.0,0.0,0.0,0.0,0.0,6.002352232731372,6.002352232731372,8.465450562766819e-16,0.0,0.40299976361797935,0.0,-6.249999999999999,6.25,0.1707825127659933,0.1707825127659935,2.2998337652142273e-08,4.727631406657611e-06,0.012004704465126859,0.012,4.727631406657995e-06,0.01200470446512686,0.012
96,0.192,0.194,-4.339936654402939,4.33993665440294,4.440892098500626e-16,8.679873308805877,-0.10089009600585896,0.10089009600585896,-4.339936654402939,4.33993665440294,-6.0,6.0,0.0,12.0,0.0,0.0,0.0,0.0,0.0,0.0,0.0,0.0,0.0,0.0,0.0,0.0,0.0,0.0,6.002352232898967,6.002352232898966,5.637851296924623e-16,0.0,0.4029997636179798,0.0,-6.249999999999999,6.25,0.1707825127659933,0.1707825127659935,2.2998341020866033e-08,4.7276313980274464e-06,0.012004704465462743,0.012,4.727631398027121e-06,0.012004704465462743,0.012
97,0.194,0.196,-4.33993665424777,4.339936654247772,8.881784197001252e-16,8.679873308495543,-0.10089009600672064,0.10089009600672064,-4.33993665424777,4.339936654247772,-6.0,6.0,0.0,12.0,0.0,0.0,0.0,0.0,0.0,0.0,0.0,0.0,0.0,0.0,0.0,0.0,0.0,0.0,6.002352233066213,6.002352233066213,1.3287981825982342e-15,0.0,0.40299976361798023,0.0,-6.249999999999999,6.25,0.1707825127659933,0.1707825127659935,2.2998344383467177e-08,4.727631389417306e-06,0.012004704465797933,0.012,4.727631389416232e-06,0.012004704465797931,0.012
98,0.196,0.198,-4.339936654092927,4.339936654092928,4.440892098500626e-16,8.679873308185854,-0.10089009600758009,0.10089009600758009,-4.339936654092927,4.339936654092928,-6.0,6.0,0.0,12.0,0.0,0.0,0.0,0.0,0.0,0.0,0.0,0.0,0.0,0.0,0.0,0.0,0.0,0.0,6.002352233233115,6.002352233233114,1.3877787807814457e-15,0.0,0.4029997636179806,0.0,-6.249999999999999,6.25,0.1707825127659933,0.1707825127659935,2.2998347739956624e-08,4.727631380824969e-06,0.012004704466132426,0.012,4.727631380825325e-06,0.012004704466132426,0.012
99,0.198,0.2,-4.339936653938407,4.572209112951991,0.11613622950679181,8.912145766890397,-0.10089009600843746,1.062619212637731,-4.339936653938407,4.339936653938408,-6.0,6.0,0.0,12.0,0.0,0.0,0.020000000000000004,0.0,0.0,-0.020000000000000004,0.0,0.02,0.0,0.020000000000000004,0.0,0.0,0.0,0.0,6.0023522333996695,5.982352233399668,6.210310043996969e-16,0.0,0.40299976361798107,0.0,-6.249999999999999,6.25,0.1707825127659933,0.1707825127659935,2.299835109034528e-08,4.727631372250435e-06,0.012004704466466228,0.012,4.727631372249963e-06,0.012004704466466226,0.012
100,0.2,0.202,-4.33993665378421,4.584852220021483,0.12245778311863686,8.924788873805692,-0.10089009600929288,0.7092187696550428,-4.33993665378421,4.584852220021483,-6.003968127659348,6.007936255318697,0.0019840638296741986,12.011904382978045,0.019840638296741216,0.0,0.019840638296741216,0.0,-0.019840638296741216,-0.019840638296741216,0.0,0.0,0.0,0.0,0.0,0.0,0.00015936170325878742,0.0,6.002311595560418,5.982192233857159,9.419548474554063e-16,0.0,0.4029997636179815,0.0,-6.300000000000001,6.300000000000001,0.14142135623730964,0.14142135623730953,2.2707074526438186e-08,4.727631363693704e-06,0.012004704466799338,0.0118,4.727631363694585e-06,0.011964704466799337,0.0118
101,0.202,0.20400000000000001,-4.339936653630335,4.594589348976979,0.12732634767332174,8.934526002607313,-0.10089009601014609,0.5208693994242192,-4.339936653630335,4.594589348976979,-6.003936509280221,6.007873018560442,0.0019682546401105228,12.011809527840663,0.019682546401105706,0.0,0.019682546401105706,0.0,-0.019682546401105706,-0.019682546401105706,0.0,0.0,0.0,0.0,0.0,0.0,0.00015809189563551032,0.0,6.002269769189992,5.982032554314505,3.5144413421117626e-16,0.0,0.4029997636179819,0.0,-6.300000000000001,6.300000000000001,0.14142135623730964,0.14142135623730953,2.2706295303210614e-08,4.7276313551569965e-06,0.012004623191120835,0.0118,4.727631355156969e-06,0.011964384467714318,0.0118
102,0.20400000000000001,0.20600000000000002,-4.339936653476782,4.60136015323147,0.13071174987734402,8.941296806708252,-0.10089009601099708,0.36048860501819435,-4.339936653476782,4.60136015323147,-6.003905142839032,6.007810285678063,0.0019525714195154364,12.011715428517094,0.01952571419515819,0.0,0.01952571419515819,0.0,-0.01952571419515819,-0.01952571419515819,0.0,0.0,0.0,0.0,0.0,0.0,0.00015683220594751607,0.0,6.00222676678338,5.981873194131697,2.351634512121059e-16,0.0,0.40299976361798234,0.0,-6.300000000000001,6.300000000000001,0.14142135623730964,0.14142135623730953,2.270552552756725e-08,4.727631346638092e-06,0.012004539538379983,0.0118,4.727631346637118e-06,0.01196406510862901,0.0118
103,0.20600000000000002,0.20800000000000002,-4.33993665332355,4.605016875788833,0.13254011123264142,8.944953529112382,-0.10089009601184612,0.34169203094908784,-4.33993665332355,4.605016875788833,-6.003874026328317,6.007748052656634,0.0019370131641585075,12.011622078984951,0.01937013164158396,0.0,0.01937013164158396,0.0,-0.01937013164158396,-0.01937013164158396,0.0,0.0,0.0,0.0,0.0,0.0,0.00015558255357423463,0.0,6.002182600729969,5.9817141526700155,4.458239333260394e-16,3.469446951953614e-18,0.4029997636179828,0.0,-6.300000000000001,6.300000000000001,0.14142135623730964,0.14142135623730953,2.27047564100447e-08,4.72763133813699e-06,0.01200445353356676,0.0118,4.72763133813725e-06,0.011963746388263393,0.0118
104,0.20800000000000002,0.21,-4.339936653170638,4.606072814125722,0.1330680804775417,8.94600946729636,-0.10089009601269308,0.3205791903762534,-4.339936653170638,4.606072814125722,-6.003843157756609,6.007686315513219,0.001921578878304686,12.011529473269828,0.019215788783046472,0.0,0.019215788783046472,0.0,-0.019215788783046472,-0.019215788783046472,0.0,0.0,0.0,0.0,0.0,0.0,0.00015434285853748757,0.0,6.002137283314391,5.981555429292019,8.466263714396183e-16,3.469446951953614e-18,0.4029997636179832,0.0,-6.300000000000001,6.300000000000001,0.14142135623730964,0.14142135623730953,2.270398638670472e-08,4.727631329653692e-06,0.012004365201459938,0.0118,4.727631329652926e-06,0.011963428305340031,0.0118
105,0.21,0.212,-4.3399366530180465,4.605623124851031,0.13284323591649239,8.945559777869079,-0.10089009601353796,0.30078744772477767,-4.3399366530180465,4.605623124851031,-6.0038125351483105,6.00762507029662,0.0019062675741547963,12.01143760544493,0.019062675741550104,0.0,0.019062675741550104,0.0,-0.019062675741550104,-0.019062675741550104,0.0,0.0,0.0,0.0,0.0,0.0,0.00015311304149636938,0.0,6.002090826717364,5.981397023361541,9.235505155774648e-16,3.469446951953614e-18,0.4029997636179836,0.0,-6.300000000000001,6.300000000000001,0.14142135623730964,0.14142135623730953,2.270321492046877e-08,4.727631321190416e-06,0.012004274566628783,0.0118,4.727631321190806e-06,0.011963110858584038,0.0118
106,0.212,0.214,-4.339936652865773,4.604212617695981,0.1321379824151041,8.944149270561754,-0.10089009601438076,0.2832922073575969,-4.339936652865773,4.604212617695981,-6.003782156543561,6.007564313087123,0.0018910782717806995,12.011346469630684,0.018910782717807936,0.0,0.018910782717807936,0.0,-0.018910782717807936,-0.018910782717807936,0.0,0.0,0.0,0.0,0.0,0.0,0.00015189302374216964,0.0,6.002043243016543,5.981238934243689,1.0948273537758624e-15,6.938893903907228e-18,0.402999763617984,0.0,-6.300000000000001,6.300000000000001,0.14142135623730964,0.14142135623730953,2.270244175636461e-08,4.727631312744943e-06,0.012004181653434727,0.0118,4.72763131274423e-06,0.011962794046723083,0.0118
107,0.214,0.216,-4.339936652713818,4.602158114459843,0.1311107308730124,8.94209476717366,-0.10089009601522134,0.26814921383178814,-4.339936652713818,4.602158114459843,-6.003752019998123,6.007504039996245,0.0018760099990613455,12.011256059994368,0.0187600999906146,0.0,0.0187600999906146,0.0,-0.0187600999906146,-0.0187600999906146,0.0,0.0,0.0,0.0,0.0,0.0,0.00015068272719333568,0.0,6.001994544187341,5.981081161304839,2.6020852139652106e-16,6.938893903907228e-18,0.40299976361798445,0.0,-6.300000000000001,6.300000000000001,0.14142135623730964,0.14142135623730953,2.2701666753304467e-08,4.727631304317273e-06,0.012004086486033086,0.0118,4.727631304317637e-06,0.011962477868487378,0.0118
108,0.216,0.218,-4.339936652562181,4.599593333193332,0.12982834031557555,8.939529985755513,-0.1008900960160597,0.21121035391809484,-4.339936652562181,4.599593333193332,-6.003722123583245,6.0074442471664895,0.001861061791622376,12.011166370749734,0.018610617916224124,0.0,0.018610617916224124,0.0,-0.018610617916224124,-0.018610617916224124,0.0,0.0,0.0,0.0,0.0,0.0,0.00014948207439047521,0.0,6.001944742103763,5.980923703912634,2.033095913844818e-15,6.938893903907228e-18,0.4029997636179849,0.0,-6.300000000000001,6.300000000000001,0.14142135623730964,0.14142135623730953,2.2700889826570276e-08,4.727631295909625e-06,0.012003989088374682,0.0118,4.727631295908808e-06,0.011962162322609679,0.0118
109,0.218,0.22,-4.339936652410861,4.5961850915848395,0.12812421958698916,8.9361217439957,-0.10089009601689611,0.20025712579449337,-4.339936652410861,4.5961850915848395,-6.003692465385547,6.007384930771093,0.0018462326927730643,12.01107739615664,0.018462326927732725,0.0,0.018462326927732725,0.0,-0.018462326927732725,-0.018462326927732725,0.0,0.0,0.0,0.0,0.0,0.0,0.00014829098849139906,0.0,6.001893848539223,5.980766561435985,9.371301477878458e-16,6.938893903907228e-18,0.4029997636179853,0.0,-6.300000000000001,6.300000000000001,0.14142135623730964,0.14142135623730953,2.2700110923026398e-08,4.727631287519781e-06,0.012003889484207525,0.0118,4.727631287519962e-06,0.011961847407825266,0.0118
110,0.22,0.222,-4.339936652259857,4.592498967674387,0.1262811577072651,8.932435619934243,-0.10089009601773058,0.1913765524962846,-4.339936652259857,4.592498967674387,-6.003663043506893,6.007326087013786,0.0018315217534468076,12.010989130520679,0.01831521753446652,0.0,0.01831521753446652,0.0,-0.01831521753446652,-0.01831521753446652,0.0,0.0,0.0,0.0,0.0,0.0,0.00014710939326620314,0.0,6.0018418751673615,5.980609733245064,2.0556473190325164e-15,6.938893903907228e-18,0.40299976361798573,0.0,-6.300000000000001,6.300000000000001,0.14142135623730964,0.14142135623730953,2.2699330008792506e-08,4.7276312791477386e-06,0.012003787697078445,0.0118,4.72763127914666e-06,0.01196153312287197,0.0118
111,0.222,0.224,-4.339936652109168,4.588646556189662,0.12435495204024694,8.92858320829883,-0.10089009601856297,0.18406005592722652,-4.339936652109168,4.588646556189662,-6.003633856064275,6.00726771212855,0.0018169280321371772,12.010901568192825,0.01816928032137413,0.0,0.01816928032137413,0.0,-0.01816928032137413,-0.01816928032137413,0.0,0.0,0.0,0.0,0.0,0.0,0.0001459372130923897,0.0,6.001788833562841,5.980453218711297,1.528264277281255e-15,6.938893903907228e-18,0.4029997636179861,0.0,-6.300000000000001,6.300000000000001,0.14142135623730964,0.14142135623730953,2.2698547062474935e-08,4.727631270791278e-06,0.012003683750334723,0.0118,4.7276312707911216e-06,0.011961219466490128,0.0118
112,0.224,0.226,-4.339936651958795,4.584709592469661,0.12238647025543292,8.924646244428455,-0.10089009601939328,0.17794858892695997,-4.339936651958795,4.584709592469661,-6.003604901189685,6.0072098023793705,0.0018024505948428526,12.010814703569055,0.018024505948424103,0.0,0.018024505948424103,0.0,-0.018024505948424103,-0.018024505948424103,0.0,0.0,0.0,0.0,0.0,0.0,0.0001447743729500275,0.0,6.001734735202167,5.980297017207375,6.158268339717665e-16,3.469446951953614e-18,0.40299976361798656,0.0,-6.300000000000001,6.300000000000001,0.14142135623730964,0.14142135623730953,2.2697762071166917e-08,4.72763126245484e-06,0.012003577667125682,0.0118,4.727631262455567e-06,0.011960906437422593,0.0118
113,0.226,0.228,-4.339936651808736,4.580747546829388,0.120405447510326,8.920684198638124,-0.10089009602022164,0.17278232293815254,-4.339936651808736,4.580747546829388,-6.003576177030001,6.007152354060003,0.0017880885150010073,12.010728531090004,0.01788088515000715,0.0,0.01788088515000715,0.0,-0.01788088515000715,-0.01788088515000715,0.0,0.0,0.0,0.0,0.0,0.0,0.0001436207984169505,0.0,6.001679591464458,5.980141128107238,1.330532906074211e-15,3.469446951953614e-18,0.40299976361798695,0.0,-6.300000000000001,6.300000000000001,0.14142135623730964,0.14142135623730953,2.2696975027946075e-08,4.727631254136205e-06,0.012003469470404333,0.0118,4.727631254135556e-06,0.01196059403441475,0.0118
114,0.228,0.23,-4.339936651658991,4.576803324050022,0.11843333619551588,8.916739975709014,-0.10089009602104779,0.16836914125362853,-4.339936651658991,4.576803324050022,-6.003547681746869,6.007095363493737,0.0017738408734340183,12.010643045240606,0.017738408734343156,0.0,0.017738408734343156,0.0,-0.017738408734343156,-0.017738408734343156,0.0,0.0,0.0,0.0,0.0,0.0,0.0001424764156639949,0.0,6.001623413632252,5.979985550786083,1.1050188541972261e-15,3.469446951953614e-18,0.4029997636179874,0.0,-6.300000000000001,6.300000000000001,0.14142135623730964,0.14142135623730953,2.269618593023534e-08,4.727631245835372e-06,0.012003359182928915,0.0118,4.7276312458355286e-06,0.011960282256214476,0.0118
115,0.23,0.232,-4.339936651509558,4.572907515911113,0.11648543220077734,8.91284416742067,-0.10089009602187171,0.16456428829510122,-4.339936651509558,4.572907515911113,-6.003519413516579,6.007038827033157,0.0017597067582890702,12.010558240549736,0.017597067582892884,0.0,0.017597067582892884,0.0,-0.017597067582892884,-0.017597067582892884,0.0,0.0,0.0,0.0,0.0,0.0,0.00014134115145027383,0.0,6.001566212892281,5.979830284620355,1.3617579286417936e-15,3.469446951953614e-18,0.4029997636179878,0.0,-6.300000000000001,6.300000000000001,0.14142135623730964,0.14142135623730953,2.2695394778688e-08,4.727631237552341e-06,0.012003246827264506,0.0118,4.727631237553265e-06,0.011959971101572165,0.0118
116,0.232,0.234,-4.33993665136049,4.56908156679017,0.11457245771484015,8.90901821815066,-0.10089009602256255,0.16125686131300415,-4.33993665136049,4.56908156679017,-6.003491370529955,6.00698274105991,0.0017456852649777588,12.010474111589865,0.017456852649774392,0.0,0.017456852649774392,0.0,-0.017456852649774392,-0.017456852649774392,0.0,0.0,0.0,0.0,0.0,0.0,0.00014021493311849016,0.0,6.001508000336242,5.979675328987741,3.0018847650692404e-16,3.469446951953614e-18,0.40299976361798817,0.0,-6.300000000000001,6.300000000000001,0.14142135623730964,0.14142135623730953,2.269460157640484e-08,4.727631229287112e-06,0.012003132425784562,0.0118,4.727631229286544e-06,0.011959660569240709,0.0118
117,0.234,0.23600000000000002,-4.3399366512122235,4.565340129492611,0.11270173914019388,8.905276780704835,-0.10089009602208071,0.15836062470443835,-4.3399366512122235,4.565340129492611,-6.003463550992237,6.006927101984473,0.0017317754961183596,12.01039065297671,0.017317754961184106,0.0,0.017317754961184106,0.0,-0.017317754961184106,-0.017317754961184106,0.0,0.0,0.0,0.0,0.0,0.0,0.00013909768859028616,0.0,6.001448786961575,5.979520683267181,3.415236843329339e-17,3.469446951953614e-18,0.4029997636179886,0.0,-6.300000000000001,6.300000000000001,0.14142135623730964,0.14142135623730953,2.2693806328369576e-08,4.727631221039685e-06,0.012003016000672485,0.0118,4.727631221039808e-06,0.011959350657975482,0.0118
118,0.23600000000000002,0.23800000000000002,-4.339936651066751,4.561692820012935,0.11087808447309166,8.901629471079687,-0.10089009601596033,0.1558076278904405,-4.339936651066751,4.561692820012935,-6.003435953122964,6.006871906245929,0.001717976561482537,12.010307859368893,0.017179765614822474,0.0,0.017179765614822474,0.0,-0.017179765614822474,-0.017179765614822474,0.0,0.0,0.0,0.0,0.0,0.0,0.00013798934636163074,0.0,6.001388583672217,5.979366346838852,1.6306400674181987e-15,0.0,0.402999763617989,0.0,-6.300000000000001,6.300000000000001,0.14142135623730964,0.14142135623730953,2.2693009041032218e-08,4.7276312128100595e-06,0.01200289757392315,0.0118,4.7276312128108346e-06,0.01195904136653436,0.0118
119,0.23800000000000002,0.24,-4.3399366509305946,4.558145526557536,0.10910443781347068,8.898082177488131,-0.10089009599042464,0.15354368480955616,-4.3399366509305946,4.558145526557536,-6.003408575155865,6.006817150311729,0.0017042875779322841,12.010225725467594,0.01704287577932423,0.0,0.01704287577932423,0.0,-0.01704287577932423,-0.01704287577932423,0.0,0.0,0.0,0.0,0.0,0.0,0.00013688983549824292,0.0,6.001327401279368,5.9792123190841675,2.400857290751901e-15,0.0,0.40299976361798945,0.0,-6.300000000000001,6.300000000000001,0.14142135623730964,0.14142135623730953,2.2692209721995736e-08,4.727631204600457e-06,0.012002777167344434,0.0118,4.727631204599625e-06,0.011958732693677702,0.0118
120,0.24,0.242,-4.3399366508208885,4.554701387771285,0.10738236847519822,8.894638038592174,-0.10089009591125991,0.15152511597465973,-4.3399366508208885,4.554701387771285,-6.003381415338739,6.006762830677477,0.0016907076693692957,12.010144246016216,0.016907076693693176,0.0,0.016907076693693176,0.0,-0.016907076693693176,-0.016907076693693176,0.0,0.0,0.0,0.0,0.0,0.0,0.00013579908563105214,0.0,6.001265250502226,5.9790585993857865,2.0128755433279633e-15,3.469446951953614e-18,0.40299976361798984,0.0,-6.300000000000001,6.300000000000001,0.14142135623730964,0.14142135623730953,2.2691408379776326e-08,4.727631196406436e-06,0.012002654802558735,0.0118,4.727631196406179e-06,0.011958424638168335,0.0118
121,0.242,0.244,-4.33993665077611,4.551361525031673,0.10571243712778156,8.891298175807783,-0.10089009570575874,0.14971636331824967,-4.33993665077611,4.551361525031673,-6.003354471933348,6.006708943866697,0.0016772359666745729,12.010063415800046,0.016772359666741482,0.0,0.016772359666741482,0.0,-0.016772359666741482,-0.016772359666741482,0.0,0.0,0.0,0.0,0.0,0.0,0.0001347170269516946,0.0,6.001202141968757,5.978905187127598,3.0626000867284286e-16,0.0,0.4029997636179902,0.0,-6.300000000000001,6.300000000000001,0.14142135623730964,0.14142135623730953,2.2690605023617632e-08,4.727631188227996e-06,0.012002530501004452,0.0118,4.7276311882282766e-06,0.011958117198771573,0.0118
122,0.244,0.246,-4.339936650872917,4.548125591464224,0.10409447029565344,8.888062242337142,-0.10089009523666106,0.1480882189257282,-4.339936650872917,4.548125591464224,-6.003327743215307,6.006655486430613,0.0016638716076533555,12.00998322964592,0.016638716076533437,0.0,0.016638716076533437,0.0,-0.016638716076533437,-0.016638716076533437,0.0,0.0,0.0,0.0,0.0,0.0,0.00013364359020804552,0.0,6.001138086216407,5.978752081694725,1.6237011735142914e-15,0.0,0.40299976361799067,0.0,-6.300000000000001,6.300000000000001,0.14142135623730964,0.14142135623730953,2.268979966334486e-08,4.727631180069578e-06,0.012002404283937514,0.0118,4.727631180070357e-06,0.011957810374255197,0.0118
123,0.246,0.248,-4.33993665125028,4.544992183999083,0.10252776637440153,8.884928835249363,-0.1008900942678867,0.14661649242610375,-4.33993665125028,4.544992183999083,-6.003301227473966,6.0066024549479335,0.0016506137369836082,12.0099036824219,0.01650613736983365,0.0,0.01650613736983365,0.0,-0.01650613736983365,-0.01650613736983365,0.0,0.0,0.0,0.0,0.0,0.0,0.00013257870669978686,0.0,6.001073093692854,5.978599282473514,1.0894063429134349e-15,0.0,0.40299976361799106,0.0,-6.300000000000001,6.300000000000001,0.14142135623730964,0.14142135623730953,2.2688992309249227e-08,4.727631171928962e-06,0.012002276172432816,0.0118,4.727631171927982e-06,0.011957504163389449,0.0118
124,0.248,0.25,-4.339936652141591,4.5419591527912715,0.10101125032484015,8.881895804932864,-0.10089009242283536,0.1452809963875229,-4.339936652141591,4.5419591527912715,-6.003274923012312,6.006549846024623,0.0016374615061556241,12.009824769036936,0.01637461506155964,0.0,0.01637461506155964,0.0,-0.01637461506155964,-0.01637461506155964,0.0,0.0,0.0,0.0,0.0,0.0,0.00013152230827401059,0.0,6.001007174756723,5.978446788851548,1.491862189340054e-16,0.0,0.40299976361799145,0.0,-6.300000000000001,6.300000000000001,0.14142135623730964,0.14142135623730953,2.2688182971995575e-08,4.727631163806148e-06,0.012002146187385708,0.0118,4.72763116380559e-06,0.011957198564947027,0.0118
125,0.25,0.252,-4.3399366539148545,4.539023833509756,0.0995435897974506,8.87896048742461,-0.1008900891368901,0.14406476532713985,-4.3399366539148545,4.539023833509756,-6.003248828146847,6.006497656293695,0.001624414073424063,12.009746484440543,0.016244140734238785,0.0,0.016244140734238785,0.0,-0.016244140734238785,-0.016244140734238785,0.0,0.0,0.0,0.0,0.0,0.0,0.0001304743273208569,0.0,6.000940339678316,5.9782946002176285,8.92867594096125e-16,0.0,0.40299976361799184,0.0,-6.300000000000001,6.300000000000001,0.14142135623730964,0.14142135623730953,2.2687371662547916e-08,4.727631155701135e-06,0.012002014349513446,0.0118,4.727631155700962e-06,0.011956893577703095,0.0118
126,0.252,0.254,-4.339936657120392,4.536183221508557,0.0981232821940825,8.876119878628948,-0.10089008360641569,0.14295344844799093,-4.339936657120392,4.536183221508557,-6.003222941207494,6.006445882414988,0.0016114706037466675,12.009668823622482,0.016114706037469596,0.0,0.016114706037469596,0.0,-0.016114706037469596,-0.016114706037469596,0.0,0.0,0.0,0.0,0.0,0.0,0.0001294346967691871,0.0,6.000872598640317,5.978142715961782,3.332295377134198e-16,0.0,0.4029997636179923,0.0,-6.300000000000001,6.300000000000001,0.14142135623730964,0.14142135623730953,2.268655839210914e-08,4.7276311476117025e-06,0.012001880679356631,0.0118,4.727631147611877e-06,0.011956589200435257,0.0118
127,0.254,0.256,-4.339936662544961,4.533434102101029,0.0967487197780339,8.87337076464599,-0.10089007473690098,0.14193483303257454,-4.339936662544961,4.533434102101029,-6.003197260537477,6.006394521074955,0.0015986302687389653,12.009591781612432,0.015986302687387304,0.0,0.015986302687387304,0.0,-0.015986302687387304,-0.015986302687387304,0.0,0.0,0.0,0.0,0.0,0.0,0.00012840335008229098,0.0,6.000803961738516,5.977991135475255,7.176334179681554e-16,0.0,0.40299976361799267,0.0,-6.300000000000001,6.300000000000001,0.14142135623730964,0.14142135623730953,2.26857431720718e-08,4.727631139542292e-06,0.012001745197280634,0.0118,4.727631139542776e-06,0.011956285431923565,0.0118
128,0.256,0.258,-4.339936671270705,4.530773147610058,0.09541823816967687,8.870709818880762,-0.10089006109297277,0.1409984671319925,-4.339936671270705,4.530773147610058,-6.003171784493227,6.006343568986453,0.0015858922466129854,12.00951535347968,0.015858922466133674,0.0,0.015858922466133674,0.0,-0.015858922466133674,-0.015858922466133674,0.0,0.0,0.0,0.0,0.0,0.0,0.00012738022125362855,0.0,6.000734438982498,5.977839858150511,7.441963711940502e-16,3.469446951953614e-18,0.40299976361799306,0.0,-6.300000000000001,6.300000000000001,0.14142135623730964,0.14142135623730953,2.268492601397777e-08,4.727631131488463e-06,0.01200160792347703,0.0118,4.727631131489218e-06,0.01195598227095051,0.0118
129,0.258,0.26,-4.339936684737037,4.52819698923055,0.0941301522467568,8.868133673967588,-0.10089004085282835,0.14013535845173952,-4.339936684737037,4.52819698923055,-6.003146511444267,6.006293022888532,0.0015732557221328491,12.009439534332799,0.01573255722133107,0.0,0.01573255722133107,0.0,-0.01573255722133107,-0.01573255722133107,0.0,0.0,0.0,0.0,0.0,0.0,0.00012636524480260557,0.0,6.000664040296351,5.9776888833812265,1.353572202239528e-15,0.0,0.40299976361799345,0.0,-6.300000000000001,6.300000000000001,0.14142135623730964,0.14142135623730953,2.2684106929485014e-08,4.727631123452436e-06,0.012001468877964995,0.0118,4.727631123453424e-06,0.011955679716301022,0.0118
130,0.26,0.262,-4.339936704803414,4.525702269774709,0.09288278248564774,8.865638974578122,-0.10089001176926446,0.13933773223807705,-4.339936704803414,4.525702269774709,-6.003121439773112,6.006242879546225,0.00156071988655615,12.009364319319337,0.015607198865560687,0.0,0.015607198865560687,0.0,-0.015607198865560687,-0.015607198865560687,0.0,0.0,0.0,0.0,0.0,0.0,0.00012535835577038275,0.0,6.000592775519358,5.977538210562292,1.4901274658640773e-15,1.734723475976807e-18,0.4029997636179939,0.0,-6.300000000000001,6.300000000000001,0.14142135623730964,0.14142135623730953,2.268328593034003e-08,4.727631115434208e-06,0.012001328080592701,0.0118,4.727631115433173e-06,0.011955377766762452,0.0118
131,0.262,0.264,-4.339936733810936,4.523285681899458,0.09167447404426099,8.863222415710394,-0.10088997113899878,0.13859883523522715,-4.339936733810936,4.523285681899458,-6.003096567875169,6.006193135750338,0.0015482839375842161,12.009289703625507,0.015482839375844968,0.0,0.015482839375844968,0.0,-0.015482839375844968,-0.015482839375844968,0.0,0.0,0.0,0.0,0.0,0.0,0.00012435948971571827,0.0,6.000520654406679,5.977387839089811,6.95298853214954e-16,0.0,0.4029997636179943,0.0,-6.300000000000001,6.300000000000001,0.14142135623730964,0.14142135623730953,2.2682463028354997e-08,4.727631107431563e-06,0.012001185551038717,0.0118,4.7276311074306855e-06,0.011955076421124583,0.0118
132,0.264,0.266,-4.339936774640822,4.520943995310329,0.0905036103347534,8.860880769951152,-0.10088991578143247,0.1379127759006532,-4.339936774640822,4.520943995310329,-6.003071894158627,6.006143788317254,0.0015359470793132601,12.009215682475881,0.015359470793134124,0.0,0.015359470793134124,0.0,-0.015359470793134124,-0.015359470793134124,0.0,0.0,0.0,0.0,0.0,0.0,0.00012336858271084374,0.0,6.0004476866300385,5.977237768361094,1.6566609195578508e-15,0.0,0.40299976361799467,0.0,-6.300000000000001,6.300000000000001,0.14142135623730964,0.14142135623730953,2.2681638235388568e-08,4.727631099446717e-06,0.012001041308813357,0.0118,4.727631099445962e-06,0.011954775678179623,0.0118
133,0.266,0.268,-4.339936830768007,4.5186740756032835,0.08936862241763821,8.85861090637129,-0.1008898420274669,0.13727439336623903,-4.339936830768007,4.5186740756032835,-6.0030474170443595,6.006094834088718,0.0015237085221793123,12.009142251133078,0.015237085221796752,0.0,0.015237085221796752,0.0,-0.015237085221796752,-0.015237085221796752,0.0,0.0,0.0,0.0,0.0,0.0,0.00012238557133737262,0.0,6.000373881778396,5.977087997774653,9.957312752106873e-16,0.0,0.40299976361799505,0.0,-6.300000000000001,6.300000000000001,0.14142135623730964,0.14142135623730953,2.2680811563329875e-08,4.7276310914796736e-06,0.012000895373260077,0.0118,4.727631091479001e-06,0.011954475536722188,0.0118
134,0.268,0.27,-4.339936906308417,4.516472896775936,0.0882679952337595,8.856409803084354,-0.10088974571848375,0.13667914934727451,-4.339936906308417,4.516472896775936,-6.003023134965823,6.0060462699316455,0.001511567482911147,12.009069404897469,0.01511567482911451,0.0,0.01511567482911451,0.0,-0.01511567482911451,-0.01511567482911451,0.0,0.0,0.0,0.0,0.0,0.0,0.00012141039268224144,0.0,6.00029924935862,5.976938526730205,1.7450640541968876e-15,1.734723475976807e-18,0.40299976361799544,0.0,-6.300000000000001,6.300000000000001,0.14142135623730964,0.14142135623730953,2.2679983024084892e-08,4.72763108353043e-06,0.012000747763556792,0.0118,4.727631083529804e-06,0.011954175995549305,0.0118
135,0.27,0.272,-4.339937006058742,4.514337548961647,0.0872002714514526,8.854274555020389,-0.1008896222151659,0.13612303848981294,-4.339937006058742,4.514337548961647,-6.002999046368957,6.005998092737912,0.00149952318447788,12.008997139106869,0.014995231844780826,0.0,0.014995231844780826,0.0,-0.014995231844780826,-0.014995231844780826,0.0,0.0,0.0,0.0,0.0,0.0,0.00012044298433368343,0.0,6.00022379879616,5.976789354628665,2.1996293675385914e-15,1.734723475976807e-18,0.40299976361799583,0.0,-6.300000000000001,6.300000000000001,0.14142135623730964,0.14142135623730953,2.2679152629565026e-08,4.727631075598988e-06,0.01200059849871724,0.0118,4.727631075598371e-06,0.01195387705346041,0.0118
136,0.272,0.274,-4.339937135527883,4.512265242576075,0.08616405352409595,8.852202378103957,-0.10088946641549079,0.13560251362386394,-4.339937135527883,4.512265242576075,-6.002975149712081,6.005950299424161,0.0014875748560401192,12.008925449136242,0.014875748560403593,0.0,0.014875748560403593,0.0,-0.014875748560403593,-0.014875748560403593,0.0,0.0,0.0,0.0,0.0,0.0,0.00011948328437723406,0.0,6.000147539435693,5.976640480872156,8.552186736565659e-16,1.734723475976807e-18,0.4029997636179963,0.0,-6.300000000000001,6.300000000000001,0.14142135623730964,0.14142135623730953,2.267832039167728e-08,4.7276310676853475e-06,0.01200044759759232,0.0118,4.727631067684701e-06,0.011953578709257331,0.0118
137,0.274,0.276,-4.339937300959583,4.51025330978804,0.08515800441422838,8.850190610747624,-0.10088927278095905,0.13511442313637934,-4.339937300959583,4.51025330978804,-6.002951443465802,6.0059028869316045,0.001475721732901114,12.008854330397407,0.014757217329011824,0.0,0.014757217329011824,0.0,-0.014757217329011824,-0.014757217329011824,0.0,0.0,0.0,0.0,0.0,0.0,0.00011853123139176856,0.0,6.000070480541786,5.976491904863985,5.933974015284726e-16,1.734723475976807e-18,0.40299976361799666,0.0,-6.300000000000001,6.300000000000001,0.14142135623730964,0.14142135623730953,2.2677486322315916e-08,4.727631059787286e-06,0.012000295078871384,0.0118,4.727631059786575e-06,0.011953280961744313,0.0118
138,0.276,0.278,-4.339937509345992,4.508299204013927,0.08418084733396736,8.848236713359919,-0.1008890353699457,0.13465595825264937,-4.339937509345992,4.508299204013927,-6.002927926112913,6.005855852225827,0.0014639630564570183,12.00878377833874,0.014639630564566254,0.0,0.014639630564566254,0.0,-0.014639630564566254,-0.014639630564566254,0.0,0.0,0.0,0.0,0.0,0.0,0.00011758676444557087,0.0,5.999992631299549,5.976343626008657,1.033895191682177e-15,1.734723475976807e-18,0.40299976361799705,0.0,-6.300000000000001,6.300000000000001,0.14142135623730964,0.14142135623730953,2.2676650433355247e-08,4.727631051904806e-06,0.012000140961083572,0.0118,4.727631051903991e-06,0.011952983809727969,0.0118
139,0.278,0.28,-4.339937768432247,4.506400497971782,0.08323136476976778,8.846338266404029,-0.10088874787696128,0.1342246084602411,-4.339937768432247,4.506400497971782,-6.002904596148295,6.0058091922965895,0.0014522980741471514,12.008713788444885,0.01452298074147382,0.0,0.01452298074147382,0.0,-0.01452298074147382,-0.01452298074147382,0.0,0.0,0.0,0.0,0.0,0.0,0.00011664982309243408,0.0,5.9999140008152745,5.976195643711872,6.453171330633722e-16,1.734723475976807e-18,0.40299976361799744,0.0,-6.300000000000001,6.300000000000001,0.14142135623730964,0.14142135623730953,2.267581273664345e-08,4.727631044042346e-06,0.011999985262599098,0.0118,4.727631044041392e-06,0.011952687252017315,0.0118
140,0.28,0.28200000000000003,-4.339938086712339,4.504554880705825,0.0823083969967433,8.844492967418164,-0.10088840367656143,0.13381812365729842,-4.339938086712339,4.504554880705825,-6.002881452078821,6.005762904157642,0.0014407260394104782,12.008644356236463,0.014407260394106027,0.0,0.014407260394106027,0.0,-0.014407260394106027,-0.014407260394106027,0.0,0.0,0.0,0.0,0.0,0.0,0.00011572034736779175,0.0,5.999834598117076,5.976047957380511,1.0794723405080364e-15,3.469446951953614e-18,0.40299976361799783,0.0,-6.300000000000001,6.300000000000001,0.14142135623730964,0.14142135623730953,2.2674973243997192e-08,4.727631036195467e-06,0.011999828001630549,0.0118,4.7276310361965555e-06,0.011952391287423743,0.0118
141,0.28200000000000003,0.28400000000000003,-4.3399384734167255,4.502760153895505,0.0814108402393896,8.842698627312231,-0.10088799587067515,0.13343448188007728,-4.3399384734167255,4.502760153895505,-6.002858492423264,6.005716984846528,0.001429246211632318,12.008575477269792,0.014292462116321148,0.0,0.014292462116321148,0.0,-0.014292462116321148,-0.014292462116321148,0.0,0.0,0.0,0.0,0.0,0.0,0.00011479827778488026,0.0,5.999754432155521,5.975900566422647,1.4839881710623781e-15,1.734723475976807e-18,0.4029997636179982,0.0,-6.300000000000001,6.300000000000001,0.14142135623730964,0.14142135623730953,2.2674131967196913e-08,4.727631028366388e-06,0.011999669196234151,0.0118,4.727631028367263e-06,0.011952095914761022,0.0118
142,0.28400000000000003,0.28600000000000003,-4.339938938492307,4.501014227688722,0.08053764459820734,8.840953166181029,-0.10088751733816584,0.13307186168031185,-4.339938938492307,4.501014227688722,-6.002835715712198,6.005671431424396,0.0014178578560990474,12.008507147136594,0.014178578560990217,0.0,0.014178578560990217,0.0,-0.014178578560990217,-0.014178578560990217,0.0,0.0,0.0,0.0,0.0,0.0,0.00011388355533093157,0.0,5.999673511804275,5.9757534702475334,2.0723575850159492e-15,0.0,0.4029997636179986,0.0,-6.300000000000001,6.300000000000001,0.14142135623730964,0.14142135623730953,2.2673288917982746e-08,4.7276310205506685e-06,0.011999508864311042,0.0118,4.727631020551293e-06,0.011951801132845294,0.0118
143,0.28600000000000003,0.28800000000000003,-4.339939492575485,4.499186759982004,0.07962363370325987,8.839126252557488,-0.10088696078553283,0.11177963829489351,-4.339939492575485,4.499186759982004,-6.002813120487906,6.005626240975811,0.0014065602439528035,12.008439361463717,0.014065602439526821,0.0,0.014065602439526821,0.0,-0.014065602439526821,-0.014065602439526821,0.0,0.0,0.0,0.0,0.0,0.0,0.00011297612146339639,0.0,5.999591845860697,5.9756066682656055,1.770163334489927e-15,0.0,0.402999763617999,0.0,-6.300000000000001,6.300000000000001,0.14142135623730964,0.14142135623730953,2.267244410805092e-08,4.72763101275275e-06,0.01199934702360855,0.0118,4.7276310127530865e-06,0.011951506940495068,0.0118
144,0.28800000000000003,0.29,-4.339940146959086,4.497229076544521,0.07864446479271736,8.837169223503608,-0.10088631879777057,0.1117678263266525,-4.339940146959086,4.497229076544521,-6.002790705304284,6.005581410608568,0.0013953526521417459,12.008372115912852,0.013953526521420625,0.0,0.013953526521420625,0.0,-0.013953526521420625,-0.013953526521420625,0.0,0.0,0.0,0.0,0.0,0.0,0.00011207591810619747,0.0,5.999509443046489,5.975460159888483,1.186550857568136e-15,1.734723475976807e-18,0.4029997636179994,0.0,-6.300000000000001,6.300000000000001,0.14142135623730964,0.14142135623730953,2.267159754905056e-08,4.727631004972632e-06,0.011999183691721394,0.0118,4.727631004972643e-06,0.011951213336531211,0.0118
145,0.29,0.292,-4.339940913553997,4.495331021093424,0.07769505376971342,8.835271934647421,-0.10088558388852115,0.11175635352822483,-4.339940913553997,4.495331021093424,-6.002768468726755,6.00553693745351,0.0013842343633774234,12.008305406180265,0.013842343633774613,0.0,0.013842343633774613,0.0,-0.013842343633774613,-0.013842343633774613,0.0,0.0,0.0,0.0,0.0,0.0,0.00011118288764601268,0.0,5.999426312008291,5.975313944528953,1.1813466871402056e-15,1.734723475976807e-18,0.4029997636179998,0.0,-6.300000000000001,6.300000000000001,0.14142135623730964,0.14142135623730953,2.267074925258093e-08,4.727630997210314e-06,0.011999018886092979,0.0118,4.727630997209964e-06,0.011950920319776966,0.0118
146,0.292,0.294,-4.339941804846334,4.493489606696515,0.07677390092509029,8.833431411542849,-0.10088474854877766,0.11174516641643595,-4.339941804846334,4.493489606696515,-6.002746409332169,6.005492818664339,0.0013732046660850372,12.008239227996508,0.013732046660846025,0.0,0.013732046660846025,0.0,-0.013732046660846025,-0.013732046660846025,0.0,0.0,0.0,0.0,0.0,0.0,0.00011029697292858774,0.0,5.999342461318292,5.975168021600985,7.372981348716112e-16,1.734723475976807e-18,0.40299976361800016,0.0,-6.300000000000001,6.300000000000001,0.14142135623730964,0.14142135623730953,2.2669899230188888e-08,4.727630989463576e-06,0.011998852624016582,0.0118,4.727630989462828e-06,0.011950627889057906,0.0118
147,0.294,0.296,-4.339942833850994,4.491702057055185,0.07587961160209522,8.83164489090618,-0.10088380529352958,0.11173421554362337,-4.339942833850994,4.491702057055185,-6.002724525708718,6.005449051417436,0.001362262854359031,12.008173577126154,0.013622628543590946,0.0,0.013622628543590946,0.0,-0.013622628543590946,-0.013622628543590946,0.0,0.0,0.0,0.0,0.0,0.0,0.00010941811725507833,0.0,5.999257899474845,5.975022390519718,6.453171330633722e-16,1.734723475976807e-18,0.40299976361800055,0.0,-6.300000000000001,6.300000000000001,0.14142135623730964,0.14142135623730953,2.2669047493366706e-08,4.727630981734638e-06,0.011998684922636584,0.0118,4.727630981735675e-06,0.01195033604320197,0.0118
148,0.296,0.298,-4.3399440140624,4.4899657878412205,0.07501088688941016,8.829909801903622,-0.10088274670584957,0.11172345514716783,-4.3399440140624,4.4899657878412205,-6.002702816455843,6.005405632911685,0.0013514082279213468,12.008108449367528,0.013514082279212525,0.0,0.013514082279212525,0.0,-0.013514082279212525,-0.013514082279212525,0.0,0.0,0.0,0.0,0.0,0.0,0.00010854626437842138,0.0,5.999172634903054,5.974877050701458,7.12822270827751e-16,0.0,0.40299976361800094,0.0,-6.300000000000001,6.300000000000001,0.14142135623730964,0.14142135623730953,2.2668194053550092e-08,4.727630974021279e-06,0.01199851579894969,0.0118,4.727630974021846e-06,0.011950044781039436,0.0118
149,0.298,0.3,-4.339945359403186,4.4882783900050285,0.07416651530092144,8.828223749408213,-0.10088156547804733,0.11171284284448607,-4.339945359403186,4.4882783900050285,-6.0026812801841425,6.005362560368286,0.0013406400920716877,12.008043840552428,0.01340640092071279,0.0,0.01340640092071279,0.0,-0.01340640092071279,-0.01340640092071279,0.0,0.0,0.0,0.0,0.0,0.0,0.00010768135849973519,0.0,5.999086675955375,5.974732001563683,4.85722573273506e-17,0.0,0.4029997636180013,0.0,-6.300000000000001,6.300000000000001,0.14142135623730964,0.14142135623730953,2.266733892211641e-08,4.727630966323501e-06,0.011998345269806109,0.0118,4.727630966323559e-06,0.011949754101402916,0.0118
150,0.3,0.302,-4.339946884171557,4.486637614814487,0.0733453653214653,8.826584498986044,-0.10088025444960541,0.1117023393659769,-4.339946884171557,4.486637614814487,-6.00265991551529,6.0053198310305795,0.001329957757644884,12.00797974654587,0.013299577576448042,0.0,0.013299577576448042,0.0,-0.013299577576448042,-0.013299577576448042,0.0,0.0,0.0,0.0,0.0,0.0,0.00010682334426474829,0.0,5.999000030912206,5.974587242525033,5.325601071248798e-16,1.734723475976807e-18,0.40299976361800166,0.0,-6.300000000000001,6.300000000000001,0.14142135623730964,0.14142135623730953,2.2666482110383104e-08,4.7276309586435216e-06,0.01199817335191075,0.0118,4.727630958643036e-06,0.011949464003127365,0.0118
151,0.302,0.304,-4.33994860298798,4.4850413604169255,0.07254637871447267,8.824989963404906,-0.10087880664171905,0.11169190831973208,-4.33994860298798,4.4850413604169255,-6.002638721081937,6.005277442163876,0.00131936054096915,12.007916163245813,0.013193605409687786,0.0,0.013193605409687786,0.0,-0.013193605409687786,-0.013193605409687786,0.0,0.0,0.0,0.0,0.0,0.0,0.00010597216676025679,0.0,5.99891270798247,5.97444277300531,7.902072008889038e-16,1.734723475976807e-18,0.40299976361800205,0.0,-6.300000000000001,6.300000000000001,0.14142135623730964,0.14142135623730953,2.266562362960632e-08,4.727630950983564e-06,0.011998000061824412,0.0118,4.727630950982497e-06,0.011949174485050064,0.0118
152,0.304,0.306,-4.339950530741779,4.483487659744845,0.07176856450153268,8.823438190486623,-0.10087721528832791,0.11168151598291376,-4.339950530741779,4.483487659744845,-6.002617695527635,6.005235391055272,0.0013088477638181217,12.007853086582907,0.013088477638177175,0.0,0.013088477638177175,0.0,-0.013088477638177175,-0.013088477638177175,0.0,0.0,0.0,0.0,0.0,0.0,0.00010512777151060986,0.0,5.9988247153041945,5.974298592425479,9.003214840319629e-16,1.734723475976807e-18,0.40299976361800244,0.0,-6.300000000000001,6.300000000000001,0.14142135623730964,0.14142135623730953,2.266476349097958e-08,4.727630943334744e-06,0.011997825415964938,0.0118,4.7276309433352814e-06,0.01194888554601062,0.0118
153,0.306,0.308,-4.33995268253819,4.481974669609966,0.07101099353588802,8.821927352148155,-0.1008754738636132,0.11167113111559768,-4.33995268253819,4.481974669609966,-6.002596837506741,6.005193675013481,0.001298418753370001,12.007790512520222,0.012984187533702953,0.0,0.012984187533702953,0.0,-0.012984187533702953,-0.012984187533702953,0.0,0.0,0.0,0.0,0.0,0.0,0.00010429010447422328,0.0,5.998736060945093,5.974154700207663,1.7145708680957328e-15,1.734723475976807e-18,0.4029997636180028,0.0,-6.300000000000001,6.300000000000001,0.14142135623730964,0.14142135623730953,2.266390170563271e-08,4.727630935703724e-06,0.011997649430608388,0.0118,4.727630935703609e-06,0.011948597184850957,0.0118
154,0.308,0.31,-4.339955073646322,4.480500660850468,0.07027279360207306,8.82045573449679,-0.10087357610598063,0.11166072479361189,-4.339955073646322,4.480500660850468,-6.0025761456843325,6.005152291368666,0.0012880728421666987,12.007728437052998,0.012880728421662832,0.0,0.012880728421662832,0.0,-0.012880728421662832,-0.012880728421662832,0.0,0.0,0.0,0.0,0.0,0.0,0.00010345911204012083,0.0,5.9986467529031335,5.974011095775136,1.2017567930372453e-15,1.734723475976807e-18,0.4029997636180032,0.0,-6.300000000000001,6.300000000000001,0.14142135623730964,0.14142135623730953,2.2663038284630792e-08,4.727630928090504e-06,0.011997472121890186,0.0118,4.727630928089699e-06,0.011948309400415327,0.0118
155,0.31,0.312,-4.339957719448434,4.47906400941375,0.06955314498265786,8.819021728862184,-0.100871516038607,0.11165027025750174,-4.339957719448434,4.47906400941375,-6.002555618736127,6.0051112374722555,0.0012778093680640978,12.007666856208383,0.01277809368063833,0.0,0.01277809368063833,0.0,-0.01277809368063833,-0.01277809368063833,0.0,0.0,0.0,0.0,0.0,0.0,0.00010263474102450306,0.0,5.998556799107099,5.973867778552334,7.650130529057719e-16,1.734723475976807e-18,0.4029997636180036,0.0,-6.300000000000001,6.300000000000001,0.14142135623730964,0.14142135623730953,2.2662173238973267e-08,4.727630920492864e-06,0.011997293505806266,0.0118,4.727630920493553e-06,0.011948022191550273,0.0118
156,0.312,0.314,-4.339960635390869,4.477663188271893,0.06885127644051181,8.817623823662762,-0.10086928798666628,0.11163974277525926,-4.339960635390869,4.477663188271893,-6.002535255348394,6.005070510696789,0.0012676276741974135,12.007605766045183,0.012676276741970987,0.0,0.012676276741970987,0.0,-0.012676276741970987,-0.012676276741970987,0.0,0.0,0.0,0.0,0.0,0.0,0.0001018169386673436,0.0,5.998466207417158,5.973724747964835,1.1092201376156074e-15,3.469446951953614e-18,0.402999763618004,0.0,-6.300000000000001,6.300000000000001,0.14142135623730964,0.14142135623730953,2.266130657959313e-08,4.7276309129108016e-06,0.011997113598214197,0.0118,4.7276309129107296e-06,0.011947735557104667,0.0118
157,0.314,0.316,-4.33996383693692,4.476296760079804,0.06816646157144213,8.816260597016724,-0.10086688659137893,0.11162911951685325,-4.33996383693692,4.476296760079804,-6.002515054217868,6.0050301084357365,0.00125752710893412,12.007545162653605,0.012575271089341974,0.0,0.012575271089341974,0.0,-0.012575271089341974,-0.012575271089341974,0.0,0.0,0.0,0.0,0.0,0.0,0.00010100565262901244,0.0,5.9983749856254205,5.9735820034393745,2.3800406090401793e-15,3.469446951953614e-18,0.4029997636180043,0.0,-6.300000000000001,6.300000000000001,0.14142135623730964,0.14142135623730953,2.2660438317356226e-08,4.72763090534876e-06,0.011996932414834315,0.0118,4.727630905347891e-06,0.01194744949592967,0.0118
158,0.316,0.318,-4.3399673395218565,4.474963370497091,0.06749801548761702,8.814930710018947,-0.10086430682105574,0.11161837943893568,-4.3399673395218565,4.474963370497091,-6.002495014051671,6.004990028103342,0.001247507025835759,12.007485042155013,0.012475070258355047,0.0,0.012475070258355047,0.0,-0.012475070258355047,-0.012475070258355047,0.0,0.0,0.0,0.0,0.0,0.0,0.00010020083098692618,0.0,5.998283141456486,5.973439544403822,2.688821387764051e-15,3.469446951953614e-18,0.4029997636180047,0.0,-6.300000000000001,6.300000000000001,0.14142135623730964,0.14142135623730953,2.265956846306059e-08,4.727630897800077e-06,0.011996749971250841,0.0118,4.727630897800594e-06,0.011947164006878749,0.0118
159,0.318,0.32,-4.339971158510308,4.473661742104151,0.06684529179692156,8.81363290061446,-0.10086154397932492,0.11160750317838614,-4.339971158510308,4.473661742104151,-6.002475133567224,6.00495026713445,0.0012375667836126425,12.007425400701674,0.012375667836122822,0.0,0.012375667836122822,0.0,-0.012375667836122822,-0.012375667836122822,0.0,0.0,0.0,0.0,0.0,0.0,9.940242223222506e-05,0.0,5.998190682567999,5.973297370287209,1.412064909445121e-15,1.734723475976807e-18,0.4029997636180051,0.0,-6.300000000000001,6.300000000000001,0.14142135623730964,0.14142135623730953,2.265869702743594e-08,4.727630890269194e-06,0.011996566282912971,0.0118,4.727630890268842e-06,0.011946879088807644,0.0118
160,0.32,0.322,-4.339975309156111,4.472390668851303,0.0662076798475959,8.812365978007414,-0.10085859371073924,0.1115964729535697,-4.339975309156111,4.472390668851303,-6.002455411492171,6.004910822984343,0.001227705746085661,12.007366234476514,0.012277057460856345,0.0,0.012277057460856345,0.0,-0.012277057460856345,-0.012277057460856345,0.0,0.0,0.0,0.0,0.0,0.0,9.861037526647624e-05,0.0,5.998097616551188,5.973155480519694,4.2882906427232914e-16,1.734723475976807e-18,0.4029997636180055,0.0,-6.300000000000001,6.300000000000001,0.14142135623730964,0.14142135623730953,2.265782402114311e-08,4.72763088275389e-06,0.011996381365135998,0.0118,4.727630882754852e-06,0.011946594740574417,0.0118
161,0.322,0.324,-4.339979806564735,4.4711490109868235,0.06558460221104445,8.811128817551559,-0.10085545200396964,0.1115852724723837,-4.339979806564735,4.4711490109868235,-6.002435846564292,6.004871693128583,0.0012179232821454278,12.007307539692874,0.012179232821457942,0.0,0.012179232821457942,0.0,-0.012179232821457942,-0.012179232821457942,0.0,0.0,0.0,0.0,0.0,0.0,9.782463939840354e-05,0.0,5.998003950931409,5.97301387453258,1.2417638532019604e-15,1.734723475976807e-18,0.4029997636180058,0.0,-6.300000000000001,6.300000000000001,0.14142135623730964,0.14142135623730953,2.26569494547737e-08,4.727630875254164e-06,0.011996195233102375,0.0118,4.727630875254185e-06,0.011946310961039387,0.0118
162,0.324,0.326,-4.339984665658328,4.4699356904160865,0.06497551237887933,8.809920356074414,-0.10085211519279158,0.11157388684631717,-4.339984665658328,4.4699356904160865,-6.002416437531424,6.004832875062847,0.0012082187657114218,12.00724931259427,0.012082187657117298,0.0,0.012082187657117298,0.0,-0.012082187657117298,-0.012082187657117298,0.0,0.0,0.0,0.0,0.0,0.0,9.704516434064323e-05,0.0,5.9979096931686815,5.972872551758309,3.1821333762449555e-16,1.734723475976807e-18,0.4029997636180062,0.0,-6.300000000000001,6.300000000000001,0.14142135623730964,0.14142135623730953,2.2656073338849665e-08,4.727630867772238e-06,0.011996007901862818,0.0118,4.727630867771282e-06,0.011946027749065159,0.0118
163,0.326,0.328,-4.3399899011434275,4.468749686449335,0.06437989265295352,8.808739587592761,-0.1008485799550704,0.11156230250987595,-4.3399899011434275,4.468749686449335,-6.002397183151382,6.0047943663027645,0.0011985915756911325,12.007191549454147,0.011985915756910772,0.0,0.011985915756910772,0.0,-0.011985915756910772,-0.011985915756910772,0.0,0.0,0.0,0.0,0.0,0.0,9.627190020652553e-05,0.0,5.997814850658215,5.972731511630457,3.2755102883502696e-16,1.734723475976807e-18,0.4029997636180066,0.0,-6.300000000000001,6.300000000000001,0.14142135623730964,0.14142135623730953,2.2655195683823065e-08,4.727630860305891e-06,0.011995819386337363,0.0118,4.727630860306142e-06,0.011945745103516618,0.0118
164,0.328,0.33,-4.339995527481303,4.467590031900387,0.0637972522095418,8.807585559381689,-0.10084484330994944,0.11155050714482972,-4.339995527481303,4.467590031900387,-6.002378082191881,6.004756164383761,0.001189041095940091,12.007134246575642,0.01189041095940389,0.0,0.01189041095940389,0.0,-0.01189041095940389,-0.01189041095940389,0.0,0.0,0.0,0.0,0.0,0.0,9.550479750688193e-05,0.0,5.9977194307309425,5.972590753583733,7.263612454566637e-16,1.734723475976807e-18,0.40299976361800693,0.0,-6.300000000000001,6.300000000000001,0.14142135623730964,0.14142135623730953,2.2654316500075736e-08,4.727630852855122e-06,0.01199562970131643,0.0118,4.727630852854326e-06,0.011945463023260914,0.0118
165,0.33,0.332,-4.340001558860937,4.466455809502746,0.06322712532090424,8.806457368363683,-0.10084090261343492,0.11153848960882465,-4.340001558860937,4.466455809502746,-6.002359133430452,6.004718266860903,0.0011795667152254552,12.007077400291355,0.011795667152257012,0.0,0.011795667152257012,0.0,-0.011795667152257012,-0.011795667152257012,0.0,0.0,0.0,0.0,0.0,0.0,9.474380714687782e-05,0.0,5.997623440654037,5.972450277053976,8.239936510889834e-16,1.734723475976807e-18,0.4029997636180073,0.0,-6.300000000000001,6.300000000000001,0.14142135623730964,0.14142135623730953,2.2653435797919126e-08,4.727630845422153e-06,0.011995438861461883,0.0118,4.727630845422493e-06,0.011945181507167465,0.0118
166,0.332,0.334,-4.340008009174574,4.465346148613173,0.06266906971929931,8.805354157787747,-0.10083675555256633,0.11152623986797588,-4.340008009174574,4.465346148613173,-6.002340335654367,6.0046806713087335,0.001170167827183377,12.0070210069631,0.011701678271834142,0.0,0.011701678271834142,0.0,-0.011701678271834142,-0.011701678271834142,0.0,0.0,0.0,0.0,0.0,0.0,9.398888042287039e-05,0.0,5.997526887631436,5.972310081478152,4.718447854656915e-16,1.734723475976807e-18,0.4029997636180077,0.0,-6.300000000000001,6.300000000000001,0.14142135623730964,0.14142135623730953,2.265255358759412e-08,4.727630838002542e-06,0.011995246881308073,0.0118,4.7276308380017615e-06,0.01194490055410795,0.0118
167,0.334,0.336,-4.340014891995779,4.46426022217602,0.062122665090120766,8.804275114171798,-0.10083240013835121,0.11151374893310917,-4.340014891995779,4.46426022217602,-6.0023216876605625,6.004643375321126,0.0011608438302816992,12.006965062981688,0.01160843830281485,0.0,0.01160843830281485,0.0,-0.01160843830281485,-0.01160843830281485,0.0,0.0,0.0,0.0,0.0,0.0,9.323996901929164e-05,0.0,5.997429778804353,5.972170166294356,2.8102520310824275e-16,1.734723475976807e-18,0.40299976361800804,0.0,-6.300000000000001,6.300000000000001,0.14142135623730964,0.14142135623730953,2.265166987927095e-08,4.727630830598509e-06,0.011995053775262872,0.0118,4.727630830598794e-06,0.011944620162956303,0.0118
168,0.336,0.338,-4.340022220559937,4.463197243924423,0.06158751168224308,8.80321946448436,-0.10082783469763532,0.11150100879937258,-4.340022220559937,4.463197243924423,-6.002303188255562,6.0046063765111235,0.001151594127780875,12.006909564766685,0.011515941277809295,0.0,0.011515941277809295,0.0,-0.011515941277809295,-0.011515941277809295,0.0,0.0,0.0,0.0,0.0,0.0,9.249702500555609e-05,0.0,5.997332121251789,5.9720305309418045,1.6063539387545234e-15,1.734723475976807e-18,0.40299976361800843,0.0,-6.300000000000001,6.300000000000001,0.14142135623730964,0.14142135623730953,2.2650784683049056e-08,4.727630823212276e-06,0.011994859557608706,0.0118,4.727630823211371e-06,0.011944340332588713,0.0118
169,0.338,0.34,-4.340030007747092,4.462156465796928,0.06106322902491801,8.80218647354402,-0.1008230578640612,0.11148801238897652,-4.340030007747092,4.462156465796928,-6.002284836255395,6.00456967251079,0.0011424181276975531,12.006854508766185,0.011424181276976302,0.0,0.011424181276976302,0.0,-0.011424181276976302,-0.011424181276976302,0.0,0.0,0.0,0.0,0.0,0.0,9.176000083299329e-05,0.0,5.997233921991036,5.97189117486084,1.1744077932362984e-15,1.734723475976807e-18,0.4029997636180088,0.0,-6.300000000000001,6.300000000000001,0.14142135623730964,0.14142135623730953,2.264989800895708e-08,4.72763081584162e-06,0.011994664242503578,0.0118,4.72763081584171e-06,0.01194406106188361,0.0118
170,0.34,0.342,-4.340038266067038,4.461137175550348,0.060549454741655406,8.801175441617385,-0.10081806856826969,0.11147475349684813,-4.340038266067038,4.461137175550348,-6.002266630485528,6.0045332609710576,0.0011333152427646098,12.006799891456586,0.011333152427644497,0.0,0.011333152427644497,0.0,-0.011333152427644497,-0.011333152427644497,0.0,0.0,0.0,0.0,0.0,0.0,9.102884933180462e-05,0.0,5.997135187978184,5.971752097492916,4.544975507059235e-16,1.734723475976807e-18,0.40299976361800915,0.0,-6.300000000000001,6.300000000000001,0.14142135623730964,0.14142135623730953,2.264900986695286e-08,4.7276308084865436e-06,0.011994467843982072,0.0118,4.727630808487593e-06,0.011943782349721679,0.0118
171,0.342,0.34400000000000003,-4.340047007646538,4.460138694551557,0.06004584345250974,8.800185702198096,-0.10081286602747347,0.11146122673902456,-4.340047007646538,4.460138694551557,-6.002248569780787,6.0044971395615745,0.0011242848903938452,12.006745709342361,0.011242848903936453,0.0,0.011242848903936453,0.0,-0.011242848903936453,-0.011242848903936453,0.0,0.0,0.0,0.0,0.0,0.0,9.030352370804443e-05,0.0,5.997035926108617,5.9716132982806105,9.107298248878237e-16,1.734723475976807e-18,0.40299976361800954,0.0,-6.300000000000001,6.300000000000001,0.14142135623730964,0.14142135623730953,2.264812026692343e-08,4.727630801147045e-06,0.011994270375956368,0.0118,4.727630801146798e-06,0.011943504194985832,0.0118
172,0.34400000000000003,0.34600000000000003,-4.340056244218596,4.459160375732691,0.05955206575704741,8.799216619951288,-0.10080744973453293,0.11144742750361439,-4.340056244218596,4.459160375732691,-6.002230652985279,6.004461305970558,0.0011153264926395678,12.006691958955837,0.011153264926395828,0.0,0.011153264926395828,0.0,-0.011153264926395828,-0.011153264926395828,0.0,0.0,0.0,0.0,0.0,0.0,8.958397754062521e-05,0.0,5.996936143217505,5.971474776667615,1.403391292065237e-15,1.734723475976807e-18,0.40299976361800993,0.0,-6.300000000000001,6.300000000000001,0.14142135623730964,0.14142135623730953,2.264722921868507e-08,4.727630793823125e-06,0.011994071852217235,0.0118,4.727630793823767e-06,0.01194322659656122,0.0118
173,0.34600000000000003,0.34800000000000003,-4.340065987113635,4.4582016016957295,0.0590678072910471,8.798267588809365,-0.10080181944664646,0.11143335190419032,-4.340065987113635,4.4582016016957295,-6.0022128789523235,6.004425757904648,0.0011064394761621799,12.006638636856971,0.01106439476161748,0.0,0.01106439476161748,0.0,-0.01106439476161748,-0.01106439476161748,0.0,0.0,0.0,0.0,0.0,0.0,8.887016477834666e-05,0.0,5.996835846080298,5.971336532098729,1.222980050563649e-15,1.734723475976807e-18,0.40299976361801026,0.0,-6.300000000000001,6.300000000000001,0.14142135623730964,0.14142135623730953,2.264633673198341e-08,4.727630786514783e-06,0.01199387228643501,0.0118,4.727630786514059e-06,0.01194294955333523,0.0118
174,0.34800000000000003,0.35000000000000003,-4.340076247252488,4.457261782953807,0.05859276785065948,8.797338030206294,-0.10079597517375888,0.11141899673547964,-4.340076247252488,4.457261782953807,-6.0021952465443755,6.004390493088752,0.0010976232721882084,12.006585739633127,0.010976232721880532,0.0,0.010976232721880532,0.0,-0.010976232721880532,-0.010976232721880532,0.0,0.0,0.0,0.0,0.0,0.0,8.816203973694834e-05,0.0,5.99673504141321,5.971198564019868,1.0417963150141651e-15,1.734723475976807e-18,0.40299976361801065,0.0,-6.300000000000001,6.300000000000001,0.14142135623730964,0.14142135623730953,2.2645442816493516e-08,4.7276307792242395e-06,0.011993671692160597,0.0118,4.727630779224334e-06,0.011942673064197457,0.0118
175,0.35000000000000003,0.352,-4.3400870351410745,4.456340356297816,0.05812666057837079,8.79642739143889,-0.1007899171667842,0.11140435943123667,-4.3400870351410745,4.456340356297816,-6.002177754632957,6.004355509265913,0.0010888773164783316,12.00653326389887,0.010888773164784345,0.0,0.010888773164784345,0.0,-0.010888773164784345,-0.010888773164784345,0.0,0.0,0.0,0.0,0.0,0.0,8.745955709618588e-05,0.0,5.996633735873704,5.971060871878054,6.886852199627924e-16,1.734723475976807e-18,0.402999763618011,0.0,-6.300000000000001,6.300000000000001,0.14142135623730964,0.14142135623730953,2.264454748182001e-08,4.727630771947054e-06,0.01199347008282642,0.0118,4.7276307719479326e-06,0.011942397128039737,0.0118
176,0.352,0.354,-4.340098360866669,4.455436783277967,0.05766921120564872,8.795535144144637,-0.1007836459057232,0.11138943802419171,-4.340098360866669,4.455436783277967,-6.0021604020985775,6.004320804197154,0.0010802010492882985,12.006481206295732,0.010802010492887414,0.0,0.010802010492887414,0.0,-0.010802010492887414,-0.010802010492887414,0.0,0.0,0.0,0.0,0.0,0.0,8.67626718969305e-05,0.0,5.9965319360609675,5.970923455121411,8.690964614643804e-16,1.734723475976807e-18,0.4029997636180114,0.0,-6.300000000000001,6.300000000000001,0.14142135623730964,0.14142135623730953,2.2643650737497272e-08,4.7276307646876676e-06,0.011993267471747409,0.0118,4.727630764687074e-06,0.011942121743756107,0.0118
177,0.354,0.356,-4.340110234095622,4.454550548790894,0.05722015734763586,8.794660782886517,-0.10077716208775511,0.11137423110797601,-4.340110234095622,4.454550548790894,-6.0021431878306695,6.00428637566134,0.0010715939153351783,12.00642956349201,0.010715939153349122,0.0,0.010715939153349122,0.0,-0.010715939153349122,-0.010715939153349122,0.0,0.0,0.0,0.0,0.0,0.0,8.607133953829159e-05,0.0,5.99642964851639,5.970786313199174,1.2629329006197398e-15,1.734723475976807e-18,0.4029997636180117,0.0,-6.300000000000001,6.300000000000001,0.14142135623730964,0.14142135623730953,2.2642752592989542e-08,4.727630757443858e-06,0.011993063872121934,0.0118,4.727630757443979e-06,0.011941846910242821,0.0118
178,0.356,0.358,-4.340122664072451,4.453681159763833,0.05677924784569077,8.793803823836285,-0.1007704666153661,0.11135873780093147,-4.340122664072451,4.453681159763833,-6.002126110727515,6.00425222145503,0.0010630553637573925,12.006378332182544,0.01063055363757436,0.0,0.01063055363757436,0.0,-0.01063055363757436,-0.01063055363757436,0.0,0.0,0.0,0.0,0.0,0.0,8.538551577476221e-05,0.0,5.996326879724029,5.970649445561672,5.689893001203927e-16,1.734723475976807e-18,0.4029997636180121,0.0,-6.300000000000001,6.300000000000001,0.14142135623730964,0.14142135623730953,2.2641853057691174e-08,4.727630750213407e-06,0.011992859297032778,0.0118,4.727630750214207e-06,0.011941572626398346,0.0118
179,0.358,0.36,-4.340135659620179,4.452828143928103,0.05634624215396222,8.792963803548282,-0.10076356058457747,0.11134295771172337,-4.340135659620179,4.452828143928103,-6.002109169696172,6.004218339392344,0.001054584848086293,12.006327509088516,0.010545848480860973,0.0,0.010545848480860973,0.0,-0.010545848480860973,-0.010545848480860973,0.0,0.0,0.0,0.0,0.0,0.0,8.470515671338741e-05,0.0,5.996223636111085,5.97051285166034,4.723868865519343e-16,1.734723475976807e-18,0.40299976361801243,0.0,-6.300000000000001,6.300000000000001,0.14142135623730964,0.14142135623730953,2.2640952140926816e-08,4.7276307430007535e-06,0.011992653759448057,0.0118,4.727630742999978e-06,0.011941298891123343,0.0118
180,0.36,0.362,-4.340149229141815,4.451991048674887,0.05592090976653585,8.792140277816703,-0.10075644527332131,0.11132689090667142,-4.340149229141815,4.451991048674887,-6.00209236365241,6.00418472730482,0.0010461818262053058,12.00627709095723,0.010461818262050018,0.0,0.010461818262050018,0.0,-0.010461818262050018,-0.010461818262050018,0.0,0.0,0.0,0.0,0.0,0.0,8.403021881095501e-05,0.0,5.99611992404836,5.970376530947705,1.4990450287327706e-16,1.734723475976807e-18,0.4029997636180128,0.0,-6.300000000000001,6.300000000000001,0.14142135623730964,0.14142135623730953,2.2640049851951666e-08,4.727630735803678e-06,0.01199244727222217,0.0118,4.727630735803512e-06,0.01194102570332068,0.0118
181,0.362,0.364,-4.340163380622898,4.451169439986883,0.05550302968199228,8.791332820609782,-0.10074912213000914,0.11131053787872464,-4.340163380622898,4.451169439986883,-6.002075691520636,6.004151383041272,0.001037845760317957,12.006227074561908,0.01037845760317881,0.0,0.01037845760317881,0.0,-0.01037845760317881,-0.01037845760317881,0.0,0.0,0.0,0.0,0.0,0.0,8.33606588712089e-05,0.0,5.9960157498507165,5.970240482877392,4.3368086899420177e-16,1.734723475976807e-18,0.40299976361801315,0.0,-6.300000000000001,6.300000000000001,0.14142135623730964,0.14142135623730953,2.26391461999517e-08,4.72763072862218e-06,0.01199223984809672,0.0118,4.7276307286225895e-06,0.01194075306189541,0.0118
182,0.364,0.366,-4.340178121634985,4.450362901440008,0.05509238990251175,8.790541023074994,-0.10074159276233202,0.11129389951801169,-4.340178121634985,4.450362901440008,-6.002059152233827,6.004118304467654,0.0010295761169132334,12.006177456701481,0.010295761169136726,0.0,0.010295761169136726,0.0,-0.010295761169136726,-0.010295761169136726,0.0,0.0,0.0,0.0,0.0,0.0,8.269643404208437e-05,0.0,5.995911119777537,5.9701047069041175,6.460083119483317e-16,1.734723475976807e-18,0.40299976361801354,0.0,-6.300000000000001,6.300000000000001,0.14142135623730964,0.14142135623730953,2.2638241194043924e-08,4.72763072145404e-06,0.011992031499701431,0.0118,4.72763072145499e-06,0.011940480965754783,0.0118
183,0.366,0.368,-4.340193459340007,4.449571033269807,0.05468878696489998,8.789764492609814,-0.10073385892632625,0.11127697708389395,-4.340193459340007,4.449571033269807,-6.0020427447334646,6.00408548946693,0.0010213723667327201,12.006128234200395,0.01021372366732376,0.0,0.01021372366732376,0.0,-0.01021372366732376,-0.01021372366732376,0.0,0.0,0.0,0.0,0.0,0.0,8.203750181296565e-05,0.0,5.995806040033174,5.969969202483689,4.631711680858075e-16,1.734723475976807e-18,0.4029997636180139,0.0,-6.300000000000001,6.300000000000001,0.14142135623730964,0.14142135623730953,2.263733484327668e-08,4.727630714303698e-06,0.011991822239555073,0.0118,4.7276307143029325e-06,0.011940209413808234,0.0118
184,0.368,0.37,-4.340209400495402,4.4487934514977105,0.054292025501154306,8.789002851993112,-0.1007259225157256,0.11125977217845778,-4.340209400495402,4.4487934514977105,-6.002026467969462,6.004052935938925,0.0010132339847315208,12.006079403908387,0.010132339847311794,0.0,0.010132339847311794,0.0,-0.010132339847311794,-0.010132339847311794,0.0,0.0,0.0,0.0,0.0,0.0,8.138382001196514e-05,0.0,5.9957005167674,5.969833969073001,9.62771529167128e-16,1.734723475976807e-18,0.4029997636180142,0.0,-6.300000000000001,6.300000000000001,0.14142135623730964,0.14142135623730953,2.2636427156629923e-08,4.727630707168934e-06,0.011991612080066348,0.0118,4.72763070716864e-06,0.011939938404967378,0.0118
185,0.37,0.372,-4.340225951459945,4.44802978711268,0.05390191782636755,8.788255738572625,-0.10071778555162836,0.111242286721384,-4.340225951459945,4.44802978711268,-6.0020103209001014,6.004020641800203,0.0010051604500507239,12.006030962700304,0.010051604500508569,0.0,0.010051604500508569,0.0,-0.010051604500508569,-0.010051604500508569,0.0,0.0,0.0,0.0,0.0,0.0,8.073534680322448e-05,0.0,5.995594556075851,5.969699006130036,6.720698216694521e-16,1.734723475976807e-18,0.4029997636180146,0.0,-6.300000000000001,6.300000000000001,0.14142135623730964,0.14142135623730953,2.2635518143015505e-08,4.7276307000475264e-06,0.0119914010335348,0.0118,4.7276307000476696e-06,0.011939667938146001,0.0118
186,0.372,0.374,-4.3402431182002,4.447279685304172,0.053518283551985846,8.787522803504372,-0.10070945017249713,0.11122452292613383,-4.3402431182002,4.447279685304172,-6.001994302491965,6.00398860498393,0.0009971512459827636,12.005982907475895,0.009971512459824331,0.0,0.009971512459824331,0.0,-0.009971512459824331,-0.009971512459824331,0.0,0.0,0.0,0.0,0.0,0.0,8.009204068423692e-05,0.0,5.995488164000467,5.969564313113862,1.1008853334146251e-15,1.734723475976807e-18,0.40299976361801493,0.0,-6.300000000000001,6.300000000000001,0.14142135623730964,0.14142135623730953,2.263460781127753e-08,4.727630692943917e-06,0.0119911891121517,0.0118,4.727630692944462e-06,0.011939398012260074,0.0118
187,0.374,0.376,-4.3402609062975115,4.446542804742671,0.053140949222579614,8.786803711040182,-0.10070091862449768,0.11120648327739457,-4.3402609062975115,4.446542804742671,-6.001978411719868,6.0039568234397365,0.000989205859934117,12.005935235159605,0.00989205859934114,0.0,0.00989205859934114,0.0,-0.00989205859934114,-0.00989205859934114,0.0,0.0,0.0,0.0,0.0,0.0,7.945386048319132e-05,0.0,5.995381346529941,5.969429889484623,1.5166362089813479e-15,1.734723475976807e-18,0.40299976361801526,0.0,-6.300000000000001,6.300000000000001,0.14142135623730964,0.14142135623730953,2.263369617019261e-08,4.727630685853665e-06,0.011990976328000934,0.0118,4.727630685854578e-06,0.011939128626227724,0.0118
188,0.376,0.378,-4.340279320955484,4.445818816904382,0.05276974797444911,8.786098137859867,-0.10069219325219814,0.11118817050972674,-4.340279320955484,4.445818816904382,-6.001962647566796,6.003925295133594,0.0009813237833986577,12.00588794270039,0.009813237833984802,0.0,0.009813237833984802,0.0,-0.009813237833984802,-0.009813237833984802,0.0,0.0,0.0,0.0,0.0,0.0,7.882076535633694e-05,0.0,5.995274109600133,5.969295734703551,2.1024848528838902e-15,1.734723475976807e-18,0.40299976361801565,0.0,-6.300000000000001,6.300000000000001,0.14142135623730964,0.14142135623730953,2.2632783228470288e-08,4.72763067878121e-06,0.011990762693059882,0.0118,4.727630678780237e-06,0.011938859778969246,0.0118
189,0.378,0.38,-4.340298367007867,4.445107405436921,0.0524045192145266,8.785405772444788,-0.10068327648962747,0.1111695875873639,-4.340298367007867,4.445107405436921,-6.00194700902384,6.0038940180476805,0.0009735045119203534,12.00584102707152,0.009735045119199433,0.0,0.009735045119199433,0.0,-0.009735045119199433,-0.009735045119199433,0.0,0.0,0.0,0.0,0.0,0.0,7.819271478536958e-05,0.0,5.99516645909452,5.969161848232945,1.816255479347717e-15,1.734723475976807e-18,0.402999763618016,0.0,-6.300000000000001,6.300000000000001,0.14142135623730964,0.14142135623730953,2.2631868994753274e-08,4.727630671722112e-06,0.011990548219200266,0.0118,4.727630671721439e-06,0.011938591469407102,0.0118
190,0.38,0.382,-4.340318048926805,4.444408265563107,0.05204510831815101,8.784726314489912,-0.10067417085169894,0.11115073768510966,-4.340318048926805,4.444408265563107,-6.001931495090125,6.00386299018025,0.0009657475450621789,12.005794485270375,0.009657475450624594,0.0,0.009657475450624594,0.0,-0.009657475450624594,-0.009657475450624594,0.0,0.0,0.0,0.0,0.0,0.0,7.756966857483833e-05,0.0,5.995058400844616,5.969028229536191,5.612372545871214e-16,1.734723475976807e-18,0.40299976361801637,0.0,-6.300000000000001,6.300000000000001,0.14142135623730964,0.14142135623730953,2.2630953477617898e-08,4.727630664676372e-06,0.01199033291818904,0.0118,4.727630664675963e-06,0.011938323696465889,0.0118
191,0.382,0.384,-4.340338370831381,4.443721103520221,0.051691366344420064,8.7840594743516,-0.10066487892600659,0.11113162417028408,-4.340338370831381,4.443721103520221,-6.0019161047727545,6.00383220954551,0.0009580523863776946,12.005748314318264,0.00958052386377502,0.0,0.00958052386377502,0.0,-0.00958052386377502,-0.00958052386377502,0.0,0.0,0.0,0.0,0.0,0.0,7.695158684957304e-05,0.0,5.9949499406303985,5.968894878077739,8.533077673275602e-16,1.734723475976807e-18,0.4029997636180167,0.0,-6.300000000000001,6.300000000000001,0.14142135623730964,0.14142135623730953,2.2630036685574412e-08,4.727630657648428e-06,0.011990116801689233,0.0118,4.727630657648252e-06,0.011938056459072382,0.0118
192,0.384,0.386,-4.340359336496409,4.443045636032245,0.051343149767918206,8.783404972528654,-0.10065540336498535,0.11111225058567223,-4.340359336496409,4.443045636032245,-6.001900837086745,6.003801674173489,0.000950418543371967,12.005702511260234,0.00950418543372289,0.0,0.00950418543372289,0.0,-0.00950418543372289,-0.00950418543372289,0.0,0.0,0.0,0.0,0.0,0.0,7.63384300521323e-05,0.0,5.994841084180722,5.968761793323116,6.574601973952099e-16,1.734723475976807e-18,0.40299976361801704,0.0,-6.300000000000001,6.300000000000001,0.14142135623730964,0.14142135623730953,2.2629118627067343e-08,4.727630650633843e-06,0.011989899881260797,0.0118,4.727630650633863e-06,0.011937789756155478,0.0118
193,0.386,0.388,-4.340380949361435,4.442381589812852,0.05100032022570833,8.782762539174287,-0.10064574687843997,0.11109262063342798,-4.340380949361435,4.442381589812852,-6.001885691054956,6.003771382109913,0.0009428455274784753,12.005657073164869,0.009428455274782617,0.0,0.009428455274782617,0.0,-0.009428455274782617,-0.009428455274782617,0.0,0.0,0.0,0.0,0.0,0.0,7.573015894027184e-05,0.0,5.994731837173745,5.968628974738914,9.367506770274758e-17,1.734723475976807e-18,0.40299976361801737,0.0,-6.300000000000001,6.300000000000001,0.14142135623730964,0.14142135623730953,2.26281993104759e-08,4.727630643637053e-06,0.011989682168361444,0.0118,4.727630643637237e-06,0.011937523586646232,0.0118
194,0.388,0.39,-4.340403212539889,4.441728701097049,0.050662744278580085,8.782131913636938,-0.1006359122264372,0.11107273815988805,-4.340403212539889,4.441728701097049,-6.001870665708039,6.003741331416079,0.0009353328540200323,12.005611997124118,0.009353328540198184,0.0,0.009353328540198184,0.0,-0.009353328540198184,-0.009353328540198184,0.0,0.0,0.0,0.0,0.0,0.0,7.512673458443282e-05,0.0,5.99462220523734,5.9684964217927945,4.1592705841975164e-16,1.734723475976807e-18,0.40299976361801776,0.0,-6.300000000000001,6.300000000000001,0.14142135623730964,0.14142135623730953,2.2627278744114352e-08,4.7276306366536215e-06,0.01198946367434749,0.0118,4.727630636653935e-06,0.011937257949477828,0.0118
195,0.39,0.392,-4.340426128828353,4.441086715199564,0.050330293185605335,8.781512844027917,-0.10062590221255163,0.1110526071412564,-4.340426128828353,4.441086715199564,-6.001855760084367,6.003711520168733,0.0009278800421830269,12.0055672802531,0.009278800421832933,0.0,0.009278800421832933,0.0,-0.009278800421832933,-0.009278800421832933,0.0,0.0,0.0,0.0,0.0,0.0,7.45281183652505e-05,0.0,5.994512193949502,5.9683641339534805,1.1223660889569942e-15,1.734723475976807e-18,0.4029997636180181,0.0,-6.300000000000001,6.300000000000001,0.14142135623730964,0.14142135623730953,2.2626356936232377e-08,4.727630629685766e-06,0.01198924441047468,0.0118,4.727630629686175e-06,0.011936992843585589,0.0118
196,0.392,0.394,-4.34044970071592,4.4404553860981775,0.050002842691128535,8.780905086814098,-0.10061571967746707,0.1110322316701158,-4.34044970071592,4.4404553860981775,-6.001840973229972,6.0036819464599445,0.0009204866149863378,12.005522919689916,0.009204866149861851,0.0,0.009204866149861851,0.0,-0.009204866149861851,-0.009204866149861851,0.0,0.0,0.0,0.0,0.0,0.0,7.393427197108256e-05,0.0,5.994401808838763,5.968232110690764,1.2368578383714635e-15,1.734723475976807e-18,0.4029997636180184,0.0,-6.300000000000001,6.300000000000001,0.14142135623730964,0.14142135623730953,2.2625433895015463e-08,4.727630622733488e-06,0.011989024387899004,0.0118,4.727630622733958e-06,0.011936728267906961,0.0118
197,0.394,0.396,-4.3404739303935855,4.4398344760403905,0.04968027282340248,8.780308406433976,-0.10060536749291887,0.11101161594272657,-4.3404739303935855,4.4398344760403905,-6.001826304198493,6.003652608396987,0.0009131520992466946,12.00547891259548,0.009131520992466294,0.0,0.009131520992466294,0.0,-0.009131520992466294,-0.009131520992466294,0.0,0.0,0.0,0.0,0.0,0.0,7.334515739555706e-05,0.0,5.994291055384588,5.9681003514754885,9.179668743891645e-16,1.734723475976807e-18,0.40299976361801876,0.0,-6.300000000000001,6.300000000000001,0.14142135623730964,0.14142135623730953,2.2624509628585325e-08,4.727630615796786e-06,0.011988803617677526,0.0118,4.727630615797285e-06,0.011936464221381528,0.0118
198,0.396,0.398,-4.340498819763669,4.439223755171875,0.04936246770410335,8.779722574935544,-0.10059484855597212,0.11099076424707685,-4.340498819763669,4.439223755171875,-6.001811752051107,6.003623504102213,0.0009058760255529208,12.00543525615332,0.009058760255531154,0.0,0.009058760255531154,0.0,-0.009058760255531154,-0.009058760255531154,0.0,0.0,0.0,0.0,0.0,0.0,7.276073693514007e-05,0.0,5.994179939017778,5.967968855779562,6.285526569713151e-16,1.734723475976807e-18,0.40299976361801915,0.0,-6.300000000000001,6.300000000000001,0.14142135623730964,0.14142135623730953,2.262358414500027e-08,4.727630608871221e-06,0.011988582110769176,0.0118,4.727630608871713e-06,0.011936200702950976,0.0118
199,0.398,0.4,-4.340524370449209,4.668957819620446,0.1642167245856183,9.009482190069654,-0.10058416578362622,1.071548221063858,-4.340524370449209,4.438623001185326,-6.001797315856469,6.0035946317129385,0.0008986579282348472,12.005391947569407,0.008986579282344432,0.0,0.028986579282344438,0.0,-0.008986579282344432,-0.028986579282344438,0.0,0.02,0.0,0.020000000000000004,0.0,0.0,7.218097318672264e-05,0.0,5.994068465120874,5.947837623075946,9.922618282587337e-16,3.469446951953614e-18,0.4029997636180195,0.0,-6.300000000000001,6.300000000000001,0.14142135623730964,0.14142135623730953,2.2622657452255603e-08,4.727630601963452e-06,0.011988359878035556,0.0118,4.727630601963906e-06,0.011935937711559123,0.0118
200,0.4,0.402,-4.340550583803339,4.679737535305773,0.16959347575121697,9.020288119109113,-0.10057332210773734,0.7240574414210461,-4.340550583803339,4.679737535305773,-6.005751122350008,6.011502244700016,0.00287556117500376,12.017253367050024,0.028755611750040422,0.0,0.028755611750040422,0.0,-0.028755611750040422,-0.028755611750040422,0.0,0.0,0.0,0.0,0.0,0.0,0.00023096753230401445,0.0,5.994116000994454,5.947746653101313,6.938893903907228e-16,3.469446951953614e-18,0.4029997636180198,0.0,-6.300000000000001,6.300000000000001,0.14142135623730964,0.14142135623730953,2.2359077074655184e-08,4.727630595069041e-06,0.011988136930241748,0.0118,4.727630595069421e-06,0.011895675246151892,0.0118
201,0.402,0.404,-4.340577460918583,4.687356467363228,0.17338950322232272,9.027933928281811,-0.1005623204702473,0.5370882440839142,-4.340577460918583,4.687356467363228,-6.00570529691734,6.011410593834682,0.0028526484586706147,12.017115890752022,0.02852648458670368,0.0,0.02852648458670368,0.0,-0.02852648458670368,-0.02852648458670368,0.0,0.0,0.0,0.0,0.0,0.0,0.0002291271633367421,0.0,5.9941616014279635,5.947655865067272,5.655198531684391e-16,3.469446951953614e-18,0.40299976361802015,0.0,-6.300000000000001,6.300000000000001,0.14142135623730964,0.14142135623730953,2.2358426965688996e-08,4.727630588192426e-06,0.011988232001988909,0.0118,4.7276305881927e-06,0.011895493306202626,0.0118
202,0.404,0.406,-4.340605002636085,4.691821676296638,0.17560833683027655,9.032426678932723,-0.10055116381870843,0.42819482945014736,-4.340605002636085,4.691821676296638,-6.0056598366256235,6.011319673251247,0.0028299183128117633,12.01697950987687,0.028299183128117546,0.0,0.028299183128117546,0.0,-0.028299183128117546,-0.028299183128117546,0.0,0.0,0.0,0.0,0.0,0.0,0.00022730145858613221,0.0,5.994205284956491,5.947565258609934,5.915407053080912e-16,0.0,0.4029997636180205,0.0,-6.300000000000001,6.300000000000001,0.14142135623730964,0.14142135623730953,2.2357784021608295e-08,4.727630581329167e-06,0.011988323202855927,0.0118,4.727630581329301e-06,0.011895311730134544,0.0118
203,0.406,0.40800000000000003,-4.340633209554735,4.693613896397562,0.1764903434214138,9.034247105952296,-0.1005398551020957,0.3599022154532974,-4.340633209554735,4.693613896397562,-6.005614738565382,6.011229477130764,0.002807369282691319,12.016844215696146,0.02807369282691109,0.0,0.02807369282691109,0.0,-0.02807369282691109,-0.02807369282691109,0.0,0.0,0.0,0.0,0.0,0.0,0.00022549030120645757,0.0,5.994247069961219,5.947474833366148,4.128641872824801e-16,0.0,0.40299976361802087,0.0,-6.300000000000001,6.300000000000001,0.14142135623730964,0.14142135623730953,2.2357140303254754e-08,4.727630574479265e-06,0.011988410569912983,0.0118,4.7276305744792246e-06,0.01189513051721987,0.0118
204,0.40800000000000003,0.41000000000000003,-4.340662082040176,4.69334916586283,0.17634354191132706,9.034011247903006,-0.1005283972668948,0.31428157499817727,-4.340662082040176,4.69334916586283,-6.005569999850326,6.011139999700652,0.002784999925163234,12.016709999550978,0.027849999251628062,0.0,0.027849999251628062,0.0,-0.027849999251628062,-0.027849999251628062,0.0,0.0,0.0,0.0,0.0,0.0,0.00022369357528302766,0.0,5.994286974670652,5.947384588973491,1.6948248360293405e-15,3.469446951953614e-18,0.4029997636180212,0.0,-6.300000000000001,6.300000000000001,0.14142135623730964,0.14142135623730953,2.235649441266024e-08,4.72763056764716e-06,0.011988494139922437,0.0118,4.727630567646912e-06,0.011894949666732296,0.0118
205,0.41000000000000003,0.41200000000000003,-4.340691620233685,4.691588701986844,0.17544854087657935,9.03228032222053,-0.10051679325345286,0.28219381541613603,-4.340691620233685,4.691588701986844,-6.0055256176171605,6.011051235234322,0.002762808808580708,12.016576852851482,0.027628088085803294,0.0,0.027628088085803294,0.0,-0.027628088085803294,-0.027628088085803294,0.0,0.0,0.0,0.0,0.0,0.0,0.00022191116582477013,0.0,5.9943250171618505,5.947294525070258,1.0443035325380379e-15,3.469446951953614e-18,0.40299976361802153,0.0,-6.300000000000001,6.300000000000001,0.14142135623730964,0.14142135623730953,2.235584587592605e-08,4.72763056082841e-06,0.011988573949341304,0.0118,4.727630560827922e-06,0.011894769177946981,0.0118
206,0.41200000000000003,0.41400000000000003,-4.3407218240609176,4.688781277604552,0.17402972677181738,9.029503101665469,-0.10050504599258672,0.25866762988408454,-4.3407218240609176,4.688781277604552,-6.005481589025409,6.010963178050819,0.002740794512704703,12.016444767076228,0.02740794512704642,0.0,0.02740794512704642,0.0,-0.02740794512704642,-0.02740794512704642,0.0,0.0,0.0,0.0,0.0,0.0,0.0002201429587568712,0.0,5.994361215361644,5.9472046412954755,1.2836953722228372e-15,3.469446951953614e-18,0.40299976361802187,0.0,-6.300000000000001,6.300000000000001,0.14142135623730964,0.14142135623730953,2.2355194472948975e-08,4.727630554023017e-06,0.0119886500343237,0.0118,4.727630554022255e-06,0.011894589050140516,0.0118
207,0.41400000000000003,0.41600000000000004,-4.3407526932404785,4.68526546605286,0.17225638640619056,9.026018159293338,-0.10049315840243059,0.2408301808051433,-4.3407526932404785,4.68526546605286,-6.005437911257227,6.010875822514453,0.002718955628613351,12.01631373377168,0.027189556286132947,0.0,0.027189556286132947,0.0,-0.027189556286132947,-0.027189556286132947,0.0,0.0,0.0,0.0,0.0,0.0,0.000218388840913475,0.0,5.9943955870478405,5.947114937288893,9.905271047827569e-16,3.469446951953614e-18,0.4029997636180222,0.0,-6.300000000000001,6.300000000000001,0.14142135623730964,0.14142135623730953,2.235454008610564e-08,4.727630547233199e-06,0.011988722430723287,0.0118,4.727630547232131e-06,0.01189440928259095,0.0118
208,0.41600000000000004,0.418,-4.340784227292358,4.681289618797937,0.17025269575278967,9.022073846090294,-0.10048113338551878,0.2269301801377771,-4.340784227292358,4.681289618797937,-6.00539458151722,6.010789163034441,0.002697290758610471,12.016183744551661,0.026972907586102508,0.0,0.026972907586102508,0.0,-0.026972907586102508,-0.026972907586102508,0.0,0.0,0.0,0.0,0.0,0.0,0.00021664870003044082,0.0,5.9944281498504335,5.947025412690972,6.886852199627924e-16,3.469446951953614e-18,0.40299976361802253,0.0,-6.300000000000001,6.300000000000001,0.14142135623730964,0.14142135623730953,2.2353882648488906e-08,4.7276305404567385e-06,0.011988791174095681,0.0118,4.727630540457551e-06,0.011894229874577786,0.0118
209,0.418,0.42,-4.34081642554617,4.677033176237486,0.1681083753456578,9.017849601783656,-0.10046897382609069,0.2158498213626127,-4.34081642554617,4.677033176237486,-6.005351597032273,6.010703194064546,0.0026757985161367515,12.016054791096819,0.02675798516136435,0.0,0.02675798516136435,0.0,-0.02675798516136435,-0.02675798516136435,0.0,0.0,0.0,0.0,0.0,0.0,0.00021492242473815818,0.0,5.994458921252782,5.946936067142902,2.0643209364124004e-16,6.938893903907228e-18,0.40299976361802287,0.0,-6.300000000000001,6.300000000000001,0.14142135623730964,0.14142135623730953,2.2353222121592502e-08,4.727630533695854e-06,0.011988856299700867,0.0118,4.727630533696292e-06,0.011894050825381943,0.0118
210,0.42,0.422,-4.340849287149231,4.672624528054441,0.16588762045260497,9.013473815203671,-0.10045668258760687,0.20684713954451567,-4.340849287149231,4.672624528054441,-6.005308955051362,6.010617910102724,0.0026544775256809316,12.015926865154086,0.02654477525680993,0.0,0.02654477525680993,0.0,-0.02654477525680993,-0.02654477525680993,0.0,0.0,0.0,0.0,0.0,0.0,0.00021320990455441912,0.0,5.9944879185927995,5.946846900286586,1.016547956922409e-15,6.938893903907228e-18,0.4029997636180232,0.0,-6.300000000000001,6.300000000000001,0.14142135623730964,0.14142135623730953,2.235255848421152e-08,4.727630526948325e-06,0.011988917842505565,0.0118,4.727630526948357e-06,0.011893872134285804,0.0118
211,0.422,0.424,-4.340882811074443,4.668154776520055,0.163635982722806,9.009037587594499,-0.10044426251046706,0.19941292849446,-4.340882811074443,4.668154776520055,-6.005266652845386,6.010533305690774,0.0026333264226936492,12.01579995853616,0.026333264226932582,0.0,0.026333264226932582,0.0,-0.026333264226932582,-0.026333264226932582,0.0,0.0,0.0,0.0,0.0,0.0,0.00021151102987734732,0.0,5.99451515906412,5.946757911764641,5.117434254131581e-16,6.938893903907228e-18,0.40299976361802353,0.0,-6.300000000000001,6.300000000000001,0.14142135623730964,0.14142135623730953,2.2351891726347123e-08,4.727630520218592e-06,0.011988975837185598,0.0118,4.727630520218185e-06,0.01189369380057317,0.0118
212,0.424,0.426,-4.340916996127995,4.663687969214802,0.16138548654340346,9.004604965342796,-0.10043171640991957,0.1931875870218655,-4.340916996127995,4.663687969214802,-6.005224687706991,6.010449375413981,0.0026123438534950694,12.015674063120972,0.026123438534954198,0.0,0.026123438534954198,0.0,-0.026123438534954198,-0.026123438534954198,0.0,0.0,0.0,0.0,0.0,0.0,0.0002098256919783836,0.0,5.994540659717262,5.946669101220403,1.078998002057574e-15,6.938893903907228e-18,0.40299976361802387,0.0,-6.300000000000001,6.300000000000001,0.14142135623730964,0.14142135623730953,2.2351221845604314e-08,4.727630513502215e-06,0.01198903031812824,0.0118,4.727630513501335e-06,0.011893515823529282,0.0118
213,0.426,0.428,-4.340951840956871,4.659268583358859,0.15915837120099408,9.00022042431573,-0.10041904707415367,0.1879108193806986,-4.340951840956871,4.659268583358859,-6.005183056950392,6.010366113900783,0.0025915284751958367,12.015549170851175,0.02591528475195887,0.0,0.02591528475195887,0.0,-0.02591528475195887,-0.02591528475195887,0.0,0.0,0.0,0.0,0.0,0.0,0.00020815378299532714,0.0,5.994564437460781,5.94658046829792,5.603156827405087e-16,3.469446951953614e-18,0.4029997636180242,0.0,-6.300000000000001,6.300000000000001,0.14142135623730964,0.14142135623730953,2.2350548844938315e-08,4.727630506799193e-06,0.011989081319434523,0.0118,4.727630506800029e-06,0.011893338202440805,0.0118
214,0.428,0.43,-4.340987344056158,4.654926960372984,0.15696980815841322,8.995914304429142,-0.10040625726256525,0.18339012123064977,-4.340987344056158,4.654926960372984,-6.005141757911207,6.010283515822413,0.002570878955602929,12.01542527373362,0.025708789556033437,0.0,0.025708789556033437,0.0,-0.025708789556033437,-0.025708789556033437,0.0,0.0,0.0,0.0,0.0,0.0,0.00020649519592543238,0.0,5.994586509062412,5.946492012641951,1.2472661792273243e-15,6.938893903907228e-18,0.40299976361802453,0.0,-6.300000000000001,6.300000000000001,0.14142135623730964,0.14142135623730953,2.2349872731179017e-08,4.727630500109528e-06,0.011989128874921562,0.0118,4.727630500109825e-06,0.01189316093659584,0.0118
215,0.43,0.432,-4.341023503776165,4.650683241817074,0.1548298690204546,8.991706745593238,-0.10039334970418479,0.17948041657794261,-4.341023503776165,4.650683241817074,-6.005100787946283,6.010201575892566,0.002550393973141496,12.015302363838849,0.025503939731414876,0.0,0.025503939731414876,0.0,-0.025503939731414876,-0.025503939731414876,0.0,0.0,0.0,0.0,0.0,0.0,0.00020484982461856067,0.0,5.994606891150205,5.9464037338979665,2.237793284010081e-16,6.938893903907228e-18,0.40299976361802486,0.0,-6.300000000000001,6.300000000000001,0.14142135623730964,0.14142135623730953,2.2349193514028087e-08,4.7276304934354374e-06,0.011989173018124823,0.0118,4.727630493435165e-06,0.011892984025283902,0.0118
216,0.432,0.434,-4.341060318329334,4.646550219637935,0.15274495065430038,8.987610537967269,-0.10038032709626082,0.1760705372592629,-4.341060318329334,4.646550219637935,-6.005060144433529,6.010120288867058,0.0025300722167642675,12.015180433300587,0.02530072216764449,0.0,0.02530072216764449,0.0,-0.02530072216764449,-0.02530072216764449,0.0,0.0,0.0,0.0,0.0,0.0,0.00020321756377038677,0.0,5.994625600213651,5.946315631712148,1.5785983631388945e-15,3.469446951953614e-18,0.4029997636180252,0.0,-6.300000000000001,6.300000000000001,0.14142135623730964,0.14142135623730953,2.234851120535574e-08,4.727630486776924e-06,0.01198921378230041,0.0118,4.727630486776047e-06,0.011892807467795934,0.0118
217,0.434,0.436,-4.341097785796965,4.642535402643367,0.15071880842320118,8.983633188440333,-0.10036719210299472,0.17307402674093142,-4.341097785796965,4.642535402643367,-6.005019824771746,6.010039649543491,0.0025099123858725036,12.015059474315237,0.025099123858728832,0.0,0.025099123858728832,0.0,-0.025099123858728832,-0.025099123858728832,0.0,0.0,0.0,0.0,0.0,0.0,0.00020159830891565926,0.0,5.994642652604794,5.946227705731377,9.159339953157541e-16,6.938893903907228e-18,0.40299976361802553,0.0,-6.300000000000001,6.300000000000001,0.14142135623730964,0.14142135623730953,2.2347825818694408e-08,4.727630480131764e-06,0.011989251200427303,0.0118,4.7276304801324724e-06,0.011892631263424295,0.0118
218,0.436,0.438,-4.3411359041357125,4.638642517369144,0.1487533066167157,8.979778421504857,-0.10035394735443653,0.1704227494396432,-4.3411359041357125,4.638642517369144,-6.0049798263804615,6.009959652760923,0.0024899131902307303,12.014939479141384,0.024899131902307317,0.0,0.024899131902307317,0.0,-0.024899131902307317,-0.024899131902307317,0.0,0.0,0.0,0.0,0.0,0.0,0.00019999195642151474,0.0,5.994658064539341,5.9461399556032495,8.203073637025327e-16,6.938893903907228e-18,0.40299976361802586,0.0,-6.300000000000001,6.300000000000001,0.14142135623730964,0.14142135623730953,2.2347137368865864e-08,4.727630473499962e-06,0.011989285305209587,0.0118,4.7276304734999995e-06,0.011892455411462752,0.0118
219,0.438,0.44,-4.341174671183865,4.634872600186574,0.14684896450135465,8.976047271370438,-0.10034059544558743,0.16806236343943973,-4.341174671183865,4.634872600186574,-6.004940146699766,6.00988029339953,0.0024700733498823624,12.014820440099296,0.024700733498826472,0.0,0.024700733498826472,0.0,-0.024700733498826472,-0.024700733498826472,0.0,0.0,0.0,0.0,0.0,0.0,0.00019839840348084527,0.0,5.994671852097765,5.946052380976064,6.778974083465616e-16,6.938893903907228e-18,0.4029997636180262,0.0,-6.300000000000001,6.300000000000001,0.14142135623730964,0.14142135623730953,2.2346445871701094e-08,4.727630466883734e-06,0.011989316129078683,0.0118,4.7276304668830704e-06,0.011892279911206498,0.0118
220,0.44,0.442,-4.3412140846673255,4.631224793269873,0.14500535430127393,8.972438877937199,-0.10032713893579431,0.16594905724873404,-4.3412140846673255,4.631224793269873,-6.004900783190144,6.009801566380289,0.002450391595072432,12.014702349570433,0.024503915950720753,0.0,0.024503915950720753,0.0,-0.024503915950720753,-0.024503915950720753,0.0,0.0,0.0,0.0,0.0,0.0,0.0001968175481057187,0.0,5.9946840312263845,5.945964981498821,2.6568374236757286e-16,6.938893903907228e-18,0.40299976361802653,0.0,-6.300000000000001,6.300000000000001,0.14142135623730964,0.14142135623730953,2.2345751343826208e-08,4.727630460283082e-06,0.01198934370419553,0.0118,4.7276304602839045e-06,0.011892104761952129,0.0118
221,0.442,0.444,-4.341254142205232,4.627696925366488,0.14322139158062797,8.96895106757172,-0.10031358034857094,0.16404716051882692,-4.341254142205232,4.627696925366488,-6.00486173333232,6.0097234666646395,0.002430866666159659,12.01458519999696,0.024308666661599903,0.0,0.024308666661599903,0.0,-0.024308666661599903,-0.024308666661599903,0.0,0.0,0.0,0.0,0.0,0.0,0.0001952492891208514,0.0,5.994694617738452,5.945877756821224,6.054184931159057e-16,6.938893903907228e-18,0.40299976361802686,0.0,-6.300000000000001,6.300000000000001,0.14142135623730964,0.14142135623730953,2.2345053802496365e-08,4.727630453695785e-06,0.011989368062452769,0.0118,4.7276304536958415e-06,0.01189192996299764,0.0118
222,0.444,0.446,-4.341294841315062,4.6242859356852835,0.14149554718511093,8.965580777000344,-0.10029992217201161,0.1623273695587403,-4.341294841315062,4.6242859356852835,-6.004822994627088,6.009645989254177,0.0024114973135445084,12.014468983881265,0.02411497313544277,0.0,0.02411497313544277,0.0,-0.02411497313544277,-0.02411497313544277,0.0,0.0,0.0,0.0,0.0,0.0,0.0001936935261571331,0.0,5.994703627315225,5.945790706593676,1.4498493551562408e-15,6.938893903907228e-18,0.4029997636180272,0.0,-6.300000000000001,6.300000000000001,0.14142135623730964,0.14142135623730953,2.2344353265465067e-08,4.7276304471218434e-06,0.011989389235476905,0.0118,4.727630447121101e-06,0.011891755513642447,0.0118
223,0.446,0.448,-4.341336179417101,4.6209881830498425,0.13982600181637084,8.962324362466944,-0.10028616685997735,0.16076541219908452,-4.341336179417101,4.6209881830498425,-6.00478456459516,6.009569129190319,0.0023922822975794844,12.014353693785479,0.023922822975797568,0.0,0.023922822975797568,0.0,-0.023922822975797568,-0.023922822975797568,0.0,0.0,0.0,0.0,0.0,0.0,0.00019215015964520304,0.0,5.9947110755070305,5.945703830467277,2.031361190368841e-15,6.938893903907228e-18,0.40299976361802753,0.0,-6.300000000000001,6.300000000000001,0.14142135623730964,0.14142135623730953,2.2343649750880184e-08,4.7276304405612565e-06,0.011989407254630451,0.0118,4.727630440561903e-06,0.01189158141318735,0.0118
224,0.448,0.45,-4.341378153838082,4.617799670890456,0.13821075852618714,8.959177824728538,-0.10027231683421983,0.15934103118104503,-4.341378153838082,4.617799670890456,-6.004746440776998,6.009492881553996,0.0023732203884989644,12.014239322330994,0.02373220388498849,0.0,0.02373220388498849,0.0,-0.02373220388498849,-0.02373220388498849,0.0,0.0,0.0,0.0,0.0,0.0,0.00019061909080907768,0.0,5.994716977734317,5.945617128093835,1.268082860939046e-15,6.938893903907228e-18,0.40299976361802786,0.0,-6.300000000000001,6.300000000000001,0.14142135623730964,0.14142135623730953,2.2342943277200233e-08,4.727630434014025e-06,0.011989422151014062,0.0118,4.727630434013808e-06,0.011891407660934553,0.0118
225,0.45,0.452,-4.3414207618138185,4.614716210338885,0.13664772426253302,8.956136972152702,-0.10025837448756528,0.15803720154781375,-4.3414207618138185,4.614716210338885,-6.004708620732665,6.009417241465331,0.0023543103663330456,12.014125862197996,0.02354310366332866,0.0,0.02354310366332866,0.0,-0.02354310366332866,-0.02354310366332866,0.0,0.0,0.0,0.0,0.0,0.0,0.00018910022165982885,0.0,5.994721349288702,5.945530599125842,1.4970663597679845e-15,6.938893903907228e-18,0.4029997636180282,0.0,-6.300000000000001,6.300000000000001,0.14142135623730964,0.14142135623730953,2.2342233863126322e-08,4.727630427484589e-06,0.011989433955468634,0.0118,4.727630427485696e-06,0.011891234256187669,0.0118
226,0.452,0.454,-4.341464000490681,4.611733537702217,0.13513476860576823,8.953197538192898,-0.10024434218822695,0.15683952205115662,-4.341464000490681,4.611733537702217,-6.004671102041668,6.009342204083335,0.002335551020833826,12.014013306125003,0.023355510208339345,0.0,0.023355510208339345,0.0,-0.023355510208339345,-0.023355510208339345,0.0,0.0,0.0,0.0,0.0,0.0,0.00018759345498931262,0.0,5.9947242053340135,5.945444243216489,8.881784197001252e-16,6.938893903907228e-18,0.4029997636180285,0.0,-6.300000000000001,6.300000000000001,0.14142135623730964,0.14142135623730953,2.2341521527546382e-08,4.7276304209685086e-06,0.011989442698577404,0.0118,4.727630420968687e-06,0.011891061198251684,0.0118
227,0.454,0.456,-4.34150786692578,4.608847398260234,0.13366976566722677,8.950355265186014,-0.10023022228523804,0.15573573742855118,-4.34150786692578,4.608847398260234,-6.004633882302795,6.00926776460559,0.002316941151397245,12.013901646908385,0.023169411513975398,0.0,0.023169411513975398,0.0,-0.023169411513975398,-0.023169411513975398,0.0,0.0,0.0,0.0,0.0,0.0,0.00018609869436394773,0.0,5.994725560907317,5.9453580600196645,7.080924388502829e-16,6.938893903907228e-18,0.4029997636180288,0.0,-6.300000000000001,6.300000000000001,0.14142135623730964,0.14142135623730953,2.2340806289489047e-08,4.7276304144635615e-06,0.011989448410668027,0.0118,4.727630414465001e-06,0.011890888486432978,0.0118
228,0.456,0.458,-4.341552358085775,4.6060536051834235,0.1322506235488241,8.947605963269199,-0.1002160171149312,0.1547153601355554,-4.341552358085775,4.6060536051834235,-6.004596959133972,6.009193918267943,0.0022984795669858116,12.013790877401915,0.022984795669856853,0.0,0.022984795669856853,0.0,-0.022984795669856853,-0.022984795669856853,0.0,0.0,0.0,0.0,0.0,0.0,0.00018461584411854398,0.0,5.994725430919941,5.945272049189946,7.57342322535437e-16,6.938893903907228e-18,0.40299976361802914,0.0,-6.300000000000001,6.300000000000001,0.14142135623730964,0.14142135623730953,2.2340088168085217e-08,4.7276304079719704e-06,0.011989451121814635,0.0118,4.727630407976857e-06,0.01189071612003933,0.0118
229,0.458,0.46,-4.341597470844271,4.603348080072568,0.1308753046141482,8.944945550916838,-0.10020172900831889,0.15376936839563926,-4.341597470844271,4.603348080072568,-6.004560330172102,6.009120660344203,0.002280165086050445,12.013680990516304,0.022801650860506673,0.0,0.022801650860506673,0.0,-0.022801650860506673,-0.022801650860506673,0.0,0.0,0.0,0.0,0.0,0.0,0.00018314480935017948,0.0,5.9947238301584855,5.9451862103826,4.450107816966753e-16,6.938893903907228e-18,0.40299976361802947,0.0,-6.300000000000001,6.300000000000001,0.14142135623730964,0.14142135623730953,2.2339367182535898e-08,4.727630401498175e-06,0.011989450861839883,0.0118,4.727630401502036e-06,0.01189054409837989,0.0118
230,0.46,0.462,-4.341643201977828,4.600726879938344,0.12954183898025828,8.942370081916172,-0.1001873602991818,0.15288996334404725,-4.341643201977828,4.600726879938344,-6.004523993072919,6.009047986145838,0.0022619965364594208,12.013571979218757,0.022619965364594544,0.0,0.022619965364594544,0.0,-0.022619965364594544,-0.022619965364594544,0.0,0.0,0.0,0.0,0.0,0.0,0.00018168549591212693,0.0,5.994720773285833,5.945100543253585,1.078998002057574e-15,6.938893903907228e-18,0.4029997636180298,0.0,-6.300000000000001,6.300000000000001,0.14142135623730964,0.14142135623730953,2.2338643352085005e-08,4.727630395037733e-06,0.011989447660316972,0.0118,4.727630395042759e-06,0.0118903724207652,0.0118
231,0.462,0.464,-4.341689548160656,4.597766130806255,0.1280382913227993,8.939455678966912,-0.10017291333262873,0.1234732465194914,-4.341689548160656,4.597766130806255,-6.004487945510838,6.008975891021675,0.002243972755418433,12.013463836532512,0.022439727554186717,0.0,0.022439727554186717,0.0,-0.022439727554186717,-0.022439727554186717,0.0,0.0,0.0,0.0,0.0,0.0,0.00018023781040782822,0.0,5.9947162748421405,5.94501504745955,2.6969529040576923e-16,6.938893903907228e-18,0.4029997636180301,0.0,-6.300000000000001,6.300000000000001,0.14142135623730964,0.14142135623730953,2.233791669599634e-08,4.727630388588426e-06,0.011989441546571665,0.0118,4.727630388592363e-06,0.01189020108650717,0.0118
232,0.464,0.466,-4.34173650595813,4.594754978720482,0.1265092363811764,8.936491484678612,-0.1001583904738787,0.12339563038604756,-4.34173650595813,4.594754978720482,-6.0044521851788,6.008904370357601,0.00222609258940043,12.0133565555364,0.0222609258940018,0.0,0.0222609258940018,0.0,-0.0222609258940018,-0.0222609258940018,0.0,0.0,0.0,0.0,0.0,0.0,0.00017880166018491693,0.0,5.994710349245836,5.944929722657825,3.469446951953614e-16,6.938893903907228e-18,0.4029997636180304,0.0,-6.300000000000001,6.300000000000001,0.14142135623730964,0.14142135623730953,2.233718723353394e-08,4.727630382154694e-06,0.01198943254968428,0.0118,4.727630382161952e-06,0.0118900300949191,0.0118
233,0.466,0.468,-4.341784071819267,4.5918577943523475,0.12503686126654046,8.933641866171614,-0.10014379411699442,0.12332017119340177,-4.341784071819267,4.5918577943523475,-6.004416709788134,6.008833419576269,0.0022083548940674547,12.013250129364403,0.022083548940672514,0.0,0.022083548940672514,0.0,-0.022083548940672514,-0.022083548940672514,0.0,0.0,0.0,0.0,0.0,0.0,0.0001773769533292886,0.0,5.994703010794595,5.944844568506432,1.5768636396629176e-15,6.938893903907228e-18,0.40299976361803075,0.0,-6.300000000000001,6.300000000000001,0.14142135623730964,0.14142135623730953,2.233645498394527e-08,4.727630375736537e-06,0.011989420698491673,0.0118,4.727630375738201e-06,0.01188985944531565,0.0118
234,0.468,0.47000000000000003,-4.341832242068392,4.589067129129537,0.12361744353057258,8.93089937119793,-0.10012912669332616,0.12324668602594693,-4.341832242068392,4.589067129129537,-6.004381517068403,6.0087630341368055,0.0021907585342013647,12.013144551205208,0.021907585342013296,0.0,0.021907585342013296,0.0,-0.021907585342013296,-0.021907585342013296,0.0,0.0,0.0,0.0,0.0,0.0,0.0001759635986592181,0.0,5.9946942736663145,5.944759584664068,7.216449660063518e-16,6.938893903907228e-18,0.4029997636180311,0.0,-6.300000000000001,6.300000000000001,0.14142135623730964,0.14142135623730953,2.2335719966446724e-08,4.727630369329513e-06,0.01198940602158919,0.0118,4.727630369334435e-06,0.011889689137012863,0.0118
235,0.47000000000000003,0.47200000000000003,-4.3418810128961844,4.586376215926182,0.12224760151499892,8.928257228822368,-0.1001143906794269,0.12317501384207744,-4.3418810128961844,4.586376215926182,-6.004346604767259,6.008693209534518,0.0021733023836292276,12.013039814301777,0.02173302383629377,0.0,0.02173302383629377,0.0,-0.02173302383629377,-0.02173302383629377,0.0,0.0,0.0,0.0,0.0,0.0,0.00017456150571952417,0.0,5.994684151920083,5.9446747707901215,1.1848161340921592e-15,6.938893903907228e-18,0.4029997636180314,0.0,-6.300000000000001,6.300000000000001,0.14142135623730964,0.14142135623730953,2.233498220021118e-08,4.727630362938065e-06,0.011989388547332629,0.0118,4.72763036294177e-06,0.011889519169328136,0.0118
236,0.47200000000000003,0.47400000000000003,-4.341930380350353,4.58377889066512,0.1209242551573837,8.925709271015473,-0.10009958860423607,0.12310501231436857,-4.341930380350353,4.58377889066512,-6.004311970650304,6.008623941300606,0.002155985325151377,12.01293591195091,0.02155985325151799,0.0,0.02155985325151799,0.0,-0.02155985325151799,-0.02155985325151799,0.0,0.0,0.0,0.0,0.0,0.0,0.00017317058477578007,0.0,5.994672659497134,5.944590126544654,2.4528989950312052e-15,6.938893903907228e-18,0.4029997636180317,0.0,-6.300000000000001,6.300000000000001,0.14142135623730964,0.14142135623730953,2.2334241704357186e-08,4.727630356559972e-06,0.011989368303840165,0.0118,4.72763035656465e-06,0.011889349541580243,0.0118
237,0.47400000000000003,0.47600000000000003,-4.341980340326165,4.581269524652283,0.11964459216305912,8.923249864978448,-0.10008472305536448,0.12303655519769155,-4.341980340326165,4.581269524652283,-6.004277612500942,6.008555225001884,0.002138806250471248,12.012832837502826,0.02138806250470942,0.0,0.02138806250470942,0.0,-0.02138806250470942,-0.02138806250470942,0.0,0.0,0.0,0.0,0.0,0.0,0.00017179074680857064,0.0,5.9946598102217985,5.944505651588418,2.1822821327788233e-15,6.938893903907228e-18,0.402999763618032,0.0,-6.300000000000001,6.300000000000001,0.14142135623730964,0.14142135623730953,2.2333498497939537e-08,4.727630350195232e-06,0.011989345318994267,0.0118,4.7276303501986305e-06,0.011889180253089307,0.0118
238,0.47600000000000003,0.47800000000000004,-4.342030888557065,4.5788429659538,0.11840603869836785,8.920873854510866,-0.10006979668434321,0.12296953012588124,-4.342030888557065,4.5788429659538,-6.004243528120241,6.00848705624048,0.0021217640601198795,12.012730584360721,0.021217640601201626,0.0,0.021217640601201626,0.0,-0.021217640601201626,-0.021217640601201626,0.0,0.0,0.0,0.0,0.0,0.0,0.00017042190350779497,0.0,5.994645617802454,5.944421345582831,1.6965595595053173e-15,6.938893903907228e-18,0.40299976361803236,0.0,-6.300000000000001,6.300000000000001,0.14142135623730964,0.14142135623730953,2.233275259994118e-08,4.727630343843847e-06,0.011989319620443598,0.0118,4.727630343848155e-06,0.011889011303176837,0.0118
239,0.47800000000000004,0.48,-4.342082020605585,4.57649448842505,0.1172062339097324,8.918576509030636,-0.10005481221074614,0.12290383675826189,-4.342082020605585,4.57649448842505,-6.004209715326787,6.008419430653574,0.0021048576633937444,12.01262914598036,0.021048576633934613,0.0,0.021048576633934613,0.0,-0.021048576633934613,-0.021048576633934613,0.0,0.0,0.0,0.0,0.0,0.0,0.00016906396726701464,0.0,5.994630095832449,5.9443372081899994,6.487865800153259e-16,6.938893903907228e-18,0.40299976361803264,0.0,-6.300000000000001,6.300000000000001,0.14142135623730964,0.14142135623730953,2.2332004029266053e-08,4.727630337505816e-06,0.011989291235604908,0.0118,4.727630337513222e-06,0.011888842691165661,0.0118
240,0.48,0.482,-4.342133731854766,4.574219747241311,0.11604300769327258,8.916353479096077,-0.10003977242512382,0.12283938521333831,-4.342133731854766,4.574219747241311,-6.004176171956551,6.008352343913103,0.0020880859782757,12.012528515869654,0.020880859782756767,0.0,0.020880859782756767,0.0,-0.020880859782756767,-0.020880859782756767,0.0,0.0,0.0,0.0,0.0,0.0,0.0001677168511778467,0.0,5.99461325779104,5.944253239072697,4.958327585319333e-16,6.938893903907228e-18,0.40299976361803297,0.0,-6.300000000000001,6.300000000000001,0.14142135623730964,0.14142135623730953,2.23312528047329e-08,4.727630331181139e-06,0.011989260191664899,0.0118,4.727630331189392e-06,0.011888674416379998,0.0118
241,0.482,0.484,-4.342186017500246,4.5720147399741435,0.11491436123694898,8.91420075747439,-0.1000246801907223,0.12277609473939868,-4.342186017500246,4.5720147399741435,-6.0041428958627465,6.008285791725492,0.0020714479313728162,12.012428687588239,0.020714479313732367,0.0,0.020714479313732367,0.0,-0.020714479313732367,-0.020714479313732367,0.0,0.0,0.0,0.0,0.0,0.0,0.0001663804690244016,0.0,5.99459511704431,5.944169437894379,1.1882855810441129e-15,6.938893903907228e-18,0.4029997636180333,0.0,-6.300000000000001,6.300000000000001,0.14142135623730964,0.14142135623730953,2.2330498945069843e-08,4.727630324869817e-06,0.011989226515582081,0.0118,4.7276303248788845e-06,0.011888506478145393,0.0118
242,0.484,0.486,-4.3422388725431915,4.569875772415813,0.11381844993631063,8.912114644959004,-0.10000953844399807,0.12271389258152715,-4.3422388725431915,4.569875772415813,-6.004109884915691,6.008219769831381,0.0020549424578453213,12.012329654747072,0.0205494245784546,0.0,0.0205494245784546,0.0,-0.0205494245784546,-0.0205494245784546,0.0,0.0,0.0,0.0,0.0,0.0,0.00016505473527776539,0.0,5.9945756868460744,5.944085804319165,1.042568809062061e-15,6.938893903907228e-18,0.4029997636180336,0.0,-6.300000000000001,6.300000000000001,0.14142135623730964,0.14142135623730953,2.2329742468909653e-08,4.7276303185718475e-06,0.01198919023408862,0.0118,4.72763031858614e-06,0.011888338875788758,0.0118
243,0.486,0.488,-4.342292291784182,4.567799428483266,0.11275356834954176,8.910091720267449,-0.09999435019395542,0.12265271301220126,-4.342292291784182,4.567799428483266,-6.004077137002673,6.008154274005346,0.002038568501336435,12.012231411008019,0.020385685013364074,0.0,0.020385685013364074,0.0,-0.020385685013364074,-0.020385685013364074,0.0,0.0,0.0,0.0,0.0,0.0,0.0001637395650905257,0.0,5.994554980338801,5.944002338011857,1.0477729794899915e-15,6.938893903907228e-18,0.4029997636180339,0.0,-6.300000000000001,6.300000000000001,0.14142135623730964,0.14142135623730953,2.2328983394785605e-08,4.727630312289454e-06,0.011989151373692148,0.0118,4.727630312302278e-06,0.011888171608638332,0.0118
244,0.488,0.49,-4.342346269818156,4.565782543639252,0.111718136910548,8.90812881345741,-0.09997911852036398,0.1225924964987371,-4.342346269818156,4.565782543639252,-6.004044650027814,6.008089300055629,0.0020223250139075333,12.012133950083443,0.020223250139072734,0.0,0.020223250139072734,0.0,-0.020223250139072734,-0.020223250139072734,0.0,0.0,0.0,0.0,0.0,0.0,0.00016243487429134175,0.0,5.994533010554499,5.943919038637916,1.384309333829492e-15,6.938893903907228e-18,0.40299976361803425,0.0,-6.300000000000001,6.300000000000001,0.14142135623730964,0.14142135623730953,2.2328221741127866e-08,4.727630306018193e-06,0.011989109960677603,0.0118,4.727630306033959e-06,0.011888004676023713,0.0118
245,0.49,0.492,-4.342400801030509,4.5638221813555955,0.1107106901625432,8.906222982386105,-0.09996384657092572,0.12253318898569912,-4.342400801030509,4.5638221813555955,-6.004012421911939,6.008024843823878,0.002006210955969756,12.012037265735817,0.02006210955969318,0.0,0.02006210955969318,0.0,-0.02006210955969318,-0.02006210955969318,0.0,0.0,0.0,0.0,0.0,0.0,0.00016114057937955702,0.0,5.994509790415613,5.943835905863484,1.1882855810441129e-15,6.938893903907228e-18,0.4029997636180345,0.0,-6.300000000000001,6.300000000000001,0.14142135623730964,0.14142135623730953,2.2327457526260378e-08,4.727630299762507e-06,0.011989066021108998,0.0118,4.727630299778962e-06,0.011887838077275833,0.0118
246,0.492,0.494,-4.342455879594369,4.5619156122159765,0.10972986631080373,8.904371491810345,-0.09994853755748323,0.12247474127427799,-4.342455879594369,4.5619156122159765,-6.003980450592435,6.00796090118487,0.001990225296217396,12.011941351777304,0.019902252962173322,0.0,0.019902252962173322,0.0,-0.019902252962173322,-0.019902252962173322,0.0,0.0,0.0,0.0,0.0,0.0,0.0001598565975198553,0.0,5.994485332735905,5.94375293935536,4.64255370258293e-16,6.938893903907228e-18,0.40299976361803486,0.0,-6.300000000000001,6.300000000000001,0.14142135623730964,0.14142135623730953,2.2326690768398067e-08,4.727630293517955e-06,0.011989019580831225,0.0118,4.727630293537288e-06,0.011887671811726968,0.0118
247,0.494,0.496,-4.342511499469113,4.560060295315787,0.10877439792333687,8.902571794784901,-0.09993319475135903,0.12241710848377219,-4.342511499469113,4.560060295315787,-6.003948734023127,6.007897468046255,0.001974367011563949,12.011846202069382,0.019743670115636363,0.0,0.019743670115636363,0.0,-0.019743670115636363,-0.019743670115636363,0.0,0.0,0.0,0.0,0.0,0.0,0.00015858284653695937,0.0,5.994459650221335,5.943670138781013,1.392982951209376e-15,6.938893903907228e-18,0.40299976361803513,0.0,-6.300000000000001,6.300000000000001,0.14142135623730964,0.14142135623730953,2.2325921485644526e-08,4.727630287286755e-06,0.01198897066547181,0.0118,4.727630287308937e-06,0.011887505878710718,0.0118
248,0.496,0.498,-4.342567654400103,4.5582538616667305,0.10784310363331384,8.900821516066834,-0.09991782147793324,0.12236024958284283,-4.342567654400103,4.5582538616667305,-6.003917270174145,6.0078345403482905,0.0019586350870728353,12.011751810522435,0.01958635087072599,0.0,0.01958635087072599,0.0,-0.01958635087072599,-0.01958635087072599,0.0,0.0,0.0,0.0,0.0,0.0,0.00015731924491037155,0.0,5.994432755470935,5.943587503808583,8.529418490943463e-16,6.938893903907228e-18,0.40299976361803547,0.0,-6.300000000000001,6.300000000000001,0.14142135623730964,0.14142135623730953,2.232514969598993e-08,4.72763028106891e-06,0.011988919300442671,0.0118,4.727630281096129e-06,0.011887340277562027,0.0118
249,0.498,0.5,-4.342624337919656,4.556494099355934,0.10693488071813917,8.89911843727559,-0.09990242111056341,0.12230412698027396,-4.342624337919656,4.556494099355934,-6.003886057031791,6.007772114063584,0.001943028515896117,12.011658171095375,0.019430285158956832,0.0,0.019430285158956832,0.0,-0.019430285158956832,-0.019430285158956832,0.0,0.0,0.0,0.0,0.0,0.0,0.00015606571176915638,0.0,5.9944046609776604,5.943505034106867,1.6326187363829847e-15,6.938893903907228e-18,0.4029997636180358,0.0,-6.300000000000001,6.300000000000001,0.14142135623730964,0.14142135623730953,2.2324375417309266e-08,4.727630274864419e-06,0.01198886551094187,0.0118,4.727630274894423e-06,0.011887175007617167,0.0118
250,0.5,0.502,-4.3426815433492045,4.55477894024461,0.1060486984477027,8.897460483593814,-0.0998869970639546,0.12224870616664885,-4.3426815433492045,4.55477894024461,-6.003855092598414,6.007710185196828,0.0019275462992069947,12.011565277795242,0.01927546299207007,0.0,0.01927546299207007,0.0,-0.01927546299207007,-0.01927546299207007,0.0,0.0,0.0,0.0,0.0,0.0,0.00015482216688676498,0.0,5.994375379129263,5.943422729345324,9.823413783804913e-16,6.938893903907228e-18,0.4029997636180361,0.0,-6.300000000000001,6.300000000000001,0.14142135623730964,0.14142135623730953,2.2323598667360877e-08,4.727630268673281e-06,0.01198880932195532,0.0118,4.7276302687082605e-06,0.011887010068213733,0.0118
251,0.502,0.504,-4.3427392638026205,4.5531064480211,0.10518359210923967,8.895845711823721,-0.09987155278708526,0.12219395539974157,-4.3427392638026205,4.5531064480211,-6.003824374892279,6.007648749784558,0.0019121874461394128,12.011473124676836,0.01912187446139417,0.0,0.01912187446139417,0.0,-0.01912187446139417,-0.01912187446139417,0.0,0.0,0.0,0.0,0.0,0.0,0.00015358853067590043,0.0,5.994344922209123,5.943340589194074,2.0556473190325164e-15,6.938893903907228e-18,0.4029997636180364,0.0,-6.300000000000001,6.300000000000001,0.14142135623730964,0.14142135623730953,2.232281946378513e-08,4.727630262491056e-06,0.011988750758258525,0.0118,4.727630262535421e-06,0.011886845458690648,0.0118
252,0.504,0.506,-4.342797492190638,4.551474807448358,0.10433865762886008,8.894272299638995,-0.09985609175578863,0.12213984542754908,-4.342797492190638,4.551474807448358,-6.003793901947442,6.007587803894885,0.0018969509737214452,12.011381705842327,0.018969509737210746,0.0,0.018969509737210746,0.0,-0.018969509737210746,-0.018969509737210746,0.0,0.0,0.0,0.0,0.0,0.0,0.00015236472418342413,0.0,5.9943133023971065,5.943258613323906,1.1483869410966463e-15,6.938893903907228e-18,0.4029997636180367,0.0,-6.300000000000001,6.300000000000001,0.14142135623730964,0.14142135623730953,2.2322037824103386e-08,4.727630256322184e-06,0.011988689844418246,0.0118,4.727630256373683e-06,0.011886681178388148,0.0118
253,0.506,0.508,-4.342856221226321,4.549882314667263,0.10351304672047101,8.892738535893585,-0.09984061746509051,0.12208634924383802,-4.342856221226321,4.549882314667263,-6.003763671813625,6.00752734362725,0.0018818359068122348,12.011291015440875,0.018818359068125443,0.0,0.018818359068125443,0.0,-0.018818359068125443,-0.018818359068125443,0.0,0.0,0.0,0.0,0.0,0.0,0.00015115066908530286,0.0,5.994280531770394,5.943176801406253,1.536964999715451e-15,6.938893903907228e-18,0.402999763618037,0.0,-6.300000000000001,6.300000000000001,0.14142135623730964,0.14142135623730953,2.23212537657171e-08,4.727630250166666e-06,0.011988626604794213,0.0118,4.727630250227488e-06,0.01188651722664781,0.0118
254,0.508,0.51,-4.3429154434315125,4.548327368435412,0.10270596250194997,8.891242811866924,-0.09982513342139274,0.1220334418718548,-4.3429154434315125,4.548327368435412,-6.0037336825560885,6.007467365112177,0.0018668412780442623,12.011201047668266,0.018668412780443847,0.0,0.018668412780443847,0.0,-0.018668412780443847,-0.018668412780443847,0.0,0.0,0.0,0.0,0.0,0.0,0.0001499462876815959,0.0,5.994246622304312,5.943095153113217,3.0647684910733997e-16,6.938893903907228e-18,0.4029997636180373,0.0,-6.300000000000001,6.300000000000001,0.14142135623730964,0.14142135623730953,2.2320467305907104e-08,4.7276302440200606e-06,0.011988561063540787,0.0118,4.727630244090175e-06,0.011886353602812505,0.0118
255,0.51,0.512,-4.342975151144163,4.546808462196564,0.10191665552620055,8.889783613340727,-0.0998096431345874,0.12198110017250102,-4.342975151144163,4.546808462196564,-6.003703932255511,6.007407864511021,0.001851966127754956,12.011111796766532,0.018519661277552366,0.0,0.018519661277552366,0.0,-0.018519661277552366,-0.018519661277552366,0.0,0.0,0.0,0.0,0.0,0.0,0.00014875150289148234,0.0,5.994211585873154,5.943013668117552,2.1874863032067537e-15,6.938893903907228e-18,0.40299976361803763,0.0,-6.300000000000001,6.300000000000001,0.14142135623730964,0.14142135623730953,2.231967846183306e-08,4.7276302378868085e-06,0.011988493244608623,0.0118,4.727630237970626e-06,0.011886190306226434,0.0118
256,0.512,0.514,-4.343035336526493,4.545324176889205,0.10114442018135605,8.888359513415699,-0.09979415011017956,0.12192930267381497,-4.343035336526493,4.545324176889205,-6.003674419007861,6.007348838015722,0.0018372095039307368,12.011023257023583,0.018372095039304037,0.0,0.018372095039304037,0.0,-0.018372095039304037,-0.018372095039304037,0.0,0.0,0.0,0.0,0.0,0.0,0.0001475662382483278,0.0,5.994175434251,5.942932346092662,1.0673157236490427e-15,6.938893903907228e-18,0.4029997636180379,0.0,-6.300000000000001,6.300000000000001,0.14142135623730964,0.14142135623730953,2.2318887250533013e-08,4.72763023176469e-06,0.011988423171746308,0.0118,4.727630231864399e-06,0.011886027336235104,0.0118
257,0.514,0.516,-4.343095991573882,4.543873174414185,0.10038859142015166,8.886969165988067,-0.09977865784148915,0.12187802941905912,-4.343095991573882,4.543873174414185,-6.003645140924282,6.007290281848564,0.001822570462141293,12.010935422772846,0.018225704621409246,0.0,0.018225704621409246,0.0,-0.018225704621409246,-0.018225704621409246,0.0,0.0,0.0,0.0,0.0,0.0,0.0001463904178947905,0.0,5.994138179112525,5.942851186712606,2.3540197569005272e-15,6.938893903907228e-18,0.40299976361803824,0.0,-6.300000000000001,6.300000000000001,0.14142135623730964,0.14142135623730953,2.2318093688923082e-08,4.727630225651483e-06,0.011988350868502,0.0118,4.7276302257714955e-06,0.011885864692185324,0.0118
258,0.516,0.518,-4.3431571081244025,4.542454191691139,0.09964854178336813,8.88561129981554,-0.09976316980199476,0.12182726183109505,-4.3431571081244025,4.542454191691139,-6.003616096130966,6.007232192261932,0.0018080480654827369,12.010848288392898,0.01808048065483128,0.0,0.01808048065483128,0.0,-0.01808048065483128,-0.01808048065483128,0.0,0.0,0.0,0.0,0.0,0.0,0.00014522396657796653,0.0,5.9940998320338,5.942770189652105,1.961972251329769e-15,6.938893903907228e-18,0.4029997636180385,0.0,-6.300000000000001,6.300000000000001,0.14142135623730964,0.14142135623730953,2.2317297793797286e-08,4.727630219549409e-06,0.011988276358225051,0.0118,4.727630219691914e-06,0.011885702373425212,0.0118
259,0.518,0.52,-4.343218677868938,4.541066035241995,0.0989236786865284,8.884284713110933,-0.09974768943787224,0.12177698259104724,-4.343218677868938,4.541066035241995,-6.003587282769037,6.007174565538075,0.0017936413845189847,12.010761848307112,0.017936413845186707,0.0,0.017936413845186707,0.0,-0.017936413845186707,-0.017936413845186707,0.0,0.0,0.0,0.0,0.0,0.0,0.00014406680964457343,0.0,5.994060404493091,5.942689354586514,1.2542050731312315e-15,6.938893903907228e-18,0.40299976361803885,0.0,-6.300000000000001,6.300000000000001,0.14142135623730964,0.14142135623730953,2.2316499581827424e-08,4.727630213458468e-06,0.011988199664067601,0.0118,4.727630213623435e-06,0.01188554037930421,0.0118
260,0.52,0.522,-4.343280692361764,4.539707576247124,0.09821344194267967,8.882988268608887,-0.0997322201607792,0.12172717552954015,-4.343280692361764,4.539707576247124,-6.00355869899443,6.007117397988861,0.0017793494972151436,12.01067609698329,0.017793494972150534,0.0,0.017793494972150534,0.0,-0.017793494972150534,-0.017793494972150534,0.0,0.0,0.0,0.0,0.0,0.0,0.0001429188730361725,0.0,5.99401990787165,5.9426086811918495,5.785844893468894e-16,6.938893903907228e-18,0.40299976361803913,0.0,-6.300000000000001,6.300000000000001,0.14142135623730964,0.14142135623730953,2.231569906956308e-08,4.7276302073764395e-06,0.01198812080898618,0.0118,4.727630207568279e-06,0.011885378709173028,0.0118
261,0.522,0.524,-4.343343143031548,4.538377746026135,0.09751730149729321,8.881720889057682,-0.09971676534092505,0.12167782552901213,-4.343343143031548,4.538377746026135,-6.003530342977773,6.007060685955547,0.0017651714888868852,12.01059102893332,0.017651714888866105,0.0,0.017651714888866105,0.0,-0.017651714888866105,-0.017651714888866105,0.0,0.0,0.0,0.0,0.0,0.0,0.00014178008328442896,0.0,5.993978353454494,5.9425281691447704,1.4102488708062078e-15,6.938893903907228e-18,0.40299976361803946,0.0,-6.300000000000001,6.300000000000001,0.14142135623730964,0.14142135623730953,2.2314896273431706e-08,4.7276302013011025e-06,0.0119880398157433,0.0118,4.7276302015264446e-06,0.0118852173623837,0.0118
262,0.524,0.526,-4.343406021192668,4.537075531900819,0.0968347553540756,8.880481553093487,-0.09970132830045719,0.12162891843581852,-4.343406021192668,4.537075531900819,-6.003502212904272,6.007004425808543,0.001751106452135609,12.010506638712815,0.017511064521359695,0.0,0.017511064521359695,0.0,-0.017511064521359695,-0.017511064521359695,0.0,0.0,0.0,0.0,0.0,0.0,0.00014065036750641,0.0,5.993935752431196,5.942447818122584,8.101158632811689e-16,6.938893903907228e-18,0.40299976361803974,0.0,-6.300000000000001,6.300000000000001,0.14142135623730964,0.14142135623730953,2.2314091209738754e-08,4.727630195236898e-06,0.011987956706908989,0.0118,4.727630195495713e-06,0.01188505633828954,0.0118
263,0.526,0.528,-4.343469318056775,4.5357999734026,0.09616532767291242,8.879269291459376,-0.09968591230719831,0.12158044098100076,-4.343469318056775,4.5357999734026,-6.003474306973592,6.006948613947184,0.0017371534867960392,12.010422920920776,0.017371534867959774,0.0,0.017371534867959774,0.0,-0.017371534867959774,-0.017371534867959774,0.0,0.0,0.0,0.0,0.0,0.0,0.0001395296533999202,0.0,5.99389211589664,5.942367627803247,1.8752360775309285e-15,6.938893903907228e-18,0.4029997636180401,0.0,-6.300000000000001,6.300000000000001,0.14142135623730964,0.14142135623730953,2.2313283894667903e-08,4.727630189179385e-06,0.011987871504862392,0.0118,4.727630189482746e-06,0.011884895636245167,0.0118
264,0.528,0.53,-4.3435330247445485,4.534550158791031,0.0955085670232414,8.87808318353558,-0.09967052056874773,0.12153238070874026,-4.3435330247445485,4.534550158791031,-6.003446623399744,6.006893246799488,0.0017233116998722764,12.010339870199232,0.0172331169987209,0.0,0.0172331169987209,0.0,-0.0172331169987209,-0.0172331169987209,0.0,0.0,0.0,0.0,0.0,0.0,0.0001384178692388742,0.0,5.993847454851794,5.942287597865349,6.643990912991171e-16,6.938893903907228e-18,0.40299976361804035,0.0,-6.300000000000001,6.300000000000001,0.14142135623730964,0.14142135623730953,2.231247434428135e-08,4.727630183130785e-06,0.011987784231793279,0.0118,4.7276301834831e-06,0.011884735255606493,0.0118
265,0.53,0.532,-4.343597132297547,4.533325221853614,0.09486404477803356,8.876922354151162,-0.09965515622697096,0.12148472591164597,-4.343597132297547,4.533325221853614,-6.00341916041097,6.006838320821941,0.0017095802054853948,12.01025748123291,0.017095802054852196,0.0,0.017095802054852196,0.0,-0.017095802054852196,-0.017095802054852196,0.0,0.0,0.0,0.0,0.0,0.0,0.00013731494386870626,0.0,5.993801780204474,5.942207727988132,1.087671619437458e-15,6.938893903907228e-18,0.40299976361804063,0.0,-6.300000000000001,6.300000000000001,0.14142135623730964,0.14142135623730953,2.2311662574520124e-08,4.727630177088876e-06,0.011987694909703589,0.0118,4.727630177494557e-06,0.011884575195730697,0.0118
266,0.532,0.534,-4.343661631690114,4.532124338960407,0.09423135363514623,8.875785970650522,-0.09963982235288521,0.12143746557212509,-4.343661631690114,4.532124338960407,-6.0033919162496305,6.00678383249926,0.0016959581248148226,12.01017574874889,0.01695958124815038,0.0,0.01695958124815038,0.0,-0.01695958124815038,-0.01695958124815038,0.0,0.0,0.0,0.0,0.0,0.0,0.00013622080670181618,0.0,5.993755102770089,5.94212801785148,1.2576745200831851e-15,6.938893903907228e-18,0.40299976361804096,0.0,-6.300000000000001,6.300000000000001,0.14142135623730964,0.14142135623730953,2.2310848601204483e-08,4.7276301710492166e-06,0.011987603560408948,0.0118,4.727630171519337e-06,0.011884415455976264,0.0118
267,0.534,0.536,-4.343726513841275,4.530946726349756,0.09361010625424049,8.87467324019103,-0.09962452194194699,0.12139058930918212,-4.343726513841275,4.530946726349756,-6.003364889172087,6.006729778344176,0.0016824445860441628,12.010094667516263,0.01682444586043733,0.0,0.01682444586043733,0.0,-0.01682444586043733,-0.01682444586043733,0.0,0.0,0.0,0.0,0.0,0.0,0.0001351353877130518,0.0,5.9937074332723945,5.942048467135909,5.793976409762536e-16,6.938893903907228e-18,0.40299976361804124,0.0,-6.300000000000001,6.300000000000001,0.14142135623730964,0.14142135623730953,2.231003244003433e-08,4.72763016501403e-06,0.011987510205540177,0.0118,4.7276301655574395e-06,0.011884256035702959,0.0118
268,0.536,0.538,-4.343791769626555,4.529791637623988,0.09299993399871642,8.873583407250543,-0.09960925790974975,0.12134408733006918,-4.343791769626555,4.529791637623988,-6.003338077448601,6.0066761548972005,0.0016690387242999094,12.010014232345801,0.016690387243002102,0.0,0.016690387243002102,0.0,-0.016690387243002102,-0.016690387243002102,0.0,0.0,0.0,0.0,0.0,0.0,0.0001340586174352274,0.0,5.993658782344229,5.941969075522583,5.117976355217824e-16,6.938893903907228e-18,0.4029997636180416,0.0,-6.300000000000001,6.300000000000001,0.14142135623730964,0.14142135623730953,2.2309214106589697e-08,4.727630158983313e-06,0.011987414866544787,0.0118,4.727630159608864e-06,0.011884096934271818,0.0118
269,0.538,0.54,-4.343857389889703,4.5286583614360865,0.09240048577319193,8.872515751325789,-0.09959403308812537,0.12129795038628044,-4.343857389889703,4.5286583614360865,-6.00331147936321,6.006622958726418,0.0016557396816043735,12.009934438089628,0.016557396816047426,0.0,0.016557396816047426,0.0,-0.016557396816047426,-0.016557396816047426,0.0,0.0,0.0,0.0,0.0,0.0,0.0001329904269546776,0.0,5.993609160528255,5.941889842693299,8.708311849403572e-16,6.938893903907228e-18,0.40299976361804185,0.0,-6.300000000000001,6.300000000000001,0.14142135623730964,0.14142135623730953,2.2308393616331232e-08,4.727630152954847e-06,0.011987317564688458,0.0118,4.727630153675832e-06,0.011883938151045166,0.0118
270,0.54,0.542,-4.3439233654542315,4.527546219350347,0.09181142694805766,8.87146958480458,-0.09957885022164922,0.12125216973344205,-4.3439233654542315,4.527546219350347,-6.003285093213628,6.006570186427257,0.001642546606814399,12.009855279640885,0.01642546606814058,0.0,0.01642546606814058,0.0,-0.01642546606814058,-0.01642546606814058,0.0,0.0,0.0,0.0,0.0,0.0,0.00013193074790684707,0.0,5.993558578277681,5.9418107683304875,1.5785983631388945e-15,6.938893903907228e-18,0.40299976361804213,0.0,-6.300000000000001,6.300000000000001,0.14142135623730964,0.14142135623730953,2.2307570984600745e-08,4.727630146926411e-06,0.011987218321056509,0.0118,4.727630147756123e-06,0.011883779685386597,0.0118
271,0.542,0.544,-4.34398968713477,4.526454563861724,0.09123243836347683,8.870444250996494,-0.09956371196454372,0.12120673709470162,-4.34398968713477,4.526454563861724,-6.0032589173111335,6.006517834622268,0.0016294586555671842,12.009776751933401,0.016294586555668664,0.0,0.016294586555668664,0.0,-0.016294586555668664,-0.016294586555668664,0.0,0.0,0.0,0.0,0.0,0.0,0.00013087951247191503,0.0,5.993507045956992,5.941731852117223,7.389922007661198e-16,6.938893903907228e-18,0.40299976361804246,0.0,-6.300000000000001,6.300000000000001,0.14142135623730964,0.14142135623730953,2.2306746226621793e-08,4.727630140895785e-06,0.011987117156555361,0.0118,4.727630141849737e-06,0.011883621536660975,0.0118
272,0.544,0.546,-4.344056345748175,4.525382776560107,0.09066321540596611,8.869439122308282,-0.09954862087796751,0.12116164462726647,-4.344056345748175,4.525382776560107,-6.00323294998046,6.0064658999609195,0.001616474990229655,12.00969884994138,0.016164749902298207,0.0,0.016164749902298207,0.0,-0.016164749902298207,-0.016164749902298207,0.0,0.0,0.0,0.0,0.0,0.0,0.0001298366533704548,0.0,5.993454573842665,5.941653093737205,6.709856194969666e-16,6.938893903907228e-18,0.40299976361804274,0.0,-6.300000000000001,6.300000000000001,0.14142135623730964,0.14142135623730953,2.230591935750025e-08,4.727630134865189e-06,0.011987014091913984,0.0118,4.727630135956673e-06,0.011883463704234445,0.0118
273,0.546,0.548,-4.344123332124367,4.52433026642713,0.09010346715138162,8.868453598551497,-0.0995335794276847,0.12111688489178069,-4.344123332124367,4.52433026642713,-6.003207189559688,6.006414379119376,0.0016035947798442862,12.009621568679064,0.01603594779843908,0.0,0.01603594779843908,0.0,-0.01603594779843908,-0.01603594779843908,0.0,0.0,0.0,0.0,0.0,0.0,0.00012880210385912797,0.0,5.9934011721238765,5.941574492874771,8.933825901280557e-16,6.938893903907228e-18,0.40299976361804307,0.0,-6.300000000000001,6.300000000000001,0.14142135623730964,0.14142135623730953,2.230509039222494e-08,4.727630128830181e-06,0.01198690914768533,0.0118,4.727630130079153e-06,0.01188330618747441,0.0118
274,0.548,0.55,-4.344190637116866,4.523296468254321,0.08955291556872735,8.867487105371186,-0.09951858998209981,0.12107245082426138,-4.344190637116866,4.523296468254321,-6.003181634400143,6.0063632688002855,0.0015908172000713705,12.009544903200428,0.015908172000712668,0.0,0.015908172000712668,0.0,-0.015908172000712668,-0.015908172000712668,0.0,0.0,0.0,0.0,0.0,0.0,0.0001277757977264127,0.0,5.993346850903219,5.941496049214887,4.874572967494828e-16,6.938893903907228e-18,0.40299976361804335,0.0,-6.300000000000001,6.300000000000001,0.14142135623730964,0.14142135623730953,2.2304259345668275e-08,4.727630122790762e-06,0.011986802344247753,0.0118,4.727630124214955e-06,0.011883148985749542,0.0118
275,0.55,0.552,-4.344258251613012,4.5222808411724795,0.08901129477973369,8.86653909278549,-0.09950365481064274,0.12102833571035254,-4.344258251613012,4.5222808411724795,-6.003156282866285,6.00631256573257,0.0015781414331428323,12.009468848598855,0.015781414331424302,0.0,0.015781414331424302,0.0,-0.015781414331424302,-0.015781414331424302,0.0,0.0,0.0,0.0,0.0,0.0,0.00012675766928836612,0.0,5.993291620197391,5.941417762443148,1.4016565685892601e-15,6.938893903907228e-18,0.4029997636180437,0.0,-6.300000000000001,6.300000000000001,0.14142135623730964,0.14142135623730953,2.230342623258691e-08,4.727630116740271e-06,0.011986693701806439,0.0118,4.727630118364079e-06,0.011882992098429773,0.0118
276,0.552,0.554,-4.344326166543827,4.521282867283134,0.08847835036965357,8.865609033826962,-0.09948877608249515,0.12098453316167268,-4.344326166543827,4.521282867283134,-6.003131133335608,6.006262266671215,0.0015655666678036084,12.009393400006823,0.01565566667803988,0.0,0.01565566667803988,0.0,-0.01565566667803988,-0.01565566667803988,0.0,0.0,0.0,0.0,0.0,0.0,0.0001257476533844207,0.0,5.993235489937901,5.941339632245785,1.4762496780562628e-15,6.938893903907228e-18,0.40299976361804396,0.0,-6.300000000000001,6.300000000000001,0.14142135623730964,0.14142135623730953,2.2302591067622422e-08,4.727630110680928e-06,0.011986583240394783,0.0118,4.727630112528747e-06,0.011882835524886295,0.0118
277,0.554,0.556,-4.344394372893523,4.520302050383776,0.08795383874512686,8.864696423277298,-0.0994739558656356,0.1209410370940607,-4.344394372893523,4.520302050383776,-6.003106184198534,6.006212368397066,0.001553092099266351,12.0093185525956,0.015530920992666666,0.0,0.015530920992666666,0.0,-0.015530920992666666,-0.015530920992666666,0.0,0.0,0.0,0.0,0.0,0.0,0.00012474568537321386,0.0,5.993178469971749,5.941261658309645,1.1119577481011333e-15,8.673617379884035e-18,0.4029997636180443,0.0,-6.300000000000001,6.300000000000001,0.14142135623730964,0.14142135623730953,2.230175386530203e-08,4.727630104606071e-06,0.011986470979875803,0.0118,4.727630106706737e-06,0.01188267926449157,0.0118
278,0.556,0.558,-4.344462861708619,4.51933791477935,0.08743752653536552,8.86380077648797,-0.09945919612619425,0.12089784170754958,-4.344462861708619,4.51933791477935,-6.003081433858307,6.006162867716615,0.001540716929153696,12.009244301574922,0.015407169291538216,0.0,0.015407169291538216,0.0,-0.015407169291538216,-0.015407169291538216,0.0,0.0,0.0,0.0,0.0,0.0,0.00012375170112845086,0.0,5.993120570062118,5.941183840322211,1.3079815008865125e-15,1.0408340855860843e-17,0.40299976361804457,0.0,-6.300000000000001,6.300000000000001,0.14142135623730964,0.14142135623730953,2.230091464003923e-08,4.727630098517922e-06,0.011986356939943498,0.0118,4.727630100900271e-06,0.011882523316619289,0.0118
279,0.558,0.56,-4.344531624106688,4.51839000417317,0.08692919003324118,8.862921628279858,-0.09944449872809596,0.12085494146790166,-4.344531624106688,4.51839000417317,-6.003056880730901,6.006113761461801,0.001528440365450301,12.009170642192702,0.015284403654503415,0.0,0.015284403654503415,0.0,-0.015284403654503415,-0.015284403654503415,0.0,0.0,0.0,0.0,0.0,0.0,0.00012276563703480075,0.0,5.993061799889047,5.941106177971589,1.1553258350005535e-15,1.0408340855860843e-17,0.40299976361804485,0.0,-6.300000000000001,6.300000000000001,0.14142135623730964,0.14142135623730953,2.230007340613459e-08,4.727630092409817e-06,0.011986241140124237,0.0118,4.7276300951071275e-06,0.011882367680644422,0.0118
280,0.56,0.562,-4.344600651284683,4.517457880631032,0.08642861467317475,8.862058531915714,-0.09942986543297672,0.1208123310895752,-4.344600651284683,4.517457880631032,-6.0030325232449036,6.006065046489808,0.0015162616224522196,12.009097569734712,0.01516261622451959,0.0,0.01516261622451959,0.0,-0.01516261622451959,-0.01516261622451959,0.0,0.0,0.0,0.0,0.0,0.0,0.00012178742998382494,0.0,5.993002169050109,5.941028670946503,2.0001361678012586e-15,1.0408340855860843e-17,0.4029997636180452,0.0,-6.300000000000001,6.300000000000001,0.14142135623730964,0.14142135623730953,2.2299230177776457e-08,4.727630086275097e-06,0.011986123599778095,0.0118,4.727630089333968e-06,0.011882212355943177,0.0118
281,0.562,0.5640000000000001,-4.344669934526872,4.516541123612868,0.08593559454299804,8.86121105813974,-0.09941529790035875,0.12077000551998618,-4.344669934526872,4.516541123612868,-6.00300835984143,6.006016719682861,0.0015041799207153872,12.00902507952429,0.015041799207149653,0.0,0.015041799207149653,0.0,-0.015041799207149653,-0.015041799207149653,0.0,0.0,0.0,0.0,0.0,0.0,0.00012081701736993832,0.0,5.992941687061073,5.94095131893631,1.7433970933566911e-15,1.0408340855860843e-17,0.40299976361804546,0.0,-6.300000000000001,6.300000000000001,0.14142135623730964,0.14142135623730953,2.2298384969041646e-08,4.727630080118203e-06,0.011986004338100218,0.0118,4.727630083576351e-06,0.011882057341893007,0.0118
282,0.5640000000000001,0.5660000000000001,-4.344739465212351,4.515639329066775,0.08544993192721195,8.860378794279125,-0.09940079768806426,0.12072795992495736,-4.344739465212351,4.515639329066775,-6.002984388974013,6.005968777948024,0.0014921944870058823,12.008953166922037,0.01492194487006325,0.0,0.01492194487006325,0.0,-0.01492194487006325,-0.01492194487006325,0.0,0.0,0.0,0.0,0.0,0.0,0.00011985433708640234,0.0,5.992880363356575,5.940874121630978,1.20111982426091e-15,1.0408340855860843e-17,0.4029997636180458,0.0,-6.300000000000001,6.300000000000001,0.14142135623730964,0.14142135623730953,2.229753779389625e-08,4.72763007393025e-06,0.011985883374122146,0.0118,4.7276300778320566e-06,0.011881902637872619,0.0118
283,0.5660000000000001,0.5680000000000001,-4.344809234822161,4.5147521085807165,0.08497143687927755,8.859561343402877,-0.09938636625285296,0.12068618967524869,-4.344809234822161,4.5147521085807165,-6.002960609108508,6.005921218217018,0.00148030455425463,12.008881827325526,0.0148030455425419,0.0,0.0148030455425419,0.0,-0.0148030455425419,-0.0148030455425419,0.0,0.0,0.0,0.0,0.0,0.0,0.00011889932752135022,0.0,5.992818207290761,5.940797078721099,7.927686285214008e-16,8.673617379884035e-18,0.4029997636180461,0.0,-6.300000000000001,6.300000000000001,0.14142135623730964,0.14142135623730953,2.2296688666196354e-08,4.727630067709021e-06,0.01198576072671315,0.0118,4.727630072105527e-06,0.011881748243261957,0.0118
284,0.5680000000000001,0.5700000000000001,-4.344879234945976,4.513879088587573,0.08449992682079843,8.85875832353355,-0.0993720049512678,0.12064469033407924,-4.344879234945976,4.513879088587573,-6.002937018722998,6.005874037445995,0.001468509361498782,12.008811056168993,0.014685093614988055,0.0,0.014685093614988055,0.0,-0.014685093614988055,-0.014685093614988055,0.0,0.0,0.0,0.0,0.0,0.0,0.00011795192755384388,0.0,5.992755228137958,5.9407201898978865,1.0720591081536668e-15,8.673617379884035e-18,0.4029997636180464,0.0,-6.300000000000001,6.300000000000001,0.14142135623730964,0.14142135623730953,2.22958375996888e-08,4.727630061447853e-06,0.011985636414581523,0.0118,4.727630066396759e-06,0.011881594157442197,0.0118
285,0.5700000000000001,0.5720000000000001,-4.344949457288388,4.513019909619626,0.08403522616561876,8.857969366908014,-0.09935771504067131,0.12060345764555433,-4.344949457288388,4.513019909619626,-6.002913616307688,6.005827232615375,0.0014568081538435251,12.008740848923063,0.014568081538438093,0.0,0.014568081538438093,0.0,-0.014568081538438093,-0.014568081538438093,0.0,0.0,0.0,0.0,0.0,0.0,0.000117012076549962,0.0,5.9926914350933025,5.940643454853166,4.909267437014364e-16,6.938893903907228e-18,0.40299976361804674,0.0,-6.300000000000001,6.300000000000001,0.14142135623730964,0.14142135623730953,2.229498460801195e-08,4.7276300551423055e-06,0.011985510456275916,0.0118,4.727630060705757e-06,0.011881440379795773,0.0118
286,0.5720000000000001,0.5740000000000001,-4.345019893674787,4.5121742256088435,0.08357716596702813,8.85719411928363,-0.09934349768045969,0.12056248752392279,-4.345019893674787,4.5121742256088435,-6.002890400364816,6.005780800729632,0.001445200182407902,12.008671201094447,0.014452001824079174,0.0,0.014452001824079174,0.0,-0.014452001824079174,-0.014452001824079174,0.0,0.0,0.0,0.0,0.0,0.0,0.00011607971435891952,0.0,5.992626837273393,5.940566873279384,9.835882108788496e-16,8.673617379884035e-18,0.40299976361804707,0.0,-6.300000000000001,6.300000000000001,0.14142135623730964,0.14142135623730953,2.2294129704696455e-08,4.727630048787938e-06,0.011985382870186604,0.0118,4.727630055034737e-06,0.011881286909706332,0.0118
287,0.5740000000000001,0.5760000000000001,-4.3450905360568335,4.51134170322969,0.08312558358642841,8.856432239286523,-0.09932935393343584,0.12052177604359629,-4.3450905360568335,4.51134170322969,-6.002867369408554,6.005734738817107,0.0014336847042768497,12.008602108225661,0.014336847042769956,0.0,0.014336847042769956,0.0,-0.014336847042769956,-0.014336847042769956,0.0,0.0,0.0,0.0,0.0,0.0,0.00011515478130921798,0.0,5.992561443716926,5.940490444869603,9.003214840319629e-16,8.673617379884035e-18,0.40299976361804735,0.0,-6.300000000000001,6.300000000000001,0.14142135623730964,0.14142135623730953,2.2293272903166026e-08,4.727630042378087e-06,0.011985253674546786,0.0118,4.727630049379261e-06,0.011881133746558768,0.0118
288,0.5760000000000001,0.578,-4.345161376517534,4.510522021281406,0.08268032238193612,8.85568339779894,-0.09931528476733092,0.12048131942987178,-4.345161376517534,4.510522021281406,-6.002844521964913,6.005689043929826,0.0014222609824567911,12.008533565894739,0.014222609824565129,0.0,0.014222609824565129,0.0,-0.014222609824565129,-0.014222609824565129,0.0,0.0,0.0,0.0,0.0,0.0,0.00011423721820482647,0.0,5.992495263385319,5.940414169317492,1.19522447494802e-15,6.938893903907228e-18,0.4029997636180477,0.0,-6.300000000000001,6.300000000000001,0.14142135623730964,0.14142135623730953,2.229241421673817e-08,4.727630035903874e-06,0.011985122887433851,0.0118,4.72763004374599e-06,0.011880980889739205,0.0118
289,0.578,0.58,-4.345232407275929,4.509714870106977,0.08224123141552431,8.854947277382905,-0.09930129105645655,0.12044111405029104,-4.345232407275929,4.509714870106977,-6.002821856571649,6.005643713143297,0.0014109282858241201,12.008465569714946,0.014109282858243736,0.0,0.014109282858243736,0.0,-0.014109282858243736,-0.014109282858243736,0.0,0.0,0.0,0.0,0.0,0.0,0.00011332696632139312,0.0,5.992428305163345,5.9403380463173425,9.246076126956382e-16,8.673617379884035e-18,0.402999763618048,0.0,-6.300000000000001,6.300000000000001,0.14142135623730964,0.14142135623730953,2.2291553658625022e-08,4.727630029360855e-06,0.011984990526770637,0.0118,4.727630038132702e-06,0.011880828338634984,0.0118
290,0.58,0.582,-4.345303620691398,4.50891995104624,0.08180816517742073,8.854223571737638,-0.099287373583479,0.12040115640659849,-4.345303620691398,4.50891995104624,-6.002799371778168,6.0055987435563365,0.0013996858890843455,12.008398115334504,0.013996858890841249,0.0,0.013996858890841249,0.0,-0.013996858890841249,-0.013996858890841249,0.0,0.0,0.0,0.0,0.0,0.0,0.0001124239674024867,0.0,5.992360577859753,5.94026207556405,6.990935608186533e-16,1.0408340855860843e-17,0.40299976361804835,0.0,-6.300000000000001,6.300000000000001,0.14142135623730964,0.14142135623730953,2.2290691241934072e-08,4.72763002274459e-06,0.011984856610326689,0.0118,4.727630032541619e-06,0.011880676092634684,0.0118
291,0.582,0.584,-4.345375009267591,4.508136975920761,0.08138098332658483,8.853511985188351,-0.09927353304129583,0.12036144312724179,-4.345375009267591,4.508136975920761,-6.002777066145437,6.005554132290874,0.0013885330727188006,12.008331198436311,0.013885330727185381,0.0,0.013885330727185381,0.0,-0.013885330727185381,-0.013885330727185381,0.0,0.0,0.0,0.0,0.0,0.0,0.00011152816365586816,0.0,5.992292090207878,5.940186256753121,1.0009354456386177e-15,1.214306433183765e-17,0.4029997636180487,0.0,-6.300000000000001,6.300000000000001,0.14142135623730964,0.14142135623730953,2.2289826979668957e-08,4.727630016041758e-06,0.011984721155719505,0.0118,4.72763002697274e-06,0.0118805241511281,0.0118
292,0.584,0.586,-4.34544656565599,4.507365666548315,0.08095955044616243,8.852812232204306,-0.09925977003501077,0.12032197096037395,-4.34544656565599,4.507365666548315,-6.002754938245887,6.005509876491774,0.0013774691229437863,12.008264814737661,0.013774691229435589,0.0,0.013774691229435589,0.0,-0.013774691229435589,-0.013774691229435589,0.0,0.0,0.0,0.0,0.0,0.0,0.00011063949774979197,0.0,5.992222850866259,5.940110589580676,7.979863514764873e-16,1.214306433183765e-17,0.402999763618049,0.0,-6.300000000000001,6.300000000000001,0.14142135623730964,0.14142135623730953,2.228896088473022e-08,4.727630009247916e-06,0.011984584180415755,0.0118,4.727630021430507e-06,0.011880372513506241,0.0118
293,0.586,0.588,-4.345518282659131,4.506605754284979,0.08054373581292396,8.85212403694411,-0.0992460850839888,0.12028273676732357,-4.345518282659131,4.506605754284979,-6.002732986663325,6.00546597332665,0.0013664933316626104,12.008198959989976,0.013664933316626252,0.0,0.013664933316626252,0.0,-0.013664933316626252,-0.013664933316626252,0.0,0.0,0.0,0.0,0.0,0.0,0.00010975791280933678,0.0,5.992152868419246,5.940035073743437,4.0619634392169424e-16,1.214306433183765e-17,0.40299976361804934,0.0,-6.300000000000001,6.300000000000001,0.14142135623730964,0.14142135623730953,2.228809296991611e-08,4.727630002351962e-06,0.01198444570173252,0.0118,4.727630015912699e-06,0.01188022117916135,0.0118
294,0.588,0.59,-4.345590153233461,4.5058569795929655,0.0801334131797522,8.851447132826426,-0.09923247862398357,0.12024373751648942,-4.345590153233461,4.5058569795929655,-6.002711209992843,6.005422419985686,0.001355604996421178,12.008133629978529,0.013556049964213486,0.0,0.013556049964213486,0.0,-0.013556049964213486,-0.013556049964213486,0.0,0.0,0.0,0.0,0.0,0.0,0.00010888335241276551,0.0,5.992082151377591,5.939959708938739,1.4259426972529354e-15,1.214306433183765e-17,0.40299976361804973,0.0,-6.300000000000001,6.300000000000001,0.14142135623730964,0.14142135623730953,2.2287223247923316e-08,4.727629995342795e-06,0.011984305736838492,0.0118,4.727630010419315e-06,0.011880070147486873,0.0118
295,0.59,0.592,-4.345662170491883,4.505119091632528,0.07972846057032257,8.85078126212441,-0.09921895100932526,0.1202049702776356,-4.345662170491883,4.505119091632528,-6.002689606840725,6.005379213681451,0.0013448034203626946,12.008068820522176,0.01344803420362557,0.0,0.01344803420362557,0.0,-0.01344803420362557,-0.01344803420362557,0.0,0.0,0.0,0.0,0.0,0.0,0.00010801576058791425,0.0,5.992010708179062,5.939884494864513,1.4762496780562628e-15,1.214306433183765e-17,0.40299976361805007,0.0,-6.300000000000001,6.300000000000001,0.14142135623730964,0.14142135623730953,2.2286351731347773e-08,4.7276299882115314e-06,0.011984164302755182,0.0118,4.727630004959238e-06,0.011879919417877478,0.0118
296,0.592,0.594,-4.3457343277059675,4.504391847876334,0.07932876008518308,8.8501261755823,-0.09920550251516197,0.12016643221655021,-4.3457343277059675,4.504391847876334,-6.002668175824364,6.005336351648727,0.0013340879121814808,12.00800452747309,0.013340879121816961,0.0,0.013340879121816961,0.0,-0.013340879121816961,-0.013340879121816961,0.0,0.0,0.0,0.0,0.0,0.0,0.00010715508180861007,0.0,5.991938547189014,5.939809431219306,7.840950111415168e-16,1.214306433183765e-17,0.40299976361805045,0.0,-6.300000000000001,6.300000000000001,0.14142135623730964,0.14142135623730953,2.2285478432685404e-08,4.72762998094707e-06,0.011984021416358123,0.0118,4.727629999523586e-06,0.011879768989729027,0.0118
297,0.594,0.596,-4.345806618307857,4.503675013744856,0.07893419771849963,8.849481632052713,-0.09919213333974053,0.12012812059004715,-4.345806618307857,4.503675013744856,-6.002646915572165,6.005293831144331,0.0013234577860830044,12.007940746716496,0.013234577860825844,0.0,0.013234577860825844,0.0,-0.013234577860825844,-0.013234577860825844,0.0,0.0,0.0,0.0,0.0,0.0,0.00010630126099111735,0.0,5.991865676700998,5.939734517702257,1.3912482277333993e-15,1.214306433183765e-17,0.4029997636180508,0.0,-6.300000000000001,6.300000000000001,0.14142135623730964,0.14142135623730953,2.2284603364332918e-08,4.7276299735338676e-06,0.011983877094378028,0.0118,4.7276299941212405e-06,0.011879618862438612,0.0118
298,0.596,0.598,-4.345879035891874,4.502968362261444,0.07854466318478481,8.848847398153318,-0.09917884360672494,0.12009003274127877,-4.345879035891874,4.502968362261444,-6.002625824723467,6.005251649446934,0.0013129123617332539,12.007877474170401,0.013129123617335231,0.0,0.013129123617335231,0.0,-0.013129123617335231,-0.013129123617335231,0.0,0.0,0.0,0.0,0.0,0.0,0.00010545424349061227,0.0,5.991792104937325,5.939659754013115,1.3231603313013096e-15,1.0408340855860843e-17,0.4029997636180512,0.0,-6.300000000000001,6.300000000000001,0.14142135623730964,0.14142135623730953,2.2283726538588518e-08,4.727629965960821e-06,0.011983731353401996,0.0118,4.727629988756643e-06,0.011879469035404513,0.0118
299,0.598,0.6,-4.345951574215842,4.760954766982868,0.20750159638351295,9.10690634119871,-0.09916563336753559,1.0338590987608631,-4.345951574215842,4.502271673725807,-6.002604901928447,6.0052098038568955,0.0013024509642241,12.007814705785343,0.013024509642237544,0.0,0.03302450964223755,0.0,-0.013024509642237544,-0.03302450964223755,0.0,0.02,0.0,0.020000000000000004,0.0,0.0,0.00010461397509768572,0.0,5.99171784004966,5.919585139852224,1.4493208065971541e-15,1.3877787807814457e-17,0.40299976361805157,0.0,-6.300000000000001,6.300000000000001,0.14142135623730964,0.14142135623730953,2.228284796765272e-08,4.727629958216829e-06,0.01198358420987465,0.0118,4.727629983423131e-06,0.01187931950802623,0.0118
300,0.6,0.602,-4.346024227202126,4.7686281445235785,0.2113019586607261,9.114652371725704,-0.09915250260371128,0.7258201991222583,-4.346024227202126,4.7686281445235785,-6.006552273507389,6.013104547014778,0.003276136753694203,12.019656820522167,0.032761367536943885,0.0,0.032761367536943885,0.0,-0.032761367536943885,-0.032761367536943885,0.0,0.0,0.0,0.0,0.0,0.0,0.00026314210529366117,0.0,5.99180225206018,5.919550675157874,4.961309141293668e-16,6.938893903907228e-18,0.40299976361805195,0.0,-6.300000000000001,6.300000000000001,0.14142135623730964,0.14142135623730953,2.2044624159316987e-08,4.727629950284129e-06,0.011983435680099318,0.0118,4.727629978131809e-06,0.011839170279704447,0.0118
301,0.602,0.604,-4.34609698893842,4.772846815830202,0.21337491344589088,9.118943804768623,-0.09913945122927897,0.5486167370115606,-4.34609698893842,4.772846815830202,-6.0065000644340705,6.013000128868142,0.003250032217035681,12.019500193302212,0.03250032217035516,0.0,0.03250032217035516,0.0,-0.03250032217035516,-0.03250032217035516,0.0,0.0,0.0,0.0,0.0,0.0,0.0002610453665887261,0.0,5.991884398508567,5.919516279393509,9.610910157997754e-16,6.938893903907228e-18,0.40299976361805234,0.0,-6.300000000000001,6.300000000000001,0.14142135623730964,0.14142135623730953,2.2044021996706927e-08,4.727629942147175e-06,0.01198360450412036,0.0118,4.7276299728782336e-06,0.011839101350315748,0.0118
302,0.604,0.606,-4.34616985367828,4.774075666362761,0.21395290634224073,9.120245520041042,-0.09912647909313149,0.4420289179876359,-4.34616985367828,4.774075666362761,-6.006448271367096,6.012896542734192,0.0032241356835482904,12.019344814101288,0.0322413568354788,0.0,0.0322413568354788,0.0,-0.0322413568354788,-0.0322413568354788,0.0,0.0,0.0,0.0,0.0,0.0,0.0002589653348763564,0.0,5.991964300632936,5.919481952421264,1.0748238236935048e-15,6.938893903907228e-18,0.4029997636180528,0.0,-6.300000000000001,6.300000000000001,0.14142135623730964,0.14142135623730953,2.2043425605742663e-08,4.727629933790425e-06,0.011983768797017135,0.0118,4.727629967669067e-06,0.011839032558787018,0.0118
303,0.606,0.608,-4.346242815841409,4.772957827685644,0.21335750592211777,9.119200643527053,-0.0991135859814006,0.3740943892582202,-4.346242815841409,4.772957827685644,-6.006396890991689,6.012793781983379,0.003198445495844915,12.019190672975068,0.03198445495844499,0.0,0.03198445495844499,0.0,-0.03198445495844499,-0.03198445495844499,0.0,0.0,0.0,0.0,0.0,0.0,0.0002569018770338125,0.0,5.992041979495801,5.919447694103556,3.2612801348363973e-16,6.938893903907228e-18,0.40299976361805323,0.0,-6.300000000000001,6.300000000000001,0.14142135623730964,0.14142135623730953,2.2042827636973043e-08,4.727629925193896e-06,0.011983928601265872,0.0118,4.727629962510971e-06,0.011838963904842527,0.0118
304,0.608,0.61,-4.346315870013733,4.770148796538988,0.2119164632626278,9.116464666552721,-0.09910077161982722,0.3283229035400112,-4.346315870013733,4.770148796538988,-6.006345920019489,6.012691840038978,0.003172960009744763,12.019037760058467,0.0317296000974459,0.0,0.0317296000974459,0.0,-0.0317296000974459,-0.0317296000974459,0.0,0.0,0.0,0.0,0.0,0.0,0.0002548548609990881,0.0,5.992117455985498,5.91941350430308,5.581472783955377e-16,6.938893903907228e-18,0.4029997636180537,0.0,-6.300000000000001,6.300000000000001,0.14142135623730964,0.14142135623730953,2.204222685341498e-08,4.727629916339824e-06,0.011984083958991603,0.0118,4.727629957399504e-06,0.011838895388207111,0.0118
305,0.61,0.612,-4.346389010947237,4.766196427962328,0.20990370850754525,9.112585438909566,-0.09908803567611618,0.29596980033998993,-4.346389010947237,4.766196427962328,-6.006295355188336,6.012590710376673,0.003147677594168563,12.01888606556501,0.031476775941683445,0.0,0.031476775941683445,0.0,-0.031476775941683445,-0.031476775941683445,0.0,0.0,0.0,0.0,0.0,0.0,0.0002528241557624583,0.0,5.992190750817574,5.919379382882803,6.910704647422605e-16,6.938893903907228e-18,0.4029997636180541,0.0,-6.300000000000001,6.300000000000001,0.14142135623730964,0.14142135623730953,2.2041622838693433e-08,4.727629907206003e-06,0.011984234911970995,0.0118,4.727629952343549e-06,0.01183882700860616,0.0118
306,0.612,0.614,-4.346462233559621,4.76151489774824,0.20752633209430948,9.107977131307862,-0.09907537776227826,0.2721746777315849,-4.346462233559621,4.76151489774824,-6.006245193262065,6.012490386524131,0.00312259663103287,12.018735579786195,0.03122596631032535,0.0,0.03122596631032535,0.0,-0.03122596631032535,-0.03122596631032535,0.0,0.0,0.0,0.0,0.0,0.0,0.00025080963135809477,0.0,5.992261884536179,5.91934532970597,9.742640721954743e-16,6.938893903907228e-18,0.40299976361805456,0.0,-6.300000000000001,6.300000000000001,0.14142135623730964,0.14142135623730953,2.204101540203971e-08,4.7276298977724515e-06,0.011984381501635147,0.0118,4.727629947340883e-06,0.011838758765765607,0.0118
307,0.614,0.616,-4.346535532933741,4.756401939562685,0.20493320331447196,9.102937472496425,-0.09906279743694762,0.25409408482401,-4.346535532933741,4.756401939562685,-6.006195431030294,6.012390862060588,0.003097715515147037,12.018586293090882,0.0309771551514696,0.0,0.0309771551514696,0.0,-0.0309771551514696,-0.0309771551514696,0.0,0.0,0.0,0.0,0.0,0.0,0.00024881115885574804,0.0,5.992330877515446,5.919311344636096,4.733626685071712e-16,6.938893903907228e-18,0.40299976361805506,0.0,-6.300000000000001,6.300000000000001,0.14142135623730964,0.14142135623730953,2.2040404444315838e-08,4.727629888014743e-06,0.011984523769072357,0.0118,4.727629942404832e-06,0.01183869065941194,0.0118
308,0.616,0.618,-4.346608904316875,4.751065814864269,0.20222845527369682,9.097674719181144,-0.09905029420767986,0.23998175694260035,-4.346608904316875,4.751065814864269,-6.006146065308223,6.012292130616447,0.0030730326541119624,12.01843819592467,0.030730326541117105,0.0,0.030730326541117105,0.0,-0.030730326541117105,-0.030730326541117105,0.0,0.0,0.0,0.0,0.0,0.0,0.0002468286103524958,0.0,5.992397749960856,5.91927742753697,1.1310397063368782e-15,6.938893903907228e-18,0.40299976361805556,0.0,-6.300000000000001,6.300000000000001,0.14142135623730964,0.14142135623730953,2.203978991184258e-08,4.7276298779128924e-06,0.01198466175503089,0.0118,4.727629937533173e-06,0.011838622689272193,0.0118
309,0.618,0.62,-4.3466823431198245,4.74564959185789,0.19948362436903277,9.092331934977715,-0.0990378675332175,0.22871775144718526,-4.3466823431198245,4.74564959185789,-6.006097092936431,6.012194185872861,0.003048546468215285,12.018291278809292,0.030485464682152547,0.0,0.030485464682152547,0.0,-0.030485464682152547,-0.030485464682152547,0.0,0.0,0.0,0.0,0.0,0.0,0.0002448618589645571,0.0,5.9924625219105945,5.919243578272658,5.984795992119984e-16,6.938893903907228e-18,0.4029997636180561,0.0,-6.300000000000001,6.300000000000001,0.14142135623730964,0.14142135623730953,2.2039171776412797e-08,4.727629867435815e-06,0.011984795499921711,0.0118,4.72762993273701e-06,0.01183855485507394,0.0118
310,0.62,0.622,-4.346755844915835,4.740249970650965,0.19674706286756516,9.087005815566801,-0.09902551682572786,0.21955622993604512,-4.346755844915835,4.740249970650965,-6.0060485107806665,6.012097021561334,0.0030242553903336855,12.018145532342,0.030242553903333375,0.0,0.030242553903333375,0.0,-0.030242553903333375,-0.030242553903333375,0.0,0.0,0.0,0.0,0.0,0.0,0.00024291077881917188,0.0,5.992525213236899,5.9192097967074915,7.927686285214008e-16,6.938893903907228e-18,0.4029997636180566,0.0,-6.300000000000001,6.300000000000001,0.14142135623730964,0.14142135623730953,2.203855002532952e-08,4.727629856556865e-06,0.011984925043821188,0.0118,4.727629928014121e-06,0.011838487156545317,0.0118
311,0.622,0.624,-4.346829405439383,4.734931056717332,0.19405082563897436,9.081760462156716,-0.09901324145300539,0.21198409348394842,-4.346829405439383,4.734931056717332,-6.006000315731657,6.012000631463315,0.0030001578658289674,12.018000947194972,0.03000157865828683,0.0,0.03000157865828683,0.0,-0.03000157865828683,-0.03000157865828683,0.0,0.0,0.0,0.0,0.0,0.0,0.0002409752450465448,0.0,5.992585843647392,5.919176082706076,7.667477763817487e-16,6.938893903907228e-18,0.4029997636180572,0.0,-6.300000000000001,6.300000000000001,0.14142135623730964,0.14142135623730953,2.2037924655928802e-08,4.727629845249397e-06,0.011985050426473798,0.0118,4.727629923373389e-06,0.011838419593414981,0.0118
312,0.624,0.626,-4.346903020584807,4.729734188528791,0.1914155839719922,9.0766372091136,-0.09900104074063887,0.2056383239297202,-4.346903020584807,4.729734188528791,-6.005952504704903,6.011905009409806,0.0029762523524512474,12.01785751411471,0.029762523524514976,0.0,0.029762523524514976,0.0,-0.029762523524514976,-0.029762523524514976,0.0,0.0,0.0,0.0,0.0,0.0,0.00023905513377185374,0.0,5.992644432686407,5.919142436133285,2.0348306373207947e-15,6.938893903907228e-18,0.4029997636180578,0.0,-6.300000000000001,6.300000000000001,0.14142135623730964,0.14142135623730953,2.2037295672340275e-08,4.727629833486766e-06,0.011985171687294785,0.0118,4.727629918823695e-06,0.011838352165412151,0.0118
313,0.626,0.628,-4.346976686404813,4.724684872664302,0.18885409312974444,9.071661559069113,-0.09898891397413956,0.20025576853393123,-4.346976686404813,4.724684872664302,-6.005905074640482,6.011810149280962,0.002952537320240367,12.017715223921444,0.029525373202407654,0.0,0.029525373202407654,0.0,-0.029525373202407654,-0.029525373202407654,0.0,0.0,0.0,0.0,0.0,0.0,0.00023715032210732174,0.0,5.992700999736299,5.919108856854271,1.0217521273503394e-15,6.938893903907228e-18,0.4029997636180584,0.0,-6.300000000000001,6.300000000000001,0.14142135623730964,0.14142135623730953,2.203666308345951e-08,4.727629821231223e-06,0.011985288865372814,0.0118,4.72762991436948e-06,0.01183828487226657,0.0118
314,0.628,0.63,-4.3470503991088485,4.719797655670818,0.1863736282809847,9.066848054779665,-0.09897686040102938,0.19564157864409487,-4.3470503991088485,4.719797655670818,-6.005858022502853,6.011716045005706,0.0029290112514264166,12.017574067508558,0.029290112514263302,0.0,0.029290112514263302,0.0,-0.029290112514263302,-0.029290112514263302,0.0,0.0,0.0,0.0,0.0,0.0,0.0002352606881443521,0.0,5.992755564018752,5.919075344734445,4.0419056990259605e-16,6.938893903907228e-18,0.40299976361805906,0.0,-6.300000000000001,6.300000000000001,0.14142135623730964,0.14142135623730953,2.2036026901620003e-08,4.727629808451684e-06,0.011985401999472598,0.0118,4.727629910017406e-06,0.011838217713708542,0.0118
315,0.63,0.632,-4.347124155061372,4.715079541781071,0.1839776933598496,9.062203696842442,-0.09896487923288677,0.1916487661333352,-4.347124155061372,4.715079541781071,-6.005811345280663,6.011622690561327,0.0029056726403320354,12.01743403584199,0.029056726403317575,0.0,0.029056726403317575,0.0,-0.029056726403317575,-0.029056726403317575,0.0,0.0,0.0,0.0,0.0,0.0,0.0002333861109457262,0.0,5.992808144596069,5.9190418996394945,1.457167719820518e-16,6.938893903907228e-18,0.4029997636180597,0.0,-6.300000000000001,6.300000000000001,0.14142135623730964,0.14142135623730953,2.2035387141690423e-08,4.727629795105957e-06,0.011985511128037505,0.0118,4.727629905774134e-06,0.011838150689468889,0.0118
316,0.632,0.634,-4.347197950779999,4.710532390549276,0.18166721988463852,9.057730341329275,-0.09895296964734956,0.18816460298951357,-4.347197950779999,4.710532390549276,-6.005765039986556,6.011530079973112,0.0028825199932782652,12.017295119959668,0.02882519993277971,0.0,0.02882519993277971,0.0,-0.02882519993277971,-0.02882519993277971,0.0,0.0,0.0,0.0,0.0,0.0,0.0002315264705378634,0.0,5.992858760372452,5.919008521435375,1.4085954624931674e-15,6.938893903907228e-18,0.4029997636180604,0.0,-6.300000000000001,6.300000000000001,0.14142135623730964,0.14142135623730953,2.2034743820441545e-08,4.7276297811651805e-06,0.011985616289192137,0.0118,4.7276299016507655e-06,0.011838083799278988,0.0118
317,0.634,0.636,-4.34727178293357,4.706154599516468,0.17944140829144928,9.053426382450038,-0.09894113079007685,0.18510135606695566,-4.34727178293357,4.706154599516468,-6.0057191036569755,6.011438207313951,0.0028595518284877386,12.017157310970926,0.028595518284876567,0.0,0.028595518284876567,0.0,-0.028595518284876567,-0.028595518284876567,0.0,0.0,0.0,0.0,0.0,0.0,0.00022968164790314295,0.0,5.99290743009528,5.918975209988303,1.8093165854438098e-15,6.938893903907228e-18,0.4029997636180611,0.0,-6.300000000000001,6.300000000000001,0.14142135623730964,0.14142135623730953,2.2034096956090565e-08,4.7276297665827214e-06,0.011985717520744904,0.0118,4.727629897656183e-06,0.01183801704287075,0.0118
318,0.636,0.638,-4.347345648340087,4.701942285178638,0.17729831841927535,9.049287933518725,-0.09892936177668996,0.18238983990173263,-4.347345648340087,4.701942285178638,-6.005673533351981,6.011347066703962,0.002836766675990532,12.017020600055943,0.02836766675990428,0.0,0.02836766675990428,0.0,-0.02836766675990428,-0.02836766675990428,0.0,0.0,0.0,0.0,0.0,0.0,0.00022785152497228645,0.0,5.992954172356367,5.918941965164775,1.5317608292875207e-15,1.0408340855860843e-17,0.4029997636180619,0.0,-6.300000000000001,6.300000000000001,0.14142135623730964,0.14142135623730953,2.2033446567965508e-08,4.7276297513208335e-06,0.01198581486019056,0.0118,4.727629893797047e-06,0.011837950419976605,0.0118
319,0.638,0.64,-4.3474195439645555,4.6971977384796135,0.174889097257529,9.044617282444168,-0.09891766169474125,0.13550730882752465,-4.3474195439645555,4.6971977384796135,-6.005628326155057,6.011256652310116,0.0028141630775291304,12.016884978465173,0.02814163077528748,0.0,0.02814163077528748,0.0,-0.02814163077528748,-0.02814163077528748,0.0,0.0,0.0,0.0,0.0,0.0,0.00022603598461680167,0.0,5.992999005593213,5.918908786831542,6.557254739192331e-16,1.3877787807814457e-17,0.40299976361806267,0.0,-6.300000000000001,6.300000000000001,0.14142135623730964,0.14142135623730953,2.2032792676253274e-08,4.7276297353351085e-06,0.011985908344712732,0.0118,4.727629890084462e-06,0.01183788393032955,0.0118
320,0.64,0.642,-4.347493466916619,4.692104471859382,0.17230550247138154,9.039597938776001,-0.09890602960580683,0.13530659776765944,-4.347493466916619,4.692104471859382,-6.0055834791729295,6.011166958345858,0.0027917395864642813,12.016750437518787,0.027917395864645995,0.0,0.027917395864645995,0.0,-0.027917395864645995,-0.027917395864645995,0.0,0.0,0.0,0.0,0.0,0.0,0.00022423491064148615,0.0,5.9930419480902515,5.918875674855631,4.753142324176451e-16,1.734723475976807e-17,0.40299976361806356,0.0,-6.300000000000001,6.300000000000001,0.14142135623730964,0.14142135623730953,2.2032135301807122e-08,4.7276297185811365e-06,0.011985998011186426,0.0118,4.727629886529527e-06,0.011837817573663085,0.0118
321,0.642,0.644,-4.347567414447949,4.687298206276801,0.1698653959144263,9.03486562072475,-0.09889446454784206,0.13512139106214044,-4.347567414447949,4.687298206276801,-6.005538989535373,6.011077979070747,0.002769494767687064,12.01661696860612,0.027694947676869003,0.0,0.027694947676869003,0.0,-0.027694947676869003,-0.027694947676869003,0.0,0.0,0.0,0.0,0.0,0.0,0.0002224481877769907,0.0,5.993083017980074,5.918842629104327,1.6670692604137116e-15,1.3877787807814457e-17,0.4029997636180644,0.0,-6.300000000000001,6.300000000000001,0.14142135623730964,0.14142135623730953,2.2031474465997415e-08,4.727629701007848e-06,0.011986083896180503,0.0118,4.727629883143347e-06,0.01183775134971126,0.0118
322,0.644,0.646,-4.347641383949212,4.682751228238657,0.16755492214472234,9.03039261218787,-0.09888296553797318,0.13494950832490832,-4.347641383949212,4.682751228238657,-6.00549485439504,6.0109897087900785,0.0027474271975194142,12.016484563185118,0.02747427197519656,0.0,0.02747427197519656,0.0,-0.02747427197519656,-0.02747427197519656,0.0,0.0,0.0,0.0,0.0,0.0,0.00022067570167244208,0.0,5.993122233244659,5.918809649445188,2.76146293332058e-16,1.0408340855860843e-17,0.40299976361806533,0.0,-6.300000000000001,6.300000000000001,0.14142135623730964,0.14142135623730953,2.2030810190594265e-08,4.7276296825663925e-06,0.011986166035960148,0.0118,4.727629879939243e-06,0.011837685258208653,0.0118
323,0.646,0.648,-4.3477153729464835,4.6784394437327075,0.165362035393112,9.026154816679192,-0.09887153157591227,0.13478916217351145,-4.3477153729464835,4.6784394437327075,-6.005451070927262,6.010902141854523,0.002725535463630635,12.016353212781786,0.027255354636308435,0.0,0.027255354636308435,0.0,-0.027255354636308435,-0.027255354636308435,0.0,0.0,0.0,0.0,0.0,0.0,0.00021891733888812465,0.0,5.993159611716578,5.918776735746032,4.649058915617843e-16,1.0408340855860843e-17,0.4029997636180663,0.0,-6.300000000000001,6.300000000000001,0.14142135623730964,0.14142135623730953,2.203014249767418e-08,4.727629663203479e-06,0.011986244466489318,0.0118,4.727629876930539e-06,0.011837619298890377,0.0118
324,0.648,0.65,-4.347789379096894,4.674341798470505,0.16327620968680545,9.022131177567399,-0.09886016164816575,0.13463887454377127,-4.347789379096894,4.674341798470505,-6.005407636329884,6.010815272659769,0.002703818164942362,12.016222908989652,0.027038181649420217,0.0,0.027038181649420217,0.0,-0.027038181649420217,-0.027038181649420217,0.0,0.0,0.0,0.0,0.0,0.0,0.00021717298688822,0.0,5.993195171080204,5.9187438878749425,4.683753385137379e-16,1.0408340855860843e-17,0.40299976361806733,0.0,-6.300000000000001,6.300000000000001,0.14142135623730964,0.14142135623730953,2.2029471409545025e-08,4.727629642861377e-06,0.011986319223433156,0.0118,4.727629874130557e-06,0.011837553471492065,0.0118
325,0.65,0.652,-4.34786340018335,4.670439806206624,0.16128820301163715,9.018303206389973,-0.09884885473316563,0.1344974133013989,-4.34786340018335,4.670439806206624,-6.005364547823077,6.0107290956461545,0.002682273911538857,12.016093643469231,0.02682273911538661,0.0,0.02682273911538661,0.0,-0.02682273911538661,-0.02682273911538661,0.0,0.0,0.0,0.0,0.0,0.0,0.0002154425340336048,0.0,5.993228928872903,5.918711105700268,1.2546658590545379e-15,1.0408340855860843e-17,0.4029997636180684,0.0,-6.300000000000001,6.300000000000001,0.14142135623730964,0.14142135623730953,2.2028796948685036e-08,4.727629621482353e-06,0.011986390342160409,0.0118,4.7276298715503985e-06,0.011837487775749885,0.0118
326,0.652,0.654,-4.347937434108138,4.66671716247659,0.15938986418422596,9.014654596584727,-0.09883760980739814,0.13436374367241266,-4.347937434108138,4.66671716247659,-6.005321802649163,6.010643605298324,0.0026609013245808555,12.015965407947487,0.026609013245811906,0.0,0.026609013245811906,0.0,-0.026609013245811906,-0.026609013245811906,0.0,0.0,0.0,0.0,0.0,0.0,0.00021372586957470554,0.0,5.9932609024862105,5.918678389090617,1.5649374157655771e-15,1.3877787807814457e-17,0.4029997636180695,0.0,-6.300000000000001,6.300000000000001,0.14142135623730964,0.14142135623730953,2.2028119137692907e-08,4.727629599006457e-06,0.011986457857745807,0.0118,4.727629869212269e-06,0.011837422211400536,0.0118
327,0.654,0.656,-4.348011478885299,4.663159426304459,0.15757397370957982,9.011170905189758,-0.09882642585252899,0.13423699063222327,-4.348011478885299,4.663159426304459,-6.0052793980724335,6.010558796144867,0.002639699036216747,12.0158381942173,0.026396990362167496,0.0,0.026396990362167496,0.0,-0.026396990362167496,-0.026396990362167496,0.0,0.0,0.0,0.0,0.0,0.0,0.00021202288364441103,0.0,5.9932911091670205,5.918645737914865,6.359387842713726e-16,1.734723475976807e-17,0.40299976361807066,0.0,-6.300000000000001,6.300000000000001,0.14142135623730964,0.14142135623730953,2.202743799924654e-08,4.727629575369294e-06,0.01198652180497242,0.0118,4.7276298671317105e-06,0.011837356778181235,0.0118
328,0.656,0.658,-4.348085532631681,4.659753756353472,0.15583411186089524,9.007839288985153,-0.09881530186345078,0.13411640949490863,-4.348085532631681,4.659753756353472,-6.005237331378983,6.010474662757967,0.0026186656894919835,12.01571199413695,0.026186656894916456,0.0,0.026186656894916456,0.0,-0.026186656894916456,-0.026186656894916456,0.0,0.0,0.0,0.0,0.0,0.0,0.00021033346725104037,0.0,5.993319566018735,5.918613152042148,1.3652273755937472e-15,2.0816681711721685e-17,0.40299976361807194,0.0,-6.300000000000001,6.300000000000001,0.14142135623730964,0.14142135623730953,2.2026753556068765e-08,4.727629550506473e-06,0.011986582218334041,0.0118,4.7276298653264885e-06,0.01183729147582973,0.0118
329,0.658,0.66,-4.348159593556649,4.656488690964214,0.1541645487037826,9.004648284520863,-0.09880423685712264,0.13400136270579635,-4.348159593556649,4.656488690964214,-6.0051955998765285,6.010391199753058,0.0025977999382647,12.015586799629586,0.025977999382645087,0.0,0.025977999382645087,0.0,-0.025977999382645087,-0.025977999382645087,0.0,0.0,0.0,0.0,0.0,0.0,0.00020865751227136777,0.0,5.993346290002427,5.918580631341861,1.0495077029659683e-15,1.734723475976807e-17,0.4029997636180732,0.0,-6.300000000000001,6.300000000000001,0.14142135623730964,0.14142135623730953,2.2026065830898623e-08,4.727629524346938e-06,0.01198663913203747,0.0118,4.727629863812144e-06,0.011837226304084295,0.0118
330,0.66,0.662,-4.348233659950488,4.653353963789138,0.15256015191932537,9.001587623739626,-0.0987932298820042,0.13389130137437963,-4.348233659950488,4.653353963789138,-6.00515420089424,6.010308401788481,0.0025771004471204506,12.015462602682721,0.025771004471201384,0.0,0.025771004471201384,0.0,-0.025771004471201384,-0.025771004471201384,0.0,0.0,0.0,0.0,0.0,0.0,0.00020699491144370244,0.0,5.993371297937987,5.918548175683664,1.1106296004398386e-15,1.3877787807814457e-17,0.4029997636180746,0.0,-6.300000000000001,6.300000000000001,0.14142135623730964,0.14142135623730953,2.2025374846467226e-08,4.727629496815195e-06,0.011986692580004853,0.0118,4.727629862610883e-06,0.01183716126268372,0.0118
331,0.662,0.664,-4.348307730171589,4.650340348469103,0.15101630914875708,8.998648078640691,-0.09878228002786024,0.13378575046379446,-4.348307730171589,4.650340348469103,-6.005113131782568,6.010226263565136,0.0025565658912842792,12.015339395347704,0.02556565891284036,0.0,0.02556565891284036,0.0,-0.02556565891284036,-0.02556565891284036,0.0,0.0,0.0,0.0,0.0,0.0,0.0002053455583610239,0.0,5.99339460650526,5.918515784937479,5.447031714567174e-16,1.734723475976807e-17,0.40299976361807605,0.0,-6.300000000000001,6.300000000000001,0.14142135623730964,0.14142135623730953,2.2024680625477276e-08,4.7276294678401895e-06,0.011986742595875975,0.0118,4.727629861747129e-06,0.011837096351367328,0.0118
332,0.664,0.666,-4.34838180263257,4.647439527138379,0.1495288622529043,8.995821329770948,-0.09877138643568512,0.13368429682565963,-4.34838180263257,4.647439527138379,-6.005072389913075,6.01014477982615,0.00253619495653723,12.015217169739225,0.02536194956537619,0.0,0.02536194956537619,0.0,-0.02536194956537619,-0.02536194956537619,0.0,0.0,0.0,0.0,0.0,0.0,0.00020370934746417193,0.0,5.993416232245167,5.918483458973482,5.291719753358626e-16,1.734723475976807e-17,0.4029997636180776,0.0,-6.300000000000001,6.300000000000001,0.14142135623730964,0.14142135623730953,2.2023983190585706e-08,4.727629437339764e-06,0.01198678921301052,0.0118,4.7276298612430875e-06,0.011837031569874958,0.0118
333,0.666,0.668,-4.348455875785499,4.644643978586006,0.14809405140025378,8.993099854371504,-0.09876054830748826,0.13358657946722974,-4.348455875785499,4.644643978586006,-6.005031972678268,6.010063945356536,0.0025159863391337467,12.015095918034804,0.0251598633913411,0.0,0.0251598633913411,0.0,-0.0251598633913411,-0.0251598633913411,0.0,0.0,0.0,0.0,0.0,0.0,0.00020208617403509062,0.0,5.993436191560836,5.918451197662113,1.2439593626012435e-15,1.734723475976807e-17,0.4029997636180792,0.0,-6.300000000000001,6.300000000000001,0.14142135623730964,0.14142135623730953,2.2023282564388825e-08,4.727629405236204e-06,0.011986832464490334,0.0118,4.727629861116522e-06,0.011836966917946962,0.0118
334,0.668,0.67,-4.348529948106454,4.641946882715588,0.14670846730456688,8.990476830822042,-0.09874976491569792,0.13349228158335544,-4.348529948106454,4.641946882715588,-6.00499187749143,6.009983754982861,0.00249593874571552,12.014975632474291,0.024959387457150973,0.0,0.024959387457150973,0.0,-0.024959387457150973,-0.024959387457150973,0.0,0.0,0.0,0.0,0.0,0.0,0.00020047593419012644,0.0,5.993454500718696,5.918419000874071,1.0701617543518172e-15,1.734723475976807e-17,0.4029997636180809,0.0,-6.300000000000001,6.300000000000001,0.14142135623730964,0.14142135623730953,2.2022578769409633e-08,4.727629371438469e-06,0.011986872383121672,0.0118,4.727629861398519e-06,0.011836902395324225,0.0118
335,0.67,0.672,-4.348604018079659,4.639342038585713,0.1453690102530274,8.987946056665372,-0.09873903561194969,0.1334011239937287,-4.348604018079659,4.639342038585713,-6.004952101786455,6.009904203572911,0.002476050893227999,12.014856305359366,0.024760508932277592,0.0,0.024760508932277592,0.0,-0.024760508932277592,-0.024760508932277592,0.0,0.0,0.0,0.0,0.0,0.0,0.0001988785248733797,0.0,5.993471175849597,5.918386868480315,2.310651670001107e-15,1.734723475976807e-17,0.40299976361808265,0.0,-6.300000000000001,6.300000000000001,0.14142135623730964,0.14142135623730953,2.2021871828086913e-08,4.727629335857745e-06,0.011986909001437392,0.0118,4.727629862113503e-06,0.011836838001748142,0.0118
336,0.672,0.674,-4.348678084181429,4.6368237938196515,0.14407285481911103,8.985501878001081,-0.09872835983506592,0.13331285970672097,-4.348678084181429,4.6368237938196515,-6.004912643017685,6.009825286035372,0.002456321508843118,12.014737929053057,0.024563215088427483,0.0,0.024563215088427483,0.0,-0.024563215088427483,-0.024563215088427483,0.0,0.0,0.0,0.0,0.0,0.0,0.00019729384385010882,0.0,5.993486232949884,5.918354800352056,4.145989107584569e-16,1.734723475976807e-17,0.40299976361808454,0.0,-6.300000000000001,6.300000000000001,0.14142135623730964,0.14142135623730953,2.2021161762765855e-08,4.727629298402991e-06,0.011986942351699193,0.0118,4.727629863297e-06,0.01183677373696063,0.0118
337,0.674,0.676,-4.348752144864193,4.634386983575733,0.14281741935577008,8.983139128439927,-0.09871773711805518,0.13322726939216378,-4.348752144864193,4.634386983575733,-6.004873498659745,6.009746997319492,0.0024367493298731446,12.014620495979237,0.024367493298727297,0.0,0.024367493298727297,0.0,-0.024367493298727297,-0.024367493298727297,0.0,0.0,0.0,0.0,0.0,0.0,0.0001957217897001875,0.0,5.993499687882494,5.918322796360767,9.567542071098334e-16,2.0816681711721685e-17,0.4029997636180865,0.0,-6.300000000000001,6.300000000000001,0.14142135623730964,0.14142135623730953,2.2020448595689944e-08,4.727629258978727e-06,0.011986972465899767,0.0118,4.727629864971217e-06,0.01183670960070411,0.0118
338,0.676,0.678,-4.3488261985408165,4.632026877592023,0.14160033952560314,8.980853076132838,-0.09870716709400734,0.13314415759189804,-4.3488261985408165,4.632026877592023,-6.004834666207383,6.0096693324147665,0.0024173331036916323,12.01450399862215,0.024173331036915685,0.0,0.024173331036915685,0.0,-0.024173331036915685,-0.024173331036915685,0.0,0.0,0.0,0.0,0.0,0.0,0.00019416226181161352,0.0,5.993511556378026,5.91829085637818,9.454242944073599e-16,2.0816681711721685e-17,0.4029997636180886,0.0,-6.300000000000001,6.300000000000001,0.14142135623730964,0.14142135623730953,2.2019732348994007e-08,4.7276292174828146e-06,0.011986999375764988,0.0118,4.7276298671694586e-06,0.011836645592721535,0.0118
339,0.678,0.68,-4.348900243569474,4.629739134077921,0.14041944525422334,8.978639377647395,-0.09869664950078863,0.1330633495325663,-4.348900243569474,4.629739134077921,-6.004796143175308,6.009592286350617,0.0023980715876543712,12.014388429525924,0.023980715876541617,0.0,0.023980715876541617,0.0,-0.023980715876541617,-0.023980715876541617,0.0,0.0,0.0,0.0,0.0,0.0,0.00019261516037406964,0.0,5.993521854035805,5.918258980276281,1.0044048925905713e-15,2.0816681711721685e-17,0.40299976361809076,0.0,-6.300000000000001,6.300000000000001,0.14142135623730964,0.14142135623730953,2.20190130446982e-08,4.727629173810891e-06,0.011987023112756052,0.0118,4.727629869925032e-06,0.01183658171275636,0.0118
340,0.68,0.682,-4.348974278239256,4.627519759434631,0.13927274059768768,8.976494037673888,-0.09868618418448466,0.1329846884326799,-4.348974278239256,4.627519759434631,-6.004757927098034,6.009515854196067,0.002378963549016788,12.0142737812941,0.023789635490169082,0.0,0.023789635490169082,0.0,-0.023789635490169082,-0.023789635490169082,0.0,0.0,0.0,0.0,0.0,0.0,0.00019108038637253585,0.0,5.993530596324943,5.91822716792731,1.1032841307212493e-15,2.0816681711721685e-17,0.40299976361809303,0.0,-6.300000000000001,6.300000000000001,0.14142135623730964,0.14142135623730953,2.2018290704702797e-08,4.727629127858597e-06,0.011987043708071611,0.0118,4.727629873275685e-06,0.011836517960552562,0.0118
341,0.682,0.684,-4.349048300756704,4.6253650729564235,0.13815838609985986,8.974413373713126,-0.09867577110156622,0.13290803321741734,-4.349048300756704,4.6253650729564235,-6.004720015529718,6.009440031059435,0.0023600077648584517,12.014160046589152,0.02360007764858813,0.0,0.02360007764858813,0.0,-0.02360007764858813,-0.02360007764858813,0.0,0.0,0.0,0.0,0.0,0.0,0.00018955784158095214,0.0,5.993537798585388,5.918195419203768,2.9810138732488944e-16,2.0816681711721685e-17,0.4029997636180955,0.0,-6.300000000000001,6.300000000000001,0.14142135623730964,0.14142135623730953,2.2017565350783736e-08,4.727629079510467e-06,0.011987061192649886,0.0118,4.727629877256945e-06,0.01183645433585462,0.0118
342,0.684,0.686,-4.349122309233432,4.623271675803272,0.1370746832849199,8.972393985036703,-0.09866541031979065,0.1328332565714127,-4.349122309233432,4.623271675803272,-6.004682406044006,6.0093648120880125,0.0023412030220031355,12.014047218132019,0.0234120302200322,0.0,0.0234120302200322,0.0,-0.0234120302200322,-0.0234120302200322,0.0,0.0,0.0,0.0,0.0,0.0,0.00018804742855593214,0.0,5.9935434760289645,5.918163733978406,9.54097911787244e-16,2.0816681711721685e-17,0.40299976361809803,0.0,-6.300000000000001,6.300000000000001,0.14142135623730964,0.14142135623730953,2.2016837004588763e-08,4.727629028648821e-06,0.011987075597170776,0.0118,4.72762988190878e-06,0.011836390838407535,0.0118
343,0.686,0.6880000000000001,-4.349196301674953,4.621236423649085,0.13602006098706632,8.970432725324038,-0.09865510201787137,0.1327602432730074,-4.349196301674953,4.621236423649085,-6.00464509623388,6.00929019246776,0.002322548116939771,12.01393528870164,0.023225481169401676,0.0,0.023225481169401676,0.0,-0.023225481169401676,-0.023225481169401676,0.0,0.0,0.0,0.0,0.0,0.0,0.00018654905063052673,0.0,5.993547643740407,5.918132112124231,5.605325231750058e-16,2.42861286636753e-17,0.4029997636181007,0.0,-6.300000000000001,6.300000000000001,0.14142135623730964,0.14142135623730953,2.2016105687634135e-08,4.727628975155971e-06,0.01198708695205793,0.0118,4.727629887271156e-06,0.011836327467956811,0.0118
344,0.6880000000000001,0.6900000000000001,-4.349270275970811,4.619256402503256,0.13499306326622218,8.968526678474067,-0.09864484648397426,0.13268888876393353,-4.349270275970811,4.619256402503256,-6.004608083711498,6.009216167422998,0.0023040418557496167,12.013824251134496,0.023040418557493638,0.0,0.023040418557493638,0.0,-0.023040418557493638,-0.023040418557493638,0.0,0.0,0.0,0.0,0.0,0.0,0.00018506261190803723,0.0,5.993550316678382,5.918100553514504,2.4695414983788577e-16,2.42861286636753e-17,0.40299976361810347,0.0,-6.300000000000001,6.300000000000001,0.14142135623730964,0.14142135623730953,2.2015371421301785e-08,4.727628918909795e-06,0.011987095287480815,0.0118,4.727629893392926e-06,0.011836264224248461,0.0118
345,0.6900000000000001,0.6920000000000001,-4.349344229886106,4.617328907280567,0.13399233869723037,8.966673137166673,-0.09863464411311362,0.13261909791674714,-4.349344229886106,4.617328907280567,-6.004571366108047,6.009142732216095,0.0022856830540236572,12.013714098324142,0.02285683054023776,0.0,0.02285683054023776,0.0,-0.02285683054023776,-0.02285683054023776,0.0,0.0,0.0,0.0,0.0,0.0,0.00018358801725587798,0.0,5.993551509676506,5.918069058022741,3.752423718972331e-16,2.0816681711721685e-17,0.40299976361810647,0.0,-6.300000000000001,6.300000000000001,0.14142135623730964,0.14142135623730953,2.201463422683696e-08,4.7276288597770655e-06,0.011987100633356763,0.0118,4.727629900311836e-06,0.011836201107029008,0.0118
346,0.6920000000000001,0.6940000000000001,-4.349418161054432,4.615451422758608,0.13301663085208792,8.96486958381304,-0.09862449540354395,0.13255078396903278,-4.349418161054432,4.615451422758608,-6.0045349410735875,6.009069882147176,0.002267470536794214,12.013604823220764,0.02267470536793827,0.0,0.02267470536793827,0.0,-0.02267470536793827,-0.02267470536793827,0.0,0.0,0.0,0.0,0.0,0.0,0.00018212517229948796,0.0,5.993551237444358,5.918037625522709,1.2013773222768753e-15,1.734723475976807e-17,0.4029997636181096,0.0,-6.300000000000001,6.300000000000001,0.14142135623730964,0.14142135623730953,2.2013894125346163e-08,4.727628797626777e-06,0.011987103019353013,0.0118,4.727629908081177e-06,0.011836138116045482,0.0118
347,0.6940000000000001,0.6960000000000001,-4.349492066972275,4.613621606615276,0.1320647698215005,8.963113673587552,-0.09861440095223592,0.1324838675987891,-4.349492066972275,4.613621606615276,-6.004498806276905,6.008997612553809,0.002249403138452344,12.013496418830714,0.022494031384521978,0.0,0.022494031384521978,0.0,-0.022494031384521978,-0.022494031384521978,0.0,0.0,0.0,0.0,0.0,0.0,0.00018067398341629063,0.0,5.993549514568466,5.918006255888431,2.060851489460447e-15,1.734723475976807e-17,0.40299976361811285,0.0,-6.300000000000001,6.300000000000001,0.14142135623730964,0.14142135623730953,2.201315113779549e-08,4.727628732319039e-06,0.011987102474888715,0.0118,4.727629916749799e-06,0.011836075251045419,0.0118
348,0.6960000000000001,0.6980000000000001,-4.349565944994853,4.611837274283599,0.13113566464437287,8.961403219278452,-0.09860436144954951,0.1324182761197712,-4.349565944994853,4.611837274283599,-6.004462959405358,6.008925918810717,0.002231479702679451,12.013388878216075,0.022314797026792274,0.0,0.022314797026792274,0.0,-0.022314797026792274,-0.022314797026792274,0.0,0.0,0.0,0.0,0.0,0.0,0.0001792343577297021,0.0,5.993546355513317,5.917974948994174,1.6774776012695725e-15,1.3877787807814457e-17,0.40299976361811624,0.0,-6.300000000000001,6.300000000000001,0.14142135623730964,0.14142135623730953,2.2012405285009198e-08,4.727628663713966e-06,0.011987099029136932,0.0118,4.727629926370991e-06,0.011836012511776862,0.0118
349,0.6980000000000001,0.7000000000000001,-4.349639792333387,4.610096385398578,0.1302282965325956,8.959736177731966,-0.09859437767321233,0.13235394277911608,-4.349639792333387,4.610096385398578,-6.004427398164737,6.008854796329476,0.002213699082369125,12.013282194494213,0.022136990823689088,0.0,0.022136990823689088,0.0,-0.022136990823689088,-0.022136990823689088,0.0,0.0,0.0,0.0,0.0,0.0,0.0001778062031031871,0.0,5.993541774622329,5.9179437047144665,9.44475617506435e-16,1.734723475976807e-17,0.40299976361811984,0.0,-6.300000000000001,6.300000000000001,0.14142135623730964,0.14142135623730953,2.201165658766859e-08,4.7276285916627875e-06,0.011987092711026633,0.0118,4.727629937000266e-06,0.011835949897988347,0.0118
350,0.7000000000000001,0.7020000000000001,-4.349713606053763,4.608397031642304,0.12934171279427042,8.958110637696066,-0.09858445048170877,0.1322908061424749,-4.349713606053763,4.608397031642304,-6.004392120279111,6.008784240558222,0.0021960601395552004,12.013176360837333,0.021960601395554728,0.0,0.021960601395554728,0.0,-0.021960601395554728,-0.021960601395554728,0.0,0.0,0.0,0.0,0.0,0.0,0.000176389428134362,0.0,5.99353578611883,5.917912522924081,3.821812658011403e-17,1.734723475976807e-17,0.4029997636181236,0.0,-6.300000000000001,6.300000000000001,0.14142135623730964,0.14142135623730953,2.201090506631109e-08,4.727628516012291e-06,0.011987083549244658,0.0118,4.727629948693135e-06,0.011835887409428933,0.0118
351,0.7020000000000001,0.704,-4.349787383076532,4.606737425820232,0.12847502137184996,8.956524808896765,-0.09857458080718973,0.13222880955424912,-4.349787383076532,4.606737425820232,-6.004357123490681,6.008714246981363,0.0021785617453407013,12.013071370472044,0.021785617453405584,0.0,0.021785617453405584,0.0,-0.021785617453405584,-0.021785617453405584,0.0,0.0,0.0,0.0,0.0,0.0,0.00017498394214914524,0.0,5.9935284041070265,5.917881403498042,2.2273849431542203e-15,2.0816681711721685e-17,0.4029997636181276,0.0,-6.300000000000001,6.300000000000001,0.14142135623730964,0.14142135623730953,2.2010150741329543e-08,4.727628436604827e-06,0.011987071572237658,0.0118,4.727629961516211e-06,0.011835825045848163,0.0118
352,0.704,0.706,-4.349861120178192,4.605115892024083,0.12762738592294554,8.954977012202274,-0.09856476964800812,0.1321679006624915,-4.349861120178192,4.605115892024083,-6.004322405559642,6.008644811119283,0.00216120277982057,12.012967216678925,0.02161202779820963,0.0,0.02161202779820963,0.0,-0.02161202779820963,-0.02161202779820963,0.0,0.0,0.0,0.0,0.0,0.0,0.00017358965519595403,0.0,5.993519642572967,5.917850346311629,1.3548190347378863e-15,2.0816681711721685e-17,0.4029997636181318,0.0,-6.300000000000001,6.300000000000001,0.14142135623730964,0.14142135623730953,2.2009393632971706e-08,4.727628353278301e-06,0.011987056808214052,0.0118,4.727629975529446e-06,0.011835762806996082,0.0118
353,0.706,0.708,-4.349934813993658,4.603530856756034,0.12679802138118834,8.953465670749692,-0.09855501806097733,0.13210803099964516,-4.349934813993658,4.603530856756034,-6.004287964264034,6.008575928528067,0.0021439821320168306,12.012863892792101,0.02143982132016968,0.0,0.02143982132016968,0.0,-0.02143982132016968,-0.02143982132016968,0.0,0.0,0.0,0.0,0.0,0.0,0.00017220647803994736,0.0,5.993509515385494,5.917819351240364,1.0772632785815972e-15,2.0816681711721685e-17,0.40299976361813616,0.0,-6.300000000000001,6.300000000000001,0.14142135623730964,0.14142135623730953,2.2008633761339862e-08,4.727628265868402e-06,0.011987039285145934,0.0118,4.727629990803894e-06,0.011835700692623258,0.0118
354,0.708,0.71,-4.350008461019872,4.601980840905212,0.1259861899426702,8.951989301925085,-0.09854532715344755,0.13204915561164168,-4.350008461019872,4.601980840905212,-6.004253797399603,6.008507594799205,0.002126898699801316,12.012761392198808,0.021268986998012364,0.0,0.021268986998012364,0.0,-0.021268986998012364,-0.021268986998012364,0.0,0.0,0.0,0.0,0.0,0.0,0.0001708343221573152,0.0,5.993498036297183,5.917788418160018,7.147060721024445e-16,2.0816681711721685e-17,0.4029997636181407,0.0,-6.300000000000001,6.300000000000001,0.14142135623730964,0.14142135623730953,2.2007871146390642e-08,4.727628174199713e-06,0.011987019030770986,0.0118,4.727630007403949e-06,0.011835638702480727,0.0118
355,0.71,0.712,-4.3500820576204315,4.600464452481492,0.1251911974305302,8.950546510101923,-0.09853569807528634,0.13199123272899044,-4.3500820576204315,4.600464452481492,-6.004219902779656,6.008439805559313,0.0021099513898281685,12.012659708338969,0.02109951389828275,0.0,0.02109951389828275,0.0,-0.02109951389828275,-0.02109951389828275,0.0,0.0,0.0,0.0,0.0,0.0,0.00016947309972961268,0.0,5.993485218945291,5.917757546946618,6.181849736969225e-16,1.734723475976807e-17,0.40299976361814555,0.0,-6.300000000000001,6.300000000000001,0.14142135623730964,0.14142135623730953,2.2007105807934916e-08,4.727628078096818e-06,0.011986996072594366,0.0118,4.727630025407326e-06,0.011835576836320038,0.0118
356,0.712,0.714,-4.350155600031164,4.598802567457191,0.12432348371301316,8.948958167488355,-0.09852613201084187,0.11234267068594012,-4.350155600031164,4.598802567457191,-6.004186278234929,6.008372556469858,0.0020931391174645597,12.012558834704787,0.020931391174644612,0.0,0.020931391174644612,0.0,-0.020931391174644612,-0.020931391174644612,0.0,0.0,0.0,0.0,0.0,0.0,0.00016812272363813982,0.0,5.993471076852678,5.917726737476433,1.2576745200831851e-15,2.0816681711721685e-17,0.40299976361815054,0.0,-6.300000000000001,6.300000000000001,0.14142135623730964,0.14142135623730953,2.2006337765637852e-08,4.727627977375422e-06,0.011986970437890581,0.0118,4.72763004488952e-06,0.011835515093893237,0.0118
357,0.714,0.716,-4.350229084366558,4.597100771551006,0.12343584359222426,8.947329855917564,-0.09851663017096252,0.1124725219263506,-4.350229084366558,4.597100771551006,-6.0041529216134375,6.008305843226875,0.0020764608067187496,12.012458764840312,0.020764608067186247,0.0,0.020764608067186247,0.0,-0.020764608067186247,-0.020764608067186247,0.0,0.0,0.0,0.0,0.0,0.0,0.0001667831074583658,0.0,5.993455623428736,5.917695989625979,2.3418766925686896e-16,2.0816681711721685e-17,0.4029997636181558,0.0,-6.300000000000001,6.300000000000001,0.14142135623730964,0.14142135623730953,2.2005567039019052e-08,4.727627871849007e-06,0.011986942153705356,0.0118,4.727630065934907e-06,0.011835453474952866,0.0118
358,0.716,0.718,-4.350302506626941,4.595439075908665,0.12256828464086178,8.945741582535607,-0.09850719378513617,0.11259593545443522,-4.350302506626941,4.595439075908665,-6.004119830780346,6.008239661560693,0.0020599153901734724,12.012359492341039,0.020599153901731847,0.0,0.020599153901731847,0.0,-0.020599153901731847,-0.020599153901731847,0.0,0.0,0.0,0.0,0.0,0.0,0.00016545416545439787,0.0,5.9934388719703,5.91766530327202,1.321859288694327e-15,1.734723475976807e-17,0.40299976361816137,0.0,-6.300000000000001,6.300000000000001,0.14142135623730964,0.14142135623730953,2.2004793647452772e-08,4.727627761322173e-06,0.011986911246857471,0.0118,4.727630088616763e-06,0.011835391979251956,0.0118
359,0.718,0.72,-4.3503758627063345,4.5938157197292036,0.12171992851143454,8.944191582435538,-0.09849782409380364,0.1127132839729901,-4.3503758627063345,4.5938157197292036,-6.0040870036178315,6.008174007235663,0.002043501808915771,12.012261010853495,0.020435018089158354,0.0,0.020435018089158354,0.0,-0.020435018089158354,-0.020435018089158354,0.0,0.0,0.0,0.0,0.0,0.0,0.00016413581257349418,0.0,5.993420835662562,5.917634678291574,1.916869440954372e-15,2.0816681711721685e-17,0.40299976361816714,0.0,-6.300000000000001,6.300000000000001,0.14142135623730964,0.14142135623730953,2.200401761016826e-08,4.72762764559508e-06,0.0119868777439406,0.0118,4.7276301130305674e-06,0.01183533060654404,0.0118
360,0.72,0.722,-4.350449148400865,4.592229056370286,0.12088995398471036,8.942678204771152,-0.09848852234090044,0.11282491342790982,-4.350449148400865,4.592229056370286,-6.004054438024943,6.008108876049888,0.002027219012472159,12.012163314074831,0.02027219012471773,0.0,0.02027219012471773,0.0,-0.02027219012471773,-0.02027219012471773,0.0,0.0,0.0,0.0,0.0,0.0,0.00016282796444062032,0.0,5.993401527579962,5.91760411456189,1.1934897514720433e-15,2.0816681711721685e-17,0.4029997636181732,0.0,-6.300000000000001,6.300000000000001,0.14142135623730964,0.14142135623730953,2.2003238946250147e-08,4.727627524463447e-06,0.011986841671325124,0.0118,4.727630139267358e-06,0.011835269356583146,0.0118
361,0.722,0.724,-4.350522359417676,4.59067754376772,0.12007759217502212,8.941199903185396,-0.09847928976666309,0.11293114531196663,-4.350522359417676,4.59067754376772,-6.0040221319174725,6.008044263834946,0.0020110659587366797,12.012066395752418,0.02011065958736468,0.0,0.02011065958736468,0.0,-0.02011065958736468,-0.02011065958736468,0.0,0.0,0.0,0.0,0.0,0.0,0.00016153053735304938,0.0,5.9933809606870945,5.917573611960475,1.0583439506717252e-15,2.0816681711721685e-17,0.4029997636181795,0.0,-6.300000000000001,6.300000000000001,0.14142135623730964,0.14142135623730953,2.2002457674638897e-08,4.727627397720773e-06,0.011986803055159926,0.0118,4.7276301674226145e-06,0.011835208229123779,0.0118
362,0.724,0.726,-4.350595491384223,4.58915973582851,0.11928212222214318,8.939755227212732,-0.09847012760074089,0.11303227873799587,-4.350595491384223,4.58915973582851,-6.003990083227818,6.007980166455636,0.0019950416139087324,12.011970249683454,0.019950416139089676,0.0,0.019950416139089676,0.0,-0.019950416139089676,-0.019950416139089676,0.0,0.0,0.0,0.0,0.0,0.0,0.00016024344827500492,0.0,5.993359147839588,5.917543170365078,9.435811507141345e-16,2.0816681711721685e-17,0.4029997636181862,0.0,-6.300000000000001,6.300000000000001,0.14142135623730964,0.14142135623730953,2.2001673814131335e-08,4.7276272651472325e-06,0.011986761921374189,0.0118,4.727630197591815e-06,0.01183514722392095,0.0118
363,0.726,0.728,-4.3506685398578995,4.587674274682269,0.11850286741218463,8.938342814540167,-0.09846103705563686,0.11312859230769953,-4.3506685398578995,4.587674274682269,-6.003958289904852,6.007916579809703,0.001979144952425571,12.011874869714555,0.019791449524257328,0.0,0.019791449524257328,0.0,-0.019791449524257328,-0.019791449524257328,0.0,0.0,0.0,0.0,0.0,0.0,0.0001589666148323466,0.0,5.99333610178498,5.91751278965369,1.5265566588595902e-16,2.0816681711721685e-17,0.4029997636181931,0.0,-6.300000000000001,6.300000000000001,0.14142135623730964,0.14142135623730953,2.2000887383381224e-08,4.727627126520783e-06,0.011986718295679176,0.0118,4.727630229885982e-06,0.011835086340730156,0.0118
364,0.728,0.73,-4.350741500335888,4.586219883691282,0.11773919167769709,8.93696138402717,-0.09845201932050546,0.11322034579896362,-4.350741500335888,4.586219883691282,-6.0039267499137905,6.00785349982758,0.0019633749568948033,12.01178024974137,0.01963374956895003,0.0,0.01963374956895003,0.0,-0.01963374956895003,-0.01963374956895003,0.0,0.0,0.0,0.0,0.0,0.0,0.00015769995530729827,0.0,5.993311835163601,5.91748246970455,6.713379852030243e-16,1.734723475976807e-17,0.40299976361820034,0.0,-6.300000000000001,6.300000000000001,0.14142135623730964,0.14142135623730953,2.2000098400899873e-08,4.727626981614936e-06,0.01198667220356996,0.0118,4.727630264398375e-06,0.01183502557930738,0.0118
365,0.73,0.732,-4.350814368265184,4.58479536113264,0.11699049643372783,8.935609729397825,-0.09844307555532103,0.1133077816917108,-4.350814368265184,4.58479536113264,-6.0038954612360635,6.007790922472126,0.0019477306180313292,12.01168638370819,0.01947730618031681,0.0,0.01947730618031681,0.0,-0.01947730618031681,-0.01947730618031681,0.0,0.0,0.0,0.0,0.0,0.0,0.00015644338863321798,0.0,5.993286360509431,5.917452210396135,5.400411021150298e-16,1.3877787807814457e-17,0.40299976361820794,0.0,-6.300000000000001,6.300000000000001,0.14142135623730964,0.14142135623730953,2.1999306885056834e-08,4.727626830196548e-06,0.011986623670327202,0.0118,4.727630301255559e-06,0.011834964939409099,0.0118
366,0.732,0.734,-4.350887139052725,4.583399574477089,0.11625621771218198,8.934286713529815,-0.09843420688543256,0.11339112654985328,-4.350887139052725,4.583399574477089,-6.003864421869186,6.007728843738371,0.0019322109345925043,12.011593265607557,0.019322109345927402,0.0,0.019322109345927402,0.0,-0.019322109345927402,-0.019322109345927402,0.0,0.0,0.0,0.0,0.0,0.0,0.00015519683438940967,0.0,5.99325969025096,5.91742201160717,9.315465065995454e-16,1.3877787807814457e-17,0.4029997636182158,0.0,-6.300000000000001,6.300000000000001,0.14142135623730964,0.14142135623730953,2.1998512854080563e-08,4.727626672023586e-06,0.011986572721018862,0.0118,4.727630340568556e-06,0.01183490442079227,0.0118
367,0.734,0.736,-4.350959808075536,4.582031455198841,0.1155358235616526,8.932991263274378,-0.0984254143965102,0.1134705922747703,-4.350959808075536,4.582031455198841,-6.003833629826626,6.007667259653252,0.0019168149133133028,12.011500889479878,0.019168149133131425,0.0,0.019168149133131425,0.0,-0.019168149133131425,-0.019168149133131425,0.0,0.0,0.0,0.0,0.0,0.0,0.00015396021279597626,0.0,5.993231836712044,5.917391873216621,3.5041414214731503e-16,1.3877787807814457e-17,0.4029997636182241,0.0,-6.300000000000001,6.300000000000001,0.14142135623730964,0.14142135623730953,2.1997716326059184e-08,4.727626506851806e-06,0.01198651938050192,0.0118,4.727630382463932e-06,0.011834844023214339,0.0118
368,0.736,0.738,-4.351032370690869,4.580689994058809,0.11482881168396997,8.931722364749678,-0.09841669912988932,0.11354637724389119,-4.351032370690869,4.580689994058809,-6.003803083137685,6.0076061662753695,0.0019015415688423687,12.011409249413054,0.019015415688422712,0.0,0.019015415688422712,0.0,-0.019015415688422712,-0.019015415688422712,0.0,0.0,0.0,0.0,0.0,0.0,0.00015273344470871365,0.0,5.993202812112745,5.917361795103695,2.1545265571631944e-15,1.734723475976807e-17,0.4029997636182327,0.0,-6.300000000000001,6.300000000000001,0.14142135623730964,0.14142135623730953,2.199691731894124e-08,4.727626334428073e-06,0.011986463673424088,0.0118,4.72763042705715e-06,0.011834783746433241,0.0118
369,0.738,0.74,-4.351104822246258,4.579374236810832,0.11413470728228692,8.93047905905709,-0.09840806207831371,0.11361866734635934,-4.351104822246258,4.579374236810832,-6.0037727798473615,6.007545559694723,0.0018863899236807313,12.011318339542084,0.018863899236808666,0.0,0.018863899236808666,0.0,-0.018863899236808666,-0.018863899236808666,0.0,0.0,0.0,0.0,0.0,0.0,0.00015151645161404554,0.0,5.993172628570173,5.91733177714785,3.3029134982598407e-15,1.3877787807814457e-17,0.4029997636182417,0.0,-6.300000000000001,6.300000000000001,0.14142135623730964,0.14142135623730953,2.1996115850536488e-08,4.727626154497037e-06,0.011986405624225491,0.0118,4.727630474488098e-06,0.011834723590207392,0.0118
370,0.74,0.742,-4.351177158089445,4.578083280286562,0.11345306109855846,8.929260438376009,-0.09839950418207011,0.11368763692636008,-4.351177158089445,4.578083280286562,-6.003742718016237,6.007485436032474,0.0018713590081187448,12.01122815404871,0.01871359008118467,0.0,0.01871359008118467,0.0,-0.01871359008118467,-0.01871359008118467,0.0,0.0,0.0,0.0,0.0,0.0,0.00015030915562399844,0.0,5.993141298099311,5.917301819228766,1.3634926521177704e-15,1.734723475976807e-17,0.4029997636182511,0.0,-6.300000000000001,6.300000000000001,0.14142135623730964,0.14142135623730953,2.1995311938516723e-08,4.727625966792245e-06,0.011986345257140346,0.0118,4.727630524890003e-06,0.0118346635542957,0.0118
371,0.742,0.744,-4.351249373578147,4.5768162688199645,0.11278344762090864,8.928065642398112,-0.09839102632551694,0.11375344964347597,-4.351249373578147,4.5768162688199645,-6.0037128957203425,6.007425791440685,0.0018564478601712509,12.011138687161028,0.018564478601713452,0.0,0.018564478601713452,0.0,-0.018564478601713452,-0.018564478601713452,0.0,0.0,0.0,0.0,0.0,0.0,0.0001491114794712169,0.0,5.993108832613849,5.91727192122638,1.115427195053087e-15,2.0816681711721685e-17,0.40299976361826084,0.0,-6.300000000000001,6.300000000000001,0.14142135623730964,0.14142135623730953,2.1994505600416605e-08,4.727625771042802e-06,0.011986282596198623,0.0118,4.727630578407194e-06,0.011834603638457532,0.0118
372,0.744,0.746,-4.351321464089603,4.57557239097697,0.11212546344368368,8.926893855066574,-0.0983826293339915,0.11381625925837385,-4.351321464089603,4.57557239097697,-6.003683311051042,6.007366622102084,0.0018416555255207356,12.011049933153126,0.018416555255209435,0.0,0.018416555255209435,0.0,-0.018416555255209435,-0.018416555255209435,0.0,0.0,0.0,0.0,0.0,0.0,0.00014792334650401838,0.0,5.993075243926997,5.9172420830208665,1.2326565549530821e-15,2.42861286636753e-17,0.40299976361827106,0.0,-6.300000000000001,6.300000000000001,0.14142135623730964,0.14142135623730953,2.199369685363451e-08,4.727625566975594e-06,0.0119862176652277,0.0118,4.72763063518622e-06,0.01183454384245276,0.0118
373,0.746,0.748,-4.35139342502989,4.57435087655981,0.1114787257649601,8.9257443015897,-0.09837431397109006,0.11387621035119685,-4.35139342502989,4.57435087655981,-6.003653962114906,6.007307924229811,0.0018269810574524925,12.010961886344717,0.018269810574527947,0.0,0.018269810574527947,0.0,-0.018269810574527947,-0.018269810574527947,0.0,0.0,0.0,0.0,0.0,0.0,0.0001467446806814874,0.0,5.993040543752293,5.917212304492636,1.2437967322753707e-15,2.42861286636753e-17,0.4029997636182817,0.0,-6.300000000000001,6.300000000000001,0.14142135623730964,0.14142135623730953,2.199288571543341e-08,4.727625354301961e-06,0.011986150487853994,0.0118,4.727630695375851e-06,0.011834484166041732,0.0118
374,0.748,0.75,-4.35146525184296,4.573150993859004,0.11084287100802204,8.924616245701964,-0.0983660809363103,0.11393343897922625,-4.35146525184296,4.573150993859004,-6.003624847033592,6.007249694067184,0.0018124235167960023,12.010874541100776,0.018124235167959336,0.0,0.018124235167959336,0.0,-0.018124235167959336,-0.018124235167959336,0.0,0.0,0.0,0.0,0.0,0.0,0.00014557540656860894,0.0,5.993004743704417,5.917182585522337,5.776629175002768e-16,2.0816681711721685e-17,0.40299976361829276,0.0,-6.300000000000001,6.300000000000001,0.14142135623730964,0.14142135623730953,2.1992072202941715e-08,4.727625132735467e-06,0.011986081087504584,0.0118,4.727630759144841e-06,0.011834424608985272,0.0118
375,0.75,0.752,-4.351536940019377,4.5719720471290355,0.1102175535548291,8.923508987148413,-0.09835793086303918,0.11398807327964985,-4.351536940019377,4.5719720471290355,-6.0035959639437255,6.007191927887451,0.001797981971862761,12.010787891831177,0.017979819718627894,0.0,0.017979819718627894,0.0,-0.017979819718627894,-0.017979819718627894,0.0,0.0,0.0,0.0,0.0,0.0,0.00014441544933144074,0.0,5.992967855299985,5.917152925990862,6.457779189866786e-16,2.0816681711721685e-17,0.4029997636183043,0.0,-6.300000000000001,6.300000000000001,0.14142135623730964,0.14142135623730953,2.199125633315424e-08,4.727624901983013e-06,0.011986009487408834,0.0118,4.7276308266464006e-06,0.011834365171044673,0.0118
376,0.752,0.754,-4.351608485104741,4.570813374266362,0.10960244458081059,8.922421859371102,-0.09834986431687565,0.11404023402266025,-4.351608485104741,4.570813374266362,-6.003567310996779,6.007134621993558,0.001783655498389436,12.010701932990337,0.01783655498389557,0.0,0.01783655498389557,0.0,-0.01783655498389557,-0.01783655498389557,0.0,0.0,0.0,0.0,0.0,0.0,0.00014326473473232364,0.0,5.992929889958341,5.91712332577934,9.697104230710352e-16,1.734723475976807e-17,0.40299976361831635,0.0,-6.300000000000001,6.300000000000001,0.14142135623730964,0.14142135623730953,2.1990438122933026e-08,4.727624661735956e-06,0.01198593571059997,0.0118,4.727630898055946e-06,0.011834305851981725,0.0118
377,0.754,0.756,-4.35167988270776,4.569674344670756,0.10899723098149794,8.921354227378515,-0.0983418817942748,0.11409003511954008,-4.35167988270776,4.569674344670756,-6.003538886358954,6.007077772717909,0.00176944317947747,12.010616659076863,0.01769443179477044,0.0,0.01769443179477044,0.0,-0.01769443179477044,-0.01769443179477044,0.0,0.0,0.0,0.0,0.0,0.0,0.00014212318912513056,0.0,5.992890859002344,5.917093784769137,4.501607420159814e-16,2.0816681711721685e-17,0.40299976361832884,0.0,-6.300000000000001,6.300000000000001,0.14142135623730964,0.14142135623730953,2.198961758900831e-08,4.7276244116900955e-06,0.011985859779916681,0.0118,4.727630973548891e-06,0.01183424665155868,0.0118
378,0.756,0.758,-4.351751128507978,4.568554357272994,0.10840161438250817,8.920305485780972,-0.09833398372149207,0.11413758408990782,-4.351751128507978,4.568554357272994,-6.0035106882110645,6.007021376422128,0.0017553441055317975,12.010532064633193,0.017553441055319887,0.0,0.017553441055319887,0.0,-0.017553441055319887,-0.017553441055319887,0.0,0.0,0.0,0.0,0.0,0.0,0.000140990739450553,0.0,5.992850773659146,5.917064302841858,6.852157730108388e-16,1.734723475976807e-17,0.40299976361834183,0.0,-6.300000000000001,6.300000000000001,0.14142135623730964,0.14142135623730953,2.1988794747979405e-08,4.727624151527908e-06,0.011985781718004688,0.0118,4.727631053309533e-06,0.011834187569538275,0.0118
379,0.758,0.76,-4.351822218263127,4.567452838713709,0.10781531022529123,8.919275056976836,-0.0983261704538177,0.11418298249186012,-4.351822218263127,4.567452838713709,-6.003482714748418,6.006965429496835,0.001741357374208441,12.010448144245252,0.017413573742088462,0.0,0.017413573742088462,0.0,-0.017413573742088462,-0.017413573742088462,0.0,0.0,0.0,0.0,0.0,0.0,0.00013986731323142518,0.0,5.99280964506097,5.917034879879342,5.116350051959095e-16,1.3877787807814457e-17,0.4029997636183554,0.0,-6.300000000000001,6.300000000000001,0.14142135623730964,0.14142135623730953,2.1987969616315646e-08,4.727623880929648e-06,0.011985701547318291,0.0118,4.7276311375243905e-06,0.011834128605683716,0.0118
380,0.76,0.762,-4.351893147816112,4.566369241659814,0.10723804692185102,8.918262389475926,-0.0983184422750831,0.11422632631837307,-4.351893147816112,4.566369241659814,-6.003454964180704,6.0069099283614085,0.0017274820903523391,12.010364892542112,0.017274820903520376,0.0,0.017274820903520376,0.0,-0.017274820903520376,-0.017274820903520376,0.0,0.0,0.0,0.0,0.0,0.0,0.00013875283856808567,0.0,5.992767484245873,5.917005515763669,1.2750217548429532e-15,1.734723475976807e-17,0.4029997636183694,0.0,-6.300000000000001,6.300000000000001,0.14142135623730964,0.14142135623730953,2.19871422103573e-08,4.7276235995666905e-06,0.011985619290121942,0.0118,4.7276312263955236e-06,0.011834069759758684,0.0118
381,0.762,0.764,-4.351963913101597,4.5653030432462804,0.10666956507234193,8.917266956347877,-0.09831079939742124,0.1142677063629699,-4.351963913101597,4.5653030432462804,-6.0034274347318775,6.006854869463755,0.0017137173659387273,12.010282304195632,0.0171371736593866,0.0,0.0171371736593866,0.0,-0.0171371736593866,-0.0171371736593866,0.0,0.0,0.0,0.0,0.0,0.0,0.0001376472441337756,0.0,5.992724302158511,5.916976210377148,1.2542050731312315e-15,1.3877787807814457e-17,0.4029997636183841,0.0,-6.300000000000001,6.300000000000001,0.14142135623730964,0.14142135623730953,2.1986312546316514e-08,4.727623307103747e-06,0.011985534968491746,0.0118,4.727631320120551e-06,0.011834011031527336,0.0118
382,0.764,0.766,-4.352034510152221,4.564253743632322,0.1061096167400506,8.916288253784543,-0.09830324196126755,0.11430720855737805,-4.352034510152221,4.564253743632322,-6.003400124640043,6.0068002492800865,0.0017000623200216225,12.01020037392013,0.017000623200216527,0.0,0.017000623200216527,0.0,-0.017000623200216527,-0.017000623200216527,0.0,0.0,0.0,0.0,0.0,0.0,0.00013655045917007375,0.0,5.992680109650887,5.9169469636023315,3.944327503502265e-16,1.734723475976807e-17,0.40299976361839923,0.0,-6.300000000000001,6.300000000000001,0.14142135623730964,0.14142135623730953,2.198548064027823e-08,4.72762300319665e-06,0.011985448604317021,0.0118,4.727631418914857e-06,0.011833952420754296,0.0118
383,0.766,0.768,-4.352104935104406,4.563220864662092,0.10555796477884316,8.9153257997665,-0.09829577003558465,0.11434491428361532,-4.352104935104406,4.563220864662092,-6.003373032157347,6.006746064314694,0.001686516078673428,12.01011909647204,0.016865160786734158,0.0,0.016865160786734158,0.0,-0.016865160786734158,-0.016865160786734158,0.0,0.0,0.0,0.0,0.0,0.0,0.00013546241348236815,0.0,5.992634917483109,5.916917775322004,6.516326107181003e-16,1.734723475976807e-17,0.40299976361841505,0.0,-6.300000000000001,6.300000000000001,0.14142135623730964,0.14142135623730953,2.198464650820112e-08,4.727622687499008e-06,0.011985360219301773,0.0118,4.7276315229849435e-06,0.011833893927204664,0.0118
384,0.768,0.77,-4.3521751842037935,4.562203948621021,0.10501438220861381,8.914379132824815,-0.09828838361829323,0.11438090066271459,-4.3521751842037935,4.562203948621021,-6.00334615554986,6.0066923110997195,0.0016730777749298653,12.01003846664958,0.016730777749298795,0.0,0.016730777749298795,0.0,-0.016730777749298795,-0.016730777749298795,0.0,0.0,0.0,0.0,0.0,0.0,0.0001343830374353633,0.0,5.992588736324126,5.916888645419183,1.7740258047294066e-15,1.734723475976807e-17,0.40299976361843143,0.0,-6.300000000000001,6.300000000000001,0.14142135623730964,0.14142135623730953,2.198381016591853e-08,4.727622359655552e-06,0.011985269834966217,0.0118,4.727631632568396e-06,0.011833835550644007,0.0118
385,0.77,0.772,-4.352245253810274,4.5612025570797385,0.10447865163473224,8.913447810890013,-0.09828108263689503,0.11441524082207957,-4.352245253810274,4.5612025570797385,-6.00331949309747,6.00663898619494,0.0016597465487349083,12.00995847929241,0.016597465487350173,0.0,0.016597465487350173,0.0,-0.016597465487350173,-0.016597465487350173,0.0,0.0,0.0,0.0,0.0,0.0,0.00013331226194862388,0.0,5.992541576752475,5.91685957377712,1.4853027661965168e-15,2.0816681711721685e-17,0.40299976361844847,0.0,-6.300000000000001,6.300000000000001,0.14142135623730964,0.14142135623730953,2.1982971629139402e-08,4.727622019304346e-06,0.011985177472648252,0.0118,4.727631747887262e-06,0.011833777290838366,0.0118
386,0.772,0.774,-4.352315140402642,4.560216269818344,0.10395056470785091,8.912531410220986,-0.0982738669492722,0.11444800414327633,-4.352315140402642,4.560216269818344,-6.003293043093771,6.006586086187543,0.0016465215468857153,12.009879129281314,0.01646521546885802,0.0,0.01646521546885802,0.0,-0.01646521546885802,-0.01646521546885802,0.0,0.0,0.0,0.0,0.0,0.0,0.00013225001849215316,0.0,5.9924934492569975,5.916830560279304,1.5959455978986625e-16,2.0816681711721685e-17,0.4029997636184661,0.0,-6.300000000000001,6.300000000000001,0.14142135623730964,0.14142135623730953,2.198213091344921e-08,4.727621666079019e-06,0.01198508315350495,0.0118,4.727631869183569e-06,0.01183371914755424,0.0118
387,0.774,0.776,-4.352384840582872,4.559244683824439,0.1034299216207839,8.91162952440731,-0.09826673634465127,0.11447925649188992,-4.352384840582872,4.559244683824439,-6.003266803845955,6.00653360769191,0.001633401922977562,12.009800411537865,0.016334019229776012,0.0,0.016334019229776012,0.0,-0.016334019229776012,-0.016334019229776012,0.0,0.0,0.0,0.0,0.0,0.0,0.0001311962390820074,0.0,5.992444364237577,5.9168016048094545,5.551115123125783e-16,1.734723475976807e-17,0.40299976361848444,0.0,-6.300000000000001,6.300000000000001,0.14142135623730964,0.14142135623730953,2.1981288034310912e-08,4.727621299602094e-06,0.011984986898513994,0.0118,4.727631996708226e-06,0.011833661120558607,0.0118
388,0.776,0.778,-4.352454351080011,4.558287412358971,0.10291653063947992,8.910741763438981,-0.09825969054470973,0.11450906043092957,-4.352454351080011,4.558287412358971,-6.0032407736747,6.0064815473493995,0.0016203868373496633,12.0097223210241,0.016203868373500067,0.0,0.016203868373500067,0.0,-0.016203868373500067,-0.016203868373500067,0.0,0.0,0.0,0.0,0.0,0.0,0.0001301508562759446,0.0,5.992394332005854,5.916772707251522,1.132774429812855e-15,1.3877787807814457e-17,0.4029997636185034,0.0,-6.300000000000001,6.300000000000001,0.14142135623730964,0.14142135623730953,2.1980443007065838e-08,4.727620919491654e-06,0.011984888728475153,0.0118,4.727632130709924e-06,0.011833603209618909,0.0118
389,0.778,0.78,-4.3525236687537125,4.557344084084476,0.10241020766538167,8.909867752838188,-0.09825272920482298,0.11453747541912293,-4.3525236687537125,4.557344084084476,-6.003214950914066,6.006429901828132,0.0016074754570327698,12.009644852742198,0.01607475457033096,0.0,0.01607475457033096,0.0,-0.01607475457033096,-0.01607475457033096,0.0,0.0,0.0,0.0,0.0,0.0,0.00012911380316910838,0.0,5.992343362785941,5.9167438674896955,7.684824998577255e-16,1.3877787807814457e-17,0.40299976361852313,0.0,-6.300000000000001,6.300000000000001,0.14142135623730964,0.14142135623730953,2.1979595846934637e-08,4.727620525359122e-06,0.011984788664011708,0.0118,4.72763227146178e-06,0.011833545414503044,0.0118
390,0.78,0.782,-4.352592790597408,4.556414342250828,0.10191077582671015,8.909007132848235,-0.09824585191542626,0.11456455799531945,-4.352592790597408,4.556414342250828,-6.003189333911388,6.006378667822776,0.0015946669556941018,12.009568001734165,0.015946669556941212,0.0,0.015946669556941212,0.0,-0.015946669556941212,-0.015946669556941212,0.0,0.0,0.0,0.0,0.0,0.0,0.00012808501338974594,0.0,5.992291466715129,5.916715085408389,3.4523707677369675e-16,1.3877787807814457e-17,0.40299976361854356,0.0,-6.300000000000001,6.300000000000001,0.14142135623730964,0.14142135623730953,2.197874656901823e-08,4.727620116809257e-06,0.011984686725571882,0.0118,4.727632419225802e-06,0.01183348773497939,0.0118
391,0.782,0.784,-4.352661713741122,4.555497843933997,0.1014180650964378,8.90815955767512,-0.09823905820348922,0.11459036195011527,-4.352661713741122,4.555497843933997,-6.003163921027169,6.006327842054339,0.0015819605135849457,12.009491763081508,0.01581960513584625,0.0,0.01581960513584625,0.0,-0.01581960513584625,-0.01581960513584625,0.0,0.0,0.0,0.0,0.0,0.0,0.0001270644210949602,0.0,5.992238653844591,5.91668636089225,1.3253287356462806e-15,1.3877787807814457e-17,0.4029997636185647,0.0,-6.300000000000001,6.300000000000001,0.14142135623730964,0.14142135623730953,2.1977895188298683e-08,4.727619693440159e-06,0.011984582933430257,0.0118,4.727632574290653e-06,0.011833430170816778,0.0118
392,0.784,0.786,-4.352730435453962,4.554594259323769,0.1009319119349037,8.907324694777731,-0.09823234753408489,0.11461493848570814,-4.352730435453962,4.554594259323769,-6.003138710634976,6.006277421269952,0.0015693553174882524,12.009416131904928,0.015693553174879755,0.0,0.015693553174879755,0.0,-0.015693553174879755,-0.015693553174879755,0.0,0.0,0.0,0.0,0.0,0.0,0.00012605196096649598,0.0,5.992184934140082,5.916657693826162,1.2160411566597418e-15,1.3877787807814457e-17,0.40299976361858664,0.0,-6.300000000000001,6.300000000000001,0.14142135623730964,0.14142135623730953,2.197704171964015e-08,4.727619254841045e-06,0.011984477307689183,0.0118,4.727632736942766e-06,0.0118333727217845,0.0118
393,0.786,0.788,-4.352798953146262,4.553703271056703,0.1004521589552203,8.906502224202965,-0.09822571931204283,0.11463833636490145,-4.352798953146262,4.553703271056703,-6.003113701121335,6.006227402242669,0.0015568505606671224,12.009341103364005,0.015568505606673196,0.0,0.015568505606673196,0.0,-0.015568505606673196,-0.015568505606673196,0.0,0.0,0.0,0.0,0.0,0.0,0.00012504756820655942,0.0,5.992130317482623,5.916629084095231,3.0547396209779087e-16,1.5612511283791264e-17,0.4029997636186094,0.0,-6.300000000000001,6.300000000000001,0.14142135623730964,0.14142135623730953,2.1976186177789778e-08,4.727618800603353e-06,0.011984369868280163,0.0118,4.727632907475243e-06,0.011833315387652324,0.0118
394,0.788,0.79,-4.352867264371416,4.55282457359093,0.09997865460975675,8.905691837962346,-0.09821917288368037,0.11466060205010314,-4.352867264371416,4.55282457359093,-6.0030888908856275,6.006177781771256,0.0015444454428141796,12.009266672656883,0.015444454428139525,0.0,0.015444454428139525,0.0,-0.015444454428139525,-0.015444454428139525,0.0,0.0,0.0,0.0,0.0,0.0,0.00012405117853367108,0.0,5.992074813669192,5.916600531584798,8.124197928977006e-16,1.9081958235744878e-17,0.4029997636186329,0.0,-6.300000000000001,6.300000000000001,0.14142135623730964,0.14142135623730953,2.1975328577378634e-08,4.727618330296317e-06,0.011984260634965245,0.0118,4.727633086198946e-06,0.01183325816819046,0.0118
395,0.79,0.792,-4.352935366827397,4.5519578726197185,0.09951125289616058,8.904893239447116,-0.09821270753859218,0.11468177983307765,-4.352935366827397,4.5519578726197185,-6.003064278339992,6.006128556679985,0.0015321391699965048,12.009192835019977,0.015321391699960973,0.0,0.015321391699960973,0.0,-0.015321391699960973,-0.015321391699960973,0.0,0.0,0.0,0.0,0.0,0.0,0.0001230627281785518,0.0,5.992018432413408,5.916572036180433,1.1593373830387499e-15,1.9081958235744878e-17,0.40299976361865725,0.0,-6.300000000000001,6.300000000000001,0.14142135623730964,0.14142135623730953,2.1974468932922574e-08,4.727617843495832e-06,0.011984149627338384,0.0118,4.727633273429177e-06,0.011833201063169598,0.0118
396,0.792,0.794,-4.353003258357989,4.551102884520942,0.09904981308147631,8.90410614287893,-0.09820632251149805,0.11470191195616292,-4.353003258357989,4.551102884520942,-6.003039861909216,6.006079723818432,0.0015199309546076734,12.009119585727648,0.015199309546080932,0.0,0.015199309546080932,0.0,-0.015199309546080932,-0.015199309546080932,0.0,0.0,0.0,0.0,0.0,0.0,0.00012208215388004144,0.0,5.991961183346193,5.916543597767934,9.246076126956382e-16,2.0816681711721685e-17,0.4029997636186824,0.0,-6.300000000000001,6.300000000000001,0.14142135623730964,0.14142135623730953,2.1973607258823188e-08,4.72761733976891e-06,0.011984036864826816,0.0118,4.7276334694945635e-06,0.011833144072360866,0.0118
397,0.794,0.796,-4.35307093695372,4.550259335839866,0.09859419944307302,8.903330272793585,-0.0982000169841371,0.11472103872558453,-4.35307093695372,4.550259335839866,-6.0030156400306405,6.00603128006128,0.001507820015319794,12.00904692009192,0.015078200153199882,0.0,0.015078200153199882,0.0,-0.015078200153199882,-0.015078200153199882,0.0,0.0,0.0,0.0,0.0,0.0,0.0001211093928810502,0.0,5.991903076016457,5.9165152162333285,4.49293380277993e-16,1.9081958235744878e-17,0.4029997636187085,0.0,-6.300000000000001,6.300000000000001,0.14142135623730964,0.14142135623730953,2.197274356936865e-08,4.727616818669241e-06,0.011983922366692386,0.0118,4.727633674725951e-06,0.011833087195535868,0.0118
398,0.796,0.798,-4.353138400752531,4.5494269628028725,0.0981442810251707,8.902565363555404,-0.09819379008719417,0.11473919861745993,-4.353138400752531,4.5494269628028725,-6.002991611154055,6.00598322230811,0.0014958055770275536,12.008974833462165,0.01495805577027534,0.0,0.01495805577027534,0.0,-0.01495805577027534,-0.01495805577027534,0.0,0.0,0.0,0.0,0.0,0.0,0.00012014438292454211,0.0,5.991844119891751,5.916486891462874,7.561090425642347e-16,1.9081958235744878e-17,0.4029997636187354,0.0,-6.300000000000001,6.300000000000001,0.14142135623730964,0.14142135623730953,2.1971877878734658e-08,4.727616279748296e-06,0.011983806152032914,0.0118,4.72763388947195e-06,0.011833030432466656,0.0118
399,0.798,0.8,-4.353205648040188,4.548605510859937,0.09769993140987454,8.901811158900124,-0.09818764090225932,0.11475642837702943,-4.353205648040188,4.548605510859937,-6.002967773741605,6.005935547483211,0.0014838868708029196,12.008903321224816,0.014838868708025789,0.0,0.014838868708025789,0.0,-0.014838868708025789,-0.014838868708025789,0.0,0.0,0.0,0.0,0.0,0.0,0.00011918706224955056,0.0,5.991784324358929,5.916458623343053,9.315465065995454e-16,2.0816681711721685e-17,0.4029997636187633,0.0,-6.300000000000001,6.300000000000001,0.14142135623730964,0.14142135623730953,2.1971010200985263e-08,4.727615722548662e-06,0.011983688239783501,0.0118,4.727634114087831e-06,0.011832973782925747,0.0118
400,0.8,0.802,-4.353272677250426,4.547794734253835,0.0972610285017046,8.901067411504261,-0.09818156846380793,0.114772763111608,-4.353272677250426,4.547794734253835,-6.002944126267688,6.005888252535375,0.0014720631338436263,12.008832378803064,0.014720631338438563,0.0,0.014720631338438563,0.0,-0.014720631338438563,-0.014720631338438563,0.0,0.0,0.0,0.0,0.0,0.0,0.00011823736958722558,0.0,5.9917236987248055,5.916430411760574,1.2871648191747909e-15,1.734723475976807e-17,0.4029997636187921,0.0,-6.300000000000001,6.300000000000001,0.14142135623730964,0.14142135623730953,2.1970140550073803e-08,4.727615146608486e-06,0.011983568648717859,0.0118,4.727634348933307e-06,0.011832917246686106,0.0118
401,0.802,0.804,-4.353339486964877,4.546994395614253,0.09682745432468787,8.90033388257913,-0.09817557176119526,0.11478823637771182,-4.353339486964877,4.546994395614253,-6.002920667218857,6.005841334437712,0.0014603336094278774,12.008762001656569,0.01460333609428165,0.0,0.01460333609428165,0.0,-0.01460333609428165,-0.01460333609428165,0.0,0.0,0.0,0.0,0.0,0.0,0.00011729524415691263,0.0,5.991662252216795,5.916402256602378,4.815483949094368e-16,1.734723475976807e-17,0.40299976361882184,0.0,-6.300000000000001,6.300000000000001,0.14142135623730964,0.14142135623730953,2.196926893984374e-08,4.727614551465917e-06,0.011983447397449611,0.0118,4.727634594388075e-06,0.011832860823521148,0.0118
402,0.804,0.806,-4.353406075912761,4.546204265575078,0.09639909483115838,8.89961034148784,-0.09816964974065756,0.11480288026277624,-4.353406075912761,4.546204265575078,-6.002897395093724,6.005794790187448,0.0014486975468619434,12.008692185281172,0.014486975468619387,0.0,0.014486975468619387,0.0,-0.014486975468619387,-0.014486975468619387,0.0,0.0,0.0,0.0,0.0,0.0,0.00011636062566226259,0.0,5.991599993983564,5.916374157755628,9.522547680940185e-16,1.5612511283791264e-17,0.4029997636188526,0.0,-6.300000000000001,6.300000000000001,0.14142135623730964,0.14142135623730953,2.1968395384029537e-08,4.727613936636895e-06,0.01198332450443359,0.0118,4.727634850836271e-06,0.011832804513204757,0.0118
403,0.806,0.808,-4.353472442970357,4.54542412241332,0.09597583972148138,8.898896565383676,-0.0981638013073205,0.11481672546184929,-4.353472442970357,4.54542412241332,-6.002874308402866,6.005748616805732,0.0014371542014330885,12.008622925208599,0.014371542014332014,0.0,0.014371542014332014,0.0,-0.014371542014332014,-0.014371542014332014,0.0,0.0,0.0,0.0,0.0,0.0,0.00011543345428737277,0.0,5.991536933095666,5.916346115107718,2.024422296464934e-15,1.214306433183765e-17,0.4029997636188843,0.0,-6.300000000000001,6.300000000000001,0.14142135623730964,0.14142135623730953,2.1967519896257537e-08,4.727613301641805e-06,0.011983199987967128,0.0118,4.7276351186753554e-06,0.011832748315511257,0.0118
404,0.808,0.81,-4.353538587160291,4.544653751708206,0.09555758227395739,8.898192338868498,-0.09815802532719964,0.1148298013496099,-4.353538587160291,4.544653751708206,-6.002851405668728,6.005702811337456,0.001425702834364273,12.008554217006184,0.014257028343639056,0.0,0.014257028343639056,0.0,-0.014257028343639056,-0.014257028343639056,0.0,0.0,0.0,0.0,0.0,0.0,0.00011451367069295871,0.0,5.991473078546171,5.9163181285462585,6.653071106185737e-16,1.0408340855860843e-17,0.4029997636189171,0.0,-6.300000000000001,6.300000000000001,0.14142135623730964,0.14142135623730953,2.196664249004681e-08,4.7276126459943695e-06,0.01198307386619133,0.0118,4.727635398311669e-06,0.011832692230215436,0.0118
405,0.81,0.812,-4.353604507650609,4.54389294601912,0.09514421918425553,8.897497453669729,-0.09815232062919704,0.11484213604804228,-4.353604507650609,4.54389294601912,-6.002828685425525,6.005657370851051,0.0014143427127626396,12.008486056276576,0.0141434271276265,0.0,0.0141434271276265,0.0,-0.0141434271276265,-0.0141434271276265,0.0,0.0,0.0,0.0,0.0,0.0,0.00011360121601255643,0.0,5.991408439251297,5.916290197959093,2.393918396847994e-16,6.938893903907228e-18,0.40299976361895096,0.0,-6.300000000000001,6.300000000000001,0.14142135623730964,0.14142135623730953,2.196576317881e-08,4.727611969197208e-06,0.011982946157092344,0.0118,4.7276356901648774e-06,0.011832636257092516,0.0118
406,0.812,0.8140000000000001,-4.353670203753692,4.543141504581147,0.09473565041372733,8.89681170833484,-0.09814668600708149,0.11485375649006202,-4.353670203753692,4.543141504581147,-6.0028061462191555,6.005612292438311,0.0014030731095777682,12.008418438657467,0.014030731095777745,0.0,0.014030731095777745,0.0,-0.014030731095777745,-0.014030731095777745,0.0,0.0,0.0,0.0,0.0,0.0,0.00011269603184875491,0.0,5.991343024051033,5.916262323234287,4.704082175871482e-16,6.938893903907228e-18,0.4029997636189859,0.0,-6.300000000000001,6.300000000000001,0.14142135623730964,0.14142135623730953,2.1964881975854175e-08,4.7276112707485e-06,0.011982816878502594,0.0118,4.727635994661306e-06,0.011832580395918184,0.0118
407,0.8140000000000001,0.8160000000000001,-4.353735674924986,4.5423992330170915,0.09433177904605294,8.896134907942077,-0.09814112022145688,0.11486468847936859,-4.353735674924986,4.5423992330170915,-6.002783786607101,6.005567573214203,0.0013918933035510506,12.008351359821305,0.013918933035508285,0.0,0.013918933035508285,0.0,-0.013918933035508285,-0.013918933035508285,0.0,0.0,0.0,0.0,0.0,0.0,0.0001117980602694587,0.0,5.991276841709752,5.916234504260131,1.0477729794899915e-15,6.938893903907228e-18,0.4029997636190219,0.0,-6.300000000000001,6.300000000000001,0.14142135623730964,0.14142135623730953,2.1963998894381675e-08,4.727610550141983e-06,0.011982686048102065,0.0118,4.727636312247263e-06,0.011832524646468574,0.0118
408,0.8160000000000001,0.8180000000000001,-4.353800920761578,4.541665943064908,0.09393251115166512,8.895466863826485,-0.09813562200170586,0.11487495674678383,-4.353800920761578,4.541665943064908,-6.002761605158341,6.005523210316682,0.0013808025791703926,12.008284815475022,0.013808025791704105,0.0,0.013808025791704105,0.0,-0.013808025791704105,-0.013808025791704105,0.0,0.0,0.0,0.0,0.0,0.0,0.00011090724380418021,0.0,5.991209900916829,5.916206740925141,7.320533068622126e-16,5.204170427930421e-18,0.40299976361905904,0.0,-6.300000000000001,6.300000000000001,0.14142135623730964,0.14142135623730953,2.1963113947490938e-08,4.727609806864735e-06,0.011982553683419503,0.0118,4.72763664337128e-06,0.01183246900852026,0.0118
409,0.8180000000000001,0.8200000000000001,-4.353865941000633,4.540941452319565,0.09353775565946609,8.894807393320198,-0.09813019004791285,0.11488458500331172,-4.353865941000633,4.540941452319565,-6.0027396004532525,6.005479200906506,0.001369800226626694,12.008218801359758,0.013698002266263743,0.0,0.013698002266263743,0.0,-0.013698002266263743,-0.013698002266263743,0.0,0.0,0.0,0.0,0.0,0.0,0.00011002352544036163,0.0,5.991142210287249,5.916179033118051,6.696032617270475e-16,1.734723475976807e-18,0.4029997636190974,0.0,-6.300000000000001,6.300000000000001,0.14142135623730964,0.14142135623730953,2.196222714817733e-08,4.7276090403949495e-06,0.011982419801833658,0.0118,4.7276369884952095e-06,0.011832413481850282,0.0118
410,0.8200000000000001,0.8220000000000001,-4.353930735517681,4.54022558398844,0.0931474242353798,8.89415631950612,-0.09812482303275832,0.11489359599013343,-4.353930735517681,4.54022558398844,-6.002717771083529,6.005435542167057,0.00135888554176411,12.008153313250586,0.013588855417644017,0.0,0.013588855417644017,0.0,-0.013588855417644017,-0.013588855417644017,0.0,0.0,0.0,0.0,0.0,0.0,0.00010914684861972599,0.0,5.991073778362206,5.916151380727825,8.89913143176102e-16,3.469446951953614e-18,0.40299976361913686,0.0,-6.300000000000001,6.300000000000001,0.14142135623730964,0.14142135623730953,2.1961338509333967e-08,4.7276082502019415e-06,0.011982284420574498,0.0118,4.727637348103109e-06,0.011832358066236101,0.0118
411,0.8220000000000001,0.8240000000000001,-4.35399530432478,4.539518166659405,0.09276143116731239,8.893513470984185,-0.09811951960338544,0.11490201152574445,-4.35399530432478,4.539518166659405,-6.002696115652082,6.005392231304164,0.0013480578260409715,12.008088346956246,0.013480578260409359,0.0,0.013480578260409359,0.0,-0.013480578260409359,-0.013480578260409359,0.0,0.0,0.0,0.0,0.0,0.0,0.00010827715723465757,0.0,5.991004613609704,5.916123783643643,1.304512053934559e-15,5.204170427930421e-18,0.4029997636191776,0.0,-6.300000000000001,6.300000000000001,0.14142135623730964,0.14142135623730953,2.1960448043752537e-08,4.727607435755023e-06,0.011982147556724412,0.0118,4.727637722679035e-06,0.01183230276145565,0.0118
412,0.8240000000000001,0.8260000000000001,-4.354059647568565,4.538819034080812,0.09237969325612339,8.892878681649378,-0.09811427838323186,0.11490985255041719,-4.354059647568565,4.538819034080812,-6.002674632772957,6.005349265545914,0.0013373163864782711,12.008023898318871,0.013373163864784748,0.0,0.013373163864784748,0.0,-0.013373163864784748,-0.013373163864784748,0.0,0.0,0.0,0.0,0.0,0.0,0.00010741439562461084,0.0,5.99093472442515,5.916096241754913,6.626643678231403e-16,3.469446951953614e-18,0.4029997636192196,0.0,-6.300000000000001,6.300000000000001,0.14142135623730964,0.14142135623730953,2.19595557641241e-08,4.727606596514626e-06,0.011982009227219408,0.0118,4.727638112722587e-06,0.011832247567287285,0.0118
413,0.8260000000000001,0.8280000000000001,-4.35412376552818,4.538128024952675,0.09200212971224753,8.892251790480856,-0.09810909797383,0.1149171391681661,-4.35412376552818,4.538128024952675,-6.002653321071242,6.005306642142485,0.0013266605356214711,12.007959963213727,0.0132666053562122,0.0,0.0132666053562122,0.0,-0.0132666053562122,-0.0132666053562122,0.0,0.0,0.0,0.0,0.0,0.0,0.00010655850857254827,0.0,5.990864119131942,5.916068754951261,9.592614246337061e-16,0.0,0.4029997636192628,0.0,-6.300000000000001,6.300000000000001,0.14142135623730964,0.14142135623730953,2.1958661683039917e-08,4.727605731934521e-06,0.0119818694488503,0.0118,4.7276385187466905e-06,0.011832192483509826,0.0118
414,0.8280000000000001,0.8300000000000001,-4.354187658613116,4.537444982728345,0.09162866205761455,8.89163264134146,-0.09810397695657058,0.11492389068637004,-4.354187658613116,4.537444982728345,-6.002632179182982,6.005264358365964,0.0013160895914907655,12.007896537548946,0.013160895914910794,0.0,0.013160895914910794,0.0,-0.013160895914910794,-0.013160895914910794,0.0,0.0,0.0,0.0,0.0,0.0,0.0001057094413014064,0.0,5.990792805982055,5.916041323122533,6.123573870198129e-16,1.734723475976807e-18,0.40299976361930734,0.0,-6.300000000000001,6.300000000000001,0.14142135623730964,0.14142135623730953,2.195776581299221e-08,4.727604841464036e-06,0.011981728238263883,0.0118,4.727638941282031e-06,0.01183213750990252,0.0118
415,0.8300000000000001,0.8320000000000001,-4.354251327360954,4.536769755426076,0.09125921403256099,8.89102108278703,-0.09809891389442674,0.11493012565320676,-4.354251327360954,4.536769755426076,-6.002611205755088,6.005222411510176,0.0013056028775437767,12.007833617265264,0.013056028775440204,0.0,0.013056028775440204,0.0,-0.013056028775440204,-0.013056028775440204,0.0,0.0,0.0,0.0,0.0,0.0,0.00010486713947059006,0.0,5.990720793156618,5.9160139461588015,8.066464163292153e-16,1.734723475976807e-18,0.40299976361935314,0.0,-6.300000000000001,6.300000000000001,0.14142135623730964,0.14142135623730953,2.195686816637499e-08,4.72760392454362e-06,0.01198158561196411,0.0118,4.727639380861515e-06,0.011832082646245065,0.0118
416,0.8320000000000001,0.834,-4.354314772435024,4.536102195449882,0.09089371150742886,8.890416967884907,-0.09809390733364079,0.11493586189303531,-4.354314772435024,4.536102195449882,-6.002590399445253,6.005180798890507,0.0012951997226267054,12.00777119833576,0.01295199722626771,0.0,0.01295199722626771,0.0,-0.01295199722626771,-0.01295199722626771,0.0,0.0,0.0,0.0,0.0,0.0,0.00010403154917249457,0.0,5.990648088766489,5.915986623950353,7.40401663590351e-16,3.469446951953614e-18,0.4029997636194004,0.0,-6.300000000000001,6.300000000000001,0.14142135623730964,0.14142135623730953,2.1955968755484827e-08,4.727602980607059e-06,0.011981441586313236,0.0118,4.727639838040254e-06,0.011832027892317602,0.0118
417,0.834,0.836,-4.3543779946219905,4.535442159419147,0.09053208239857824,8.889820154041137,-0.09808895580536992,0.11494111653985312,-4.3543779946219905,4.535442159419147,-6.002569758921868,6.005139517843735,0.0012848794609334746,12.007709276765603,0.012848794609338654,0.0,0.012848794609338654,0.0,-0.012848794609338654,-0.012848794609338654,0.0,0.0,0.0,0.0,0.0,0.0,0.0001032026169290556,0.0,5.990574700852827,5.915959356387698,8.007104094348572e-16,1.734723475976807e-18,0.40299976361944895,0.0,-6.300000000000001,6.300000000000001,0.14142135623730964,0.14142135623730953,2.1955067592521638e-08,4.727602009085918e-06,0.011981296177532977,0.0118,4.727640313380022e-06,0.011831973247900704,0.0118
418,0.836,0.838,-4.354440994829366,4.534789508006479,0.09017425658855638,8.889230502835844,-0.09808405782728999,0.11494590606895172,-4.354440994829366,4.534789508006479,-6.002549282863931,6.00509856572786,0.0012746414319648736,12.007647848591791,0.012746414319650328,0.0,0.012746414319650328,0.0,-0.012746414319650328,-0.012746414319650328,0.0,0.0,0.0,0.0,0.0,0.0,0.00010238028968832669,0.0,5.990500637387655,5.915932143361566,5.585809592645319e-16,3.469446951953614e-18,0.4029997636194989,0.0,-6.300000000000001,6.300000000000001,0.14142135623730964,0.14142135623730953,2.1954164689589456e-08,4.727601009405102e-06,0.011981149401705653,0.0118,4.727640807460354e-06,0.011831918712775396,0.0118
419,0.838,0.84,-4.354503774082967,4.53414410578333,0.0898201658501816,8.888647879866298,-0.0980792119051585,0.11495024632687756,-4.354503774082967,4.53414410578333,-6.002528969960966,6.005057939921932,0.0012644849804832603,12.007586909882898,0.012644849804829245,0.0,0.012644849804829245,0.0,-0.012644849804829245,-0.012644849804829245,0.0,0.0,0.0,0.0,0.0,0.0,0.0001015645148210837,0.0,5.990425906274421,5.915904984762902,1.8839096949108125e-15,6.938893903907228e-18,0.4029997636195503,0.0,-6.300000000000001,6.300000000000001,0.14142135623730964,0.14142135623730953,2.1953260058697198e-08,4.727599980980633e-06,0.011981001274775308,0.0118,4.727641320871889e-06,0.01183186428672313,0.0118
420,0.84,0.842,-4.354566333524311,4.533505821072948,0.08946974377431838,8.88807215459726,-0.09807441653433183,0.11495415255980412,-4.354566333524311,4.533505821072948,-6.0025088189129425,6.005017637825884,0.0012544094564708175,12.007526456738827,0.012544094564711788,0.0,0.012544094564711788,0.0,-0.012544094564711788,-0.012544094564711788,0.0,0.0,0.0,0.0,0.0,0.0,0.00010075524011745669,0.0,5.99035051534856,5.915877880482878,1.3478801408339791e-15,5.204170427930421e-18,0.4029997636196032,0.0,-6.300000000000001,6.300000000000001,0.14142135623730964,0.14142135623730953,2.1952353711759427e-08,4.7275989232218725e-06,0.011980851812548843,0.0118,4.72764185422081e-06,0.011831809969525804,0.0118
421,0.842,0.844,-4.3546286744079765,4.532874525810242,0.08912292570113278,8.88750320021822,-0.0980696702012418,0.11495763944041087,-4.3546286744079765,4.532874525810242,-6.002488828430185,6.004977656860372,0.001244414215093137,12.007466485290557,0.0124441421509282,0.0,0.0124441421509282,0.0,-0.0124441421509282,-0.0124441421509282,0.0,0.0,0.0,0.0,0.0,0.0,9.99524137835884e-05,0.0,5.990274472378036,5.915850830412875,7.008282842946301e-16,8.673617379884035e-18,0.4029997636196576,0.0,-6.300000000000001,6.300000000000001,0.14142135623730964,0.14142135623730953,2.195144566059714e-08,4.727597835540402e-06,0.011980701030697118,0.0118,4.7276424081288404e-06,0.011831755760965757,0.0118
422,0.844,0.846,-4.354690798098907,4.53225009540817,0.0887796486546315,8.886940893507077,-0.09806497138482778,0.11496072109336133,-4.354690798098907,4.53225009540817,-6.002468997233298,6.004937994466595,0.0012344986166485938,12.007406991699893,0.012344986166489881,0.0,0.012344986166489881,0.0,-0.012344986166489881,-0.012344986166489881,0.0,0.0,0.0,0.0,0.0,0.0,9.915598443831942e-05,0.0,5.990197785063899,5.915823834444495,1.412064909445121e-15,8.673617379884035e-18,0.4029997636197135,0.0,-6.300000000000001,6.300000000000001,0.14142135623730964,0.14142135623730953,2.1950535916938457e-08,4.72759671733226e-06,0.01198054894475607,0.0118,4.727642983228808e-06,0.01183170166082575,0.0118
423,0.846,0.848,-4.3547527060696885,4.531632408630295,0.0884398512803033,8.886385114699983,-0.09806031855792235,0.11496341111945682,-4.3547527060696885,4.531632408630295,-6.002449324053075,6.004898648106152,0.001224662026538148,12.007347972159227,0.012246620265379982,0.0,0.012246620265379982,0.0,-0.012246620265379982,-0.012246620265379982,0.0,0.0,0.0,0.0,0.0,0.0,9.836590110989979e-05,0.0,5.990120461040824,5.9157968924695625,7.441828186668942e-16,6.938893903907228e-18,0.40299976361977097,0.0,-6.300000000000001,6.300000000000001,0.14142135623730964,0.14142135623730953,2.1949624492419445e-08,4.727595567993485e-06,0.011980395570127799,0.0118,4.727643580164642e-06,0.011831647668888992,0.0118
424,0.848,0.85,-4.354814399897801,4.531021347469172,0.08810347378568517,8.885835747366972,-0.09805571018859677,0.1149657226185527,-4.354814399897801,4.531021347469172,-6.002429807630429,6.004859615260859,0.0012149038152147185,12.007289422891288,0.012149038152147254,0.0,0.012149038152147254,0.0,-0.012149038152147254,-0.012149038152147254,0.0,0.0,0.0,0.0,0.0,0.0,9.758211323272684e-05,0.0,5.990042507877651,5.915770004380112,2.7755575615628914e-17,6.938893903907228e-18,0.40299976361983003,0.0,-6.300000000000001,6.300000000000001,0.14142135623730964,0.14142135623730953,2.1948711398584778e-08,4.727594386911235e-06,0.011980240922081649,0.0118,4.727644199602477e-06,0.011831593784939125,0.0118
425,0.85,0.852,-4.354875881262837,4.530416797030239,0.08777045788370108,8.885292678293077,-0.09805114474145962,0.11496766821130558,-4.354875881262837,4.530416797030239,-6.002410446716301,6.004820893432601,0.0012052233581503202,12.007231340148902,0.012052233581503145,0.0,0.012052233581503145,0.0,-0.012052233581503145,-0.012052233581503145,0.0,0.0,0.0,0.0,0.0,0.0,9.680457064410887e-05,0.0,5.989963933077917,5.915743170068397,2.5500435096859064e-16,5.204170427930421e-18,0.4029997636198907,0.0,-6.300000000000001,6.300000000000001,0.14142135623730964,0.14142135623730953,2.194779664688853e-08,4.727593173472665e-06,0.011980085015755301,0.0118,4.727644842217327e-06,0.011831540008760223,0.0118
426,0.852,0.854,-4.3549371519437035,4.529818645420925,0.08744074673861091,8.88475579736463,-0.09804662067891198,0.11496926005981817,-4.3549371519437035,4.529818645420925,-6.002391240071584,6.004782480143169,0.001195620035792544,12.007173720214753,0.01195620035792209,0.0,0.01195620035792209,0.0,-0.01195620035792209,-0.01195620035792209,0.0,0.0,0.0,0.0,0.0,0.0,9.603322358105484e-05,0.0,5.989884744080388,5.91571638942689,1.268082860939046e-15,1.734723475976807e-18,0.40299976361995304,0.0,-6.300000000000001,6.300000000000001,0.14142135623730964,0.14142135623730953,2.194688024869488e-08,4.72759192705161e-06,0.011979927866155834,0.0118,4.727645508701972e-06,0.011831486340136794,0.0118
427,0.854,0.856,-4.354998213815817,4.52922678364469,0.08711428491443662,8.884224997460507,-0.09804213646235904,0.11497050988724972,-4.354998213815817,4.52922678364469,-6.002372186467049,6.004744372934098,0.0011860932335245877,12.007116559401148,0.011860932335245,0.0,0.011860932335245,0.0,-0.011860932335245,-0.011860932335245,0.0,0.0,0.0,0.0,0.0,0.0,9.526802267708938e-05,0.0,5.98980494825959,5.9156896623482735,7.935411225692968e-16,3.469446951953614e-18,0.40299976362001705,0.0,-6.300000000000001,6.300000000000001,0.14142135623730964,0.14142135623730953,2.1945962215278848e-08,4.727590647019683e-06,0.011979769488160777,0.0118,4.727646199762514e-06,0.01183143277885378,0.0118
428,0.856,0.858,-4.355059068848276,4.52864110549974,0.08679101832573188,8.883700174348016,-0.0980376905533778,0.11497142899644902,-4.355059068848276,4.52864110549974,-6.002353284683257,6.0047065693665145,0.0011766423416288418,12.007059854049771,0.011766423416285907,0.0,0.011766423416285907,0.0,-0.011766423416285907,-0.011766423416285907,0.0,0.0,0.0,0.0,0.0,0.0,9.45089189590935e-05,0.0,5.98972455292632,5.915662988725448,2.168404344971009e-15,6.938893903907228e-18,0.4029997636200827,0.0,-6.300000000000001,6.300000000000001,0.14142135623730964,0.14142135623730953,2.1945042557826973e-08,4.727589332748499e-06,0.01197960989651918,0.0118,4.727646916116158e-06,0.011831379324696547,0.0118
429,0.858,0.86,-4.355119719101045,4.528061507482168,0.08647089419056186,8.883181226583213,-0.09803328141484324,0.11497202828766373,-4.355119719101045,4.528061507482168,-6.0023345335104885,6.004669067020977,0.0011672667552442562,12.007003600531466,0.011672667552441736,0.0,0.011672667552441736,0.0,-0.011672667552441736,-0.011672667552441736,0.0,0.0,0.0,0.0,0.0,0.0,9.37558638441701e-05,0.0,5.989643565328174,5.915636368451536,1.3652273755937472e-15,6.938893903907228e-18,0.4029997636201502,0.0,-6.300000000000001,6.300000000000001,0.14142135623730964,0.14142135623730953,2.194412128743809e-08,4.727587983591907e-06,0.011979449105852639,0.0118,4.72764765850453e-06,0.011831325977450896,0.0118
430,0.86,0.862,-4.355180166722118,4.527487888693291,0.08615386098558675,8.882668055415408,-0.09802890751200916,0.11497231827538257,-4.355180166722118,4.527487888693291,-6.002315931748661,6.004631863497322,0.001157965874330813,12.006947795245983,0.011579658743305202,0.0,0.011579658743305202,0.0,-0.011579658743305202,-0.011579658743305202,0.0,0.0,0.0,0.0,0.0,0.0,9.300880913653481e-05,0.0,5.989561992650055,5.915609801419862,3.9311815521608784e-16,6.938893903907228e-18,0.40299976362021944,0.0,-6.300000000000001,6.300000000000001,0.14142135623730964,0.14142135623730953,2.194319841512398e-08,4.727586598910419e-06,0.011979287130656347,0.0118,4.727648427678144e-06,0.011831272736903072,0.0118
431,0.862,0.864,-4.355240413944702,4.52692015075097,0.08583986840313429,8.882160564695672,-0.09802456731354922,0.11497230910435502,-4.355240413944702,4.52692015075097,-6.0022974782072565,6.004594956414512,0.0011487391036277828,12.006892434621768,0.01148739103628077,0.0,0.01148739103628077,0.0,-0.01148739103628077,-0.01148739103628077,0.0,0.0,0.0,0.0,0.0,0.0,9.226770702443133e-05,0.0,5.989479842014683,5.9155832875239724,2.0816681711721685e-16,6.938893903907228e-18,0.4029997636202905,0.0,-6.300000000000001,6.300000000000001,0.14142135623730964,0.14142135623730953,2.1942273951810082e-08,4.727585178055664e-06,0.01197912398530011,0.0118,4.727649224405272e-06,0.011831219602839723,0.0118
432,0.864,0.866,-4.355300463084398,4.526358197704706,0.08552886731015397,8.881658660789103,-0.09802025929255581,0.11497201056483858,-4.355300463084398,4.526358197704706,-6.002279171705241,6.004558343410481,0.0011395858526199731,12.006837515115722,0.011395858526203699,0.0,0.011395858526203699,0.0,-0.011395858526203699,-0.011395858526203699,0.0,0.0,0.0,0.0,0.0,0.0,9.153251007707151e-05,0.0,5.989397120483105,5.9155568266576255,1.4305641090131549e-15,5.204170427930421e-18,0.4029997636203634,0.0,-6.300000000000001,6.300000000000001,0.14142135623730964,0.14142135623730953,2.1941347908336225e-08,4.72758372037261e-06,0.011978959684029365,0.0118,4.727650049467513e-06,0.011831166575047944,0.0118
433,0.866,0.868,-4.35536031653639,4.525801935954316,0.08522080970896306,8.881162252490707,-0.09801598192749644,0.11497143210711047,-4.35536031653639,4.525801935954316,-6.002261011070993,6.004522022141985,0.0011305055354959848,12.006783033212978,0.0113050553549621,0.0,0.0113050553549621,0.0,-0.0113050553549621,-0.0113050553549621,0.0,0.0,0.0,0.0,0.0,0.0,9.08031712415998e-05,0.0,5.989313835055184,5.915530418714796,2.0625862129364236e-15,3.469446951953614e-18,0.4029997636204381,0.0,-6.300000000000001,6.300000000000001,0.14142135623730964,0.14142135623730953,2.1940420295457263e-08,4.727582225197344e-06,0.011978794240966208,0.0118,4.727650903664227e-06,0.011831113653315252,0.0118
434,0.868,0.87,-4.355419976772658,4.525251274172021,0.0849156486996816,8.88067125094468,-0.09801173370313235,0.11497058285529105,-4.355419976772658,4.525251274172021,-6.0022429951422245,6.004485990284448,0.0011214975711117958,12.006728985426673,0.011214975711122017,0.0,0.011214975711122017,0.0,-0.011214975711122017,-0.011214975711122017,0.0,0.0,0.0,0.0,0.0,0.0,9.007964384008178e-05,0.0,5.989229992670114,5.915504063589662,9.211381657436846e-16,0.0,0.40299976362051476,0.0,-6.300000000000001,6.300000000000001,0.14142135623730964,0.14142135623730953,2.1939491123843794e-08,4.727580691870394e-06,0.011978627670110369,0.0118,4.727651787810317e-06,0.011831060837429592,0.0118
435,0.87,0.872,-4.355479446339189,4.524706123227761,0.08461333844428598,8.88018556956695,-0.09800751311139597,0.11496947162051019,-4.355479446339189,4.524706123227761,-6.002225122765911,6.004450245531822,0.001112561382955235,12.006675368297733,0.0111256138295555,0.0,0.0111256138295555,0.0,-0.0111256138295555,-0.0111256138295555,0.0,0.0,0.0,0.0,0.0,0.0,8.936188156651675e-05,0.0,5.9891456002069,5.915477761176625,2.7290723934175753e-16,0.0,0.40299976362059337,0.0,-6.300000000000001,6.300000000000001,0.14142135623730964,0.14142135623730953,2.193856040408283e-08,4.727579119721184e-06,0.011978459985340228,0.0118,4.72765270274067e-06,0.011831008127179325,0.0118
436,0.872,0.874,-4.355538727853225,4.524166396117589,0.08431383413218185,8.879705123970814,-0.09800331865222903,0.11496810691345616,-4.355538727853225,4.524166396117589,-6.002207392798215,6.0044147855964285,0.0011036963991069015,12.006622178394643,0.011036963991071626,0.0,0.011036963991071626,0.0,-0.011036963991071626,-0.011036963991071626,0.0,0.0,0.0,0.0,0.0,0.0,8.864983848387425e-05,0.0,5.98906066448485,5.915451511370292,9.384854005034526e-16,1.734723475976807e-18,0.40299976362067397,0.0,-6.300000000000001,6.300000000000001,0.14142135623730964,0.14142135623730953,2.193762814667847e-08,4.727577508072479e-06,0.011978291200413799,0.0118,4.727653649301278e-06,0.01183095552235325,0.0118
437,0.874,0.876,-4.3555978240005215,4.523632007894986,0.08401709194723228,8.879229831895508,-0.09799914883438468,0.11496649695633923,-4.3555978240005215,4.523632007894986,-6.00218980410441,6.004379608208819,0.0010949020522046382,12.00656941231323,0.010949020522050473,0.0,0.010949020522050473,0.0,-0.010949020522050473,-0.010949020522050473,0.0,0.0,0.0,0.0,0.0,0.0,8.794346902115391e-05,0.0,5.988975192264064,5.9154253140654856,1.1844637683861015e-15,3.469446951953614e-18,0.40299976362075657,0.0,-6.300000000000001,6.300000000000001,0.14142135623730964,0.14142135623730953,2.1936694362052565e-08,4.727575856247041e-06,0.0119781213289697,0.0118,4.727654628355893e-06,0.011830903022740584,0.0118
438,0.876,0.878,-4.355656737532634,4.52310287560496,0.083723069036163,8.878759613137593,-0.0979950021761894,0.11496464969429951,-4.355656737532634,4.52310287560496,-6.002172355558816,6.004344711117632,0.001086177779408004,12.006517066676448,0.010861777794080003,0.0,0.010861777794080003,0.0,-0.010861777794080003,-0.010861777794080003,0.0,0.0,0.0,0.0,0.0,0.0,8.724272797046905e-05,0.0,5.988889190245909,5.915399169157237,1.8466402452316233e-15,3.469446951953614e-18,0.4029997636208412,0.0,-6.300000000000001,6.300000000000001,0.14142135623730964,0.14142135623730953,2.1935759060545387e-08,4.7275741635587544e-06,0.011977950384528127,0.0118,4.727655640788253e-06,0.011830850628130971,0.0118
439,0.878,0.88,-4.355715471264225,4.522578918220781,0.08343172347827821,8.878294389485006,-0.09799087720627167,0.11496257280629224,-4.355715471264225,4.522578918220781,-6.002155046044719,6.004310092089438,0.0010775230223591947,12.006465138134157,0.010775230223595849,0.0,0.010775230223595849,0.0,-0.010775230223595849,-0.010775230223595849,0.0,0.0,0.0,0.0,0.0,0.0,8.654757048415319e-05,0.0,5.98880266507351,5.915373076540788,1.2186161368193948e-15,1.734723475976807e-18,0.40299976362092793,0.0,-6.300000000000001,6.300000000000001,0.14142135623730964,0.14142135623730953,2.193482225241629e-08,4.727572429321499e-06,0.011977778380491818,0.0118,4.727656687490977e-06,0.011830798338314475,0.0118
440,0.88,0.882,-4.355774028070404,4.522060056583255,0.08314301425642556,8.87783408465366,-0.09798677246425205,0.11496027371547285,-4.355774028070404,4.522060056583255,-6.002137874454305,6.004275748908609,0.001068937227151956,12.006413623362914,0.010689372271523959,0.0,0.010689372271523959,0.0,-0.010689372271523959,-0.010689372271523959,0.0,0.0,0.0,0.0,0.0,0.0,8.585795207188996e-05,0.0,5.988715623332203,5.915347036111591,8.205242041370298e-16,0.0,0.40299976362101675,0.0,-6.300000000000001,6.300000000000001,0.14142135623730964,0.14142135623730953,2.193388394784433e-08,4.727570652838056e-06,0.01197760533014702,0.0118,4.727657769383331e-06,0.011830746153081575,0.0118
441,0.882,0.884,-4.3558324108841004,4.521546213342375,0.08285690122913714,8.877378624226475,-0.09798268650140093,0.11495775959911247,-4.3558324108841004,4.521546213342375,-6.002120839688585,6.00424167937717,0.001060419844292504,12.006362519065755,0.010604198442926094,0.0,0.010604198442926094,0.0,-0.010604198442926094,-0.010604198442926094,0.0,0.0,0.0,0.0,0.0,0.0,8.517382859786557e-05,0.0,5.988628071550025,5.915321047765311,6.131027760133967e-16,0.0,0.4029997636211077,0.0,-6.300000000000001,6.300000000000001,0.14142135623730964,0.14142135623730953,2.193294415692898e-08,4.727568833413425e-06,0.011977431246664406,0.0118,4.7276588873934605e-06,0.011830694072223182,0.0118
442,0.884,0.886,-4.3558906226934555,4.521037312901274,0.08257334510390946,8.876927935594729,-0.09797861788125889,0.11495503739806692,-4.3558906226934555,4.521037312901274,-6.00210394065733,6.0042078813146595,0.0010519703286648863,12.00631182197199,0.01051970328664815,0.0,0.01051970328664815,0.0,-0.01051970328664815,-0.01051970328664815,0.0,0.0,0.0,0.0,0.0,0.0,8.449515627794418e-05,0.0,5.988540016198171,5.915295111397821,1.0199496412385822e-15,1.734723475976807e-18,0.4029997636212009,0.0,-6.300000000000001,6.300000000000001,0.14142135623730964,0.14142135623730953,2.1932002889690693e-08,4.727566970341505e-06,0.01197725614310005,0.0118,4.727660042471715e-06,0.011830642095530622,0.0118
443,0.886,0.888,-4.355948666539262,4.520533281362354,0.08229230741154625,8.876481947901617,-0.09797456518022926,0.11495211382581985,-4.355948666539262,4.520533281362354,-6.0020871762789945,6.004174352557989,0.0010435881394972313,12.006261528836983,0.010435881394971284,0.0,0.010435881394971284,0.0,-0.010435881394971284,-0.010435881394971284,0.0,0.0,0.0,0.0,0.0,0.0,8.382189167686565e-05,0.0,5.9884514636914545,5.9152692269052,1.0946105133413653e-15,5.204170427930421e-18,0.40299976362129625,0.0,-6.300000000000001,6.300000000000001,0.14142135623730964,0.14142135623730953,2.1931060156071583e-08,4.7275650629161914e-06,0.011977080032396342,0.0118,4.727661235583991e-06,0.011830590222795642,0.0118
444,0.888,0.89,-4.356006545512428,4.520034046475489,0.08201375048153059,8.876040591987916,-0.09797052698813202,0.11494899537712572,-4.356006545512428,4.520034046475489,-6.002070545480653,6.004141090961306,0.0010352727403262207,12.006211636441959,0.010352727403265819,0.0,0.010352727403265819,0.0,-0.010352727403265819,-0.010352727403265819,0.0,0.0,0.0,0.0,0.0,0.0,8.315399170546571e-05,0.0,5.988362420388771,5.915243394183743,1.5890067039947553e-15,3.469446951953614e-18,0.40299976362139384,0.0,-6.300000000000001,6.300000000000001,0.14142135623730964,0.14142135623730953,2.1930115965936066e-08,4.727563110424724e-06,0.011976902927382908,0.0118,4.7276624677139446e-06,0.0118305384538104,0.0118
445,0.89,0.892,-4.3560642627514845,4.519539537588214,0.0817376374183647,8.875603800339698,-0.09796650190873252,0.11494568833627053,-4.3560642627514845,4.519539537588214,-6.002054047197929,6.00410809439586,0.0010270235989651155,12.006162141593789,0.010270235989647901,0.0,0.010270235989647901,0.0,-0.010270235989647901,-0.010270235989647901,0.0,0.0,0.0,0.0,0.0,0.0,8.24914136179182e-05,0.0,5.988272892593553,5.915217613129943,1.403391292065237e-15,6.938893903907228e-18,0.40299976362149376,0.0,-6.300000000000001,6.300000000000001,0.14142135623730964,0.14142135623730953,2.192917032907146e-08,4.727561112154338e-06,0.011976724840777542,0.0118,4.727663739860777e-06,0.011830486788367485,0.0118
446,0.892,0.894,-4.35612182144012,4.519049685597805,0.0814639320788424,8.875171507037926,-0.0979624885602344,0.11494219878496845,-4.35612182144012,4.519049685597805,-6.002037680374928,6.004075360749855,0.0010188401874637876,12.006113041124783,0.010188401874638901,0.0,0.010188401874638901,0.0,-0.010188401874638901,-0.010188401874638901,0.0,0.0,0.0,0.0,0.0,0.0,8.183411500899938e-05,0.0,5.9881828865542195,5.915191883640515,1.2888995426507677e-15,5.204170427930421e-18,0.402999763621596,0.0,-6.300000000000001,6.300000000000001,0.14142135623730964,0.14142135623730953,2.1928223255188625e-08,4.7275590673833876e-06,0.011976545785187106,0.0118,4.727665053048114e-06,0.011830435226259888,0.0118
447,0.894,0.896,-4.356179224804764,4.518564422905166,0.08119259905020071,8.87474364770993,-0.09795848557574649,0.11493853260991643,-4.356179224804764,4.518564422905166,-6.002021443964165,6.004042887928331,0.0010107219820829627,12.006064331892496,0.010107219820827526,0.0,0.010107219820827526,0.0,-0.010107219820827526,-0.010107219820827526,0.0,0.0,0.0,0.0,0.0,0.0,8.118205381137389e-05,0.0,5.988092408464624,5.9151662056123655,1.6514567491299204e-15,1.734723475976807e-18,0.4029997636217006,0.0,-6.300000000000001,6.300000000000001,0.14142135623730964,0.14142135623730953,2.192727475392256e-08,4.727556975383568e-06,0.01197636577310844,0.0118,4.727666408312903e-06,0.01183038376728103,0.0118
448,0.896,0.898,-4.356236476112203,4.518083683370433,0.08092360362911499,8.874320159482636,-0.0979544916037195,0.11493469551002056,-4.356236476112203,4.518083683370433,-6.002005336926507,6.0040106738530135,0.0010026684632533645,12.00601601077952,0.010026684632534625,0.0,0.010026684632534625,0.0,-0.010026684632534625,-0.010026684632534625,0.0,0.0,0.0,0.0,0.0,0.0,8.053518829290254e-05,0.0,5.988001464464497,5.915140578942623,1.3521491868881408e-15,1.734723475976807e-18,0.4029997636218076,0.0,-6.300000000000001,6.300000000000001,0.14142135623730964,0.14142135623730953,2.1926324834833037e-08,4.727554835431011e-06,0.011976184816929247,0.0118,4.727667806707636e-06,0.011830332411224732,0.0118
449,0.898,0.9,-4.356293578667237,4.51760740227024,0.0806569118015017,8.873900980937478,-0.09795050530835472,0.11493069300331157,-4.356293578667237,4.51760740227024,-6.001989358231096,6.003978716462193,0.0009946791155481804,12.005968074693289,0.009946791155480653,0.0,0.009946791155480653,0.0,-0.009946791155480653,-0.009946791155480653,0.0,0.0,0.0,0.0,0.0,0.0,7.989347705397133e-05,0.0,5.987910060639896,5.915115003528612,1.1501216645726231e-15,0.0,0.40299976362191703,0.0,-6.300000000000001,6.300000000000001,0.14142135623730964,0.14142135623730953,2.1925373507405213e-08,4.727552646790751e-06,0.011976002928928994,0.0118,4.727669249300348e-06,0.011830281157885245,0.0118
450,0.9,0.902,-4.35635053581038,4.517135516256544,0.08039249022308192,8.873486052066923,-0.09794652536998558,0.11492653043356449,-4.35635053581038,4.517135516256544,-6.001973506855291,6.003947013710582,0.000986753427645759,12.005920520565873,0.00986753427645581,0.0,0.00986753427645581,0.0,-0.00986753427645581,-0.00986753427645581,0.0,0.0,0.0,0.0,0.0,0.0,7.925687902484194e-05,0.0,5.987818203023629,5.915089479267873,2.0521778720805628e-15,3.469446951953614e-18,0.40299976362202894,0.0,-6.300000000000001,6.300000000000001,0.14142135623730964,0.14142135623730953,2.19244207810502e-08,4.72755040872782e-06,0.011975820121279792,0.0118,4.7276707371901594e-06,0.011830230007057225,0.0118
451,0.902,0.904,-4.356407350915599,4.5166679633169595,0.0801303062006804,8.873075314232558,-0.09794255048543352,0.11492221297663807,-4.356407350915599,4.5166679633169595,-6.001957781784599,6.003915563569198,0.000978890892299411,12.005873345353796,0.009788908922992787,0.0,0.009788908922992787,0.0,-0.009788908922992787,-0.009788908922992787,0.0,0.0,0.0,0.0,0.0,0.0,7.862535346302321e-05,0.0,5.987725897595698,5.915064006058142,8.534839501805891e-16,5.204170427930421e-18,0.40299976362214335,0.0,-6.300000000000001,6.300000000000001,0.14142135623730964,0.14142135623730953,2.192346666510569e-08,4.727548120500588e-06,0.011975636406047256,0.0118,4.727672271480632e-06,0.011830178958535748,0.0118
452,0.904,0.906,-4.356464027388093,4.51620468273654,0.07987032767422386,8.872668710124632,-0.09793857936833836,0.11491774564654528,-4.356464027388093,4.51620468273654,-6.001942182012608,6.003884364025217,0.0009710910063045475,12.005826546037826,0.009710910063042123,0.0,0.009710910063042123,0.0,-0.009710910063042123,-0.009710910063042123,0.0,0.0,0.0,0.0,0.0,0.0,7.799885995066364e-05,0.0,5.9876331502837274,5.915038583797369,1.1917550279960665e-15,6.938893903907228e-18,0.4029997636222603,0.0,-6.300000000000001,6.300000000000001,0.14142135623730964,0.14142135623730953,2.1922511168836553e-08,4.727545781362985e-06,0.011975451795191395,0.0118,4.727673853306414e-06,0.011830128012116284,0.0118
453,0.906,0.908,-4.356520568662122,4.515745615060924,0.07961252319940115,8.872266183723045,-0.09793461074946316,0.11491313330126984,-4.356520568662122,4.515745615060924,-6.00192670654093,6.00385341308186,0.0009633532704649284,12.00578011962279,0.009633532704650158,0.0,0.009633532704650158,0.0,-0.009633532704650158,-0.009633532704650158,0.0,0.0,0.0,0.0,0.0,0.0,7.737735839196457e-05,0.0,5.987539966963388,5.915013212383702,1.6410484082740595e-15,6.938893903907228e-18,0.4029997636223798,0.0,-6.300000000000001,6.300000000000001,0.14142135623730964,0.14142135623730953,2.1921554301435394e-08,4.727543390568942e-06,0.011975266300567455,0.0118,4.727675483804372e-06,0.011830077167594736,0.0118
454,0.908,0.91,-4.356576978198866,4.5152907020608035,0.07935686193096858,8.871867680259669,-0.09793064337697666,0.11490838064834114,-4.356576978198866,4.5152907020608035,-6.001911354379128,6.003822708758256,0.0009556771895642413,12.005734063137384,0.009556771895639544,0.0,0.009556771895639544,0.0,-0.009556771895639544,-0.009556771895639544,0.0,0.0,0.0,0.0,0.0,0.0,7.67608090106141e-05,0.0,5.987446353458823,5.914987891715505,2.5032059758345326e-15,3.469446951953614e-18,0.402999763622502,0.0,-6.300000000000001,6.300000000000001,0.14142135623730964,0.14142135623730953,2.1920596072023184e-08,4.727540947367947e-06,0.011975079933926776,0.0118,4.727677164146904e-06,0.011830026424767404,0.0118
455,0.91,0.912,-4.356633259484343,4.514839886697656,0.07910331360665657,8.871473146181998,-0.0979266760167119,0.11490349225017668,-4.356633259484343,4.514839886697656,-6.0018961245446585,6.003792249089316,0.0009480622723287979,12.005688373633975,0.009480622723292302,0.0,0.009480622723292302,0.0,-0.009480622723292302,-0.009480622723292302,0.0,0.0,0.0,0.0,0.0,0.0,7.614917234724141e-05,0.0,5.987352315543068,5.9149626216913305,2.534430998402115e-15,6.938893903907228e-18,0.4029997636226268,0.0,-6.300000000000001,6.300000000000001,0.14142135623730964,0.14142135623730953,2.1919636489649776e-08,4.727538451000607e-06,0.011974892706917647,0.0118,4.727678895515286e-06,0.011829975783431009,0.0118
456,0.912,0.914,-4.356689416027353,4.5143931130906765,0.0788518485316616,8.87108252911803,-0.09792270745240222,0.11489847252920571,-4.356689416027353,4.5143931130906765,-6.001881016062807,6.003762032125614,0.000940508031403553,12.005643048188421,0.00940508031403541,0.0,0.00940508031403541,0.0,-0.00940508031403541,-0.00940508031403541,0.0,0.0,0.0,0.0,0.0,0.0,7.554240925689124e-05,0.0,5.987257858938463,5.914937402209952,5.128276275856436e-16,8.673617379884035e-18,0.4029997636227543,0.0,-6.300000000000001,6.300000000000001,0.14142135623730964,0.14142135623730953,2.1918675563294557e-08,4.727535900711972e-06,0.011974704631086136,0.0118,4.727680679115221e-06,0.011829925243382661,0.0118
457,0.914,0.916,-4.356745451357483,4.513950326484876,0.07860243756369645,8.870695777842359,-0.09791873648589772,0.11489332577278216,-4.356745451357483,4.513950326484876,-6.001866027966626,6.003732055933252,0.0009330139833130247,12.005598083899878,0.009330139833128892,0.0,0.009330139833128892,0.0,-0.009330139833128892,-0.009330139833128892,0.0,0.0,0.0,0.0,0.0,0.0,7.49404809065187e-05,0.0,5.987162989317076,5.914912233170335,8.099125753738279e-16,8.673617379884035e-18,0.4029997636228846,0.0,-6.300000000000001,6.300000000000001,0.14142135623730964,0.14142135623730953,2.1917713301866944e-08,4.7275332957382055e-06,0.011974515717876926,0.0118,4.727682516163511e-06,0.011829874804419903,0.0118
458,0.916,0.918,-4.356801369023137,4.513511473220276,0.07835505209856919,8.870312842243413,-0.09791476193735799,0.11488805613790024,-4.356801369023137,4.513511473220276,-6.001851159296871,6.003702318593742,0.0009255796484355372,12.005553477890613,0.009255796484356388,0.0,0.009255796484356388,0.0,-0.009255796484356388,-0.009255796484356388,0.0,0.0,0.0,0.0,0.0,0.0,7.434334877250394e-05,0.0,5.987067712301099,5.914887114471654,1.4363510381087963e-15,1.0408340855860843e-17,0.4029997636230176,0.0,-6.300000000000001,6.300000000000001,0.14142135623730964,0.14142135623730953,2.1916749714207007e-08,4.727530635313256e-06,0.011974325978634152,0.0118,4.727684407899169e-06,0.01182982446634067,0.0118
459,0.918,0.92,-4.356857172589629,4.513076500702171,0.07810966405627129,8.8699336732918,-0.09791078264542896,0.11488266765571603,-4.356857172589629,4.513076500702171,-6.001836409101943,6.003672818203888,0.0009182045509721348,12.005509227305831,0.009182045509718201,0.0,0.009182045509718201,0.0,-0.009182045509718201,-0.009182045509718201,0.0,0.0,0.0,0.0,0.0,0.0,7.375097463818653e-05,0.0,5.986972033463269,5.914862046013281,6.874519399915902e-16,1.0408340855860843e-17,0.40299976362315343,0.0,-6.300000000000001,6.300000000000001,0.14142135623730964,0.14142135623730953,2.1915784809086e-08,4.727527918671068e-06,0.011974135424602197,0.0118,4.727686355587846e-06,0.011829774228943307,0.0118
460,0.92,0.922,-4.356912865637298,4.512645357372412,0.07786624586755675,8.86955822300971,-0.09790679746739556,0.11487716423588923,-4.356912865637298,4.512645357372412,-6.001821776437825,6.00364355287565,0.0009108882189128309,12.005465329313475,0.009108882189126782,0.0,0.009108882189126782,0.0,-0.009108882189126782,-0.009108882189126782,0.0,0.0,0.0,0.0,0.0,0.0,7.316332059141967e-05,0.0,5.986875958327261,5.914837027694796,1.9949319973733282e-16,6.938893903907228e-18,0.4029997636232921,0.0,-6.300000000000001,6.300000000000001,0.14142135623730964,0.14142135623730953,2.1914818595206918e-08,4.7275251450344845e-06,0.011973944066926537,0.0118,4.727688360508519e-06,0.011829724092026562,0.0118
461,0.922,0.924,-4.356968451759692,4.5122179926816575,0.0776247704609827,8.86918644444135,-0.09790280527932155,0.11487154967075225,-4.356968451759692,4.5122179926816575,-6.001807260368021,6.0036145207360425,0.0009036301840108507,12.005421781104063,0.009036301840104639,0.0,0.009036301840104639,0.0,-0.009036301840104639,-0.009036301840104639,0.0,0.0,0.0,0.0,0.0,0.0,7.25803490221438e-05,0.0,5.986779492368091,5.914812059415979,2.0990154059319366e-16,3.469446951953614e-18,0.40299976362343365,0.0,-6.300000000000001,6.300000000000001,0.14142135623730964,0.14142135623730953,2.191385108120507e-08,4.727522313630791e-06,0.011973751916654523,0.0118,4.727690423955711e-06,0.011829674055389592,0.0118
462,0.924,0.926,-4.357023934561769,4.511794357062569,0.07738521125039988,8.868818291624338,-0.09789880497616671,0.11486582763931358,-4.357023934561769,4.511794357062569,-6.001792859963497,6.003585719926995,0.0008964299817488808,12.005378579890492,0.008964299817484658,0.0,0.008964299817484658,0.0,-0.008964299817484658,-0.008964299817484658,0.0,0.0,0.0,0.0,0.0,0.0,7.20020226199795e-05,0.0,5.986682641012516,5.914787141076811,1.0772632785815972e-15,6.938893903907228e-18,0.4029997636235782,0.0,-6.300000000000001,6.300000000000001,0.14142135623730964,0.14142135623730953,2.1912882275648606e-08,4.727519423682832e-06,0.011973558984736182,0.0118,4.7276925472439224e-06,0.011829624118831959,0.0118
463,0.926,0.928,-4.357079317658159,4.5113744019039,0.07714754212287067,8.868453719562059,-0.0978947954718895,0.11486000171109984,-4.357079317658159,4.5113744019039,-6.001778574302622,6.003557148605245,0.0008892871513115352,12.005335722907867,0.008892871513112818,0.0,0.008892871513112818,0.0,-0.008892871513112818,-0.008892871513112818,0.0,0.0,0.0,0.0,0.0,0.0,7.14283043718396e-05,0.0,5.986585409639424,5.914762272577477,6.185508919301363e-16,8.673617379884035e-18,0.40299976362372564,0.0,-6.300000000000001,6.300000000000001,0.14142135623730964,0.14142135623730953,2.1911912187039072e-08,4.72751647440901e-06,0.011973365282025032,0.0118,4.727694731718746e-06,0.011829574282153622,0.0118
464,0.928,0.93,-4.357134604671464,4.510958079525447,0.07691173742699142,8.868092684196911,-0.09789077569953258,0.11485407534985226,-4.357134604671464,4.510958079525447,-6.001764402471111,6.0035288049422215,0.0008822012355551578,12.005293207413333,0.008822012355553258,0.0,0.008822012355553258,0.0,-0.008822012355553258,-0.008822012355553258,0.0,0.0,0.0,0.0,0.0,0.0,7.085915755956043e-05,0.0,5.986487803580229,5.91473745381836,7.424616477180734e-16,6.938893903907228e-18,0.40299976362387613,0.0,-6.300000000000001,6.300000000000001,0.14142135623730964,0.14142135623730953,2.1910940823811953e-08,4.727513465023285e-06,0.01197317081927885,0.0118,4.727696978727991e-06,0.011829524545154953,0.0118
465,0.93,0.932,-4.357189799230598,4.510545343153832,0.07667777196161696,8.86773514238443,-0.09788674461129271,0.11484805191707637,-4.357189799230598,4.510545343153832,-6.00175034356196,6.0035006871239185,0.0008751717809794002,12.005251030685878,0.008751717809795705,0.0,0.008751717809795705,0.0,-0.008751717809795705,-0.008751717809795705,0.0,0.0,0.0,0.0,0.0,0.0,7.029454575755171e-05,0.0,5.986389828119254,5.914712684700045,1.0205595049606053e-15,1.0408340855860843e-17,0.4029997636240296,0.0,-6.300000000000001,6.300000000000001,0.14142135623730964,0.14142135623730953,2.1909968194337183e-08,4.727510394739621e-06,0.01197297560716046,0.0118,4.727699289657217e-06,0.01182947490763672,0.0118
466,0.932,0.934,-4.357244904969174,4.510136146899077,0.07644562096495156,8.86738105186825,-0.09788270117857628,0.11484193467545242,-4.357244904969174,4.510136146899077,-6.001736396675393,6.003472793350785,0.0008681983376961355,12.005209190026179,0.00868198337696524,0.0,0.00868198337696524,0.0,-0.00868198337696524,-0.00868198337696524,0.0,0.0,0.0,0.0,0.0,0.0,6.97344328304654e-05,0.0,5.986291488494113,5.914687965123317,1.248377486454122e-15,8.673617379884035e-18,0.4029997636241862,0.0,-6.300000000000001,6.300000000000001,0.14142135623730964,0.14142135623730953,2.1908994306919724e-08,4.727507262765317e-06,0.011972779656238507,0.0118,4.727701665896423e-06,0.01182942536940009,0.0118
467,0.934,0.936,-4.357299925523926,4.509730445731945,0.07621526010400936,8.867030371255872,-0.0978786443920382,0.11483572679211823,-4.357299925523926,4.509730445731945,-6.0017225609188065,6.003445121837614,0.0008612804594037016,12.00516768275642,0.008612804594034356,0.0,0.008612804594034356,0.0,-0.008612804594034356,-0.008612804594034356,0.0,0.0,0.0,0.0,0.0,0.0,6.917878293088297e-05,0.0,5.986192789896106,5.91466329498916,8.256741644563359e-16,8.673617379884035e-18,0.4029997636243459,0.0,-6.300000000000001,6.300000000000001,0.14142135623730964,0.14142135623730953,2.1908019169800046e-08,4.7275040683121155e-06,0.011972582976988225,0.0118,4.727704108857811e-06,0.011829375930246633,0.0118
468,0.936,0.9380000000000001,-4.357354864533183,4.5093281954620075,0.07598666546441235,8.86668305999519,-0.09787457326160862,0.11482943134182202,-4.357354864533183,4.5093281954620075,-6.001708835406707,6.003417670813415,0.0008544177033540379,12.005126506220122,0.008544177033537334,0.0,0.008544177033537334,0.0,-0.008544177033537334,-0.008544177033537334,0.0,0.0,0.0,0.0,0.0,0.0,6.86275604970212e-05,0.0,5.986093737470579,5.914638674198758,8.72565908416334e-16,1.214306433183765e-17,0.40299976362450884,0.0,-6.300000000000001,6.300000000000001,0.14142135623730964,0.14142135623730953,2.190704279115468e-08,4.727500810582875e-06,0.011972385579792211,0.0118,4.727706619986893e-06,0.01182932658997832,0.0118
469,0.9380000000000001,0.9400000000000001,-4.357409725635374,4.508929352716429,0.07575981354052752,8.866339078351803,-0.09787048681650701,0.11482305130995879,-4.357409725635374,4.508929352716429,-6.001695219260657,6.003390438521315,0.0008476096303287051,12.005085657781972,0.008476096303286879,0.0,0.008476096303286879,0.0,-0.008476096303286879,-0.008476096303286879,0.0,0.0,0.0,0.0,0.0,0.0,6.808073025045616e-05,0.0,5.985994336317312,5.914614102653497,4.655970704467438e-16,1.214306433183765e-17,0.40299976362467493,0.0,-6.300000000000001,6.300000000000001,0.14142135623730964,0.14142135623730953,2.1906065179096718e-08,4.7274974887826765e-06,0.011972187474941158,0.0118,4.72770920072918e-06,0.011829277348397517,0.0118
470,0.9400000000000001,0.9420000000000001,-4.3574645124675815,4.50853387491942,0.07553468122591944,8.865998387387002,-0.09786638410524004,0.11481658959548821,-4.3574645124675815,4.50853387491942,-6.001681711609218,6.003363423218437,0.0008408558046095749,12.005045134827656,0.008408558046093013,0.0,0.008408558046093013,0.0,-0.008408558046093013,-0.008408558046093013,0.0,0.0,0.0,0.0,0.0,0.0,6.753825719386542e-05,0.0,5.9858945914908865,5.914589580254955,1.2333883914195098e-15,1.5612511283791264e-17,0.40299976362484424,0.0,-6.300000000000001,6.300000000000001,0.14142135623730964,0.14142135623730953,2.190508634167635e-08,4.727494102109939e-06,0.011971988672634623,0.0118,4.727711852563488e-06,0.011829228205306993,0.0118
471,0.9420000000000001,0.9440000000000001,-4.357519228664133,4.508141720272347,0.07531124580410697,8.86566094893648,-0.09786226419559271,0.11481004901374589,-4.357519228664133,4.508141720272347,-6.001668311587896,6.003336623175794,0.0008341557939486322,12.00500493476369,0.008341557939484224,0.0,0.008341557939484224,0.0,-0.008341557939484224,-0.008341557939484224,0.0,0.0,0.0,0.0,0.0,0.0,6.700010660878819e-05,0.0,5.985794508001057,5.9145651069049165,1.132774429812855e-15,1.5612511283791264e-17,0.4029997636250169,0.0,-6.300000000000001,6.300000000000001,0.14142135623730964,0.14142135623730953,2.1904106286881353e-08,4.7274906497608595e-06,0.011971789182981772,0.0118,4.727714576986397e-06,0.01182917916050991,0.0118
472,0.9440000000000001,0.9460000000000001,-4.357573877855226,4.507752847734464,0.07508948493961887,8.86532672558969,-0.09785812617460213,0.11480343229914605,-4.357573877855226,4.507752847734464,-6.001655018339086,6.003310036678172,0.0008275091695431058,12.004965055017259,0.00827509169543082,0.0,0.00827509169543082,0.0,-0.00827509169543082,-0.00827509169543082,0.0,0.0,0.0,0.0,0.0,0.0,6.646624405340335e-05,0.0,5.985694090813114,5.914540682505358,4.926614671774132e-16,1.5612511283791264e-17,0.4029997636251928,0.0,-6.300000000000001,6.300000000000001,0.14142135623730964,0.14142135623730953,2.1903125022637605e-08,4.727487130931638e-06,0.011971589016002112,0.0118,4.727717375510032e-06,0.011829130213809833,0.0118
473,0.9460000000000001,0.9480000000000001,-4.357628463665609,4.507367217004254,0.07486937666932247,8.864995680669864,-0.09785396914852307,0.11479674210778584,-4.357628463665609,4.507367217004254,-6.001641831012014,6.003283662024028,0.0008209155060070472,12.004925493036042,0.008209155060070495,0.0,0.008209155060070495,0.0,-0.008209155060070495,-0.008209155060070495,0.0,0.0,0.0,0.0,0.0,0.0,6.593663536032512e-05,0.0,5.98559334484825,5.914516306958454,2.247009002476208e-16,1.9081958235744878e-17,0.4029997636253721,0.0,-6.300000000000001,6.300000000000001,0.14142135623730964,0.14142135623730953,2.19021425568096e-08,4.72748354481403e-06,0.011971388181626227,0.0118,4.727720249673162e-06,0.011829081365010716,0.0118
474,0.9480000000000001,0.9500000000000001,-4.357682989713282,4.5069847885013505,0.07465089939403446,8.864667778214631,-0.097849792242784,0.11478998101995153,-4.357682989713282,4.5069847885013505,-6.001628748762687,6.003257497525374,0.0008143743813437965,12.004886246288061,0.008143743813436079,0.0,0.008143743813436079,0.0,-0.008143743813436079,-0.008143743813436079,0.0,0.0,0.0,0.0,0.0,0.0,6.541124663441637e-05,0.0,5.98549227498392,5.914491980166579,3.642919299551295e-16,1.9081958235744878e-17,0.40299976362555484,0.0,-6.300000000000001,6.300000000000001,0.14142135623730964,0.14142135623730953,2.1901158897200928e-08,4.727479890599793e-06,0.0119711866896965,0.0118,4.727723201027878e-06,0.011829032613916907,0.0118
475,0.9500000000000001,0.9520000000000001,-4.3577374596082485,4.506605523349012,0.07443403187038156,8.864342982957261,-0.09784559460193076,0.11478315154253363,-4.3577374596082485,4.506605523349012,-6.001615770753837,6.003231541507674,0.0008078853769184491,12.00484731226151,0.00807885376918546,0.0,0.00807885376918546,0.0,-0.00807885376918546,-0.00807885376918546,0.0,0.0,0.0,0.0,0.0,0.0,6.48900442506193e-05,0.0,5.985390886054196,5.914467702032303,2.445960101127298e-16,1.5612511283791264e-17,0.40299976362574097,0.0,-6.300000000000001,6.300000000000001,0.14142135623730964,0.14142135623730953,2.1900174051554783e-08,4.727476167478466e-06,0.01197098454996784,0.0118,4.727726231152918e-06,0.011828983960333158,0.0118
476,0.9520000000000001,0.9540000000000001,-4.357791876951304,4.50622938335714,0.07421875320291793,8.864021260308444,-0.09784137538956017,0.11477625611135273,-4.357791876951304,4.50622938335714,-6.001602896154867,6.003205792309733,0.0008014480774329868,12.0048086884646,0.008014480774333657,0.0,0.008014480774333657,0.0,-0.008014480774333657,-0.008014480774333657,0.0,0.0,0.0,0.0,0.0,0.0,6.437299485180348e-05,0.0,5.985289182850127,5.914443472458391,8.759675927325072e-16,1.3877787807814457e-17,0.4029997636259306,0.0,-6.300000000000001,6.300000000000001,0.14142135623730964,0.14142135623730953,2.1899188027554452e-08,4.7274723746373635e-06,0.011970781772108393,0.0118,4.727729341638121e-06,0.011828935404064605,0.0118
477,0.9540000000000001,0.9560000000000001,-4.357846245332857,4.505856331005815,0.07400504283647935,8.863702576338671,-0.09783713378824804,0.11476929709339959,-4.357846245332857,4.505856331005815,-6.0015901241417975,6.003180248283595,0.0007950620708987444,12.004770372425392,0.007950620708987026,0.0,0.007950620708987026,0.0,-0.007950620708987026,-0.007950620708987026,0.0,0.0,0.0,0.0,0.0,0.0,6.386006534663085e-05,0.0,5.985187170120082,5.914419291347809,1.4269862418439527e-15,1.5612511283791264e-17,0.4029997636261238,0.0,-6.300000000000001,6.300000000000001,0.14142135623730964,0.14142135623730953,2.18982008328238e-08,4.727468511261582e-06,0.011970578365700254,0.0118,4.727732534104412e-06,0.011828886944916782,0.0118
478,0.9560000000000001,0.9580000000000001,-4.357900568331787,4.505486329429331,0.0737928805487722,8.863386897761117,-0.09783286899946411,0.1147622767889965,-4.357900568331787,4.505486329429331,-6.001577453897216,6.003154907794432,0.0007887269486079873,12.004732361691648,0.007887269486079587,0.0,0.007887269486079587,0.0,-0.007887269486079587,-0.007887269486079587,0.0,0.0,0.0,0.0,0.0,0.0,6.335122290743802e-05,0.0,5.985084852570115,5.9143951586037105,9.669457075311971e-16,1.5612511283791264e-17,0.4029997636263205,0.0,-6.300000000000001,6.300000000000001,0.14142135623730964,0.14142135623730953,2.189721247492776e-08,4.727464576533997e-06,0.011970374340240165,0.0118,4.72773581018604e-06,0.011828838582695617,0.0118
479,0.9580000000000001,0.96,-4.357954849514348,4.505119342400708,0.07358224644318012,8.863074191915057,-0.09782858024348112,0.11475519743387744,-4.357954849514348,4.505119342400708,-6.0015648846102225,6.003129769220444,0.0007824423051108198,12.004694653830667,0.007824423051111452,0.0,0.007824423051111452,0.0,-0.007824423051111452,-0.007824423051111452,0.0,0.0,0.0,0.0,0.0,0.0,6.284643496813519e-05,0.0,5.984982234864289,5.91437107412945,1.4328815911568427e-15,1.3877787807814457e-17,0.40299976362652085,0.0,-6.300000000000001,6.300000000000001,0.14142135623730964,0.14142135623730953,2.1896222961372807e-08,4.727460569637484e-06,0.011970169705140228,0.0118,4.727739171539458e-06,0.011828790317207422,0.0118
480,0.96,0.962,-4.358009092433099,4.504755334316674,0.07337312094178738,8.862764426749774,-0.0978242667592763,0.11474806120119654,-4.358009092433099,4.504755334316674,-6.001552415476378,6.003104830952755,0.000776207738188539,12.004657246429133,0.00776207738188933,0.0,0.00776207738188933,0.0,-0.00776207738188933,-0.00776207738188933,0.0,0.0,0.0,0.0,0.0,0.0,6.234566922212196e-05,0.0,5.984879321625041,5.9143470378285805,1.6896206656014101e-15,1.5612511283791264e-17,0.40299976362672485,0.0,-6.300000000000001,6.300000000000001,0.14142135623730964,0.14142135623730953,2.189523229960743e-08,4.727456489750479e-06,0.011969964469728579,0.0118,4.727742619841102e-06,0.0118287421482589,0.0118
481,0.962,0.964,-4.358063300625871,4.50439427018309,0.07316548477860918,8.86245757080896,-0.09781992780442367,0.11474087020346316,-4.358063300625871,4.50439427018309,-6.001540045697654,6.003080091395308,0.00077002284882699,12.004620137092962,0.007700228488269111,0.0,0.007700228488269111,0.0,-0.007700228488269111,-0.007700228488269111,0.0,0.0,0.0,0.0,0.0,0.0,6.184889362021965e-05,0.0,5.984776117433506,5.914323049604839,7.424616477180734e-16,1.214306433183765e-17,0.4029997636269325,0.0,-6.300000000000001,6.300000000000001,0.14142135623730964,0.14142135623730953,2.1894240497022623e-08,4.727452336051414e-06,0.01196975864325008,0.0118,4.727746156789614e-06,0.011828694075657162,0.0118
482,0.964,0.966,-4.358117477614768,4.5040361156008055,0.07295931899301866,8.862153593215574,-0.09781556265498065,0.1147336264944078,-4.358117477614768,4.5040361156008055,-6.00152777448238,6.00305554896476,0.00076388724118992,12.00458332344714,0.007638872411900491,0.0,0.007638872411900491,0.0,-0.007638872411900491,-0.007638872411900491,0.0,0.0,0.0,0.0,0.0,0.0,6.135607636862015e-05,0.0,5.984672626829867,5.914299109362166,5.569817610601158e-16,1.3877787807814457e-17,0.40299976362714396,0.0,-6.300000000000001,6.300000000000001,0.14142135623730964,0.14142135623730953,2.1893247560952326e-08,4.727448107718727e-06,0.011969552234867011,0.0118,4.727749784096957e-06,0.011828646099209677,0.0118
483,0.966,0.968,-4.358171626905208,4.503680836751934,0.07275460492336272,8.861852463657142,-0.09781117060536748,0.11472633207078323,-4.358171626905208,4.503680836751934,-6.001515601045194,6.00303120209039,0.0007578005225976625,12.004546803135584,0.00757800522597364,0.0,0.00757800522597364,0.0,-0.00757800522597364,-0.00757800522597364,0.0,0.0,0.0,0.0,0.0,0.0,6.0867185926851184e-05,0.0,5.984568854313685,5.9142752170046915,5.776900225545889e-16,1.5612511283791264e-17,0.4029997636273591,0.0,-6.300000000000001,6.300000000000001,0.14142135623730964,0.14142135623730953,2.1892253498673922e-08,4.727443803926408e-06,0.011969345253659735,0.0118,4.727753503506182e-06,0.011828598218724333,0.0118
484,0.968,0.97,-4.3582257519849925,4.503328400386523,0.07255132420076515,8.861554152371514,-0.0978067509682401,0.11471898887410292,-4.3582257519849925,4.503328400386523,-6.001503524606993,6.003007049213987,0.000751762303496939,12.00451057382098,0.007517623034967882,0.0,0.007517623034967882,0.0,-0.007517623034967882,-0.007517623034967882,0.0,0.0,0.0,0.0,0.0,0.0,6.038219100575757e-05,0.0,5.984464804344229,5.914251372436741,5.828670879282072e-16,1.5612511283791264e-17,0.40299976362757817,0.0,-6.300000000000001,6.300000000000001,0.14142135623730964,0.14142135623730953,2.189125831740868e-08,4.7274394238462336e-06,0.01196913770862737,0.0118,4.7277573167692216e-06,0.011828550434009382,0.0118
485,0.97,0.972,-4.358279856323407,4.502978773809619,0.07234945874310572,8.861258630133026,-0.09780230307435814,0.11471159879231627,-4.358279856323407,4.502978773809619,-6.00149154439488,6.002983088789761,0.0007457721974404308,12.00447463318464,0.007457721974402383,0.0,0.007457721974402383,0.0,-0.007457721974402383,-0.007457721974402383,0.0,0.0,0.0,0.0,0.0,0.0,5.990106056549882e-05,0.0,5.98436048134081,5.91422757556283,1.5699247457590104e-15,1.6479873021779667e-17,0.402999763627801,0.0,-6.300000000000001,6.300000000000001,0.14142135623730964,0.14142135623730953,2.18902620243222e-08,4.727434966654416e-06,0.011968929608688457,0.0118,4.727761225669092e-06,0.011828502744873482,0.0118
486,0.972,0.974,-4.358333943370359,4.502631924868696,0.0721489907491688,8.860965868239056,-0.09779782627244563,0.11470416366142738,-4.358333943370359,4.502631924868696,-6.001479659642118,6.002959319284236,0.0007398298210592458,12.004438978926354,0.007398298210588821,0.0,0.007398298210588821,0.0,-0.007398298210588821,-0.007398298210588821,0.0,0.0,0.0,0.0,0.0,0.0,5.942376381356253e-05,0.0,5.984255889683109,5.9142038262876735,2.0383000842727483e-15,1.474514954580286e-17,0.40299976362802775,0.0,-6.300000000000001,6.300000000000001,0.14142135623730964,0.14142135623730953,2.1889264626524916e-08,4.72743043152273e-06,0.011968720962681619,0.0118,4.727765231999914e-06,0.01182845515112566,0.0118
487,0.974,0.976,-4.3583880165555415,4.502287821941453,0.07194990269295554,8.860675838496995,-0.09779331992904733,0.11469668526705792,-4.3583880165555415,4.502287821941453,-6.001467869588077,6.002935739176155,0.0007339347940389374,12.004403608764232,0.007339347940386027,0.0,0.007339347940386027,0.0,-0.007339347940386027,-0.007339347940386027,0.0,0.0,0.0,0.0,0.0,0.0,5.8950270202793675e-05,0.0,5.9841510337114965,5.914180124516169,6.730727086790012e-16,1.5612511283791264e-17,0.40299976362825846,0.0,-6.300000000000001,6.300000000000001,0.14142135623730964,0.14142135623730953,2.188826613107248e-08,4.727425817622947e-06,0.011968511779366219,0.0118,4.7277693375824545e-06,0.011828407652575347,0.0118
488,0.976,0.978,-4.358442079287637,4.501946433923953,0.07175217731815797,8.86038851321159,-0.0977887834283811,0.11468916534595447,-4.358442079287637,4.501946433923953,-6.001456173478191,6.002912346956382,0.0007280867390955237,12.004368520434573,0.007280867390956587,0.0,0.007280867390956587,0.0,-0.007280867390956587,-0.007280867390956587,0.0,0.0,0.0,0.0,0.0,0.0,5.848054942943953e-05,0.0,5.984045917727361,5.914156470153414,3.2742905609062234e-16,1.6479873021779667e-17,0.40299976362849316,0.0,-6.300000000000001,6.300000000000001,0.14142135623730964,0.14142135623730953,2.188726654496627e-08,4.727421124120181e-06,0.011968302067422993,0.0118,4.727773544259684e-06,0.011828360249032338,0.0118
489,0.978,0.98,-4.3584961349535405,4.5016077302191055,0.07155579763278253,8.860103865172647,-0.09778421617218369,0.11468160558744625,-4.3584961349535405,4.5016077302191055,-6.001444570563905,6.00288914112781,0.000722285281952395,12.004333711691714,0.007222852819525377,0.0,0.007222852819525377,0.0,-0.007222852819525377,-0.007222852819525377,0.0,0.0,0.0,0.0,0.0,0.0,5.801457143121026e-05,0.0,5.9839405459934225,5.914132863104696,8.809413701987845e-16,1.6479873021779667e-17,0.40299976362873186,0.0,-6.300000000000001,6.300000000000001,0.14142135623730964,0.14142135623730953,2.18862658751538e-08,4.727416350186203e-06,0.011968091835454721,0.0118,4.727777853885673e-06,0.011828312940306828,0.0118
490,0.98,0.982,-4.358550186917621,4.501271680725463,0.0713607469039208,8.859821867643085,-0.09777961757955256,0.11467400763485208,-4.358550186917621,4.501271680725463,-6.001433060102628,6.002866120205256,0.0007165300513136685,12.004299180307884,0.007165300513140022,0.0,0.007165300513140022,0.0,-0.007165300513140022,-0.007165300513140022,0.0,0.0,0.0,0.0,0.0,0.0,5.7552306385354954e-05,0.0,5.983834922734051,5.91410930327549,1.0631144402306614e-15,1.474514954580286e-17,0.4029997636289746,0.0,-6.300000000000001,6.300000000000001,0.14142135623730964,0.14142135623730953,2.1885264128529165e-08,4.727411494992789e-06,0.011967881091986845,0.0118,4.72778226833892e-06,0.01182826572620939,0.0118
491,0.982,0.984,-4.358604238521007,4.500938255826339,0.07116700865266612,8.859542494347346,-0.09777498708678584,0.11466637308683914,-4.358604238521007,4.500938255826339,-6.001421641357687,6.002843282715374,0.0007108206788437599,12.00426492407306,0.007108206788433269,0.0,0.007108206788433269,0.0,-0.007108206788433269,-0.007108206788433269,0.0,0.0,0.0,0.0,0.0,0.0,5.7093724706752864e-05,0.0,5.983729052135587,5.914085790571469,1.6427831317500363e-15,1.3877787807814457e-17,0.40299976362922146,0.0,-6.300000000000001,6.300000000000001,0.14142135623730964,0.14142135623730953,2.1884261311933495e-08,4.727406557698388e-06,0.011967669845468102,0.0118,4.7277867895245685e-06,0.01182821860655098,0.0118
492,0.984,0.986,-4.358658293080903,4.500607426379231,0.07097456664916413,8.859265719460133,-0.09777032414721498,0.11465870349873661,-4.358658293080903,4.500607426379231,-6.001410313598277,6.002820627196555,0.0007051567991389618,12.004230940794832,0.007051567991387249,0.0,0.007051567991387249,0.0,-0.007051567991387249,-0.007051567991387249,0.0,0.0,0.0,0.0,0.0,0.0,5.663879704602004e-05,0.0,5.983622938346641,5.914062324898486,1.4918621893400541e-15,1.6479873021779667e-17,0.4029997636294725,0.0,-6.300000000000001,6.300000000000001,0.14142135623730964,0.14142135623730953,2.1883257432155373e-08,4.727401537474773e-06,0.011967458104271174,0.0118,4.727791419358863e-06,0.011828171581142938,0.0118
493,0.986,0.988,-4.358712353889936,4.500279163705524,0.070783404907794,8.85899151759546,-0.09776562823103713,0.11465100038380541,-4.358712353889936,4.500279163705524,-6.00139907609942,6.00279815219884,0.0006995380497096804,12.00419722829826,0.006995380497099618,0.0,0.006995380497099618,0.0,-0.006995380497099618,-0.006995380497099618,0.0,0.0,0.0,0.0,0.0,0.0,5.6187494287630915e-05,0.0,5.983516585478416,5.914038906162596,3.7990444123892075e-16,1.6479873021779667e-17,0.40299976362972767,0.0,-6.300000000000001,6.300000000000001,0.14142135623730964,0.14142135623730953,2.188225249593127e-08,4.727396433487056e-06,0.011967245876693282,0.0118,4.727796159780251e-06,0.011828124649796972,0.0118
494,0.988,0.99,-4.358766424215525,4.499948070496828,0.07059082314065135,8.858714494712352,-0.09776089882514133,0.10279009418443744,-4.358766424215525,4.499948070496828,-6.00138792814191,6.002775856283821,0.0006939640709555661,12.004163784425732,0.006939640709551564,0.0,0.006939640709551564,0.0,-0.006939640709551564,-0.006939640709551564,0.0,0.0,0.0,0.0,0.0,0.0,5.5739787548054903e-05,0.0,5.983409997605007,5.914015534270038,1.1610043438789464e-15,1.734723475976807e-17,0.4029997636299871,0.0,-6.300000000000001,6.300000000000001,0.14142135623730964,0.14142135623730953,2.1881246509945963e-08,4.727391244900349e-06,0.011967033170956832,0.0118,4.727801012753829e-06,0.011828077812325193,0.0118
495,0.99,0.992,-4.358820507299279,4.499587626037638,0.0703835593691795,8.858408133336916,-0.0977561354329351,0.1027931086941189,-4.358820507299279,4.499587626037638,-6.001376869012275,6.002753738024551,0.0006884345061379804,12.004130607036826,0.006884345061377656,0.0,0.006884345061377656,0.0,-0.006884345061377656,-0.006884345061377656,0.0,0.0,0.0,0.0,0.0,0.0,5.5295648173907856e-05,0.0,5.983303178763701,5.913992209127239,8.801011135151082e-16,1.8214596497756474e-17,0.4029997636302508,0.0,-6.300000000000001,6.300000000000001,0.14142135623730964,0.14142135623730953,2.1880239480832988e-08,4.727385970877544e-06,0.011966819995210013,0.0118,4.7278059802580155e-06,0.011828031068540076,0.0118
496,0.992,0.994,-4.358874606356424,4.499230019839053,0.07017770674131452,8.858104626195477,-0.0977513375741651,0.1027959671007464,-4.358874606356424,4.499230019839053,-6.001365898002727,6.002731796005455,0.0006829490013640083,12.004097694008182,0.006829490013637537,0.0,0.006829490013637537,0.0,-0.006829490013637537,-0.006829490013637537,0.0,0.0,0.0,0.0,0.0,0.0,5.4855047740118224e-05,0.0,5.9831961329552925,5.913968930640817,4.2847669856627135e-16,1.9949319973733282e-17,0.4029997636305188,0.0,-6.300000000000001,6.300000000000001,0.14142135623730964,0.14142135623730953,2.187923141517503e-08,4.7273806105859744e-06,0.011966606357527401,0.0118,4.72781106429121e-06,0.011827984418254478,0.0118
497,0.994,0.996,-4.35892872457525,4.498875219751287,0.0699732475880186,8.857803944326538,-0.09774650478473562,0.1027986727735411,-4.35892872457525,4.498875219751287,-6.001355014411118,6.002710028822236,0.0006775072055589249,12.004065043233354,0.006775072055589429,0.0,0.006775072055589429,0.0,-0.006775072055589429,-0.006775072055589429,0.0,0.0,0.0,0.0,0.0,0.0,5.441795804810786e-05,0.0,5.983088864144371,5.91394569871758,5.325601071248798e-16,2.0816681711721685e-17,0.40299976363079115,0.0,-6.300000000000001,6.300000000000001,0.14142135623730964,0.14142135623730953,2.1878222319504352e-08,4.727375163184088e-06,0.011966392265910586,0.0118,4.727816266876239e-06,0.011827937861281635,0.0118
498,0.996,0.998,-4.358982865116594,4.498523194150782,0.06977016451709428,8.857506059267376,-0.09774163661652818,0.10280122900401728,-4.358982865116594,4.498523194150782,-6.001344217540893,6.002688435081787,0.0006721087704466555,12.00403265262268,0.006721087704465441,0.0,0.006721087704465441,0.0,-0.006721087704465441,-0.006721087704465441,0.0,0.0,0.0,0.0,0.0,0.0,5.398435112398727e-05,0.0,5.982981376259623,5.913922513264523,1.5423995631050347e-15,2.42861286636753e-17,0.40299976363106793,0.0,-6.300000000000001,6.300000000000001,0.14142135623730964,0.14142135623730953,2.1877212200303207e-08,4.72736962784144e-06,0.011966177728288742,0.0118,4.727821590055914e-06,0.01182789139743516,0.0118
499,0.998,1.0,-4.359037031113328,4.4981739119285145,0.06956844040759336,8.857210943041842,-0.09773673263721389,0.10280363900807471,-4.359037031113328,4.4981739119285145,-6.00133350670105,6.0026670134021,0.0006667533505249068,12.00400052010315,0.006667533505248676,0.0,0.006667533505248676,0.0,-0.006667533505248676,-0.006667533505248676,0.0,0.0,0.0,0.0,0.0,0.0,5.355419921676531e-05,0.0,5.982873673194122,5.913899374188829,9.592072145250818e-16,2.42861286636753e-17,0.40299976363134915,0.0,-6.300000000000001,6.300000000000001,0.14142135623730964,0.14142135623730953,2.1876201064004256e-08,4.7273640037164796e-06,0.011965962752519245,0.0118,4.727827035888588e-06,0.011827845026529045,0.0118
