step,u_start,u_end,p_b,p_a,midpoint,spread,slope_b,slope_a,crossings_b,crossings_a,pre_p_b,pre_p_a,q_b,q_a,mu,Sigma,Q_B_quote,Q_A_quote,Q_B_post,Q_A_post,I_quote,I_post,requested_sell,requested_buy,executed_sell,executed_buy,unfilled_sell,unfilled_buy,due_bid,due_ask,mass_bid,mass_ask,budget_error,ledger_error,positivity_load,min_density,source_centroid_b,source_centroid_a,source_std_b,source_std_a,matched_volume,boundary_flux_bid,cancelled_bid,external_bid,boundary_flux_ask,cancelled_ask,external_ask,cumulative_buy,cumulative_sell,cumulative_completed_bid,cumulative_completed_ask
0,0,0,-4.365439996139249,4.3654399961392505,8.881784197001252e-16,8.7308799922785,-0.10093419189346531,0.10093419189346531,1,1,-4.365439996139249,4.3654399961392505,-6.0,6.0,0.0,12.0,0,0,0,0,0,0,0,0,0,0,0,0,0,0,6.0024080202442915,6.002408020244292,0,0,0,0,0,0,0,0,0,0,0,0,0,0,0,0,0,0,0
9,0.009000000000000001,0.01,-4.365439995190372,4.365439995190374,8.881784197001252e-16,8.730879990380746,-0.10093419189887126,0.10093419189887126,1,1,-4.365439995190372,4.365439995190374,-6.0,6.0,0.0,12.0,0.0,0.0,0.0,0.0,0.0,0.0,0.0,0.0,0.0,0.0,0.0,0.0,0.0,0.0,6.002408021263846,6.002408021263845,9.107298248878237e-16,0.0,0.8014999395229355,0.0,-6.25,6.250000000000001,0.15811388300841892,0.15811388300841886,1.0955546301557927e-08,2.4190781892908222e-06,0.006002408021162365,0.006,2.419078189290769e-06,0.006002408021162365,0.006,0.0,0.0,0.0,0.0
19,0.019,0.02,-4.365439994251367,4.365439994251369,8.881784197001252e-16,8.730879988502736,-0.10093419190421116,0.10093419190421116,1,1,-4.365439994251367,4.365439994251369,-6.0,6.0,0.0,12.0,0.0,0.0,0.0,0.0,0.0,0.0,0.0,0.0,0.0,0.0,0.0,0.0,0.0,0.0,6.002408022272888,6.00240802227289,2.0365653607967715e-15,0.0,0.8014999395229362,0.0,-6.25,6.250000000000001,0.15811388300841892,0.15811388300841886,1.0955556057618399e-08,2.419078163100739e-06,0.006002408022172456,0.006,2.4190781631006075e-06,0.006002408022172456,0.006,0.0,0.0,0.0,0.0
29,0.029,0.03,-4.365439993322128,4.365439993322131,1.3322676295501878e-15,8.730879986644258,-0.10093419190948555,0.10093419190948555,1,1,-4.365439993322128,4.365439993322131,-6.0,6.0,0.0,12.0,0.0,0.0,0.0,0.0,0.0,0.0,0.0,0.0,0.0,0.0,0.0,0.0,0.0,0.0,6.002408023271533,6.002408023271532,1.1544584732625651e-15,0.0,0.8014999395229369,0.0,-6.25,6.250000000000001,0.15811388300841892,0.15811388300841886,1.0955565725775452e-08,2.419078137191001e-06,0.0060024080231721325,0.006,2.4190781371902225e-06,0.006002408023172133,0.006,0.0,0.0,0.0,0.0
39,0.039,0.04,-4.365439992402557,4.365439992402559,8.881784197001252e-16,8.730879984805116,-0.10093419191469527,0.10093419191469527,1,1,-4.365439992402557,4.365439992402559,-6.0,6.0,0.0,12.0,0.0,0.0,0.0,0.0,0.0,0.0,0.0,0.0,0.0,0.0,0.0,0.0,0.0,0.0,6.002408024259882,6.002408024259882,1.0148132334464322e-16,0.0,0.8014999395229375,0.0,-6.25,6.250000000000001,0.15811388300841892,0.15811388300841886,1.0955575306805285e-08,2.4190781115571628e-06,0.006002408024161507,0.006,2.4190781115573936e-06,0.006002408024161508,0.006,0.0,0.0,0.0,0.0
49,0.049,0.05,-4.365439991492551,4.365439991492552,8.881784197001252e-16,8.730879982985103,-0.10093419191984115,0.10093419191984115,1,1,-4.365439991492551,4.365439991492552,-6.0,6.0,0.0,12.0,0.0,0.0,0.0,0.0,0.0,0.0,0.0,0.0,0.0,0.0,0.0,0.0,0.0,0.0,6.002408025238044,6.002408025238043,5.152128723651117e-16,0.0,0.8014999395229381,0.0,-6.25,6.250000000000001,0.15811388300841892,0.15811388300841886,1.0955584801477411e-08,2.41907808619922e-06,0.006002408025140683,0.006,2.4190780861998995e-06,0.006002408025140683,0.006,0.0,0.0,0.0,0.0
59,0.059000000000000004,0.06,-4.365439990592011,4.365439990592013,8.881784197001252e-16,8.730879981184025,-0.10093419192492376,0.10093419192492376,1,1,-4.365439990592011,4.365439990592013,-6.0,6.0,0.0,12.0,0.0,0.0,0.0,0.0,0.0,0.0,0.0,0.0,0.0,0.0,0.0,0.0,0.0,0.0,6.002408026206123,6.002408026206123,4.371503159461554e-16,0.0,0.8014999395229387,0.0,-6.25,6.250000000000001,0.15811388300841892,0.15811388300841886,1.0955594210554714e-08,2.4190780611127267e-06,0.006002408026109765,0.006,2.4190780611133e-06,0.006002408026109765,0.006,0.0,0.0,0.0,0.0
69,0.069,0.07,-4.36543998970084,4.365439989700842,8.881784197001252e-16,8.730879979401681,-0.10093419192994307,0.10093419192994307,1,1,-4.36543998970084,4.365439989700842,-6.0,6.0,0.0,12.0,0.0,0.0,0.0,0.0,0.0,0.0,0.0,0.0,0.0,0.0,0.0,0.0,0.0,0.0,6.002408027164222,6.002408027164222,1.0755285551056204e-15,0.0,0.8014999395229394,0.0,-6.25,6.250000000000001,0.15811388300841892,0.15811388300841886,1.0955603534793508e-08,2.419078036297679e-06,0.0060024080270688574,0.006,2.419078036297595e-06,0.006002408027068859,0.006,0.0,0.0,0.0,0.0
79,0.079,0.08,-4.365439988818939,4.365439988818941,8.881784197001252e-16,8.73087997763788,-0.10093419193490216,0.10093419193490216,1,1,-4.365439988818939,4.365439988818941,-6.0,6.0,0.0,12.0,0.0,0.0,0.0,0.0,0.0,0.0,0.0,0.0,0.0,0.0,0.0,0.0,0.0,0.0,6.002408028112446,6.0024080281124474,1.3686968225457008e-15,0.0,0.80149993952294,0.0,-6.25,6.250000000000001,0.15811388300841892,0.15811388300841886,1.0955612774943587e-08,2.4190780117496316e-06,0.006002408028018065,0.006,2.419078011750564e-06,0.006002408028018065,0.006,0.0,0.0,0.0,0.0
89,0.089,0.09,-4.365439987946212,4.365439987946215,1.3322676295501878e-15,8.730879975892428,-0.10093419193979936,0.10093419193979936,1,1,-4.365439987946212,4.365439987946215,-6.0,6.0,0.0,12.0,0.0,0.0,0.0,0.0,0.0,0.0,0.0,0.0,0.0,0.0,0.0,0.0,0.0,0.0,6.002408029050897,6.002408029050896,9.454242944073599e-17,0.0,0.8014999395229406,0.0,-6.25,6.250000000000001,0.15811388300841892,0.15811388300841886,1.095562193174828e-08,2.4190779874619185e-06,0.006002408028957488,0.006,2.4190779874611046e-06,0.006002408028957488,0.006,0.0,0.0,0.0,0.0
99,0.099,0.1,-4.365439987082565,4.365439987082567,8.881784197001252e-16,8.730879974165132,-0.10093419194463688,0.10093419194463688,1,1,-4.365439987082565,4.365439987082567,-6.0,6.0,0.0,12.0,0.0,0.0,0.0,0.0,0.0,0.0,0.0,0.0,0.0,0.0,0.0,0.0,0.0,0.0,6.002408029979673,6.002408029979674,1.7329887525008303e-15,0.0,0.8014999395229412,0.0,-6.25,6.250000000000001,0.15811388300841892,0.15811388300841886,1.095563100594451e-08,2.4190779634389766e-06,0.006002408029887226,0.006,2.4190779634380986e-06,0.006002408029887226,0.006,0.0,0.0,0.0,0.0
109,0.109,0.11,-4.365439986227902,4.365439986227904,8.881784197001252e-16,8.730879972455806,-0.10093419194941528,0.10093419194941528,1,1,-4.365439986227902,4.365439986227904,-6.0,6.0,0.0,12.0,0.0,0.0,0.0,0.0,0.0,0.0,0.0,0.0,0.0,0.0,0.0,0.0,0.0,0.0,6.002408030898875,6.0024080308988745,1.0364972768961422e-15,0.0,0.8014999395229417,0.0,-6.25,6.250000000000001,0.15811388300841892,0.15811388300841886,1.0955639998262845e-08,2.419077939676361e-06,0.006002408030807383,0.006,2.419077939677106e-06,0.006002408030807383,0.006,0.0,0.0,0.0,0.0
119,0.11900000000000001,0.12,-4.36543998538213,4.365439985382132,8.881784197001252e-16,8.730879970764262,-0.10093419195413428,0.10093419195413428,1,1,-4.36543998538213,4.365439985382132,-6.0,6.0,0.0,12.0,0.0,0.0,0.0,0.0,0.0,0.0,0.0,0.0,0.0,0.0,0.0,0.0,0.0,0.0,6.002408031808604,6.002408031808604,3.0097452308197603e-16,0.0,0.8014999395229424,0.0,-6.25,6.250000000000001,0.15811388300841892,0.15811388300841886,1.0955648909427546e-08,2.4190779161674053e-06,0.006002408031718055,0.006,2.419077916167023e-06,0.006002408031718054,0.006,0.0,0.0,0.0,0.0
129,0.129,0.13,-4.365439984545157,4.365439984545159,8.881784197001252e-16,8.730879969090315,-0.10093419195879555,0.10093419195879555,1,1,-4.365439984545157,4.365439984545159,-6.0,6.0,0.0,12.0,0.0,0.0,0.0,0.0,0.0,0.0,0.0,0.0,0.0,0.0,0.0,0.0,0.0,0.0,6.002408032708955,6.002408032708954,1.2906342661267445e-15,0.0,0.801499939522943,0.0,-6.25,6.250000000000001,0.15811388300841892,0.15811388300841886,1.0955657740156625e-08,2.419077892907665e-06,0.006002408032619338,0.006,2.4190778929078505e-06,0.0060024080326193385,0.006,0.0,0.0,0.0,0.0
139,0.139,0.14,-4.36543998371689,4.365439983716892,1.3322676295501878e-15,8.730879967433783,-0.10093419196339937,0.10093419196339937,1,1,-4.36543998371689,4.365439983716892,-6.0,6.0,0.0,12.0,0.0,0.0,0.0,0.0,0.0,0.0,0.0,0.0,0.0,0.0,0.0,0.0,0.0,0.0,6.002408033600024,6.002408033600024,1.2498682644412895e-15,0.0,0.8014999395229435,0.0,-6.25,6.250000000000001,0.15811388300841892,0.15811388300841886,1.0955666491161901e-08,2.4190778699060177e-06,0.0060024080335113325,0.006,2.41907786990625e-06,0.0060024080335113325,0.006,0.0,0.0,0.0,0.0
149,0.149,0.15,-4.36543998289724,4.365439982897242,8.881784197001252e-16,8.730879965794482,-0.10093419196794712,0.10093419196794712,1,1,-4.36543998289724,4.365439982897242,-6.0,6.0,0.0,12.0,0.0,0.0,0.0,0.0,0.0,0.0,0.0,0.0,0.0,0.0,0.0,0.0,0.0,0.0,6.002408034481909,6.00240803448191,8.205242041370298e-16,0.0,0.8014999395229441,0.0,-6.25,6.250000000000001,0.15811388300841892,0.15811388300841886,1.0955675163149039e-08,2.419077847146916e-06,0.006002408034394131,0.006,2.419077847146678e-06,0.006002408034394131,0.006,0.0,0.0,0.0,0.0
159,0.159,0.16,-4.365439982086118,4.365439982086119,8.881784197001252e-16,8.730879964172237,-0.1009341919724388,0.1009341919724388,1,1,-4.365439982086118,4.365439982086119,-6.0,6.0,0.0,12.0,0.0,0.0,0.0,0.0,0.0,0.0,0.0,0.0,0.0,0.0,0.0,0.0,0.0,0.0,6.002408035354702,6.002408035354703,1.2004286453759505e-15,0.0,0.8014999395229446,0.0,-6.25,6.250000000000001,0.15811388300841892,0.15811388300841886,1.0955683756817616e-08,2.4190778246303554e-06,0.00600240803526783,0.006,2.419077824631355e-06,0.006002408035267831,0.006,0.0,0.0,0.0,0.0
169,0.169,0.17,-4.3654399812834335,4.365439981283435,8.881784197001252e-16,8.730879962566869,-0.10093419197687442,0.10093419197687442,1,1,-4.3654399812834335,4.365439981283435,-6.0,6.0,0.0,12.0,0.0,0.0,0.0,0.0,0.0,0.0,0.0,0.0,0.0,0.0,0.0,0.0,0.0,0.0,6.0024080362185,6.0024080362185,7.73686670285656e-16,0.0,0.8014999395229452,0.0,-6.25,6.250000000000001,0.15811388300841892,0.15811388300841886,1.0955692272861162e-08,2.4190778023563324e-06,0.006002408036132522,0.006,2.4190778023558402e-06,0.006002408036132523,0.006,0.0,0.0,0.0,0.0
179,0.179,0.18,-4.3654399804891,4.365439980489102,8.881784197001252e-16,8.730879960978202,-0.10093419198125592,0.10093419198125592,1,1,-4.3654399804891,4.365439980489102,-6.0,6.0,0.0,12.0,0.0,0.0,0.0,0.0,0.0,0.0,0.0,0.0,0.0,0.0,0.0,0.0,0.0,0.0,6.002408037073394,6.002408037073395,2.402592014227878e-15,0.0,0.8014999395229457,0.0,-6.25,6.250000000000001,0.15811388300841892,0.15811388300841886,1.095570071196721e-08,2.4190777803204018e-06,0.006002408036988303,0.006,2.4190777803201337e-06,0.006002408036988301,0.006,0.0,0.0,0.0,0.0
189,0.189,0.19,-4.36543997970303,4.365439979703032,8.881784197001252e-16,8.730879959406062,-0.10093419198558357,0.10093419198558357,1,1,-4.36543997970303,4.365439979703032,-6.0,6.0,0.0,12.0,0.0,0.0,0.0,0.0,0.0,0.0,0.0,0.0,0.0,0.0,0.0,0.0,0.0,0.0,6.0024080379194755,6.0024080379194755,6.626643678231403e-16,0.0,0.8014999395229463,0.0,-6.25,6.250000000000001,0.15811388300841892,0.15811388300841886,1.0955709074817364e-08,2.4190777585247804e-06,0.006002408037835261,0.006,2.4190777585242353e-06,0.006002408037835262,0.006,0.0,0.0,0.0,0.0
199,0.199,0.2,-4.365439978925139,4.36543997892514,8.881784197001252e-16,8.730879957850279,-0.10093419198985848,0.10093419198985848,1,1,-4.365439978925139,4.36543997892514,-6.0,6.0,0.0,12.0,0.0,0.0,0.0,0.0,0.0,0.0,0.0,0.0,0.0,0.0,0.0,0.0,0.0,0.0,6.002408038756835,6.002408038756837,3.217912047936977e-15,0.0,0.8014999395229468,0.0,-6.25,6.250000000000001,0.15811388300841892,0.15811388300841886,1.095571736208732e-08,2.419077736958361e-06,0.006002408038673488,0.006,2.419077736959263e-06,0.006002408038673488,0.006,0.0,0.0,0.0,0.0
209,0.209,0.21,-4.36543997815534,4.365439978155342,8.881784197001252e-16,8.730879956310682,-0.10093419199407982,0.10093419199407982,1,1,-4.36543997815534,4.365439978155342,-6.0,6.0,0.0,12.0,0.0,0.0,0.0,0.0,0.0,0.0,0.0,0.0,0.0,0.0,0.0,0.0,0.0,0.0,6.002408039585564,6.002408039585564,6.852157730108388e-17,0.0,0.8014999395229474,0.0,-6.25,6.250000000000001,0.15811388300841892,0.15811388300841886,1.095572557444694e-08,2.4190777156255817e-06,0.006002408039503078,0.006,2.4190777156252175e-06,0.006002408039503077,0.006,0.0,0.0,0.0,0.0
219,0.219,0.22,-4.36543997739355,4.365439977393552,8.881784197001252e-16,8.730879954787103,-0.10093419199824982,0.10093419199824982,1,1,-4.36543997739355,4.365439977393552,-6.0,6.0,0.0,12.0,0.0,0.0,0.0,0.0,0.0,0.0,0.0,0.0,0.0,0.0,0.0,0.0,0.0,0.0,6.00240804040575,6.00240804040575,2.246466901389965e-16,0.0,0.8014999395229478,0.0,-6.25,6.250000000000001,0.15811388300841892,0.15811388300841886,1.0955733712560284e-08,2.4190776945197763e-06,0.006002408040324113,0.006,2.419077694519878e-06,0.006002408040324113,0.006,0.0,0.0,0.0,0.0
229,0.229,0.23,-4.365439976639686,4.365439976639688,8.881784197001252e-16,8.730879953279373,-0.1009341920023682,0.1009341920023682,1,1,-4.365439976639686,4.365439976639688,-6.0,6.0,0.0,12.0,0.0,0.0,0.0,0.0,0.0,0.0,0.0,0.0,0.0,0.0,0.0,0.0,0.0,0.0,6.002408041217481,6.00240804121748,2.5673907444456745e-16,0.0,0.8014999395229484,0.0,-6.25,6.250000000000001,0.15811388300841892,0.15811388300841886,1.095574177708567e-08,2.419077673645382e-06,0.006002408041136686,0.006,2.4190776736454646e-06,0.006002408041136685,0.006,0.0,0.0,0.0,0.0
239,0.23900000000000002,0.24,-4.365439975893664,4.365439975893666,8.881784197001252e-16,8.73087995178733,-0.10093419200643633,0.10093419200643633,1,1,-4.365439975893664,4.365439975893666,-6.0,6.0,0.0,12.0,0.0,0.0,0.0,0.0,0.0,0.0,0.0,0.0,0.0,0.0,0.0,0.0,0.0,0.0,6.002408042020845,6.002408042020843,3.1858196636314062e-15,0.0,0.801499939522949,0.0,-6.25,6.250000000000001,0.15811388300841892,0.15811388300841886,1.095574976867572e-08,2.4190776529890724e-06,0.006002408041940882,0.006,2.419077652988655e-06,0.006002408041940884,0.006,0.0,0.0,0.0,0.0
249,0.249,0.25,-4.365439975155404,4.3654399751554065,1.3322676295501878e-15,8.730879950310811,-0.1009341920104534,0.1009341920104534,1,1,-4.365439975155404,4.3654399751554065,-6.0,6.0,0.0,12.0,0.0,0.0,0.0,0.0,0.0,0.0,0.0,0.0,0.0,0.0,0.0,0.0,0.0,0.0,6.002408042815927,6.0024080428159285,4.98732999343332e-16,0.0,0.8014999395229494,0.0,-6.25,6.250000000000001,0.15811388300841892,0.15811388300841886,1.09557576879774e-08,2.4190776325619462e-06,0.00600240804273679,0.006,2.4190776325627717e-06,0.0060024080427367905,0.006,0.0,0.0,0.0,0.0
259,0.259,0.26,-4.365439974424826,4.365439974424827,8.881784197001252e-16,8.730879948849653,-0.10093419201442189,0.10093419201442189,1,1,-4.365439974424826,4.365439974424827,-6.0,6.0,0.0,12.0,0.0,0.0,0.0,0.0,0.0,0.0,0.0,0.0,0.0,0.0,0.0,0.0,0.0,0.0,6.002408043602814,6.002408043602815,1.8596235662471372e-15,0.0,0.80149993952295,0.0,-6.25,6.250000000000001,0.15811388300841892,0.15811388300841886,1.0955765535632084e-08,2.419077612348456e-06,0.006002408043524493,0.006,2.419077612347831e-06,0.006002408043524494,0.006,0.0,0.0,0.0,0.0
269,0.269,0.27,-4.365439973701847,4.365439973701849,8.881784197001252e-16,8.730879947403697,-0.10093419201834125,0.10093419201834125,1,1,-4.365439973701847,4.365439973701849,-6.0,6.0,0.0,12.0,0.0,0.0,0.0,0.0,0.0,0.0,0.0,0.0,0.0,0.0,0.0,0.0,0.0,0.0,6.00240804438159,6.002408044381591,8.023096076392733e-16,0.0,0.8014999395229504,0.0,-6.25,6.250000000000001,0.15811388300841892,0.15811388300841886,1.0955773312275577e-08,2.4190775923552595e-06,0.006002408044304074,0.006,2.4190775923549346e-06,0.006002408044304076,0.006,0.0,0.0,0.0,0.0
279,0.279,0.28,-4.365439972986391,4.365439972986393,8.881784197001252e-16,8.730879945972784,-0.10093419202221232,0.10093419202221232,1,1,-4.365439972986391,4.365439972986393,-6.0,6.0,0.0,12.0,0.0,0.0,0.0,0.0,0.0,0.0,0.0,0.0,0.0,0.0,0.0,0.0,0.0,0.0,6.002408045152339,6.002408045152338,4.761815941556335e-16,0.0,0.801499939522951,0.0,-6.25,6.250000000000001,0.15811388300841892,0.15811388300841886,1.0955781018538187e-08,2.4190775725756917e-06,0.006002408045075623,0.006,2.4190775725752012e-06,0.006002408045075622,0.006,0.0,0.0,0.0,0.0
289,0.289,0.29,-4.365439972278379,4.365439972278381,8.881784197001252e-16,8.73087994455676,-0.10093419202603565,0.10093419202603565,1,1,-4.365439972278379,4.365439972278381,-6.0,6.0,0.0,12.0,0.0,0.0,0.0,0.0,0.0,0.0,0.0,0.0,0.0,0.0,0.0,0.0,0.0,0.0,6.002408045915141,6.002408045915141,1.8682971836270212e-15,0.0,0.8014999395229514,0.0,-6.25,6.250000000000001,0.15811388300841892,0.15811388300841886,1.0955788655044751e-08,2.419077553007528e-06,0.006002408045839216,0.006,2.4190775530086305e-06,0.006002408045839218,0.006,0.0,0.0,0.0,0.0
299,0.299,0.3,-4.365439971577733,4.365439971577735,8.881784197001252e-16,8.730879943155468,-0.1009341920298118,0.1009341920298118,1,1,-4.365439971577733,4.365439971577735,-6.0,6.0,0.0,12.0,0.0,0.0,0.0,0.0,0.0,0.0,0.0,0.0,0.0,0.0,0.0,0.0,0.0,0.0,6.002408046670081,6.002408046670081,8.205242041370298e-16,0.0,0.8014999395229518,0.0,-6.25,6.250000000000001,0.15811388300841892,0.15811388300841886,1.0955796222414692e-08,2.4190775336529857e-06,0.00600240804659494,0.006,2.4190775336530022e-06,0.006002408046594939,0.006,0.0,0.0,0.0,0.0
309,0.309,0.31,-4.365439970884377,4.3654399708843785,8.881784197001252e-16,8.730879941768755,-0.10093419203354104,0.10093419203354104,1,1,-4.365439970884377,4.3654399708843785,-6.0,6.0,0.0,12.0,0.0,0.0,0.0,0.0,0.0,0.0,0.0,0.0,0.0,0.0,0.0,0.0,0.0,0.0,6.002408047417241,6.002408047417241,1.046905617752003e-15,0.0,0.8014999395229524,0.0,-6.25,6.250000000000001,0.15811388300841892,0.15811388300841886,1.0955803721262065e-08,2.419077514500959e-06,0.006002408047342872,0.006,2.419077514501655e-06,0.0060024080473428726,0.006,0.0,0.0,0.0,0.0
319,0.319,0.32,-4.365439970198235,4.365439970198237,8.881784197001252e-16,8.730879940396472,-0.10093419203722476,0.10093419203722476,1,1,-4.365439970198235,4.365439970198237,-6.0,6.0,0.0,12.0,0.0,0.0,0.0,0.0,0.0,0.0,0.0,0.0,0.0,0.0,0.0,0.0,0.0,0.0,6.0024080481566955,6.0024080481566955,2.5760643618255585e-16,0.0,0.8014999395229528,0.0,-6.25,6.250000000000001,0.15811388300841892,0.15811388300841886,1.0955811152195595e-08,2.4190774955581046e-06,0.006002408048083094,0.006,2.41907749555903e-06,0.006002408048083094,0.006,0.0,0.0,0.0,0.0
329,0.329,0.33,-4.365439969519232,4.365439969519234,8.881784197001252e-16,8.730879939038466,-0.10093419204086268,0.10093419204086268,1,1,-4.365439969519232,4.365439969519234,-6.0,6.0,0.0,12.0,0.0,0.0,0.0,0.0,0.0,0.0,0.0,0.0,0.0,0.0,0.0,0.0,0.0,0.0,6.00240804888853,6.00240804888853,4.388850394221322e-16,0.0,0.8014999395229533,0.0,-6.25,6.250000000000001,0.15811388300841892,0.15811388300841886,1.0955818515818728e-08,2.419077476817758e-06,0.0060024080488156875,0.006,2.4190774768184654e-06,0.0060024080488156875,0.006,0.0,0.0,0.0,0.0
339,0.339,0.34,-4.365439968847293,4.365439968847295,8.881784197001252e-16,8.730879937694588,-0.10093419204445592,0.10093419204445592,1,1,-4.365439968847293,4.365439968847295,-6.0,6.0,0.0,12.0,0.0,0.0,0.0,0.0,0.0,0.0,0.0,0.0,0.0,0.0,0.0,0.0,0.0,0.0,6.00240804961282,6.002408049612821,2.5925442348473382e-15,0.0,0.8014999395229537,0.0,-6.25,6.250000000000001,0.15811388300841892,0.15811388300841886,1.0955825812729674e-08,2.419077458277696e-06,0.006002408049540728,0.006,2.419077458277741e-06,0.006002408049540727,0.006,0.0,0.0,0.0,0.0
349,0.34900000000000003,0.35000000000000003,-4.365439968182346,4.365439968182348,8.881784197001252e-16,8.730879936364694,-0.10093419204800502,0.10093419204800502,1,1,-4.365439968182346,4.365439968182348,-6.0,6.0,0.0,12.0,0.0,0.0,0.0,0.0,0.0,0.0,0.0,0.0,0.0,0.0,0.0,0.0,0.0,0.0,6.0024080503296435,6.002408050329644,2.3262641812848983e-15,0.0,0.8014999395229542,0.0,-6.25,6.250000000000001,0.15811388300841892,0.15811388300841886,1.0955833043521447e-08,2.419077439937914e-06,0.006002408050258294,0.006,2.4190774399368564e-06,0.006002408050258294,0.006,0.0,0.0,0.0,0.0
359,0.359,0.36,-4.365439967524318,4.36543996752432,8.881784197001252e-16,8.730879935048637,-0.10093419205151027,0.10093419205151027,1,1,-4.365439967524318,4.36543996752432,-6.0,6.0,0.0,12.0,0.0,0.0,0.0,0.0,0.0,0.0,0.0,0.0,0.0,0.0,0.0,0.0,0.0,0.0,6.002408051039077,6.002408051039077,1.5031378919339033e-15,0.0,0.8014999395229547,0.0,-6.25,6.250000000000001,0.15811388300841892,0.15811388300841886,1.0955840208781914e-08,2.4190774217939676e-06,0.006002408050968465,0.006,2.419077421793592e-06,0.006002408050968463,0.006,0.0,0.0,0.0,0.0
369,0.369,0.37,-4.365439966873136,4.365439966873137,8.881784197001252e-16,8.730879933746273,-0.10093419205497223,0.10093419205497223,1,1,-4.365439966873136,4.365439966873137,-6.0,6.0,0.0,12.0,0.0,0.0,0.0,0.0,0.0,0.0,0.0,0.0,0.0,0.0,0.0,0.0,0.0,0.0,6.002408051741199,6.002408051741199,2.0816681711721685e-16,0.0,0.8014999395229552,0.0,-6.25,6.250000000000001,0.15811388300841892,0.15811388300841886,1.0955847309093842e-08,2.419077403845854e-06,0.006002408051671314,0.006,2.4190774038457265e-06,0.006002408051671314,0.006,0.0,0.0,0.0,0.0
379,0.379,0.38,-4.365439966228728,4.365439966228731,1.3322676295501878e-15,8.730879932457459,-0.1009341920583906,0.1009341920583906,1,1,-4.365439966228728,4.365439966228731,-6.0,6.0,0.0,12.0,0.0,0.0,0.0,0.0,0.0,0.0,0.0,0.0,0.0,0.0,0.0,0.0,0.0,0.0,6.002408052436084,6.002408052436085,2.0669230216263657e-15,0.0,0.8014999395229556,0.0,-6.25,6.250000000000001,0.15811388300841892,0.15811388300841886,1.0955854345034926e-08,2.419077386091349e-06,0.006002408052366918,0.006,2.4190773860910397e-06,0.006002408052366918,0.006,0.0,0.0,0.0,0.0
389,0.389,0.39,-4.365439965591027,4.365439965591029,8.881784197001252e-16,8.730879931182056,-0.1009341920617679,0.1009341920617679,1,1,-4.365439965591027,4.365439965591029,-6.0,6.0,0.0,12.0,0.0,0.0,0.0,0.0,0.0,0.0,0.0,0.0,0.0,0.0,0.0,0.0,0.0,0.0,6.002408053123804,6.002408053123803,8.352693536828326e-16,0.0,0.801499939522956,0.0,-6.25,6.250000000000001,0.15811388300841892,0.15811388300841886,1.0955861317177847e-08,2.4190773685282283e-06,0.0060024080530553525,0.006,2.4190773685273114e-06,0.0060024080530553525,0.006,0.0,0.0,0.0,0.0
399,0.399,0.4,-4.36543996495996,4.365439964959963,1.3322676295501878e-15,8.730879929919922,-0.10093419206510301,0.10093419206510301,1,1,-4.36543996495996,4.365439964959963,-6.0,6.0,0.0,12.0,0.0,0.0,0.0,0.0,0.0,0.0,0.0,0.0,0.0,0.0,0.0,0.0,0.0,0.0,6.0024080538044355,6.002408053804435,1.3166551182663966e-15,0.0,0.8014999395229564,0.0,-6.25,6.250000000000001,0.15811388300841892,0.15811388300841886,1.0955868226090309e-08,2.419077351152048e-06,0.0060024080537366895,0.006,2.419077351152321e-06,0.0060024080537366895,0.006,0.0,0.0,0.0,0.0
409,0.40900000000000003,0.41000000000000003,-4.365439964335461,4.365439964335462,8.881784197001252e-16,8.730879928670923,-0.10093419206839704,0.10093419206839704,1,1,-4.365439964335461,4.365439964335462,-6.0,6.0,0.0,12.0,0.0,0.0,0.0,0.0,0.0,0.0,0.0,0.0,0.0,0.0,0.0,0.0,0.0,0.0,6.002408054478051,6.0024080544780505,1.0755285551056204e-15,0.0,0.8014999395229568,0.0,-6.25,6.250000000000001,0.15811388300841892,0.15811388300841886,1.0955875072335079e-08,2.4190773339628047e-06,0.006002408054411003,0.006,2.419077333963848e-06,0.006002408054411003,0.006,0.0,0.0,0.0,0.0
419,0.419,0.42,-4.365439963717458,4.36543996371746,8.881784197001252e-16,8.730879927434918,-0.10093419207165,0.10093419207165,1,1,-4.365439963717458,4.36543996371746,-6.0,6.0,0.0,12.0,0.0,0.0,0.0,0.0,0.0,0.0,0.0,0.0,0.0,0.0,0.0,0.0,0.0,0.0,6.002408055144723,6.0024080551447225,8.491471414906471e-16,0.0,0.8014999395229573,0.0,-6.25,6.250000000000001,0.15811388300841892,0.15811388300841886,1.095588185647003e-08,2.419077316958274e-06,0.006002408055078365,0.006,2.419077316957452e-06,0.006002408055078366,0.006,0.0,0.0,0.0,0.0
429,0.429,0.43,-4.365439963105886,4.365439963105889,1.3322676295501878e-15,8.730879926211774,-0.10093419207486298,0.10093419207486298,1,1,-4.365439963105886,4.365439963105889,-6.0,6.0,0.0,12.0,0.0,0.0,0.0,0.0,0.0,0.0,0.0,0.0,0.0,0.0,0.0,0.0,0.0,0.0,6.002408055804523,6.002408055804522,9.809861256648844e-16,0.0,0.8014999395229577,0.0,-6.25,6.250000000000001,0.15811388300841892,0.15811388300841886,1.0955888579048182e-08,2.419077300136233e-06,0.006002408055738849,0.006,2.4190773001353526e-06,0.006002408055738849,0.006,0.0,0.0,0.0,0.0
439,0.439,0.44,-4.365439962500679,4.36543996250068,8.881784197001252e-16,8.730879925001359,-0.10093419207803628,0.10093419207803628,1,1,-4.365439962500679,4.36543996250068,-6.0,6.0,0.0,12.0,0.0,0.0,0.0,0.0,0.0,0.0,0.0,0.0,0.0,0.0,0.0,0.0,0.0,0.0,6.0024080564575195,6.00240805645752,1.164866814118426e-15,0.0,0.8014999395229582,0.0,-6.25,6.250000000000001,0.15811388300841892,0.15811388300841886,1.0955895240617746e-08,2.4190772834944573e-06,0.006002408056392524,0.006,2.41907728349533e-06,0.006002408056392523,0.006,0.0,0.0,0.0,0.0
449,0.449,0.45,-4.365439961901767,4.36543996190177,1.3322676295501878e-15,8.730879923803538,-0.10093419208117071,0.10093419208117071,1,1,-4.365439961901767,4.36543996190177,-6.0,6.0,0.0,12.0,0.0,0.0,0.0,0.0,0.0,0.0,0.0,0.0,0.0,0.0,0.0,0.0,0.0,0.0,6.002408057103787,6.0024080571037866,1.1796119636642288e-15,0.0,0.8014999395229585,0.0,-6.25,6.250000000000001,0.15811388300841892,0.15811388300841886,1.095590184172216e-08,2.4190772670285027e-06,0.006002408057039462,0.006,2.4190772670285023e-06,0.006002408057039462,0.006,0.0,0.0,0.0,0.0
459,0.459,0.46,-4.365439961309089,4.36543996130909,8.881784197001252e-16,8.730879922618179,-0.10093419208426574,0.10093419208426574,1,1,-4.365439961309089,4.36543996130909,-6.0,6.0,0.0,12.0,0.0,0.0,0.0,0.0,0.0,0.0,0.0,0.0,0.0,0.0,0.0,0.0,0.0,0.0,6.0024080577433905,6.002408057743391,6.678685382510707e-16,0.0,0.801499939522959,0.0,-6.25,6.250000000000001,0.15811388300841892,0.15811388300841886,1.0955908382900135e-08,2.419077250742807e-06,0.006002408057679728,0.006,2.419077250743751e-06,0.006002408057679728,0.006,0.0,0.0,0.0,0.0
469,0.46900000000000003,0.47000000000000003,-4.3654399607225765,4.365439960722579,1.3322676295501878e-15,8.730879921445155,-0.10093419208732274,0.10093419208732274,1,1,-4.3654399607225765,4.365439960722579,-6.0,6.0,0.0,12.0,0.0,0.0,0.0,0.0,0.0,0.0,0.0,0.0,0.0,0.0,0.0,0.0,0.0,0.0,6.002408058376403,6.002408058376402,1.6531914726058972e-15,0.0,0.8014999395229594,0.0,-6.25,6.250000000000001,0.15811388300841892,0.15811388300841886,1.095591486468569e-08,2.4190772346284854e-06,0.0060024080583133965,0.006,2.4190772346277535e-06,0.006002408058313397,0.006,0.0,0.0,0.0,0.0
479,0.47900000000000004,0.48,-4.365439960142168,4.36543996014217,8.881784197001252e-16,8.730879920284337,-0.10093419209034199,0.10093419209034199,1,1,-4.365439960142168,4.36543996014217,-6.0,6.0,0.0,12.0,0.0,0.0,0.0,0.0,0.0,0.0,0.0,0.0,0.0,0.0,0.0,0.0,0.0,0.0,6.002408059002889,6.002408059002889,3.5735303605122226e-16,0.0,0.8014999395229597,0.0,-6.25,6.250000000000001,0.15811388300841892,0.15811388300841886,1.0955921287608185e-08,2.4190772186921953e-06,0.006002408058940531,0.006,2.419077218691612e-06,0.006002408058940531,0.006,0.0,0.0,0.0,0.0
489,0.489,0.49,-4.365439959567798,4.365439959567801,1.3322676295501878e-15,8.7308799191356,-0.10093419209332377,0.10093419209332377,1,1,-4.365439959567798,4.365439959567801,-6.0,6.0,0.0,12.0,0.0,0.0,0.0,0.0,0.0,0.0,0.0,0.0,0.0,0.0,0.0,0.0,0.0,0.0,6.0024080596229155,6.0024080596229155,1.205632815803881e-16,0.0,0.8014999395229602,0.0,-6.25,6.250000000000001,0.15811388300841892,0.15811388300841886,1.0955927652192383e-08,2.419077202922832e-06,0.006002408059561201,0.006,2.419077202922004e-06,0.006002408059561201,0.006,0.0,0.0,0.0,0.0
499,0.499,0.5,-4.3654399589994055,4.365439958999407,8.881784197001252e-16,8.730879917998813,-0.10093419209626864,0.10093419209626864,1,1,-4.3654399589994055,4.365439958999407,-6.0,6.0,0.0,12.0,0.0,0.0,0.0,0.0,0.0,0.0,0.0,0.0,0.0,0.0,0.0,0.0,0.0,0.0,6.002408060236552,6.002408060236554,2.138914045879403e-15,0.0,0.8014999395229605,0.0,-6.25,6.250000000000001,0.15811388300841892,0.15811388300841886,1.0955933958958464e-08,2.4190771873226126e-06,0.006002408060175474,0.006,2.4190771873233707e-06,0.006002408060175474,0.006,0.0,0.0,0.0,0.0
509,0.509,0.51,-4.3654399584369274,4.365439958436929,8.881784197001252e-16,8.730879916873857,-0.10093419209917659,0.10093419209917659,1,1,-4.3654399584369274,4.365439958436929,-6.0,6.0,0.0,12.0,0.0,0.0,0.0,0.0,0.0,0.0,0.0,0.0,0.0,0.0,0.0,0.0,0.0,0.0,6.002408060843863,6.002408060843863,6.2363308961366215e-16,0.0,0.801499939522961,0.0,-6.25,6.250000000000001,0.15811388300841892,0.15811388300841886,1.0955940208422081e-08,2.419077171893754e-06,0.006002408060783415,0.006,2.419077171893491e-06,0.0060024080607834155,0.006,0.0,0.0,0.0,0.0
519,0.519,0.52,-4.365439957880302,4.365439957880303,8.881784197001252e-16,8.730879915760605,-0.10093419210204929,0.10093419210204929,1,1,-4.365439957880302,4.365439957880303,-6.0,6.0,0.0,12.0,0.0,0.0,0.0,0.0,0.0,0.0,0.0,0.0,0.0,0.0,0.0,0.0,0.0,0.0,6.002408061444914,6.002408061444913,7.832276494035284e-16,0.0,0.8014999395229613,0.0,-6.25,6.250000000000001,0.15811388300841892,0.15811388300841886,1.0955946401094383e-08,2.4190771566273715e-06,0.006002408061385088,0.006,2.4190771566279246e-06,0.006002408061385088,0.006,0.0,0.0,0.0,0.0
529,0.529,0.53,-4.365439957329468,4.36543995732947,8.881784197001252e-16,8.730879914658939,-0.10093419210488619,0.10093419210488619,1,1,-4.365439957329468,4.36543995732947,-6.0,6.0,0.0,12.0,0.0,0.0,0.0,0.0,0.0,0.0,0.0,0.0,0.0,0.0,0.0,0.0,0.0,0.0,6.002408062039767,6.002408062039769,3.755676325489787e-15,0.0,0.8014999395229616,0.0,-6.25,6.250000000000001,0.15811388300841892,0.15811388300841886,1.0955952537482074e-08,2.4190771415279034e-06,0.0060024080619805594,0.006,2.4190771415288914e-06,0.006002408061980557,0.006,0.0,0.0,0.0,0.0
539,0.539,0.54,-4.365439956784367,4.3654399567843685,8.881784197001252e-16,8.730879913568735,-0.10093419210768784,0.10093419210768784,1,1,-4.365439956784367,4.3654399567843685,-6.0,6.0,0.0,12.0,0.0,0.0,0.0,0.0,0.0,0.0,0.0,0.0,0.0,0.0,0.0,0.0,0.0,0.0,6.002408062628489,6.002408062628488,5.108760636751697e-16,0.0,0.8014999395229621,0.0,-6.25,6.250000000000001,0.15811388300841892,0.15811388300841886,1.0955958618087426e-08,2.4190771265886846e-06,0.006002408062569891,0.006,2.4190771265897303e-06,0.00600240806256989,0.006,0.0,0.0,0.0,0.0
549,0.549,0.55,-4.365439956244938,4.36543995624494,1.3322676295501878e-15,8.730879912489879,-0.10093419211045507,0.10093419211045507,1,1,-4.365439956244938,4.36543995624494,-6.0,6.0,0.0,12.0,0.0,0.0,0.0,0.0,0.0,0.0,0.0,0.0,0.0,0.0,0.0,0.0,0.0,0.0,6.002408063211142,6.002408063211142,4.0852737859253807e-16,0.0,0.8014999395229624,0.0,-6.25,6.250000000000001,0.15811388300841892,0.15811388300841886,1.0955964643408333e-08,2.4190771118097118e-06,0.006002408063153148,0.006,2.4190771118104415e-06,0.006002408063153148,0.006,0.0,0.0,0.0,0.0
559,0.559,0.56,-4.365439955711122,4.365439955711124,8.881784197001252e-16,8.730879911422246,-0.10093419211318733,0.10093419211318733,1,1,-4.365439955711122,4.365439955711124,-6.0,6.0,0.0,12.0,0.0,0.0,0.0,0.0,0.0,0.0,0.0,0.0,0.0,0.0,0.0,0.0,0.0,0.0,6.002408063787789,6.00240806378779,1.4580350815585064e-15,0.0,0.8014999395229627,0.0,-6.25,6.250000000000001,0.15811388300841892,0.15811388300841886,1.0955970613938354e-08,2.419077097190983e-06,0.006002408063730393,0.006,2.4190770971910247e-06,0.006002408063730392,0.006,0.0,0.0,0.0,0.0
569,0.5690000000000001,0.5700000000000001,-4.365439955182861,4.365439955182863,8.881784197001252e-16,8.730879910365724,-0.10093419211588628,0.10093419211588628,1,1,-4.365439955182861,4.365439955182863,-6.0,6.0,0.0,12.0,0.0,0.0,0.0,0.0,0.0,0.0,0.0,0.0,0.0,0.0,0.0,0.0,0.0,0.0,6.002408064358493,6.002408064358493,1.6080886622305002e-15,0.0,0.8014999395229632,0.0,-6.25,6.250000000000001,0.15811388300841892,0.15811388300841886,1.0955976530166722e-08,2.419077082725833e-06,0.006002408064301687,0.006,2.4190770827248187e-06,0.006002408064301687,0.006,0.0,0.0,0.0,0.0
579,0.579,0.58,-4.365439954660098,4.3654399546601,8.881784197001252e-16,8.730879909320198,-0.10093419211855165,0.10093419211855165,1,1,-4.365439954660098,4.3654399546601,-6.0,6.0,0.0,12.0,0.0,0.0,0.0,0.0,0.0,0.0,0.0,0.0,0.0,0.0,0.0,0.0,0.0,0.0,6.002408064923312,6.00240806492331,7.936359902593892e-16,0.0,0.8014999395229635,0.0,-6.25,6.250000000000001,0.15811388300841892,0.15811388300841886,1.0955982392578415e-08,2.4190770684187e-06,0.0060024080648670925,0.006,2.4190770684184848e-06,0.006002408064867092,0.006,0.0,0.0,0.0,0.0
589,0.589,0.59,-4.365439954142774,4.365439954142776,8.881784197001252e-16,8.73087990828555,-0.10093419212118371,0.10093419212118371,1,1,-4.365439954142774,4.365439954142776,-6.0,6.0,0.0,12.0,0.0,0.0,0.0,0.0,0.0,0.0,0.0,0.0,0.0,0.0,0.0,0.0,0.0,0.0,6.002408065482307,6.002408065482307,1.2342557531574982e-15,0.0,0.8014999395229638,0.0,-6.25,6.250000000000001,0.15811388300841892,0.15811388300841886,1.0955988201654165e-08,2.41907705426514e-06,0.006002408065426668,0.006,2.4190770542653617e-06,0.006002408065426667,0.006,0.0,0.0,0.0,0.0
599,0.599,0.6,-4.365439953630834,4.365439953630836,8.881784197001252e-16,8.73087990726167,-0.1009341921237833,0.1009341921237833,1,1,-4.365439953630834,4.365439953630836,-6.0,6.0,0.0,12.0,0.0,0.0,0.0,0.0,0.0,0.0,0.0,0.0,0.0,0.0,0.0,0.0,0.0,0.0,6.002408066035543,6.0024080660355414,2.316723202167026e-15,0.0,0.8014999395229642,0.0,-6.25,6.250000000000001,0.15811388300841892,0.15811388300841886,1.095599395787051e-08,2.4190770402607095e-06,0.006002408065980476,0.006,2.4190770402610085e-06,0.006002408065980478,0.006,0.0,0.0,0.0,0.0
609,0.609,0.61,-4.365439953124221,4.365439953124223,1.3322676295501878e-15,8.730879906248443,-0.10093419212635041,0.10093419212635041,1,1,-4.365439953124221,4.365439953124223,-6.0,6.0,0.0,12.0,0.0,0.0,0.0,0.0,0.0,0.0,0.0,0.0,0.0,0.0,0.0,0.0,0.0,0.0,6.002408066583073,6.002408066583073,4.562322741819003e-16,0.0,0.8014999395229645,0.0,-6.25,6.250000000000001,0.15811388300841892,0.15811388300841886,1.0955999661699824e-08,2.419077026407626e-06,0.006002408066528575,0.006,2.4190770264076458e-06,0.006002408066528575,0.006,0.0,0.0,0.0,0.0
619,0.619,0.62,-4.36543995262288,4.365439952622882,8.881784197001252e-16,8.730879905245763,-0.10093419212888616,0.10093419212888616,1,1,-4.36543995262288,4.365439952622882,-6.0,6.0,0.0,12.0,0.0,0.0,0.0,0.0,0.0,0.0,0.0,0.0,0.0,0.0,0.0,0.0,0.0,0.0,6.002408067124961,6.002408067124961,9.341485918135106e-16,0.0,0.8014999395229648,0.0,-6.25,6.250000000000001,0.15811388300841892,0.15811388300841886,1.0956005313610351e-08,2.4190770127036657e-06,0.006002408067071024,0.006,2.4190770127030525e-06,0.006002408067071024,0.006,0.0,0.0,0.0,0.0
629,0.629,0.63,-4.365439952126756,4.365439952126758,8.881784197001252e-16,8.730879904253515,-0.10093419213138999,0.10093419213138999,1,1,-4.365439952126756,4.365439952126758,-6.0,6.0,0.0,12.0,0.0,0.0,0.0,0.0,0.0,0.0,0.0,0.0,0.0,0.0,0.0,0.0,0.0,0.0,6.002408067661261,6.002408067661261,8.265957363029486e-16,0.0,0.8014999395229652,0.0,-6.25,6.250000000000001,0.15811388300841892,0.15811388300841886,1.095601091406624e-08,2.419076999144385e-06,0.006002408067607881,0.006,2.419076999145009e-06,0.006002408067607881,0.006,0.0,0.0,0.0,0.0
639,0.639,0.64,-4.365439951635795,4.365439951635797,8.881784197001252e-16,8.730879903271592,-0.10093419213386301,0.10093419213386301,1,1,-4.365439951635795,4.365439951635797,-6.0,6.0,0.0,12.0,0.0,0.0,0.0,0.0,0.0,0.0,0.0,0.0,0.0,0.0,0.0,0.0,0.0,0.0,6.002408068192033,6.002408068192032,1.214306433183765e-15,0.0,0.8014999395229655,0.0,-6.25,6.250000000000001,0.15811388300841892,0.15811388300841886,1.0956016463527586e-08,2.4190769857342222e-06,0.006002408068139204,0.006,2.419076985733515e-06,0.006002408068139203,0.006,0.0,0.0,0.0,0.0
649,0.649,0.65,-4.365439951149944,4.365439951149946,8.881784197001252e-16,8.73087990229989,-0.1009341921363055,0.1009341921363055,1,1,-4.365439951149944,4.365439951149946,-6.0,6.0,0.0,12.0,0.0,0.0,0.0,0.0,0.0,0.0,0.0,0.0,0.0,0.0,0.0,0.0,0.0,0.0,6.002408068717334,6.002408068717333,7.190428807923865e-16,0.0,0.8014999395229658,0.0,-6.25,6.250000000000001,0.15811388300841892,0.15811388300841886,1.0956021962450458e-08,2.419076972466513e-06,0.006002408068665048,0.006,2.41907697246635e-06,0.006002408068665048,0.006,0.0,0.0,0.0,0.0
659,0.659,0.66,-4.365439950669148,4.36543995066915,8.881784197001252e-16,8.730879901338298,-0.10093419213871746,0.10093419213871746,1,1,-4.365439950669148,4.36543995066915,-6.0,6.0,0.0,12.0,0.0,0.0,0.0,0.0,0.0,0.0,0.0,0.0,0.0,0.0,0.0,0.0,0.0,0.0,6.0024080692372195,6.00240806923722,2.36876490644633e-15,0.0,0.8014999395229662,0.0,-6.25,6.250000000000001,0.15811388300841892,0.15811388300841886,1.0956027411286935e-08,2.4190769593412546e-06,0.006002408069185474,0.006,2.419076959341293e-06,0.0060024080691854715,0.006,0.0,0.0,0.0,0.0
669,0.669,0.67,-4.365439950193356,4.365439950193358,8.881784197001252e-16,8.730879900386714,-0.10093419214109917,0.10093419214109917,1,1,-4.365439950193356,4.365439950193358,-6.0,6.0,0.0,12.0,0.0,0.0,0.0,0.0,0.0,0.0,0.0,0.0,0.0,0.0,0.0,0.0,0.0,0.0,6.002408069751746,6.002408069751745,1.5378323614534395e-15,0.0,0.8014999395229665,0.0,-6.25,6.250000000000001,0.15811388300841892,0.15811388300841886,1.0956032810485142e-08,2.4190769463606644e-06,0.0060024080697005325,0.006,2.4190769463605657e-06,0.006002408069700533,0.006,0.0,0.0,0.0,0.0
679,0.679,0.68,-4.365439949722516,4.365439949722518,8.881784197001252e-16,8.730879899445034,-0.10093419214345145,0.10093419214345145,1,1,-4.365439949722516,4.365439949722518,-6.0,6.0,0.0,12.0,0.0,0.0,0.0,0.0,0.0,0.0,0.0,0.0,0.0,0.0,0.0,0.0,0.0,0.0,6.002408070260967,6.002408070260968,6.036837696399289e-16,0.0,0.8014999395229668,0.0,-6.25,6.250000000000001,0.15811388300841892,0.15811388300841886,1.095603816048928e-08,2.4190769335158582e-06,0.006002408070210281,0.006,2.4190769335152852e-06,0.006002408070210283,0.006,0.0,0.0,0.0,0.0
689,0.6890000000000001,0.6900000000000001,-4.365439949256575,4.365439949256577,8.881784197001252e-16,8.730879898513152,-0.10093419214577487,0.10093419214577487,1,1,-4.365439949256575,4.365439949256577,-6.0,6.0,0.0,12.0,0.0,0.0,0.0,0.0,0.0,0.0,0.0,0.0,0.0,0.0,0.0,0.0,0.0,0.0,6.00240807076494,6.00240807076494,3.2959746043559335e-17,0.0,0.8014999395229672,0.0,-6.25,6.250000000000001,0.15811388300841892,0.15811388300841886,1.095604346173966e-08,2.419076920811274e-06,0.006002408070714777,0.006,2.419076920812113e-06,0.006002408070714777,0.006,0.0,0.0,0.0,0.0
699,0.6990000000000001,0.7000000000000001,-4.365439948795483,4.365439948795486,1.3322676295501878e-15,8.73087989759097,-0.10093419214806942,0.10093419214806942,1,1,-4.365439948795483,4.365439948795486,-6.0,6.0,0.0,12.0,0.0,0.0,0.0,0.0,0.0,0.0,0.0,0.0,0.0,0.0,0.0,0.0,0.0,0.0,6.002408071263718,6.002408071263717,1.9420229313560355e-15,0.0,0.8014999395229675,0.0,-6.25,6.250000000000001,0.15811388300841892,0.15811388300841886,1.0956048714672743e-08,2.419076908240248e-06,0.00600240807121407,0.006,2.419076908239948e-06,0.006002408071214073,0.006,0.0,0.0,0.0,0.0
709,0.709,0.71,-4.365439948339191,4.365439948339192,8.881784197001252e-16,8.730879896678383,-0.10093419215033428,0.10093419215033428,1,1,-4.365439948339191,4.365439948339192,-6.0,6.0,0.0,12.0,0.0,0.0,0.0,0.0,0.0,0.0,0.0,0.0,0.0,0.0,0.0,0.0,0.0,0.0,6.002408071757353,6.002408071757351,2.2967738821932926e-15,0.0,0.8014999395229678,0.0,-6.25,6.250000000000001,0.15811388300841892,0.15811388300841886,1.0956053919721157e-08,2.4190768958005567e-06,0.006002408071708218,0.006,2.419076895801009e-06,0.006002408071708219,0.006,0.0,0.0,0.0,0.0
719,0.719,0.72,-4.365439947887646,4.365439947887648,8.881784197001252e-16,8.730879895775294,-0.10093419215257166,0.10093419215257166,1,1,-4.365439947887646,4.365439947887648,-6.0,6.0,0.0,12.0,0.0,0.0,0.0,0.0,0.0,0.0,0.0,0.0,0.0,0.0,0.0,0.0,0.0,0.0,6.002408072245899,6.002408072245899,6.184289191857317e-16,0.0,0.801499939522968,0.0,-6.25,6.250000000000001,0.15811388300841892,0.15811388300841886,1.0956059077313754e-08,2.4190768834988587e-06,0.0060024080721972715,0.006,2.419076883499738e-06,0.0060024080721972715,0.006,0.0,0.0,0.0,0.0
729,0.729,0.73,-4.365439947440801,4.3654399474408025,8.881784197001252e-16,8.730879894881603,-0.10093419215478155,0.10093419215478155,1,1,-4.365439947440801,4.3654399474408025,-6.0,6.0,0.0,12.0,0.0,0.0,0.0,0.0,0.0,0.0,0.0,0.0,0.0,0.0,0.0,0.0,0.0,0.0,6.002408072729408,6.002408072729409,9.75781955236954e-16,0.0,0.8014999395229684,0.0,-6.25,6.250000000000001,0.15811388300841892,0.15811388300841886,1.0956064187875616e-08,2.4190768713284903e-06,0.006002408072681282,0.006,2.4190768713294733e-06,0.006002408072681282,0.006,0.0,0.0,0.0,0.0
739,0.739,0.74,-4.365439946998606,4.365439946998608,8.881784197001252e-16,8.730879893997214,-0.1009341921569637,0.1009341921569637,1,1,-4.365439946998606,4.365439946998608,-6.0,6.0,0.0,12.0,0.0,0.0,0.0,0.0,0.0,0.0,0.0,0.0,0.0,0.0,0.0,0.0,0.0,0.0,6.002408073207934,6.002408073207935,6.080205783298709e-16,0.0,0.8014999395229687,0.0,-6.25,6.250000000000001,0.15811388300841892,0.15811388300841886,1.0956069251828108e-08,2.4190768592916693e-06,0.006002408073160305,0.006,2.419076859292435e-06,0.006002408073160305,0.006,0.0,0.0,0.0,0.0
749,0.749,0.75,-4.365439946561013,4.365439946561015,8.881784197001252e-16,8.730879893122028,-0.10093419215911892,0.10093419215911892,1,1,-4.365439946561013,4.365439946561015,-6.0,6.0,0.0,12.0,0.0,0.0,0.0,0.0,0.0,0.0,0.0,0.0,0.0,0.0,0.0,0.0,0.0,0.0,6.002408073681526,6.002408073681526,1.3183898417423734e-15,0.0,0.8014999395229689,0.0,-6.25,6.250000000000001,0.15811388300841892,0.15811388300841886,1.0956074269588893e-08,2.4190768473795112e-06,0.0060024080736343875,0.006,2.419076847379742e-06,0.0060024080736343875,0.006,0.0,0.0,0.0,0.0
759,0.759,0.76,-4.3654399461279745,4.365439946127976,8.881784197001252e-16,8.73087989225595,-0.10093419216124694,0.10093419216124694,1,1,-4.3654399461279745,4.365439946127976,-6.0,6.0,0.0,12.0,0.0,0.0,0.0,0.0,0.0,0.0,0.0,0.0,0.0,0.0,0.0,0.0,0.0,0.0,6.002408074150237,6.002408074150235,2.086872341600099e-15,0.0,0.8014999395229693,0.0,-6.25,6.250000000000001,0.15811388300841892,0.15811388300841886,1.0956079241571974e-08,2.4190768355964537e-06,0.006002408074103584,0.006,2.419076835595835e-06,0.006002408074103584,0.006,0.0,0.0,0.0,0.0
769,0.769,0.77,-4.365439945699443,4.365439945699445,1.3322676295501878e-15,8.730879891398889,-0.10093419216334831,0.10093419216334831,1,1,-4.365439945699443,4.365439945699445,-6.0,6.0,0.0,12.0,0.0,0.0,0.0,0.0,0.0,0.0,0.0,0.0,0.0,0.0,0.0,0.0,0.0,0.0,6.002408074614116,6.002408074614116,1.0139458717084437e-15,0.0,0.8014999395229696,0.0,-6.25,6.250000000000001,0.15811388300841892,0.15811388300841886,1.0956084168187725e-08,2.419076823940275e-06,0.006002408074567943,0.006,2.4190768239407137e-06,0.006002408074567943,0.006,0.0,0.0,0.0,0.0
779,0.779,0.78,-4.365439945275371,4.365439945275373,8.881784197001252e-16,8.730879890550744,-0.10093419216542415,0.10093419216542415,1,1,-4.365439945275371,4.365439945275373,-6.0,6.0,0.0,12.0,0.0,0.0,0.0,0.0,0.0,0.0,0.0,0.0,0.0,0.0,0.0,0.0,0.0,0.0,6.002408075073212,6.002408075073212,8.387388006347862e-16,0.0,0.8014999395229698,0.0,-6.25,6.250000000000001,0.15811388300841892,0.15811388300841886,1.095608904984292e-08,2.4190768124087514e-06,0.006002408075027515,0.006,2.4190768124077168e-06,0.006002408075027516,0.006,0.0,0.0,0.0,0.0
789,0.789,0.79,-4.365439944855712,4.365439944855714,8.881784197001252e-16,8.730879889711426,-0.10093419216747335,0.10093419216747335,1,1,-4.365439944855712,4.365439944855714,-6.0,6.0,0.0,12.0,0.0,0.0,0.0,0.0,0.0,0.0,0.0,0.0,0.0,0.0,0.0,0.0,0.0,0.0,6.0024080755275735,6.002408075527575,1.384309333829492e-15,0.0,0.8014999395229702,0.0,-6.25,6.250000000000001,0.15811388300841892,0.15811388300841886,1.0956093886940763e-08,2.41907680100188e-06,0.00600240807548235,0.006,2.4190768010012852e-06,0.006002408075482349,0.006,0.0,0.0,0.0,0.0
799,0.799,0.8,-4.365439944440421,4.365439944440424,1.3322676295501878e-15,8.730879888880846,-0.10093419216949812,0.10093419216949812,1,1,-4.365439944440421,4.365439944440424,-6.0,6.0,0.0,12.0,0.0,0.0,0.0,0.0,0.0,0.0,0.0,0.0,0.0,0.0,0.0,0.0,0.0,0.0,6.002408075977254,6.002408075977254,1.2117043479697998e-15,0.0,0.8014999395229704,0.0,-6.25,6.250000000000001,0.15811388300841892,0.15811388300841886,1.0956098679880915e-08,2.4190767897152183e-06,0.006002408075932495,0.006,2.419076789714758e-06,0.0060024080759324945,0.006,0.0,0.0,0.0,0.0
809,0.809,0.81,-4.365439944029453,4.365439944029455,8.881784197001252e-16,8.730879888058908,-0.10093419217149624,0.10093419217149624,1,1,-4.365439944029453,4.365439944029455,-6.0,6.0,0.0,12.0,0.0,0.0,0.0,0.0,0.0,0.0,0.0,0.0,0.0,0.0,0.0,0.0,0.0,0.0,6.002408076422298,6.002408076422298,9.948639134726989e-16,0.0,0.8014999395229707,0.0,-6.25,6.250000000000001,0.15811388300841892,0.15811388300841886,1.095610342905953e-08,2.419076778548763e-06,0.006002408076377999,0.006,2.419076778548135e-06,0.006002408076378002,0.006,0.0,0.0,0.0,0.0
819,0.8190000000000001,0.8200000000000001,-4.3654399436227616,4.365439943622763,8.881784197001252e-16,8.730879887245525,-0.1009341921734705,0.1009341921734705,1,1,-4.3654399436227616,4.365439943622763,-6.0,6.0,0.0,12.0,0.0,0.0,0.0,0.0,0.0,0.0,0.0,0.0,0.0,0.0,0.0,0.0,0.0,0.0,6.0024080768627535,6.002408076862753,2.7755575615628914e-17,0.0,0.8014999395229709,0.0,-6.25,6.250000000000001,0.15811388300841892,0.15811388300841886,1.0956108134869286e-08,2.419076767506953e-06,0.006002408076818912,0.006,2.4190767675058565e-06,0.006002408076818912,0.006,0.0,0.0,0.0,0.0
829,0.8290000000000001,0.8300000000000001,-4.365439943220303,4.365439943220305,8.881784197001252e-16,8.730879886440608,-0.10093419217542032,0.10093419217542032,1,1,-4.365439943220303,4.365439943220305,-6.0,6.0,0.0,12.0,0.0,0.0,0.0,0.0,0.0,0.0,0.0,0.0,0.0,0.0,0.0,0.0,0.0,0.0,6.002408077298667,6.002408077298667,9.8879238130678e-16,0.0,0.8014999395229713,0.0,-6.25,6.250000000000001,0.15811388300841892,0.15811388300841886,1.0956112797699416e-08,2.4190767565809035e-06,0.006002408077255279,0.006,2.419076756581262e-06,0.006002408077255279,0.006,0.0,0.0,0.0,0.0
839,0.839,0.84,-4.365439942822033,4.365439942822035,8.881784197001252e-16,8.730879885644068,-0.1009341921773449,0.1009341921773449,1,1,-4.365439942822033,4.365439942822035,-6.0,6.0,0.0,12.0,0.0,0.0,0.0,0.0,0.0,0.0,0.0,0.0,0.0,0.0,0.0,0.0,0.0,0.0,6.002408077730088,6.002408077730088,4.458239333260394e-16,0.0,0.8014999395229715,0.0,-6.25,6.250000000000001,0.15811388300841892,0.15811388300841886,1.0956117417935716e-08,2.4190767457728334e-06,0.006002408077687147,0.006,2.4190767457721308e-06,0.006002408077687147,0.006,0.0,0.0,0.0,0.0
849,0.849,0.85,-4.365439942427908,4.365439942427909,8.881784197001252e-16,8.730879884855817,-0.10093419217924615,0.10093419217924615,1,1,-4.365439942427908,4.365439942427909,-6.0,6.0,0.0,12.0,0.0,0.0,0.0,0.0,0.0,0.0,0.0,0.0,0.0,0.0,0.0,0.0,0.0,0.0,6.002408078157062,6.002408078157062,8.179221189230645e-16,0.0,0.8014999395229718,0.0,-6.25,6.250000000000001,0.15811388300841892,0.15811388300841886,1.095612199596061e-08,2.4190767350782987e-06,0.006002408078114563,0.006,2.4190767350784626e-06,0.006002408078114563,0.006,0.0,0.0,0.0,0.0
859,0.859,0.86,-4.365439942037884,4.365439942037887,1.3322676295501878e-15,8.730879884075772,-0.10093419218112354,0.10093419218112354,1,1,-4.365439942037884,4.365439942037887,-6.0,6.0,0.0,12.0,0.0,0.0,0.0,0.0,0.0,0.0,0.0,0.0,0.0,0.0,0.0,0.0,0.0,0.0,6.002408078579633,6.002408078579634,1.0677222994637248e-15,0.0,0.801499939522972,0.0,-6.25,6.250000000000001,0.15811388300841892,0.15811388300841886,1.0956126532153154e-08,2.419076724501738e-06,0.006002408078537574,0.006,2.4190767245024783e-06,0.006002408078537573,0.006,0.0,0.0,0.0,0.0
869,0.869,0.87,-4.365439941651921,4.365439941651923,8.881784197001252e-16,8.730879883303844,-0.10093419218297761,0.10093419218297761,1,1,-4.365439941651921,4.365439941651923,-6.0,6.0,0.0,12.0,0.0,0.0,0.0,0.0,0.0,0.0,0.0,0.0,0.0,0.0,0.0,0.0,0.0,0.0,6.002408078997849,6.002408078997849,5.299580219109146e-16,0.0,0.8014999395229723,0.0,-6.25,6.250000000000001,0.15811388300841892,0.15811388300841886,1.0956131026889067e-08,2.4190767140364875e-06,0.006002408078956222,0.006,2.419076714037516e-06,0.006002408078956223,0.006,0.0,0.0,0.0,0.0
879,0.879,0.88,-4.365439941269975,4.365439941269977,8.881784197001252e-16,8.730879882539952,-0.10093419218480809,0.10093419218480809,1,1,-4.365439941269975,4.365439941269977,-6.0,6.0,0.0,12.0,0.0,0.0,0.0,0.0,0.0,0.0,0.0,0.0,0.0,0.0,0.0,0.0,0.0,0.0,6.002408079411752,6.002408079411753,2.1545265571631944e-15,0.0,0.8014999395229726,0.0,-6.25,6.250000000000001,0.15811388300841892,0.15811388300841886,1.095613548054077e-08,2.419076703682545e-06,0.006002408079370556,0.006,2.419076703683576e-06,0.006002408079370555,0.006,0.0,0.0,0.0,0.0
889,0.889,0.89,-4.365439940892004,4.3654399408920055,8.881784197001252e-16,8.73087988178401,-0.10093419218661581,0.10093419218661581,1,1,-4.365439940892004,4.3654399408920055,-6.0,6.0,0.0,12.0,0.0,0.0,0.0,0.0,0.0,0.0,0.0,0.0,0.0,0.0,0.0,0.0,0.0,0.0,6.0024080798213895,6.0024080798213895,2.1163626406917047e-16,0.0,0.8014999395229728,0.0,-6.25,6.250000000000001,0.15811388300841892,0.15811388300841886,1.095613989347741e-08,2.419076693439908e-06,0.006002408079780617,0.006,2.419076693440658e-06,0.006002408079780617,0.006,0.0,0.0,0.0,0.0
899,0.899,0.9,-4.365439940517966,4.365439940517969,1.3322676295501878e-15,8.730879881035936,-0.10093419218840077,0.10093419218840077,1,1,-4.365439940517966,4.365439940517969,-6.0,6.0,0.0,12.0,0.0,0.0,0.0,0.0,0.0,0.0,0.0,0.0,0.0,0.0,0.0,0.0,0.0,0.0,6.002408080226803,6.002408080226802,8.708311849403572e-16,0.0,0.801499939522973,0.0,-6.25,6.250000000000001,0.15811388300841892,0.15811388300841886,1.0956144266064878e-08,2.4190766833085746e-06,0.00600240808018645,0.006,2.419076683308763e-06,0.00600240808018645,0.006,0.0,0.0,0.0,0.0
909,0.909,0.91,-4.365439940147822,4.365439940147824,8.881784197001252e-16,8.730879880295646,-0.10093419219016408,0.10093419219016408,1,1,-4.365439940147822,4.365439940147824,-6.0,6.0,0.0,12.0,0.0,0.0,0.0,0.0,0.0,0.0,0.0,0.0,0.0,0.0,0.0,0.0,0.0,0.0,6.002408080628038,6.002408080628037,5.299580219109146e-16,0.0,0.8014999395229734,0.0,-6.25,6.250000000000001,0.15811388300841892,0.15811388300841886,1.0956148598665849e-08,2.419076673284101e-06,0.006002408080588101,0.006,2.4190766732834492e-06,0.0060024080805881,0.006,0.0,0.0,0.0,0.0
919,0.919,0.92,-4.365439939781531,4.365439939781533,8.881784197001252e-16,8.730879879563064,-0.10093419219190519,0.10093419219190519,1,1,-4.365439939781531,4.365439939781533,-6.0,6.0,0.0,12.0,0.0,0.0,0.0,0.0,0.0,0.0,0.0,0.0,0.0,0.0,0.0,0.0,0.0,0.0,6.002408081025135,6.002408081025136,8.465450562766819e-16,0.0,0.8014999395229736,0.0,-6.25,6.250000000000001,0.15811388300841892,0.15811388300841886,1.0956152891639811e-08,2.4190766633709267e-06,0.00600240808098561,0.006,2.4190766633713778e-06,0.00600240808098561,0.006,0.0,0.0,0.0,0.0
929,0.929,0.93,-4.365439939419051,4.365439939419053,8.881784197001252e-16,8.730879878838104,-0.10093419219362437,0.10093419219362437,1,1,-4.365439939419051,4.365439939419053,-6.0,6.0,0.0,12.0,0.0,0.0,0.0,0.0,0.0,0.0,0.0,0.0,0.0,0.0,0.0,0.0,0.0,0.0,6.002408081418139,6.002408081418139,1.1223660889569942e-15,0.0,0.8014999395229738,0.0,-6.25,6.250000000000001,0.15811388300841892,0.15811388300841886,1.095615714534308e-08,2.4190766535557254e-06,0.006002408081379022,0.006,2.419076653554786e-06,0.0060024080813790215,0.006,0.0,0.0,0.0,0.0
939,0.9390000000000001,0.9400000000000001,-4.365439939060345,4.365439939060347,8.881784197001252e-16,8.730879878120692,-0.10093419219532218,0.10093419219532218,1,1,-4.365439939060345,4.365439939060347,-6.0,6.0,0.0,12.0,0.0,0.0,0.0,0.0,0.0,0.0,0.0,0.0,0.0,0.0,0.0,0.0,0.0,0.0,6.002408081807091,6.002408081807092,1.0816000872715392e-15,0.0,0.801499939522974,0.0,-6.25,6.250000000000001,0.15811388300841892,0.15811388300841886,1.0956161360128836e-08,2.4190766438518186e-06,0.0060024080817683775,0.006,2.4190766438514366e-06,0.006002408081768377,0.006,0.0,0.0,0.0,0.0
949,0.9490000000000001,0.9500000000000001,-4.365439938705372,4.365439938705374,8.881784197001252e-16,8.730879877410747,-0.10093419219699806,0.10093419219699806,1,1,-4.365439938705372,4.365439938705374,-6.0,6.0,0.0,12.0,0.0,0.0,0.0,0.0,0.0,0.0,0.0,0.0,0.0,0.0,0.0,0.0,0.0,0.0,6.002408082192034,6.0024080821920345,1.0174153186603974e-15,0.0,0.8014999395229743,0.0,-6.25,6.250000000000001,0.15811388300841892,0.15811388300841886,1.095616553634715e-08,2.419076634254763e-06,0.006002408082153719,0.006,2.419076634254669e-06,0.006002408082153719,0.006,0.0,0.0,0.0,0.0
959,0.9590000000000001,0.96,-4.365439938354094,4.365439938354096,8.881784197001252e-16,8.73087987670819,-0.10093419219865452,0.10093419219865452,1,1,-4.365439938354094,4.365439938354096,-6.0,6.0,0.0,12.0,0.0,0.0,0.0,0.0,0.0,0.0,0.0,0.0,0.0,0.0,0.0,0.0,0.0,0.0,6.002408082573009,6.002408082573009,7.840950111415168e-16,0.0,0.8014999395229745,0.0,-6.25,6.250000000000001,0.15811388300841892,0.15811388300841886,1.0956169674345007e-08,2.4190766247556743e-06,0.006002408082535088,0.006,2.4190766247556006e-06,0.006002408082535089,0.006,0.0,0.0,0.0,0.0
969,0.969,0.97,-4.365439938006473,4.365439938006475,8.881784197001252e-16,8.730879876012947,-0.10093419220028932,0.10093419220028932,1,1,-4.365439938006473,4.365439938006475,-6.0,6.0,0.0,12.0,0.0,0.0,0.0,0.0,0.0,0.0,0.0,0.0,0.0,0.0,0.0,0.0,0.0,0.0,6.002408082950056,6.002408082950054,1.7433970933566911e-15,0.0,0.8014999395229748,0.0,-6.25,6.250000000000001,0.15811388300841892,0.15811388300841886,1.0956173774466337e-08,2.419076615358991e-06,0.0060024080829125265,0.006,2.419076615358673e-06,0.0060024080829125265,0.006,0.0,0.0,0.0,0.0
979,0.979,0.98,-4.365439937662469,4.3654399376624715,1.3322676295501878e-15,8.730879875324941,-0.1009341922019033,0.1009341922019033,1,1,-4.365439937662469,4.3654399376624715,-6.0,6.0,0.0,12.0,0.0,0.0,0.0,0.0,0.0,0.0,0.0,0.0,0.0,0.0,0.0,0.0,0.0,0.0,6.002408083323215,6.002408083323214,1.46150452851046e-15,0.0,0.801499939522975,0.0,-6.25,6.250000000000001,0.15811388300841892,0.15811388300841886,1.0956177837052033e-08,2.4190766060691525e-06,0.0060024080832860715,0.006,2.4190766060683267e-06,0.0060024080832860715,0.006,0.0,0.0,0.0,0.0
989,0.989,0.99,-4.365439937322046,4.365439937322048,8.881784197001252e-16,8.730879874644094,-0.10093419220349731,0.10093419220349731,1,1,-4.365439937322046,4.365439937322048,-6.0,6.0,0.0,12.0,0.0,0.0,0.0,0.0,0.0,0.0,0.0,0.0,0.0,0.0,0.0,0.0,0.0,0.0,6.002408083692526,6.002408083692526,1.0885389811754465e-15,0.0,0.8014999395229753,0.0,-6.25,6.250000000000001,0.15811388300841892,0.15811388300841886,1.0956181862439987e-08,2.419076596870613e-06,0.006002408083655768,0.006,2.419076596871239e-06,0.006002408083655768,0.006,0.0,0.0,0.0,0.0
998,0.998,0.999,-4.365439937018697,4.3654399370186985,8.881784197001252e-16,8.730879874037395,-0.10093419220491506,0.10093419220491506,1,1,-4.365439937018697,4.3654399370186985,-6.0,6.0,0.0,12.0,0.0,0.0,0.0,0.0,0.0,0.0,0.0,0.0,0.0,0.0,0.0,0.0,0.0,0.0,6.00240808402165,6.002408084021652,1.7616116898544476e-15,0.0,0.8014999395229755,0.0,-6.25,6.250000000000001,0.15811388300841892,0.15811388300841886,1.0956185453761946e-08,2.419076588678968e-06,0.006002408083985233,0.006,2.4190765886800138e-06,0.006002408083985232,0.006,0.0,0.0,0.0,0.0
999,0.999,1.0,-4.365439936985167,4.783993455577626,0.20927675929622946,9.149433392562793,-0.1009341922050716,2.9417427060819112,1,1,-4.365439936985167,4.365439936985169,-6.0,6.0,0.0,12.0,0.0,0.0,0.05,0.0,0.0,-0.05,0.0,0.05,0.0,0.05,0.0,0.0,0.0,0.0,6.002408084058031,5.952408084058032,4.0245584642661925e-16,0.0,0.8014999395229755,0.0,-6.25,6.250000000000001,0.15811388300841892,0.15811388300841886,1.0956185850965114e-08,2.419076587774473e-06,0.00600240808402165,0.006,2.419076587774072e-06,0.0060024080840216515,0.006,0.05,0.0,0.0,0.0
1000,1.0,1.0010000000000001,-4.365439936951672,4.804457594014389,0.21950882853135845,9.169897530966061,-0.10093419220522787,1.3037850206552182,1,1,-4.365439936951672,4.804457594014389,-6.0,6.0,0.0,12.0,0.04995002499166875,0.0,0.04995002499166875,0.0,-0.04995002499166875,-0.04995002499166875,0.0,0.0,0.0,0.0,0.0,0.0,4.9975008331250425e-05,0.0,6.00245805940984,5.952458084401509,4.657732532997727e-16,0.0,0.8014999395229755,0.0,-6.25,6.250000000000001,0.15811388300841892,0.15811388300841886,1.064905124313061e-08,2.41907658686998e-06,0.00600240808405803,0.006,2.4190765868703503e-06,0.0059524080840580315,0.006,0.05,0.0,4.9975008331250425e-05,0.0
1009,1.0090000000000001,1.01,-4.365439936651794,4.809088620210854,0.22182434177953025,9.174528556862647,-0.10093419220662592,0.49529497704867476,1,1,-4.365439936651794,4.809088620210854,-6.0,6.0,0.0,12.0,0.0495024916874584,0.0,0.0495024916874584,0.0,-0.0495024916874584,-0.0495024916874584,0.0,0.0,0.0,0.0,0.0,0.0,4.952725118578043e-05,0.0,6.002903358872481,5.952905843465242,1.5768636396629176e-15,6.938893903907228e-18,0.8014999395229757,0.0,-6.25,6.250000000000001,0.15811388300841892,0.15811388300841886,1.0649387979583461e-08,2.419076578776289e-06,0.006002854277471575,0.006,2.4190765787768243e-06,0.0059528562913293784,0.006,0.05,0.0,0.0004975083125415973,0.0
1019,1.0190000000000001,1.02,-4.3654399363218905,4.806262782165106,0.22041142292160787,9.171702718486998,-0.1009341922081608,0.3746203044018237,1,1,-4.3654399363218905,4.806262782165106,-6.0,6.0,0.0,12.0,0.04900993366533777,0.0,0.04900993366533777,0.0,-0.04900993366533777,-0.04900993366533777,0.0,0.0,0.0,0.0,0.0,0.0,4.903444680253521e-05,0.0,6.003388775129979,5.953398647613816,7.892991815694472e-16,0.0,0.8014999395229759,0.0,-6.25,6.250000000000001,0.15811388300841892,0.15811388300841886,1.0649809245328842e-08,2.4190765698738384e-06,0.006003340672929345,0.006,2.4190765698728356e-06,0.005953349588775832,0.006,0.05,0.0,0.000990066334662235,0.0
1029,1.029,1.03,-4.365439935995422,4.795607315782832,0.2150836898937052,9.161047251778253,-0.10093419220967681,0.287741085750233,1,1,-4.365439935995422,4.795607315782832,-6.0,6.0,0.0,12.0,0.04852227667742541,0.0,0.04852227667742541,0.0,-0.04852227667742541,-0.04852227667742541,0.0,0.0,0.0,0.0,0.0,0.0,4.8546545904832405e-05,0.0,6.003864480008117,5.953886545833685,1.111090386363145e-15,0.0,0.8014999395229762,0.0,-6.25,6.250000000000001,0.15811388300841892,0.15811388300841886,1.0650245334014906e-08,2.4190765610671196e-06,0.006003817342378274,0.006,2.4190765610665466e-06,0.00595383797538275,0.006,0.05,0.0,0.0014777233225745914,0.0
1039,1.039,1.04,-4.3654399356718985,4.780793361938685,0.20767671313339342,9.146233297610584,-0.10093419221279487,0.2508270065567403,1,1,-4.3654399356718985,4.780793361938685,-6.0,6.0,0.0,12.0,0.04803947195761616,0.0,0.04803947195761616,0.0,-0.04803947195761616,-0.04803947195761616,0.0,0.0,0.0,0.0,0.0,0.0,4.806349970217568e-05,0.0,6.004330618731595,5.954369586963865,5.559788740505667e-16,0.0,0.8014999395229764,0.0,-6.25,6.250000000000001,0.15811388300841892,0.15811388300841886,1.0650686953835894e-08,2.4190765523516893e-06,0.006004284431237265,0.006,2.419076552351296e-06,0.005954321500038036,0.006,0.05,0.0,0.0019605280423838395,0.0
1049,1.049,1.05,-4.365439935236478,4.764796274326291,0.19967816954490658,9.130236209562769,-0.10093419249731866,0.22762172506106126,1,1,-4.365439935236478,4.764796274326291,-6.0,6.0,0.0,12.0,0.0475614712250357,0.0,0.0475614712250357,0.0,-0.0475614712250357,-0.0475614712250357,0.0,0.0,0.0,0.0,0.0,0.0,4.758525988954222e-05,0.0,6.0047873345963865,5.954847819357234,8.108612522747527e-16,6.938893903907228e-18,0.8014999395229766,0.0,-6.25,6.250000000000001,0.15811388300841892,0.15811388300841886,1.0651130437253254e-08,2.419076543734207e-06,0.006004742082994079,0.006,2.419076543733745e-06,0.005954800211142964,0.006,0.05,0.0,0.002438528774964299,0.0
1059,1.059,1.06,-4.365439932126311,4.748791146893003,0.19167560738334632,9.114231079019314,-0.10093419778389262,0.19064351437561466,1,1,-4.365439932126311,4.748791146893003,-6.0,6.0,0.0,12.0,0.04708822667921243,0.0,0.04708822667921243,0.0,-0.04708822667921243,-0.04708822667921243,0.0,0.0,0.0,0.0,0.0,0.0,4.711177864255223e-05,0.0,6.005234768993726,5.95532129088534,3.7726847470706537e-16,6.938893903907228e-18,0.8014999395229768,0.0,-6.25,6.250000000000001,0.15811388300841892,0.15811388300841886,1.0651573933516839e-08,2.4190765352057883e-06,0.006005190439229351,0.006,2.4190765352050116e-06,0.005955274156616996,0.006,0.05,0.0,0.0029117733207875644,0.0
1069,1.069,1.07,-4.3654399087007265,4.732040408850231,0.18330025007475204,9.097480317550957,-0.10093423356359738,0.18178285226461255,1,1,-4.3654399087007265,4.732040408850231,-6.0,6.0,0.0,12.0,0.04661969099529742,0.0,0.04661969099529742,0.0,-0.04661969099529742,-0.04661969099529742,0.0,0.0,0.0,0.0,0.0,0.0,4.6643008612686445e-05,0.0,6.005673061433802,5.955790048943172,1.042568809062061e-15,6.938893903907228e-18,0.8014999395229769,0.0,-6.25,6.250000000000001,0.15811388300841892,0.15811388300841886,1.0652016367005536e-08,2.419076526770873e-06,0.006005629639640318,0.006,2.4190765267717576e-06,0.0059557433839025654,0.006,0.05,0.0,0.0033803090047025888,0.0
1079,1.079,1.08,-4.3654398035962485,4.716526926638061,0.17554356152090644,9.08196673023431,-0.10093437111568959,0.17529823693328117,1,1,-4.3654398035962485,4.716526926638061,-6.0,6.0,0.0,12.0,0.0461558173193318,0.0,0.0461558173193318,0.0,-0.0461558173193318,-0.0461558173193318,0.0,0.0,0.0,0.0,0.0,0.0,4.617890292255123e-05,0.0,6.0061023495692005,5.956254140453908,1.9810542095655137e-15,6.938893903907228e-18,0.8014999395229772,0.0,-6.25,6.250000000000001,0.15811388300841892,0.15811388300841886,1.065245705222632e-08,2.419076518425017e-06,0.006006059822064282,0.006,2.419076518425101e-06,0.005956207939969815,0.006,0.05,0.0,0.0038441826806682117,0.0
1089,1.089,1.09,-4.365439476531811,4.702267022991358,0.1684137732297737,9.067706499523169,-0.10093474395726554,0.17038984755156333,1,1,-4.365439476531811,4.702267022991358,-6.0,6.0,0.0,12.0,0.04569655926356142,0.0,0.04569655926356142,0.0,-0.04569655926356142,-0.04569655926356142,0.0,0.0,0.0,0.0,0.0,0.0,4.571941516119082e-05,0.0,6.006522769218063,5.9567136118736,8.847089727481716e-16,6.938893903907228e-18,0.8014999395229774,0.0,-6.25,6.250000000000001,0.15811388300841892,0.15811388300841886,1.0652895522462787e-08,2.4190765101659985e-06,0.006006481122501788,0.006,2.4190765101650414e-06,0.005956667871321308,0.006,0.05,0.0,0.00430344073643859,0.0
1099,1.099,1.1,-4.365438682633365,4.68810197333175,0.16133164534919242,9.053540655965115,-0.10093554574646973,0.15130661572270582,1,1,-4.365438682633365,4.68810197333175,-6.0,6.0,0.0,12.0,0.04524187090179799,0.0,0.04524187090179799,0.0,-0.04524187090179799,-0.04524187090179799,0.0,0.0,0.0,0.0,0.0,0.0,4.526449937944616e-05,0.0,6.0069344543869505,5.957168509195839,4.924514030064941e-16,6.938893903907228e-18,0.8014999395229776,0.0,-6.25,6.250000000000001,0.15811388300841892,0.15811388300841886,1.0653331443450637e-08,2.4190765020026977e-06,0.006006893675139541,0.006,2.4190765020026817e-06,0.005957123223996665,0.006,0.05,0.0,0.004758129098202021,0.0
1109,1.109,1.11,-4.365437065261533,4.675032797340094,0.15479786603928058,9.040469862601627,-0.10093701289280665,0.14932317769359382,1,1,-4.365437065261533,4.675032797340094,-6.0,6.0,0.0,12.0,0.04479170676482642,0.0,0.04479170676482642,0.0,-0.04479170676482642,-0.04479170676482642,0.0,0.0,0.0,0.0,0.0,0.0,4.481411008535999e-05,0.0,6.007337537293461,5.957618877956337,8.820052435805359e-16,0.0,0.8014999395229778,0.0,-6.25,6.250000000000001,0.15811388300841892,0.15811388300841886,1.0653764565944241e-08,2.419076493921789e-06,0.006007297612373018,0.006,2.4190764939224786e-06,0.005957574043577185,0.006,0.05,0.0,0.0052082932351735865,0.0
1119,1.119,1.12,-4.365434166888588,4.663133971733614,0.14884990242251295,9.028568138622202,-0.1009394004895986,0.14772103971868927,1,1,-4.365434166888588,4.663133971733614,-6.0,6.0,0.0,12.0,0.04434602183585787,0.0,0.04434602183585787,0.0,-0.04434602183585787,-0.04434602183585787,0.0,0.0,0.0,0.0,0.0,0.0,4.4368202239627564e-05,0.0,6.007732148388556,5.9580647632374975,6.687358999890591e-16,1.3877787807814457e-17,0.801499939522978,0.0,-6.25,6.250000000000001,0.15811388300841892,0.15811388300841886,1.0654194697944307e-08,2.419076485927713e-06,0.006007693064828855,0.006,2.4190764859266523e-06,0.005958020375190397,0.006,0.05,0.0,0.005653978164142121,0.0
1129,1.129,1.1300000000000001,-4.3654294523962625,4.652256948097617,0.14341374785067718,9.01768640049388,-0.10094295893806365,0.14640582545249414,1,1,-4.3654294523962625,4.652256948097617,-6.0,6.0,0.0,12.0,0.043904771546028044,0.0,0.043904771546028044,0.0,-0.043904771546028044,-0.043904771546028044,0.0,0.0,0.0,0.0,0.0,0.0,4.392673125109272e-05,0.0,6.008118416378641,5.958506209672926,1.835337437583462e-15,2.7755575615628914e-17,0.8014999395229782,0.0,-6.25,6.250000000000001,0.15811388300841892,0.15811388300841886,1.0654621687625817e-08,2.419076478022686e-06,0.006008080161386922,0.006,2.4190764780218643e-06,0.0059584622635145855,0.006,0.05,0.0,0.006095228453971931,0.0
1139,1.139,1.1400000000000001,-4.365422338212971,4.641582325125738,0.13807999345638367,9.007004663338709,-0.10094791537105824,0.1333706082103614,1,1,-4.365422338212971,4.641582325125738,-6.0,6.0,0.0,12.0,0.04346791176994026,0.0,0.04346791176994026,0.0,-0.04346791176994026,-0.04346791176994026,0.0,0.0,0.0,0.0,0.0,0.0,4.3489652972288724e-05,0.0,6.008496468247356,5.958943261451901,3.0184188481996443e-16,3.469446951953614e-17,0.8014999395229784,0.0,-6.25,6.250000000000001,0.15811388300841892,0.15811388300841886,1.0655045412422661e-08,2.4190764701978256e-06,0.0060084590292021605,0.006,2.4190764701970125e-06,0.0059588997527832595,0.006,0.05,0.0,0.006532088230059705,0.0
1149,1.149,1.1500000000000001,-4.365412221964425,4.631625078162809,0.13310642809919226,8.997037300127234,-0.10095446120323537,0.13298631598351485,1,1,-4.365412221964425,4.631625078162809,-6.0,6.0,0.0,12.0,0.04303539882125285,0.0,0.04303539882125285,0.0,-0.04303539882125285,-0.04303539882125285,0.0,0.0,0.0,0.0,0.0,0.0,4.305692369502345e-05,0.0,6.008866429277123,5.959375962323783,8.760353553682876e-16,4.163336342344337e-17,0.8014999395229786,0.0,-6.25,6.250000000000001,0.15811388300841892,0.15811388300841886,1.0655465771811122e-08,2.419076462464232e-06,0.006008829793726157,0.006,2.419076462463199e-06,0.005959332886789577,0.006,0.05,0.0,0.006964601178747106,0.0
1159,1.159,1.16,-4.365398509177525,4.622472521049561,0.12853700593601802,8.987871030227087,-0.10096274545171813,0.13265927871356858,1,1,-4.365398509177525,4.622472521049561,-6.0,6.0,0.0,12.0,0.04260718944831054,0.0,0.04260718944831054,0.0,-0.04260718944831054,-0.04260718944831054,0.0,0.0,0.0,0.0,0.0,0.0,4.26285001460086e-05,0.0,6.009228423070433,5.959804355602411,9.145719663365692e-16,3.469446951953614e-17,0.8014999395229788,0.0,-6.25,6.250000000000001,0.15811388300841892,0.15811388300841886,1.0655882682394078e-08,2.419076454810801e-06,0.0060091925787284445,0.006,2.4190764548115416e-06,0.005959761708890729,0.006,0.05,0.0,0.007392810551689427,0.0
1169,1.169,1.17,-4.36538063524932,4.61402183969875,0.12432060222471497,8.97940247494807,-0.10097287271142563,0.13237837613084474,1,1,-4.36538063524932,4.61402183969875,-6.0,6.0,0.0,12.0,0.04218324082981916,0.0,0.04218324082981916,0.0,-0.04218324082981916,-0.04218324082981916,0.0,0.0,0.0,0.0,0.0,0.0,4.22043394825322e-05,0.0,6.009582571570878,5.960228484170425,2.435551760271437e-15,2.7755575615628914e-17,0.8014999395229789,0.0,-6.25,6.250000000000001,0.15811388300841892,0.15811388300841886,1.0656296074458208e-08,2.4190764472375305e-06,0.00600954750631756,0.006,2.4190764472376004e-06,0.005960186262012284,0.006,0.05,0.0,0.007816759170180812,0.0
1179,1.179,1.18,-4.3653580821088775,4.60618757685502,0.12041474737307123,8.971545658963898,-0.10098490448857939,0.132135106690644,1,1,-4.3653580821088775,4.60618757685502,-6.0,6.0,0.0,12.0,0.04176351057056357,0.0,0.04176351057056357,0.0,-0.04176351057056357,-0.04176351057056357,0.0,0.0,0.0,0.0,0.0,0.0,4.178439928817445e-05,0.0,6.009928995083917,5.960648390483566,1.3970148280383066e-15,3.469446951953614e-17,0.8014999395229792,0.0,-6.25,6.250000000000001,0.15811388300841892,0.15811388300841886,1.0656705889498163e-08,2.4190764397444188e-06,0.006009894696961855,0.006,2.419076439743595e-06,0.005960606588652485,0.006,0.05,0.0,0.008236489429436398,0.0
1189,1.189,1.19,-4.365330389764231,4.59881130898089,0.11674045960832968,8.96414169874512,-0.10099886271164232,0.12229082554255644,1,1,-4.365330389764231,4.59881130898089,-6.0,6.0,0.0,12.0,0.04134795669716808,0.0,0.04134795669716808,0.0,-0.04134795669716808,-0.04134795669716808,0.0,0.0,0.0,0.0,0.0,0.0,4.1368637568565963e-05,0.0,6.010267812297415,5.961064116574924,9.01541211476009e-16,4.163336342344337e-17,0.8014999395229794,0.0,-6.25,6.250000000000001,0.15811388300841892,0.15811388300841886,1.065711207838993e-08,2.4190764323336847e-06,0.006010234269510037,0.006,2.4190764323339664e-06,0.005961022730886491,0.006,0.05,0.0,0.008652043302831884,0.0
1199,1.199,1.2,-4.365297163338182,4.5914877432750485,0.11309528996843321,8.95678490661323,-0.10101473446993414,0.12237126498838291,1,1,-4.365297163338182,4.5914877432750485,-6.0,6.0,0.0,12.0,0.040936537653899055,0.0,0.040936537653899055,0.0,-0.040936537653899055,-0.040936537653899055,0.0,0.0,0.0,0.0,0.0,0.0,4.0957012747188316e-05,0.0,6.010599140301925,5.961475704059151,1.8214596497756474e-15,4.163336342344337e-17,0.8014999395229795,0.0,-6.25,6.250000000000001,0.15811388300841892,0.15811388300841886,1.0657514600009112e-08,2.419076425000885e-06,0.0060105663412114785,0.006,2.4190764249998333e-06,0.005961434730370609,0.006,0.05,0.0,0.009063462346100904,0.0
1209,1.209,1.21,-4.365258076367001,4.584655703837766,0.10969881373538293,8.949913780204767,-0.10103247727758474,0.12244217776944705,1,1,-4.365258076367001,4.584655703837766,-6.0,6.0,0.0,12.0,0.040529212298509316,0.0,0.040529212298509316,0.0,-0.040529212298509316,-0.040529212298509316,0.0,0.0,0.0,0.0,0.0,0.0,4.054948366121635e-05,0.0,6.010923094610715,5.961883194136604,5.649235419735721e-16,4.85722573273506e-17,0.8014999395229797,0.0,-6.25,6.250000000000001,0.15811388300841892,0.15811388300841886,1.0657913420160351e-08,2.419076417748239e-06,0.006010891027736286,0.006,2.4190764177478566e-06,0.005961842628346446,0.006,0.05,0.0,0.009470787701490641,0.0
1219,1.219,1.22,-4.365212871157274,4.57826107618608,0.10652410251440303,8.943473947343353,-0.10105202437907551,0.12250504560958136,1,1,-4.365212871157274,4.57826107618608,-6.0,6.0,0.0,12.0,0.040125939898123894,0.0,0.040125939898123894,0.0,-0.040125939898123894,-0.040125939898123894,0.0,0.0,0.0,0.0,0.0,0.0,4.014600955740186e-05,0.0,6.011239789179579,5.962286627597503,2.6594124038353817e-16,4.163336342344337e-17,0.8014999395229799,0.0,-6.25,6.250000000000001,0.15811388300841892,0.15811388300841886,1.0658308510728431e-08,2.4190764105713034e-06,0.006011208443195115,0.006,2.4190764105713746e-06,0.005962246465645046,0.006,0.05,0.0,0.009874060101876067,0.0
1229,1.229,1.23,-4.3651613569351175,4.57225792209247,0.10354828257867643,8.937419279027587,-0.10107328978706642,0.12256106806714517,1,1,-4.3651613569351175,4.57225792209247,-6.0,6.0,0.0,12.0,0.03972668012516669,0.0,0.03972668012516669,0.0,-0.03972668012516669,-0.03972668012516669,0.0,0.0,0.0,0.0,0.0,0.0,3.974655008799824e-05,0.0,6.01154933642639,5.962686044825986,1.0188586628025187e-15,2.0816681711721685e-17,0.80149993952298,0.0,-6.25,6.250000000000001,0.15811388300841892,0.15811388300841886,1.0658699848990493e-08,2.419076403476738e-06,0.006011518700158757,0.006,2.4190764034770497e-06,0.005962646282690974,0.006,0.05,0.0,0.01027331987483329,0.0
1239,1.239,1.24,-4.365103406422632,4.5666069414026635,0.1007517674900158,8.931710347825295,-0.101096172873405,0.12261122539549807,1,1,-4.365103406422632,4.5666069414026635,-6.0,6.0,0.0,12.0,0.03933139305332767,0.0,0.03933139305332767,0.0,-0.03933139305332767,-0.03933139305332767,0.0,0.0,0.0,0.0,0.0,0.0,3.935106530672565e-05,0.0,6.011851847250424,5.963081485804169,1.1539638060213686e-15,1.3877787807814457e-17,0.8014999395229803,0.0,-6.25,6.250000000000001,0.15811388300841892,0.15811388300841886,1.065908741704753e-08,2.419076396453439e-06,0.006011821909677486,0.006,2.4190763964537786e-06,0.005963042119506366,0.006,0.05,0.0,0.010668606946672321,0.0
1249,1.249,1.25,-4.365038951365863,4.561274275259195,0.09811766194666616,8.926313226625059,-0.10112056242629758,0.12265632551740152,1,1,-4.365038951365863,4.561274275259195,-6.0,6.0,0.0,12.0,0.038940039153570236,0.0,0.038940039153570236,0.0,-0.038940039153570236,-0.038940039153570236,0.0,0.0,0.0,0.0,0.0,0.0,3.895951566477638e-05,0.0,6.0121474310514555,5.963472990116137,9.948639134726989e-16,2.0816681711721685e-17,0.8014999395229804,0.0,-6.25,6.250000000000001,0.15811388300841892,0.15811388300841886,1.065947120134593e-08,2.4190763895036247e-06,0.006012118181300173,0.006,2.4190763895037826e-06,0.005963434015714934,0.006,0.05,0.0,0.011059960846429746,0.0
1259,1.2590000000000001,1.26,-4.364967977431724,4.556230564323143,0.09563129344570953,8.921198541754867,-0.1011463401485882,0.1226970395689514,1,1,-4.364967977431724,4.556230564323143,-6.0,6.0,0.0,12.0,0.0385525792901783,0.0,0.0385525792901783,0.0,-0.0385525792901783,-0.0385525792901783,0.0,0.0,0.0,0.0,0.0,0.0,3.8571862006859956e-05,0.0,6.01243619574862,5.9638605969519105,3.088675148976705e-15,2.7755575615628914e-17,0.8014999395229806,0.0,-6.25,6.250000000000001,0.15811388300841892,0.15811388300841886,1.0659851192268235e-08,2.4190763826295135e-06,0.006012407623093175,0.006,2.4190763826292815e-06,0.0059638220105459275,0.006,0.05,0.0,0.011447420709821675,0.0
1269,1.2690000000000001,1.27,-4.364890518795875,4.551450199943021,0.0932798405735733,8.916340718738896,-0.10117338361158384,0.12273392910411074,1,1,-4.364890518795875,4.551450199943021,-6.0,6.0,0.0,12.0,0.03816897471684264,0.0,0.03816897471684264,0.0,-0.03816897471684264,-0.03816897471684264,0.0,0.0,0.0,0.0,0.0,0.0,3.818806556728755e-05,0.0,6.01271824779905,5.964244345111377,6.903454045394108e-16,3.469446951953614e-17,0.8014999395229807,0.0,-6.25,6.250000000000001,0.15811388300841892,0.15811388300841886,1.0660227383778244e-08,2.4190763758311047e-06,0.006012690341658993,0.006,2.419076375830276e-06,0.005964206142838067,0.006,0.05,0.0,0.011831025283157326,0.0
1279,1.2790000000000001,1.28,-4.364806652662352,4.546703150801326,0.09094824906948684,8.911509803463678,-0.10120156870208646,0.11503792932950396,1,1,-4.364806652662352,4.546703150801326,-6.0,6.0,0.0,12.0,0.03778918707278626,0.0,0.03778918707278626,0.0,-0.03778918707278626,-0.03778918707278626,0.0,0.0,0.0,0.0,0.0,0.0,3.780808796609536e-05,0.0,6.0129936922162806,5.964624273008152,1.0639818019686498e-15,3.469446951953614e-17,0.8014999395229809,0.0,-6.25,6.250000000000001,0.15811388300841892,0.15811388300841886,1.0660599773109427e-08,2.4190763691061756e-06,0.006012966442154701,0.006,2.419076369106765e-06,0.005964586451043426,0.006,0.05,0.0,0.012210812927213712,0.0
1289,1.289,1.29,-4.364716493889096,4.542101730630037,0.08869261837047038,8.906818224519133,-0.10123077161248245,0.11517036257769397,1,1,-4.364716493889096,4.542101730630037,-6.0,6.0,0.0,12.0,0.037413178378928255,0.0,0.037413178378928255,0.0,-0.037413178378928255,-0.037413178378928255,0.0,0.0,0.0,0.0,0.0,0.0,3.7431891205206646e-05,0.0,6.013262632588451,5.96500041867345,6.912873051767576e-16,2.7755575615628914e-17,0.801499939522981,0.0,-6.25,6.250000000000001,0.15811388300841892,0.15811388300841886,1.0660968360488539e-08,2.419076362450283e-06,0.006013236028310162,0.006,2.419076362449868e-06,0.005964962973231289,0.006,0.05,0.0,0.012586821621071723,0.0
1299,1.299,1.3,-4.364620189840198,4.537724503865822,0.08655215701281183,8.90234469370602,-0.10126087042842319,0.11529158697256348,1,1,-4.364620189840198,4.537724503865822,-6.0,6.0,0.0,12.0,0.037040911034085904,0.0,0.037040911034085904,0.0,-0.037040911034085904,-0.037040911034085904,0.0,0.0,0.0,0.0,0.0,0.0,3.70594376646318e-05,0.0,6.013525171096266,5.965372819759878,2.0703924685783193e-15,6.938893903907228e-18,0.8014999395229813,0.0,-6.25,6.250000000000001,0.15811388300841892,0.15811388300841886,1.0661333148888388e-08,2.4190763558612057e-06,0.006013499202446025,0.006,2.4190763558706865e-06,0.005965335747091945,0.006,0.05,0.0,0.012959088965914092,0.0
1309,1.309,1.31,-4.3645179155441705,4.533553455934894,0.08451777019536166,8.898071371479064,-0.10129174636860722,0.11540285114410437,1,1,-4.3645179155441705,4.533553455934894,-6.0,6.0,0.0,12.0,0.03667234781121447,0.0,0.03667234781121447,0.0,-0.03667234781121447,-0.03667234781121447,0.0,0.0,0.0,0.0,0.0,0.0,3.669069009870637e-05,0.0,6.013781408530754,5.965741513545205,8.057790545912269e-16,6.938893903907228e-18,0.8014999395229814,0.0,-6.25,6.250000000000001,0.15811388300841892,0.15811388300841886,1.0661694143804946e-08,2.4190763493411615e-06,0.006013756065491491,0.006,2.4190763493536773e-06,0.005965704809940489,0.006,0.05,0.0,0.01332765218878552,0.0
1319,1.319,1.32,-4.364409869205709,4.529572609664367,0.08258137022932877,8.893982478870075,-0.10132328472835322,0.11550523193358891,1,1,-4.364409869205709,4.529572609664367,-6.0,6.0,0.0,12.0,0.03630745185368456,0.0,0.03630745185368456,0.0,-0.03630745185368456,-0.03630745185368456,0.0,0.0,0.0,0.0,0.0,0.0,3.6325611632366494e-05,0.0,6.014031444310804,5.966106536936095,1.1145598333150986e-15,6.938893903907228e-18,0.8014999395229816,0.0,-6.25,6.250000000000001,0.15811388300841892,0.15811388300841886,1.066205135305529e-08,2.419076342876827e-06,0.006014006717001883,0.006,2.4190763429121632e-06,0.005966070198720525,0.006,0.05,0.0,0.013692548146315438,0.0
1329,1.329,1.33,-4.364296268094686,4.52576773291537,0.08073573241034193,8.890064001010057,-0.1013553755742469,0.11559966231945079,1,1,-4.364296268094686,4.52576773291537,-6.0,6.0,0.0,12.0,0.035946186671596325,0.0,0.035946186671596325,0.0,-0.035946186671596325,-0.035946186671596325,0.0,0.0,0.0,0.0,0.0,0.0,3.59641657574613e-05,0.0,6.014275376500503,5.966467926471804,6.43297806517118e-16,0.0,0.8014999395229817,0.0,-6.25,6.250000000000001,0.15811388300841892,0.15811388300841886,1.0662404786593409e-08,2.4190763364637594e-06,0.00601425125517599,0.006,2.4190763365372624e-06,0.005966431950007881,0.006,0.05,0.0,0.014053813328403674,0.0
1339,1.339,1.34,-4.364177344818739,4.522126096408359,0.07897437579481004,8.886303441227097,-0.10138791423203897,0.11568695414238578,1,1,-4.364177344818739,4.522126096408359,-6.0,6.0,0.0,12.0,0.035588516138130515,0.0,0.035588516138130515,0.0,-0.035588516138130515,-0.035588516138130515,0.0,0.0,0.0,0.0,0.0,0.0,3.560631632910209e-05,0.0,6.014513301826245,5.966825718327832,1.1919921972212977e-15,6.938893903907228e-18,0.8014999395229819,0.0,-6.25,6.250000000000001,0.15811388300841892,0.15811388300841886,1.0662754456341648e-08,2.419076330079752e-06,0.006014489776873212,0.006,2.4190763302267547e-06,0.005966790100014271,0.006,0.05,0.0,0.014411483861869497,0.0
1349,1.349,1.35,-4.364053343973458,4.518636271804419,0.07729146391548047,8.882689615777878,-0.10142080160478711,0.11576781671483016,1,1,-4.364053343973458,4.518636271804419,-6.0,6.0,0.0,12.0,0.03523440448593569,0.0,0.03523440448593569,0.0,-0.03523440448593569,-0.03523440448593569,0.0,0.0,0.0,0.0,0.0,0.0,3.5252027562047805e-05,0.0,6.0147453156936495,5.96717994831955,6.919852603252952e-16,0.0,0.801499939522982,0.0,-6.25,6.250000000000001,0.15811388300841892,0.15811388300841886,1.0663100376035831e-08,2.419076323693718e-06,0.006014722377630494,0.006,2.419076323991742e-06,0.0059671446845909176,0.006,0.05,0.0,0.014765595514064311,0.0
1359,1.359,1.36,-4.3639245191557565,4.515287962317869,0.07568172158105613,8.879212481473626,-0.1014539443531276,0.11584287215050754,1,1,-4.3639245191557565,4.515287962317869,-6.0,6.0,0.0,12.0,0.03488381630355158,0.0,0.03488381630355158,0.0,-0.03488381630355158,-0.03488381630355158,0.0,0.0,0.0,0.0,0.0,0.0,3.490126402712652e-05,0.0,6.014971512204272,5.967530651905785,5.230191280070073e-16,6.938893903907228e-18,0.8014999395229822,0.0,-6.25,6.250000000000001,0.15811388300841892,0.15811388300841886,1.066344256108266e-08,2.4190763172434824e-06,0.006014949151679049,0.006,2.4190763178189024e-06,0.005967495739232142,0.006,0.05,0.0,0.015116183696448432,0.0
1369,1.369,1.37,-4.363791130320432,4.512071859803679,0.07414036474162344,8.87586299012411,-0.10148725496491207,0.1159126680626546,1,1,-4.363791130320432,4.512071859803679,-6.0,6.0,0.0,12.0,0.03453671653186776,0.0,0.03453671653186776,0.0,-0.03453671653186776,-0.03453671653186776,0.0,0.0,0.0,0.0,0.0,0.0,3.455399064769244e-05,0.0,6.015191984172108,5.967877864192358,1.2091022627558345e-15,6.938893903907228e-18,0.8014999395229824,0.0,-6.25,6.250000000000001,0.15811388300841892,0.15811388300841886,1.0663781028427933e-08,2.419076310638006e-06,0.006015170191960892,0.006,2.4190763117126757e-06,0.005967843299078907,0.006,0.05,0.0,0.01546328346813225,0.0
1379,1.379,1.3800000000000001,-4.363653441456704,4.508979523533491,0.0726630410383935,8.872632964990196,-0.10152065173720776,0.1159776881379998,1,1,-4.363653441456704,4.508979523533491,-6.0,6.0,0.0,12.0,0.03419307046061783,0.0,0.03419307046061783,0.0,-0.03419307046061783,-0.03419307046061783,0.0,0.0,0.0,0.0,0.0,0.0,3.4210172696118215e-05,0.0,6.015406823139903,5.968221619935618,1.8049797767538678e-15,1.3877787807814457e-17,0.8014999395229826,0.0,-6.25,6.250000000000001,0.15811388300841892,0.15811388300841886,1.0664115796434654e-08,2.419076303737398e-06,0.0060153855901451635,0.006,2.4190763056708422e-06,0.005968187398922349,0.006,0.05,0.0,0.01580692953938219,0.0
1389,1.389,1.3900000000000001,-4.363511718559798,4.506003276849632,0.07124577914491681,8.86951499540943,-0.10155405868992246,0.11603836098571157,1,1,-4.363511718559798,4.506003276849632,-6.0,6.0,0.0,12.0,0.03385284372490827,0.0,0.03385284372490827,0.0,-0.03385284372490827,-0.03385284372490827,0.0,0.0,0.0,0.0,0.0,0.0,3.3869775790322164e-05,0.0,6.015616119395261,5.968561953545901,7.355227538141662e-16,2.0816681711721685e-17,0.8014999395229827,0.0,-6.25,6.250000000000001,0.15811388300841892,0.15811388300841886,1.0664446884769973e-08,2.419076296317393e-06,0.006015595436644266,0.006,2.419076299697842e-06,0.005968528073207257,0.006,0.05,0.0,0.016147156275091747,0.0
1398,1.3980000000000001,1.399,-4.363380938923576,4.503418112314208,0.07001858669531602,8.866799051237784,-0.10158407535672542,0.11608956542232013,1,1,-4.363380938923576,4.503418112314208,-6.0,6.0,0.0,12.0,0.03354953506767234,0.0,0.03354953506767234,0.0,-0.03354953506767234,-0.03354953506767234,0.0,0.0,0.0,0.0,0.0,0.0,3.356631542819354e-05,0.0,6.015799820629784,5.968865356035508,8.065718774298569e-16,2.0816681711721685e-17,0.8014999395229829,0.0,-6.25,6.250000000000001,0.15811388300841892,0.15811388300841886,1.0664741735375572e-08,2.4190762889263396e-06,0.006015779625528337,0.006,2.4190762943732125e-06,0.005968831779403359,0.006,0.05,0.0,0.01645046493232769,0.0
1399,1.399,1.4000000000000001,-4.363366227872174,4.9244556883781945,0.2805447302530104,9.287821916250369,-0.10158740542705796,2.571440150195149,1,1,-4.363366227872174,4.5031361186420495,-6.0,6.0,0.0,12.0,0.033516002301782005,0.0,0.083516002301782,0.0,-0.033516002301782005,-0.083516002301782,0.0,0.05,0.0,0.049999999999999996,0.0,6.938893903907228e-18,3.353276589033007e-05,0.0,6.015819961986558,5.918898899090991,3.677613769070831e-16,0.0,0.8014999395229829,0.0,-6.25,6.250000000000001,0.15811388300841892,0.15811388300841886,1.0664774314300248e-08,2.4190762880493628e-06,0.006015799820629784,0.006,2.4190762937847944e-06,0.005968865356035508,0.006,0.1,0.0,0.01648399769821802,0.0
1400,1.4000000000000001,1.401,-4.363351481794754,4.92977158519514,0.283210051700193,9.293123066989894,-0.10159073424104575,0.8847400649206816,1,1,-4.363351481794754,4.92977158519514,-6.0,6.0,0.0,12.0,0.0834325280435655,0.0,0.0834325280435655,0.0,-0.0834325280435655,-0.0834325280435655,0.0,0.0,0.0,0.0,0.0,0.0,8.347425821648569e-05,0.0,6.015890024958778,5.9189824088678975,1.6202317265623378e-15,0.0,0.8014999395229829,0.0,-6.25,6.250000000000001,0.15811388300841892,0.15811388300841886,1.0400297749205105e-08,2.419076287159065e-06,0.0060158199619865585,0.006,2.4190762931963763e-06,0.0059188988990909915,0.006,0.1,0.0,0.016567471956434505,0.0
1409,1.409,1.41,-4.363217234369344,4.932039076710951,0.28441092117080347,9.295256311080294,-0.10162062695881519,0.5320687238074969,1,1,-4.363217234369344,4.932039076710951,-6.0,6.0,0.0,12.0,0.08268500419427441,0.0,0.08268500419427441,0.0,-0.08268500419427441,-0.08268500419427441,0.0,0.0,0.0,0.0,0.0,0.0,8.272636048065148e-05,0.0,6.016513712767001,5.919730248920611,1.4363510381087963e-15,1.3877787807814457e-17,0.8014999395229832,0.0,-6.25,6.250000000000001,0.15811388300841892,0.15811388300841886,1.040092866925987e-08,2.419076278460351e-06,0.006016445022753923,0.006,2.41907628793836e-06,0.005919647487732986,0.006,0.1,0.0,0.01731499580572561,0.0
1419,1.419,1.42,-4.363065000466127,4.922381868984894,0.2796584342593835,9.285446869451022,-0.10165366349533411,0.38914602887430566,1,1,-4.363065000466127,4.922381868984894,-6.0,6.0,0.0,12.0,0.08186227465609065,0.0,0.08186227465609065,0.0,-0.08186227465609065,-0.08186227465609065,0.0,0.0,0.0,0.0,0.0,0.0,8.190321944054275e-05,0.0,6.017192325776117,5.920553322555801,1.1509890263106115e-15,2.7755575615628914e-17,0.8014999395229835,0.0,-6.25,6.250000000000001,0.15811388300841892,0.15811388300841886,1.040166871961427e-08,2.41907626687312e-06,0.006017125139021099,0.006,2.4190762821540977e-06,0.0059204713852664525,0.006,0.1,0.0,0.01813772534390938,0.0
1429,1.429,1.43,-4.362909784920464,4.906015002594253,0.27155260883689447,9.268924787514717,-0.10168646022090194,0.3216285517121262,1,1,-4.362909784920464,4.906015002594253,-6.0,6.0,0.0,12.0,0.08104773141359128,0.0,0.08104773141359128,0.0,-0.08104773141359128,-0.08104773141359128,0.0,0.0,0.0,0.0,0.0,0.0,8.1088268790631e-05,0.0,6.0178560336157245,5.921368202386868,1.4569237743317087e-15,2.7755575615628914e-17,0.8014999395229838,0.0,-6.25,6.250000000000001,0.15811388300841892,0.15811388300841886,1.0402418318228326e-08,2.41907625235286e-06,0.006017790327000102,0.006,2.4190762764320086e-06,0.005921287080793804,0.006,0.1,0.0,0.01895226858640875,0.0
1439,1.439,1.44,-4.362751841912993,4.885988346286952,0.26161825218697965,9.248740188199946,-0.10171896705732181,0.2535555921787455,1,1,-4.362751841912993,4.885988346286952,-6.0,6.0,0.0,12.0,0.08024129301177328,0.0,0.08024129301177328,0.0,-0.08024129301177328,-0.08024129301177328,0.0,0.0,0.0,0.0,0.0,0.0,8.028142703517207e-05,0.0,6.018505065757255,5.9221749699840736,7.901665433074356e-16,4.163336342344337e-17,0.8014999395229843,0.0,-6.25,6.250000000000001,0.15811388300841892,0.15811388300841886,1.0403169333104671e-08,2.419076233633916e-06,0.006018440816473629,0.006,2.4190762707720917e-06,0.00592209465596694,0.006,0.1,0.0,0.01975870698822676,0.0
1449,1.449,1.45,-4.362591420178198,4.865438662756924,0.251423621289363,9.228030082935122,-0.10175113869544145,0.23328687747562027,1,1,-4.362591420178198,4.865438662756924,-6.0,6.0,0.0,12.0,0.07944287880612443,0.0,0.07944287880612443,0.0,-0.07944287880612443,-0.07944287880612443,0.0,0.0,0.0,0.0,0.0,0.0,7.948261348931808e-05,0.0,6.01913964858091,5.92297370610568,1.1804115627664369e-15,5.551115123125783e-17,0.8014999395229849,0.0,-6.25,6.250000000000001,0.15811388300841892,0.15811388300841886,1.0403918570638111e-08,2.4190762090132042e-06,0.006019076834129259,0.006,2.419076265174347e-06,0.0059228941916249596,0.006,0.1,0.0,0.020557121193875632,0.0
1459,1.459,1.46,-4.362428760190394,4.845626008911969,0.24159862436078772,9.208054769102363,-0.10178293851050069,0.19479519138960205,1,1,-4.362428760190394,4.845626008911969,-6.0,6.0,0.0,12.0,0.0786524089545588,0.0,0.0786524089545588,0.0,-0.0786524089545588,-0.0786524089545588,0.0,0.0,0.0,0.0,0.0,0.0,7.869174827104876e-05,0.0,6.019760005414433,5.923764490706021,9.558326352632207e-16,5.551115123125783e-17,0.8014999395229857,0.0,-6.25,6.250000000000001,0.15811388300841892,0.15811388300841886,1.0404664413287383e-08,2.4190761762769385e-06,0.006019698603598248,0.006,2.419076259643216e-06,0.005923685767802227,0.006,0.1,0.0,0.02134759104544126,0.0
1469,1.469,1.47,-4.3622640816883,4.82580888529647,0.23177240180408498,9.18807296698477,-0.10181435464565902,0.18829283608365527,1,1,-4.3622640816883,4.82580888529647,-6.0,6.0,0.0,12.0,0.07786980440943252,0.0,0.07786980440943252,0.0,-0.07786980440943252,-0.07786980440943252,0.0,0.0,0.0,0.0,0.0,0.0,7.79087522931832e-05,0.0,6.020366356571431,5.924547402943479,1.1744077932362984e-15,5.551115123125783e-17,0.8014999395229868,0.0,-6.25,6.250000000000001,0.15811388300841892,0.15811388300841886,1.0405405913333347e-08,2.419076132558521e-06,0.006020306345493906,0.006,2.4190762541809185e-06,0.005924469463736366,0.006,0.1,0.0,0.022130195590567548,0.0
1479,1.479,1.48,-4.362097555902518,4.80801133859584,0.22295689134666086,9.170108894498359,-0.10184542478761466,0.18354412706927808,1,1,-4.362097555902518,4.80801133859584,-6.0,6.0,0.0,12.0,0.07709498690963891,0.0,0.07709498690963891,0.0,-0.07709498690963891,-0.07709498690963891,0.0,0.0,0.0,0.0,0.0,0.0,7.713354725547116e-05,0.0,6.020958919389236,5.925322521188419,6.80133575327313e-16,6.938893903907228e-17,0.8014999395229883,0.0,-6.25,6.250000000000001,0.15811388300841892,0.15811388300841886,1.0406142459804978e-08,2.4190760742030966e-06,0.006020900277449498,0.006,2.4190762487874553e-06,0.005925245357876188,0.006,0.1,0.0,0.022905013090361172,0.0
1489,1.489,1.49,-4.361929271391855,4.791067442708599,0.21456908565837196,9.152996714100453,-0.10187625238017861,0.1614013481646026,1,1,-4.361929271391855,4.791067442708599,-6.0,6.0,0.0,12.0,0.07632787897278227,0.0,0.07632787897278227,0.0,-0.07632787897278227,-0.07632787897278227,0.0,0.0,0.0,0.0,0.0,0.0,7.636605563676281e-05,0.0,6.021537908266314,5.926089923031022,2.317888719502448e-16,5.551115123125783e-17,0.8014999395229903,0.0,-6.25,6.250000000000001,0.15811388300841892,0.15811388300841886,1.0406873631079572e-08,2.419075996634324e-06,0.006021480614155709,0.006,2.419076243473928e-06,0.005926013527889542,0.006,0.1,0.0,0.02367212102721779,0.0
1499,1.499,1.5,-4.361759208948024,4.775100327123916,0.20667055908794563,9.13685953607194,-0.10190700429891397,0.160080667360592,1,1,-4.361759208948024,4.775100327123916,-6.0,6.0,0.0,12.0,0.0755684038874297,0.0,0.0755684038874297,0.0,-0.0755684038874297,-0.0755684038874297,0.0,0.0,0.0,0.0,0.0,0.0,7.560620068725672e-05,0.0,6.022103534699225,5.9268496852890555,1.1518563880486e-15,5.551115123125783e-17,0.8014999395229928,0.0,-6.25,6.250000000000001,0.15811388300841892,0.15811388300841886,1.0407599121202054e-08,2.4190758941834032e-06,0.00602204756739764,0.006,2.4190762382514386e-06,0.005926774050671088,0.006,0.1,0.0,0.024431596112570352,0.0
1509,1.5090000000000001,1.51,-4.361587234337334,4.760767401104585,0.1995900833836255,9.12235463544192,-0.10193789324152658,0.15902250676115282,1,1,-4.361587234337334,4.760767401104585,-6.0,6.0,0.0,12.0,0.07481648570543978,0.0,0.07481648570543978,0.0,-0.07481648570543978,-0.07481648570543978,0.0,0.0,0.0,0.0,0.0,0.0,7.485390642082477e-05,0.0,6.022656007319135,5.927601884015556,9.58068802243972e-16,5.551115123125783e-17,0.8014999395229961,0.0,-6.25,6.250000000000001,0.15811388300841892,0.15811388300841886,1.0408318699738937e-08,2.4190757599269824e-06,0.006022601346091364,0.006,2.419076233135531e-06,0.005927527002349992,0.006,0.1,0.0,0.02518351429456029,0.0
1519,1.5190000000000001,1.52,-4.361413108537105,4.747572184630656,0.19307953804677513,9.10898529316776,-0.10196915344975827,0.14342284625779328,1,1,-4.361413108537105,4.747572184630656,-6.0,6.0,0.0,12.0,0.07407204923436768,0.0,0.07407204923436768,0.0,-0.07407204923436768,-0.07407204923436768,0.0,0.0,0.0,0.0,0.0,0.0,7.410909760741337e-05,0.0,6.023195531927888,5.928346594506447,4.0913724231456117e-16,8.326672684688674e-17,0.8014999395230005,0.0,-6.25,6.250000000000001,0.15811388300841892,0.15811388300841886,1.0409032188419691e-08,2.4190755854762147e-06,0.006023142156320048,0.006,2.41907622815285e-06,0.005928272458297548,0.006,0.1,0.0,0.02592795076563241,0.0
1529,1.5290000000000001,1.53,-4.361236510070642,4.7346208798477125,0.18669218488853545,9.095857389918354,-0.10200101713272708,0.143519101420016,1,1,-4.361236510070642,4.7346208798477125,-6.0,6.0,0.0,12.0,0.07333502002994591,0.0,0.07333502002994591,0.0,-0.07333502002994591,-0.07333502002994591,0.0,0.0,0.0,0.0,0.0,0.0,7.337169976552047e-05,0.0,6.023722311533644,5.929083891308076,6.643990912991171e-16,8.326672684688674e-17,0.8014999395230061,0.0,-6.25,6.250000000000001,0.15811388300841892,0.15811388300841886,1.0409739446797086e-08,2.4190753607924623e-06,0.006023670201369626,0.006,2.4190762233455845e-06,0.005929010493134726,0.006,0.1,0.0,0.026664979970054174,0.0
1539,1.539,1.54,-4.3610570630788486,4.72285285872709,0.1808978978241207,9.083909921805938,-0.10203369569999482,0.1435918381380008,1,1,-4.3610570630788486,4.72285285872709,-6.0,6.0,0.0,12.0,0.07260532438863986,0.0,0.07260532438863986,0.0,-0.07260532438863986,-0.07260532438863986,0.0,0.0,0.0,0.0,0.0,0.0,7.26416391547474e-05,0.0,6.024236546386078,5.92981384822467,1.4510961876545991e-15,8.326672684688674e-17,0.8014999395230132,0.0,-6.25,6.250000000000001,0.15811388300841892,0.15811388300841886,1.0410440363026196e-08,2.4190750739985573e-06,0.006024185681764053,0.006,2.419076218760363e-06,0.005929741180739632,0.006,0.1,0.0,0.02739467561136023,0.0
1549,1.549,1.55,-4.360874365959858,4.712081547789879,0.17560359091501043,9.072955913749738,-0.1020673671311706,0.14364679761045412,1,1,-4.360874365959858,4.712081547789879,-6.0,6.0,0.0,12.0,0.0718828893402773,0.0,0.0718828893402773,0.0,-0.0718828893402773,-0.0718828893402773,0.0,0.0,0.0,0.0,0.0,0.0,7.191884276842472e-05,0.0,6.024738434011163,5.9305365383257325,3.894454203567932e-16,6.938893903907228e-17,0.8014999395230223,0.0,-6.25,6.250000000000001,0.15811388300841892,0.15811388300841886,1.0411134847681701e-08,2.419074711136775e-06,0.0060246887953001186,0.006,2.419076214481564e-06,0.005930464594254908,0.006,0.1,0.0,0.028117110659722784,0.0
1559,1.559,1.56,-4.360688017208794,4.702160527678098,0.17073625523465186,9.062848544886892,-0.10210216912607872,0.14368812872366993,1,1,-4.360688017208794,4.702160527678098,-6.0,6.0,0.0,12.0,0.07116764264075137,0.0,0.07116764264075137,0.0,-0.07116764264075137,-0.07116764264075137,0.0,0.0,0.0,0.0,0.0,0.0,7.120323832631143e-05,0.0,6.025228169245528,5.931252033953348,1.0496025706560608e-15,6.938893903907228e-17,0.8014999395230338,0.0,-6.25,6.250000000000001,0.15811388300841892,0.15811388300841886,1.0411822829449138e-08,2.4190742559867554e-06,0.00602517973708185,0.006,2.4190762105935627e-06,0.005931180806095056,0.006,0.1,0.0,0.028832357359248703,0.0
1569,1.569,1.57,-4.36049763671104,4.692368029213529,0.1659351962512443,9.052865665924568,-0.10213819691944209,0.13232771831845125,1,1,-4.36049763671104,4.692368029213529,-6.0,6.0,0.0,12.0,0.07045951276479612,0.0,0.07045951276479612,0.0,-0.07045951276479612,-0.07045951276479612,0.0,0.0,0.0,0.0,0.0,0.0,7.049475426736705e-05,0.0,6.0257059442703955,5.9319604067294325,1.6479873021779667e-16,8.326672684688674e-17,0.8014999395230479,0.0,-6.25,6.250000000000001,0.15811388300841892,0.15811388300841886,1.0412504252012403e-08,2.4190736898279163e-06,0.0060256586995544965,0.006,2.4190762072540117e-06,0.005931889887953683,0.006,0.1,0.0,0.02954048723520397,0.0
1579,1.579,1.58,-4.360302881924564,4.683129907732697,0.16141351290406636,9.043432789657261,-0.10217550446334656,0.13271390423817808,1,1,-4.360302881924564,4.683129907732697,-6.0,6.0,0.0,12.0,0.06975842889883378,0.0,0.06975842889883378,0.0,-0.06975842889883378,-0.06975842889883378,0.0,0.0,0.0,0.0,0.0,0.0,6.979331974259521e-05,0.0,6.0261719486451115,5.932661727562898,1.0772632785815972e-15,9.71445146547012e-17,0.8014999395230653,0.0,-6.25,6.250000000000001,0.15811388300841892,0.15811388300841886,1.0413179071729325e-08,2.4190729912529357e-06,0.006026125872538095,0.006,2.4190762046338855e-06,0.005932591910810683,0.006,0.1,0.0,0.030241571101166313,0.0
1589,1.589,1.59,-4.360103459131263,4.674539825161079,0.15721818301490798,9.034643284292343,-0.10221410779643697,0.13304820225443714,1,1,-4.360103459131263,4.674539825161079,-6.0,6.0,0.0,12.0,0.06906432093389354,0.0,0.06906432093389354,0.0,-0.06906432093389354,-0.06906432093389354,0.0,0.0,0.0,0.0,0.0,0.0,6.909886460795891e-05,0.0,6.02662636934027,5.933356066656753,9.152428164307946e-16,8.326672684688674e-17,0.8014999395230867,0.0,-6.25,6.250000000000001,0.15811388300841892,0.15811388300841886,1.0413847255842188e-08,2.419072135923504e-06,0.006026581443260633,0.006,2.419076202979653e-06,0.005933286944939336,0.006,0.1,0.0,0.030935679066106548,0.0
1599,1.599,1.6,-4.359899130338855,4.666516675893161,0.15330877277715294,9.026415806232016,-0.1022539896497246,0.13333949471179274,1,1,-4.359899130338855,4.666516675893161,-6.0,6.0,0.0,12.0,0.06837711945860048,0.0,0.06837711945860048,0.0,-0.06837711945860048,-0.06837711945860048,0.0,0.0,0.0,0.0,0.0,0.0,6.841131941736599e-05,0.0,6.027069390770429,5.9340434935151265,1.3027773304585821e-15,6.938893903907228e-17,0.8014999395231127,0.0,-6.25,6.250000000000001,0.15811388300841892,0.15811388300841886,1.0414508781061921e-08,2.419071096425992e-06,0.006027025596390815,0.006,2.4190762025932955e-06,0.0059339750599133444,0.006,0.1,0.0,0.0316228805413996,0.0
1609,1.609,1.61,-4.359689716581362,4.6589936947118105,0.14965198906522437,9.018683411293171,-0.10229510458626856,0.133594826771046,1,1,-4.359689716581362,4.6589936947118105,-6.0,6.0,0.0,12.0,0.06769675575223441,0.0,0.06769675575223441,0.0,-0.06769675575223441,-0.06769675575223441,0.0,0.0,0.0,0.0,0.0,0.0,6.773061541572442e-05,0.0,6.027501194826442,5.934724076950236,1.818600066545717e-15,8.326672684688674e-17,0.801499939523144,0.0,-6.25,6.250000000000001,0.15811388300841892,0.15811388300841886,1.0415163632420492e-08,2.419069842020543e-06,0.00602745851407042,0.006,2.419076203870052e-06,0.005934656324613809,0.006,0.1,0.0,0.03230324424776567,0.0
1619,1.619,1.62,-4.359475098387534,4.651915283997401,0.14622009280493353,9.011390382384935,-0.10233738419059446,0.13381984798799845,1,1,-4.359475098387534,4.651915283997401,-6.0,6.0,0.0,12.0,0.06702316177785772,0.0,0.06702316177785772,0.0,-0.06702316177785772,-0.06702316177785772,0.0,0.0,0.0,0.0,0.0,0.0,6.705668453206682e-05,0.0,6.027921960907385,5.935397885089262,1.215905631388181e-15,8.326672684688674e-17,0.8014999395231817,0.0,-6.25,6.250000000000001,0.15811388300841892,0.15811388300841886,1.0415811802320976e-08,2.419068338518948e-06,0.006027880375946272,0.006,2.4190762073117433e-06,0.005935330807236102,0.006,0.1,0.0,0.03297683822214237,0.0
1629,1.629,1.6300000000000001,-4.359255214127501,4.644876137009618,0.14281046144105858,9.004131351137119,-0.10238074199815705,0.12464147193177039,1,1,-4.359255214127501,4.644876137009618,-6.0,6.0,0.0,12.0,0.06635627017551166,0.0,0.06635627017551166,0.0,-0.06635627017551166,-0.06635627017551166,0.0,0.0,0.0,0.0,0.0,0.0,6.638945937274319e-05,0.0,6.02833186595209,5.936064985381183,9.775166787129308e-16,1.1102230246251565e-16,0.8014999395232264,0.0,-6.25,6.250000000000001,0.15811388300841892,0.15811388300841886,1.0416453289737014e-08,2.419066548091466e-06,0.006028291359201824,0.006,2.4190762135378742e-06,0.005935998575296719,0.006,0.1,0.0,0.03364372982448846,0.0
1639,1.639,1.6400000000000001,-4.359030056851591,4.638095705880854,0.13953282451463167,8.997125762732445,-0.1024250779852906,0.12499301088683412,1,1,-4.359030056851591,4.638095705880854,-6.0,6.0,0.0,12.0,0.0656960142554802,0.0,0.0656960142554802,0.0,-0.0656960142554802,-0.0656960142554802,0.0,0.0,0.0,0.0,0.0,0.0,6.572887321468154e-05,0.0,6.028731084470326,5.936725444603515,6.722053469410127e-16,1.249000902703301e-16,0.8014999395232794,0.0,-6.25,6.250000000000001,0.15811388300841892,0.15811388300841886,1.0417088099527769e-08,2.4190644291335977e-06,0.0060286916385883585,0.006,2.4190762233167184e-06,0.005936659695640019,0.006,0.1,0.0,0.03430398574451993,0.0
1649,1.649,1.6500000000000001,-4.358799670127804,4.6316802231622365,0.13644027651721613,8.99047989329004,-0.1024702825322571,0.12530910270977608,1,1,-4.358799670127804,4.6316802231622365,-6.0,6.0,0.0,12.0,0.06504232799162117,0.0,0.06504232799162117,0.0,-0.06504232799162117,-0.06504232799162117,0.0,0.0,0.0,0.0,0.0,0.0,6.507485999871563e-05,0.0,6.029119788573567,5.93737932886901,1.5128008437961804e-15,1.5265566588595902e-16,0.8014999395233418,0.0,-6.25,6.250000000000001,0.15811388300841892,0.15811388300841886,1.0417716241844215e-08,2.4190619361373e-06,0.006029081386455805,0.006,2.4190762375875253e-06,0.005937314234444933,0.006,0.1,0.0,0.03495767200837899,0.0
1659,1.659,1.6600000000000001,-4.3585641432806925,4.625594454305572,0.13351515551243986,8.984158597586266,-0.10251623983393882,0.12559441557258938,1,1,-4.3585641432806925,4.625594454305572,-6.0,6.0,0.0,12.0,0.0643951460147634,0.0,0.0643951460147634,0.0,-0.0643951460147634,-0.0643951460147634,0.0,0.0,0.0,0.0,0.0,0.0,6.442735432297879e-05,0.0,6.029498148005404,5.93802670363227,7.407269242420966e-16,1.6653345369377348e-16,0.8014999395234146,0.0,-6.25,6.250000000000001,0.15811388300841892,0.15811388300841886,1.0418337731609014e-08,2.419059019597726e-06,0.006029460772783182,0.006,2.419076257493824e-06,0.00593796225723158,0.006,0.1,0.0,0.035604853985236766,0.0
1669,1.669,1.67,-4.358323606341721,4.619808101388555,0.130742247523417,8.978131707730277,-0.10256283077220013,0.1258528637242773,1,1,-4.358323606341721,4.619808101388555,-6.0,6.0,0.0,12.0,0.06375440360616991,0.0,0.06375440360616991,0.0,-0.06375440360616991,-0.06375440360616991,0.0,0.0,0.0,0.0,0.0,0.0,6.37862914363639e-05,0.0,6.0298663301715845,5.938667633696296,1.5144135945277526e-15,1.6653345369377348e-16,0.8014999395234995,0.0,-6.25,6.250000000000001,0.15811388300841892,0.15811388300841886,1.0418952588056781e-08,2.4190556259110857e-06,0.0060298299652086825,0.006,2.4190762844011893e-06,0.0059386038288678335,0.006,0.1,0.0,0.036245596393830265,0.0
1679,1.679,1.68,-4.3580782249424335,4.614294921966928,0.12810834851224717,8.972373146909362,-0.10260993528724394,0.12608775051831,1,1,-4.3580782249424335,4.614294921966928,-6.0,6.0,0.0,12.0,0.06312003669106589,0.0,0.06312003669106589,0.0,-0.06312003669106589,-0.06312003669106589,0.0,0.0,0.0,0.0,0.0,0.0,6.315160723204808e-05,0.0,6.030224500169689,5.939302183218987,1.2117043479697998e-15,1.8041124150158794e-16,0.8014999395235977,0.0,-6.25,6.250000000000001,0.15811388300841892,0.15811388300841886,1.0419560834324618e-08,2.4190516973391192e-06,0.00603018912905938,0.006,2.419076319943869e-06,0.005939239013575805,0.006,0.1,0.0,0.036879963308934297,0.0
1689,1.689,1.69,-4.357828195317105,4.609032035180144,0.12560191993151948,8.96686023049725,-0.1026574342974304,0.1263018805110533,1,1,-4.357828195317105,4.609032035180144,-6.0,6.0,0.0,12.0,0.06249198183223118,0.0,0.06249198183223118,0.0,-0.06249198183223118,-0.06249198183223118,0.0,0.0,0.0,0.0,0.0,0.0,6.252323824108196e-05,0.0,6.030572820818446,5.93993041571956,2.278559285695536e-15,2.0122792321330962e-16,0.8014999395237108,0.0,-6.25,6.250000000000001,0.15811388300841892,0.15811388300841886,1.0420162497085175e-08,2.4190471719580237e-06,0.006030538427380577,0.006,2.4190763660603133e-06,0.005939867874938292,0.006,0.1,0.0,0.037508018167769025,0.0
1699,1.699,1.7,-4.3575737395300065,4.60399936956748,0.1232128150187366,8.961573109097486,-0.10270521122175025,0.12649764809034986,1,1,-4.3575737395300065,4.60399936956748,-6.0,6.0,0.0,12.0,0.06187017622365651,0.0,0.06187017622365651,0.0,-0.06187017622365651,-0.06187017622365651,0.0,0.0,0.0,0.0,0.0,0.0,6.190112162604283e-05,0.0,6.030911452686695,5.940552394084904,4.720751784273447e-16,2.0122792321330962e-16,0.8014999395238406,0.0,-6.25,6.250000000000001,0.15811388300841892,0.15811388300841886,1.0420757606215988e-08,2.419041983642914e-06,0.006030878020964807,0.006,2.419076425017597e-06,0.005940490475905141,0.006,0.1,0.0,0.0381298237763437,0.0
1709,1.709,1.71,-4.357315101002223,4.599123970148973,0.12090443457337496,8.956439071151197,-0.10275315315915634,0.11868786438207352,1,1,-4.357315101002223,4.599123970148973,-6.0,6.0,0.0,12.0,0.061254557684262856,0.0,0.061254557684262856,0.0,-0.061254557684262856,-0.061254557684262856,0.0,0.0,0.0,0.0,0.0,0.0,6.128519517475073e-05,0.0,6.0312405541219825,5.941168180575896,1.717376241217039e-15,2.0122792321330962e-16,0.8014999395239886,0.0,-6.25,6.250000000000001,0.15811388300841892,0.15811388300841886,1.0421346194500173e-08,2.4190360620989074e-06,0.006031208068380473,0.006,2.419076499451389e-06,0.005941106878799543,0.006,0.1,0.0,0.03874544231573735,0.0
1719,1.719,1.72,-4.357052540382328,4.5941939894617105,0.11857072453969142,8.951246529844038,-0.10280115177611626,0.11893581671090475,1,1,-4.357052540382328,4.5941939894617105,-6.0,6.0,0.0,12.0,0.06064506465168326,0.0,0.06064506465168326,0.0,-0.06064506465168326,-0.06064506465168326,0.0,0.0,0.0,0.0,0.0,0.0,6.067539729404727e-05,0.0,6.031560281278843,5.941777836833622,8.541886815927047e-16,2.0122792321330962e-16,0.8014999395241568,0.0,-6.25,6.250000000000001,0.15811388300841892,0.15811388300841886,1.0421928297354406e-08,2.419029332896648e-06,0.006031528726000143,0.006,2.4190765924214654e-06,0.005941717145324282,0.006,0.1,0.0,0.039354935348316945,0.0
1729,1.729,1.73,-4.356786331782349,4.5894659564378095,0.11633981232773039,8.946252288220158,-0.10284910394936952,0.11916479375203348,1,1,-4.356786331782349,4.5894659564378095,-6.0,6.0,0.0,12.0,0.06004163617610656,0.0,0.06004163617610656,0.0,-0.06004163617610656,-0.06004163617610656,0.0,0.0,0.0,0.0,0.0,0.0,6.007166700363622e-05,0.0,6.031870788146703,5.9423814238855535,1.1683362610703796e-15,2.0122792321330962e-16,0.8014999395243472,0.0,-6.25,6.250000000000001,0.15811388300841892,0.15811388300841886,1.042250395258083e-08,2.419021717505619e-06,0.006031840148028514,0.006,2.4190767074450114e-06,0.005942321336567919,0.006,0.1,0.0,0.039958363823893644,0.0
1739,1.739,1.74,-4.356516759383832,4.584925355497216,0.11420429805669174,8.941442114881049,-0.10289691220582486,0.11937670915918269,1,1,-4.356516759383832,4.584925355497216,-6.0,6.0,0.0,12.0,0.05944421191418233,0.0,0.05944421191418233,0.0,-0.05944421191418233,-0.05944421191418233,0.0,0.0,0.0,0.0,0.0,0.0,5.947394392998542e-05,0.0,6.032172226577468,5.94297900215167,1.6393136847980827e-16,2.0122792321330962e-16,0.8014999395245618,0.0,-6.25,6.250000000000001,0.15811388300841892,0.15811388300841886,1.0423073200140125e-08,2.4190131334273634e-06,0.006032142486530008,0.006,2.4190768485321537e-06,0.005942919513010905,0.006,0.1,0.0,0.040555788085817876,0.0
1749,1.749,1.75,-4.356244114407014,4.580559217819299,0.11215755170614239,8.936803332226312,-0.1029444849962835,0.11957323755891036,1,1,-4.356244114407014,4.580559217819299,-6.0,6.0,0.0,12.0,0.05885273212298654,0.0,0.05885273212298654,0.0,-0.05885273212298654,-0.05885273212298654,0.0,0.0,0.0,0.0,0.0,0.0,5.888216830028941e-05,0.0,6.0324647463127725,5.943570631450499,7.283602432121838e-16,2.0122792321330962e-16,0.8014999395248028,0.0,-6.25,6.250000000000001,0.15811388300841892,0.15811388300841886,1.0423636081943302e-08,2.4190034942532195e-06,0.00603243589145607,0.006,2.4190770202348055e-06,0.005943511734531646,0.006,0.1,0.0,0.041147267877013664,0.0
1759,1.7590000000000001,1.76,-4.355968692428107,4.576355907357522,0.11019360746470763,8.932324599785629,-0.10299173683466778,0.11975584992632571,1,1,-4.355968692428107,4.576355907357522,-6.0,6.0,0.0,12.0,0.05826713765404715,0.0,0.05826713765404715,0.0,-0.05826713765404715,-0.05826713765404715,0.0,0.0,0.0,0.0,0.0,0.0,5.829628093649207e-05,0.0,6.03274849501089,5.944156371005119,6.114900252818245e-16,2.0122792321330962e-16,0.8014999395250724,0.0,-6.25,6.250000000000001,0.15811388300841892,0.15811388300841886,1.0424192641660243e-08,2.418992709824193e-06,0.006032720510672108,0.006,2.419077227706623e-06,0.005944098060412496,0.006,0.1,0.0,0.04173286234595305,0.0
1769,1.7690000000000001,1.77,-4.355690791024532,4.572304942563809,0.1083070757696385,8.927995733588341,-0.1030385883297405,0.11992584294712255,1,1,-4.355690791024532,4.572304942563809,-6.0,6.0,0.0,12.0,0.057687369947429276,0.0,0.057687369947429276,0.0,-0.057687369947429276,-0.057687369947429276,0.0,0.0,0.0,0.0,0.0,0.0,5.771622324936878e-05,0.0,6.033023618273335,5.944736279449089,1.031347316576836e-15,2.0122792321330962e-16,0.8014999395253729,0.0,-6.25,6.250000000000001,0.15811388300841892,0.15811388300841886,1.0424742924543198e-08,2.418980686348637e-06,0.006032996489984125,0.006,2.4190774767096636e-06,0.0059446785493457,0.006,0.1,0.0,0.04231263005257093,0.0
1779,1.7790000000000001,1.78,-4.355410707724888,4.568396846934441,0.10649306960477656,8.923807554659328,-0.1030849661320965,0.12008436351403362,1,1,-4.355410707724888,4.568396846934441,-6.0,6.0,0.0,12.0,0.0571133710258791,0.0,0.0571133710258791,0.0,-0.0571133710258791,-0.0571133710258791,0.0,0.0,0.0,0.0,0.0,0.0,5.714193723266742e-05,0.0,6.033290259671122,5.945310414832324,5.464988813048965e-16,2.0122792321330962e-16,0.801499939525707,0.0,-6.25,6.250000000000001,0.15811388300841892,0.15811388300841886,1.0425286977263726e-08,2.418967326586554e-06,0.006033263973165014,0.006,2.4190777736898817e-06,0.005945253259439277,0.006,0.1,0.0,0.042886628974121106,0.0
1789,1.7890000000000001,1.79,-4.355128738238986,4.564623022983361,0.10474714237218752,8.919751761222347,-0.10313080281550036,0.12023242926378075,1,1,-4.355128738238986,4.564623022983361,-6.0,6.0,0.0,12.0,0.05654508348902614,0.0,0.05654508348902614,0.0,-0.05654508348902614,-0.05654508348902614,0.0,0.0,0.0,0.0,0.0,0.0,5.657336545730776e-05,0.0,6.0335485607707255,5.945878834626916,1.9093139070648635e-15,2.0122792321330962e-16,0.8014999395260769,0.0,-6.25,6.250000000000001,0.15811388300841892,0.15811388300841886,1.042582484776177e-08,2.418952530005023e-06,0.006033523101980545,0.006,2.4190781258037754e-06,0.005945822248222835,0.006,0.1,0.0,0.043454916510974065,0.0
1798,1.798,1.799,-4.354873594751493,4.561334901634845,0.10323065344167581,8.916208496386338,-0.10317154208661777,0.12035750018322688,1,1,-4.354873594751493,4.561334901634845,-6.0,6.0,0.0,12.0,0.05603846095870879,0.0,0.05603846095870879,0.0,-0.05603846095870879,-0.05603846095870879,0.0,0.0,0.0,0.0,0.0,0.0,5.606648953126705e-05,0.0,6.0337740162150295,5.946385572653348,1.7069679003611782e-15,2.0122792321330962e-16,0.8014999395264426,0.0,-6.25,6.250000000000001,0.15811388300841892,0.15811388300841886,1.0426303685943559e-08,2.418937898999331e-06,0.006033749290504406,0.006,2.4190784963651345e-06,0.005946329493494652,0.006,0.1,0.0,0.043961539041291416,0.0
1799,1.799,1.8,-4.354845174942935,4.97361050288747,0.30938266397226766,9.328455677830405,-0.10317603670837339,2.5646728901160962,1,1,-4.354845174942935,4.560975645385444,-6.0,6.0,0.0,12.0,0.05598245050764315,0.0,0.10598245050764316,0.0,-0.05598245050764315,-0.10598245050764316,0.0,0.05,0.0,0.05,0.0,0.0,5.601045106563847e-05,0.0,6.033798661159715,5.89644159573288,1.0816678499073196e-15,1.942890293094024e-16,0.8014999395264852,0.0,-6.25,6.250000000000001,0.15811388300841892,0.15811388300841886,1.0426356585105645e-08,2.418936192960278e-06,0.006033774016215029,0.006,2.419078540960573e-06,0.005946385572653348,0.006,0.15000000000000002,0.0,0.044017549492357054,0.0
1800,1.8,1.801,-4.354816742078574,4.977679809847228,0.31143153388432676,9.332496551925802,-0.10318052473661216,0.9060004129783052,1,1,-4.354816742078574,4.977679809847228,-6.0,6.0,0.0,12.0,0.10587652103070144,0.0,0.10587652103070144,0.0,-0.10587652103070144,-0.10587652103070144,0.0,0.0,0.0,0.0,0.0,0.0,0.00010592947694171604,0.0,6.033873200735159,5.896547563040926,1.0538445116559103e-15,1.942890293094024e-16,0.8014999395265283,0.0,-6.25,6.250000000000001,0.15811388300841892,0.15811388300841886,1.0174808757770212e-08,2.4189344704566182e-06,0.0060337986611597155,0.006,2.419078586268775e-06,0.00589644159573288,0.006,0.15000000000000002,0.0,0.04412347896929877,0.0
1809,1.809,1.81,-4.354560305594688,4.978623278533197,0.3120314864692544,9.333183584127886,-0.10322061168846736,0.5419157239773494,1,1,-4.354560305594688,4.978623278533197,-6.0,6.0,0.0,12.0,0.10492790750542155,0.0,0.10492790750542155,0.0,-0.10492790750542155,-0.10492790750542155,0.0,0.0,0.0,0.0,0.0,0.0,0.00010498038895153172,0.0,6.034535972371863,5.897496512976423,1.2628786905111156e-15,1.942890293094024e-16,0.8014999395269349,0.0,-6.25,6.250000000000001,0.15811388300841892,0.15811388300841886,1.0175629462875736e-08,2.4189182088931067e-06,0.00603446304628662,0.006,2.4190790278533214e-06,0.005897391495568594,0.006,0.15000000000000002,0.0,0.045072092494578664,0.0
1819,1.819,1.82,-4.354274412256463,4.967577766387028,0.3066516770652825,9.321852178643491,-0.10326447695137186,0.39843646219092477,1,1,-4.354274412256463,4.967577766387028,-6.0,6.0,0.0,12.0,0.10388385738139068,0.0,0.10388385738139068,0.0,-0.10388385738139068,-0.10388385738139068,0.0,0.0,0.0,0.0,0.0,0.0,0.00010393581662838698,0.0,6.035255497664984,5.898540928388421,1.3851766955674805e-15,1.8041124150158794e-16,0.8014999395274284,0.0,-6.25,6.250000000000001,0.15811388300841892,0.15811388300841886,1.017657603226742e-08,2.418898468519809e-06,0.0060351843374639265,0.006,2.4190795960032928e-06,0.005898436956441844,0.006,0.15000000000000002,0.0,0.04611614261860953,0.0
1829,1.829,1.83,-4.353987770401747,4.950253964110051,0.29813309685415224,9.304241734511798,-0.10330758676150353,0.3307966888961211,1,1,-4.353987770401747,4.950253964110051,-6.0,6.0,0.0,12.0,0.10285019572966811,0.0,0.10285019572966811,0.0,-0.10285019572966811,-0.10285019572966811,0.0,0.0,0.0,0.0,0.0,0.0,0.00010290163797351853,0.0,6.035957518018216,5.899574946516563,3.0184188481996443e-16,1.6653345369377348e-16,0.8014999395279686,0.0,-6.25,6.250000000000001,0.15811388300841892,0.15811388300841886,1.017752905141972e-08,2.4188768600187145e-06,0.006035888095776688,0.006,2.4190802557977343e-06,0.005899472009623459,0.006,0.15000000000000002,0.0,0.04714980427033208,0.0
1839,1.839,1.84,-4.353700648185874,4.928878312215936,0.28758883201503105,9.28257896040181,-0.10334990019413764,0.2619746848072202,1,1,-4.353700648185874,4.928878312215936,-6.0,6.0,0.0,12.0,0.10182681918322731,0.0,0.10182681918322731,0.0,-0.10182681918322731,-0.10182681918322731,0.0,0.0,0.0,0.0,0.0,0.0,0.0001018777495681991,0.0,6.0366423105783635,5.900598670868013,1.1119577481011333e-15,1.6653345369377348e-16,0.8014999395285584,0.0,-6.25,6.250000000000001,0.15811388300841892,0.15811388300841886,1.0178480803335857e-08,2.418853269245566e-06,0.0060365745987527595,0.006,2.4190810184987476e-06,0.005900496758724199,0.006,0.15000000000000002,0.0,0.04817318081677288,0.0
1849,1.849,1.85,-4.353413305782537,4.907949707426,0.27726820082173154,9.261363013208538,-0.10339138114735913,0.24173298150241856,1,1,-4.353413305782537,4.907949707426,-6.0,6.0,0.0,12.0,0.10081362540356079,0.0,0.10081362540356079,0.0,-0.10081362540356079,-0.10081362540356079,0.0,0.0,0.0,0.0,0.0,0.0,0.00010086404902273489,0.0,6.0373101487081975,5.901612203919672,9.885484358179708e-16,1.5265566588595902e-16,0.8014999395292006,0.0,-6.25,6.250000000000001,0.15811388300841892,0.15811388300841886,1.0179428271311876e-08,2.418827579886728e-06,0.006037244120131153,0.006,2.4190818962788185e-06,0.005901511306323528,0.006,0.15000000000000002,0.0,0.04918637459643939,0.0
1859,1.859,1.86,-4.353125993148765,4.886938207564458,0.26690610720784624,9.240064200713224,-0.1034320022394436,0.20261727163392612,1,1,-4.353125993148765,4.886938207564458,-6.0,6.0,0.0,12.0,0.09981051307044628,0.0,0.09981051307044628,0.0,-0.09981051307044628,-0.09981051307044628,0.0,0.0,0.0,0.0,0.0,0.0,9.986043496622662e-05,0.0,6.0379613020342795,5.9026156471284175,1.3903808659954109e-15,1.6653345369377348e-16,0.8014999395298983,0.0,-6.25,6.250000000000001,0.15811388300841892,0.15811388300841886,1.0180369936713892e-08,2.4187996736790155e-06,0.006037896929909918,0.006,2.4190829022630036e-06,0.0059025157539798635,0.006,0.15000000000000002,0.0,0.05018948692955391,0.0
1869,1.869,1.87,-4.352838939412596,4.867067036140536,0.2571140483639702,9.219905975553132,-0.10347176087592891,0.1961516360919202,1,1,-4.352838939412596,4.867067036140536,-6.0,6.0,0.0,12.0,0.09881738187181452,0.0,0.09881738187181452,0.0,-0.09881738187181452,-0.09881738187181452,0.0,0.0,0.0,0.0,0.0,0.0,9.88668070364323e-05,0.0,6.038596036494209,5.9036091009412655,4.3860043635185475e-16,1.942890293094024e-16,0.8014999395306543,0.0,-6.25,6.250000000000001,0.15811388300841892,0.15811388300841886,1.0181304916361432e-08,2.4187694305495765e-06,0.00603853329439344,0.006,2.419084050511167e-06,0.005903510202240761,0.006,0.15000000000000002,0.0,0.0511826181281857,0.0
1879,1.879,1.8800000000000001,-4.352552328116475,4.849138712144345,0.2482931920139353,9.201691040260819,-0.10351070401018181,0.17038069762286667,1,1,-4.352552328116475,4.849138712144345,-6.0,6.0,0.0,12.0,0.09783413249371802,0.0,0.09783413249371802,0.0,-0.09783413249371802,-0.09783413249371802,0.0,0.0,0.0,0.0,0.0,0.0,9.788306586973088e-05,0.0,6.0392146143833125,5.904592664805411,1.7069679003611782e-15,2.0816681711721685e-16,0.8014999395314719,0.0,-6.25,6.250000000000001,0.15811388300841892,0.15811388300841886,1.01822326459379e-08,2.4187367288046343e-06,0.0060391534762391855,0.006,2.419085356055728e-06,0.005904494750652939,0.006,0.15000000000000002,0.0,0.05216586750628221,0.0
1889,1.889,1.8900000000000001,-4.352266265534032,4.831263445186897,0.23949858982643235,9.18352971072093,-0.10354894434320777,0.16872746780406261,1,1,-4.352266265534032,4.831263445186897,-6.0,6.0,0.0,12.0,0.0968606666103996,0.0,0.0968606666103996,0.0,-0.0968606666103996,-0.0968606666103996,0.0,0.0,0.0,0.0,0.0,0.0,9.690911309118591e-05,0.0,6.039817294400774,5.905566437178206,4.0492240636902377e-16,2.0816681711721685e-16,0.801499939532354,0.0,-6.25,6.250000000000001,0.15811388300841892,0.15811388300841886,1.0183152740325852e-08,2.418701445267153e-06,0.006039757734503894,0.006,2.419086834908324e-06,0.0059054694977722965,0.006,0.15000000000000002,0.0,0.053139333389600626,0.0
1899,1.899,1.9000000000000001,-4.351980756251075,4.815327380418393,0.2316733120836587,9.167308136669469,-0.10358665798573252,0.167437851984078,1,1,-4.351980756251075,4.815327380418393,-6.0,6.0,0.0,12.0,0.09589688687445971,0.0,0.09589688687445971,0.0,-0.09589688687445971,-0.09589688687445971,0.0,0.0,0.0,0.0,0.0,0.0,9.594485130470794e-05,0.0,6.040404331695207,5.906530515537018,6.843484112728504e-16,1.942890293094024e-16,0.8014999395333037,0.0,-6.25,6.250000000000001,0.15811388300841892,0.15811388300841886,1.0184064924071796e-08,2.4186634554167253e-06,0.006040346324689201,0.006,2.419088504055367e-06,0.005906434541173753,0.006,0.15000000000000002,0.0,0.05410311312554051,0.0
1909,1.909,1.9100000000000001,-4.351695694795635,4.80098801366379,0.22464615943407784,9.152683708459424,-0.10362406683715658,0.166407402722121,1,1,-4.351695694795635,4.80098801366379,-6.0,6.0,0.0,12.0,0.09494269690712163,0.0,0.09494269690712163,0.0,-0.09494269690712163,-0.09494269690712163,0.0,0.0,0.0,0.0,0.0,0.0,9.499018408331476e-05,0.0,6.040975977909677,5.907484996388986,2.5118795932144167e-15,2.220446049250313e-16,0.8014999395343243,0.0,-6.25,6.250000000000001,0.15811388300841892,0.15811388300841886,1.018496899362758e-08,2.4186226335116992e-06,0.0060409194987867156,0.006,2.41909038148469e-06,0.0059073899774610365,0.006,0.15000000000000002,0.0,0.05505730309287861,0.0
1919,1.919,1.92,-4.3514108736930925,4.786757813642684,0.21767346997479553,9.138168687335776,-0.1036614142970324,0.15028585955902646,1,1,-4.3514108736930925,4.786757813642684,-6.0,6.0,0.0,12.0,0.09399800128859342,0.0,0.09399800128859342,0.0,-0.09399800128859342,-0.09399800128859342,0.0,0.0,0.0,0.0,0.0,0.0,9.404501595948864e-05,0.0,6.041532481226183,5.908429975280701,2.1692717067089973e-15,2.220446049250313e-16,0.8014999395354188,0.0,-6.25,6.250000000000001,0.15811388300841892,0.15811388300841886,1.018586479541364e-08,2.418578852706859e-06,0.006041477505322558,0.006,2.4190924861544614e-06,0.005908335902276358,0.006,0.15000000000000002,0.0,0.05600199871140682,0.0
1929,1.929,1.93,-4.351126003311853,4.773797127386517,0.21133556203733228,9.12492313069837,-0.10369894167896188,0.1504099251342128,1,1,-4.351126003311853,4.773797127386517,-6.0,6.0,0.0,12.0,0.09306270554852601,0.0,0.09306270554852601,0.0,-0.09306270554852601,-0.09306270554852601,0.0,0.0,0.0,0.0,0.0,0.0,9.31092524156296e-05,0.0,6.042074086409603,5.909365546807771,7.982980596010769e-16,2.3592239273284576e-16,0.8014999395365905,0.0,-6.25,6.250000000000001,0.15811388300841892,0.15811388300841886,1.0186752212334875e-08,2.418531985155567e-06,0.006042020589401357,0.006,2.4190948380087286e-06,0.005909272410309995,0.006,0.15000000000000002,0.0,0.056937294451474246,0.0
1939,1.939,1.94,-4.350840737660895,4.761980613400926,0.20556993787001554,9.112821351061822,-0.10373686943509847,0.15050821978495887,1,1,-4.350840737660895,4.761980613400926,-6.0,6.0,0.0,12.0,0.09213671615656595,0.0,0.09213671615656595,0.0,-0.09213671615656595,-0.09213671615656595,0.0,0.0,0.0,0.0,0.0,0.0,9.218279987460341e-05,0.0,6.042601034851108,5.910291804624292,6.617970060851519e-16,2.0816681711721685e-16,0.8014999395378426,0.0,-6.25,6.250000000000001,0.15811388300841892,0.15811388300841886,1.0187631155070965e-08,2.418481902094141e-06,0.006042548992749712,0.006,2.4190974579596513e-06,0.005910199595309775,0.006,0.15000000000000002,0.0,0.05786328384343429,0.0
1949,1.949,1.95,-4.350554701232657,4.751129262519174,0.20028728064325874,9.101683963751832,-0.10377538451801172,0.15058677741415893,1,1,-4.350554701232657,4.751129262519174,-6.0,6.0,0.0,12.0,0.09121994051300238,0.0,0.09121994051300238,0.0,-0.09121994051300238,-0.09121994051300238,0.0,0.0,0.0,0.0,0.0,0.0,9.12655656903839e-05,0.0,6.04311356461104,5.911208841452245,2.6914234729780162e-15,1.8041124150158794e-16,0.8014999395391783,0.0,-6.25,6.250000000000001,0.15811388300841892,0.15811388300841886,1.0188501556191995e-08,2.418428473915128e-06,0.006043062953759136,0.006,2.4191003678764034e-06,0.005911117550090467,0.006,0.15000000000000002,0.0,0.058780059486997834,0.0
1959,1.959,1.96,-4.350267513595977,4.740310450421317,0.1950214684126701,9.090577964017294,-0.10381463352387849,0.13833507486655627,1,1,-4.350267513595977,4.740310450421317,-6.0,6.0,0.0,12.0,0.09031228693950702,0.0,0.09031228693950702,0.0,-0.09031228693950702,-0.09031228693950702,0.0,0.0,0.0,0.0,0.0,0.0,9.035745813878837e-05,0.0,6.043611910461294,5.912116749090767,6.722053469410127e-16,2.0816681711721685e-16,0.8014999395406008,0.0,-6.25,6.250000000000001,0.15811388300841892,0.15811388300841886,1.018936336601539e-08,2.4183715702361375e-06,0.006043562707528476,0.006,2.419103590576288e-06,0.005912026366543084,0.006,0.15000000000000002,0.0,0.05968771306049321,0.0
1969,1.969,1.97,-4.3499777042171495,4.730227883450517,0.19012508961668395,9.080205587667667,-0.09870414354324564,0.13880874086004302,1,1,-4.3499777042171495,4.730227883450517,-6.0,6.0,0.0,12.0,0.08941366466996609,0.0,0.08941366466996609,0.0,-0.08941366466996609,-0.08941366466996609,0.0,0.0,0.0,0.0,0.0,0.0,8.945838640830484e-05,0.0,6.044096303927163,5.913015618425367,6.674619624363887e-16,2.0816681711721685e-16,0.8014999395421136,0.0,-6.25,6.250000000000001,0.15811388300841892,0.15811388300841886,1.019021654957637e-08,2.418311059966458e-06,0.006044048485905818,0.006,2.419107149798094e-06,0.005912926135644078,0.006,0.15000000000000002,0.0,0.060586335330034144,0.0
1979,1.979,1.98,-4.34967198752218,4.7208679960257385,0.18559800425177908,9.070539983547919,-0.09874245411246402,0.1392176571711376,1,1,-4.34967198752218,4.7208679960257385,-6.0,6.0,0.0,12.0,0.08852398384140378,0.0,0.08852398384140378,0.0,-0.08852398384140378,-0.08852398384140378,0.0,0.0,0.0,0.0,0.0,0.0,8.856826059101103e-05,0.0,6.044566973328702,5.913905539437011,8.389556410692833e-16,2.0816681711721685e-16,0.8014999395437198,0.0,-6.25,6.250000000000001,0.15811388300841892,0.15811388300841886,1.0191061084335364e-08,2.418246811362564e-06,0.006044520517529889,0.006,2.4191110702020957e-06,0.005913816947464467,0.006,0.15000000000000002,0.0,0.06147601615859645,0.0
1989,1.989,1.99,-4.349364014656478,4.712135754540567,0.1813858699420443,9.061499769197045,-0.09878153517669963,0.13957330025461984,1,1,-4.349364014656478,4.712135754540567,-6.0,6.0,0.0,12.0,0.08764315548499585,0.0,0.08764315548499585,0.0,-0.08764315548499585,-0.08764315548499585,0.0,0.0,0.0,0.0,0.0,0.0,8.768699167358346e-05,0.0,6.045024143821553,5.91478660121115,4.996003610813204e-16,2.0816681711721685e-16,0.8014999395454228,0.0,-6.25,6.250000000000001,0.15811388300841892,0.15811388300841886,1.0191896958389204e-08,2.4181786920569843e-06,0.0060449790278709545,0.006,2.419115377318981e-06,0.005914698891178847,0.006,0.15000000000000002,0.0,0.06235684451500438,0.0
1999,1.999,2.0,-4.349053531664448,4.703953828632061,0.17745014848380647,9.053007360296508,-0.09882140383001753,0.13988467335030286,1,1,-4.349053531664448,4.703953828632061,-6.0,6.0,0.0,12.0,0.08677109151717263,0.0,0.08677109151717263,0.0,-0.08677109151717263,-0.08677109151717263,0.0,0.0,0.0,0.0,0.0,0.0,8.6814491528396e-05,0.0,6.045468037437321,5.915658891946629,1.133370741007722e-15,2.0816681711721685e-16,0.8014999395472259,0.0,-6.25,6.250000000000001,0.15811388300841892,0.15811388300841886,1.0192724169037515e-08,2.418106569131576e-06,0.00604542423927122,0.006,2.419120097569838e-06,0.00591557205507433,0.006,0.15000000000000002,0.0,0.0632289084828276,0.0
2009,2.009,2.0100000000000002,-4.348740341325032,4.6959631949250555,0.17361142680001196,9.044703536250086,-0.09886205049542102,0.12990672105650414,1,1,-4.348740341325032,4.6959631949250555,-6.0,6.0,0.0,12.0,0.08590770473081061,0.0,0.08590770473081061,0.0,-0.08590770473081061,-0.08590770473081061,0.0,0.0,0.0,0.0,0.0,0.0,8.595067290470701e-05,0.0,6.045898873123427,5.9165224989645395,3.2633130139098077e-16,2.0816681711721685e-16,0.8014999395491323,0.0,-6.25,6.250000000000001,0.15811388300841892,0.15811388300841886,1.0193542721606886e-08,2.418030309157493e-06,0.006045856370984741,0.006,2.4191252582017596e-06,0.005916436526559384,0.006,0.15000000000000002,0.0,0.06409229526918962,0.0
2019,2.019,2.02,-4.348424304155876,4.688149668407025,0.16986268212557443,9.036573972562902,-0.09890344285317265,0.13036807637002296,1,1,-4.348424304155876,4.688149668407025,-6.0,6.0,0.0,12.0,0.08505290878651164,0.0,0.08505290878651164,0.0,-0.08505290878651164,-0.08505290878651164,0.0,0.0,0.0,0.0,0.0,0.0,8.509544941993429e-05,0.0,6.046316866782488,5.917377508716957,2.8927869214628865e-16,2.0816681711721685e-16,0.8014999395511456,0.0,-6.25,6.250000000000001,0.15811388300841892,0.15811388300841886,1.0194352628467408e-08,2.4179497782284923e-06,0.0060462756392168585,0.006,2.419130887298948e-06,0.005917292392172594,0.006,0.15000000000000002,0.0,0.06494709121348859,0.0
2029,2.029,2.0300000000000002,-4.348105337217583,4.680778559836974,0.16633661130969557,9.028883897054557,-0.09894552982103316,0.13078051582146366,1,1,-4.348105337217583,4.680778559836974,-6.0,6.0,0.0,12.0,0.084206618203969,0.0,0.084206618203969,0.0,-0.084206618203969,-0.084206618203969,0.0,0.0,0.0,0.0,0.0,0.0,8.424873555101669e-05,0.0,6.046722231311218,5.91822400679559,9.840083392206878e-16,2.0816681711721685e-16,0.801499939553269,0.0,-6.25,6.250000000000001,0.15811388300841892,0.15811388300841886,1.0195153908196355e-08,2.41786484204309e-06,0.006046682257163142,0.006,2.4191370137405242e-06,0.005918139737591322,0.006,0.15000000000000002,0.0,0.06579338179603123,0.0
2039,2.039,2.04,-4.34778341133302,4.67380336215832,0.16300997541264994,9.02158677349134,-0.09898824536303807,0.13115089962399268,1,1,-4.34778341133302,4.67380336215832,-6.0,6.0,0.0,12.0,0.08336874835341918,0.0,0.08336874835341918,0.0,-0.08336874835341918,-0.08336874835341918,0.0,0.0,0.0,0.0,0.0,0.0,8.341044662586169e-05,0.0,6.047115176638866,5.919062077940375,1.0325399389665701e-15,2.0816681711721685e-16,0.8014999395555059,0.0,-6.25,6.250000000000001,0.15811388300841892,0.15811388300841886,1.0195946584857208e-08,2.417775365928988e-06,0.006047076435047868,0.006,2.4191436671938684e-06,0.005918978647640296,0.006,0.15000000000000002,0.0,0.06663125164658106,0.0
2049,2.049,2.05,-4.347458547233747,4.667184685420419,0.15986306909333603,9.014643232654166,-0.09903151199207649,0.13148490257524653,1,1,-4.347458547233747,4.667184685420419,-6.0,6.0,0.0,12.0,0.08253921544717889,0.0,0.08253921544717889,0.0,-0.08253921544717889,-0.08253921544717889,0.0,0.0,0.0,0.0,0.0,0.0,8.258049881487822e-05,0.0,6.047495909765169,5.919891806047945,9.858921404953813e-16,2.0816681711721685e-16,0.8014999395578597,0.0,-6.25,6.250000000000001,0.15811388300841892,0.15811388300841886,1.0196730687370858e-08,2.4176812149296686e-06,0.006047458380162031,0.006,2.4191508780724293e-06,0.005919809206300097,0.006,0.15000000000000002,0.0,0.06746078455282134,0.0
2059,2.059,2.06,-4.347130811044228,4.660888875415772,0.15687903218577182,9.008019686459999,-0.09907524389585615,0.1317872548307425,1,1,-4.347130811044228,4.660888875415772,-6.0,6.0,0.0,12.0,0.08171793653126622,0.0,0.08171793653126622,0.0,-0.08171793653126622,-0.08171793653126622,0.0,0.0,0.0,0.0,0.0,0.0,8.175880912259354e-05,0.0,6.047864634797858,5.920713274180037,5.573205742390175e-16,2.0816681711721685e-16,0.8014999395603337,0.0,-6.25,6.250000000000001,0.15811388300841892,0.15811388300841886,1.019750624896202e-08,2.4175822538776725e-06,0.00604782829690089,0.006,2.419158677542388e-06,0.005920631496715581,0.006,0.15000000000000002,0.0,0.06828206346873401,0.0
2069,2.069,2.07,-4.346800309422608,4.654886950071371,0.1540433203243814,9.00168725949398,-0.09911934966036512,0.13206192699025288,1,1,-4.346800309422608,4.654886950071371,-6.0,6.0,0.0,12.0,0.08090482947710519,0.0,0.08090482947710519,0.0,-0.08090482947710519,-0.08090482947710519,0.0,0.0,0.0,0.0,0.0,0.0,8.094529537935371e-05,0.0,6.048221552989713,5.921526564571815,1.7676832220203664e-15,2.0816681711721685e-16,0.8014999395629314,0.0,-6.25,6.250000000000001,0.15811388300841892,0.15811388300841886,1.0198273306667935e-08,2.4174783474656496e-06,0.006048186386801061,0.006,2.4191670974738065e-06,0.005921445601204197,0.006,0.15000000000000002,0.0,0.06909517052289504,0.0
2079,2.079,2.08,-4.346467184598055,4.649094151967725,0.15131348368483533,8.99556133656578,-0.09916373459434136,0.12360415463352092,1,1,-4.346467184598055,4.649094151967725,-6.0,6.0,0.0,12.0,0.08009981297331278,0.0,0.08009981297331278,0.0,-0.08009981297331278,-0.08009981297331278,0.0,0.0,0.0,0.0,0.0,0.0,8.013987623310644e-05,0.0,6.048566862775146,5.922331758640109,1.2073675392798577e-15,2.0816681711721685e-16,0.8014999395656561,0.0,-6.25,6.250000000000001,0.15811388300841892,0.15811388300841886,1.0199031900899448e-08,2.4173693603396214e-06,0.0060485328485771605,0.006,2.419176170449511e-06,0.005922251601264234,0.006,0.15000000000000002,0.0,0.06990018702668745,0.0
2089,2.089,2.09,-4.346131609479412,4.643227955776882,0.14854817314873525,8.989359565256294,-0.09920830267650532,0.12394070250717731,1,1,-4.346131609479412,4.643227955776882,-6.0,6.0,0.0,12.0,0.07930280651756777,0.0,0.07930280651756777,0.0,-0.07930280651756777,-0.07930280651756777,0.0,0.0,0.0,0.0,0.0,0.0,7.934247114126592e-05,0.0,6.048900759806356,5.9231289369915485,8.439429710627167e-16,2.0816681711721685e-16,0.8014999395685112,0.0,-6.25,6.250000000000001,0.15811388300841892,0.15811388300841886,1.0199782075046686e-08,2.417255157214441e-06,0.006048867878157997,0.006,2.4191859297295615e-06,0.005923049577582983,0.006,0.15000000000000002,0.0,0.07069719348243246,0.0
2099,2.099,2.1,-4.345793782957541,4.637615433650161,0.14591082534631017,8.983409216607702,-0.09925295815760737,0.12424988552287741,1,1,-4.345793782957541,4.637615433650161,-6.0,6.0,0.0,12.0,0.07851373040856041,0.0,0.07851373040856041,0.0,-0.07851373040856041,-0.07851373040856041,0.0,0.0,0.0,0.0,0.0,0.0,7.85530003626585e-05,0.0,6.049223436989052,5.9239181794306575,1.366962099069724e-15,2.0816681711721685e-16,0.8014999395715,0.0,-6.25,6.250000000000001,0.15811388300841892,0.15811388300841886,1.0200523875123116e-08,2.417135602978156e-06,0.0060491916687223325,0.006,2.4191964092268317e-06,0.005923839610044818,0.006,0.15000000000000002,0.0,0.07148626959143982,0.0
2109,2.109,2.11,-4.34545392548258,4.632236518936995,0.14339129672720752,8.977690444419576,-0.09929760685418398,0.12453467309000404,1,1,-4.34545392548258,4.632236518936995,-6.0,6.0,0.0,12.0,0.07773250573802225,0.0,0.07773250573802225,0.0,-0.07773250573802225,-0.07773250573802225,0.0,0.0,0.0,0.0,0.0,0.0,7.777138494954839e-05,0.0,6.04953508451772,5.924699564967842,7.346553920761778e-16,2.0816681711721685e-16,0.8014999395746261,0.0,-6.25,6.250000000000001,0.15811388300841892,0.15811388300841886,1.0201257349442972e-08,2.4170105628163525e-06,0.006049504410734198,0.006,2.419207643515886e-06,0.005924621777739194,0.006,0.15000000000000002,0.0,0.07226749426197798,0.0
2119,2.119,2.12,-4.345112274965767,4.627073518215324,0.14098062162477865,8.97218579318109,-0.09934215717212369,0.12479763342197442,1,1,-4.345112274965767,4.627073518215324,-6.0,6.0,0.0,12.0,0.07695905438283517,0.0,0.07695905438283517,0.0,-0.07695905438283517,-0.07695905438283517,0.0,0.0,0.0,0.0,0.0,0.0,7.699754673974292e-05,0.0,6.049835889910479,5.925473171827282,2.5513987624015133e-15,2.0816681711721685e-16,0.8014999395778926,0.0,-6.25,6.250000000000001,0.15811388300841892,0.15811388300841886,1.0201982548327887e-08,2.4168799023609265e-06,0.006049806291977796,0.006,2.419219667795236e-06,0.005925396158968566,0.006,0.15000000000000002,0.0,0.07304094561716507,0.0
2129,2.129,2.13,-4.344769083031765,4.622110748250299,0.13867083260926716,8.966879831282064,-0.09938652089707095,0.12504099784990674,1,1,-4.344769083031765,4.622110748250299,-6.0,6.0,0.0,12.0,0.0761932989972191,0.0,0.0761932989972191,0.0,-0.0761932989972191,-0.0761932989972191,0.0,0.0,0.0,0.0,0.0,0.0,7.623140834877626e-05,0.0,6.0501260380435,5.926239077454797,1.703566216045005e-15,2.0816681711721685e-16,0.801499939581303,0.0,-6.25,6.250000000000001,0.15811388300841892,0.15811388300841886,1.020269952383933e-08,2.4167434878410715e-06,0.006050097497591955,0.006,2.4192325178717944e-06,0.0059261628312562336,0.006,0.15000000000000002,0.0,0.07380670100278112,0.0
2139,2.1390000000000002,2.14,-4.344424611629956,4.617334239612657,0.13645481399135084,8.961758851242614,-0.09943061378627077,0.125266713300195,1,1,-4.344424611629956,4.617334239612657,-6.0,6.0,0.0,12.0,0.07543516300499742,0.0,0.07543516300499742,0.0,-0.07543516300499742,-0.07543516300499742,0.0,0.0,0.0,0.0,0.0,0.0,7.547289316217086e-05,0.0,6.050405711185023,5.926997358525568,5.93275428784068e-16,2.220446049250313e-16,0.8014999395848604,0.0,-6.25,6.250000000000001,0.15811388300841892,0.15811388300841886,1.0203408329533944e-08,2.416601186216509e-06,0.006050378210104187,0.006,2.4192462301608764e-06,0.005926921871354101,0.006,0.15000000000000002,0.0,0.07456483699500283,0.0
2149,2.149,2.15,-4.344079130000719,4.612731492869943,0.13432618143461195,8.956810622870663,-0.09947435599329757,0.1254764853791493,1,1,-4.344079130000719,4.612731492869943,-6.0,6.0,0.0,12.0,0.0746845705919391,0.0,0.0746845705919391,0.0,-0.0746845705919391,-0.0746845705919391,0.0,0.0,0.0,0.0,0.0,0.0,7.472192532777598e-05,0.0,6.050675089028945,5.927748090951844,1.1397133237167623e-15,2.220446049250313e-16,0.8014999395885685,0.0,-6.25,6.250000000000001,0.15811388300841892,0.15811388300841886,1.0204109020239353e-08,2.416452865386206e-06,0.006050648609464325,0.006,2.419260841659554e-06,0.00592767335525036,0.006,0.15000000000000002,0.0,0.07531542940806114,0.0
2159,2.1590000000000003,2.16,-4.343732911984088,4.608291276598939,0.1322791823074252,8.952024188583028,-0.09951767235367726,0.12567181395187116,1,1,-4.343732911984088,4.608291276598939,-6.0,6.0,0.0,12.0,0.0739414466981773,0.0,0.0739414466981773,0.0,-0.0739414466981773,-0.0739414466981773,0.0,0.0,0.0,0.0,0.0,0.0,7.397842974818235e-05,0.0,6.050934348728006,5.928491349890517,1.7752048745919846e-15,2.220446049250313e-16,0.8014999395924303,0.0,-6.25,6.250000000000001,0.15811388300841892,0.15811388300841886,1.0204801651848327e-08,2.416298394330488e-06,0.006050908873077742,0.006,2.4192763899177903e-06,0.005928417358177105,0.006,0.15000000000000002,0.0,0.07605855330182294,0.0
2169,2.169,2.17,-4.3433862336525095,4.604003458934706,0.13030861264109816,8.947389692587215,-0.09956049255597899,0.12585402268423224,1,1,-4.3433862336525095,4.604003458934706,-6.0,6.0,0.0,12.0,0.0732057170107034,0.0,0.0732057170107034,0.0,-0.0732057170107034,-0.0732057170107034,0.0,0.0,0.0,0.0,0.0,0.0,7.324233207321245e-05,0.0,6.051183664926567,5.929227209750668,6.189303626905063e-16,2.220446049250313e-16,0.801499939596449,0.0,-6.25,6.250000000000001,0.15811388300841892,0.15811388300841886,1.0205486281129539e-08,2.4161376433219787e-06,0.006051159175838174,0.006,2.419292913033999e-06,0.00592915395461786,0.006,0.15000000000000002,0.0,0.07679428298929684,0.0
2179,2.179,2.18,-4.343039371245979,4.599849852687004,0.12840524072051274,8.942889223932983,-0.09960275121964152,0.11845889046602581,1,1,-4.343039371245979,4.599849852687004,-6.0,6.0,0.0,12.0,0.07247730795593554,0.0,0.07247730795593554,0.0,-0.07247730795593554,-0.07247730795593554,0.0,0.0,0.0,0.0,0.0,0.0,7.251355869248534e-05,0.0,6.051423209793007,5.929955744201006,2.7832825020418506e-16,2.220446049250313e-16,0.801499939600628,0.0,-6.25,6.250000000000001,0.15811388300841892,0.15811388300841886,1.0206162965553333e-08,2.4159704840965744e-06,0.006051399690160153,0.006,2.4193104496506026e-06,0.005929883218315035,0.006,0.15000000000000002,0.0,0.0775226920440647,0.0
2189,2.189,2.19,-4.342692599386009,4.595586316743103,0.126446858678547,8.93827891612911,-0.09964438789777291,0.11866905687261647,1,1,-4.342692599386009,4.595586316743103,-6.0,6.0,0.0,12.0,0.07175614669236123,0.0,0.07175614669236123,0.0,-0.07175614669236123,-0.07175614669236123,0.0,0.0,0.0,0.0,0.0,0.0,7.179203672805563e-05,0.0,6.051653153051691,5.930677026177246,8.405412867465434e-16,2.220446049250313e-16,0.8014999396049703,0.0,-6.25,6.250000000000001,0.15811388300841892,0.15811388300841886,1.0206831763131152e-08,2.4157967900399624e-06,0.006051630586011015,0.006,2.4193290388940805e-06,0.005930605222277317,0.006,0.15000000000000002,0.0,0.07824385330763901,0.0
2198,2.198,2.199,-4.342380806587351,4.591868515313432,0.12474385436304036,8.934249321900783,-0.09968128308266044,0.11884711888647814,1,1,-4.342380806587351,4.591868515313432,-6.0,6.0,0.0,12.0,0.07111323879728026,0.0,0.07111323879728026,0.0,-0.07111323879728026,-0.07111323879728026,0.0,0.0,0.0,0.0,0.0,0.0,7.114880727184902e-05,0.0,6.05185203094256,5.931320038786969,7.919012667834124e-16,2.220446049250313e-16,0.8014999396090208,0.0,-6.25,6.250000000000001,0.15811388300841892,0.15811388300841886,1.020742698596327e-08,2.41563477495177e-06,0.0060518303070149545,0.006,2.41934670193622e-06,0.005931248878526221,0.006,0.15000000000000002,0.0,0.07888676120271998,0.0
2199,2.199,2.2,-4.3423461895442586,4.979555244686384,0.31860452757106295,9.321901434230643,-0.09968534702040094,3.107443821685522,1,1,-4.3423461895442586,4.5914621366241395,-6.0,6.0,0.0,12.0,0.07104216110325313,0.0,0.12104216110325314,0.0,-0.07104216110325313,-0.12104216110325314,0.0,0.05,0.0,0.049999999999999996,0.0,6.938893903907228e-18,7.107769402712564e-05,0.0,6.0518736620145885,5.88139112788941,6.38378239159465e-16,2.3592239273284576e-16,0.8014999396094792,0.0,-6.25,6.250000000000001,0.15811388300841892,0.15811388300841886,1.0207492732267444e-08,2.4156164363896823e-06,0.00605185203094256,0.006,2.4193487203727495e-06,0.005931320038786969,0.006,0.2,0.0,0.07895783889674711,0.0
2200,2.2,2.201,-4.342311578796154,4.993178608962637,0.3254335150832417,9.33549018775879,-0.0996894036707971,0.7634345021643096,1,1,-4.342311578796154,4.993178608962637,-6.0,6.0,0.0,12.0,0.12092117944306179,0.0,0.12092117944306179,0.0,-0.12092117944306179,-0.12092117944306179,0.0,0.0,0.0,0.0,0.0,0.0,0.00012098166019135262,0.0,6.051945175654161,5.881512146155638,7.169151340288837e-16,2.3592239273284576e-16,0.8014999396099394,0.0,-6.25,6.250000000000001,0.15811388300841892,0.15811388300841886,9.956633245742237e-09,2.415598030004062e-06,0.006051873662014588,0.006,2.419350750135774e-06,0.00588139112788941,0.006,0.2,0.0,0.07907882055693846,0.0
2209,2.209,2.21,-4.342000408741877,4.990297458841901,0.324148525050012,9.33229786758378,-0.09972557779124452,0.5360609884440237,1,1,-4.342000408741877,4.990297458841901,-6.0,6.0,0.0,12.0,0.11983777147691577,0.0,0.11983777147691577,0.0,-0.11983777147691577,-0.11983777147691577,0.0,0.0,0.0,0.0,0.0,0.0,0.0001198977103406104,0.0,6.0525801755055,5.88259587931484,2.8935187579293142e-15,2.3592239273284576e-16,0.8014999396141576,0.0,-6.25,6.250000000000001,0.15811388300841892,0.15811388300841886,9.95757482251534e-09,2.4154293004149803e-06,0.006052510382706139,0.006,2.419369534172322e-06,0.005882475945848732,0.006,0.2,0.0,0.08016222852308448,0.0
2219,2.219,2.22,-4.341655518456414,4.98050261572018,0.31942354863188305,9.322158134176593,-0.09976503404889092,0.3930098983798272,1,1,-4.341655518456414,4.98050261572018,-6.0,6.0,0.0,12.0,0.11864536572759123,0.0,0.11864536572759123,0.0,-0.11864536572759123,-0.11864536572759123,0.0,0.0,0.0,0.0,0.0,0.0,0.0001187047081896272,0.0,6.053267723663986,5.883788637498492,9.17668718791731e-16,2.3592239273284576e-16,0.8014999396190086,0.0,-6.25,6.250000000000001,0.15811388300841892,0.15811388300841886,9.958653115802374e-09,2.415235261592225e-06,0.006053199813492681,0.006,2.4193915207781914e-06,0.005883669897963589,0.006,0.2,0.0,0.08135463427240902,0.0
2229,2.229,2.23,-4.34131177371431,4.9641612590525845,0.31142474266913744,9.305473032766894,-0.09980367410148294,0.32663988735941146,1,1,-4.34131177371431,4.9641612590525845,-6.0,6.0,0.0,12.0,0.11746482461371094,0.0,0.11746482461371094,0.0,-0.11746482461371094,-0.11746482461371094,0.0,0.0,0.0,0.0,0.0,0.0,0.00011752357660838392,0.0,6.053936613928122,5.884969521846274,1.973247953923618e-15,2.3592239273284576e-16,0.8014999396240351,0.0,-6.25,6.250000000000001,0.15811388300841892,0.15811388300841886,9.959736109631653e-09,2.4150342017869847e-06,0.006053870555832879,0.006,2.4194147210909735e-06,0.005884851964355646,0.006,0.2,0.0,0.08253517538628931,0.0
2239,2.239,2.24,-4.340969422348246,4.945183428969135,0.3021070033104447,9.28615285131738,-0.09984146054270976,0.2579147423255945,1,1,-4.340969422348246,4.945183428969135,-6.0,6.0,0.0,12.0,0.11629603008017969,0.0,0.11629603008017969,0.0,-0.11629603008017969,-0.11629603008017969,0.0,0.0,0.0,0.0,0.0,0.0,0.00011635419748273811,0.0,6.054587149493239,5.886138650575958,1.4823212102221817e-15,2.3592239273284576e-16,0.8014999396292399,0.0,-6.25,6.250000000000001,0.15811388300841892,0.15811388300841886,9.960816160909798e-09,2.4148260054050176e-06,0.006054522913343911,0.006,2.4194391763709965e-06,0.0058860222633609575,0.006,0.2,0.0,0.08370396991982056,0.0
2249,2.249,2.25,-4.340628704337427,4.924662290055289,0.2920167928589308,9.265290994392716,-0.09987836015189461,0.2385246264327634,1,1,-4.340628704337427,4.924662290055289,-6.0,6.0,0.0,12.0,0.11513886524657016,0.0,0.11513886524657016,0.0,-0.11513886524657016,-0.11513886524657016,0.0,0.0,0.0,0.0,0.0,0.0,0.00011519645387380274,0.0,6.055219629365853,5.887296140728896,1.0312931064682118e-15,2.3592239273284576e-16,0.8014999396346261,0.0,-6.25,6.250000000000001,0.15811388300841892,0.15811388300841886,9.961890265487055e-09,2.414610559543262e-06,0.006055157185448758,0.006,2.4194649281916727e-06,0.005887180912137995,0.006,0.2,0.0,0.08486113475343009,0.0
2259,2.259,2.2600000000000002,-4.340289849815687,4.905378182924367,0.2825441665543398,9.245668032740054,-0.09991434562850843,0.22566989523961967,1,1,-4.340289849815687,4.905378182924367,-6.0,6.0,0.0,12.0,0.11399321439543465,0.0,0.11399321439543465,0.0,-0.11399321439543465,-0.11399321439543465,0.0,0.0,0.0,0.0,0.0,0.0,0.00011405023000625212,0.0,6.055834348416993,5.88844210818172,4.98732999343332e-16,2.3592239273284576e-16,0.8014999396401963,0.0,-6.25,6.250000000000001,0.15811388300841892,0.15811388300841886,9.962956909140605e-09,2.414387754131944e-06,0.006055773667429619,0.006,2.4194920184261727e-06,0.005888328026679338,0.006,0.2,0.0,0.0860067856045656,0.0
2269,2.269,2.27,-4.3399530694790265,4.886138532694755,0.2730927316078642,9.226091602173781,-0.099949404908794,0.19369847619786135,1,1,-4.3399530694790265,4.886138532694755,-6.0,6.0,0.0,12.0,0.11285896296073336,0.0,0.11285896296073336,0.0,-0.11285896296073336,-0.11285896296073336,0.0,0.0,0.0,0.0,0.0,0.0,0.0001129154112567443,0.0,6.056431597434911,5.889576667657921,2.198762005800603e-15,2.3592239273284576e-16,0.801499939645953,0.0,-6.25,6.250000000000001,0.15811388300841892,0.15811388300841886,9.964015210879687e-09,2.414157482041161e-06,0.006056372650480668,0.006,2.419520489174154e-06,0.005889463721823272,0.006,0.2,0.0,0.08714103703926689,0.0
2279,2.279,2.2800000000000002,-4.339618531372797,4.868204839319188,0.2642931539731954,9.207823370691985,-0.09998355913184764,0.18931208127951932,1,1,-4.339618531372797,4.868204839319188,-6.0,6.0,0.0,12.0,0.11173599751637757,0.0,0.11173599751637757,0.0,-0.11173599751637757,-0.11173599751637757,0.0,0.0,0.0,0.0,0.0,0.0,0.00011179188414245861,0.0,6.057011663177161,5.8906999327393414,2.209197451710776e-16,2.3592239273284576e-16,0.8014999396518991,0.0,-6.25,6.250000000000001,0.15811388300841892,0.15811388300841886,9.965064607450863e-09,2.4139196391963423e-06,0.006056954421760205,0.006,2.4195503827328935e-06,0.005890588111265289,0.006,0.2,0.0,0.08826400248362268,0.0
2289,2.289,2.29,-4.3392863300392275,4.852017846095384,0.25636575802807826,9.191304176134611,-0.10001687880407284,0.18599622391790804,1,1,-4.3392863300392275,4.852017846095384,-6.0,6.0,0.0,12.0,0.11062420576488705,0.0,0.11062420576488705,0.0,-0.11062420576488705,-0.11062420576488705,0.0,0.0,0.0,0.0,0.0,0.0,0.0001106795363097474,0.0,6.057574828422042,5.891812015877516,6.852157730108388e-16,2.3592239273284576e-16,0.801499939658037,0.0,-6.25,6.250000000000001,0.15811388300841892,0.15811388300841886,9.96610471398088e-09,2.4136741246226607e-06,0.006057519264442155,0.006,2.4195817415462175e-06,0.005891701307569449,0.006,0.2,0.0,0.0893757942351132,0.0
2299,2.299,2.3000000000000003,-4.338956461534601,4.835977280867178,0.24851040966628846,9.17493374240178,-0.10004948811863784,0.1656738083634357,1,1,-4.338956461534601,4.835977280867178,-6.0,6.0,0.0,12.0,0.10952347652616018,0.0,0.10952347652616018,0.0,-0.10952347652616018,-0.10952347652616018,0.0,0.0,0.0,0.0,0.0,0.0,0.00010957825652290042,0.0,6.0581213720194205,5.892913028404948,1.7468665403086447e-15,2.3592239273284576e-16,0.801499939664369,0.0,-6.25,6.250000000000001,0.15811388300841892,0.15811388300841886,9.967135254566437e-09,2.4134208405582733e-06,0.006058067457766958,0.006,2.41961460814899e-06,0.005892803422179653,0.006,0.2,0.0,0.09047652347384007,0.0
2309,2.309,2.31,-4.338628813438445,4.821322656466532,0.24134692151404336,9.159951469904978,-0.10008155632841575,0.1648092021185299,1,1,-4.338628813438445,4.821322656466532,-6.0,6.0,0.0,12.0,0.10843369972635579,0.0,0.10843369972635579,0.0,-0.10843369972635579,-0.10843369972635579,0.0,0.0,0.0,0.0,0.0,0.0,0.00010848793465302124,0.0,6.058651568940942,5.894003080546226,1.7832957333041577e-15,2.3592239273284576e-16,0.8014999396708978,0.0,-6.25,6.250000000000001,0.15811388300841892,0.15811388300841886,9.968156024578132e-09,2.413159692458763e-06,0.006058599277091843,0.006,2.419649025104942e-06,0.005893894565430786,0.006,0.2,0.0,0.09156630027364446,0.0
2319,2.319,2.32,-4.33830317095519,4.80801513816556,0.2348559836051849,9.146318309120751,-0.1001132811069072,0.1641061917789255,1,1,-4.33830317095519,4.80801513816556,-6.0,6.0,0.0,12.0,0.10735476638688578,0.0,0.10735476638688578,0.0,-0.10735476638688578,-0.10735476638688578,0.0,0.0,0.0,0.0,0.0,0.0,0.00010740846166701431,0.0,6.059165690329621,5.895082281429078,1.0729400224188113e-15,2.3592239273284576e-16,0.8014999396776253,0.0,-6.25,6.250000000000001,0.15811388300841892,0.15811388300841886,9.96916686875713e-09,2.4128905890371084e-06,0.006059114993940471,0.006,2.4196850349533784e-06,0.005894974846559769,0.006,0.2,0.0,0.09264523361311447,0.0
2329,2.329,2.33,-4.337979235051572,4.795437751842234,0.22872925839533131,9.133416986893806,-0.10014486973216968,0.1490076107228866,1,1,-4.337979235051572,4.795437751842234,-6.0,6.0,0.0,12.0,0.10628656861351703,0.0,0.10628656861351703,0.0,-0.10628656861351703,-0.10628656861351703,0.0,0.0,0.0,0.0,0.0,0.0,0.00010633972961668139,0.0,6.059664003548848,5.89615073909527,2.419939248987646e-15,2.3592239273284576e-16,0.801499939684554,0.0,-6.25,6.250000000000001,0.15811388300841892,0.15811388300841886,9.970167667748906e-09,2.4126134422636795e-06,0.00605961487605201,0.006,2.4197226801692118e-06,0.005896044373716477,0.006,0.2,0.0,0.09371343138648322,0.0
2339,2.339,2.34,-4.337656647074298,4.783213577512331,0.22277846521901656,9.120870224586628,-0.10017652222642393,0.14920429833013255,1,1,-4.337656647074298,4.783213577512331,-6.0,6.0,0.0,12.0,0.10522899958558207,0.0,0.10522899958558207,0.0,-0.10522899958558207,-0.10522899958558207,0.0,0.0,0.0,0.0,0.0,0.0,0.00010528163162792689,0.0,6.060146772230783,5.897208560511428,8.36136715420821e-16,2.3592239273284576e-16,0.8014999396916859,0.0,-6.25,6.250000000000001,0.15811388300841892,0.15811388300841886,9.971158329403192e-09,2.4123281673662426e-06,0.006060099187429576,0.006,2.419762003069703e-06,0.005897103253974557,0.006,0.2,0.0,0.09477100041441817,0.0
2349,2.349,2.35,-4.337335014989521,4.771982197447885,0.217323591229182,9.109317212437407,-0.1002084184864524,0.14936840868846335,1,1,-4.337335014989521,4.771982197447885,-6.0,6.0,0.0,12.0,0.1041819535452968,0.0,0.1041819535452968,0.0,-0.1041819535452968,-0.1041819535452968,0.0,0.0,0.0,0.0,0.0,0.0,0.00010423406189007017,0.0,6.06061425632416,5.898255851579723,1.0503750647039567e-15,2.3592239273284576e-16,0.801499939699023,0.0,-6.25,6.250000000000001,0.15811388300841892,0.15811388300841886,9.972138782895362e-09,2.412034682792209e-06,0.006060568188388115,0.006,2.4198030457700525e-06,0.0058981515933421574,0.006,0.2,0.0,0.09581804645470345,0.0
2359,2.359,2.36,-4.337013937866226,4.761597599126012,0.21229183062989287,9.098611536992237,-0.10024070987250167,0.1495068274182787,1,1,-4.337013937866226,4.761597599126012,-6.0,6.0,0.0,12.0,0.1031453257871846,0.0,0.1031453257871846,0.0,-0.1031453257871846,-0.1031453257871846,0.0,0.0,0.0,0.0,0.0,0.0,0.00010319691564526442,0.0,6.061066712141528,5.899292717148485,5.663872149064275e-16,2.3592239273284576e-16,0.8014999397065673,0.0,-6.25,6.250000000000001,0.15811388300841892,0.15811388300841886,9.97310897458788e-09,2.4117329101797725e-06,0.006061022135601684,0.006,2.4198458501389907e-06,0.0058991894967725155,0.006,0.2,0.0,0.09685467421281564,0.0
2369,2.369,2.37,-4.336693026688495,4.751943589109974,0.2076252812107393,9.08863661579847,-0.10027351482372993,0.14962468506442617,1,1,-4.336693026688495,4.751943589109974,-6.0,6.0,0.0,12.0,0.1021190126476059,0.0,0.1021190126476059,0.0,-0.1021190126476059,-0.1021190126476059,0.0,0.0,0.0,0.0,0.0,0.0,0.00010217008917802096,0.0,6.061504392405897,5.900319261022678,1.2845627339608257e-15,2.3592239273284576e-16,0.8014999397143208,0.0,-6.25,6.250000000000001,0.15811388300841892,0.15811388300841886,9.97406886500563e-09,2.4114227743068357e-06,0.006061461282150163,0.006,2.419890457707741e-06,0.005900217068174462,0.006,0.2,0.0,0.09788098735239435,0.0
2379,2.379,2.38,-4.336371920713262,4.742333981291467,0.20298103028910264,9.078705902004728,-0.1003069176817642,0.1381576297148246,1,1,-4.336371920713262,4.742333981291467,-6.0,6.0,0.0,12.0,0.1011029114943914,0.0,0.1011029114943914,0.0,-0.1011029114943914,-0.1011029114943914,0.0,0.0,0.0,0.0,0.0,0.0,0.00010115347980483733,0.0,6.061927546296825,5.901335585974287,3.7265383921042394e-16,2.3592239273284576e-16,0.8014999397222851,0.0,-6.25,6.250000000000001,0.15811388300841892,0.15811388300841886,9.975018426549445e-09,2.4111042030332822e-06,0.006061885877565401,0.006,2.419936909638931e-06,0.005901234410422819,0.006,0.2,0.0,0.09889708850560884,0.0
2389,2.3890000000000002,2.39,-4.336050299342852,4.733208198463676,0.198578949560412,9.069258497806528,-0.10034096983308427,0.13856670481462302,1,1,-4.336050299342852,4.733208198463676,-6.0,6.0,0.0,12.0,0.1000969207165791,0.0,0.1000969207165791,0.0,-0.1000969207165791,-0.1000969207165791,0.0,0.0,0.0,0.0,0.0,0.0,0.00010014698586392905,0.0,6.062336419495939,5.902341793752601,1.6173856958595634e-15,2.3592239273284576e-16,0.8014999397304619,0.0,-6.25,6.250000000000001,0.15811388300841892,0.15811388300841886,9.975957641715154e-09,2.410777127221037e-06,0.006062296167876784,0.006,2.41998524664222e-06,0.005902241625368681,0.006,0.2,0.0,0.09990307928342115,0.0
2399,2.399,2.4,-4.33572788991728,4.724653549398936,0.19446282974082818,9.060381439316217,-0.10037569237165367,0.1389267627634741,1,1,-4.33572788991728,4.724653549398936,-6.0,6.0,0.0,12.0,0.09910093971425278,0.0,0.09910093971425278,0.0,-0.09910093971425278,-0.09910093971425278,0.0,0.0,0.0,0.0,0.0,0.0,9.915050670506323e-05,0.0,6.062731254231909,5.903337985094377,1.358491769597181e-15,2.3592239273284576e-16,0.801499939738853,0.0,-6.25,6.250000000000001,0.15811388300841892,0.15811388300841886,9.97688650166977e-09,2.410441480685219e-06,0.006062692395656264,0.006,2.4200355089432082e-06,0.005903238813849606,0.006,0.2,0.0,0.10089906028574747,0.0
2409,2.4090000000000003,2.41,-4.335404472038767,4.716603305021616,0.19059941649142464,9.052007777060382,-0.10041107963676216,0.13924561177199618,1,1,-4.335404472038767,4.716603305021616,-6.0,6.0,0.0,12.0,0.09811486888848231,0.0,0.09811486888848231,0.0,-0.09811486888848231,-0.09811486888848231,0.0,0.0,0.0,0.0,0.0,0.0,9.816394267949364e-05,0.0,6.063112289324855,5.904324259733935,1.2159598414968054e-15,2.3592239273284576e-16,0.80149993974746,0.0,-6.25,6.250000000000001,0.15811388300841892,0.15811388300841886,9.977805005087512e-09,2.4100972001053235e-06,0.006063074800062841,0.006,2.420087736223486e-06,0.005904226075699702,0.006,0.2,0.0,0.10188513111151794,0.0
2419,2.419,2.42,-4.335079879100462,4.709001953858771,0.1869610373791546,9.044081832959233,-0.10044710314260213,0.13952953013314312,1,1,-4.335079879100462,4.709001953858771,-6.0,6.0,0.0,12.0,0.09713860963136334,0.0,0.09713860963136334,0.0,-0.09713860963136334,-0.09713860963136334,0.0,0.0,0.0,0.0,0.0,0.0,9.718719512999555e-05,0.0,6.063479760230232,5.905300716413106,9.737897337450119e-16,2.3592239273284576e-16,0.8014999397562844,0.0,-6.25,6.250000000000001,0.15811388300841892,0.15811388300841886,9.978713157180194e-09,2.409744224958606e-06,0.006063443616886477,0.006,2.4201419675629057e-06,0.005905203509759612,0.006,0.2,0.0,0.10286139036863691,0.0
2429,2.4290000000000003,2.43,-4.334753997664262,4.701802829141279,0.1835244157385083,9.03655682680554,-0.10048371555977625,0.1397836172474931,1,1,-4.334753997664262,4.701802829141279,-6.0,6.0,0.0,12.0,0.09617206431615662,0.0,0.09617206431615662,0.0,-0.09617206431615662,-0.09617206431615662,0.0,0.0,0.0,0.0,0.0,0.0,9.622016638100007e-05,0.0,6.063833899082169,5.906267452891132,2.669305748659312e-16,2.3592239273284576e-16,0.8014999397653276,0.0,-6.25,6.250000000000001,0.15811388300841892,0.15811388300841886,9.97961096887678e-09,2.4093824974423707e-06,0.0060637990785914935,0.006,2.420198241404048e-06,0.005906171213886388,0.006,0.2,0.0,0.10382793568384363,0.0
2439,2.439,2.44,-4.334426765260939,4.694591754621851,0.18008249468045623,9.02901851988279,-0.10052085452533277,0.1303148606044119,1,1,-4.334426765260939,4.694591754621851,-6.0,6.0,0.0,12.0,0.09521513628752515,0.0,0.09521513628752515,0.0,-0.09521513628752515,-0.09521513628752515,0.0,0.0,0.0,0.0,0.0,0.0,9.526275972882638e-05,0.0,6.064174934736273,5.907224565954422,3.2959746043559335e-16,2.3592239273284576e-16,0.801499939774591,0.0,-6.25,6.250000000000001,0.15811388300841892,0.15811388300841886,9.98049845612013e-09,2.409011962422897e-06,0.0060641414143594394,0.006,2.4202565955033783e-06,0.005907129284963289,0.006,0.2,0.0,0.1047848637124751,0.0
2449,2.449,2.45,-4.334098167096551,4.687616294701041,0.17675906380224493,9.021714461797592,-0.1005584461466133,0.13068154058819836,1,1,-4.334098167096551,4.687616294701041,-6.0,6.0,0.0,12.0,0.09426772985186865,0.0,0.09426772985186865,0.0,-0.09426772985186865,-0.09426772985186865,0.0,0.0,0.0,0.0,0.0,0.0,9.431487943201151e-05,0.0,6.064503092811919,5.908172151426236,3.260602508478594e-16,2.3592239273284576e-16,0.8014999397840759,0.0,-6.25,6.250000000000001,0.15811388300841892,0.15811388300841886,9.981375639257837e-09,2.408632567351064e-06,0.006064470850131427,0.006,2.4203170669001574e-06,0.005908077818909454,0.006,0.2,0.0,0.1057322701481316,0.0
2459,2.459,2.46,-4.3337682320581035,4.680978030633595,0.1736048992877457,9.014746262691698,-0.10059640812847853,0.13101450736939552,1,1,-4.3337682320581035,4.680978030633595,-6.0,6.0,0.0,12.0,0.09332975026775406,0.0,0.09332975026775406,0.0,-0.09332975026775406,-0.09332975026775406,0.0,0.0,0.0,0.0,0.0,0.0,9.337643070173584e-05,0.0,6.06481859573402,5.909110304176272,5.392686080671338e-16,2.3592239273284576e-16,0.8014999397937835,0.0,-6.25,6.250000000000001,0.15811388300841892,0.15811388300841886,9.982242542509924e-09,2.4082442622246026e-06,0.0060647876086499485,0.006,2.4203796918786936e-06,0.005909016910689512,0.006,0.2,0.0,0.10667024973224619,0.0
2469,2.469,2.47,-4.333437028327356,4.674646488628345,0.17060473015049427,9.0080835169557,-0.10063465249802978,0.13131793428167698,1,1,-4.333437028327356,4.674646488628345,-6.0,6.0,0.0,12.0,0.0924011037364413,0.0,0.0924011037364413,0.0,-0.0924011037364413,-0.0924011037364413,0.0,0.0,0.0,0.0,0.0,0.0,9.24473196923443e-05,0.0,6.065121662774284,5.910039118130141,7.528699885739343e-16,2.3592239273284576e-16,0.801499939803715,0.0,-6.25,6.250000000000001,0.15811388300841892,0.15811388300841886,9.983099193500601e-09,2.4078469995348056e-06,0.006065091909500191,0.006,2.42044450594614e-06,0.005909946654323057,0.006,0.2,0.0,0.10759889626355895,0.0
2479,2.479,2.48,-4.333104658838312,4.668595277547925,0.16774530935480625,9.001699936386238,-0.10067308793033192,0.13159535126274685,1,1,-4.333104658838312,4.668595277547925,-6.0,6.0,0.0,12.0,0.09148169739250334,0.0,0.09148169739250334,0.0,-0.09148169739250334,-0.09148169739250334,0.0,0.0,0.0,0.0,0.0,0.0,9.152745349196167e-05,0.0,6.0654125100919645,5.910958686278762,2.299375967407258e-15,2.3592239273284576e-16,0.8014999398138717,0.0,-6.25,6.250000000000001,0.15811388300841892,0.15811388300841886,9.983945622843939e-09,2.407440734242102e-06,0.006065383969150834,0.006,2.4205115437836435e-06,0.005910867142894055,0.006,0.2,0.0,0.10851830260749691,0.0
2489,2.489,2.49,-4.3327712567524825,4.662801387806745,0.1650150655271312,8.995572644559228,-0.10071162169689257,0.13184976222400502,1,1,-4.3327712567524825,4.662801387806745,-6.0,6.0,0.0,12.0,0.09057143929453963,0.0,0.09057143929453963,0.0,-0.09057143929453963,-0.09057143929453963,0.0,0.0,0.0,0.0,0.0,0.0,9.061674011320136e-05,0.0,6.0656913507741175,5.911869100687657,9.766493169749424e-16,2.3592239273284576e-16,0.8014999398242545,0.0,-6.25,6.250000000000001,0.15811388300841892,0.15811388300841886,9.984781863775708e-09,2.407025423738309e-06,0.006065664000994357,0.006,2.4205808392707696e-06,0.00591177846856016,0.006,0.2,0.0,0.10942856070546061,0.0
2499,2.499,2.5,-4.332436981076117,4.657244633937955,0.1624038264309191,8.98968161501407,-0.1007501612689593,0.13208373792498784,1,1,-4.332436981076117,4.657244633937955,-6.0,6.0,0.0,12.0,0.08967023841598185,0.0,0.08967023841598185,0.0,-0.08967023841598185,-0.08967023841598185,0.0,0.0,0.0,0.0,0.0,0.0,8.971508848396659e-05,0.0,6.065958394875363,5.912770452506165,5.993469609499869e-16,2.3592239273284576e-16,0.8014999398348643,0.0,-6.25,6.250000000000001,0.15811388300841892,0.15811388300841886,9.98560795182511e-09,2.4066010278444135e-06,0.006065932215386846,0.006,2.4206524254166696e-06,0.005912680722561909,0.006,0.2,0.0,0.1103297615840184,0.0
2509,2.509,2.5100000000000002,-4.332102012503919,4.651907207086994,0.15990259729153777,8.984009219590913,-0.10078861561250263,0.13229949006609648,1,1,-4.332102012503919,4.651907207086994,-6.0,6.0,0.0,12.0,0.08877800463599109,0.0,0.08877800463599109,0.0,-0.08877800463599109,-0.08877800463599109,0.0,0.0,0.0,0.0,0.0,0.0,8.882240843834303e-05,0.0,6.0662138494571565,5.913662831976535,2.517083763642347e-15,2.3592239273284576e-16,0.8014999398457023,0.0,-6.25,6.250000000000001,0.15811388300841892,0.15811388300841886,9.986423924521267e-09,2.40616750881057e-06,0.00606618881968732,0.006,2.4207263343800632e-06,0.005913573995231859,0.006,0.2,0.0,0.11122199536400916,0.0
2519,2.519,2.52,-4.331766549543083,4.646556135055668,0.15739479275629265,8.978322684598751,-0.1008268962130085,0.12414326513660506,1,1,-4.331766549543083,4.646556135055668,-6.0,6.0,0.0,12.0,0.08789464873044585,0.0,0.08789464873044585,0.0,-0.08789464873044585,-0.08789464873044585,0.0,0.0,0.0,0.0,0.0,0.0,8.793861070758221e-05,0.0,6.066457918626584,5.91454632844297,4.0419056990259605e-16,2.3592239273284576e-16,0.8014999398567693,0.0,-6.25,6.250000000000001,0.15811388300841892,0.15811388300841886,9.98722982113033e-09,2.405724831313881e-06,0.006066434018296572,0.006,2.4208025974581383e-06,0.005914458376003606,0.006,0.2,0.0,0.1121053512695544,0.0
2529,2.529,2.5300000000000002,-4.3314308049480745,4.641285282372173,0.15492723871204905,8.972716087320247,-0.10086491786710172,0.12440740963599539,1,1,-4.3314308049480745,4.641285282372173,-6.0,6.0,0.0,12.0,0.08702008236301943,0.0,0.08702008236301943,0.0,-0.08702008236301943,-0.08702008236301943,0.0,0.0,0.0,0.0,0.0,0.0,8.706360691117457e-05,0.0,6.066690803574679,5.91542103036054,5.100087019371813e-16,2.3592239273284576e-16,0.801499939868066,0.0,-6.25,6.250000000000001,0.15811388300841892,0.15811388300841886,9.988025682419735e-09,2.40527296251835e-06,0.006066668012695527,0.006,2.4208812450599026e-06,0.005915333953420741,0.006,0.2,0.0,0.11297991763698081,0.0
2539,2.539,2.54,-4.3310950024791905,4.636209899453871,0.15255744848734043,8.967304901933062,-0.10090259927559547,0.12465293738322447,1,1,-4.3310950024791905,4.636209899453871,-6.0,6.0,0.0,12.0,0.0861542180763463,0.0,0.0861542180763463,0.0,-0.0861542180763463,-0.0861542180763463,0.0,0.0,0.0,0.0,0.0,0.0,8.61973095480113e-05,0.0,6.066912702614274,5.91628702530403,2.2941717969793274e-15,2.3592239273284576e-16,0.8014999398795932,0.0,-6.25,6.250000000000001,0.15811388300841892,0.15811388300841886,9.988811550446639e-09,2.4048118720571164e-06,0.006066891001483147,0.006,2.420962306726171e-06,0.005916200815145682,0.006,0.2,0.0,0.11384578192365395,0.0
2549,2.549,2.5500000000000003,-4.330759373985349,4.631316823926779,0.15027872497071515,8.962076197912129,-0.1009398634694117,0.12488162102044065,1,1,-4.330759373985349,4.631316823926779,-6.0,6.0,0.0,12.0,0.08529696928327621,0.0,0.08529696928327621,0.0,-0.08529696928327621,-0.08529696928327621,0.0,0.0,0.0,0.0,0.0,0.0,8.533963198763416e-05,0.0,6.067123811217375,5.917144399976701,4.4080949827829397e-16,2.3592239273284576e-16,0.8014999398913517,0.0,-6.25,6.250000000000001,0.15811388300841892,0.15811388300841886,9.989587468368097e-09,2.4043415321323767e-06,0.006067103180413856,0.006,2.4210458111117995e-06,0.005917059047968446,0.006,0.2,0.0,0.11470303071672404,0.0
2559,2.559,2.56,-4.330424156802612,4.626594240800183,0.1480850419987858,8.957018397602795,-0.10097663809639196,0.1250950209466975,1,1,-4.330424156802612,4.626594240800183,-6.0,6.0,0.0,12.0,0.08444825025821551,0.0,0.08444825025821551,0.0,-0.08444825025821551,-0.08444825025821551,0.0,0.0,0.0,0.0,0.0,0.0,8.449048846157238e-05,0.0,6.067324322052103,5.917993240218953,2.1744758771369277e-15,2.3592239273284576e-16,0.8014999399033421,0.0,-6.25,6.250000000000001,0.15811388300841892,0.15811388300841886,9.990353480270777e-09,2.4038619175420297e-06,0.0060673047424345105,0.006,2.4211317859856863e-06,0.0059179087378153335,0.006,0.2,0.0,0.11555174974178474,0.0
2569,2.569,2.57,-4.3300895914539765,4.622031501929294,0.1459709552376589,8.952121093383271,-0.10101285559355716,0.12529451567087485,1,1,-4.3300895914539765,4.622031501929294,-6.0,6.0,0.0,12.0,0.08360797612855439,0.0,0.08360797612855439,0.0,-0.08360797612855439,-0.08360797612855439,0.0,0.0,0.0,0.0,0.0,0.0,8.364979405476573e-05,0.0,6.067514425019155,5.918833631016899,1.1452563073235944e-15,2.3592239273284576e-16,0.8014999399155649,0.0,-6.25,6.250000000000001,0.15811388300841892,0.15811388300841886,9.991109631018469e-09,2.403373005746289e-06,0.0060674958777209255,0.006,2.421220258250756e-06,0.005918749969757509,0.006,0.2,0.0,0.11639202387144586,0.0
2579,2.579,2.58,-4.329755919632115,4.617618974726439,0.1439315275471622,8.947374894358553,-0.10104845326609546,0.12548132715775595,1,1,-4.329755919632115,4.617618974726439,-6.0,6.0,0.0,12.0,0.0827760628661797,0.0,0.0827760628661797,0.0,-0.0827760628661797,-0.0827760628661797,0.0,0.0,0.0,0.0,0.0,0.0,8.281746469707297e-05,0.0,6.067694307287838,5.919665656510877,8.014422459012849e-16,2.3592239273284576e-16,0.8014999399280206,0.0,-6.25,6.250000000000001,0.15811388300841892,0.15811388300841886,9.991855966115676e-09,2.4028747769342975e-06,0.006067676773713934,0.006,2.421311253906211e-06,0.005919582828019499,0.006,0.2,0.0,0.11722393713382055,0.0
2589,2.589,2.59,-4.329423382444567,4.613347914637889,0.14196226609666107,8.942771297082455,-0.10108337329130634,0.12565654209696048,1,1,-4.329423382444567,4.613347914637889,-6.0,6.0,0.0,12.0,0.0819524272790719,0.0,0.0819524272790719,0.0,-0.0819524272790719,-0.0819524272790719,0.0,0.0,0.0,0.0,0.0,0.0,8.19934171548647e-05,0.0,6.067864153331644,5.920489400003846,1.2520095637319484e-15,2.3592239273284576e-16,0.8014999399407097,0.0,-6.25,6.250000000000001,0.15811388300841892,0.15811388300841886,9.992592531585972e-09,2.4023672141151655e-06,0.006067847615155024,0.006,2.4214047980963827e-06,0.005920407395987629,0.006,0.2,0.0,0.11804757272092835,0.0
2598,2.598,2.599,-4.329125266693535,4.609618317605713,0.14024652545608873,8.938743584299248,-0.101114178017917,0.1258051238305219,1,1,-4.329125266693535,4.609618317605713,-6.0,6.0,0.0,12.0,0.08121816457200862,0.0,0.08121816457200862,0.0,-0.08121816457200862,-0.08121816457200862,0.0,0.0,0.0,0.0,0.0,0.0,8.125878719404016e-05,0.0,6.068008584121523,5.921223756218341,1.4316889687671086e-15,2.3592239273284576e-16,0.8014999399523297,0.0,-6.25,6.250000000000001,0.15811388300841892,0.15811388300841886,9.993247125849412e-09,2.401902415277435e-06,0.0060679929263515115,0.006,2.4214911869324673e-06,0.005921142487207609,0.006,0.2,0.0,0.11878183542799163,0.0
2599,2.599,2.6,-4.329092218899906,5.020014291693389,0.3454610363967414,9.349106510593295,-0.10111756266298788,2.373210468070336,1,1,-4.329092218899906,4.609210357060081,-6.0,6.0,0.0,12.0,0.08113698700298591,0.0,0.13113698700298593,0.0,-0.08113698700298591,-0.13113698700298593,0.0,0.05,0.0,0.05,0.0,0.0,8.117756902269997e-05,0.0,6.06802414496341,5.871304943969718,1.166235619361189e-15,2.7755575615628914e-16,0.8014999399536324,0.0,-6.25,6.250000000000001,0.15811388300841892,0.15811388300841886,9.993319373863834e-09,2.4018503031734817e-06,0.0060680085841215235,0.006,2.4215009150818645e-06,0.00592122375621834,0.006,0.25,0.0,0.11886301299701434,0.0
2600,2.6,2.601,-4.329059187202581,5.02159707548433,0.34626894414087417,9.350656262686911,-0.10112093951482715,0.9763900057496968,1,1,-4.329059187202581,5.02159707548433,-6.0,6.0,0.0,12.0,0.13100591556262575,0.0,0.13100591556262575,0.0,-0.13100591556262575,-0.13100591556262575,0.0,0.0,0.0,0.0,0.0,0.0,0.000131071440360186,0.0,6.068089584303689,5.871436050783203,4.651227319962814e-16,2.7755575615628914e-16,0.8014999399549376,0.0,-6.25,6.250000000000001,0.15811388300841892,0.15811388300841886,9.75321476188978e-09,2.401798097477702e-06,0.006068024144963409,0.006,2.421510669188276e-06,0.005871304943969717,0.006,0.25,0.0,0.11899408443737453,0.0
2609,2.609,2.61,-4.328762664613262,5.021415919495453,0.34632662744109544,9.350178584108715,-0.10115097308932092,0.5539196229022483,1,1,-4.328762664613262,5.021415919495453,-6.0,6.0,0.0,12.0,0.12983215218067307,0.0,0.12983215218067307,0.0,-0.12983215218067307,-0.12983215218067307,0.0,0.0,0.0,0.0,0.0,0.0,0.0001298970899008662,0.0,6.068669735156002,5.872610128440353,8.508818649666239e-16,3.0531133177191805e-16,0.8014999399667893,0.0,-6.25,6.250000000000001,0.15811388300841892,0.15811388300841886,9.754221052764827e-09,2.4013240329448078e-06,0.006068606052548838,0.006,2.421599628237292e-06,0.005872480196791737,0.006,0.25,0.0,0.12016784781932724,0.0
2619,2.619,2.62,-4.328434950710089,5.008714121317461,0.34013958530368615,9.33714907202755,-0.1011835608551595,0.4096962282949432,1,1,-4.328434950710089,5.008714121317461,-6.0,6.0,0.0,12.0,0.1285403006817721,0.0,0.1285403006817721,0.0,-0.1285403006817721,-0.1285403006817721,0.0,0.0,0.0,0.0,0.0,0.0,0.0001286045922608534,0.0,6.069295968171822,5.873902320628949,2.7495367094232392e-15,3.608224830031759e-16,0.8014999399801802,0.0,-6.25,6.250000000000001,0.15811388300841892,0.15811388300841886,9.755368751100084e-09,2.4007883952933947e-06,0.006069234206753287,0.006,2.421700960073547e-06,0.005873773682365726,0.006,0.25,0.0,0.12145969931822825,0.0
2629,2.629,2.63,-4.328109302907951,4.989091459341416,0.3304910782167325,9.317200762249367,-0.10121528665780505,0.30548761186556944,1,1,-4.328109302907951,4.989091459341416,-6.0,6.0,0.0,12.0,0.12726130332005653,0.0,0.12726130332005653,0.0,-0.12726130332005653,-0.12726130332005653,0.0,0.0,0.0,0.0,0.0,0.0,0.00012732495518723741,0.0,6.069903165225853,5.875181649901303,1.2646134139870924e-15,3.608224830031759e-16,0.8014999399938054,0.0,-6.25,6.250000000000001,0.15811388300841892,0.15811388300841886,9.756518523560052e-09,2.400243385172136e-06,0.006069843293076875,0.006,2.4218049322222156e-06,0.005875054292145033,0.006,0.25,0.0,0.12273869667994383,0.0
2639,2.6390000000000002,2.64,-4.327785940757132,4.966965260235174,0.31958965973902087,9.294751200992305,-0.10124611542407597,0.27194544074296945,1,1,-4.327785940757132,4.966965260235174,-6.0,6.0,0.0,12.0,0.12599503219472438,0.0,0.12599503219472438,0.0,-0.12599503219472438,-0.12599503219472438,0.0,0.0,0.0,0.0,0.0,0.0,0.00012605805071524463,0.0,6.070491643055813,5.876448244335707,4.597017211338539e-16,3.3306690738754696e-16,0.801499940007665,0.0,-6.25,6.250000000000001,0.15811388300841892,0.15811388300841886,9.757662979019034e-09,2.399689000671415e-06,0.006070433628702462,0.006,2.4219115654178227e-06,0.00587632215433614,0.006,0.25,0.0,0.12400496780527595,0.0
2649,2.649,2.65,-4.32746507697287,4.945040783145642,0.3087878530863861,9.272505860118512,-0.10127601621145843,0.22110961171536964,1,1,-4.32746507697287,4.945040783145642,-6.0,6.0,0.0,12.0,0.12474136067760797,0.0,0.12474136067760797,0.0,-0.12474136067760797,-0.12474136067760797,0.0,0.0,0.0,0.0,0.0,0.0,0.00012480375215337216,0.0,6.07106171397939,5.877702230735673,2.230854390106174e-15,3.608224830031759e-16,0.801499940021759,0.0,-6.25,6.250000000000001,0.15811388300841892,0.15811388300841886,9.758799231237593e-09,2.3991252430812785e-06,0.006071005526387179,0.006,2.422020879524478e-06,0.005877577395869461,0.006,0.25,0.0,0.1252586393223924,0.0
2659,2.6590000000000003,2.66,-4.327146915690594,4.922902101376669,0.2978775928430375,9.250049017067264,-0.10130496394366778,0.21164890275271658,1,1,-4.327146915690594,4.922902101376669,-6.0,6.0,0.0,12.0,0.1235001634005108,0.0,0.1235001634005108,0.0,-0.1235001634005108,-0.1235001634005108,0.0,0.0,0.0,0.0,0.0,0.0,0.0001235619340707185,0.0,6.071613685950854,5.878943734642577,1.7147741560030738e-15,4.579669976578771e-16,0.8014999400360872,0.0,-6.25,6.250000000000001,0.15811388300841892,0.15811388300841886,9.759925822917339e-09,2.3985521169025396e-06,0.00607155929451911,0.006,2.4221328934848076e-06,0.0058788201424120196,0.006,0.25,0.0,0.12649983659948966,0.0
2669,2.669,2.67,-4.326831644201843,4.903084762822344,0.2881265593102502,9.229916407024188,-0.10133294872830545,0.20506430330493625,1,1,-4.326831644201843,4.903084762822344,-6.0,6.0,0.0,12.0,0.1222713162426708,0.0,0.1222713162426708,0.0,-0.1222713162426708,-0.1222713162426708,0.0,0.0,0.0,0.0,0.0,0.0,0.0001223324722844405,0.0,6.072147862617003,5.880172880348211,3.4049369226907267e-16,4.579669976578771e-16,0.8014999400506493,0.0,-6.25,6.250000000000001,0.15811388300841892,0.15811388300841886,9.761041900735414e-09,2.3979696298778637e-06,0.006072095237173304,0.006,2.4222476253554783e-06,0.005880050518380008,0.006,0.25,0.0,0.12772868375732965,0.0
2679,2.6790000000000003,2.68,-4.326519412353144,4.883554768079397,0.2785176778631264,9.21007418043254,-0.10135999382396177,0.17869103552019094,1,1,-4.326519412353144,4.883554768079397,-6.0,6.0,0.0,12.0,0.12105469631834818,0.0,0.12105469631834818,0.0,-0.12105469631834818,-0.12105469631834818,0.0,0.0,0.0,0.0,0.0,0.0,0.00012111524384733505,0.0,6.072664543372429,5.881389790907208,1.6040229040836795e-15,4.579669976578771e-16,0.8014999400654452,0.0,-6.25,6.250000000000001,0.15811388300841892,0.15811388300841886,9.762146913652428e-09,2.397377792996208e-06,0.006072613654167102,0.006,2.422365092256129e-06,0.005881268646951214,0.006,0.25,0.0,0.12894530368165227,0.0
2689,2.689,2.69,-4.326210304135817,4.86593581916104,0.2698627575126116,9.192146123296856,-0.10138617180566856,0.17698053523730412,1,1,-4.326210304135817,4.86593581916104,-6.0,6.0,0.0,12.0,0.11985018196453665,0.0,0.11985018196453665,0.0,-0.11985018196453665,-0.11985018196453665,0.0,0.0,0.0,0.0,0.0,0.0,0.00011991012703554401,0.0,6.0731640234141056,5.882594588149351,1.5187504032176946e-15,4.440892098500626e-16,0.8014999400804745,0.0,-6.25,6.250000000000001,0.15811388300841892,0.15811388300841886,9.763240480424672e-09,2.3967766204661794e-06,0.006073114841114805,0.006,2.4224853103826937e-06,0.005882474650077357,0.006,0.25,0.0,0.1301498180354638,0.0
2699,2.699,2.7,-4.325904313498986,4.8502013578074,0.2621485221542068,9.176105671306386,-0.10141160888535117,0.17564884247441542,1,1,-4.325904313498986,4.8502013578074,-6.0,6.0,0.0,12.0,0.11865765272879704,0.0,0.11865765272879704,0.0,-0.11865765272879704,-0.11865765272879704,0.0,0.0,0.0,0.0,0.0,0.0,0.00011871700133638197,0.0,6.073646593795325,5.8837873926917466,1.822327011513636e-15,4.579669976578771e-16,0.8014999400957368,0.0,-6.25,6.250000000000001,0.15811388300841892,0.15811388300841886,9.764322323948676e-09,2.3961661297071487e-06,0.006073599089481663,0.006,2.4226082949629915e-06,0.005883668648496269,0.006,0.25,0.0,0.13134234727120342,0.0
2709,2.709,2.71,-4.325601333268292,4.834530329559364,0.25446449814553596,9.160131662827656,-0.10143647628573893,0.15780784011867943,1,1,-4.325601333268292,4.834530329559364,-6.0,6.0,0.0,12.0,0.11747698935721203,0.0,0.11747698935721203,0.0,-0.11747698935721203,-0.11747698935721203,0.0,0.0,0.0,0.0,0.0,0.0,0.00011753574743628472,0.0,6.074112541478973,5.884968323950892,1.3138226400907782e-15,4.3021142204224816e-16,0.8014999401112315,0.0,-6.25,6.250000000000001,0.15811388300841892,0.15811388300841886,9.765392235732251e-09,2.395546341284861e-06,0.006074066686637226,0.006,2.422734060250065e-06,0.005884850761743968,0.006,0.25,0.0,0.1325230106427884,0.0
2719,2.719,2.72,-4.325301158920929,4.820440095676934,0.24756946837800253,9.145741254597864,-0.10146097360224843,0.15794577384017794,1,1,-4.325301158920929,4.820440095676934,-6.0,6.0,0.0,12.0,0.11630807378246057,0.0,0.11630807378246057,0.0,-0.11630807378246057,-0.11630807378246057,0.0,0.0,0.0,0.0,0.0,0.0,0.00011636624720887791,0.0,6.074562149390144,5.886137500154625,2.114627917215728e-15,4.579669976578771e-16,0.801499940126958,0.0,-6.25,6.250000000000001,0.15811388300841892,0.15811388300841886,9.766450055280306e-09,2.394917278858143e-06,0.006074517915908015,0.006,2.4228626195088586e-06,0.00588602110816662,0.006,0.25,0.0,0.1336919262175399,0.0
2729,2.729,2.73,-4.325003503985375,4.807662605193825,0.24132955060422523,9.132666109179201,-0.10148530998785543,0.15805448233434577,1,1,-4.325003503985375,4.807662605193825,-6.0,6.0,0.0,12.0,0.11515078911201106,0.0,0.11515078911201106,0.0,-0.11515078911201106,-0.11515078911201106,0.0,0.0,0.0,0.0,0.0,0.0,0.00011520838370316417,0.0,6.074995696468125,5.88729503835393,7.676151381197371e-16,4.85722573273506e-16,0.8014999401429158,0.0,-6.25,6.250000000000001,0.15811388300841892,0.15811388300841886,9.76749565740879e-09,2.394278969101188e-06,0.006074953056629579,0.006,2.422993984987354e-06,0.005887179804932372,0.006,0.25,0.0,0.13484921088798943,0.0
2739,2.739,2.74,-4.324708022123584,4.795592243395074,0.23544211063574494,9.120300265518658,-0.10150968729362997,0.1442896719001202,1,1,-4.324708022123584,4.795592243395074,-6.0,6.0,0.0,12.0,0.11400501961643207,0.0,0.11400501961643207,0.0,-0.11400501961643207,-0.11400501961643207,0.0,0.0,0.0,0.0,0.0,0.0,0.00011406204113182807,0.0,6.075413457717746,5.888441054434658,9.000775385431536e-16,5.134781488891349e-16,0.801499940159104,0.0,-6.25,6.250000000000001,0.15811388300841892,0.15811388300841886,9.768528944022024e-09,2.3936314416147383e-06,0.006075372384197898,0.006,2.423128167881039e-06,0.005888326968043062,0.006,0.25,0.0,0.13599498038356844,0.0
2749,2.749,2.75,-4.324414331361822,4.783863990796478,0.22972482971732777,9.1082783221583,-0.10153428720005298,0.14493646527789006,1,1,-4.324414331361822,4.783863990796478,-6.0,6.0,0.0,12.0,0.11287065071781921,0.0,0.11287065071781921,0.0,-0.11287065071781921,-0.11287065071781921,0.0,0.0,0.0,0.0,0.0,0.0,0.00011292710485965714,0.0,6.075815704260084,5.889575663129107,1.990595188683386e-15,4.996003610813204e-16,0.8014999401755217,0.0,-6.25,6.250000000000001,0.15811388300841892,0.15811388300841886,9.769549838528762e-09,2.3929747288106224e-06,0.006075776170120165,0.006,2.4232651783306912e-06,0.005889462712345823,0.006,0.25,0.0,0.1371293492821813,0.0
2759,2.759,2.7600000000000002,-4.324122037190607,4.7730735101938375,0.22447573650161523,9.097195547384445,-0.10155926280681127,0.14548612029987001,1,1,-4.324122037190607,4.7730735101938375,-6.0,6.0,0.0,12.0,0.1117475689783373,0.0,0.1117475689783373,0.0,-0.1117475689783373,-0.1117475689783373,0.0,0.0,0.0,0.0,0.0,0.0,0.0001118034613920784,0.0,6.076202703382577,5.890698978027492,9.57079467761579e-16,5.134781488891349e-16,0.8014999401921683,0.0,-6.25,6.250000000000001,0.15811388300841892,0.15811388300841886,9.77055828188747e-09,2.392308865827377e-06,0.006076164682064942,0.006,2.4234050253801876e-06,0.00589058715154457,0.006,0.25,0.0,0.1382524310216632,0.0
2769,2.769,2.77,-4.323830752580316,4.763080926866959,0.21962508714332118,9.086911679447276,-0.10158473424913578,0.14595768089897404,1,1,-4.323830752580316,4.763080926866959,-6.0,6.0,0.0,12.0,0.11063566208887655,0.0,0.11063566208887655,0.0,-0.11063566208887655,-0.11063566208887655,0.0,0.0,0.0,0.0,0.0,0.0,0.00011069099836380876,0.0,6.076574718588494,5.89181111158932,3.577325068115922e-16,5.412337245047638e-16,0.8014999402090427,0.0,-6.25,6.250000000000001,0.15811388300841892,0.15811388300841886,9.77155422969839e-09,2.3916338903659343e-06,0.006076538183911706,0.006,2.4235477169787246e-06,0.005891700398211368,0.006,0.25,0.0,0.139364337911124,0.0
2779,2.779,2.7800000000000002,-4.323540114026337,4.753775652425093,0.21511776919937775,9.07731576645143,-0.1016107875222283,0.14636566026015568,1,1,-4.323540114026337,4.753775652425093,-6.0,6.0,0.0,12.0,0.10953481885782136,0.0,0.10953481885782136,0.0,-0.10953481885782136,-0.10953481885782136,0.0,0.0,0.0,0.0,0.0,0.0,0.0001095896045276183,0.0,6.076932009645819,5.8929121751546125,1.1509890263106115e-15,5.412337245047638e-16,0.8014999402261439,0.0,-6.25,6.250000000000001,0.15811388300841892,0.15811388300841886,9.772537649993406e-09,2.390949842585262e-06,0.006076896935799786,0.006,2.42369325993419e-06,0.005892802563797689,0.006,0.25,0.0,0.14046518114217918,0.0
2789,2.789,2.79,-4.323249793472493,4.744660749983123,0.21070547825531527,9.067910543455616,-0.10163747562449477,0.13550824851756432,1,1,-4.323249793472493,4.744660749983123,-6.0,6.0,0.0,12.0,0.10844492919993129,0.0,0.10844492919993129,0.0,-0.10844492919993129,-0.10844492919993129,0.0,0.0,0.0,0.0,0.0,0.0,0.00010849916974320558,0.0,6.077274832635524,5.894002278955054,1.0200174038743626e-15,5.551115123125783e-16,0.8014999402434708,0.0,-6.25,6.250000000000001,0.15811388300841892,0.15811388300841886,9.773508521507622e-09,2.3902567649713554e-06,0.006077241194176701,0.006,2.4238416599020596e-06,0.005893893758645549,0.006,0.25,0.0,0.14155507080006927,0.0
2799,2.799,2.8000000000000003,-4.322959506404575,4.735834262947309,0.20643737827136688,9.058793769351883,-0.10166482122102694,0.13609741471587722,1,1,-4.322959506404575,4.735834262947309,-6.0,6.0,0.0,12.0,0.10736588412533228,0.0,0.10736588412533228,0.0,-0.10736588412533228,-0.10736588412533228,0.0,0.0,0.0,0.0,0.0,0.0,0.00010741958496618345,0.0,6.077603439999262,5.895081532125012,7.201406354920281e-16,5.967448757360216e-16,0.8014999402610224,0.0,-6.25,6.250000000000001,0.15811388300841892,0.15811388300841886,9.774466832294357e-09,2.3895547021840287e-06,0.0060775712118459075,0.006,2.4239929213809574e-06,0.005894974091998556,0.006,0.25,0.0,0.14263411587466832,0.0
2809,2.809,2.81,-4.322669016631764,4.72754345311543,0.20243721824183325,9.050212469747194,-0.10169282018226394,0.13661944986628538,1,1,-4.322669016631764,4.72754345311543,-6.0,6.0,0.0,12.0,0.10629757572861767,0.0,0.10629757572861767,0.0,-0.10629757572861767,-0.10629757572861767,0.0,0.0,0.0,0.0,0.0,0.0,0.00010635074223717456,0.0,6.077918080586461,5.896150042712439,4.683753385137379e-16,6.106226635438361e-16,0.8014999402787975,0.0,-6.25,6.250000000000001,0.15811388300841892,0.15811388300841886,9.775412578592563e-09,2.38884370093923e-06,0.006077887238013949,0.006,2.4241470476904503e-06,0.005896043672012817,0.006,0.25,0.0,0.14370242427138294,0.0
2819,2.819,2.82,-4.322378138354436,4.7197262657318335,0.19867406368869878,9.04210440408627,-0.10172144551438528,0.13708454342887394,1,1,-4.322378138354436,4.7197262657318335,-6.0,6.0,0.0,12.0,0.10523989717805754,0.0,0.10523989717805754,0.0,-0.10523989717805754,-0.10523989717805754,0.0,0.0,0.0,0.0,0.0,0.0,0.00010529253467101531,0.0,6.0782189997008516,5.897207917689692,4.3021142204224816e-16,6.38378239159465e-16,0.8014999402967947,0.0,-6.25,6.250000000000001,0.15811388300841892,0.15811388300841886,9.776345763884913e-09,2.3881238098624904e-06,0.006078189518337053,0.006,2.4243040409621664e-06,0.0058971026057677645,0.006,0.25,0.0,0.1447601028219431,0.0
2829,2.829,2.83,-4.3220867361096,4.712331082207394,0.195122173048897,9.034417818316992,-0.1017506513416147,0.1375009798939278,1,1,-4.3220867361096,4.712331082207394,-6.0,6.0,0.0,12.0,0.1041927427049154,0.0,0.1041927427049154,0.0,-0.1041927427049154,-0.1041927427049154,0.0,0.0,0.0,0.0,0.0,0.0,0.00010424485644606722,0.0,6.0785064391464125,5.898255262964215,1.4059933772792022e-15,6.245004513516506e-16,0.801499940315013,0.0,-6.25,6.250000000000001,0.15811388300841892,0.15811388300841886,9.777266398103676e-09,2.3873950793668036e-06,0.00607847829496712,0.006,2.424463902119811e-06,0.005898150999276854,0.006,0.25,0.0,0.14580725729508523,0.0
2839,2.839,2.84,-4.321794723130184,4.70531450796976,0.19175989241978808,9.027109231099944,-0.10178037671704387,0.13787555644510674,1,1,-4.321794723130184,4.70531450796976,-6.0,6.0,0.0,12.0,0.1031560075928713,0.0,0.1031560075928713,0.0,-0.1031560075928713,-0.1031560075928713,0.0,0.0,0.0,0.0,0.0,0.0,0.0001032076027936347,0.0,6.078780637272765,5.899292183389132,1.433748952894831e-15,5.828670879282072e-16,0.801499940333451,0.0,-6.25,6.250000000000001,0.15811388300841892,0.15811388300841886,9.778174496953655e-09,2.3866575615238366e-06,0.0060787538065971815,0.006,2.4246266308991516e-06,0.005899188957498176,0.006,0.25,0.0,0.14684399240712928,0.0
2849,2.849,2.85,-4.32150205857824,4.698539267254506,0.18851860433813306,9.020041325832747,-0.10181054912724724,0.1287097418976016,1,1,-4.32150205857824,4.698539267254506,-6.0,6.0,0.0,12.0,0.10212958816755018,0.0,0.10212958816755018,0.0,-0.10212958816755018,-0.10212958816755018,0.0,0.0,0.0,0.0,0.0,0.0,0.00010218066998748825,0.0,6.079041829019999,5.900318782773739,5.108760636751697e-16,6.245004513516506e-16,0.8014999403521073,0.0,-6.25,6.250000000000001,0.15811388300841892,0.15811388300841886,9.779070081329743e-09,2.3859113099551276e-06,0.0060790162885062775,0.006,2.424792225839134e-06,0.005900216584344928,0.006,0.25,0.0,0.14787041183245045,0.0
2859,2.859,2.86,-4.321208744031031,4.691715170505005,0.18525321323698707,9.012923914536035,-0.10184108762026661,0.12915761299002682,1,1,-4.321208744031031,4.691715170505005,-6.0,6.0,0.0,12.0,0.10111338178615406,0.0,0.10111338178615406,0.0,-0.10111338178615406,-0.10111338178615406,0.0,0.0,0.0,0.0,0.0,0.0,0.00010116395533349134,0.0,6.079290245962943,5.9013351638938705,1.0070069778045365e-15,6.38378239159465e-16,0.8014999403709805,0.0,-6.25,6.250000000000001,0.15811388300841892,0.15811388300841886,9.779953176812315e-09,2.385156379727729e-06,0.006079265972603786,0.006,2.424960684281885e-06,0.005901233982695837,0.006,0.25,0.0,0.14888661821384658,0.0
2869,2.869,2.87,-4.3209148195219305,4.685209720540933,0.18214745050950132,9.006124540062864,-0.10187190553107794,0.12956590434339527,1,1,-4.3209148195219305,4.685209720540933,-6.0,6.0,0.0,12.0,0.10010728682719801,0.0,0.10010728682719801,0.0,-0.10010728682719801,-0.10010728682719801,0.0,0.0,0.0,0.0,0.0,0.0,0.0001001573571593314,0.0,6.079526116354915,5.902341428502183,8.439429710627167e-16,6.522560269672795e-16,0.8014999403900692,0.0,-6.25,6.250000000000001,0.15811388300841892,0.15811388300841886,9.780823813227563e-09,2.3843928272609437e-06,0.006079503087473225,0.006,2.425132002388253e-06,0.005902241254405411,0.006,0.25,0.0,0.14989271317280264,0.0
2879,2.879,2.88,-4.320620359369606,4.6789946346732645,0.17918713765182925,8.99961499404287,-0.10190291280804037,0.12993932697228566,1,1,-4.320620359369606,4.6789946346732645,-6.0,6.0,0.0,12.0,0.09911120268034769,0.0,0.09911120268034769,0.0,-0.09911120268034769,-0.09911120268034769,0.0,0.0,0.0,0.0,0.0,0.0,9.916077480435211e-05,0.0,6.079749665170898,5.9033376773383335,8.569533971325427e-16,7.077671781985373e-16,0.8014999404093722,0.0,-6.25,6.250000000000001,0.15811388300841892,0.15811388300841886,9.781682024262776e-09,2.3836207102330695e-06,0.006079727858415481,0.006,2.425306175151132e-06,0.005903238500314154,0.006,0.25,0.0,0.15088879731965302,0.0
2889,2.8890000000000002,2.89,-4.3203254679707985,4.673045385321791,0.17635995867549603,8.99337085329259,-0.10193401796210144,0.13028189319423428,1,1,-4.3203254679707985,4.673045385321791,-6.0,6.0,0.0,12.0,0.09812502973635832,0.0,0.09812502973635832,0.0,-0.09812502973635832,-0.09812502973635832,0.0,0.0,0.0,0.0,0.0,0.0,9.81741086094875e-05,0.0,6.079961114150226,5.904324010139037,4.602709272744088e-16,7.355227538141662e-16,0.8014999404288877,0.0,-6.25,6.250000000000001,0.15811388300841892,0.15811388300841886,9.782527847128601e-09,2.3828400875369894e-06,0.006079940507491548,0.006,2.425483196417666e-06,0.0059042258202586274,0.006,0.25,0.0,0.1518749702636424,0.0
2899,2.899,2.9,-4.320030275684026,4.66734055965831,0.17365514198714216,8.987370835342336,-0.10196512967078769,0.1305970393395764,1,1,-4.320030275684026,4.66734055965831,-6.0,6.0,0.0,12.0,0.09714866937711372,0.0,0.09714866937711372,0.0,-0.09714866937711372,-0.09714866937711372,0.0,0.0,0.0,0.0,0.0,0.0,9.719725990729587e-05,0.0,6.080160681838699,5.905300525648059,9.194034422677078e-16,6.661338147750939e-16,0.8014999404486145,0.0,-6.25,6.250000000000001,0.15811388300841892,0.15811388300841886,9.783361322261839e-09,2.3820510192113376e-06,0.006080141253564698,0.006,2.425663058898131e-06,0.005905203313081444,0.006,0.25,0.0,0.15285133062288694,0.0
2909,2.9090000000000003,2.91,-4.319734934893105,4.661861349539549,0.17106320732322233,8.981596284432655,-0.10199615807388845,0.13088772378244573,1,1,-4.319734934893105,4.661861349539549,-6.0,6.0,0.0,12.0,0.09618202396576432,0.0,0.09618202396576432,0.0,-0.09618202396576432,-0.09618202396576432,0.0,0.0,0.0,0.0,0.0,0.0,9.623013101209293e-05,0.0,6.080348583630221,5.9062673216260775,2.312386393477084e-15,6.245004513516506e-16,0.8014999404685508,0.0,-6.25,6.250000000000001,0.15811388300841892,0.15811388300841886,9.784182493063532e-09,2.3812535664094133e-06,0.006080330312342168,0.006,2.425845754205902e-06,0.005906171076641145,0.006,0.25,0.0,0.1538179760342363,0.0
2919,2.919,2.92,-4.31943961630913,4.656591141365562,0.16857576252821582,8.976030757674692,-0.10202701579892282,0.13115650584556604,1,1,-4.31943961630913,4.656591141365562,-6.0,6.0,0.0,12.0,0.09522499683696345,0.0,0.09522499683696345,0.0,-0.09522499683696345,-0.09522499683696345,0.0,0.0,0.0,0.0,0.0,0.0,9.527262521018325e-05,0.0,6.080525031807908,5.907224494860455,1.8360963791042018e-16,6.106226635438361e-16,0.8014999404886951,0.0,-6.25,6.250000000000001,0.15811388300841892,0.15811388300841886,9.784991405668002e-09,2.380447791368094e-06,0.006080507896416314,0.006,2.426031272877438e-06,0.005907129207821995,0.006,0.25,0.0,0.15477500316303716,0.0
2929,2.9290000000000003,2.93,-4.319144505546339,4.651515183395779,0.16618533892472032,8.970659688942117,-0.10205761875343222,0.13140560975747978,1,1,-4.319144505546339,4.651515183395779,-6.0,6.0,0.0,12.0,0.09427749228720071,0.0,0.09427749228720071,0.0,-0.09427749228720071,-0.09427749228720071,0.0,0.0,0.0,0.0,0.0,0.0,9.432464675018872e-05,0.0,6.08069023558468,5.908172141174935,1.317522480004385e-15,5.689893001203927e-16,0.801499940509046,0.0,-6.25,6.250000000000001,0.15811388300841892,0.15811388300841886,9.785788108739124e-09,2.3796337574011764e-06,0.006080674215305265,0.006,2.4262196044011477e-06,0.005908077802543661,0.006,0.25,0.0,0.15572250771279986,0.0
2939,2.939,2.94,-4.318849799989712,4.646396213522521,0.1637732067664044,8.965246013512232,-0.10208788671867891,0.1234511783045747,1,1,-4.318849799989712,4.646396213522521,-6.0,6.0,0.0,12.0,0.09333941556523154,0.0,0.09333941556523154,0.0,-0.09333941556523154,-0.09333941556523154,0.0,0.0,0.0,0.0,0.0,0.0,9.338610083347334e-05,0.0,6.08084440114337,5.909110355439204,2.0339632755828063e-15,5.828670879282072e-16,0.8014999405296017,0.0,-6.25,6.250000000000001,0.15811388300841892,0.15811388300841886,9.786572653290801e-09,2.378811528906034e-06,0.006080829475493071,0.006,2.4264107372595767e-06,0.005909016955770808,0.006,0.25,0.0,0.15666058443476905,0.0
2949,2.949,2.95,-4.318555705959295,4.64136288641601,0.16140359022835726,8.959918592375306,-0.10211774377621552,0.12373320724538589,1,1,-4.318555705959295,4.64136288641601,-6.0,6.0,0.0,12.0,0.092410672862602,0.0,0.092410672862602,0.0,-0.092410672862602,-0.092410672862602,0.0,0.0,0.0,0.0,0.0,0.0,9.245689360466334e-05,0.0,6.0809877316763306,5.910039231578391,2.76146293332058e-16,5.967448757360216e-16,0.8014999405503607,0.0,-6.25,6.250000000000001,0.15811388300841892,0.15811388300841886,9.78734509252893e-09,2.3779811713680616e-06,0.006080973880469369,0.006,2.426604658949394e-06,0.0059099467615226,0.006,0.25,0.0,0.1575893271373986,0.0
2959,2.959,2.96,-4.318262436166884,4.63650446511684,0.15912101447497795,8.954766901283723,-0.10214711859532072,0.12399648149098108,1,1,-4.318262436166884,4.63650446511684,-6.0,6.0,0.0,12.0,0.09149117130426788,0.0,0.09149117130426788,0.0,-0.09149117130426788,-0.09149117130426788,0.0,0.0,0.0,0.0,0.0,0.0,9.153693214226146e-05,0.0,6.0811204274245565,5.910958862582465,3.807175928682849e-16,6.245004513516506e-16,0.8014999405713211,0.0,-6.25,6.250000000000001,0.15811388300841892,0.15811388300841886,9.788105481712609e-09,2.377142751413962e-06,0.006081107630768537,0.006,2.426801356030239e-06,0.005910867312882097,0.006,0.25,0.0,0.15850882869573274,0.0
2969,2.969,2.97,-4.317970207454331,4.631809865276193,0.15691982891093126,8.949780072730524,-0.10217594460588175,0.12424268523055143,1,1,-4.317970207454331,4.631809865276193,-6.0,6.0,0.0,12.0,0.09058081893930707,0.0,0.09058081893930707,0.0,-0.09058081893930707,-0.09058081893930707,0.0,0.0,0.0,0.0,0.0,0.0,9.062612444935484e-05,0.0,6.081242685716323,5.911869340515522,5.637851296924623e-16,6.245004513516506e-16,0.8014999405924815,0.0,-6.25,6.250000000000001,0.15811388300841892,0.15811388300841886,9.78885387803256e-09,2.376296336822854e-06,0.006081230924008399,0.006,2.427000814155811e-06,0.005911778702005566,0.006,0.25,0.0,0.15941918106069355,0.0
2979,2.979,2.98,-4.317679238798473,4.627269083147953,0.15479492217474,8.944948321946425,-0.10220416007798327,0.12447331232462444,1,1,-4.317679238798473,4.627269083147953,-6.0,6.0,0.0,12.0,0.08967952473172446,0.0,0.08967952473172446,0.0,-0.08967952473172446,-0.08967952473172446,0.0,0.0,0.0,0.0,0.0,0.0,8.972437944441519e-05,0.0,6.081354701005342,5.912770756525003,2.067953013690227e-15,6.245004513516506e-16,0.80149994061384,0.0,-6.25,6.250000000000001,0.15811388300841892,0.15811388300841886,9.789590340505068e-09,2.375441996581777e-06,0.006081343954928418,0.006,2.4272030181160532e-06,0.005912681020131707,0.006,0.25,0.0,0.16032047526827617,0.0
2989,2.989,2.99,-4.31738974956503,4.622873056864369,0.1527416536496693,8.940262806429399,-0.10223170812645233,0.12468969202358293,1,1,-4.31738974956503,4.622873056864369,-6.0,6.0,0.0,12.0,0.0887871985513482,0.0,0.0887871985513482,0.0,-0.0887871985513482,-0.0887871985513482,0.0,0.0,0.0,0.0,0.0,0.0,8.883160695219052e-05,0.0,6.081456664908457,5.91366320085081,6.813533027713592e-16,6.38378239159465e-16,0.8014999406353949,0.0,-6.25,6.250000000000001,0.15811388300841892,0.15811388300841886,9.790314929879883e-09,2.3745798009367656e-06,0.006081446915427447,0.006,2.4274079518593615e-06,0.005913574357590764,0.006,0.25,0.0,0.16121280144865244,0.0
2998,2.998,2.999,-4.31713065458015,4.6190335760767836,0.1509514607483169,8.936164230656933,-0.10225588756852644,0.12487323539206452,1,1,-4.31713065458015,4.6190335760767836,-6.0,6.0,0.0,12.0,0.08799169888251135,0.0,0.08799169888251135,0.0,-0.08799169888251135,-0.08799169888251135,0.0,0.0,0.0,0.0,0.0,0.0,8.803570940090281e-05,0.0,6.08153999460099,5.914458803813572,3.5388358909926865e-16,6.661338147750939e-16,0.8014999406549607,0.0,-6.25,6.250000000000001,0.15811388300841892,0.15811388300841886,9.79095696036229e-09,2.37379716759992e-06,0.00608153112601139,0.006,2.427594712290926e-06,0.005914370756766584,0.006,0.25,0.0,0.16200830111748932,0.0
2999,2.999,3.0,-4.317101957992525,5.0228280049961995,0.35286302350183707,9.339929962988725,-0.10225853665582874,2.561454148346956,1,1,-4.317101957992525,4.618613549297075,-6.0,6.0,0.0,12.0,0.08790375116481666,0.0,0.13790375116481665,0.0,-0.08790375116481666,-0.13790375116481665,0.0,0.05,0.0,0.04999999999999999,0.0,1.3877787807814457e-17,8.794771769468766e-05,0.0,6.081548766242878,5.864546762834329,3.469446951953614e-16,6.661338147750939e-16,0.8014999406571444,0.0,-6.25,6.250000000000001,0.15811388300841892,0.15811388300841886,9.791027708560691e-09,2.3737098214439187e-06,0.00608153999460099,0.006,2.4276155985458737e-06,0.005914458803813572,0.006,0.3,0.0,0.162096248835184,0.0
3000,3.0,3.001,-4.317073280542513,5.025812300662817,0.3543695100601516,9.34288558120533,-0.10226117807010937,0.9257670395539458,1,1,-4.317073280542513,5.025812300662817,-6.0,6.0,0.0,12.0,0.1377659163425492,0.0,0.1377659163425492,0.0,-0.1377659163425492,-0.1377659163425492,0.0,0.0,0.0,0.0,0.0,0.0,0.00013783482226744793,0.0,6.081607416370351,5.864684634157057,4.527628272299467e-16,6.661338147750939e-16,0.80149994065933,0.0,-6.25,6.250000000000001,0.15811388300841892,0.15811388300841886,9.550949634077422e-09,2.3736223981806765e-06,0.006081548766242877,0.006,2.427636511754816e-06,0.005864546762834329,0.006,0.3,0.0,0.16223408365745146,0.0
3009,3.009,3.0100000000000002,-4.316816079886735,5.025500298835568,0.3543421094744166,9.342316378722302,-0.10228459825881608,0.5513748793607487,1,1,-4.316816079886735,5.025500298835568,-6.0,6.0,0.0,12.0,0.1365315859141134,0.0,0.1365315859141134,0.0,-0.1365315859141134,-0.1365315859141134,0.0,0.0,0.0,0.0,0.0,0.0,0.00013659987446802474,0.0,6.0821264648486215,5.865919289305818,1.6991616447192825e-15,6.661338147750939e-16,0.8014999406790866,0.0,-6.25,6.250000000000001,0.15811388300841892,0.15811388300841886,9.551945347635977e-09,2.3728321310271315e-06,0.006082069571265234,0.006,2.4278259405652314e-06,0.005865782653685508,0.006,0.3,0.0,0.16346841408588725,0.0
3019,3.019,3.02,-4.316532327506406,5.013225090207191,0.34834638135039286,9.329757417713598,-0.1023098500791439,0.40736149653004566,1,1,-4.316532327506406,5.013225090207191,-6.0,6.0,0.0,12.0,0.13517307393577824,0.0,0.13517307393577824,0.0,-0.13517307393577824,-0.13517307393577824,0.0,0.0,0.0,0.0,0.0,0.0,0.00013524068300722512,0.0,6.082684811720889,5.867278154209345,9.150666335777657e-16,6.661338147750939e-16,0.8014999407012198,0.0,-6.25,6.250000000000001,0.15811388300841892,0.15811388300841886,9.553078931705427e-09,2.371946804031384e-06,0.00608262983848264,0.006,2.4280389595765506e-06,0.005867142878602067,0.006,0.3,0.0,0.16482692606422242,0.0
3029,3.029,3.0300000000000002,-4.3162509086215515,4.994499262527159,0.33912417695280395,9.310750171148712,-0.10233425364788662,0.30316978145153606,1,1,-4.3162509086215515,4.994499262527159,-6.0,6.0,0.0,12.0,0.13382807937748126,0.0,0.13382807937748126,0.0,-0.13382807937748126,-0.13382807937748126,0.0,0.0,0.0,0.0,0.0,0.0,0.00013389501572742718,0.0,6.083224134674305,5.868623493573905,5.735158441905197e-16,6.661338147750939e-16,0.801499940723542,0.0,-6.25,6.250000000000001,0.15811388300841892,0.15811388300841886,9.554212445698537e-09,2.3710539162604916e-06,0.006083171049208081,0.006,2.4282546365395065e-06,0.005868489564437919,0.006,0.3,0.0,0.1661719206225194,0.0
3039,3.039,3.04,-4.3159720257264755,4.972584719346276,0.32830634680990034,9.288556745072752,-0.10235777470107649,0.2701319421735071,1,1,-4.3159720257264755,4.972584719346276,-6.0,6.0,0.0,12.0,0.13249646773864582,0.0,0.13249646773864582,0.0,-0.13249646773864582,-0.13249646773864582,0.0,0.0,0.0,0.0,0.0,0.0,0.00013256273806078157,0.0,6.0837447569152925,5.869955442074257,9.081277396738585e-16,6.661338147750939e-16,0.8014999407460512,0.0,-6.25,6.250000000000001,0.15811388300841892,0.15811388300841886,9.555338533219207e-09,2.3701535450326143e-06,0.006083693527106131,0.006,2.428472951736538e-06,0.0058698228460026475,0.006,0.3,0.0,0.16750353226135484,0.0
3049,3.049,3.0500000000000003,-4.315695875353073,4.951387871610517,0.3178459981287216,9.26708374696359,-0.10238038308138325,0.2499376666474104,1,1,-4.315695875353073,4.951387871610517,-6.0,6.0,0.0,12.0,0.13117810585699832,0.0,0.13117810585699832,0.0,-0.13117810585699832,-0.13117810585699832,0.0,0.0,0.0,0.0,0.0,0.0,0.00013124371677841133,0.0,6.0842469971012525,5.871274133044306,1.2663481374630692e-15,6.661338147750939e-16,0.8014999407687456,0.0,-6.25,6.250000000000001,0.15811388300841892,0.15811388300841886,9.556454326744083e-09,2.369245769211344e-06,0.0060841975912864455,0.006,2.428693884792832e-06,0.00587114285676364,0.006,0.3,0.0,0.16882189414300233,0.0
3059,3.059,3.06,-4.315422646528513,4.929423106218112,0.3070002298447996,9.244845752746626,-0.10240205447419604,0.21026664595281963,1,1,-4.315422646528513,4.929423106218112,-6.0,6.0,0.0,12.0,0.12987286189525196,0.0,0.12987286189525196,0.0,-0.12987286189525196,-0.12987286189525196,0.0,0.0,0.0,0.0,0.0,0.0,0.00012993781997708902,0.0,6.084731169399095,5.87257969849041,1.5881393422567669e-15,6.661338147750939e-16,0.8014999407916231,0.0,-6.25,6.250000000000001,0.15811388300841892,0.15811388300841886,9.55755838741717e-09,2.3683306692212463e-06,0.00608468355636237,0.006,2.4289174147096307e-06,0.005872449728859416,0.006,0.3,0.0,0.1701271381047487,0.0
3069,3.069,3.0700000000000003,-4.315152513641831,4.909570388214014,0.29720893728609177,9.224722901855845,-0.10242277972579344,0.20385170776841766,1,1,-4.315152513641831,4.909570388214014,-6.0,6.0,0.0,12.0,0.12858060532792287,0.0,0.12858060532792287,0.0,-0.12858060532792287,-0.12858060532792287,0.0,0.0,0.0,0.0,0.0,0.0,0.00012864491706604634,0.0,6.0851975835430805,5.87387226910459,1.5439038936193583e-15,6.661338147750939e-16,0.8014999408146817,0.0,-6.25,6.250000000000001,0.15811388300841892,0.15811388300841886,9.55864988141113e-09,2.3674083270589635e-06,0.006085151732508846,0.006,2.42914351986645e-06,0.005873743593112831,0.006,0.3,0.0,0.17141939467207779,0.0
3079,3.079,3.08,-4.314885618056445,4.890763192018236,0.28793878698089515,9.205648810074681,-0.10244258281093988,0.17757321004281623,1,1,-4.314885618056445,4.890763192018236,-6.0,6.0,0.0,12.0,0.12730120692827745,0.0,0.12730120692827745,0.0,-0.12730120692827745,-0.12730120692827745,0.0,0.0,0.0,0.0,0.0,0.0,0.00012736487875391472,0.0,6.085646544891944,5.875151974277593,4.0158848468863084e-16,6.661338147750939e-16,0.8014999408379192,0.0,-6.25,6.250000000000001,0.15811388300841892,0.15811388300841886,9.559728278371873e-09,2.3664788262909954e-06,0.006085602425519612,0.006,2.4293721780543897e-06,0.005875024579044186,0.006,0.3,0.0,0.1726987930717232,0.0
3089,3.089,3.09,-4.314622041732582,4.873009499854808,0.27919372906111306,9.18763154158739,-0.10246153699883825,0.17596487458685528,1,1,-4.314622041732582,4.873009499854808,-6.0,6.0,0.0,12.0,0.12603453875540954,0.0,0.12603453875540954,0.0,-0.12603453875540954,-0.12603453875540954,0.0,0.0,0.0,0.0,0.0,0.0,0.00012609757703579622,0.0,6.0860783544853385,5.8764189421118544,6.409532193191181e-16,6.661338147750939e-16,0.8014999408613336,0.0,-6.25,6.250000000000001,0.15811388300841892,0.15811388300841886,9.56079321894345e-09,2.365542252035932e-06,0.006086035936863708,0.006,2.429603366469468e-06,0.005876292814884165,0.006,0.3,0.0,0.1739654612445911,0.0
3099,3.099,3.1,-4.314361783637052,4.857152332928894,0.27139527464592117,9.171514116565946,-0.10247976917405505,0.17471563398325285,1,1,-4.314361783637052,4.857152332928894,-6.0,6.0,0.0,12.0,0.12478047414144633,0.0,0.12478047414144633,0.0,-0.12478047414144633,-0.12478047414144633,0.0,0.0,0.0,0.0,0.0,0.0,0.00012484288518046298,0.0,6.086493309099581,5.877673299434303,1.263746052249104e-15,6.661338147750939e-16,0.8014999408849226,0.0,-6.25,6.250000000000001,0.15811388300841892,0.15811388300841886,9.561844449116931e-09,2.3645986909200496e-06,0.006086452563741295,0.006,2.42983706173705e-06,0.005877548427586672,0.006,0.3,0.0,0.17521952585855433,0.0
3109,3.109,3.11,-4.314104747648006,4.842089563930737,0.2639924081413656,9.156194311578744,-0.10249745121090392,0.15693077797953287,1,1,-4.314104747648006,4.842089563930737,-6.0,6.0,0.0,12.0,0.12353888767888131,0.0,0.12353888767888131,0.0,-0.12353888767888131,-0.12353888767888131,0.0,0.0,0.0,0.0,0.0,0.0,0.00012360067771768386,0.0,6.086891701302716,5.878915171809057,8.334804200982315e-16,7.077671781985373e-16,0.801499940908684,0.0,-6.25,6.250000000000001,0.15811388300841892,0.15811388300841886,9.562881784707908e-09,2.3636482310484404e-06,0.0060868525991387866,0.006,2.430073239900743e-06,0.00587879154284154,0.006,0.3,0.0,0.17646111232111938,0.0
3119,3.119,3.12,-4.313850744287195,4.827830139188431,0.25698969745061806,9.141680883475626,-0.10251478333579311,0.15712597024386016,1,1,-4.313850744287195,4.827830139188431,-6.0,6.0,0.0,12.0,0.1223096552080336,0.0,0.1223096552080336,0.0,-0.1223096552080336,-0.1223096552080336,0.0,0.0,0.0,0.0,0.0,0.0,0.00012237083042567742,0.0,6.08727381950891,5.880144683549989,9.597899731927928e-17,7.355227538141662e-16,0.8014999409326158,0.0,-6.25,6.250000000000001,0.15811388300841892,0.15811388300841886,9.563905090750268e-09,2.3626909619250802e-06,0.006087236331883311,0.006,2.4303118764557043e-06,0.0058800222850871045,0.006,0.3,0.0,0.17769034479196713,0.0
3129,3.129,3.13,-4.313599503763777,4.814900345426305,0.2506504208312639,9.128499849190082,-0.10253197531255309,0.15728424256399087,1,1,-4.313599503763777,4.814900345426305,-6.0,6.0,0.0,12.0,0.12109265380463172,0.0,0.12109265380463172,0.0,-0.12109265380463172,-0.12109265380463172,0.0,0.0,0.0,0.0,0.0,0.0,0.00012115322031868956,0.0,6.087639948032178,5.881361957733166,2.645453300864631e-16,7.216449660063518e-16,0.8014999409567155,0.0,-6.25,6.250000000000001,0.15811388300841892,0.15811388300841886,9.564914268818658e-09,2.361726974364007e-06,0.006087604046696496,0.006,2.430552946324216e-06,0.005881240777522657,0.006,0.3,0.0,0.178907346195369,0.0
3139,3.1390000000000002,3.14,-4.3133506959084755,4.803076798102839,0.24486305109718165,9.116427494011315,-0.10254922958340906,0.1574144865325025,1,1,-4.3133506959084755,4.803076798102839,-6.0,6.0,0.0,12.0,0.11988776176752118,0.0,0.11988776176752118,0.0,-0.11988776176752118,-0.11988776176752118,0.0,0.0,0.0,0.0,0.0,0.0,0.00011994772563469492,0.0,6.087990367139448,5.882567116209167,7.511352650979575e-16,6.800116025829084e-16,0.8014999409809808,0.0,-6.25,6.250000000000001,0.15811388300841892,0.15811388300841886,9.565909248814623e-09,2.3607563604315917e-06,0.006087956024247609,0.006,2.430796423862347e-06,0.0058824471421207725,0.006,0.3,0.0,0.1801122382324795,0.0
3149,3.149,3.15,-4.313103952731758,4.791468108870148,0.23918207806919467,9.104572061601907,-0.10256672840073949,0.14424212668807584,1,1,-4.313103952731758,4.791468108870148,-6.0,6.0,0.0,12.0,0.11869485860649422,0.0,0.11869485860649422,0.0,-0.11869485860649422,-0.11869485860649422,0.0,0.0,0.0,0.0,0.0,0.0,0.00011875422582322052,0.0,6.088325353102977,5.883760279615275,1.3383391617161067e-15,7.077671781985373e-16,0.8014999410054094,0.0,-6.25,6.250000000000001,0.15811388300841892,0.15811388300841886,9.566889983391519e-09,2.3597792133244138e-06,0.006088292541206038,0.006,2.431042282877716e-06,0.00588364149963952,0.006,0.3,0.0,0.18130514139350648,0.0
3159,3.1590000000000003,3.16,-4.312858890399161,4.780516224244756,0.23382866692279736,9.093375114643916,-0.10258462541729435,0.14482564846536927,1,1,-4.312858890399161,4.780516224244756,-6.0,6.0,0.0,12.0,0.1175138250302406,0.0,0.1175138250302406,0.0,-0.1175138250302406,-0.1175138250302406,0.0,0.0,0.0,0.0,0.0,0.0,0.00011757260153329063,0.0,6.088645178252131,5.884941567387551,9.652109840552203e-17,6.38378239159465e-16,0.8014999410299991,0.0,-6.25,6.250000000000001,0.15811388300841892,0.15811388300841886,9.56785644400869e-09,2.3587956272493556e-06,0.006088613870293119,0.006,2.431290496598404e-06,0.0058848239696345445,0.006,0.3,0.0,0.18248617496976002,0.0
3169,3.169,3.17,-4.312615128627755,4.770375131250912,0.2288800013115786,9.082990259878667,-0.10260304130295717,0.14532797633652977,1,1,-4.312615128627755,4.770375131250912,-6.0,6.0,0.0,12.0,0.11634454293441852,0.0,0.11634454293441852,0.0,-0.11634454293441852,-0.11634454293441852,0.0,0.0,0.0,0.0,0.0,0.0,0.00011640273460149156,0.0,6.088950111024507,5.886111097772787,1.4727802311043092e-15,5.967448757360216e-16,0.8014999410547473,0.0,-6.25,6.250000000000001,0.15811388300841892,0.15811388300841886,9.568808618032259e-09,2.3578056973192424e-06,0.00608892028033335,0.006,2.4315410377084846e-06,0.005885994670471027,0.006,0.3,0.0,0.18365545706558206,0.0
3179,3.1790000000000003,3.18,-4.312372306522784,4.760931917402398,0.22427980543980697,9.07330422392518,-0.10262206256957257,0.145764093889372,1,1,-4.312372306522784,4.760931917402398,-6.0,6.0,0.0,12.0,0.115186895389844,0.0,0.115186895389844,0.0,-0.115186895389844,-0.115186895389844,0.0,0.0,0.0,0.0,0.0,0.0,0.00011524450804015524,0.0,6.089240416016459,5.8872689878403355,1.0873734638400245e-15,6.106226635438361e-16,0.8014999410796518,0.0,-6.25,6.250000000000001,0.15811388300841892,0.15811388300841886,9.569746506533561e-09,2.356809519432938e-06,0.006089212036304951,0.006,2.431793878339139e-06,0.00588715371933554,0.006,0.3,0.0,0.1848131046101566,0.0
3189,3.189,3.19,-4.31213009459581,4.752095927007389,0.21998291620578936,9.064226021603199,-0.10264174271459314,0.14614560555837486,1,1,-4.31213009459581,4.752095927007389,-6.0,6.0,0.0,12.0,0.11404076663079787,0.0,0.11404076663079787,0.0,-0.11404076663079787,-0.11404076663079787,0.0,0.0,0.0,0.0,0.0,0.0,0.00011409780602566038,0.0,6.089516354032974,5.888415353493837,1.2568071583451967e-15,6.106226635438361e-16,0.80149994110471,0.0,-6.25,6.250000000000001,0.15811388300841892,0.15811388300841886,9.570670122568865e-09,2.3558071901221345e-06,0.006089489399389817,0.006,2.432048990053115e-06,0.005888301232247766,0.006,0.3,0.0,0.18595923336920273,0.0
3199,3.1990000000000003,3.2,-4.311888203157413,4.743292322967004,0.21570205990479518,9.055180526124417,-0.10266210488494742,0.13554120097797578,1,1,-4.311888203157413,4.743292322967004,-6.0,6.0,0.0,12.0,0.11290604204344912,0.0,0.11290604204344912,0.0,-0.11290604204344912,-0.11290604204344912,0.0,0.0,0.0,0.0,0.0,0.0,0.00011296251388684988,0.0,6.089778182136949,5.889550309482805,5.752234626121844e-16,5.828670879282072e-16,0.8014999411299196,0.0,-6.25,6.250000000000001,0.15811388300841892,0.15811388300841886,9.571579489802064e-09,2.35479880644699e-06,0.006089752627022858,0.006,2.432306343871371e-06,0.005889437324072112,0.006,0.3,0.0,0.18709395795655145,0.0
3209,3.209,3.21,-4.311646387520693,4.734859996937424,0.21160680470836546,9.046506384458118,-0.1026831454160887,0.13608491420665614,1,1,-4.311646387520693,4.734859996937424,-6.0,6.0,0.0,12.0,0.11178260815439338,0.0,0.11178260815439338,0.0,-0.11178260815439338,-0.11178260815439338,0.0,0.0,0.0,0.0,0.0,0.0,0.00011183851809356381,0.0,6.090026153697858,5.890673969414116,4.2760933682828295e-16,5.412337245047638e-16,0.8014999411552781,0.0,-6.25,6.250000000000001,0.15811388300841892,0.15811388300841886,9.57247464137918e-09,2.3537844658540215e-06,0.0060900019729407135,0.006,2.432565910279738e-06,0.00589056210852921,0.006,0.3,0.0,0.18821739184560715,0.0
3219,3.219,3.22,-4.311404450551816,4.726909678949876,0.20775261419903002,9.038314129501693,-0.10270483776277095,0.13657027337995953,1,1,-4.311404450551816,4.726909678949876,-6.0,6.0,0.0,12.0,0.11067035261930554,0.0,0.11067035261930554,0.0,-0.11067035261930554,-0.11067035261930554,0.0,0.0,0.0,0.0,0.0,0.0,0.00011072570624528616,0.0,6.090260518439821,5.891786445763381,8.066464163292153e-16,5.134781488891349e-16,0.8014999411807832,0.0,-6.25,6.250000000000001,0.15811388300841892,0.15811388300841886,9.57335561899283e-09,2.3527642660650825e-06,0.006090237687229894,0.006,2.4328276592355813e-06,0.005891675698207285,0.006,0.3,0.0,0.18932964738069497,0.0
3229,3.229,3.23,-4.311162243113984,4.719388589145535,0.20411317301577547,9.03055083225952,-0.10272713648171977,0.13700571252755728,1,1,-4.311162243113984,4.719388589145535,-6.0,6.0,0.0,12.0,0.10956916421170525,0.0,0.10956916421170525,0.0,-0.10956916421170525,-0.10956916421170525,0.0,0.0,0.0,0.0,0.0,0.0,0.00010962396705990477,0.0,6.090481522489077,5.8928878498862,1.7850304567801345e-15,4.85722573273506e-16,0.8014999412064321,0.0,-6.25,6.250000000000001,0.15811388300841892,0.15811388300841886,9.5742224720936e-09,2.3517383049285915e-06,0.006090460016374308,0.006,2.4330915601677993e-06,0.005892778204573437,0.006,0.3,0.0,0.19043083578829523,0.0
3239,3.239,3.24,-4.310919662910787,4.712252393333297,0.20066636521125503,9.023172056244084,-0.10274998104282063,0.13739815578391906,1,1,-4.310919662910787,4.712252393333297,-6.0,6.0,0.0,12.0,0.10847893281183407,0.0,0.10847893281183407,0.0,-0.10847893281183407,-0.10847893281183407,0.0,0.0,0.0,0.0,0.0,0.0,0.000108533190362583,0.0,6.0906894084208805,5.893978292029309,7.211841800830454e-16,4.996003610813204e-16,0.8014999412322228,0.0,-6.25,6.250000000000001,0.15811388300841892,0.15811388300841886,9.575075257217609e-09,2.3507066803507003e-06,0.006090669203302214,0.006,2.4333575820190133e-06,0.005893869737984787,0.006,0.3,0.0,0.19152106718816642,0.0
3249,3.249,3.25,-4.310676652169957,4.705463492986453,0.19739342040824814,9.01614014515641,-0.10277329933408935,0.1377533353710761,1,1,-4.310676652169957,4.705463492986453,-6.0,6.0,0.0,12.0,0.1073995493956435,0.0,0.1073995493956435,0.0,-0.1073995493956435,-0.1073995493956435,0.0,0.0,0.0,0.0,0.0,0.0,0.00010745326707474211,0.0,6.090884415305808,5.89505788134161,1.2750217548429532e-15,4.718447854656915e-16,0.8014999412581525,0.0,-6.25,6.250000000000001,0.15811388300841892,0.15811388300841886,9.575914037407666e-09,2.349669490142081e-06,0.00609086548743259,0.006,2.4336256932588895e-06,0.005894950407699528,0.006,0.3,0.0,0.19260045060435696,0.0
3259,3.259,3.2600000000000002,-4.310433194535823,4.698916201711074,0.1942415035876257,9.009349396246897,-0.10279701079001113,0.12870920850346718,1,1,-4.310433194535823,4.698916201711074,-6.0,6.0,0.0,12.0,0.10633090602389239,0.0,0.10633090602389239,0.0,-0.10633090602389239,-0.10633090602389239,0.0,0.0,0.0,0.0,0.0,0.0,0.00010638408920315337,0.0,6.0910667787555015,5.896126725885094,2.020085487774992e-15,4.440892098500626e-16,0.801499941284219,0.0,-6.25,6.250000000000001,0.15811388300841892,0.15811388300841886,9.57673888171115e-09,2.348626831966858e-06,0.006091049104720927,0.006,2.4338958618774777e-06,0.005896020321887857,0.006,0.3,0.0,0.19366909397610804,0.0
3269,3.269,3.27,-4.3101893114676075,4.692288514084551,0.19104960130847193,9.002477825552159,-0.10282102911733954,0.12913223751597064,1,1,-4.3101893114676075,4.692288514084551,-6.0,6.0,0.0,12.0,0.10527289583135307,0.0,0.10527289583135307,0.0,-0.10527289583135307,-0.10527289583135307,0.0,0.0,0.0,0.0,0.0,0.0,0.00010532554982913865,0.0,6.091236730967849,5.8971849326456685,4.700829569354026e-16,4.440892098500626e-16,0.8014999413104197,0.0,-6.25,6.250000000000001,0.15811388300841892,0.15811388300841886,9.577549864741715e-09,2.347578803242686e-06,0.006091220287704472,0.006,2.434168055471808e-06,0.0058970795876428055,0.006,0.3,0.0,0.19472710416864736,0.0
3279,3.279,3.2800000000000002,-4.309945058376335,4.6859565210075,0.18800573131558274,8.995901579383835,-0.10284526462189247,0.1295196637827148,1,1,-4.309945058376335,4.6859565210075,-6.0,6.0,0.0,12.0,0.10422541301612462,0.0,0.10422541301612462,0.0,-0.10422541301612462,-0.10422541301612462,0.0,0.0,0.0,0.0,0.0,0.0,0.00010427754309787846,0.0,6.091394500771602,5.89823260754385,6.453171330633722e-16,4.718447854656915e-16,0.8014999413367522,0.0,-6.25,6.250000000000001,0.15811388300841892,0.15811388300841886,9.578347066294676e-09,2.3465255010696977e-06,0.006091379265546897,0.006,2.434442241219248e-06,0.005898128310990947,0.006,0.3,0.0,0.19577458698387584,0.0
3289,3.289,3.29,-4.309700520677458,4.679895135874958,0.18509730759874987,8.989595656552416,-0.10286962615807554,0.1298755555731132,1,1,-4.309700520677458,4.679895135874958,-6.0,6.0,0.0,12.0,0.10318835282905256,0.0,0.10318835282905256,0.0,-0.10318835282905256,-0.10318835282905256,0.0,0.0,0.0,0.0,0.0,0.0,0.00010323996420782629,0.0,6.091540313670443,5.89926985544538,1.964574336543734e-15,4.996003610813204e-16,0.8014999413632141,0.0,-6.25,6.250000000000001,0.15811388300841892,0.15811388300841886,9.57913057100813e-09,2.345467022186092e-06,0.006091526264082426,0.006,2.434718385946333e-06,0.005899166596903029,0.006,0.3,0.0,0.19681164717094793,0.0
3299,3.299,3.3000000000000003,-4.3094558098899975,4.674082471518719,0.18231333081436052,8.983538281408716,-0.10289402273320286,0.13020339907427042,1,1,-4.3094558098899975,4.674082471518719,-6.0,6.0,0.0,12.0,0.10216161156325398,0.0,0.10216161156325398,0.0,-0.10216161156325398,-0.10216161156325398,0.0,0.0,0.0,0.0,0.0,0.0,0.00010221270940022846,0.0,6.0916743918865155,5.900296780171715,1.0215894970244666e-15,4.996003610813204e-16,0.8014999413898032,0.0,-6.25,6.250000000000001,0.15811388300841892,0.15811388300841886,9.57990046806326e-09,2.3444034629281694e-06,0.0060916615058594125,0.006,2.434996456150973e-06,0.005900194549304463,0.006,0.3,0.0,0.1978383884367465,0.0
3309,3.309,3.31,-4.309211059875254,4.668499314531728,0.17964412732823698,8.977710374406982,-0.10291836480349037,0.13050619728624063,1,1,-4.309211059875254,4.668499314531728,-6.0,6.0,0.0,12.0,0.10114508654374667,0.0,0.10114508654374667,0.0,-0.10114508654374667,-0.10114508654374667,0.0,0.0,0.0,0.0,0.0,0.0,0.00010119567594874821,0.0,6.091796954403409,5.901313484510415,2.7582103268031233e-16,4.3021142204224816e-16,0.8014999414165167,0.0,-6.25,6.250000000000001,0.15811388300841892,0.15811388300841886,9.580656850918598e-09,2.3433349192036833e-06,0.006091785210183381,0.006,2.4352764180401998e-06,0.00590121227108574,0.006,0.3,0.0,0.19885491345625375,0.0
3319,3.319,3.3200000000000003,-4.308966423278342,4.663128702847078,0.1770811397843679,8.97209512612542,-0.10294256529983392,0.1307865496432331,1,1,-4.308966423278342,4.663128702847078,-6.0,6.0,0.0,12.0,0.10013867611718161,0.0,0.10013867611718161,0.0,-0.10013867611718161,-0.10013867611718161,0.0,0.0,0.0,0.0,0.0,0.0,0.00010018876214919285,0.0,6.091908217008616,5.902320070225444,7.225123277443402e-16,4.440892098500626e-16,0.8014999414433526,0.0,-6.25,6.250000000000001,0.15811388300841892,0.15811388300841886,9.581399817073764e-09,2.3422614864785197e-06,0.0060918975931595395,0.006,2.435558237576796e-06,0.005902219864112718,0.006,0.3,0.0,0.19986132388281883,0.0
3329,3.329,3.33,-4.308722068212471,4.657955583304608,0.17461675754606842,8.966677651517077,-0.10296654042040693,0.13104671656842676,1,1,-4.308722068212471,4.657955583304608,-6.0,6.0,0.0,12.0,0.09914227964167745,0.0,0.09914227964167745,0.0,-0.09914227964167745,-0.09914227964167745,0.0,0.0,0.0,0.0,0.0,0.0,9.919186730934333e-05,0.0,6.092008392335464,5.903316638067352,3.277136591608998e-16,4.3021142204224816e-16,0.8014999414703082,0.0,-6.25,6.250000000000001,0.15811388300841892,0.15811388300841886,9.582129467859081e-09,2.3411832597922397e-06,0.00609199886773476,0.006,2.4358418805081604e-06,0.005903217429236838,0.006,0.3,0.0,0.20085772035832297,0.0
3339,3.339,3.34,-4.308478175208216,4.6529665317963005,0.17224417829404226,8.961444707004517,-0.10299021022465216,0.13128867215880635,1,1,-4.308478175208216,4.6529665317963005,-6.0,6.0,0.0,12.0,0.0981557974767563,0.0,0.0981557974767563,0.0,-0.0981557974767563,-0.0981557974767563,0.0,0.0,0.0,0.0,0.0,0.0,9.82048917388849e-05,0.0,6.092097689904539,5.904303287783362,6.92154666914746e-16,4.3021142204224816e-16,0.8014999414973814,0.0,-6.25,6.250000000000001,0.15811388300841892,0.15811388300841886,9.582845908247847e-09,2.3401003337714015e-06,0.006092089243739051,0.006,2.436127312432923e-06,0.005904205066305201,0.006,0.3,0.0,0.20184420252324412,0.0
3349,3.349,3.35,-4.308234934436733,4.6480277063403275,0.16989638595179724,8.95626264077706,-0.10301349906014251,0.12339132525436558,1,1,-4.308234934436733,4.6480277063403275,-6.0,6.0,0.0,12.0,0.09717913097337957,0.0,0.09717913097337957,0.0,-0.09717913097337957,-0.09717913097337957,0.0,0.0,0.0,0.0,0.0,0.0,9.722773673943805e-05,0.0,6.092176316164576,5.905280118127354,1.2122871066375107e-15,3.608224830031759e-16,0.8014999415245696,0.0,-6.25,6.250000000000001,0.15811388300841892,0.15811388300841886,9.58354924668866e-09,2.3390128026673083e-06,0.0060921689279265084,0.006,2.436414498825368e-06,0.0059051828741705755,0.006,0.3,0.0,0.20282086902662078,0.0
3359,3.359,3.36,-4.30799254320623,4.643069657676111,0.16753855723494038,8.95106220088234,-0.10303633585030392,0.12366418542968549,1,1,-4.30799254320623,4.643069657676111,-6.0,6.0,0.0,12.0,0.09621218246408308,0.0,0.09621218246408308,0.0,-0.09621218246408308,-0.09621218246408308,0.0,0.0,0.0,0.0,0.0,0.0,9.626030459468852e-05,0.0,6.09224447453286,5.906247226869763,8.638922910364499e-16,3.885780586188048e-16,0.8014999415518707,0.0,-6.25,6.250000000000001,0.15811388300841892,0.15811388300841886,9.584239594955433e-09,2.3379207603981966e-06,0.00609223812401576,0.006,2.4367034050620798e-06,0.005906150950701299,0.006,0.3,0.0,0.2037878175359173,0.0
3369,3.369,3.37,-4.307751203724171,4.638278411534622,0.16526360390522532,8.946029615258794,-0.10305865426757266,0.12391960076275854,1,1,-4.307751203724171,4.638278411534622,-6.0,6.0,0.0,12.0,0.09525485525321006,0.0,0.09525485525321006,0.0,-0.09525485525321006,-0.09525485525321006,0.0,0.0,0.0,0.0,0.0,0.0,9.530249856061563e-05,0.0,6.092302365435136,5.907204710807353,1.3201245652183502e-15,3.608224830031759e-16,0.8014999415792822,0.0,-6.25,6.250000000000001,0.15811388300841892,0.15811388300841886,9.584917068013129e-09,2.336824300586985e-06,0.00609229703272992,0.006,2.4369939965129817e-06,0.0059071093927910625,0.006,0.3,0.0,0.2047451447467903,0.0
3379,3.379,3.38,-4.307511121113014,4.633643749798525,0.16306631434275554,8.94115487091154,-0.1030803928132612,0.12415908588573665,1,1,-4.307511121113014,4.633643749798525,-6.0,6.0,0.0,12.0,0.09430705360724166,0.0,0.09430705360724166,0.0,-0.09430705360724166,-0.09430705360724166,0.0,0.0,0.0,0.0,0.0,0.0,9.435422285581781e-05,0.0,6.092350186344993,5.908152665772923,1.115616930433272e-15,3.191891195797325e-16,0.8014999416068017,0.0,-6.25,6.250000000000001,0.15811388300841892,0.15811388300841886,9.585581783897473e-09,2.3357235166611915e-06,0.006092345851836039,0.006,2.4372862385213524e-06,0.005908058296368635,0.006,0.3,0.0,0.20569294639275865,0.0
3389,3.3890000000000002,3.39,-4.307272501664337,4.62915642045943,0.16094195939754652,8.936428922123767,-0.10310149482236852,0.12438398923127036,1,1,-4.307272501664337,4.62915642045943,-6.0,6.0,0.0,12.0,0.09336868274522347,0.0,0.09336868274522347,0.0,-0.09336868274522347,-0.09336868274522347,0.0,0.0,0.0,0.0,0.0,0.0,9.341538265193436e-05,0.0,6.092388131822806,5.909091186644904,1.826663820203578e-15,2.7755575615628914e-16,0.8014999416344271,0.0,-6.25,6.250000000000001,0.15811388300841892,0.15811388300841886,9.586233863607058e-09,2.3346185018884644e-06,0.00609238477618407,0.006,2.43758009648154e-06,0.005908997756407451,0.006,0.3,0.0,0.2066313172547768,0.0
3399,3.399,3.4,-4.307035551314464,4.624808017066159,0.15888623287584736,8.931843568380623,-0.10312190840881197,0.12459551489618997,1,1,-4.307035551314464,4.624808017066159,-6.0,6.0,0.0,12.0,0.09243964882928732,0.0,0.09243964882928732,0.0,-0.09243964882928732,-0.09243964882928732,0.0,0.0,0.0,0.0,0.0,0.0,9.248588406416253e-05,0.0,6.092416393554148,5.9100203673568465,9.500457061675793e-16,3.0531133177191805e-16,0.8014999416621559,0.0,-6.25,6.250000000000001,0.15811388300841892,0.15811388300841886,9.586873431006545e-09,2.3335093494676178e-06,0.006092413997745352,0.006,2.437875535865608e-06,0.005909927866935119,0.006,0.3,0.0,0.20756035117071298,0.0
3409,3.4090000000000003,3.41,-4.306800474323924,4.620590876428867,0.15689520105247157,8.927391350752792,-0.10314158636413884,0.1247947411783154,1,1,-4.306800474323924,4.620590876428867,-6.0,6.0,0.0,12.0,0.09151985895526739,0.0,0.09151985895526739,0.0,-0.09151985895526739,-0.09151985895526739,0.0,0.0,0.0,0.0,0.0,0.0,9.156563414186895e-05,0.0,6.092435160387766,5.910940300906842,9.138740111880317e-16,2.914335439641036e-16,0.8014999416899858,0.0,-6.25,6.250000000000001,0.15811388300841892,0.15811388300841886,9.587500612739714e-09,2.3323961525841414e-06,0.006092433705650623,0.006,2.438172522236659e-06,0.005910848721042863,0.006,0.3,0.0,0.2084801410447329,0.0
3419,3.419,3.42,-4.306567472142972,4.616497991373172,0.15496525961509988,8.923065463516144,-0.1031604860206356,0.12498263635755874,1,1,-4.306567472142972,4.616497991373172,-6.0,6.0,0.0,12.0,0.09060922114340977,0.0,0.09060922114340977,0.0,-0.09060922114340977,-0.09060922114340977,0.0,0.0,0.0,0.0,0.0,0.0,9.065454085929449e-05,0.0,6.092444618373069,5.911851079366829,2.9481625474225837e-15,2.498001805406602e-16,0.8014999417179145,0.0,-6.25,6.250000000000001,0.15811388300841892,0.15811388300841886,9.588115538151327e-09,2.3312790045056847e-06,0.006092444086227548,0.006,2.4384710212932426e-06,0.005911760410894815,0.006,0.3,0.0,0.20939077885659046,0.0
3429,3.4290000000000003,3.43,-4.306336742445777,4.612522935973001,0.15309309676361194,8.918859678418777,-0.10317856908789697,0.12516007218383557,1,1,-4.306336742445777,4.612522935973001,-6.0,6.0,0.0,12.0,0.08970764432917444,0.0,0.08970764432917444,0.0,-0.08970764432917444,-0.08970764432917444,0.0,0.0,0.0,0.0,0.0,0.0,8.975251310635165e-05,0.0,6.0924449507971445,5.912752793891818,1.293493849356675e-15,2.498001805406602e-16,0.8014999417459396,0.0,-6.25,6.250000000000001,0.15811388300841892,0.15811388300841886,9.588718339216817e-09,2.330157998628682e-06,0.006092445323037795,0.006,2.4387709989048822e-06,0.005912663027737274,0.006,0.3,0.0,0.2102923556708258,0.0
3439,3.439,3.44,-4.306108478316557,4.60865980118659,0.15127566143501658,8.914768279503146,-0.10319580147033741,0.12532783544823706,1,1,-4.306108478316557,4.60865980118659,-6.0,6.0,0.0,12.0,0.08881503835412867,0.0,0.08881503835412867,0.0,-0.08881503835412867,-0.08881503835412867,0.0,0.0,0.0,0.0,0.0,0.0,8.885946067951351e-05,0.0,6.0924363382213365,5.913645534729021,1.4094628242311558e-15,2.914335439641036e-16,0.8014999417740589,0.0,-6.25,6.250000000000001,0.15811388300841892,0.15811388300841886,9.589309150478967e-09,2.3290332285560686e-06,0.0060924375969136505,0.006,2.4390724211120763e-06,0.005913556661907818,0.006,0.3,0.0,0.2111849616458716,0.0
3449,3.4490000000000003,3.45,-4.305882867571895,4.604903139210053,0.1495101358190789,8.910786006781947,-0.10321215307178055,0.1254866379453512,1,1,-4.305882867571895,4.604903139210053,-6.0,6.0,0.0,12.0,0.08793131395693107,0.0,0.08793131395693107,0.0,-0.08793131395693107,-0.08793131395693107,0.0,0.0,0.0,0.0,0.0,0.0,8.797529427279307e-05,0.0,6.092418958517351,5.914529391226892,9.104858793990145e-16,2.7755575615628914e-16,0.8014999418022699,0.0,-6.25,6.250000000000001,0.15811388300841892,0.15811388300841886,9.589888108990812e-09,2.327904788132809e-06,0.006092421085994173,0.006,2.4393752541329585e-06,0.005914441402844369,0.006,0.3,0.0,0.2120686860430692,0.0
3459,3.459,3.46,-4.305660092204452,4.601247915171775,0.1477939114836615,8.906908007376227,-0.10322759759209765,0.1256371250797464,1,1,-4.305660092204452,4.601247915171775,-6.0,6.0,0.0,12.0,0.0870563827644055,0.0,0.0870563827644055,0.0,-0.0870563827644055,-0.0870563827644055,0.0,0.0,0.0,0.0,0.0,0.0,8.709992546881293e-05,0.0,6.092392986902924,5.915404451844068,8.951173136040325e-16,2.498001805406602e-16,0.8014999418305703,0.0,-6.25,6.250000000000001,0.15811388300841892,0.15811388300841886,9.590455354264049e-09,2.3267727714947476e-06,0.0060923959657609,0.006,2.4396794644077068e-06,0.005915317339094152,0.006,0.3,0.0,0.21294361723559474,0.0
3469,3.469,3.47,-4.305440327934448,4.597548719826194,0.14605419594587277,8.902989047760641,-0.10324211231991065,0.118557976834468,1,1,-4.305440327934448,4.597548719826194,-6.0,6.0,0.0,12.0,0.08619015728270361,0.0,0.08619015728270361,0.0,-0.08619015728270361,-0.08619015728270361,0.0,0.0,0.0,0.0,0.0,0.0,8.623326672996316e-05,0.0,6.092358595977039,5.916270804158238,1.3073851896916455e-15,2.914335439641036e-16,0.8014999418589578,0.0,-6.25,6.250000000000001,0.15811388300841892,0.15811388300841886,9.591011028222337e-09,2.3256372731019123e-06,0.006092362409073119,0.006,2.4399850185807813e-06,0.005916184558322552,0.006,0.3,0.0,0.21380984271729667,0.0
3479,3.479,3.48,-4.305223743856355,4.593873553108154,0.14432490462589964,8.89909729696451,-0.10325567792456802,0.11872391612932437,1,1,-4.305223743856355,4.593873553108154,-6.0,6.0,0.0,12.0,0.08533255088855538,0.0,0.08533255088855538,0.0,-0.08533255088855538,-0.08533255088855538,0.0,0.0,0.0,0.0,0.0,0.0,8.53752313896477e-05,0.0,6.092315955754714,5.917128534874913,2.073861915530273e-15,3.0531133177191805e-16,0.8014999418874299,0.0,-6.25,6.250000000000001,0.15811388300841892,0.15811388300841886,9.59155527515895e-09,2.3244983877562807e-06,0.006092320586202695,0.006,2.4402918835031427e-06,0.0059170431473219084,0.006,0.3,0.0,0.21466744911144492,0.0
3489,3.489,3.49,-4.305010502169371,4.590294335319777,0.1426419165752031,8.89530483748915,-0.1032682782499203,0.11888172589324147,1,1,-4.305010502169371,4.590294335319777,-6.0,6.0,0.0,12.0,0.08448347782060668,0.0,0.08448347782060668,0.0,-0.08448347782060668,-0.08448347782060668,0.0,0.0,0.0,0.0,0.0,0.0,8.452573364361748e-05,0.0,6.09226523370135,5.917977729836113,4.744468706796567e-16,3.191891195797325e-16,0.8014999419159843,0.0,-6.25,6.250000000000001,0.15811388300841892,0.15811388300841886,9.592088241698215e-09,2.3233562105884565e-06,0.006092270664868453,0.006,2.4406000262411353e-06,0.005917893192020195,0.006,0.3,0.0,0.21551652217939363,0.0
3499,3.499,3.5,-4.3048007579812975,4.586806842167654,0.14100304209317827,8.891607600148951,-0.10327990011184951,0.11903194093323272,1,1,-4.3048007579812975,4.586806842167654,-6.0,6.0,0.0,12.0,0.08364285317084316,0.0,0.08364285317084316,0.0,-0.08364285317084316,-0.08364285317084316,0.0,0.0,0.0,0.0,0.0,0.0,8.368468854138994e-05,0.0,6.092206594766658,5.918818474028954,1.835337437583462e-15,2.7755575615628914e-16,0.8014999419446186,0.0,-6.25,6.250000000000001,0.15811388300841892,0.15811388300841886,9.592610076760301e-09,2.3222108370687712e-06,0.0060922128102701605,0.006,2.440909414058723e-06,0.005918734777489641,0.006,0.3,0.0,0.2163571468291571,0.0
3509,3.509,3.5100000000000002,-4.304594659176436,4.583407138919321,0.1394062398714424,8.888001798095758,-0.10329053310107333,0.11917505141315843,1,1,-4.304594659176436,4.583407138919321,-6.0,6.0,0.0,12.0,0.08281059287609935,0.0,0.08281059287609935,0.0,-0.08281059287609935,-0.08281059287609935,0.0,0.0,0.0,0.0,0.0,0.0,8.285201197775402e-05,0.0,6.09214020141815,5.919650851594181,1.5707921074969988e-15,2.7755575615628914e-16,0.8014999419733304,0.0,-6.25,6.250000000000001,0.15811388300841892,0.15811388300841886,9.59312093152894e-09,2.321062362940672e-06,0.006092147185122052,0.006,2.4412200144352525e-06,0.005919567987955241,0.006,0.3,0.0,0.21718940712390092,0.0
3519,3.519,3.52,-4.304392346339102,4.580091553556438,0.13784960360866805,8.88448389989554,-0.10330016939232772,0.11931150735568219,1,1,-4.304392346339102,4.580091553556438,-6.0,6.0,0.0,12.0,0.08198661370965218,0.0,0.08198661370965218,0.0,-0.08198661370965218,-0.08198661370965218,0.0,0.0,0.0,0.0,0.0,0.0,8.202762068435944e-05,0.0,6.0920662136742285,5.9204749458345685,1.3005276109506747e-15,2.498001805406602e-16,0.8014999420021174,0.0,-6.25,6.250000000000001,0.15811388300841892,0.15811388300841886,9.593620959421657e-09,2.3199108842229413e-06,0.006092073949685968,0.006,2.4415317950032823e-06,0.005920392906803197,0.006,0.3,0.0,0.21801338629034805,0.0
3529,3.529,3.5300000000000002,-4.30419395272518,4.576856652999616,0.1363313501372181,8.881050605724797,-0.10330880356073852,0.11944172261516756,1,1,-4.30419395272518,4.576856652999616,-6.0,6.0,0.0,12.0,0.08117083327289841,0.0,0.08117083327289841,0.0,-0.08117083327289841,-0.08117083327289841,0.0,0.0,0.0,0.0,0.0,0.0,8.121143222138988e-05,0.0,6.091984789136853,5.921290839223288,4.118206426914628e-16,3.191891195797325e-16,0.8014999420309771,0.0,-6.25,6.250000000000001,0.15811388300841892,0.15811388300841886,9.594110316062213e-09,2.3187564971075556e-06,0.006091993261804049,0.006,2.4418447235885488e-06,0.005921209616589264,0.006,0.3,0.0,0.2188291667271019,0.0
3539,3.539,3.54,-4.303999604274998,4.573699221992717,0.13484980885885944,8.877698826267714,-0.10331643240593852,0.11956607839213512,1,1,-4.303999604274998,4.573699221992717,-6.0,6.0,0.0,12.0,0.08036316998711451,0.0,0.08036316998711451,0.0,-0.08036316998711451,-0.08036316998711451,0.0,0.0,0.0,0.0,0.0,0.0,8.040336496931888e-05,0.0,6.091896083023798,5.922098613412163,9.965986369486757e-16,3.3306690738754696e-16,0.801499942059907,0.0,-6.25,6.250000000000001,0.15811388300841892,0.15811388300841886,9.59458915925486e-09,2.317599297933042e-06,0.00609190527693105,0.006,2.442158768145575e-06,0.00592201819904703,0.006,0.3,0.0,0.2196368300128858,0.0
3549,3.549,3.5500000000000003,-4.303809419661517,4.570616244297361,0.13340341231792197,8.874425663958878,-0.10332305478427034,0.11968492634938627,1,1,-4.303809419661517,4.570616244297361,-6.0,6.0,0.0,12.0,0.07956354308529888,0.0,0.07956354308529888,0.0,-0.07956354308529888,-0.07956354308529888,0.0,0.0,0.0,0.0,0.0,0.0,7.960333812074786e-05,0.0,6.0918002482005145,5.9228983492398335,9.03099752098957e-16,3.7470027081099033e-16,0.801499942088905,0.0,-6.25,6.250000000000001,0.15811388300841892,0.15811388300841886,9.595057648960201e-09,2.316439383055691e-06,0.006091810148166235,0.006,2.442473896773212e-06,0.00592281873509609,0.006,0.3,0.0,0.22043645691470148,0.0
3559,3.559,3.56,-4.303623510368508,4.567604885900555,0.1319906877660233,8.871228396269064,-0.10332867144926344,0.11979859138111226,1,1,-4.303623510368508,4.567604885900555,-6.0,6.0,0.0,12.0,0.07877187260409495,0.0,0.07877187260409495,0.0,-0.07877187260409495,-0.07877187260409495,0.0,0.0,0.0,0.0,0.0,0.0,7.881127167232525e-05,0.0,6.091697435211585,5.923690126739872,2.1458529397833104e-15,4.3021142204224816e-16,0.8014999421179683,0.0,-6.25,6.250000000000001,0.15811388300841892,0.15811388300841886,9.595515947272315e-09,2.315276848807367e-06,0.0060917080262848635,0.006,2.4427900776791134e-06,0.005923611304850162,0.006,0.3,0.0,0.22122812739590547,0.0
3569,3.569,3.5700000000000003,-4.303441980794005,4.564662479981862,0.13061024959392808,8.868104460775868,-0.1033332849004226,0.11990737407893776,1,1,-4.303441980794005,4.564662479981862,-6.0,6.0,0.0,12.0,0.07798807937579483,0.0,0.07798807937579483,0.0,-0.07798807937579483,-0.07798807937579483,0.0,0.0,0.0,0.0,0.0,0.0,7.802708641674612e-05,0.0,6.091587792311786,5.924474025148785,1.205632815803881e-15,3.885780586188048e-16,0.8014999421470947,0.0,-6.25,6.250000000000001,0.15811388300841892,0.15811388300841886,9.595964218396939e-09,2.3141117913600645e-06,0.006091599059769311,0.006,2.4431072791730736e-06,0.005924395987625094,0.006,0.3,0.0,0.22201192062420555,0.0
3579,3.579,3.58,-4.303264928374875,4.5617865134229705,0.12926079252404765,8.865051441797846,-0.10333689924028944,0.1200115529326326,1,1,-4.303264928374875,4.5617865134229705,-6.0,6.0,0.0,12.0,0.0772120850204226,0.0,0.0772120850204226,0.0,-0.0772120850204226,-0.0772120850204226,0.0,0.0,0.0,0.0,0.0,0.0,7.725070393483147e-05,0.0,6.091471465496765,5.925250122913951,1.0347625534201654e-15,3.885780586188048e-16,0.8014999421762818,0.0,-6.25,6.250000000000001,0.15811388300841892,0.15811388300841886,9.596402628630484e-09,2.3129443066348655e-06,0.006091483394839766,0.006,2.443425469624838e-06,0.005925172861946832,0.006,0.3,0.0,0.22278791497957778,0.0
3589,3.589,3.59,-4.3030924437288345,4.5589746146730405,0.12794108547210303,8.862067058401875,-0.10333952003962837,0.1201113862979819,1,1,-4.3030924437288345,4.5589746146730405,-6.0,6.0,0.0,12.0,0.07644381193789605,0.0,0.07644381193789605,0.0,-0.07644381193789605,-0.07644381193789605,0.0,0.0,0.0,0.0,0.0,0.0,7.648204658768612e-05,0.0,6.091348598533333,5.926018497701488,1.399054483375295e-15,4.579669976578771e-16,0.8014999422055272,0.0,-6.25,6.250000000000001,0.15811388300841892,0.15811388300841886,9.59683134633966e-09,2.311774490195362e-06,0.00609136117548457,0.006,2.4437446174752075e-06,0.00592594200555926,0.006,0.3,0.0,0.2235561880621044,0.0
3599,3.599,3.6,-4.302924610810699,4.55622454280903,0.12664996599916556,8.859149153619729,-0.10334115421054973,0.12020711415986624,1,1,-4.302924610810699,4.55622454280903,-6.0,6.0,0.0,12.0,0.07568318330026665,0.0,0.07568318330026665,0.0,-0.07568318330026665,-0.07568318330026665,0.0,0.0,0.0,0.0,0.0,0.0,7.572103750893478e-05,0.0,6.091219332989365,5.926779226404011,5.741934705483231e-16,4.85722573273506e-16,0.8014999422348286,0.0,-6.25,6.250000000000001,0.15811388300841892,0.15811388300841886,9.597250541941533e-09,2.310602437147733e-06,0.006091232543490159,0.006,2.444064691200509e-06,0.005926703495432003,0.006,0.3,0.0,0.22431681669973383,0.0
3609,3.609,3.61,-4.302761507080046,4.553534177651952,0.125386335285953,8.856295684731997,-0.10334180988732178,0.1202989597148224,1,1,-4.302761507080046,4.553534177651952,-6.0,6.0,0.0,12.0,0.07493012304403679,0.0,0.07493012304403679,0.0,-0.07493012304403679,-0.07493012304403679,0.0,0.0,0.0,0.0,0.0,0.0,7.496760059703538e-05,0.0,6.091083808263343,5.9275323851483535,1.0330278299441886e-15,4.718447854656915e-16,0.8014999422641834,0.0,-6.25,6.250000000000001,0.15811388300841892,0.15811388300841886,9.59766038788387e-09,2.3094282420075187e-06,0.006091097638470635,0.006,2.444385659312598e-06,0.005927457407768124,0.006,0.3,0.0,0.22506987695596367,0.0
3619,3.619,3.62,-4.302603203677817,4.550901510818537,0.12414915357036005,8.853504714496355,-0.10334149631460204,0.12038713079414537,1,1,-4.302603203677817,4.550901510818537,-6.0,6.0,0.0,12.0,0.07418455586255333,0.0,0.07418455586255333,0.0,-0.07418455586255333,-0.07418455586255333,0.0,0.0,0.0,0.0,0.0,0.0,7.422166050766891e-05,0.0,6.090942161613513,5.928278049303178,7.016956460326185e-16,4.3021142204224816e-16,0.8014999422935895,0.0,-6.25,6.250000000000001,0.15811388300841892,0.15811388300841886,9.598061058625553e-09,2.308251998617466e-06,0.006090956597896965,0.006,2.4447074903366506e-06,0.005928203818011762,0.006,0.3,0.0,0.22581544413744709,0.0
3629,3.629,3.63,-4.302449765609735,4.5482283884114425,0.1228893114008538,8.850678154021178,-0.10334022374278357,0.11392675476270708,1,1,-4.302449765609735,4.5482283884114425,-6.0,6.0,0.0,12.0,0.0734464071984768,0.0,0.0734464071984768,0.0,-0.0734464071984768,-0.0734464071984768,0.0,0.0,0.0,0.0,0.0,0.0,7.348314264620479e-05,0.0,6.090794528186683,5.929016293486535,8.864301436969924e-16,4.0245584642661925e-16,0.8014999423230444,0.0,-6.25,6.250000000000001,0.15811388300841892,0.15811388300841886,9.598452730617003e-09,2.3070738000387227e-06,0.006090809557125815,0.006,2.4450301528178285e-06,0.00592894280085569,0.006,0.3,0.0,0.2265535928015236,0.0
3639,3.6390000000000002,3.64,-4.30230125193464,4.545561307119414,0.12163002759238672,8.847862559054054,-0.10333800333014703,0.11402288517503023,1,1,-4.30230125193464,4.545561307119414,-6.0,6.0,0.0,12.0,0.07271560323632566,0.0,0.07271560323632566,0.0,-0.07271560323632566,-0.07271560323632566,0.0,0.0,0.0,0.0,0.0,0.0,7.275197316024146e-05,0.0,6.090641041046655,5.9297471915733135,9.983333604246525e-16,3.7470027081099033e-16,0.801499942352546,0.0,-6.25,6.250000000000001,0.15811388300841892,0.15811388300841886,9.598835582280419e-09,2.305893738455362e-06,0.00609065664942802,0.006,2.445353615299073e-06,0.005929674430248783,0.006,0.3,0.0,0.2272843967636747,0.0
3649,3.649,3.65,-4.302157715956164,4.5429503274225125,0.12039630573317428,8.845108043378676,-0.1033348470514947,0.11411534827840936,1,1,-4.302157715956164,4.5429503274225125,-6.0,6.0,0.0,12.0,0.07199207089509467,0.0,0.07199207089509467,0.0,-0.07199207089509467,-0.07199207089509467,0.0,0.0,0.0,0.0,0.0,0.0,7.202807893222098e-05,0.0,6.090481831202301,5.93047081670267,9.341079342320424e-16,3.7470027081099033e-16,0.8014999423820918,0.0,-6.25,6.250000000000001,0.15811388300841892,0.15811388300841886,9.59920979398978e-09,2.304711905107767e-06,0.006090498006016691,0.006,2.44567784635219e-06,0.005930398779403436,0.006,0.3,0.0,0.2280079291049057,0.0
3659,3.6590000000000003,3.66,-4.302019205416324,4.540393646548112,0.1191872205658937,8.842412851964436,-0.10333076761294496,0.11420432759236182,1,1,-4.302019205416324,4.540393646548112,-6.0,6.0,0.0,12.0,0.07127573782094679,0.0,0.07127573782094679,0.0,-0.07127573782094679,-0.07127573782094679,0.0,0.0,0.0,0.0,0.0,0.0,7.131138757211733e-05,0.0,6.09031702763529,5.931187241285327,1.0894063429134349e-15,4.163336342344337e-16,0.8014999424116797,0.0,-6.25,6.250000000000001,0.15811388300841892,0.15811388300841886,9.599575548050401e-09,2.303528390192711e-06,0.006090333756074978,0.006,2.446002814535664e-06,0.00593111592080289,0.006,0.3,0.0,0.22872426217905362,0.0
3669,3.669,3.67,-4.301885762689852,4.537889550206347,0.11800189375824743,8.839775312896199,-0.10332577837256218,0.11428999502853532,1,1,-4.301885762689852,4.537889550206347,-6.0,6.0,0.0,12.0,0.07056653237997765,0.0,0.07056653237997765,0.0,-0.07056653237997765,-0.07056653237997765,0.0,0.0,0.0,0.0,0.0,0.0,7.060182741019724e-05,0.0,6.090146757327453,5.93189653701084,4.536301889679351e-16,4.163336342344337e-16,0.8014999424413073,0.0,-6.25,6.250000000000001,0.15811388300841892,0.15811388300841886,9.59993302867811e-09,2.3023432828278303e-06,0.006090164026783477,0.006,2.446328488450167e-06,0.0059318259262084935,0.006,0.3,0.0,0.22943346762002276,0.0
3679,3.6790000000000003,3.68,-4.301757424978237,4.535436406598902,0.11683949081033251,8.837193831577139,-0.10331989326650581,0.11437251178128549,1,1,-4.301757424978237,4.535436406598902,-6.0,6.0,0.0,12.0,0.06986438365105217,0.0,0.06986438365105217,0.0,-0.06986438365105217,-0.06986438365105217,0.0,0.0,0.0,0.0,0.0,0.0,6.989932748985325e-05,0.0,6.089971145287819,5.932598774854771,1.753805434212552e-15,4.579669976578771e-16,0.8014999424709726,0.0,-6.25,6.250000000000001,0.15811388300841892,0.15811388300841886,9.600282421977792e-09,2.301156670991674e-06,0.0060899889433472885,0.006,2.4466548367207965e-06,0.005932528866666886,0.006,0.3,0.0,0.23013561634894827,0.0
3689,3.689,3.69,-4.3016342245026005,4.533032660937581,0.11569921821749007,8.834666885440182,-0.10331312674038973,0.11445202913815511,1,1,-4.3016342245026005,4.533032660937581,-6.0,6.0,0.0,12.0,0.06916922141871229,0.0,0.06916922141871229,0.0,-0.06916922141871229,-0.06916922141871229,0.0,0.0,0.0,0.0,0.0,0.0,6.920381756050785e-05,0.0,6.0897903145793,5.933294025085799,1.7997756063259374e-15,4.440892098500626e-16,0.8014999425006734,0.0,-6.25,6.250000000000001,0.15811388300841892,0.15811388300841886,9.600623915921353e-09,2.2999686414859526e-06,0.006089808629022747,0.006,2.44698182802372e-06,0.0059332248125171135,0.006,0.3,0.0,0.23083077858128814,0.0
3699,3.6990000000000003,3.7,-4.301516188694682,4.53067683042116,0.11458032086323877,8.832193019115842,-0.10330549368554903,0.11452868921848769,1,1,-4.301516188694682,4.53067683042116,-6.0,6.0,0.0,12.0,0.06848097616615549,0.0,0.06848097616615549,0.0,-0.06848097616615549,-0.06848097616615549,0.0,0.0,0.0,0.0,0.0,0.0,6.851522807058856e-05,0.0,6.089604386345044,5.933982357272754,5.444998835493764e-16,4.0245584642661925e-16,0.8014999425304073,0.0,-6.25,6.250000000000001,0.15811388300841892,0.15811388300841886,9.600957700324955e-09,2.2987792799311008e-06,0.006089623205143794,0.006,2.4473094310928368e-06,0.005933913833397678,0.006,0.3,0.0,0.2315190238338449,0.0
3709,3.709,3.71,-4.301403340385306,4.5283674996250145,0.11348207961985413,8.82977084001032,-0.10329700937991598,0.11460262564745693,1,1,-4.301403340385306,4.5283674996250145,-6.0,6.0,0.0,12.0,0.067799579068283,0.0,0.067799579068283,0.0,-0.067799579068283,-0.067799579068283,0.0,0.0,0.0,0.0,0.0,0.0,6.783349016057254e-05,0.0,6.089413479834453,5.934663840291588,9.236995933761816e-16,4.0245584642661925e-16,0.8014999425601725,0.0,-6.25,6.250000000000001,0.15811388300841892,0.15811388300841886,9.601283966825537e-09,2.297588670744072e-06,0.006089432791148053,0.006,2.4476376147530842e-06,0.00593459599825351,0.006,0.3,0.0,0.2322004209317174,0.0
3719,3.719,3.72,-4.301295697989816,4.526103316263156,0.11240380913667014,8.827399014252972,-0.10328768943324768,0.11467396417196074,1,1,-4.301295697989816,4.526103316263156,-6.0,6.0,0.0,12.0,0.06712496198481716,0.0,0.06712496198481716,0.0,-0.06712496198481716,-0.06712496198481716,0.0,0.0,0.0,0.0,0.0,0.0,6.715853565610066e-05,0.0,6.089217712428876,5.935338542332272,7.139742356360168e-16,3.885780586188048e-16,0.8014999425899669,0.0,-6.25,6.250000000000001,0.15811388300841892,0.15811388300841886,9.601602908856474e-09,2.2963968971627614e-06,0.006089237504602529,0.006,2.4479663479382018e-06,0.00593527137534287,0.006,0.3,0.0,0.23287503801518322,0.0
3729,3.729,3.73,-4.301193275690055,4.523882987286902,0.11134485579842357,8.825076262976957,-0.10327754973640912,0.1147428232241196,1,1,-4.301193275690055,4.523882987286902,-6.0,6.0,0.0,12.0,0.06645705745348744,0.0,0.06645705745348744,0.0,-0.06645705745348744,-0.06645705745348744,0.0,0.0,0.0,0.0,0.0,0.0,6.649029706116004e-05,0.0,6.089017199666984,5.93600653090563,1.4563003580825296e-15,4.0245584642661925e-16,0.8014999426197883,0.0,-6.25,6.250000000000001,0.15811388300841892,0.15811388300841886,9.601914721622438e-09,2.295204041270433e-06,0.006089037461229026,0.006,2.448295599712935e-06,0.005935940032244187,0.006,0.3,0.0,0.23354294254651295,0.0
3739,3.739,3.74,-4.301096083612557,4.521705275288304,0.11030459583787344,8.822801358900861,-0.10326660641447882,0.11480931443747788,1,1,-4.301096083612557,4.521705275288304,-6.0,6.0,0.0,12.0,0.06579579868328415,0.0,0.06579579868328415,0.0,-0.06579579868328415,-0.06579579868328415,0.0,0.0,0.0,0.0,0.0,0.0,6.58287075513343e-05,0.0,6.088812055269806,5.936667872850096,6.288372600415926e-16,4.0245584642661925e-16,0.8014999426496348,0.0,-6.25,6.250000000000001,0.15811388300841892,0.15811388300841886,9.602219602073343e-09,2.2940101840401274e-06,0.0060888327749292195,0.006,2.448625339295241e-06,0.005936602035862839,0.006,0.3,0.0,0.23420420131671624,0.0
3749,3.749,3.75,-4.301004128002644,4.5195689951799585,0.1092824335886573,8.820573123182601,-0.10325487578342618,0.1148735431204373,1,1,-4.301004128002644,4.5195689951799585,-6.0,6.0,0.0,12.0,0.06514111954777921,0.0,0.06514111954777921,0.0,-0.06514111954777921,-0.06514111954777921,0.0,0.0,0.0,0.0,0.0,0.0,6.517370096712112e-05,0.0,6.088602391165477,5.937322634338414,1.5499754257852771e-15,4.440892098500626e-16,0.8014999426795042,0.0,-6.25,6.250000000000001,0.15811388300841892,0.15811388300841886,9.602517748877373e-09,2.2928154053768506e-06,0.006088623557809429,0.006,2.4489555361029148e-06,0.005937257452437834,0.006,0.3,0.0,0.23485888045222122,0.0
3759,3.759,3.7600000000000002,-4.30091741139425,4.5174730111258565,0.1082777998658031,8.818390422520107,-0.10324237431012434,0.11493560869099445,1,1,-4.30091741139425,4.5174730111258565,-6.0,6.0,0.0,12.0,0.06449295457851352,0.0,0.06449295457851352,0.0,-0.06449295457851352,-0.06449295457851352,0.0,0.0,0.0,0.0,0.0,0.0,6.45252118073163e-05,0.0,6.08838831751364,5.937970880884264,1.4641066137244252e-15,4.85722573273506e-16,0.8014999427093947,0.0,-6.25,6.250000000000001,0.15811388300841892,0.15811388300841886,9.602809362393066e-09,2.2916197842130546e-06,0.006088409920205063,0.006,2.449286159766917e-06,0.005937906347548464,0.006,0.3,0.0,0.23550704542148695,0.0
3769,3.769,3.77,-4.300835932775285,4.515416233700602,0.10729015046265866,8.816252166475888,-0.10322911857550271,0.11499560507638396,1,1,-4.300835932775285,4.515416233700602,-6.0,6.0,0.0,12.0,0.06385123895844998,0.0,0.06385123895844998,0.0,-0.06385123895844998,-0.06385123895844998,0.0,0.0,0.0,0.0,0.0,0.0,6.388317522246337e-05,0.0,6.088169942729583,5.938612677348827,2.171006430184974e-15,4.85722573273506e-16,0.8014999427393044,0.0,-6.25,6.250000000000001,0.15811388300841892,0.15811388300841886,9.603094644640432e-09,2.290423398575247e-06,0.006088191970704762,0.006,2.449617180144692e-06,0.005938548786120864,0.006,0.3,0.0,0.2361487610415505,0.0
3779,3.779,3.7800000000000002,-4.3007596877484175,4.51339761725669,0.10631896475413605,8.814157305005107,-0.10321512524059745,0.11505362108088779,1,1,-4.3007596877484175,4.51339761725669,-6.0,6.0,0.0,12.0,0.0632159085154918,0.0,0.0632159085154918,0.0,-0.0632159085154918,-0.0632159085154918,0.0,0.0,0.0,0.0,0.0,0.0,6.324752700836883e-05,0.0,6.087947373508032,5.939248087947281,6.097553018058477e-16,4.718447854656915e-16,0.8014999427692311,0.0,-6.25,6.250000000000001,0.15811388300841892,0.15811388300841886,9.603373799271069e-09,2.2892263257016784e-06,0.006087969816174246,0.006,2.449948567362359e-06,0.0059391848324345225,0.006,0.3,0.0,0.23678409148450866,0.0
3789,3.789,3.79,-4.300688668687221,4.511416157481612,0.10536374439719554,8.812104826168834,-0.10320041101534783,0.11510974072469704,1,1,-4.300688668687221,4.511416157481612,-6.0,6.0,0.0,12.0,0.06258689971606529,0.0,0.06258689971606529,0.0,-0.06258689971606529,-0.06258689971606529,0.0,0.0,0.0,0.0,0.0,0.0,6.261820359968159e-05,0.0,6.087720714846663,5.939877176255239,1.1351867796466353e-15,4.996003610813204e-16,0.8014999427991732,0.0,-6.25,6.250000000000001,0.15811388300841892,0.15811388300841886,9.603647031537319e-09,2.2880286421178366e-06,0.006087743561779849,0.006,2.4502802918502375e-06,0.005939814550128722,0.006,0.3,0.0,0.2374131002839352,0.0
3799,3.799,3.8000000000000003,-4.300622864887613,4.509470889128415,0.10442401212040098,8.810093754016027,-0.10318499262991943,0.11516404355644688,1,1,-4.300622864887613,4.509470889128415,-6.0,6.0,0.0,12.0,0.06196414965876629,0.0,0.06196414965876629,0.0,-0.06196414965876629,-0.06196414965876629,0.0,0.0,0.0,0.0,0.0,0.0,6.199514206353631e-05,0.0,6.087490070069319,5.940500005215113,4.761815941556335e-16,4.440892098500626e-16,0.8014999428291286,0.0,-6.25,6.250000000000001,0.15811388300841892,0.15811388300841886,9.603914548260387e-09,2.286830423796316e-06,0.006087513311011758,0.006,2.450612324342849e-06,0.005940438002208912,0.006,0.3,0.0,0.23803585034123415,0.0
3809,3.809,3.81,-4.300562262714574,4.507560883904941,0.10349931059518358,8.808123146619515,-0.10316888680840436,0.11521660494176522,1,1,-4.300562262714574,4.507560883904941,-6.0,6.0,0.0,12.0,0.06134759606807013,0.0,0.06134759606807013,0.0,-0.06134759606807013,-0.06134759606807013,0.0,0.0,0.0,0.0,0.0,0.0,6.137828009326018e-05,0.0,6.08725554084893,5.941116637142428,9.653871669082492e-16,4.0939474033052647e-16,0.8014999428590956,0.0,-6.25,6.250000000000001,0.15811388300841892,0.15811388300841886,9.604176557797476e-09,2.285631746270066e-06,0.006087279165706975,0.006,2.4509446359077812e-06,0.005941055251053021,0.006,0.3,0.0,0.23865240393193027,0.0
3819,3.819,3.8200000000000003,-4.300506845744176,4.505685248508466,0.10258920138214478,8.806192094252642,-0.10315211024473164,0.11526749632993938,1,1,-4.300506845744176,4.505685248508466,-6.0,6.0,0.0,12.0,0.06073717728810394,0.0,0.06073717728810394,0.0,-0.06073717728810394,-0.06073717728810394,0.0,0.0,0.0,0.0,0.0,0.0,6.07675560021421e-05,0.0,6.087017227230139,5.9417271337320585,5.208439473984583e-16,4.2327252813834093e-16,0.8014999428890721,0.0,-6.25,6.250000000000001,0.15811388300841892,0.15811388300841886,9.604433270007904e-09,2.2844326847567287e-06,0.006087041226071957,0.006,2.451277197956792e-06,0.005941666358417711,0.006,0.3,0.0,0.23926282271189647,0.0
3829,3.829,3.83,-4.300456594900919,4.503843122793699,0.10169326394638967,8.804299717694619,-0.10313467958063371,0.11531678550060709,1,1,-4.300456594900919,4.503843122793699,-6.0,6.0,0.0,12.0,0.06013283227648106,0.0,0.06013283227648106,0.0,-0.06013283227648106,-0.06013283227648106,0.0,0.0,0.0,0.0,0.0,0.0,6.016290871726405e-05,0.0,6.086775227651651,5.942331556064417,9.428222091933947e-16,4.440892098500626e-16,0.8014999429190564,0.0,-6.25,6.250000000000001,0.15811388300841892,0.15811388300841886,9.60468489621824e-09,2.2832333143540453e-06,0.00608679959070501,0.006,2.45160998226579e-06,0.005942271385444562,0.006,0.3,0.0,0.23986716772351938,0.0
3839,3.839,3.84,-4.300411488590436,4.502033678063285,0.10081109473642424,8.80244516665372,-0.10311661138552392,0.11536453679218378,1,1,-4.300411488590436,4.502033678063285,-6.0,6.0,0.0,12.0,0.05953450059819668,0.0,0.05953450059819668,0.0,-0.05953450059819668,-0.05953450059819668,0.0,0.0,0.0,0.0,0.0,0.0,5.956427777339365e-05,0.0,6.086529638968298,5.942929964611572,1.0850695342234928e-15,4.718447854656915e-16,0.8014999429490465,0.0,-6.25,6.250000000000001,0.15811388300841892,0.15811388300841886,9.604931649186448e-09,2.282033710130888e-06,0.006086554356618364,0.006,2.451942960983722e-06,0.005942870392666208,0.006,0.3,0.0,0.24046549940180378,0.0
3849,3.849,3.85,-4.30037150282763,4.50025611547097,0.09994230632166978,8.8006276182986,-0.10309792213816643,0.115410811313581,1,1,-4.30037150282763,4.50025611547097,-6.0,6.0,0.0,12.0,0.05894212241958437,0.0,0.05894212241958437,0.0,-0.05894212241958437,-0.05894212241958437,0.0,0.0,0.0,0.0,0.0,0.0,5.8971603306937646e-05,0.0,6.08628055647282,5.943522419243306,5.181063369129324e-16,4.85722573273506e-16,0.8014999429790405,0.0,-6.25,6.250000000000001,0.15811388300841892,0.15811388300841886,9.605173743065031e-09,2.2808339473337677e-06,0.006086305619259999,0.006,2.4522761066392284e-06,0.005943463440012385,0.006,0.3,0.0,0.2410578775804161,0.0
3859,3.859,3.86,-4.300336611360311,4.498427861785778,0.09904562521273341,8.79876447314609,-0.10307862820999186,0.10944818627864172,1,1,-4.300336611360311,4.498427861785778,-6.0,6.0,0.0,12.0,0.05835563850233262,0.0,0.05835563850233262,0.0,-0.05835563850233262,-0.05835563850233262,0.0,0.0,0.0,0.0,0.0,0.0,5.838482604995551e-05,0.0,6.0860280739173795,5.94410897923312,1.650589387391932e-15,4.85722573273506e-16,0.8014999430090367,0.0,-6.25,6.250000000000001,0.15811388300841892,0.15811388300841886,9.605411393363245e-09,2.2796341015178345e-06,0.0060860534725351734,0.006,2.452609392127325e-06,0.005944050586815954,0.006,0.3,0.0,0.24164436149766785,0.0
3869,3.869,3.87,-4.300306785788418,4.496617860918346,0.09815553756496387,8.796924646706763,-0.10305874584996738,0.10949834077568471,1,1,-4.300306785788418,4.496617860918346,-6.0,6.0,0.0,12.0,0.05777499019756096,0.0,0.05777499019756096,0.0,-0.05777499019756096,-0.05777499019756096,0.0,0.0,0.0,0.0,0.0,0.0,5.780388732423255e-05,0.0,6.085772283534791,5.9446897032641655,7.98704635415759e-16,5.204170427930421e-16,0.8014999430390329,0.0,-6.25,6.250000000000001,0.15811388300841892,0.15811388300841886,9.605644816908349e-09,2.278434248726737e-06,0.006085798008827691,0.006,2.4529427907205026e-06,0.005944631891818838,0.006,0.3,0.0,0.24222500980243955,0.0
3879,3.879,3.88,-4.30028199567891,4.4948394151862106,0.09727870975365027,8.795121410865121,-0.10303829117088659,0.10954699331737483,1,1,-4.30028199567891,4.4948394151862106,-6.0,6.0,0.0,12.0,0.057200119439955045,0.0,0.057200119439955045,0.0,-0.057200119439955045,-0.057200119439955045,0.0,0.0,0.0,0.0,0.0,0.0,5.7228729035412085e-05,0.0,6.085513276059505,5.945264649435137,4.682465895057553e-16,5.342948306008566e-16,0.8014999430690275,0.0,-6.25,6.250000000000001,0.15811388300841892,0.15811388300841886,9.605874231805926e-09,2.2772344656635973e-06,0.006085539319020899,0.006,2.4532762760576256e-06,0.005945207413177913,0.006,0.3,0.0,0.24279988056004548,0.0
3889,3.8890000000000002,3.89,-4.300262208676436,4.493091773453795,0.0964147823886794,8.793353982130231,-0.10301728013699746,0.10959420081139537,1,1,-4.300262208676436,4.493091773453795,-6.0,6.0,0.0,12.0,0.056630968741960046,0.0,0.056630968741960046,0.0,-0.056630968741960046,-0.056630968741960046,0.0,0.0,0.0,0.0,0.0,0.0,5.665929366718592e-05,0.0,6.085251140748297,5.9458338752660795,3.0547396209779087e-16,5.759281940243e-16,0.8014999430990184,0.0,-6.25,6.250000000000001,0.15811388300841892,0.15811388300841886,9.606099857399324e-09,2.2760348298375575e-06,0.0060852774925184185,0.006,2.4536098221172865e-06,0.005945777208470828,0.006,0.3,0.0,0.24336903125804052,0.0
3899,3.899,3.9,-4.300247390609878,4.491374210402051,0.09556340989608625,8.79162160101193,-0.10299572855286349,0.109640017480504,1,1,-4.300247390609878,4.491374210402051,-6.0,6.0,0.0,12.0,0.05606748118803188,0.0,0.05606748118803188,0.0,-0.05606748118803188,-0.05606748118803188,0.0,0.0,0.0,0.0,0.0,0.0,5.6095524275542715e-05,0.0,6.084985965400718,5.946397437704167,6.088879400678593e-16,5.898059818321144e-16,0.8014999431290036,0.0,-6.25,6.250000000000001,0.15811388300841892,0.15811388300841886,9.606321914228187e-09,2.2748354197391977e-06,0.006085012617264609,0.006,2.453943403215586e-06,0.005946341334701788,0.006,0.3,0.0,0.2439325188119687,0.0
3909,3.9090000000000003,3.91,-4.30023750559488,4.489686025298393,0.09472425985175636,8.789923530893272,-0.10297365205337,0.10968449501586014,1,1,-4.30023750559488,4.489686025298393,-6.0,6.0,0.0,12.0,0.05550960042894557,0.0,0.05550960042894557,0.0,-0.05550960042894557,-0.05550960042894557,0.0,0.0,0.0,0.0,0.0,0.0,5.5537364483073484e-05,0.0,6.084717836379276,5.946955393129395,9.870576578308032e-16,5.898059818321144e-16,0.8014999431589813,0.0,-6.25,6.250000000000001,0.15811388300841892,0.15811388300841886,9.606540623986155e-09,2.273636314995966e-06,0.006084744779764784,0.006,2.4542769939750465e-06,0.005946899848307248,0.006,0.3,0.0,0.244490399571055,0.0
3919,3.919,3.92,-4.300232516132457,4.488026540841711,0.09389701235462677,8.788259056974168,-0.10295106609479465,0.10972768272005717,1,1,-4.300232516132457,4.488026540841711,-6.0,6.0,0.0,12.0,0.05495727067616032,0.0,0.05495727067616032,0.0,-0.05495727067616032,-0.05495727067616032,0.0,0.0,0.0,0.0,0.0,0.0,5.4984758473333864e-05,0.0,6.084446838629368,5.947507797360239,1.9463597400459776e-15,6.314393452555578e-16,0.8014999431889492,0.0,-6.25,6.250000000000001,0.15811388300841892,0.15811388300841886,9.606756209477742e-09,2.2724375965498134e-06,0.006084474065105159,0.006,2.4546105693068477e-06,0.005947452805161586,0.006,0.3,0.0,0.2450427293238403,0.0
3929,3.9290000000000003,3.93,-4.30023238320382,4.486395102076955,0.09308135943656737,8.786627485280775,-0.10292798594686292,0.10976962764064957,1,1,-4.30023238320382,4.486395102076955,-6.0,6.0,0.0,12.0,0.05441043669624055,0.0,0.05441043669624055,0.0,-0.05441043669624055,-0.05441043669624055,0.0,0.0,0.0,0.0,0.0,0.0,5.4437650985262347e-05,0.0,6.084173055698947,5.948054705659243,1.6080886622305002e-15,6.453171330633722e-16,0.8014999432189055,0.0,-6.25,6.250000000000001,0.15811388300841892,0.15811388300841886,9.606968894574386e-09,2.2712393467859824e-06,0.006084200556972555,0.006,2.454944104361978e-06,0.005948000260582691,0.006,0.3,0.0,0.24558956330376008,0.0
3939,3.939,3.94,-4.300237066361507,4.484791075374229,0.09227700450636123,8.785028141735737,-0.1029044266857182,0.10981037469490473,1,1,-4.300237066361507,4.484791075374229,-6.0,6.0,0.0,12.0,0.05386904380533259,0.0,0.05386904380533259,0.0,-0.05386904380533259,-0.05386904380533259,0.0,0.0,0.0,0.0,0.0,0.0,5.389598730765423e-05,0.0,6.08389656975795,5.9485961727385614,1.6653345369377348e-16,6.175615574477433e-16,0.8014999432488479,0.0,-6.25,6.250000000000001,0.15811388300841892,0.15811388300841886,9.607178904169772e-09,2.270041649692875e-06,0.006083924337673846,0.006,2.4552775745045887e-06,0.005948542269337503,0.006,0.3,0.0,0.24613095619466802,0.0
3949,3.9490000000000003,3.95,-4.3002465238169405,4.483213847467772,0.09148366182541556,8.783460371284711,-0.102880403187737,0.1098499667864361,1,1,-4.3002465238169405,4.483213847467772,-6.0,6.0,0.0,12.0,0.053333037863696184,0.0,0.053333037863696184,0.0,-0.053333037863696184,-0.053333037863696184,0.0,0.0,0.0,0.0,0.0,0.0,5.335971327369034e-05,0.0,6.083617461617487,5.949132252765429,8.482797797526587e-16,6.245004513516506e-16,0.8014999432787744,0.0,-6.25,6.250000000000001,0.15811388300841892,0.15811388300841886,9.607386464134392e-09,2.2688445910130484e-06,0.006083645488155164,0.006,2.455610955265364e-06,0.005949078885647507,0.006,0.3,0.0,0.24666696213630443,0.0
3959,3.959,3.96,-4.300260712524532,4.481662824550581,0.09070105601302458,8.781923537075112,-0.10285593012412664,0.10988844491432781,1,1,-4.300260712524532,4.481662824550581,-6.0,6.0,0.0,12.0,0.052802365270290495,0.0,0.052802365270290495,0.0,-0.052802365270290495,-0.052802365270290495,0.0,0.0,0.0,0.0,0.0,0.0,5.2828775255520394e-05,0.0,6.0833358107487605,5.949662999367602,1.8500825871292648e-15,6.314393452555578e-16,0.8014999433086827,0.0,-6.25,6.250000000000001,0.15811388300841892,0.15811388300841886,9.607591801269401e-09,2.2676482583586715e-06,0.0060833640880208605,0.006,2.455944222323758e-06,0.005949610163194164,0.006,0.3,0.0,0.24719763472971013,0.0
3969,3.969,3.97,-4.3002795882624225,4.4801374314208,0.08992892157918853,8.780417019683222,-0.1028310219562506,0.10992584827530599,1,1,-4.3002795882624225,4.4801374314208,-6.0,6.0,0.0,12.0,0.05227697295741394,0.0,0.05227697295741394,0.0,-0.05227697295741394,-0.05227697295741394,0.0,0.0,0.0,0.0,0.0,0.0,5.230312015890012e-05,0.0,6.083051695301772,5.950188465638713,1.007874339542525e-15,6.453171330633722e-16,0.8014999433385706,0.0,-6.25,6.250000000000001,0.15811388300841892,0.15811388300841886,9.60779514325982e-09,2.266452741366963e-06,0.006083080215552219,0.006,2.456277351412517e-06,0.005950136155124281,0.006,0.3,0.0,0.2477230270425867,0.0
3979,3.979,3.98,-4.300303105709997,4.478637110676273,0.08916700248313791,8.77894021638627,-0.10280569293161901,0.1099622143594628,1,1,-4.300303105709997,4.478637110676273,-6.0,6.0,0.0,12.0,0.051756808385397424,0.0,0.051756808385397424,0.0,-0.051756808385397424,-0.051756808385397424,0.0,0.0,0.0,0.0,0.0,0.0,5.178269541788183e-05,0.0,6.082765192123768,5.950708704143608,1.099292911473787e-15,6.38378239159465e-16,0.8014999433684358,0.0,-6.25,6.250000000000001,0.15811388300841892,0.15811388300841886,9.607996718627062e-09,2.265258131797886e-06,0.0060827939477259415,0.006,2.4566103183132348e-06,0.005950656914055341,0.006,0.3,0.0,0.2482431916146032,0.0
3989,3.989,3.99,-4.300331218522262,4.477161321953995,0.08841505171586617,8.777492540476256,-0.10277995708050297,0.10999757904000346,1,1,-4.300331218522262,4.477161321953995,-6.0,6.0,0.0,12.0,0.05124181953735027,0.0,0.05124181953735027,0.0,-0.05124181953735027,-0.05124181953735027,0.0,0.0,0.0,0.0,0.0,0.0,5.126744898955771e-05,0.0,6.082476376777475,5.951223766923591,1.0451708942760263e-15,6.38378239159465e-16,0.801499943398276,0.0,-6.25,6.250000000000001,0.15811388300841892,0.15811388300841886,9.608196756680875e-09,2.264064523665157e-06,0.00608250536023239,0.006,2.4569430987808615e-06,0.005951172492080768,0.006,0.3,0.0,0.24875818046265036,0.0
3999,3.999,4.0,-4.3003638794012,4.475709541211415,0.0876728309051078,8.776073420612615,-0.10275382821311935,0.11003197665744119,1,1,-4.3003638794012,4.475709541211415,-6.0,6.0,0.0,12.0,0.05073195491395851,0.0,0.05073195491395851,0.0,-0.05073195491395851,-0.05073195491395851,0.0,0.0,0.0,0.0,0.0,0.0,5.075732934885556e-05,0.0,6.082185323559071,5.951733705501649,7.164407955784213e-16,6.591949208711867e-16,0.8014999434280887,0.0,-6.25,6.250000000000001,0.15811388300841892,0.15811388300841886,9.608395487470705e-09,2.262872013329503e-06,0.006082214527493598,0.006,2.457275668477088e-06,0.005951682940775152,0.006,0.3,0.0,0.24926804508604214,0.0
4009,4.009,4.01,-4.3004010401642,4.4742812600468165,0.0869401099413083,8.774682300211015,-0.10272731991733897,0.11006544009864061,1,1,-4.3004010401642,4.4742812600468165,-6.0,6.0,0.0,12.0,0.05022716352833491,0.0,0.05022716352833491,0.0,-0.05022716352833491,-0.05022716352833491,0.0,0.0,0.0,0.0,0.0,0.0,5.0252285483386225e-05,0.0,6.081892105515963,5.952238570887607,1.9468882886050642e-16,6.245004513516506e-16,0.8014999434578716,0.0,-6.25,6.250000000000001,0.15811388300841892,0.15811388300841886,9.608593141736488e-09,2.2616806995874816e-06,0.006081921522681054,0.006,2.4576080029570236e-06,0.005952188311199396,0.006,0.3,0.0,0.2497728364716657,0.0
4019,4.019,4.0200000000000005,-4.300442651809682,4.472875985056184,0.08621666662325111,8.773318636865866,-0.10270044555688945,0.11009800087106392,1,1,-4.300442651809682,4.472875985056184,-6.0,6.0,0.0,12.0,0.049727394900920256,0.0,0.049727394900920256,0.0,-0.049727394900920256,-0.049727394900920256,0.0,0.0,0.0,0.0,0.0,0.0,4.9752266888342265e-05,0.0,6.081596794464306,5.952738413583232,1.2151737949217534e-15,7.147060721024445e-16,0.801499943487622,0.0,-6.25,6.250000000000001,0.15811388300841892,0.15811388300841886,9.608789950858946e-09,2.260490683764737e-06,0.0060816264177332565,0.006,2.457940077549292e-06,0.005952688653905848,0.006,0.3,0.0,0.25027260509908045,0.0
4029,4.029,4.03,-4.300488664579996,4.471493237224195,0.08550228632209933,8.77198190180419,-0.10267321826999798,0.11012968917256394,1,1,-4.300488664579996,4.471493237224195,-6.0,6.0,0.0,12.0,0.04923259905443532,0.0,0.04923259905443532,0.0,-0.04923259905443532,-0.04923259905443532,0.0,0.0,0.0,0.0,0.0,0.0,4.9257223561447484e-05,0.0,6.0812994610063145,5.95323328358729,6.401129626354418e-16,7.077671781985373e-16,0.8014999435173373,0.0,-6.25,6.250000000000001,0.15811388300841892,0.15811388300841886,9.608986146809399e-09,2.2593020697937176e-06,0.006081329283373043,0.006,2.458271867364914e-06,0.0059531840189433515,0.006,0.3,0.0,0.2507674009455654,0.0
4039,4.039,4.04,-4.300539028021706,4.4701325513471275,0.08479676166271055,8.770671579368834,-0.10264565096845368,0.11016053395701608,1,1,-4.300539028021706,4.4701325513471275,-6.0,6.0,0.0,12.0,0.048742726508883144,0.0,0.048742726508883144,0.0,-0.048742726508883144,-0.048742726508883144,0.0,0.0,0.0,0.0,0.0,0.0,4.87671059979567e-05,0.0,6.081000174547353,5.953723230400556,1.2420620087993939e-15,7.494005416219807e-16,0.8014999435470149,0.0,-6.25,6.250000000000001,0.15811388300841892,0.15811388300841886,9.6091819620991e-09,2.2581149642647458e-06,0.006081030189124697,0.006,2.4586033471796223e-06,0.0059536744558622515,0.006,0.3,0.0,0.2512572734911176,0.0
4049,4.049,4.05,-4.300593691043351,4.468793475485665,0.0840998922211571,8.769387166529015,-0.10261775633704201,0.11019056299609392,1,1,-4.300593691043351,4.468793475485665,-6.0,6.0,0.0,12.0,0.04825772827660093,0.0,0.04825772827660093,0.0,-0.04825772827660093,-0.04825772827660093,0.0,0.0,0.0,0.0,0.0,0.0,4.828186518570509e-05,0.0,6.080699003312798,5.954208303030757,9.229203230647076e-16,7.424616477180734e-16,0.8014999435766521,0.0,-6.25,6.250000000000001,0.15811388300841892,0.15811388300841886,9.609377629728168e-09,2.2569294764815286e-06,0.006080729203330845,0.006,2.4589344913961143e-06,0.005954160013719363,0.006,0.3,0.0,0.2517422717233998,0.0
4059,4.059,4.0600000000000005,-4.300652601970772,4.467475570445699,0.08341148423746336,8.768128172416471,-0.10258954683333626,0.11021980293743211,1,1,-4.300652601970772,4.467475570445699,-6.0,6.0,0.0,12.0,0.04777755585736128,0.0,0.04777755585736128,0.0,-0.04777755585736128,-0.04777755585736128,0.0,0.0,0.0,0.0,0.0,0.0,4.7801452600207074e-05,0.0,6.080396014364695,5.954688549997489,1.1471875424433342e-15,6.800116025829084e-16,0.801499943606246,0.0,-6.25,6.250000000000001,0.15811388300841892,0.15811388300841886,9.609573383134096e-09,2.2557457185299926e-06,0.0060804263931691195,0.006,2.459265273997424e-06,0.005954640741082871,0.006,0.3,0.0,0.2522224441426394,0.0
4069,4.069,4.07,-4.300715708600106,4.466178409285404,0.082731350342649,8.76689411788551,-0.10256103468779892,0.11024827935942838,1,1,-4.300715708600106,4.466178409285404,-6.0,6.0,0.0,12.0,0.04730216123352212,0.0,0.04730216123352212,0.0,-0.04730216123352212,-0.04730216123352212,0.0,0.0,0.0,0.0,0.0,0.0,4.7325820199803744e-05,0.0,6.080091273618187,5.955164019337063,1.7997756063259374e-15,6.869504964868156e-16,0.8014999436357939,0.0,-6.25,6.250000000000001,0.15811388300841892,0.15811388300841886,9.609769456139913e-09,2.2545638052760623e-06,0.006080121824668619,0.006,2.459595668471426e-06,0.005955116686037199,0.006,0.3,0.0,0.25269783876647856,0.0
4079,4.079,4.08,-4.300782958248516,4.464901576846962,0.08205930929922323,8.765684535095478,-0.10253223190418714,0.11027601682290195,1,1,-4.300782958248516,4.464901576846962,-6.0,6.0,0.0,12.0,0.04683149686522492,0.0,0.04683149686522492,0.0,-0.04683149686522492,-0.04683149686522492,0.0,0.0,0.0,0.0,0.0,0.0,4.6854920420858714e-05,0.0,6.0797848458577475,5.955634758607312,4.9439619065339e-16,7.216449660063518e-16,0.8014999436652926,0.0,-6.25,6.250000000000001,0.15811388300841892,0.15811388300841886,9.60996608290198e-09,2.253383854403409e-06,0.006079815562726165,0.006,2.459925647761985e-06,0.005955587896187819,0.006,0.3,0.0,0.2531685031347758,0.0
4089,4.089,4.09,-4.300854297802757,4.46364466931143,0.08139518575433646,8.764498967114186,-0.10250315026021778,0.11030303891982174,1,1,-4.300854297802757,4.46364466931143,-6.0,6.0,0.0,12.0,0.04636551568564062,0.0,0.04636551568564062,0.0,-0.04636551568564062,-0.04636551568564062,0.0,0.0,0.0,0.0,0.0,0.0,4.638870617300168e-05,0.0,6.079476794753197,5.956100814892351,1.4363510381087963e-15,7.7021722333370235e-16,0.8014999436947393,0.0,-6.25,6.250000000000001,0.15811388300841892,0.15811388300841886,9.610163497857487e-09,2.252205986435654e-06,0.006079507671122323,0.006,2.4602551842045627e-06,0.005956054418665997,0.006,0.3,0.0,0.25363448431436014,0.0
4099,4.099,4.1,-4.300929673765655,4.462407293775363,0.08073881000485406,8.763336967541019,-0.10247380130847916,0.11032936831929241,1,1,-4.300929673765655,4.462407293775363,-6.0,6.0,0.0,12.0,0.04590417109626293,0.0,0.04590417109626293,0.0,-0.04590417109626293,-0.04590417109626293,0.0,0.0,0.0,0.0,0.0,0.0,4.5927130834419303e-05,0.0,6.0791671828755085,5.956562234807286,2.2004967292765798e-15,7.147060721024445e-16,0.8014999437241308,0.0,-6.25,6.250000000000001,0.15811388300841892,0.15811388300841886,9.610361935671627e-09,2.2510303247186063e-06,0.006079198212537249,0.006,2.4605842494729304e-06,0.005956516300133535,0.006,0.3,0.0,0.2540958289037378,0.0
4109,4.109,4.11,-4.301009032300576,4.461189067847903,0.08009001777366365,8.76219810014848,-0.10244419637757296,0.1103550268109732,1,1,-4.301009032300576,4.461189067847903,-6.0,6.0,0.0,12.0,0.04544741696224849,0.0,0.04544741696224849,0.0,-0.04544741696224849,-0.04544741696224849,0.0,0.0,0.0,0.0,0.0,0.0,4.547014824719313e-05,0.0,6.078856071712419,5.957019064502883,2.6558616417204917e-15,7.424616477180734e-16,0.8014999437534641,0.0,-6.25,6.250000000000001,0.15811388300841892,0.15811388300841886,9.610561631184537e-09,2.2498569954358046e-06,0.006078887248566302,0.006,2.460912814534755e-06,0.005956973586787415,0.006,0.3,0.0,0.25455258303775224,0.0
4119,4.119,4.12,-4.301092319273963,4.4599896192671125,0.07944864999657453,8.761081938541075,-0.10241434657344922,0.11038003534609986,1,1,-4.301092319273963,4.4599896192671125,-6.0,6.0,0.0,12.0,0.04499520760780324,0.0,0.04499520760780324,0.0,-0.04499520760780324,-0.04499520760780324,0.0,0.0,0.0,0.0,0.0,0.0,4.501771271268359e-05,0.0,6.078543521683826,5.9574713496701595,3.0878077872387166e-16,8.396061623727746e-16,0.8014999437827357,0.0,-6.25,6.250000000000001,0.15811388300841892,0.15811388300841886,9.61076281935796e-09,2.248686127572991e-06,0.006078574839735483,0.006,2.4612408496005325e-06,0.005957426324364437,0.006,0.3,0.0,0.2550047923921976,0.0
4129,4.1290000000000004,4.13,-4.301179480296015,4.458808585534438,0.07881455261921166,8.759988065830452,-0.10238426278093432,0.11040441407625279,1,1,-4.301179480296015,4.458808585534438,-6.0,6.0,0.0,12.0,0.0445474978116149,0.0,0.0445474978116149,0.0,-0.0445474978116149,-0.0445474978116149,0.0,0.0,0.0,0.0,0.0,0.0,4.4569778986960196e-05,0.0,6.0782295921570055,5.957919135544985,1.2387822972276252e-15,8.534839501805891e-16,0.8014999438119426,0.0,-6.25,6.250000000000001,0.15811388300841892,0.15811388300841886,9.610965735221704e-09,2.2475178529070084e-06,0.006078261045516647,0.006,2.461568324065855e-06,0.005957874558145773,0.006,0.3,0.0,0.25545250218838594,0.0
4139,4.139,4.14,-4.301270460759577,4.4576456135662665,0.07818757640334484,8.758916074325843,-0.10235395566542682,0.11042818239003022,1,1,-4.301270460759577,4.4576456135662665,-6.0,6.0,0.0,12.0,0.04410424280233076,0.0,0.04410424280233076,0.0,-0.04410424280233076,-0.04410424280233076,0.0,0.0,0.0,0.0,0.0,0.0,4.412630227627711e-05,0.0,6.077914341461609,5.958362466912582,1.97758476261356e-15,9.298117831235686e-16,0.8014999438410813,0.0,-6.25,6.250000000000001,0.15811388300841892,0.15811388300841886,9.611170613819886e-09,2.2463523059525105e-06,0.0060779459243425395,0.006,2.4618952064892063e-06,0.005958318332961509,0.006,0.3,0.0,0.25589575719767016,0.0
4149,4.149,4.15,-4.301365205877315,4.456500359361586,0.07756757674213555,8.757865565238902,-0.1023234356747385,0.11045135894773156,1,1,-4.301365205877315,4.456500359361586,-6.0,6.0,0.0,12.0,0.0436653982540805,0.0,0.0436653982540805,0.0,-0.0436653982540805,-0.0436653982540805,0.0,0.0,0.0,0.0,0.0,0.0,4.368723823259368e-05,0.0,6.0775978269044835,5.958801388112014,3.064632965801839e-16,9.992007221626409e-16,0.8014999438701483,0.0,-6.25,6.250000000000001,0.15811388300841892,0.15811388300841886,9.611377690157e-09,2.2451896239397566e-06,0.006077629533621626,0.006,2.462221464518688e-06,0.005958757693195122,0.006,0.3,0.0,0.2563346017459205,0.0
4159,4.159,4.16,-4.301463660717238,4.45537248768484,0.07695441348380072,8.756836148402078,-0.10229271304108056,0.11047396171420143,1,1,-4.301463660717238,4.45537248768484,-6.0,6.0,0.0,12.0,0.04323092028204361,0.0,0.04323092028204361,0.0,-0.04323092028204361,-0.04323092028204361,0.0,0.0,0.0,0.0,0.0,0.0,4.325254294913967e-05,0.0,6.07728010478429,5.959235943040611,5.412337245047638e-16,9.922618282587337e-16,0.8014999438991403,0.0,-6.25,6.250000000000001,0.15811388300841892,0.15811388300841886,9.611587199143823e-09,2.2440299467391167e-06,0.006077311929752734,0.006,2.4625470648809157e-06,0.005959192682787921,0.006,0.3,0.0,0.25676907971795737,0.0
4169,4.1690000000000005,4.17,-4.30156577023663,4.454261671763143,0.07634795076325629,8.755827441999774,-0.10226179778316358,0.11049600798993003,1,1,-4.30156577023663,4.454261671763143,-6.0,6.0,0.0,12.0,0.04280076543806082,0.0,0.04280076543806082,0.0,-0.04280076543806082,-0.04280076543806082,0.0,0.0,0.0,0.0,0.0,0.0,4.2822172956024486e-05,0.0,6.076961230405935,5.959666175158363,1.2264494975156026e-15,1.0477729794899915e-15,0.8014999439280535,0.0,-6.25,6.250000000000001,0.15811388300841892,0.15811388300841886,9.611799375543185e-09,2.242873416818883e-06,0.006076993168139502,0.006,2.462871973356595e-06,0.0059596233452434335,0.006,0.3,0.0,0.2571992345619402,0.0
4179,4.179,4.18,-4.301671479314457,4.453167592997041,0.07574805684129204,8.754839072311498,-0.10223069970842186,0.11051751444051794,1,1,-4.301671479314457,4.453167592997041,-6.0,6.0,0.0,12.0,0.04237489070628926,0.0,0.04237489070628926,0.0,-0.04237489070628926,-0.04237489070628926,0.0,0.0,0.0,0.0,0.0,0.0,4.239608521589017e-05,0.0,6.07664125809482,5.960092127492263,2.0348306373207947e-15,1.0130785099704553e-15,0.8014999439568844,0.0,-6.25,6.250000000000001,0.15811388300841892,0.15811388300841886,9.612014453915604e-09,2.241720179165334e-06,0.006076673303204644,0.006,2.4631961547139092e-06,0.005960049723631757,0.006,0.3,0.0,0.25762510929371174,0.0
4189,4.189,4.19,-4.301780732782305,4.45208994068409,0.07515460395089235,8.753870673466395,-0.10219942841532048,0.11053849712460984,1,1,-4.301780732782305,4.45208994068409,-6.0,6.0,0.0,12.0,0.04195325349890085,0.0,0.04195325349890085,0.0,-0.04195325349890085,-0.04195325349890085,0.0,0.0,0.0,0.0,0.0,0.0,4.197423711960762e-05,0.0,6.0763202412108885,5.960513842640608,2.144985578045322e-15,9.575673587391975e-16,0.8014999439856293,0.0,-6.25,6.250000000000001,0.15811388300841892,0.15811388300841886,9.612232668564822e-09,2.2405703812139015e-06,0.006076352388404024,0.006,2.4635195727062964e-06,0.005960471860593859,0.006,0.3,0.0,0.2580467465011001,0.0
4199,4.199,4.2,-4.3018934754539115,4.4510284117545424,0.07456746815031545,8.752921887208455,-0.10216799329575976,0.11055897152038668,1,1,-4.3018934754539115,4.4510284117545424,-6.0,6.0,0.0,12.0,0.04153581165182348,0.0,0.04153581165182348,0.0,-0.04153581165182348,-0.04153581165182348,0.0,0.0,0.0,0.0,0.0,0.0,4.1556586482015675e-05,0.0,6.075998232162512,5.960931362777244,1.8518173106052416e-15,9.645062526431047e-16,0.8014999440142846,0.0,-6.25,6.250000000000001,0.15811388300841892,0.15811388300841886,9.612454253483276e-09,2.2394241727647917e-06,0.006076030476240551,0.006,2.4638421900591292e-06,0.0059608897983458526,0.006,0.3,0.0,0.25846418834817747,0.0
4209,4.2090000000000005,4.21,-4.302009652153339,4.4499817928145635,0.07398607033061211,8.751991444967903,-0.10213640353755354,0.10500539794606634,1,1,-4.302009652153339,4.4499817928145635,-6.0,6.0,0.0,12.0,0.041122523420524595,0.0,0.041122523420524595,0.0,-0.041122523420524595,-0.041122523420524595,0.0,0.0,0.0,0.0,0.0,0.0,4.1143091537702544e-05,0.0,6.075675282420174,5.961344729655805,1.1926223897340549e-15,1.0130785099704553e-15,0.8014999440428462,0.0,-6.25,6.250000000000001,0.15811388300841892,0.15811388300841886,9.612679442297484e-09,2.238281705889728e-06,0.006075707618277887,0.006,2.464163968431965e-06,0.0059613035786832,0.006,0.3,0.0,0.2588774765794764,0.0
4219,4.219,4.22,-4.302129207741846,4.448896988746953,0.07338389050255367,8.751026196488798,-0.102104668126978,0.105027510155081,1,1,-4.302129207741846,4.448896988746953,-6.0,6.0,0.0,12.0,0.04071334747583665,0.0,0.04071334747583665,0.0,-0.04071334747583665,-0.04071334747583665,0.0,0.0,0.0,0.0,0.0,0.0,4.073371093682922e-05,0.0,6.075351442529994,5.961753984613871,1.2221126888256606e-15,1.0477729794899915e-15,0.8014999440713104,0.0,-6.25,6.250000000000001,0.15811388300841892,0.15811388300841886,9.612908468213369e-09,2.237143134845354e-06,0.006075383865153984,0.006,2.464484868411887e-06,0.005961713242984895,0.006,0.3,0.0,0.2592866525241644,0.0
4229,4.229,4.23,-4.302252087143507,4.44782832339993,0.07278811812821173,8.750080410543436,-0.10207279585137397,0.1050490974480528,1,1,-4.302252087143507,4.44782832339993,-6.0,6.0,0.0,12.0,0.040308242899824195,0.0,0.040308242899824195,0.0,-0.040308242899824195,-0.040308242899824195,0.0,0.0,0.0,0.0,0.0,0.0,4.032840374099444e-05,0.0,6.075026762127059,5.962159168577093,4.0419056990259605e-16,1.1518563880486e-15,0.8014999440996734,0.0,-6.25,6.250000000000001,0.15811388300841892,0.15811388300841886,9.613141563961607e-09,2.2360086159599885e-06,0.006075059266594437,0.006,2.464804849506841e-06,0.005962118832217603,0.006,0.3,0.0,0.25969175710017695,0.0
4239,4.239,4.24,-4.302378235369631,4.446775503123887,0.07219863387712788,8.749153738493519,-0.10204079530180682,0.10507017486330594,1,1,-4.302378235369631,4.446775503123887,-6.0,6.0,0.0,12.0,0.03990716918169203,0.0,0.03990716918169203,0.0,-0.03990716918169203,-0.03990716918169203,0.0,0.0,0.0,0.0,0.0,0.0,3.9927129419140876e-05,0.0,6.074701289948586,5.962560322063299,2.7668839441830073e-16,1.124100812432971e-15,0.8014999441279311,0.0,-6.25,6.250000000000001,0.15811388300841892,0.15811388300841886,9.613378961742897e-09,2.2348783075292683e-06,0.006074733871425665,0.006,2.4651238701456358e-06,0.005962520386939747,0.006,0.3,0.0,0.2600928308183091,0.0
4249,4.249,4.25,-4.302507597542025,4.4457382412901625,0.07161532187406872,8.748245838832187,-0.1020086748757626,0.10509075691803094,1,1,-4.302507597542025,4.4457382412901625,-6.0,6.0,0.0,12.0,0.039510086213734114,0.0,0.039510086213734114,0.0,-0.039510086213734114,-0.039510086213734114,0.0,0.0,0.0,0.0,0.0,0.0,3.9529847843501935e-05,0.0,6.0743750738469195,5.962957485186531,9.124645483638005e-16,1.1379786002407855e-15,0.8014999441560796,0.0,-6.25,6.250000000000001,0.15811388300841892,0.15811388300841886,9.613620893173296e-09,2.233752369727327e-06,0.006074407727587915,0.006,2.465441887664621e-06,0.005962917947305569,0.006,0.3,0.0,0.260489913786267,0.0
4259,4.259,4.26,-4.302640118915145,4.444716258065509,0.07103806957518222,8.747356376980655,-0.10197644277988915,0.10511085762986622,1,1,-4.302640118915145,4.444716258065509,-6.0,6.0,0.0,12.0,0.03911695428732276,0.0,0.03911695428732276,0.0,-0.03911695428732276,-0.03911695428732276,0.0,0.0,0.0,0.0,0.0,0.0,3.9136519285589e-05,0.0,6.074048160802338,5.96335069766106,1.1629965653708885e-15,1.2212453270876722e-15,0.8014999441841147,0.0,-6.25,6.250000000000001,0.15811388300841892,0.15811388300841886,9.613867589229553e-09,2.232630964453585e-06,0.006074080882148103,0.006,2.465758858312128e-06,0.005963311553069137,0.006,0.3,0.0,0.26088304571267845,0.0
4269,4.269,4.2700000000000005,-4.30277574489718,4.44370928019594,0.0704667676493802,8.74648502509312,-0.10194410703275758,0.10513049053743145,1,1,-4.30277574489718,4.44370928019594,-6.0,6.0,0.0,12.0,0.03872773408893771,0.0,0.03872773408893771,0.0,-0.03872773408893771,-0.03872773408893771,0.0,0.0,0.0,0.0,0.0,0.0,3.8747104412218516e-05,0.0,6.073720596935719,5.96373999880535,1.438085761584773e-15,1.1726730697603216e-15,0.8014999442120324,0.0,-6.25,6.250000000000001,0.15811388300841892,0.15811388300841886,9.614119280194483e-09,2.2315142552528146e-06,0.006073753381312483,0.006,2.4660747372773352e-06,0.005963701243588319,0.006,0.3,0.0,0.26127226591106345,0.0
4279,4.279,4.28,-4.302914421070118,4.442717040799479,0.0699013098646808,8.745631461869596,-0.10191167546765578,0.1051496687198783,1,1,-4.302914421070118,4.442717040799479,-6.0,6.0,0.0,12.0,0.03834238669623476,0.0,0.03834238669623476,0.0,-0.03834238669623476,-0.03834238669623476,0.0,0.0,0.0,0.0,0.0,0.0,3.836156428157859e-05,0.0,6.073392427521018,5.9641254275459925,1.6922227508153753e-15,1.186550857568136e-15,0.8014999442398286,0.0,-6.25,6.250000000000001,0.15811388300841892,0.15811388300841886,9.614376195602435e-09,2.230402407153047e-06,0.0060734252704391445,0.006,2.466389478663622e-06,0.0059640870578287165,0.006,0.3,0.0,0.2616576133037664,0.0
4289,4.289,4.29,-4.3030560932088155,4.4417392791673755,0.06934159297928,8.744795372376192,-0.10187915573539624,0.1051684048154905,1,1,-4.3030560932088155,4.4417392791673755,-6.0,6.0,0.0,12.0,0.03796087357415354,0.0,0.03796087357415354,0.0,-0.03796087357415354,-0.03796087357415354,0.0,0.0,0.0,0.0,0.0,0.0,3.7979860339334906e-05,0.0,6.073063696997586,5.964507022421595,1.5368904608160927e-15,1.2004286453759505e-15,0.8014999442674992,0.0,-6.25,6.250000000000001,0.15811388300841892,0.15811388300841886,9.614638564184813e-09,2.2292955865700916e-06,0.006073096594050351,0.006,2.4667030355396414e-06,0.005964469034367566,0.006,0.3,0.0,0.26203912642584765,0.0
4299,4.299,4.3,-4.303200707299134,4.4407757405733435,0.06878751663710458,8.743976447872477,-0.10184655530713654,0.10518671103942195,1,1,-4.303200707299134,4.4407757405733435,-6.0,6.0,0.0,12.0,0.037583156571063904,0.0,0.037583156571063904,0.0,-0.037583156571063904,-0.037583156571063904,0.0,0.0,0.0,0.0,0.0,0.0,3.7601954414775145e-05,0.0,6.072734448982334,5.964884821586637,1.6072213004925118e-15,1.2004286453759505e-15,0.8014999442950397,0.0,-6.25,6.250000000000001,0.15811388300841892,0.15811388300841886,9.614906613815725e-09,2.2281939611609897e-06,0.006072767395844708,0.006,2.4670153599326563e-06,0.00596484721139758,0.006,0.3,0.0,0.2624168434289373,0.0
4309,4.309,4.3100000000000005,-4.303348209555161,4.439826176090434,0.06823898326763622,8.743174385645595,-0.10181388147721598,0.10520459920057901,1,1,-4.303348209555161,4.439826176090434,-6.0,6.0,0.0,12.0,0.03720919791495077,0.0,0.03720919791495077,0.0,-0.03720919791495077,-0.03720919791495077,0.0,0.0,0.0,0.0,0.0,0.0,3.722780871699193e-05,0.0,6.072404726281718,5.965258862815271,1.384505845473255e-15,1.124100812432971e-15,0.8014999443224463,0.0,-6.25,6.250000000000001,0.15811388300841892,0.15811388300841886,9.615180571457748e-09,2.2270976997018867e-06,0.006072437718709192,0.006,2.467326402868508e-06,0.00596522162673078,0.006,0.3,0.0,0.26279080208505035,0.0
4319,4.319,4.32,-4.303498546435553,4.438890342415173,0.06769589798981013,8.742388888850726,-0.10178114136598498,0.10522208071772926,1,1,-4.303498546435553,4.438890342415173,-6.0,6.0,0.0,12.0,0.03683896020963689,0.0,0.03683896020963689,0.0,-0.03683896020963689,-0.03683896020963689,0.0,0.0,0.0,0.0,0.0,0.0,3.6857385831103676e-05,0.0,6.072074570903598,5.9656291835051185,4.572148324007153e-16,1.0477729794899915e-15,0.8014999443497144,0.0,-6.25,6.250000000000001,0.15811388300841892,0.15811388300841886,9.61546066310785e-09,2.226006971941485e-06,0.006072107604730987,0.006,2.4676361143871616e-06,0.005965592317802267,0.006,0.3,0.0,0.26316103979036415,0.0
4329,4.329,4.33,-4.3036516646590535,4.437968001698597,0.06715816851977197,8.74161966635765,-0.10174834192264448,0.10523916663485233,1,1,-4.3036516646590535,4.437968001698597,-6.0,6.0,0.0,12.0,0.03647240643104322,0.0,0.03647240643104322,0.0,-0.03647240643104322,-0.03647240643104322,0.0,0.0,0.0,0.0,0.0,0.0,3.649064871451314e-05,0.0,6.071744024068898,5.965995820680993,5.216299939735103e-16,1.061650767297806e-15,0.80149994437684,0.0,-6.25,6.250000000000001,0.15811388300841892,0.15811388300841886,9.615747113743472e-09,2.22492194848558e-06,0.006071777095209192,0.006,2.467944443562686e-06,0.005965959321673969,0.006,0.3,0.0,0.26352759356895783,0.0
4339,4.339,4.34,-4.303807511219192,4.437058921383864,0.06662570508233578,8.740866432603056,-0.10171548992808227,0.10525586763578898,1,1,-4.303807511219192,4.437058921383864,-6.0,6.0,0.0,12.0,0.03610949992348642,0.0,0.03610949992348642,0.0,-0.03610949992348642,-0.03610949992348642,0.0,0.0,0.0,0.0,0.0,0.0,3.612756069320302e-05,0.0,6.071413126223146,5.966358810998606,1.3383391617161067e-15,9.783840404509192e-16,0.8014999444038187,0.0,-6.25,6.250000000000001,0.15811388300841892,0.15811388300841886,9.616040147268805e-09,2.223842800639406e-06,0.006071446230666359,0.006,2.4682513385720916e-06,0.005966322675038344,0.006,0.3,0.0,0.26389050007651454,0.0
4349,4.349,4.3500000000000005,-4.303966033398216,4.436162874050115,0.06609842032594981,8.74012890744833,-0.10168259199769492,0.10527219405821603,1,1,-4.303966033398216,4.436162874050115,-6.0,6.0,0.0,12.0,0.03575020439601333,0.0,0.03575020439601333,0.0,-0.03575020439601333,-0.03575020439601333,0.0,0.0,0.0,0.0,0.0,0.0,3.576808545806863e-05,0.0,6.0710819170478505,5.966718190748237,1.3773704399255848e-15,9.853229343548264e-16,0.8014999444306462,0.0,-6.25,6.250000000000001,0.15811388300841892,0.15811388300841886,9.616339986461302e-09,2.2227697002966207e-06,0.006071115050859892,0.006,2.4685567466864456e-06,0.005966682414222051,0.006,0.3,0.0,0.26424979560398765,0.0
4359,4.359,4.36,-4.304127178780277,4.435279637262311,0.06557622924101691,8.739406816042589,-0.10164965458421132,0.10528815590699042,1,1,-4.304127178780277,4.435279637262311,-6.0,6.0,0.0,12.0,0.03539448391877177,0.0,0.03539448391877177,0.0,-0.03539448391877177,-0.03539448391877177,0.0,0.0,0.0,0.0,0.0,0.0,3.541218706128688e-05,0.0,6.070750435471715,5.967073995858358,5.733261088103347e-16,9.575673587391975e-16,0.8014999444573182,0.0,-6.25,6.250000000000001,0.15811388300841892,0.15811388300841886,9.61664685291839e-09,2.2217028197638806e-06,0.006070783594793274,0.006,2.4688606143441485e-06,0.005967038575189579,0.006,0.3,0.0,0.2646055160812292,0.0
4369,4.369,4.37,-4.304290895263906,4.43440899342673,0.06505904908141202,8.738699888690636,-0.10161668398049273,0.10530376286688625,1,1,-4.304290895263906,4.43440899342673,-6.0,6.0,0.0,12.0,0.0350423029194176,0.0,0.0350423029194176,0.0,-0.0350423029194176,-0.0350423029194176,0.0,0.0,0.0,0.0,0.0,0.0,3.505982991272152e-05,0.0,6.070418719681719,5.967426261899231,1.7373255611907723e-15,9.228728892196614e-16,0.8014999444838304,0.0,-6.25,6.250000000000001,0.15811388300841892,0.15811388300841886,9.6169609670045e-09,2.220642331647607e-06,0.006070451900727163,0.006,2.469162887175358e-06,0.00596739119354685,0.006,0.3,0.0,0.2649576970805833,0.0
4379,4.3790000000000004,4.38,-4.304457131073794,4.433550729651895,0.0645467992890505,8.738007860725688,-0.10158368632232906,0.10531902431476947,1,1,-4.304457131073794,4.433550729651895,-6.0,6.0,0.0,12.0,0.03469362617955738,0.0,0.03469362617955738,0.0,-0.03469362617955738,-0.03469362617955738,0.0,0.0,0.0,0.0,0.0,0.0,3.471097877636405e-05,0.0,6.070086807134044,5.96777502408646,2.8273959779348545e-16,9.228728892196614e-16,0.8014999445101785,0.0,-6.25,6.250000000000001,0.15811388300841892,0.15811388300841886,9.617282547798346e-09,2.219588408729635e-06,0.006070120006190332,0.006,2.469463510035297e-06,0.0059677403045447774,0.006,0.3,0.0,0.26530637382044353,0.0
4389,4.389,4.39,-4.304625834771925,4.432704637614663,0.06403940142136877,8.737330472386589,-0.10155066759121117,0.10533394933122192,1,1,-4.304625834771925,4.432704637614663,-6.0,6.0,0.0,12.0,0.034348418831226565,0.0,0.034348418831226565,0.0,-0.034348418831226565,-0.034348418831226565,0.0,0.0,0.0,0.0,0.0,0.0,3.436559876681012e-05,0.0,6.069754734564855,5.968120317284523,3.443426099813962e-16,8.743006318923108e-16,0.8014999445363581,0.0,-6.25,6.250000000000001,0.15811388300841892,0.15811388300841886,9.617611813040545e-09,2.2185412237829195e-06,0.006069787947990467,0.006,2.4697624270819676e-06,0.00596808594308279,0.006,0.3,0.0,0.2656515811687743,0.0
4399,4.399,4.4,-4.304796955268067,4.4318705134312415,0.06353677908158728,8.73666746869931,-0.10151763361708643,0.10534854671165855,1,1,-4.304796955268067,4.4318705134312415,-6.0,6.0,0.0,12.0,0.03400664635340265,0.0,0.03400664635340265,0.0,-0.03400664635340265,-0.03400664635340265,0.0,0.0,0.0,0.0,0.0,0.0,3.402365534577097e-05,0.0,6.069422538000941,5.968462176010253,1.177877240188252e-15,8.118505867571457e-16,0.801499944562365,0.0,-6.25,6.250000000000001,0.15811388300841892,0.15811388300841886,9.617948979081554e-09,2.2175009494871565e-06,0.0060694557622248185,0.006,2.470059581807238e-06,0.005968428143712333,0.006,0.3,0.0,0.26599335364659815,0.0
4409,4.409,4.41,-4.304970441829656,4.431048157532914,0.063038857851629,8.73601859936257,-0.10148459008109373,0.10536282497695254,1,1,-4.304970441829656,4.431048157532914,-6.0,6.0,0.0,12.0,0.03366827456855304,0.0,0.03366827456855304,0.0,-0.03366827456855304,-0.03366827456855304,0.0,0.0,0.0,0.0,0.0,0.0,3.3685114318619546e-05,0.0,6.069090252770208,5.968800634436299,2.849351071927686e-16,8.396061623727746e-16,0.8014999445881947,0.0,-6.25,6.250000000000001,0.15811388300841892,0.15811388300841886,9.618294260830037e-09,2.216467758246709e-06,0.006069123484290716,0.006,2.4703549170679294e-06,0.005968766940640316,0.006,0.3,0.0,0.2663317254314478,0.0
4419,4.4190000000000005,4.42,-4.305146244091103,4.430237374546256,0.06254556522757682,8.735383618637359,-0.10145154251827382,0.10537679238360326,1,1,-4.305146244091103,4.430237374546256,-6.0,6.0,0.0,12.0,0.03333326963921728,0.0,0.03333326963921728,0.0,-0.03333326963921728,-0.03333326963921728,0.0,0.0,0.0,0.0,0.0,0.0,3.3349941830970996e-05,0.0,6.068757913512039,5.969135726394537,4.155475876593817e-16,8.257283745649602e-16,0.8014999446138431,0.0,-6.25,6.250000000000001,0.15811388300841892,0.15811388300841886,9.618647871701544e-09,2.2154418220862422e-06,0.00606879114889593,0.006,2.470648375179074e-06,0.005969102367732543,0.006,0.3,0.0,0.26666673036078353,0.0
4429,4.429,4.43,-4.305324312062527,4.429437973177646,0.06205683055755973,8.734762285240173,-0.10141849632025857,0.1053904569334585,1,1,-4.305324312062527,4.429437973177646,-6.0,6.0,0.0,12.0,0.03300159806462326,0.0,0.03300159806462326,0.0,-0.03300159806462326,-0.03300159806462326,0.0,0.0,0.0,0.0,0.0,0.0,3.301810436529726e-05,0.0,6.068425554187509,5.96946748537947,3.4954678040932663e-16,8.743006318923108e-16,0.8014999446393059,0.0,-6.25,6.250000000000001,0.15811388300841892,0.15811388300841886,9.619010023567704e-09,2.214423312501958e-06,0.00606845879006891,0.006,2.4709398979383403e-06,0.0059694344585170984,0.006,0.3,0.0,0.2669984019353776,0.0
4439,4.439,4.44,-4.305504596137961,4.428649766101879,0.06157258498195883,8.73415436223984,-0.10138545673793103,0.10540382638302287,1,1,-4.305504596137961,4.428649766101879,-6.0,6.0,0.0,12.0,0.032673226677337124,0.0,0.032673226677337124,0.0,-0.032673226677337124,-0.032673226677337124,0.0,0.0,0.0,0.0,0.0,0.0,3.268956873757523e-05,0.0,6.06809320808947,5.969795944551572,6.036837696399289e-16,9.367506770274758e-16,0.8014999446645786,0.0,-6.25,6.250000000000001,0.15811388300841892,0.15811388300841886,9.619380926705828e-09,2.213412400330584e-06,0.006068126441168882,0.006,2.4712294266859836e-06,0.005969763246187715,0.006,0.3,0.0,0.2673267733226638,0.0
4449,4.449,4.45,-4.305687047103039,4.427872569854708,0.06109276137583475,8.733559616957747,-0.10135242888406282,0.10541690825236483,1,1,-4.305687047103039,4.427872569854708,-6.0,6.0,0.0,12.0,0.032348122639946505,0.0,0.032348122639946505,0.0,-0.032348122639946505,-0.032348122639946505,0.0,0.0,0.0,0.0,0.0,0.0,3.236430209396836e-05,0.0,6.067760907852499,5.9701211367406115,2.0478410633906208e-15,8.743006318923108e-16,0.8014999446896572,0.0,-6.25,6.250000000000001,0.15811388300841892,0.15811388300841886,9.619760789748996e-09,2.212409255618372e-06,0.006067794134895804,0.006,2.4715169023625806e-06,0.005970088763607075,0.006,0.3,0.0,0.26765187736005436,0.0
4459,4.4590000000000005,4.46,-4.305871616142172,4.4271062047291325,0.060617294293480395,8.732977820871305,-0.10131941773592001,0.10542970983365096,1,1,-4.305871616142172,4.4271062047291325,-6.0,6.0,0.0,12.0,0.032026253441776745,0.0,0.032026253441776745,0.0,-0.032026253441776745,-0.032026253441776745,0.0,0.0,0.0,0.0,0.0,0.0,3.204227190754124e-05,0.0,6.067428685462702,5.970443094448942,9.808573766569018e-16,9.020562075079397e-16,0.8014999447145374,0.0,-6.25,6.250000000000001,0.15811388300841892,0.15811388300841886,9.620149819636698e-09,2.21141404750119e-06,0.0060674619033001965,0.006,2.4718022655823015e-06,0.005970411043310137,0.006,0.3,0.0,0.26797374655822415,0.0
4469,4.469,4.47,-4.306058254845266,4.426350494675281,0.060146119915007734,8.732408749520548,-0.10128642813783839,0.10544223819931697,1,1,-4.306058254845266,4.426350494675281,-6.0,6.0,0.0,12.0,0.031707586895639794,0.0,0.031707586895639794,0.0,-0.031707586895639794,-0.031707586895639794,0.0,0.0,0.0,0.0,0.0,0.0,3.1723445975006844e-05,0.0,6.067096572267411,5.970761849854758,2.3426220815622734e-16,9.43689570931383e-16,0.801499944739215,0.0,-6.25,6.250000000000001,0.15811388300841892,0.15811388300841886,9.620548221565984e-09,2.2104269440712977e-06,0.006067129777792833,0.006,2.4720854566662174e-06,0.005970730117507356,0.006,0.3,0.0,0.26829241310436114,0.0
4479,4.479,4.48,-4.30624691521397,4.425605267203732,0.05967917599488093,8.731852182417702,-0.10125346480377606,0.10545450020989805,1,1,-4.30624691521397,4.425605267203732,-6.0,6.0,0.0,12.0,0.03139209113461548,0.0,0.03139209113461548,0.0,-0.03139209113461548,-0.03139209113461548,0.0,0.0,0.0,0.0,0.0,0.0,3.140779241350625e-05,0.0,6.066764598984725,5.971077434815317,8.586881206085195e-16,8.743006318923108e-16,0.8014999447636858,0.0,-6.25,6.250000000000001,0.15811388300841892,0.15811388300841886,9.620956198943205e-09,2.209448112244118e-06,0.006066797789154309,0.006,2.4723664157288995e-06,0.005971046018087946,0.006,0.3,0.0,0.2686079088653854,0.0
4489,4.489,4.49,-4.306437549667484,4.424870353292124,0.05921640181232002,8.731307902959607,-0.1012205323198287,0.10546650252153317,1,1,-4.306437549667484,4.424870353292124,-6.0,6.0,0.0,12.0,0.03107973460886479,0.0,0.03107973460886479,0.0,-0.03107973460886479,-0.03107973460886479,0.0,0.0,0.0,0.0,0.0,0.0,3.109527965742024e-05,0.0,6.066432795712938,5.971389880870138,4.593764604821082e-16,8.604228440844963e-16,0.8014999447879456,0.0,-6.25,6.250000000000001,0.15811388300841892,0.15811388300841886,9.621373953336377e-09,2.208477717642775e-06,0.006066465967544482,0.006,2.472645082698399e-06,0.005971358776623052,0.006,0.3,0.0,0.26892026539113606,0.0
4499,4.499,4.5,-4.306630111047947,4.4241455872949205,0.058757738123486725,8.730775698342867,-0.10118763514671558,0.10547825159316238,1,1,-4.306630111047947,4.4241455872949205,-6.0,6.0,0.0,12.0,0.03077048608247485,0.0,0.03077048608247485,0.0,-0.03077048608247485,-0.03077048608247485,0.0,0.0,0.0,0.0,0.0,0.0,3.07858764552128e-05,0.0,6.066101191939836,5.9716992192441545,9.835882108788496e-16,9.471590178833367e-16,0.8014999448119905,0.0,-6.25,6.250000000000001,0.15811388300841892,0.15811388300841886,9.621801684428163e-09,2.2075159244981737e-06,0.006066134342511771,0.006,2.472921397433936e-06,0.005971668424368929,0.006,0.3,0.0,0.2692295139175261,0.0
4509,4.509,4.51,-4.30682455262542,4.423430806856197,0.05830312711538843,8.730255359481617,-0.10115477762223185,0.10548975369341962,1,1,-4.30682455262542,4.423430806856197,-6.0,6.0,0.0,12.0,0.030464314630335318,0.0,0.030464314630335318,0.0,-0.030464314630335318,-0.030464314630335318,0.0,0.0,0.0,0.0,0.0,0.0,3.0479551866305862e-05,0.0,6.0657698165518745,5.972005480850856,1.4400102204409349e-15,9.853229343548264e-16,0.8014999448358162,0.0,-6.25,6.250000000000001,0.15811388300841892,0.15811388300841886,9.622239589969534e-09,2.206562895493569e-06,0.006065802943002354,0.006,2.4731952997303354e-06,0.005971974992270067,0.006,0.3,0.0,0.26953568536966566,0.0
4519,4.519,4.5200000000000005,-4.307020828102472,4.422725852825324,0.057852512361425745,8.729746680927796,-0.10112196396367512,0.10550101490725772,1,1,-4.307020828102472,4.422725852825324,-6.0,6.0,0.0,12.0,0.030161189635045826,0.0,0.030161189635045826,0.0,-0.030161189635045826,-0.030161189635045826,0.0,0.0,0.0,0.0,0.0,0.0,3.017627525798526e-05,0.0,6.065438697843215,5.972308696295382,1.8301332671555315e-15,9.992007221626409e-16,0.8014999448594188,0.0,-6.25,6.250000000000001,0.15811388300841892,0.15811388300841886,9.622687865734143e-09,2.2056187917023925e-06,0.006065471797369222,0.006,2.4734667294157297e-06,0.005972278510962301,0.006,0.3,0.0,0.26983881036495516,0.0
4529,4.529,4.53,-4.307218891618405,4.422030569175427,0.05740583877851124,8.729249460793831,-0.10108919827022889,0.10551204114229329,1,1,-4.307218891618405,4.422030569175427,-6.0,6.0,0.0,12.0,0.029861080783854254,0.0,0.029861080783854254,0.0,-0.029861080783854254,-0.029861080783854254,0.0,0.0,0.0,0.0,0.0,0.0,2.987601630233744e-05,0.0,6.065107863524666,5.972608895877589,6.288372600415926e-16,1.0651202142497596e-15,0.8014999448827942,0.0,-6.25,6.250000000000001,0.15811388300841892,0.15811388300841886,9.623146705473406e-09,2.2046837724217185e-06,0.00606514093338112,0.006,2.4737356263915266e-06,0.005972579010775885,0.006,0.3,0.0,0.2701389192161468,0.0
4539,4.539,4.54,-4.307418697753101,4.421344802924511,0.05696305258570522,8.728763500677612,-0.10105648452532145,0.1055228381349016,1,1,-4.307418697753101,4.421344802924511,-6.0,6.0,0.0,12.0,0.029563958065625378,0.0,0.029563958065625378,0.0,-0.029563958065625378,-0.029563958065625378,0.0,0.0,0.0,0.0,0.0,0.0,2.9578744973216617e-05,0.0,6.064777340732487,5.972906109595103,1.3954901687332488e-15,1.0928757898653885e-15,0.8014999449059387,0.0,-6.25,6.250000000000001,0.15811388300841892,0.15811388300841886,9.623616300872375e-09,2.2037579951012113e-06,0.006064810378231365,0.006,2.4740019307145646e-06,0.005972876521738526,0.006,0.3,0.0,0.2704360419343757,0.0
4549,4.549,4.55,-4.307620201530543,4.420668404059141,0.05652410126429874,8.728288605589684,-0.10102382659894688,0.10553341145606632,1,1,-4.307620201530543,4.420668404059141,-6.0,6.0,0.0,12.0,0.029269791767839785,0.0,0.029269791767839785,0.0,-0.029269791767839785,-0.029269791767839785,0.0,0.0,0.0,0.0,0.0,0.0,2.9284431543242157e-05,0.0,6.064447156037069,5.973200367146316,1.7642137750684128e-15,1.1136924715771102e-15,0.8014999449288481,0.0,-6.25,6.250000000000001,0.15811388300841892,0.15811388300841886,9.624096841506381e-09,2.202841615236543e-06,0.006064480158546553,0.006,2.47426558263486e-06,0.0059731710735784075,0.006,0.3,0.0,0.2707302082321613,0.0
4559,4.559,4.5600000000000005,-4.307823358421994,4.420001225460579,0.05608893351929245,8.727824583882573,-0.10099122824995338,0.1055437665169981,1,1,-4.307823358421994,4.420001225460579,-6.0,6.0,0.0,12.0,0.02897855247362255,0.0,0.02897855247362255,0.0,-0.02897855247362255,-0.02897855247362255,0.0,0.0,0.0,0.0,0.0,0.0,2.899304658082579e-05,0.0,6.064117335451515,5.973491697933375,1.4684434224143672e-15,1.1379786002407855e-15,0.8014999449515189,0.0,-6.25,6.250000000000001,0.15811388300841892,0.15811388300841886,9.624588514798512e-09,2.2019347862583707e-06,0.006064150300395131,0.006,2.4745265226511215e-06,0.00597346269572717,0.006,0.3,0.0,0.2710214475263786,0.0
4569,4.569,4.57,-4.308028124348859,4.4193431228332765,0.05565749924220853,8.727371247182136,-0.10095869312829825,0.10555390857452551,1,1,-4.308028124348859,4.4193431228332765,-6.0,6.0,0.0,12.0,0.028690211058801547,0.0,0.028690211058801547,0.0,-0.028690211058801547,-0.028690211058801547,0.0,0.0,0.0,0.0,0.0,0.0,2.8704560947228458e-05,0.0,6.06378790444009,5.97378013106514,2.796563978654798e-16,1.1171619185290638e-15,0.801499944973947,0.0,-6.25,6.250000000000001,0.15811388300841892,0.15811388300841886,9.625091505977938e-09,2.201037659432417e-06,0.006063820829295871,0.006,2.4747846915973425e-06,0.005973751417322862,0.006,0.3,0.0,0.27130978894119956,0.0
4579,4.579,4.58,-4.3082344556852465,4.418693954635628,0.05522974947519055,8.726928410320873,-0.10092622477726909,0.10556384273628094,1,1,-4.3082344556852465,4.418693954635628,-6.0,6.0,0.0,12.0,0.028404738688995016,0.0,0.028404738688995016,0.0,-0.028404738688995016,-0.028404738688995016,0.0,0.0,0.0,0.0,0.0,0.0,2.84189457936464e-05,0.0,6.063458887926564,5.974065695360086,9.703744969016825e-16,1.1136924715771102e-15,0.8014999449961289,0.0,-6.25,6.250000000000001,0.15811388300841892,0.15811388300841886,9.625605998039125e-09,2.200150383786195e-06,0.006063491770226219,0.006,2.4750400306916555e-06,0.005974037267212875,0.006,0.3,0.0,0.2715952613110061,0.0
4589,4.589,4.59,-4.30844230926023,4.418053582012903,0.05480563637633651,8.726495891273133,-0.10089382663566848,0.10557357396568073,1,1,-4.30844230926023,4.418053582012903,-6.0,6.0,0.0,12.0,0.028122106816728075,0.0,0.028122106816728075,0.0,-0.028122106816728075,-0.028122106816728075,0.0,0.0,0.0,0.0,0.0,0.0,2.8136172558326233e-05,0.0,6.063130310302439,5.9743484193492264,8.254166664403706e-16,1.186550857568136e-15,0.8014999450180609,0.0,-6.25,6.250000000000001,0.15811388300841892,0.15811388300841886,9.626132171701963e-09,2.1992731060002057e-06,0.006063163147630537,0.006,2.4752924815762966e-06,0.005974320273956834,0.006,0.3,0.0,0.2718778931832731,0.0
4599,4.599,4.6000000000000005,-4.30865164235984,4.417421868732267,0.054385113186213196,8.726073511092107,-0.10086150203996863,0.10558310708671081,1,1,-4.30865164235984,4.417421868732267,-6.0,6.0,0.0,12.0,0.027842287178577972,0.0,0.027842287178577972,0.0,-0.027842287178577972,-0.027842287178577972,0.0,0.0,0.0,0.0,0.0,0.0,2.7856212963708787e-05,0.0,6.062802195435069,5.974628331278954,1.0902737046514233e-15,1.186550857568136e-15,0.8014999450397392,0.0,-6.25,6.250000000000001,0.15811388300841892,0.15811388300841886,9.626670205372806e-09,2.198405970325784e-06,0.006062834985428233,0.006,2.475541986395324e-06,0.005974600465829468,0.006,0.3,0.0,0.2721577128214232,0.0
4609,4.609,4.61,-4.308862412728777,4.416798681119808,0.05396813419551538,8.725661093848585,-0.10082925422642969,0.1055924467885283,1,1,-4.308862412728777,4.416798681119808,-6.0,6.0,0.0,12.0,0.027565251792347714,0.0,0.027565251792347714,0.0,-0.027565251792347714,-0.027565251792347714,0.0,0.0,0.0,0.0,0.0,0.0,2.7579039013601304e-05,0.0,6.062474566675662,5.974905459113899,1.807581861967833e-15,1.2906342661267445e-15,0.8014999450611605,0.0,-6.25,6.250000000000001,0.15811388300841892,0.15811388300841886,9.62722027510652e-09,2.1975491184873944e-06,0.0060625073070217726,0.006,2.4757884878323644e-06,0.005974877870823452,0.006,0.3,0.0,0.27243474820765357,0.0
4619,4.619,4.62,-4.309074578571867,4.416183887999505,0.05355465471381926,8.725258466571372,-0.10079708633318252,0.1056015976298888,1,1,-4.309074578571867,4.416183887999505,-6.0,6.0,0.0,12.0,0.027290972954267814,0.0,0.027290972954267814,0.0,-0.027290972954267814,-0.027290972954267814,0.0,0.0,0.0,0.0,0.0,0.0,2.7304622990377793e-05,0.0,6.062147446867185,5.975179830539721,1.2819606487468604e-15,1.2906342661267445e-15,0.8014999450823213,0.0,-6.25,6.250000000000001,0.15811388300841892,0.15811388300841886,9.627782554569478e-09,2.196702689642669e-06,0.006062180135304592,0.006,2.476031929172784e-06,0.005975152516652228,0.006,0.3,0.0,0.27270902704573347,0.0
4629,4.6290000000000004,4.63,-4.309288098555277,4.415577360634046,0.05314463103938438,8.724865459189324,-0.10076500140228345,0.10561056404340019,1,1,-4.309288098555277,4.415577360634046,-6.0,6.0,0.0,12.0,0.02701942323622589,0.0,0.02701942323622589,0.0,-0.02701942323622589,-0.02701942323622589,0.0,0.0,0.0,0.0,0.0,0.0,2.7032937452207246e-05,0.0,6.061820858352149,5.975451472965913,9.532305500492555e-16,1.2524703496552547e-15,0.801499945103218,0.0,-6.25,6.250000000000001,0.15811388300841892,0.15811388300841886,9.628357215003612e-09,2.195866820266938e-06,0.006061853492668903,0.006,2.4762722543614224e-06,0.005975424430752769,0.006,0.3,0.0,0.27298057676377535,0.0
4639,4.639,4.64,-4.309502931807486,4.4149789726674395,0.052738020429976995,8.724481904474924,-0.10073300238172878,0.10561935033962078,1,1,-4.309502931807486,4.4149789726674395,-6.0,6.0,0.0,12.0,0.02675057548302385,0.0,0.02675057548302385,0.0,-0.02675057548302385,-0.02675057548302385,0.0,0.0,0.0,0.0,0.0,0.0,2.676395523030944e-05,0.0,6.061494822980298,5.9757204135285455,7.103692634125025e-16,1.2836953722228372e-15,0.8014999451238474,0.0,-6.25,6.250000000000001,0.15811388300841892,0.15811388300841886,9.62894442519148e-09,2.195041644097724e-06,0.006061527401013381,0.006,2.4765094080536622e-06,0.005975693640288369,0.006,0.3,0.0,0.2732494245169774,0.0
4649,4.649,4.65,-4.309719037920028,4.414388600069349,0.052334781074660164,8.724107637989377,-0.10070109212743761,0.10562796071099861,1,1,-4.309719037920028,4.414388600069349,-6.0,6.0,0.0,12.0,0.02648440280966233,0.0,0.02648440280966233,0.0,-0.02648440280966233,-0.02648440280966233,0.0,0.0,0.0,0.0,0.0,0.0,2.6497649426238037e-05,0.0,6.06116936211619,5.9759866790929905,9.80118763926896e-16,1.3634926521177704e-15,0.8014999451442061,0.0,-6.25,6.250000000000001,0.15811388300841892,0.15811388300841886,9.629544351422399e-09,2.194227292061462e-06,0.006061201881750767,0.006,2.4767433356531756e-06,0.005975960172151351,0.006,0.3,0.0,0.273515597190339,0.0
4659,4.659,4.66,-4.309936376948023,4.413806121081081,0.05193487206652936,8.723742498029104,-0.10066927340520726,0.10563639923566293,1,1,-4.309936376948023,4.413806121081081,-6.0,6.0,0.0,12.0,0.02622087859865219,0.0,0.02622087859865219,0.0,-0.02622087859865219,-0.02622087859865219,0.0,0.0,0.0,0.0,0.0,0.0,2.6233993409190708e-05,0.0,6.060844496646674,5.976250296256639,8.803721640582296e-16,1.3357370765021415e-15,0.8014999451642911,0.0,-6.25,6.250000000000001,0.15811388300841892,0.15811388300841886,9.6301571574597e-09,2.1934238922202145e-06,0.006060876955815345,0.006,2.4769739833718775e-06,0.005976224052965778,0.006,0.3,0.0,0.27377912140134913,0.0
4669,4.6690000000000005,4.67,-4.310154909410492,4.413231416163179,0.05153825337634377,8.72338632557367,-0.10063754889262394,0.10564466988107563,1,1,-4.310154909410492,4.413231416163179,-6.0,6.0,0.0,12.0,0.025959976497352717,0.0,0.025959976497352717,0.0,-0.025959976497352717,-0.025959976497352717,0.0,0.0,0.0,0.0,0.0,0.0,2.5972960813346028e-05,0.0,6.06052024698827,5.976511291351565,1.0000680839006293e-15,1.339206523454095e-15,0.8014999451840992,0.0,-6.25,6.250000000000001,0.15811388300841892,0.15811388300841886,9.630783004509043e-09,2.192631569680627e-06,0.00606055264367034,0.006,2.4772012982854366e-06,0.005976485309090141,0.006,0.3,0.0,0.2740400235026486,0.0
4679,4.679,4.68,-4.310374596290478,4.412664367944545,0.051144885827033804,8.723038964235023,-0.1006059211809543,0.10565277650755045,1,1,-4.310374596290478,4.412664367944545,-6.0,6.0,0.0,12.0,0.02570167041533637,0.0,0.02570167041533637,0.0,-0.02570167041533637,-0.02570167041533637,0.0,0.0,0.0,0.0,0.0,0.0,2.5714525535226893e-05,0.0,6.060196633094439,5.976769690447185,1.2671951704103235e-15,1.3149203947904198e-15,0.8014999452036272,0.0,-6.25,6.250000000000001,0.15811388300841892,0.15811388300841886,9.631422051187888e-09,2.1918504465717296e-06,0.006060228965315195,0.006,2.4774252283532583e-06,0.005976743966619997,0.006,0.3,0.0,0.27429832958466493,0.0
4689,4.689,4.69,-4.310595399034967,4.4121048611730505,0.050754731069041714,8.722700260208018,-0.10057439277699337,0.10566072287163525,1,1,-4.310595399034967,4.4121048611730505,-6.0,6.0,0.0,12.0,0.025445934521779682,0.0,0.025445934521779682,0.0,-0.025445934521779682,-0.025445934521779682,0.0,0.0,0.0,0.0,0.0,0.0,2.545866173109012e-05,0.0,6.059873674462767,5.977025519352868,3.4188960256614775e-16,1.2802259252708836e-15,0.8014999452228724,0.0,-6.25,6.250000000000001,0.15811388300841892,0.15811388300841886,9.632074453496123e-09,2.191080641973877e-06,0.006059905940292762,0.006,2.4776457224784388e-06,0.00597700005139061,0.006,0.3,0.0,0.2745540654782216,0.0
4699,4.699,4.7,-4.310817279554637,4.411552782667575,0.050367751556468665,8.722370062222211,-0.10054296610488372,0.10566851262937604,1,1,-4.310817279554637,4.411552782667575,-6.0,6.0,0.0,12.0,0.02519274324288019,0.0,0.02519274324288019,0.0,-0.02519274324288019,-0.02519274324288019,0.0,0.0,0.0,0.0,0.0,0.0,2.520534381434208e-05,0.0,6.059551390142039,5.9772788036205515,1.017550843931958e-15,1.2906342661267445e-15,0.8014999452418315,0.0,-6.25,6.250000000000001,0.15811388300841892,0.15811388300841886,9.63274036478783e-09,2.19032227185436e-06,0.00605958358769639,0.006,2.4778627305521716e-06,0.0059772535889795406,0.006,0.3,0.0,0.2748072567571211,0.0
4709,4.7090000000000005,4.71,-4.31104020022342,4.41100802127142,0.049983910523999864,8.722048221494841,-0.10051164350790759,0.10567614933946062,1,1,-4.31104020022342,4.41100802127142,-6.0,6.0,0.0,12.0,0.024942071259299013,0.0,0.024942071259299013,0.0,-0.024942071259299013,-0.024942071259299013,0.0,0.0,0.0,0.0,0.0,0.0,2.4954546452980002e-05,0.0,6.059229798739222,5.977529568547301,1.1839487723541708e-15,1.1969591984239969e-15,0.8014999452605022,0.0,-6.25,6.250000000000001,0.15811388300841892,0.15811388300841886,9.633419935744273e-09,2.1895754490429767e-06,0.006059261926176916,0.006,2.4780762035025995e-06,0.005977504604709228,0.006,0.3,0.0,0.2750579287407022,0.0
4719,4.719,4.72,-4.3112641238778995,4.410470467807057,0.04960317196457886,8.721734591684957,-0.10048042725023937,0.10568363646624696,1,1,-4.3112641238778995,4.410470467807057,-6.0,6.0,0.0,12.0,0.024693893503628883,0.0,0.024693893503628883,0.0,-0.024693893503628883,-0.024693893503628883,0.0,0.0,0.0,0.0,0.0,0.0,2.4706244567058737e-05,0.0,6.058908918426354,5.977777839177865,9.671896530200064e-16,1.2212453270876722e-15,0.8014999452788812,0.0,-6.25,6.250000000000001,0.15811388300841892,0.15811388300841886,9.634113314348027e-09,2.188840283176526e-06,0.006058940973949568,0.006,2.4782860933125762e-06,0.005977753123649535,0.006,0.3,0.0,0.2753061064963723,0.0
4729,4.729,4.73,-4.3114890138165505,4.409940015032153,0.04922550060780129,8.721429028848704,-0.1004493195186712,0.10569097738268307,1,1,-4.3114890138165505,4.409940015032153,-6.0,6.0,0.0,12.0,0.024448185157887437,0.0,0.024448185157887437,0.0,-0.024448185157887437,-0.024448185157887437,0.0,0.0,0.0,0.0,0.0,0.0,2.446041332618279e-05,0.0,6.058588766947344,5.9780236403071925,2.527492104498208e-15,1.1657341758564144e-15,0.8014999452969663,0.0,-6.25,6.250000000000001,0.15811388300841892,0.15811388300841886,9.634820645858386e-09,2.188116880654394e-06,0.006058620748800758,0.006,2.4784923530685175e-06,0.005977999170620283,0.006,0.3,0.0,0.2755518148421137,0.0
4739,4.739,4.74,-4.3117148337988205,4.409416557596833,0.048850861899006226,8.721131391395653,-0.10041832242430909,0.10569817537312287,1,1,-4.3117148337988205,4.409416557596833,-6.0,6.0,0.0,12.0,0.02420492165103534,0.0,0.02420492165103534,0.0,-0.02420492165103534,-0.02420492165103534,0.0,0.0,0.0,0.0,0.0,0.0,2.421702814702321e-05,0.0,6.058269361624655,5.978266996482936,7.219566741309413e-16,1.2351231148954867e-15,0.8014999453147548,0.0,-6.25,6.250000000000001,0.15811388300841892,0.15811388300841886,9.635542072787934e-09,2.187405344623013e-06,0.0060583012680948,0.006,2.4786949369892675e-06,0.005978242770193734,0.006,0.3,0.0,0.2757950783489659,0.0
4749,4.749,4.75,-4.311941548044066,4.408899992002139,0.048479221979036424,8.720841540046205,-0.10038743800423328,0.10570523363604062,1,1,-4.311941548044066,4.408899992002139,-6.0,6.0,0.0,12.0,0.02396407865651918,0.0,0.02396407865651918,0.0,-0.02396407865651918,-0.02396407865651918,0.0,0.0,0.0,0.0,0.0,0.0,2.3976064690859253e-05,0.0,6.05795071936593,5.978507932007921,1.36735512235725e-15,1.1726730697603216e-15,0.801499945332244,0.0,-6.25,6.250000000000001,0.15811388300841892,0.15811388300841886,9.636277734880392e-09,2.1867057749070284e-06,0.006057982548780521,0.006,2.4788938004749463e-06,0.0059784839466970946,0.006,0.3,0.0,0.276035921343482,0.0
4759,4.759,4.76,-4.312169121230348,4.4083902165596385,0.048110547664645065,8.720559337789986,-0.100356668223133,0.10571215528664801,1,1,-4.312169121230348,4.4083902165596385,-6.0,6.0,0.0,12.0,0.023725632089838796,0.0,0.023725632089838796,0.0,-0.023725632089838796,-0.023725632089838796,0.0,0.0,0.0,0.0,0.0,0.0,2.37374988611445e-05,0.0,6.057632856670499,5.978746470942594,1.1544584732625651e-15,1.106753577673203e-15,0.8014999453494316,0.0,-6.25,6.250000000000001,0.15811388300841892,0.15811388300841886,9.637027769089686e-09,2.1860182680092967e-06,0.006057664607397795,0.006,2.4790889001202745e-06,0.005978722724214938,0.006,0.3,0.0,0.2762743679101623,0.0
4769,4.769,4.7700000000000005,-4.312397518493091,4.407887131352148,0.04774480642952872,8.72028464984524,-0.10032601497490912,0.10571894335942439,1,1,-4.312397518493091,4.407887131352148,-6.0,6.0,0.0,12.0,0.023489558106138828,0.0,0.023489558106138828,0.0,-0.023489558106138828,-0.023489558106138828,0.0,0.0,0.0,0.0,0.0,0.0,2.350130680109718e-05,0.0,6.057315789635821,5.9789826371074595,7.970308983119845e-16,1.096345236817342e-15,0.8014999453663154,0.0,-6.25,6.250000000000001,0.15811388300841892,0.15811388300841886,9.63779230956028e-09,2.185342917064258e-06,0.006057347460083977,0.006,2.479280193765643e-06,0.005978959126591649,0.006,0.3,0.0,0.27651044189386226,0.0
4779,4.779,4.78,-4.312626705423615,4.407390638195535,0.04738196638595982,8.720017343619151,-0.10029548008424705,0.10572560081054921,1,1,-4.312626705423615,4.407390638195535,-6.0,6.0,0.0,12.0,0.023255833097824172,0.0,0.023255833097824172,0.0,-0.023255833097824172,-0.023255833097824172,0.0,0.0,0.0,0.0,0.0,0.0,2.3267464891314456e-05,0.0,6.056999533963806,5.97921645408546,6.910704647422605e-16,1.141448047192739e-15,0.801499945382893,0.0,-6.25,6.250000000000001,0.15811388300841892,0.15811388300841886,9.638571487608757e-09,2.184679811815729e-06,0.006057031122580253,0.006,2.479467640499333e-06,0.005979193177433824,0.006,0.3,0.0,0.27674416690217696,0.0
4789,4.789,4.79,-4.312856648067549,4.406900640601546,0.047021996266998656,8.719757288669095,-0.10026506530816243,0.10573213052025521,1,1,-4.312856648067549,4.406900640601546,-6.0,6.0,0.0,12.0,0.023024433692199222,0.0,0.023024433692199222,0.0,-0.023024433692199222,-0.023024433692199222,0.0,0.0,0.0,0.0,0.0,0.0,2.3035949747410483e-05,0.0,6.056684104967089,5.97944794522437,1.4944642745540193e-15,1.1900203045200897e-15,0.8014999453991624,0.0,-6.25,6.250000000000001,0.15811388300841892,0.15811388300841886,9.63936543170667e-09,2.1840290386124652e-06,0.006056715610237905,0.006,2.4796512007063676e-06,0.005979424900112649,0.006,0.3,0.0,0.27697556630780196,0.0
4799,4.799,4.8,-4.313087312923116,4.406417043741656,0.04666486540926984,8.719504356664771,-0.1002347723375166,0.10573853529510041,1,1,-4.313087312923116,4.406417043741656,-6.0,6.0,0.0,12.0,0.022795336749130587,0.0,0.022795336749130587,0.0,-0.022795336749130587,-0.022795336749130587,0.0,0.0,0.0,0.0,0.0,0.0,2.2806738217677944e-05,0.0,6.056369517575183,5.979677133639152,1.4580350815585064e-15,1.1622647289044608e-15,0.8014999454151213,0.0,-6.25,6.250000000000001,0.15811388300841892,0.15811388300841886,9.64017426746466e-09,2.183390680374853e-06,0.006056400938024483,0.006,2.479830836081831e-06,0.005979654317766257,0.006,0.3,0.0,0.27720466325087056,0.0
4809,4.809,4.8100000000000005,-4.31331866693932,4.405939754411871,0.04631054373627519,8.719258421351192,-0.1002046027985018,0.10574481787016171,1,1,-4.31331866693932,4.405939754411871,-6.0,6.0,0.0,12.0,0.022568519358733042,0.0,0.022568519358733042,0.0,-0.022568519358733042,-0.022568519358733042,0.0,0.0,0.0,0.0,0.0,0.0,2.2579807380772846e-05,0.0,6.05605578634057,5.979904042214271,2.063453574674412e-15,1.2108369862318114e-15,0.8014999454307679,0.0,-6.25,6.250000000000001,0.15811388300841892,0.15811388300841886,9.640998117617841e-09,2.1827648165815846e-06,0.006056087120529902,0.006,2.480006509655297e-06,0.005979881453302064,0.006,0.3,0.0,0.27743148064126816,0.0
4819,4.819,4.82,-4.31355067751402,4.405468680998483,0.04595900174223155,8.719019358512504,-0.10017455825410221,0.10575098091114649,1,1,-4.31355067751402,4.405468680998483,-6.0,6.0,0.0,12.0,0.022343958839078526,0.0,0.022343958839078526,0.0,-0.022343958839078526,-0.022343958839078526,0.0,0.0,0.0,0.0,0.0,0.0,2.2355134543422392e-05,0.0,6.0557429254447035,5.980128693606019,2.850150671029894e-15,1.1657341758564144e-15,0.8014999454461003,0.0,-6.25,6.250000000000001,0.15811388300841892,0.15811388300841886,9.64183710201246e-09,2.1821515232563393e-06,0.006055774171972447,0.006,2.480178185815252e-06,0.005980106329399073,0.006,0.3,0.0,0.27765604116092263,0.0
4829,4.829,4.83,-4.313783312491898,4.4050037334447225,0.04561021047641223,8.71878704593662,-0.10014464020552699,0.10575702701643958,1,1,-4.313783312491898,4.4050037334447225,-6.0,6.0,0.0,12.0,0.022121632733927945,0.0,0.022121632733927945,0.0,-0.022121632733927945,-0.022121632733927945,0.0,0.0,0.0,0.0,0.0,0.0,2.213269723815562e-05,0.0,6.055430948703912,5.980351110244795,7.140013406903289e-16,1.1345091532888318e-15,0.8014999454611165,0.0,-6.25,6.250000000000001,0.15811388300841892,0.15811388300841886,9.642691337593819e-09,2.181550872954458e-06,0.006055462106204698,0.006,2.480345830322417e-06,0.005980328968510166,0.006,0.3,0.0,0.2778783672660732,0.0
4839,4.839,4.84,-4.314016540162339,4.4045448232182896,0.04526414152797509,8.71856136338063,-0.10011485009361082,0.10576295871907837,1,1,-4.314016540162339,4.4045448232182896,-6.0,6.0,0.0,12.0,0.021901518810485517,0.0,0.021901518810485517,0.0,-0.021901518810485517,-0.021901518810485517,0.0,0.0,0.0,0.0,0.0,0.0,2.1912473221056643e-05,0.0,6.055119869575254,5.980571314337358,1.4970663597679845e-15,1.0512424264419451e-15,0.8014999454758149,0.0,-6.25,6.250000000000001,0.15811388300841892,0.15811388300841886,9.643560938395467e-09,2.1809629347784868e-06,0.00605515093671938,0.006,2.4805094103319546e-06,0.005980549392864375,0.006,0.3,0.0,0.2780984811895155,0.0
4849,4.849,4.8500000000000005,-4.31425032925722,4.404091863279738,0.0449207670112588,8.718342192536959,-0.100085189300195,0.10576877848866018,1,1,-4.31425032925722,4.404091863279738,-6.0,6.0,0.0,12.0,0.021683595057175466,0.0,0.021683595057175466,0.0,-0.021683595057175466,-0.021683595057175466,0.0,0.0,0.0,0.0,0.0,0.0,2.169444046954023e-05,0.0,6.0548097011622595,5.9807893278690845,1.2203847416132618e-15,1.2004286453759505e-15,0.8014999454901939,0.0,-6.25,6.250000000000001,0.15811388300841892,0.15811388300841886,9.644446015529658e-09,2.180387774347092e-06,0.006054840676655115,0.006,2.48066889440679e-06,0.005980767624469105,0.006,0.3,0.0,0.2783164049428257,0.0
4859,4.859,4.86,-4.314484648948598,4.403644768051675,0.04458005955153821,8.718129417000274,-0.1000556591494775,0.10577448873318351,1,1,-4.314484648948598,4.403644768051675,-6.0,6.0,0.0,12.0,0.021467839681440847,0.0,0.021467839681440847,0.0,-0.021467839681440847,-0.021467839681440847,0.0,0.0,0.0,0.0,0.0,0.0,2.1478577180149524e-05,0.0,6.054500456220606,5.981005172606172,5.611830444784971e-16,1.1761425167122752e-15,0.801499945504252,0.0,-6.25,6.250000000000001,0.15811388300841892,0.15811388300841886,9.645346677179074e-09,2.1798254538039395e-06,0.00605453133880212,0.006,2.4808242525420354e-06,0.005980983685112378,0.006,0.3,0.0,0.2785321603185603,0.0
4869,4.869,4.87,-4.314719468846332,4.403203453388762,0.04424199227121495,8.717922922235093,-0.10002626090933664,0.10578009180083336,1,1,-4.314719468846332,4.403203453388762,-6.0,6.0,0.0,12.0,0.021254231107564296,0.0,0.021254231107564296,0.0,-0.021254231107564296,-0.021254231107564296,0.0,0.0,0.0,0.0,0.0,0.0,2.1264861766375702e-05,0.0,6.054192147163728,5.981218870097843,5.551115123125783e-16,1.1587952819525071e-15,0.8014999455179874,0.0,-6.25,6.250000000000001,0.15811388300841892,0.15811388300841886,9.646263028589781e-09,2.1792760318265792e-06,0.006054222935607801,0.006,2.4809754561627705e-06,0.005981197596365014,0.006,0.3,0.0,0.27874576889243685,0.0
4879,4.8790000000000004,4.88,-4.314954758995615,4.40276783654848,0.04390653877643258,8.717722595544096,-0.09999699579263471,0.10578558998169757,1,1,-4.314954758995615,4.40276783654848,-6.0,6.0,0.0,12.0,0.02104274797451043,0.0,0.02104274797451043,0.0,-0.02104274797451043,-0.02104274797451043,0.0,0.0,0.0,0.0,0.0,0.0,2.1053272856499307e-05,0.0,6.053884786068327,5.981430441678519,1.1570605584765303e-15,1.096345236817342e-15,0.8014999455313991,0.0,-6.25,6.250000000000001,0.15811388300841892,0.15811388300841886,9.647195172065447e-09,2.1787395636109005e-06,0.006053915479182285,0.006,2.4811224781284837e-06,0.0059814093795828175,0.006,0.3,0.0,0.27895725202549065,0.0
4889,4.889,4.89,-4.315190489874437,4.402337836162644,0.04357367314410343,8.717528326037081,-0.0999678649584873,0.10579098550943994,1,1,-4.315190489874437,4.402337836162644,-6.0,6.0,0.0,12.0,0.020833369133789695,0.0,0.020833369133789695,0.0,-0.020833369133789695,-0.020833369133789695,0.0,0.0,0.0,0.0,0.0,0.0,2.0843789291453014e-05,0.0,6.053578384679819,5.981639908469969,9.602507591160991e-16,1.1136924715771102e-15,0.8014999455444857,0.0,-6.25,6.250000000000001,0.15811388300841892,0.15811388300841886,9.64814320696279e-09,2.1782161008977767e-06,0.0060536089813038735,0.006,2.481265292770818e-06,0.005981619055908728,0.006,0.3,0.0,0.2791666308662114,0.0
4899,4.899,4.9,-4.3154266323909765,4.401913372209637,0.0432433699093302,8.717340004600613,-0.0999388695135181,0.10579628056290175,1,1,-4.3154266323909765,4.401913372209637,-6.0,6.0,0.0,12.0,0.020626073647343538,0.0,0.020626073647343538,0.0,-0.020626073647343538,-0.020626073647343538,0.0,0.0,0.0,0.0,0.0,0.0,2.0636390122705747e-05,0.0,6.053272954417702,5.9818472913834455,1.0633854907737827e-15,1.169203622808368e-15,0.8014999455572459,0.0,-6.25,6.250000000000001,0.15811388300841892,0.15811388300841886,9.64910722968825e-09,2.177705691970846e-06,0.006053303453424419,0.006,2.4814038758713685e-06,0.005981826646274951,0.006,0.3,0.0,0.2793739263526576,0.0
4909,4.909,4.91,-4.315663157880916,4.401494365987339,0.042915604053211265,8.717157523868256,-0.09991001051307902,0.10580147726766326,1,1,-4.315663157880916,4.401494365987339,-6.0,6.0,0.0,12.0,0.020420840785450565,0.0,0.020420840785450565,0.0,-0.020420840785450565,-0.020420840785450565,0.0,0.0,0.0,0.0,0.0,0.0,2.0431054610167796e-05,0.0,6.0529685063808545,5.982052611121791,1.0998146837692957e-15,1.1969591984239969e-15,0.8014999455696787,0.0,-6.25,6.250000000000001,0.15811388300841892,0.15811388300841886,9.650087333695869e-09,2.1772083816676147e-06,0.006052998906674625,0.006,2.481538204686107e-06,0.005982032171405079,0.006,0.3,0.0,0.2795791592145506,0.0
4919,4.9190000000000005,4.92,-4.315900038104712,4.401080740086744,0.042590350991015935,8.716980778191456,-0.0998812889624559,0.10580657769755114,1,1,-4.315900038104712,4.401080740086744,-6.0,6.0,0.0,12.0,0.02021765002465356,0.0,0.02021765002465356,0.0,-0.02021765002465356,-0.02021765002465356,0.0,0.0,0.0,0.0,0.0,0.0,2.0227762220116798e-05,0.0,6.0526650513527525,5.982255888181531,5.273559366969494e-16,1.1379786002407855e-15,0.801499945581783,0.0,-6.25,6.250000000000001,0.15811388300841892,0.15811388300841886,9.651083609486395e-09,2.1767242113905556e-06,0.006052695351869274,0.006,2.4816682579498207e-06,0.005982235651816174,0.006,0.3,0.0,0.27978234997534757,0.0
4929,4.929,4.93,-4.316137245244788,4.400672418366226,0.04226758656071894,8.716809663611015,-0.09985270581804345,0.10581158387609091,1,1,-4.316137245244788,4.400672418366226,-6.0,6.0,0.0,12.0,0.020016481045707118,0.0,0.020016481045707118,0.0,-0.020016481045707118,-0.020016481045707118,0.0,0.0,0.0,0.0,0.0,0.0,2.0026492623144335e-05,0.0,6.05236259980662,5.9824571428549405,2.226517581416232e-15,1.0928757898653885e-15,0.8014999455935577,0.0,-6.25,6.250000000000001,0.15811388300841892,0.15811388300841886,9.652096144607541e-09,2.176253219131537e-06,0.006052392799512386,0.006,2.481794015858352e-06,0.005982437107820844,0.006,0.3,0.0,0.27998351895429396,0.0
4939,4.939,4.94,-4.3163747519026785,4.40026932592644,0.041947287011880885,8.71664407782912,-0.09982426198850064,0.10581649777791885,1,1,-4.3163747519026785,4.40026932592644,-6.0,6.0,0.0,12.0,0.01981731373154571,0.0,0.01981731373154571,0.0,-0.01981731373154571,-0.01981731373154571,0.0,0.0,0.0,0.0,0.0,0.0,1.9827225692122992e-05,0.0,6.052061161910508,5.982656395232097,1.609823385706477e-15,1.1032841307212493e-15,0.8014999456050023,0.0,-6.25,6.250000000000001,0.15811388300841892,0.15811388300841886,9.65312502365543e-09,2.1757954394696e-06,0.006052091259802304,0.006,2.481915460095241e-06,0.0059826365595292905,0.006,0.3,0.0,0.2801826862684554,0.0
4949,4.949,4.95,-4.316612531096119,4.399864729456182,0.04162609918003124,8.7164772605523,-0.09979595833588151,0.10061153366636683,1,1,-4.316612531096119,4.399864729456182,-6.0,6.0,0.0,12.0,0.01962012816527194,0.0,0.01962012816527194,0.0,-0.01962012816527194,-0.01962012816527194,0.0,0.0,0.0,0.0,0.0,0.0,1.9629941500193608e-05,0.0,6.051760747532296,5.982853665202895,2.7182981343285006e-16,1.1275702593849246e-15,0.8014999456161156,0.0,-6.25,6.250000000000001,0.15811388300841892,0.15811388300841886,9.65417032827721e-09,2.1753509036264696e-06,0.006051790742636699,0.006,2.482032573813964e-06,0.005982834026851343,0.006,0.3,0.0,0.2803798718347292,0.0
4959,4.9590000000000005,4.96,-4.31685055625609,4.399451537669163,0.04130049070653685,8.716302093925254,-0.09976779567674537,0.10061684028926349,1,1,-4.31685055625609,4.399451537669163,-6.0,6.0,0.0,12.0,0.019424904628164853,0.0,0.019424904628164853,0.0,-0.019424904628164853,-0.019424904628164853,0.0,0.0,0.0,0.0,0.0,0.0,1.9434620318772576e-05,0.0,6.0514613662446415,5.983048972459068,7.944355893615973e-16,1.0894063429134349e-15,0.8014999456268972,0.0,-6.25,6.250000000000001,0.15811388300841892,0.15811388300841886,9.655232137174783e-09,2.1749196394354693e-06,0.006051491257617532,0.006,2.4821453416579154e-06,0.005983029529498457,0.006,0.3,0.0,0.2805750953718362,0.0
4969,4.969,4.97,-4.317088801223801,4.399043623579731,0.04097741117796483,8.716132424803533,-0.09973977478324125,0.1006220500712654,1,1,-4.317088801223801,4.399043623579731,-6.0,6.0,0.0,12.0,0.019231623597708056,0.0,0.019231623597708056,0.0,-0.019231623597708056,-0.019231623597708056,0.0,0.0,0.0,0.0,0.0,0.0,1.9241242615578992e-05,0.0,6.0511630273298325,5.98324233649617,2.96637714392034e-16,1.0859368959614812e-15,0.8014999456373464,0.0,-6.25,6.250000000000001,0.15811388300841892,0.15811388300841886,9.656310526109662e-09,2.1745016714059146e-06,0.006051192814055912,0.006,2.482253749718222e-06,0.0059832230869857166,0.006,0.3,0.0,0.280768376402293,0.0
4979,4.979,4.98,-4.317327240247646,4.398640913089874,0.04065683642111395,8.71596815333752,-0.0997118963841781,0.10062716500963881,1,1,-4.317327240247646,4.398640913089874,-6.0,6.0,0.0,12.0,0.01904026574563744,0.0,0.01904026574563744,0.0,-0.01904026574563744,-0.01904026574563744,0.0,0.0,0.0,0.0,0.0,0.0,1.904978905268139e-05,0.0,6.0508657397846015,5.983433776615543,1.1856834958301476e-15,1.1657341758564144e-15,0.8014999456474626,0.0,-6.25,6.250000000000001,0.15811388300841892,0.15811388300841886,9.657405567908936e-09,2.174097020725331e-06,0.00605089542097691,0.006,2.4823577855714874e-06,0.005983414718633795,0.006,0.3,0.0,0.2809597342543637,0.0
4989,4.989,4.99,-4.317565847980108,4.398243333296918,0.0403387426584052,8.715809181277026,-0.09968416116606232,0.10063218705446936,1,1,-4.317565847980108,4.398243333296918,-6.0,6.0,0.0,12.0,0.018850811936008325,0.0,0.018850811936008325,0.0,-0.018850811936008325,-0.018850811936008325,0.0,0.0,0.0,0.0,0.0,0.0,1.886024048456393e-05,0.0,6.050569512324855,5.983623311926264,1.2111961282014472e-15,1.1969591984239969e-15,0.8014999456572456,0.0,-6.25,6.250000000000001,0.15811388300841892,0.15811388300841886,9.658517332472312e-09,2.173705705306086e-06,0.006050599087124307,0.006,2.4824574382598108e-06,0.0059836044435709135,0.006,0.3,0.0,0.28114918806399286,0.0
4999,4.999,5.0,-4.3178045994746235,4.397850812470309,0.040023106497842686,8.715655411944933,-0.09965656977412696,0.10063711810994552,1,1,-4.3178045994746235,4.397850812470309,-6.0,6.0,0.0,12.0,0.018663243223281875,0.0,0.018663243223281875,0.0,-0.018663243223281875,-0.018663243223281875,0.0,0.0,0.0,0.0,0.0,0.0,1.8672577956211847e-05,0.0,6.050274353390339,5.983810961347076,7.337880303381894e-16,1.2073675392798577e-15,0.8014999456666947,0.0,-6.25,6.250000000000001,0.15811388300841892,0.15811388300841886,9.65964588678021e-09,2.1733277397831666e-06,0.006050303820965254,0.006,2.4825526982663604e-06,0.005983792280734757,0.006,0.3,0.0,0.2813367567767193,0.0
5009,5.009,5.01,-4.31804347018242,4.397463280028962,0.039709904923270756,8.715506750211382,-0.09962912281332809,0.10064196003560177,1,1,-4.31804347018242,4.397463280028962,-6.0,6.0,0.0,12.0,0.018477540850430508,0.0,0.018477540850430508,0.0,-0.018477540850430508,-0.018477540850430508,0.0,0.0,0.0,0.0,0.0,0.0,1.848678270121592e-05,0.0,6.049980271149246,5.983996743608299,5.336985194059896e-16,1.2108369862318114e-15,0.8014999456758097,0.0,-6.25,6.250000000000001,0.15811388300841892,0.15811388300841886,9.660791294902897e-09,2.1729631355741325e-06,0.006050009630694895,0.006,2.482643557542019e-06,0.005983978248874406,0.006,0.3,0.0,0.2815224591495707,0.0
5019,5.019,5.0200000000000005,-4.318282435949311,4.39708066651914,0.039399115284914465,8.715363102468451,-0.09960182084933378,0.10064671464752067,1,1,-4.318282435949311,4.39708066651914,-6.0,6.0,0.0,12.0,0.018293686247062187,0.0,0.018293686247062187,0.0,-0.018293686247062187,-0.018293686247062187,0.0,0.0,0.0,0.0,0.0,0.0,1.8302836139895815e-05,0.0,6.0496872735027525,5.984180677253712,5.509983203207114e-16,1.1726730697603216e-15,0.8014999456845906,0.0,-6.25,6.250000000000001,0.15811388300841892,0.15811388300841886,9.661953618010651e-09,2.172611900883558e-06,0.006049716524240906,0.006,2.4827300094631965e-06,0.005984162366552208,0.006,0.3,0.0,0.281706313752939,0.0
5029,5.029,5.03,-4.318521473012465,4.396702903592869,0.03909071529020203,8.715224376605335,-0.09957466440947915,0.10065138371950694,1,1,-4.318521473012465,4.396702903592869,-6.0,6.0,0.0,12.0,0.01811166102756336,0.0,0.01811166102756336,0.0,-0.01811166102756336,-0.01811166102756336,0.0,0.0,0.0,0.0,0.0,0.0,1.8120719877442117e-05,0.0,6.0493953680894945,5.984362780642432,8.389420885421273e-16,1.1275702593849246e-15,0.8014999456930372,0.0,-6.25,6.250000000000001,0.15811388300841892,0.15811388300841886,9.66313291438489e-09,2.1722740407585402e-06,0.006049424509267976,0.006,2.482812048845151e-06,0.005984344652145663,0.006,0.3,0.0,0.28188833897243776,0.0
5039,5.039,5.04,-4.31876055799714,4.396329923986857,0.0387846829948586,8.715090481983998,-0.09954765398371507,0.10065596898421209,1,1,-4.31876055799714,4.396329923986857,-6.0,6.0,0.0,12.0,0.01793144698926039,0.0,0.01793144698926039,0.0,-0.01793144698926039,-0.01793144698926039,0.0,0.0,0.0,0.0,0.0,0.0,1.7940415702076814e-05,0.0,6.049104562289976,5.984543071950769,1.263746052249104e-15,1.0859368959614812e-15,0.8014999457011492,0.0,-6.25,6.250000000000001,0.15811388300841892,0.15811388300841886,9.664329239430296e-09,2.1719495571042443e-06,0.006049133593182229,0.006,2.4828896719175653e-06,0.005984525123849276,0.006,0.3,0.0,0.2820685530107407,0.0
5049,5.049,5.05,-4.318999667913402,4.39596166150191,0.038480996794254096,8.714961329415312,-0.09952079002552933,0.10066047213423607,1,1,-4.318999667913402,4.39596166150191,-6.0,6.0,0.0,12.0,0.017753026110599267,0.0,0.017753026110599267,0.0,-0.017753026110599267,-0.017753026110599267,0.0,0.0,0.0,0.0,0.0,0.0,1.7761905583232112e-05,0.0,6.048814863230928,5.984721569174052,9.211381657436846e-16,1.0651202142497596e-15,0.8014999457089269,0.0,-6.25,6.250000000000001,0.15811388300841892,0.15811388300841886,9.66554264568785e-09,2.1716384487260913e-06,0.0060488437831355745,0.006,2.4829628763112234e-06,0.005984703799676394,0.006,0.3,0.0,0.2822469738894018,0.0
5059,5.059,5.0600000000000005,-4.319238780152802,4.395598050982828,0.038179635415013013,8.714836831135631,-0.09949407295284984,0.10066489482318836,1,1,-4.319238780152802,4.395598050982828,-6.0,6.0,0.0,12.0,0.017576380549343438,0.0,0.017576380549343438,0.0,-0.017576380549343438,-0.017576380549343438,0.0,0.0,0.0,0.0,0.0,0.0,1.7585171669747365e-05,0.0,6.04852627778959,5.984898290128442,4.702557516566425e-16,1.0304257447302234e-15,0.8014999457163704,0.0,-6.25,6.250000000000001,0.15811388300841892,0.15811388300841886,9.666773182848827e-09,2.1713407113586255e-06,0.006048555086030012,0.006,2.4830316610713335e-06,0.005984880697461016,0.006,0.3,0.0,0.2824236194506576,0.0
5069,5.069,5.07,-4.319477872485054,4.395239028298777,0.03788057790686139,8.71471690078383,-0.09946750314893477,0.10066923866671879,1,1,-4.319477872485054,4.395239028298777,-6.0,6.0,0.0,12.0,0.01740149264078958,0.0,0.01740149264078958,0.0,-0.01740149264078958,-0.01740149264078958,0.0,0.0,0.0,0.0,0.0,0.0,1.7410196288083956e-05,0.0,6.048238812597946,5.985073252452745,9.994582201786062e-16,1.0269562977782698e-15,0.8014999457234797,0.0,-6.25,6.250000000000001,0.15811388300841892,0.15811388300841886,9.668020897769638e-09,2.17105633771214e-06,0.006048267508521864,0.006,2.4830960265975756e-06,0.0059850558348595985,0.006,0.3,0.0,0.28259850735921144,0.0
5079,5.079,5.08,-4.319716923054669,4.394884530324096,0.037583803634713586,8.714601453378766,-0.09944108096323734,0.10067350524351953,1,1,-4.319716923054669,4.394884530324096,-6.0,6.0,0.0,12.0,0.017228344896001092,0.0,0.017228344896001092,0.0,-0.017228344896001092,-0.017228344896001092,0.0,0.0,0.0,0.0,0.0,0.0,1.72369619405579e-05,0.0,6.04795247404689,5.985246473610177,1.6263032587282567e-15,9.783840404509192e-16,0.8014999457302552,0.0,-6.25,6.250000000000001,0.15811388300841892,0.15811388300841886,9.669285834487566e-09,2.1707853175104284e-06,0.006047981057025944,0.006,2.4831559746707476e-06,0.00598522922935284,0.006,0.3,0.0,0.2827716551039999,0.0
5089,5.089,5.09,-4.319955910377587,4.394534494919568,0.037289292270990426,8.714490405297155,-0.09941480671225633,0.10067769609628935,1,1,-4.319955910377587,4.394534494919568,-6.0,6.0,0.0,12.0,0.017056920000059213,0.0,0.017056920000059213,0.0,-0.017056920000059213,-0.017056920000059213,0.0,0.0,0.0,0.0,0.0,0.0,1.706545130359009e-05,0.0,6.04766726829034,5.985417970890128,6.999304293705405e-16,9.506284648352903e-16,0.8014999457366973,0.0,-6.25,6.250000000000001,0.15811388300841892,0.15811388300841886,9.670568034237335e-09,2.1705276375196488e-06,0.006047695737719687,0.006,2.4832115084150174e-06,0.005985400898247436,0.006,0.3,0.0,0.2829430799999417,0.0
5099,5.099,5.1000000000000005,-4.320194813337785,4.394188860914101,0.03699702378815761,8.714383674251886,-0.09938868068037371,0.10068181273268112,1,1,-4.320194813337785,4.394188860914101,-6.0,6.0,0.0,12.0,0.016887200810331484,0.0,0.016887200810331484,0.0,-0.016887200810331484,-0.016887200810331484,0.0,0.0,0.0,0.0,0.0,0.0,1.6895647225973892e-05,0.0,6.047383201249292,5.985587761409917,1.7251824968589347e-15,9.679756995950584e-16,0.8014999457428061,0.0,-6.25,6.250000000000001,0.15811388300841892,0.15811388300841886,9.671867535468493e-09,2.170283281592732e-06,0.006047411556547199,0.006,2.483262632291261e-06,0.0059855708586778284,0.006,0.3,0.0,0.2831127991896695,0.0
5109,5.109,5.11,-4.3204336111838755,4.393847568086835,0.036706978451479966,8.71428117927071,-0.09936270312066287,0.1006858566262081,1,1,-4.3204336111838755,4.393847568086835,-6.0,6.0,0.0,12.0,0.0167191703547575,0.0,0.0167191703547575,0.0,-0.0167191703547575,-0.0167191703547575,0.0,0.0,0.0,0.0,0.0,0.0,1.6727532727160045e-05,0.0,6.0471002786158135,5.985755862116497,1.3296655443362226e-15,9.922618282587337e-16,0.8014999457485824,0.0,-6.25,6.250000000000001,0.15811388300841892,0.15811388300841886,9.673184373863554e-09,2.1700522307182326e-06,0.006047128519223262,0.006,2.4833093520792993e-06,0.005985739127607935,0.006,0.3,0.0,0.2832808296452435,0.0
5119,5.119,5.12,-4.320672283525682,4.393510557149655,0.03641913681198661,8.714182840675338,-0.09933687425569326,0.10068982921713293,1,1,-4.320672283525682,4.393510557149655,-6.0,6.0,0.0,12.0,0.01655281183015168,0.0,0.01655281183015168,0.0,-0.01655281183015168,-0.01655281183015168,0.0,0.0,0.0,0.0,0.0,0.0,1.656109099555857e-05,0.0,6.0468185058569865,5.985922289788185,1.2475202891115006e-15,1.1206313654810174e-15,0.8014999457540265,0.0,-6.25,6.250000000000001,0.15811388300841892,0.15811388300841886,9.674518582356948e-09,2.1698344630514146e-06,0.006046846631237285,0.006,2.483351674851253e-06,0.0059859057218328605,0.006,0.3,0.0,0.28344718816984943,0.0
5129,5.1290000000000004,5.13,-4.32091081033082,4.39317776973009,0.036133479699635096,8.71408858006091,-0.09931119427830898,0.1006937319133247,1,1,-4.32091081033082,4.39317776973009,-6.0,6.0,0.0,12.0,0.016388108600522932,0.0,0.016388108600522932,0.0,-0.016388108600522932,-0.016388108600522932,0.0,0.0,0.0,0.0,0.0,0.0,1.6396305386857604e-05,0.0,6.046537888218797,5.986087061036344,8.248610128269718e-16,1.1206313654810174e-15,0.8014999457591393,0.0,-6.25,6.250000000000001,0.15811388300841892,0.15811388300841886,9.675870191154648e-09,2.1696299539586605e-06,0.006046565897857184,0.006,2.48338960895822e-06,0.005986070657980585,0.006,0.3,0.0,0.2836118913994782,0.0
5139,5.139,5.14,-4.321149171921249,4.392849148354598,0.03584998821667451,8.713998320275847,-0.09928566335239947,0.10069756609109165,1,1,-4.321149171921249,4.392849148354598,-6.0,6.0,0.0,12.0,0.016225044195411046,0.0,0.016225044195411046,0.0,-0.016225044195411046,-0.016225044195411046,0.0,0.0,0.0,0.0,0.0,0.0,1.6233159422358963e-05,0.0,6.046258430729953,5.986250192307055,2.185751579730777e-16,1.0581813203458523e-15,0.8014999457639213,0.0,-6.25,6.250000000000001,0.15811388300841892,0.15811388300841886,9.677239227754531e-09,2.169438676064101e-06,0.006046286324133227,0.006,2.4834231640191717e-06,0.005986233952513644,0.006,0.3,0.0,0.28377495580459,0.0
5149,5.149,5.15,-4.321387348969834,4.392524636432233,0.0355686437311995,8.713911985402067,-0.09926028161364286,0.10070133309599133,1,1,-4.321387348969834,4.392524636432233,-6.0,6.0,0.0,12.0,0.016063602308239614,0.0,0.016063602308239614,0.0,-0.016063602308239614,-0.016063602308239614,0.0,0.0,0.0,0.0,0.0,0.0,1.607163678733024e-05,0.0,6.0459801382056675,5.986411699882783,3.9158671964745206e-16,1.0581813203458523e-15,0.8014999457683731,0.0,-6.25,6.250000000000001,0.15811388300841892,0.15811388300841886,9.6786257169674e-09,2.1692605992895815e-06,0.006046007914901808,0.006,2.4834523508832086e-06,0.005986395621730789,0.006,0.3,0.0,0.28393639769176143,0.0
5159,5.159,5.16,-4.321625322496889,4.392204178238655,0.035289427870883294,8.713829500735544,-0.09923504917024872,0.1007050342436161,1,1,-4.321625322496889,4.392204178238655,-6.0,6.0,0.0,12.0,0.015903766794685387,0.0,0.015903766794685387,0.0,-0.015903766794685387,-0.015903766794685387,0.0,0.0,0.0,0.0,0.0,0.0,1.5911721329373318e-05,0.0,6.045703015251383,5.98657159988401,1.061650767297806e-15,9.71445146547012e-16,0.8014999457724958,0.0,-6.25,6.250000000000001,0.15811388300841892,0.15811388300841886,9.680029680938641e-09,2.169095690903515e-06,0.006045730674789182,0.006,2.483477181631777e-06,0.005986555681768627,0.006,0.3,0.0,0.2840962332053156,0.0
5169,5.1690000000000005,5.17,-4.321863073866717,4.391887718900513,0.03501232251689812,8.713750792767229,-0.09920996610367022,0.10070867082035556,1,1,-4.321863073866717,4.391887718900513,-6.0,6.0,0.0,12.0,0.01574552167106381,0.0,0.01574552167106381,0.0,-0.01574552167106381,-0.01574552167106381,0.0,0.0,0.0,0.0,0.0,0.0,1.575339705680915e-05,0.0,6.045427066266433,5.986729908270865,1.1314564465469273e-15,8.98586760555986e-16,0.8014999457762902,0.0,-6.25,6.250000000000001,0.15811388300841892,0.15811388300841886,9.681451139170525e-09,2.1689439155586257e-06,0.006045454608215129,0.006,2.4834976695342626e-06,0.00598671414860325,0.006,0.3,0.0,0.2842544783289371,0.0
5179,5.179,5.18,-4.322100584784153,4.391575204380152,0.034737309797999494,8.713675789164306,-0.0991850324693111,0.10071224408413487,1,1,-4.322100584784153,4.391575204380152,-6.0,6.0,0.0,12.0,0.01558885111273065,0.0,0.01558885111273065,0.0,-0.01558885111273065,-0.01558885111273065,0.0,0.0,0.0,0.0,0.0,0.0,1.5596648137078534e-05,0.0,6.04515229544767,5.986886640844732,1.6157560044690461e-15,9.211381657436846e-16,0.8014999457797573,0.0,-6.25,6.250000000000001,0.15811388300841892,0.15811388300841886,9.682890108545066e-09,2.168805235354125e-06,0.006045179719396582,0.006,2.48351382905021e-06,0.005986871038051845,0.006,0.3,0.0,0.28441114888727026,0.0
5189,5.189,5.19,-4.322337837291099,4.391266581460671,0.03446437208478592,8.71360441875177,-0.0991602482972162,0.10071575526513499,1,1,-4.322337837291099,4.391266581460671,-6.0,6.0,0.0,12.0,0.015433739452499514,0.0,0.015433739452499514,0.0,-0.015433739452499514,-0.015433739452499514,0.0,0.0,0.0,0.0,0.0,0.0,1.5441458895158875e-05,0.0,6.044878706793017,5.987041813249836,6.869504964868156e-16,9.731798700229888e-16,0.8014999457828978,0.0,-6.25,6.250000000000001,0.15811388300841892,0.15811388300841886,9.684346603347458e-09,2.1686796098601346e-06,0.006044906012351209,0.006,2.483525675793796e-06,0.005987026365774281,0.006,0.3,0.0,0.28456626054750145,0.0
5199,5.199,5.2,-4.322574813763054,4.39096179773129,0.03419349198411803,8.713536611494344,-0.09913561359274403,0.10071920556649072,1,1,-4.322574813763054,4.39096179773129,-6.0,6.0,0.0,12.0,0.01528017117907512,0.0,0.01528017117907512,0.0,-0.01528017117907512,-0.01528017117907512,0.0,0.0,0.0,0.0,0.0,0.0,1.5287813811996658e-05,0.0,6.044606304104995,5.987195440974828,9.228728892196614e-16,9.662409761190816e-16,0.8014999457857132,0.0,-6.25,6.250000000000001,0.15811388300841892,0.15811388300841886,9.685820635290038e-09,2.1685669961687565e-06,0.006044633490900909,0.006,2.4835332264983023e-06,0.005987180147274696,0.006,0.3,0.0,0.28471982882092584,0.0
5209,5.2090000000000005,5.21,-4.322811496905656,4.390660801573045,0.03392465233369446,8.7134722984787,-0.09911112833723035,0.10072259616496937,1,1,-4.322811496905656,4.390660801573045,-6.0,6.0,0.0,12.0,0.015128130935502151,0.0,0.015128130935502151,0.0,-0.015128130935502151,-0.015128130935502151,0.0,0.0,0.0,0.0,0.0,0.0,1.5135697522955526e-05,0.0,6.044335090994187,5.987347539354339,1.0243542125643046e-15,9.575673587391975e-16,0.8014999457882044,0.0,-6.25,6.250000000000001,0.15811388300841892,0.15811388300841886,9.68731221353675e-09,2.1684673489606885e-06,0.006044362158675303,0.006,2.483536499027217e-06,0.005987332397903054,0.006,0.3,0.0,0.2848718690644988,0.0
5219,5.219,5.22,-4.323047869751213,4.390363542144784,0.03365783619678542,8.713411411895997,-0.09908679248863184,0.10072592821162629,1,1,-4.323047869751213,4.390363542144784,-6.0,6.0,0.0,12.0,0.014977603517629551,0.0,0.014977603517629551,0.0,-0.014977603517629551,-0.014977603517629551,0.0,0.0,0.0,0.0,0.0,0.0,1.4985094816279812e-05,0.0,6.0440650708826436,5.9874981235705205,2.252538433555884e-15,8.829742492721948e-16,0.8014999457903725,0.0,-6.25,6.250000000000001,0.15811388300841892,0.15811388300841886,9.688821344728085e-09,2.1683806205207638e-06,0.0060440920191151435,0.006,2.483535512327606e-06,0.005987483132856688,0.006,0.3,0.0,0.2850223964823713,0.0
5229,5.229,5.23,-4.323283915655247,4.390069969369464,0.033393026857108765,8.713353885024711,-0.09906260598216116,0.10072920283244913,1,1,-4.323283915655247,4.390069969369464,-6.0,6.0,0.0,12.0,0.01482857387259009,0.0,0.01482857387259009,0.0,-0.01482857387259009,-0.01482857387259009,0.0,0.0,0.0,0.0,0.0,0.0,1.4835990631573345e-05,0.0,6.043796247007265,5.9876472086545895,8.847089727481716e-16,9.107298248878237e-16,0.8014999457922191,0.0,-6.25,6.250000000000001,0.15811388300841892,0.15811388300841886,9.690348033006483e-09,2.1683067608067887e-06,0.006043823075475696,0.006,2.4835302864056885e-06,0.005987632367181833,0.006,0.3,0.0,0.2851714261274108,0.0
5239,5.239,5.24,-4.323519618293028,4.389780033920746,0.03313020781385889,8.713299652213774,-0.09903856873090616,0.10073242112897729,1,1,-4.323519618293028,4.389780033920746,-6.0,6.0,0.0,12.0,0.014681027097295076,0.0,0.014681027097295076,0.0,-0.014681027097295076,-0.014681027097295076,0.0,0.0,0.0,0.0,0.0,0.0,1.4688370058293407e-05,0.0,6.0435286224231035,5.987794809488318,1.9680437834956876e-15,9.454242944073599e-16,0.8014999457937452,0.0,-6.25,6.250000000000001,0.15811388300841892,0.15811388300841886,9.691892280042119e-09,2.168245717507272e-06,0.006043555330830049,0.006,2.4835208423135136e-06,0.005987780115775141,0.006,0.3,0.0,0.28531897290270586,0.0
5249,5.249,5.25,-4.323754961656134,4.38949368720986,0.03286936277686303,8.713248648865996,-0.0990146806264372,0.10073558417890371,1,1,-4.323754961656134,4.38949368720986,-6.0,6.0,0.0,12.0,0.014534948436944018,0.0,0.014534948436944018,0.0,-0.014534948436944018,-0.014534948436944018,0.0,0.0,0.0,0.0,0.0,0.0,1.4542218334259642e-05,0.0,6.043262200006649,5.987940940805551,1.190887666258078e-15,9.8879238130678e-16,0.8014999457949522,0.0,-6.25,6.250000000000001,0.15811388300841892,0.15811388300841886,9.693454085059133e-09,2.168197436054747e-06,0.006043288788072406,0.006,2.4835072021311966e-06,0.005987926393385189,0.006,0.3,0.0,0.28546505156305696,0.0
5259,5.259,5.26,-4.323989930048992,4.389210881372764,0.03261047566188635,8.713200811421757,-0.09899094153940108,0.1007386930366666,1,1,-4.323989930048992,4.389210881372764,-6.0,6.0,0.0,12.0,0.014390323283549155,0.0,0.014390323283549155,0.0,-0.014390323283549155,-0.014390323283549155,0.0,0.0,0.0,0.0,0.0,0.0,1.4397520844177862e-05,0.0,6.042996982459048,5.98808561719368,1.1379786002407855e-15,9.315465065995454e-16,0.8014999457958416,0.0,-6.25,6.250000000000001,0.15811388300841892,0.15811388300841886,9.69503344486218e-09,2.168161859696828e-06,0.006043023449921299,0.006,2.483489388913629e-06,0.00598807121461394,0.006,0.3,0.0,0.28560967671645177,0.0
5269,5.269,5.2700000000000005,-4.3242245080854405,4.388931569257559,0.032353530586059165,8.713156077343,-0.09896735132009865,0.10074174873401731,1,1,-4.3242245080854405,4.388931569257559,-6.0,6.0,0.0,12.0,0.014247137174474624,0.0,0.014247137174474624,0.0,-0.014247137174474624,-0.014247137174474624,0.0,0.0,0.0,0.0,0.0,0.0,1.4254263118178474e-05,0.0,6.0427329723092775,5.988228853095112,6.47051856539349e-16,9.454242944073599e-16,0.8014999457964148,0.0,-6.25,6.250000000000001,0.15811388300841892,0.15811388300841886,9.696630353863338e-09,2.1681389295472787e-06,0.006042759318922784,0.006,2.4834674267082413e-06,0.005988214593918234,0.006,0.3,0.0,0.2857528628255263,0.0
5279,5.279,5.28,-4.324458680685302,4.388655704412176,0.03209851186343693,8.713114385097477,-0.09894390979905937,0.10074475228057544,1,1,-4.324458680685302,4.388655704412176,-6.0,6.0,0.0,12.0,0.014105375790990192,0.0,0.014105375790990192,0.0,-0.014105375790990192,-0.014105375790990192,0.0,0.0,0.0,0.0,0.0,0.0,1.4112430830369496e-05,0.0,6.042470171917286,5.988370662808723,3.3393426912553537e-16,9.97465998686664e-16,0.8014999457966735,0.0,-6.25,6.250000000000001,0.15811388300841892,0.15811388300841886,9.698244804109338e-09,2.1681285846215413e-06,0.00604249639745357,0.006,2.4834413404950516e-06,0.005988356545611238,0.006,0.3,0.0,0.2858946242090108,0.0
5289,5.289,5.29,-4.324692433070953,4.388383241072314,0.03184540400068059,8.713075674143267,-0.09892061678759195,0.10074770466436789,1,1,-4.324692433070953,4.388383241072314,-6.0,6.0,0.0,12.0,0.01396502495683938,0.0,0.01396502495683938,0.0,-0.01396502495683938,-0.01396502495683938,0.0,0.0,0.0,0.0,0.0,0.0,1.3972009797403953e-05,0.0,6.042208583477075,5.988511060491294,7.971054372113429e-16,1.0009354456386177e-15,0.801499945796619,0.0,-6.25,6.250000000000001,0.15811388300841892,0.15811388300841886,9.699876785309063e-09,2.168130761892245e-06,0.006042234687724116,0.006,2.4834111561777838e-06,0.005988497083863877,0.006,0.3,0.0,0.2860349750431616,0.0
5299,5.299,5.3,-4.324925750763908,4.388114134149631,0.03159419169286126,8.713039884913538,-0.09889747207833338,0.10075060685235504,1,1,-4.324925750763908,4.388114134149631,-6.0,6.0,0.0,12.0,0.013826070636821808,0.0,0.013826070636821808,0.0,-0.013826070636821808,-0.013826070636821808,0.0,0.0,0.0,0.0,0.0,0.0,1.3832985977061529e-05,0.0,6.041948209019744,5.988650060158936,1.2075369458693086e-15,1.0217521273503394e-15,0.8014999457962532,0.0,-6.25,6.250000000000001,0.15811388300841892,0.15811388300841886,9.70152628486132e-09,2.1681453963380584e-06,0.006041974191781679,0.006,2.4833769005616623e-06,0.005988636222706269,0.006,0.3,0.0,0.2861739293631792,0.0
5309,5.309,5.3100000000000005,-4.325158619581422,4.387848339220173,0.031344859819375515,8.713006958801595,-0.09887447544578043,0.10075345979093764,1,1,-4.325158619581422,4.387848339220173,-6.0,6.0,0.0,12.0,0.013688498935389683,0.0,0.013688498935389683,0.0,-0.013688498935389683,-0.013688498935389683,0.0,0.0,0.0,0.0,0.0,0.0,1.3695345466844336e-05,0.0,6.041689050416492,5.988787675688504,1.3192572034803618e-15,1.1449174941446927e-15,0.8014999457955775,0.0,-6.25,6.250000000000001,0.15811388300841892,0.15811388300841886,9.70319328788285e-09,2.1681724209925373e-06,0.00604171491151331,0.006,2.4833386013201066e-06,0.005988773976029127,0.006,0.3,0.0,0.28631150106461145,0.0
5319,5.319,5.32,-4.325391025633085,4.38758581251305,0.031097393439982746,8.712976838146135,-0.09885162664681035,0.1007562644064558,1,1,-4.325391025633085,4.38758581251305,-6.0,6.0,0.0,12.0,0.013552296095258218,0.0,0.013552296095258218,0.0,-0.013552296095258218,-0.013552296095258218,0.0,0.0,0.0,0.0,0.0,0.0,1.3559074502586656e-05,0.0,6.04143110938157,5.988923920818986,9.814570759835578e-16,1.0633854907737827e-15,0.8014999457945938,0.0,-6.25,6.250000000000001,0.15811388300841892,0.15811388300841886,9.704877777236525e-09,2.1682117669818734e-06,0.006041456848648828,0.006,2.483296286976966e-06,0.005988910357585162,0.006,0.3,0.0,0.28644770390474283,0.0
5329,5.329,5.33,-4.32562295531745,4.387326510899334,0.03085177779094206,8.712949466216784,-0.09882892542119132,0.10075902160566669,1,1,-4.32562295531745,4.387326510899334,-6.0,6.0,0.0,12.0,0.013417448496029896,0.0,0.013417448496029896,0.0,-0.013417448496029896,-0.013417448496029896,0.0,0.0,0.0,0.0,0.0,0.0,1.3424159457078501e-05,0.0,6.041174387475195,5.989058809152884,1.4486499565029287e-15,1.0685896612017132e-15,0.801499945793304,0.0,-6.25,6.250000000000001,0.15811388300841892,0.15811388300841886,9.706579733559777e-09,2.1682633635848464e-06,0.006041200004763719,0.006,2.4832499868732152e-06,0.005989045380990468,0.006,0.3,0.0,0.28658255150397116,0.0
5339,5.339,5.34,-4.325854395318658,4.387070391881186,0.030607998281263704,8.712924787199844,-0.09880637149208282,0.10076173227622054,1,1,-4.325854395318658,4.387070391881186,-6.0,6.0,0.0,12.0,0.013283942652832422,0.0,0.013283942652832422,0.0,-0.013283942652832422,-0.013283942652832422,0.0,0.0,0.0,0.0,0.0,0.0,1.3290586838702891e-05,0.0,6.040918886106427,5.989192354157581,4.544975507059235e-16,1.0286910212542466e-15,0.8014999457917096,0.0,-6.25,6.250000000000001,0.15811388300841892,0.15811388300841886,9.708299135293149e-09,2.1683271382772326e-06,0.006040944381282031,0.006,2.4831997311669517e-06,0.005989179059725874,0.006,0.3,0.0,0.2867160573471686,0.0
5349,5.349,5.3500000000000005,-4.326085332603084,4.3868174135812055,0.030366040489060886,8.71290274618429,-0.09878396456652283,0.10076439728711112,1,1,-4.326085332603084,4.3868174135812055,-6.0,6.0,0.0,12.0,0.01315176521497022,0.0,0.01315176521497022,0.0,-0.01315176521497022,-0.01315176521497022,0.0,0.0,0.0,0.0,0.0,0.0,1.3158343290086675e-05,0.0,6.040664606535987,5.989324569166698,9.367506770274758e-16,9.731798700229888e-16,0.8014999457898127,0.0,-6.25,6.250000000000001,0.15811388300841892,0.15811388300841886,9.710035958709002e-09,2.168403016776214e-06,0.006040689979479196,0.006,2.4831455507645652e-06,0.00598931140713832,0.006,0.3,0.0,0.28684823478503074,0.0
5359,5.359,5.36,-4.3263157544159885,4.386567534731993,0.030125890158002377,8.712883289147982,-0.09876170433590681,0.10076701748911981,1,1,-4.3263157544159885,4.386567534731993,-6.0,6.0,0.0,12.0,0.013020902964589357,0.0,0.013020902964589357,0.0,-0.013020902964589357,-0.013020902964589357,0.0,0.0,0.0,0.0,0.0,0.0,1.3027415586764794e-05,0.0,6.0404115498790585,5.989455467381428,1.7685505837583548e-15,1.0026701691145945e-15,0.801499945787615,0.0,-6.25,6.250000000000001,0.15811388300841892,0.15811388300841886,9.711790177940351e-09,2.1684909230958895e-06,0.006040436800484824,0.006,2.483087477338497e-06,0.005989442436442185,0.006,0.3,0.0,0.28697909703541163,0.0
5369,5.369,5.37,-4.326545648278198,4.38632071466592,0.02988753319386106,8.712866362944117,-0.09873959047645542,0.10076959371525307,1,1,-4.326545648278198,4.38632071466592,-6.0,6.0,0.0,12.0,0.012891342815355741,0.0,0.012891342815355741,0.0,-0.012891342815355741,-0.012891342815355741,0.0,0.0,0.0,0.0,0.0,0.0,1.2897790635857804e-05,0.0,6.0401597171080255,5.989585061871869,7.294512216482474e-16,9.298117831235686e-16,0.8014999457851185,0.0,-6.25,6.250000000000001,0.15811388300841892,0.15811388300841886,9.713561765009778e-09,2.1685907795939035e-06,0.006040184845285458,0.006,2.4830255432850556e-06,0.00598957216072061,0.006,0.3,0.0,0.2871086571846452,0.0
5379,5.3790000000000004,5.38,-4.3267750019827815,4.386076913305105,0.029650955661161937,8.712851915287887,-0.09871762264966832,0.1007721267811551,1,1,-4.3267750019827815,4.386076913305105,-6.0,6.0,0.0,12.0,0.012763071811146484,0.0,0.012763071811146484,0.0,-0.012763071811146484,-0.012763071811146484,0.0,0.0,0.0,0.0,0.0,0.0,1.2769455474762596e-05,0.0,6.039909109055187,5.989713365578325,1.4732748983455057e-15,9.853229343548264e-16,0.8014999457823254,0.0,-6.25,6.250000000000001,0.15811388300841892,0.15811388300841886,9.715350689858416e-09,2.168702507000313e-06,0.006039934114727282,0.006,2.482959781688887e-06,0.00598970059292682,0.006,0.3,0.0,0.2872369281888545,0.0
5389,5.389,5.39,-4.3270038035917615,4.385836091151593,0.02941614377991586,8.712839894743354,-0.09869580050277743,0.10077461748552369,1,1,-4.3270038035917615,4.385836091151593,-6.0,6.0,0.0,12.0,0.012636077124754267,0.0,0.012636077124754267,0.0,-0.012636077124754267,-0.012636077124754267,0.0,0.0,0.0,0.0,0.0,0.0,1.2642397269856108e-05,0.0,6.039659726415419,5.989840391312613,8.508818649666239e-16,9.246076126956382e-16,0.8014999457792374,0.0,-6.25,6.250000000000001,0.15811388300841892,0.15811388300841886,9.717156920375014e-09,2.168826024493082e-06,0.006039684609518801,0.006,2.482890226329637e-06,0.005989827745885429,0.006,0.3,0.0,0.28736392287524665,0.0
5399,5.399,5.4,-4.327232041432828,4.3855982092777195,0.02918308392244562,8.712830250710548,-0.09867412366918016,0.100777066610504,1,1,-4.327232041432828,4.3855982092777195,-6.0,6.0,0.0,12.0,0.012510346056604628,0.0,0.012510346056604628,0.0,-0.012510346056604628,-0.012510346056604628,0.0,0.0,0.0,0.0,0.0,0.0,1.2516603315211978e-05,0.0,6.039411569748814,5.989966151759347,1.745131816832668e-15,9.003214840319629e-16,0.8014999457758568,0.0,-6.25,6.250000000000001,0.15811388300841892,0.15811388300841886,9.71898042242501e-09,2.1689612497269472e-06,0.006039436330233462,0.006,2.4828169116197785e-06,0.005989953632293711,0.006,0.3,0.0,0.28748965394339626,0.0
5409,5.409,5.41,-4.327459704096072,4.385363229316677,0.02895176261030219,8.712822933412749,-0.09865259176886743,0.10077947492207723,1,1,-4.327459704096072,4.385363229316677,-6.0,6.0,0.0,12.0,0.012385866033485975,0.0,0.012385866033485975,0.0,-0.012385866033485975,-0.012385866033485975,0.0,0.0,0.0,0.0,0.0,0.0,1.2392061031329905e-05,0.0,6.0391646394832605,5.990090659477217,7.7021722333370235e-16,9.593020822151743e-16,0.8014999457721855,0.0,-6.25,6.250000000000001,0.15811388300841892,0.15811388300841886,9.720821159879614e-09,2.1691080988822683e-06,0.006039189277312264,0.006,2.482739872613493e-06,0.00599007826472289,0.006,0.3,0.0,0.287614133966515,0.0
5419,5.4190000000000005,5.42,-4.327686780430743,4.385131113453257,0.02872216651125692,8.712817893884,-0.09863120440884637,0.1007818431704402,1,1,-4.327686780430743,4.385131113453257,-6.0,6.0,0.0,12.0,0.012262624607292256,0.0,0.012262624607292256,0.0,-0.012262624607292256,-0.012262624607292256,0.0,0.0,0.0,0.0,0.0,0.0,1.2268757963877718e-05,0.0,6.038918935917009,5.990213926900231,9.84455572616838e-16,9.835882108788496e-16,0.8014999457682259,0.0,-6.25,6.250000000000001,0.15811388300841892,0.15811388300841886,9.722679094644896e-09,2.1692664867183194e-06,0.006038943451066303,0.006,2.482659144957822e-06,0.005990201655619383,0.006,0.3,0.0,0.2877373753927087,0.0
5429,5.429,5.43,-4.327913259542016,4.384901824414778,0.02849428243638119,8.712815083956794,-0.0986099611835431,0.10078417209036905,1,1,-4.327913259542016,4.384901824414778,-6.0,6.0,0.0,12.0,0.012140609453778158,0.0,0.012140609453778158,0.0,-0.012140609453778158,-0.012140609453778158,0.0,0.0,0.0,0.0,0.0,0.0,1.2146681782445917e-05,0.0,6.038674459221174,5.990335966338982,9.255833946508751e-16,9.506284648352903e-16,0.8014999457639799,0.0,-6.25,6.250000000000001,0.15811388300841892,0.15811388300841886,9.724554186690854e-09,2.1694363266110337e-06,0.0060386988516792995,0.006,2.482574764886003e-06,0.005990323817306077,0.006,0.3,0.0,0.2878593905462228,0.0
5439,5.439,5.44,-4.328139130787779,4.38467532546219,0.02826809733720559,8.71281445624997,-0.09858886167521147,0.10078646240157807,1,1,-4.328139130787779,4.38467532546219,-6.0,6.0,0.0,12.0,0.012019808371326643,0.0,0.012019808371326643,0.0,-0.012019808371326643,-0.012019808371326643,0.0,0.0,0.0,0.0,0.0,0.0,1.2025820279314628e-05,0.0,6.038431209442227,5.9904567899818675,1.3079408433050443e-15,9.853229343548264e-16,0.8014999457594497,0.0,-6.25,6.250000000000001,0.15811388300841892,0.15811388300841886,9.726446394080417e-09,2.169617530599637e-06,0.006038455479210074,0.006,2.482486769175285e-06,0.005990444761983529,0.006,0.3,0.0,0.28798019162867433,0.0
5449,5.449,5.45,-4.328364383775441,4.3844515803813495,0.02804359830295411,8.71281596415679,-0.09856790545431648,0.10078871480906942,1,1,-4.328364383775441,4.3844515803813495,-6.0,6.0,0.0,12.0,0.011900209279728801,0.0,0.011900209279728801,0.0,-0.011900209279728801,-0.011900209279728801,0.0,0.0,0.0,0.0,0.0,0.0,1.190616136823282e-05,0.0,6.038189186504429,5.990576409896325,9.462916561453483e-16,1.0651202142497596e-15,0.8014999457546378,0.0,-6.25,6.250000000000001,0.15811388300841892,0.15811388300841886,9.728355672998402e-09,2.1698100094399343e-06,0.006038213333595001,0.006,2.482395195158027e-06,0.005990564501731217,0.006,0.3,0.0,0.28809979072027225,0.0
5459,5.4590000000000005,5.46,-4.328589008358758,4.384230553474465,0.027820772557853424,8.712819561833223,-0.09854709207992168,0.10079093000347039,1,1,-4.328589008358758,4.384230553474465,-6.0,6.0,0.0,12.0,0.011781800218975805,0.0,0.011781800218975805,0.0,-0.011781800218975805,-0.011781800218975805,0.0,0.0,0.0,0.0,0.0,0.0,1.178769308320967e-05,0.0,6.037948390212238,5.990694838030029,1.7182436029550274e-15,1.0130785099704553e-15,0.8014999457495462,0.0,-6.25,6.250000000000001,0.15811388300841892,0.15811388300841886,9.730281977780393e-09,2.170013672630959e-06,0.006037972414650415,0.006,2.482300080657307e-06,0.005990683048508737,0.006,0.3,0.0,0.2882181997810252,0.0
5469,5.469,5.47,-4.32881299463468,4.384012209551706,0.027599607458513198,8.712825204186386,-0.09852642110006526,0.10079310866136393,1,1,-4.32881299463468,4.384012209551706,-6.0,6.0,0.0,12.0,0.011664569348062906,0.0,0.011664569348062906,0.0,-0.011664569348062906,-0.011664569348062906,0.0,0.0,0.0,0.0,0.0,0.0,1.167040357731795e-05,0.0,6.037708820252687,5.990812086212092,1.1870184197550204e-15,9.246076126956382e-16,0.8014999457441773,0.0,-6.25,6.250000000000001,0.15811388300841892,0.15811388300841886,9.73222526094151e-09,2.170228428499348e-06,0.006037732722074983,0.006,2.4822014639847013e-06,0.00599080041415701,0.006,0.3,0.0,0.288335430651938,0.0
5479,5.479,5.48,-4.329036332940211,4.383796513922976,0.02738009049138279,8.712832846863186,-0.09850589205212007,0.10079525144561258,1,1,-4.329036332940211,4.383796513922976,-6.0,6.0,0.0,12.0,0.011548504943805323,0.0,0.011548504943805323,0.0,-0.011548504943805323,-0.011548504943805323,0.0,0.0,0.0,0.0,0.0,0.0,1.1554281121509336e-05,0.0,6.037470476197717,5.990928166154253,8.829471442178827e-16,8.291978215169138e-16,0.8014999457385334,0.0,-6.25,6.250000000000001,0.15811388300841892,0.15811388300841886,9.734185473205101e-09,2.1704541841815764e-06,0.0060374942554520476,0.006,2.4820993839180794e-06,0.005990916610399454,0.006,0.3,0.0,0.2884514950561955,0.0
5489,5.489,5.49,-4.329259013849301,4.383583432389838,0.0271622092702688,8.71284244623914,-0.09848550446315774,0.10079735900566877,1,1,-4.329259013849301,4.383583432389838,-6.0,6.0,0.0,12.0,0.011433595399665906,0.0,0.011433595399665906,0.0,-0.011433595399665906,-0.011433595399665906,0.0,0.0,0.0,0.0,0.0,0.0,1.1439314103441468e-05,0.0,6.037233357506469,5.991043089452052,1.2203779653496838e-15,8.083811398051921e-16,0.8014999457326168,0.0,-6.25,6.250000000000001,0.15811388300841892,0.15811388300841886,9.736162563531267e-09,2.170690845730542e-06,0.006037257014251934,0.006,2.481993879666078e-06,0.005991031648843179,0.006,0.3,0.0,0.2885664046003349,0.0
5499,5.4990000000000006,5.5,-4.329481028169745,4.383372931237595,0.026945951533924983,8.71285395940734,-0.09846525785029397,0.10079943197788127,1,1,-4.329481028169745,4.383372931237595,-6.0,6.0,0.0,12.0,0.011319829224594485,0.0,0.011319829224594485,0.0,-0.011319829224594485,-0.011319829224594485,0.0,0.0,0.0,0.0,0.0,0.0,1.1325491026316742e-05,0.0,6.03699746352757,5.99115686758598,7.355227538141662e-16,8.604228440844963e-16,0.8014999457264301,0.0,-6.25,6.250000000000001,0.15811388300841892,0.15811388300841886,9.738156479145282e-09,2.170938318111124e-06,0.006037020997834215,0.006,2.481884990879202e-06,0.005991145540980125,0.006,0.3,0.0,0.28868017077540636,0.0
5509,5.509,5.51,-4.329702366940115,4.383164977227524,0.026731305143704365,8.712867344167638,-0.09844515172103496,0.10080147098579212,1,1,-4.329702366940115,4.383164977227524,-6.0,6.0,0.0,12.0,0.011207195041878745,0.0,0.011207195041878745,0.0,-0.011207195041878745,-0.011207195041878745,0.0,0.0,0.0,0.0,0.0,0.0,1.1212800507732586e-05,0.0,6.036762793501347,5.99126951192264,1.4419617843514088e-15,8.517492267046123e-16,0.8014999457199754,0.0,-6.25,6.250000000000001,0.15811388300841892,0.15811388300841886,9.740167165565843e-09,2.1711965052712343e-06,0.006036786205449952,0.006,2.4817727575787707e-06,0.005991258298188239,0.006,0.3,0.0,0.2887928049581221,0.0
5519,5.519,5.5200000000000005,-4.329923021426706,4.382959537589252,0.02651825808127306,8.712882559015958,-0.09842518557360874,0.10080347664043005,1,1,-4.329923021426706,4.382959537589252,-6.0,6.0,0.0,12.0,0.011095681588006551,0.0,0.011095681588006551,0.0,-0.011095681588006551,-0.011095681588006551,0.0,0.0,0.0,0.0,0.0,0.0,1.1101231278543232e-05,0.0,6.0365293465620455,5.9913810337158795,1.761313534257014e-15,8.829742492721948e-16,0.8014999457132552,0.0,-6.25,6.250000000000001,0.15811388300841892,0.15811388300841886,9.742194566633148e-09,2.1714653101795693e-06,0.006036552636243897,0.006,2.4816572201746825e-06,0.005991369931732587,0.006,0.3,0.0,0.2889043184119943,0.0
5529,5.529,5.53,-4.330142983120502,4.382756580013279,0.026306798446388502,8.712899563133782,-0.09840535889729246,0.10080544954058634,1,1,-4.330142983120502,4.382756580013279,-6.0,6.0,0.0,12.0,0.01098527771153959,0.0,0.01098527771153959,0.0,-0.01098527771153959,-0.01098527771153959,0.0,0.0,0.0,0.0,0.0,0.0,1.099077218173279e-05,0.0,6.036297121739988,5.991491444107916,5.927943140700276e-16,9.679756995950584e-16,0.8014999457062721,0.0,-6.25,6.250000000000001,0.15811388300841892,0.15811388300841886,9.744238624536827e-09,2.1717446348500313e-06,0.006036320289256667,0.006,2.481538419418783e-06,0.005991480452766502,0.006,0.3,0.0,0.28901472228846137,0.0
5539,5.539,5.54,-4.330362243734171,4.382556072643636,0.026096914454732723,8.712918316377806,-0.0983856711727335,0.10080739027309493,1,1,-4.330362243734171,4.382556072643636,-6.0,6.0,0.0,12.0,0.01087597237199821,0.0,0.01087597237199821,0.0,-0.01087597237199821,-0.01087597237199821,0.0,0.0,0.0,0.0,0.0,0.0,1.0881412171299529e-05,0.0,6.036066117963704,5.991600754130456,1.1171619185290638e-15,1.042568809062061e-15,0.8014999456990285,0.0,-6.25,6.250000000000001,0.15811388300841892,0.15811388300841886,9.746299279843636e-09,2.172034380410565e-06,0.006036089163426878,0.006,2.481416396407088e-06,0.0059915898723326925,0.006,0.3,0.0,0.2891240276280028,0.0
5549,5.549,5.55,-4.330580795199074,4.38235798407069,0.02588859443580782,8.712938779269763,-0.09836612187226007,0.1008092994130999,1,1,-4.330580795199074,4.38235798407069,-6.0,6.0,0.0,12.0,0.01076775463875737,0.0,0.01076775463875737,0.0,-0.01076775463875737,-0.01076775463875737,0.0,0.0,0.0,0.0,0.0,0.0,1.0773140311151271e-05,0.0,6.035836334062047,5.991708974705791,7.771561172376096e-16,1.0269562977782698e-15,0.8014999456915268,0.0,-6.25,6.250000000000001,0.15811388300841892,0.15811388300841886,9.748376471524994e-09,2.1723344471164777e-06,0.006035859257593258,0.006,2.481291192530932e-06,0.005991698201364339,0.006,0.3,0.0,0.28923224536124365,0.0
5559,5.559,5.5600000000000005,-4.330798629662303,4.382162283324068,0.025681826830882493,8.712960912986372,-0.09834671046018872,0.10081117752431534,1,1,-4.330798629662303,4.382162283324068,-6.0,6.0,0.0,12.0,0.010660613689953568,0.0,0.010660613689953568,0.0,-0.010660613689953568,-0.010660613689953568,0.0,0.0,0.0,0.0,0.0,0.0,1.0665945774011774e-05,0.0,6.035607768766257,5.991816116647898,8.991898480144311e-16,1.0980799602933189e-15,0.8014999456837697,0.0,-6.25,6.250000000000001,0.15811388300841892,0.15811388300841886,9.750470136984273e-09,2.172644734419276e-06,0.006035630570496716,0.006,2.481162849488072e-06,0.005991805450686205,0.006,0.3,0.0,0.2893393863100475,0.0
5569,5.569,5.57,-4.331015739483735,4.381968939865729,0.025476600190996734,8.712984679349464,-0.09832743639311914,0.10081302515928176,1,1,-4.331015739483735,4.381968939865729,-6.0,6.0,0.0,12.0,0.010554538811402633,0.0,0.010554538811402633,0.0,-0.010554538811402633,-0.010554538811402633,0.0,0.0,0.0,0.0,0.0,0.0,1.0559817840337997e-05,0.0,6.035380420712007,5.991922190663516,2.044371616438667e-15,1.0182826803983858e-15,0.8014999456757596,0.0,-6.25,6.250000000000001,0.15811388300841892,0.15811388300841886,9.752580212083886e-09,2.172965140977765e-06,0.0060354031007823885,0.006,2.4810314092316156e-06,0.005991911631015705,0.006,0.3,0.0,0.2894454611885984,0.0
5579,5.579,5.58,-4.331232117233113,4.381777923583147,0.02527290317501718,8.713010040816261,-0.09830829912023109,0.10081484285961423,1,1,-4.331232117233113,4.381777923583147,-6.0,6.0,0.0,12.0,0.01044951939552832,0.0,0.01044951939552832,0.0,-0.01044951939552832,-0.01044951939552832,0.0,0.0,0.0,0.0,0.0,0.0,1.0454745897248135e-05,0.0,6.035154288441409,5.9920272073532175,7.016956460326185e-16,9.679756995950584e-16,0.8014999456674989,0.0,-6.25,6.250000000000001,0.15811388300841892,0.15811388300841886,9.754706631172134e-09,2.1732955647202232e-06,0.006035176847001655,0.006,2.4808969139766823e-06,0.005992016752963973,0.006,0.3,0.0,0.28955048060447264,0.0
5589,5.589,5.59,-4.3314477556871465,4.3815892047826335,0.025070724547743506,8.713036960469779,-0.09828929808356313,0.10081663115624334,1,1,-4.3314477556871465,4.3815892047826335,-6.0,6.0,0.0,12.0,0.01034554494030152,0.0,0.01034554494030152,0.0,-0.01034554494030152,-0.01034554494030152,0.0,0.0,0.0,0.0,0.0,0.0,1.0350719437460312e-05,0.0,6.034929370404999,5.992131177212461,5.672545766444159e-16,1.0321604682062002e-15,0.8014999456589904,0.0,-6.25,6.250000000000001,0.15811388300841892,0.15811388300841886,9.756849327109823e-09,2.1736359028666064e-06,0.006034951807614122,0.006,2.4807594061493357e-06,0.005992120827036942,0.006,0.3,0.0,0.2896544550596995,0.0
5599,5.599,5.6000000000000005,-4.33166264782664,4.381402754182773,0.024870053178066343,8.713065402009413,-0.09827043271829483,0.10081839056965358,1,1,-4.33166264782664,4.381402754182773,-6.0,6.0,0.0,12.0,0.010242605048190068,0.0,0.010242605048190068,0.0,-0.010242605048190068,-0.010242605048190068,0.0,0.0,0.0,0.0,0.0,0.0,1.0247728058241867e-05,0.0,6.034705664963681,5.992234110632655,2.0964133207179714e-15,9.8879238130678e-16,0.8014999456502367,0.0,-6.25,6.250000000000001,0.15811388300841892,0.15811388300841886,9.759008231296613e-09,2.1739860519796167e-06,0.006034727980989569,0.006,2.4806189284154456e-06,0.005992223863636373,0.006,0.3,0.0,0.2897573949518109,0.0
5609,5.609,5.61,-4.331876786833638,4.381218542907984,0.02467087803717316,8.713095329741622,-0.09825170245301995,0.10082012161011011,1,1,-4.331876786833638,4.381218542907984,-6.0,6.0,0.0,12.0,0.01014068942511897,0.0,0.01014068942511897,0.0,-0.01014068942511897,-0.01014068942511897,0.0,0.0,0.0,0.0,0.0,0.0,1.0145761460369046e-05,0.0,6.034483170390656,5.992336017902183,1.2835598469512766e-15,1.0477729794899915e-15,0.8014999456412404,0.0,-6.25,6.250000000000001,0.15811388300841892,0.15811388300841886,9.761183273697122e-09,2.174345908002452e-06,0.006034505365409882,0.006,2.480475523596315e-06,0.005992325873060903,0.006,0.3,0.0,0.28985931057488207,0.0
5619,5.619,5.62,-4.332090166088595,4.381036542482194,0.024473188196799445,8.71312670857079,-0.09823310671000701,0.10082182477788998,1,1,-4.332090166088595,4.381036542482194,-6.0,6.0,0.0,12.0,0.010039787879440985,0.0,0.010039787879440985,0.0,-0.010039787879440985,-0.010039787879440985,0.0,0.0,0.0,0.0,0.0,0.0,1.0044809447097094e-05,0.0,6.034261884873309,5.99243690920743,4.980824780398407e-16,1.052977149917922e-15,0.8014999456320039,0.0,-6.25,6.250000000000001,0.15811388300841892,0.15811388300841886,9.76337438286678e-09,2.1747153662765674e-06,0.006034283959070941,0.006,2.4803292347108654e-06,0.005992426865507076,0.006,0.3,0.0,0.28996021212056006,0.0
5629,5.6290000000000004,5.63,-4.332302779167579,4.38085672482263,0.02427697282752561,8.713159503990209,-0.0982146449054655,0.10082350056349332,1,1,-4.332302779167579,4.38085672482263,-6.0,6.0,0.0,12.0,0.009939890320917459,0.0,0.009939890320917459,0.0,-0.009939890320917459,-0.009939890320917459,0.0,0.0,0.0,0.0,0.0,0.0,9.94486192314055e-06,0.0,6.03404180651507,5.99253679463381,1.3409412469300719e-15,1.0477729794899915e-15,0.80149994562253,0.0,-6.25,6.250000000000001,0.15811388300841892,0.15811388300841886,9.765581485977376e-09,2.175094321606071e-06,0.00603406376008449,0.006,2.480180104926788e-06,0.005992526851070358,0.006,0.3,0.0,0.2900601096790836,0.0
5639,5.639,5.64,-4.3325146198394755,4.380679062233721,0.024082221197122777,8.713193682073197,-0.09819631644979315,0.1008251494478607,1,1,-4.3325146198394755,4.380679062233721,-6.0,6.0,0.0,12.0,0.009840986759709293,0.0,0.009840986759709293,0.0,-0.009840986759709293,-0.009840986759709293,0.0,0.0,0.0,0.0,0.0,0.0,9.84590889366373e-06,0.0,6.033822933337254,5.992635684166765,3.454471409446158e-16,1.0009354456386177e-15,0.8014999456128213,0.0,-6.25,6.250000000000001,0.15811388300841892,0.15811388300841886,9.767804508842363e-09,2.1754826682821462e-06,0.006033844766479977,0.006,2.4800281775427813e-06,0.005992625839746138,0.006,0.3,0.0,0.2901590132402917,0.0
5649,5.649,5.65,-4.332725682063241,4.380503527401111,0.023888922668934942,8.713229209464352,-0.09817812074782939,0.10082677190258349,1,1,-4.332725682063241,4.380503527401111,-6.0,6.0,0.0,12.0,0.00974306730537795,0.0,0.00974306730537795,0.0,-0.00974306730537795,-0.00974306730537795,0.0,0.0,0.0,0.0,0.0,0.0,9.747940463281233e-06,0.0,6.033605263280868,5.992733587692763,1.345278055620014e-15,8.98586760555986e-16,0.8014999456028805,0.0,-6.25,6.250000000000001,0.15811388300841892,0.15811388300841886,9.770043375941867e-09,2.1758803001074774e-06,0.006033626976206354,0.006,2.4798734959841086e-06,0.00599272384143074,0.006,0.3,0.0,0.29025693269462294,0.0
5659,5.659,5.66,-4.332935959985167,4.380330093385782,0.023697066700307357,8.713266053370948,-0.09816005719909232,0.10082836839010206,1,1,-4.332935959985167,4.380330093385782,-6.0,6.0,0.0,12.0,0.009646122165896394,0.0,0.009646122165896394,0.0,-0.009646122165896394,-0.009646122165896394,0.0,0.0,0.0,0.0,0.0,0.0,9.650946835068373e-06,0.0,6.033388794208385,5.992830515000284,1.3906248114842201e-15,8.951173136040325e-16,0.8014999455927103,0.0,-6.25,6.250000000000001,0.15811388300841892,0.15811388300841886,9.7722980104474e-09,2.1762871104406603e-06,0.0060334103871338704,0.006,2.47971610376263e-06,0.0059928208659224,0.006,0.3,0.0,0.2903538778341045,0.0
5669,5.6690000000000005,5.67,-4.333145447936159,4.380158733618269,0.02350664284105486,8.713304181554427,-0.09814212519801968,0.1008299393639106,1,1,-4.333145447936159,4.380158733618269,-6.0,6.0,0.0,12.0,0.009550141646669888,0.0,0.009550141646669888,0.0,-0.009550141646669888,-0.009550141646669888,0.0,0.0,0.0,0.0,0.0,0.0,9.5549183095815e-06,0.0,6.0331735239055035,5.992926475780794,1.3650410283453512e-15,7.684824998577255e-16,0.8014999455823132,0.0,-6.25,6.250000000000001,0.15811388300841892,0.15811388300841886,9.774568334246303e-09,2.1767029922406087e-06,0.006033194997055825,0.006,2.4795560444923482e-06,0.005992916922922241,0.006,0.3,0.0,0.29044985835333087,0.0
5679,5.679,5.68,-4.333354140429063,4.379989421893002,0.023317640731969735,8.713343562322066,-0.09812432413419586,0.10083148526874336,1,1,-4.333354140429063,4.379989421893002,-6.0,6.0,0.0,12.0,0.009455116149566529,0.0,0.009455116149566529,0.0,-0.009455116149566529,-0.009455116149566529,0.0,0.0,0.0,0.0,0.0,0.0,9.459845283888046e-06,0.0,6.032959450082865,5.993021479629725,1.0357959336158157e-15,7.389922007661198e-16,0.8014999455716921,0.0,-6.25,6.250000000000001,0.15811388300841892,0.15811388300841886,9.776854267965868e-09,2.1771278380909814e-06,0.006032980803690288,0.006,2.4793933618383334e-06,0.005993012022035253,0.006,0.3,0.0,0.2905448838504342,0.0
5689,5.689,5.69,-4.333562032155995,4.379822132362724,0.023130050103364663,8.713384164518718,-0.09810665339257868,0.10083300654077032,1,1,-4.333562032155995,4.379822132362724,-6.0,6.0,0.0,12.0,0.009361036171957415,0.0,0.009361036171957415,0.0,-0.009361036171957415,-0.009361036171957415,0.0,0.0,0.0,0.0,0.0,0.0,9.36571825060621e-06,0.0,6.032746570377766,5.9931155360474095,5.143455106271233e-16,6.990935608186533e-16,0.8014999455608496,0.0,-6.25,6.250000000000001,0.15811388300841892,0.15811388300841886,9.779155730997182e-09,2.1775615402223846e-06,0.006032767804681812,0.006,2.479228099521169e-06,0.005993106172771236,0.006,0.3,0.0,0.2906389638280433,0.0
5699,5.699,5.7,-4.333769117985701,4.379656839533023,0.02294386077366095,8.713425957518725,-0.09808911235372059,0.10083450360777624,1,1,-4.333769117985701,4.379656839533023,-6.0,6.0,0.0,12.0,0.009267892305766386,0.0,0.009267892305766386,0.0,-0.009267892305766386,-0.009267892305766386,0.0,0.0,0.0,0.0,0.0,0.0,9.272527796954229e-06,0.0,6.032534882355813,5.993208654440045,6.797676570940991e-16,7.511352650979575e-16,0.8014999455497883,0.0,-6.25,6.250000000000001,0.15811388300841892,0.15811388300841886,9.781472641518652e-09,2.1780039905678848e-06,0.0060325559976031,0.006,2.4790603013058467e-06,0.005993199384545762,0.006,0.3,0.0,0.29073210769423435,0.0
5709,5.7090000000000005,5.71,-4.333975392960948,4.379493518256956,0.02275906264800387,8.713468911217904,-0.09807170039398211,0.10083597688934298,1,1,-4.333975392960948,4.379493518256956,-6.0,6.0,0.0,12.0,0.009175675236529204,0.0,0.009175675236529204,0.0,-0.009175675236529204,-0.009175675236529204,0.0,0.0,0.0,0.0,0.0,0.0,9.180264603809072e-06,0.0,6.032324383512584,5.993300844120625,1.5027347042510103e-15,8.014422459012849e-16,0.801499945538511,0.0,-6.25,6.250000000000001,0.15811388300841892,0.15811388300841886,9.783804916519244e-09,2.1784550807807726e-06,0.006032345379956662,0.006,2.47889001096846e-06,0.005993291666681099,0.006,0.3,0.0,0.2908243247634716,0.0
5719,5.719,5.72,-4.3341808522959235,4.379332143729762,0.02257564571691928,8.713512996025685,-0.09805441688574251,0.10083742679702523,1,1,-4.3341808522959235,4.379332143729762,-6.0,6.0,0.0,12.0,0.009084375742462096,0.0,0.009084375742462096,0.0,-0.009084375742462096,-0.009084375742462096,0.0,0.0,0.0,0.0,0.0,0.0,9.088919444774543e-06,0.0,6.03211507127525,5.9933921143098665,6.445412508836873e-16,8.031769693772617e-16,0.8014999455270205,0.0,-6.25,6.250000000000001,0.15811388300841892,0.15811388300841886,9.786152471821387e-09,2.1789147022678667e-06,0.006032135949176431,0.006,2.478717272282882e-06,0.005993383028407154,0.006,0.3,0.0,0.2909156242575387,0.0
5729,5.729,5.73,-4.334385491373679,4.379172691483683,0.02239360005500224,8.713558182857362,-0.09803726119760242,0.10083885373451978,1,1,-4.334385491373679,4.379172691483683,-6.0,6.0,0.0,12.0,0.008993984693539571,0.0,0.008993984693539571,0.0,-0.008993984693539571,-0.008993984693539571,0.0,0.0,0.0,0.0,0.0,0.0,8.998483185258615e-06,0.0,6.031906943004159,5.9934824741371315,1.3576176315956145e-15,7.788908407135864e-16,0.8014999455153194,0.0,-6.25,6.250000000000001,0.15811388300841892,0.15811388300841886,9.788515222103596e-09,2.1793827462250445e-06,0.006031927702629372,0.006,2.4785421290252076e-06,0.005993473478862381,0.006,0.3,0.0,0.2910060153064612,0.0
5739,5.739,5.74,-4.334589305743578,4.379015137382857,0.022212915819639356,8.713604443126435,-0.09802023269458893,0.1008402580978332,1,1,-4.334589305743578,4.379015137382857,-6.0,6.0,0.0,12.0,0.008904493050581415,0.0,0.008904493050581415,0.0,-0.008904493050581415,-0.008904493050581415,0.0,0.0,0.0,0.0,0.0,0.0,8.908946781559977e-06,0.0,6.0316999959944235,5.993571932641334,1.3604162284533428e-15,7.511352650979575e-16,0.8014999455034104,0.0,-6.25,6.250000000000001,0.15811388300841892,0.15811388300841886,9.790893080922774e-09,2.179859103659445e-06,0.00603172063761705,0.006,2.4783646249360026e-06,0.0059935630270946975,0.006,0.3,0.0,0.2910955069494193,0.0
5749,5.7490000000000006,5.75,-4.3347922911187835,4.37885945761831,0.022033583249763122,8.713651748737092,-0.09800333073834405,0.10084164027544834,1,1,-4.3347922911187835,4.37885945761831,-6.0,6.0,0.0,12.0,0.008815891864348753,0.0,0.008815891864348753,0.0,-0.008815891864348753,-0.008815891864348753,0.0,0.0,0.0,0.0,0.0,0.0,8.820301279963642e-06,0.0,6.03149422747746,5.99366049877184,6.612616812624872e-16,7.511352650979575e-16,0.8014999454912964,0.0,-6.25,6.250000000000001,0.15811388300841892,0.15811388300841886,9.793285960736187e-09,2.180343665431656e-06,0.006031514751377178,0.006,2.4781848037225274e-06,0.005993651682062386,0.006,0.3,0.0,0.291184108135652,0.0
5759,5.759,5.76,-4.334994443373761,4.3787056287030355,0.021855592664637324,8.713700072076797,-0.09798655468731932,0.10084300064847868,1,1,-4.334994443373761,4.3787056287030355,-6.0,6.0,0.0,12.0,0.008728172274649126,0.0,0.008728172274649126,0.0,-0.008728172274649126,-0.008728172274649126,0.0,0.0,0.0,0.0,0.0,0.0,8.732537815845576e-06,0.0,6.031289634622514,5.9937481813893605,3.5561831257524545e-16,7.875644580934704e-16,0.80149994547898,0.0,-6.25,6.250000000000001,0.15811388300841892,0.15811388300841886,9.795693772923161e-09,2.1808363222823624e-06,0.006031310041085154,0.006,2.478002709023208e-06,0.0059937394526349795,0.006,0.3,0.0,0.29127182772535165,0.0
5769,5.769,5.7700000000000005,-4.335195758541807,4.378553627467158,0.02167893446267577,8.713749386008965,-0.09796990389696364,0.1008443395908265,1,1,-4.335195758541807,4.378553627467158,-6.0,6.0,0.0,12.0,0.008641325509450465,0.0,0.008641325509450465,0.0,-0.008641325509450465,-0.008641325509450465,0.0,0.0,0.0,0.0,0.0,0.0,8.645647612786236e-06,0.0,6.031086214538157,5.993834989266831,4.81385764583564e-16,7.8236028766554e-16,0.801499945466464,0.0,-6.25,6.250000000000001,0.15811388300841892,0.15811388300841886,9.798116427806436e-09,2.1813369648367847e-06,0.0060311065038555515,0.006,2.4778183844387237e-06,0.005993826347594156,0.006,0.3,0.0,0.2913586744905503,0.0
5779,5.779,5.78,-4.335396232812602,4.378403431053176,0.021503599120286765,8.713799663865778,-0.09795337771989765,0.10084565746933533,1,1,-4.335396232812602,4.378403431053176,-6.0,6.0,0.0,12.0,0.008555342884003878,0.0,0.008555342884003878,0.0,-0.008555342884003878,-0.008555342884003878,0.0,0.0,0.0,0.0,0.0,0.0,8.559621981692906e-06,0.0,6.030883964273773,5.993920931090285,6.29508110135818e-16,8.187894806610529e-16,0.8014999454537509,0.0,-6.25,6.250000000000001,0.15811388300841892,0.15811388300841886,9.800553834673219e-09,2.181845483680174e-06,0.006030904136743604,0.006,2.47763187345873e-06,0.0059939123756345995,0.006,0.3,0.0,0.29144465711599693,0.0
5789,5.789,5.79,-4.335595862529793,4.378255016911289,0.021329577190747795,8.713850879441082,-0.09793697550609715,0.10084695464393612,1,1,-4.335595862529793,4.378255016911289,-6.0,6.0,0.0,12.0,0.008470215799975166,0.0,0.008470215799975166,0.0,-0.008470215799975166,-0.008470215799975166,0.0,0.0,0.0,0.0,0.0,0.0,8.474452319930784e-06,0.0,6.030682880820997,5.99400601545972,1.6653345369377348e-15,7.979727989493313e-16,0.8014999454408438,0.0,-6.25,6.250000000000001,0.15811388300841892,0.15811388300841886,9.803005901795935e-09,2.182361769346713e-06,0.006030702936746661,0.006,2.477443219495168e-06,0.0059939975453648705,0.006,0.3,0.0,0.2915297842000256,0.0
5799,5.799,5.8,-4.33579464418859,4.378108362794807,0.021156859303108178,8.713903006983397,-0.0979206966030638,0.10084823146779331,1,1,-4.33579464418859,4.378108362794807,-6.0,6.0,0.0,12.0,0.00838593574458499,0.0,0.00838593574458499,0.0,-0.00838593574458499,-0.00838593574458499,0.0,0.0,0.0,0.0,0.0,0.0,8.390130110462725e-06,0.0,6.030482961115162,5.994090250889953,1.007095069231051e-15,6.956241138666996e-16,0.8014999454277453,0.0,-6.25,6.250000000000001,0.15811388300841892,0.15811388300841886,9.805472536452663e-09,2.1828857123528186e-06,0.006030502900805616,0.006,2.477252465853397e-06,0.005994081865308268,0.006,0.3,0.0,0.2916140642554157,0.0
5809,5.809,5.8100000000000005,-4.335992574433393,4.377963446755641,0.020985436161123694,8.713956021189034,-0.09790454035599333,0.10084948828744611,1,1,-4.335992574433393,4.377963446755641,-6.0,6.0,0.0,12.0,0.008302494289757574,0.0,0.008302494289757574,0.0,-0.008302494289757574,-0.008302494289757574,0.0,0.0,0.0,0.0,0.0,0.0,8.30664692099751e-06,0.0,6.030284202036689,5.994173645811464,1.6367115995841175e-15,6.401129626354418e-16,0.801499945414458,0.0,-6.25,6.250000000000001,0.15811388300841892,0.15811388300841886,9.807953644947243e-09,2.1834172032437735e-06,0.006030304025806324,0.006,2.4770596557188716e-06,0.005994165343903667,0.006,0.3,0.0,0.29169750571024305,0.0
5819,5.819,5.82,-4.336189650055444,4.377820247139857,0.020815298542206317,8.7140098971953,-0.09788850610793737,0.10085072544294749,1,1,-4.336189650055444,4.377820247139857,-6.0,6.0,0.0,12.0,0.008219883091277906,0.0,0.008219883091277906,0.0,-0.008219883091277906,-0.008219883091277906,0.0,0.0,0.0,0.0,0.0,0.0,8.223994403146625e-06,0.0,6.03008660041249,5.994256208571239,7.588602055769167e-16,5.48172618408671e-16,0.8014999454009848,0.0,-6.25,6.250000000000001,0.15811388300841892,0.15811388300841886,9.810449132629116e-09,2.1839561325959473e-06,0.006030106308580984,0.006,2.476864832146042e-06,0.0059942479895063626,0.006,0.3,0.0,0.29178011690872263,0.0
5829,5.829,5.83,-4.336385867990498,4.377678742583323,0.02064643729641258,8.714064610573821,-0.09787259319996994,0.10085194326799551,1,1,-4.336385867990498,4.377678742583323,-6.0,6.0,0.0,12.0,0.008138093887957287,0.0,0.008138093887957287,0.0,-0.008138093887957287,-0.008138093887957287,0.0,0.0,0.0,0.0,0.0,0.0,8.142164291589403e-06,0.0,6.0298901530173215,5.994337947433599,1.1244464018754508e-15,5.655198531684391e-16,0.8014999453873283,0.0,-6.25,6.250000000000001,0.15811388300841892,0.15811388300841886,9.812958903912814e-09,2.184502391054542e-06,0.006029909745909509,0.006,2.476668038045027e-06,0.005994329810388908,0.006,0.3,0.0,0.29186190611204327,0.0
5839,5.839,5.84,-4.336581225316521,4.377538912007417,0.020478843345447917,8.714120137323938,-0.09785680097133598,0.10085314209007074,1,1,-4.336581225316521,4.377538912007417,-6.0,6.0,0.0,12.0,0.008057118500807233,0.0,0.008057118500807233,0.0,-0.008057118500807233,-0.008057118500807233,0.0,0.0,0.0,0.0,0.0,0.0,8.061148403246502e-06,0.0,6.029694856575131,5.994418870581011,4.891920202254596e-16,6.401129626354418e-16,0.8014999453734913,0.0,-6.25,6.250000000000001,0.15811388300841892,0.15811388300841886,9.815482862297188e-09,2.1850558693580183e-06,0.006029714334520862,0.006,2.4764693161860584e-06,0.00599441081474192,0.006,0.3,0.0,0.2919428814991934,0.0
5849,5.849,5.8500000000000005,-4.336775719251414,4.377400734614812,0.02031250768169901,8.714176453866227,-0.0978411287596112,0.10085432223056051,1,1,-4.336775719251414,4.377400734614812,-6.0,6.0,0.0,12.0,0.007976948832221546,0.0,0.007976948832221546,0.0,-0.007976948832221546,-0.007976948832221546,0.0,0.0,0.0,0.0,0.0,0.0,7.980938636461569e-06,0.0,6.029500707760374,5.994498986114923,1.0462008863398875e-15,7.7021722333370235e-16,0.8014999453594767,0.0,-6.25,6.250000000000001,0.15811388300841892,0.15811388300841886,9.818020910384295e-09,2.1856164583625204e-06,0.006029520071094395,0.006,2.476268709150631e-06,0.005994491010674911,0.006,0.3,0.0,0.2920230511677792,0.0
5859,5.859,5.86,-4.336969347150755,4.377264189885333,0.020147421367288754,8.714233537036087,-0.0978255759008459,0.1008554840048842,1,1,-4.336969347150755,4.377264189885333,-6.0,6.0,0.0,12.0,0.007897576865166563,0.0,0.007897576865166563,0.0,-0.007897576865166563,-0.007897576865166563,0.0,0.0,0.0,0.0,0.0,0.0,7.901526970191089e-06,0.0,6.029307703199323,5.994578302056548,1.790234627208065e-15,7.181755190543981e-16,0.8014999453452868,0.0,-6.25,6.250000000000001,0.15811388300841892,0.15811388300841886,9.820572949898035e-09,2.1861840490618605e-06,0.0060293269522611395,0.006,2.4760662593759086e-06,0.005994570406217078,0.006,0.3,0.0,0.29210242313483414,0.0
5869,5.869,5.87,-4.337162106505571,4.377129257571883,0.019983575533156106,8.714291364077454,-0.09781014172971031,0.10085662772262083,1,1,-4.337162106505571,4.377129257571883,-6.0,6.0,0.0,12.0,0.007818994662379434,0.0,0.007818994662379434,0.0,-0.007818994662379434,-0.007818994662379434,0.0,0.0,0.0,0.0,0.0,0.0,7.822905463202257e-06,0.0,6.029115839471334,5.99465682634767,2.209170346656464e-15,7.580741590018647e-16,0.8014999453309247,0.0,-6.25,6.250000000000001,0.15811388300841892,0.15811388300841886,9.823138881702435e-09,2.1867585326141623e-06,0.006029134974605083,0.006,2.475862009094776e-06,0.00599464900931812,0.006,0.3,0.0,0.2921810053376213,0.0
5879,5.8790000000000004,5.88,-4.337353994940127,4.376995917696434,0.0198209613781537,8.71434991263656,-0.09779482557963765,0.10085775368762401,1,1,-4.337353994940127,4.376995917696434,-6.0,6.0,0.0,12.0,0.007741194365574392,0.0,0.007741194365574392,0.0,-0.007741194365574392,-0.007741194365574392,0.0,0.0,0.0,0.0,0.0,0.0,7.745066253278855e-06,0.0,6.02892511311012,5.994734566851437,8.109832250191573e-16,7.025630077706069e-16,0.801499945316393,0.0,-6.25,6.250000000000001,0.15811388300841892,0.15811388300841886,9.825718605819693e-09,2.1873398003574057e-06,0.006028944134664449,0.006,2.47565600035804e-06,0.0059947268278490035,0.006,0.3,0.0,0.2922588056344263,0.0
5889,5.889,5.89,-4.3375450102097455,4.3768641505460915,0.01965957016817299,8.714409160755837,-0.0977796267829606,0.10085886219814266,1,1,-4.3375450102097455,4.3768641505460915,-6.0,6.0,0.0,12.0,0.007664168194656923,0.0,0.007664168194656923,0.0,-0.007664168194656923,-0.007664168194656923,0.0,0.0,0.0,0.0,0.0,0.0,7.668001556435023e-06,0.0,6.028735520604972,5.994811531353127,7.233796894823286e-16,7.164407955784213e-16,0.8014999453016944,0.0,-6.25,6.250000000000001,0.15811388300841892,0.15811388300841886,9.828312021447904e-09,2.1879277438560566e-06,0.006028754428932917,0.006,2.4754482750011244e-06,0.005994803869602767,0.006,0.3,0.0,0.2923358318053438,0.0
5899,5.899,5.9,-4.337735150198647,4.376733936669216,0.01949939323528449,8.714469086867862,-0.09776454467104678,0.10085995354693178,1,1,-4.337735150198647,4.376733936669216,-6.0,6.0,0.0,12.0,0.0075879084469457495,0.0,0.0075879084469457495,0.0,-0.0075879084469457495,-0.0075879084469457495,0.0,0.0,0.0,0.0,0.0,0.0,7.591703666136858e-06,0.0,6.028547058401997,5.994887727560943,1.1199198578053238e-15,6.808789643208968e-16,0.8014999452868317,0.0,-6.25,6.250000000000001,0.15811388300841892,0.15811388300841886,9.830919026978502e-09,2.188522254878861e-06,0.006028565853860855,0.006,2.4752388746507316e-06,0.0059948801422952825,0.006,0.3,0.0,0.2924120915530549,0.0
5909,5.909,5.91,-4.337924412917809,4.376605256871614,0.019340421976902444,8.714529669789425,-0.09774957857442507,0.10086102802136926,1,1,-4.337924412917809,4.376605256871614,-6.0,6.0,0.0,12.0,0.007512407496402547,0.0,0.007512407496402547,0.0,-0.007512407496402547,-0.007512407496402547,0.0,0.0,0.0,0.0,0.0,0.0,7.5161649525317445e-06,0.0,6.0283597229053045,5.9949631631067595,8.316711577228963e-16,6.843484112728504e-16,0.8014999452718075,0.0,-6.25,6.250000000000001,0.15811388300841892,0.15811388300841886,9.833539520013444e-09,2.1891232254699006e-06,0.006028378405856522,0.006,2.475027840720401e-06,0.005994955653566023,0.006,0.3,0.0,0.2924875925035981,0.0
5919,5.9190000000000005,5.92,-4.338112796502855,4.376478092212796,0.01918264785497037,8.714590888715652,-0.0977347278229207,0.10086208590356305,1,1,-4.338112796502855,4.376478092212796,-6.0,6.0,0.0,12.0,0.007437657792869345,0.0,0.007437657792869345,0.0,-0.007437657792869345,-0.007437657792869345,0.0,0.0,0.0,0.0,0.0,0.0,7.441377861685377e-06,0.0,6.02817351047819,5.995037845546884,4.097301653776392e-16,6.435824095873954e-16,0.8014999452566244,0.0,-6.25,6.250000000000001,0.15811388300841892,0.15811388300841886,9.836173397382081e-09,2.1897305479308277e-06,0.006028192081287242,0.006,2.474815214383863e-06,0.0059950304109788214,0.006,0.3,0.0,0.2925623422071313,0.0
5929,5.929,5.93,-4.338300299211966,4.376352424002288,0.019026062395161247,8.714652723214254,-0.0977199917457719,0.10086312747045328,1,1,-4.338300299211966,4.376352424002288,-6.0,6.0,0.0,12.0,0.007363651861313499,0.0,0.007363651861313499,0.0,-0.007363651861313499,-0.007363651861313499,0.0,0.0,0.0,0.0,0.0,0.0,7.3673349148263475e-06,0.0,6.0279884174442975,5.995111782362817,3.6589790442312364e-16,6.739400704169896e-16,0.8014999452412852,0.0,-6.25,6.250000000000001,0.15811388300841892,0.15811388300841886,9.838820555157792e-09,2.190344114863056e-06,0.0060280068764805685,0.006,2.4746010365750417e-06,0.005995104422022624,0.006,0.3,0.0,0.29263634813868716,0.0
5939,5.939,5.94,-4.33848691942381,4.376228233796006,0.01887065718609815,8.714715153219815,-0.09770536967175586,0.10086415299392804,1,1,-4.33848691942381,4.376228233796006,-6.0,6.0,0.0,12.0,0.007290382301080182,0.0,0.007290382301080182,0.0,-0.007290382301080182,-0.007290382301080182,0.0,0.0,0.0,0.0,0.0,0.0,7.294028707598267e-06,0.0,6.027804440088755,5.995184980961982,1.6158949178723958e-15,7.034303695085953e-16,0.8014999452257926,0.0,-6.25,6.250000000000001,0.15811388300841892,0.15811388300841886,9.841480888674316e-09,2.1909638191810804e-06,0.006027822787725436,0.006,2.474385347981389e-06,0.005995177694112226,0.006,0.3,0.0,0.2927096176989205,0.0
5949,5.949,5.95,-4.338672655635499,4.376105503392693,0.018716423878597066,8.714778159028192,-0.09769086092930285,0.10086516274091267,1,1,-4.338672655635499,4.376105503392693,-6.0,6.0,0.0,12.0,0.007217841785152312,0.0,0.007217841785152312,0.0,-0.007217841785152312,-0.007217841785152312,0.0,0.0,0.0,0.0,0.0,0.0,7.221451909319323e-06,0.0,6.027621574659311,5.9952574486784656,8.083811398051921e-16,6.990935608186533e-16,0.8014999452101492,0.0,-6.25,6.250000000000001,0.15811388300841892,0.15811388300841886,9.844154292541845e-09,2.1915895541213615e-06,0.006027639811273275,0.006,2.474168189050552e-06,0.005995250234589021,0.006,0.3,0.0,0.2927821582148484,0.0
5959,5.9590000000000005,5.96,-4.338857506460569,4.375984214830415,0.018563354184923053,8.714841721290984,-0.09767646484661496,0.10086615697348117,1,1,-4.338857506460569,4.375984214830415,-6.0,6.0,0.0,12.0,0.007146023059417844,0.0,0.007146023059417844,0.0,-0.007146023059417844,-0.007146023059417844,0.0,0.0,0.0,0.0,0.0,0.0,7.149597262249208e-06,0.0,6.027439817367423,5.995329192773748,2.347500991338458e-16,6.496539417533143e-16,0.8014999451943577,0.0,-6.25,6.250000000000001,0.15811388300841892,0.15811388300841886,9.84684066066285e-09,2.1922212132734105e-06,0.006027457943339127,0.006,2.4739495999348548e-06,0.00599532205072171,0.006,0.3,0.0,0.2928539769405828,0.0
5969,5.969,5.97,-4.339041470626983,4.375864350383108,0.01841143987806282,8.714905821010092,-0.09766218075177274,0.10086713594894436,1,1,-4.339041470626983,4.375864350383108,-6.0,6.0,0.0,12.0,0.007074918941944359,0.0,0.007074918941944359,0.0,-0.007074918941944359,-0.007074918941944359,0.0,0.0,0.0,0.0,0.0,0.0,7.0784575808633366e-06,0.0,6.027259164389355,5.995400220437416,8.664943762504151e-16,6.83481049534862e-16,0.8014999451784208,0.0,-6.25,6.250000000000001,0.15811388300841892,0.15811388300841886,9.849539886247642e-09,2.192858690610875e-06,0.006027277180102727,0.006,2.473729620555698e-06,0.0059953931497070435,0.006,0.3,0.0,0.2929250810580563,0.0
5979,5.979,5.98,-4.339224546975149,4.375745892557188,0.018260672791019505,8.714970439532337,-0.0976480079728484,0.10086809991995238,1,1,-4.339224546975149,4.375745892557188,-6.0,6.0,0.0,12.0,0.007004522322260853,0.0,0.007004522322260853,0.0,-0.007004522322260853,-0.007004522322260853,0.0,0.0,0.0,0.0,0.0,0.0,7.008025751134285e-06,0.0,6.02707961186725,5.995470538787882,1.8671960407955907e-15,6.218983661376853e-16,0.8014999451623411,0.0,-6.25,6.250000000000001,0.15811388300841892,0.15811388300841886,9.852251861829693e-09,2.1935018804671153e-06,0.006027097517709577,0.006,2.4735082905325003e-06,0.005995463538670515,0.006,0.3,0.0,0.29299547767773976,0.0
5989,5.989,5.99,-4.339406734455976,4.375628824088212,0.018111044816117694,8.715035558544187,-0.09763394583800933,0.10086904913458289,1,1,-4.339406734455976,4.375628824088212,-6.0,6.0,0.0,12.0,0.0069348261606466954,0.0,0.0069348261606466954,0.0,-0.0069348261606466954,-0.0069348261606466954,0.0,0.0,0.0,0.0,0.0,0.0,6.938294729820389e-06,0.0,6.026901155910163,5.995540154873091,8.844650272593624e-16,6.38378239159465e-16,0.8014999451461212,0.0,-6.25,6.250000000000001,0.15811388300841892,0.15811388300841886,9.854976479280716e-09,2.194150677592935e-06,0.006026918952272003,0.006,2.4732856492093446e-06,0.005995533224667085,0.006,0.3,0.0,0.29306517383935393,0.0
5999,5.9990000000000006,6.0,-4.339588032128936,4.375513127937591,0.017962547904327497,8.715101160066528,-0.09761999367562224,0.1008699838364352,1,1,-4.339588032128936,4.375513127937591,-6.0,6.0,0.0,12.0,0.006865823487427642,0.0,0.006865823487427642,0.0,-0.006865823487427642,-0.006865823487427642,0.0,0.0,0.0,0.0,0.0,0.0,6.869257543761404e-06,0.0,6.026723792595119,5.995609075671208,2.5908095113713614e-15,6.609296443471635e-16,0.8014999451297636,0.0,-6.25,6.250000000000001,0.15811388300841892,0.15811388300841886,9.857713629825484e-09,2.1948049771699054e-06,0.006026741479870182,0.006,2.473061735643878e-06,0.0059956022146818696,0.006,0.3,0.0,0.293134176512573,0.0
6009,6.009,6.01,-4.339768439160158,4.375398787289368,0.017815174064604644,8.715167226449527,-0.0976061508143522,0.10087090426472017,1,1,-4.339768439160158,4.375398787289368,-6.0,6.0,0.0,12.0,0.00679750740227887,0.0,0.00679750740227887,0.0,-0.00679750740227887,-0.00679750740227887,0.0,0.0,0.0,0.0,0.0,0.0,6.8009072891811965e-06,0.0,6.026547517968117,5.995677308091327,9.341485918135106e-16,7.346553920761778e-16,0.8014999451132713,0.0,-6.25,6.250000000000001,0.15811388300841892,0.15811388300841886,9.860463204056438e-09,2.195464674794819e-06,0.0060265650965531685,0.006,2.4728365885917648e-06,0.005995670515630833,0.006,0.3,0.0,0.29320249259772185,0.0
6019,6.019,6.0200000000000005,-4.339947954820547,4.37528578554703,0.017668915363241666,8.715233740367577,-0.09759241658325951,0.10087181065434464,1,1,-4.339947954820547,4.37528578554703,-6.0,6.0,0.0,12.0,0.0067298710735349335,0.0,0.0067298710735349335,0.0,-0.0067298710735349335,-0.0067298710735349335,0.0,0.0,0.0,0.0,0.0,0.0,6.733237130997348e-06,0.0,6.026372328045127,5.995744858974142,7.087666770762974e-16,7.008282842946301e-16,0.8014999450966465,0.0,-6.25,6.250000000000001,0.15811388300841892,0.15811388300841886,9.863225091948055e-09,2.196129666524102e-06,0.006026389798339895,0.006,2.472610246515572e-06,0.005995738134361481,0.006,0.3,0.0,0.29327012892646576,0.0
6029,6.029,6.03,-4.340126578483911,4.375174106330387,0.017523763923237734,8.715300684814299,-0.09757879031189881,0.10087270323599767,1,1,-4.340126578483911,4.375174106330387,-6.0,6.0,0.0,12.0,0.006662907737506596,0.0,0.006662907737506596,0.0,-0.006662907737506596,-0.006662907737506596,0.0,0.0,0.0,0.0,0.0,0.0,6.666240302137649e-06,0.0,6.026198218813086,5.995811735092621,1.5100767858378106e-15,7.103692634125025e-16,0.8014999450798919,0.0,-6.25,6.250000000000001,0.15811388300841892,0.15811388300841886,9.865999182870979e-09,2.1967998488871355e-06,0.006026215581220154,0.006,2.472382747558122e-06,0.005995805077653528,0.006,0.3,0.0,0.2933370922624941,0.0
6039,6.039,6.04,-4.340304309625125,4.375063733472488,0.017379711923681374,8.715368043097612,-0.09756527133040593,0.10087358223623694,1,1,-4.340304309625125,4.375063733472488,-6.0,6.0,0.0,12.0,0.00659661069780445,0.0,0.00659661069780445,0.0,-0.00659661069780445,-0.00659661069780445,0.0,0.0,0.0,0.0,0.0,0.0,6.599910102863383e-06,0.0,6.026025186230853,5.995877943152703,8.959846753420209e-16,7.433290094560618e-16,0.8014999450630101,0.0,-6.25,6.250000000000001,0.15811388300841892,0.15811388300841886,9.868785365605966e-09,2.197475118888476e-06,0.006026042441155572,0.006,2.4721541295580352e-06,0.005995871352219579,0.006,0.3,0.0,0.2934033893021963,0.0
6049,6.049,6.05,-4.340481147818314,4.374954651016601,0.01723675159914384,8.715435798834914,-0.0975518589695909,0.10087444787756528,1,1,-4.340481147818314,4.374954651016601,-6.0,6.0,0.0,12.0,0.006530973324669278,0.0,0.006530973324669278,0.0,-0.006530973324669278,-0.006530973324669278,0.0,0.0,0.0,0.0,0.0,0.0,6.534239900099346e-06,0.0,6.025853226230165,5.995943489793935,1.4123833938332886e-15,7.129713486264677e-16,0.8014999450460037,0.0,-6.25,6.250000000000001,0.15811388300841892,0.15811388300841886,9.871583528357566e-09,2.198155374036721e-06,0.006025870374080553,0.006,2.4719244300408506e-06,0.005995936964705795,0.006,0.3,0.0,0.2934690266753314,0.0
6059,6.059,6.0600000000000005,-4.340657092735045,4.374846843213228,0.01709487523909159,8.715503935948274,-0.09753855256102478,0.10087530037851511,1,1,-4.340657092735045,4.374846843213228,-6.0,6.0,0.0,12.0,0.006465989054309071,0.0,0.006465989054309071,0.0,-0.006465989054309071,-0.006465989054309071,0.0,0.0,0.0,0.0,0.0,0.0,6.469223126770539e-06,0.0,6.025682334716574,5.996008381590134,3.2551814976161664e-16,7.303185833862358e-16,0.8014999450288753,0.0,-6.25,6.250000000000001,0.15811388300841892,0.15811388300841886,9.874393558767646e-09,2.1988405123422886e-06,0.006025699375903231,0.006,2.4716936862101414e-06,0.005996001921692534,0.006,0.3,0.0,0.29353401094569165,0.0
6069,6.069,6.07,-4.34083214414256,4.374740294517169,0.016954075187304518,8.715572438659729,-0.09752535143712326,0.10087613995372308,1,1,-4.34083214414256,4.374740294517169,-6.0,6.0,0.0,12.0,0.006401651388242637,0.0,0.006401651388242637,0.0,-0.006401651388242637,-0.006401651388242637,0.0,0.0,0.0,0.0,0.0,0.0,6.404853281145446e-06,0.0,6.025512507570364,5.996072625050054,1.2203779653496838e-15,7.4593109467002705e-16,0.8014999450116274,0.0,-6.25,6.250000000000001,0.15811388300841892,0.15811388300841886,9.87721534392868e-09,2.1995304323440632e-06,0.0060255294425063735,0.006,2.471461934931973e-06,0.005996066229695031,0.006,0.3,0.0,0.2935983486117581,0.0
6079,6.079,6.08,-4.341006301902015,4.374634989584646,0.016814343841315527,8.71564129148666,-0.09751225493123045,0.10087696681400832,1,1,-4.341006301902015,4.374634989584646,-6.0,6.0,0.0,12.0,0.006337953892649755,0.0,0.006337953892649755,0.0,-0.006337953892649755,-0.006337953892649755,0.0,0.0,0.0,0.0,0.0,0.0,6.3411239261858635e-06,0.0,6.025343740647454,5.996136226618012,1.5421691701433815e-15,7.37257477290143e-16,0.8014999449942624,0.0,-6.25,6.250000000000001,0.15811388300841892,0.15811388300841886,9.880048770396833e-09,2.2002250331227183e-06,0.006025360569748292,0.006,2.4712292127460067e-06,0.0059961298951640134,0.006,0.3,0.0,0.29366204610735097,0.0
6089,6.089,6.09,-4.341179565966748,4.374530913270454,0.016675673651853185,8.715710479237202,-0.09749926237769796,0.10087778116644852,1,1,-4.341179565966748,4.374530913270454,-6.0,6.0,0.0,12.0,0.006274890197727782,0.0,0.006274890197727782,0.0,-0.006274890197727782,-0.006274890197727782,0.0,0.0,0.0,0.0,0.0,0.0,6.278028688903186e-06,0.0,6.02517602978029,5.996199192674545,1.6210990883003262e-15,7.476658181460039e-16,0.8014999449767828,0.0,-6.25,6.250000000000001,0.15811388300841892,0.15811388300841886,9.882893724204895e-09,2.200924214298495e-06,0.006025192753463745,0.006,2.470995555863276e-06,0.005996192924486367,0.006,0.3,0.0,0.29372510980227295,0.0
6099,6.099,6.1000000000000005,-4.3413519363805655,4.374428050625168,0.016538057122301275,8.715779987005734,-0.09748637311196351,0.10087858321444793,1,1,-4.3413519363805655,4.374428050625168,-6.0,6.0,0.0,12.0,0.006212453997054674,0.0,0.006212453997054674,0.0,-0.006212453997054674,-0.006212453997054674,0.0,0.0,0.0,0.0,0.0,0.0,6.215561259721106e-06,0.0,6.0250093707787125,5.996261529537012,5.429684479807406e-16,7.832276494035284e-16,0.8014999449591912,0.0,-6.25,6.250000000000001,0.15811388300841892,0.15811388300841886,9.88575009087498e-09,2.201627876064511e-06,0.006025025989464791,0.006,2.470761000143984e-06,0.005996255323985748,0.006,0.3,0.0,0.2937875460029461,0.0
6109,6.109,6.11,-4.341523413276053,4.374326386892395,0.016401486808171217,8.71584980016845,-0.0974735864706272,0.10087937315781587,1,1,-4.341523413276053,4.374326386892395,-6.0,6.0,0.0,12.0,0.006150639046958335,0.0,0.006150639046958335,0.0,-0.006150639046958335,-0.006150639046958335,0.0,0.0,0.0,0.0,0.0,0.0,6.153715391844651e-06,0.0,6.0248437594308175,5.996323243460257,1.898200834796887e-16,7.728193085476676e-16,0.8014999449414901,0.0,-6.25,6.250000000000001,0.15811388300841892,0.15811388300841886,9.888617755431074e-09,2.2023359191911982e-06,0.006024860273541667,0.006,2.470525581117489e-06,0.0059963170999232165,0.006,0.3,0.0,0.2938493609530424,0.0
6119,6.119,6.12,-4.3416939968729,4.3742259075060606,0.01626595531658026,8.71591990437896,-0.09746090179152178,0.10088015119283117,1,1,-4.3416939968729,4.3742259075060606,-6.0,6.0,0.0,12.0,0.0060894391658922395,0.0,0.0060894391658922395,0.0,-0.0060894391658922395,-0.0060894391658922395,0.0,0.0,0.0,0.0,0.0,0.0,6.092484900635491e-06,0.0,6.024679191503807,5.9963843406372,1.1171619185290638e-15,7.979727989493313e-16,0.801499944923682,0.0,-6.25,6.250000000000001,0.15811388300841892,0.15811388300841886,9.891496602411389e-09,2.2030482450085427e-06,0.006024695601463622,0.006,2.4702893339578757e-06,0.0059963782584978595,0.006,0.3,0.0,0.29391056083410855,0.0
6129,6.1290000000000004,6.13,-4.341863687476253,4.374126598087745,0.016131455305746112,8.715990285563997,-0.09744831841378837,0.10088091751231154,1,1,-4.341863687476253,4.374126598087745,-6.0,6.0,0.0,12.0,0.006028848233817284,0.0,0.006028848233817284,0.0,-0.006028848233817284,-0.006028848233817284,0.0,0.0,0.0,0.0,0.0,0.0,6.0318636629934844e-06,0.0,6.024515662744808,5.9964448271994595,2.8780485481806617e-16,7.311859451242242e-16,0.8014999449057693,0.0,-6.25,6.250000000000001,0.15811388300841892,0.15811388300841886,9.894386515880562e-09,2.203764755483797e-06,0.006024531968979756,0.006,2.470052293499503e-06,0.0059964388058474,0.006,0.3,0.0,0.29397115176618344,0.0
6139,6.139,6.140000000000001,-4.342032485475082,4.374028444444063,0.015997979484490443,8.716060929919145,-0.097435835677942,0.10088167230568379,1,1,-4.342032485475082,4.374028444444063,-6.0,6.0,0.0,12.0,0.005968860191589767,0.0,0.005968860191589767,0.0,-0.005968860191589767,-0.005968860191589767,0.0,0.0,0.0,0.0,0.0,0.0,5.971845616744347e-06,0.0,6.024353168881692,5.996504709217962,1.1596626436904955e-15,6.687358999890591e-16,0.8014999448877543,0.0,-6.25,6.250000000000001,0.15811388300841892,0.15811388300841886,9.897287379441673e-09,2.204485353152649e-06,0.00602436937181983,0.006,2.4698144942081337e-06,0.005996498748048803,0.006,0.3,0.0,0.2940311398084109,0.0
6149,6.149,6.15,-4.342200391340578,4.373931432564074,0.015865520611748174,8.716131823904652,-0.09742345292594046,0.100882415759046,1,1,-4.342200391340578,4.373931432564074,-6.0,6.0,0.0,12.0,0.005909469040355476,0.0,0.005909469040355476,0.0,-0.005909469040355476,-0.005909469040355476,0.0,0.0,0.0,0.0,0.0,0.0,5.9124247600334395e-06,0.0,6.024191705623879,5.9965639927035355,1.1262421117236299e-15,6.453171330633722e-16,0.8014999448696396,0.0,-6.25,6.250000000000001,0.15811388300841892,0.15811388300841886,9.900199076248116e-09,2.2052099411947155e-06,0.006024207805695072,0.006,2.4695759702120237e-06,0.005996558091118883,0.006,0.3,0.0,0.29409053095964516,0.0
6159,6.159,6.16,-4.3423674056245565,4.373835548616747,0.015734071496095403,8.716202954241304,-0.09741116950124973,0.10088314805523246,1,1,-4.3423674056245565,4.373835548616747,-6.0,6.0,0.0,12.0,0.005850668840949796,0.0,0.005850668840949796,0.0,-0.005850668840949796,-0.005850668840949796,0.0,0.0,0.0,0.0,0.0,0.0,5.8535951507255715e-06,0.0,6.024031268663119,5.996622683607512,1.1726730697603216e-15,6.487865800153259e-16,0.8014999448514276,0.0,-6.25,6.250000000000001,0.15811388300841892,0.15811388300841886,9.903121489015306e-09,2.2059384234046777e-06,0.006024047266298964,0.006,2.469336755266394e-06,0.005996616841014895,0.006,0.3,0.0,0.29414933115905084,0.0
6169,6.1690000000000005,6.17,-4.342533528957896,4.3737407789484495,0.015603624995276899,8.716274307906346,-0.09739898474890485,0.10088386937387867,1,1,-4.342533528957896,4.3737407789484495,-6.0,6.0,0.0,12.0,0.005792453713303784,0.0,0.005792453713303784,0.0,-0.005792453713303784,-0.005792453713303784,0.0,0.0,0.0,0.0,0.0,0.0,5.795350905810789e-06,0.0,6.023871853674269,5.996680787822314,1.1967220291987657e-16,7.251144129583054e-16,0.8014999448331206,0.0,-6.25,6.250000000000001,0.15811388300841892,0.15811388300841886,9.906054500032249e-09,2.206670704218924e-06,0.006023887749308021,0.006,2.469096882780075e-06,0.00599667500363512,0.006,0.3,0.0,0.29420754628669693,0.0
6179,6.179,6.18,-4.34269876204898,4.37364711008049,0.015474174015754905,8.71634587212947,-0.09738689801557537,0.10088457989147787,1,1,-4.34269876204898,4.37364711008049,-6.0,6.0,0.0,12.0,0.0057348178358561635,0.0,0.0057348178358561635,0.0,-0.0057348178358561635,-0.0057348178358561635,0.0,0.0,0.0,0.0,0.0,0.0,5.737686200816064e-06,0.0,6.02371345631605,5.996738311182027,6.774095173689432e-16,7.199102425303749e-16,0.801499944814721,0.0,-6.25,6.250000000000001,0.15811388300841892,0.15811388300841886,9.908997991172941e-09,2.2074066887222154e-06,0.006023729250382541,0.006,2.468856385786644e-06,0.005996732584819459,0.006,0.3,0.0,0.29426518216414455,0.0
6189,6.189,6.19,-4.342863105682176,4.373554528706684,0.015345711512253946,8.716417634388861,-0.09737490864961923,0.1008852797814469,1,1,-4.342863105682176,4.373554528706684,-6.0,6.0,0.0,12.0,0.005677755444971159,0.0,0.005677755444971159,0.0,-0.005677755444971159,-0.005677755444971159,0.0,0.0,0.0,0.0,0.0,0.0,5.68059526922284e-06,0.0,6.0235560722318,5.996795259462997,5.706664253559562e-16,7.034303695085953e-16,0.8014999447962311,0.0,-6.25,6.250000000000001,0.15811388300841892,0.15811388300841886,9.911951843907661e-09,2.2081462826476817e-06,0.006023571765167369,0.006,2.4686152969666255e-06,0.005996789590350002,0.006,0.3,0.0,0.29432224455502953,0.0
6199,6.199,6.2,-4.343026560716326,4.373463021690974,0.015218230487323847,8.716489582407299,-0.097363016001146,0.1008859692141828,1,1,-4.343026560716326,4.373463021690974,-6.0,6.0,0.0,12.0,0.00562126083436213,0.0,0.00562126083436213,0.0,-0.00562126083436213,-0.00562126083436213,0.0,0.0,0.0,0.0,0.0,0.0,5.6240724018903835e-06,0.0,6.023399697050202,5.996851638384384,6.146951979542348e-16,7.554720737878995e-16,0.8014999447776534,0.0,-6.25,6.250000000000001,0.15811388300841892,0.15811388300841886,9.914915939314114e-09,2.208889392396807e-06,0.006023415289292616,0.006,2.468373648618627e-06,0.005996846025951603,0.006,0.3,0.0,0.2943787391656386,0.0
6209,6.2090000000000005,6.21,-4.343189128083247,4.373372576065069,0.015091723990911188,8.716561704148315,-0.09735121942206854,0.10088664835711719,1,1,-4.343189128083247,4.373372576065069,-6.0,6.0,0.0,12.0,0.0055653283545209365,0.0,0.0055653283545209365,0.0,-0.0055653283545209365,-0.0055653283545209365,0.0,0.0,0.0,0.0,0.0,0.0,5.568111946484859e-06,0.0,6.023244326386003,5.996907453608731,1.2394599235854287e-15,8.205242041370298e-16,0.80149994475899,0.0,-6.25,6.250000000000001,0.15811388300841892,0.15811388300841886,9.917890158088437e-09,2.2096359250305497e-06,0.0060232598183743965,0.006,2.468131472685986e-06,0.005996901897292442,0.006,0.3,0.0,0.2944346716454799,0.0
6219,6.219,6.22,-4.3433508087862736,4.373283179026136,0.014966185119931197,8.71663398781241,-0.09733951826615822,0.10088731737477846,1,1,-4.3433508087862736,4.373283179026136,-6.0,6.0,0.0,12.0,0.005509952412152984,0.0,0.005509952412152984,0.0,-0.005509952412152984,-0.005509952412152984,0.0,0.0,0.0,0.0,0.0,0.0,5.51270830691409e-06,0.0,6.023089955840727,5.996962710742538,5.135255827341811e-16,8.534839501805891e-16,0.8014999447402434,0.0,-6.25,6.250000000000001,0.15811388300841892,0.15811388300841886,9.920874380556095e-09,2.2103857883204094e-06,0.006023105348015522,0.006,2.4678888007367837e-06,0.0059969572099845955,0.006,0.3,0.0,0.29449004758784786,0.0
6229,6.229,6.23,-4.343511603898796,4.373194817934512,0.01484160701785786,8.716706421833308,-0.09732791188909906,0.10088797642884312,1,1,-4.343511603898796,4.373194817934512,-6.0,6.0,0.0,12.0,0.005455127469617889,0.0,0.005455127469617889,0.0,-0.005455127469617889,-0.005455127469617889,0.0,0.0,0.0,0.0,0.0,0.0,5.457855942767952e-06,0.0,6.022936581003368,5.997017415336791,1.8283985436795547e-15,8.170547571850761e-16,0.801499944721416,0.0,-6.25,6.250000000000001,0.15811388300841892,0.15811388300841886,9.923868486682656e-09,2.2111388906818155e-06,0.006022951873806209,0.006,2.467645663966067e-06,0.005997011969584578,0.006,0.3,0.0,0.2945448725303829,0.0
6239,6.239,6.24,-4.343671514562834,4.3731074803114645,0.01471798287431536,8.716778994874298,-0.09731639964853489,0.10088862567819101,1,1,-4.343671514562834,4.3731074803114645,-6.0,6.0,0.0,12.0,0.00540084804437571,0.0,0.00540084804437571,0.0,-0.00540084804437571,-0.00540084804437571,0.0,0.0,0.0,0.0,0.0,0.0,5.40354936876432e-06,0.0,6.022784197451071,5.997071572887533,5.88938620094126e-16,8.040443311152501e-16,0.8014999447025096,0.0,-6.25,6.250000000000001,0.15811388300841892,0.15811388300841886,9.926872356084438e-09,2.211895141267386e-06,0.006022799391324759,0.006,2.4674020932047293e-06,0.005997066181593905,0.006,0.3,0.0,0.2945991519556251,0.0
6249,6.2490000000000006,6.25,-4.34383054198762,4.373021153836975,0.014595305924677504,8.716851695824595,-0.09730498090412071,0.10088926527895753,1,1,-4.34383054198762,4.373021153836975,-6.0,6.0,0.0,12.0,0.005347108708438692,0.0,0.005347108708438692,0.0,-0.005347108708438692,-0.005347108708438692,0.0,0.0,0.0,0.0,0.0,0.0,5.349783154200537e-06,0.0,6.022632800749808,5.9971251888364,8.517492267046123e-16,7.832276494035284e-16,0.8014999446835269,0.0,-6.25,6.250000000000001,0.15811388300841892,0.15811388300841886,9.929885868039065e-09,2.2126544498803292e-06,0.006022647896138228,0.006,2.4671581188995263e-06,0.005997119851459628,0.006,0.3,0.0,0.2946528912915621,0.0
6259,6.259,6.26,-4.343988687448205,4.3729358263475655,0.014473569449680035,8.716924513795771,-0.09729365501756959,0.1008898953845877,1,1,-4.343988687448205,4.3729358263475655,-6.0,6.0,0.0,12.0,0.005293904087828456,0.0,0.005293904087828456,0.0,-0.005293904087828456,-0.005293904087828456,0.0,0.0,0.0,0.0,0.0,0.0,5.296551922410343e-06,0.0,6.022482386455028,5.997178268571156,1.3727049824521081e-15,7.502679033599691e-16,0.80149994466447,0.0,-6.25,6.250000000000001,0.15811388300841892,0.15811388300841886,9.93290890149591e-09,2.213416727083247e-06,0.006022497383803092,0.006,2.4669137711264e-06,0.005997172984574869,0.006,0.3,0.0,0.2947060959121723,0.0
6269,6.269,6.2700000000000005,-4.344145952284087,4.372851485834153,0.014352766775032944,8.716997438118241,-0.09728242135269821,0.10089051614588312,1,1,-4.344145952284087,4.372851485834153,-6.0,6.0,0.0,12.0,0.005241228862038603,0.0,0.005241228862038603,0.0,-0.005241228862038603,-0.005241228862038603,0.0,0.0,0.0,0.0,0.0,0.0,5.2438503502261955e-06,0.0,6.022332950112316,5.997230817426228,1.1595982691865042e-15,7.86697096355482e-16,0.8014999446453411,0.0,-6.25,6.250000000000001,0.15811388300841892,0.15811388300841886,9.935941335086429e-09,2.214181884109315e-06,0.00602234784986589,0.006,2.4666690795993594e-06,0.005997225586279369,0.006,0.3,0.0,0.29475877113796217,0.0
6279,6.279,6.28,-4.344302337897842,4.372768120439934,0.0142328912710461,8.717070458337776,-0.0972712792754718,0.10089112771105774,1,1,-4.344302337897842,4.372768120439934,-6.0,6.0,0.0,12.0,0.005189077763502661,0.0,0.005189077763502661,0.0,-0.005189077763502661,-0.005189077763502661,0.0,0.0,0.0,0.0,0.0,0.0,5.191673167446961e-06,0.0,6.0221844872580155,5.997282840683231,5.586283931095781e-16,8.014422459012849e-16,0.8014999446261424,0.0,-6.25,6.250000000000001,0.15811388300841892,0.15811388300841886,9.938983047134417e-09,2.2149498329377803e-06,0.006022199289863861,0.006,2.4664240736305133e-06,0.0059972776618600005,0.006,0.3,0.0,0.29481092223649813,0.0
6289,6.289,6.29,-4.344457845753796,4.37268571845831,0.014113936352257106,8.717143564212106,-0.09726022815404523,0.10089173022577697,1,1,-4.344457845753796,4.37268571845831,-6.0,6.0,0.0,12.0,0.005137445577067314,0.0,0.005137445577067314,0.0,-0.005137445577067314,-0.005137445577067314,0.0,0.0,0.0,0.0,0.0,0.0,5.140015156310881e-06,0.0,6.022036993419858,5.997334343571495,2.4801124695605914e-16,8.456776945386935e-16,0.801499944606876,0.0,-6.25,6.250000000000001,0.15811388300841892,0.15811388300841886,9.942033915666155e-09,2.215720486256211e-06,0.006022051699325575,0.006,2.466178782176698e-06,0.005997329216551299,0.006,0.3,0.0,0.2948625544229335,0.0
6299,6.299,6.3,-4.344612477376698,4.372604268330833,0.013995895477067588,8.717216745707532,-0.09724926735880601,0.10089232383321628,1,1,-4.344612477376698,4.372604268330833,-6.0,6.0,0.0,12.0,0.005086327139470892,0.0,0.005086327139470892,0.0,-0.005086327139470892,-0.005086327139470892,0.0,0.0,0.0,0.0,0.0,0.0,5.088871150973791e-06,0.0,6.021890464117576,5.997385331268578,1.7122415274907835e-15,8.994541222939745e-16,0.8014999445875443,0.0,-6.25,6.250000000000001,0.15811388300841892,0.15811388300841886,9.945093818420481e-09,2.2164937574827033e-06,0.006021905073771534,0.006,2.4659332338128337e-06,0.005997380255535974,0.006,0.3,0.0,0.29491367286053,0.0
6309,6.309,6.3100000000000005,-4.344766234350417,4.372523758645192,0.01387876214738748,8.71728999299561,-0.09723839626241404,0.10089290867410006,1,1,-4.344766234350417,4.372523758645192,-6.0,6.0,0.0,12.0,0.005035717338827037,0.0,0.005035717338827037,0.0,-0.005035717338827037,-0.005035717338827037,0.0,0.0,0.0,0.0,0.0,0.0,5.038236036992538e-06,0.0,6.021744894863505,5.997435808900775,2.6324428747948048e-15,7.971054372113429e-16,0.8014999445681492,0.0,-6.25,6.250000000000001,0.15811388300841892,0.15811388300841886,9.948162632858775e-09,2.2172695607769817e-06,0.006021759408714784,0.006,2.465687456738586e-06,0.005997430783945428,0.006,0.3,0.0,0.29496428266117375,0.0
6319,6.319,6.32,-4.344919118316655,4.3724441781332235,0.013762529908284193,8.717363296449879,-0.09722761423983844,0.10089348488675043,1,1,-4.344919118316655,4.3724441781332235,-6.0,6.0,0.0,12.0,0.004985611114113512,0.0,0.004985611114113512,0.0,-0.004985611114113512,-0.004985611114113512,0.0,0.0,0.0,0.0,0.0,0.0,4.98810475081353e-06,0.0,6.021600281163165,5.997485781543637,7.355227538141662e-16,7.363901155521546e-16,0.8014999445486929,0.0,-6.25,6.250000000000001,0.15811388300841892,0.15811388300841886,9.951240236174861e-09,2.218047811031519e-06,0.006021614699661506,0.006,2.465441478769481e-06,0.005997480806860258,0.006,0.3,0.0,0.2950143888858872,0.0
6329,6.329,6.33,-4.345071130973681,4.372365515668952,0.013647192347635784,8.717436646642632,-0.09721692066839704,0.10089405260713252,1,1,-4.345071130973681,4.372365515668952,-6.0,6.0,0.0,12.0,0.004936003454666088,0.0,0.004936003454666088,0.0,-0.004936003454666088,-0.004936003454666088,0.0,0.0,0.0,0.0,0.0,0.0,4.9384722792663725e-06,0.0,6.021456618515852,5.997535254222454,1.7095699855751434e-15,7.051650929845721e-16,0.8014999445291776,0.0,-6.25,6.250000000000001,0.15811388300841892,0.15811388300841886,9.954326505304839e-09,2.218828423875975e-06,0.006021470942111587,0.006,2.465195327352454e-06,0.005997530329310762,0.006,0.3,0.0,0.2950639965453346,0.0
6339,6.339,6.34,-4.345222274075078,4.372287760266668,0.013532743095795219,8.717510034341746,-0.0972063149277902,0.10089461196889554,1,1,-4.345222274075078,4.372287760266668,-6.0,6.0,0.0,12.0,0.004886889399677479,0.0,0.004886889399677479,0.0,-0.004886889399677479,-0.004886889399677479,0.0,0.0,0.0,0.0,0.0,0.0,4.889333659062546e-06,0.0,6.021313902415194,5.997584231912761,2.4468274628652864e-15,6.817463260588852e-16,0.8014999445096054,0.0,-6.25,6.250000000000001,0.15811388300841892,0.15811388300841886,9.957421316936842e-09,2.219611315701624e-06,0.0060213281315592,0.006,2.464949029556962e-06,0.005997579356277432,0.006,0.3,0.0,0.2951131106003232,0.0
6349,6.349,6.3500000000000005,-4.345372549428512,4.37221090107902,0.013419175825254204,8.717583450507533,-0.09719579640013576,0.1008951631034194,1,1,-4.345372549428512,4.37221090107902,-6.0,6.0,0.0,12.0,0.00483826403770126,0.0,0.00483826403770126,0.0,-0.00483826403770126,-0.00483826403770126,0.0,0.0,0.0,0.0,0.0,0.0,4.840683976299085e-06,0.0,6.021172128349718,5.997632719540839,1.235990476633475e-15,7.693498615957139e-16,0.8014999444899782,0.0,-6.25,6.250000000000001,0.15811388300841892,0.15811388300841886,9.960524547520732e-09,2.2203964036369274e-06,0.006021186263493355,0.006,2.4647026120727665e-06,0.0059976278926914435,0.006,0.3,0.0,0.2951617359622995,0.0
6359,6.359,6.36,-4.345521958894511,4.37213492739515,0.01330648425031944,8.71765688628966,-0.09718536447000131,0.10089570613985327,1,1,-4.345521958894511,4.37213492739515,-6.0,6.0,0.0,12.0,0.0047901225061607105,0.0,0.0047901225061607105,0.0,-0.0047901225061607105,-0.0047901225061607105,0.0,0.0,0.0,0.0,0.0,0.0,4.792518365967171e-06,0.0,6.021031291803393,5.997680721984182,1.4691532360241663e-15,8.664943762504151e-16,0.801499944470298,0.0,-6.25,6.250000000000001,0.15811388300841892,0.15811388300841886,9.963636073277716e-09,2.221183605569741e-06,0.006021045333398457,0.006,2.4644561012165946e-06,0.00599767594343515,0.006,0.3,0.0,0.29520987749384014,0.0
6369,6.369,6.37,-4.34567050438527,4.372059828638846,0.013194662126787993,8.717730333024114,-0.09717501852443966,0.10089624120516116,1,1,-4.34567050438527,4.372059828638846,-6.0,6.0,0.0,12.0,0.004742459990862559,0.0,0.004742459990862559,0.0,-0.004742459990862559,-0.004742459990862559,0.0,0.0,0.0,0.0,0.0,0.0,4.744832011465631e-06,0.0,6.020891388256169,5.997728244071997,4.917941054394248e-16,9.115971866258121e-16,0.8014999444505673,0.0,-6.25,6.250000000000001,0.15811388300841892,0.15811388300841886,9.966755770209928e-09,2.221972840138431e-06,0.006020905336754828,0.006,2.4642095229343575e-06,0.0059977235133425715,0.006,0.3,0.0,0.29525754000913834,0.0
6379,6.3790000000000004,6.38,-4.345818187863466,4.371985594366729,0.013083703251631551,8.717803782230195,-0.09716475795301355,0.10089676842415657,1,1,-4.345818187863466,4.371985594366729,-6.0,6.0,0.0,12.0,0.0046952717255155565,0.0,0.0046952717255155565,0.0,-0.0046952717255155565,-0.0046952717255155565,0.0,0.0,0.0,0.0,0.0,0.0,4.6976201441192774e-06,0.0,6.0207524131845,5.997775290585665,1.2252094412808223e-15,8.517492267046123e-16,0.8014999444307875,0.0,-6.25,6.250000000000001,0.15811388300841892,0.15811388300841886,9.969883514109935e-09,2.222764026754077e-06,0.00602076626903925,0.006,2.463962902798933e-06,0.0059977706071998454,0.006,0.3,0.0,0.2953047282744853,0.0
6389,6.389,6.390000000000001,-4.345965011341091,4.371912214266462,0.012973601462685558,8.717877225607554,-0.09715458214783201,0.10089728791954689,1,1,-4.345965011341091,4.371912214266462,-6.0,6.0,0.0,12.0,0.004648552991253847,0.0,0.004648552991253847,0.0,-0.004648552991253847,-0.004648552991253847,0.0,0.0,0.0,0.0,0.0,0.0,4.650878042702034e-06,0.0,6.0206143620618615,5.997821866259229,1.3331146624974421e-15,8.500145032286355e-16,0.8014999444109611,0.0,-6.25,6.250000000000001,0.15811388300841892,0.15811388300841886,9.973019180570183e-09,2.223557085573831e-06,0.006020628125725479,0.006,2.463716265999061e-06,0.005997817229745727,0.006,0.3,0.0,0.295351447008747,0.0
6399,6.399,6.4,-4.346110976878306,4.371839678154988,0.012864350638341016,8.717950655033293,-0.0971444905035726,0.10089779981197006,1,1,-4.346110976878306,4.371839678154988,-6.0,6.0,0.0,12.0,0.0046022991161650696,0.0,0.0046022991161650696,0.0,-0.0046022991161650696,-0.0046022991161650696,0.0,0.0,0.0,0.0,0.0,0.0,4.604601032964806e-06,0.0,6.020477230359267,5.99786797577985,7.008045673721069e-16,9.037909309839165e-16,0.8014999443910898,0.0,-6.25,6.250000000000001,0.15811388300841892,0.15811388300841886,9.976162644992413e-09,2.2243519375342227e-06,0.006020490902284743,0.006,2.463469637354887e-06,0.005997863385672047,0.006,0.3,0.0,0.2953977008838358,0.0
6409,6.409,6.41,-4.346256086582301,4.371767975976793,0.012755944697246058,8.718024062559094,-0.09713448241751133,0.10089830422003399,1,1,-4.346256086582301,4.371767975976793,-6.0,6.0,0.0,12.0,0.004556505474823171,0.0,0.004556505474823171,0.0,-0.004556505474823171,-0.004556505474823171,0.0,0.0,0.0,0.0,0.0,0.0,4.558784487168054e-06,0.0,6.02034101354575,5.997913623788274,1.1830814106161824e-15,1.0009354456386177e-15,0.8014999443711757,0.0,-6.25,6.250000000000001,0.15811388300841892,0.15811388300841886,9.97931378259702e-09,2.2251485043311715e-06,0.006020354594186258,0.006,2.4632230413268455e-06,0.005997909079624169,0.006,0.3,0.0,0.2954434945251778,0.0
6419,6.4190000000000005,6.42,-4.3464003426061835,4.371697097802197,0.012648377598006633,8.71809744040838,-0.09712455728954905,0.10089880126035095,1,1,-4.3464003426061835,4.371697097802197,-6.0,6.0,0.0,12.0,0.004511167487825854,0.0,0.004511167487825854,0.0,-0.004511167487825854,-0.004511167487825854,0.0,0.0,0.0,0.0,0.0,0.0,4.513423823619019e-06,0.0,6.020205707088862,5.997958814879295,4.614364446098307e-16,1.0356299151581538e-15,0.8014999443512205,0.0,-6.25,6.250000000000001,0.15811388300841892,0.15811388300841886,9.982472468432367e-09,2.2259467084288737e-06,0.0060202191968977,0.006,2.4629765019890115e-06,0.005997954316201468,0.006,0.3,0.0,0.29548883251217517,0.0
6429,6.429,6.43,-4.346543747147876,4.371627033825665,0.012541643338894737,8.71817078097354,-0.09711471452223619,0.10089929104757728,1,1,-4.346543747147876,4.371627033825665,-6.0,6.0,0.0,12.0,0.00446628062133664,0.0,0.00446628062133664,0.0,-0.00446628062133664,-0.00446628062133664,0.0,0.0,0.0,0.0,0.0,0.0,4.468514506213544e-06,0.0,6.02007130645515,5.9980035536021985,1.169203622808368e-15,1.0564465968698755e-15,0.8014999443312264,0.0,-6.25,6.250000000000001,0.15811388300841892,0.15811388300841886,9.98563857738405e-09,2.226746473064241e-06,0.006020084705885695,0.006,2.46273004305797e-06,0.005997999099957751,0.006,0.3,0.0,0.2955337193786644,0.0
6439,6.439,6.44,-4.3466863024490285,4.371557774364151,0.01243573595756109,8.718244076813178,-0.09710495352079573,0.10089977369444725,1,1,-4.3466863024490285,4.371557774364151,-6.0,6.0,0.0,12.0,0.004421840386631471,0.0,0.004421840386631471,0.0,-0.004421840386631471,-0.004421840386631471,0.0,0.0,0.0,0.0,0.0,0.0,4.424052043982465e-06,0.0,6.019937807110621,5.998047844461215,1.078998002057574e-15,1.0113437864944785e-15,0.8014999443111952,0.0,-6.25,6.250000000000001,0.15811388300841892,0.15811388300841886,9.98881198418415e-09,2.2275477222535597e-06,0.006019951116616283,0.006,2.4624836878817113e-06,0.005998043435401742,0.006,0.3,0.0,0.29557815961336953,0.0
6449,6.449,6.45,-4.346828010793949,4.371489309855454,0.012330649530752247,8.718317320649403,-0.09709527369314574,0.10090024931180858,1,1,-4.346828010793949,4.371489309855454,-6.0,6.0,0.0,12.0,0.004377842339649845,0.0,0.004377842339649845,0.0,-0.004377842339649845,-0.004377842339649845,0.0,0.0,0.0,0.0,0.0,0.0,4.380031990642507e-06,0.0,6.019805204521208,5.9980916919159775,7.245214898952274e-16,1.0156805951844206e-15,0.8014999442911287,0.0,-6.25,6.250000000000001,0.15811388300841892,0.15811388300841886,9.991992563420401e-09,2.228350380770292e-06,0.006019818424555384,0.006,2.4622374594307497e-06,0.005998087326997508,0.006,0.3,0.0,0.29562215766035116,0.0
6459,6.4590000000000005,6.46,-4.346968874508553,4.371421630856614,0.012226378174030383,8.718390505365168,-0.09708567444992294,0.10090071800865685,1,1,-4.346968874508553,4.371421630856614,-6.0,6.0,0.0,12.0,0.004334282080550398,0.0,0.004334282080550398,0.0,-0.004334282080550398,-0.004334282080550398,0.0,0.0,0.0,0.0,0.0,0.0,4.336449944151652e-06,0.0,6.019673494153212,5.998135100381941,1.4051260155412137e-15,9.749145934989656e-16,0.8014999442710289,0.0,-6.25,6.250000000000001,0.15811388300841892,0.15811388300841886,9.995180189545399e-09,2.2291543741850374e-06,0.0060196866251692425,0.006,2.4619913803292095e-06,0.005998130779164904,0.006,0.3,0.0,0.29566571791945057,0.0
6469,6.469,6.47,-4.347108895959317,4.371354728042315,0.012122916041498843,8.718463624001632,-0.09707615520450213,0.10090117989216829,1,1,-4.347108895959317,4.371354728042315,-6.0,6.0,0.0,12.0,0.00429115525327092,0.0,0.00429115525327092,0.0,-0.00429115525327092,-0.00429115525327092,0.0,0.0,0.0,0.0,0.0,0.0,4.2933015462689325e-06,0.0,6.019542671473756,5.99817807423083,4.0332320816460765e-16,1.0243542125643046e-15,0.8014999442508975,0.0,-6.25,6.250000000000001,0.15811388300841892,0.15811388300841886,9.998374736885689e-09,2.2299596288144674e-06,0.006019555713924881,0.006,2.4617454728215193e-06,0.005998173796280011,0.006,0.3,0.0,0.2957088447467301,0.0
6479,6.479,6.48,-4.347248077552263,4.3712885922033236,0.012020257325530359,8.718536669755586,-0.09706671537301814,0.10090163506773497,1,1,-4.347248077552263,4.3712885922033236,-6.0,6.0,0.0,12.0,0.004248457545092744,0.0,0.004248457545092744,0.0,-0.004248457545092744,-0.004248457545092744,0.0,0.0,0.0,0.0,0.0,0.0,4.2505824821186035e-06,0.0,6.019412731951208,5.99822061779107,1.440416796255617e-15,1.0113437864944785e-15,0.8014999442307364,0.0,-6.25,6.250000000000001,0.15811388300841892,0.15811388300841886,1.00015760796509e-08,2.2307660717812754e-06,0.006019425686290522,0.006,2.4614997588012777e-06,0.005998216382675561,0.006,0.3,0.0,0.29575154245490826,0.0
6489,6.489,6.49,-4.347386421731944,4.371223214244948,0.011918396256501929,8.718609635976891,-0.0970573543743794,0.10090208363899456,1,1,-4.347386421731944,4.371223214244948,-6.0,6.0,0.0,12.0,0.004206184686209469,0.0,0.004206184686209469,0.0,-0.004206184686209469,-0.004206184686209469,0.0,0.0,0.0,0.0,0.0,0.0,4.208288479758649e-06,0.0,6.019283671055612,5.998262735348213,7.190428807923865e-16,9.332812300755222e-16,0.8014999442105475,0.0,-6.25,6.250000000000001,0.15811388300841892,0.15811388300841886,1.0004784091942812e-08,2.2315736309608854e-06,0.00601929653773602,0.006,2.46125425980015e-06,0.005998258542641378,0.006,0.3,0.0,0.29579381531379145,0.0
6499,6.4990000000000006,6.5,-4.347523930980452,4.3711585851855075,0.01181732710252792,8.71868251616596,-0.09704807163029378,0.10090252570786357,1,1,-4.347523930980452,4.3711585851855075,-6.0,6.0,0.0,12.0,0.00416433244929998,0.0,0.00416433244929998,0.0,-0.00416433244929998,-0.00416433244929998,0.0,0.0,0.0,0.0,0.0,0.0,4.1664153097535866e-06,0.0,6.019155484259097,5.998304431145364,1.6402454210400624e-16,9.445569326693715e-16,0.8014999441903324,0.0,-6.25,6.250000000000001,0.15811388300841892,0.15811388300841886,1.0007998647764412e-08,2.232382235023642e-06,0.006019168263733284,0.006,2.461008996983427e-06,0.005998300280424791,0.006,0.3,0.0,0.29583566755070095,0.0
6509,6.509,6.51,-4.347660607816438,4.371094696154849,0.01171704416920516,8.718755303971287,-0.09703886656527938,0.10090296137456795,1,1,-4.347660607816438,4.371094696154849,-6.0,6.0,0.0,12.0,0.00412289664910571,0.0,0.00412289664910571,0.0,-0.00412289664910571,-0.00412289664910571,0.0,0.0,0.0,0.0,0.0,0.0,4.1249587847515265e-06,0.0,6.0190281670362955,5.998345709383596,3.972516759986888e-16,9.532305500492555e-16,0.801499944170093,0.0,-6.25,6.250000000000001,0.15811388300841892,0.15811388300841886,1.0011219621028915e-08,2.2331918134103857e-06,0.006019040859756674,0.006,2.4607639911766734e-06,0.005998341600231055,0.006,0.3,0.0,0.29587710335089523,0.0
6519,6.519,6.5200000000000005,-4.3477964547941506,4.371031538392853,0.011617541799351372,8.718827993187004,-0.09702973860668207,0.10090339073767302,1,1,-4.3477964547941506,4.371031538392853,-6.0,6.0,0.0,12.0,0.00408187314201211,0.0,0.00408187314201211,0.0,-0.00408187314201211,-0.00408187314201211,0.0,0.0,0.0,0.0,0.0,0.0,4.08391475906542e-06,0.0,6.0189017148647315,5.998386574222362,1.1655715455305415e-15,9.159339953157541e-16,0.8014999441498308,0.0,-6.25,6.250000000000001,0.15811388300841892,0.15811388300841886,1.0014446885568785e-08,2.2340022963280093e-06,0.006018914321283407,0.006,2.4605192628324167e-06,0.0059983825062237695,0.006,0.3,0.0,0.2959181268579888,0.0
6529,6.529,6.53,-4.347931474502479,4.370969103247993,0.011518814372756925,8.718900577750471,-0.09702068718469292,0.10090381389411429,1,1,-4.347931474502479,4.370969103247993,-6.0,6.0,0.0,12.0,0.0040412578256342835,0.0,0.0040412578256342835,0.0,-0.0040412578256342835,-0.0040412578256342835,0.0,0.0,0.0,0.0,0.0,0.0,4.043279128258491e-06,0.0,6.018776123225223,5.9984270297799185,1.0946105133413653e-15,9.792514021889076e-16,0.801499944129548,0.0,-6.25,6.250000000000001,0.15811388300841892,0.15811388300841886,1.001768031514472e-08,2.234813614773887e-06,0.006018788643793953,0.006,2.4602748320701197e-06,0.005998423002525291,0.006,0.3,0.0,0.2959587421743667,0.0
6539,6.539,6.54,-4.348065669564026,4.370907382175891,0.011420856305932592,8.718973051739916,-0.09701171173236156,0.10090423093922662,1,1,-4.348065669564026,4.370907382175891,-6.0,6.0,0.0,12.0,0.004001046638406746,0.0,0.004001046638406746,0.0,-0.004001046638406746,-0.004001046638406746,0.0,0.0,0.0,0.0,0.0,0.0,4.0030478287338e-06,0.0,6.018651387602251,5.998467080133718,4.336808689942018e-17,9.653736143810931e-16,0.8014999441092457,0.0,-6.25,6.250000000000001,0.15811388300841892,0.15811388300841886,1.0020919783454628e-08,2.2356257005136652e-06,0.006018663822772414,0.006,2.4600307186428696e-06,0.005998463093217137,0.006,0.3,0.0,0.2959989533615942,0.0
6549,6.549,6.55,-4.348199042634176,4.370846366737907,0.011323662051865302,8.719045409372082,-0.09700281168560809,0.1009046419667714,1,1,-4.348199042634176,4.370846366737907,-6.0,6.0,0.0,12.0,0.003961235559177267,0.0,0.003961235559177267,0.0,-0.003961235559177267,-0.003961235559177267,0.0,0.0,0.0,0.0,0.0,0.0,3.9632168373278666e-06,0.0,6.0185275034843535,5.998506729320818,2.0660556598883772e-15,9.983333604246525e-16,0.8014999440889261,0.0,-6.25,6.250000000000001,0.15811388300841892,0.15811388300841886,1.0024165164142571e-08,2.2364384860945902e-06,0.006018539853706902,0.006,2.4597869419618056e-06,0.005998502782340379,0.006,0.3,0.0,0.2960387644408237,0.0
6559,6.559,6.5600000000000005,-4.348331596400199,4.370786048599747,0.01122722609977389,8.719117644999947,-0.09699398648323865,0.10090504706896763,1,1,-4.348331596400199,4.370786048599747,-6.0,6.0,0.0,12.0,0.003921820606804746,0.0,0.003921820606804746,0.0,-0.003921820606804746,-0.003921820606804746,0.0,0.0,0.0,0.0,0.0,0.0,3.923782170908358e-06,0.0,6.018404466364478,5.998545981338278,3.878699390749002e-16,9.514958265732787e-16,0.8014999440685907,0.0,-6.25,6.250000000000001,0.15811388300841892,0.15811388300841886,1.0027416330807725e-08,2.2372519048255193e-06,0.006018416732089909,0.006,2.45954352109834e-06,0.00599854207389607,0.006,0.3,0.0,0.2960781793931962,0.0
6569,6.569,6.57,-4.3484633335803435,4.370726419530087,0.011131542974871511,8.719189753110431,-0.09698523556695648,0.10090544633651471,1,1,-4.3484633335803435,4.370726419530087,-6.0,6.0,0.0,12.0,0.0038827978397611,0.0,0.0038827978397611,0.0,-0.0038827978397611,-0.0038827978397611,0.0,0.0,0.0,0.0,0.0,0.0,3.88473988597577e-06,0.0,6.018282271740348,5.998584840143563,8.096093375787108e-16,1.0117774673634727e-15,0.801499944048241,0.0,-6.25,6.250000000000001,0.15811388300841892,0.15811388300841886,1.0030673157013292e-08,2.2380658908057904e-06,0.006018294453418663,0.006,2.459300474777493e-06,0.005998580971845607,0.006,0.3,0.0,0.2961172021602399,0.0
6579,6.579,6.58,-4.348594256922967,4.370667471399218,0.011036607238125828,8.719261728322184,-0.09697655838137254,0.10090583985862461,1,1,-4.348594256922967,4.370667471399218,-6.0,6.0,0.0,12.0,0.0038441633557371054,0.0,0.0038441633557371054,0.0,-0.0038441633557371054,-0.0038441633557371054,0.0,0.0,0.0,0.0,0.0,0.0,3.846086078269073e-06,0.0,6.018160915114812,5.998623309654917,7.112366251504909e-16,9.86623976961809e-16,0.8014999440278788,0.0,-6.25,6.250000000000001,0.15811388300841892,0.15811388300841886,1.0033935516295418e-08,2.238880378896354e-06,0.006018173013195487,0.006,2.4590578213712356e-06,0.005998619480111142,0.006,0.3,0.0,0.29615583664426387,0.0
6589,6.589,6.59,-4.3487243692056605,4.370609196177717,0.01094241348602809,8.719333565383376,-0.09696795437401678,0.10090622772304714,1,1,-4.3487243692056605,4.370609196177717,-6.0,6.0,0.0,12.0,0.0038059132912521654,0.0,0.0038059132912521654,0.0,-0.0038059132912521654,-0.0038059132912521654,0.0,0.0,0.0,0.0,0.0,0.0,3.8078168823752854e-06,0.0,6.018040391996198,5.998661393751766,1.035167435168953e-15,9.259086553026208e-16,0.8014999440075057,0.0,-6.25,6.250000000000001,0.15811388300841892,0.15811388300841886,1.003720328217212e-08,2.239695304726436e-06,0.006018052406928143,0.006,2.4588155789251332e-06,0.005998657602575967,0.006,0.3,0.0,0.29619408670874875,0.0
6599,6.599,6.6000000000000005,-4.3488536732344025,4.3705515859351225,0.010848956350359984,8.719405259169525,-0.09695942299534632,0.10090661001609297,1,1,-4.3488536732344025,4.3705515859351225,-6.0,6.0,0.0,12.0,0.0037680438212679556,0.0,0.0037680438212679556,0.0,-0.0037680438212679556,-0.0037680438212679556,0.0,0.0,0.0,0.0,0.0,0.0,3.769928471342927e-06,0.0,6.017920697898638,5.998699096275091,3.9194247348529887e-16,8.469787371456761e-16,0.8014999439871232,0.0,-6.25,6.250000000000001,0.15811388300841892,0.15811388300841886,1.004047632815214e-08,2.2405106047024176e-06,0.006017932630130168,0.006,2.4585737651561248e-06,0.005998695343084887,0.006,0.3,0.0,0.2962319561787329,0.0
6609,6.609,6.61,-4.348982171842713,4.370494632838647,0.010756230497967145,8.71947680468136,-0.09695096369876005,0.1009069868226603,1,1,-4.348982171842713,4.370494632838647,-6.0,6.0,0.0,12.0,0.003730551158805919,0.0,0.003730551158805919,0.0,-0.003730551158805919,-0.003730551158805919,0.0,0.0,0.0,0.0,0.0,0.0,3.7324170562993195e-06,0.0,6.017801828342406,5.998736421027816,1.673252600928668e-15,8.677954188573977e-16,0.801499943966733,0.0,-6.25,6.250000000000001,0.15811388300841892,0.15811388300841886,1.0043754527743861e-08,2.241326215992295e-06,0.006017813678321208,0.006,2.458332397423657e-06,0.005998732705444618,0.006,0.3,0.0,0.29626944884119494,0.0
6619,6.619,6.62,-4.349109867890827,4.370438329151893,0.010664230630533122,8.71954819704272,-0.09694257594059813,0.10090735822626401,1,1,-4.349109867890827,4.370438329151893,-6.0,6.0,0.0,12.0,0.0036934315545685665,0.0,0.0036934315545685665,0.0,-0.0036934315545685665,-0.0036934315545685665,0.0,0.0,0.0,0.0,0.0,0.0,3.6952788860717004e-06,0.0,6.017683778854241,5.998773371775176,8.890457814381136e-16,8.721322275473398e-16,0.8014999439463364,0.0,-6.25,6.250000000000001,0.15811388300841892,0.15811388300841886,1.0047037754464185e-08,2.2421420765389982e-06,0.006017695547027343,0.006,2.4580914927763153e-06,0.005998769693424145,0.006,0.3,0.0,0.2963065684454323,0.0
6629,6.6290000000000004,6.63,-4.349236764264882,4.370382667233595,0.010572951484356441,8.719619431498476,-0.09693425918015919,0.1009077243090542,1,1,-4.349236764264882,4.370382667233595,-6.0,6.0,0.0,12.0,0.0036566812965645405,0.0,0.0036566812965645405,0.0,-0.0036566812965645405,-0.0036566812965645405,0.0,0.0,0.0,0.0,0.0,0.0,3.658510246812098e-06,0.0,6.017566544967668,5.998809952245088,9.445569326693715e-16,9.384854005034526e-16,0.8014999439259352,0.0,-6.25,6.250000000000001,0.15811388300841892,0.15811388300841886,1.0050325881847376e-08,2.2429581250359705e-06,0.006017578231781402,0.006,2.457851067922956e-06,0.005998806310755102,0.006,0.3,0.0,0.2963433187034364,0.0
6639,6.639,6.640000000000001,-4.3493628638761175,4.3703276395363755,0.010482387830129003,8.719690503412494,-0.0969260128796981,0.10090808515184235,1,1,-4.3493628638761175,4.3703276395363755,-6.0,6.0,0.0,12.0,0.0036202967097374154,0.0,0.0036202967097374154,0.0,-0.0036202967097374154,-0.0036202967097374154,0.0,0.0,0.0,0.0,0.0,0.0,3.6221074616259454e-06,0.0,6.017450122223294,5.998846166128531,1.0763959168436088e-15,1.0117774673634727e-15,0.8014999439055308,0.0,-6.25,6.250000000000001,0.15811388300841892,0.15811388300841886,1.0053618783453949e-08,2.2437743009493693e-06,0.0060174617281232735,0.006,2.4576111392549114e-06,0.0059988425611321415,0.006,0.3,0.0,0.2963797032902636,0.0
6649,6.649,6.65,-4.349488169660081,4.370273238605522,0.010392534472720705,8.719761408265603,-0.09691783650444208,0.10090844083412903,1,1,-4.349488169660081,4.370273238605522,-6.0,6.0,0.0,12.0,0.0035842741555981886,0.0,0.0035842741555981886,0.0,-0.0035842741555981886,-0.0035842741555981886,0.0,0.0,0.0,0.0,0.0,0.0,3.5860668902043884e-06,0.0,6.017334506169126,5.998882017079896,1.941155569618047e-15,1.0438698516690437e-15,0.8014999438851247,0.0,-6.25,6.250000000000001,0.15811388300841892,0.15811388300841886,1.0056916332879511e-08,2.244590544500305e-06,0.0060173460316002075,0.006,2.457371722830448e-06,0.005998878448213301,0.006,0.3,0.0,0.29641572584440284,0.0
6659,6.659,6.66,-4.3496126845758525,4.3702194570777815,0.010303386250964497,8.719832141653633,-0.09690972952258847,0.1009087914341189,1,1,-4.3496126845758525,4.3702194570777815,-6.0,6.0,0.0,12.0,0.0035486100318614256,0.0,0.0035486100318614256,0.0,-0.0035486100318614256,-0.0035486100318614256,0.0,0.0,0.0,0.0,0.0,0.0,3.5503849284602505e-06,0.0,6.017219692360858,5.998917508717355,6.739400704169896e-16,9.593020822151743e-16,0.8014999438647185,0.0,-6.25,6.250000000000001,0.15811388300841892,0.15811388300841886,1.006021840376361e-08,2.245406796671501e-06,0.006017231137767119,0.006,2.4571328343880872e-06,0.005998913975620359,0.006,0.3,0.0,0.2964513899681395,0.0
6669,6.6690000000000005,6.67,-4.349736411605286,4.370166287680164,0.010214938037439225,8.71990269928545,-0.09690169140531446,0.10090913702875154,1,1,-4.349736411605286,4.370166287680164,-6.0,6.0,0.0,12.0,0.003513300772085034,0.0,0.003513300772085034,0.0,-0.003513300772085034,-0.003513300772085034,0.0,0.0,0.0,0.0,0.0,0.0,3.5150580081676225e-06,0.0,6.0171056763621635,5.998952644623221,2.1250362580715887e-16,8.625912484294673e-16,0.8014999438443133,0.0,-6.25,6.250000000000001,0.15811388300841892,0.15811388300841886,1.0063524869798584e-08,2.2462229991939704e-06,0.006017117042186868,0.006,2.456894489355488e-06,0.005998949146939195,0.006,0.3,0.0,0.2964866992279158,0.0
6679,6.679,6.68,-4.34985935375225,4.370113723228776,0.010127184738263129,8.719973076981027,-0.09689372162678095,0.10090947769371778,1,1,-4.34985935375225,4.370113723228776,-6.0,6.0,0.0,12.0,0.0034783428453136114,0.0,0.0034783428453136114,0.0,-0.0034783428453136114,-0.0034783428453136114,0.0,0.0,0.0,0.0,0.0,0.0,3.480082596605036e-06,0.0,6.016992453744981,5.998987428344293,1.2073675392798577e-15,9.35015953551499e-16,0.801499943823911,0.0,-6.25,6.250000000000001,0.15811388300841892,0.15811388300841886,1.006683560473839e-08,2.2470390945603415e-06,0.006017003740430555,0.006,2.456656702840565e-06,0.005998983965720145,0.006,0.3,0.0,0.2965216571546873,0.0
6689,6.689,6.69,-4.349981514041892,4.370061756627659,0.010040121292883342,8.720043270669551,-0.09688581966413395,0.10090981350348416,1,1,-4.349981514041892,4.370061756627659,-6.0,6.0,0.0,12.0,0.0034437327557253496,0.0,0.0034437327557253496,0.0,-0.0034437327557253496,-0.0034437327557253496,0.0,0.0,0.0,0.0,0.0,0.0,3.4454551962021897e-06,0.0,6.016880020089783,5.999021863392208,1.3678294608077124e-15,8.894794623071078e-16,0.8014999438035126,0.0,-6.25,6.250000000000001,0.15811388300841892,0.15811388300841886,1.0070150482407447e-08,2.2478550259982096e-06,0.006016891228077789,0.006,2.4564194896314895e-06,0.005999018435478349,0.006,0.3,0.0,0.29655626724427553,0.0
6699,6.699,6.7,-4.350097902329752,4.37001038086765,0.009956239268948952,8.720108283197401,-0.10181893177820006,0.1009101445313157,1,1,-4.350097902329752,4.37001038086765,-6.0,6.0,0.0,12.0,0.0034094670422824464,0.0,0.0034094670422824464,0.0,-0.0034094670422824464,-0.0034094670422824464,0.0,0.0,0.0,0.0,0.0,0.0,3.411172344190185e-06,0.0,6.016768370985857,5.999055953243803,1.6878740836641717e-15,8.799384831892354e-16,0.80149994378312,0.0,-6.25,6.250000000000001,0.15811388300841892,0.15811388300841886,1.007346937670945e-08,2.248670737503444e-06,0.00601677950071696,0.006,2.4561828642144514e-06,0.005999052559694103,0.006,0.3,0.0,0.2965905329577184,0.0
6709,6.7090000000000005,6.71,-4.35021265504161,4.3699595890252585,0.00987346699182412,8.72017224406687,-0.10181096401491119,0.10091047084929139,1,1,-4.35021265504161,4.3699595890252585,-6.0,6.0,0.0,12.0,0.0033755422783850043,0.0,0.0033755422783850043,0.0,-0.0033755422783850043,-0.0033755422783850043,0.0,0.0,0.0,0.0,0.0,0.0,3.3772306122552527e-06,0.0,6.016657502031558,5.999089701341435,3.977971652167206e-16,9.016225266389455e-16,0.801499943762734,0.0,-6.25,6.250000000000001,0.15811388300841892,0.15811388300841886,1.0076792161636195e-08,2.249486173804663e-06,0.0060166685539455094,0.006,2.4559468407669982e-06,0.0059990863418132,0.006,0.3,0.0,0.2966244577216159,0.0
6719,6.719,6.72,-4.350326672151063,4.369909374261555,0.00979135105524609,8.720236046412618,-0.10180306464445343,0.10091079252833257,1,1,-4.350326672151063,4.369909374261555,-6.0,6.0,0.0,12.0,0.003341955071528362,0.0,0.003341955071528362,0.0,-0.003341955071528362,-0.003341955071528362,0.0,0.0,0.0,0.0,0.0,0.0,3.3436266061959147e-06,0.0,6.01654740883458,5.999123111093337,1.592476150946709e-15,9.037909309839165e-16,0.8014999437423563,0.0,-6.25,6.250000000000001,0.15811388300841892,0.15811388300841886,1.0080118711276399e-08,2.2503012803610112e-06,0.00601655838337018,0.006,2.4557114331558163e-06,0.005999119785247268,0.006,0.3,0.0,0.29665804492847253,0.0
6729,6.729,6.73,-4.350439956618921,4.369859729821077,0.0097098866010783,8.720299686439997,-0.10179523313332828,0.10091110963821648,1,1,-4.350439956618921,4.369859729821077,-6.0,6.0,0.0,12.0,0.0033087020629638435,0.0,0.0033087020629638435,0.0,-0.0033087020629638435,-0.0033087020629638435,0.0,0.0,0.0,0.0,0.0,0.0,3.31035696558356e-06,0.0,6.016438087012196,5.999156185873949,8.36136715420821e-16,8.786374405822528e-16,0.8014999437219883,0.0,-6.25,6.250000000000001,0.15811388300841892,0.15811388300841886,1.0083448899824498e-08,2.2511160033910265e-06,0.0060164489846072835,0.006,2.4554766549544916e-06,0.005999152893374117,0.006,0.3,0.0,0.296691297937037,0.0
6739,6.739,6.74,-4.350552511422799,4.369810649030756,0.009629068803978402,8.720363160453555,-0.1017874689512735,0.10091142224760125,1,1,-4.350552511422799,4.369810649030756,-6.0,6.0,0.0,12.0,0.003275779927362883,0.0,0.003275779927362883,0.0,-0.003275779927362883,-0.003275779927362883,0.0,0.0,0.0,0.0,0.0,0.0,3.277418363426404e-06,0.0,6.016329532191513,5.999188929024254,1.27675647831893e-15,8.838416110101832e-16,0.8014999437016311,0.0,-6.25,6.250000000000001,0.15811388300841892,0.15811388300841886,1.0086782601589462e-08,2.2519302898348912e-06,0.006016340353282925,0.006,2.455242519436851e-06,0.005999185669538054,0.006,0.3,0.0,0.296724220072638,0.0
6749,6.7490000000000006,6.75,-4.350664339556476,4.3697621252988466,0.0095488928711851,8.720426464855322,-0.10177977157126261,0.10091173042403812,1,1,-4.350664339556476,4.3697621252988466,-6.0,6.0,0.0,12.0,0.0032431853724844842,0.0,0.0032431853724844842,0.0,-0.0032431853724844842,-0.0032431853724844842,0.0,0.0,0.0,0.0,0.0,0.0,3.244807505836782e-06,0.0,6.016221740009706,5.999221343852109,9.306215466211437e-16,9.02923569245928e-16,0.8014999436812862,0.0,-6.25,6.250000000000001,0.15811388300841892,0.15811388300841886,1.0090119691003587e-08,2.2527440873633166e-06,0.006016232485033266,0.006,2.4550090395702997e-06,0.005999218117050239,0.006,0.3,0.0,0.2967568146275164,0.0
6759,6.759,6.76,-4.35077544402927,4.369714152113886,0.009469354042308087,8.720489596143157,-0.10177214046950267,0.10091203423400169,1,1,-4.35077544402927,4.369714152113886,-6.0,6.0,0.0,12.0,0.003210915138845997,0.0,0.003210915138845997,0.0,-0.003210915138845997,-0.003210915138845997,0.0,0.0,0.0,0.0,0.0,0.0,3.2125211317017586e-06,0.0,6.016114706114259,5.999253433632563,1.740795008142726e-15,9.141992718397773e-16,0.8014999436609548,0.0,-6.25,6.250000000000001,0.15811388300841892,0.15811388300841886,1.009346004263128e-08,2.2535573443819803e-06,0.006016125375504748,0.006,2.4547762280513475e-06,0.005999250239188982,0.006,0.3,0.0,0.2967890848611549,0.0
6769,6.769,6.7700000000000005,-4.350885827865416,4.369666723043655,0.009390447589119333,8.72055255090907,-0.10176457512543174,0.10091233374289715,1,1,-4.350885827865416,4.369666723043655,-6.0,6.0,0.0,12.0,0.003178965999397166,0.0,0.003178965999397166,0.0,-0.003178965999397166,-0.003178965999397166,0.0,0.0,0.0,0.0,0.0,0.0,3.180556012357015e-06,0.0,6.0160084261631885,5.999285201608194,4.458205451942504e-16,7.88865500700453e-16,0.8014999436406381,0.0,-6.25,6.250000000000001,0.15811388300841892,0.15811388300841886,1.0096803531177851e-08,2.2543700100248674e-06,0.006016019020354323,0.006,2.4545440972612022e-06,0.0059992820392001005,0.006,0.3,0.0,0.2968210340006036,0.0
6779,6.779,6.78,-4.350995494103465,4.369619831734159,0.009312168815347022,8.720615325837624,-0.10175707502171477,0.10091262901508524,1,1,-4.350995494103465,4.369619831734159,-6.0,6.0,0.0,12.0,0.003147334759197422,0.0,0.003147334759197422,0.0,-0.003147334759197422,-0.003147334759197422,0.0,0.0,0.0,0.0,0.0,0.0,3.148908951263979e-06,0.0,6.015902895825268,5.999316650989421,1.848347863653288e-15,7.147060721024445e-16,0.8014999436203375,0.0,-6.25,6.250000000000001,0.15811388300841892,0.15811388300841886,1.010015003149829e-08,2.255182034134285e-06,0.006015913415249681,0.006,2.454312659305735e-06,0.005999313520297207,0.006,0.3,0.0,0.2968526652408033,0.0
6789,6.789,6.79,-4.351104445795683,4.369573471908626,0.009234513056471272,8.72067791770431,-0.10174963964424438,0.10091292011389835,1,1,-4.351104445795683,4.369573471908626,-6.0,6.0,0.0,12.0,0.003116018255096385,0.0,0.003116018255096385,0.0,-0.003116018255096385,-0.003116018255096385,0.0,0.0,0.0,0.0,0.0,0.0,3.1175767836901694e-06,0.0,6.015798110780249,5.999347784954821,1.402042815613208e-15,7.754213937616328e-16,0.8014999436000542,0.0,-6.25,6.250000000000001,0.15811388300841892,0.15811388300841886,1.0103499418606018e-08,2.255993367274187e-06,0.006015808555869469,0.006,2.45408192599994e-06,0.005999344685662057,0.006,0.3,0.0,0.2968839817449044,0.0
6799,6.799,6.8,-4.351212686007465,4.369527637366512,0.009157475679523408,8.720740323373978,-0.10174226848213175,0.10091320710166135,1,1,-4.351212686007465,4.369527637366512,-6.0,6.0,0.0,12.0,0.003085013355417549,0.0,0.003085013355417549,0.0,-0.003085013355417549,-0.003085013355417549,0.0,0.0,0.0,0.0,0.0,0.0,3.0865563763927183e-06,0.0,6.015694066719077,5.999378606651447,7.28583859910259e-16,8.27463098040937e-16,0.8014999435797894,0.0,-6.25,6.250000000000001,0.15811388300841892,0.15811388300841886,1.0106851567681666e-08,2.2568039607279504e-06,0.006015704437903495,0.006,2.4538519088945777e-06,0.005999375538444834,0.006,0.3,0.0,0.29691498664458327,0.0
6809,6.809,6.8100000000000005,-4.351320217816762,4.369482321982525,0.009081052082881236,8.720802539799287,-0.10173496102770546,0.10091349003970018,1,1,-4.351320217816762,4.369482321982525,-6.0,6.0,0.0,12.0,0.0030543169596451074,0.0,0.0030543169596451074,0.0,-0.0030543169596451074,-0.0030543169596451074,0.0,0.0,0.0,0.0,0.0,0.0,3.0558446273050456e-06,0.0,6.015590759344086,5.999409119195139,8.27463098040937e-16,7.975391180803371e-16,0.8014999435595442,0.0,-6.25,6.250000000000001,0.15811388300841892,0.15811388300841886,1.0110206354081807e-08,2.2576137664894965e-06,0.0060156010570529515,0.006,2.453622619238427e-06,0.00599940608176449,0.006,0.3,0.0,0.2969456830403557,0.0
6819,6.819,6.82,-4.351427044313507,4.369437519705661,0.009005237696077195,8.720864564019168,-0.1017277167765071,0.10091376898837073,1,1,-4.351427044313507,4.369437519705661,-6.0,6.0,0.0,12.0,0.003023925998113903,0.0,0.003023925998113903,0.0,-0.003023925998113903,-0.003023925998113903,0.0,0.0,0.0,0.0,0.0,0.0,3.0254384652266486e-06,0.0,6.015488184369213,5.999439325670825,4.4282035449507567e-16,8.278967789099312e-16,0.80149994353932,0.0,-6.25,6.250000000000001,0.15811388300841892,0.15811388300841886,1.011356365334771e-08,2.258422737252187e-06,0.006015498409030605,0.006,2.453394068027137e-06,0.00599943631870903,0.006,0.3,0.0,0.2969760740018869,0.0
6829,6.829,6.83,-4.351533168599065,4.369393224558252,0.008930027979593191,8.720926393157317,-0.10172053522728514,0.10091404400706716,1,1,-4.351533168599065,4.369393224558252,-6.0,6.0,0.0,12.0,0.0029938374317024564,0.0,0.0029938374317024564,0.0,-0.0029938374317024564,-0.0029938374317024564,0.0,0.0,0.0,0.0,0.0,0.0,2.9953348495159816e-06,0.0,6.0153863375201935,5.999469229132838,4.091440185781392e-16,8.38305119765792e-16,0.8014999435191177,0.0,-6.25,6.250000000000001,0.15811388300841892,0.15811388300841886,1.0116923341214058e-08,2.2592308264088257e-06,0.006015396489561001,0.006,2.453166265963258e-06,0.005999466252335831,0.006,0.3,0.0,0.29700616256829837,0.0
6839,6.839,6.84,-4.351638593785682,4.369349430635028,0.008855418424672745,8.72098802442071,-0.10171341588198962,0.10091431515424132,1,1,-4.351638593785682,4.369349430635028,-6.0,6.0,0.0,12.0,0.0029640482515290536,0.0,0.0029640482515290536,0.0,-0.0029640482515290536,-0.0029640482515290536,0.0,0.0,0.0,0.0,0.0,0.0,2.965530769786387e-06,0.0,6.015285214534747,5.9994988326052034,1.7433970933566911e-15,8.140189911021167e-16,0.8014999434989387,0.0,-6.25,6.250000000000001,0.15811388300841892,0.15811388300841886,1.012028529361766e-08,2.2600379880649777e-06,0.006015295294380655,0.006,2.4529392235006498e-06,0.005999495885671939,0.006,0.3,0.0,0.29703595174847175,0.0
6849,6.849,6.8500000000000005,-4.3517433229959455,4.369306132102193,0.008781404553123817,8.72104945509814,-0.10170635824576918,0.10091458248741692,1,1,-4.3517433229959455,4.369306132102193,-6.0,6.0,0.0,12.0,0.002934555478650852,0.0,0.002934555478650852,0.0,-0.002934555478650852,-0.002934555478650852,0.0,0.0,0.0,0.0,0.0,0.0,2.9360232456050554e-06,0.0,6.0151848111627695,5.9995281390819555,4.3281350725621337e-16,7.827939685345342e-16,0.801499943478784,0.0,-6.25,6.250000000000001,0.15811388300841892,0.15811388300841886,1.012364938670617e-08,2.260844177005667e-06,0.006015194819238234,0.006,2.452712950806735e-06,0.0059995252217143686,0.006,0.3,0.0,0.2970654445213499,0.0
6859,6.859,6.86,-4.3518473593622575,4.369263323196516,0.008707981917129182,8.721110682558773,-0.10169936182696043,0.10091484606320977,1,1,-4.3518473593622575,4.369263323196516,-6.0,6.0,0.0,12.0,0.0029053561637659864,0.0,0.0029053561637659864,0.0,-0.0029053561637659864,-0.0029053561637659864,0.0,0.0,0.0,0.0,0.0,0.0,2.9068093261949777e-06,0.0,6.015085123166516,5.999557151527414,4.570386495476864e-16,7.927686285214008e-16,0.8014999434586546,0.0,-6.25,6.250000000000001,0.15811388300841892,0.15811388300841886,1.012701549684676e-08,2.2616493487175783e-06,0.006015095059894752,0.006,2.452487457798025e-06,0.0059995542634304014,0.006,0.3,0.0,0.2970946438362348,0.0
6869,6.869,6.87,-4.351950706026318,4.369220998224424,0.008635146099053248,8.721171704250743,-0.1016924261370844,0.10091510593733782,1,1,-4.351950706026318,4.369220998224424,-6.0,6.0,0.0,12.0,0.0028764473869186354,0.0,0.0028764473869186354,0.0,-0.0028764473869186354,-0.0028764473869186354,0.0,0.0,0.0,0.0,0.0,0.0,2.8778860901398686e-06,0.0,6.014986146320775,5.999585872876492,1.812635260531152e-15,8.001412032943023e-16,0.8014999434385519,0.0,-6.25,6.250000000000001,0.15811388300841892,0.15811388300841886,1.0130383500634802e-08,2.2624534593579716e-06,0.006014996012123732,0.006,2.452262754135681e-06,0.0059995830137578796,0.006,0.3,0.0,0.29712355261308215,0.0
6879,6.8790000000000004,6.88,-4.352053366138605,4.369179151561123,0.008562892711258652,8.721232517699729,-0.1016855506908404,0.1009153621646397,1,1,-4.352053366138605,4.369179151561123,-6.0,6.0,0.0,12.0,0.002847826257207024,0.0,0.002847826257207024,0.0,-0.002847826257207024,-0.002847826257207024,0.0,0.0,0.0,0.0,0.0,0.0,2.8492506450920204e-06,0.0,6.0148878764130425,5.9996143060349825,1.240327285323417e-15,8.808058449272238e-16,0.8014999434184767,0.0,-6.25,6.250000000000001,0.15811388300841892,0.15811388300841886,1.0133753274902525e-08,2.2632564657791064e-06,0.006014897671711397,0.006,2.452038849198868e-06,0.005999611475605491,0.006,0.3,0.0,0.29715217374279385,0.0
6889,6.889,6.890000000000001,-4.352155342857887,4.369137777649713,0.008491217395913075,8.7212931205076,-0.10167873500609798,0.10091561479908834,1,1,-4.352155342857887,4.369137777649713,-6.0,6.0,0.0,12.0,0.0028194899124943298,0.0,0.0028194899124943298,0.0,-0.0028194899124943298,-0.0028194899124943298,0.0,0.0,0.0,0.0,0.0,0.0,2.820900127483065e-06,0.0,6.014790309243693,5.99964245387984,1.5595164049031496e-15,8.517492267046123e-16,0.8014999433984302,0.0,-6.25,6.250000000000001,0.15811388300841892,0.15811388300841886,1.013712469672765e-08,2.2640583255082583e-06,0.006014800034456821,0.006,2.4518157521402627e-06,0.005999639651853064,0.006,0.3,0.0,0.2971805100875065,0.0
6899,6.899,6.9,-4.352256639350716,4.369096871000336,0.008420115824809837,8.72135351035105,-0.10167197860388916,0.10091586389380736,1,1,-4.352256639350716,4.369096871000336,-6.0,6.0,0.0,12.0,0.0027914355191224673,0.0,0.0027914355191224673,0.0,-0.0027914355191224673,-0.0027914355191224673,0.0,0.0,0.0,0.0,0.0,0.0,2.792831702237615e-06,0.0,6.014693440626136,5.999670319259472,1.4190038033490282e-15,9.35015953551499e-16,0.8014999433784135,0.0,-6.25,6.250000000000001,0.15811388300841892,0.15811388300841886,1.0140497643442038e-08,2.264858996736617e-06,0.0060147030961721065,0.006,2.4515934718483125e-06,0.0059996675453518515,0.006,0.3,0.0,0.29720856448087846,0.0
6909,6.909,6.91,-4.3523572587909545,4.369056426189316,0.008349583699180929,8.72141368498027,-0.10166528100840233,0.10091610950108354,1,1,-4.3523572587909545,4.369056426189316,-6.0,6.0,0.0,12.0,0.0027636602716287215,0.0,0.0027636602716287215,0.0,-0.0027636602716287215,-0.0027636602716287215,0.0,0.0,0.0,0.0,0.0,0.0,2.765042562489757e-06,0.0,6.014597266386982,5.9996979049940204,2.5066754227864863e-15,8.890457814381136e-16,0.8014999433584274,0.0,-6.25,6.250000000000001,0.15811388300841892,0.15811388300841886,1.014387199264026e-08,2.2656584383281685e-06,0.006014606852682535,0.006,2.451372016964992e-06,0.005999695158924798,0.006,0.3,0.0,0.29723633972837216,0.0
6919,6.9190000000000005,6.92,-4.352457204359292,4.369016437858323,0.008279616749515384,8.721473642217616,-0.10165864174697198,0.10091635167238183,1,1,-4.352457204359292,4.369016437858323,-6.0,6.0,0.0,12.0,0.002736161392465196,0.0,0.002736161392465196,0.0,-0.002736161392465196,-0.002736161392465196,0.0,0.0,0.0,0.0,0.0,0.0,2.7375299293023574e-06,0.0,6.014501782366192,5.99972521387563,2.2724877535296173e-16,9.536642309182497e-16,0.8014999433384732,0.0,-6.25,6.250000000000001,0.15811388300841892,0.15811388300841886,1.0147247622188201e-08,2.266456609821913e-06,0.006014511299826728,0.006,2.4511513958835887e-06,0.005999722495366848,0.006,0.3,0.0,0.29726383860753575,0.0
6929,6.929,6.93,-4.352556479242787,4.368976900713544,0.008210210735378531,8.72153337995633,-0.10165206035007313,0.10091659045835671,1,1,-4.352556479242787,4.368976900713544,-6.0,6.0,0.0,12.0,0.0027089361317210597,0.0,0.0027089361317210597,0.0,-0.0027089361317210597,-0.0027089361317210597,0.0,0.0,0.0,0.0,0.0,0.0,2.710291051389171e-06,0.0,6.014406984417233,5.9997522486687425,9.124645483638005e-16,9.298117831235686e-16,0.8014999433185516,0.0,-6.25,6.250000000000001,0.15811388300841892,0.15811388300841886,1.0150624410231626e-08,2.2672534713919007e-06,0.006014416433456791,0.006,2.4509316167553586e-06,0.005999749557445196,0.006,0.3,0.0,0.29729106386827986,0.0
6939,6.939,6.94,-4.3526550866344,4.368937809524863,0.008141361445231698,8.721592896159262,-0.1016455363513119,0.10091682590887302,1,1,-4.3526550866344,4.368937809524863,-6.0,6.0,0.0,12.0,0.0026819817668475494,0.0,0.0026819817668475494,0.0,-0.0026819817668475494,-0.0026819817668475494,0.0,0.0,0.0,0.0,0.0,0.0,2.6833232048397062e-06,0.0,6.014312868407218,5.999779012110357,1.263746052249104e-15,9.632052100361221e-16,0.8014999432986638,0.0,-6.25,6.250000000000001,0.15811388300841892,0.15811388300841886,1.0154002235204704e-08,2.268048983889417e-06,0.00601432224943847,0.006,2.450712687502854e-06,0.005999776347899573,0.006,0.3,0.0,0.2973180182331534,0.0
6949,6.949,6.95,-4.3527530297325505,4.3688991591250605,0.008073064696255017,8.721652188857611,-0.10163906928741528,0.10091705807301093,1,1,-4.3527530297325505,4.3688991591250605,-6.0,6.0,0.0,12.0,0.0026552956023857166,0.0,0.0026552956023857166,0.0,-0.0026552956023857166,-0.0026552956023857166,0.0,0.0,0.0,0.0,0.0,0.0,2.656623692846836e-06,0.0,6.01421943021705,5.9998055069103,5.854691731421724e-16,9.614704865601453e-16,0.8014999432788107,0.0,-6.25,6.250000000000001,0.15811388300841892,0.15811388300841886,1.0157380975838541e-08,2.2688431088096765e-06,0.006014228743651281,0.006,2.450494615791055e-06,0.005999802869442508,0.006,0.3,0.0,0.29734470439761523,0.0
6959,6.9590000000000005,6.96,-4.35285031174067,4.368860944409014,0.008005316334172008,8.721711256149684,-0.10163265869822441,0.10091728699908431,1,1,-4.35285031174067,4.368860944409014,-6.0,6.0,0.0,12.0,0.002628874969696875,0.0,0.002628874969696875,0.0,-0.002628874969696875,-0.002628874969696875,0.0,0.0,0.0,0.0,0.0,0.0,2.6301898454371107e-06,0.0,6.014126665741564,5.999831735751504,5.212877926628195e-16,9.926955091277279e-16,0.8014999432589932,0.0,-6.25,6.250000000000001,0.15811388300841892,0.15811388300841886,1.0160760511169659e-08,2.2696358082807234e-06,0.006014135911988659,0.006,2.4502774090784384e-06,0.005999829124759615,0.006,0.3,0.0,0.2973711250303041,0.0
6969,6.969,6.97,-4.352946935866773,4.368823160332913,0.007938112233070171,8.721770096199686,-0.10162630412668405,0.10091751273464872,1,1,-4.352946935866773,4.368823160332913,-6.0,6.0,0.0,12.0,0.002602717226695741,0.0,0.002602717226695741,0.0,-0.002602717226695741,-0.002602717226695741,0.0,0.0,0.0,0.0,0.0,0.0,2.6040190192037614e-06,0.0,6.01403457088965,5.999857701290259,3.5128150388530344e-16,9.900934239137626e-16,0.8014999432392123,0.0,-6.25,6.250000000000001,0.15811388300841892,0.15811388300841886,1.0164140720548453e-08,2.270427045085632e-06,0.006014043750358085,0.006,2.450061074568133e-06,0.005999855116509835,0.006,0.3,0.0,0.29739728277330524,0.0
6979,6.979,6.98,-4.3530429053230275,4.368785801913488,0.007871448295230454,8.721828707236515,-0.10162000511883429,0.10091773532652226,1,1,-4.3530429053230275,4.368785801913488,-6.0,6.0,0.0,12.0,0.0025768197575862144,0.0,0.0025768197575862144,0.0,-0.0025768197575862144,-0.0025768197575862144,0.0,0.0,0.0,0.0,0.0,0.0,2.5781085970423564e-06,0.0,6.013943141584392,5.999883406156496,1.7025633290354558e-15,1.0451708942760263e-15,0.8014999432194688,0.0,-6.25,6.250000000000001,0.15811388300841892,0.15811388300841886,1.016752148364764e-08,2.2712167826403053e-06,0.006013952254681217,0.006,2.4498456192545425e-06,0.005999880847325723,0.006,0.3,0.0,0.2974231802424148,0.0
6989,6.989,6.99,-4.353138223325339,4.368748864227248,0.0078053204509545004,8.721887087552588,-0.10161376122379912,0.10091795482078947,1,1,-4.353138223325339,4.368748864227248,-6.0,6.0,0.0,12.0,0.002551179972599803,0.0,0.002551179972599803,0.0,-0.002551179972599803,-0.002551179972599803,0.0,0.0,0.0,0.0,0.0,0.0,2.552455987889086e-06,0.0,6.013852373763193,5.999908852954018,4.753142324176451e-16,1.1201976846120232e-15,0.8014999431997638,0.0,-6.25,6.250000000000001,0.15811388300841892,0.15811388300841886,1.0170902680470664e-08,2.272004984986812e-06,0.006013861420894016,0.006,2.449631049890044e-06,0.005999906319813684,0.006,0.3,0.0,0.2974488200274013,0.0
6999,6.9990000000000006,7.0,-4.353232893092941,4.368712342409722,0.007739724658390568,8.721945235502663,-0.10160757199377618,0.10091817126281794,1,1,-4.353232893092941,4.368712342409722,-6.0,6.0,0.0,12.0,0.0025257953077366425,0.0,0.0025257953077366425,0.0,-0.0025257953077366425,-0.0025257953077366425,0.0,0.0,0.0,0.0,0.0,0.0,2.5270586264616583e-06,0.0,6.013762263377886,5.999934044260787,1.1804793254022172e-15,1.0859368959614812e-15,0.801499943180098,0.0,-6.25,6.250000000000001,0.15811388300841892,0.15811388300841886,1.017428419136005e-08,2.272791616795607e-06,0.006013771244946873,0.006,2.4494173730205126e-06,0.005999931536554251,0.006,0.3,0.0,0.29747420469226443,0.0
7009,7.009,7.01,-4.353326917847991,4.368676231654721,0.007674656903364774,8.722003149502711,-0.10160143698403012,0.10091838469727027,1,1,-4.353326917847991,4.368676231654721,-6.0,6.0,0.0,12.0,0.002500663224509092,0.0,0.002500663224509092,0.0,-0.002500663224509092,-0.002500663224509092,0.0,0.0,0.0,0.0,0.0,0.0,2.501913973002766e-06,0.0,6.013672806394867,5.999958982629158,8.526165884426007e-16,1.1102230246251565e-15,0.8014999431604724,0.0,-6.25,6.250000000000001,0.15811388300841892,0.15811388300841886,1.017766589700578e-08,2.273576643356652e-06,0.006013681722804721,0.006,2.449204594967558e-06,0.005999956500102332,0.006,0.3,0.0,0.297499336775492,0.0
7019,7.019,7.0200000000000005,-4.353420300815178,4.3686405272136035,0.007610113199212787,8.72206082802878,-0.10159535575288037,0.10091859516811352,1,1,-4.353420300815178,4.3686405272136035,-6.0,6.0,0.0,12.0,0.002475781209687886,0.0,0.002475781209687886,0.0,-0.002475781209687886,-0.002475781209687886,0.0,0.0,0.0,0.0,0.0,0.0,2.47701951302611e-06,0.0,6.013583998795196,5.999983670586147,6.414851560099938e-16,9.965986369486757e-16,0.8014999431408876,0.0,-6.25,6.250000000000001,0.15811388300841892,0.15811388300841886,1.0181047678453562e-08,2.2743600305838524e-06,0.0060135928504471475,0.006,2.448992721835186e-06,0.00599998121298746,0.006,0.3,0.0,0.2975242187903131,0.0
7029,7.029,7.03,-4.353513045221332,4.3686052243945515,0.007546089586609739,8.722118269615883,-0.10158932786168612,0.10091880271863446,1,1,-4.353513045221332,4.3686052243945515,-6.0,6.0,0.0,12.0,0.002451146775050806,0.0,0.002451146775050806,0.0,-0.002451146775050806,-0.002451146775050806,0.0,0.0,0.0,0.0,0.0,0.0,2.4523727570649456e-06,0.0,6.013495836574716,6.000008110633666,1.835337437583462e-15,1.0443035325380379e-15,0.8014999431213448,0.0,-6.25,6.250000000000001,0.15811388300841892,0.15811388300841886,1.0184429417113134e-08,2.2751417450017366e-06,0.006013504623868512,0.006,2.4487817595186812e-06,0.006000005677714052,0.006,0.3,0.0,0.2975488532249502,0.0
7039,7.039000000000001,7.04,-4.353605154295048,4.368570318561858,0.007482582133405025,8.722175472856906,-0.1015833528748436,0.10091900739144538,1,1,-4.353605154295048,4.368570318561858,-6.0,6.0,0.0,12.0,0.0024267574571338597,0.0,0.0024267574571338597,0.0,-0.0024267574571338597,-0.0024267574571338597,0.0,0.0,0.0,0.0,0.0,0.0,2.4279712404231384e-06,0.0,6.013408315744154,6.000032305248788,6.609296443471635e-16,1.0820337681405334e-15,0.8014999431018446,0.0,-6.25,6.250000000000001,0.15811388300841892,0.15811388300841886,1.0187810994766487e-08,2.275921753718813e-06,0.006013417039078048,0.006,2.448571713695724e-06,0.006000029896761647,0.006,0.3,0.0,0.2975732425428672,0.0
7049,7.049,7.05,-4.353696631266308,4.368535805135223,0.007419586934457545,8.72223243640153,-0.1015774303597694,0.10091920922850245,1,1,-4.353696631266308,4.368535805135223,-6.0,6.0,0.0,12.0,0.0024026108169849314,0.0,0.0024026108169849314,0.0,-0.0024026108169849314,-0.0024026108169849314,0.0,0.0,0.0,0.0,0.0,0.0,2.403812522928689e-06,0.0,6.013321432329226,6.000056256883973,2.1337098754514727e-16,1.0902737046514233e-15,0.8014999430823878,0.0,-6.25,6.250000000000001,0.15811388300841892,0.15811388300841886,1.019119229357606e-08,2.276700024483077e-06,0.006013330092099971,0.006,2.448362589848596e-06,0.00600005387258516,0.006,0.3,0.0,0.29759738918301615,0.0
7059,7.059,7.0600000000000005,-4.353787479366124,4.368501679589062,0.0073571001114687284,8.722289158955185,-0.10157155988689104,0.10091940827111068,1,1,-4.353787479366124,4.368501679589062,-6.0,6.0,0.0,12.0,0.0023787044399198845,0.0,0.0023787044399198845,0.0,-0.0023787044399198845,-0.0023787044399198845,0.0,0.0,0.0,0.0,0.0,0.0,2.379894188689717e-06,0.0,6.01323518237074,6.00007996796733,5.663872149064275e-16,1.0516761073109393e-15,0.8014999430629752,0.0,-6.25,6.250000000000001,0.15811388300841892,0.15811388300841886,1.0194573196092906e-08,2.2774765256131795e-06,0.006013243778973572,0.006,2.448154393244195e-06,0.006000077607615126,0.006,0.3,0.0,0.29762129556008116,0.0
7069,7.069,7.07,-4.353877701826172,4.368467937451811,0.0072951178128195515,8.722345639277982,-0.10156574102963695,0.1009196045599356,1,1,-4.353877701826172,4.368467937451811,-6.0,6.0,0.0,12.0,0.00235503593528109,0.0,0.00235503593528109,0.0,-0.00235503593528109,-0.00235503593528109,0.0,0.0,0.0,0.0,0.0,0.0,2.356213845852866e-06,0.0,6.013149561924685,6.000103440902844,7.762887554996212e-16,9.536642309182497e-16,0.8014999430436077,0.0,-6.25,6.250000000000001,0.15811388300841892,0.15811388300841886,1.0197953585264801e-08,2.278251226022852e-06,0.00601315809575332,0.006,2.4479471289562407e-06,0.006000101104257928,0.006,0.3,0.0,0.29764496406471985,0.0
7079,7.079,7.08,-4.35396730187844,4.3684345743052635,0.007233636213411554,8.722401876183703,-0.10155997336442152,0.10091979813501822,1,1,-4.35396730187844,4.3684345743052635,-6.0,6.0,0.0,12.0,0.0023316029361983596,0.0,0.0023316029361983596,0.0,-0.0023316029361983596,-0.0023316029361983596,0.0,0.0,0.0,0.0,0.0,0.0,2.332769126364118e-06,0.0,6.01306456706233,6.000126678070618,1.1917550279960665e-15,9.185360805297194e-16,0.801499943024286,0.0,-6.25,6.250000000000001,0.15811388300841892,0.15811388300841886,1.0201333344444328e-08,2.2790240952186835e-06,0.006013073038508952,0.006,2.4477408018608315e-06,0.006000124364896044,0.006,0.3,0.0,0.29766839706380255,0.0
7089,7.089,7.09,-4.354056282754891,4.3684015857838965,0.007172651514502526,8.722457868538788,-0.10155425647063676,0.10091998903577981,1,1,-4.354056282754891,4.3684015857838965,-6.0,6.0,0.0,12.0,0.0023084030993522583,0.0,0.0023084030993522583,0.0,-0.0023084030993522583,-0.0023084030993522583,0.0,0.0,0.0,0.0,0.0,0.0,2.3095576857319872e-06,0.0,6.012980193870311,6.000149681827112,5.953828467568367e-16,8.83407930141189e-16,0.8014999430050108,0.0,-6.25,6.250000000000001,0.15811388300841892,0.15811388300841886,1.0204712357396895e-08,2.2797951032890236e-06,0.00601298860332556,0.006,2.4475354166275667e-06,0.006000147391888296,0.006,0.3,0.0,0.2976915969006486,0.0
7099,7.099,7.1000000000000005,-4.354144647687118,4.3683689675742094,0.007112159943545748,8.722513615261327,-0.10154858993063953,0.10092017730103403,1,1,-4.354144647687118,4.3683689675742094,-6.0,6.0,0.0,12.0,0.002285434104739767,0.0,0.002285434104739767,0.0,-0.002285434104739767,-0.002285434104739767,0.0,0.0,0.0,0.0,0.0,0.0,2.2865772027930667e-06,0.0,6.012896438450714,6.000172454505372,2.2837634561234665e-15,8.521829075736065e-16,0.8014999429857829,0.0,-6.25,6.250000000000001,0.15811388300841892,0.15811388300841886,1.0208090508308728e-08,2.2805642208906535e-06,0.006012904786303684,0.006,2.4473309777395257e-06,0.006000170187570053,0.006,0.3,0.0,0.2977145658952611,0.0
7109,7.109,7.11,-4.354232399906017,4.368336715414083,0.007052157754032784,8.7225691153201,-0.10154297332973988,0.10092036296899976,1,1,-4.354232399906017,4.368336715414083,-6.0,6.0,0.0,12.0,0.0022626936554422856,0.0,0.0022626936554422856,0.0,-0.0022626936554422856,-0.0022626936554422856,0.0,0.0,0.0,0.0,0.0,0.0,2.2638253794799137e-06,0.0,6.012813296921163,6.00019499841526,1.6844164951734797e-15,9.354496344204932e-16,0.8014999429666029,0.0,-6.25,6.250000000000001,0.15811388300841892,0.15811388300841886,1.0211467681794802e-08,2.2813314192598937e-06,0.0060128215835593924,0.006,2.447127489499934e-06,0.0060001927542534935,0.006,0.3,0.0,0.29773730634455864,0.0
7119,7.119,7.12,-4.354319542641461,4.36830482509213,0.006992641225334495,8.72262436773359,-0.10153740625618662,0.1009205460773055,1,1,-4.354319542641461,4.36830482509213,-6.0,6.0,0.0,12.0,0.002240179477395933,0.0,0.002240179477395933,0.0,-0.002240179477395933,-0.002240179477395933,0.0,0.0,0.0,0.0,0.0,0.0,2.2412999405912364e-06,0.0,6.0127307654149,6.000217315843697,6.334468133405505e-16,9.115971866258121e-16,0.8014999429474716,0.0,-6.25,6.250000000000001,0.15811388300841892,0.15811388300841886,1.021484376290673e-08,2.282096670197056e-06,0.006012738991224356,0.006,2.4469249560077344e-06,0.006000215094227813,0.006,0.3,0.0,0.29775982052260497,0.0
7129,7.1290000000000004,7.13,-4.354406079121981,4.36827329244707,0.006933606662544722,8.72267937156905,-0.101531888301159,0.1009207266630055,1,1,-4.354406079121981,4.36827329244707,-6.0,6.0,0.0,12.0,0.002217889319164141,0.0,0.002217889319164141,0.0,-0.002217889319164141,-0.002217889319164141,0.0,0.0,0.0,0.0,0.0,0.0,2.2189986335643737e-06,0.0,6.012648840080852,6.0002394090548625,4.628018617208046e-16,9.168013570537425e-16,0.8014999429283898,0.0,-6.25,6.250000000000001,0.15811388300841892,0.15811388300841886,1.0218218637140614e-08,2.282859946062007e-06,0.006012657005445937,0.006,2.446723381188676e-06,0.00600023720975946,0.006,0.3,0.0,0.29778211068083676,0.0
7139,7.139,7.140000000000001,-4.354492012574457,4.368242113367103,0.006875050396323079,8.72273412594156,-0.1015264190587506,0.10092090476258253,1,1,-4.354492012574457,4.368242113367103,-6.0,6.0,0.0,12.0,0.0021958209517125137,0.0,0.0021958209517125137,0.0,-0.0021958209517125137,-0.0021958209517125137,0.0,0.0,0.0,0.0,0.0,0.0,2.1969192282500394e-06,0.0,6.012567517083719,6.00026128029045,9.287258868851886e-16,9.558326352632207e-16,0.8014999429093579,0.0,-6.25,6.250000000000001,0.15811388300841892,0.15811388300841886,1.0221592190444804e-08,2.2836212197741657e-06,0.006012575622387251,0.006,2.446522768781989e-06,0.006000259103092365,0.006,0.3,0.0,0.29780417904828843,0.0
7149,7.149,7.15,-4.354577346223809,4.3682112837892895,0.006816968782740407,8.722788630013099,-0.10152099812596072,0.10092108041196202,1,1,-4.354577346223809,4.3682112837892895,-6.0,6.0,0.0,12.0,0.002173972168185914,0.0,0.002173972168185914,0.0,-0.002173972168185914,-0.002173972168185914,0.0,0.0,0.0,0.0,0.0,0.0,2.1750595166893025e-06,0.0,6.012486792604033,6.000282931769863,5.473052566706826e-16,9.24173931826644e-16,0.8014999428903767,0.0,-6.25,6.250000000000001,0.15811388300841892,0.15811388300841886,1.0224964309227662e-08,2.284380464803621e-06,0.006012494838227243,0.006,2.446323122353711e-06,0.0060002807764481525,0.006,0.3,0.0,0.297826027831815,0.0
7159,7.159,7.16,-4.354662083292703,4.36818079969895,0.006759358203123789,8.722842882991653,-0.10151562510267692,0.1009212536465201,1,1,-4.354662083292703,4.36818079969895,-6.0,6.0,0.0,12.0,0.002152340783687782,0.0,0.002152340783687782,0.0,-0.002152340783687782,-0.002152340783687782,0.0,0.0,0.0,0.0,0.0,0.0,2.1534173128927894e-06,0.0,6.012406662838229,6.000304365690451,4.0332320816460765e-16,9.141992718397773e-16,0.801499942871447,0.0,-6.25,6.250000000000001,0.15811388300841892,0.15811388300841886,1.0228334880365215e-08,2.2851376551666942e-06,0.006012414649160756,0.006,2.446124445287801e-06,0.006000302232026368,0.006,0.3,0.0,0.2978476592163131,0.0
7169,7.1690000000000005,7.17,-4.354746227001255,4.368150657129062,0.0067022150639037825,8.722896884130318,-0.1015102995916653,0.10092142450109032,1,1,-4.354746227001255,4.368150657129062,-6.0,6.0,0.0,12.0,0.0021309246350616436,0.0,0.0021309246350616436,0.0,-0.0021309246350616436,-0.0021309246350616436,0.0,0.0,0.0,0.0,0.0,0.0,2.131990452622087e-06,0.0,6.012327123998713,6.000325584227725,1.164866814118426e-15,9.389190813724468e-16,0.8014999428525692,0.0,-6.25,6.250000000000001,0.15811388300841892,0.15811388300841886,1.023170379120879e-08,2.2858927654192736e-06,0.006012335051398596,0.006,2.445926740797244e-06,0.006000323472004693,0.006,0.3,0.0,0.2978690753649393,0.0
7179,7.179,7.18,-4.354829780566742,4.368120852159668,0.006645535796462987,8.72295063272641,-0.10150502119856047,0.10092159300997605,1,1,-4.354829780566742,4.368120852159668,-6.0,6.0,0.0,12.0,0.002109721580674787,0.0,0.002109721580674787,0.0,-0.002109721580674787,-0.002109721580674787,0.0,0.0,0.0,0.0,0.0,0.0,2.1107767931733107e-06,0.0,6.0122481723139165,6.000346589535565,9.08995101411847e-16,9.913944665207453e-16,0.8014999428337442,0.0,-6.25,6.250000000000001,0.15811388300841892,0.15811388300841886,1.0235070929592576e-08,2.2866457706545964e-06,0.006012256041167591,0.006,2.4457300119196112e-06,0.006000344498539164,0.006,0.3,0.0,0.2978902784193262,0.0
7189,7.189,7.19,-4.354912747203328,4.368091380917294,0.00658931685698283,8.723004128120621,-0.1014997895318448,0.10092175920695695,1,1,-4.354912747203328,4.368091380917294,-6.0,6.0,0.0,12.0,0.0020887295002041044,0.0,0.0020887295002041044,0.0,-0.0020887295002041044,-0.0020887295002041044,0.0,0.0,0.0,0.0,0.0,0.0,2.089774213162838e-06,0.0,6.012169804028361,6.000367383746445,1.2342557531574982e-15,1.0473392986209973e-15,0.8014999428149722,0.0,-6.25,6.250000000000001,0.15811388300841892,0.15811388300841886,1.0238436183841125e-08,2.2873966464988078e-06,0.006012177614710649,0.006,2.4455342615348206e-06,0.006000365313764382,0.006,0.3,0.0,0.29791127049979693,0.0
7199,7.199,7.2,-4.3549951301217815,4.36806223957437,0.006533554726294355,8.723057369696152,-0.10149460420284223,0.10092192312529696,1,1,-4.3549951301217815,4.36806223957437,-6.0,6.0,0.0,12.0,0.0020679462944240556,0.0,0.0020679462944240556,0.0,-0.0020679462944240556,-0.0020679462944240556,0.0,0.0,0.0,0.0,0.0,0.0,2.0689806123151657e-06,0.0,6.012092015402718,6.000387968971632,5.193734982020248e-16,1.0824674490095276e-15,0.8014999427962541,0.0,-6.25,6.250000000000001,0.15811388300841892,0.15811388300841886,1.0241799442776804e-08,2.2881453690976365e-06,0.006012099768286823,0.006,2.4453394923495966e-06,0.006000385919793733,0.006,0.3,0.0,0.297932053705577,0.0
7209,7.2090000000000005,7.21,-4.35507693252921,4.368033424348667,0.006478245909728564,8.723110356877877,-0.10148946482570254,0.10092208479775405,1,1,-4.35507693252921,4.368033424348667,-6.0,6.0,0.0,12.0,0.0020473698849967437,0.0,0.0020473698849967437,0.0,-0.0020473698849967437,-0.0020473698849967437,0.0,0.0,0.0,0.0,0.0,0.0,2.0483939112528806e-06,0.0,6.012014802713852,6.000408347301407,6.565928356572215e-16,1.0902737046514233e-15,0.8014999427775905,0.0,-6.25,6.250000000000001,0.15811388300841892,0.15811388300841886,1.024516059572717e-08,2.2888919151275e-06,0.006012022498171357,0.006,2.445145706908569e-06,0.006000406318719582,0.006,0.3,0.0,0.29795263011500434,0.0
7219,7.219,7.22,-4.355158157628797,4.368004931502729,0.006423386936965869,8.723163089131527,-0.10148437101738739,0.10092224425658991,1,1,-4.355158157628797,4.368004931502729,-6.0,6.0,0.0,12.0,0.002026998214264079,0.0,0.002026998214264079,0.0,-0.002026998214264079,-0.002026998214264079,0.0,0.0,0.0,0.0,0.0,0.0,2.0280120512887223e-06,0.0,6.011938162254876,6.000428520805269,8.057790545912269e-16,1.0807327255335508e-15,0.8014999427589818,0.0,-6.25,6.250000000000001,0.15811388300841892,0.15811388300841886,1.0248519532532296e-08,2.289636261766636e-06,0.006011945800655737,0.006,2.4449529075942777e-06,0.006000426512613495,0.006,0.3,0.0,0.297973001785737,0.0
7229,7.229,7.23,-4.3552388086195455,4.3679767573433255,0.00636897436188999,8.723215565962871,-0.10147932239766039,0.10092240153357274,1,1,-4.3552388086195455,4.3679767573433255,-6.0,6.0,0.0,12.0,0.002006829245042012,0.0,0.002006829245042012,0.0,-0.002006829245042012,-0.002006829245042012,0.0,0.0,0.0,0.0,0.0,0.0,2.007832994219709e-06,0.0,6.011862090335203,6.000448491532135,1.115427195053087e-15,1.0924421089963943e-15,0.8014999427404287,0.0,-6.25,6.250000000000001,0.15811388300841892,0.15811388300841886,1.0251876143552019e-08,2.2903783867128674e-06,0.006011869672047746,0.006,2.4447610966427114e-06,0.006000446503526441,0.006,0.3,0.0,0.29799317075495907,0.0
7239,7.239,7.24,-4.35531888869602,4.367948898220902,0.006315004762440957,8.723267786916923,-0.10147431858906764,0.10092255665999167,1,1,-4.35531888869602,4.367948898220902,-6.0,6.0,0.0,12.0,0.001986860960416813,0.0,0.001986860960416813,0.0,-0.001986860960416813,-0.001986860960416813,0.0,0.0,0.0,0.0,0.0,0.0,1.9878547221233173e-06,0.0,6.011786583280587,6.000468261510548,6.854241431158634e-16,1.0312931064682118e-15,0.8014999427219317,0.0,-6.25,6.250000000000001,0.15811388300841892,0.15811388300841886,1.0255230319673125e-08,2.2911182681813817e-06,0.0060117941086715,0.006,2.444570276114444e-06,0.006000466293488992,0.006,0.3,0.0,0.2980131390395842,0.0
7249,7.2490000000000006,7.25,-4.355398401048105,4.367921350529041,0.00626147474046812,8.723319751577147,-0.10146935921692912,0.100922709666659,1,1,-4.355398401048105,4.367921350529041,-6.0,6.0,0.0,12.0,0.001967091363543378,0.0,0.001967091363543378,0.0,-0.001967091363543378,-0.001967091363543378,0.0,0.0,0.0,0.0,0.0,0.0,1.968075237155689e-06,0.0,6.011711637433171,6.000487832748881,9.749145934989656e-16,1.0386656812411132e-15,0.8014999427034912,0.0,-6.25,6.250000000000001,0.15811388300841892,0.15811388300841886,1.025858195231648e-08,2.2918558848581004e-06,0.006011719106867498,0.006,2.4443804479457044e-06,0.0060004858845115255,0.006,0.3,0.0,0.29803290863645765,0.0
7259,7.259,7.26,-4.355477348860763,4.367894110703931,0.006208380921584045,8.723371459564694,-0.1014644439093243,0.10092286058392269,1,1,-4.355477348860763,4.367894110703931,-6.0,6.0,0.0,12.0,0.001947518477445546,0.0,0.001947518477445546,0.0,-0.001947518477445546,-0.001947518477445546,0.0,0.0,0.0,0.0,0.0,0.0,1.948492561351845e-06,0.0,6.011637249151521,6.000507207235527,7.407269242420966e-16,1.091791587692903e-15,0.8014999426851079,0.0,-6.25,6.250000000000001,0.15811388300841892,0.15811388300841886,1.0261930933444074e-08,2.2925912159440897e-06,0.006011644662992668,0.006,2.444191613890645e-06,0.006000505278584428,0.006,0.3,0.0,0.29805248152255553,0.0
7269,7.269,7.2700000000000005,-4.355555735313796,4.367867175223839,0.00615571995502151,8.723422910537636,-0.10145957229707708,0.10092300944166993,1,1,-4.355555735313796,4.367867175223839,-6.0,6.0,0.0,12.0,0.0019281403448183957,0.0,0.0019281403448183957,0.0,-0.0019281403448183957,-0.0019281403448183957,0.0,0.0,0.0,0.0,0.0,0.0,1.9291047364278847e-06,0.0,6.011563414810669,6.000526386939108,1.3019099687205937e-15,1.1427490897997217e-15,0.8014999426667824,0.0,-6.25,6.250000000000001,0.15811388300841892,0.15811388300841886,1.0265277155566e-08,2.293324241137797e-06,0.00601157077342039,0.006,2.4440037755812938e-06,0.006000524477678286,0.006,0.3,0.0,0.29807185965518274,0.0
7279,7.279,7.28,-4.355633563581618,4.367840540608597,0.00610348851348963,8.723474104190215,-0.1014547440137431,0.10092315626933634,1,1,-4.355633563581618,4.367840540608597,-6.0,6.0,0.0,12.0,0.0019089550278325162,0.0,0.0019089550278325162,0.0,-0.0019089550278325162,-0.0019089550278325162,0.0,0.0,0.0,0.0,0.0,0.0,1.90990982358516e-06,0.0,6.01149013080215,6.000545373808659,7.398595625041082e-16,1.177877240188252e-15,0.8014999426485149,0.0,-6.25,6.250000000000001,0.15811388300841892,0.15811388300841886,1.0268620511747365e-08,2.2940549405973003e-06,0.006011497434540547,0.006,2.443816934492027e-06,0.006000543483744089,0.006,0.3,0.0,0.29809104497216865,0.0
7289,7.289000000000001,7.29,-4.355710836833024,4.367814203419083,0.0060516832930295195,8.723525040252108,-0.10144995869559498,0.10092330109591291,1,1,-4.355710836833024,4.367814203419083,-6.0,6.0,0.0,12.0,0.001889960607940221,0.0,0.001889960607940221,0.0,-0.001889960607940221,-0.001889960607940221,0.0,0.0,0.0,0.0,0.0,0.0,1.89090590331639e-06,0.0,6.011417393534029,6.000564169773831,1.8301332671555315e-15,1.1646499736839289e-15,0.801499942630306,0.0,-6.25,6.250000000000001,0.15811388300841892,0.15811388300841886,1.0271960895615129e-08,2.2947832949936033e-06,0.00601142464275955,0.006,2.4436310919662143e-06,0.006000562298713412,0.006,0.3,0.0,0.29811003939206093,0.0
7299,7.299,7.3,-4.355787558230977,4.367788160256724,0.006000301012873521,8.723575718487702,-0.10144521598160844,0.10092344394995512,1,1,-4.355787558230977,4.367788160256724,-6.0,6.0,0.0,12.0,0.0018711551856836924,0.0,0.0018711551856836924,0.0,-0.0018711551856836924,-0.0018711551856836924,0.0,0.0,0.0,0.0,0.0,0.0,1.8720910752137125e-06,0.0,6.011345199430938,6.000582776745077,7.450637329320386e-16,1.2097527840593258e-15,0.8014999426121562,0.0,-6.25,6.250000000000001,0.15811388300841892,0.15811388300841886,1.0275298201364858e-08,2.295509285444019e-06,0.006011352394500376,0.006,2.4434462491851327e-06,0.006000580924498624,0.006,0.3,0.0,0.2981288448143175,0.0
7309,7.309,7.3100000000000005,-4.355863730932388,4.3677624077629895,0.0059493384153008755,8.723626138695376,-0.10144051551345179,0.10092358485958658,1,1,-4.355863730932388,4.3677624077629895,-6.0,6.0,0.0,12.0,0.0018525368805050334,0.0,0.0018525368805050334,0.0,-0.0018525368805050334,-0.0018525368805050334,0.0,0.0,0.0,0.0,0.0,0.0,1.8534634577786374e-06,0.0,6.011273544934104,6.000601196613843,3.9898639947466563e-16,1.1811298467057085e-15,0.801499942594066,0.0,-6.25,6.250000000000001,0.15811388300841892,0.15811388300841886,1.0278632323767421e-08,2.2962328935410363e-06,0.006011280686202588,0.006,2.4432624072168176e-06,0.0060005993629930615,0.006,0.3,0.0,0.29814746311949614,0.0
7319,7.319,7.32,-4.355939358087901,4.367736942618909,0.005898792265504049,8.72367630070681,-0.1014358569354662,0.10092372385250736,1,1,-4.355939358087901,4.367736942618909,-6.0,6.0,0.0,12.0,0.0018341038305582109,0.0,0.0018341038305582109,0.0,-0.0018341038305582109,-0.0018341038305582109,0.0,0.0,0.0,0.0,0.0,0.0,1.8350211882338982e-06,0.0,6.011202426501373,6.000619431252764,1.37997252513955e-15,1.222980050563649e-15,0.8014999425760359,0.0,-6.25,6.250000000000001,0.15811388300841892,0.15811388300841886,1.0281963158175585e-08,2.2969541013634216e-06,0.006011209514322369,0.006,2.443079566978312e-06,0.006000617616071229,0.006,0.3,0.0,0.298165896169443,0.0
7329,7.329,7.33,-4.356014442841698,4.367711761544577,0.005848659351439522,8.723726204386274,-0.10143123989465541,0.10092386095600064,1,1,-4.356014442841698,4.367711761544577,-6.0,6.0,0.0,12.0,0.001815854192522869,0.0,0.001815854192522869,0.0,-0.001815854192522869,-0.001815854192522869,0.0,0.0,0.0,0.0,0.0,0.0,1.8167624223371718e-06,0.0,6.011131840607238,6.000637482515825,1.3341344901659363e-15,1.309065703058998e-15,0.8014999425580661,0.0,-6.25,6.250000000000001,0.15811388300841892,0.15811388300841886,1.028529060053056e-08,2.2976728914273705e-06,0.006011138875332548,0.006,2.442897729253435e-06,0.006000635685588974,0.006,0.3,0.0,0.29818414580747843,0.0
7339,7.339,7.34,-4.356088988331288,4.3676868612986794,0.005798936483695893,8.723775849629966,-0.1014266640406708,0.10092399619694159,1,1,-4.356088988331288,4.3676868612986794,-6.0,6.0,0.0,12.0,0.0017977861414199964,0.0,0.0017977861414199964,0.0,-0.0017977861414199964,-0.0017977861414199964,0.0,0.0,0.0,0.0,0.0,0.0,1.7986853341966529e-06,0.0,6.011061783742858,6.0006553522385815,1.56472057533108e-15,1.3183898417423734e-15,0.8014999425401572,0.0,-6.25,6.250000000000001,0.15811388300841892,0.15811388300841886,1.0288614547368443e-08,2.298389246706491e-06,0.006011068765722614,0.006,2.44271689471498e-06,0.006000653573383683,0.006,0.3,0.0,0.2982022138585813,0.0
7349,7.349,7.3500000000000005,-4.356162997687315,4.367662238678022,0.005749620495353547,8.723825236365338,-0.10142212902579717,0.10092412960179986,1,1,-4.356162997687315,4.367662238678022,-6.0,6.0,0.0,12.0,0.0017798978704294257,0.0,0.0017798978704294257,0.0,-0.0017798978704294257,-0.0017798978704294257,0.0,0.0,0.0,0.0,0.0,0.0,1.780788116088463e-06,0.0,6.010992252416081,6.000673042238308,1.942890293094024e-16,1.2769733187534271e-15,0.8014999425223096,0.0,-6.25,6.250000000000001,0.15811388300841892,0.15811388300841886,1.0291934895826585e-08,2.2991031506384646e-06,0.006010999181998747,0.006,2.4425370638891942e-06,0.0060006712812744525,0.006,0.3,0.0,0.29822010212957184,0.0
7359,7.359,7.36,-4.356236474033369,4.3676378905170585,0.005700708241844765,8.723874364550428,-0.10141763450494057,0.1009242611966496,1,1,-4.356236474033369,4.3676378905170585,-6.0,6.0,0.0,12.0,0.0017621875907091514,0.0,0.0017621875907091514,0.0,-0.0017621875907091514,-0.0017621875907091514,0.0,0.0,0.0,0.0,0.0,0.0,1.7630689782758772e-06,0.0,6.010923243151458,6.000690554314201,9.783840404509192e-16,1.3092825434934952e-15,0.8014999425045237,0.0,-6.25,6.250000000000001,0.15811388300841892,0.15811388300841886,1.0295251543649894e-08,2.2998145870895187e-06,0.006010930120683828,0.006,2.442358237171316e-06,0.006000688811062279,0.006,0.3,0.0,0.29823781240929215,0.0
7369,7.369,7.37,-4.3563094204857915,4.367613813687432,0.005652196600820059,8.723923234173224,-0.10141318013560857,0.10092439100717415,1,1,-4.3563094204857915,4.367613813687432,-6.0,6.0,0.0,12.0,0.0017446535312164422,0.0,0.0017446535312164422,0.0,-0.0017446535312164422,-0.0017446535312164422,0.0,0.0,0.0,0.0,0.0,0.0,1.7455261488303475e-06,0.0,6.010854752490268,6.000707890247554,8.179221189230645e-16,1.274371233539462e-15,0.8014999424867999,0.0,-6.25,6.250000000000001,0.15811388300841892,0.15811388300841886,1.0298564389197021e-08,2.300523540381073e-06,0.00601086157831746,0.006,2.4421804148477834e-06,0.006000706164530233,0.006,0.3,0.0,0.2982553464687848,0.0
7379,7.3790000000000004,7.38,-4.3563818401534995,4.367590005097521,0.0056040824720109406,8.723971845251022,-0.10140876557790279,0.10092451905867078,1,1,-4.3563818401534995,4.367590005097521,-6.0,6.0,0.0,12.0,0.001727293938530738,0.0,0.001727293938530738,0.0,-0.001727293938530738,-0.001727293938530738,0.0,0.0,0.0,0.0,0.0,0.0,1.7281578734543114e-06,0.0,6.010786776990518,6.000725051801921,5.056718932472393e-16,1.2984405217686401e-15,0.8014999424691385,0.0,-6.25,6.250000000000001,0.15811388300841892,0.15811388300841886,1.0301873331446505e-08,2.301229995254213e-06,0.006010793551455978,0.006,2.442003597082909e-06,0.00600072334344364,0.006,0.3,0.0,0.29827270606147055,0.0
7389,7.389,7.390000000000001,-4.356453736137807,4.3675664616919905,0.005556362777091817,8.724020197829798,-0.10140439049449945,0.10092464537606177,1,1,-4.356453736137807,4.3675664616919905,-6.0,6.0,0.0,12.0,0.001710107076678303,0.0,0.001710107076678303,0.0,-0.001710107076678303,-0.001710107076678303,0.0,0.0,0.0,0.0,0.0,0.0,1.7109624153057572e-06,0.0,6.010719313226971,6.000742040723304,4.675757394115299e-16,1.2886827022162706e-15,0.8014999424515399,0.0,-6.25,6.250000000000001,0.15811388300841892,0.15811388300841886,1.0305178270002796e-08,2.3019339368896715e-06,0.006010726036672471,0.006,2.4418277839077798e-06,0.006000740349550248,0.006,0.3,0.0,0.298289892923323,0.0
7399,7.399,7.4,-4.356525111532246,4.367543180451346,0.005509034459549866,8.724068291983592,-0.101400054550638,0.10092476998389277,1,1,-4.356525111532246,4.367543180451346,-6.0,6.0,0.0,12.0,0.0016930912269586301,0.0,0.0016930912269586301,0.0,-0.0016930912269586301,-0.0016930912269586301,0.0,0.0,0.0,0.0,0.0,0.0,1.6939380548245404e-06,0.0,6.010652357791148,6.000758858740329,1.0347625534201654e-15,1.3084151817555068e-15,0.8014999424340046,0.0,-6.25,6.250000000000001,0.15811388300841892,0.15811388300841886,1.0308479105102208e-08,2.302635350898949e-06,0.006010659030556778,0.006,2.441652975253561e-06,0.006000757184580414,0.006,0.3,0.0,0.29830690877304267,0.0
7409,7.409,7.41,-4.356595969422402,4.367520158391501,0.0054620944845491515,8.724116127813904,-0.10139575741410639,0.10092489290634804,1,1,-4.356595969422402,4.367520158391501,-6.0,6.0,0.0,12.0,0.0016762446877725669,0.0,0.0016762446877725669,0.0,-0.0016762446877725669,-0.0016762446877725669,0.0,0.0,0.0,0.0,0.0,0.0,1.6770830895604255e-06,0.0,6.010585907291333,6.000775507564409,4.779163176316104e-16,1.3446275343165226e-15,0.8014999424165328,0.0,-6.25,6.250000000000001,0.15811388300841892,0.15811388300841886,1.0311775737618796e-08,2.303334223297668e-06,0.0060105925297155105,0.006,2.4414791709270745e-06,0.006000773850247261,0.006,0.3,0.0,0.29832375531222877,0.0
7419,7.4190000000000005,7.42,-4.356666312885747,4.367497392563339,0.005415539838796057,8.724163705449087,-0.1013914987552253,0.1009250141672477,1,1,-4.356666312885747,4.367497392563339,-6.0,6.0,0.0,12.0,0.0016595657744521558,0.0,0.0016595657744521558,0.0,-0.0016595657744521558,-0.0016595657744521558,0.0,0.0,0.0,0.0,0.0,0.0,1.6603958340028403e-06,0.0,6.010519958352586,6.000791988889919,3.8337388819087437e-16,1.4005723664167746e-15,0.8014999423991248,0.0,-6.25,6.250000000000001,0.15811388300841892,0.15811388300841886,1.0315068069070112e-08,2.3040305405322163e-06,0.006010526530772052,0.006,2.4413063706263396e-06,0.006000790348246863,0.006,0.3,0.0,0.29834043422554923,0.0
7429,7.429,7.43,-4.356736144991481,4.367474880052293,0.005369367530406066,8.724211025043774,-0.10138727824683502,0.10092513379005824,1,1,-4.356736144991481,4.367474880052293,-6.0,6.0,0.0,12.0,0.0016430528190921664,0.0,0.0016430528190921664,0.0,-0.0016430528190921664,-0.0016430528190921664,0.0,0.0,0.0,0.0,0.0,0.0,1.6438746194123233e-06,0.0,6.010454507616749,6.000808304394361,1.3556863964758747e-15,1.5040052536718918e-15,0.8014999423817811,0.0,-6.25,6.250000000000001,0.15811388300841892,0.15811388300841886,1.0318356001622916e-08,2.3047242894553264e-06,0.0060104610303665625,0.006,2.4411345739272505e-06,0.0060008066802584034,0.006,0.3,0.0,0.2983569471809093,0.0
7439,7.439,7.44,-4.356805468800367,4.36745261797792,0.005323574588776303,8.724258086778287,-0.1013830955642811,0.10092525179789702,1,1,-4.356805468800367,4.36745261797792,-6.0,6.0,0.0,12.0,0.001626704170383301,0.0,0.001626704170383301,0.0,-0.001626704170383301,-0.001626704170383301,0.0,0.0,0.0,0.0,0.0,0.0,1.6275177936536474e-06,0.0,6.010389551742442,6.0008244557385435,5.736911800106013e-16,1.502487370630412e-15,0.801499942364502,0.0,-6.25,6.250000000000001,0.15811388300841892,0.15811388300841886,1.0321639438098753e-08,2.305415457323851e-06,0.006010396025155986,0.006,2.440963780323546e-06,0.006000822847944347,0.006,0.3,0.0,0.2983732958296182,0.0
7449,7.449,7.45,-4.3568742873645885,4.3674306034934895,0.005278158064450533,8.724304890858079,-0.10137895038539818,0.1009253682135372,1,1,-4.3568742873645885,4.3674306034934895,-6.0,6.0,0.0,12.0,0.001610518193447066,0.0,0.001610518193447066,0.0,-0.001610518193447066,-0.001610518193447066,0.0,0.0,0.0,0.0,0.0,0.0,1.6113237210306068e-06,0.0,6.010325087405068,6.000840444566723,4.9439619065339e-16,1.412281749879618e-15,0.8014999423472875,0.0,-6.25,6.250000000000001,0.15811388300841892,0.15811388300841886,1.0324918281979474e-08,2.306104031792102e-06,0.006010331511814048,0.006,2.4407939891690768e-06,0.006000838852950603,0.006,0.3,0.0,0.29838948180655434,0.0
7459,7.4590000000000005,7.46,-4.356942603727594,4.36740883378557,0.0052331150289877115,8.724351437513164,-0.10137484239049976,0.10092548305941473,1,1,-4.356942603727594,4.36740883378557,-6.0,6.0,0.0,12.0,0.001594493269672278,0.0,0.001594493269672278,0.0,-0.001594493269672278,-0.001594493269672278,0.0,0.0,0.0,0.0,0.0,0.0,1.595290782122443e-06,0.0,6.010261111296815,6.00085627250679,1.0825030243933123e-15,1.4621550498139513e-15,0.8014999423301383,0.0,-6.25,6.250000000000001,0.15811388300841892,0.15811388300841886,1.0328192437412643e-08,2.306790000920736e-06,0.006010267487031256,0.006,2.4406251997399765e-06,0.0060008546969066885,0.006,0.3,0.0,0.2984055067303292,0.0
7469,7.469,7.47,-4.357010420923955,4.367387306073627,0.005188442574835861,8.724397726997582,-0.10137077126235794,0.1009255963576311,1,1,-4.357010420923955,4.367387306073627,-6.0,6.0,0.0,12.0,0.0015786277965532064,0.0,0.0015786277965532064,0.0,-0.0015786277965532064,-0.0015786277965532064,0.0,0.0,0.0,0.0,0.0,0.0,1.5794173736219052e-06,0.0,6.010197620126653,6.000871941170417,6.262351748276274e-16,1.493813753250528e-15,0.8014999423130545,0.0,-6.25,6.250000000000001,0.15811388300841892,0.15811388300841886,1.033146180921687e-08,2.307473353152325e-06,0.006010203947514903,0.006,2.440457411201358e-06,0.006000870381425894,0.006,0.3,0.0,0.2984213722034483,0.0
7479,7.479,7.48,-4.3570777419792215,4.36736601760962,0.00514413781519929,8.72444375958884,-0.10136673668619395,0.10092570812996193,1,1,-4.3570777419792215,4.36736601760962,-6.0,6.0,0.0,12.0,0.0015629201875293176,0.0,0.0015629201875293176,0.0,-0.0015629201875293176,-0.0015629201875293176,0.0,0.0,0.0,0.0,0.0,0.0,1.563701908174915e-06,0.0,6.010134610620326,6.000887452153232,8.728945571998686e-16,1.412281749879618e-15,0.8014999422960364,0.0,-6.25,6.250000000000001,0.15811388300841892,0.15811388300841886,1.0334726302887026e-08,2.30815407732024e-06,0.006010140889989054,0.006,2.4402906226161926e-06,0.006000885908105442,0.006,0.3,0.0,0.2984370798124721,0.0
7489,7.489,7.49,-4.357144569909788,4.3673449656776135,0.005100197883912916,8.724489535587402,-0.10136273834966097,0.10092581839785897,1,1,-4.357144569909788,4.3673449656776135,-6.0,6.0,0.0,12.0,0.0015473688718266193,0.0,0.0015473688718266193,0.0,-0.0015473688718266193,-0.0015473688718266193,0.0,0.0,0.0,0.0,0.0,0.0,1.5481428142218315e-06,0.0,6.01007207952035,6.00090280703496,1.0677985324289777e-15,1.4027407707617456e-15,0.8014999422790843,0.0,-6.25,6.250000000000001,0.15811388300841892,0.15811388300841886,1.0337985824599387e-08,2.3088321626486513e-06,0.006010078311194553,0.006,2.440124832951973e-06,0.00600090127852664,0.006,0.3,0.0,0.2984526311281748,0.0
7499,7.4990000000000006,7.5,-4.357210907722757,4.367324147593381,0.0050566199353121455,8.724535055316139,-0.10135877594283277,0.10092592718245696,1,1,-4.357210907722757,4.367324147593381,-6.0,6.0,0.0,12.0,0.0015319722943005819,0.0,0.0015319722943005819,0.0,-0.0015319722943005819,-0.0015319722943005819,0.0,0.0,0.0,0.0,0.0,0.0,1.5327385358402932e-06,0.0,6.010010023586009,6.000918007379598,7.979727989493313e-16,1.3376886404126154e-15,0.8014999422621983,0.0,-6.25,6.250000000000001,0.15811388300841892,0.15811388300841886,1.034124028121668e-08,2.309507598725883e-06,0.006010016207889004,0.006,2.4399600410829336e-06,0.006000916494255051,0.006,0.3,0.0,0.29846802770570074,0.0
7509,7.509,7.51,-4.357276758415812,4.367303560704023,0.005013401144105867,8.724580319119834,-0.1013548491581831,0.1009260345045776,1,1,-4.357276758415812,4.367303560704023,-6.0,6.0,0.0,12.0,0.0015167289152806227,0.0,0.0015167289152806227,0.0,-0.0015167289152806227,-0.0015167289152806227,0.0,0.0,0.0,0.0,0.0,0.0,1.5174875325896253e-06,0.0,6.009948439593342,6.000933054735555,1.1417750019103792e-16,1.3587221625588342e-15,0.8014999422453789,0.0,-6.25,6.250000000000001,0.15811388300841892,0.15811388300841886,1.0344489580293016e-08,2.3101803755177357e-06,0.0060099545768467705,0.006,2.4397962457767264e-06,0.006000931556840639,0.006,0.3,0.0,0.2984832710847207,0.0
7519,7.519,7.5200000000000005,-4.357342124977088,4.3672832023875925,0.004970538705252103,8.72462532736468,-0.10135095769057828,0.10092614038473668,1,1,-4.357342124977088,4.3672832023875925,-6.0,6.0,0.0,12.0,0.0015016372104161364,0.0,0.0015016372104161364,0.0,-0.0015016372104161364,-0.0015016372104161364,0.0,0.0,0.0,0.0,0.0,0.0,1.502388279356794e-06,0.0,6.009887324335133,6.000947950635822,9.688430613330468e-16,1.3951513555543471e-15,0.8014999422286262,0.0,-6.25,6.250000000000001,0.15811388300841892,0.15811388300841886,1.0347733630078738e-08,2.3108504833541638e-06,0.006009893414858963,0.006,2.4396334457255087e-06,0.006000946467817927,0.006,0.3,0.0,0.29849836278958525,0.0
7529,7.529,7.53,-4.357407010385051,4.36726307005271,0.004928029833829228,8.724670080437761,-0.10134710123725993,0.10092624484314555,1,1,-4.357407010385051,4.36726307005271,-6.0,6.0,0.0,12.0,0.0014866956705240607,0.0,0.0014866956705240607,0.0,-0.0014866956705240607,-0.0014866956705240607,0.0,0.0,0.0,0.0,0.0,0.0,1.4874392662038926e-06,0.0,6.009826674620906,6.000962696598106,1.0581813203458523e-15,1.4409046872332354e-15,0.8014999422119404,0.0,-6.25,6.250000000000001,0.15811388300841892,0.15811388300841886,1.0350972339525185e-08,2.311517912942596e-06,0.006009832718733433,0.006,2.4394716395259586e-06,0.006000961228706145,0.006,0.3,0.0,0.29851330432947737,0.0
7539,7.539000000000001,7.54,-4.357471417608378,4.3672431611382025,0.004885871764912064,8.724714578746582,-0.10134327949782834,0.10092634789971827,1,1,-4.357471417608378,4.3672431611382025,-6.0,6.0,0.0,12.0,0.0014719028014379542,0.0,0.0014719028014379542,0.0,-0.0014719028014379542,-0.0014719028014379542,0.0,0.0,0.0,0.0,0.0,0.0,1.4726389982171484e-06,0.0,6.009766487276904,6.000977294125,1.497933721505973e-15,1.4010060472857688e-15,0.801499942195322,0.0,-6.25,6.250000000000001,0.15811388300841892,0.15811388300841886,1.0354205618289333e-08,2.3121826553479556e-06,0.006009772485294751,0.006,2.439310825679275e-06,0.00600097584100939,0.006,0.3,0.0,0.29852809719856344,0.0
7549,7.549,7.55,-4.3575353496058415,4.367223473112733,0.004844061753445761,8.724758822718574,-0.10133949217423166,0.1009264495740747,1,1,-4.3575353496058415,4.367223473112733,-6.0,6.0,0.0,12.0,0.0014572571238585816,0.0,0.0014572571238585816,0.0,-0.0014572571238585816,-0.0014572571238585816,0.0,0.0,0.0,0.0,0.0,0.0,1.4579859953574297e-06,0.0,6.009706759146081,6.000991744704122,9.790786074676677e-16,1.3897303446919196e-15,0.8014999421787707,0.0,-6.25,6.250000000000001,0.15811388300841892,0.15811388300841886,1.0357433376738355e-08,2.3128447019615712e-06,0.006009712711384199,0.006,2.43915100260228e-06,0.006000990306216769,0.006,0.3,0.0,0.2985427428761428,0.0
7559,7.559,7.5600000000000005,-4.357598809326193,4.367204003474442,0.004802597074124559,8.724802812800636,-0.10133573897074893,0.10092654988554745,1,1,-4.357598809326193,4.367204003474442,-6.0,6.0,0.0,12.0,0.0014427571732059795,0.0,0.0014427571732059795,0.0,-0.0014427571732059795,-0.0014427571732059795,0.0,0.0,0.0,0.0,0.0,0.0,1.4434787923122385e-06,0.0,6.0096474870880785,6.001006049808261,7.632783294297951e-16,1.5120283497482845e-15,0.8014999421622871,0.0,-6.25,6.250000000000001,0.15811388300841892,0.15811388300841886,1.036065552595408e-08,2.3135040445611286e-06,0.006009653393859757,0.006,2.43899216863408e-06,0.006001004625802551,0.006,0.3,0.0,0.2985572428267955,0.0
7569,7.569,7.57,-4.357661799708061,4.367184749750593,0.004761475021266115,8.724846549458654,-0.10133201959397875,0.10092664885318375,1,1,-4.357661799708061,4.367184749750593,-6.0,6.0,0.0,12.0,0.0014284014994729996,0.0,0.0014284014994729996,0.0,-0.0014284014994729996,-0.0014284014994729996,0.0,0.0,0.0,0.0,0.0,0.0,1.4291159383491815e-06,0.0,6.009588667979224,6.001020210895536,6.010816844259637e-16,1.4563003580825296e-15,0.8014999421458714,0.0,-6.25,6.250000000000001,0.15811388300841892,0.15811388300841886,1.0363871977737342e-08,2.3141606752485012e-06,0.006009594529596079,0.006,2.4388343220205224e-06,0.006001018801226313,0.006,0.3,0.0,0.29857159850052845,0.0
7579,7.579,7.58,-4.357724323679839,4.367165709497216,0.004720692908688484,8.724890033177054,-0.10132833375281952,0.10092674649575029,1,1,-4.357724323679839,4.367165709497216,-6.0,6.0,0.0,12.0,0.0014141886670803057,0.0,0.0014141886670803057,0.0,-0.0014141886670803057,-0.0014141886670803057,0.0,0.0,0.0,0.0,0.0,0.0,1.4148959971708935e-06,0.0,6.009530298712495,6.001034229409523,3.2612801348363973e-15,1.5417354892743873e-15,0.8014999421295236,0.0,-6.25,6.250000000000001,0.15811388300841892,0.15811388300841886,1.0367082644612244e-08,2.3148145864763913e-06,0.006009536115484478,0.006,2.438677460943062e-06,0.0060010328339330805,0.006,0.3,0.0,0.2985858113329212,0.0
7589,7.589,7.59,-4.357786384159586,4.3671468802987645,0.004680248069589332,8.72493326445835,-0.10132468115846144,0.10092684283174169,1,1,-4.357786384159586,4.3671468802987645,-6.0,6.0,0.0,12.0,0.0014001172547328145,0.0,0.0014001172547328145,0.0,-0.0014001172547328145,-0.0014001172547328145,0.0,0.0,0.0,0.0,0.0,0.0,1.4008175467714066e-06,0.0,6.009472376197509,6.001048106779423,8.500145032286355e-16,1.5998487257196103e-15,0.801499942113244,0.0,-6.25,6.250000000000001,0.15811388300841892,0.15811388300841886,1.0370287439830315e-08,2.315465771028349e-06,0.006009478148432911,0.006,2.4385215834832332e-06,0.00600104672535348,0.006,0.3,0.0,0.2985998827452688,0.0
7599,7.599,7.6000000000000005,-4.357847984054925,4.367128259767772,0.004640137856423365,8.724976243822697,-0.1013210615243676,0.10092693787937618,1,1,-4.357847984054925,4.367128259767772,-6.0,6.0,0.0,12.0,0.0013861858552775645,0.0,0.0013861858552775645,0.0,-0.0013861858552775645,-0.0013861858552775645,0.0,0.0,0.0,0.0,0.0,0.0,1.3868791792939488e-06,0.0,6.009414897360504,6.001061844420175,9.107298248878237e-16,1.6746586756211101e-15,0.8014999420970327,0.0,-6.25,6.250000000000001,0.15811388300841892,0.15811388300841886,1.0373486277374555e-08,2.316114222020992e-06,0.006009420625365954,0.006,2.4383666876648393e-06,0.006001060476903876,0.006,0.3,0.0,0.2986138141447241,0.0
7609,7.609,7.61,-4.35790912626295,4.367109845544513,0.004600359640781537,8.725018971807462,-0.10131747456626344,0.10092703165660966,1,1,-4.35790912626295,4.367109845544513,-6.0,6.0,0.0,12.0,0.001372393075563001,0.0,0.001372393075563001,0.0,-0.001372393075563001,-0.001372393075563001,0.0,0.0,0.0,0.0,0.0,0.0,1.3730795008901562e-06,0.0,6.0093578591443055,6.0010754437326215,4.935288289154016e-16,1.6386631634945914e-15,0.8014999420808899,0.0,-6.25,6.250000000000001,0.15811388300841892,0.15811388300841886,1.0376679071963404e-08,2.3167599329040047e-06,0.006009363543224776,0.006,2.438212771418424e-06,0.006001074089986515,0.006,0.3,0.0,0.2986276069244386,0.0
7619,7.619,7.62,-4.357969813670127,4.36709163529667,0.00456091081327159,8.725061448966796,-0.10131392000211625,0.10092712418113298,1,1,-4.357969813670127,4.36709163529667,-6.0,6.0,0.0,12.0,0.0013587375362996586,0.0,0.0013587375362996586,0.0,-0.0013587375362996586,-0.0013587375362996586,0.0,0.0,0.0,0.0,0.0,0.0,1.35941713158069e-06,0.0,6.009301258508321,6.00108890610364,7.86697096355482e-16,1.5983308426781306e-15,0.8014999420648158,0.0,-6.25,6.250000000000001,0.15811388300841892,0.15811388300841886,1.0379865739054584e-08,2.317402897442376e-06,0.006009306898967125,0.006,2.438059832623463e-06,0.006001087565989662,0.006,0.3,0.0,0.29864126246370193,0.0
7629,7.6290000000000004,7.63,-4.358030049152209,4.367073626719,0.004521788783395486,8.725103675871209,-0.10131039755212956,0.1009272154703772,1,1,-4.358030049152209,4.367073626719,-6.0,6.0,0.0,12.0,0.001345217871922231,0.0,0.001345217871922231,0.0,-0.001345217871922231,-0.001345217871922231,0.0,0.0,0.0,0.0,0.0,0.0,1.345890705117233e-06,0.0,6.0092450924285,6.001102232906277,9.818534874028728e-16,1.5189672436521917e-15,0.8014999420488105,0.0,-6.25,6.250000000000001,0.15811388300841892,0.15811388300841886,1.0383046194848854e-08,2.3180431097252797e-06,0.006009250689567299,0.006,2.437907869055067e-06,0.006001100906287742,0.006,0.3,0.0,0.2986547821280793,0.0
7639,7.639,7.640000000000001,-4.3580898355741455,4.367055817533014,0.004482990979434387,8.725145653107159,-0.10130690693872013,0.1009273055415219,1,1,-4.3580898355741455,4.367055817533014,-6.0,6.0,0.0,12.0,0.0013318327304530147,0.0,0.0013318327304530147,0.0,-0.0013318327304530147,-0.0013318327304530147,0.0,0.0,0.0,0.0,0.0,0.0,1.3324988688458673e-06,0.0,6.009189357897314,6.0011154254998935,1.403997767655471e-15,1.560383766641138e-15,0.8014999420328741,0.0,-6.25,6.250000000000001,0.15811388300841892,0.15811388300841886,1.038622035629366e-08,2.3186805641594147e-06,0.006009194912016119,0.006,2.4377568784417216e-06,0.006001114112241478,0.006,0.3,0.0,0.29866816726954853,0.0
7649,7.649,7.65,-4.3581491757899995,4.367038205486654,0.004444514848327419,8.725187381276655,-0.10130344788651074,0.10092739441149245,1,1,-4.3581491757899995,4.367038205486654,-6.0,6.0,0.0,12.0,0.001318580773366708,0.0,0.001318580773366708,0.0,-0.001318580773366708,-0.001318580773366708,0.0,0.0,0.0,0.0,0.0,0.0,1.3192402835718056e-06,0.0,6.009134051923733,6.00112848523029,1.1136924715771102e-15,1.6002824065886045e-15,0.8014999420170069,0.0,-6.25,6.250000000000001,0.15811388300841892,0.15811388300841886,1.0389388141086667e-08,2.31931525545346e-06,0.006009139563320903,0.006,2.437606858440855e-06,0.006001127185198019,0.006,0.3,0.0,0.2986814192266349,0.0
7659,7.659,7.66,-4.358208072642867,4.367020788353971,0.004406357855551768,8.725228860996838,-0.10130002012231187,0.10092748209696883,1,1,-4.358208072642867,4.367020788353971,-6.0,6.0,0.0,12.0,0.0013054606754565586,0.0,0.0013054606754565586,0.0,-0.0013054606754565586,-0.0013054606754565586,0.0,0.0,0.0,0.0,0.0,0.0,1.3061136234254713e-06,0.0,6.009079171533191,6.001141413429853,2.813721478034381e-15,1.719327805127513e-15,0.8014999420012088,0.0,-6.25,6.250000000000001,0.15811388300841892,0.15811388300841886,1.0392549467679227e-08,2.319947178629179e-06,0.0060090846405054426,0.006,2.4374578066232998e-06,0.006001140126491084,0.006,0.3,0.0,0.29869453932454515,0.0
7669,7.6690000000000005,7.67,-4.358266528964793,4.367003563934817,0.004368517485011658,8.72527009289961,-0.10129662337510892,0.10092756861438845,1,1,-4.358266528964793,4.367003563934817,-6.0,6.0,0.0,12.0,0.0012924711247018427,0.0,0.0012924711247018427,0.0,-0.0012924711247018427,-0.0012924711247018427,0.0,0.0,0.0,0.0,0.0,0.0,1.2931175757299117e-06,0.0,6.009024713767559,6.001154211417669,6.315155782208107e-16,1.7418792103152114e-15,0.80149994198548,0.0,-6.25,6.250000000000001,0.15811388300841892,0.15811388300841886,1.0395704255279692e-08,2.320576329008095e-06,0.006009030140609968,0.006,2.437309720528802e-06,0.0060011529374410936,0.006,0.3,0.0,0.2987075288752999,0.0
7679,7.679,7.68,-4.358324547576704,4.366986530054533,0.004330991238914894,8.725311077631236,-0.10129325737604916,0.1009276539799478,1,1,-4.358324547576704,4.366986530054533,-6.0,6.0,0.0,12.0,0.0012796108221366594,0.0,0.0012796108221366594,0.0,-0.0012796108221366594,-0.0012796108221366594,0.0,0.0,0.0,0.0,0.0,0.0,1.280250840869526e-06,0.0,6.008970675685123,6.001166880499684,1.7017637299332478e-15,1.8125691919612663e-15,0.8014999419698207,0.0,-6.25,6.250000000000001,0.15811388300841892,0.15811388300841886,1.0398852423856665e-08,2.3212027022137125e-06,0.006008976060691123,0.006,2.437162597599407e-06,0.006001165619355293,0.006,0.3,0.0,0.29872038917786514,0.0
7689,7.689,7.69,-4.358382131288324,4.366969684563644,0.004293776637660063,8.725351815851969,-0.101289921858424,0.10092773820960937,1,1,-4.358382131288324,4.366969684563644,-6.0,6.0,0.0,12.0,0.0012668784817200355,0.0,0.0012668784817200355,0.0,-0.0012668784817200355,-0.0012668784817200355,0.0,0.0,0.0,0.0,0.0,0.0,1.2675121321601065e-06,0.0,6.008917054360537,6.001179421968807,3.0224337843696297e-16,1.8433605336598546e-15,0.8014999419542309,0.0,-6.25,6.250000000000001,0.15811388300841892,0.15811388300841886,1.0401993894142123e-08,2.3218262941559746e-06,0.006008922397821926,0.006,2.437016435232753e-06,0.006001178173527894,0.006,0.3,0.0,0.2987331215182818,0.0
7699,7.699,7.7,-4.358439282898116,4.366953025337557,0.004256871219720182,8.725392308235673,-0.10128661655766008,0.10092782131910172,1,1,-4.358439282898116,4.366953025337557,-6.0,6.0,0.0,12.0,0.0012542728302073194,0.0,0.0012542728302073194,0.0,-0.0012542728302073194,-0.0012542728302073194,0.0,0.0,0.0,0.0,0.0,0.0,1.2549001757201668e-06,0.0,6.0088638468848075,6.00119183710506,8.621575675604731e-16,1.8587562045091488e-15,0.8014999419387107,0.0,-6.25,6.250000000000001,0.15811388300841892,0.15811388300841886,1.0405128587634458e-08,2.322447101040144e-06,0.006008869149091751,0.006,2.4368712307643036e-06,0.006001190601240199,0.006,0.3,0.0,0.29874572716979453,0.0
7709,7.7090000000000005,7.71,-4.358496005193203,4.366936550276259,0.004220272541528125,8.725432555469462,-0.10128334121130039,0.1009279033239266,1,1,-4.358496005193203,4.366936550276259,-6.0,6.0,0.0,12.0,0.0012417926070228552,0.0,0.0012417926070228552,0.0,-0.0012417926070228552,-0.0012417926070228552,0.0,0.0,0.0,0.0,0.0,0.0,1.242413710343553e-06,0.0,6.008811050365249,6.001204127175686,9.362865029723805e-16,1.957852283074324e-15,0.8014999419232602,0.0,-6.25,6.250000000000001,0.15811388300841892,0.15811388300841886,1.0408256426601388e-08,2.3230651193534796e-06,0.0060088163116062835,0.006,2.4367269814584704e-06,0.006001202903760721,0.006,0.3,0.0,0.2987582073929791,0.0
7719,7.719,7.72,-4.3585523009493095,4.366920257304031,0.004183978177360714,8.72547255825334,-0.10128009555899375,0.10092798423935956,1,1,-4.3585523009493095,4.366920257304031,-6.0,6.0,0.0,12.0,0.0012294365641339236,0.0,0.0012294365641339236,0.0,-0.0012294365641339236,-0.0012294365641339236,0.0,0.0,0.0,0.0,0.0,0.0,1.2300514873733215e-06,0.0,6.008758661925459,6.001216293435293,9.087003339462024e-16,1.876537120137911e-15,0.8014999419078795,0.0,-6.25,6.250000000000001,0.15811388300841892,0.15811388300841886,1.0411377334082787e-08,2.3236803458696793e-06,0.00600876388248749,0.006,2.436583684535254e-06,0.006001215082345331,0.006,0.3,0.0,0.29877056343586794,0.0
7729,7.729,7.73,-4.358608172930698,4.36690414436915,0.004147985719226366,8.725512317299849,-0.10127687934247898,0.10092806408045607,1,1,-4.358608172930698,4.36690414436915,-6.0,6.0,0.0,12.0,0.0012172034659259391,0.0,0.0012172034659259391,0.0,-0.0012172034659259391,-0.0012172034659259391,0.0,0.0,0.0,0.0,0.0,0.0,1.2178122705768735e-06,0.0,6.008706678705266,6.001228337125969,1.6915027728102092e-15,1.917519962257863e-15,0.8014999418925688,0.0,-6.25,6.250000000000001,0.15811388300841892,0.15811388300841886,1.0414491233893389e-08,2.324292777635556e-06,0.006008711858873584,0.006,2.436441337152484e-06,0.0060012271382373595,0.006,0.3,0.0,0.29878279653407597,0.0
7739,7.739,7.74,-4.358663623890103,4.366888209443606,0.004112292776751403,8.725551833333709,-0.10127369230557154,0.1009281428620512,1,1,-4.358663623890103,4.366888209443606,-6.0,6.0,0.0,12.0,0.0012050920890788871,0.0,0.0012050920890788871,0.0,-0.0012050920890788871,-0.0012050920890788871,0.0,0.0,0.0,0.0,0.0,0.0,1.2056948360223304e-06,0.0,6.008655097860721,6.00124025947741,1.2455314557513475e-15,1.95590071916385e-15,0.8014999418773279,0.0,-6.25,6.250000000000001,0.15811388300841892,0.15811388300841886,1.041759805062542e-08,2.3249024119665967e-06,0.00600866023791899,0.006,2.436299936414699e-06,0.006001239072667738,0.006,0.3,0.0,0.29879490791092306,0.0
7749,7.7490000000000006,7.75,-4.358718656568682,4.3668724505228145,0.004076896977066369,8.725591107091496,-0.10127053419414944,0.1009282205987666,1,1,-4.358718656568682,4.3668724505228145,-6.0,6.0,0.0,12.0,0.0011931012224449895,0.0,0.0011931012224449895,0.0,-0.0011931012224449895,-0.0011931012224449895,0.0,0.0,0.0,0.0,0.0,0.0,1.1936979719561383e-06,0.0,6.008603916564034,6.001252061707039,1.7036610837350974e-15,1.895835918808153e-15,0.801499941862157,0.0,-6.25,6.250000000000001,0.15811388300841892,0.15811388300841886,1.0420697709651089e-08,2.325509246462507e-06,0.006008609016794306,0.006,2.4361594793642637e-06,0.0060012508868551116,0.006,0.3,0.0,0.2988068987775569,0.0
7759,7.759,7.76,-4.358773273695951,4.366856865625343,0.0040417959646963375,8.725630139321293,-0.10126740475614043,0.10092829730501351,1,1,-4.358773273695951,4.366856865625343,-6.0,6.0,0.0,12.0,0.0011812296669275913,0.0,0.0011812296669275913,0.0,-0.0011812296669275913,-0.0011812296669275913,0.0,0.0,0.0,0.0,0.0,0.0,1.181820478681894e-06,0.0,6.008553132003549,6.001263745020134,1.0408340855860843e-15,1.9595870065503007e-15,0.8014999418470562,0.0,-6.25,6.250000000000001,0.15811388300841892,0.15811388300841886,1.0423790137125e-08,2.3261132789761226e-06,0.006008558192686267,0.006,2.436019963008018e-06,0.006001262582005969,0.006,0.3,0.0,0.29881877033307436,0.0
7769,7.769,7.7700000000000005,-4.358827477989738,4.366841452792627,0.004006987401444562,8.725668930782366,-0.10126430374150619,0.10092837299499252,1,1,-4.358827477989738,4.366841452792627,-6.0,6.0,0.0,12.0,0.0011694762353612472,0.0,0.0011694762353612472,0.0,-0.0011694762353612472,-0.0011694762353612472,0.0,0.0,0.0,0.0,0.0,0.0,1.1700611684403718e-06,0.0,6.008502741383707,6.001275310609945,1.174999022233482e-15,2.0124960725675933e-15,0.8014999418320254,0.0,-6.25,6.250000000000001,0.15811388300841892,0.15811388300841886,1.0426875259986441e-08,2.3267145076267335e-06,0.006008507762797703,0.006,2.435881384286187e-06,0.00600127415931475,0.006,0.3,0.0,0.29883052376464075,0.0
7779,7.779,7.78,-4.358881272156132,4.366826210088705,0.00397246896628678,8.725707482244836,-0.10126123090223149,0.10092844768269965,1,1,-4.358881272156132,4.366826210088705,-6.0,6.0,0.0,12.0,0.0011578397523930059,0.0,0.0011578397523930059,0.0,-0.0011578397523930059,-0.0011578397523930059,0.0,0.0,0.0,0.0,0.0,0.0,1.1584188652907476e-06,0.0,6.008452741925,6.001286759657811,3.6339407503103993e-16,1.9736816347926123e-15,0.8014999418170649,0.0,-6.25,6.250000000000001,0.15811388300841892,0.15811388300841886,1.0429953005961608e-08,2.3273129307867617e-06,0.006008457724347504,0.006,2.435743740094587e-06,0.006001285619963988,0.006,0.3,0.0,0.29884216024760896,0.0
7789,7.789000000000001,7.79,-4.358934658889425,4.366811135599941,0.0039382383552579725,8.725745794489367,-0.10125818599230618,0.10092852138193165,1,1,-4.358934658889425,4.366811135599941,-6.0,6.0,0.0,12.0,0.0011463190543648737,0.0,0.0011463190543648737,0.0,-0.0011463190543648737,-0.0011463190543648737,0.0,0.0,0.0,0.0,0.0,0.0,1.1468924049930048e-06,0.0,6.008403130863935,6.001298093333283,1.4085954624931674e-15,1.9639238152402427e-15,0.8014999418021745,0.0,-6.25,6.250000000000001,0.15811388300841892,0.15811388300841886,1.043302330356566e-08,2.327908547090641e-06,0.006008408074570578,0.006,2.435607027282405e-06,0.006001296965124402,0.006,0.3,0.0,0.2988536809456371,0.0
7799,7.799,7.8,-4.3589876408720825,4.366796227434764,0.003904293281340898,8.725783868306847,-0.10125516876771712,0.10092859410628208,1,1,-4.3589876408720825,4.366796227434764,-6.0,6.0,0.0,12.0,0.001134912989197447,0.0,0.001134912989197447,0.0,-0.001134912989197447,-0.001134912989197447,0.0,0.0,0.0,0.0,0.0,0.0,1.1354806348915081e-06,0.0,6.008353905452995,6.0013093127942305,8.621575675604731e-16,1.900172727498095e-15,0.8014999417873543,0.0,-6.25,6.250000000000001,0.15811388300841892,0.15811388300841886,1.0436086082104737e-08,2.328501355421497e-06,0.006008358810717807,0.006,2.4354712426499782e-06,0.0060013081959550294,0.006,0.3,0.0,0.29886508701080444,0.0
7809,7.809,7.8100000000000005,-4.3590402207746815,4.366781483723405,0.00387063147436173,8.725821704498086,-0.10125217898642846,0.10092866586915189,1,1,-4.3590402207746815,4.366781483723405,-6.0,6.0,0.0,12.0,0.0011236204162747034,0.0,0.0011236204162747034,0.0,-0.0011236204162747034,-0.0011236204162747034,0.0,0.0,0.0,0.0,0.0,0.0,1.1241824137997372e-06,0.0,6.008305062960585,6.001320419186975,1.263746052249104e-15,1.8620088110266053e-15,0.8014999417726043,0.0,-6.25,6.250000000000001,0.15811388300841892,0.15811388300841886,1.0439141271677833e-08,2.329091354897822e-06,0.006008309930056015,0.006,2.4353363829576756e-06,0.0060013193136033375,0.006,0.3,0.0,0.29887637958372715,0.0
7819,7.819,7.82,-4.359092401255882,4.366766902617632,0.0038372506808750373,8.725859303873515,-0.10124921640837392,0.10092873668374719,1,1,-4.359092401255882,4.366766902617632,-6.0,6.0,0.0,12.0,0.0011124402063299411,0.0,0.0011124402063299411,0.0,-0.0011124402063299411,-0.0011124402063299411,0.0,0.0,0.0,0.0,0.0,0.0,1.112996611886168e-06,0.0,6.008256600671011,6.00133141364639,1.6679366221517e-15,1.883042333172824e-15,0.8014999417579245,0.0,-6.25,6.250000000000001,0.15811388300841892,0.15811388300841886,1.0442188803178575e-08,2.32967854489124e-06,0.00600826142986791,0.006,2.435202444923679e-06,0.0060013303192053375,0.006,0.3,0.0,0.29888755979367193,0.0
7829,7.829,7.83,-4.359144184962381,4.366752482290502,0.003804148664060314,8.725896667252883,-0.10124628079544007,0.10092880656308562,1,1,-4.359144184962381,4.366752482290502,-6.0,6.0,0.0,12.0,0.0011013712413328485,0.0,0.0011013712413328485,0.0,-0.0011013712413328485,-0.0011013712413328485,0.0,0.0,0.0,0.0,0.0,0.0,1.1019221105612882e-06,0.0,6.008208515884412,6.0013422972960155,7.901665433074356e-16,1.8756697583999227e-15,0.8014999417433151,0.0,-6.25,6.250000000000001,0.15811388300841892,0.15811388300841886,1.0445228608296905e-08,2.330262925010963e-06,0.006008213307452057,0.006,2.435069425208436e-06,0.006001341213885704,0.006,0.3,0.0,0.298898628758669,0.0
7839,7.839,7.84,-4.359195574528876,4.3667382209360985,0.0037713232036113986,8.725933795464975,-0.10124337191145055,0.10092887551999663,1,1,-4.359195574528876,4.3667382209360985,-6.0,6.0,0.0,12.0,0.001090412414377702,0.0,0.001090412414377702,0.0,-0.001090412414377702,-0.001090412414377702,0.0,0.0,0.0,0.0,0.0,0.0,1.0909578023657364e-06,0.0,6.008160805916734,6.001353071248179,6.15032317067242e-16,1.8500825871292648e-15,0.8014999417287758,0.0,-6.25,6.250000000000001,0.15811388300841892,0.15811388300841886,1.0448260619520662e-08,2.3308444951015715e-06,0.006008165560122821,0.006,2.4349373204368696e-06,0.006001351998757877,0.006,0.3,0.0,0.29890958758562414,0.0
7849,7.849,7.8500000000000005,-4.359246572578027,4.36672411676929,0.0037387720956312265,8.725970689347317,-0.10124048952215803,0.10092894356712678,1,1,-4.359246572578027,4.36672411676929,-6.0,6.0,0.0,12.0,0.0010795626295726731,0.0,0.0010795626295726731,0.0,-0.0010795626295726731,-0.0010795626295726731,0.0,0.0,0.0,0.0,0.0,0.0,1.0801025908595552e-06,0.0,6.0081134680996815,6.0013637366041,2.5105633040143835e-16,1.854853076688201e-15,0.8014999417143067,0.0,-6.25,6.250000000000001,0.15811388300841892,0.15811388300841886,1.0451284770137041e-08,2.3314232552341305e-06,0.00600811818521033,0.006,2.4348061272072565e-06,0.006001362674924182,0.006,0.3,0.0,0.29892043737042917,0.0
7859,7.859,7.86,-4.3592971817204305,4.366710168025477,0.0037064931525234712,8.726007349745908,-0.10123763339522807,0.10092901071693888,1,1,-4.3592971817204305,4.366710168025477,-6.0,6.0,0.0,12.0,0.0010688208019302393,0.0,0.0010688208019302393,0.0,-0.0010688208019302393,-0.0010688208019302393,0.0,0.0,0.0,0.0,0.0,0.0,1.069355390512548e-06,0.0,6.0080664997806625,6.001374294454003,5.540976138747149e-16,1.9118821109609385e-15,0.801499941699908,0.0,-6.25,6.250000000000001,0.15811388300841892,0.15811388300841886,1.0454300994233973e-08,2.331999205719515e-06,0.006008071180060427,0.006,2.4346758420623615e-06,0.006001373243475938,0.006,0.3,0.0,0.29893117919807166,0.0
7869,7.869,7.87,-4.359347404554576,4.366696372960353,0.003674484202888628,8.72604377751493,-0.10123480330022583,0.10092907698171866,1,1,-4.359347404554576,4.366696372960353,-6.0,6.0,0.0,12.0,0.001058185857258686,0.0,0.001058185857258686,0.0,-0.001058185857258686,-0.001058185857258686,0.0,0.0,0.0,0.0,0.0,0.0,1.058715126595725e-06,0.0,6.008019898322756,6.0013847458772185,1.2793585635328952e-15,1.9866920608624383e-15,0.8014999416855795,0.0,-6.25,6.250000000000001,0.15811388300841892,0.15811388300841886,1.0457309226701395e-08,2.332572347077321e-06,0.0060080245420346245,0.006,2.4345464615138644e-06,0.006001383705493561,0.006,0.3,0.0,0.2989418141427433,0.0
7879,7.8790000000000004,7.88,-4.359397243666828,4.366682729849659,0.0036427430914156567,8.726079973516487,-0.1012319990086008,0.10092914237357586,1,1,-4.359397243666828,4.366682729849659,-6.0,6.0,0.0,12.0,0.0010476567320546828,0.0,0.0010476567320546828,0.0,-0.0010476567320546828,-0.0010476567320546828,0.0,0.0,0.0,0.0,0.0,0.0,1.0481807350738268e-06,0.0,6.007973661104652,6.001395091942307,1.169203622808368e-15,1.9786689647860456e-15,0.8014999416713211,0.0,-6.25,6.250000000000001,0.15811388300841892,0.15811388300841886,1.0460309403232408e-08,2.333142680053632e-06,0.006007978268510056,0.006,2.434417982035697e-06,0.006001394062046681,0.006,0.3,0.0,0.2989523432679473,0.0
7889,7.889,7.890000000000001,-4.3594467016313905,4.366669236988947,0.003611267678778063,8.726115938620337,-0.10122922029367848,0.10092920690444679,1,1,-4.3594467016313905,4.366669236988947,-6.0,6.0,0.0,12.0,0.001037232373396935,0.0,0.001037232373396935,0.0,-0.001037232373396935,-0.001037232373396935,0.0,0.0,0.0,0.0,0.0,0.0,1.0377511624989224e-06,0.0,6.007927785520618,6.001405333707153,1.3815005725763968e-15,1.9543828361223703e-15,0.801499941657133,0.0,-6.25,6.250000000000001,0.15811388300841892,0.15811388300841886,1.0463301460324352e-08,2.3337102056210165e-06,0.006007932356879432,0.006,2.4342904000662634e-06,0.006001404314194248,0.006,0.3,0.0,0.298962767626605,0.0
7899,7.899,7.9,-4.359495781010283,4.366655892693348,0.0035800558415326478,8.726151673703631,-0.10122646693064286,0.10092927058609563,1,1,-4.359495781010283,4.366655892693348,-6.0,6.0,0.0,12.0,0.0010269117388408907,0.0,0.0010269117388408907,0.0,-0.0010269117388408907,-0.0010269117388408907,0.0,0.0,0.0,0.0,0.0,0.0,1.0274253659050643e-06,0.0,6.00788226898044,6.001415472219071,6.401129626354418e-16,1.8815244501313444e-15,0.801499941643015,0.0,-6.25,6.250000000000001,0.15811388300841892,0.15811388300841886,1.0466285335279759e-08,2.3342749249541033e-06,0.006007886804550985,0.006,2.434163712006221e-06,0.006001414462984628,0.006,0.3,0.0,0.298973088261161,0.0
7909,7.909,7.91,-4.359544484353319,4.366642695297338,0.003549105472009373,8.726187179650656,-0.10122373869652479,0.10092933343012034,1,1,-4.359544484353319,4.366642695297338,-6.0,6.0,0.0,12.0,0.001016693796314493,0.0,0.001016693796314493,0.0,-0.001016693796314493,-0.001016693796314493,0.0,0.0,0.0,0.0,0.0,0.0,1.0172023127039872e-06,0.0,6.007837108909377,6.001425508514918,5.813449697219912e-16,1.853118353212224e-15,0.8014999416289671,0.0,-6.25,6.250000000000001,0.15811388300841892,0.15811388300841886,1.0469260966207228e-08,2.3348368394473477e-06,0.006007841608948435,0.006,2.434037914236242e-06,0.006001424509455721,0.006,0.3,0.0,0.29898330620368735,0.0
7919,7.9190000000000005,7.92,-4.359592814198079,4.366629643154505,0.0035184144782132165,8.726222457352584,-0.10122103537018923,0.10092939544795287,1,1,-4.359592814198079,4.366629643154505,-6.0,6.0,0.0,12.0,0.0010065775240149745,0.0,0.0010065775240149745,0.0,-0.0010065775240149745,-0.0010065775240149745,0.0,0.0,0.0,0.0,0.0,0.0,1.0070809805818518e-06,0.0,6.007792302748114,6.001435443621194,4.079785012427173e-16,1.855286757557195e-15,0.8014999416149893,0.0,-6.25,6.250000000000001,0.15811388300841892,0.15811388300841886,1.0472228292022182e-08,2.335395950686162e-06,0.006007796767510922,0.006,2.4339130030837097e-06,0.0060014344546350535,0.006,0.3,0.0,0.29899342247598687,0.0
7929,7.929,7.930000000000001,-4.359640773069894,4.366616734637331,0.0034879807837184806,8.726257507707224,-0.10121835673232354,0.10092945665086117,1,1,-4.359640773069894,4.366616734637331,-6.0,6.0,0.0,12.0,0.0009965619103066746,0.0,0.0009965619103066746,0.0,-0.0009965619103066746,-0.0009965619103066746,0.0,0.0,0.0,0.0,0.0,0.0,9.970603573970116e-07,0.0,6.007747847952709,6.001445278554141,1.5152784151668992e-15,1.7251824968589347e-15,0.8014999416010815,0.0,-6.25,6.250000000000001,0.15811388300841892,0.15811388300841886,1.047518725244753e-08,2.335952260484666e-06,0.00600775227769297,0.006,2.4337889748671236e-06,0.006001444299539894,0.006,0.3,0.0,0.29900343808969504,0.0
7939,7.939,7.94,-4.359688363481825,4.366603968136961,0.0034578023275679826,8.726292331618787,-0.10121570256541923,0.10092951704995246,1,1,-4.359688363481825,4.366603968136961,-6.0,6.0,0.0,12.0,0.0009866459536198764,0.0,0.0009866459536198764,0.0,-0.0009866459536198764,-0.0009866459536198764,0.0,0.0,0.0,0.0,0.0,0.0,9.871394410787972e-07,0.0,6.007703741994544,6.001455014319853,4.805184028455756e-16,1.7392771251012462e-15,0.8014999415872438,0.0,-6.25,6.250000000000001,0.15811388300841892,0.15811388300841886,1.0478137788014238e-08,2.3365057708301744e-06,0.006007708136964434,0.006,2.4336658258539148e-06,0.006001454045177343,0.006,0.3,0.0,0.29901335404638185,0.0
7949,7.949,7.95,-4.359735587934645,4.366591342062987,0.0034278770641713585,8.726326929997633,-0.10121307265376578,0.1009295766561763,1,1,-4.359735587934645,4.366591342062987,-6.0,6.0,0.0,12.0,0.0009768286623506478,0.0,0.0009768286623506478,0.0,-0.0009768286623506478,-0.0009768286623506478,0.0,0.0,0.0,0.0,0.0,0.0,9.773172395273095e-07,0.0,6.007659982360278,6.001464651914363,1.2498682644412895e-15,1.7091363047061492e-15,0.8014999415734759,0.0,-6.25,6.250000000000001,0.15811388300841892,0.15811388300841886,1.0481079840061788e-08,2.337056483927606e-06,0.006007664342810445,0.006,2.43354355230041e-06,0.0060014636925444335,0.006,0.3,0.0,0.29902317133765105,0.0
7959,7.9590000000000005,7.96,-4.3597824489168255,4.366578854843226,0.0033982029632002586,8.72636130376005,-0.1012104667834346,0.10092963548032713,1,1,-4.3597824489168255,4.366578854843226,-6.0,6.0,0.0,12.0,0.0009671090547616809,0.0,0.0009671090547616809,0.0,-0.0009671090547616809,-0.0009671090547616809,0.0,0.0,0.0,0.0,0.0,0.0,9.675927705142086e-07,0.0,6.007616566551786,6.001474192323758,8.040443311152501e-16,1.7405781677082288e-15,0.801499941559778,0.0,-6.25,6.250000000000001,0.15811388300841892,0.15811388300841886,1.0484013350738553e-08,2.337604402163956e-06,0.006007620892731358,0.006,2.433422150416309e-06,0.006001473242628249,0.006,0.3,0.0,0.29903289094524005,0.0
7969,7.969,7.97,-4.3598289489045206,4.366566504923507,0.0033687780094933117,8.726395453828028,-0.10120788474226511,0.10092969353304393,1,1,-4.3598289489045206,4.366566504923507,-6.0,6.0,0.0,12.0,0.0009574861588841172,0.0,0.0009574861588841172,0.0,-0.0009574861588841172,-0.0009574861588841172,0.0,0.0,0.0,0.0,0.0,0.0,9.579650615844891e-07,0.0,6.0075734920861175,6.00148363652427,9.211381657436846e-16,1.813653394133752e-15,0.8014999415461498,0.0,-6.25,6.250000000000001,0.15811388300841892,0.15811388300841886,1.0486938263002056e-08,2.3381495281193992e-06,0.006007577784242709,0.006,2.4333016164135304e-06,0.006001482696405999,0.006,0.3,0.0,0.2990425138411177,0.0
7979,7.979,7.98,-4.359875090361555,4.36655429076746,0.0033396002029522087,8.726429381129016,-0.10120532631985452,0.10092975082481498,1,1,-4.359875090361555,4.36655429076746,-6.0,6.0,0.0,12.0,0.0009479590124203499,0.0,0.0009479590124203499,0.0,-0.0009479590124203499,-0.0009479590124203499,0.0,0.0,0.0,0.0,0.0,0.0,9.48433149959235e-07,0.0,6.007530756495438,6.0014929854823755,1.2516139993455806e-15,1.7854641376491287e-15,0.8014999415325914,0.0,-6.25,6.250000000000001,0.15811388300841892,0.15811388300841886,1.0489854520619153e-08,2.3386918645628494e-06,0.0060075350148751545,0.006,2.4331819464440407e-06,0.006001492054845129,0.006,0.3,0.0,0.2990520409875814,0.0
7989,7.989,7.99,-4.359920875739418,4.3665422108563,0.003310667558441338,8.726463086595718,-0.10120279130754278,0.1009298073659809,1,1,-4.359920875739418,4.3665422108563,-6.0,6.0,0.0,12.0,0.0009385266626477929,0.0,0.0009385266626477929,0.0,-0.0009385266626477929,-0.0009385266626477929,0.0,0.0,0.0,0.0,0.0,0.0,9.389960824393404e-07,0.0,6.00748835732698,6.001502240154892,1.4832758163537373e-15,1.8597319864643858e-15,0.8014999415191026,0.0,-6.25,6.250000000000001,0.15811388300841892,0.15811388300841886,1.0492762068166103e-08,2.339231414447518e-06,0.006007492582174419,0.006,2.4330631366642485e-06,0.0060015013189034195,0.006,0.3,0.0,0.29906147333735406,0.0
7999,7.9990000000000006,8.0,-4.3599663074772455,4.366530263688629,0.003281978105691863,8.726496571165875,-0.10120027949840182,0.10092986316673436,1,1,-4.3599663074772455,4.366530263688629,-6.0,6.0,0.0,12.0,0.0009291881663236089,0.0,0.0009291881663236089,0.0,-0.0009291881663236089,-0.0009291881663236089,0.0,0.0,0.0,0.0,0.0,0.0,9.296529153101892e-07,0.0,6.007446292142982,6.001511401489071,1.3773704399255848e-15,1.849540486043022e-15,0.8014999415056835,0.0,-6.25,6.250000000000001,0.15811388300841892,0.15811388300841886,1.0495660851028553e-08,2.3397681809020297e-06,0.006007450483701248,0.006,2.4329451831817116e-06,0.006001510489529077,0.006,0.3,0.0,0.29907081183367823,0.0
