step,u_start,u_end,p_b,p_a,midpoint,spread,slope_b,slope_a,crossings_b,crossings_a,pre_p_b,pre_p_a,q_b,q_a,mu,Sigma,Q_B_quote,Q_A_quote,Q_B_post,Q_A_post,I_quote,I_post,requested_sell,requested_buy,executed_sell,executed_buy,unfilled_sell,unfilled_buy,due_bid,due_ask,mass_bid,mass_ask,budget_error,ledger_error,positivity_load,min_density,source_centroid_b,source_centroid_a,source_std_b,source_std_a,matched_volume,boundary_flux_bid,cancelled_bid,external_bid,boundary_flux_ask,cancelled_ask,external_ask,cumulative_buy,cumulative_sell,cumulative_completed_bid,cumulative_completed_ask
0,0,0,-4.390565517183877,4.390565517183876,-4.440892098500626e-16,8.781131034367753,-0.1009452389104154,0.1009452389104154,1,1,-4.390565517183877,4.390565517183876,-6.0,6.0,0.0,12.0,0,0,0,0,0,0,0,0,0,0,0,0,0,0,6.002437796426928,6.002437796426928,0,0,0,0,0,0,0,0,0,0,0,0,0,0,0,0,0,0,0
39,0.00975,0.01,-4.39056551623431,4.390565516234309,-4.440892098500626e-16,8.781131032468618,-0.10094523891580331,0.10094523891580331,1,1,-4.39056551623431,4.390565516234309,-6.0,6.0,0.0,12.0,0.0,0.0,0.0,0.0,0.0,0.0,0.0,0.0,0.0,0.0,0.0,0.0,0.0,0.0,6.002437797446639,6.002437797446639,5.683387788169014e-16,0.0,0.8003749923488837,0.0,-6.25,6.25,0.14415703243338493,0.1441570324333851,2.6135159360517197e-09,6.120882355344744e-07,0.0015006094493553186,0.0015,6.120882355342694e-07,0.0015006094493553188,0.0015,0.0,0.0,0.0,0.0
79,0.01975,0.02,-4.390565515294617,4.390565515294616,-4.440892098500626e-16,8.781131030589233,-0.10094523892112406,0.10094523892112406,1,1,-4.390565515294617,4.390565515294616,-6.0,6.0,0.0,12.0,0.0,0.0,0.0,0.0,0.0,0.0,0.0,0.0,0.0,0.0,0.0,0.0,0.0,0.0,6.002437798455844,6.002437798455844,5.043708506402567e-16,0.0,0.8003749923488838,0.0,-6.25,6.25,0.14415703243338493,0.1441570324333851,2.6135183324353137e-09,6.120882289882808e-07,0.0015006094496076853,0.0015,6.120882289883945e-07,0.0015006094496076853,0.0015,0.0,0.0,0.0,0.0
119,0.029750000000000002,0.03,-4.390565514364695,4.390565514364695,0.0,8.78113102872939,-0.10094523892637985,0.10094523892637985,1,1,-4.390565514364695,4.390565514364695,-6.0,6.0,0.0,12.0,0.0,0.0,0.0,0.0,0.0,0.0,0.0,0.0,0.0,0.0,0.0,0.0,0.0,0.0,6.002437799454652,6.002437799454652,6.62013846519649e-16,0.0,0.8003749923488838,0.0,-6.25,6.25,0.14415703243338493,0.1441570324333851,2.6135207072641253e-09,6.12088222512171e-07,0.0015006094498574518,0.0015,6.120882225124636e-07,0.0015006094498574518,0.0015,0.0,0.0,0.0,0.0
159,0.03975,0.04,-4.390565513444444,4.390565513444444,0.0,8.781131026888888,-0.1009452389315707,0.1009452389315707,1,1,-4.390565513444444,4.390565513444444,-6.0,6.0,0.0,12.0,0.0,0.0,0.0,0.0,0.0,0.0,0.0,0.0,0.0,0.0,0.0,0.0,0.0,0.0,6.00243780044317,6.002437800443171,8.203073637025327e-16,0.0,0.8003749923488839,0.0,-6.25,6.25,0.14415703243338493,0.1441570324333851,2.6135230607281227e-09,6.120882161050345e-07,0.0015006094501046454,0.0015,6.120882161053665e-07,0.0015006094501046454,0.0015,0.0,0.0,0.0,0.0
199,0.04975,0.05,-4.390565512533762,4.390565512533761,-4.440892098500626e-16,8.781131025067523,-0.10094523893669716,0.10094523893669716,1,1,-4.390565512533762,4.390565512533761,-6.0,6.0,0.0,12.0,0.0,0.0,0.0,0.0,0.0,0.0,0.0,0.0,0.0,0.0,0.0,0.0,0.0,0.0,6.002437801421503,6.002437801421504,1.005705935197554e-15,0.0,0.800374992348884,0.0,-6.25,6.25,0.14415703243338493,0.1441570324333851,2.6135253930156417e-09,6.120882097679796e-07,0.0015006094503492921,0.0015,6.120882097682134e-07,0.0015006094503492921,0.0015,0.0,0.0,0.0,0.0
239,0.059750000000000004,0.06,-4.390565511632549,4.390565511632549,0.0,8.781131023265099,-0.10094523894176255,0.10094523894176255,1,1,-4.390565511632549,4.390565511632549,-6.0,6.0,0.0,12.0,0.0,0.0,0.0,0.0,0.0,0.0,0.0,0.0,0.0,0.0,0.0,0.0,0.0,0.0,6.0024378023897595,6.002437802389759,3.5952144039619327e-16,0.0,0.8003749923488841,0.0,-6.25,6.25,0.14415703243338493,0.1441570324333851,2.6135277043133997e-09,6.120882034976752e-07,0.0015006094505914187,0.0015,6.120882034976738e-07,0.0015006094505914185,0.0015,0.0,0.0,0.0,0.0
279,0.06975,0.07,-4.390565510740708,4.390565510740708,0.0,8.781131021481416,-0.10094523894676521,0.10094523894676521,1,1,-4.390565510740708,4.390565510740708,-6.0,6.0,0.0,12.0,0.0,0.0,0.0,0.0,0.0,0.0,0.0,0.0,0.0,0.0,0.0,0.0,0.0,0.0,6.0024378033480374,6.0024378033480374,2.0599841277224584e-16,0.0,0.8003749923488841,0.0,-6.25,6.25,0.14415703243338493,0.1441570324333851,2.6135299948065086e-09,6.120881972952299e-07,0.0015006094508310502,0.0015,6.120881972948578e-07,0.0015006094508310502,0.0015,0.0,0.0,0.0,0.0
319,0.07975,0.08,-4.390565509858141,4.390565509858141,0.0,8.781131019716282,-0.10094523895170626,0.10094523895170626,1,1,-4.390565509858141,4.390565509858141,-6.0,6.0,0.0,12.0,0.0,0.0,0.0,0.0,0.0,0.0,0.0,0.0,0.0,0.0,0.0,0.0,0.0,0.0,6.002437804296445,6.002437804296445,2.25730892311482e-16,0.0,0.8003749923488842,0.0,-6.25,6.25,0.14415703243338493,0.1441570324333851,2.613532264678489e-09,6.120881911595326e-07,0.0015006094510682136,0.0015,6.120881911597653e-07,0.0015006094510682136,0.0015,0.0,0.0,0.0,0.0
359,0.08975,0.09,-4.390565508984753,4.390565508984752,-4.440892098500626e-16,8.781131017969503,-0.1009452389565868,0.1009452389565868,1,1,-4.390565508984753,4.390565508984752,-6.0,6.0,0.0,12.0,0.0,0.0,0.0,0.0,0.0,0.0,0.0,0.0,0.0,0.0,0.0,0.0,0.0,0.0,6.002437805235079,6.002437805235079,9.833713704443525e-16,0.0,0.8003749923488843,0.0,-6.25,6.25,0.14415703243338493,0.1441570324333851,2.6135345141112835e-09,6.12088185088362e-07,0.0015006094513029331,0.0015,6.120881850879556e-07,0.0015006094513029331,0.0015,0.0,0.0,0.0,0.0
399,0.09975,0.1,-4.390565508120445,4.390565508120445,0.0,8.78113101624089,-0.10094523896140628,0.10094523896140628,1,1,-4.390565508120445,4.390565508120445,-6.0,6.0,0.0,12.0,0.0,0.0,0.0,0.0,0.0,0.0,0.0,0.0,0.0,0.0,0.0,0.0,0.0,0.0,6.002437806164046,6.002437806164045,6.31873026124552e-16,0.0,0.8003749923488843,0.0,-6.25,6.25,0.14415703243338493,0.1441570324333851,2.6135367432852665e-09,6.120881790839373e-07,0.0015006094515352345,0.0015,6.120881790838695e-07,0.0015006094515352345,0.0015,0.0,0.0,0.0,0.0
439,0.10975,0.11,-4.390565507265126,4.3905655072651255,-4.440892098500626e-16,8.781131014530253,-0.10094523896616803,0.10094523896616803,1,1,-4.390565507265126,4.3905655072651255,-6.0,6.0,0.0,12.0,0.0,0.0,0.0,0.0,0.0,0.0,0.0,0.0,0.0,0.0,0.0,0.0,0.0,0.0,6.002437807083441,6.002437807083442,1.5462891383988264e-15,0.0,0.8003749923488844,0.0,-6.25,6.25,0.14415703243338493,0.1441570324333851,2.613538952379263e-09,6.120881731429268e-07,0.0015006094517651428,0.0015,6.120881731430661e-07,0.0015006094517651428,0.0015,0.0,0.0,0.0,0.0
479,0.11975000000000001,0.12,-4.390565506418702,4.390565506418701,-4.440892098500626e-16,8.781131012837402,-0.10094523897087038,0.10094523897087038,1,1,-4.390565506418702,4.390565506418701,-6.0,6.0,0.0,12.0,0.0,0.0,0.0,0.0,0.0,0.0,0.0,0.0,0.0,0.0,0.0,0.0,0.0,0.0,6.002437807993363,6.002437807993363,2.6556448012859946e-15,0.0,0.8003749923488845,0.0,-6.25,6.25,0.14415703243338493,0.1441570324333851,2.6135411415705577e-09,6.120881672664396e-07,0.001500609451992683,0.0015,6.120881672666556e-07,0.0015006094519926828,0.0015,0.0,0.0,0.0,0.0
519,0.12975,0.13,-4.39056550558108,4.39056550558108,0.0,8.78113101116216,-0.100945238975515,0.100945238975515,1,1,-4.39056550558108,4.39056550558108,-6.0,6.0,0.0,12.0,0.0,0.0,0.0,0.0,0.0,0.0,0.0,0.0,0.0,0.0,0.0,0.0,0.0,0.0,6.002437808893915,6.002437808893914,4.0419056990259605e-16,0.0,0.8003749923488845,0.0,-6.25,6.25,0.14415703243338493,0.1441570324333851,2.613543311034908e-09,6.120881614533645e-07,0.0015006094522178788,0.0015,6.120881614535279e-07,0.0015006094522178786,0.0015,0.0,0.0,0.0,0.0
559,0.13975,0.14,-4.390565504752168,4.390565504752168,0.0,8.781131009504335,-0.10094523898010188,0.10094523898010188,1,1,-4.390565504752168,4.390565504752168,-6.0,6.0,0.0,12.0,0.0,0.0,0.0,0.0,0.0,0.0,0.0,0.0,0.0,0.0,0.0,0.0,0.0,0.0,6.002437809785185,6.002437809785185,3.3350058825654116e-16,0.0,0.8003749923488847,0.0,-6.25,6.25,0.14415703243338493,0.1441570324333851,2.613545460946558e-09,6.120881557025904e-07,0.0015006094524407537,0.0015,6.120881557025726e-07,0.0015006094524407537,0.0015,0.0,0.0,0.0,0.0
599,0.14975,0.15,-4.390565503931876,4.390565503931876,0.0,8.781131007863753,-0.1009452389846327,0.1009452389846327,1,1,-4.390565503931876,4.390565503931876,-6.0,6.0,0.0,12.0,0.0,0.0,0.0,0.0,0.0,0.0,0.0,0.0,0.0,0.0,0.0,0.0,0.0,0.0,6.002437810667274,6.002437810667274,4.705437428587089e-16,0.0,0.8003749923488848,0.0,-6.25,6.25,0.14415703243338493,0.1441570324333851,2.6135475914782505e-09,6.12088150014116e-07,0.0015006094526613333,0.0015,6.120881500137898e-07,0.0015006094526613333,0.0015,0.0,0.0,0.0,0.0
639,0.15975,0.16,-4.390565503120116,4.390565503120115,-4.440892098500626e-16,8.78113100624023,-0.10094523898910912,0.10094523898910912,1,1,-4.390565503120116,4.390565503120115,-6.0,6.0,0.0,12.0,0.0,0.0,0.0,0.0,0.0,0.0,0.0,0.0,0.0,0.0,0.0,0.0,0.0,0.0,6.0024378115402754,6.0024378115402754,8.569533971325427e-16,0.0,0.8003749923488848,0.0,-6.25,6.25,0.14415703243338493,0.1441570324333851,2.6135497028012395e-09,6.120881443857201e-07,0.00150060945287964,0.0015,6.120881443860693e-07,0.0015006094528796402,0.0015,0.0,0.0,0.0,0.0
679,0.16975,0.17,-4.390565502316797,4.390565502316796,-4.440892098500626e-16,8.781131004633593,-0.10094523899352836,0.10094523899352836,1,1,-4.390565502316797,4.390565502316796,-6.0,6.0,0.0,12.0,0.0,0.0,0.0,0.0,0.0,0.0,0.0,0.0,0.0,0.0,0.0,0.0,0.0,0.0,6.002437812404283,6.002437812404284,8.159705550125906e-16,0.0,0.8003749923488849,0.0,-6.25,6.25,0.14415703243338493,0.1441570324333851,2.613551795085303e-09,6.120881388185118e-07,0.0015006094530956979,0.0015,6.120881388183008e-07,0.0015006094530956979,0.0015,0.0,0.0,0.0,0.0
719,0.17975,0.18,-4.390565501521832,4.390565501521831,-4.440892098500626e-16,8.781131003043662,-0.10094523899789487,0.10094523899789487,1,1,-4.390565501521832,4.390565501521831,-6.0,6.0,0.0,12.0,0.0,0.0,0.0,0.0,0.0,0.0,0.0,0.0,0.0,0.0,0.0,0.0,0.0,0.0,6.002437813259389,6.002437813259389,1.8496489062602706e-16,0.0,0.8003749923488849,0.0,-6.25,6.25,0.14415703243338493,0.1441570324333851,2.613553868498754e-09,6.120881333102694e-07,0.0015006094533095299,0.0015,6.120881333104845e-07,0.0015006094533095299,0.0015,0.0,0.0,0.0,0.0
759,0.18975,0.19,-4.390565500735134,4.390565500735133,-4.440892098500626e-16,8.781131001470268,-0.10094523900220809,0.10094523900220809,1,1,-4.390565500735134,4.390565500735133,-6.0,6.0,0.0,12.0,0.0,0.0,0.0,0.0,0.0,0.0,0.0,0.0,0.0,0.0,0.0,0.0,0.0,0.0,6.0024378141056856,6.0024378141056856,9.519295074422729e-16,0.0,0.800374992348885,0.0,-6.25,6.25,0.14415703243338493,0.1441570324333851,2.6135559232084556e-09,6.120881278621027e-07,0.0015006094535211587,0.0015,6.1208812786262e-07,0.001500609453521159,0.0015,0.0,0.0,0.0,0.0
799,0.19975,0.2,-4.390565499956617,4.390565499956616,-4.440892098500626e-16,8.781130999913234,-0.10094523900646746,0.10094523900646746,1,1,-4.390565499956617,4.390565499956616,-6.0,6.0,0.0,12.0,0.0,0.0,0.0,0.0,0.0,0.0,0.0,0.0,0.0,0.0,0.0,0.0,0.0,0.0,6.002437814943263,6.002437814943262,7.908170646109269e-16,0.0,0.8003749923488851,0.0,-6.25,6.25,0.14415703243338493,0.1441570324333851,2.61355795937983e-09,6.120881224706796e-07,0.001500609453730607,0.0015,6.120881224702668e-07,0.001500609453730607,0.0015,0.0,0.0,0.0,0.0
839,0.20975,0.21,-4.390565499186197,4.390565499186196,-4.440892098500626e-16,8.781130998372394,-0.10094523901067298,0.10094523901067298,1,1,-4.390565499186197,4.390565499186196,-6.0,6.0,0.0,12.0,0.0,0.0,0.0,0.0,0.0,0.0,0.0,0.0,0.0,0.0,0.0,0.0,0.0,0.0,6.002437815772212,6.002437815772211,1.0885389811754465e-15,0.0,0.8003749923488851,0.0,-6.25,6.25,0.14415703243338493,0.1441570324333851,2.6135599771768708e-09,6.120881171382197e-07,0.001500609453937898,0.0015,6.120881171378656e-07,0.0015006094539378983,0.0015,0.0,0.0,0.0,0.0
879,0.21975,0.22,-4.390565498423788,4.390565498423788,0.0,8.781130996847576,-0.10094523901482855,0.10094523901482855,1,1,-4.390565498423788,4.390565498423788,-6.0,6.0,0.0,12.0,0.0,0.0,0.0,0.0,0.0,0.0,0.0,0.0,0.0,0.0,0.0,0.0,0.0,0.0,6.002437816592621,6.002437816592621,8.4350929019372245e-16,0.0,0.8003749923488852,0.0,-6.25,6.25,0.14415703243338493,0.1441570324333851,2.613561976762158e-09,6.120881118625017e-07,0.0015006094541430534,0.0015,6.120881118620858e-07,0.0015006094541430532,0.0015,0.0,0.0,0.0,0.0
919,0.22975,0.23,-4.390565497669309,4.390565497669309,0.0,8.781130995338618,-0.10094523901893138,0.10094523901893138,1,1,-4.390565497669309,4.390565497669309,-6.0,6.0,0.0,12.0,0.0,0.0,0.0,0.0,0.0,0.0,0.0,0.0,0.0,0.0,0.0,0.0,0.0,0.0,6.0024378174045765,6.0024378174045765,5.880712583561376e-16,0.0,0.8003749923488852,0.0,-6.25,6.25,0.14415703243338493,0.1441570324333851,2.6135639582968675e-09,6.120881066424142e-07,0.001500609454346095,0.0015,6.120881066429273e-07,0.0015006094543460948,0.0015,0.0,0.0,0.0,0.0
959,0.23975000000000002,0.24,-4.390565496922677,4.390565496922676,-4.440892098500626e-16,8.781130993845352,-0.10094523902298591,0.10094523902298591,1,1,-4.390565496922677,4.390565496922676,-6.0,6.0,0.0,12.0,0.0,0.0,0.0,0.0,0.0,0.0,0.0,0.0,0.0,0.0,0.0,0.0,0.0,0.0,6.002437818208167,6.0024378182081675,8.294146619514109e-16,0.0,0.8003749923488853,0.0,-6.25,6.25,0.14415703243338493,0.1441570324333851,2.613565921940782e-09,6.12088101480177e-07,0.0015006094545470443,0.0015,6.120881014803903e-07,0.0015006094545470447,0.0015,0.0,0.0,0.0,0.0
999,0.24975,0.25,-4.390565496183809,4.390565496183809,0.0,8.781130992367618,-0.10094523902698993,0.10094523902698993,1,1,-4.390565496183809,4.390565496183809,-6.0,6.0,0.0,12.0,0.0,0.0,0.0,0.0,0.0,0.0,0.0,0.0,0.0,0.0,0.0,0.0,0.0,0.0,6.002437819003479,6.002437819003479,1.0718422677191697e-15,0.0,0.8003749923488854,0.0,-6.25,6.25,0.14415703243338493,0.1441570324333851,2.613567867852305e-09,6.120880963735685e-07,0.0015006094547459243,0.0015,6.120880963733643e-07,0.0015006094547459238,0.0015,0.0,0.0,0.0,0.0
1039,0.25975,0.26,-4.390565495452626,4.390565495452625,-4.440892098500626e-16,8.78113099090525,-0.10094523903094343,0.10094523903094343,1,1,-4.390565495452626,4.390565495452625,-6.0,6.0,0.0,12.0,0.0,0.0,0.0,0.0,0.0,0.0,0.0,0.0,0.0,0.0,0.0,0.0,0.0,0.0,6.002437819790597,6.002437819790597,2.3397082882237186e-16,0.0,0.8003749923488854,0.0,-6.25,6.25,0.14415703243338493,0.1441570324333851,2.6135697961884705e-09,6.120880913214774e-07,0.0015006094549427542,0.0015,6.120880913218496e-07,0.0015006094549427542,0.0015,0.0,0.0,0.0,0.0
1079,0.26975,0.27,-4.390565494729047,4.390565494729047,0.0,8.781130989458093,-0.10094523903484753,0.10094523903484753,1,1,-4.390565494729047,4.390565494729047,-6.0,6.0,0.0,12.0,0.0,0.0,0.0,0.0,0.0,0.0,0.0,0.0,0.0,0.0,0.0,0.0,0.0,0.0,6.002437820569605,6.002437820569605,5.581472783955377e-16,0.0,0.8003749923488855,0.0,-6.25,6.25,0.14415703243338493,0.1441570324333851,2.613571707104955e-09,6.120880863227927e-07,0.0015006094551375572,0.0015,6.120880863225153e-07,0.0015006094551375572,0.0015,0.0,0.0,0.0,0.0
1119,0.27975,0.28,-4.390565494012994,4.390565494012993,-4.440892098500626e-16,8.781130988025986,-0.10094523903870556,0.10094523903870556,1,1,-4.390565494012994,4.390565494012993,-6.0,6.0,0.0,12.0,0.0,0.0,0.0,0.0,0.0,0.0,0.0,0.0,0.0,0.0,0.0,0.0,0.0,0.0,6.002437821340587,6.002437821340586,7.641456911677835e-16,0.0,0.8003749923488855,0.0,-6.25,6.25,0.14415703243338493,0.1441570324333851,2.6135736007560902e-09,6.120880813775137e-07,0.0015006094553303524,0.0015,6.12088081377582e-07,0.0015006094553303524,0.0015,0.0,0.0,0.0,0.0
1159,0.28975,0.29,-4.390565493304386,4.390565493304386,0.0,8.781130986608773,-0.10094523904251473,0.10094523904251473,1,1,-4.390565493304386,4.390565493304386,-6.0,6.0,0.0,12.0,0.0,0.0,0.0,0.0,0.0,0.0,0.0,0.0,0.0,0.0,0.0,0.0,0.0,0.0,6.0024378221036265,6.002437822103627,5.260548940899668e-16,0.0,0.8003749923488856,0.0,-6.25,6.25,0.14415703243338493,0.1441570324333851,2.6135754772948714e-09,6.12088076485639e-07,0.0015006094555211618,0.0015,6.120880764859393e-07,0.0015006094555211618,0.0015,0.0,0.0,0.0,0.0
1199,0.29975,0.3,-4.39056549260315,4.39056549260315,0.0,8.7811309852063,-0.10094523904627783,0.10094523904627783,1,1,-4.39056549260315,4.39056549260315,-6.0,6.0,0.0,12.0,0.0,0.0,0.0,0.0,0.0,0.0,0.0,0.0,0.0,0.0,0.0,0.0,0.0,0.0,6.002437822858805,6.002437822858806,6.680853786855678e-16,0.0,0.8003749923488856,0.0,-6.25,6.25,0.14415703243338493,0.1441570324333851,2.6135773368729712e-09,6.120880716471681e-07,0.001500609455710005,0.0015,6.120880716475874e-07,0.001500609455710005,0.0015,0.0,0.0,0.0,0.0
1239,0.30975,0.31,-4.390565491909206,4.390565491909205,-4.440892098500626e-16,8.78113098381841,-0.1009452390499932,0.1009452390499932,1,1,-4.390565491909206,4.390565491909205,-6.0,6.0,0.0,12.0,0.0,0.0,0.0,0.0,0.0,0.0,0.0,0.0,0.0,0.0,0.0,0.0,0.0,0.0,6.002437823606204,6.002437823606204,5.724587470723463e-16,0.0,0.8003749923488858,0.0,-6.25,6.25,0.14415703243338493,0.1441570324333851,2.6135791796407506e-09,6.120880668609897e-07,0.001500609455896903,0.0015,6.120880668614159e-07,0.001500609455896903,0.0015,0.0,0.0,0.0,0.0
1279,0.31975000000000003,0.32,-4.390565491222479,4.390565491222479,0.0,8.781130982444958,-0.1009452390536647,0.1009452390536647,1,1,-4.390565491222479,4.390565491222479,-6.0,6.0,0.0,12.0,0.0,0.0,0.0,0.0,0.0,0.0,0.0,0.0,0.0,0.0,0.0,0.0,0.0,0.0,6.0024378243459005,6.0024378243459005,2.5912431922403556e-16,0.0,0.8003749923488858,0.0,-6.25,6.25,0.14415703243338493,0.1441570324333851,2.613581005747268e-09,6.120880621259927e-07,0.0015006094560818754,0.0015,6.120880621263148e-07,0.0015006094560818754,0.0015,0.0,0.0,0.0,0.0
1319,0.32975,0.33,-4.390565490542896,4.390565490542895,-4.440892098500626e-16,8.781130981085791,-0.10094523905728903,0.10094523905728903,1,1,-4.390565490542896,4.390565490542895,-6.0,6.0,0.0,12.0,0.0,0.0,0.0,0.0,0.0,0.0,0.0,0.0,0.0,0.0,0.0,0.0,0.0,0.0,6.002437825077978,6.002437825077978,6.38378239159465e-16,0.0,0.8003749923488859,0.0,-6.25,6.25,0.14415703243338493,0.1441570324333851,2.6135828153402916e-09,6.12088057441066e-07,0.0015006094562649418,0.0015,6.120880574411735e-07,0.001500609456264942,0.0015,0.0,0.0,0.0,0.0
1359,0.33975,0.34,-4.390565489870379,4.3905654898703785,-4.440892098500626e-16,8.781130979740759,-0.10094523906086728,0.10094523906086728,1,1,-4.390565489870379,4.3905654898703785,-6.0,6.0,0.0,12.0,0.0,0.0,0.0,0.0,0.0,0.0,0.0,0.0,0.0,0.0,0.0,0.0,0.0,0.0,6.002437825802513,6.002437825802513,8.402566836762659e-16,0.0,0.8003749923488859,0.0,-6.25,6.25,0.14415703243338493,0.1441570324333851,2.6135846085663108e-09,6.12088052807319e-07,0.0015006094564461226,0.0015,6.120880528071026e-07,0.0015006094564461228,0.0015,0.0,0.0,0.0,0.0
1399,0.34975,0.35000000000000003,-4.390565489204858,4.390565489204858,0.0,8.781130978409715,-0.100945239064405,0.100945239064405,1,1,-4.390565489204858,4.390565489204858,-6.0,6.0,0.0,12.0,0.0,0.0,0.0,0.0,0.0,0.0,0.0,0.0,0.0,0.0,0.0,0.0,0.0,0.0,6.002437826519582,6.002437826519582,6.505213034913027e-19,0.0,0.800374992348886,0.0,-6.25,6.25,0.14415703243338493,0.1441570324333851,2.613586385570545e-09,6.120880482203098e-07,0.0015006094566254364,0.0015,6.120880482207714e-07,0.0015006094566254364,0.0015,0.0,0.0,0.0,0.0
1439,0.35975,0.36,-4.390565488546258,4.390565488546258,0.0,8.781130977092516,-0.10094523906789887,0.10094523906789887,1,1,-4.390565488546258,4.390565488546258,-6.0,6.0,0.0,12.0,0.0,0.0,0.0,0.0,0.0,0.0,0.0,0.0,0.0,0.0,0.0,0.0,0.0,0.0,6.002437827229265,6.002437827229265,7.971054372113429e-16,0.0,0.8003749923488861,0.0,-6.25,6.25,0.14415703243338493,0.1441570324333851,2.613588146496956e-09,6.120880436866989e-07,0.0015006094568029028,0.0015,6.120880436866205e-07,0.001500609456802903,0.0015,0.0,0.0,0.0,0.0
1479,0.36975,0.37,-4.390565487894508,4.390565487894508,0.0,8.781130975789017,-0.10094523907134723,0.10094523907134723,1,1,-4.390565487894508,4.390565487894508,-6.0,6.0,0.0,12.0,0.0,0.0,0.0,0.0,0.0,0.0,0.0,0.0,0.0,0.0,0.0,0.0,0.0,0.0,6.002437827931635,6.002437827931635,5.887217796596289e-16,0.0,0.8003749923488861,0.0,-6.25,6.25,0.14415703243338493,0.1441570324333851,2.6135898914882576e-09,6.120880392009342e-07,0.0015006094569785407,0.0015,6.120880392013195e-07,0.001500609456978541,0.0015,0.0,0.0,0.0,0.0
1519,0.37975000000000003,0.38,-4.390565487249538,4.390565487249538,0.0,8.781130974499076,-0.10094523907475506,0.10094523907475506,1,1,-4.390565487249538,4.390565487249538,-6.0,6.0,0.0,12.0,0.0,0.0,0.0,0.0,0.0,0.0,0.0,0.0,0.0,0.0,0.0,0.0,0.0,0.0,6.002437828626769,6.002437828626769,1.4899106254295802e-15,0.0,0.8003749923488862,0.0,-6.25,6.25,0.14415703243338493,0.1441570324333851,2.6135916206859268e-09,6.12088034761905e-07,0.0015006094571523695,0.0015,6.120880347615376e-07,0.0015006094571523697,0.0015,0.0,0.0,0.0,0.0
1559,0.38975,0.39,-4.390565486611275,4.390565486611274,-4.440892098500626e-16,8.781130973222549,-0.10094523907811848,0.10094523907811848,1,1,-4.390565486611275,4.390565486611274,-6.0,6.0,0.0,12.0,0.0,0.0,0.0,0.0,0.0,0.0,0.0,0.0,0.0,0.0,0.0,0.0,0.0,0.0,6.002437829314742,6.002437829314741,9.838050513133467e-16,0.0,0.8003749923488862,0.0,-6.25,6.25,0.14415703243338493,0.1441570324333851,2.6135933342302132e-09,6.120880303707204e-07,0.0015006094573244073,0.0015,6.120880303706055e-07,0.0015006094573244073,0.0015,0.0,0.0,0.0,0.0
1599,0.39975,0.4,-4.390565485979652,4.390565485979651,-4.440892098500626e-16,8.781130971959303,-0.10094523908144193,0.10094523908144193,1,1,-4.390565485979652,4.390565485979651,-6.0,6.0,0.0,12.0,0.0,0.0,0.0,0.0,0.0,0.0,0.0,0.0,0.0,0.0,0.0,0.0,0.0,0.0,6.002437829995626,6.002437829995627,2.1287225454580394e-15,0.0,0.8003749923488863,0.0,-6.25,6.25,0.14415703243338493,0.1441570324333851,2.613595032260151e-09,6.120880260262694e-07,0.0015006094574946723,0.0015,6.120880260263028e-07,0.001500609457494672,0.0015,0.0,0.0,0.0,0.0
1639,0.40975,0.41000000000000003,-4.390565485354596,4.390565485354596,0.0,8.781130970709192,-0.10094523908472319,0.10094523908472319,1,1,-4.390565485354596,4.390565485354596,-6.0,6.0,0.0,12.0,0.0,0.0,0.0,0.0,0.0,0.0,0.0,0.0,0.0,0.0,0.0,0.0,0.0,0.0,6.002437830669496,6.002437830669496,1.2923689896027213e-16,0.0,0.8003749923488863,0.0,-6.25,6.25,0.14415703243338493,0.1441570324333851,2.6135967149135684e-09,6.120880217307715e-07,0.0015006094576631836,0.0015,6.1208802173085e-07,0.0015006094576631836,0.0015,0.0,0.0,0.0,0.0
1679,0.41975,0.42,-4.390565484736043,4.390565484736043,0.0,8.781130969472086,-0.1009452390879656,0.1009452390879656,1,1,-4.390565484736043,4.390565484736043,-6.0,6.0,0.0,12.0,0.0,0.0,0.0,0.0,0.0,0.0,0.0,0.0,0.0,0.0,0.0,0.0,0.0,0.0,6.002437831336423,6.002437831336422,6.307888239520665e-16,0.0,0.8003749923488863,0.0,-6.25,6.25,0.14415703243338493,0.1441570324333851,2.6135983823270964e-09,6.120880174797851e-07,0.0015006094578299584,0.0015,6.12088017479806e-07,0.0015006094578299584,0.0015,0.0,0.0,0.0,0.0
1719,0.42975,0.43,-4.390565484123924,4.390565484123923,-4.440892098500626e-16,8.781130968247847,-0.10094523909116582,0.10094523909116582,1,1,-4.390565484123924,4.390565484123923,-6.0,6.0,0.0,12.0,0.0,0.0,0.0,0.0,0.0,0.0,0.0,0.0,0.0,0.0,0.0,0.0,0.0,0.0,6.002437831996479,6.0024378319964775,1.1336417915508434e-15,0.0,0.8003749923488864,0.0,-6.25,6.25,0.14415703243338493,0.1441570324333851,2.61360003463618e-09,6.120880132733093e-07,0.0015006094579950151,0.0015,6.120880132731709e-07,0.0015006094579950151,0.0015,0.0,0.0,0.0,0.0
1759,0.43975000000000003,0.44,-4.390565483518171,4.39056548351817,-4.440892098500626e-16,8.78113096703634,-0.1009452390943294,0.1009452390943294,1,1,-4.390565483518171,4.39056548351817,-6.0,6.0,0.0,12.0,0.0,0.0,0.0,0.0,0.0,0.0,0.0,0.0,0.0,0.0,0.0,0.0,0.0,0.0,6.002437832649734,6.002437832649733,7.331375090346981e-16,0.0,0.8003749923488864,0.0,-6.25,6.25,0.14415703243338493,0.1441570324333851,2.6136016719750897e-09,6.120880091124536e-07,0.001500609458158371,0.0015,6.120880091120551e-07,0.001500609458158371,0.0015,0.0,0.0,0.0,0.0
1799,0.44975,0.45,-4.390565482918718,4.390565482918718,0.0,8.781130965837436,-0.10094523909745079,0.10094523909745079,1,1,-4.390565482918718,4.390565482918718,-6.0,6.0,0.0,12.0,0.0,0.0,0.0,0.0,0.0,0.0,0.0,0.0,0.0,0.0,0.0,0.0,0.0,0.0,6.002437833296258,6.002437833296258,5.876375774871434e-16,0.0,0.8003749923488865,0.0,-6.25,6.25,0.14415703243338493,0.1441570324333851,2.613603294476928e-09,6.120880049972171e-07,0.0015006094583200442,0.0015,6.120880049975685e-07,0.001500609458320044,0.0015,0.0,0.0,0.0,0.0
1839,0.45975,0.46,-4.390565482325501,4.3905654823255,-4.440892098500626e-16,8.781130964651002,-0.10094523910053499,0.10094523910053499,1,1,-4.390565482325501,4.3905654823255,-6.0,6.0,0.0,12.0,0.0,0.0,0.0,0.0,0.0,0.0,0.0,0.0,0.0,0.0,0.0,0.0,0.0,0.0,6.0024378339361215,6.0024378339361215,1.074661193367632e-15,0.0,0.8003749923488865,0.0,-6.25,6.25,0.14415703243338493,0.1441570324333851,2.613604902273643e-09,6.120880009242684e-07,0.0015006094584800512,0.0015,6.120880009241603e-07,0.0015006094584800514,0.0015,0.0,0.0,0.0,0.0
1879,0.46975,0.47000000000000003,-4.390565481738454,4.390565481738453,-4.440892098500626e-16,8.781130963476908,-0.10094523910358089,0.10094523910358089,1,1,-4.390565481738454,4.390565481738453,-6.0,6.0,0.0,12.0,0.0,0.0,0.0,0.0,0.0,0.0,0.0,0.0,0.0,0.0,0.0,0.0,0.0,0.0,6.0024378345693945,6.0024378345693945,7.413774455455879e-16,0.0,0.8003749923488866,0.0,-6.25,6.25,0.14415703243338493,0.1441570324333851,2.613606495496034e-09,6.120879968969373e-07,0.0015006094586384104,0.0015,6.120879968973813e-07,0.0015006094586384104,0.0015,0.0,0.0,0.0,0.0
1919,0.47975,0.48,-4.3905654811575126,4.3905654811575126,0.0,8.781130962315025,-0.10094523910658848,0.10094523910658848,1,1,-4.3905654811575126,4.3905654811575126,-6.0,6.0,0.0,12.0,0.0,0.0,0.0,0.0,0.0,0.0,0.0,0.0,0.0,0.0,0.0,0.0,0.0,0.0,6.00243783519614,6.00243783519614,4.959140736948697e-16,0.0,0.8003749923488866,0.0,-6.25,6.25,0.14415703243338493,0.1441570324333851,2.613608074273767e-09,6.120879929118924e-07,0.0015006094587951375,0.0015,6.120879929116807e-07,0.0015006094587951375,0.0015,0.0,0.0,0.0,0.0
1959,0.48975,0.49,-4.390565480582615,4.390565480582614,-4.440892098500626e-16,8.781130961165228,-0.10094523910955999,0.10094523910955999,1,1,-4.390565480582615,4.390565480582614,-6.0,6.0,0.0,12.0,0.0,0.0,0.0,0.0,0.0,0.0,0.0,0.0,0.0,0.0,0.0,0.0,0.0,0.0,6.00243783581643,6.00243783581643,5.327769475593769e-16,0.0,0.8003749923488868,0.0,-6.25,6.25,0.14415703243338493,0.1441570324333851,2.6136096387353782e-09,6.120879889691328e-07,0.0015006094589502504,0.0015,6.120879889692787e-07,0.0015006094589502504,0.0015,0.0,0.0,0.0,0.0
1999,0.49975,0.5,-4.390565480013697,4.390565480013696,-4.440892098500626e-16,8.781130960027394,-0.10094523911249542,0.10094523911249542,1,1,-4.390565480013697,4.390565480013696,-6.0,6.0,0.0,12.0,0.0,0.0,0.0,0.0,0.0,0.0,0.0,0.0,0.0,0.0,0.0,0.0,0.0,0.0,6.002437836430329,6.002437836430329,3.3436794999452957e-16,0.0,0.8003749923488868,0.0,-6.25,6.25,0.14415703243338493,0.1441570324333851,2.6136111890082863e-09,6.120879850708783e-07,0.0015006094591037647,0.0015,6.120879850712857e-07,0.0015006094591037647,0.0015,0.0,0.0,0.0,0.0
2039,0.50975,0.51,-4.390565479450696,4.390565479450696,0.0,8.781130958901391,-0.10094523911539144,0.10094523911539144,1,1,-4.390565479450696,4.390565479450696,-6.0,6.0,0.0,12.0,0.0,0.0,0.0,0.0,0.0,0.0,0.0,0.0,0.0,0.0,0.0,0.0,0.0,0.0,6.002437837037903,6.002437837037903,4.542807102714264e-16,0.0,0.8003749923488869,0.0,-6.25,6.25,0.14415703243338493,0.1441570324333851,2.6136127252188026e-09,6.120879812126872e-07,0.0015006094592556975,0.0015,6.120879812121505e-07,0.0015006094592556975,0.0015,0.0,0.0,0.0,0.0
2079,0.51975,0.52,-4.390565478893551,4.390565478893551,0.0,8.781130957787102,-0.1009452391182536,0.1009452391182536,1,1,-4.390565478893551,4.390565478893551,-6.0,6.0,0.0,12.0,0.0,0.0,0.0,0.0,0.0,0.0,0.0,0.0,0.0,0.0,0.0,0.0,0.0,0.0,6.002437837639217,6.002437837639217,7.294512216482474e-16,0.0,0.8003749923488869,0.0,-6.25,6.25,0.14415703243338493,0.1441570324333851,2.613614247492139e-09,6.120879773956688e-07,0.0015006094594060648,0.0015,6.120879773952037e-07,0.001500609459406065,0.0015,0.0,0.0,0.0,0.0
2119,0.52975,0.53,-4.390565478342202,4.390565478342202,0.0,8.781130956684404,-0.10094523912107967,0.10094523912107967,1,1,-4.390565478342202,4.390565478342202,-6.0,6.0,0.0,12.0,0.0,0.0,0.0,0.0,0.0,0.0,0.0,0.0,0.0,0.0,0.0,0.0,0.0,0.0,6.002437838234336,6.002437838234336,6.002143226879753e-16,0.0,0.8003749923488869,0.0,-6.25,6.25,0.14415703243338493,0.1441570324333851,2.6136157559524175e-09,6.120879736209328e-07,0.0015006094595548833,0.0015,6.120879736204454e-07,0.0015006094595548833,0.0015,0.0,0.0,0.0,0.0
2159,0.5397500000000001,0.54,-4.390565477796589,4.390565477796588,-4.440892098500626e-16,8.781130955593177,-0.10094523912387188,0.10094523912387188,1,1,-4.390565477796589,4.390565477796588,-6.0,6.0,0.0,12.0,0.0,0.0,0.0,0.0,0.0,0.0,0.0,0.0,0.0,0.0,0.0,0.0,0.0,0.0,6.002437838823324,6.002437838823322,1.811918670657775e-15,0.0,0.800374992348887,0.0,-6.25,6.25,0.14415703243338493,0.1441570324333851,2.6136172507226807e-09,6.120879698862577e-07,0.001500609459702168,0.0015,6.120879698867654e-07,0.001500609459702168,0.0015,0.0,0.0,0.0,0.0
2199,0.54975,0.55,-4.39056547725665,4.390565477256649,-4.440892098500626e-16,8.781130954513298,-0.10094523912662912,0.10094523912662912,1,1,-4.39056547725665,4.390565477256649,-6.0,6.0,0.0,12.0,0.0,0.0,0.0,0.0,0.0,0.0,0.0,0.0,0.0,0.0,0.0,0.0,0.0,0.0,6.002437839406243,6.002437839406243,8.777700788442644e-16,0.0,0.800374992348887,0.0,-6.25,6.25,0.14415703243338493,0.1441570324333851,2.6136187319248996e-09,6.120879661905329e-07,0.0015006094598479357,0.0015,6.120879661908329e-07,0.0015006094598479357,0.0015,0.0,0.0,0.0,0.0
2239,0.55975,0.56,-4.390565476722327,4.390565476722327,0.0,8.781130953444654,-0.10094523912935138,0.10094523912935138,1,1,-4.390565476722327,4.390565476722327,-6.0,6.0,0.0,12.0,0.0,0.0,0.0,0.0,0.0,0.0,0.0,0.0,0.0,0.0,0.0,0.0,0.0,0.0,6.0024378399831555,6.0024378399831555,7.255480938272996e-16,0.0,0.8003749923488871,0.0,-6.25,6.25,0.14415703243338493,0.1441570324333851,2.613620199679981e-09,6.12087962537088e-07,0.0015006094599922014,0.0015,6.12087962537089e-07,0.0015006094599922014,0.0015,0.0,0.0,0.0,0.0
2279,0.56975,0.5700000000000001,-4.390565476193563,4.390565476193563,0.0,8.781130952387127,-0.1009452391320409,0.1009452391320409,1,1,-4.390565476193563,4.390565476193563,-6.0,6.0,0.0,12.0,0.0,0.0,0.0,0.0,0.0,0.0,0.0,0.0,0.0,0.0,0.0,0.0,0.0,0.0,6.002437840554125,6.002437840554125,5.770123961967855e-16,0.0,0.8003749923488871,0.0,-6.25,6.25,0.14415703243338493,0.1441570324333851,2.613621654107782e-09,6.120879589192611e-07,0.0015006094601349807,0.0015,6.120879589188721e-07,0.0015006094601349807,0.0015,0.0,0.0,0.0,0.0
2319,0.57975,0.58,-4.390565475670299,4.390565475670299,0.0,8.781130951340598,-0.10094523913469544,0.10094523913469544,1,1,-4.390565475670299,4.390565475670299,-6.0,6.0,0.0,12.0,0.0,0.0,0.0,0.0,0.0,0.0,0.0,0.0,0.0,0.0,0.0,0.0,0.0,0.0,6.00243784111921,6.00243784111921,1.4222564098664847e-15,0.0,0.8003749923488871,0.0,-6.25,6.25,0.14415703243338493,0.1441570324333851,2.6136230953271133e-09,6.120879553414923e-07,0.0015006094602762886,0.0015,6.120879553417336e-07,0.0015006094602762888,0.0015,0.0,0.0,0.0,0.0
2359,0.58975,0.59,-4.390565475152479,4.390565475152478,-4.440892098500626e-16,8.781130950304956,-0.10094523913731834,0.10094523913731834,1,1,-4.390565475152479,4.390565475152478,-6.0,6.0,0.0,12.0,0.0,0.0,0.0,0.0,0.0,0.0,0.0,0.0,0.0,0.0,0.0,0.0,0.0,0.0,6.002437841678476,6.002437841678476,4.887583393564654e-16,0.0,0.8003749923488872,0.0,-6.25,6.25,0.14415703243338493,0.1441570324333851,2.613624523455749e-09,6.120879518037811e-07,0.0015006094604161412,0.0015,6.120879518034527e-07,0.001500609460416141,0.0015,0.0,0.0,0.0,0.0
2399,0.59975,0.6,-4.390565474640044,4.390565474640043,-4.440892098500626e-16,8.781130949280087,-0.1009452391399085,0.1009452391399085,1,1,-4.390565474640044,4.390565474640043,-6.0,6.0,0.0,12.0,0.0,0.0,0.0,0.0,0.0,0.0,0.0,0.0,0.0,0.0,0.0,0.0,0.0,0.0,6.002437842231977,6.002437842231977,1.0453877347105234e-15,0.0,0.8003749923488872,0.0,-6.25,6.25,0.14415703243338493,0.1441570324333851,2.6136259386104403e-09,6.120879483016853e-07,0.0015006094605545524,0.0015,6.120879483018093e-07,0.0015006094605545524,0.0015,0.0,0.0,0.0,0.0
2439,0.60975,0.61,-4.3905654741329405,4.39056547413294,-4.440892098500626e-16,8.78113094826588,-0.10094523914246645,0.10094523914246645,1,1,-4.3905654741329405,4.39056547413294,-6.0,6.0,0.0,12.0,0.0,0.0,0.0,0.0,0.0,0.0,0.0,0.0,0.0,0.0,0.0,0.0,0.0,0.0,6.002437842779778,6.002437842779778,4.150325916274511e-16,0.0,0.8003749923488873,0.0,-6.25,6.25,0.14415703243338493,0.1441570324333851,2.6136273409069166e-09,6.120879448385353e-07,0.001500609460691538,0.0015,6.120879448390238e-07,0.001500609460691538,0.0015,0.0,0.0,0.0,0.0
2479,0.61975,0.62,-4.390565473631112,4.390565473631111,-4.440892098500626e-16,8.781130947262223,-0.10094523914499387,0.10094523914499387,1,1,-4.390565473631112,4.390565473631111,-6.0,6.0,0.0,12.0,0.0,0.0,0.0,0.0,0.0,0.0,0.0,0.0,0.0,0.0,0.0,0.0,0.0,0.0,6.002437843321933,6.002437843321933,3.5670251474773096e-16,0.0,0.8003749923488873,0.0,-6.25,6.25,0.14415703243338493,0.1441570324333851,2.6136287304598993e-09,6.1208794141211e-07,0.001500609460827112,0.0015,6.120879414117653e-07,0.001500609460827112,0.0015,0.0,0.0,0.0,0.0
2519,0.62975,0.63,-4.390565473134503,4.390565473134503,0.0,8.781130946269005,-0.10094523914748799,0.10094523914748799,1,1,-4.390565473134503,4.390565473134503,-6.0,6.0,0.0,12.0,0.0,0.0,0.0,0.0,0.0,0.0,0.0,0.0,0.0,0.0,0.0,0.0,0.0,0.0,6.002437843858502,6.002437843858502,3.122502256758253e-17,0.0,0.8003749923488873,0.0,-6.25,6.25,0.14415703243338493,0.1441570324333851,2.61363010738311e-09,6.120879380224085e-07,0.0015006094609612889,0.0015,6.120879380222544e-07,0.0015006094609612889,0.0015,0.0,0.0,0.0,0.0
2559,0.63975,0.64,-4.39056547264306,4.390565472643059,-4.440892098500626e-16,8.781130945286119,-0.10094523914995102,0.10094523914995102,1,1,-4.39056547264306,4.390565472643059,-6.0,6.0,0.0,12.0,0.0,0.0,0.0,0.0,0.0,0.0,0.0,0.0,0.0,0.0,0.0,0.0,0.0,0.0,6.002437844389543,6.002437844389542,1.899955887063598e-15,0.0,0.8003749923488874,0.0,-6.25,6.25,0.14415703243338493,0.1441570324333851,2.613631471789277e-09,6.120879346683198e-07,0.0015006094610940835,0.0015,6.120879346682707e-07,0.0015006094610940835,0.0015,0.0,0.0,0.0,0.0
2599,0.64975,0.65,-4.39056547215673,4.390565472156729,-4.440892098500626e-16,8.78113094431346,-0.10094523915238351,0.10094523915238351,1,1,-4.39056547215673,4.390565472156729,-6.0,6.0,0.0,12.0,0.0,0.0,0.0,0.0,0.0,0.0,0.0,0.0,0.0,0.0,0.0,0.0,0.0,0.0,6.0024378449151135,6.002437844915113,8.090316611086834e-16,0.0,0.8003749923488874,0.0,-6.25,6.25,0.14415703243338493,0.1441570324333851,2.6136328237901436e-09,6.120879313531741e-07,0.0015006094612255102,0.0015,6.120879313531446e-07,0.0015006094612255102,0.0015,0.0,0.0,0.0,0.0
2639,0.6597500000000001,0.66,-4.390565471675458,4.390565471675458,0.0,8.781130943350917,-0.10094523915478715,0.10094523915478715,1,1,-4.390565471675458,4.390565471675458,-6.0,6.0,0.0,12.0,0.0,0.0,0.0,0.0,0.0,0.0,0.0,0.0,0.0,0.0,0.0,0.0,0.0,0.0,6.002437845435268,6.002437845435269,1.1195471633085319e-15,0.0,0.8003749923488875,0.0,-6.25,6.25,0.14415703243338493,0.1441570324333851,2.6136341634964793e-09,6.120879280725297e-07,0.0015006094613555826,0.0015,6.120879280724356e-07,0.0015006094613555826,0.0015,0.0,0.0,0.0,0.0
2679,0.6697500000000001,0.67,-4.390565471199194,4.390565471199194,0.0,8.781130942398388,-0.1009452391571608,0.1009452391571608,1,1,-4.390565471199194,4.390565471199194,-6.0,6.0,0.0,12.0,0.0,0.0,0.0,0.0,0.0,0.0,0.0,0.0,0.0,0.0,0.0,0.0,0.0,0.0,6.002437845950063,6.002437845950063,1.038232000372119e-15,0.0,0.8003749923488875,0.0,-6.25,6.25,0.14415703243338493,0.1441570324333851,2.6136354910180865e-09,6.120879248241653e-07,0.001500609461484315,0.0015,6.120879248239231e-07,0.001500609461484315,0.0015,0.0,0.0,0.0,0.0
2719,0.67975,0.68,-4.390565470727884,4.390565470727883,-4.440892098500626e-16,8.781130941455768,-0.10094523915950449,0.10094523915950449,1,1,-4.390565470727884,4.390565470727883,-6.0,6.0,0.0,12.0,0.0,0.0,0.0,0.0,0.0,0.0,0.0,0.0,0.0,0.0,0.0,0.0,0.0,0.0,6.002437846459555,6.002437846459555,5.557620336160696e-16,0.0,0.8003749923488875,0.0,-6.25,6.25,0.14415703243338493,0.1441570324333851,2.613636806463807e-09,6.120879216125217e-07,0.0015006094616117206,0.0015,6.120879216120478e-07,0.0015006094616117206,0.0015,0.0,0.0,0.0,0.0
2759,0.68975,0.6900000000000001,-4.3905654702614765,4.3905654702614765,0.0,8.781130940522953,-0.1009452391618193,0.1009452391618193,1,1,-4.3905654702614765,4.3905654702614765,-6.0,6.0,0.0,12.0,0.0,0.0,0.0,0.0,0.0,0.0,0.0,0.0,0.0,0.0,0.0,0.0,0.0,0.0,6.002437846963797,6.002437846963798,1.4322310698533514e-15,0.0,0.8003749923488876,0.0,-6.25,6.25,0.14415703243338493,0.1441570324333851,2.6136381099415325e-09,6.12087918435377e-07,0.001500609461737814,0.0015,6.120879184356998e-07,0.001500609461737814,0.0015,0.0,0.0,0.0,0.0
2799,0.69975,0.7000000000000001,-4.390565469799921,4.39056546979992,-4.440892098500626e-16,8.78113093959984,-0.10094523916410414,0.10094523916410414,1,1,-4.390565469799921,4.39056546979992,-6.0,6.0,0.0,12.0,0.0,0.0,0.0,0.0,0.0,0.0,0.0,0.0,0.0,0.0,0.0,0.0,0.0,0.0,6.0024378474628435,6.0024378474628435,9.900934239137626e-16,0.0,0.8003749923488876,0.0,-6.25,6.25,0.14415703243338493,0.1441570324333851,2.6136394015582125e-09,6.12087915292731e-07,0.0015006094618626078,0.0015,6.120879152926584e-07,0.0015006094618626076,0.0015,0.0,0.0,0.0,0.0
2839,0.70975,0.71,-4.390565469343167,4.390565469343167,0.0,8.781130938686333,-0.10094523916636178,0.10094523916636178,1,1,-4.390565469343167,4.390565469343167,-6.0,6.0,0.0,12.0,0.0,0.0,0.0,0.0,0.0,0.0,0.0,0.0,0.0,0.0,0.0,0.0,0.0,0.0,6.00243784795675,6.002437847956749,7.849623728795052e-16,0.0,0.8003749923488876,0.0,-6.25,6.25,0.14415703243338493,0.1441570324333851,2.61364068141986e-09,6.120879121845829e-07,0.001500609461986116,0.0015,6.120879121840339e-07,0.001500609461986116,0.0015,0.0,0.0,0.0,0.0
2879,0.71975,0.72,-4.390565468891165,4.390565468891165,0.0,8.78113093778233,-0.1009452391685911,0.1009452391685911,1,1,-4.390565468891165,4.390565468891165,-6.0,6.0,0.0,12.0,0.0,0.0,0.0,0.0,0.0,0.0,0.0,0.0,0.0,0.0,0.0,0.0,0.0,0.0,6.002437848445566,6.002437848445564,1.4211722076939992e-15,0.0,0.8003749923488878,0.0,-6.25,6.25,0.14415703243338493,0.1441570324333851,2.6136419496315625e-09,6.120879091087118e-07,0.0015006094621083518,0.0015,6.120879091087162e-07,0.0015006094621083518,0.0015,0.0,0.0,0.0,0.0
2919,0.72975,0.73,-4.390565468443865,4.390565468443864,-4.440892098500626e-16,8.781130936887728,-0.10094523917079212,0.10094523917079212,1,1,-4.390565468443865,4.390565468443864,-6.0,6.0,0.0,12.0,0.0,0.0,0.0,0.0,0.0,0.0,0.0,0.0,0.0,0.0,0.0,0.0,0.0,0.0,6.002437848929345,6.002437848929346,1.377587280360082e-15,0.0,0.8003749923488878,0.0,-6.25,6.25,0.14415703243338493,0.1441570324333851,2.6136432062974884e-09,6.120879060651167e-07,0.0015006094622293281,0.0015,6.120879060655949e-07,0.0015006094622293281,0.0015,0.0,0.0,0.0,0.0
2959,0.73975,0.74,-4.390565468001218,4.390565468001218,0.0,8.781130936002436,-0.10094523917296705,0.10094523917296705,1,1,-4.390565468001218,4.390565468001218,-6.0,6.0,0.0,12.0,0.0,0.0,0.0,0.0,0.0,0.0,0.0,0.0,0.0,0.0,0.0,0.0,0.0,0.0,6.002437849408142,6.002437849408142,9.272096979096034e-16,0.0,0.8003749923488878,0.0,-6.25,6.25,0.14415703243338493,0.1441570324333851,2.613644451520894e-09,6.120879030549074e-07,0.0015006094623490579,0.0015,6.1208790305467e-07,0.0015006094623490579,0.0015,0.0,0.0,0.0,0.0
2999,0.74975,0.75,-4.390565467563176,4.390565467563176,0.0,8.781130935126352,-0.10094523917511422,0.10094523917511422,1,1,-4.390565467563176,4.390565467563176,-6.0,6.0,0.0,12.0,0.0,0.0,0.0,0.0,0.0,0.0,0.0,0.0,0.0,0.0,0.0,0.0,0.0,0.0,6.0024378498820035,6.0024378498820035,1.0664212568567422e-15,0.0,0.8003749923488879,0.0,-6.25,6.25,0.14415703243338493,0.1441570324333851,2.613645685404134e-09,6.120879000769729e-07,0.001500609462467554,0.0015,6.120879000770518e-07,0.001500609462467554,0.0015,0.0,0.0,0.0,0.0
3039,0.75975,0.76,-4.390565467129691,4.390565467129691,0.0,8.781130934259382,-0.10094523917723364,0.10094523917723364,1,1,-4.390565467129691,4.390565467129691,-6.0,6.0,0.0,12.0,0.0,0.0,0.0,0.0,0.0,0.0,0.0,0.0,0.0,0.0,0.0,0.0,0.0,0.0,6.002437850350983,6.002437850350982,9.471590178833367e-16,0.0,0.8003749923488879,0.0,-6.25,6.25,0.14415703243338493,0.1441570324333851,2.613646908048664e-09,6.120878971313129e-07,0.0015006094625848291,0.0015,6.120878971316302e-07,0.0015006094625848294,0.0015,0.0,0.0,0.0,0.0
3079,0.76975,0.77,-4.390565466700716,4.390565466700715,-4.440892098500626e-16,8.781130933401432,-0.10094523917932696,0.10094523917932696,1,1,-4.390565466700716,4.390565466700715,-6.0,6.0,0.0,12.0,0.0,0.0,0.0,0.0,0.0,0.0,0.0,0.0,0.0,0.0,0.0,0.0,0.0,0.0,6.002437850815131,6.002437850815131,1.1160777163565783e-15,0.0,0.8003749923488879,0.0,-6.25,6.25,0.14415703243338493,0.1441570324333851,2.6136481195550557e-09,6.120878942190365e-07,0.0015006094627008962,0.0015,6.120878942195152e-07,0.0015006094627008962,0.0015,0.0,0.0,0.0,0.0
3119,0.77975,0.78,-4.390565466276203,4.390565466276203,0.0,8.781130932552406,-0.10094523918139586,0.10094523918139586,1,1,-4.390565466276203,4.390565466276203,-6.0,6.0,0.0,12.0,0.0,0.0,0.0,0.0,0.0,0.0,0.0,0.0,0.0,0.0,0.0,0.0,0.0,0.0,6.002437851274495,6.002437851274495,1.695692197767329e-16,0.0,0.800374992348888,0.0,-6.25,6.25,0.14415703243338493,0.1441570324333851,2.6136493200229967e-09,6.12087891333482e-07,0.0015006094628157672,0.0015,6.120878913329353e-07,0.0015006094628157672,0.0015,0.0,0.0,0.0,0.0
3159,0.7897500000000001,0.79,-4.390565465856107,4.390565465856107,0.0,8.781130931712214,-0.10094523918343756,0.10094523918343756,1,1,-4.390565465856107,4.390565465856107,-6.0,6.0,0.0,12.0,0.0,0.0,0.0,0.0,0.0,0.0,0.0,0.0,0.0,0.0,0.0,0.0,0.0,0.0,6.002437851729127,6.002437851729127,1.1184629611360464e-15,0.0,0.800374992348888,0.0,-6.25,6.25,0.14415703243338493,0.1441570324333851,2.6136505095513037e-09,6.120878884824203e-07,0.001500609462929455,0.0015,6.120878884818826e-07,0.0015006094629294547,0.0015,0.0,0.0,0.0,0.0
3199,0.7997500000000001,0.8,-4.390565465440382,4.390565465440382,0.0,8.781130930880764,-0.10094523918545484,0.10094523918545484,1,1,-4.390565465440382,4.390565465440382,-6.0,6.0,0.0,12.0,0.0,0.0,0.0,0.0,0.0,0.0,0.0,0.0,0.0,0.0,0.0,0.0,0.0,0.0,6.002437852179075,6.002437852179075,6.657001339060997e-17,0.0,0.800374992348888,0.0,-6.25,6.25,0.14415703243338493,0.1441570324333851,2.613651688237927e-09,6.120878856614099e-07,0.0015006094630419708,0.0015,6.12087885661916e-07,0.0015006094630419708,0.0015,0.0,0.0,0.0,0.0
3239,0.80975,0.81,-4.390565465028981,4.390565465028981,0.0,8.781130930057962,-0.10094523918744547,0.10094523918744547,1,1,-4.390565465028981,4.390565465028981,-6.0,6.0,0.0,12.0,0.0,0.0,0.0,0.0,0.0,0.0,0.0,0.0,0.0,0.0,0.0,0.0,0.0,0.0,6.002437852624386,6.002437852624386,1.1011157263762783e-15,0.0,0.8003749923488881,0.0,-6.25,6.25,0.14415703243338493,0.1441570324333851,2.613652856179959e-09,6.120878828693401e-07,0.0015006094631533275,0.0015,6.120878828697052e-07,0.0015006094631533275,0.0015,0.0,0.0,0.0,0.0
3279,0.81975,0.8200000000000001,-4.390565464621861,4.39056546462186,-4.440892098500626e-16,8.78113092924372,-0.10094523918941167,0.10094523918941167,1,1,-4.390565464621861,4.39056546462186,-6.0,6.0,0.0,12.0,0.0,0.0,0.0,0.0,0.0,0.0,0.0,0.0,0.0,0.0,0.0,0.0,0.0,0.0,6.002437853065111,6.002437853065111,1.1173787589635609e-15,0.0,0.8003749923488881,0.0,-6.25,6.25,0.14415703243338493,0.1441570324333851,2.6136540134736398e-09,6.120878801073201e-07,0.0015006094632635369,0.0015,6.120878801074703e-07,0.0015006094632635369,0.0015,0.0,0.0,0.0,0.0
3319,0.82975,0.8300000000000001,-4.390565464218976,4.390565464218975,-4.440892098500626e-16,8.78113092843795,-0.10094523919135512,0.10094523919135512,1,1,-4.390565464218976,4.390565464218975,-6.0,6.0,0.0,12.0,0.0,0.0,0.0,0.0,0.0,0.0,0.0,0.0,0.0,0.0,0.0,0.0,0.0,0.0,6.002437853501291,6.002437853501291,5.074066167232161e-16,0.0,0.8003749923488881,0.0,-6.25,6.25,0.14415703243338493,0.1441570324333851,2.6136551602143686e-09,6.120878773775701e-07,0.0015006094633726107,0.0015,6.120878773774318e-07,0.0015006094633726107,0.0015,0.0,0.0,0.0,0.0
3359,0.83975,0.84,-4.390565463820282,4.390565463820282,0.0,8.781130927640564,-0.10094523919327358,0.10094523919327358,1,1,-4.390565463820282,4.390565463820282,-6.0,6.0,0.0,12.0,0.0,0.0,0.0,0.0,0.0,0.0,0.0,0.0,0.0,0.0,0.0,0.0,0.0,0.0,6.002437853932981,6.002437853932982,2.6064220226551527e-16,0.0,0.8003749923488881,0.0,-6.25,6.25,0.14415703243338493,0.1441570324333851,2.613656296496705e-09,6.120878746745384e-07,0.0015006094634805608,0.0015,6.120878746740388e-07,0.001500609463480561,0.0015,0.0,0.0,0.0,0.0
3399,0.84975,0.85,-4.3905654634257365,4.390565463425736,-4.440892098500626e-16,8.781130926851471,-0.10094523919516596,0.10094523919516596,1,1,-4.3905654634257365,4.390565463425736,-6.0,6.0,0.0,12.0,0.0,0.0,0.0,0.0,0.0,0.0,0.0,0.0,0.0,0.0,0.0,0.0,0.0,0.0,6.002437854360222,6.002437854360222,1.2555061157382141e-16,0.0,0.8003749923488882,0.0,-6.25,6.25,0.14415703243338493,0.1441570324333851,2.6136574224143813e-09,6.120878720015548e-07,0.001500609463587399,0.0015,6.12087872001732e-07,0.001500609463587399,0.0015,0.0,0.0,0.0,0.0
3439,0.85975,0.86,-4.390565463035295,4.390565463035295,0.0,8.78113092607059,-0.10094523919703613,0.10094523919703613,1,1,-4.390565463035295,4.390565463035295,-6.0,6.0,0.0,12.0,0.0,0.0,0.0,0.0,0.0,0.0,0.0,0.0,0.0,0.0,0.0,0.0,0.0,0.0,6.002437854783061,6.002437854783061,1.2533377113932431e-16,0.0,0.8003749923488882,0.0,-6.25,6.25,0.14415703243338493,0.1441570324333851,2.6136585380603077e-09,6.120878693575089e-07,0.0015006094636931357,0.0015,6.120878693571807e-07,0.0015006094636931357,0.0015,0.0,0.0,0.0,0.0
3479,0.86975,0.87,-4.390565462648916,4.390565462648916,0.0,8.781130925297832,-0.10094523919888243,0.10094523919888243,1,1,-4.390565462648916,4.390565462648916,-6.0,6.0,0.0,12.0,0.0,0.0,0.0,0.0,0.0,0.0,0.0,0.0,0.0,0.0,0.0,0.0,0.0,0.0,6.002437855201542,6.002437855201542,7.496173820564778e-16,0.0,0.8003749923488882,0.0,-6.25,6.25,0.14415703243338493,0.1441570324333851,2.6136596435265777e-09,6.12087866739069e-07,0.0015006094637977831,0.0015,6.120878667392749e-07,0.0015006094637977834,0.0015,0.0,0.0,0.0,0.0
3519,0.87975,0.88,-4.390565462266558,4.390565462266557,-4.440892098500626e-16,8.781130924533116,-0.10094523920070653,0.10094523920070653,1,1,-4.390565462266558,4.390565462266557,-6.0,6.0,0.0,12.0,0.0,0.0,0.0,0.0,0.0,0.0,0.0,0.0,0.0,0.0,0.0,0.0,0.0,0.0,6.002437855615711,6.002437855615712,9.6710833785707e-16,0.0,0.8003749923488883,0.0,-6.25,6.25,0.14415703243338493,0.1441570324333851,2.6136607389044773e-09,6.120878641517857e-07,0.0015006094639013524,0.0015,6.120878641513449e-07,0.0015006094639013524,0.0015,0.0,0.0,0.0,0.0
3559,0.88975,0.89,-4.390565461888177,4.390565461888176,-4.440892098500626e-16,8.781130923776352,-0.10094523920250786,0.10094523920250786,1,1,-4.390565461888177,4.390565461888176,-6.0,6.0,0.0,12.0,0.0,0.0,0.0,0.0,0.0,0.0,0.0,0.0,0.0,0.0,0.0,0.0,0.0,0.0,6.002437856025615,6.002437856025614,1.2650470948560866e-15,0.0,0.8003749923488883,0.0,-6.25,6.25,0.14415703243338493,0.1441570324333851,2.6136618242844917e-09,6.120878615901077e-07,0.0015006094640038544,0.0015,6.120878615900605e-07,0.0015006094640038544,0.0015,0.0,0.0,0.0,0.0
3599,0.89975,0.9,-4.390565461513733,4.390565461513733,0.0,8.781130923027465,-0.10094523920428755,0.10094523920428755,1,1,-4.390565461513733,4.390565461513733,-6.0,6.0,0.0,12.0,0.0,0.0,0.0,0.0,0.0,0.0,0.0,0.0,0.0,0.0,0.0,0.0,0.0,0.0,6.002437856431293,6.002437856431293,2.6129272356900657e-16,0.0,0.8003749923488883,0.0,-6.25,6.25,0.14415703243338493,0.1441570324333851,2.6136628997563105e-09,6.120878590562545e-07,0.0015006094641053004,0.0015,6.120878590565315e-07,0.0015006094641053004,0.0015,0.0,0.0,0.0,0.0
3639,0.9097500000000001,0.91,-4.390565461143185,4.390565461143184,-4.440892098500626e-16,8.78113092228637,-0.10094523920604392,0.10094523920604392,1,1,-4.390565461143185,4.390565461143184,-6.0,6.0,0.0,12.0,0.0,0.0,0.0,0.0,0.0,0.0,0.0,0.0,0.0,0.0,0.0,0.0,0.0,0.0,6.002437856832792,6.002437856832792,2.0578157233774874e-16,0.0,0.8003749923488884,0.0,-6.25,6.25,0.14415703243338493,0.1441570324333851,2.6136639654088365e-09,6.120878565502255e-07,0.0015006094642057014,0.0015,6.120878565507581e-07,0.0015006094642057014,0.0015,0.0,0.0,0.0,0.0
3679,0.9197500000000001,0.92,-4.390565460776491,4.390565460776491,0.0,8.781130921552982,-0.10094523920777809,0.10094523920777809,1,1,-4.390565460776491,4.390565460776491,-6.0,6.0,0.0,12.0,0.0,0.0,0.0,0.0,0.0,0.0,0.0,0.0,0.0,0.0,0.0,0.0,0.0,0.0,6.002437857230153,6.002437857230153,3.3371742869103826e-16,0.0,0.8003749923488884,0.0,-6.25,6.25,0.14415703243338493,0.1441570324333851,2.613665021330191e-09,6.120878540720205e-07,0.0015006094643050675,0.0015,6.120878540716301e-07,0.0015006094643050675,0.0015,0.0,0.0,0.0,0.0
3719,0.92975,0.93,-4.390565460413613,4.390565460413613,0.0,8.781130920827225,-0.10094523920949061,0.10094523920949061,1,1,-4.390565460413613,4.390565460413613,-6.0,6.0,0.0,12.0,0.0,0.0,0.0,0.0,0.0,0.0,0.0,0.0,0.0,0.0,0.0,0.0,0.0,0.0,6.002437857623421,6.002437857623421,6.307888239520665e-16,0.0,0.8003749923488884,0.0,-6.25,6.25,0.14415703243338493,0.1441570324333851,2.6136660676077215e-09,6.120878516171977e-07,0.0015006094644034098,0.0015,6.12087851616927e-07,0.0015006094644034098,0.0015,0.0,0.0,0.0,0.0
3759,0.93975,0.9400000000000001,-4.3905654600545105,4.39056546005451,-4.440892098500626e-16,8.781130920109021,-0.10094523921118204,0.10094523921118204,1,1,-4.3905654600545105,4.39056546005451,-6.0,6.0,0.0,12.0,0.0,0.0,0.0,0.0,0.0,0.0,0.0,0.0,0.0,0.0,0.0,0.0,0.0,0.0,6.002437858012637,6.002437858012637,6.849989325763417e-16,0.0,0.8003749923488884,0.0,-6.25,6.25,0.14415703243338493,0.1441570324333851,2.6136671043280067e-09,6.120878491913078e-07,0.0015006094645007388,0.0015,6.120878491910897e-07,0.0015006094645007388,0.0015,0.0,0.0,0.0,0.0
3799,0.94975,0.9500000000000001,-4.390565459699144,4.390565459699144,0.0,8.781130919398288,-0.10094523921285237,0.10094523921285237,1,1,-4.390565459699144,4.390565459699144,-6.0,6.0,0.0,12.0,0.0,0.0,0.0,0.0,0.0,0.0,0.0,0.0,0.0,0.0,0.0,0.0,0.0,0.0,6.002437858397841,6.002437858397842,9.614704865601453e-16,0.0,0.8003749923488885,0.0,-6.25,6.25,0.14415703243338493,0.1441570324333851,2.6136681315768663e-09,6.120878467921297e-07,0.001500609464597065,0.0015,6.120878467918978e-07,0.001500609464597065,0.0015,0.0,0.0,0.0,0.0
3839,0.95975,0.96,-4.390565459347475,4.390565459347475,0.0,8.78113091869495,-0.1009452392145016,0.1009452392145016,1,1,-4.390565459347475,4.390565459347475,-6.0,6.0,0.0,12.0,0.0,0.0,0.0,0.0,0.0,0.0,0.0,0.0,0.0,0.0,0.0,0.0,0.0,0.0,6.0024378587790785,6.0024378587790785,1.0998146837692957e-15,0.0,0.8003749923488885,0.0,-6.25,6.25,0.14415703243338493,0.1441570324333851,2.613669149439362e-09,6.120878444174427e-07,0.0015006094646923987,0.0015,6.120878444171307e-07,0.001500609464692399,0.0015,0.0,0.0,0.0,0.0
3879,0.96975,0.97,-4.390565458999466,4.390565458999465,-4.440892098500626e-16,8.78113091799893,-0.10094523921612975,0.10094523921612975,1,1,-4.390565458999466,4.390565458999465,-6.0,6.0,0.0,12.0,0.0,0.0,0.0,0.0,0.0,0.0,0.0,0.0,0.0,0.0,0.0,0.0,0.0,0.0,6.002437859156386,6.0024378591563865,1.1106567054941507e-15,0.0,0.8003749923488885,0.0,-6.25,6.25,0.14415703243338493,0.1441570324333851,2.613670157999812e-09,6.120878420672458e-07,0.00150060946478675,0.0015,6.120878420667886e-07,0.00150060946478675,0.0015,0.0,0.0,0.0,0.0
3919,0.97975,0.98,-4.390565458655076,4.390565458655075,-4.440892098500626e-16,8.78113091731015,-0.10094523921773846,0.10094523921773846,1,1,-4.390565458655076,4.390565458655075,-6.0,6.0,0.0,12.0,0.0,0.0,0.0,0.0,0.0,0.0,0.0,0.0,0.0,0.0,0.0,0.0,0.0,0.0,6.002437859529806,6.002437859529806,7.756382341961299e-16,0.0,0.8003749923488885,0.0,-6.25,6.25,0.14415703243338493,0.1441570324333851,2.6136711573417893e-09,6.120878397437594e-07,0.0015006094648801296,0.0015,6.120878397442021e-07,0.0015006094648801296,0.0015,0.0,0.0,0.0,0.0
3959,0.98975,0.99,-4.39056545831427,4.39056545831427,0.0,8.78113091662854,-0.10094523921932552,0.10094523921932552,1,1,-4.39056545831427,4.39056545831427,-6.0,6.0,0.0,12.0,0.0,0.0,0.0,0.0,0.0,0.0,0.0,0.0,0.0,0.0,0.0,0.0,0.0,0.0,6.002437859899379,6.002437859899379,1.0516761073109393e-16,0.0,0.8003749923488886,0.0,-6.25,6.25,0.14415703243338493,0.1441570324333851,2.613672147548131e-09,6.120878374458723e-07,0.0015006094649725465,0.0015,6.120878374460403e-07,0.0015006094649725465,0.0015,0.0,0.0,0.0,0.0
3998,0.9995,0.99975,-4.3905654579853985,4.390565457985398,-4.440892098500626e-16,8.781130915970795,-0.10094523922085541,0.10094523922085541,1,1,-4.3905654579853985,4.390565457985398,-6.0,6.0,0.0,12.0,0.0,0.0,0.0,0.0,0.0,0.0,0.0,0.0,0.0,0.0,0.0,0.0,0.0,0.0,6.0024378602560455,6.0024378602560455,1.0928757898653885e-16,0.0,0.8003749923488886,0.0,-6.25,6.25,0.14415703243338493,0.1441570324333851,2.613673104281814e-09,6.120878352259498e-07,0.0015006094650617363,0.0015,6.120878352255943e-07,0.0015006094650617363,0.0015,0.0,0.0,0.0,0.0
3999,0.99975,1.0,-4.39056545797701,4.805576109257002,0.20750532563999613,9.196141567234012,-0.10094523922089593,5.532163950671653,1,1,-4.39056545797701,4.39056545797701,-6.0,6.0,0.0,12.0,0.0,0.0,0.05,0.0,0.0,-0.05,0.0,0.05,0.0,0.05,0.0,0.0,0.0,0.0,6.002437860265143,5.952437860265143,4.187188790139018e-16,0.0,0.8003749923488886,0.0,-6.25,6.25,0.14415703243338493,0.1441570324333851,2.6136731287009486e-09,6.120878351702537e-07,0.0015006094650640114,0.0015,6.120878351700831e-07,0.0015006094650640114,0.0015,0.05,0.0,0.0,0.0
4000,1.0,1.00025,-4.3905654579686235,4.816563883907566,0.21299921296947133,9.20712934187619,-0.10094523922093424,2.420333166752271,1,1,-4.3905654579686235,4.816563883907566,-6.0,6.0,0.0,12.0,0.0499875015623698,0.0,0.0499875015623698,0.0,-0.0499875015623698,-0.0499875015623698,0.0,0.0,0.0,0.0,0.0,0.0,1.2498437630200195e-05,0.0,6.002450358784868,5.952450360347237,9.979047617533418e-16,0.0,0.8003749923488886,0.0,-6.25,6.25,0.14415703243338493,0.1441570324333851,2.5406750697665966e-09,6.120878351145575e-07,0.0015006094650662856,0.0015,6.12087835114572e-07,0.0014881094650662859,0.0015,0.05,0.0,1.2498437630200195e-05,0.0
4039,1.00975,1.01,-4.390565457643259,4.833697632586165,0.2215660874714529,9.224263090229424,-0.10094523922244303,0.5061104507961095,1,1,-4.390565457643259,4.833697632586165,-6.0,6.0,0.0,12.0,0.04950249168745841,0.0,0.04950249168745841,0.0,-0.04950249168745841,-0.04950249168745841,0.0,0.0,0.0,0.0,0.0,0.0,1.2377170003650631e-05,0.0,6.00293295002955,5.95293543373208,3.1907561716480043e-16,6.938893903907228e-18,0.8003749923488886,0.0,-6.25,6.25,0.14415703243338493,0.1441570324333851,2.540765715233586e-09,6.120878329202334e-07,0.0015007301733714626,0.0015,6.120878329207713e-07,0.0014882307637371873,0.0015,0.05,0.0,0.0004975083125415973,0.0
4079,1.01975,1.02,-4.390565457312981,4.831081227987544,0.2202578853372814,9.221646685300524,-0.10094523922397125,0.36924117699798253,1,1,-4.390565457312981,4.831081227987544,-6.0,6.0,0.0,12.0,0.04900993366533778,0.0,0.04900993366533778,0.0,-0.04900993366533778,-0.04900993366533778,0.0,0.0,0.0,0.0,0.0,0.0,1.22540151043995e-05,0.0,6.0034181867586645,5.953428055640366,9.992007221626409e-16,1.3877787807814457e-17,0.8003749923488886,0.0,-6.25,6.25,0.14415703243338493,0.1441570324333851,2.540869334596486e-09,6.120878306935906e-07,0.0015008515436850708,0.0015,6.120878306936639e-07,0.0014883539500108536,0.0015,0.05,0.0,0.000990066334662235,0.0
4119,1.02975,1.03,-4.390565456986132,4.820644027840376,0.21503928542712192,9.211209484826508,-0.10094523922551113,0.3027398445370544,1,1,-4.390565456986132,4.820644027840376,-6.0,6.0,0.0,12.0,0.048522276677425445,0.0,0.048522276677425445,0.0,-0.048522276677425445,-0.048522276677425445,0.0,0.0,0.0,0.0,0.0,0.0,1.2132085616870523e-05,0.0,6.003893717520225,5.953915775264722,5.568462357885551e-16,3.469446951953614e-17,0.8003749923488888,0.0,-6.25,6.25,0.14415703243338493,0.1441570324333851,2.5409761696751167e-09,6.120878284925452e-07,0.0015009704865935872,0.0015,6.120878284920917e-07,0.0014884759104070691,0.0015,0.05,0.0,0.0014777233225745916,0.0
4159,1.03975,1.04,-4.390565456655701,4.806363876763587,0.20789921005394296,9.196929333419288,-0.10094523924718546,0.2521047576152857,1,1,-4.390565456655701,4.806363876763587,-6.0,6.0,0.0,12.0,0.04803947195761619,0.0,0.04803947195761619,0.0,-0.04803947195761619,-0.04803947195761619,0.0,0.0,0.0,0.0,0.0,0.0,1.2011369348013334e-05,0.0,6.004359687430874,5.954398641389683,1.799424934685774e-15,2.7755575615628914e-17,0.8003749923488888,0.0,-6.25,6.25,0.14415703243338493,0.1441570324333851,2.541084201491611e-09,6.120878263126559e-07,0.0015010870383882933,0.0015,6.120878263127238e-07,0.0014885966571250165,0.0015,0.05,0.0,0.0019605280423838404,0.0
4199,1.04975,1.05,-4.390565455941521,4.790446293966476,0.19994041901247783,9.181011749907997,-0.1009452401108124,0.22851559599944504,1,1,-4.390565455941521,4.790446293966476,-6.0,6.0,0.0,12.0,0.04756147122503573,0.0,0.04756147122503573,0.0,-0.04756147122503573,-0.04756147122503573,0.0,0.0,0.0,0.0,0.0,0.0,1.1891854226100452e-05,0.0,6.0048162396803235,5.95487670231435,1.0085468837026448e-15,2.7755575615628914e-17,0.8003749923488888,0.0,-6.25,6.25,0.14415703243338493,0.1441570324333851,2.5411926073709676e-09,6.120878241583628e-07,0.0015012012348785864,0.0015,6.120878241588912e-07,0.00148871620224249,0.0015,0.05,0.0,0.002438528774964301,0.0
4239,1.05975,1.06,-4.390565450050271,4.7739247134260365,0.1916796316878826,9.164490163476309,-0.10094524992970755,0.2022128397711881,1,1,-4.390565450050271,4.7739247134260365,-6.0,6.0,0.0,12.0,0.04708822667921245,0.0,0.04708822667921245,0.0,-0.04708822667921245,-0.04708822667921245,0.0,0.0,0.0,0.0,0.0,0.0,1.1773528299520091e-05,0.0,6.005263515555304,5.95535000585721,1.1251816264736675e-15,1.3877787807814457e-17,0.8003749923488888,0.0,-6.25,6.25,0.14415703243338493,0.1441570324333851,2.5413009657709228e-09,6.120878220252249e-07,0.0015013131113979705,0.0015,6.120878220250425e-07,0.0014888345577171015,0.0015,0.05,0.0,0.002911773320787567,0.0
4279,1.06975,1.07,-4.390565413658605,4.757808764469083,0.18362167540523933,9.148374178127689,-0.10094530306260174,0.18218545172020373,1,1,-4.390565413658605,4.757808764469083,-6.0,6.0,0.0,12.0,0.046619690995297426,0.0,0.046619690995297426,0.0,-0.046619690995297426,-0.046619690995297426,0.0,0.0,0.0,0.0,0.0,0.0,1.1656379735580992e-05,0.0,6.00570165446325,5.955818599360899,3.7734470767231826e-16,1.3877787807814457e-17,0.8003749923488889,0.0,-6.25,6.25,0.14415703243338493,0.1441570324333851,2.541409029528026e-09,6.120878199143515e-07,0.0015014227028099785,0.0015,6.120878199145085e-07,0.001488951735387469,0.0015,0.05,0.0,0.0033803090047025922,0.0
4319,1.07975,1.08,-4.3905652695222726,4.742259022050115,0.17584687626392137,9.132824291572387,-0.10094548503362721,0.17560953568723614,1,1,-4.3905652695222726,4.742259022050115,-6.0,6.0,0.0,12.0,0.0461558173193318,0.0,0.0461558173193318,0.0,-0.0461558173193318,-0.0461558173193318,0.0,0.0,0.0,0.0,0.0,0.0,1.1540396819329132e-05,0.0,6.006130793955709,5.956282529696938,5.585928177257934e-16,6.938893903907228e-18,0.8003749923488889,0.0,-6.25,6.25,0.14415703243338493,0.1441570324333851,2.541516640228369e-09,6.120878178301833e-07,0.0015015300435140258,0.0015,6.1208781783062e-07,0.0014890677469744026,0.0015,0.05,0.0,0.003844182680668214,0.0
4359,1.08975,1.09,-4.390564852795435,4.727473055287202,0.16845410124588378,9.118037908082638,-0.1009459469240942,0.16236911666537623,1,1,-4.390564852795435,4.727473055287202,-6.0,6.0,0.0,12.0,0.04569655926356142,0.0,0.04569655926356142,0.0,-0.04569655926356142,-0.04569655926356142,0.0,0.0,0.0,0.0,0.0,0.0,1.1425567952376235e-05,0.0,6.006551069751464,5.956741843270411,1.6473367808744754e-15,1.3877787807814457e-17,0.8003749923488889,0.0,-6.25,6.25,0.14415703243338493,0.1441570324333851,2.541623689605637e-09,6.120878157649482e-07,0.0015016351674511927,0.0015,6.120878157644949e-07,0.0014891826040820749,0.0015,0.05,0.0,0.004303440736438594,0.0
4399,1.09975,1.1,-4.390563886576972,4.713758447192317,0.16159728030767262,9.10432233376929,-0.10094690097958603,0.1591475679027804,1,1,-4.390563886576972,4.713758447192317,-6.0,6.0,0.0,12.0,0.045241870901797994,0.0,0.045241870901797994,0.0,-0.045241870901797994,-0.045241870901797994,0.0,0.0,0.0,0.0,0.0,0.0,1.1311881651739915e-05,0.0,6.006962615759392,5.95719658602461,5.412930168110716e-16,1.3877787807814457e-17,0.8003749923488889,0.0,-6.25,6.25,0.14415703243338493,0.1441570324333851,2.541730099929627e-09,6.120878137219763e-07,0.0015017381081099416,0.0015,6.120878137216845e-07,0.0014892963181991814,0.0015,0.05,0.0,0.004758129098202024,0.0
4439,1.10975,1.11,-4.390561976845969,4.700702138675321,0.15507008091467567,9.091264115521291,-0.10094860128782468,0.14943664466624207,1,1,-4.390561976845969,4.700702138675321,-6.0,6.0,0.0,12.0,0.04479170676482643,0.0,0.04479170676482643,0.0,-0.04479170676482643,-0.04479170676482643,0.0,0.0,0.0,0.0,0.0,0.0,1.1199326548695369e-05,0.0,6.007365564101043,5.957646803445638,3.5713619561672516e-16,1.3877787807814457e-17,0.800374992348889,0.0,-6.25,6.25,0.14415703243338493,0.1441570324333851,2.5418358131640826e-09,6.120878117012671e-07,0.0015018388985317626,0.0015,6.120878117010787e-07,0.0014894089007000903,0.0015,0.05,0.0,0.005208293235173587,0.0
4479,1.11975,1.12,-4.390558625832615,4.688758022971856,0.1490996985696209,9.079316648804472,-0.10095131821706127,0.14781761850662045,1,1,-4.390558625832615,4.688758022971856,-6.0,6.0,0.0,12.0,0.044346021835857896,0.0,0.044346021835857896,0.0,-0.044346021835857896,-0.044346021835857896,0.0,0.0,0.0,0.0,0.0,0.0,1.1087891387638494e-05,0.0,6.007760045132948,5.9580925405669385,4.544975507059235e-16,2.0816681711721685e-17,0.800374992348889,0.0,-6.25,6.25,0.14415703243338493,0.1441570324333851,2.5419407845874008e-09,6.120878097028202e-07,0.0015019375713167522,0.0015,6.120878097026772e-07,0.0014895203628459788,0.0015,0.05,0.0,0.005653978164142127,0.0
4519,1.12975,1.1300000000000001,-4.390553257857449,4.677404952512374,0.14342584732746255,9.067958210369824,-0.1009553140113062,0.14016173615442884,1,1,-4.390553257857449,4.677404952512374,-6.0,6.0,0.0,12.0,0.043904771546028086,0.0,0.043904771546028086,0.0,-0.043904771546028086,-0.043904771546028086,0.0,0.0,0.0,0.0,0.0,0.0,1.0977565024960324e-05,0.0,6.008146187468669,5.958533841973816,3.7123590605672024e-16,2.0816681711721685e-17,0.800374992348889,0.0,-6.25,6.25,0.14415703243338493,0.1441570324333851,2.542044978854501e-09,6.120878077266351e-07,0.0015020341586291276,0.0015,6.120878077264802e-07,0.0014896307157859598,0.0015,0.05,0.0,0.006095228453971935,0.0
4559,1.13975,1.1400000000000001,-4.390545250782469,4.666974351092404,0.13821455015496742,9.057519601874873,-0.1009608236653603,0.13937506516993048,1,1,-4.390545250782469,4.666974351092404,-6.0,6.0,0.0,12.0,0.04346791176994032,0.0,0.04346791176994032,0.0,-0.04346791176994032,-0.04346791176994032,0.0,0.0,0.0,0.0,0.0,0.0,1.0868336427932652e-05,0.0,6.008524118000571,5.958970751807893,3.445594504158933e-16,2.7755575615628914e-17,0.800374992348889,0.0,-6.25,6.25,0.14415703243338493,0.1441570324333851,2.5421483674692e-09,6.120878057693806e-07,0.001502128692202672,0.0015,6.12087805769157e-07,0.0014897399705581984,0.0015,0.05,0.0,0.006532088230059713,0.0
4599,1.14975,1.1500000000000001,-4.3905339675500965,4.657178913859267,0.13332247315458545,9.047712881409364,-0.10096804236690238,0.13302050026815004,1,1,-4.3905339675500965,4.657178913859267,-6.0,6.0,0.0,12.0,0.043035398821252915,0.0,0.043035398821252915,0.0,-0.043035398821252915,-0.043035398821252915,0.0,0.0,0.0,0.0,0.0,0.0,1.0760194673604748e-05,0.0,6.008893961921345,5.959403313771514,3.3997700217124754e-16,2.0816681711721685e-17,0.800374992348889,0.0,-6.25,6.25,0.14415703243338493,0.1441570324333851,2.54225092710714e-09,6.120878038332768e-07,0.0015022212033461162,0.0015,6.120878038329281e-07,0.001489848138091013,0.0015,0.05,0.0,0.006964601178747111,0.0
4639,1.15975,1.16,-4.390518784250094,4.64799307282803,0.128737144288968,9.038511857078124,-0.10097711905800388,0.13269099444790766,1,1,-4.390518784250094,4.64799307282803,-6.0,6.0,0.0,12.0,0.042607189448310594,0.0,0.042607189448310594,0.0,-0.042607189448310594,-0.042607189448310594,0.0,0.0,0.0,0.0,0.0,0.0,1.0653128947711066e-05,0.0,6.009255842745273,5.959831571132131,9.41997199102769e-16,2.7755575615628914e-17,0.8003749923488891,0.0,-6.25,6.25,0.14415703243338493,0.1441570324333851,2.5423526384696176e-09,6.120878019205436e-07,0.0015023117229484562,0.0015,6.120878019200138e-07,0.0014899552292039716,0.0015,0.05,0.0,0.007392810551689436,0.0
4679,1.16975,1.17,-4.390499112917133,4.639513290106907,0.12450708859488735,9.03001240302404,-0.10098815488573276,0.1324080797998073,1,1,-4.390499112917133,4.639513290106907,-6.0,6.0,0.0,12.0,0.04218324082981922,0.0,0.04218324082981922,0.0,-0.04218324082981922,-0.04218324082981922,0.0,0.0,0.0,0.0,0.0,0.0,1.0547128543589792e-05,0.0,6.009609882329229,5.960255566726621,6.915041456112547e-16,3.469446951953614e-17,0.8003749923488891,0.0,-6.25,6.25,0.14415703243338493,0.1441570324333851,2.5424534854784336e-09,6.120878000256293e-07,0.0015024002814842058,0.0015,6.120878000259733e-07,0.001490061254608971,0.0015,0.05,0.0,0.007816759170180817,0.0
4719,1.17975,1.18,-4.390474418541893,4.631422752963779,0.12047416721094306,9.021897171505671,-0.1010012051362319,0.1271466817222,1,1,-4.390474418541893,4.631422752963779,-6.0,6.0,0.0,12.0,0.04176351057056364,0.0,0.04176351057056364,0.0,-0.04176351057056364,-0.04176351057056364,0.0,0.0,0.0,0.0,0.0,0.0,1.044218286111218e-05,0.0,6.009956200893433,5.960675342965576,1.3231603313013096e-15,4.163336342344337e-17,0.8003749923488891,0.0,-6.25,6.25,0.14415703243338493,0.1441570324333851,2.5425534546953137e-09,6.120877981540847e-07,0.0015024869090185865,0.0015,6.120877981541373e-07,0.001490166224911311,0.0015,0.05,0.0,0.008236489429436403,0.0
4759,1.18975,1.19,-4.390444230577002,4.623837720232614,0.11669674482780579,9.014281950809616,-0.10101628338385793,0.12708605616398527,1,1,-4.390444230577002,4.623837720232614,-6.0,6.0,0.0,12.0,0.041347956697168134,0.0,0.041347956697168134,0.0,-0.041347956697168134,-0.041347956697168134,0.0,0.0,0.0,0.0,0.0,0.0,1.033828140562252e-05,0.0,6.010294917041962,5.961090941837546,1.308848862624501e-15,1.3877787807814457e-17,0.8003749923488891,0.0,-6.25,6.25,0.14415703243338493,0.1441570324333851,2.5426525348925475e-09,6.12087796299248e-07,0.0015025716352126564,0.0015,6.120877962989546e-07,0.001490270150610753,0.0015,0.05,0.0,0.008652043302831886,0.0
4799,1.19975,1.2,-4.390408149640892,4.61677194967168,0.11318190001539374,9.007180099312572,-0.10103336684391284,0.12703273593361486,1,1,-4.390408149640892,4.61677194967168,-6.0,6.0,0.0,12.0,0.04093653765389912,0.0,0.04093653765389912,0.0,-0.04093653765389912,-0.04093653765389912,0.0,0.0,0.0,0.0,0.0,0.0,1.0235413786888694e-05,0.0,6.010626147783011,5.96150240491323,1.0076574991080278e-15,2.0816681711721685e-17,0.8003749923488891,0.0,-6.25,6.25,0.14415703243338493,0.1441570324333851,2.542750716727588e-09,6.120877944655597e-07,0.0015026544893283773,0.0015,6.120877944659765e-07,0.0014903730421025722,0.0015,0.05,0.0,0.00906346234610091,0.0
4839,1.20975,1.21,-4.390365850287371,4.6100814619804575,0.10985780584654314,9.000447312267829,-0.10105240218896916,0.12245138238332731,1,1,-4.390365850287371,4.6100814619804575,-6.0,6.0,0.0,12.0,0.0405292122985094,0.0,0.0405292122985094,0.0,-0.0405292122985094,-0.0405292122985094,0.0,0.0,0.0,0.0,0.0,0.0,1.0133569718063098e-05,0.0,6.0109500085489,5.961909773349648,2.1342350358787704e-16,4.85722573273506e-17,0.8003749923488892,0.0,-6.25,6.25,0.14415703243338493,0.1441570324333851,2.5428479924905086e-09,6.120877926507987e-07,0.0015027355002336176,0.0015,6.120877926507618e-07,0.0014904749096785956,0.0015,0.05,0.0,0.009470787701490648,0.0
4879,1.2197500000000001,1.22,-4.390317080716341,4.603668278762285,0.10667559902297219,8.993985359478625,-0.10107331132618524,0.12251486841518888,1,1,-4.390317080716341,4.603668278762285,-6.0,6.0,0.0,12.0,0.040125939898123984,0.0,0.040125939898123984,0.0,-0.040125939898123984,-0.040125939898123984,0.0,0.0,0.0,0.0,0.0,0.0,1.0032739014653978e-05,0.0,6.011266613215857,5.962313087894246,4.612196041753336e-16,6.245004513516506e-17,0.8003749923488892,0.0,-6.25,6.25,0.14415703243338493,0.1441570324333851,2.5429443559035455e-09,6.120877908582954e-07,0.001502814696407101,0.0015,6.120877908577516e-07,0.001490575763528232,0.0015,0.05,0.0,0.00987406010187608,0.0
4919,1.2297500000000001,1.23,-4.3902616602234295,4.597648538557134,0.10369343916685247,8.987910198780565,-0.10109599682091464,0.1225714243492193,1,1,-4.3902616602234295,4.597648538557134,-6.0,6.0,0.0,12.0,0.039726680125166745,0.0,0.039726680125166745,0.0,-0.039726680125166745,-0.039726680125166745,0.0,0.0,0.0,0.0,0.0,0.0,9.93291159350696e-06,0.0,6.0115760741235595,5.962712388888974,4.456070928915423e-16,4.163336342344337e-17,0.8003749923488892,0.0,-6.25,6.25,0.14415703243338493,0.1441570324333851,2.543039801958545e-09,6.120877890813881e-07,0.00150289210594329,0.0015,6.120877890813948e-07,0.0014906756137394912,0.0015,0.05,0.0,0.0102733198748333,0.0
4959,1.2397500000000001,1.24,-4.390199475070795,4.591982658739736,0.1008915918344706,8.982182133810532,-0.10112034679055915,0.12262204501124141,1,1,-4.390199475070795,4.591982658739736,-6.0,6.0,0.0,12.0,0.03933139305332772,0.0,0.03933139305332772,0.0,-0.03933139305332772,-0.03933139305332772,0.0,0.0,0.0,0.0,0.0,0.0,9.834077471796752e-06,0.0,6.011878502094432,5.96310771627433,7.93888406077671e-16,5.551115123125783e-17,0.8003749923488892,0.0,-6.25,6.25,0.14415703243338493,0.1441570324333851,2.5431343267825484e-09,6.120877873256272e-07,0.0015029677565572158,0.0015,6.120877873261321e-07,0.001490774470299994,0.0015,0.05,0.0,0.010668606946672331,0.0
4999,1.24975,1.25,-4.390130473336457,4.5866067263244865,0.09823812649401464,8.976737199660944,-0.10114623918964116,0.11857231181019834,1,1,-4.390130473336457,4.5866067263244865,-6.0,6.0,0.0,12.0,0.038940039153570284,0.0,0.038940039153570284,0.0,-0.038940039153570284,-0.038940039153570284,0.0,0.0,0.0,0.0,0.0,0.0,9.73622676602881e-06,0.0,6.012174006452721,5.963499109593339,9.073552456259626e-16,3.469446951953614e-17,0.8003749923488892,0.0,-6.25,6.25,0.14415703243338493,0.1441570324333851,2.5432279275246395e-09,6.120877855876818e-07,0.0015030416755892465,0.0015,6.120877855875229e-07,0.00149087234309797,0.0015,0.05,0.0,0.011059960846429755,0.0
5039,1.25975,1.26,-4.390054659181021,4.581379806714544,0.09566257376676157,8.971434465895566,-0.10117354547126756,0.11868165783353701,1,1,-4.390054659181021,4.581379806714544,-6.0,6.0,0.0,12.0,0.03855257929017832,0.0,0.03855257929017832,0.0,-0.03855257929017832,-0.03855257929017832,0.0,0.0,0.0,0.0,0.0,0.0,9.639349691051015e-06,0.0,6.012462695043339,5.963886607995529,1.115427195053087e-15,0.0,0.8003749923488893,0.0,-6.25,6.25,0.14415703243338493,0.1441570324333851,2.543320602259182e-09,6.120877838697719e-07,0.0015031138900097984,0.0015,6.120877838700078e-07,0.001490969241923247,0.0015,0.05,0.0,0.01144742070982168,0.0
5079,1.26975,1.27,-4.389972086866147,4.576431669457847,0.09322979129584974,8.966403756323995,-0.10120213365014952,0.11878077387763197,1,1,-4.389972086866147,4.576431669457847,-6.0,6.0,0.0,12.0,0.03816897471684268,0.0,0.03816897471684268,0.0,-0.03816897471684268,-0.03816897471684268,0.0,0.0,0.0,0.0,0.0,0.0,9.543436559075155e-06,0.0,6.012744674250476,5.964270250240821,7.966006055747793e-16,0.0,0.8003749923488893,0.0,-6.25,6.25,0.14415703243338493,0.1441570324333851,2.543412349901914e-09,6.120877821696764e-07,0.001503184426423993,0.0015,6.120877821691462e-07,0.0014910651764682298,0.0015,0.05,0.0,0.01183102528315733,0.0
5119,1.27975,1.28,-4.3898828547712405,4.571737823397383,0.09092748431307118,8.961620678168623,-0.10123187081518104,0.1188709199465876,1,1,-4.3898828547712405,4.571737823397383,-6.0,6.0,0.0,12.0,0.03778918707278627,0.0,0.03778918707278627,0.0,-0.03778918707278627,-0.03778918707278627,0.0,0.0,0.0,0.0,0.0,0.0,9.448477778708085e-06,0.0,6.013020049015999,5.964650074703432,1.903723489612985e-16,1.3877787807814457e-17,0.8003749923488893,0.0,-6.25,6.25,0.14415703243338493,0.1441570324333851,2.5435031701363004e-09,6.120877804873953e-07,0.001503253311076255,0.0015,6.120877804871583e-07,0.001491160156328871,0.0015,0.05,0.0,0.012210812927213715,0.0
5159,1.28975,1.29,-4.389787099583376,4.567276781548056,0.08874484098233992,8.957063881131432,-0.10126262515071205,0.11895316477008477,1,1,-4.389787099583376,4.567276781548056,-6.0,6.0,0.0,12.0,0.03741317837892827,0.0,0.03741317837892827,0.0,-0.03741317837892827,-0.03741317837892827,0.0,0.0,0.0,0.0,0.0,0.0,9.35446385399265e-06,0.0,6.0132889228576145,5.965026119375696,4.320071318904273e-16,0.0,0.8003749923488893,0.0,-6.25,6.25,0.14415703243338493,0.1441570324333851,2.5435930633482504e-09,6.120877788218177e-07,0.0015033205698548576,0.0015,6.12087778822934e-07,0.001491254191005629,0.0015,0.05,0.0,0.012586821621071732,0.0
5199,1.29975,1.3,-4.389684990779064,4.563029596236073,0.08667230272850457,8.952714587015137,-0.10129426752903847,0.11902842002164626,1,1,-4.389684990779064,4.563029596236073,-6.0,6.0,0.0,12.0,0.03704091103408591,0.0,0.03704091103408591,0.0,-0.03704091103408591,-0.03704091103408591,0.0,0.0,0.0,0.0,0.0,0.0,9.261385383458027e-06,0.0,6.0135513978868245,5.965398421871871,2.211772431870429e-15,6.938893903907228e-18,0.8003749923488893,0.0,-6.25,6.25,0.14415703243338493,0.1441570324333851,2.5436820305677232e-09,6.120877771740533e-07,0.0015033862282964106,0.0015,6.120877771764732e-07,0.0014913472899044206,0.0015,0.05,0.0,0.0129590889659141,0.0
5239,1.30975,1.31,-4.389576725472814,4.558866963182881,0.08464511885503345,8.948443688655695,-0.10132667273543283,0.11540896584293248,1,1,-4.389576725472814,4.558866963182881,-6.0,6.0,0.0,12.0,0.036672347811214485,0.0,0.036672347811214485,0.0,-0.036672347811214485,-0.036672347811214485,0.0,0.0,0.0,0.0,0.0,0.0,9.169233059179596e-06,0.0,6.013807574826661,5.965767019431905,3.142017895862992e-16,1.3877787807814457e-17,0.8003749923488894,0.0,-6.25,6.25,0.14415703243338493,0.1441570324333851,2.5437700734161206e-09,6.120877755418814e-07,0.0015034503115902965,0.0015,6.120877755488863e-07,0.001491439462337559,0.0015,0.05,0.0,0.013327652188785531,0.0
5279,1.31975,1.32,-4.389462523674603,4.554878088848753,0.08270778258707479,8.944340612523355,-0.10135972038287588,0.11551192812579936,1,1,-4.389462523674603,4.554878088848753,-6.0,6.0,0.0,12.0,0.03630745185368459,0.0,0.03630745185368459,0.0,-0.03630745185368459,-0.03630745185368459,0.0,0.0,0.0,0.0,0.0,0.0,9.077997665848141e-06,0.0,6.01405755302921,5.966131948925146,2.174619872737961e-15,3.469446951953614e-17,0.8003749923488894,0.0,-6.25,6.25,0.14415703243338493,0.1441570324333851,2.54385719405861e-09,6.12087773927522e-07,0.0015035128445830522,0.0015,6.120877739390629e-07,0.0014915307175246886,0.0015,0.05,0.0,0.013692548146315448,0.0
5319,1.32975,1.33,-4.389342623974055,4.55106580355345,0.0808615897896976,8.940408427527505,-0.10139329556821786,0.11560688291494425,1,1,-4.389342623974055,4.55106580355345,-6.0,6.0,0.0,12.0,0.03594618667159636,0.0,0.03594618667159636,0.0,-0.03594618667159636,-0.03594618667159636,0.0,0.0,0.0,0.0,0.0,0.0,8.987670079848288e-06,0.0,6.014301430492918,5.96649324685405,5.5804224631007815e-16,3.469446951953614e-17,0.8003749923488894,0.0,-6.25,6.25,0.14415703243338493,0.1441570324333851,2.543943395160684e-09,6.120877723209828e-07,0.0015035738517826982,0.0015,6.120877723425622e-07,0.0014916210645937035,0.0015,0.05,0.0,0.014053813328403681,0.0
5359,1.33975,1.34,-4.389217279651674,4.547417311767888,0.07910001605810724,8.936634591419562,-0.10142728931546163,0.11569464911202643,1,1,-4.389217279651674,4.547417311767888,-6.0,6.0,0.0,12.0,0.03558851613813053,0.0,0.03558851613813053,0.0,-0.03558851613813053,-0.03558851613813053,0.0,0.0,0.0,0.0,0.0,0.0,8.898241268346168e-06,0.0,6.014539303879699,5.966850949357817,1.3242445334737951e-15,2.0816681711721685e-17,0.8003749923488894,0.0,-6.25,6.25,0.14415703243338493,0.1441570324333851,2.544028679848409e-09,6.120877707222631e-07,0.001503633357363013,0.0015,6.120877707660455e-07,0.001491710512581664,0.0015,0.05,0.0,0.014411483861869499,0.0
5399,1.34975,1.35,-4.389086755205385,4.543921127793193,0.07741718629390393,8.933007882998577,-0.10146159884581896,0.11577594204708219,1,1,-4.389086755205385,4.543921127793193,-6.0,6.0,0.0,12.0,0.035234404485935726,0.0,0.035234404485935726,0.0,-0.035234404485935726,-0.035234404485935726,0.0,0.0,0.0,0.0,0.0,0.0,8.809702288386113e-06,0.0,6.014771268531824,5.967205092216011,9.881418600032887e-16,3.469446951953614e-17,0.8003749923488894,0.0,-6.25,6.25,0.14415703243338493,0.1441570324333851,2.544113051671939e-09,6.120877691213709e-07,0.0015036913851677615,0.0015,6.120877692039616e-07,0.0014917990704356972,0.0015,0.05,0.0,0.01476559551406431,0.0
5439,1.35975,1.36,-4.388951323272479,4.540566904950973,0.07580779083924716,8.92951822822345,-0.10149612770848582,0.1158513889859486,1,1,-4.388951323272479,4.540566904950973,-6.0,6.0,0.0,12.0,0.0348838163035516,0.0,0.0348838163035516,0.0,-0.0348838163035516,-0.0348838163035516,0.0,0.0,0.0,0.0,0.0,0.0,8.722044285996334e-06,0.0,6.014997418488612,5.96755571085214,1.0807327255335508e-15,1.3877787807814457e-17,0.8003749923488895,0.0,-6.25,6.25,0.14415703243338493,0.1441570324333851,2.544196514571898e-09,6.120877675016519e-07,0.0015037479587148674,0.0015,6.120877676618619e-07,0.0014918867470138958,0.0015,0.05,0.0,0.015116183696448422,0.0
5479,1.36975,1.37,-4.3888112619220605,4.5373405950773344,0.07426466657763697,8.926151856999395,-0.10153078580088903,0.1125062283478967,1,1,-4.3888112619220605,4.5373405950773344,-6.0,6.0,0.0,12.0,0.034536716531867774,0.0,0.034536716531867774,0.0,-0.034536716531867774,-0.034536716531867774,0.0,0.0,0.0,0.0,0.0,0.0,8.635258495303551e-06,0.0,6.015217846502932,5.9679028403372,8.914937066556786e-16,6.938893903907228e-18,0.8003749923488895,0.0,-6.25,6.25,0.14415703243338493,0.1441570324333851,2.5442790728483485e-09,6.120877658420121e-07,0.0015038031012005373,0.0015,6.12087766134195e-07,0.0014919735510862,0.0015,0.05,0.0,0.015463283468132239,0.0
5519,1.37975,1.3800000000000001,-4.38866685229031,4.534149879095361,0.07274151340252555,8.922816731385671,-0.10156548930247422,0.11259640534543869,1,1,-4.38866685229031,4.534149879095361,-6.0,6.0,0.0,12.0,0.03419307046061785,0.0,0.03419307046061785,0.0,-0.03419307046061785,-0.03419307046061785,0.0,0.0,0.0,0.0,0.0,0.0,8.549336237656377e-06,0.0,6.015432644057476,5.968246515393179,6.285170815875304e-16,2.7755575615628914e-17,0.8003749923488895,0.0,-6.25,6.25,0.14415703243338493,0.1441570324333851,2.544360731132081e-09,6.120877641058134e-07,0.0015038568355033347,0.0015,6.120877646231815e-07,0.0014920594913352776,0.0015,0.05,0.0,0.015806929539382182,0.0
5559,1.38975,1.3900000000000001,-4.3885183765296905,4.531080473390757,0.07128104843053329,8.919598849920447,-0.10160016054208243,0.11268055677358835,1,1,-4.3885183765296905,4.531080473390757,-6.0,6.0,0.0,12.0,0.0338528437249083,0.0,0.0338528437249083,0.0,-0.0338528437249083,-0.0338528437249083,0.0,0.0,0.0,0.0,0.0,0.0,8.464268920757437e-06,0.0,6.015641901380868,5.968586770396534,4.139483894549656e-16,3.469446951953614e-17,0.8003749923488895,0.0,-6.25,6.25,0.14415703243338493,0.1441570324333851,2.544441494357999e-09,6.120877622353238e-07,0.0015039091841882039,0.0015,6.120877631288213e-07,0.0014921445763573925,0.0015,0.05,0.0,0.016147156275091737,0.0
5598,1.3995,1.39975,-4.38836996643578,4.528197480466852,0.0699137570155357,8.916567446902633,-0.10163386544137565,0.11275730713594112,1,1,-4.38836996643578,4.528197480466852,-6.0,6.0,0.0,12.0,0.03352438234981984,0.0,0.03352438234981984,0.0,-0.03352438234981984,-0.03352438234981984,0.0,0.0,0.0,0.0,0.0,0.0,8.382143311711926e-06,0.0,6.015840678041785,5.9689152586530465,6.547429157004181e-16,3.469446951953614e-17,0.8003749923488895,0.0,-6.25,6.25,0.14415703243338493,0.1441570324333851,2.544519381707423e-09,6.120877602095799e-07,0.001503958911316637,0.0015,6.120877616877518e-07,0.0014922267189571901,0.0015,0.05,0.0,0.0164756176501802,0.0
5599,1.39975,1.4000000000000001,-4.388366116043272,4.927144171805666,0.2693890278811968,9.315510287848937,-0.10163472781539618,5.68613094665104,1,1,-4.388366116043272,4.5281249235131575,-6.0,6.0,0.0,12.0,0.03351600230178203,0.0,0.08351600230178205,0.0,-0.03351600230178203,-0.08351600230178205,0.0,0.05,0.0,0.05000000000000002,0.0,0.0,8.38004803780415e-06,0.0,6.0158457074635505,5.918923639381624,8.650340914493487e-16,2.7755575615628914e-17,0.8003749923488895,0.0,-6.25,6.25,0.14415703243338493,0.1441570324333851,2.5445213677404097e-09,6.120877601539375e-07,0.0015039601695104462,0.0015,6.120877616511144e-07,0.0014922288146632615,0.0015,0.10000000000000002,0.0,0.016483997698218004,0.0
5600,1.4000000000000001,1.40025,-4.388362263459962,4.934931758840025,0.2732847476900315,9.323294022299986,-0.10163559008292578,1.4757683832580097,1,1,-4.388362263459962,4.934931758840025,-6.0,6.0,0.0,12.0,0.0834951259108642,0.0,0.0834951259108642,0.0,-0.0834951259108642,-0.0834951259108642,0.0,0.0,0.0,0.0,0.0,0.0,2.087639091784958e-05,0.0,6.015863232035087,5.918944518079264,6.151763126682752e-16,4.163336342344337e-17,0.8003749923488895,0.0,-6.25,6.25,0.14415703243338493,0.1441570324333851,2.4802754780421493e-09,6.120877600982952e-07,0.0015039614268658875,0.0015,6.120877616133668e-07,0.001479730909845406,0.0015,0.10000000000000002,0.0,0.016504874089135854,0.0
5639,1.40975,1.41,-4.388210349976139,4.944199538425971,0.277994594224916,9.33240988840211,-0.10166912516598292,0.536886665125359,1,1,-4.388210349976139,4.944199538425971,-6.0,6.0,0.0,12.0,0.08268500419427446,0.0,0.08268500419427446,0.0,-0.08268500419427446,-0.08268500419427446,0.0,0.0,0.0,0.0,0.0,0.0,2.0673835170288677e-05,0.0,6.016539239127571,5.919754728800726,4.320952233169417e-16,2.7755575615628914e-17,0.8003749923488896,0.0,-6.25,6.25,0.14415703243338493,0.1441570324333851,2.4804434191892932e-09,6.120877577395298e-07,0.0015041305215516597,0.0015,6.12087760190061e-07,0.0014799335131766465,0.0015,0.10000000000000002,0.0,0.017314995805725587,0.0
5679,1.41975,1.42,-4.388051353937163,4.936831153762404,0.27438989991262064,9.324882507699567,-0.1017032921409089,0.38345501785800373,1,1,-4.388051353937163,4.936831153762404,-6.0,6.0,0.0,12.0,0.08186227465609071,0.0,0.08186227465609071,0.0,-0.08186227465609071,-0.08186227465609071,0.0,0.0,0.0,0.0,0.0,0.0,2.046812707330201e-05,0.0,6.017217640851755,5.920577547706107,1.098290024464238e-15,5.551115123125783e-17,0.8003749923488896,0.0,-6.25,6.25,0.14415703243338493,0.1441570324333851,2.4806244265810427e-09,6.120877548288974e-07,0.0015043002158333463,0.0015,6.120877587412199e-07,0.0014801392693420785,0.0015,0.10000000000000002,0.0,0.018137725343909363,0.0
5719,1.42975,1.43,-4.387889398926119,4.922173110165271,0.2671418556195757,9.31006250909139,-0.10173717352979506,0.3158737418337515,1,1,-4.387889398926119,4.922173110165271,-6.0,6.0,0.0,12.0,0.08104773141359137,0.0,0.08104773141359137,0.0,-0.08104773141359137,-0.08104773141359137,0.0,0.0,0.0,0.0,0.0,0.0,2.0264465806079507e-05,0.0,6.0178811450731855,5.9213921784008114,7.541710311809169e-16,8.326672684688674e-17,0.8003749923488896,0.0,-6.25,6.25,0.14415703243338493,0.1441570324333851,2.4808074896881653e-09,6.120877511977749e-07,0.001504466184296183,0.0015,6.120877573112526e-07,0.0014803429779429514,0.0015,0.10000000000000002,0.0,0.018952268586408732,0.0
5759,1.43975,1.44,-4.387724750436564,4.904366400602446,0.25832082508294096,9.29209115103901,-0.10177071911435909,0.2632548606110452,1,1,-4.387724750436564,4.904366400602446,-6.0,6.0,0.0,12.0,0.08024129301177337,0.0,0.08024129301177337,0.0,-0.08024129301177337,-0.08024129301177337,0.0,0.0,0.0,0.0,0.0,0.0,2.0062831002324718e-05,0.0,6.018529981101346,5.922198702368996,4.198979488764798e-16,8.326672684688674e-17,0.8003749923488898,0.0,-6.25,6.25,0.14415703243338493,0.1441570324333851,2.480990813281167e-09,6.120877465341891e-07,0.0015046284842869689,0.0015,6.120877558968285e-07,0.0014805446593553965,0.0015,0.10000000000000002,0.0,0.019758706988226734,0.0
5799,1.44975,1.45,-4.387557667386047,4.885539862673269,0.24899109764361116,9.273097530059317,-0.10180388417556863,0.22746808577576938,1,1,-4.387557667386047,4.885539862673269,-6.0,6.0,0.0,12.0,0.07944287880612451,0.0,0.07944287880612451,0.0,-0.07944287880612451,-0.07944287880612451,0.0,0.0,0.0,0.0,0.0,0.0,1.9863202498389245e-05,0.0,6.019164375157255,5.9229972002839775,5.094361076648374e-16,8.326672684688674e-17,0.8003749923488899,0.0,-6.25,6.25,0.14415703243338493,0.1441570324333851,2.4811736650888674e-09,6.120877404340188e-07,0.0015047871723801423,0.0015,6.120877544968373e-07,0.0014807443337527873,0.0015,0.10000000000000002,0.0,0.020557121193875597,0.0
5839,1.45975,1.46,-4.3873855387233345,4.866595433881846,0.23960494757925588,9.25398097260518,-0.09929296423278777,0.21428776969189323,1,1,-4.3873855387233345,4.866595433881846,-6.0,6.0,0.0,12.0,0.07865240895455884,0.0,0.07865240895455884,0.0,-0.07865240895455884,-0.07865240895455884,0.0,0.0,0.0,0.0,0.0,0.0,1.9665560331256324e-05,0.0,6.019784550412197,5.923787752016281,1.545408224133682e-15,5.551115123125783e-17,0.8003749923488899,0.0,-6.25,6.25,0.14415703243338493,0.1441570324333851,2.4813556678437756e-09,6.120877323610257e-07,0.0015049423043874688,0.0015,6.120877531146097e-07,0.0014809420211077478,0.0015,0.10000000000000002,0.0,0.02134759104544123,0.0
5879,1.4697500000000001,1.47,-4.3872099166646965,4.8482628611114835,0.2305264722233935,9.235472777776181,-0.09932436014869261,0.1941082658806048,1,1,-4.3872099166646965,4.8482628611114835,-6.0,6.0,0.0,12.0,0.07786980440943252,0.0,0.07786980440943252,0.0,-0.07786980440943252,-0.07786980440943252,0.0,0.0,0.0,0.0,0.0,0.0,1.9469884736544548e-05,0.0,6.0203907270259975,5.92457043664162,1.064036012077274e-15,1.3877787807814457e-17,0.8003749923488901,0.0,-6.25,6.25,0.14415703243338493,0.1441570324333851,2.4815365985227227e-09,6.120877216279811e-07,0.0015050939353676112,0.0015,6.120877517501456e-07,0.0014811377411941499,0.0015,0.10000000000000002,0.0,0.022130195590567513,0.0
5919,1.4797500000000001,1.48,-4.387032446938052,4.830988901435654,0.22197822724880067,9.218021348373707,-0.09935541869575737,0.1783544520762359,1,1,-4.387032446938052,4.830988901435654,-6.0,6.0,0.0,12.0,0.0770949869096389,0.0,0.0770949869096389,0.0,-0.0770949869096389,-0.0770949869096389,0.0,0.0,0.0,0.0,0.0,0.0,1.927615614653139e-05,0.0,6.020983122184859,5.925345332448803,7.374675414610621e-16,1.3877787807814457e-17,0.8003749923488902,0.0,-6.25,6.25,0.14415703243338493,0.1441570324333851,2.481716312697994e-09,6.120877073633601e-07,0.0015052421196355894,0.0015,6.120877504078859e-07,0.0014813315135890895,0.0015,0.10000000000000002,0.0,0.02290501309036114,0.0
5959,1.4897500000000001,1.49,-4.386853203942623,4.814808365423539,0.2139775807404578,9.201661569366163,-0.09938623429553262,0.1749215925553077,1,1,-4.386853203942623,4.814808365423539,-6.0,6.0,0.0,12.0,0.07632787897278225,0.0,0.07632787897278225,0.0,-0.07632787897278225,-0.07632787897278225,0.0,0.0,0.0,0.0,0.0,0.0,1.9084355188196403e-05,0.0,6.021561950138711,5.926112516947557,1.5061736580168628e-15,0.0,0.8003749923488904,0.0,-6.25,6.25,0.14415703243338493,0.1441570324333851,2.481894710542453e-09,6.120876884724821e-07,0.0015053869107721253,0.0015,6.120877490811693e-07,0.001481523357674844,0.0015,0.10000000000000002,0.0,0.02367212102721777,0.0
5999,1.4997500000000001,1.5,-4.386672143459111,4.799513443146448,0.20642064984366826,9.186185586605559,-0.09941696168028036,0.16376454752421554,1,1,-4.386672143459111,4.799513443146448,-6.0,6.0,0.0,12.0,0.07556840388742964,0.0,0.07556840388742964,0.0,-0.07556840388742964,-0.07556840388742964,0.0,0.0,0.0,0.0,0.0,0.0,1.889446268128391e-05,0.0,6.02212742223815,5.926872066876279,3.285268107902639e-16,5.551115123125783e-17,0.8003749923488908,0.0,-6.25,6.25,0.14415703243338493,0.1441570324333851,2.4820717196460317e-09,6.120876636097565e-07,0.0015055283616328774,0.0015,6.120877477822084e-07,0.0014817132926408108,0.0015,0.10000000000000002,0.0,0.024431596112570328,0.0
6039,1.50975,1.51,-4.386489097332855,4.78546767619321,0.1994892894301774,9.171956773526064,-0.09944780133352427,0.15433875495018512,1,1,-4.386489097332855,4.78546767619321,-6.0,6.0,0.0,12.0,0.07481648570543971,0.0,0.07481648570543971,0.0,-0.07481648570543971,-0.07481648570543971,0.0,0.0,0.0,0.0,0.0,0.0,1.8706459636385e-05,0.0,6.022679746970897,5.927624058209721,1.2990944312039204e-15,5.551115123125783e-17,0.8003749923488912,0.0,-6.25,6.25,0.14415703243338493,0.1441570324333851,2.4822472855693323e-09,6.12087631122061e-07,0.0015056665243575581,0.0015,6.12087746515444e-07,0.001481901337485427,0.0015,0.10000000000000002,0.0,0.025183514294560255,0.0
6079,1.51975,1.52,-4.386303786488876,4.772170691845001,0.1929334526780626,9.158474478333876,-0.09947897771670267,0.15357277616724507,1,1,-4.386303786488876,4.772170691845001,-6.0,6.0,0.0,12.0,0.07407204923436758,0.0,0.07407204923436758,0.0,-0.07407204923436758,-0.07407204923436758,0.0,0.0,0.0,0.0,0.0,0.0,1.8520327253038486e-05,0.0,6.023219129997841,5.928368566166579,1.0189975762058684e-15,8.326672684688674e-17,0.8003749923488918,0.0,-6.25,6.25,0.14415703243338493,0.1441570324333851,2.482421366307498e-09,6.120875890165448e-07,0.00150580145037895,0.0015,6.120877452875373e-07,0.0014820875110180683,0.0015,0.10000000000000002,0.0,0.025927950765632354,0.0
6119,1.52975,1.53,-4.386115846400505,4.759942639628185,0.1869133966138401,9.14605848602869,-0.09951071698121816,0.146007327246363,1,1,-4.386115846400505,4.759942639628185,-6.0,6.0,0.0,12.0,0.07333502002994582,0.0,0.07333502002994582,0.0,-0.07333502002994582,-0.07333502002994582,0.0,0.0,0.0,0.0,0.0,0.0,1.8336046917850944e-05,0.0,6.023745774188637,5.929105665217017,4.3211894023946484e-16,6.938893903907228e-17,0.8003749923488924,0.0,-6.25,6.25,0.14415703243338493,0.1441570324333851,2.4825939288725827e-09,6.12087534910669e-07,0.0015059331904318026,0.0015,6.120877441107009e-07,0.001482271831860932,0.0015,0.10000000000000002,0.0,0.026664979970054126,0.0
6159,1.53975,1.54,-4.3859248582098385,4.7483439342773295,0.1812095380337455,9.134268792487168,-0.09954322839435148,0.1458117164960293,1,1,-4.3859248582098385,4.7483439342773295,-6.0,6.0,0.0,12.0,0.07260532438863981,0.0,0.07260532438863981,0.0,-0.07260532438863981,-0.07260532438863981,0.0,0.0,0.0,0.0,0.0,0.0,1.815360020263528e-05,0.0,6.024259879656872,5.929835429090119,7.708067582649913e-16,2.7755575615628914e-17,0.8003749923488932,0.0,-6.25,6.25,0.14415703243338493,0.1441570324333851,2.482764947087303e-09,6.120874659800257e-07,0.0015060617945616326,0.0015,6.120877430038085e-07,0.0014824543184508978,0.0015,0.10000000000000002,0.0,0.027394675611360175,0.0
6199,1.54975,1.55,-4.3857303800019345,4.737693254055414,0.17598143702673985,9.12342363405735,-0.09957669120503221,0.1456410270547881,1,1,-4.3857303800019345,4.737693254055414,-6.0,6.0,0.0,12.0,0.07188288934027724,0.0,0.07188288934027724,0.0,-0.07188288934027724,-0.07188288934027724,0.0,0.0,0.0,0.0,0.0,0.0,1.7972968862567916e-05,0.0,6.024761643794808,5.930557930781263,2.5695591487906455e-16,5.551115123125783e-17,0.8003749923488943,0.0,-6.25,6.25,0.14415703243338493,0.1441570324333851,2.482934400102533e-09,6.1208737891615e-07,0.0015061873121334087,0.0015,6.120877419868442e-07,0.0014826349890413742,0.0015,0.10000000000000002,0.0,0.028117110659722725,0.0
6239,1.55975,1.56,-4.385531974680968,4.727445093352,0.170956559335516,9.112977068032968,-0.0996112469748528,0.13951934241467956,1,1,-4.385531974680968,4.727445093352,-6.0,6.0,0.0,12.0,0.07116764264075137,0.0,0.07116764264075137,0.0,-0.07116764264075137,-0.07116764264075137,0.0,0.0,0.0,0.0,0.0,0.0,1.7794134834364352e-05,0.0,6.0252512613077025,5.931273242559424,5.572799166575493e-16,0.0,0.8003749923488958,0.0,-6.25,6.25,0.14415703243338493,0.1441570324333851,2.4831022713636224e-09,6.120872698698984e-07,0.001506309791840135,0.0015,6.120877410920045e-07,0.001482813861704122,0.0015,0.10000000000000002,0.0,0.02883235735924864,0.0
6279,1.56975,1.57,-4.38532923265012,4.717955747648164,0.16631325749902182,9.103284980298284,-0.09964699652219244,0.1395978823337951,1,1,-4.38532923265012,4.717955747648164,-6.0,6.0,0.0,12.0,0.07045951276479613,0.0,0.07045951276479613,0.0,-0.07045951276479613,-0.07045951276479613,0.0,0.0,0.0,0.0,0.0,0.0,1.7617080234472713e-05,0.0,6.025728924247717,5.931981435974397,6.648971466721026e-16,1.3877787807814457e-17,0.8003749923488974,0.0,-6.25,6.25,0.14415703243338493,0.1441570324333851,2.4832685478643956e-09,6.120871343970479e-07,0.001506429281711332,0.0015,6.120877403581471e-07,0.0014829909543310643,0.0015,0.10000000000000002,0.0,0.029540487235203902,0.0
6319,1.57975,1.58,-4.385121788772873,4.708995857662383,0.16193703444475505,9.094117646435254,-0.09968400032891844,0.13417865381953498,1,1,-4.385121788772873,4.708995857662383,-6.0,6.0,0.0,12.0,0.06975842889883377,0.0,0.06975842889883377,0.0,-0.06975842889883377,-0.06975842889883377,0.0,0.0,0.0,0.0,0.0,0.0,1.744178735728546e-05,0.0,6.0261948220474135,5.932682581863966,8.007917245977936e-16,0.0,0.8003749923488995,0.0,-6.25,6.25,0.14415703243338493,0.1441570324333851,2.483433219591206e-09,6.120869674194378e-07,0.0015065458291214108,0.0015,6.120877398430036e-07,0.0014831662846360736,0.0015,0.10000000000000002,0.0,0.030241571101166244,0.0
6359,1.58975,1.59,-4.384909333890231,4.700436452300693,0.15776355920523066,9.085345786190924,-0.09972228128951544,0.13439233628637748,1,1,-4.384909333890231,4.700436452300693,-6.0,6.0,0.0,12.0,0.06906432093389353,0.0,0.06906432093389353,0.0,-0.06906432093389353,-0.06906432093389353,0.0,0.0,0.0,0.0,0.0,0.0,1.726823867336881e-05,0.0,6.026649141552838,5.933376750360974,4.052849364704486e-16,0.0,0.8003749923489021,0.0,-6.25,6.25,0.14415703243338493,0.1441570324333851,2.4835962790961596e-09,6.120867631627978e-07,0.001506659480797949,0.0015,6.120877396131874e-07,0.001483339870156747,0.0015,0.10000000000000002,0.0,0.030935679066106482,0.0
6399,1.59975,1.6,-4.384691621589614,4.6924316038735085,0.15386999114194744,9.077123225463122,-0.09976182886180296,0.1345776539015986,1,1,-4.384691621589614,4.6924316038735085,-6.0,6.0,0.0,12.0,0.06837711945860052,0.0,0.06837711945860052,0.0,-0.06837711945860052,-0.06837711945860052,0.0,0.0,0.0,0.0,0.0,0.0,1.7096416827709752e-05,0.0,6.027092067056212,5.934064010900352,1.9949319973733282e-17,4.163336342344337e-17,0.8003749923489052,0.0,-6.25,6.25,0.14415703243338493,0.1441570324333851,2.4837577211605653e-09,6.120865151178902e-07,0.001506770282829864,0.0015,6.120877397597369e-07,0.0014835117282561564,0.0015,0.10000000000000002,0.0,0.03162288054139954,0.0
6439,1.60975,1.61,-4.384468471085932,4.684818952188452,0.15017524055125975,9.069287423274384,-0.09980260389944151,0.1297768089934248,1,1,-4.384468471085932,4.684818952188452,-6.0,6.0,0.0,12.0,0.06769675575223444,0.0,0.06769675575223444,0.0,-0.06769675575223444,-0.06769675575223444,0.0,0.0,0.0,0.0,0.0,0.0,1.6926304637980522e-05,0.0,6.027523780328226,5.934744432226058,5.782219592454646e-16,2.7755575615628914e-17,0.8003749923489089,0.0,-6.25,6.25,0.14415703243338493,0.1441570324333851,2.4839175425230403e-09,6.120862159872185e-07,0.0015068782806754912,0.0015,6.120877403958947e-07,0.00148368187612459,0.0015,0.10000000000000002,0.0,0.032303244247765615,0.0
6479,1.61975,1.62,-4.38423976708329,4.677481066356423,0.1466206496365663,9.061720833439713,-0.09984454365472184,0.13002931087720215,1,1,-4.38423976708329,4.677481066356423,-6.0,6.0,0.0,12.0,0.06702316177785776,0.0,0.06702316177785776,0.0,-0.06702316177785776,-0.06702316177785776,0.0,0.0,0.0,0.0,0.0,0.0,1.675788509282039e-05,0.0,6.02794446064993,5.935418082397958,1.5882579268693825e-15,4.163336342344337e-17,0.8003749923489134,0.0,-6.25,6.25,0.14415703243338493,0.1441570324333851,2.4840757416551715e-09,6.120858576539417e-07,0.001506983519170557,0.0015,6.120877416648796e-07,0.0014838503307812684,0.0015,0.10000000000000002,0.0,0.03297683822214229,0.0
6519,1.62975,1.6300000000000001,-4.384005457408472,4.670561562955861,0.14327805277369432,9.054567020364333,-0.0998875666131982,0.13025349214484394,1,1,-4.384005457408472,4.670561562955861,-6.0,6.0,0.0,12.0,0.06635627017551164,0.0,0.06635627017551164,0.0,-0.06635627017551164,-0.06635627017551164,0.0,0.0,0.0,0.0,0.0,0.0,1.6591141350134482e-05,0.0,6.028354284844261,5.936085028798633,8.207410445715269e-16,0.0,0.8003749923489187,0.0,-6.25,6.25,0.14415703243338493,0.1441570324333851,2.484232318572968e-09,6.120854311241429e-07,0.001507086042536062,0.0015,6.12087743743217e-07,0.0014840171090760492,0.0015,0.10000000000000002,0.0,0.03364372982448838,0.0
6559,1.63975,1.6400000000000001,-4.383765549092431,4.66401800705972,0.14012622898364446,9.047783556152151,-0.09993157695490251,0.13045343963954958,1,1,-4.383765549092431,4.66401800705972,-6.0,6.0,0.0,12.0,0.06569601425548019,0.0,0.06569601425548019,0.0,-0.06569601425548019,-0.06569601425548019,0.0,0.0,0.0,0.0,0.0,0.0,1.6426056735409595e-05,0.0,6.0287534273071515,5.936745338140118,1.5859709379117959e-15,1.3877787807814457e-17,0.800374992348925,0.0,-6.25,6.25,0.14415703243338493,0.1441570324333851,2.484387274675909e-09,6.120849265057342e-07,0.001507185894386066,0.0015,6.120877468451802e-07,0.0014841822276911126,0.0015,0.10000000000000002,0.0,0.034303985744519816,0.0
6599,1.64975,1.6500000000000001,-4.383520103451556,4.657647351310115,0.13706362392927973,9.04116745476167,-0.09997646853357522,0.12614230206440757,1,1,-4.383520103451556,4.657647351310115,-6.0,6.0,0.0,12.0,0.06504232799162114,0.0,0.06504232799162114,0.0,-0.06504232799162114,-0.06504232799162114,0.0,0.0,0.0,0.0,0.0,0.0,1.6262614740046673e-05,0.0,6.029142060038303,5.937399076470584,4.846383711010205e-16,1.3877787807814457e-17,0.8003749923489324,0.0,-6.25,6.25,0.14415703243338493,0.1441570324333851,2.484540612607686e-09,6.120843329795923e-07,0.0015072831177353765,0.0015,6.120877512372224e-07,0.0014843457031426287,0.0015,0.10000000000000002,0.0,0.03495767200837887,0.0
6639,1.65975,1.6600000000000001,-4.3832692306026315,4.6515488910082095,0.13413983020278897,9.03481812161084,-0.10002212833208513,0.12637568325134574,1,1,-4.3832692306026315,4.6515488910082095,-6.0,6.0,0.0,12.0,0.06439514601476336,0.0,0.06439514601476336,0.0,-0.06439514601476336,-0.06439514601476336,0.0,0.0,0.0,0.0,0.0,0.0,1.6100799019709976e-05,0.0,6.0295203526715495,5.938046309180937,9.534473904837526e-16,4.163336342344337e-17,0.800374992348941,0.0,-6.25,6.25,0.14415703243338493,0.1441570324333851,2.484692336134381e-09,6.120836387584785e-07,0.0015073777550071476,0.0015,6.120877572357575e-07,0.0014845075517824133,0.0015,0.10000000000000002,0.0,0.03560485398523662,0.0
6679,1.66975,1.67,-4.383013083741436,4.645748102228776,0.1313675092436699,9.028761185970211,-0.10006843939591892,0.12658693066545879,1,1,-4.383013083741436,4.645748102228776,-6.0,6.0,0.0,12.0,0.06375440360616988,0.0,0.06375440360616988,0.0,-0.06375440360616988,-0.06375440360616988,0.0,0.0,0.0,0.0,0.0,0.0,1.594059339269263e-05,0.0,6.029888472504876,5.938687101011365,3.0170974768019276e-16,2.7755575615628914e-17,0.8003749923489512,0.0,-6.25,6.25,0.14415703243338493,0.1441570324333851,2.4848424500368805e-09,6.120828310781583e-07,0.0015074698480403836,0.0015,6.120877652238122e-07,0.0014846677897995604,0.0015,0.10000000000000002,0.0,0.03624559639383012,0.0
6719,1.67975,1.68,-4.382751853427587,4.640219253554345,0.1287337000633788,9.022971106981931,-0.10011528327341868,0.12677878039284163,1,1,-4.382751853427587,4.640219253554345,-6.0,6.0,0.0,12.0,0.06312003669106588,0.0,0.06312003669106588,0.0,-0.06312003669106588,-0.06312003669106588,0.0,0.0,0.0,0.0,0.0,0.0,1.5781981838298432e-05,0.0,6.030246584530058,5.939321516057821,1.1021999285487638e-15,0.0,0.8003749923489629,0.0,-6.25,6.25,0.14415703243338493,0.1441570324333851,2.4849909600151038e-09,6.120818961774168e-07,0.0015075594380973532,0.0015,6.120877756499166e-07,0.0014848264332220648,0.0015,0.10000000000000002,0.0,0.036879963308934144,0.0
6759,1.68975,1.69,-4.382485762047322,4.634853415578152,0.12618382676541495,9.017339177625473,-0.10016254200633457,0.1228070375635365,1,1,-4.382485762047322,4.634853415578152,-6.0,6.0,0.0,12.0,0.06249198183223114,0.0,0.06249198183223114,0.0,-0.06249198183223114,-0.06249198183223114,0.0,0.0,0.0,0.0,0.0,0.0,1.562494849523975e-05,0.0,6.030594851461958,5.939949617778431,5.312150188046399e-16,6.938893903907228e-18,0.8003749923489764,0.0,-6.25,6.25,0.14415703243338493,0.1441570324333851,2.4851378726021867e-09,6.120808192880668e-07,0.0015076465658709127,0.0015,6.120877890447573e-07,0.0014849834979184244,0.0015,0.10000000000000002,0.0,0.03750801816776887,0.0
6799,1.69975,1.7,-4.382215058569966,4.629636739818276,0.12371084062415472,9.011851798388243,-0.10021009972102146,0.12301680222975842,1,1,-4.382215058569966,4.629636739818276,-6.0,6.0,0.0,12.0,0.06187017622365645,0.0,0.06187017622365645,0.0,-0.06187017622365645,-0.06187017622365645,0.0,0.0,0.0,0.0,0.0,0.0,1.5469477660051422e-05,0.0,6.030933433767441,5.94057146899984,4.3129562421473366e-16,6.938893903907228e-18,0.8003749923489918,0.0,-6.25,6.25,0.14415703243338493,0.1441570324333851,2.485283195087145e-09,6.120795846293977e-07,0.0015077312714917427,0.0015,6.120878060289492e-07,0.0014851389995992293,0.0015,0.10000000000000002,0.0,0.03812982377634356,0.0
6839,1.70975,1.71,-4.3819400136706514,4.624643471235813,0.12135172878258071,9.006583484906464,-0.10025784387214354,0.12320929988969997,1,1,-4.3819400136706514,4.624643471235813,-6.0,6.0,0.0,12.0,0.06125455768426279,0.0,0.06125455768426279,0.0,-0.06125455768426279,-0.06125455768426279,0.0,0.0,0.0,0.0,0.0,0.0,1.531555378552038e-05,0.0,6.031262489693972,5.941187131923517,2.1909523620269183e-15,6.938893903907228e-18,0.8003749923490093,0.0,-6.25,6.25,0.14415703243338493,0.1441570324333851,2.485426935444845e-09,6.120781754148365e-07,0.001507813594535494,0.0015,6.120878273263575e-07,0.0014852929538187337,0.0015,0.10000000000000002,0.0,0.03874544231573722,0.0
6879,1.7197500000000001,1.72,-4.381660915259382,4.619856840003269,0.11909796237194348,9.00151775526265,-0.10030566618894121,0.12338639630655679,1,1,-4.381660915259382,4.619856840003269,-6.0,6.0,0.0,12.0,0.06064506465168321,0.0,0.06064506465168321,0.0,-0.06064506465168321,-0.06064506465168321,0.0,0.0,0.0,0.0,0.0,0.0,1.5163161479130896e-05,0.0,6.031582175297842,5.9417966681319605,5.402138968362696e-16,6.938893903907228e-18,0.8003749923490294,0.0,-6.25,6.25,0.14415703243338493,0.1441570324333851,2.4855691022723274e-09,6.120765738508383e-07,0.0015078935740298468,0.0015,6.120878537629881e-07,0.001485445375976413,0.0015,0.10000000000000002,0.0,0.0393549353483168,0.0
6919,1.7297500000000001,1.73,-4.381378064432606,4.615261931430945,0.1169419334991697,8.99663999586355,-0.10035346337051054,0.12354970843284074,1,1,-4.381378064432606,4.615261931430945,-6.0,6.0,0.0,12.0,0.060041636176106514,0.0,0.060041636176106514,0.0,-0.060041636176106514,-0.060041636176106514,0.0,0.0,0.0,0.0,0.0,0.0,1.5012285501525332e-05,0.0,6.031892644472052,5.942400138594877,4.371503159461554e-16,6.938893903907228e-18,0.8003749923490521,0.0,-6.25,6.25,0.14415703243338493,0.1441570324333851,2.4857097047306927e-09,6.120747611557594e-07,0.00150797124846149,0.0015,6.120878862869716e-07,0.0014855962813185048,0.0015,0.10000000000000002,0.0,0.0399583638238935,0.0
6959,1.7397500000000001,1.74,-4.38109177184632,4.6107923464724285,0.11485028731305436,8.991884118318747,-0.10040113757192548,0.11985602268828832,1,1,-4.38109177184632,4.6107923464724285,-6.0,6.0,0.0,12.0,0.05944421191418228,0.0,0.05944421191418228,0.0,-0.05944421191418228,-0.05944421191418228,0.0,0.0,0.0,0.0,0.0,0.0,1.4862910764980199e-05,0.0,6.032194048973883,5.942997603675276,8.517288979138782e-16,6.938893903907228e-18,0.8003749923490776,0.0,-6.25,6.25,0.14415703243338493,0.1441570324333851,2.4858487524919015e-09,6.120727175776208e-07,0.0015080466557830078,0.0015,6.120879259852164e-07,0.0014857456849395345,0.0015,0.10000000000000002,0.0,0.04055578808581773,0.0
6999,1.7497500000000001,1.75,-4.3808023544978845,4.606407880235285,0.11280276286870006,8.987210234733169,-0.10044859671813011,0.12002951813687823,1,1,-4.3808023544978845,4.606407880235285,-6.0,6.0,0.0,12.0,0.05885273212298648,0.0,0.05885273212298648,0.0,-0.05885273212298648,-0.05885273212298648,0.0,0.0,0.0,0.0,0.0,0.0,1.4715022331897366e-05,0.0,6.032486538452105,5.943589123135517,1.087454779002961e-15,6.938893903907228e-18,0.8003749923491063,0.0,-6.25,6.25,0.14415703243338493,0.1441570324333851,2.4859862556899244e-09,6.120704224140933e-07,0.0015081198334196892,0.0015,6.120879740800778e-07,0.0014858936017838281,0.0015,0.10000000000000002,0.0,0.04114726787701353,0.0
7039,1.7597500000000001,1.76,-4.380510132895851,4.602186531671305,0.11083819938772699,8.982696664567156,-0.10049575467769523,0.12019069494003776,1,1,-4.380510132895851,4.602186531671305,-6.0,6.0,0.0,12.0,0.0582671376540471,0.0,0.0582671376540471,0.0,-0.0582671376540471,-0.0582671376540471,0.0,0.0,0.0,0.0,0.0,0.0,1.4568605413310284e-05,0.0,6.032770260473874,5.944174756143291,4.034112995911221e-16,6.938893903907228e-18,0.8003749923491384,0.0,-6.25,6.25,0.14415703243338493,0.1441570324333851,2.48612222487578e-09,6.120678540446924e-07,0.0015081908182762512,0.0015,6.120880319493427e-07,0.001486040046647007,0.0015,0.10000000000000002,0.0,0.041732862345952915,0.0
7079,1.76975,1.77,-4.380215428592275,4.598117868892782,0.10895122015025338,8.978333297485058,-0.10054253132390722,0.12034070456704127,1,1,-4.380215428592275,4.598117868892782,-6.0,6.0,0.0,12.0,0.0576873699474292,0.0,0.0576873699474292,0.0,-0.0576873699474292,-0.0576873699474292,0.0,0.0,0.0,0.0,0.0,0.0,1.4423645367405073e-05,0.0,6.033045360551289,5.944754561277547,4.66220486695923e-16,6.938893903907228e-18,0.8003749923491742,0.0,-6.25,6.25,0.14415703243338493,0.1441570324333851,2.486256670976044e-09,6.120649899596453e-07,0.0015082596467434828,0.0015,6.120881011317803e-07,0.0014861850341774698,0.0015,0.10000000000000002,0.0,0.04231263005257081,0.0
7119,1.77975,1.78,-4.379918562049391,4.594192451518045,0.10713694473432689,8.974111013567436,-0.10058885250653626,0.12048056502778681,1,1,-4.379918562049391,4.594192451518045,-6.0,6.0,0.0,12.0,0.05711337102587904,0.0,0.05711337102587904,0.0,-0.05711337102587904,-0.05711337102587904,0.0,0.0,0.0,0.0,0.0,0.0,1.4280127698056352e-05,0.0,6.033311982167645,5.945328596534352,9.844216912989479e-16,6.938893903907228e-18,0.8003749923492139,0.0,-6.25,6.25,0.14415703243338493,0.1441570324333851,2.486389605254486e-09,6.12061806798748e-07,0.0015083263547048084,0.0015,6.120881833437953e-07,0.0014863285788778591,0.0015,0.10000000000000002,0.0,0.042886628974120974,0.0
7159,1.78975,1.79,-4.3796198508114905,4.5904017075071915,0.10539092834785047,8.970021558318681,-0.10063464995388294,0.12061117923163112,1,1,-4.3796198508114905,4.5904017075071915,-6.0,6.0,0.0,12.0,0.056545083489026086,0.0,0.056545083489026086,0.0,-0.056545083489026086,-0.056545083489026086,0.0,0.0,0.0,0.0,0.0,0.0,1.4138038053377578e-05,0.0,6.033570266803351,5.945896919332706,3.728046110750352e-16,6.938893903907228e-18,0.800374992349258,0.0,-6.25,6.25,0.14415703243338493,0.1441570324333851,2.4865210392765204e-09,6.120582803913339e-07,0.0015083909775427701,0.0015,6.120882804871997e-07,0.0014864706951065133,0.0015,0.10000000000000002,0.0,0.043454916510973926,0.0
7198,1.7995,1.79975,-4.379327130212219,4.586807340253111,0.10374010502044628,8.966134470465331,-0.10067873845605091,0.11714023076343394,1,1,-4.379327130212219,4.586807340253111,-6.0,6.0,0.0,12.0,0.05599644786986737,0.0,0.05599644786986737,0.0,-0.05599644786986737,-0.05599644786986737,0.0,0.0,0.0,0.0,0.0,0.0,1.4000862002295972e-05,0.0,6.033814200581737,5.946445588315623,1.0483404915646519e-15,6.938893903907228e-18,0.8003749923493054,0.0,-6.25,6.25,0.14415703243338493,0.1441570324333851,2.486647754279946e-09,6.120544878546969e-07,0.001508452010540609,0.0015,6.120883915750053e-07,0.001486607896652633,0.0015,0.10000000000000002,0.0,0.04400355213013264,0.0
7199,1.79975,1.8,-4.37931960795302,4.976799338491154,0.29873986526906693,9.356118946444173,-0.10067986112142768,5.664895092097796,1,1,-4.37931960795302,4.586714473679863,-6.0,6.0,0.0,12.0,0.05598245050764308,0.0,0.1059824505076431,0.0,-0.05598245050764308,-0.1059824505076431,0.0,0.05,0.0,0.05000000000000002,0.0,0.0,1.3997362224285878e-05,0.0,6.033820353961551,5.8964595865202885,1.061650767297806e-15,0.0,0.8003749923493068,0.0,-6.25,6.25,0.14415703243338493,0.1441570324333851,2.4866509848761955e-09,6.120543857995717e-07,0.001508453550145434,0.0015,6.120883946558742e-07,0.0014866113970789057,0.0015,0.15000000000000002,0.0,0.04401754949235693,0.0
7200,1.8,1.8002500000000001,-4.37931208492898,4.983642959025387,0.3021654370482034,9.362955043954367,-0.10068098338447129,1.5115362736113285,1,1,-4.37931208492898,4.983642959025387,-6.0,6.0,0.0,12.0,0.10595595820669179,0.0,0.10595595820669179,0.0,-0.10595595820669179,-0.10595595820669179,0.0,0.0,0.0,0.0,0.0,0.0,2.6492300951311126e-05,0.0,6.033839000802742,5.896486081286503,8.83214806629215e-16,0.0,0.800374992349308,0.0,-6.25,6.25,0.14415703243338493,0.1441570324333851,2.4255524083038065e-09,6.120542834957565e-07,0.0015084550884903877,0.0015,6.120883977467351e-07,0.0014741148966300722,0.0015,0.15000000000000002,0.0,0.04404404179330824,0.0
7239,1.80975,1.81,-4.37901814077478,4.991036467318871,0.30600916327204564,9.37005460809365,-0.10072442900059042,0.5472236183813406,1,1,-4.37901814077478,4.991036467318871,-6.0,6.0,0.0,12.0,0.10492790750542147,0.0,0.10492790750542147,0.0,-0.10492790750542147,-0.10492790750542147,0.0,0.0,0.0,0.0,0.0,0.0,2.6235256146731747e-05,0.0,6.034557470122213,5.897514227010473,1.356336917779366e-15,0.0,0.8003749923493604,0.0,-6.25,6.25,0.14415703243338493,0.1441570324333851,2.425770656995755e-09,6.120500973528832e-07,0.0015086348150141883,0.0015,6.120885281468702e-07,0.0014743719973362632,0.0015,0.15000000000000002,0.0,0.04507209249457856,0.0
7279,1.81975,1.82,-4.378715749721558,4.9821379215366735,0.3017110859075576,9.360853671258232,-0.10076830189870101,0.3925687041675546,1,1,-4.378715749721558,4.9821379215366735,-6.0,6.0,0.0,12.0,0.10388385738139055,0.0,0.10388385738139055,0.0,-0.10388385738139055,-0.10388385738139055,0.0,0.0,0.0,0.0,0.0,0.0,2.5974210986438592e-05,0.0,6.035276808953793,5.898558372343692,3.475748877081186e-16,5.551115123125783e-17,0.8003749923494192,0.0,-6.25,6.25,0.14415703243338493,0.1441570324333851,2.4260022124151964e-09,6.120453887101153e-07,0.0015088147599708478,0.0015,6.120886834726224e-07,0.0014746330989449889,0.0015,0.15000000000000002,0.0,0.04611614261860942,0.0
7319,1.82975,1.83,-4.378412727496241,4.966433234905991,0.294010253704875,9.344845962402232,-0.10081143319921104,0.32487658371773587,1,1,-4.378412727496241,4.966433234905991,-6.0,6.0,0.0,12.0,0.102850195729668,0.0,0.102850195729668,0.0,-0.102850195729668,-0.102850195729668,0.0,0.0,0.0,0.0,0.0,0.0,2.5715763268889343e-05,0.0,6.035978651245903,5.899592126962265,6.177783978822404e-16,4.163336342344337e-17,0.8003749923494836,0.0,-6.25,6.25,0.14415703243338493,0.1441570324333851,2.4262350873355515e-09,6.120402328895155e-07,0.0015089903290494214,0.0015,6.120888633620591e-07,0.0014748916022254658,0.0015,0.15000000000000002,0.0,0.04714980427033198,0.0
7359,1.83975,1.84,-4.378109358342041,4.947587405668391,0.28473902366317505,9.32569676401043,-0.1008537811207949,0.2718777249357818,1,1,-4.378109358342041,4.947587405668391,-6.0,6.0,0.0,12.0,0.1018268191832272,0.0,0.1018268191832272,0.0,-0.1018268191832272,-0.1018268191832272,0.0,0.0,0.0,0.0,0.0,0.0,2.5459887149096855e-05,0.0,6.0366632739591495,5.900615594269421,7.877812985279675e-16,5.551115123125783e-17,0.800374992349554,0.0,-6.25,6.25,0.14415703243338493,0.1441570324333851,2.4264675786737414e-09,6.120346023242447e-07,0.0015091615915138448,0.0015,6.120890707739246e-07,0.0014751475330349634,0.0015,0.15000000000000002,0.0,0.04817318081677278,0.0
7399,1.84975,1.85,-4.377805917188512,4.927886370134314,0.27504022647290105,9.305692287322827,-0.10089530896468246,0.23577791947374194,1,1,-4.377805917188512,4.927886370134314,-6.0,6.0,0.0,12.0,0.10081362540356067,0.0,0.10081362540356067,0.0,-0.10081362540356067,-0.10081362540356067,0.0,0.0,0.0,0.0,0.0,0.0,2.520655703923592e-05,0.0,6.0373309502734145,5.901628876639542,6.499249922964356e-16,5.551115123125783e-17,0.8003749923496307,0.0,-6.25,6.25,0.14415703243338493,0.1441570324333851,2.426698994687294e-09,6.120284689001225e-07,0.0015093286156825719,0.0015,6.120893088989998e-07,0.0014754009169734763,0.0015,0.15000000000000002,0.0,0.04918637459643929,0.0
7439,1.85975,1.86,-4.377502665851367,4.908449296494945,0.2654733153217892,9.285951962346312,-0.10093598951589178,0.20994732802108007,1,1,-4.377502665851367,4.908449296494945,-6.0,6.0,0.0,12.0,0.09981051307044618,0.0,0.09981051307044618,0.0,-0.09981051307044618,-0.09981051307044618,0.0,0.0,0.0,0.0,0.0,0.0,2.495574760608445e-05,0.0,6.0379819496356175,5.902632075428396,9.323223887792303e-16,2.7755575615628914e-17,0.800374992349714,0.0,-6.25,6.25,0.14415703243338493,0.1441570324333851,2.426928981041055e-09,6.120218040055893e-07,0.001509491468940519,0.0015,6.120895811645433e-07,0.0014756517793862822,0.0015,0.15000000000000002,0.0,0.050189486929553814,0.0
7479,1.86975,1.87,-4.377199838797807,4.889739069811401,0.2562696155067967,9.266938908609209,-0.10097581976726111,0.20217142318966375,1,1,-4.377199838797807,4.889739069811401,-6.0,6.0,0.0,12.0,0.0988173818718144,0.0,0.0988173818718144,0.0,-0.0988173818718144,-0.0988173818718144,0.0,0.0,0.0,0.0,0.0,0.0,2.470743376849011e-05,0.0,6.038616537806924,5.903625290983265,1.0020196478111032e-15,6.938893903907228e-17,0.8003749923498044,0.0,-6.25,6.25,0.14415703243338493,0.1441570324333851,2.4271573297673567e-09,6.120145785694523e-07,0.001509650217750871,0.0015,6.120898912453932e-07,0.0014759001453664745,0.0015,0.15000000000000002,0.0,0.05118261812818556,0.0
7519,1.87975,1.8800000000000001,-4.376897614952853,4.871903716984041,0.247503051015594,9.248801331936892,-0.10101484253940585,0.18614507608356923,1,1,-4.376897614952853,4.871903716984041,-6.0,6.0,0.0,12.0,0.09783413249371796,0.0,0.09783413249371796,0.0,-0.09783413249371796,-0.09783413249371796,0.0,0.0,0.0,0.0,0.0,0.0,2.4461590694862227e-05,0.0,6.039234976909374,5.904608622652999,1.0742275124986378e-15,0.0,0.8003749923499021,0.0,-6.25,6.25,0.14415703243338493,0.1441570324333851,2.4273839073642285e-09,6.120067630986344e-07,0.0015098049276667418,0.0015,6.120902430573061e-07,0.0014761460397574745,0.0015,0.15000000000000002,0.0,0.05216586750628206,0.0
7559,1.88975,1.8900000000000001,-4.376596084718978,4.85531337937941,0.23935864733021628,9.231909464098388,-0.10105316146640841,0.17322741017071874,1,1,-4.376596084718978,4.85531337937941,-6.0,6.0,0.0,12.0,0.09686066661039953,0.0,0.09686066661039953,0.0,-0.09686066661039953,-0.09686066661039953,0.0,0.0,0.0,0.0,0.0,0.0,2.421819380068854e-05,0.0,6.039837525471974,5.905582168797949,1.633065969779135e-15,1.3877787807814457e-17,0.8003749923500075,0.0,-6.25,6.25,0.14415703243338493,0.1441570324333851,2.4276086225704184e-09,6.11998327722582e-07,0.0015099556633426995,0.0015,6.120906407602877e-07,0.0014763894871555182,0.0015,0.15000000000000002,0.0,0.05313933338960048,0.0
7599,1.89975,1.9000000000000001,-4.376295226318472,4.83988500310769,0.23179488839460882,9.216180229426161,-0.10109094047497602,0.17132066739802443,1,1,-4.376295226318472,4.83988500310769,-6.0,6.0,0.0,12.0,0.09589688687445964,0.0,0.09589688687445964,0.0,-0.09589688687445964,-0.09589688687445964,0.0,0.0,0.0,0.0,0.0,0.0,2.397721874607682e-05,0.0,6.0404244384762125,5.906546026799819,1.0704395811585166e-15,0.0,0.800374992350121,0.0,-6.25,6.25,0.14415703243338493,0.1441570324333851,2.427831410133842e-09,6.119892422165805e-07,0.0015101024885461507,0.0015,6.120910887730258e-07,0.0014766305119121184,0.0015,0.15000000000000002,0.0,0.05410311312554038,0.0
7639,1.90975,1.9100000000000001,-4.375994899517735,4.825322089569794,0.2246635950260294,9.20131698908753,-0.10112838921328582,0.16164010075865987,1,1,-4.375994899517735,4.825322089569794,-6.0,6.0,0.0,12.0,0.09494269690712155,0.0,0.09494269690712155,0.0,-0.09494269690712155,-0.09494269690712155,0.0,0.0,0.0,0.0,0.0,0.0,2.3738641433320794e-05,0.0,6.040995967401041,5.907500293071408,2.920840652675949e-16,1.3877787807814457e-17,0.8003749923502431,0.0,-6.25,6.25,0.14415703243338493,0.1441570324333851,2.428052221916672e-09,6.119794760417215e-07,0.001510245466168588,0.0015,6.120915917573466e-07,0.0014768691381365012,0.0015,0.15000000000000002,0.0,0.05505730309287848,0.0
7679,1.91975,1.92,-4.375694856491663,4.811975795927411,0.21814046971787437,9.187670652419074,-0.1011657412669903,0.1532890948869109,1,1,-4.375694856491663,4.811975795927411,-6.0,6.0,0.0,12.0,0.09399800128859334,0.0,0.09399800128859334,0.0,-0.09399800128859334,-0.09399800128859334,0.0,0.0,0.0,0.0,0.0,0.0,2.3502438004490363e-05,0.0,6.0415523602673,5.908445063066267,2.9215182790337524e-16,0.0,0.8003749923503741,0.0,-6.25,6.25,0.14415703243338493,0.1441570324333851,2.4282710216907844e-09,6.119689983671083e-07,0.001510384658236701,0.0015,6.120921546193259e-07,0.0014771053896980202,0.0015,0.15000000000000002,0.0,0.05600199871140668,0.0
7719,1.92975,1.93,-4.375394764704446,4.799238027430927,0.21192163136324016,9.174632792135373,-0.10120323186159186,0.15308537862972205,1,1,-4.375394764704446,4.799238027430927,-6.0,6.0,0.0,12.0,0.09306270554852593,0.0,0.09306270554852593,0.0,-0.09306270554852593,-0.09306270554852593,0.0,0.0,0.0,0.0,0.0,0.0,2.3268584839045815e-05,0.0,6.042093861681629,5.909380431288252,2.8059152223924855e-16,1.3877787807814457e-17,0.8003749923505143,0.0,-6.25,6.25,0.14415703243338493,0.1441570324333851,2.428487781922172e-09,6.119577780976106e-07,0.0015105201259233555,0.0015,6.120927825181699e-07,0.0014773392902285465,0.0015,0.15000000000000002,0.0,0.05693729445147409,0.0
7759,1.93975,1.94,-4.375094235576798,4.787581024847306,0.20624339463525398,9.162675260424104,-0.10124107927958814,0.15291041871006938,1,1,-4.375094235576798,4.787581024847306,-6.0,6.0,0.0,12.0,0.09213671615656585,0.0,0.09213671615656585,0.0,-0.09213671615656585,-0.09213671615656585,0.0,0.0,0.0,0.0,0.0,0.0,2.3037058551475717e-05,0.0,6.042620712879824,5.9103064913009815,1.3459285769235052e-15,5.551115123125783e-17,0.8003749923506642,0.0,-6.25,6.25,0.14415703243338493,0.1441570324333851,2.42870248168736e-09,6.119457838938486e-07,0.0015106519295584374,0.0015,6.120934808517831e-07,0.0014775708631248317,0.0015,0.15000000000000002,0.0,0.05786328384343412,0.0
7799,1.94975,1.95,-4.374792853760094,4.776372347237336,0.20078974673862104,9.15116520099743,-0.10127947171829244,0.14628335187745256,1,1,-4.374792853760094,4.776372347237336,-6.0,6.0,0.0,12.0,0.09121994051300227,0.0,0.09121994051300227,0.0,-0.09121994051300227,-0.09121994051300227,0.0,0.0,0.0,0.0,0.0,0.0,2.2807835988958374e-05,0.0,6.0431331517696805,5.911223335737207,1.3248950547772864e-15,1.1102230246251565e-16,0.8003749923508243,0.0,-6.25,6.25,0.14415703243338493,0.1441570324333851,2.42891510526387e-09,6.119329841966187e-07,0.0015107801286395656,0.0015,6.120942552556575e-07,0.0014778001315508547,0.0015,0.15000000000000002,0.0,0.058780059486997646,0.0
7839,1.95975,1.96,-4.374490203579738,4.766022756143553,0.19576627628190746,9.14051295972329,-0.10131855961370062,0.1463985238976656,1,1,-4.374490203579738,4.766022756143553,-6.0,6.0,0.0,12.0,0.0903122869395069,0.0,0.0903122869395069,0.0,-0.0903122869395069,-0.0903122869395069,0.0,0.0,0.0,0.0,0.0,0.0,2.2580894229046528e-05,0.0,6.043631412973322,5.9121310563080876,1.6659850582412261e-15,1.3877787807814457e-16,0.8003749923509947,0.0,-6.25,6.25,0.14415703243338493,0.1441570324333851,2.4291256411381003e-09,6.119193472413255e-07,0.0015109047818426785,0.0015,6.120951116106444e-07,0.0014780271184401351,0.0015,0.15000000000000002,0.0,0.05968771306049299,0.0
7879,1.9697500000000001,1.97,-4.374185890834637,4.756160884680552,0.1909874969229577,9.13034677551519,-0.10135845257814857,0.14057951778582156,1,1,-4.374185890834637,4.756160884680552,-6.0,6.0,0.0,12.0,0.089413664669966,0.0,0.089413664669966,0.0,-0.089413664669966,-0.089413664669966,0.0,0.0,0.0,0.0,0.0,0.0,2.2356210577375074e-05,0.0,6.044115727869009,5.9130297438123565,1.0952847515673797e-15,6.938893903907228e-17,0.800374992351176,0.0,-6.25,6.25,0.14415703243338493,0.1441570324333851,2.4293340812809983e-09,6.119048410724148e-07,0.0015110259470324896,0.0015,6.120960560163091e-07,0.0014782518464980332,0.0015,0.15000000000000002,0.0,0.06058633533003395,0.0
7919,1.9797500000000001,1.98,-4.3738795593503985,4.74684647706945,0.18648345885952589,9.12072603641985,-0.10139921980124145,0.14084533671381794,1,1,-4.3738795593503985,4.74684647706945,-6.0,6.0,0.0,12.0,0.08852398384140368,0.0,0.08852398384140368,0.0,-0.08852398384140368,-0.08852398384140368,0.0,0.0,0.0,0.0,0.0,0.0,2.213376256539158e-05,0.0,6.044586324632448,5.9139194881454324,1.2524398564691536e-15,8.326672684688674e-17,0.8003749923513687,0.0,-6.25,6.25,0.14415703243338493,0.1441570324333851,2.4295404206012446e-09,6.118894335566968e-07,0.0015111436812728159,0.0015,6.12097094810915e-07,0.0014784743382040208,0.0015,0.15000000000000002,0.0,0.061476016158596256,0.0
7959,1.9897500000000001,1.99,-4.3735709024579785,4.738143940299336,0.18228651892067882,9.111714842757316,-0.10144089279381208,0.141075554822353,1,1,-4.3735709024579785,4.738143940299336,-6.0,6.0,0.0,12.0,0.08764315548499574,0.0,0.08764315548499574,0.0,-0.08764315548499574,-0.08764315548499574,0.0,0.0,0.0,0.0,0.0,0.0,2.191352794810949e-05,0.0,6.045043428277598,5.914800378308395,6.145257913647839e-16,1.1102230246251565e-16,0.800374992351573,0.0,-6.25,6.25,0.14415703243338493,0.1441570324333851,2.4297446565198096e-09,6.118730924044398e-07,0.0015112580408367846,0.0015,6.12098234540337e-07,0.0014786946158139296,0.0015,0.15000000000000002,0.0,0.06235684451500418,0.0
7999,1.9997500000000001,2.0,-4.373259669992306,4.729685453294824,0.17821289165125886,9.10294512328713,-0.10148346953402665,0.13595235546407514,1,1,-4.373259669992306,4.729685453294824,-6.0,6.0,0.0,12.0,0.08677109151717252,0.0,0.08677109151717252,0.0,-0.08677109151717252,-0.08677109151717252,0.0,0.0,0.0,0.0,0.0,0.0,2.1695484701883547e-05,0.0,6.045487260696973,5.915672502416909,1.1108735459286478e-15,1.1102230246251565e-16,0.8003749923517892,0.0,-6.25,6.25,0.14415703243338493,0.1441570324333851,2.429946788629957e-09,6.118557851727015e-07,0.0015113690812169124,0.0015,6.120994819736047e-07,0.0014789127013621838,0.0015,0.15000000000000002,0.0,0.06322890848282739,0.0
8039,2.00975,2.0100000000000002,-4.372945671583374,4.721713529406548,0.17438392891158694,9.094659200989923,-0.10152691929581958,0.1362541414565649,1,1,-4.372945671583374,4.721713529406548,-6.0,6.0,0.0,12.0,0.0859077047308105,0.0,0.0859077047308105,0.0,-0.0859077047308105,-0.0859077047308105,0.0,0.0,0.0,0.0,0.0,0.0,2.1479611022207425e-05,0.0,6.045918040701476,5.916535947710035,4.0011464736040836e-16,1.1102230246251565e-16,0.800374992352018,0.0,-6.25,6.25,0.14415703243338493,0.1441570324333851,2.4301468184191365e-09,6.118374792775404e-07,0.001511476857135064,0.0015,6.121008440851394e-07,0.0014791286166640006,0.0015,0.15000000000000002,0.0,0.06409229526918941,0.0
8079,2.01975,2.02,-4.372628777037214,4.714197185212993,0.17078420408788952,9.086825962250206,-0.10157118764808792,0.1365216261670127,1,1,-4.372628777037214,4.714197185212993,-6.0,6.0,0.0,12.0,0.08505290878651155,0.0,0.08505290878651155,0.0,-0.08505290878651155,-0.08505290878651155,0.0,0.0,0.0,0.0,0.0,0.0,2.1265885321533258e-05,0.0,6.0463359840597315,5.9173908005589695,1.2993078835066285e-15,1.1102230246251565e-16,0.8003749923522598,0.0,-6.25,6.25,0.14415703243338493,0.1441570324333851,2.4303447490368813e-09,6.118181420206625e-07,0.0015115814225522912,0.0015,6.121023280514226e-07,0.0014793423833175756,0.0015,0.15000000000000002,0.0,0.06494709121348836,0.0
8119,2.02975,2.0300000000000002,-4.37230891454385,4.706888119174042,0.16728960231509626,9.079197033717893,-0.10161620128617932,0.13187428626717845,1,1,-4.37230891454385,4.706888119174042,-6.0,6.0,0.0,12.0,0.08420661820396894,0.0,0.08420661820396894,0.0,-0.08420661820396894,-0.08420661820396894,0.0,0.0,0.0,0.0,0.0,0.0,2.1054286227112882e-05,0.0,6.046741303536951,5.918237146475676,7.2702193115552205e-16,1.1102230246251565e-16,0.8003749923525149,0.0,-6.25,6.25,0.14415703243338493,0.1441570324333851,2.430540585097805e-09,6.117977405849791e-07,0.0015116828306785508,0.0015,6.121039412443353e-07,0.0014795540227062454,0.0015,0.15000000000000002,0.0,0.06579338179603098,0.0
8159,2.03975,2.04,-4.371986067349114,4.699906245854988,0.16396008925293692,9.071892313204103,-0.10166187249037395,0.13217698743523687,1,1,-4.371986067349114,4.699906245854988,-6.0,6.0,0.0,12.0,0.08336874835341909,0.0,0.08336874835341909,0.0,-0.08336874835341909,-0.08336874835341909,0.0,0.0,0.0,0.0,0.0,0.0,2.08447925788605e-05,0.0,6.047134208933321,5.919075070121457,7.962245229461984e-16,1.1102230246251565e-16,0.8003749923527835,0.0,-6.25,6.25,0.14415703243338493,0.1441570324333851,2.4307343325119556e-09,6.117762420557024e-07,0.0015117811339823042,0.0015,6.121056912256062e-07,0.0014797635560006256,0.0015,0.15000000000000002,0.0,0.06663125164658082,0.0
8199,2.04975,2.05,-4.371660269414895,4.693277588230182,0.16080865940764344,9.064937857645077,-0.10170810310276113,0.13244964179383922,1,1,-4.371660269414895,4.693277588230182,-6.0,6.0,0.0,12.0,0.08253921544717881,0.0,0.08253921544717881,0.0,-0.08253921544717881,-0.08253921544717881,0.0,0.0,0.0,0.0,0.0,0.0,2.0637383427236734e-05,0.0,6.0475149071219265,5.91990465531542,8.922983879555701e-16,1.1102230246251565e-16,0.8003749923530664,0.0,-6.25,6.25,0.14415703243338493,0.1441570324333851,2.4309259983369897e-09,6.117536134403277e-07,0.0015118763842000029,0.0015,6.121075857423719e-07,0.00147997100416073,0.0015,0.15000000000000002,0.0,0.0674607845528211,0.0
8239,2.05975,2.06,-4.37133160048391,4.686950512811291,0.15780945616369024,9.058282113295201,-0.10175478798067072,0.12815241173378622,1,1,-4.37133160048391,4.686950512811291,-6.0,6.0,0.0,12.0,0.08171793653126616,0.0,0.08171793653126616,0.0,-0.08171793653126616,-0.08171793653126616,0.0,0.0,0.0,0.0,0.0,0.0,2.0432038031153568e-05,0.0,6.047883602086221,5.920725985042864,4.870236158804886e-16,1.1102230246251565e-16,0.8003749923533638,0.0,-6.25,6.25,0.14415703243338493,0.1441570324333851,2.431115590648063e-09,6.117298216863992e-07,0.0015119686323454573,0.0015,6.121096327216247e-07,0.0014801763879380711,0.0015,0.15000000000000002,0.0,0.06828206346873375,0.0
8279,2.06975,2.07,-4.371000180868201,4.680724892256244,0.1548623556940214,9.051725073124445,-0.10180181792848242,0.12844220359933933,1,1,-4.371000180868201,4.680724892256244,-6.0,6.0,0.0,12.0,0.08090482947710517,0.0,0.08090482947710517,0.0,-0.08090482947710517,-0.08090482947710517,0.0,0.0,0.0,0.0,0.0,0.0,2.0228735855900282e-05,0.0,6.04824049495703,5.921539141463587,1.4688771032833614e-15,1.1102230246251565e-16,0.8003749923536762,0.0,-6.25,6.25,0.14415703243338493,0.1441570324333851,2.4313031184223527e-09,6.117048336926102e-07,0.0015120579287190906,0.0015,6.121118402546699e-07,0.001480379727877732,0.0015,0.15000000000000002,0.0,0.06909517052289474,0.0
8319,2.07975,2.08,-4.370666166198326,4.674782357966551,0.15205809588411245,9.045448524164877,-0.10184908213649368,0.12870642787408348,1,1,-4.370666166198326,4.674782357966551,-6.0,6.0,0.0,12.0,0.08009981297331276,0.0,0.08009981297331276,0.0,-0.08009981297331276,-0.08009981297331276,0.0,0.0,0.0,0.0,0.0,0.0,2.0027456571089905e-05,0.0,6.0485857840491075,5.92234420592011,9.400100598085104e-16,1.1102230246251565e-16,0.8003749923540039,0.0,-6.25,6.25,0.14415703243338493,0.1441570324333851,2.431488591435852e-09,6.116786163454419e-07,0.0015121443229170815,0.0015,6.121142166082284e-07,0.0014805810443204255,0.0015,0.15000000000000002,0.0,0.06990018702668716,0.0
8359,2.08975,2.09,-4.370329742302922,4.669099388854315,0.14938482327569647,9.039429131157238,-0.10189647017037062,0.1289480786089714,1,1,-4.370329742302922,4.669099388854315,-6.0,6.0,0.0,12.0,0.07930280651756774,0.0,0.07930280651756774,0.0,-0.07930280651756774,-0.07930280651756774,0.0,0.0,0.0,0.0,0.0,0.0,1.9828180048626243e-05,0.0,6.048919664897262,5.923141258945809,1.3260470195855523e-16,1.1102230246251565e-16,0.8003749923543474,0.0,-6.25,6.25,0.14415703243338493,0.1441570324333851,2.431672020170588e-09,6.11651136522493e-07,0.0015122278638403973,0.0015,6.121167702088926e-07,0.0014807803574045288,0.0015,0.15000000000000002,0.0,0.07069719348243217,0.0
8399,2.0997500000000002,2.1,-4.369991120334783,4.66365536641121,0.1468321230382137,9.033646486745994,-0.10194387356150025,0.12916971522428933,1,1,-4.369991120334783,4.66365536641121,-6.0,6.0,0.0,12.0,0.07851373040856037,0.0,0.07851373040856037,0.0,-0.07851373040856037,-0.07851373040856037,0.0,0.0,0.0,0.0,0.0,0.0,1.9630886360690976e-05,0.0,6.04924233029202,5.9239303802729815,2.645453300864631e-16,1.1102230246251565e-16,0.8003749923547071,0.0,-6.25,6.25,0.14415703243338493,0.1441570324333851,2.4318534157308013e-09,6.116223611479919e-07,0.0015123085997037137,0.0015,6.121195096331356e-07,0.0014809776870680982,0.0015,0.15000000000000002,0.0,0.07148626959143954,0.0
8439,2.10975,2.11,-4.369650532218033,4.658296633746546,0.14432305076425633,9.02794716596458,-0.10199118705008225,0.1252036810260032,1,1,-4.369650532218033,4.658296633746546,-6.0,6.0,0.0,12.0,0.07773250573802222,0.0,0.07773250573802222,0.0,-0.07773250573802222,-0.07773250573802222,0.0,0.0,0.0,0.0,0.0,0.0,1.943555577775092e-05,0.0,6.049553970314879,5.924711648840819,1.3978483084584048e-15,1.1102230246251565e-16,0.8003749923550834,0.0,-6.25,6.25,0.14415703243338493,0.1441570324333851,2.4320327897669023e-09,6.115922572027879e-07,0.0015123865780442298,0.0015,6.121224436184125e-07,0.0014811730530508648,0.0015,0.15000000000000002,0.0,0.07226749426197769,0.0
8479,2.1197500000000002,2.12,-4.369308226459438,4.653114571768553,0.14190317265455743,9.022422798227991,-0.10203830953099624,0.12543462714724507,1,1,-4.369308226459438,4.653114571768553,-6.0,6.0,0.0,12.0,0.07695905438283515,0.0,0.07695905438283515,0.0,-0.07695905438283515,-0.07695905438283515,0.0,0.0,0.0,0.0,0.0,0.0,1.9242168766584983e-05,0.0,6.049854772373109,5.925485142803308,8.935994305625528e-16,1.1102230246251565e-16,0.8003749923554767,0.0,-6.25,6.25,0.14415703243338493,0.1441570324333851,2.432210154406234e-09,6.115607917587683e-07,0.001512461845730373,0.0015,6.121255810420667e-07,0.001481366474896208,0.0015,0.15000000000000002,0.0,0.07304094561716476,0.0
8519,2.12975,2.13,-4.368964464343463,4.648132642136735,0.13958408889663598,9.017097106480199,-0.10208514474887853,0.12564824577833034,1,1,-4.368964464343463,4.648132642136735,-6.0,6.0,0.0,12.0,0.07619329899721915,0.0,0.07619329899721915,0.0,-0.07619329899721915,-0.07619329899721915,0.0,0.0,0.0,0.0,0.0,0.0,1.90507059883309e-05,0.0,6.050144921234167,5.9262509395370495,4.589495558766921e-16,1.1102230246251565e-16,0.8003749923558874,0.0,-6.25,6.25,0.14415703243338493,0.1441570324333851,2.4323855221898395e-09,6.115279320254881e-07,0.0015125344489704006,0.0015,6.121289309268807e-07,0.0014815579719531142,0.0015,0.15000000000000002,0.0,0.07380670100278076,0.0
8559,2.1397500000000003,2.14,-4.36861951651381,4.643336999801352,0.1373587416437707,9.011956516315163,-0.10213160178421721,0.12584626790512754,1,1,-4.36861951651381,4.643336999801352,-6.0,6.0,0.0,12.0,0.07543516300499749,0.0,0.07543516300499749,0.0,-0.07543516300499749,-0.07543516300499749,0.0,0.0,0.0,0.0,0.0,0.0,1.8861148296551293e-05,0.0,6.05042459905964,5.927009115649,6.687663931751603e-16,1.1102230246251565e-16,0.800374992356316,0.0,-6.25,6.25,0.14415703243338493,0.1441570324333851,2.4325589060145723e-09,6.114936453779252e-07,0.0015126044333208946,0.0015,6.121325024321944e-07,0.0014817475633781085,0.0015,0.15000000000000002,0.0,0.07456483699500242,0.0
8599,2.14975,2.15,-4.368273659932232,4.638715242088837,0.13522079107830276,9.00698890202107,-0.10217759536739868,0.12603020897132666,1,1,-4.368273659932232,4.638715242088837,-6.0,6.0,0.0,12.0,0.07468457059193921,0.0,0.07468457059193921,0.0,-0.07468457059193921,-0.07468457059193921,0.0,0.0,0.0,0.0,0.0,0.0,1.8673476735319023e-05,0.0,6.05069398543883,5.927759746984134,8.530163879937047e-16,1.1102230246251565e-16,0.8003749923567628,0.0,-6.25,6.25,0.14415703243338493,0.1441570324333851,2.432730319079964e-09,6.114578994031097e-07,0.0015126718436951553,0.0015,6.12136304852795e-07,0.0014819352681371741,0.0015,0.15000000000000002,0.0,0.0753154294080607,0.0
8639,2.15975,2.16,-4.367927175197496,4.634152956952226,0.1331128908773649,9.002080132149722,-0.10222304605273236,0.1223081152846528,1,1,-4.367927175197496,4.634152956952226,-6.0,6.0,0.0,12.0,0.07394144669817741,0.0,0.07394144669817741,0.0,-0.07394144669817741,-0.07394144669817741,0.0,0.0,0.0,0.0,0.0,0.0,1.8487672537321553e-05,0.0,6.050953257421888,5.928502908633038,7.571627515506191e-16,1.1102230246251565e-16,0.8003749923572283,0.0,-6.25,6.25,0.14415703243338493,0.1441570324333851,2.4328997748393835e-09,6.114206619367621e-07,0.0015127367243714903,0.0015,6.121403476033738e-07,0.0014821211050076494,0.0015,0.15000000000000002,0.0,0.0760585533018225,0.0
8679,2.16975,2.17,-4.367580344202289,4.6297117080306895,0.1310656819142002,8.997292052232979,-0.10226788027998368,0.12249750252610603,1,1,-4.367580344202289,4.6297117080306895,-6.0,6.0,0.0,12.0,0.0732057170107035,0.0,0.0732057170107035,0.0,-0.0732057170107035,-0.0732057170107035,0.0,0.0,0.0,0.0,0.0,0.0,1.8303717121984263e-05,0.0,6.0512025895525765,5.929238674939415,4.924852843243843e-16,1.1102230246251565e-16,0.8003749923577128,0.0,-6.25,6.25,0.14415703243338493,0.1441570324333851,2.4330672869550566e-09,6.113819011154726e-07,0.0015127991190014053,0.0015,6.121446402296283e-07,0.0014823050925801054,0.0015,0.15000000000000002,0.0,0.07679428298929641,0.0
8719,2.17975,2.18,-4.36723344810297,4.625420761624751,0.12909365676089024,8.992654209727721,-0.10231203034669456,0.12267451471529911,1,1,-4.36723344810297,4.625420761624751,-6.0,6.0,0.0,12.0,0.07247730795593567,0.0,0.07247730795593567,0.0,-0.07247730795593567,-0.07247730795593567,0.0,0.0,0.0,0.0,0.0,0.0,1.8121592093612324e-05,0.0,6.051442153900606,5.929967119507527,1.680133896592162e-15,1.1102230246251565e-16,0.8003749923582167,0.0,-6.25,6.25,0.14415703243338493,0.1441570324333851,2.4332328692565946e-09,6.11341585407788e-07,0.0015128590706176947,0.0015,6.121491923904987e-07,0.0014824872492602069,0.0015,0.15000000000000002,0.0,0.07752269204406424,0.0
8759,2.18975,2.19,-4.366886765575846,4.621271229296126,0.12719223186013995,8.988157994871973,-0.10235543431088678,0.12284022868076283,1,1,-4.366886765575846,4.621271229296126,-6.0,6.0,0.0,12.0,0.07175614669236136,0.0,0.07175614669236136,0.0,-0.07175614669236136,-0.07175614669236136,0.0,0.0,0.0,0.0,0.0,0.0,1.794127923955112e-05,0.0,6.051672120093605,5.930688315209557,6.390287604629563e-16,1.1102230246251565e-16,0.8003749923587405,0.0,-6.25,6.25,0.14415703243338493,0.1441570324333851,2.433396535702717e-09,6.112996836774947e-07,0.0015129166216424302,0.0015,6.121540138526171e-07,0.0014826675932705525,0.0015,0.15000000000000002,0.0,0.07824385330763856,0.0
8798,2.1995,2.19975,-4.366549218064147,4.617353861661439,0.12540232179864574,8.983903079725586,-0.10239698100129535,0.12299183855551732,1,1,-4.366549218064147,4.617353861661439,-6.0,6.0,0.0,12.0,0.07105992386378164,0.0,0.07105992386378164,0.0,-0.07105992386378164,-0.07105992386378164,0.0,0.0,0.0,0.0,0.0,0.0,1.77672017736296e-05,0.0,6.051887255579437,5.931384570609992,8.643429125643892e-16,1.1102230246251565e-16,0.8003749923592707,0.0,-6.25,6.25,0.14415703243338493,0.1441570324333851,2.433554279294883e-09,6.112572731219605e-07,0.001512970462504112,0.0015,6.121589835006436e-07,0.0014828417006463022,0.0015,0.15000000000000002,0.0,0.07894007613621827,0.0
8799,2.19975,2.2,-4.366540571333438,5.0186353422895795,0.3260473854780708,9.385175913623018,-0.1023980358404869,3.503785036606789,1,1,-4.366540571333438,4.61725502072037,-6.0,6.0,0.0,12.0,0.07104216110325327,0.0,0.12104216110325328,0.0,-0.07104216110325327,-0.12104216110325328,0.0,0.05,0.0,0.05,0.0,0.0,1.7762760528364986e-05,0.0,6.051892655348677,5.881402334192895,6.73438626912215e-16,9.71445146547012e-17,0.8003749923592846,0.0,-6.25,6.25,0.14415703243338493,0.1441570324333851,2.4335583003458904e-09,6.112561652124838e-07,0.0015129718138948592,0.0015,6.121591144980787e-07,0.0014828461426524978,0.0015,0.2,0.0,0.07895783889674664,0.0
8800,2.2,2.20025,-4.366531925076671,5.0212823466598095,0.32737521079156906,9.387814271736481,-0.10239909014606363,2.035894104038932,1,1,-4.366531925076671,5.0212823466598095,-6.0,6.0,0.0,12.0,0.1210119043452298,0.0,0.1210119043452298,0.0,-0.1210119043452298,-0.1210119043452298,0.0,0.0,0.0,0.0,0.0,0.0,3.0256758023473102e-05,0.0,6.051910547822747,5.88143259339342,5.171644362755856e-16,9.71445146547012e-17,0.8003749923592983,0.0,-6.25,6.25,0.14415703243338493,0.1441570324333851,2.375173174938665e-09,6.112550562738303e-07,0.0015129731638371694,0.0015,6.121592456775904e-07,0.0014703505835482239,0.0015,0.2,0.0,0.07898809565477011,0.0
8839,2.20975,2.21,-4.3661951348749,5.02735170631,0.3305782857175501,9.3935468411849,-0.10243978402294907,0.5554856155158794,1,1,-4.3661951348749,5.02735170631,-6.0,6.0,0.0,12.0,0.11983777147691589,0.0,0.11983777147691589,0.0,-0.11983777147691589,-0.11983777147691589,0.0,0.0,0.0,0.0,0.0,0.0,2.996318811168466e-05,0.0,6.052599013324362,5.882606820410668,4.3820741306432875e-16,9.71445146547012e-17,0.8003749923598491,0.0,-6.25,6.25,0.14415703243338493,0.1441570324333851,2.375424146112278e-09,6.112109997769318e-07,0.0015131453966743373,0.0015,6.121645042966861e-07,0.0014706442137088242,0.0015,0.2,0.0,0.08016222852308402,0.0
8879,2.21975,2.22,-4.365850719445878,5.016106537429087,0.3251279089916044,9.381957256874966,-0.10248063314616973,0.4072417786967314,1,1,-4.365850719445878,5.016106537429087,-6.0,6.0,0.0,12.0,0.11864536572759135,0.0,0.11864536572759135,0.0,-0.11864536572759135,-0.11864536572759135,0.0,0.0,0.0,0.0,0.0,0.0,2.966504940856844e-05,0.0,6.053286414663162,5.883799320509648,2.0946785972419946e-16,9.71445146547012e-17,0.8003749923604346,0.0,-6.25,6.25,0.14415703243338493,0.1441570324333851,2.375688625782884e-09,6.111641576590409e-07,0.0015133173645474581,0.0015,6.121701933092804e-07,0.0014709424132821063,0.0015,0.2,0.0,0.08135463427240856,0.0
8919,2.22975,2.23,-4.365507581184596,4.997950654295542,0.316221536555473,9.363458235480138,-0.10252054245972086,0.3211618014932449,1,1,-4.365507581184596,4.997950654295542,-6.0,6.0,0.0,12.0,0.11746482461371104,0.0,0.11746482461371104,0.0,-0.11746482461371104,-0.11746482461371104,0.0,0.0,0.0,0.0,0.0,0.0,2.9369877235114037e-05,0.0,6.053955166603884,5.8849799537805385,5.422671047004141e-16,9.71445146547012e-17,0.8003749923610415,0.0,-6.25,6.25,0.14415703243338493,0.1441570324333851,2.375953857939736e-09,6.111156097043444e-07,0.0015134846681637889,0.0015,6.121761916899616e-07,0.001471237645406427,0.0015,0.2,0.0,0.08253517538628888,0.0
8959,2.23975,2.24,-4.365165968428871,4.9770925997753555,0.3059633156732424,9.342258568204226,-0.10255947593504733,0.26775161382165624,1,1,-4.365165968428871,4.9770925997753555,-6.0,6.0,0.0,12.0,0.11629603008017977,0.0,0.11629603008017977,0.0,-0.11629603008017977,-0.11629603008017977,0.0,0.0,0.0,0.0,0.0,0.0,2.907764207385812e-05,0.0,6.054605572146158,5.886148838327477,7.267305518216666e-16,9.71445146547012e-17,0.80037499236167,0.0,-6.25,6.25,0.14415703243338493,0.1441570324333851,2.376218204540858e-09,6.110653273545656e-07,0.0015136473832995686,0.0015,6.121825096550016e-07,0.0014715299396152002,0.0015,0.2,0.0,0.08370396991982014,0.0
8999,2.24975,2.25,-4.364826120946945,4.9556578298104945,0.29541585443177487,9.320483950757438,-0.10259740251394422,0.23225151467941185,1,1,-4.364826120946945,4.9556578298104945,-6.0,6.0,0.0,12.0,0.1151388652465702,0.0,0.1151388652465702,0.0,-0.1151388652465702,-0.1151388652465702,0.0,0.0,0.0,0.0,0.0,0.0,2.878831470104104e-05,0.0,6.0552379301043135,5.887306091079741,1.1899322130935752e-15,9.71445146547012e-17,0.8003749923623206,0.0,-6.25,6.25,0.14415703243338493,0.1441570324333851,2.376481005536051e-09,6.110132826975775e-07,0.001513805584684374,0.0015,6.121891574950578e-07,0.0014718193251480535,0.0015,0.2,0.0,0.08486113475342971,0.0
9039,2.25975,2.2600000000000002,-4.364488266794624,4.934772108232934,0.285141920719155,9.299260375027558,-0.10263430051100086,0.20723293975180523,1,1,-4.364488266794624,4.934772108232934,-6.0,6.0,0.0,12.0,0.11399321439543471,0.0,0.11399321439543471,0.0,-0.11399321439543471,-0.11399321439543471,0.0,0.0,0.0,0.0,0.0,0.0,2.8501866183684417e-05,0.0,6.055852535160663,5.888451827803433,1.4006164121300319e-15,9.71445146547012e-17,0.8003749923629935,0.0,-6.25,6.25,0.14415703243338493,0.1441570324333851,2.3767419238168294e-09,6.10959448482946e-07,0.0015139593460144465,0.0015,6.121961455440861e-07,0.001472105830953746,0.0015,0.2,0.0,0.0860067856045652,0.0
9079,2.26975,2.27,-4.364152610225135,4.914856760978838,0.27535207537685125,9.279009371203973,-0.10267017233888842,0.20066760123420735,1,1,-4.364152610225135,4.914856760978838,-6.0,6.0,0.0,12.0,0.1128589629607334,0.0,0.1128589629607334,0.0,-0.1128589629607334,-0.1128589629607334,0.0,0.0,0.0,0.0,0.0,0.0,2.8218267876697793e-05,0.0,6.056449677918147,5.889586163113037,8.090181085815273e-17,9.71445146547012e-17,0.8003749923636891,0.0,-6.25,6.25,0.14415703243338493,0.1441570324333851,2.377000761572045e-09,6.109037981607872e-07,0.0015141087399658598,0.0015,6.122034841926638e-07,0.0014723894856930617,0.0015,0.2,0.0,0.08714103703926651,0.0
9119,2.27975,2.2800000000000002,-4.36381930676272,4.896088523769301,0.2661346085032905,9.25990783053202,-0.10270506612960528,0.18518786346841565,1,1,-4.36381930676272,4.896088523769301,-6.0,6.0,0.0,12.0,0.11173599751637762,0.0,0.11173599751637762,0.0,-0.11173599751637762,-0.11173599751637762,0.0,0.0,0.0,0.0,0.0,0.0,2.7937491420014138e-05,0.0,6.057029644952365,5.8907092104828855,1.1068213403089833e-15,9.71445146547012e-17,0.8003749923644078,0.0,-6.25,6.25,0.14415703243338493,0.1441570324333851,2.377257391576091e-09,6.108463059061931e-07,0.0015142538382075263,0.0015,6.122111838524625e-07,0.0014726703177416753,0.0015,0.2,0.0,0.08826400248362229,0.0
9159,2.28975,2.29,-4.363488432737684,4.878727241553712,0.2576194044080138,9.242215674291396,-0.1027390907215131,0.17275253104486132,1,1,-4.363488432737684,4.878727241553712,-6.0,6.0,0.0,12.0,0.11062420576488713,0.0,0.11062420576488713,0.0,-0.11062420576488713,-0.11062420576488713,0.0,0.0,0.0,0.0,0.0,0.0,2.7659508735753808e-05,0.0,6.057592718862966,5.8918210822585015,9.963750202506005e-16,9.71445146547012e-17,0.8003749923651498,0.0,-6.25,6.25,0.14415703243338493,0.1441570324333851,2.3775117265518038e-09,6.107869466369947e-07,0.001514394711414052,0.0015,6.122192549640193e-07,0.0014729483551929876,0.0015,0.2,0.0,0.08937579423511278,0.0
9199,2.29975,2.3000000000000003,-4.3631599620074875,4.862765413953557,0.24980272597303488,9.225925375961044,-0.10277241513985458,0.17145621615523743,1,1,-4.3631599620074875,4.862765413953557,-6.0,6.0,0.0,12.0,0.10952347652616025,0.0,0.10952347652616025,0.0,-0.10952347652616025,-0.10952347652616025,0.0,0.0,0.0,0.0,0.0,0.0,2.7384292025416717e-05,0.0,6.05813917832441,5.892921889667829,1.035653632080677e-15,9.71445146547012e-17,0.8003749923659154,0.0,-6.25,6.25,0.14415703243338493,0.1441570324333851,2.3777637038109338e-09,6.107256960381872e-07,0.0015145314292784324,0.0015,6.122277079700922e-07,0.0014732236258609363,0.0015,0.2,0.0,0.09047652347383967,0.0
9239,2.30975,2.31,-4.362833757952588,4.847663830066646,0.2424150360570292,9.210497588019233,-0.10280525402698804,0.16207569879672978,1,1,-4.362833757952588,4.847663830066646,-6.0,6.0,0.0,12.0,0.10843369972635587,0.0,0.10843369972635587,0.0,-0.10843369972635587,-0.10843369972635587,0.0,0.0,0.0,0.0,0.0,0.0,2.7111813767102493e-05,0.0,6.058669298136132,5.894011742832357,1.3176817221984688e-15,9.71445146547012e-17,0.800374992366705,0.0,-6.25,6.25,0.14415703243338493,0.1441570324333851,2.378013276866355e-09,6.106625305597088e-07,0.0015146640605245934,0.0015,6.122365533056673e-07,0.0014734961572827753,0.0015,0.2,0.0,0.09156630027364404,0.0
9279,2.31975,2.32,-4.362509581372214,4.833844895893381,0.23566765726058359,9.196354477265594,-0.10283784585982447,0.15397804589941888,1,1,-4.362509581372214,4.833844895893381,-6.0,6.0,0.0,12.0,0.10735476638688583,0.0,0.10735476638688583,0.0,-0.10735476638688583,-0.10735476638688583,0.0,0.0,0.0,0.0,0.0,0.0,2.6842046712758226e-05,0.0,6.0591833492720895,5.89509075077813,5.134781488891349e-16,9.71445146547012e-17,0.8003749923675187,0.0,-6.25,6.25,0.14415703243338493,0.1441570324333851,2.3782604105316116e-09,6.105974274386465e-07,0.0015147926729197824,0.0015,6.122458013912979e-07,0.0014737659767218277,0.0015,0.2,0.0,0.09264523361311408,0.0
9319,2.32975,2.33,-4.3621790494314325,4.820842182376896,0.22933156647273156,9.183021231808329,-0.10028684089436413,0.15411215122960065,1,1,-4.3621790494314325,4.820842182376896,-6.0,6.0,0.0,12.0,0.10628656861351707,0.0,0.10628656861351707,0.0,-0.10628656861351707,-0.10628656861351707,0.0,0.0,0.0,0.0,0.0,0.0,2.657496388545368e-05,0.0,6.059681598929699,5.896159021446642,7.814929259275516e-16,9.71445146547012e-17,0.800374992368357,0.0,-6.25,6.25,0.14415703243338493,0.1441570324333851,2.3785050778904002e-09,6.105303646903531e-07,0.0015149173332868102,0.0015,6.122554626097898e-07,0.0014740331111702135,0.0015,0.2,0.0,0.09371343138648285,0.0
9359,2.33975,2.34,-4.36184963226417,4.808806601498058,0.22347848461694397,9.170656233762228,-0.1003190499100709,0.14732661879141518,1,1,-4.36184963226417,4.808806601498058,-6.0,6.0,0.0,12.0,0.10522899958558213,0.0,0.10522899958558213,0.0,-0.10522899958558213,-0.10522899958558213,0.0,0.0,0.0,0.0,0.0,0.0,2.631053857668356e-05,0.0,6.06016431057819,5.897216661705629,1.975416358268589e-16,9.71445146547012e-17,0.80037499236922,0.0,-6.25,6.25,0.14415703243338493,0.1441570324333851,2.378747258326227e-09,6.104613211217704e-07,0.001515038107516139,0.0015,6.122655472939886e-07,0.001474297587351545,0.0015,0.2,0.0,0.09477100041441779,0.0
9399,2.3497500000000002,2.35,-4.361521155722208,4.7974107309762335,0.21794478762701264,9.158931886698442,-0.10035156140672186,0.1477051254198697,1,1,-4.361521155722208,4.7974107309762335,-6.0,6.0,0.0,12.0,0.10418195354529684,0.0,0.10418195354529684,0.0,-0.10418195354529684,-0.10418195354529684,0.0,0.0,0.0,0.0,0.0,0.0,2.604874434369663e-05,0.0,6.0606317440063675,5.898263777359761,3.480288973678469e-16,9.71445146547012e-17,0.8003749923701081,0.0,-6.25,6.25,0.14415703243338493,0.1441570324333851,2.378986936182096e-09,6.10390276313666e-07,0.0015151550605778281,0.0015,6.122760657212289e-07,0.0014745594317236014,0.0015,0.2,0.0,0.09581804645470307,0.0
9439,2.35975,2.36,-4.361193193544377,4.786877374865922,0.21284209066077242,9.148070568410299,-0.10038453032163885,0.141784862736421,1,1,-4.361193193544377,4.786877374865922,-6.0,6.0,0.0,12.0,0.10314532578718469,0.0,0.10314532578718469,0.0,-0.10314532578718469,-0.10314532578718469,0.0,0.0,0.0,0.0,0.0,0.0,2.578955500685143e-05,0.0,6.061084155369794,5.899300473161205,5.913238648735941e-16,9.71445146547012e-17,0.8003749923710214,0.0,-6.25,6.25,0.14415703243338493,0.1441570324333851,2.3792240998104963e-09,6.103172106150814e-07,0.0015152682565333334,0.0015,6.122870280811377e-07,0.0014748186704809701,0.0015,0.2,0.0,0.09685467421281523,0.0
9479,2.3697500000000002,2.37,-4.360865335836923,4.7767197939945945,0.20792722907883565,9.137585129831518,-0.10041807567612748,0.14226965419293913,1,1,-4.360865335836923,4.7767197939945945,-6.0,6.0,0.0,12.0,0.10211901264760603,0.0,0.10211901264760603,0.0,-0.10211901264760603,-0.10211901264760603,0.0,0.0,0.0,0.0,0.0,0.0,2.5532944646998295e-05,0.0,6.06152179723739,5.900326852820101,1.184165612788668e-15,9.71445146547012e-17,0.8003749923719603,0.0,-6.25,6.25,0.14415703243338493,0.1441570324333851,2.3794587408744934e-09,6.102421051455529e-07,0.0015153777585471607,0.0015,6.122984444834056e-07,0.0014750753295576684,0.0015,0.2,0.0,0.09788098735239388,0.0
9519,2.37975,2.38,-4.360537205842555,4.7672764223681945,0.20336960826281958,9.127813628210749,-0.10045227978677018,0.14268844090267407,1,1,-4.360537205842555,4.7672764223681945,-6.0,6.0,0.0,12.0,0.10110291149439156,0.0,0.10110291149439156,0.0,-0.10110291149439156,-0.10110291149439156,0.0,0.0,0.0,0.0,0.0,0.0,2.5278887602887376e-05,0.0,6.061944918637474,5.901343019014937,6.307583307659653e-16,9.71445146547012e-17,0.8003749923729248,0.0,-6.25,6.25,0.14415703243338493,0.1441570324333851,2.3796908538161886e-09,6.101649417684664e-07,0.0015154836288983795,0.0015,6.123103249211504e-07,0.001475329434629733,0.0015,0.2,0.0,0.09889708850560835,0.0
9559,2.3897500000000003,2.39,-4.360208471895353,4.758289726840608,0.1990406274726273,9.11849819873596,-0.1004871898733728,0.13748339738642534,1,1,-4.360208471895353,4.758289726840608,-6.0,6.0,0.0,12.0,0.1000969207165792,0.0,0.1000969207165792,0.0,-0.1000969207165792,-0.1000969207165792,0.0,0.0,0.0,0.0,0.0,0.0,2.502735846860255e-05,0.0,6.062353765103244,5.902349073402785,9.183192400952223e-16,9.71445146547012e-17,0.8003749923739153,0.0,-6.25,6.25,0.14415703243338493,0.1441570324333851,2.3799204354404805e-09,6.100857030810651e-07,0.0015155859289919962,0.0015,6.123226792764669e-07,0.0014755810111177863,0.0015,0.2,0.0,0.09990307928342071,0.0
9599,2.39975,2.4,-4.3598788550404475,4.749690255787991,0.19490570037377175,9.109569110828438,-0.1005228212064807,0.1379434273483643,1,1,-4.3598788550404475,4.749690255787991,-6.0,6.0,0.0,12.0,0.09910093971425288,0.0,0.09910093971425288,0.0,-0.09910093971425288,-0.09910093971425288,0.0,0.0,0.0,0.0,0.0,0.0,2.4778332091020785e-05,0.0,6.062748578717697,5.903345116629496,4.648584577167381e-16,9.71445146547012e-17,0.8003749923749319,0.0,-6.25,6.25,0.14415703243338493,0.1441570324333851,2.3801474845808032e-09,6.100043724000168e-07,0.0015156847193701878,0.0015,6.123355172993339e-07,0.0014758300841895792,0.0015,0.2,0.0,0.10089906028574704,0.0
9639,2.40975,2.41,-4.359548133004779,4.741607232997258,0.19102954999623956,9.101155366002036,-0.10055916110865704,0.1383499757590173,1,1,-4.359548133004779,4.741607232997258,-6.0,6.0,0.0,12.0,0.09811486888848243,0.0,0.09811486888848243,0.0,-0.09811486888848243,-0.09811486888848243,0.0,0.0,0.0,0.0,0.0,0.0,2.4531783567296814e-05,0.0,6.063129598157997,5.904331248339723,3.8109028736507677e-16,9.71445146547012e-17,0.8003749923759749,0.0,-6.25,6.25,0.14415703243338493,0.1441570324333851,2.380372001824892e-09,6.099209337458707e-07,0.0015157800597233979,0.0015,6.123488485898498e-07,0.0014760766787625021,0.0015,0.2,0.0,0.10188513111151748,0.0
9679,2.41975,2.42,-4.359216141256667,4.733848466720598,0.18731616273196572,9.093064607977265,-0.10059617330114179,0.1336270419620056,1,1,-4.359216141256667,4.733848466720598,-6.0,6.0,0.0,12.0,0.09713860963136346,0.0,0.09713860963136346,0.0,-0.09713860963136346,-0.09713860963136346,0.0,0.0,0.0,0.0,0.0,0.0,2.4287688242372788e-05,0.0,6.063497058739311,5.9053075671869015,7.766275686785229e-17,9.71445146547012e-17,0.8003749923770445,0.0,-6.25,6.25,0.14415703243338493,0.1441570324333851,2.3805939892857177e-09,6.098353718275144e-07,0.001515872008901298,0.0015,6.123626826004536e-07,0.0014763208195060797,0.0015,0.2,0.0,0.10286139036863645,0.0
9719,2.42975,2.43,-4.3588827718531,4.726367456657849,0.18374234240237453,9.085250228510949,-0.10063380224356655,0.13404797420914938,1,1,-4.3588827718531,4.726367456657849,-6.0,6.0,0.0,12.0,0.0961720643161567,0.0,0.0961720643161567,0.0,-0.0961720643161567,-0.0961720643161567,0.0,0.0,0.0,0.0,0.0,0.0,2.404602170651279e-05,0.0,6.06385119245811,5.906274170843099,1.515280956265741e-15,9.71445146547012e-17,0.8003749923781407,0.0,-6.25,6.25,0.14415703243338493,0.1441570324333851,2.3808134504072905e-09,6.097476720133078e-07,0.0015159606249236174,0.0015,6.123770286126095e-07,0.0014765625308444323,0.0015,0.2,0.0,0.10382793568384321,0.0
9759,2.43975,2.44,-4.358547970689589,4.71927867371272,0.18036535151156574,9.07782664440231,-0.10067197723956645,0.1344262097337684,1,1,-4.358547970689589,4.71927867371272,-6.0,6.0,0.0,12.0,0.09521513628752519,0.0,0.09521513628752519,0.0,-0.09521513628752519,-0.09521513628752519,0.0,0.0,0.0,0.0,0.0,0.0,2.3806759792861865e-05,0.0,6.0641922280349325,5.907231156008775,1.0116995403323253e-15,9.71445146547012e-17,0.8003749923792638,0.0,-6.25,6.25,0.14415703243338493,0.1441570324333851,2.3810303897979838e-09,6.096578203410757e-07,0.0015160459649908348,0.0015,6.123918957301466e-07,0.001476801836958717,0.0015,0.2,0.0,0.10478486371247472,0.0
9799,2.44975,2.45,-4.358211733666696,4.7125433835416235,0.1771658249374637,9.07075511720832,-0.10071061617558219,0.13476750692544337,1,1,-4.358211733666696,4.7125433835416235,-6.0,6.0,0.0,12.0,0.09426772985186871,0.0,0.09426772985186871,0.0,-0.09426772985186871,-0.09426772985186871,0.0,0.0,0.0,0.0,0.0,0.0,2.356987857502927e-05,0.0,6.06452039095662,5.908178618422437,7.411606051110908e-16,9.71445146547012e-17,0.800374992380414,0.0,-6.25,6.25,0.14415703243338493,0.1441570324333851,2.3812448130860587e-09,6.095658034748084e-07,0.0015161280854947452,0.0015,6.124072928814783e-07,0.0014770387617895448,0.0015,0.2,0.0,0.1057322701481312,0.0
9839,2.45975,2.46,-4.357874102186672,4.705901802801789,0.17401385030755856,9.06377590498846,-0.10074962882780258,0.1304360798910531,1,1,-4.357874102186672,4.705901802801789,-6.0,6.0,0.0,12.0,0.09332975026775411,0.0,0.09332975026775411,0.0,-0.09332975026775411,-0.09332975026775411,0.0,0.0,0.0,0.0,0.0,0.0,2.333535436469581e-05,0.0,6.06483590351806,5.909116652870219,6.68519059554562e-16,9.71445146547012e-17,0.8003749923815915,0.0,-6.25,6.25,0.14415703243338493,0.1441570324333851,2.381456726793393e-09,6.09471608712434e-07,0.001516207042028893,0.0015,6.124232287918474e-07,0.0014772733290393718,0.0015,0.2,0.0,0.1066702497322458,0.0
9879,2.46975,2.47,-4.357535158301718,4.699568373726346,0.17101660771231408,9.057103532028064,-0.10078891971832926,0.1307825818432179,1,1,-4.357535158301718,4.699568373726346,-6.0,6.0,0.0,12.0,0.09240110373644135,0.0,0.09240110373644135,0.0,-0.09240110373644135,-0.09240110373644135,0.0,0.0,0.0,0.0,0.0,0.0,2.3103163709245015e-05,0.0,6.065138984863397,5.910045353195338,1.0685896612017132e-15,9.71445146547012e-17,0.8003749923827963,0.0,-6.25,6.25,0.14415703243338493,0.1441570324333851,2.381666138224404e-09,6.093752239669439e-07,0.001516282889398882,0.0015,6.124397119977588e-07,0.0014775055621748666,0.0015,0.2,0.0,0.10759889626355856,0.0
9919,2.47975,2.48,-4.357195019756167,4.693517595716986,0.1681612879804093,9.050712615473152,-0.10082839053158488,0.13109895818321338,1,1,-4.357195019756167,4.693517595716986,-6.0,6.0,0.0,12.0,0.09148169739250335,0.0,0.09148169739250335,0.0,-0.09148169739250335,-0.09148169739250335,0.0,0.0,0.0,0.0,0.0,0.0,2.2873283389417828e-05,0.0,6.0654298510267415,5.910964812307474,9.228728892196614e-16,9.71445146547012e-17,0.8003749923840286,0.0,-6.25,6.25,0.14415703243338493,0.1441570324333851,2.3818730553678173e-09,6.092766377597319e-07,0.001516355681632555,0.0015,6.124567508203338e-07,0.0014777354844292565,0.0015,0.2,0.0,0.10851830260749656,0.0
9959,2.48975,2.49,-4.3568538350990575,4.687725926615866,0.16543604575840432,9.044579761714925,-0.10086794212002481,0.13138871074493852,1,1,-4.3568538350990575,4.687725926615866,-6.0,6.0,0.0,12.0,0.0905714392945396,0.0,0.0905714392945396,0.0,-0.0905714392945396,-0.0905714392945396,0.0,0.0,0.0,0.0,0.0,0.0,2.264569041699072e-05,0.0,6.065708714972389,5.911875122192054,1.2912847874302358e-15,9.71445146547012e-17,0.8003749923852885,0.0,-6.25,6.25,0.14415703243338493,0.1441570324333851,2.382077486809426e-09,6.091758392128229e-07,0.00151642547199005,0.0015,6.124743533808541e-07,0.0014779631188046455,0.0015,0.2,0.0,0.10942856070546031,0.0
9999,2.49975,2.5,-4.356511778990667,4.681992432322403,0.16274032666586802,9.03850421131307,-0.10090747613783202,0.1273441581687773,1,1,-4.356511778990667,4.681992432322403,-6.0,6.0,0.0,12.0,0.08967023841598182,0.0,0.08967023841598182,0.0,-0.08967023841598182,-0.08967023841598182,0.0,0.0,0.0,0.0,0.0,0.0,2.2420362032476794e-05,0.0,6.065975786634542,5.9127763739194386,1.5720931501039814e-15,9.71445146547012e-17,0.8003749923865764,0.0,-6.25,6.25,0.14415703243338493,0.1441570324333851,2.38227944165437e-09,6.090728180499825e-07,0.0015164923129737363,0.0015,6.124925275829974e-07,0.0014781884880743165,0.0015,0.2,0.0,0.1103297615840181,0.0
10039,2.50975,2.5100000000000002,-4.356169047784958,4.6764837839666225,0.16015736809083236,9.03265283175158,-0.10094689634540355,0.12763526877728415,1,1,-4.356169047784958,4.6764837839666225,-6.0,6.0,0.0,12.0,0.08877800463599103,0.0,0.08877800463599103,0.0,-0.08877800463599103,-0.08877800463599103,0.0,0.0,0.0,0.0,0.0,0.0,2.2197275702849803e-05,0.0,6.066231272956545,5.913668657654023,7.050363439765894e-16,9.71445146547012e-17,0.800374992387892,0.0,-6.25,6.25,0.14415703243338493,0.1441570324333851,2.3824789294577126e-09,6.08967564591166e-07,0.0015165562563380238,0.0015,6.125112811194988e-07,0.0014784116147850016,0.0015,0.2,0.0,0.11122199536400888,0.0
10079,2.51975,2.52,-4.355825855437926,4.671190321867271,0.15768223321467234,9.027016177305196,-0.10098610962771093,0.12790423415878827,1,1,-4.355825855437926,4.671190321867271,-6.0,6.0,0.0,12.0,0.08789464873044574,0.0,0.08789464873044574,0.0,-0.08789464873044574,-0.08789464873044574,0.0,0.0,0.0,0.0,0.0,0.0,2.197640911929088e-05,0.0,6.066475377929638,5.914552062663237,1.0009117287160946e-15,9.71445146547012e-17,0.8003749923892357,0.0,-6.25,6.25,0.14415703243338493,0.1441570324333851,2.3826759601623322e-09,6.088600697591804e-07,0.0015166173530990563,0.0015,6.125306214577187e-07,0.0014786325212591375,0.0015,0.2,0.0,0.11210535126955418,0.0
10119,2.52975,2.5300000000000002,-4.355482429767876,4.666096603580271,0.15530708690619743,9.021579033348146,-0.10102502676774483,0.12815331298209054,1,1,-4.355482429767876,4.666096603580271,-6.0,6.0,0.0,12.0,0.08702008236301931,0.0,0.08702008236301931,0.0,-0.08702008236301931,-0.08702008236301931,0.0,0.0,0.0,0.0,0.0,0.0,2.1757740194957633e-05,0.0,6.066708302631245,5.915426677326466,1.3463622577924994e-15,9.71445146547012e-17,0.8003749923906075,0.0,-6.25,6.25,0.14415703243338493,0.1441570324333851,2.3828705440432927e-09,6.087503250819041e-07,0.0015166756535442852,0.0015,6.125505558540745e-07,0.0014788512295970948,0.0015,0.2,0.0,0.1129799176369806,0.0
10159,2.53975,2.54,-4.3551390090759625,4.661146149405403,0.15300357016472033,9.016285158481367,-0.10106356301303632,0.12433345431169474,1,1,-4.3551390090759625,4.661146149405403,-6.0,6.0,0.0,12.0,0.08615421807634618,0.0,0.08615421807634618,0.0,-0.08615421807634618,-0.08615421807634618,0.0,0.0,0.0,0.0,0.0,0.0,2.1541247062775395e-05,0.0,6.066930245262771,5.916292589143887,8.680834100594642e-16,9.71445146547012e-17,0.8003749923920075,0.0,-6.25,6.25,0.14415703243338493,0.1441570324333851,2.3830626916579868e-09,6.086383227033896e-07,0.0015167312072419227,0.0015,6.125710913373883e-07,0.0014790677616793846,0.0015,0.2,0.0,0.11384578192365373,0.0
10199,2.54975,2.5500000000000003,-4.354795839122822,4.656259865200517,0.15073201303884742,9.01105570432334,-0.10110163846946241,0.1245821639368766,1,1,-4.354795839122822,4.656259865200517,-6.0,6.0,0.0,12.0,0.08529696928327608,0.0,0.08529696928327608,0.0,-0.08529696928327608,-0.08529696928327608,0.0,0.0,0.0,0.0,0.0,0.0,2.1326908073250528e-05,0.0,6.067141401186966,5.9171498847451955,9.898765834792655e-16,9.71445146547012e-17,0.8003749923934359,0.0,-6.25,6.25,0.14415703243338493,0.1441570324333851,2.3832524138014684e-09,6.085240553849734e-07,0.001516784063050285,0.0015,6.125922347255397e-07,0.0014792821391688457,0.0015,0.2,0.0,0.11470303071672383,0.0
10239,2.55975,2.56,-4.354453170448385,4.65154429879665,0.14854556417413267,9.005997469245035,-0.10113917835246344,0.12481404811991559,1,1,-4.354453170448385,4.65154429879665,-6.0,6.0,0.0,12.0,0.08444825025821533,0.0,0.08444825025821533,0.0,-0.08444825025821533,-0.08444825025821533,0.0,0.0,0.0,0.0,0.0,0.0,2.1114701792305463e-05,0.0,6.067341962964806,5.917998649898271,2.931682674400804e-16,9.71445146547012e-17,0.8003749923948926,0.0,-6.25,6.25,0.14415703243338493,0.1441570324333851,2.3834397214664553e-09,6.084075165396931e-07,0.001516834269127016,0.0015,6.126139926099228e-07,0.0014794943835128077,0.0015,0.2,0.0,0.11555174974178459,0.0
10279,2.56975,2.57,-4.354111256016302,4.646988706201547,0.14643872509262268,9.00109996221785,-0.10117611312193131,0.12503063395560676,1,1,-4.354111256016302,4.646988706201547,-6.0,6.0,0.0,12.0,0.08360797612855426,0.0,0.08360797612855426,0.0,-0.08360797612855426,-0.08360797612855426,0.0,0.0,0.0,0.0,0.0,0.0,2.0904606999135297e-05,0.0,6.067532120391934,5.9188389695177355,6.286204196070955e-16,9.71445146547012e-17,0.8003749923963778,0.0,-6.25,6.25,0.14415703243338493,0.1441570324333851,2.383624625807557e-09,6.082887002189647e-07,0.0015168818729381992,0.0015,6.126363713654382e-07,0.0014797045159452335,0.0015,0.2,0.0,0.11639202387144565,0.0
10319,2.57975,2.58,-4.353770349160962,4.642583378635325,0.14440651473718136,8.996353727796286,-0.10121237852330933,0.12523327467882817,1,1,-4.353770349160962,4.642583378635325,-6.0,6.0,0.0,12.0,0.08277606286617956,0.0,0.08277606286617956,0.0,-0.08277606286617956,-0.08277606286617956,0.0,0.0,0.0,0.0,0.0,0.0,2.0696602684085594e-05,0.0,6.067712060534649,5.919670927673442,1.2780575209259126e-15,9.71445146547012e-17,0.8003749923978916,0.0,-6.25,6.25,0.14415703243338493,0.1441570324333851,2.383807138109355e-09,6.081676011503305e-07,0.0015169269212673595,0.0015,6.126593771438316e-07,0.0014799125574888406,0.0015,0.2,0.0,0.11722393713382036,0.0
10359,2.58975,2.59,-4.35343070181328,4.638319511147315,0.14244440466701747,8.991750212960595,-0.1012479155540641,0.12542317330019037,1,1,-4.35343070181328,4.638319511147315,-6.0,6.0,0.0,12.0,0.08195242727907177,0.0,0.08195242727907177,0.0,-0.08195242727907177,-0.08195242727907177,0.0,0.0,0.0,0.0,0.0,0.0,2.049066804655153e-05,0.0,6.0678819677654605,5.920494607598874,5.994621574308134e-16,9.71445146547012e-17,0.8003749923994339,0.0,-6.25,6.25,0.14415703243338493,0.1441570324333851,2.383987269757987e-09,6.08044214740789e-07,0.001516969460224353,0.0015,6.126830158881269e-07,0.0014801185289572006,0.0015,0.2,0.0,0.11804757272092814,0.0
10398,2.5995,2.5997500000000002,-4.353100996092466,4.634190965002458,0.14054498445499597,8.987291961094924,-0.10128181143631287,0.1218083108964485,1,1,-4.353100996092466,4.634190965002458,-6.0,6.0,0.0,12.0,0.08115727378547871,0.0,0.08115727378547871,0.0,-0.08115727378547871,-0.08115727378547871,0.0,0.0,0.0,0.0,0.0,0.0,2.029185482253575e-05,0.0,6.068038141016586,5.921289803827278,7.578573185673676e-16,9.71445146547012e-17,0.8003749924009652,0.0,-6.25,6.25,0.14415703243338493,0.1441570324333851,2.384160616936691e-09,6.079217069939136e-07,0.001517008563046816,0.0015,6.127066785466262e-07,0.0014803173777206203,0.0015,0.2,0.0,0.1188427262145212,0.0
10399,2.5997500000000002,2.6,-4.353092562980845,5.024428706850974,0.3356680719350642,9.377521269831819,-0.10128267037170124,4.865613257345546,1,1,-4.353092562980845,4.63408612779365,-6.0,6.0,0.0,12.0,0.08113698700298581,0.0,0.13113698700298582,0.0,-0.08113698700298581,-0.13113698700298582,0.0,0.05,0.0,0.05,0.0,0.0,2.028678249289774e-05,0.0,6.068042023798197,5.871310091699449,9.653702262493041e-16,8.326672684688674e-17,0.8003749924010048,0.0,-6.25,6.25,0.14415703243338493,0.1441570324333851,2.384165032215945e-09,6.079185371012205e-07,0.0015170095352541463,0.0015,6.12707293312642e-07,0.0014803224509568195,0.0015,0.25,0.0,0.1188630129970141,0.0
10400,2.6,2.60025,-4.353084130965321,5.027694593226149,0.3373052311304141,9.38077872419147,-0.10128352878744196,1.7228919179980744,1,1,-4.353084130965321,5.027694593226149,-6.0,6.0,0.0,12.0,0.13110420685392443,0.0,0.13110420685392443,0.0,-0.13110420685392443,-0.13110420685392443,0.0,0.0,0.0,0.0,0.0,0.0,3.2780149061383836e-05,0.0,6.0680583990308286,5.871342874558588,7.967801765595972e-16,8.326672684688674e-17,0.8003749924010445,0.0,-6.25,6.25,0.14415703243338493,0.1441570324333851,2.3258456081997736e-09,6.079153657752291e-07,0.0015170105059495492,0.0015,6.127079084794485e-07,0.0014678275229248622,0.0015,0.25,0.0,0.11889579314607548,0.0
10439,2.60975,2.61,-4.352756177458303,5.034275253560769,0.34075953805123316,9.387031431019071,-0.10131659415686278,0.5498835096869997,1,1,-4.352756177458303,5.034275253560769,-6.0,6.0,0.0,12.0,0.12983215218067293,0.0,0.12983215218067293,0.0,-0.12983215218067293,-0.12983215218067293,0.0,0.0,0.0,0.0,0.0,0.0,3.2462095638049565e-05,0.0,6.0686874965408375,5.872615034081441,1.446135962715478e-15,8.326672684688674e-17,0.8003749924026045,0.0,-6.25,6.25,0.14415703243338493,0.1441570324333851,2.3261131136213905e-09,6.077905650641505e-07,0.0015171678992199917,0.0015,6.127322149218628e-07,0.001468145642329417,0.0015,0.25,0.0,0.12016784781932699,0.0
10479,2.6197500000000002,2.62,-4.352421784744606,5.023676647807051,0.33562743153122243,9.376098432551657,-0.10134964294271909,0.4031762950320622,1,1,-4.352421784744606,5.023676647807051,-6.0,6.0,0.0,12.0,0.12854030068177197,0.0,0.12854030068177197,0.0,-0.12854030068177197,-0.12854030068177197,0.0,0.0,0.0,0.0,0.0,0.0,3.213909238960059e-05,0.0,6.069313620649345,5.87390699144875,9.881215312125546e-16,0.0,0.8003749924042328,0.0,-6.25,6.25,0.14415703243338493,0.1441570324333851,2.3263939281844848e-09,6.076602961937415e-07,0.0015173245501933115,0.0015,6.127577859982303e-07,0.0014684687124324476,0.0015,0.25,0.0,0.12145969931822802,0.0
10519,2.62975,2.63,-4.352089618145105,5.006476325221875,0.3271933535383851,9.35856594336698,-0.10138177741992604,0.31766543402803327,1,1,-4.352089618145105,5.006476325221875,-6.0,6.0,0.0,12.0,0.1272613033200564,0.0,0.1272613033200564,0.0,-0.1272613033200564,-0.1272613033200564,0.0,0.0,0.0,0.0,0.0,0.0,3.18193030771732e-05,0.0,6.069920717135595,5.875186093046361,9.001046435974658e-16,2.7755575615628914e-17,0.8003749924058899,0.0,-6.25,6.25,0.14415703243338493,0.1441570324333851,2.3266749989965155e-09,6.075277288057774e-07,0.001517476442268433,0.0015,6.127840116132433e-07,0.0014687885677892032,0.0015,0.25,0.0,0.12273869667994357,0.0
10559,2.6397500000000003,2.64,-4.351759904034924,4.9865501604287,0.3173951281968881,9.338310064463624,-0.1014129627311211,0.26484664207166053,1,1,-4.351759904034924,4.9865501604287,-6.0,6.0,0.0,12.0,0.12599503219472427,0.0,0.12599503219472427,0.0,-0.12599503219472427,-0.12599503219472427,0.0,0.0,0.0,0.0,0.0,0.0,3.150269572156973e-05,0.0,6.070509102537854,5.876452466833414,1.0600447928298118e-15,5.551115123125783e-17,0.8003749924075758,0.0,-6.25,6.25,0.14415703243338493,0.1441570324333851,2.326954694881446e-09,6.073928619787651e-07,0.001517623654607708,0.0015,6.128108966130253e-07,0.0014691052403974676,0.0015,0.25,0.0,0.12400496780527567,0.0
10599,2.64975,2.65,-4.3514328610898065,4.965746004745756,0.30715657182797473,9.317178865835562,-0.10144316857347291,0.24475693637533436,1,1,-4.3514328610898065,4.965746004745756,-6.0,6.0,0.0,12.0,0.12474136067760783,0.0,0.12474136067760783,0.0,-0.12474136067760783,-0.12474136067760783,0.0,0.0,0.0,0.0,0.0,0.0,3.1189238661790725e-05,0.0,6.071079088977964,5.877706239495908,1.6363253525601695e-15,1.1102230246251565e-16,0.8003749924092903,0.0,-6.25,6.25,0.14415703243338493,0.1441570324333851,2.3272323542027582e-09,6.072556955683685e-07,0.0015177662652690275,0.0015,6.128384456294267e-07,0.0014694187619366578,0.0015,0.25,0.0,0.12525863932239206,0.0
10639,2.65975,2.66,-4.351108697528872,4.945305389957138,0.297098346214133,9.29641408748601,-0.10147237229015615,0.21852111798528417,1,1,-4.351108697528872,4.945305389957138,-6.0,6.0,0.0,12.0,0.12350016340051063,0.0,0.12350016340051063,0.0,-0.12350016340051063,-0.12350016340051063,0.0,0.0,0.0,0.0,0.0,0.0,3.0878900551869036e-05,0.0,6.071630984217919,5.878947536459335,4.633880085203046e-16,6.938893903907228e-17,0.8003749924110337,0.0,-6.25,6.25,0.14415703243338493,0.1441570324333851,2.327507637236438e-09,6.071162302129584e-07,0.001517904351219966,0.0015,6.128666630722535e-07,0.0014697291637709876,0.0015,0.25,0.0,0.1264998365994893,0.0
10679,2.66975,2.67,-4.350787600412159,4.925846363546859,0.2875293815673503,9.276633963959018,-0.10150057035521132,0.19886243462210795,1,1,-4.350787600412159,4.925846363546859,-6.0,6.0,0.0,12.0,0.12227131624267064,0.0,0.12227131624267064,0.0,-0.12227131624267064,-0.12227131624267064,0.0,0.0,0.0,0.0,0.0,0.0,3.057165035773503e-05,0.0,6.072165091715726,5.880176481901209,1.098296800727816e-15,6.938893903907228e-17,0.8003749924128057,0.0,-6.25,6.25,0.14415703243338493,0.1441570324333851,2.3277803434000625e-09,6.069744673347231e-07,0.0015180379883517584,0.0015,6.128955531192748e-07,0.0014700364769525975,0.0015,0.25,0.0,0.1277286837573293,0.0
10719,2.67975,2.68,-4.35046971280816,4.907636045429579,0.27858316631070945,9.25810575823774,-0.10152779701418924,0.18357000748589203,1,1,-4.35046971280816,4.907636045429579,-6.0,6.0,0.0,12.0,0.12105469631834802,0.0,0.12105469631834802,0.0,-0.12105469631834802,-0.12105469631834802,0.0,0.0,0.0,0.0,0.0,0.0,3.026745735411326e-05,0.0,6.072681710680636,5.881393198763472,1.0421351281930669e-15,9.71445146547012e-17,0.8003749924146064,0.0,-6.25,6.25,0.14415703243338493,0.1441570324333851,2.3280503427009415e-09,6.068304091463305e-07,0.001518167251493104,0.0015,6.129251197350972e-07,0.0014703407322246567,0.0015,0.25,0.0,0.12894530368165188,0.0
10759,2.68975,2.69,-4.350155104766114,4.890601071214379,0.2702229832241323,9.240756175980493,-0.10155413933395308,0.1810817232731543,1,1,-4.350155104766114,4.890601071214379,-6.0,6.0,0.0,12.0,0.11985018196453648,0.0,0.11985018196453648,0.0,-0.11985018196453648,-0.11985018196453648,0.0,0.0,0.0,0.0,0.0,0.0,2.9966291121449868e-05,0.0,6.073181136127669,5.8825978087647774,8.513426508899302e-16,5.551115123125783e-17,0.8003749924164358,0.0,-6.25,6.25,0.14415703243338493,0.1441570324333851,2.3283175451429883e-09,6.066840586498167e-07,0.0015182922144238078,0.0015,6.129553666434084e-07,0.0014706419600244384,0.0015,0.25,0.0,0.13014981803546347,0.0
10799,2.69975,2.7,-4.349843749875425,4.874614303449549,0.26238527678706225,9.224458053324973,-0.10157973980009172,0.1701253387174967,1,1,-4.349843749875425,4.874614303449549,-6.0,6.0,0.0,12.0,0.1186576527287969,0.0,0.1186576527287969,0.0,-0.1186576527287969,-0.1186576527287969,0.0,0.0,0.0,0.0,0.0,0.0,2.9668121542870615e-05,0.0,6.073663658931504,5.883790432412656,1.5764299587939234e-15,6.938893903907228e-17,0.8003749924182938,0.0,-6.25,6.25,0.14415703243338493,0.1441570324333851,2.3285818853863135e-09,6.065354196232645e-07,0.001518412949888253,0.0015,6.129862973458522e-07,0.0014709401904863565,0.0015,0.25,0.0,0.13134234727120303,0.0
10839,2.70975,2.71,-4.349535515637078,4.8599245533883195,0.2551945188756206,9.209460069025397,-0.10160478605638401,0.1608427098795845,1,1,-4.349535515637078,4.8599245533883195,-6.0,6.0,0.0,12.0,0.11747698935721186,0.0,0.11747698935721186,0.0,-0.11747698935721186,-0.11747698935721186,0.0,0.0,0.0,0.0,0.0,0.0,2.937291880116916e-05,0.0,6.07412956587968,5.884971189015552,5.037711513136006e-16,1.8041124150158794e-16,0.8003749924201804,0.0,-6.25,6.25,0.14415703243338493,0.1441570324333851,2.328843314371453e-09,6.063844966185817e-07,0.0015185295296087085,0.0015,6.130179150987126e-07,0.0014712354534449812,0.0015,0.25,0.0,0.13252301064278796,0.0
10879,2.71975,2.72,-4.349230168999364,4.846055082869454,0.248412456935045,9.195285251868818,-0.10162949290551615,0.16059699182833342,1,1,-4.349230168999364,4.846055082869454,-6.0,6.0,0.0,12.0,0.1163080737824604,0.0,0.1163080737824604,0.0,-0.1163080737824604,-0.1163080737824604,0.0,0.0,0.0,0.0,0.0,0.0,2.908065337582534e-05,0.0,6.074579139725182,5.886140196694753,1.4298458250738832e-15,1.249000902703301e-16,0.8003749924220954,0.0,-6.25,6.25,0.14415703243338493,0.1441570324333851,2.329101794428252e-09,6.062312949404081e-07,0.001518642024298478,0.0015,6.130502229106938e-07,0.0014715277784380179,0.0015,0.25,0.0,0.13369192621753948,0.0
10919,2.72975,2.73,-4.348927393602315,4.83323010193401,0.24215135416584754,9.182157495536325,-0.10165408246119223,0.15303993269722038,1,1,-4.348927393602315,4.83323010193401,-6.0,6.0,0.0,12.0,0.1151507891120109,0.0,0.1151507891120109,0.0,-0.1151507891120109,-0.1151507891120109,0.0,0.0,0.0,0.0,0.0,0.0,2.8791296040053063e-05,0.0,6.075012659238359,5.887297572396193,1.2973563195961546e-15,8.326672684688674e-17,0.8003749924240388,0.0,-6.25,6.25,0.14415703243338493,0.1441570324333851,2.3293572962535264e-09,6.060758206350123e-07,0.0015187505036748828,0.0015,6.13083223559574e-07,0.0014718171947092585,0.0015,0.25,0.0,0.134849210887989,0.0
10959,2.73975,2.74,-4.348626813612524,4.821124153312103,0.2362486698497892,9.169750966924628,-0.10167876661759223,0.15321413199248513,1,1,-4.348626813612524,4.821124153312103,-6.0,6.0,0.0,12.0,0.11400501961643193,0.0,0.11400501961643193,0.0,-0.11400501961643193,-0.11400501961643193,0.0,0.0,0.0,0.0,0.0,0.0,2.8504817857877624e-05,0.0,6.075430399258227,5.888443431902126,3.400058012914542e-16,4.163336342344337e-17,0.8003749924260105,0.0,-6.25,6.25,0.14415703243338493,0.1441570324333851,2.329609796948418e-09,6.059180804658674e-07,0.0015188550364720927,0.0015,6.131169195588981e-07,0.001472103731211507,0.0015,0.25,0.0,0.13599498038356803,0.0
10999,2.74975,2.75,-4.3483280194689415,4.809877202828186,0.23077459167962244,9.158205222297127,-0.10170373386827136,0.14675110853673512,1,1,-4.3483280194689415,4.809877202828186,-6.0,6.0,0.0,12.0,0.11287065071781908,0.0,0.11287065071781908,0.0,-0.11287065071781908,-0.11287065071781908,0.0,0.0,0.0,0.0,0.0,0.0,2.8221190181242058e-05,0.0,6.0758326307431245,5.889577889842716,9.955144347761902e-16,6.938893903907228e-17,0.8003749924280106,0.0,-6.25,6.25,0.14415703243338493,0.1441570324333851,2.329859278685626e-09,6.057580818925567e-07,0.0015189556904537935,0.0015,6.131513131724109e-07,0.001472387416609468,0.0015,0.25,0.0,0.13712934928218085,0.0
11039,2.75975,2.7600000000000002,-4.348030592165063,4.799132046728767,0.22555072728185177,9.14716263889383,-0.1017291408951948,0.14712236546672697,1,1,-4.348030592165063,4.799132046728767,-6.0,6.0,0.0,12.0,0.11174756897833722,0.0,0.11174756897833722,0.0,-0.11174756897833722,-0.11174756897833722,0.0,0.0,0.0,0.0,0.0,0.0,2.7940384647142358e-05,0.0,6.076219620820767,5.890701059707477,5.950846911594032e-16,9.71445146547012e-17,0.8003749924300386,0.0,-6.25,6.25,0.14415703243338493,0.1441570324333851,2.3301057277669926e-09,6.055958330396869e-07,0.0015190525324257043,0.0015,6.131864063962933e-07,0.001472668279282615,0.0015,0.25,0.0,0.13825243102166268,0.0
11079,2.76975,2.77,-4.3477341240780225,4.789164283515001,0.22071507971848936,9.136898407593023,-0.10175510842017732,0.14744105593658852,1,1,-4.3477341240780225,4.789164283515001,-6.0,6.0,0.0,12.0,0.11063566208887643,0.0,0.11063566208887643,0.0,-0.11063566208887643,-0.11063566208887643,0.0,0.0,0.0,0.0,0.0,0.0,2.7662373174791094e-05,0.0,6.076591632837684,5.89181305385662,1.5870551400842814e-15,2.220446049250313e-16,0.8003749924320948,0.0,-6.25,6.25,0.14415703243338493,0.1441570324333851,2.3303491339323244e-09,6.054313426746844e-07,0.001519145628247941,0.0015,6.132222009780364e-07,0.0014729463473280237,0.0015,0.25,0.0,0.13936433791112335,0.0
11119,2.77975,2.7800000000000002,-4.34743823547244,4.7795547132352105,0.2160582388813852,9.12699294870765,-0.101781720417074,0.14186719151915272,1,1,-4.34743823547244,4.7795547132352105,-6.0,6.0,0.0,12.0,0.10953481885782122,0.0,0.10953481885782122,0.0,-0.10953481885782122,-0.10953481885782122,0.0,0.0,0.0,0.0,0.0,0.0,2.7387127962809366e-05,0.0,6.076948926408043,5.89291398353227,1.6798696223126186e-16,2.3592239273284576e-16,0.8003749924341788,0.0,-6.25,6.25,0.14415703243338493,0.1441570324333851,2.330589489835737e-09,6.052646201733782e-07,0.0015192350428472243,0.0015,6.132586983820243e-07,0.001473221648563181,0.0015,0.25,0.0,0.14046518114217854,0.0
11159,2.78975,2.79,-4.3471425865746784,4.770509396816358,0.21168340512083983,9.117651983391037,-0.10180902572061612,0.14226954014885496,1,1,-4.3471425865746784,4.770509396816358,-6.0,6.0,0.0,12.0,0.1084449291999311,0.0,0.1084449291999311,0.0,-0.1084449291999311,-0.1084449291999311,0.0,0.0,0.0,0.0,0.0,0.0,2.711462148644659e-05,0.0,6.0772917574618806,5.894003958869602,6.875095382320034e-16,3.885780586188048e-16,0.8003749924362906,0.0,-6.25,6.25,0.14415703243338493,0.1441570324333851,2.3308267906374836e-09,6.050956754911333e-07,0.0015193208402289437,0.0015,6.132958998061877e-07,0.0014734942105287644,0.0015,0.25,0.0,0.14155507080006852,0.0
11199,2.79975,2.8000000000000003,-4.346846885572025,4.76200190409606,0.20757750926201757,9.108848789668084,-0.10183704117479042,0.13718814210613384,1,1,-4.346846885572025,4.76200190409606,-6.0,6.0,0.0,12.0,0.10736588412533203,0.0,0.10736588412533203,0.0,-0.10736588412533203,-0.10736588412533203,0.0,0.0,0.0,0.0,0.0,0.0,2.6844826494828054e-05,0.0,6.077620378292744,5.895083088907826,1.1199029171463787e-15,5.412337245047638e-16,0.80037499243843,0.0,-6.25,6.25,0.14415703243338493,0.1441570324333851,2.3310610336779075e-09,6.049245191273251e-07,0.0015194030834890704,0.0015,6.133338061808936e-07,0.001473764060491393,0.0015,0.25,0.0,0.14263411587466743,0.0
11239,2.80975,2.81,-4.346550893120034,4.753697550788519,0.2035733288342425,9.100248443908551,-0.10186575563497502,0.13762636024754527,1,1,-4.346550893120034,4.753697550788519,-6.0,6.0,0.0,12.0,0.10629757572861745,0.0,0.10629757572861745,0.0,-0.10629757572861745,-0.10629757572861745,0.0,0.0,0.0,0.0,0.0,0.0,2.6577716008229784e-05,0.0,6.07793503760475,5.896151481601092,1.3309801394703613e-15,6.106226635438361e-16,0.8003749924405971,0.0,-6.25,6.25,0.14415703243338493,0.1441570324333851,2.3312922182115595e-09,6.047511620953618e-07,0.0015194818348259246,0.0015,6.133724181500711e-07,0.001474031225446353,0.0015,0.25,0.0,0.14370242427138194,0.0
11279,2.81975,2.82,-4.346254424016673,4.745862782393955,0.19980417918864068,9.092117206410627,-0.1018951343154395,0.1380170178627893,1,1,-4.346254424016673,4.745862782393955,-6.0,6.0,0.0,12.0,0.1052398971780573,0.0,0.1052398971780573,0.0,-0.1052398971780573,-0.1052398971780573,0.0,0.0,0.0,0.0,0.0,0.0,2.63132633153805e-05,0.0,6.078235980559052,5.897209243829273,1.1471841543115452e-15,5.967448757360216e-16,0.8003749924427913,0.0,-6.25,6.25,0.14415703243338493,0.1441570324333851,2.3315203451865925e-09,6.045756158915994e-07,0.001519557155551798,0.0015,6.134117360911962e-07,0.0014742957321202945,0.0015,0.25,0.0,0.1447601028219421,0.0
11319,2.82975,2.83,-4.345957346685163,4.738447281065428,0.1962449671901325,9.08440462775059,-0.101925123129879,0.13836703566247832,1,1,-4.345957346685163,4.738447281065428,-6.0,6.0,0.0,12.0,0.10419274270491513,0.0,0.10419274270491513,0.0,-0.10419274270491513,-0.10419274270491513,0.0,0.0,0.0,0.0,0.0,0.0,2.6051441970790537e-05,0.0,6.078523448819755,5.898256481408652,4.77048955893622e-16,6.38378239159465e-16,0.8003749924450129,0.0,-6.25,6.25,0.14415703243338493,0.1441570324333851,2.331745417059101e-09,6.04397892466475e-07,0.0015196291061044356,0.0015,6.13451760099748e-07,0.001474557606973903,0.0015,0.25,0.0,0.14580725729508423,0.0
11359,2.83975,2.84,-4.345659581041679,4.731185316211586,0.1927628675849533,9.076844897253265,-0.10195565279783658,0.13377838959071298,1,1,-4.345659581041679,4.731185316211586,-6.0,6.0,0.0,12.0,0.10315600759287104,0.0,0.10315600759287104,0.0,-0.10315600759287104,-0.10315600759287104,0.0,0.0,0.0,0.0,0.0,0.0,2.579222579210726e-05,0.0,6.078797680599263,5.899293299102484,1.0409018482218646e-15,7.355227538141662e-16,0.8003749924472615,0.0,-6.25,6.25,0.14415703243338493,0.1441570324333851,2.33196743763505e-09,6.0421800418787e-07,0.0015196977460583735,0.0015,6.134924900025318e-07,0.0014748168762045415,0.0015,0.25,0.0,0.14684399240712823,0.0
11399,2.8497500000000002,2.85,-4.345361095237723,4.724250728356652,0.18944481655946444,9.069611823594375,-0.10198664258430745,0.13414345730870247,1,1,-4.345361095237723,4.724250728356652,-6.0,6.0,0.0,12.0,0.10212958816754987,0.0,0.10212958816754987,0.0,-0.10212958816754987,-0.10212958816754987,0.0,0.0,0.0,0.0,0.0,0.0,2.5535588857496796e-05,0.0,6.079058910703053,5.900319800631471,8.556896239752393e-16,7.632783294297951e-16,0.800374992449537,0.0,-6.25,6.25,0.14415703243338493,0.1441570324333851,2.332186411934425e-09,6.040359638222359e-07,0.0015197631341361388,0.0015,6.135339253510175e-07,0.0014750735657488702,0.0015,0.25,0.0,0.14787041183244937,0.0
11439,2.85975,2.86,-4.345061901676824,4.717644808693602,0.18629145350838883,9.062706710370426,-0.1020180036074475,0.13447498465806895,1,1,-4.345061901676824,4.717644808693602,-6.0,6.0,0.0,12.0,0.10111338178615377,0.0,0.10111338178615377,0.0,-0.10111338178615377,-0.10111338178615377,0.0,0.0,0.0,0.0,0.0,0.0,2.5281505503051816e-05,0.0,6.079307370573921,5.901336088684125,7.238404754056349e-16,7.355227538141662e-16,0.8003749924518393,0.0,-6.25,6.25,0.14415703243338493,0.1441570324333851,2.332402346073602e-09,6.038517845057291e-07,0.0015198253282193137,0.0015,6.135760654257805e-07,0.0014753277012854366,0.0015,0.25,0.0,0.1488866182138455,0.0
11479,2.8697500000000002,2.87,-4.344762052620969,4.711297277179616,0.18326761227932353,9.056059329800586,-0.10204964169551578,0.130195882242235,1,1,-4.344762052620969,4.711297277179616,-6.0,6.0,0.0,12.0,0.10010728682719772,0.0,0.10010728682719772,0.0,-0.10010728682719772,-0.10010728682719772,0.0,0.0,0.0,0.0,0.0,0.0,2.502995032022513e-05,0.0,6.079543288335671,5.902342264927028,1.6306400674181987e-16,6.938893903907228e-16,0.8003749924541681,0.0,-6.25,6.25,0.14415703243338493,0.1441570324333851,2.3326152471628936e-09,6.036654797153446e-07,0.0015198843853594613,0.0015,6.13618909242053e-07,0.0014755793082372429,0.0015,0.25,0.0,0.1498927131728016,0.0
11519,2.87975,2.88,-4.344461635627934,4.705056089707567,0.1802972270398162,9.049517725335502,-0.10208145980403427,0.13053205376319377,1,1,-4.344461635627934,4.705056089707567,-6.0,6.0,0.0,12.0,0.09911120268034736,0.0,0.09911120268034736,0.0,-0.09911120268034736,-0.09911120268034736,0.0,0.0,0.0,0.0,0.0,0.0,2.4780898153288823e-05,0.0,6.079766888836268,5.903338430014996,5.015214318056932e-16,7.632783294297951e-16,0.8003749924565232,0.0,-6.25,6.25,0.14415703243338493,0.1441570324333851,2.3328251232169094e-09,6.034770632622546e-07,0.001519940361788916,0.0015,6.136624555586056e-07,0.0014758284117742848,0.0015,0.25,0.0,0.15088879731965188,0.0
11559,2.8897500000000003,2.89,-4.344160768998312,4.699081058115282,0.17746014455848513,9.043241827113594,-0.10211336002222349,0.13084057473061794,1,1,-4.344160768998312,4.699081058115282,-6.0,6.0,0.0,12.0,0.09812502973635798,0.0,0.09812502973635798,0.0,-0.09812502973635798,-0.09812502973635798,0.0,0.0,0.0,0.0,0.0,0.0,2.453432409681866e-05,0.0,6.079978393690463,5.904324683601128,7.225631497211754e-16,8.604228440844963e-16,0.8003749924589046,0.0,-6.25,6.25,0.14415703243338493,0.1441570324333851,2.333031983075853e-09,6.032865492618326e-07,0.001519993312931445,0.0015,6.13706702874417e-07,0.0014760750368160683,0.0015,0.25,0.0,0.15187497026364116,0.0
11599,2.89975,2.9,-4.3438595973600025,4.693350917973918,0.1747456603069577,9.037210515333921,-0.10214524520744117,0.13112452291839605,1,1,-4.3438595973600025,4.693350917973918,-6.0,6.0,0.0,12.0,0.09714866937711339,0.0,0.09714866937711339,0.0,-0.09714866937711339,-0.09714866937711339,0.0,0.0,0.0,0.0,0.0,0.0,2.429020349320352e-05,0.0,6.0801780213218946,5.905301124346774,5.057227152240745e-16,8.881784197001252e-16,0.8003749924613122,0.0,-6.25,6.25,0.14415703243338493,0.1441570324333851,2.3332358363362613e-09,6.030939521269927e-07,0.0015200432934127743,0.0015,6.13751649447547e-07,0.0014763192080340989,0.0015,0.25,0.0,0.15285133062288572,0.0
11639,2.9097500000000003,2.91,-4.343558287477458,4.687846964838418,0.17214433868047996,9.031405252315874,-0.10217702029037046,0.13138654720114218,1,1,-4.343558287477458,4.687846964838418,-6.0,6.0,0.0,12.0,0.09618202396576404,0.0,0.09618202396576404,0.0,-0.09618202396576404,-0.09618202396576404,0.0,0.0,0.0,0.0,0.0,0.0,2.4048511930179614e-05,0.0,6.080365987004669,5.906267849931388,5.727975602512481e-16,8.187894806610529e-16,0.8003749924637454,0.0,-6.25,6.25,0.14415703243338493,0.1441570324333851,2.333436693289955e-09,6.028992865570862e-07,0.00152009035707099,0.0015,6.137972932851455e-07,0.0014765609498543462,0.0015,0.25,0.0,0.15381797603423514,0.0
11679,2.91975,2.92,-4.343257024341392,4.682388476926259,0.16956572629243327,9.02564550126765,-0.10220859329407195,0.12740111167344803,1,1,-4.343257024341392,4.682388476926259,-6.0,6.0,0.0,12.0,0.0952249968369632,0.0,0.0952249968369632,0.0,-0.0952249968369632,-0.0952249968369632,0.0,0.0,0.0,0.0,0.0,0.0,2.3809225238389214e-05,0.0,6.080542502904429,5.907224957062289,1.4643166778953443e-15,7.771561172376096e-16,0.8003749924662045,0.0,-6.25,6.25,0.14415703243338493,0.1441570324333851,2.3336345648701847e-09,6.027025675312411e-07,0.0015201345569668058,0.0015,6.138436321767582e-07,0.0014768002864596877,0.0015,0.25,0.0,0.15477500316303602,0.0
11719,2.92975,2.93,-4.3429560075707165,4.677123692803363,0.16708384261632325,9.02007970037408,-0.10223987610812224,0.12766552232586215,1,1,-4.3429560075707165,4.677123692803363,-6.0,6.0,0.0,12.0,0.09427749228720049,0.0,0.09427749228720049,0.0,-0.09427749228720049,-0.09427749228720049,0.0,0.0,0.0,0.0,0.0,0.0,2.3572319488963745e-05,0.0,6.080707778118914,5.908172541484337,1.7480659389619568e-15,8.465450562766819e-16,0.8003749924686889,0.0,-6.25,6.25,0.14415703243338493,0.1441570324333851,2.3338294626041284e-09,6.025038103039211e-07,0.0015201759453937098,0.0015,6.138906636810049e-07,0.0014770372417923238,0.0015,0.25,0.0,0.15572250771279866,0.0
11759,2.93975,2.94,-4.342655448140533,4.672050066156927,0.16469730900819668,9.01470551429746,-0.10227078505580522,0.12791133761942353,1,1,-4.342655448140533,4.672050066156927,-6.0,6.0,0.0,12.0,0.09333941556523133,0.0,0.09333941556523133,0.0,-0.09333941556523133,-0.09333941556523133,0.0,0.0,0.0,0.0,0.0,0.0,2.3337770991130833e-05,0.0,6.080862018718038,5.909110697989487,7.431867079209231e-16,7.632783294297951e-16,0.8003749924711987,0.0,-6.25,6.25,0.14415703243338493,0.1441570324333851,2.334021398571018e-09,6.023030304060355e-07,0.0015202145738879816,0.0015,6.139383851389013e-07,0.0014772718395561696,0.0015,0.25,0.0,0.1566605844347679,0.0
11799,2.94975,2.95,-4.342355565437073,4.667154892732631,0.16239966364777914,9.009510458169704,-0.1023012412885671,0.12814032879100212,1,1,-4.342355565437073,4.667154892732631,-6.0,6.0,0.0,12.0,0.0924106728626018,0.0,0.0924106728626018,0.0,-0.0924106728626018,-0.0924106728626018,0.0,0.0,0.0,0.0,0.0,0.0,2.310555628984524e-05,0.0,6.081005427783448,5.910039520426271,5.257770672832673e-16,7.771561172376096e-16,0.8003749924737336,0.0,-6.25,6.25,0.14415703243338493,0.1441570324333851,2.3342103853652824e-09,6.021002436416086e-07,0.0015202504932385907,0.0015,6.139867936927334e-07,0.001477504103219227,0.0015,0.25,0.0,0.15758932713739743,0.0
11839,2.95975,2.96,-4.342056584631275,4.662424409335344,0.16018391235203433,9.00448099396662,-0.10233117103789324,0.1243628204660524,1,1,-4.342056584631275,4.662424409335344,-6.0,6.0,0.0,12.0,0.09149117130426766,0.0,0.09149117130426766,0.0,-0.09149117130426766,-0.09149117130426766,0.0,0.0,0.0,0.0,0.0,0.0,2.2875652163443322e-05,0.0,6.081138205447608,5.910959101709185,1.2297461497463164e-15,8.465450562766819e-16,0.8003749924762932,0.0,-6.25,6.25,0.14415703243338493,0.1441570324333851,2.3343964360641787e-09,6.018954661033231e-07,0.0015202837534969676,0.0015,6.140358862849471e-07,0.0014777340560159274,0.0015,0.25,0.0,0.1585088286957315,0.0
11879,2.96975,2.97,-4.341758734356535,4.65770768920954,0.1579744774265026,8.999466423566076,-0.10236050575082312,0.12459223797954777,1,1,-4.341758734356535,4.65770768920954,-6.0,6.0,0.0,12.0,0.09058081893930688,0.0,0.09058081893930688,0.0,-0.09058081893930688,-0.09058081893930688,0.0,0.0,0.0,0.0,0.0,0.0,2.2648035621320866e-05,0.0,6.081260548932409,5.911869533827961,3.460502284030609e-16,7.91033905045424e-16,0.8003749924788777,0.0,-6.25,6.25,0.14415703243338493,0.1441570324333851,2.3345795641994497e-09,6.016887141714099e-07,0.0015203144039866601,0.0015,6.140856596748012e-07,0.0014779617209494575,0.0015,0.25,0.0,0.15941918106069233,0.0
11919,2.97975,2.98,-4.341462244672164,4.653145579725937,0.15584166752688633,8.994607824398102,-0.10238918213167025,0.1248071982506116,1,1,-4.341462244672164,4.653145579725937,-6.0,6.0,0.0,12.0,0.08967952473172425,0.0,0.08967952473172425,0.0,-0.08967952473172425,-0.08967952473172425,0.0,0.0,0.0,0.0,0.0,0.0,2.2422683901633953e-05,0.0,6.081372652587298,5.912770907856775,1.4605998973227924e-15,7.771561172376096e-16,0.8003749924814865,0.0,-6.25,6.25,0.14415703243338493,0.1441570324333851,2.3347597837326068e-09,6.01480004531411e-07,0.0015203424933128659,0.0015,6.141361104405885e-07,0.0014781871207940544,0.0015,0.25,0.0,0.16032047526827498,0.0
11959,2.98975,2.99,-4.341167345291879,4.648728997246608,0.15378082597736453,8.989896342538486,-0.10241714210910635,0.12500893374782496,1,1,-4.341167345291879,4.648728997246608,-6.0,6.0,0.0,12.0,0.08878719855134799,0.0,0.08878719855134799,0.0,-0.08878719855134799,-0.08878719855134799,0.0,0.0,0.0,0.0,0.0,0.0,2.2199574469022843e-05,0.0,6.081474707926913,5.913663313963344,2.918130147244735e-16,7.077671781985373e-16,0.8003749924841196,0.0,-6.25,6.25,0.14415703243338493,0.1441570324333851,2.3349371090334857e-09,6.012693541775111e-07,0.0015203680693718494,0.0015,6.141872349862964e-07,0.001478410278097286,0.0015,0.25,0.0,0.1612128014486513,0.0
11998,2.9995000000000003,2.99975,-4.340881567117343,4.644555052467857,0.15183674267525715,8.985436619585201,-0.10244366274997085,0.12519394367579484,1,1,-4.340881567117343,4.644555052467857,-6.0,6.0,0.0,12.0,0.08792572984982883,0.0,0.08792572984982883,0.0,-0.08792572984982883,-0.08792572984982883,0.0,0.0,0.0,0.0,0.0,0.0,2.198418037050258e-05,0.0,6.081564717440982,5.9145248607292125,6.052016526814086e-16,6.106226635438361e-16,0.8003749924867101,0.0,-6.25,6.25,0.14415703243338493,0.1441570324333851,2.3351072286889536e-09,6.010621180707986e-07,0.001520390631291223,0.0015,6.142377265661025e-07,0.0014786257186363073,0.0015,0.25,0.0,0.16207427015017056,0.0
11999,2.99975,3.0,-4.340874264055576,5.042474390778728,0.350800063361576,9.383348654834304,-0.10244433274477771,3.353028855263476,1,1,-4.340874264055576,4.644449680625345,-6.0,6.0,0.0,12.0,0.08790375116481647,0.0,0.13790375116481646,0.0,-0.08790375116481647,-0.13790375116481646,0.0,0.05,0.0,0.05,0.0,0.0,2.1978685012358342e-05,0.0,6.081566903668304,5.864546841417948,8.592200572993952e-16,6.106226635438361e-16,0.8003749924867768,0.0,-6.25,6.25,0.14415703243338493,0.1441570324333851,2.3351115548617606e-09,6.010567804258593e-07,0.0015203911793602455,0.0015,6.14239029567143e-07,0.001478631215182303,0.0015,0.3,0.0,0.16209624883518292,0.0
12000,3.0,3.00025,-4.340866962270786,5.045414208460418,0.352273623094816,9.386281170731204,-0.10244500222852837,2.084618731001138,1,1,-4.340866962270786,5.045414208460418,-6.0,6.0,0.0,12.0,0.13786927953615838,0.0,0.13786927953615838,0.0,-0.13786927953615838,-0.13786927953615838,0.0,0.0,0.0,0.0,0.0,0.0,3.4471628658082116e-05,0.0,6.081581582344466,5.864581316669906,3.883612181843077e-16,6.106226635438361e-16,0.8003749924868435,0.0,-6.25,6.25,0.14415703243338493,0.1441570324333851,2.2780207846478875e-09,6.010514415907605e-07,0.001520391725917076,0.0015,6.142403329822966e-07,0.0014661367103544869,0.0015,0.3,0.0,0.162130720463841,0.0
12039,3.00975,3.0100000000000002,-4.3405832256225345,5.0503753067686885,0.354896040573077,9.390958532391224,-0.10247070609698095,0.5605458391340379,1,1,-4.3405832256225345,5.0503753067686885,-6.0,6.0,0.0,12.0,0.13653158591411313,0.0,0.13653158591411313,0.0,-0.13653158591411313,-0.13653158591411313,0.0,0.0,0.0,0.0,0.0,0.0,3.4137163446161325e-05,0.0,6.082144514536858,5.865919151074085,7.6581265200798e-16,6.106226635438361e-16,0.8003749924894578,0.0,-6.25,6.25,0.14415703243338493,0.1441570324333851,2.278285765137345e-09,6.008423009367747e-07,0.001520532577846811,0.0015,6.142914902740327e-07,0.001466471252578365,0.0015,0.3,0.0,0.16346841408588625,0.0
12079,3.01975,3.02,-4.340294450364664,5.038501388248357,0.34910346894184663,9.378795838613021,-0.10249621905064288,0.41185680064124763,1,1,-4.340294450364664,5.038501388248357,-6.0,6.0,0.0,12.0,0.13517307393577793,0.0,0.13517307393577793,0.0,-0.13517307393577793,-0.13517307393577793,0.0,0.0,0.0,0.0,0.0,0.0,3.3797492994540185e-05,0.0,6.08270278196941,5.867277806413191,3.890930546507354e-17,6.106226635438361e-16,0.8003749924921624,0.0,-6.25,6.25,0.14415703243338493,0.1441570324333851,2.2785634181802146e-09,6.006259337058633e-07,0.0015206722645984111,0.0015,6.143446130579822e-07,0.0014668110013371196,0.0015,0.3,0.0,0.16482692606422145,0.0
12119,3.02975,3.0300000000000002,-4.34000815343932,5.019761634857708,0.3398767407091938,9.359769788297028,-0.10252083312282445,0.3254992589264649,1,1,-4.34000815343932,5.019761634857708,-6.0,6.0,0.0,12.0,0.13382807937748098,0.0,0.13382807937748098,0.0,-0.13382807937748098,-0.13382807937748098,0.0,0.0,0.0,0.0,0.0,0.0,3.34612023203832e-05,0.0,6.08324203357648,5.868622943341081,3.125280524825247e-16,6.106226635438361e-16,0.8003749924948903,0.0,-6.25,6.25,0.14415703243338493,0.1441570324333851,2.2788407381536435e-09,6.004076970995464e-07,0.0015208071953601659,0.0015,6.143983937267894e-07,0.001467147369647794,0.0015,0.3,0.0,0.1661719206225184,0.0
12159,3.03975,3.04,-4.3397245440203385,4.998419152575842,0.3293473042777517,9.33814369659618,-0.10254451425778799,0.27188889096636304,1,1,-4.3397245440203385,4.998419152575842,-6.0,6.0,0.0,12.0,0.1324964677386455,0.0,0.1324964677386455,0.0,-0.1324964677386455,-0.1324964677386455,0.0,0.0,0.0,0.0,0.0,0.0,3.312825779434266e-05,0.0,6.083762592364092,5.869954696411082,1.6540588343438856e-15,6.106226635438361e-16,0.8003749924976414,0.0,-6.25,6.25,0.14415703243338493,0.1441570324333851,2.2791161236307724e-09,6.001876098439573e-07,0.0015209374509121789,0.0015,6.144528279516948e-07,0.001467480391157132,0.0015,0.3,0.0,0.16750353226135387,0.0
12199,3.04975,3.0500000000000003,-4.33944382453297,4.976593221585903,0.31857469852646636,9.316037046118872,-0.10256723293007253,0.23622575112885125,1,1,-4.33944382453297,4.976593221585903,-6.0,6.0,0.0,12.0,0.13117810585699802,0.0,0.13117810585699802,0.0,-0.13117810585699802,-0.13117810585699802,0.0,0.0,0.0,0.0,0.0,0.0,3.2798626121688533e-05,0.0,6.084264776792914,5.871273198837386,1.0211693686826284e-15,6.106226635438361e-16,0.8003749925004154,0.0,-6.25,6.25,0.14415703243338493,0.1441570324333851,2.2793889305590065e-09,5.999656910493668e-07,0.0015210631108978471,0.0015,6.145079112773732e-07,0.0014678100991770103,0.0015,0.3,0.0,0.16882189414300136,0.0
12239,3.05975,3.06,-4.339166188269532,4.955387807810948,0.3081108097707079,9.29455399608048,-0.10258896723651212,0.21106441102714313,1,1,-4.339166188269532,4.955387807810948,-6.0,6.0,0.0,12.0,0.12987286189525166,0.0,0.12987286189525166,0.0,-0.12987286189525166,-0.12987286189525166,0.0,0.0,0.0,0.0,0.0,0.0,3.247227433897885e-05,0.0,6.084748900836734,5.872578582508357,1.241675761775446e-15,6.106226635438361e-16,0.8003749925032121,0.0,-6.25,6.25,0.14415703243338493,0.1441570324333851,2.279658830782591e-09,5.997419601990811e-07,0.0015211842538384833,0.0015,6.145636391130527e-07,0.0014681365266877662,0.0015,0.3,0.0,0.17012713810474772,0.0
12279,3.06975,3.0700000000000003,-4.338891810108569,4.935350541653535,0.29822936577248305,9.274242351762105,-0.10260971438160904,0.19241177867478754,1,1,-4.338891810108569,4.935350541653535,-6.0,6.0,0.0,12.0,0.12858060532792256,0.0,0.12858060532792256,0.0,-0.12858060532792256,-0.12858060532792256,0.0,0.0,0.0,0.0,0.0,0.0,3.214916981076339e-05,0.0,6.085215274040236,5.873870977999707,3.3857600967648893e-16,6.106226635438361e-16,0.8003749925060311,0.0,-6.25,6.25,0.14415703243338493,0.1441570324333851,2.2799256324125614e-09,5.995164371694252e-07,0.0015213009571477653,0.0015,6.146200067502772e-07,0.0014684597063414919,0.0015,0.3,0.0,0.1714193946720768,0.0
12319,3.07975,3.08,-4.338620826022508,4.916477759366812,0.2889284666721519,9.25509858538932,-0.10262950931869186,0.1889004919734305,1,1,-4.338620826022508,4.916477759366812,-6.0,6.0,0.0,12.0,0.12730120692827704,0.0,0.12730120692827704,0.0,-0.12730120692827704,-0.12730120692827704,0.0,0.0,0.0,0.0,0.0,0.0,3.182928022632005e-05,0.0,6.085664201576075,5.875150514587556,1.3006089261136111e-15,6.106226635438361e-16,0.8003749925088722,0.0,-6.25,6.25,0.14415703243338493,0.1441570324333851,2.280189212724636e-09,5.992891422097594e-07,0.0015214132971460104,0.0015,6.146770093562459e-07,0.0014687796704653006,0.0015,0.3,0.0,0.17269879307172234,0.0
12359,3.08975,3.09,-4.338353305979374,4.8988974451181555,0.28027206956939077,9.23725075109753,-0.10264843980021754,0.17634642407959478,1,1,-4.338353305979374,4.8988974451181555,-6.0,6.0,0.0,12.0,0.12603453875540904,0.0,0.12603453875540904,0.0,-0.12603453875540904,-0.12603453875540904,0.0,0.0,0.0,0.0,0.0,0.0,3.151257359642383e-05,0.0,6.086095984301259,5.876417320261352,8.008256059156837e-16,6.106226635438361e-16,0.8003749925117354,0.0,-6.25,6.25,0.14415703243338493,0.1441570324333851,2.280449488307596e-09,5.990600959569119e-07,0.0015215213490742726,0.0015,6.14734641968262e-07,0.0014690964510645562,0.0015,0.3,0.0,0.17396546124459034,0.0
12399,3.0997500000000002,3.1,-4.33808923089043,4.882734942436403,0.2723228557729862,9.220824173326832,-0.10266664897568001,0.1659665279630418,1,1,-4.33808923089043,4.882734942436403,-6.0,6.0,0.0,12.0,0.12478047414144584,0.0,0.12478047414144584,0.0,-0.12478047414144584,-0.12478047414144584,0.0,0.0,0.0,0.0,0.0,0.0,3.119901825014784e-05,0.0,6.086510918812845,5.877671521736671,1.167252058897894e-15,5.967448757360216e-16,0.8003749925146201,0.0,-6.25,6.25,0.14415703243338493,0.1441570324333851,2.2807064001330133e-09,5.988293194118644e-07,0.0015216251871082724,0.0015,6.147928995170471e-07,0.0014694100798260763,0.0015,0.3,0.0,0.17521952585855355,0.0
12439,3.10975,3.11,-4.337828481740504,4.867671152381101,0.2649213353202984,9.205499634121605,-0.10268432513154402,0.16557163115281492,1,1,-4.337828481740504,4.867671152381101,-6.0,6.0,0.0,12.0,0.12353888767888081,0.0,0.12353888767888081,0.0,-0.12353888767888081,-0.12353888767888081,0.0,0.0,0.0,0.0,0.0,0.0,3.088858283169613e-05,0.0,6.086909297502944,5.878913244467891,1.6434336530535276e-15,6.522560269672795e-16,0.8003749925175261,0.0,-6.25,6.25,0.14415703243338493,0.1441570324333851,2.280959905417106e-09,5.985968339430826e-07,0.0015217248843721527,0.0015,6.14851776794545e-07,0.0014697205881212985,0.0015,0.3,0.0,0.17646111232111852,0.0
12479,3.1197500000000002,3.12,-4.337570842870578,4.853635427639195,0.25803229238430836,9.191206270509774,-0.10270168369244881,0.1573662793497732,1,1,-4.337570842870578,4.853635427639195,-6.0,6.0,0.0,12.0,0.1223096552080331,0.0,0.1223096552080331,0.0,-0.1223096552080331,-0.1223096552080331,0.0,0.0,0.0,0.0,0.0,0.0,3.0581236297268154e-05,0.0,6.087291408613064,5.880142612660729,1.513695310588481e-15,7.355227538141662e-16,0.8003749925204533,0.0,-6.25,6.25,0.14415703243338493,0.1441570324333851,2.2812099728708634e-09,5.983626612543195e-07,0.0015218205129520672,0.0015,6.149112684750158e-07,0.00147002800700942,0.0015,0.3,0.0,0.17769034479196616,0.0
12519,3.12975,3.13,-4.337311303645627,4.840662559132935,0.25167562774365404,9.177973862778561,-0.10015334813976706,0.15751559262667914,1,1,-4.337311303645627,4.840662559132935,-6.0,6.0,0.0,12.0,0.12109265380463122,0.0,0.12109265380463122,0.0,-0.12109265380463122,-0.12109265380463122,0.0,0.0,0.0,0.0,0.0,0.0,3.027694791195436e-05,0.0,6.087657536287784,5.881359749284674,8.98756167145437e-16,7.494005416219807e-16,0.8003749925234013,0.0,-6.25,6.25,0.14415703243338493,0.1441570324333851,2.2814565797628074e-09,5.98126823390167e-07,0.0015219121439096035,0.0015,6.149713691061542e-07,0.0014703323672405006,0.0015,0.3,0.0,0.17890734619536802,0.0
12559,3.1397500000000003,3.14,-4.3370524688130265,4.828398108309431,0.2456728197482021,9.165450577122456,-0.10017063858859754,0.15062652630276951,1,1,-4.3370524688130265,4.828398108309431,-6.0,6.0,0.0,12.0,0.1198877617675207,0.0,0.1198877617675207,0.0,-0.1198877617675207,-0.1198877617675207,0.0,0.0,0.0,0.0,0.0,0.0,2.9975687246662634e-05,0.0,6.088007960627762,5.882564776085275,4.926614671774132e-16,8.326672684688674e-16,0.8003749925263698,0.0,-6.25,6.25,0.14415703243338493,0.1441570324333851,2.281699710007906e-09,5.978893426894262e-07,0.0015219998472950419,0.0015,6.150320731046488e-07,0.0014706336992585398,0.0015,0.3,0.0,0.18011223823247846,0.0
12599,3.14975,3.15,-4.336795748295347,4.817010143309875,0.24010719750726395,9.153805891605222,-0.10018813630185308,0.1510198784143585,1,1,-4.336795748295347,4.817010143309875,-6.0,6.0,0.0,12.0,0.11869485860649373,0.0,0.11869485860649373,0.0,-0.11869485860649373,-0.11869485860649373,0.0,0.0,0.0,0.0,0.0,0.0,2.96774241750754e-05,0.0,6.088342957742109,5.883757813596312,8.037902212310738e-16,8.881784197001252e-16,0.8003749925293585,0.0,-6.25,6.25,0.14415703243338493,0.1441570324333851,2.2819393528661096e-09,5.976502417784461e-07,0.0015220836921604477,0.0015,6.150933747572918e-07,0.0014709320332045202,0.0015,0.3,0.0,0.18130514139350537,0.0
12639,3.1597500000000003,3.16,-4.336540723407662,4.806232114830703,0.23484569571152036,9.142772838238365,-0.10020599646549222,0.1449996274844617,1,1,-4.336540723407662,4.806232114830703,-6.0,6.0,0.0,12.0,0.11751382503024017,0.0,0.11751382503024017,0.0,-0.11751382503024017,-0.11751382503024017,0.0,0.0,0.0,0.0,0.0,0.0,2.9382128870636948e-05,0.0,6.088662799800105,5.884938981151865,1.018740078189903e-15,7.632783294297951e-16,0.8003749925323672,0.0,-6.25,6.25,0.14415703243338493,0.1441570324333851,2.2821755020188673e-09,5.97409543548919e-07,0.0015221637465726097,0.0015,6.151552682220896e-07,0.0014712273989194228,0.0015,0.3,0.0,0.18248617496975905,0.0
12679,3.16975,3.17,-4.336286982725536,4.79606328961422,0.229888153444342,9.132350272339757,-0.10022434312686679,0.1454987196544949,1,1,-4.336286982725536,4.79606328961422,-6.0,6.0,0.0,12.0,0.11634454293441812,0.0,0.11634454293441812,0.0,-0.11634454293441812,-0.11634454293441812,0.0,0.0,0.0,0.0,0.0,0.0,2.908977180357075e-05,0.0,6.08896775508229,5.8861083968982255,5.486062992776652e-16,7.771561172376096e-16,0.8003749925353957,0.0,-6.25,6.25,0.14415703243338493,0.1441570324333851,2.2824081548893587e-09,5.971672711090314e-07,0.0015222400776258125,0.0015,6.152177475116094e-07,0.0014715198259472083,0.0015,0.3,0.0,0.1836554570655811,0.0
12719,3.17975,3.18,-4.336034138874464,4.7865582327215375,0.2252620469235369,9.122592371596001,-0.10024326739429879,0.14009193426843647,1,1,-4.336034138874464,4.7865582327215375,-6.0,6.0,0.0,12.0,0.11518689538984359,0.0,0.11518689538984359,0.0,-0.11518689538984359,-0.11518689538984359,0.0,0.0,0.0,0.0,0.0,0.0,2.880032373792645e-05,0.0,6.089258088030926,5.887266177805732,6.709043043340301e-16,7.494005416219807e-16,0.8003749925384435,0.0,-6.25,6.25,0.14415703243338493,0.1441570324333851,2.2826373121256376e-09,5.969234477779118e-07,0.001522312751454458,0.0015,6.152808065085225e-07,0.001471809343537775,0.0015,0.3,0.0,0.18481310461015565,0.0
12759,3.18975,3.19,-4.3357818410887665,4.777344371641803,0.2207812652765182,9.11312621273057,-0.1002628280305401,0.14062934321961706,1,1,-4.3357818410887665,4.777344371641803,-6.0,6.0,0.0,12.0,0.11404076663079747,0.0,0.11404076663079747,0.0,-0.11404076663079747,-0.11404076663079747,0.0,0.0,0.0,0.0,0.0,0.0,2.8513755728656303e-05,0.0,6.089534059299828,5.888412439680454,1.0432430472880755e-15,7.077671781985373e-16,0.8003749925415103,0.0,-6.25,6.25,0.14415703243338493,0.1441570324333851,2.282862977196482e-09,5.966780970356714e-07,0.0015223818332455279,0.0015,6.153444389511709e-07,0.001472095980649882,0.0015,0.3,0.0,0.1859592333692018,0.0
12799,3.19975,3.2,-4.3355297837959155,4.768707171561197,0.2165886938826409,9.104236955357113,-0.10028305367573875,0.14110258598961423,1,1,-4.3355297837959155,4.768707171561197,-6.0,6.0,0.0,12.0,0.11290604204344869,0.0,0.11290604204344869,0.0,-0.11290604204344869,-0.11290604204344869,0.0,0.0,0.0,0.0,0.0,0.0,2.8230039118720557e-05,0.0,6.0897959258036005,5.889547297175773,1.5072985177708165e-15,6.800116025829084e-16,0.800374992544596,0.0,-6.25,6.25,0.14415703243338493,0.1441570324333851,2.283085156067677e-09,5.964312425078608e-07,0.0015224473872508936,0.0015,6.154086384380086e-07,0.0014723797659540435,0.0015,0.3,0.0,0.18709395795655062,0.0
12839,3.20975,3.21,-4.33527771173719,4.76050302107494,0.21261265466887513,9.09578073281213,-0.10030394605910431,0.13622158707975562,1,1,-4.33527771173719,4.76050302107494,-6.0,6.0,0.0,12.0,0.11178260815439293,0.0,0.11178260815439293,0.0,-0.11178260815439293,-0.11178260815439293,0.0,0.0,0.0,0.0,0.0,0.0,2.7949145536221793e-05,0.0,6.09004394076625,5.890670863803855,1.0199564175021603e-15,7.355227538141662e-16,0.8003749925477002,0.0,-6.25,6.25,0.14415703243338493,0.1441570324333851,2.2833038569374593e-09,5.961829079266123e-07,0.001522509476799477,0.0015,6.154733984264915e-07,0.0014726607278353991,0.0015,0.3,0.0,0.18821739184560632,0.0
12879,3.21975,3.22,-4.335025422234575,4.7525348077682095,0.20875469276681713,9.087560230002785,-0.10032548370429772,0.1367048031421575,1,1,-4.335025422234575,4.7525348077682095,-6.0,6.0,0.0,12.0,0.11067035261930512,0.0,0.11067035261930512,0.0,-0.11067035261930512,-0.11067035261930512,0.0,0.0,0.0,0.0,0.0,0.0,2.767104689156769e-05,0.0,6.090278353769217,5.891783251946997,1.0605665651253204e-15,7.355227538141662e-16,0.8003749925508226,0.0,-6.25,6.25,0.14415703243338493,0.1441570324333851,2.2835190900166283e-09,5.959331171028838e-07,0.001522568164309259,0.0015,6.155387122264155e-07,0.00147293889439655,0.0015,0.3,0.0,0.18932964738069413,0.0
12919,3.22975,3.23,-4.334772765215897,4.7449974905160905,0.2051123626500968,9.079770255731987,-0.10034762577090794,0.13713792620276055,1,1,-4.334772765215897,4.7449974905160905,-6.0,6.0,0.0,12.0,0.10956916421170484,0.0,0.10956916421170484,0.0,-0.10956916421170484,-0.10956916421170484,0.0,0.0,0.0,0.0,0.0,0.0,2.7395715374662026e-05,0.0,6.0904994107988,5.892884572868857,4.0395340067736485e-16,8.326672684688674e-16,0.8003749925539628,0.0,-6.25,6.25,0.14415703243338493,0.1441570324333851,2.2837308673432347e-09,5.956818939020349e-07,0.0015226235112991403,0.0015,6.156045730154602e-07,0.0014732142934603687,0.0015,0.3,0.0,0.1904308357882943,0.0
12959,3.23975,3.24,-4.334519641558547,4.737846463372538,0.20166341090699547,9.072366104931085,-0.10037031578973288,0.13752793815463682,1,1,-4.334519641558547,4.737846463372538,-6.0,6.0,0.0,12.0,0.10847893281183366,0.0,0.10847893281183366,0.0,-0.10847893281183366,-0.10847893281183366,0.0,0.0,0.0,0.0,0.0,0.0,2.712312345212366e-05,0.0,6.0907073542929995,5.8939749367255985,1.3817072486155269e-15,8.326672684688674e-16,0.8003749925571207,0.0,-6.25,6.25,0.14415703243338493,0.1441570324333851,2.2839392026246114e-09,5.954292622082986e-07,0.0015226755784006562,0.0015,6.156709738247557e-07,0.0014734869525727843,0.0015,0.3,0.0,0.1915210671881655,0.0
12999,3.24975,3.25,-4.334266000235576,4.730810293374155,0.19827214656928938,9.065076293609732,-0.10039348513991408,0.13306551364785701,1,1,-4.334266000235576,4.730810293374155,-6.0,6.0,0.0,12.0,0.10739954939564306,0.0,0.10739954939564306,0.0,-0.10739954939564306,-0.10739954939564306,0.0,0.0,0.0,0.0,0.0,0.0,2.6853243864533183e-05,0.0,6.090902423187796,5.89505445257689,9.278602192130947e-16,8.326672684688674e-16,0.800374992560296,0.0,-6.25,6.25,0.14415703243338493,0.1441570324333851,2.2841441111014553e-09,5.95175245903688e-07,0.0015227244253695497,0.0015,6.157379075544256e-07,0.0014737568990055333,0.0015,0.3,0.0,0.1926004506043561,0.0
13039,3.25975,3.2600000000000002,-4.334011834664367,4.724097511191975,0.19504283826380409,9.058109345856343,-0.10041705618312247,0.13345752113698262,1,1,-4.334011834664367,4.724097511191975,-6.0,6.0,0.0,12.0,0.10633090602389196,0.0,0.10633090602389196,0.0,-0.10633090602389196,-0.10633090602389196,0.0,0.0,0.0,0.0,0.0,0.0,2.6586049623706944e-05,0.0,6.091084852962844,5.896123228396817,3.7296554733501353e-16,9.298117831235686e-16,0.8003749925634882,0.0,-6.25,6.25,0.14415703243338493,0.1441570324333851,2.2843456094299737e-09,5.949198688502321e-07,0.0015227701110971984,0.0015,6.158053669680363e-07,0.0014740241597588886,0.0015,0.3,0.0,0.1936690939761071,0.0
13079,3.26975,3.27,-4.3337571785776685,4.717690300487418,0.19196656095487485,9.051447479065086,-0.10044094501743983,0.13381491640113485,1,1,-4.3337571785776685,4.717690300487418,-6.0,6.0,0.0,12.0,0.10527289583135266,0.0,0.10527289583135266,0.0,-0.10527289583135266,-0.10527289583135266,0.0,0.0,0.0,0.0,0.0,0.0,2.6321514009998194e-05,0.0,6.091254875686607,5.897181371084684,1.0562907428075807e-15,1.0547118733938987e-15,0.8003749925666971,0.0,-6.25,6.25,0.14415703243338493,0.1441570324333851,2.2845437155790684e-09,5.946631548611102e-07,0.001522812693621902,0.0015,6.158733446970377e-07,0.0014742887615643617,0.0015,0.3,0.0,0.19472710416864628,0.0
13119,3.27975,3.2800000000000002,-4.333502101664891,4.711529563994789,0.18901373116494913,9.04503166565968,-0.10046506384577047,0.1296279614739687,1,1,-4.333502101664891,4.711529563994789,-6.0,6.0,0.0,12.0,0.10422541301612417,0.0,0.10422541301612417,0.0,-0.10422541301612417,-0.10422541301612417,0.0,0.0,0.0,0.0,0.0,0.0,2.6059610569625108e-05,0.0,6.091412720060937,5.898228986475695,9.101470662201128e-16,1.0824674490095276e-15,0.8003749925699224,0.0,-6.25,6.25,0.14415703243338493,0.1441570324333851,2.2847384487401626e-09,5.944051276884398e-07,0.0015228522301400293,0.0015,6.159418332518652e-07,0.001474550730887372,0.0015,0.3,0.0,0.19577458698387473,0.0
13159,3.28975,3.29,-4.333246705169994,4.705456610858212,0.18610495284410877,9.038703316028206,-0.10048932297416935,0.12998199976092806,1,1,-4.333246705169994,4.705456610858212,-6.0,6.0,0.0,12.0,0.10318835282905209,0.0,0.10318835282905209,0.0,-0.10318835282905209,-0.10318835282905209,0.0,0.0,0.0,0.0,0.0,0.0,2.5800313112025393e-05,0.0,6.091558611465103,5.8992661793515495,9.43472730496886e-16,1.1379786002407855e-15,0.8003749925731639,0.0,-6.25,6.25,0.14415703243338493,0.1441570324333851,2.2849298292478014e-09,5.941458110132842e-07,0.0015228887770170315,0.0015,6.160108250297114e-07,0.0014748100939298958,0.0015,0.3,0.0,0.19681164717094676,0.0
13199,3.29975,3.3000000000000003,-4.332991117581556,4.699633085796803,0.18332098410762354,9.032624203378358,-0.100513632467642,0.13030795708141363,1,1,-4.332991117581556,4.699633085796803,-6.0,6.0,0.0,12.0,0.10216161156325357,0.0,0.10216161156325357,0.0,-0.10216161156325357,-0.10216161156325357,0.0,0.0,0.0,0.0,0.0,0.0,2.5543595707237234e-05,0.0,6.091692771999273,5.90029305345091,5.926249074805767e-16,9.71445146547012e-16,0.8003749925764212,0.0,-6.25,6.25,0.14415703243338493,0.1441570324333851,2.2851178785094864e-09,5.938852284267785e-07,0.0015229223897983133,0.0015,6.160803123089753e-07,0.001475066876633087,0.0015,0.3,0.0,0.19783838843674545,0.0
13239,3.30975,3.31,-4.332735490509687,4.694039692062967,0.18065210077664018,9.026775182572653,-0.10053790349726532,0.1306088529829963,1,1,-4.332735490509687,4.694039692062967,-6.0,6.0,0.0,12.0,0.10114508654374627,0.0,0.10114508654374627,0.0,-0.10114508654374627,-0.10114508654374627,0.0,0.0,0.0,0.0,0.0,0.0,2.528943268330618e-05,0.0,6.091815420527472,5.901309711479789,1.1224236871974075e-15,1.0547118733938987e-15,0.800374992579694,0.0,-6.25,6.25,0.14415703243338493,0.1441570324333851,2.2853026189435035e-09,5.936234034323505e-07,0.0015229531232199768,0.0015,6.161502872725766e-07,0.0014753211046798712,0.0015,0.3,0.0,0.19885491345625267,0.0
13279,3.31975,3.3200000000000003,-4.3324799948123625,4.688659397888594,0.17808970153811599,9.021139392700956,-0.10056204941473079,0.13088730000646864,1,1,-4.3324799948123625,4.688659397888594,-6.0,6.0,0.0,12.0,0.10013867611718122,0.0,0.10013867611718122,0.0,-0.10013867611718122,-0.10013867611718122,0.0,0.0,0.0,0.0,0.0,0.0,2.5037798623718065e-05,0.0,6.091926772719988,5.902316255121815,6.372940369869795e-16,1.0269562977782698e-15,0.8003749925829821,0.0,-6.25,6.25,0.14415703243338493,0.1441570324333851,2.285484073923711e-09,5.933603594335083e-07,0.001522981031219427,0.0015,6.162207420001842e-07,0.0014755728034975136,0.0015,0.3,0.0,0.19986132388281774,0.0
13319,3.32975,3.33,-4.332224817008978,4.683344543993779,0.1755598634924005,9.015569361002758,-0.10058598659020257,0.1269623931637498,1,1,-4.332224817008978,4.683344543993779,-6.0,6.0,0.0,12.0,0.09914227964167707,0.0,0.09914227964167707,0.0,-0.09914227964167707,-0.09914227964167707,0.0,0.0,0.0,0.0,0.0,0.0,2.4788668364857227e-05,0.0,6.092027041095273,5.903312785048401,3.245288152792236e-16,9.71445146547012e-16,0.800374992586285,0.0,-6.25,6.25,0.14415703243338493,0.1441570324333851,2.2856622677304022e-09,5.930961197371702e-07,0.001523006166945849,0.0015,6.162916684926412e-07,0.0014758219982601638,0.0015,0.3,0.0,0.20085772035832195,0.0
13359,3.33975,3.34,-4.331970156000237,4.678185302429467,0.17310757321461523,9.010155458429704,-0.1006096350474378,0.12723876811217227,1,1,-4.331970156000237,4.678185302429467,-6.0,6.0,0.0,12.0,0.09815579747675593,0.0,0.09815579747675593,0.0,-0.09815579747675593,-0.09815579747675593,0.0,0.0,0.0,0.0,0.0,0.0,2.4542016993490162e-05,0.0,6.092116435061318,5.904299400928816,2.246466901389965e-16,9.159339953157541e-16,0.8003749925896027,0.0,-6.25,6.25,0.14415703243338493,0.1441570324333851,2.285837225506531e-09,5.928307075669885e-07,0.0015230285827705563,0.0015,6.163630586697444e-07,0.0014760687138913717,0.0015,0.3,0.0,0.20184420252324314,0.0
13399,3.3497500000000002,3.35,-4.3317162200998,4.673207287814184,0.17074553385719193,9.004923507913983,-0.1006329189273869,0.12749631630279146,1,1,-4.3317162200998,4.673207287814184,-6.0,6.0,0.0,12.0,0.0971791309733792,0.0,0.0971791309733792,0.0,-0.0971791309733792,-0.0971791309733792,0.0,0.0,0.0,0.0,0.0,0.0,2.4297819844274186e-05,0.0,6.0921951609565195,5.905276201440163,9.246076126956382e-16,9.853229343548264e-16,0.8003749925929347,0.0,-6.25,6.25,0.14415703243338493,0.1441570324333851,2.286008973218644e-09,5.925641460544667e-07,0.0015230483302972088,0.0015,6.164349043824569e-07,0.0014763129750665837,0.0015,0.3,0.0,0.2028208690266198,0.0
13439,3.35975,3.36,-4.331463224373158,4.668398810895539,0.16846779326119066,8.999862035268697,-0.10065576680833077,0.12773677731305222,1,1,-4.331463224373158,4.668398810895539,-6.0,6.0,0.0,12.0,0.09621218246408272,0.0,0.09621218246408272,0.0,-0.09621218246408272,-0.09621218246408272,0.0,0.0,0.0,0.0,0.0,0.0,2.4056052497290902e-05,0.0,6.092263422090039,5.906243284277235,1.6208822478658291e-15,9.159339953157541e-16,0.8003749925962808,0.0,-6.25,6.25,0.14415703243338493,0.1441570324333851,2.286177537621994e-09,5.922964582578338e-07,0.0015230654603719082,0.0015,6.1650719742401e-07,0.001476554806215608,0.0015,0.3,0.0,0.20378781753591635,0.0
13479,3.3697500000000002,3.37,-4.331211388272423,4.663749343057654,0.1662689773926158,8.994960731330078,-0.10067811190730858,0.12796168818249576,1,1,-4.331211388272423,4.663749343057654,-6.0,6.0,0.0,12.0,0.0952548552532097,0.0,0.0952548552532097,0.0,-0.0952548552532097,-0.0952548552532097,0.0,0.0,0.0,0.0,0.0,0.0,2.381669077560411e-05,0.0,6.0923214187816646,5.907200746162299,5.204170427930421e-17,8.881784197001252e-16,0.8003749925996406,0.0,-6.25,6.25,0.14415703243338493,0.1441570324333851,2.286342946229354e-09,5.920276671709261e-07,0.0015230800230931645,0.0015,6.16579929532124e-07,0.0014767942315250591,0.0015,0.3,0.0,0.2047451447467894,0.0
13519,3.37975,3.38,-4.330960933551177,4.659146527838172,0.16409279714349756,8.99010746138935,-0.10069989218438602,0.1242419053321453,1,1,-4.330960933551177,4.659146527838172,-6.0,6.0,0.0,12.0,0.09430705360724133,0.0,0.09430705360724133,0.0,-0.09430705360724133,-0.09430705360724133,0.0,0.0,0.0,0.0,0.0,0.0,2.357971074284219e-05,0.0,6.092369348401181,5.908148682854766,4.3337593713319023e-16,9.575673587391975e-16,0.800374992603014,0.0,-6.25,6.25,0.14415703243338493,0.1441570324333851,2.2865052272831235e-09,5.917577957387299e-07,0.0015230920678217423,0.0015,6.166530924089919e-07,0.00147703127494078,0.0015,0.3,0.0,0.2056929463927577,0.0
13559,3.3897500000000003,3.39,-4.330712082440752,4.654651498790328,0.16196970817478773,8.98536358123108,-0.10072105036835644,0.12446534887438743,1,1,-4.330712082440752,4.654651498790328,-6.0,6.0,0.0,12.0,0.09336868274522313,0.0,0.09336868274522313,0.0,-0.09336868274522313,-0.09336868274522313,0.0,0.0,0.0,0.0,0.0,0.0,2.334508870080438e-05,0.0,6.092407405407251,5.909087189160781,1.2748591245170804e-15,1.0408340855860843e-15,0.8003749926064007,0.0,-6.25,6.25,0.14415703243338493,0.1441570324333851,2.28666440973036e-09,5.914868668695948e-07,0.0015231016431903842,0.0015,6.167266777157288e-07,0.0014772659601702345,0.0015,0.3,0.0,0.20663131725477582,0.0
13599,3.39975,3.4,-4.3304650560679026,4.650295698231348,0.1599153210817228,8.98076075429925,-0.1007415339197093,0.12467543290408223,1,1,-4.3304650560679026,4.650295698231348,-6.0,6.0,0.0,12.0,0.09243964882928697,0.0,0.09243964882928697,0.0,-0.09243964882928697,-0.09243964882928697,0.0,0.0,0.0,0.0,0.0,0.0,2.3112801187090956e-05,0.0,6.09243578138581,5.910016358942692,9.859090811543264e-16,1.096345236817342e-15,0.8003749926098003,0.0,-6.25,6.25,0.14415703243338493,0.1441570324333851,2.286820523200422e-09,5.912149034541064e-07,0.001523108797113413,0.0015,6.168006770967959e-07,0.0014774983106848802,0.0015,0.3,0.0,0.20756035117071192,0.0
13639,3.4097500000000003,3.41,-4.330220073093301,4.646071440013702,0.15792568346020053,8.976291513107004,-0.10076129494426933,0.12487323849482646,1,1,-4.330220073093301,4.646071440013702,-6.0,6.0,0.0,12.0,0.091519858955267,0.0,0.091519858955267,0.0,-0.091519858955267,-0.091519858955267,0.0,0.0,0.0,0.0,0.0,0.0,2.2882824972756963e-05,0.0,6.092454665088006,5.91093628512846,6.955461868355522e-16,1.124100812432971e-15,0.8003749926132124,0.0,-6.25,6.25,0.14415703243338493,0.1441570324333851,2.286973597984937e-09,5.909419283839608e-07,0.0015231135767962186,0.0015,6.1687508217112e-07,0.0014777283497225185,0.0015,0.3,0.0,0.20848014104473186,0.0
13679,3.41975,3.42,-4.329977348550502,4.641971696688523,0.15599717406901048,8.971949045239025,-0.1007802900687832,0.12505973610420884,1,1,-4.329977348550502,4.641971696688523,-6.0,6.0,0.0,12.0,0.09060922114340941,0.0,0.09060922114340941,0.0,-0.09060922114340941,-0.09060922114340941,0.0,0.0,0.0,0.0,0.0,0.0,2.2655137059989344e-05,0.0,6.09246424246764,5.91184705972094,7.413740574137989e-16,1.1102230246251565e-15,0.8003749926166369,0.0,-6.25,6.25,0.14415703243338493,0.1441570324333851,2.2871236650198366e-09,5.906679645641767e-07,0.001523116028744621,0.0015,6.169498845487453e-07,0.001477956100289617,0.0015,0.3,0.0,0.20939077885658947,0.0
13719,3.42975,3.43,-4.329737092865666,4.63799002434119,0.1541264657377619,8.967727117206856,-0.10079848028780813,0.12523579916389305,1,1,-4.329737092865666,4.63799002434119,-6.0,6.0,0.0,12.0,0.08970764432917411,0.0,0.08970764432917411,0.0,-0.08970764432917411,-0.08970764432917411,0.0,0.0,0.0,0.0,0.0,0.0,2.242971467980707e-05,0.0,6.0924646967181655,5.912748773807096,6.977925182116707e-16,1.0824674490095276e-15,0.8003749926200736,0.0,-6.25,6.25,0.14415703243338493,0.1441570324333851,2.2872707558692426e-09,5.903930349286391e-07,0.0015231161987741238,0.0015,6.17025075836386e-07,0.0014781815851636134,0.0015,0.3,0.0,0.2102923556708248,0.0
13759,3.43975,3.44,-4.329499511039323,4.634017533188551,0.15225901107461404,8.963517044227874,-0.10081583078970946,0.12169449835057689,1,1,-4.329499511039323,4.634017533188551,-6.0,6.0,0.0,12.0,0.08881503835412832,0.0,0.08881503835412832,0.0,-0.08881503835412832,-0.08881503835412832,0.0,0.0,0.0,0.0,0.0,0.0,2.2206535289784263e-05,0.0,6.09245620830922,5.9136415175671155,1.250952466613775e-15,1.0547118733938987e-15,0.800374992623522,0.0,-6.25,6.25,0.14415703243338493,0.1441570324333851,2.2874149027109955e-09,5.901171624623029e-07,0.0015231141320190503,0.0015,6.171006476340946e-07,0.001478404826895195,0.0015,0.3,0.0,0.2111849616458706,0.0
13799,3.44975,3.45,-4.329264801972606,4.630141412467714,0.1504383052475542,8.959406214440321,-0.10083231076812471,0.1218699451704347,1,1,-4.329264801972606,4.630141412467714,-6.0,6.0,0.0,12.0,0.08793131395693078,0.0,0.08793131395693078,0.0,-0.08793131395693078,-0.08793131395693078,0.0,0.0,0.0,0.0,0.0,0.0,2.1985576571795957e-05,0.0,6.092438955022708,5.914525380283429,1.2175251583833313e-15,9.853229343548264e-16,0.8003749926269819,0.0,-6.25,6.25,0.14415703243338493,0.1441570324333851,2.2875561383236412e-09,5.89840370198973e-07,0.0015231098729415655,0.0015,6.171765915519157e-07,0.001478625847810551,0.0015,0.3,0.0,0.21206868604306822,0.0
13839,3.45975,3.46,-4.329033157921669,4.626371315279194,0.1486690786787621,8.955404473200863,-0.10084789322411691,0.12203621006086074,1,1,-4.329033157921669,4.626371315279194,-6.0,6.0,0.0,12.0,0.08705638276440521,0.0,0.08705638276440521,0.0,-0.08705638276440521,-0.08705638276440521,0.0,0.0,0.0,0.0,0.0,0.0,2.176681642978619e-05,0.0,6.092413111988422,5.915400450349648,6.402281591162684e-16,9.575673587391975e-16,0.800374992630453,0.0,-6.25,6.25,0.14415703243338493,0.1441570324333851,2.287694496074721e-09,5.895626812457292e-07,0.0015231034653405866,0.0015,6.172528991976734e-07,0.0014788446700136145,0.0015,0.3,0.0,0.21294361723559382,0.0
13879,3.46975,3.47,-4.328804764065316,4.622702269948133,0.1469487529414084,8.95150703401345,-0.10086255476324579,0.12219393996473649,1,1,-4.328804764065316,4.622702269948133,-6.0,6.0,0.0,12.0,0.08619015728270331,0.0,0.08619015728270331,0.0,-0.08619015728270331,-0.08619015728270331,0.0,0.0,0.0,0.0,0.0,0.0,2.1550232987558475e-05,0.0,6.092378851719248,5.916266815279405,6.509549843602969e-16,1.0130785099704553e-15,0.800374992633935,0.0,-6.25,6.25,0.14415703243338493,0.1441570324333851,2.287830009910197e-09,5.892841187795953e-07,0.001523094952360583,0.0015,6.173295621969555e-07,0.0014790613153882655,0.0015,0.3,0.0,0.21380984271729567,0.0
13919,3.47975,3.48,-4.3285797981721394,4.619129668046663,0.14527493493726196,8.947709466218804,-0.10087627539092092,0.12234372406426886,1,1,-4.3285797981721394,4.619129668046663,-6.0,6.0,0.0,12.0,0.08533255088855511,0.0,0.08533255088855511,0.0,-0.08533255088855511,-0.08533255088855511,0.0,0.0,0.0,0.0,0.0,0.0,2.1335804586588118e-05,0.0,6.092336344145905,5.917124561715117,1.3617579286417936e-16,9.853229343548264e-16,0.8003749926374277,0.0,-6.25,6.25,0.14415703243338493,0.1441570324333851,2.2879627143449088e-09,5.890047060553107e-07,0.0015230843765002687,0.0015,6.174065721775701e-07,0.0014792758056005272,0.0015,0.3,0.0,0.2146674491114439,0.0
13959,3.48975,3.49,-4.328358430354798,4.6156492286227095,0.1436453991339559,8.944007658977508,-0.10088903830873797,0.12248609999697457,1,1,-4.328358430354798,4.6156492286227095,-6.0,6.0,0.0,12.0,0.0844834778206064,0.0,0.0844834778206064,0.0,-0.0844834778206064,-0.0844834778206064,0.0,0.0,0.0,0.0,0.0,0.0,2.11235097838563e-05,0.0,6.092285756651268,5.9179737754366535,1.1078886018225237e-15,9.853229343548264e-16,0.8003749926409307,0.0,-6.25,6.25,0.14415703243338493,0.1441570324333851,2.2880926444539055e-09,5.887244664153227e-07,0.0015230717796211831,0.0015,6.174839207839789e-07,0.0014794881621007316,0.0015,0.3,0.0,0.2155165221793926,0.0
13999,3.49975,3.5,-4.32814082290019,4.612249768621384,0.1420544728605968,8.940390591521574,-0.10090082971387526,0.11909423336408154,1,1,-4.32814082290019,4.612249768621384,-6.0,6.0,0.0,12.0,0.08364285317084291,0.0,0.08364285317084291,0.0,-0.08364285317084291,-0.08364285317084291,0.0,0.0,0.0,0.0,0.0,0.0,2.091332734970586e-05,0.0,6.092227254104264,5.918814541369919,9.818534874028728e-16,9.43689570931383e-16,0.8003749926444437,0.0,-6.25,6.25,0.14415703243338493,0.1441570324333851,2.2882198358645663e-09,5.884434232664714e-07,0.0015230572029561668,0.0015,6.175615996584227e-07,0.0014796984061256659,0.0015,0.3,0.0,0.21635714682915613,0.0
14039,3.50975,3.5100000000000002,-4.327927130165489,4.60884451278073,0.14045869130762068,8.93677164294622,-0.10091163860318941,0.1192363210030295,1,1,-4.327927130165489,4.60884451278073,-6.0,6.0,0.0,12.0,0.08281059287609914,0.0,0.08281059287609914,0.0,-0.08281059287609914,-0.08281059287609914,0.0,0.0,0.0,0.0,0.0,0.0,2.0705236265718228e-05,0.0,6.092160998893336,5.91964694359535,5.528448521457258e-16,9.575673587391975e-16,0.8003749926479665,0.0,-6.25,6.25,0.14415703243338493,0.1441570324333851,2.2883443247493967e-09,5.881616000977534e-07,0.001523040687117733,0.0015,6.176396004664575e-07,0.0014799065587006986,0.0015,0.3,0.0,0.2171894071238999,0.0
14079,3.51975,3.52,-4.3277174985310145,4.605523534062714,0.13890301776584968,8.933241032593727,-0.10092145658322393,0.11937177514150132,1,1,-4.3277174985310145,4.605523534062714,-6.0,6.0,0.0,12.0,0.08198661370965199,0.0,0.08198661370965199,0.0,-0.08198661370965199,-0.08198661370965199,0.0,0.0,0.0,0.0,0.0,0.0,2.0499215722611576e-05,0.0,6.092087150959496,5.920471065356335,3.170207152347615e-16,9.71445146547012e-16,0.8003749926514987,0.0,-6.25,6.25,0.14415703243338493,0.1441570324333851,2.2884661478194105e-09,5.878790204447949e-07,0.0015230222721063311,0.0015,6.177179148769696e-07,0.001480112640641882,0.0015,0.3,0.0,0.21801338629034703,0.0
14119,3.52975,3.5300000000000002,-4.327512066401914,4.602283391404417,0.13738566250125173,8.929795457806332,-0.1009302776870008,0.11950100974289446,1,1,-4.327512066401914,4.602283391404417,-6.0,6.0,0.0,12.0,0.08117083327289822,0.0,0.08117083327289822,0.0,-0.08117083327289822,-0.08117083327289822,0.0,0.0,0.0,0.0,0.0,0.0,2.0295245118159922e-05,0.0,6.09200586782897,5.921286989067538,4.845977135195523e-16,9.575673587391975e-16,0.8003749926550402,0.0,-6.25,6.25,0.14415703243338493,0.1441570324333851,2.28858534231802e-09,5.875957079053945e-07,0.001523001997318512,0.0015,6.177965345544045e-07,0.0014803166725580368,0.0015,0.3,0.0,0.21882916672710082,0.0
14159,3.53975,3.54,-4.3273109642515,4.599120862209324,0.13590494897891192,8.926431826460824,-0.10093809819825994,0.11962440602051816,1,1,-4.3273109642515,4.599120862209324,-6.0,6.0,0.0,12.0,0.08036316998711436,0.0,0.08036316998711436,0.0,-0.08036316998711436,-0.08036316998711436,0.0,0.0,0.0,0.0,0.0,0.0,2.0093304055132853e-05,0.0,6.091917304645426,5.922094796323153,8.916478666520788e-16,9.575673587391975e-16,0.8003749926585905,0.0,-6.25,6.25,0.14415703243338493,0.1441570324333851,2.28870194601534e-09,5.873116860973347e-07,0.0015229799015549852,0.0015,6.178754511731999e-07,0.001480518674852814,0.0015,0.3,0.0,0.21963683001288467,0.0
14199,3.54975,3.5500000000000003,-4.327114314699933,4.596032923471378,0.1344593043857225,8.92314723817131,-0.1009449164835019,0.11974231556932391,1,1,-4.327114314699933,4.596032923471378,-6.0,6.0,0.0,12.0,0.0795635430852987,0.0,0.0795635430852987,0.0,-0.0795635430852987,-0.0795635430852987,0.0,0.0,0.0,0.0,0.0,0.0,1.9893372339255766e-05,0.0,6.091821614201799,5.9228945679050575,1.2071506988453606e-15,9.992007221626409e-16,0.8003749926621493,0.0,-6.25,6.25,0.14415703243338493,0.1441570324333851,2.288815997202859e-09,5.870269786606028e-07,0.0015229560230285814,0.0015,6.179546564133442e-07,0.0014807186677267357,0.0015,0.3,0.0,0.2204364569147003,0.0
14239,3.55975,3.56,-4.326922232622638,4.593016734921476,0.13304725114941895,8.919938967544114,-0.1009507328321213,0.1198550631483225,1,1,-4.326922232622638,4.593016734921476,-6.0,6.0,0.0,12.0,0.07877187260409473,0.0,0.07877187260409473,0.0,-0.07877187260409473,-0.07877187260409473,0.0,0.0,0.0,0.0,0.0,0.0,1.9695429977190467e-05,0.0,6.091718946971734,5.923686383790908,7.992738415563139e-16,1.0130785099704553e-15,0.8003749926657164,0.0,-6.25,6.25,0.14415703243338493,0.1441570324333851,2.288927534688392e-09,5.867416092185326e-07,0.0015229303993721116,0.0015,6.180341419370627e-07,0.001480916671179218,0.0015,0.3,0.0,0.22122812739590425,0.0
14279,3.56975,3.5700000000000003,-4.326734825283543,4.590069623941425,0.13166739932894123,8.91680444922497,-0.1009555493046771,0.11996294915799455,1,1,-4.326734825283543,4.590069623941425,-6.0,6.0,0.0,12.0,0.07798807937579463,0.0,0.07798807937579463,0.0,-0.07798807937579463,-0.07798807937579463,0.0,0.0,0.0,0.0,0.0,0.0,1.9499457174535802e-05,0.0,6.091609451140606,5.924470323162136,1.9168694409543718e-16,1.0269562977782698e-15,0.8003749926692915,0.0,-6.25,6.25,0.14415703243338493,0.1441570324333851,2.2890365977912734e-09,5.86455601374474e-07,0.0015229030676461282,0.0015,6.181138994143521e-07,0.0014811127050105707,0.0015,0.3,0.0,0.22201192062420433,0.0
14319,3.57975,3.58,-4.326552192488784,4.5871801321277035,0.13031396981945953,8.913732324616488,-0.10095936958931462,0.11671055314639245,1,1,-4.326552192488784,4.5871801321277035,-6.0,6.0,0.0,12.0,0.0772120850204224,0.0,0.0772120850204224,0.0,-0.0772120850204224,-0.0772120850204224,0.0,0.0,0.0,0.0,0.0,0.0,1.9305434333848193e-05,0.0,6.091493272636184,5.925246464411871,5.065900769620629e-16,9.992007221626409e-16,0.8003749926728743,0.0,-6.25,6.25,0.14415703243338493,0.1441570324333851,2.289143226337719e-09,5.861689786684941e-07,0.0015228740643465901,0.0015,6.181939205029963e-07,0.0014813067888239796,0.0015,0.3,0.0,0.2227879149795766,0.0
14359,3.58975,3.59,-4.326374426757108,4.584283111975485,0.12895434260918837,8.910657538732593,-0.1009621988662085,0.1168186162480328,1,1,-4.326374426757108,4.584283111975485,-6.0,6.0,0.0,12.0,0.0764438119378958,0.0,0.0764438119378958,0.0,-0.0764438119378958,-0.0764438119378958,0.0,0.0,0.0,0.0,0.0,0.0,1.911334205268188e-05,0.0,6.091370555158883,5.926014885152792,7.962380754733545e-16,1.0408340855860843e-15,0.8003749926764644,0.0,-6.25,6.25,0.14415703243338493,0.1441570324333851,2.289247460656327e-09,5.858817645618343e-07,0.0015228434254124313,0.0015,6.182741968485672e-07,0.0014814989420274677,0.0015,0.3,0.0,0.22355618806210314,0.0
14399,3.5997500000000002,3.6,-4.326201613503626,4.581450359201915,0.1276243728491444,8.90765197270554,-0.10096404367989031,0.11692223963821913,1,1,-4.326201613503626,4.581450359201915,-6.0,6.0,0.0,12.0,0.07568318330026645,0.0,0.07568318330026645,0.0,-0.07568318330026645,-0.07568318330026645,0.0,0.0,0.0,0.0,0.0,0.0,1.892316112164869e-05,0.0,6.091241440211654,5.926775662224887,1.1774401711874688e-15,1.0130785099704553e-15,0.8003749926800617,0.0,-6.25,6.25,0.14415703243338493,0.1441570324333851,2.2893493415736595e-09,5.855939824124853e-07,0.0015228111862330333,0.0015,6.183547200844241e-07,0.0014816891838358378,0.0015,0.3,0.0,0.22431681669973252,0.0
14439,3.60975,3.61,-4.32603383123404,4.578679636663884,0.12632290271492197,8.904713467897924,-0.10096491181919354,0.11702166438453121,1,1,-4.32603383123404,4.578679636663884,-6.0,6.0,0.0,12.0,0.07493012304403662,0.0,0.07493012304403662,0.0,-0.07493012304403662,-0.07493012304403662,0.0,0.0,0.0,0.0,0.0,0.0,1.8734872522497006e-05,0.0,6.091106067129491,5.927528871703139,2.222377284370053e-16,9.992007221626409e-16,0.8003749926836659,0.0,-6.25,6.25,0.14415703243338493,0.1441570324333851,2.289448910409868e-09,5.853056554463211e-07,0.0015227773816556046,0.0015,6.184354818394855e-07,0.0014818775332725946,0.0015,0.3,0.0,0.22506987695596237,0.0
14479,3.6197500000000002,3.62,-4.325871151746822,4.575968827159001,0.12504883770608988,8.901839978905823,-0.10096481220460252,0.11711711498626931,1,1,-4.325871151746822,4.575968827159001,-6.0,6.0,0.0,12.0,0.07418455586255318,0.0,0.07418455586255318,0.0,-0.07418455586255318,-0.07418455586255318,0.0,0.0,0.0,0.0,0.0,0.0,1.8548457426210024e-05,0.0,6.090964573108567,5.928274588905146,2.2061820144185507e-16,9.159339953157541e-16,0.8003749926872764,0.0,-6.25,6.25,0.14415703243338493,0.1441570324333851,2.289546208974331e-09,5.850168067293441e-07,0.0015227420459924682,0.0015,6.185164737249061e-07,0.0014820640091718477,0.0015,0.3,0.0,0.2258154441374459,0.0
14519,3.62975,3.63,-4.325713640341162,4.573315924585325,0.12380114212208149,8.899029564926487,-0.10096375478268804,0.11720880075393847,1,1,-4.325713640341162,4.573315924585325,-6.0,6.0,0.0,12.0,0.07344640719847667,0.0,0.07344640719847667,0.0,-0.07344640719847667,-0.07344640719847667,0.0,0.0,0.0,0.0,0.0,0.0,1.836389719112276e-05,0.0,6.090817093235013,5.929012888398656,1.5222605077511164e-15,9.159339953157541e-16,0.8003749926908933,0.0,-6.25,6.25,0.14415703243338493,0.1441570324333851,2.2896412795612587e-09,5.847274591576918e-07,0.0015227052130282576,0.0015,6.185976873429588e-07,0.0014822486301801976,0.0015,0.3,0.0,0.2265535928015224,0.0
14559,3.6397500000000003,3.64,-4.325561356028806,4.570719025916539,0.12257883494386634,8.896280381945346,-0.10096175042735633,0.11729691705438083,1,1,-4.325561356028806,4.570719025916539,-6.0,6.0,0.0,12.0,0.07271560323632549,0.0,0.07271560323632549,0.0,-0.07271560323632549,-0.07271560323632549,0.0,0.0,0.0,0.0,0.0,0.0,1.818117336105789e-05,0.0,6.090663760513312,5.929743844009025,9.3873612225584e-16,9.853229343548264e-16,0.8003749926945161,0.0,-6.25,6.25,0.14415703243338493,0.1441570324333851,2.289734164945248e-09,5.844376354121191e-07,0.0015226669160270194,0.0015,6.186791142870352e-07,0.001482431414758601,0.0015,0.3,0.0,0.2272843967636735,0.0
14599,3.64975,3.65,-4.325414351748158,4.5681763239035735,0.12138098607770775,8.893590675651732,-0.10095881084756564,0.11738164643641247,1,1,-4.325414351748158,4.5681763239035735,-6.0,6.0,0.0,12.0,0.07199207089509448,0.0,0.07199207089509448,0.0,-0.07199207089509448,-0.07199207089509448,0.0,0.0,0.0,0.0,0.0,0.0,1.800026766348016e-05,0.0,6.09050470589437,5.9304675288266075,2.050443148604586e-15,9.853229343548264e-16,0.8003749926981445,0.0,-6.25,6.25,0.14415703243338493,0.1441570324333851,2.2898249083767536e-09,5.841473579613282e-07,0.0015226271877392284,0.0015,6.187607461405342e-07,0.0014826123811842171,0.0015,0.3,0.0,0.22800792910490453,0.0
14639,3.6597500000000003,3.66,-4.325272674579272,4.565686100424691,0.12020671292270979,8.890958775003963,-0.10095494850122844,0.11746315965009302,1,1,-4.325272674579272,4.565686100424691,-6.0,6.0,0.0,12.0,0.0712757378209466,0.0,0.0712757378209466,0.0,-0.0712757378209466,-0.0712757378209466,0.0,0.0,0.0,0.0,0.0,0.0,1.7821162007669054e-05,0.0,6.090340058303206,5.9311840152140665,1.2799514865959732e-15,9.992007221626409e-16,0.8003749927017784,0.0,-6.25,6.25,0.14415703243338493,0.1441570324333851,2.2899135535774423e-09,5.838566490308824e-07,0.0015225860604087182,0.0015,6.188425744868553e-07,0.0014827915475522392,0.0015,0.3,0.0,0.2287242621790524,0.0
14679,3.66975,3.67,-4.325136365958531,4.563246720415734,0.11905517722860148,8.888383086374265,-0.10095017651495286,0.11754161657107742,1,1,-4.325136365958531,4.563246720415734,-6.0,6.0,0.0,12.0,0.07056653237997748,0.0,0.07056653237997748,0.0,-0.07056653237997748,-0.07056653237997748,0.0,0.0,0.0,0.0,0.0,0.0,1.764383848290974e-05,0.0,6.0901699446663,5.931893374813622,7.032135290740982e-16,9.71445146547012e-16,0.8003749927054173,0.0,-6.25,6.25,0.14415703243338493,0.1441570324333851,2.2900001447354303e-09,5.83565530587663e-07,0.0015225435657795167,0.0015,6.189245909049568e-07,0.0014829689317777022,0.0015,0.3,0.0,0.22943346762002154,0.0
14719,3.6797500000000003,3.68,-4.325005461892022,4.560810654697964,0.11790259640297096,8.885816116589986,-0.10094450860934467,0.11441648806157612,1,1,-4.325005461892022,4.560810654697964,-6.0,6.0,0.0,12.0,0.06986438365105198,0.0,0.06986438365105198,0.0,-0.06986438365105198,-0.06986438365105198,0.0,0.0,0.0,0.0,0.0,0.0,1.746827935670196e-05,0.0,6.089994489938604,5.9325956785542155,8.519660671391094e-16,1.0130785099704553e-15,0.8003749927090612,0.0,-6.25,6.25,0.14415703243338493,0.1441570324333851,2.290084726500356e-09,5.832740243365387e-07,0.0015224997351026028,0.0015,6.190067869882299e-07,0.0014831445515972774,0.0015,0.3,0.0,0.230135616348947,0.0
14759,3.68975,3.69,-4.324879993166763,4.558403127957732,0.11676156739548427,8.883283121124496,-0.10093795902951563,0.11449538835645756,1,1,-4.324879993166763,4.558403127957732,-6.0,6.0,0.0,12.0,0.06916922141871214,0.0,0.06916922141871214,0.0,-0.06916922141871214,-0.06916922141871214,0.0,0.0,0.0,0.0,0.0,0.0,1.7294467072986808e-05,0.0,6.089813817130211,5.933290996658609,5.000340419503146e-16,9.853229343548264e-16,0.8003749927127096,0.0,-6.25,6.25,0.14415703243338493,0.1441570324333851,2.2901673439782973e-09,5.829821517037126e-07,0.001522454599142574,0.0015,6.190891543333965e-07,0.0014833184245710482,0.0015,0.3,0.0,0.23083077858128687,0.0
14799,3.69975,3.7,-4.324759985559055,4.556043599494376,0.11564180696766035,8.880803585053432,-0.10093054248055289,0.11457144530234553,1,1,-4.324759985559055,4.556043599494376,-6.0,6.0,0.0,12.0,0.06848097616615537,0.0,0.06848097616615537,0.0,-0.06848097616615537,-0.06848097616615537,0.0,0.0,0.0,0.0,0.0,0.0,1.7122384250391054e-05,0.0,6.089628047332678,5.933979398650415,4.768897136995381e-16,1.0269562977782698e-15,0.8003749927163623,0.0,-6.25,6.25,0.14415703243338493,0.1441570324333851,2.2902480427264936e-09,5.826899338322801e-07,0.0015224081881842313,0.0015,6.191716845593831e-07,0.0014834905680842657,0.0015,0.3,0.0,0.2315190238338436,0.0
14839,3.70975,3.71,-4.324645460039397,4.5537306510976965,0.1145425955291497,8.878376111137094,-0.10092227406761634,0.11464479224742419,1,1,-4.324645460039397,4.5537306510976965,-6.0,6.0,0.0,12.0,0.06779957906828288,0.0,0.06779957906828288,0.0,-0.06779957906828288,-0.06779957906828288,0.0,0.0,0.0,0.0,0.0,0.0,1.6952013680489043e-05,0.0,6.089437299745027,5.934660953361051,2.907830226606123e-16,1.0547118733938987e-15,0.8003749927200191,0.0,-6.25,6.25,0.14415703243338493,0.1441570324333851,2.2903268687478804e-09,5.82397391588892e-07,0.0015223605320390803,0.0015,6.192543693106511e-07,0.0014836609993490893,0.0015,0.3,0.0,0.23220042093171606,0.0
14879,3.71975,3.72,-4.324536432973468,4.551462927838598,0.11346324743256497,8.875999360812067,-0.10091316924040694,0.11471555465881134,1,1,-4.324536432973468,4.551462927838598,-6.0,6.0,0.0,12.0,0.06712496198481707,0.0,0.06712496198481707,0.0,-0.06712496198481707,-0.06712496198481707,0.0,0.0,0.0,0.0,0.0,0.0,1.6783338326081806e-05,0.0,6.089241691699423,5.935335728936632,1.5686237031520278e-15,1.1102230246251565e-15,0.8003749927236796,0.0,-6.25,6.25,0.14415703243338493,0.1441570324333851,2.2904038684854045e-09,5.821045455515406e-07,0.001522311660051752,0.0015,6.193372002627484e-07,0.0014838297354063102,0.0015,0.3,0.0,0.2328750380151818,0.0
14919,3.72975,3.73,-4.324432916318784,4.549239134157403,0.1124031089193096,8.873672050476188,-0.10090324374174509,0.11478385068737385,1,1,-4.324432916318784,4.549239134157403,-6.0,6.0,0.0,12.0,0.06645705745348739,0.0,0.06645705745348739,0.0,-0.06645705745348739,-0.06645705745348739,0.0,0.0,0.0,0.0,0.0,0.0,1.6616341319493338e-05,0.0,6.089041338686513,5.936003792844792,8.55435514091063e-16,1.0685896612017132e-15,0.8003749927273438,0.0,-6.25,6.25,0.14415703243338493,0.1441570324333851,2.2904790888161317e-09,5.81811416022883e-07,0.001522261601106341,0.0015,6.194201691356316e-07,0.0014839967931270573,0.0015,0.3,0.0,0.23354294254651153,0.0
14959,3.73975,3.74,-4.324334917816732,4.547058030257908,0.11136155622058785,8.87139294807464,-0.10089251355998252,0.11484979168505993,1,1,-4.324334917816732,4.547058030257908,-6.0,6.0,0.0,12.0,0.06579579868328407,0.0,0.06579579868328407,0.0,-0.06579579868328407,-0.06579579868328407,0.0,0.0,0.0,0.0,0.0,0.0,1.6451005960883804e-05,0.0,6.088836354380459,5.936665211881438,4.0614213381306996e-16,1.1518563880486e-15,0.8003749927310112,0.0,-6.25,6.25,0.14415703243338493,0.1441570324333851,2.2905525770451115e-09,5.815180230391229e-07,0.001522210383632665,0.0015,6.195032676958867e-07,0.0014841621892144846,0.0015,0.3,0.0,0.23420420131671477,0.0
14999,3.74975,3.75,-4.324242441179733,4.544918428778665,0.11033799379946618,8.869160869958398,-0.10088099488501978,0.11491348267930412,1,1,-4.324242441179733,4.544918428778665,-6.0,6.0,0.0,12.0,0.06514111954777912,0.0,0.06514111954777912,0.0,-0.06514111954777912,-0.06514111954777912,0.0,0.0,0.0,0.0,0.0,0.0,1.6287315716579584e-05,0.0,6.088626850663645,5.937320052177434,1.4367847189777905e-15,1.2212453270876722e-15,0.8003749927346816,0.0,-6.25,6.25,0.14415703243338493,0.1441570324333851,2.290624380899019e-09,5.812243863844429e-07,0.0015221580356124449,0.0015,6.195864877678314e-07,0.0014843259402054442,0.0015,0.3,0.0,0.23485888045221964,0.0
15039,3.75975,3.7600000000000002,-4.32415548627335,4.542819191716074,0.10933185272136203,8.866974677989424,-0.1008687040677092,0.11497502280859773,1,1,-4.32415548627335,4.542819191716074,-6.0,6.0,0.0,12.0,0.06449295457851338,0.0,0.06449295457851338,0.0,-0.06449295457851338,-0.06449295457851338,0.0,0.0,0.0,0.0,0.0,0.0,1.6125254217419822e-05,0.0,6.088412937651091,5.937968379205222,1.2634716135741936e-15,1.2351231148954867e-15,0.8003749927383549,0.0,-6.25,6.25,0.14415703243338493,0.1441570324333851,2.2906945485195476e-09,5.809305255987772e-07,0.0015221045845854066,0.0015,6.196698212379559e-07,0.0014844880624721418,0.0015,0.3,0.0,0.23550704542148537,0.0
15079,3.76975,3.77,-4.324074049293234,4.540759227576524,0.10834258914164518,8.864833276869758,-0.10085565758239712,0.11503450572283469,1,1,-4.324074049293234,4.540759227576524,-6.0,6.0,0.0,12.0,0.06385123895844981,0.0,0.06385123895844981,0.0,-0.06385123895844981,-0.06385123895844981,0.0,0.0,0.0,0.0,0.0,0.0,1.5964805257119565e-05,0.0,6.088194723714528,5.9386102577853785,8.335346302068558e-16,1.2073675392798577e-15,0.8003749927420307,0.0,-6.25,6.25,0.14415703243338493,0.1441570324333851,2.290763128456557e-09,5.806364600122274e-07,0.0015220500576553074,0.0015,6.19753260071576e-07,0.0014846485722237765,0.0015,0.3,0.0,0.23614876104154897,0.0
15119,3.77975,3.7800000000000002,-4.323998122936791,4.538737488737203,0.10736968290020599,8.862735611673994,-0.10084187199242423,0.11509201995171303,1,1,-4.323998122936791,4.538737488737203,-6.0,6.0,0.0,12.0,0.06321590851549166,0.0,0.06321590851549166,0.0,-0.06321590851549166,-0.06321590851549166,0.0,0.0,0.0,0.0,0.0,0.0,1.5805952790649074e-05,0.0,6.087972315506208,5.9392457520931075,1.2616454105399133e-15,1.1102230246251565e-15,0.8003749927457089,0.0,-6.25,6.25,0.14415703243338493,0.1441570324333851,2.290830169660973e-09,5.803422087517243e-07,0.0015219944814958836,0.0015,6.198367963106133e-07,0.0014848074855081622,0.0015,0.3,0.0,0.23678409148450721,0.0
15159,3.78975,3.79,-4.3239276965695606,4.536732519107197,0.10640241126881822,8.860660215676758,-0.10082736391837488,0.11207948586214933,1,1,-4.3239276965695606,4.536732519107197,-6.0,6.0,0.0,12.0,0.06258689971606517,0.0,0.06258689971606517,0.0,-0.06258689971606517,-0.06258689971606517,0.0,0.0,0.0,0.0,0.0,0.0,1.5648680932629323e-05,0.0,6.08774581798238,5.939874925664656,7.207572754776292e-16,1.0685896612017132e-15,0.8003749927493891,0.0,-6.25,6.25,0.14415703243338493,0.1441570324333851,2.2908957214774368e-09,5.800477907743345e-07,0.0015219378823567273,0.0015,6.199204220846966e-07,0.0014849648182133357,0.0015,0.3,0.0,0.23741310028393375,0.0
15199,3.79975,3.8000000000000003,-4.323862756386267,4.534731056213153,0.10543414991344324,8.85859381259942,-0.10081215000889598,0.11213748044085703,1,1,-4.323862756386267,4.534731056213153,-6.0,6.0,0.0,12.0,0.06196414965876616,0.0,0.06196414965876616,0.0,-0.06196414965876616,-0.06196414965876616,0.0,0.0,0.0,0.0,0.0,0.0,1.5492973955743434e-05,0.0,6.087515334426488,5.940497841403688,8.409817438791156e-16,1.124100812432971e-15,0.8003749927530711,0.0,-6.25,6.25,0.14415703243338493,0.1441570324333851,2.290959833636698e-09,5.797532248950164e-07,0.0015218802860690838,0.0015,6.200041296167136e-07,0.001485120586069147,0.0015,0.3,0.0,0.2380358503412327,0.0
15239,3.80975,3.81,-4.323803285566567,4.532766071194103,0.104481392813768,8.85656935676067,-0.10079624691392286,0.11219361718272203,1,1,-4.323803285566567,4.532766071194103,-6.0,6.0,0.0,12.0,0.061347596068070005,0.0,0.061347596068070005,0.0,-0.061347596068070005,-0.061347596068070005,0.0,0.0,0.0,0.0,0.0,0.0,1.5338816289163977e-05,0.0,6.087280966472073,5.941114561587577,4.653395724307785e-16,1.186550857568136e-15,0.8003749927567548,0.0,-6.25,6.25,0.14415703243338493,0.1441570324333851,2.2910225562477545e-09,5.794585298177054e-07,0.0015218217180515822,0.0015,6.200879112316926e-07,0.0014852748046488345,0.0015,0.3,0.0,0.2386524039319288,0.0
15279,3.81975,3.8200000000000003,-4.323749264425543,4.5308366304853696,0.10354368302991324,8.854585894910912,-0.10077967126012499,0.11224797221706606,1,1,-4.323749264425543,4.5308366304853696,-6.0,6.0,0.0,12.0,0.06073717728810382,0.0,0.06073717728810382,0.0,-0.06073717728810382,-0.06073717728810382,0.0,0.0,0.0,0.0,0.0,0.0,1.5186192516995826e-05,0.0,6.087042814125386,5.941725147873644,9.07536510676675e-16,1.1657341758564144e-15,0.8003749927604399,0.0,-6.25,6.25,0.14415703243338493,0.1441570324333851,2.291083939789748e-09,5.791637241641812e-07,0.0015217622033158863,0.0015,6.201717593479205e-07,0.0014854274893705847,0.0015,0.3,0.0,0.239262822711895,0.0
15319,3.82975,3.83,-4.323700670558986,4.528941835632455,0.10262058253673478,8.85264250619144,-0.10076243962845066,0.11230061776902334,1,1,-4.323700670558986,4.528941835632455,-6.0,6.0,0.0,12.0,0.06013283227648096,0.0,0.06013283227648096,0.0,-0.06013283227648096,-0.06013283227648096,0.0,0.0,0.0,0.0,0.0,0.0,1.5035087376734584e-05,0.0,6.086800975787714,5.94232966130533,3.692792599485628e-16,1.0685896612017132e-15,0.8003749927641262,0.0,-6.25,6.25,0.14415703243338493,0.1441570324333851,2.2911440351035976e-09,5.788688265118136e-07,0.0015217017664722818,0.0015,6.202556665046988e-07,0.0014855786554990764,0.0015,0.3,0.0,0.23986716772351796,0.0
15359,3.83975,3.84,-4.323657478983541,4.527080821457587,0.10171167123702318,8.850738300441128,-0.1007445685335917,0.11235162240213259,1,1,-4.323657478983541,4.527080821457587,-6.0,6.0,0.0,12.0,0.059534500598196594,0.0,0.059534500598196594,0.0,-0.059534500598196594,-0.059534500598196594,0.0,0.0,0.0,0.0,0.0,0.0,1.4885485757740293e-05,0.0,6.086555548277424,5.942928162318311,1.7134900540550363e-15,1.0547118733938987e-15,0.8003749927678133,0.0,-6.25,6.25,0.14415703243338493,0.1441570324333851,2.2912028933833937e-09,5.785738554290913e-07,0.001521640431735187,0.0015,6.203396253390281e-07,0.0014857283181470087,0.0015,0.3,0.0,0.24046549940180234,0.0
15399,3.8497500000000002,3.85,-4.323619662271823,4.525252754348458,0.10081654603831769,8.848872416620281,-0.10072607440527293,0.1124010512432283,1,1,-4.323619662271823,4.525252754348458,-6.0,6.0,0.0,12.0,0.0589421224195843,0.0,0.0589421224195843,0.0,-0.0589421224195843,-0.0589421224195843,0.0,0.0,0.0,0.0,0.0,0.0,1.473737269972639e-05,0.0,6.086306626851729,5.9435207107465535,3.194059600142296e-16,1.1102230246251565e-15,0.8003749927715011,0.0,-6.25,6.25,0.14415703243338493,0.1441570324333851,2.2912605661675457e-09,5.782788295144787e-07,0.0015215782229285972,0.0015,6.204236286044829e-07,0.0014858764922766154,0.0015,0.3,0.0,0.24105787758041458,0.0
15439,3.85975,3.86,-4.323587190682584,4.523456830659357,0.09993481998838627,8.84704402134194,-0.10070697357120739,0.11244896619109046,1,1,-4.323587190682584,4.523456830659357,-6.0,6.0,0.0,12.0,0.058355638502332545,0.0,0.058355638502332545,0.0,-0.058355638502332545,-0.058355638502332545,0.0,0.0,0.0,0.0,0.0,0.0,1.459073339126364e-05,0.0,6.086054305228185,5.944107365828299,8.079474589361979e-16,1.1449174941446927e-15,0.8003749927751894,0.0,-6.25,6.25,0.14415703243338493,0.1441570324333851,2.291317105329687e-09,5.779837674341637e-07,0.0015215151634914586,0.0015,6.205076691634392e-07,0.0014860231927011623,0.0015,0.3,0.0,0.2416443614976663,0.0
15479,3.8697500000000002,3.87,-4.323560032286043,4.5216922752158295,0.09906612146489335,8.845252307501873,-0.1006872822416216,0.11249542611021623,1,1,-4.323560032286043,4.5216922752158295,-6.0,6.0,0.0,12.0,0.0577749901975609,0.0,0.0577749901975609,0.0,-0.0577749901975609,-0.0577749901975609,0.0,0.0,0.0,0.0,0.0,0.0,1.4445553168299007e-05,0.0,6.085798675605907,5.944688186212009,1.2784878136631178e-15,1.1171619185290638e-15,0.8003749927788779,0.0,-6.25,6.25,0.14415703243338493,0.1441570324333851,2.291372563069347e-09,5.776886879575848e-07,0.0015214512764829768,0.0015,6.205917399848549e-07,0.0014861684340864315,0.0015,0.3,0.0,0.24222500980243797,0.0
15519,3.87975,3.88,-4.3235381530845,4.5199583399148135,0.09821009341515685,8.843496492999314,-0.10066701649522503,0.11254048701090813,1,1,-4.3235381530845,4.5199583399148135,-6.0,6.0,0.0,12.0,0.05720011943995498,0.0,0.05720011943995498,0.0,-0.05720011943995498,-0.05720011943995498,0.0,0.0,0.0,0.0,0.0,0.0,1.43018175126892e-05,0.0,6.085539828686521,5.945263229962221,1.4678488052853947e-15,1.1102230246251565e-15,0.8003749927825663,0.0,-6.25,6.25,0.14415703243338493,0.1441570324333851,2.291426991902391e-09,5.773936100018405e-07,0.001521386584587853,0.0015,6.206758341553709e-07,0.0014863122309521914,0.0015,0.3,0.0,0.2427998805600439,0.0
15559,3.8897500000000003,3.89,-4.3235215171283485,4.5182543024129,0.09736639264227565,8.841775819541247,-0.10064619226653304,0.11258420221681664,1,1,-4.3235215171283485,4.5182543024129,-6.0,6.0,0.0,12.0,0.056630968741959976,0.0,0.056630968741959976,0.0,-0.056630968741959976,-0.056630968741959976,0.0,0.0,0.0,0.0,0.0,0.0,1.4159512050748878e-05,0.0,6.085277853694848,5.94583255456538,1.6360610782806262e-15,1.1032841307212493e-15,0.8003749927862546,0.0,-6.25,6.25,0.14415703243338493,0.1441570324333851,2.2914804446512324e-09,5.770985526661052e-07,0.0015213211101214618,0.0015,6.207599448471158e-07,0.0014864545976736475,0.0015,0.3,0.0,0.2433690312580389,0.0
15599,3.89975,3.9,-4.323510086627618,4.516579464896053,0.09653468913421781,8.840089551523672,-0.10062482533444828,0.1126266225209055,1,1,-4.323510086627618,4.516579464896053,-6.0,6.0,0.0,12.0,0.056067481188031794,0.0,0.056067481188031794,0.0,-0.056067481188031794,-0.056067481188031794,0.0,0.0,0.0,0.0,0.0,0.0,1.4018622551813266e-05,0.0,6.085012838399345,5.946396216935586,8.578207588705311e-16,1.214306433183765e-15,0.8003749927899423,0.0,-6.25,6.25,0.14415703243338493,0.1441570324333851,2.2915329744348325e-09,5.768035352782598e-07,0.0015212548750349567,0.0015,6.208440653410197e-07,0.0014865955484828844,0.0015,0.3,0.0,0.24393251881196698,0.0
15639,3.9097500000000003,3.91,-4.323503822059158,4.514933152924684,0.09571466543276275,8.838436974983843,-0.10060293131198828,0.11266779633078539,1,1,-4.323503822059158,4.514933152924684,-6.0,6.0,0.0,12.0,0.05550960042894549,0.0,0.05550960042894549,0.0,-0.05550960042894549,-0.05550960042894549,0.0,0.0,0.0,0.0,0.0,0.0,1.3879134926815062e-05,0.0,6.0847448691322485,5.9469542734203,4.581296279837499e-16,1.1587952819525071e-15,0.8003749927936292,0.0,-6.25,6.25,0.14415703243338493,0.1441570324333851,2.291584634658481e-09,5.76508577431528e-07,0.0015211879009203123,0.0015,6.209281890134921e-07,0.0014867350974702913,0.0015,0.3,0.0,0.24449039957105334,0.0
15679,3.91975,3.92,-4.32350268226962,4.513314714348507,0.09490601603944349,8.836817396618127,-0.1005805256371145,0.1127077698042328,1,1,-4.32350268226962,4.513314714348507,-6.0,6.0,0.0,12.0,0.05495727067616021,0.0,0.05495727067616021,0.0,-0.05495727067616021,-0.05495727067616021,0.0,0.0,0.0,0.0,0.0,0.0,1.3741035226875519e-05,0.0,6.084474030809502,5.947506779805975,1.0993810029003015e-15,1.2004286453759505e-15,0.8003749927973152,0.0,-6.25,6.25,0.14415703243338493,0.1441570324333851,2.2916354790033755e-09,5.762136990155632e-07,0.0015211202090153065,0.0015,6.210123093175479e-07,0.001486873258585972,0.0015,0.3,0.0,0.24504272932383858,0.0
15719,3.9297500000000003,3.93,-4.323506624574327,4.511702678300727,0.0940980268631999,8.835209302875054,-0.10055762356453779,0.109799674547853,1,1,-4.323506624574327,4.511702678300727,-6.0,6.0,0.0,12.0,0.05441043669624042,0.0,0.05441043669624042,0.0,-0.05441043669624042,-0.05441043669624042,0.0,0.0,0.0,0.0,0.0,0.0,1.3604309641909563e-05,0.0,6.084200406950403,5.948053791323658,1.2793585635328952e-16,1.2073675392798577e-15,0.800374992801,0.0,-6.25,6.25,0.14415703243338493,0.1441570324333851,2.2916855614160026e-09,5.759189202619674e-07,0.0015210518202084338,0.0015,6.210964197839176e-07,0.0014870100456411412,0.0015,0.3,0.0,0.24558956330375836,0.0
15759,3.93975,3.94,-4.323515604852206,4.510096203929169,0.09329029953848167,8.833611808781376,-0.10053424015847079,0.109840096386713,1,1,-4.323515604852206,4.510096203929169,-6.0,6.0,0.0,12.0,0.053869043805332466,0.0,0.053869043805332466,0.0,-0.053869043805332466,-0.053869043805332466,0.0,0.0,0.0,0.0,0.0,0.0,1.346894449924477e-05,0.0,6.083924079697031,5.948595362654504,8.307157045583935e-16,1.1726730697603216e-15,0.8003749928046832,0.0,-6.25,6.25,0.14415703243338493,0.1441570324333851,2.2917349360973263e-09,5.756242617742671e-07,0.001520982755043762,0.0015,6.211805140099447e-07,0.0014871454723095086,0.0015,0.3,0.0,0.24613095619466635,0.0
15799,3.94975,3.95,-4.323529577636867,4.508516572005943,0.09249349718453814,8.83204614964281,-0.10051039028623421,0.10987937024045102,1,1,-4.323529577636867,4.508516572005943,-6.0,6.0,0.0,12.0,0.053333037863696066,0.0,0.053333037863696066,0.0,-0.053333037863696066,-0.053333037863696066,0.0,0.0,0.0,0.0,0.0,0.0,1.3334926262254056e-05,0.0,6.083645129833388,5.94913154793526,1.2934531917752068e-15,1.1310397063368782e-15,0.8003749928083647,0.0,-6.25,6.25,0.14415703243338493,0.1441570324333851,2.291783657491795e-09,5.75329744574543e-07,0.0015209130337257223,0.0015,6.212645856518151e-07,0.001487279552128647,0.0015,0.3,0.0,0.2466669621363028,0.0
15839,3.95975,3.96,-4.323548496204,4.5069631876501175,0.09170734572305861,8.830511683854118,-0.10048608861265074,0.10991753694654383,1,1,-4.323548496204,4.5069631876501175,-6.0,6.0,0.0,12.0,0.05280236527029038,0.0,0.05280236527029038,0.0,-0.05280236527029038,-0.05280236527029038,0.0,0.0,0.0,0.0,0.0,0.0,1.3202241529002044e-05,0.0,6.083363636804331,5.949662400763689,1.2561888242937011e-15,1.096345236817342e-15,0.800374992812044,0.0,-6.25,6.25,0.14415703243338493,0.1441570324333851,2.2918317802761716e-09,5.750353901223036e-07,0.0015208426761238421,0.0015,6.21348628403462e-07,0.0014874122985013482,0.0015,0.3,0.0,0.24719763472970852,0.0
15879,3.96975,3.97,-4.323572312655173,4.50543547462275,0.09093158098378851,8.829007787277924,-0.10046134959518616,0.10995463554356155,1,1,-4.323572312655173,4.50543547462275,-6.0,6.0,0.0,12.0,0.05227697295741382,0.0,0.05227697295741382,0.0,-0.05227697295741382,-0.05227697295741382,0.0,0.0,0.0,0.0,0.0,0.0,1.3070877030904833e-05,0.0,6.08307967873425,5.950187974203917,4.531965080989409e-16,1.1657341758564144e-15,0.8003749928157212,0.0,-6.25,6.25,0.14415703243338493,0.1441570324333851,2.2918793593481997e-09,5.747412203522327e-07,0.001520771701777414,0.0015,6.214326359932354e-07,0.0014875437246969646,0.0015,0.3,0.0,0.247723027042585,0.0
15919,3.97975,3.98,-4.323600977998194,4.5039328745197125,0.09016594826075908,8.827533852517906,-0.10043618747976879,0.10999070336689676,1,1,-4.323600977998194,4.5039328745197125,-6.0,6.0,0.0,12.0,0.051756808385397306,0.0,0.051756808385397306,0.0,-0.051756808385397306,-0.051756808385397306,0.0,0.0,0.0,0.0,0.0,0.0,1.2940819631403148e-05,0.0,6.082793332445504,5.950708320791765,4.754091001077376e-16,1.2004286453759505e-15,0.8003749928193957,0.0,-6.25,6.25,0.14415703243338493,0.1441570324333851,2.2919264498151045e-09,5.744472577097167e-07,0.0015207001299001102,0.0015,6.215166021661389e-07,0.0014876738438527354,0.0015,0.3,0.0,0.24824319161460148,0.0
15959,3.98975,3.99,-4.323634442224126,4.502454846009519,0.08941020189269633,8.826089288233645,-0.10041061629723069,0.11002577613847986,1,1,-4.323634442224126,4.502454846009519,-6.0,6.0,0.0,12.0,0.05124181953735016,0.0,0.05124181953735016,0.0,-0.05124181953735016,-0.05124181953735016,0.0,0.0,0.0,0.0,0.0,0.0,1.281205632464866e-05,0.0,6.082504673476629,5.951223492539995,2.955535122195485e-16,1.2212453270876722e-15,0.8003749928230673,0.0,-6.25,6.25,0.14415703243338493,0.1441570324333851,2.291973106981948e-09,5.741535251663877e-07,0.0015206279793845343,0.0015,6.216005206716169e-07,0.0014878026689751054,0.0015,0.3,0.0,0.2487581804626486,0.0
15999,3.99975,4.0,-4.323672654381102,4.501000864113106,0.08866410486600174,8.824673518494208,-0.10038464986034445,0.11005988805095179,1,1,-4.323672654381102,4.501000864113106,-6.0,6.0,0.0,12.0,0.050731954913958405,0.0,0.050731954913958405,0.0,-0.050731954913958405,-0.050731954913958405,0.0,0.0,0.0,0.0,0.0,0.0,1.2684574234203384e-05,0.0,6.082213776100318,5.951733540943516,1.092667419760364e-15,1.1934897514720433e-15,0.8003749928267359,0.0,-6.25,6.25,0.14415703243338493,0.1441570324333851,2.2920193863398375e-09,5.738600462578711e-07,0.001520555268806716,0.0015,6.216843852446807e-07,0.0014879302129410228,0.0015,0.3,0.0,0.2492680450860404,0.0
16039,4.00975,4.01,-4.323715562645031,4.499570419522778,0.08792742843887336,8.823285982167809,-0.10035830176138794,0.11009307184667583,1,1,-4.323715562645031,4.499570419522778,-6.0,6.0,0.0,12.0,0.0502271635283348,0.0,0.0502271635283348,0.0,-0.0502271635283348,-0.0502271635283348,0.0,0.0,0.0,0.0,0.0,0.0,1.255836061175204e-05,0.0,6.081920713341155,5.95223851698454,6.130079083233042e-16,1.1796119636642288e-15,0.8003749928304009,0.0,-6.25,6.25,0.14415703243338493,0.1441570324333851,2.2920653435539966e-09,5.735668451015488e-07,0.0015204820164305486,0.0015,6.217681896059091e-07,0.0014880564884992289,0.0015,0.3,0.0,0.249772836471664,0.0
16079,4.01975,4.0200000000000005,-4.323763114387331,4.498163017957729,0.08719995178519913,8.82192613234506,-0.10033158537020415,0.1101253588919393,1,1,-4.323763114387331,4.498163017957729,-6.0,6.0,0.0,12.0,0.049727394900920145,0.0,0.049727394900920145,0.0,-0.049727394900920145,-0.049727394900920145,0.0,0.0,0.0,0.0,0.0,0.0,1.2433402835827207e-05,0.0,6.081625556993142,5.952738471137682,3.0227556568895864e-16,1.1171619185290638e-15,0.8003749928340621,0.0,-6.25,6.25,0.14415703243338493,0.1441570324333851,2.2921110344517108e-09,5.732739464143235e-07,0.0015204082402121707,0.0015,6.218519274270306e-07,0.0014881815082715343,0.0015,0.3,0.0,0.2502726050990787,0.0
16119,4.02975,4.03,-4.323815256239783,4.496778179553759,0.08648146165698822,8.820593435793542,-0.10030451383271743,0.1101567792467073,1,1,-4.323815256239783,4.496778179553759,-6.0,6.0,0.0,12.0,0.04923259905443522,0.0,0.04923259905443522,0.0,-0.04923259905443522,-0.04923259905443522,0.0,0.0,0.0,0.0,0.0,0.0,1.2309688410547163e-05,0.0,6.081328377636989,5.953233453375009,5.141286701926262e-16,1.1657341758564144e-15,0.8003749928377193,0.0,-6.25,6.25,0.14415703243338493,0.1441570324333851,2.2921565150101524e-09,5.729813755414842e-07,0.0015203339578042908,0.0015,6.219355923198222e-07,0.0014883052847540817,0.0015,0.3,0.0,0.2507674009455636,0.0
16159,4.03975,4.04,-4.323871934156624,4.495415438284984,0.08577175206418008,8.819287372441607,-0.10027710006987989,0.11018736173021015,1,1,-4.323871934156624,4.495415438284984,-6.0,6.0,0.0,12.0,0.04874272650888303,0.0,0.04874272650888303,0.0,-0.04874272650888303,-0.04874272650888303,0.0,0.0,0.0,0.0,0.0,0.0,1.2187204964366279e-05,0.0,6.081029244657184,5.953723513171035,1.0690233420707074e-15,1.1379786002407855e-15,0.8003749928413719,0.0,-6.25,6.25,0.14415703243338493,0.1441570324333851,2.2922018413440865e-09,5.726891584633669e-07,0.0015202591865604558,0.0015,6.220191778305572e-07,0.001488427830318594,0.0015,0.3,0.0,0.2512572734911158,0.0
16199,4.04975,4.05,-4.323933093473974,4.494074341415507,0.08507062397076659,8.81800743488948,-0.10024935677699076,0.11021713398266353,1,1,-4.323933093473974,4.494074341415507,-6.0,6.0,0.0,12.0,0.04825772827660082,0.0,0.04825772827660082,0.0,-0.04825772827660082,-0.04825772827660082,0.0,0.0,0.0,0.0,0.0,0.0,1.206594024883787e-05,0.0,6.080728226258852,5.954208699507673,7.995160929792286e-16,1.1449174941446927e-15,0.8003749928450199,0.0,-6.25,6.25,0.14415703243338493,0.1441570324333851,2.2922470696934822e-09,5.723973218108989e-07,0.0015201839435392667,0.0015,6.221026774144711e-07,0.001488549157213614,0.0015,0.3,0.0,0.251742271723398,0.0
16239,4.05975,4.0600000000000005,-4.323998678966709,4.492754448979156,0.08437788500622334,8.816753127945866,-0.10022129642337674,0.11024612252337807,1,1,-4.323998678966709,4.492754448979156,-6.0,6.0,0.0,12.0,0.047777555857361174,0.0,0.047777555857361174,0.0,-0.047777555857361174,-0.047777555857361174,0.0,0.0,0.0,0.0,0.0,0.0,1.1945882137389331e-05,0.0,6.080425389484391,5.954689060879135,8.283304597789254e-16,1.0894063429134349e-15,0.8003749928486628,0.0,-6.25,6.25,0.14415703243338493,0.1441570324333851,2.2922922564110096e-09,5.721058928866919e-07,0.0015201082455085406,0.0015,6.221860844290995e-07,0.0014886692775657269,0.0015,0.3,0.0,0.2522224441426377,0.0
16279,4.06975,4.07,-4.324068634902867,4.491455333285547,0.08369334919134008,8.815523968188414,-0.1001929312524058,0.11027435280551001,1,1,-4.324068634902867,4.491455333285547,-6.0,6.0,0.0,12.0,0.047302161233522017,0.0,0.047302161233522017,0.0,-0.047302161233522017,-0.047302161233522017,0.0,0.0,0.0,0.0,0.0,0.0,1.1827018624109462e-05,0.0,6.080120800229896,5.955164645296776,1.036946204358187e-15,1.0269562977782698e-15,0.8003749928523002,0.0,-6.25,6.25,0.14415703243338493,0.1441570324333851,2.292337457949459e-09,5.718148996606022e-07,0.0015200321089494145,0.0015,6.222693921098532e-07,0.0014887882033807753,0.0015,0.3,0.0,0.25269783876647695,0.0
16319,4.07975,4.08,-4.324142905095687,4.490176578450846,0.08301683667757942,8.814319483546534,-0.10016427328178756,0.1103018492676594,1,1,-4.324142905095687,4.490176578450846,-6.0,6.0,0.0,12.0,0.04683149686522483,0.0,0.04683149686522483,0.0,-0.04683149686522483,-0.04683149686522483,0.0,0.0,0.0,0.0,0.0,0.0,1.170933782254789e-05,0.0,6.079814523261362,5.955635500293898,7.955841660380741e-17,7.563394355258879e-16,0.8003749928559318,0.0,-6.25,6.25,0.14415703243338493,0.1441570324333851,2.292382730849064e-09,5.715243707797217e-07,0.001519955550060403,0.0015,6.22352593558917e-07,0.001488905946545058,0.0015,0.3,0.0,0.2531685031347744,0.0
16359,4.08975,4.09,-4.324221432953379,4.488917779951741,0.08234817349918133,8.81313921290512,-0.10013533430415611,0.11032863538254223,1,1,-4.324221432953379,4.488917779951741,-6.0,6.0,0.0,12.0,0.04636551568564053,0.0,0.04636551568564053,0.0,-0.04636551568564053,-0.04636551568564053,0.0,0.0,0.0,0.0,0.0,0.0,1.1592827964526387e-05,0.0,6.079506622230708,5.956101672930497,1.8231943732516243e-15,7.563394355258879e-16,0.8003749928595573,0.0,-6.25,6.25,0.14415703243338493,0.1441570324333851,2.292428131724749e-09,5.712343355872524e-07,0.0015198785847613994,0.0015,6.224356817363663e-07,0.001489022518826518,0.0015,0.3,0.0,0.2536344843143587,0.0
16399,4.09975,4.1,-4.32430416152669,4.4876785442011995,0.08168719133725455,8.811982705727889,-0.10010612588790213,0.1103547337029187,1,1,-4.32430416152669,4.4876785442011995,-6.0,6.0,0.0,12.0,0.045904171096262866,0.0,0.045904171096262866,0.0,-0.045904171096262866,-0.045904171096262866,0.0,0.0,0.0,0.0,0.0,0.0,1.1477477398962058e-05,0.0,6.079197159691557,5.956563209797978,1.3996321598453224e-15,6.800116025829084e-16,0.8003749928631761,0.0,-6.25,6.25,0.14415703243338493,0.1441570324333851,2.292473717253309e-09,5.709448241014118e-07,0.0015198012286976267,0.0015,6.225186494301926e-07,0.0014891379318759197,0.0015,0.3,0.0,0.25409582890373644,0.0
16439,4.10975,4.11,-4.3243910335543925,4.486431013386262,0.08101998991593495,8.810822046940654,-0.10007665937823096,0.10754320952046093,1,1,-4.3243910335543925,4.486431013386262,-6.0,6.0,0.0,12.0,0.0454474169622484,0.0,0.0454474169622484,0.0,-0.0454474169622484,-0.0454474169622484,0.0,0.0,0.0,0.0,0.0,0.0,1.1363274590702216e-05,0.0,6.07888619711484,5.957020157023792,3.0140820395097023e-17,8.396061623727746e-16,0.8003749928667881,0.0,-6.25,6.25,0.14415703243338493,0.1441570324333851,2.2925195441605074e-09,5.706558670298664e-07,0.0015197234972435362,0.0015,6.226014892651843e-07,0.0014892521972280125,0.0015,0.3,0.0,0.25455258303775075,0.0
16479,4.11975,4.12,-4.324481991506728,4.485198125036033,0.0803580667646524,8.809680116542761,-0.10004694589843155,0.10756967254022032,1,1,-4.324481991506728,4.485198125036033,-6.0,6.0,0.0,12.0,0.04499520760780314,0.0,0.04499520760780314,0.0,-0.04499520760780314,-0.04499520760780314,0.0,0.0,0.0,0.0,0.0,0.0,1.1250208119370872e-05,0.0,6.078573794904182,5.9574725602760665,6.414140052424244e-16,7.077671781985373e-16,0.8003749928703927,0.0,-6.25,6.25,0.14415703243338493,0.1441570324333851,2.292565669208134e-09,5.703674957586281e-07,0.0015196454055066597,0.0015,6.226841936674e-07,0.001489365326302685,0.0015,0.3,0.0,0.25500479239219614,0.0
16519,4.1297500000000005,4.13,-4.324576977626928,4.483984217212858,0.07970361979296481,8.808561194839786,-0.10001699635134143,0.10759546979198731,1,1,-4.324576977626928,4.483984217212858,-6.0,6.0,0.0,12.0,0.044547497811614815,0.0,0.044547497811614815,0.0,-0.044547497811614815,-0.044547497811614815,0.0,0.0,0.0,0.0,0.0,0.0,1.1138266678226677e-05,0.0,6.0782600124111,5.957920464768153,1.0242830617967352e-16,7.840950111415168e-16,0.8003749928739896,0.0,-6.25,6.25,0.14415703243338493,0.1441570324333851,2.2926121491809844e-09,5.700797423531664e-07,0.0015195669683314057,0.0015,6.227667548708294e-07,0.0014894773304061043,0.0015,0.3,0.0,0.2554525021883844,0.0
16559,4.13975,4.14,-4.32467593397086,4.4827889238505465,0.07905649493984335,8.807464857821406,-0.0999868214209626,0.10762062174834108,1,1,-4.32467593397086,4.4827889238505465,-6.0,6.0,0.0,12.0,0.044104242802330676,0.0,0.044104242802330676,0.0,-0.044104242802330676,-0.044104242802330676,0.0,0.0,0.0,0.0,0.0,0.0,1.1027439073032218e-05,0.0,6.077944907949999,5.958363915263157,7.023461673361098e-16,7.632783294297951e-16,0.8003749928775784,0.0,-6.25,6.25,0.14415703243338493,0.1441570324333851,2.292659040873808e-09,5.697926395528557e-07,0.0015194882003028121,0.0015,6.228491648918588e-07,0.0014895882207318456,0.0015,0.3,0.0,0.25589575719766855,0.0
16599,4.14975,4.15,-4.324778802444888,4.481611888385379,0.07841654297024547,8.806390690830266,-0.0999564315742596,0.10764514811382186,1,1,-4.324778802444888,4.481611888385379,-6.0,6.0,0.0,12.0,0.043665398254080424,0.0,0.043665398254080424,0.0,-0.043665398254080424,-0.043665398254080424,0.0,0.0,0.0,0.0,0.0,0.0,1.0917714220934626e-05,0.0,6.0776285388129745,5.958802956078399,1.016564897581354e-15,6.314393452555578e-16,0.8003749928811587,0.0,-6.25,6.25,0.14415703243338493,0.1441570324333851,2.292706401078198e-09,5.695062207465508e-07,0.0015194091157502477,0.0015,6.229314155326015e-07,0.0014896980083620131,0.0015,0.3,0.0,0.25633460174591893,0.0
16639,4.15975,4.16,-4.324885524842015,4.4804527634208275,0.07778361928940614,8.805338288262842,-0.09992583706308289,0.10766906785951436,1,1,-4.324885524842015,4.4804527634208275,-6.0,6.0,0.0,12.0,0.04323092028204353,0.0,0.04323092028204353,0.0,-0.04323092028204353,-0.04323092028204353,0.0,0.0,0.0,0.0,0.0,0.0,1.0809081149357254e-05,0.0,6.0773109612844225,5.959237631089849,1.4343994741983224e-15,7.494005416219807e-16,0.8003749928847299,0.0,-6.25,6.25,0.14415703243338493,0.1441570324333851,2.292754286569449e-09,5.692205199770285e-07,0.0015193297287510647,0.0015,6.230134983564728e-07,0.0014898067042683435,0.0015,0.3,0.0,0.2567690797179557,0.0
16679,4.1697500000000005,4.17,-4.32499604287637,4.479311210407595,0.07715758376561288,8.804307253283966,-0.09989504792622395,0.10769239925579877,1,1,-4.32499604287637,4.479311210407595,-6.0,6.0,0.0,12.0,0.04280076543806074,0.0,0.04280076543806074,0.0,-0.04280076543806074,-0.04280076543806074,0.0,0.0,0.0,0.0,0.0,0.0,1.0701528994902417e-05,0.0,6.07699223065546,5.959667983736507,8.282813318679846e-16,7.008282842946301e-16,0.8003749928882917,0.0,-6.25,6.25,0.14415703243338493,0.1441570324333851,2.292802754093373e-09,5.689355719210025e-07,0.0015192500531342075,0.0015,6.230954046915205e-07,0.0014899143193133047,0.0015,0.3,0.0,0.25719923456193855,0.0
16719,4.17975,4.18,-4.3251102982161065,4.478186899338117,0.07653830056100519,8.803297197554222,-0.09986407399157626,0.10771515990339375,1,1,-4.3251102982161065,4.478186899338117,-6.0,6.0,0.0,12.0,0.04237489070628915,0.0,0.04237489070628915,0.0,-0.04237489070628915,-0.04237489070628915,0.0,0.0,0.0,0.0,0.0,0.0,1.0595047002265033e-05,0.0,6.076672401238158,5.960094057024738,1.0316539425037421e-15,6.522560269672795e-16,0.8003749928918438,0.0,-6.25,6.25,0.14415703243338493,0.1441570324333851,2.2928518603530936e-09,5.686514118735812e-07,0.00151917010248377,0.0015,6.231771256159924e-07,0.001490020864251179,0.0015,0.3,0.0,0.2576251092937102,0.0
16759,4.18975,4.19,-4.325228232514792,4.477079508454726,0.07592563796996687,8.802307740969518,-0.09983292487841189,0.10773736676276291,1,1,-4.325228232514792,4.477079508454726,-6.0,6.0,0.0,12.0,0.04195325349890072,0.0,0.04195325349890072,0.0,-0.04195325349890072,-0.04195325349890072,0.0,0.0,0.0,0.0,0.0,0.0,1.0489624523157114e-05,0.0,6.076351526379593,5.960515893532574,3.8402440949436567e-16,5.551115123125783e-16,0.8003749928953855,0.0,-6.25,6.25,0.14415703243338493,0.1441570324333851,2.2929016619958075e-09,5.683680757260626e-07,0.0015190898901425096,0.0015,6.232586519550055e-07,0.001490126349729138,0.0015,0.3,0.0,0.2580467465010987,0.0
16799,4.19975,4.2,-4.325349787441316,4.475988723970744,0.07531946826471403,8.801338511412059,-0.09980160999973897,0.1077590361820463,1,1,-4.325349787441316,4.475988723970744,-6.0,6.0,0.0,12.0,0.04153581165182337,0.0,0.04153581165182337,0.0,-0.04153581165182337,-0.04153581165182337,0.0,0.0,0.0,0.0,0.0,0.0,1.03852510152429e-05,0.0,6.076029658475703,5.960933535413961,5.905615352210652e-16,5.342948306008566e-16,0.8003749928989164,0.0,-6.25,6.25,0.14415703243338493,0.1441570324333851,2.292952215599522e-09,5.680855999614942e-07,0.0015190094292153139,0.0015,6.233399742694435e-07,0.001490230786288307,0.0015,0.3,0.0,0.2584641883481761,0.0
16839,4.20975,4.21,-4.325474904708407,4.474914239803777,0.07471966754768511,8.800389144512184,-0.09977013856473704,0.1077801839235154,1,1,-4.325474904708407,4.474914239803777,-6.0,6.0,0.0,12.0,0.0411225234205245,0.0,0.0411225234205245,0.0,-0.0411225234205245,-0.0411225234205245,0.0,0.0,0.0,0.0,0.0,0.0,1.0281916041084614e-05,0.0,6.075706848984981,5.961347024402975,1.0471224581865002e-15,5.828670879282072e-16,0.8003749929024362,0.0,-6.25,6.25,0.14415703243338493,0.1441570324333851,2.2930035776597903e-09,5.678040216135936e-07,0.0015189287325726236,0.0015,6.234210828659493e-07,0.001490334184364815,0.0015,0.3,0.0,0.2588774765794749,0.0
16879,4.21975,4.22,-4.325603526099804,4.473855757320589,0.0741261156103925,8.799459283420394,-0.09973851958126945,0.10780082518872358,1,1,-4.325603526099804,4.473855757320589,-6.0,6.0,0.0,12.0,0.04071334747583654,0.0,0.04071334747583654,0.0,-0.04071334747583654,-0.04071334747583654,0.0,0.0,0.0,0.0,0.0,0.0,1.0179609267098724e-05,0.0,6.075383148441976,5.961756401817979,7.54387871615414e-16,2.8449465006019636e-16,0.8003749929059442,0.0,-6.25,6.25,0.14415703243338493,0.1441570324333851,2.293055804576421e-09,5.675233782611986e-07,0.0015188478128538101,0.0015,6.235019677702791e-07,0.0014904365542908393,0.0015,0.3,0.0,0.25928665252416316,0.0
16919,4.22975,4.23,-4.3257355934961215,4.472812985092911,0.07353869579839456,8.798548578589031,-0.09970676185845351,0.10782097464236862,1,1,-4.3257355934961215,4.472812985092911,-6.0,6.0,0.0,12.0,0.04030824289982406,0.0,0.04030824289982406,0.0,-0.04030824289982406,-0.04030824289982406,0.0,0.0,0.0,0.0,0.0,0.0,1.0078320462522576e-05,0.0,6.075058606470618,5.962161708565761,1.3099330647969865e-15,3.7470027081099033e-16,0.80037499290944,0.0,-6.25,6.25,0.14415703243338493,0.1441570324333851,2.2931089526401804e-09,5.672437079949595e-07,0.001518766682470507,0.0015,6.235826187439563e-07,0.001490537906295637,0.0015,0.3,0.0,0.25969175710017556,0.0
16959,4.23975,4.24,-4.325871048899485,4.4717856386636265,0.07295729488207092,8.797656687563112,-0.0996748740092912,0.1078406464349746,1,1,-4.325871048899485,4.4717856386636265,-6.0,6.0,0.0,12.0,0.03990716918169189,0.0,0.03990716918169189,0.0,-0.03990716918169189,-0.03990716918169189,0.0,0.0,0.0,0.0,0.0,0.0,9.978039498391315e-06,0.0,6.074733271797379,5.962562985145611,1.0656521509406353e-15,3.469446951953614e-16,0.8003749929129232,0.0,-6.25,6.25,0.14415703243338493,0.1441570324333851,2.2931630780195067e-09,5.66965049392915e-07,0.0015186853536099014,0.0015,6.236630252798303e-07,0.001490638250506564,0.0015,0.3,0.0,0.26009283081830775,0.0
16999,4.24975,4.25,-4.326009834456963,4.470773440322793,0.07238180293291485,8.796783274779756,-0.09964286445332537,0.10785985422444522,1,1,-4.326009834456963,4.470773440322793,-6.0,6.0,0.0,12.0,0.039510086213733954,0.0,0.039510086213733954,0.0,-0.039510086213733954,-0.039510086213733954,0.0,0.0,0.0,0.0,0.0,0.0,9.878756346524947e-06,0.0,6.074407192264248,5.962960271653369,5.475051564462347e-16,4.0939474033052647e-16,0.8003749929163934,0.0,-6.25,6.25,0.14415703243338493,0.1441570324333851,2.2932182367472054e-09,5.666874415038384e-07,0.0015186038382379791,0.0015,6.237431765954149e-07,0.00149073759695009,0.0015,0.3,0.0,0.2604899137862656,0.0
17039,4.25975,4.26,-4.3261518924828675,4.4697761188929865,0.07181211320505954,8.795928011375853,-0.09961074141935866,0.10787861119656128,1,1,-4.3261518924828675,4.4697761188929865,-6.0,6.0,0.0,12.0,0.0391169542873226,0.0,0.0391169542873226,0.0,-0.0391169542873226,-0.0391169542873226,0.0,0.0,0.0,0.0,0.0,0.0,9.780461078525562e-06,0.0,6.074080414841543,5.963353607785429,7.598088824778415e-16,4.371503159461554e-16,0.8003749929198498,0.0,-6.25,6.25,0.14415703243338493,0.1441570324333851,2.293274484707169e-09,5.664109238039389e-07,0.0015185221481027293,0.0015,6.238230616328888e-07,0.0014908359555527988,0.0015,0.3,0.0,0.26088304571267695,0.0
17079,4.26975,4.2700000000000005,-4.326297165479939,4.468793409523491,0.071248122021776,8.795090575003432,-0.09957851294818965,0.10789693008447399,1,1,-4.326297165479939,4.468793409523491,-6.0,6.0,0.0,12.0,0.03872773408893753,0.0,0.03872773408893753,0.0,-0.03872773408893753,-0.03872773408893753,0.0,0.0,0.0,0.0,0.0,0.0,9.68314386478444e-06,0.0,6.0737529856405565,5.963743032842699,6.443074697902451e-16,4.510281037539698e-16,0.8003749929232922,0.0,-6.25,6.25,0.14415703243338493,0.1441570324333851,2.293331877621093e-09,5.661355361857598e-07,0.0015184402947373062,0.0015,6.239026690713079e-07,0.001490933336142376,0.0015,0.3,0.0,0.261272265911062,0.0
17119,4.27975,4.28,-4.326445596159494,4.467825053492896,0.07068972866670098,8.79427064965239,-0.0995461868953812,0.10791482318726009,1,1,-4.326445596159494,4.467825053492896,-6.0,6.0,0.0,12.0,0.038342386696234604,0.0,0.038342386696234604,0.0,-0.038342386696234604,-0.038342386696234604,0.0,0.0,0.0,0.0,0.0,0.0,9.586794973499113e-06,0.0,6.073424949926034,5.9641285857345325,2.091642831159035e-15,4.163336342344337e-16,0.8003749929267199,0.0,-6.25,6.25,0.14415703243338493,0.1441570324333851,2.2933904710352226e-09,5.658613189104384e-07,0.0015183582894631488,0.0015,6.239819873177233e-07,0.0014910297484485966,0.0015,0.3,0.0,0.26165761330376497,0.0
17159,4.28975,4.29,-4.326597127460541,4.466870798019664,0.07013683527956127,8.793467925480204,-0.09951377093404434,0.10793230238758,1,1,-4.326597127460541,4.466870798019664,-6.0,6.0,0.0,12.0,0.03796087357415338,0.0,0.03796087357415338,0.0,-0.03796087357415338,-0.03796087357415338,0.0,0.0,0.0,0.0,0.0,0.0,9.491404769700155e-06,0.0,6.073096352128474,5.964510304982612,6.311733769101199e-16,4.0939474033052647e-16,0.8003749929301325,0.0,-6.25,6.25,0.14415703243338493,0.1441570324333851,2.2934503203071036e-09,5.655883125999346e-07,0.0015182761433930588,0.0015,6.240610045216144e-07,0.0014911252021042906,0.0015,0.3,0.0,0.2620391264258462,0.0
17199,4.29975,4.3,-4.326751702567944,4.465930396080291,0.06958934675617368,8.792682098648235,-0.09948127255763828,0.10794937916849934,1,1,-4.326751702567944,4.465930396080291,-6.0,6.0,0.0,12.0,0.037583156571063724,0.0,0.037583156571063724,0.0,-0.037583156571063724,-0.037583156571063724,0.0,0.0,0.0,0.0,0.0,0.0,9.396963714287698e-06,0.0,6.072767235856296,5.964888228724795,8.643107253123936e-16,5.342948306008566e-16,0.8003749929335294,0.0,-6.25,6.25,0.14415703243338493,0.1441570324333851,2.2935114805923732e-09,5.653165581781894e-07,0.0015181938674342422,0.0015,6.241397085704481e-07,0.0014912197066463111,0.0015,0.3,0.0,0.26241684342893573,0.0
17239,4.30975,4.3100000000000005,-4.326909264929635,4.465003606234675,0.06904717065251997,8.79191287116431,-0.09944869908278309,0.10796606462951275,1,1,-4.326909264929635,4.465003606234675,-6.0,6.0,0.0,12.0,0.03720919791495061,0.0,0.03720919791495061,0.0,-0.03720919791495061,-0.03720919791495061,0.0,0.0,0.0,0.0,0.0,0.0,9.303462363077504e-06,0.0,6.072437643907813,5.96526239471892,5.297513458717845e-16,5.342948306008566e-16,0.8003749929369102,0.0,-6.25,6.25,0.14415703243338493,0.1441570324333851,2.293574006831569e-09,5.650460968666834e-07,0.0015181114722913045,0.0015,6.242180870985603e-07,0.0014913132715164807,0.0015,0.3,0.0,0.26279080208504885,0.0
17279,4.31975,4.32,-4.327069758272945,4.464090192458333,0.06851021709269434,8.791159950731277,-0.09941605765208306,0.10798236950181006,1,1,-4.327069758272945,4.464090192458333,-6.0,6.0,0.0,12.0,0.03683896020963672,0.0,0.03683896020963672,0.0,-0.03683896020963672,-0.03683896020963672,0.0,0.0,0.0,0.0,0.0,0.0,9.21089136585652e-06,0.0,6.072107618283074,5.965632840346588,3.415236843329339e-16,4.510281037539698e-16,0.8003749929402743,0.0,-6.25,6.25,0.14415703243338493,0.1441570324333851,2.2936379537369883e-09,5.647769701333672e-07,0.0015180289684692113,0.0015,6.242961274971481e-07,0.0014914059060625402,0.0015,0.3,0.0,0.2631610397903628,0.0
17319,4.32975,4.33,-4.327233126620059,4.463189923981159,0.06797839868055,8.790423050601218,-0.09938335523693442,0.10799830416284295,1,1,-4.327233126620059,4.463189923981159,-6.0,6.0,0.0,12.0,0.03647240643104305,0.0,0.03647240643104305,0.0,-0.03647240643104305,-0.03647240643104305,0.0,0.0,0.0,0.0,0.0,0.0,9.119241465447892e-06,0.0,6.071777200195535,5.965999602616892,6.209598536321276e-16,3.885780586188048e-16,0.8003749929436211,0.0,-6.25,6.25,0.14415703243338493,0.1441570324333851,2.29370337577957e-09,5.645092196715666e-07,0.0015179463662762071,0.0015,6.243738169164903e-07,0.0014914976195390794,0.0015,0.3,0.0,0.26352759356895655,0.0
17359,4.33975,4.34,-4.327399314302667,4.462297439752587,0.06744906272495976,8.789696754055253,-0.09935059864035423,0.10527547218744826,1,1,-4.327399314302667,4.462297439752587,-6.0,6.0,0.0,12.0,0.03610949992348626,0.0,0.03610949992348626,0.0,-0.03610949992348626,-0.03610949992348626,0.0,0.0,0.0,0.0,0.0,0.0,9.028503496785208e-06,0.0,6.071446430083576,5.966362718170108,5.938988450332472e-16,5.134781488891349e-16,0.8003749929469504,0.0,-6.25,6.25,0.14415703243338493,0.1441570324333851,2.293770327175844e-09,5.642428873600151e-07,0.001517863675826697,0.0015,6.2445114228038e-07,0.001491588421108461,0.0015,0.3,0.0,0.2638905000765132,0.0
17399,4.34975,4.3500000000000005,-4.3275682659758,4.461400052752449,0.06691589338832449,8.788968318728248,-0.0993177944997875,0.10529166723474703,1,1,-4.3275682659758,4.461400052752449,-6.0,6.0,0.0,12.0,0.035750204396013174,0.0,0.035750204396013174,0.0,-0.035750204396013174,-0.035750204396013174,0.0,0.0,0.0,0.0,0.0,0.0,8.938668385995979e-06,0.0,6.071115347621874,5.966722223281369,5.921912266115825e-16,7.216449660063518e-16,0.8003749929502613,0.0,-6.25,6.25,0.14415703243338493,0.1441570324333851,2.2938388618749115e-09,5.639780152328773e-07,0.0015177809070440892,0.0015,6.245280902816841e-07,0.00149167831984174,0.0015,0.3,0.0,0.2642497956039861,0.0
17439,4.35975,4.36,-4.32773992663092,4.460515495686696,0.06638778452788818,8.788255422317615,-0.09928494928991283,0.10530750022912483,1,1,-4.32773992663092,4.460515495686696,-6.0,6.0,0.0,12.0,0.035394483918771626,0.0,0.035394483918771626,0.0,-0.035394483918771626,-0.035394483918771626,0.0,0.0,0.0,0.0,0.0,0.0,8.849727149494263e-06,0.0,6.07078399173262,5.967078153864282,5.986964396464955e-16,6.314393452555578e-16,0.8003749929535533,0.0,-6.25,6.25,0.14415703243338493,0.1441570324333851,2.2939090335455037e-09,5.637146454442223e-07,0.0015176980696635996,0.0015,6.246046474123191e-07,0.0014917673247195659,0.0015,0.3,0.0,0.26460551608122773,0.0
17479,4.36975,4.37,-4.327914241608272,4.459643550603742,0.06586465449773504,8.787557792212013,-0.09925206932543673,0.10532298080157099,1,1,-4.327914241608272,4.459643550603742,-6.0,6.0,0.0,12.0,0.03504230291941744,0.0,0.03504230291941744,0.0,-0.03504230291941744,-0.03504230291941744,0.0,0.0,0.0,0.0,0.0,0.0,8.761670893082292e-06,0.0,6.070452400596582,5.967430545474515,1.3214256078253328e-15,7.355227538141662e-16,0.8003749929568261,0.0,-6.25,6.25,0.14415703243338493,0.1441570324333851,2.2939808955630882e-09,5.634528202402676e-07,0.0015176151732350209,0.0015,6.246807999565895e-07,0.0014918554446330826,0.0015,0.3,0.0,0.2649576970805818,0.0
17519,4.3797500000000005,4.38,-4.328091156608543,4.458784004262805,0.06534642382713107,8.786875160871347,-0.0992191607638715,0.10533811827643014,1,1,-4.328091156608543,4.458784004262805,-6.0,6.0,0.0,12.0,0.03469362617955723,0.0,0.03469362617955723,0.0,-0.03469362617955723,-0.03469362617955723,0.0,0.0,0.0,0.0,0.0,0.0,8.67449081106105e-06,0.0,6.070120611664027,5.967779433313362,5.629177679544739e-16,6.730727086790012e-16,0.8003749929600791,0.0,-6.25,6.25,0.14415703243338493,0.1441570324333851,2.2940545009970547e-09,5.631925819149709e-07,0.0015175322271254535,0.0015,6.247565340145033e-07,0.001491942688384817,0.0015,0.3,0.0,0.2653063738204421,0.0
17559,4.38975,4.39,-4.328270617703839,4.457936647999742,0.06483301514795148,8.786207265703581,-0.09918622960830292,0.10535292168298682,1,1,-4.328270617703839,4.457936647999742,-6.0,6.0,0.0,12.0,0.03434841883122643,0.0,0.03434841883122643,0.0,-0.03434841883122643,-0.03434841883122643,0.0,0.0,0.0,0.0,0.0,0.0,8.58817818534968e-06,0.0,6.069788661665502,5.968124852231249,4.279955838522309e-16,5.412337245047638e-16,0.8003749929633117,0.0,-6.25,6.25,0.14415703243338493,0.1441570324333851,2.2941299025979747e-09,5.62933972788935e-07,0.001517449240521999,0.0015,6.248318355017712e-07,0.0014920290646895581,0.0015,0.3,0.0,0.265651581168773,0.0
17599,4.39975,4.4,-4.328452571348021,4.457101277597811,0.06432435312489515,8.785553848945831,-0.09915328171013205,0.10536739976655607,1,1,-4.328452571348021,4.457101277597811,-6.0,6.0,0.0,12.0,0.03400664635340251,0.0,0.03400664635340251,0.0,-0.03400664635340251,-0.03400664635340251,0.0,0.0,0.0,0.0,0.0,0.0,8.502724384613682e-06,0.0,6.069456586622459,5.968466836731228,8.493639819251442e-16,4.371503159461554e-16,0.8003749929665235,0.0,-6.25,6.25,0.14415703243338493,0.1441570324333851,2.294207152784947e-09,5.626770351694404e-07,0.0015173662224344203,0.0015,6.249066901742318e-07,0.0014921145821752302,0.0015,0.3,0.0,0.26599335364659704,0.0
17639,4.40975,4.41,-4.328636964386419,4.456277693163154,0.06382036438836725,8.784914657549573,-0.09912032277180238,0.10538156099908214,1,1,-4.328636964386419,4.456277693163154,-6.0,6.0,0.0,12.0,0.033668274568552904,0.0,0.033668274568552904,0.0,-0.033668274568552904,-0.033668274568552904,0.0,0.0,0.0,0.0,0.0,0.0,8.41812086340177e-06,0.0,6.069124421857753,5.968805420972426,1.480334070927923e-15,4.649058915617843e-16,0.8003749929697137,0.0,-6.25,6.25,0.14415703243338493,0.1441570324333851,2.294286303633025e-09,5.624218113160282e-07,0.001517283181697766,0.0015,6.249810836278514e-07,0.0014921992493837533,0.0015,0.3,0.0,0.2663317254314466,0.0
17679,4.4197500000000005,4.42,-4.328823744064956,4.455465699004779,0.06332097746991128,8.784289443069735,-0.09908735834950277,0.10539541358927096,1,1,-4.328823744064956,4.455465699004779,-6.0,6.0,0.0,12.0,0.03333326963921716,0.0,0.03333326963921716,0.0,-0.03333326963921716,-0.03333326963921716,0.0,0.0,0.0,0.0,0.0,0.0,8.33435916129133e-06,0.0,6.068792202005987,5.96914063877346,1.016764797356906e-15,3.5388358909926865e-16,0.8003749929728821,0.0,-6.25,6.25,0.14415703243338493,0.1441570324333851,2.2943674068607495e-09,5.621683434094136e-07,0.0015172001269749562,0.0015,6.250550013264799e-07,0.0014922830747718999,0.0015,0.3,0.0,0.2666667303607825,0.0
17719,4.42975,4.43,-4.329012858038692,4.454665103518847,0.06282612274007748,8.78367796155754,-0.09905439385584858,0.10540896549228851,1,1,-4.329012858038692,4.454665103518847,-6.0,6.0,0.0,12.0,0.03300159806462311,0.0,0.03300159806462311,0.0,-0.03300159806462311,-0.03300159806462311,0.0,0.0,0.0,0.0,0.0,0.0,8.25143090204233e-06,0.0,6.068459961023725,5.969472523615821,8.153861022789852e-16,4.926614671774132e-16,0.800374992976028,0.0,-6.25,6.25,0.14415703243338493,0.1441570324333851,2.294450513817781e-09,5.619166735204002e-07,0.00151711706675934,0.0015,6.251284286029613e-07,0.0014923660667121386,0.0015,0.3,0.0,0.2669984019353764,0.0
17759,4.43975,4.44,-4.329204254379826,4.4538757190770735,0.06233573234862355,8.7830799734569,-0.09902143456253787,0.10542222441904503,1,1,-4.329204254379826,4.4538757190770735,-6.0,6.0,0.0,12.0,0.03267322667733698,0.0,0.03267322667733698,0.0,-0.03267322667733698,-0.03267322667733698,0.0,0.0,0.0,0.0,0.0,0.0,8.169327792759757e-06,0.0,6.068127732199573,5.96980110864722,1.0947070750973523e-15,5.412337245047638e-16,0.8003749929791508,0.0,-6.25,6.25,0.14415703243338493,0.1441570324333851,2.294535675472639e-09,5.616668435776828e-07,0.0015170340093772126,0.0015,6.252013506724552e-07,0.001492448233493475,0.0015,0.3,0.0,0.26732677332266247,0.0
17799,4.44975,4.45,-4.329397881585171,4.453097361919054,0.06184974016694156,8.782495243504226,-0.09898848560297546,0.1054351978450696,1,1,-4.329397881585171,4.453097361919054,-6.0,6.0,0.0,12.0,0.03234812263994633,0.0,0.03234812263994633,0.0,-0.03234812263994633,-0.03234812263994633,0.0,0.0,0.0,0.0,0.0,0.0,8.088041623064248e-06,0.0,6.067795548164114,5.970126426684916,4.744146834276611e-16,6.314393452555578e-16,0.8003749929822502,0.0,-6.25,6.25,0.14415703243338493,0.1441570324333851,2.294622942400564e-09,5.614188953278802e-07,0.001516950962990302,0.0015,6.252737526635244e-07,0.0014925295833222772,0.0015,0.3,0.0,0.267651877360053,0.0
17839,4.45975,4.46,-4.329593688583122,4.452329852048356,0.061368081732616986,8.781923540631478,-0.09895555197488026,0.10544789301901891,1,1,-4.329593688583122,4.452329852048356,-6.0,6.0,0.0,12.0,0.03202625344177658,0.0,0.03202625344177658,0.0,-0.03202625344177658,-0.03202625344177658,0.0,0.0,0.0,0.0,0.0,0.0,8.007564264271114e-06,0.0,6.067463440899722,5.97044851021899,1.2179927205702157e-15,4.3021142204224816e-16,0.8003749929853256,0.0,-6.25,6.25,0.14415703243338493,0.1441570324333851,2.2947123647715016e-09,5.611728703155503e-07,0.0015168679355982244,0.0015,6.253456196136931e-07,0.0014926101243231012,0.0015,0.3,0.0,0.267973746558223,0.0
17879,4.46975,4.47,-4.329791624740137,4.45157301313221,0.06089069419603632,8.781364637872347,-0.09892263854285155,0.1054603169708257,1,1,-4.329791624740137,4.45157301313221,-6.0,6.0,0.0,12.0,0.03170758689563963,0.0,0.03170758689563963,0.0,-0.03170758689563963,-0.03170758689563963,0.0,0.0,0.0,0.0,0.0,0.0,7.927887668577397e-06,0.0,6.067131441750234,5.970767391415601,8.153200337090993e-16,3.3306690738754696e-16,0.8003749929883762,0.0,-6.25,6.25,0.14415703243338493,0.1441570324333851,2.294803992338216e-09,5.609288098476639e-07,0.0015167849350409004,0.0015,6.254169364949824e-07,0.0014926898645395022,0.0015,0.3,0.0,0.26829241310436003,0.0
17919,4.47975,4.48,-4.329991639866764,4.450826672404636,0.06041751626893621,8.7808183122714,-0.09888975004092138,0.10547247651950586,1,1,-4.329991639866764,4.450826672404636,-6.0,6.0,0.0,12.0,0.031392091134615316,0.0,0.031392091134615316,0.0,-0.031392091134615316,-0.031392091134615316,0.0,0.0,0.0,0.0,0.0,0.0,7.849003868257132e-06,0.0,6.066799581430503,5.971083102120211,1.3572042795173545e-15,4.0245584642661925e-16,0.8003749929914019,0.0,-6.25,6.25,0.14415703243338493,0.1441570324333851,2.294897874424549e-09,5.606867549580764e-07,0.0015167019690009447,0.0015,6.254876882261229e-07,0.0014927688119348392,0.0015,0.3,0.0,0.26860790886538427,0.0
17959,4.48975,4.49,-4.330193684223201,4.4500906605728865,0.05994848817484266,8.780284344796087,-0.0988568910750598,0.10548437828063195,1,1,-4.330193684223201,4.4500906605728865,-6.0,6.0,0.0,12.0,0.031079734608864613,0.0,0.031079734608864613,0.0,-0.031079734608864613,-0.031079734608864613,0.0,0.0,0.0,0.0,0.0,0.0,7.770904974864547e-06,0.0,6.06646789003581,5.971395673860774,7.370406368556459e-16,3.157196726277789e-16,0.8003749929944021,0.0,-6.25,6.25,0.14415703243338493,0.1441570324333851,2.2949940599138178e-09,5.604467463842145e-07,0.0015166190450060222,0.0015,6.255578596892075e-07,0.0014928469743930755,0.0015,0.3,0.0,0.26892026539113506,0.0
17999,4.49975,4.5,-4.330397708524453,4.449364811727024,0.05948355160128571,8.779762520251477,-0.09882406612566064,0.10549602867351182,1,1,-4.330397708524453,4.449364811727024,-6.0,6.0,0.0,12.0,0.03077048608247467,0.0,0.03077048608247467,0.0,-0.03077048608247467,-0.03077048608247467,0.0,0.0,0.0,0.0,0.0,0.0,7.693583178445228e-06,0.0,6.066136397051163,5.971705137850886,1.4775507206632454e-15,3.9898639947466563e-16,0.8003749929973761,0.0,-6.25,6.25,0.14415703243338493,0.1441570324333851,2.2950925972373725e-09,5.602088245348783e-07,0.0015165361704311707,0.0015,6.256274357352432e-07,0.001492924359719566,0.0015,0.3,0.0,0.2692295139175249,0.0
18039,4.50975,4.51,-4.330603663945057,4.448648963252552,0.05902264965374737,8.779252627197609,-0.0987912795499929,0.1055074339280554,1,1,-4.330603663945057,4.448648963252552,-6.0,6.0,0.0,12.0,0.030464314630335134,0.0,0.030464314630335134,0.0,-0.030464314630335134,-0.030464314630335134,0.0,0.0,0.0,0.0,0.0,0.0,7.617030746755092e-06,0.0,6.065805131360463,5.972011524992925,4.614398327416197e-16,3.642919299551295e-16,0.8003749930003236,0.0,-6.25,6.25,0.14415703243338493,0.1441570324333851,2.2951935343633136e-09,5.599730294658177e-07,0.0015164533525010952,0.0015,6.25696401217457e-07,0.0014930009756418396,0.0015,0.3,0.0,0.2695356853696645,0.0
18079,4.51975,4.5200000000000005,-4.330811502123419,4.447942955745926,0.058565726811253604,8.778754457869345,-0.09875853558461822,0.1055186000913827,1,1,-4.330811502123419,4.447942955745926,-6.0,6.0,0.0,12.0,0.030161189635045646,0.0,0.030161189635045646,0.0,-0.030161189635045646,-0.030161189635045646,0.0,0.0,0.0,0.0,0.0,0.0,7.54124002448718e-06,0.0,6.065474121255547,5.9723148658811365,1.375635716449608e-15,4.579669976578771e-16,0.8003749930032439,0.0,-6.25,6.25,0.14415703243338493,0.1441570324333851,2.295296918785378e-09,5.59739400844204e-07,0.0015163705982924277,0.0015,6.257647409868561e-07,0.0014930768298103759,0.0015,0.3,0.0,0.2698388103649539,0.0
18119,4.52975,4.53,-4.331021175165779,4.447246632932867,0.05811272888354413,8.778267808098645,-0.09872583834777793,0.10552953303413826,1,1,-4.331021175165779,4.447246632932867,-6.0,6.0,0.0,12.0,0.029861080783854074,0.0,0.029861080783854074,0.0,-0.029861080783854074,-0.029861080783854074,0.0,0.0,0.0,0.0,0.0,0.0,7.466203432506105e-06,0.0,6.065143394445112,5.972615190804712,9.230897296541585e-16,6.140921104957897e-16,0.8003749930061367,0.0,-6.25,6.25,0.14415703243338493,0.1441570324333851,2.2954027975119973e-09,5.595079779253164e-07,0.0015162879147359602,0.0015,6.258324399277538e-07,0.0014931519297993684,0.0015,0.3,0.0,0.2701389192161453,0.0
18159,4.53975,4.54,-4.331232635649803,4.446559841589325,0.05766360296976103,8.777792477239128,-0.09869319184174719,0.1055402384565729,1,1,-4.331232635649803,4.446559841589325,-6.0,6.0,0.0,12.0,0.0295639580656252,0.0,0.0295639580656252,0.0,-0.0295639580656252,-0.0295639580656252,0.0,0.0,0.0,0.0,0.0,0.0,7.391913467090136e-06,0.0,6.0648129780635225,5.972912529750813,8.328841089033645e-16,5.273559366969494e-16,0.8003749930090014,0.0,-6.25,6.25,0.14415703243338493,0.1441570324333851,2.2955112170555506e-09,5.592787995281162e-07,0.0015162053086188463,0.0015,6.258994829488884e-07,0.0014932262831074874,0.0015,0.3,0.0,0.27043604193437426,0.0
18199,4.54975,4.55,-4.331445836627836,4.445882431465026,0.057218297418594855,8.777328268092862,-0.09866059995515486,0.10555072189436743,1,1,-4.331445836627836,4.445882431465026,-6.0,6.0,0.0,12.0,0.029269791767839615,0.0,0.029269791767839615,0.0,-0.029269791767839615,-0.029269791767839615,0.0,0.0,0.0,0.0,0.0,0.0,7.318362699180829e-06,0.0,6.06448289867948,5.973206912407592,4.3151246464923076e-17,4.996003610813204e-16,0.8003749930118376,0.0,-6.25,6.25,0.14415703243338493,0.1441570324333851,2.295622223421795e-09,5.590519040086018e-07,0.0015161227865867714,0.0015,6.259658550289426e-07,0.0014932998971586295,0.0015,0.3,0.0,0.2707302082321599,0.0
18239,4.55975,4.5600000000000005,-4.33166073162981,4.4452142552094545,0.05677676178982205,8.776874986839264,-0.0986280664652689,0.10556098872423092,1,1,-4.33166073162981,4.4452142552094545,-6.0,6.0,0.0,12.0,0.02897855247362238,0.0,0.02897855247362238,0.0,-0.02897855247362238,-0.02897855247362238,0.0,0.0,0.0,0.0,0.0,0.0,7.245543773640092e-06,0.0,6.064153182304608,5.973498368167161,1.6341637244787766e-16,4.198030811863873e-16,0.8003749930146448,0.0,-6.25,6.25,0.14415703243338493,0.1441570324333851,2.2957358620995055e-09,5.588273292331634e-07,0.001516040355146097,0.0015,6.2603154120211e-07,0.0014933727793026645,0.0015,0.3,0.0,0.2710214475263772,0.0
18279,4.56975,4.57,-4.331877274665845,4.444555168300222,0.05633894681718843,8.776432442966067,-0.09859559504025228,0.10557104416927421,1,1,-4.331877274665845,4.444555168300222,-6.0,6.0,0.0,12.0,0.028690211058801374,0.0,0.028690211058801374,0.0,-0.028690211058801374,-0.028690211058801374,0.0,0.0,0.0,0.0,0.0,0.0,7.173449408514691e-06,0.0,6.063823854401894,5.973786926128542,1.089623183347932e-15,3.885780586188048e-16,0.8003749930174224,0.0,-6.25,6.25,0.14415703243338493,0.1441570324333851,2.2958521780503124e-09,5.58605112555268e-07,0.0015159580206659728,0.0015,6.260965265880714e-07,0.0014934449368161713,0.0015,0.3,0.0,0.2713097889411982,0.0
18319,4.57975,4.58,-4.332095420228529,4.443905028973682,0.0559048043725765,8.776000449202211,-0.09856318924138407,0.10558089330417797,1,1,-4.332095420228529,4.443905028973682,-6.0,6.0,0.0,12.0,0.028404738688994843,0.0,0.028404738688994843,0.0,-0.028404738688994843,-0.028404738688994843,0.0,0.0,0.0,0.0,0.0,0.0,7.1020723943080385e-06,0.0,6.063494939894024,5.974072615100592,2.6172640443800077e-16,3.920475055707584e-16,0.8003749930201702,0.0,-6.25,6.25,0.14415703243338493,0.1441570324333851,2.295971215698756e-09,5.583852907910349e-07,0.0015158757893804227,0.0015,6.261607964097582e-07,0.0014935163769031676,0.0015,0.3,0.0,0.27159526131100475,0.0
18359,4.58975,4.59,-4.332315123294916,4.443263698157734,0.05547428743140914,8.775578821452651,-0.09853085252523652,0.10559054106014598,1,1,-4.332315123294916,4.443263698157734,-6.0,6.0,0.0,12.0,0.028122106816727905,0.0,0.028122106816727905,0.0,-0.028122106816727905,-0.028122106816727905,0.0,0.0,0.0,0.0,0.0,0.0,7.031405593259229e-06,0.0,6.063166463171612,5.974355463604891,3.456436525883788e-16,4.822531263215524e-16,0.8003749930228876,0.0,-6.25,6.25,0.14415703243338493,0.1441570324333851,2.2960930189225595e-09,5.581679001992513e-07,0.0015157936673904004,0.0015,6.262243359911324e-07,0.0014935871066958358,0.0015,0.3,0.0,0.2718778931832716,0.0
18399,4.59975,4.6000000000000005,-4.33253633932823,4.442631039406725,0.05504735003924788,8.775167378734956,-0.09849858824584168,0.10559999222968297,1,1,-4.33253633932823,4.442631039406725,-6.0,6.0,0.0,12.0,0.027842287178577806,0.0,0.027842287178577806,0.0,-0.027842287178577806,-0.027842287178577806,0.0,0.0,0.0,0.0,0.0,0.0,6.9614419386292695e-06,0.0,6.062838448101313,5.9746354998786035,8.478460988836645e-16,5.342948306008566e-16,0.8003749930255741,0.0,-6.25,6.25,0.14415703243338493,0.1441570324333851,2.296217631043125e-09,5.579529764591681e-07,0.0015157116606658201,0.0015,6.262871307938233e-07,0.0014936571332552363,0.0015,0.3,0.0,0.27215771282142165,0.0
18439,4.60975,4.61,-4.332759024279307,4.442006918838358,0.0546239472795258,8.774765943117664,-0.09846639965679527,0.10560925147117206,1,1,-4.332759024279307,4.442006918838358,-6.0,6.0,0.0,12.0,0.027565251792347548,0.0,0.027565251792347548,0.0,-0.027565251792347548,-0.027565251792347548,0.0,0.0,0.0,0.0,0.0,0.0,6.8921744339943936e-06,0.0,6.062510918033825,5.974912751877317,2.0036056147532122e-16,4.85722573273506e-16,0.8003749930282295,0.0,-6.25,6.25,0.14415703243338493,0.1441570324333851,2.296345094816269e-09,5.577405546438543e-07,0.001515629775047557,0.0015,6.263491664115772e-07,0.0014937264635720168,0.0015,0.3,0.0,0.27243474820765196,0.0
18479,4.61975,4.62,-4.332983134587774,4.441391205072537,0.054204035242381376,8.774374339660312,-0.09843428991335335,0.10561832331328402,1,1,-4.332983134587774,4.441391205072537,-6.0,6.0,0.0,12.0,0.027290972954267644,0.0,0.027290972954267644,0.0,-0.027290972954267644,-0.027290972954267644,0.0,0.0,0.0,0.0,0.0,0.0,6.823596152546416e-06,0.0,6.0621838958117795,5.975187247277852,4.961309141293668e-16,4.3368086899420177e-16,0.800374993030853,0.0,-6.25,6.25,0.14415703243338493,0.1441570324333851,2.2964754524231877e-09,5.575306692146464e-07,0.0015155480162494207,0.0015,6.264104285991224e-07,0.0014937951045671167,0.0015,0.3,0.0,0.2727090270457319,0.0
18519,4.6297500000000005,4.63,-4.33320862718298,4.440783769172082,0.053787570994551004,8.773992396355062,-0.09840226207447345,0.10562721215921778,1,1,-4.33320862718298,4.440783769172082,-6.0,6.0,0.0,12.0,0.02701942323622572,0.0,0.02701942323622572,0.0,-0.02701942323622572,-0.02701942323622572,0.0,0.0,0.0,0.0,0.0,0.0,6.755700236400041e-06,0.0,6.061857403777538,5.975459013481042,4.902762223979451e-16,5.828670879282072e-16,0.8003749930334444,0.0,-6.25,6.25,0.14415703243338493,0.1441570324333851,2.2966087454616777e-09,5.573233539867304e-07,0.001515466389860104,0.0015,6.264709032655081e-07,0.00149386306309246,0.0015,0.3,0.0,0.2729805767637737,0.0
18559,4.63975,4.64,-4.333435459484686,4.440184484585228,0.05337451255027137,8.773619944069914,-0.09837031910484073,0.105635922290781,1,1,-4.333435459484686,4.440184484585228,-6.0,6.0,0.0,12.0,0.02675057548302368,0.0,0.02675057548302368,0.0,-0.02675057548302368,-0.02675057548302368,0.0,0.0,0.0,0.0,0.0,0.0,6.688479895907075e-06,0.0,6.0615314637808675,5.975728077614479,6.67722848584143e-16,5.516420653606247e-16,0.8003749930360033,0.0,-6.25,6.25,0.14415703243338493,0.1441570324333851,2.296745014937599e-09,5.571186421224817e-07,0.001515384901345105,0.0015,6.265305765151829e-07,0.0014939303459316447,0.0015,0.3,0.0,0.27324942451697576,0.0
18599,4.64975,4.65,-4.33366358940353,4.439593227089856,0.05296481884316284,8.773256816493387,-0.09833846387684975,0.10564445787230758,1,1,-4.33366358940353,4.439593227089856,-6.0,6.0,0.0,12.0,0.026484402809662164,0.0,0.026484402809662164,0.0,-0.026484402809662164,-0.026484402809662164,0.0,0.0,0.0,0.0,0.0,0.0,6.621928408977452e-06,0.0,6.0612060971865205,5.975994466535252,4.560154337474032e-16,5.793976409762536e-16,0.8003749930385293,0.0,-6.25,6.25,0.14415703243338493,0.1441570324333851,2.296884301256599e-09,5.569165660981574e-07,0.0015153035560486197,0.0015,6.265894346368928e-07,0.0014939969598006257,0.0015,0.3,0.0,0.27351559719033725,0.0
18639,4.65975,4.66,-4.333892975341276,4.43900987473938,0.0525584496990521,8.772902850080655,-0.09830669917254897,0.10565282295444345,1,1,-4.333892975341276,4.43900987473938,-6.0,6.0,0.0,12.0,0.026220878598652027,0.0,0.026220878598652027,0.0,-0.026220878598652027,-0.026220878598652027,0.0,0.0,0.0,0.0,0.0,0.0,6.55603912040702e-06,0.0,6.060881324881709,5.976258206832636,1.033895191682177e-15,6.036837696399289e-16,0.8003749930410219,0.0,-6.25,6.25,0.14415703243338493,0.1441570324333851,2.297026644216103e-09,5.567171577138893e-07,0.0015152223591954133,0.0015,6.266474641247744e-07,0.001494062911348387,0.0015,0.3,0.0,0.27377912140134736,0.0
18679,4.6697500000000005,4.67,-4.334123576190843,4.43843430781024,0.052155365809698484,8.772557884001085,-0.09827502768556984,0.10566102147777645,1,1,-4.334123576190843,4.43843430781024,-6.0,6.0,0.0,12.0,0.025959976497352554,0.0,0.025959976497352554,0.0,-0.025959976497352554,-0.025959976497352554,0.0,0.0,0.0,0.0,0.0,0.0,6.490805441212011e-06,0.0,6.060557167283481,5.976519324830777,5.798652031631379e-16,6.557254739192331e-16,0.8003749930434808,0.0,-6.25,6.25,0.14415703243338493,0.1441570324333851,2.2971720829975636e-09,5.565204480470534e-07,0.001515141315892664,0.0015,6.267046516905684e-07,0.0014941282071576137,0.0015,0.3,0.0,0.2740400235026468,0.0
18719,4.67975,4.68,-4.334355351336149,4.437866408750933,0.051755528707392084,8.772221760087081,-0.09824345202300522,0.10566905727634135,1,1,-4.334355351336149,4.437866408750933,-6.0,6.0,0.0,12.0,0.025701670415336213,0.0,0.025701670415336213,0.0,-0.025701670415336213,-0.025701670415336213,0.0,0.0,0.0,0.0,0.0,0.0,6.426220847970149e-06,0.0,6.060233644345984,5.976777846591328,1.0453877347105234e-15,7.28583859910259e-16,0.8003749930459055,0.0,-6.25,6.25,0.14415703243338493,0.1441570324333851,2.2973206561589874e-09,5.56326467464483e-07,0.0015150604311317802,0.0015,6.26760984273611e-07,0.001494192853745352,0.0015,0.3,0.0,0.27429832958466305,0.0
18759,4.68975,4.69,-4.334588260651748,4.437301078482218,0.05135640891523474,8.771889339133967,-0.09821197470726462,0.10302937291907399,1,1,-4.334588260651748,4.437301078482218,-6.0,6.0,0.0,12.0,0.025445934521779522,0.0,0.025445934521779522,0.0,-0.025445934521779522,-0.025445934521779522,0.0,0.0,0.0,0.0,0.0,0.0,6.362278882168282e-06,0.0,6.059910775567651,5.977033797916076,5.935566437225565e-16,9.332812300755222e-16,0.8003749930482958,0.0,-6.25,6.25,0.14415703243338493,0.1441570324333851,2.2974724016277432e-09,5.561352455913825e-07,0.0015149797097901967,0.0015,6.268164490541572e-07,0.0014942568575636657,0.0015,0.3,0.0,0.27455406547821953,0.0
18799,4.69975,4.7,-4.3348222645022965,4.4367339677221285,0.050955851609916,8.771556232224425,-0.09818059817789437,0.10303756257252328,1,1,-4.3348222645022965,4.4367339677221285,-6.0,6.0,0.0,12.0,0.025192743242880036,0.0,0.025192743242880036,0.0,-0.025192743242880036,-0.025192743242880036,0.0,0.0,0.0,0.0,0.0,0.0,6.2989731495565515e-06,0.0,6.059588579998273,5.977287204349538,1.0516761073109393e-15,1.0304257447302234e-15,0.8003749930506512,0.0,-6.25,6.25,0.14415703243338493,0.1441570324333851,2.2976273566936415e-09,5.559468113035557e-07,0.0015148991566331432,0.0015,6.268710334589312e-07,0.0014943202250002827,0.0015,0.3,0.0,0.2748072567571189,0.0
18839,4.70975,4.71,-4.3350573237418315,4.436174380046079,0.050558528152123916,8.771231703787912,-0.09814932479336957,0.10304559144610759,1,1,-4.3350573237418315,4.436174380046079,-6.0,6.0,0.0,12.0,0.02494207125929885,0.0,0.02494207125929885,0.0,-0.02494207125929885,-0.02494207125929885,0.0,0.0,0.0,0.0,0.0,0.0,6.2362973195089355e-06,0.0,6.05926707624597,5.977538091181531,9.538810713527468e-16,1.0200174038743626e-15,0.8003749930529714,0.0,-6.25,6.25,0.14415703243338493,0.1441570324333851,2.297785558002312e-09,5.557611927207441e-07,0.0015148187763153896,0.0015,6.269247251800003e-07,0.0014943829623792427,0.0015,0.3,0.0,0.2750579287407001,0.0
18879,4.71975,4.72,-4.335293399712896,4.4356222029560985,0.05016440162160141,8.770915602668994,-0.09811815683284819,0.10305346317604991,1,1,-4.335293399712896,4.4356222029560985,-6.0,6.0,0.0,12.0,0.024693893503628724,0.0,0.024693893503628724,0.0,-0.024693893503628724,-0.024693893503628724,0.0,0.0,0.0,0.0,0.0,0.0,6.1742451243902026e-06,0.0,6.058946282484085,5.977786483449716,1.4393868041917557e-15,1.1587952819525071e-15,0.8003749930552562,0.0,-6.25,6.25,0.14415703243338493,0.1441570324333851,2.2979470415488584e-09,5.555784171921947e-07,0.0015147385733829681,0.0015,6.269775121725552e-07,0.0014944450759615284,0.0015,0.3,0.0,0.2753061064963701,0.0
18919,4.72975,4.73,-4.335530454245489,4.4350773259566925,0.0497734358556019,8.77060778020218,-0.09808709649789804,0.10306118130271935,1,1,-4.335530454245489,4.4350773259566925,-6.0,6.0,0.0,12.0,0.02444818515788728,0.0,0.02444818515788728,0.0,-0.02444818515788728,-0.02444818515788728,0.0,0.0,0.0,0.0,0.0,0.0,6.1128103589291314e-06,0.0,6.058626216457974,5.97803240594212,1.6567523991161542e-15,1.0998146837692957e-15,0.8003749930575049,0.0,-6.25,6.25,0.14415703243338493,0.1441570324333851,2.298111842671817e-09,5.55398511275565e-07,0.0015146585522748722,0.0015,6.270293826771134e-07,0.0014945065719456987,0.0015,0.3,0.0,0.2755518148421116,0.0
18959,4.73975,4.74,-4.33576844965587,4.434539640510335,0.04938559542723242,8.770308090166203,-0.09805614591419543,0.10306874927358267,1,1,-4.33576844965587,4.434539640510335,-6.0,6.0,0.0,12.0,0.024204921651035174,0.0,0.024204921651035174,0.0,-0.024204921651035174,-0.024204921651035174,0.0,0.0,0.0,0.0,0.0,0.0,6.051986879597978e-06,0.0,6.058306895491691,5.97827588319963,1.6722717367757475e-15,1.3183898417423734e-15,0.8003749930597176,0.0,-6.25,6.25,0.14415703243338493,0.1441570324333851,2.2982799960474006e-09,5.552215007413646e-07,0.0015145787173247293,0.0015,6.270803252206303e-07,0.0014945674564685134,0.0015,0.3,0.0,0.2757950783489635,0.0
18999,4.74975,4.75,-4.33600734874522,4.434009039994221,0.04900084562450058,8.77001638873944,-0.09802530713318491,0.10307617044604644,1,1,-4.33600734874522,4.434009039994221,-6.0,6.0,0.0,12.0,0.02396407865651901,0.0,0.02396407865651901,0.0,-0.02396407865651901,-0.02396407865651901,0.0,0.0,0.0,0.0,0.0,0.0,5.991768603998123e-06,0.0,6.05798833649462,5.978516939518465,8.998166523953993e-16,1.3287981825982342e-15,0.8003749930618937,0.0,-6.25,6.25,0.14415703243338493,0.1441570324333851,2.2984515356840527e-09,5.550474105618524e-07,0.0015144990727624546,0.0015,6.2713032862316e-07,0.0014946277356055484,0.0015,0.3,0.0,0.27603592134347965,0.0
19039,4.75975,4.76,-4.336247114798153,4.433485419658219,0.04861915243003301,8.769732534456374,-0.09799458213372025,0.10308344809020153,1,1,-4.336247114798153,4.433485419658219,-6.0,6.0,0.0,12.0,0.023725632089838623,0.0,0.023725632089838623,0.0,-0.023725632089838623,-0.023725632089838623,0.0,0.0,0.0,0.0,0.0,0.0,5.932149510251824e-06,0.0,6.057670555967956,5.97875559895262,1.821940764489688e-15,1.1761425167122752e-15,0.800374993064033,0.0,-6.25,6.25,0.14415703243338493,0.1441570324333851,2.298626494917291e-09,5.548762648954936e-07,0.0015144196227158812,0.0015,6.271793820122884e-07,0.0014946874153718092,0.0015,0.3,0.0,0.2762743679101602,0.0
19079,4.76975,4.7700000000000005,-4.336487711581104,4.432968676584005,0.04824048250145019,8.769456388165109,-0.09796397282366143,0.10309058539146543,1,1,-4.336487711581104,4.432968676584005,-6.0,6.0,0.0,12.0,0.023489558106138658,0.0,0.023489558106138658,0.0,-0.023489558106138658,-0.023489558106138658,0.0,0.0,0.0,0.0,0.0,0.0,5.873123636400029e-06,0.0,6.057353570011164,5.978991885316296,3.1602968668647397e-16,9.610368056911511e-16,0.8003749930661352,0.0,-6.25,6.25,0.14415703243338493,0.1441570324333851,2.298804906404863e-09,5.547080870880701e-07,0.0015143403712123643,0.0015,6.27227474826464e-07,0.0014947465017223372,0.0015,0.3,0.0,0.27651044189386037,0.0
19119,4.77975,4.78,-4.336729103340583,4.4324587096453,0.047864803152358526,8.769187812985884,-0.09793348104145672,0.10309758545313907,1,1,-4.336729103340583,4.4324587096453,-6.0,6.0,0.0,12.0,0.023255833097824006,0.0,0.023255833097824006,0.0,-0.023255833097824006,-0.023255833097824006,0.0,0.0,0.0,0.0,0.0,0.0,5.814685079806159e-06,0.0,6.057037394328292,5.97922582218629,1.5488912236127916e-15,8.569533971325427e-16,0.8003749930682001,0.0,-6.25,6.25,0.14415703243338493,0.1441570324333851,2.298986802122202e-09,5.545428996626884e-07,0.00151426132218037,0.0015,6.272745968249893e-07,0.0014948050005528085,0.0015,0.3,0.0,0.2767441669021751,0.0
19159,4.78975,4.79,-4.336971254801308,4.431955419469224,0.04749208233395796,8.768926674270531,-0.0979031085576837,0.10310445129887325,1,1,-4.336971254801308,4.431955419469224,-6.0,6.0,0.0,12.0,0.023024433692199045,0.0,0.023024433692199045,0.0,-0.023024433692199045,-0.023024433692199045,0.0,0.0,0.0,0.0,0.0,0.0,5.756827996565853e-06,0.0,6.056722044234241,5.979457432904378,1.2412149758521396e-15,8.743006318923108e-16,0.8003749930702273,0.0,-6.25,6.25,0.14415703243338493,0.1441570324333851,2.299172213358189e-09,5.543807243086773e-07,0.001514182479451036,0.0015,6.273207380891322e-07,0.001494862917700128,0.0015,0.3,0.0,0.27697556630780007,0.0
19199,4.79975,4.8,-4.3372141311642265,4.431458708398683,0.047122288617228225,8.76867283956291,-0.09787285707657356,0.10311118587504553,1,1,-4.3372141311642265,4.431458708398683,-6.0,6.0,0.0,12.0,0.022795336749130406,0.0,0.022795336749130406,0.0,-0.022795336749130406,-0.022795336749130406,0.0,0.0,0.0,0.0,0.0,0.0,5.699546600922578e-06,0.0,6.0564075346609165,5.979686740579659,8.547849927875717e-16,9.055256544598933e-16,0.8003749930722166,0.0,-6.25,6.25,0.14415703243338493,0.1441570324333851,2.299361170711224e-09,5.542215818949105e-07,0.0015141038467597135,0.0015,6.273658890354472e-07,0.0014949202589430183,0.0015,0.3,0.0,0.2772046632508687,0.0
19239,4.80975,4.8100000000000005,-4.337457698104425,4.430968480455773,0.04675539117567418,8.768426178560198,-0.09784272823749052,0.10311779205305349,1,1,-4.337457698104425,4.430968480455773,-6.0,6.0,0.0,12.0,0.022568519358732858,0.0,0.022568519358732858,0.0,-0.022568519358732858,-0.022568519358732858,0.0,0.0,0.0,0.0,0.0,0.0,5.642835164689034e-06,0.0,6.056093880163317,5.9799137680908885,1.6868017399529478e-15,9.71445146547012e-16,0.8003749930741677,0.0,-6.25,6.25,0.14415703243338493,0.1441570324333851,2.2995537040856046e-09,5.540654924376105e-07,0.0015140254277474904,0.0015,6.274100404157767e-07,0.0014949770300026015,0.0015,0.3,0.0,0.27743148064126616,0.0
19279,4.81975,4.82,-4.337697007811523,4.430484641306179,0.046393816747327676,8.768181649117702,-0.10025246219116934,0.10312427263153567,1,1,-4.337697007811523,4.430484641306179,-6.0,6.0,0.0,12.0,0.02234395883907834,0.0,0.02234395883907834,0.0,-0.02234395883907834,-0.02234395883907834,0.0,0.0,0.0,0.0,0.0,0.0,5.586688016674335e-06,0.0,6.055781094925533,5.980138538088791,3.835602354392703e-16,9.645062526431047e-16,0.8003749930760804,0.0,-6.25,6.25,0.14415703243338493,0.1441570324333851,2.299749842688211e-09,5.53912475120332e-07,0.0015139472259626885,0.0015,6.274531833228014e-07,0.001495033236542975,0.0015,0.3,0.0,0.2776560411609207,0.0
19319,4.82975,4.83,-4.337935896080831,4.430007098224509,0.04603560107183924,8.76794299430534,-0.10022187309681907,0.1031306303385171,1,1,-4.337935896080831,4.430007098224509,-6.0,6.0,0.0,12.0,0.02212163273392776,0.0,0.02212163273392776,0.0,-0.02212163273392776,-0.02212163273392776,0.0,0.0,0.0,0.0,0.0,0.0,5.5310995421168945e-06,0.0,6.055469192766655,5.980361072998326,7.230307119080598e-16,1.1032841307212493e-15,0.8003749930779545,0.0,-6.25,6.25,0.14415703243338493,0.1441570324333851,2.2999496150255013e-09,5.537625482850805e-07,0.0015138692448623439,0.0015,6.274953092011426e-07,0.0014950888841717845,0.0015,0.3,0.0,0.2778783672660711,0.0
19359,4.83975,4.84,-4.3381753602143,4.429535760060559,0.04568019992312955,8.767711120274859,-0.10019141799327502,0.10313686783347153,1,1,-4.3381753602143,4.429535760060559,-6.0,6.0,0.0,12.0,0.021901518810485326,0.0,0.021901518810485326,0.0,-0.021901518810485326,-0.021901518810485326,0.0,0.0,0.0,0.0,0.0,0.0,5.476064182122929e-06,0.0,6.055158187146608,5.980581395020965,8.57890215572206e-16,1.0824674490095276e-15,0.8003749930797898,0.0,-6.25,6.25,0.14415703243338493,0.1441570324333851,2.30015304890081e-09,5.536157294201e-07,0.001513791487813666,0.0015,6.275364098440317e-07,0.0014951439784407872,0.0015,0.3,0.0,0.2780984811895136,0.0
19399,4.84975,4.8500000000000005,-4.338415368524263,4.429070537206452,0.04532758434109452,8.767485905730716,-0.100161098225654,0.1031429877093254,1,1,-4.338415368524263,4.429070537206452,-6.0,6.0,0.0,12.0,0.02168359505717527,0.0,0.02168359505717527,0.0,-0.02168359505717527,-0.02168359505717527,0.0,0.0,0.0,0.0,0.0,0.0,5.42157643311058e-06,0.0,6.054848091171912,5.980799526136923,6.455339734978693e-16,1.1032841307212493e-15,0.8003749930815859,0.0,-6.25,6.25,0.14415703243338493,0.1441570324333851,2.3003601714119607e-09,5.534720351754158e-07,0.0015137139580954746,0.0015,6.275764774033022e-07,0.001495198524846413,0.0015,0.3,0.0,0.2783164049428236,0.0
19439,4.85975,4.86,-4.3386558897747,4.428611341564651,0.04497772589497551,8.767267231339352,-0.1001309150810431,0.10314899249438902,1,1,-4.3386558897747,4.428611341564651,-6.0,6.0,0.0,12.0,0.02146783968144066,0.0,0.02146783968144066,0.0,-0.02146783968144066,-0.02146783968144066,0.0,0.0,0.0,0.0,0.0,0.0,5.367630846259536e-06,0.0,6.054538917601346,5.98101548810737,1.1933440618051155e-15,1.1206313654810174e-15,0.8003749930833428,0.0,-6.25,6.25,0.14415703243338493,0.1441570324333851,2.300571008949178e-09,5.533314813461812e-07,0.001513636658899622,0.0015,6.27615504387169e-07,0.0014952525288303169,0.0015,0.3,0.0,0.2785321603185582,0.0
19479,4.86975,4.87,-4.338896893178658,4.4281580865168,0.044630596669070766,8.767054979695459,-0.10010086978985644,0.10315488465422018,1,1,-4.338896893178658,4.4281580865168,-6.0,6.0,0.0,12.0,0.021254231107564116,0.0,0.021254231107564116,0.0,-0.021254231107564116,-0.021254231107564116,0.0,0.0,0.0,0.0,0.0,0.0,5.31422202696616e-06,0.0,6.054230678851549,5.9812293024766365,5.35162192338845e-16,1.0200174038743626e-15,0.8003749930850603,0.0,-6.25,6.25,0.14415703243338493,0.1441570324333851,2.300785587193307e-09,5.531940828848899e-07,0.0015135595933323891,0.0015,6.276534836624492e-07,0.0014953059957799298,0.0015,0.3,0.0,0.27874576889243485,0.0
19519,4.8797500000000005,4.88,-4.339138348395589,4.427710686893356,0.0442861692488834,8.766849035288946,-0.10007096352715794,0.10316066659343481,1,1,-4.339138348395589,4.427710686893356,-6.0,6.0,0.0,12.0,0.021042747974510254,0.0,0.021042747974510254,0.0,-0.021042747974510254,-0.021042747974510254,0.0,0.0,0.0,0.0,0.0,0.0,5.261344634304014e-06,0.0,6.053923387002537,5.9814409905743755,6.079731444848246e-16,1.078998002057574e-15,0.8003749930867382,0.0,-6.25,6.25,0.14415703243338493,0.1441570324333851,2.3010039311143336e-09,5.530598538891636e-07,0.0015134827644158672,0.0015,6.276904084678847e-07,0.001495358931029,0.0015,0.3,0.0,0.27895725202548866,0.0
19559,4.88975,4.89,-4.339380225528623,4.427269058944021,0.04394441670769922,8.766649284472644,-0.10004119741396478,0.10316634065744845,1,1,-4.339380225528623,4.427269058944021,-6.0,6.0,0.0,12.0,0.02083336913378953,0.0,0.02083336913378953,0.0,-0.02083336913378953,-0.02083336913378953,0.0,0.0,0.0,0.0,0.0,0.0,5.208993380489769e-06,0.0,6.053617053803145,5.981650573517718,5.036152972513058e-16,1.106753577673203e-15,0.8003749930883762,0.0,-6.25,6.25,0.14415703243338493,0.1441570324333851,2.3012260649702075e-09,5.529288076172957e-07,0.001513406175089318,0.0015,6.2772627240415e-07,0.0014954113398581322,0.0015,0.3,0.0,0.27916663086620935,0.0
19599,4.89975,4.9,-4.339622495121762,4.426833120308918,0.04360531259357803,8.76645561543068,-0.10001157251851689,0.10317190913416097,1,1,-4.339622495121762,4.426833120308918,-6.0,6.0,0.0,12.0,0.020626073647343368,0.0,0.020626073647343368,0.0,-0.020626073647343368,-0.020626073647343368,0.0,0.0,0.0,0.0,0.0,0.0,5.1571630303544124e-06,0.0,6.053311690676394,5.981858072213399,1.2312199870745388e-15,9.992007221626409e-16,0.8003749930899744,0.0,-6.25,6.25,0.14415703243338493,0.1441570324333851,2.3014520123059626e-09,5.528009564760374e-07,0.0015133298282105176,0.0015,6.277610694438441e-07,0.0014954632274953193,0.0015,0.3,0.0,0.2793739263526556,0.0
19639,4.90975,4.91,-4.3398651281570215,4.426402789990491,0.043268830916734835,8.766267918147513,-0.09998208985752766,0.10317737425559803,1,1,-4.3398651281570215,4.426402789990491,-6.0,6.0,0.0,12.0,0.0204208407854504,0.0,0.0204208407854504,0.0,-0.0204208407854504,-0.0204208407854504,0.0,0.0,0.0,0.0,0.0,0.0,5.105848400819741e-06,0.0,6.053007308724781,5.982063507359873,5.288738197384291e-16,8.569533971325427e-16,0.8003749930915325,0.0,-6.25,6.25,0.14415703243338493,0.1441570324333851,2.301681795953131e-09,5.526763120305913e-07,0.0015132537265570766,0.0015,6.277947939248296e-07,0.0014955145991164696,0.0015,0.3,0.0,0.27957915921454873,0.0
19679,4.9197500000000005,4.92,-4.340108096051504,4.425977988326129,0.0429349461373123,8.766086084377633,-0.09995275039740903,0.10318273819947821,1,1,-4.340108096051504,4.425977988326129,-6.0,6.0,0.0,12.0,0.020217650024653405,0.0,0.020217650024653405,0.0,-0.020217650024653405,-0.020217650024653405,0.0,0.0,0.0,0.0,0.0,0.0,5.055044360380042e-06,0.0,6.052703918735499,5.982266899449397,4.234588753867369e-16,6.83481049534862e-16,0.8003749930930503,0.0,-6.25,6.25,0.14415703243338493,0.1441570324333851,2.3019154380294525e-09,5.525548850146023e-07,0.0015131778728277492,0.0015,6.278274405635553e-07,0.0014955654598459295,0.0015,0.3,0.0,0.2797823499753459,0.0
19719,4.92975,4.93,-4.340351370654418,4.425558636961463,0.042603633153522225,8.765910007615881,-0.0999235550554689,0.10318800309074505,1,1,-4.340351370654418,4.425558636961463,-6.0,6.0,0.0,12.0,0.020016481045706958,0.0,0.020016481045706958,0.0,-0.020016481045706958,-0.020016481045706958,0.0,0.0,0.0,0.0,0.0,0.0,5.004745828588929e-06,0.0,6.0524015311855885,5.982468268770095,5.491170601448596e-16,6.210310043996969e-16,0.8003749930945278,0.0,-6.25,6.25,0.14415703243338493,0.1441570324333851,2.3021529599388704e-09,5.524366853135048e-07,0.0015131022696437178,0.0015,6.278590044417332e-07,0.0014956158147570002,0.0015,0.3,0.0,0.2799835189542924,0.0
19759,4.93975,4.94,-4.340594924244041,4.425144658824331,0.04227486729014496,8.76573958306837,-0.09989450470108241,0.10319317100304704,1,1,-4.340594924244041,4.425144658824331,-6.0,6.0,0.0,12.0,0.019817313731545553,0.0,0.019817313731545553,0.0,-0.019817313731545553,-0.019817313731545553,0.0,0.0,0.0,0.0,0.0,0.0,4.954947775551312e-06,0.0,6.052100156247006,5.982667635408007,2.654126918244515e-16,6.071532165918825e-16,0.8003749930959648,0.0,-6.25,6.25,0.14415703243338493,0.1441570324333851,2.3023943823718184e-09,5.523217219822861e-07,0.0015130269195498631,0.0015,6.278894810163305e-07,0.0014956656688724483,0.0015,0.3,0.0,0.28018268626845383,0.0
19799,4.94975,4.95,-4.340838729524632,4.424735978099389,0.04194862428737878,8.76557470762402,-0.0998656001568543,0.10319824396016974,1,1,-4.340838729524632,4.424735978099389,-6.0,6.0,0.0,12.0,0.01962012816527177,0.0,0.01962012816527177,0.0,-0.01962012816527177,-0.01962012816527177,0.0,0.0,0.0,0.0,0.0,0.0,4.905645221420384e-06,0.0,6.051799803791631,5.982865019249119,2.2854981795994433e-16,6.522560269672795e-16,0.8003749930973613,0.0,-6.25,6.25,0.14415703243338493,0.1441570324333851,2.3026397253057794e-09,5.522100032521479e-07,0.0015129518250160156,0.0015,6.279188661129087e-07,0.0014957150271650143,0.0015,0.3,0.0,0.28037987183472757,0.0
19839,4.9597500000000005,4.96,-4.3410827596233,4.4243325202033486,0.04162488029002409,8.765415279826648,-0.09983684219973421,0.103203223937407,1,1,-4.3410827596233,4.4243325202033486,-6.0,6.0,0.0,12.0,0.019424904628164683,0.0,0.019424904628164683,0.0,-0.019424904628164683,-0.019424904628164683,0.0,0.0,0.0,0.0,0.0,0.0,4.856833235899651e-06,0.0,6.051500483396204,5.983060439981356,4.677248172102466e-16,6.904199434387692e-16,0.8003749930987172,0.0,-6.25,6.25,0.14415703243338493,0.1441570324333851,2.3028890080061345e-09,5.521015365238443e-07,0.0015128769884381896,0.0015,6.279471559356153e-07,0.0014957638945579117,0.0015,0.3,0.0,0.2805750953718346,0.0
19879,4.96975,4.97,-4.341326988086824,4.423934211760809,0.04130361183699227,8.765261199847632,-0.09980823156213237,0.10320811286291975,1,1,-4.341326988086824,4.423934211760809,-6.0,6.0,0.0,12.0,0.019231623597707904,0.0,0.019231623597707904,0.0,-0.019231623597707904,-0.019231623597707904,0.0,0.0,0.0,0.0,0.0,0.0,4.8085069377498874e-06,0.0,6.051202204347191,5.983253917096585,1.1019830881142667e-15,6.210310043996969e-16,0.8003749931000322,0.0,-6.25,6.25,0.14415703243338493,0.1441570324333851,2.303142249027274e-09,5.51996328378785e-07,0.0015128024121398016,0.0015,6.279743470516408e-07,0.0014958122759253262,0.0015,0.3,0.0,0.28076837640229146,0.0
19919,4.97975,4.98,-4.34157138887843,4.423540980580692,0.04098479585113113,8.765112369459121,-0.099779768932996,0.10321291261901566,1,1,-4.34157138887843,4.423540980580692,-6.0,6.0,0.0,12.0,0.019040265745637292,0.0,0.019040265745637292,0.0,-0.019040265745637292,-0.019040265745637292,0.0,0.0,0.0,0.0,0.0,0.0,4.7606614943009985e-06,0.0,6.05090497564558,5.983445469892565,3.537641574537058e-16,5.93275428784068e-16,0.8003749931013066,0.0,-6.25,6.25,0.14415703243338493,0.1441570324333851,2.3033994662139857e-09,5.518943845923574e-07,0.0015127280983728683,0.0015,6.280004364023206e-07,0.0014958601760929053,0.0015,0.3,0.0,0.2809597342543621,0.0
19959,4.98975,4.99,-4.341815936374537,4.423152755633237,0.0406684096293497,8.764968692007773,-0.09975145495887405,0.10321762504341969,1,1,-4.341815936374537,4.423152755633237,-6.0,6.0,0.0,12.0,0.018850811936008183,0.0,0.018850811936008183,0.0,-0.018850811936008183,-0.018850811936008183,0.0,0.0,0.0,0.0,0.0,0.0,4.713292120968771e-06,0.0,6.0506088060116205,5.983635117474905,4.839116168322763e-16,4.440892098500626e-16,0.80037499310254,0.0,-6.25,6.25,0.14415703243338493,0.1441570324333851,2.3036606767031046e-09,5.517957101250447e-07,0.0015126540493191924,0.0015,6.280254212942538e-07,0.0014959075998382458,0.0015,0.3,0.0,0.28114918806399136,0.0
19999,4.99975,5.0,-4.342060605361455,4.422769467027549,0.040354430833046795,8.764830072389003,-0.09972329024495519,0.10322225193048262,1,1,-4.342060605361455,4.422769467027549,-6.0,6.0,0.0,12.0,0.018663243223281743,0.0,0.018663243223281743,0.0,-0.018663243223281743,-0.018663243223281743,0.0,0.0,0.0,0.0,0.0,0.0,4.666394080776397e-06,0.0,6.05031370388948,5.983822878758982,1.0134757684227176e-15,3.122502256758253e-16,0.8003749931037325,0.0,-6.25,6.25,0.14415703243338493,0.1441570324333851,2.303925896925419e-09,5.517003091368591e-07,0.0015125802670915272,0.0015,6.280492994037434e-07,0.0014959545518913751,0.0015,0.3,0.0,0.28133675677671793,0.0
20039,5.00975,5.01,-4.342305371032057,4.422391045989686,0.04004283747881443,8.764696417021742,-0.09969527535608314,0.10322679503236176,1,1,-4.342305371032057,4.422391045989686,-6.0,6.0,0.0,12.0,0.018477540850430386,0.0,0.018477540850430386,0.0,-0.018477540850430386,-0.018477540850430386,0.0,0.0,0.0,0.0,0.0,0.0,4.619962683880776e-06,0.0,6.0500196774518535,5.9840087724718565,5.085441819713786e-16,2.42861286636753e-16,0.800374993104884,0.0,-6.25,6.25,0.14415703243338493,0.1441570324333851,2.3041951426078348e-09,5.516081850006647e-07,0.0015125067537347288,0.0015,6.280720687734664e-07,0.0014960010369352295,0.0015,0.3,0.0,0.28152245914956936,0.0
20079,5.01975,5.0200000000000005,-4.342550208982423,4.422017424841266,0.03973360792942149,8.764567633823688,-0.09966741081775976,0.10323125606016448,1,1,-4.342550208982423,4.422017424841266,-6.0,6.0,0.0,12.0,0.01829368624706207,0.0,0.01829368624706207,0.0,-0.01829368624706207,-0.01829368624706207,0.0,0.0,0.0,0.0,0.0,0.0,4.573993287103523e-06,0.0,6.049726734604496,5.984192817154156,1.0416912829287056e-15,2.7755575615628914e-16,0.8003749931059946,0.0,-6.25,6.25,0.14415703243338493,0.1441570324333851,2.3044684287757837e-09,5.515193402866334e-07,0.0015124335112268906,0.0015,6.28093727801371e-07,0.0014960470596061255,0.0015,0.3,0.0,0.28170631375293764,0.0
20119,5.02975,5.03,-4.342795095208441,4.42164853697858,0.0394267208850696,8.764443632187021,-0.09963969711712095,0.10323563668505287,1,1,-4.342795095208441,4.42164853697858,-6.0,6.0,0.0,12.0,0.018111661027563248,0.0,0.018111661027563248,0.0,-0.018111661027563248,-0.018111661027563248,0.0,0.0,0.0,0.0,0.0,0.0,4.528481293466655e-06,0.0,6.049434882990692,5.984375031161942,7.942865115628805e-16,3.157196726277789e-16,0.8003749931070642,0.0,-6.25,6.25,0.14415703243338493,0.1441570324333851,2.3047457697558807e-09,5.514337768055449e-07,0.001512360541480462,0.0015,6.281142752517788e-07,0.0014960926244942268,0.0015,0.3,0.0,0.2818883389724364,0.0
20159,5.03975,5.04,-4.343040006102402,4.421284316852195,0.039122155374896384,8.764324322954597,-0.0996121347038853,0.10323993853931457,1,1,-4.343040006102402,4.421284316852195,-6.0,6.0,0.0,12.0,0.01793144698926027,0.0,0.01793144698926027,0.0,-0.01793144698926027,-0.01793144698926027,0.0,0.0,0.0,0.0,0.0,0.0,4.483422151732877e-06,0.0,6.049144129995676,5.984555432668572,1.17270440997937e-15,4.198030811863873e-16,0.8003749931080927,0.0,-6.25,6.25,0.14415703243338493,0.1441570324333851,2.3050271791788124e-09,5.513514955776995e-07,0.00151228784634335,0.0015,6.281337102431727e-07,0.0014961377361440084,0.0015,0.3,0.0,0.2820685530107393,0.0
20199,5.04975,5.05,-4.343284918449551,4.420924699947031,0.03881989074874026,8.764209618396581,-0.09958472399130058,0.10324416321740526,1,1,-4.343284918449551,4.420924699947031,-6.0,6.0,0.0,12.0,0.017753026110599153,0.0,0.017753026110599153,0.0,-0.017753026110599153,-0.017753026110599153,0.0,0.0,0.0,0.0,0.0,0.0,4.438811355950473e-06,0.0,6.048854482750974,5.98473403966652,9.525800287457642e-16,3.8163916471489756e-16,0.8003749931090801,0.0,-6.25,6.25,0.14415703243338493,0.1441570324333851,2.3053126699824595e-09,5.512724968762169e-07,0.0015122154276000085,0.0015,6.281520322448664e-07,0.0014961823990547135,0.0015,0.3,0.0,0.28224697388940045,0.0
20239,5.05975,5.0600000000000005,-4.343529809424626,4.420569622762907,0.038519906669140624,8.764099432187534,-0.099557465357058,0.10324831227695674,1,1,-4.343529809424626,4.420569622762907,-6.0,6.0,0.0,12.0,0.01757638054934333,0.0,0.01757638054934333,0.0,-0.01757638054934333,-0.01757638054934333,0.0,0.0,0.0,0.0,0.0,0.0,4.394644445002685e-06,0.0,6.048565948138691,5.984910869969195,2.052611552949557e-15,4.0939474033052647e-16,0.8003749931100266,0.0,-6.25,6.25,0.14415703243338493,0.1441570324333851,2.3056022544152464e-09,5.51196780202612e-07,0.0015121432869725103,0.0015,6.281692410825546e-07,0.0014962266176808095,0.0015,0.3,0.0,0.28242361945065625,0.0
20279,5.06975,5.07,-4.343774656588378,4.420219022795533,0.03822218310357739,8.763993679383912,-0.09953035914418817,0.10325238723974506,1,1,-4.343774656588378,4.420219022795533,-6.0,6.0,0.0,12.0,0.017401492640789468,0.0,0.017401492640789468,0.0,-0.017401492640789468,-0.017401492640789468,0.0,0.0,0.0,0.0,0.0,0.0,4.350917002161611e-06,0.0,6.048278532795745,5.98508594121274,1.2609271266006417e-15,4.718447854656915e-16,0.8003749931109321,0.0,-6.25,6.25,0.14415703243338493,0.1441570324333851,2.3058959440397042e-09,5.511243443278721e-07,0.0015120714261216042,0.0015,6.281853369261015e-07,0.0014962703964324327,0.0015,0.3,0.0,0.28259850735921005,0.0
20319,5.07975,5.08,-4.34401943788407,4.419872838517935,0.03792670031693257,8.763892276402004,-0.09950340566194371,0.10325638959264971,1,1,-4.34401943788407,4.419872838517935,-6.0,6.0,0.0,12.0,0.017228344896000995,0.0,0.017228344896000995,0.0,-0.017228344896000995,-0.017228344896000995,0.0,0.0,0.0,0.0,0.0,0.0,4.307624654646534e-06,0.0,6.0479922431180295,5.985259270857806,6.827161787834914e-16,3.95516952522712e-16,0.8003749931117965,0.0,-6.25,6.25,0.14415703243338493,0.1441570324333851,2.3061937497362533e-09,5.510551872724737e-07,0.001511999846647757,0.0015,6.282003202895403e-07,0.0014963137396758386,0.0015,0.3,0.0,0.2827716551039986,0.0
20359,5.08975,5.09,-4.344264131633957,4.419531009362312,0.03763343886417747,8.763795140996269,-0.09947660518666523,0.10326032078856184,1,1,-4.344264131633957,4.419531009362312,-6.0,6.0,0.0,12.0,0.01705692000005911,0.0,0.01705692000005911,0.0,-0.01705692000005911,-0.01705692000005911,0.0,0.0,0.0,0.0,0.0,0.0,4.264763073186618e-06,0.0,6.047707085264524,5.985430876191309,1.3556863964758747e-15,3.7470027081099033e-16,0.8003749931126201,0.0,-6.25,6.25,0.14415703243338493,0.1441570324333851,2.306495681707187e-09,5.509893063363585e-07,0.0015119285500921832,0.0015,6.282141920244122e-07,0.001496356651733836,0.0015,0.3,0.0,0.2829430799999405,0.0
20399,5.09975,5.1000000000000005,-4.344508716535757,4.419193475702302,0.03734237958327258,8.76370219223806,-0.09944995796261402,0.10326418224727851,1,1,-4.344508716535757,4.419193475702302,-6.0,6.0,0.0,12.0,0.016887200810331373,0.0,0.016887200810331373,0.0,-0.016887200810331373,-0.016887200810331373,0.0,0.0,0.0,0.0,0.0,0.0,4.222327971588e-06,0.0,6.04742306516135,5.98560077432818,6.14742631799281e-16,4.753142324176451e-16,0.8003749931134027,0.0,-6.25,6.25,0.14415703243338493,0.1441570324333851,2.3068017494808586e-09,5.509266981000429e-07,0.0015118575379378552,0.0015,6.28226953319766e-07,0.0014963991368862287,0.0015,0.3,0.0,0.28311279918966814,0.0
20439,5.10975,5.11,-4.344753171659108,4.418860178835651,0.03705350358827131,8.763613350494758,-0.09942346420280856,0.103267975356372,1,1,-4.344753171659108,4.418860178835651,-6.0,6.0,0.0,12.0,0.016719170354757385,0.0,0.016719170354757385,0.0,-0.016719170354757385,-0.016719170354757385,0.0,0.0,0.0,0.0,0.0,0.0,4.18031510630516e-06,0.0,6.047140188505761,5.98576898221309,6.932287046918645e-17,5.655198531684391e-16,0.8003749931141444,0.0,-6.25,6.25,0.14415703243338493,0.1441570324333851,2.3071119619160567e-09,5.508673584323902e-07,0.0015117868116105045,0.0015,6.282386056910561e-07,0.0014964411993702415,0.0015,0.3,0.0,0.28328082964524204,0.0
20479,5.11975,5.12,-4.344997476442012,4.418531060967262,0.036766792262624914,8.763528537409275,-0.09939712408982615,0.10327170147201248,1,1,-4.344997476442012,4.418531060967262,-6.0,6.0,0.0,12.0,0.01655281183015156,0.0,0.01655281183015156,0.0,-0.01655281183015156,-0.01655281183015156,0.0,0.0,0.0,0.0,0.0,0.0,4.138720276016557e-06,0.0,6.046858460770084,5.985935516622146,6.910704647422605e-16,5.551115123125783e-16,0.8003749931148453,0.0,-6.25,6.25,0.14415703243338493,0.1441570324333851,2.3074263272065752e-09,5.508112825050432e-07,0.0015117163724796077,0.0015,6.282491509868038e-07,0.0014964828433809505,0.0015,0.3,0.0,0.2834471881698479,0.0
20519,5.1297500000000005,5.13,-4.345241610687271,4.418206065192646,0.03648222725268724,8.763447675879917,-0.09937093777659944,0.10327536191980069,1,1,-4.345241610687271,4.418206065192646,-6.0,6.0,0.0,12.0,0.016388108600522817,0.0,0.016388108600522817,0.0,-0.016388108600522817,-0.016388108600522817,0.0,0.0,0.0,0.0,0.0,0.0,4.097539321204504e-06,0.0,6.0465778872056,5.986100394164594,4.803015624110785e-16,6.591949208711867e-16,0.8003749931155055,0.0,-6.25,6.25,0.14415703243338493,0.1441570324333851,2.307744852885957e-09,5.507584648001963e-07,0.0015116462218593544,0.0015,6.282585913697236e-07,0.0014965240730717049,0.0015,0.3,0.0,0.2836118913994765,0.0
20559,5.13975,5.14,-4.345485554558918,4.41788513548171,0.03619979046139621,8.763370690040627,-0.09934490538718976,0.10327895799554121,1,1,-4.345485554558918,4.41788513548171,-6.0,6.0,0.0,12.0,0.016225044195410928,0.0,0.016225044195410928,0.0,-0.016225044195410928,-0.016225044195410928,0.0,0.0,0.0,0.0,0.0,0.0,4.056768123739199e-06,0.0,6.046298472846374,5.9862636312844835,2.213718066550272e-15,7.251144129583054e-16,0.8003749931161251,0.0,-6.25,6.25,0.14415703243338493,0.1441570324333851,2.308067545832409e-09,5.507088991239174e-07,0.0015115763610096076,0.0015,6.282669293233845e-07,0.001496564892554544,0.0015,0.3,0.0,0.28377495580458834,0.0
20599,5.14975,5.15,-4.345729288578637,4.417568216662939,0.035919464042151183,8.763297505241576,-0.09931902701754536,0.10328249096601572,1,1,-4.345729288578637,4.417568216662939,-6.0,6.0,0.0,12.0,0.01606360230823949,0.0,0.01606360230823949,0.0,-0.01606360230823949,-0.01606360230823949,0.0,0.0,0.0,0.0,0.0,0.0,4.016402606466917e-06,0.0,6.046020222513032,5.98642524426233,3.05051292657111e-16,7.320533068622126e-16,0.8003749931167041,0.0,-6.25,6.25,0.14415703243338493,0.1441570324333851,2.3083944122738903e-09,5.506625786150303e-07,0.0015115067911368445,0.0015,6.282741676411075e-07,0.0014966053059006143,0.0015,0.3,0.0,0.28393639769175977,0.0
20639,5.15975,5.16,-4.345972793622185,4.417255254407896,0.035641230392855494,8.76322804803008,-0.09929330273624637,0.10328596206972462,1,1,-4.345972793622185,4.417255254407896,-6.0,6.0,0.0,12.0,0.01590376679468526,0.0,0.01590376679468526,0.0,-0.01590376679468526,-0.01590376679468526,0.0,0.0,0.0,0.0,0.0,0.0,3.976438732802296e-06,0.0,6.045743140816472,5.986585249216751,9.084597765891822e-16,6.557254739192331e-16,0.8003749931172426,0.0,-6.25,6.25,0.14415703243338493,0.1441570324333851,2.308725457793356e-09,5.50619495750665e-07,0.0015114375133950908,0.0015,6.282803094270762e-07,0.0014966453171405768,0.0015,0.3,0.0,0.2840962332053141,0.0
20679,5.1697500000000005,5.17,-4.3462160509158005,4.416946195216078,0.03536507215013884,8.763162246131879,-0.09926773258522814,0.10328937251760983,1,1,-4.3462160509158005,4.416946195216078,-6.0,6.0,0.0,12.0,0.01574552167106368,0.0,0.01574552167106368,0.0,-0.01574552167106368,-0.01574552167106368,0.0,0.0,0.0,0.0,0.0,0.0,3.9368725063246656e-06,0.0,6.045467232161542,5.986743662106093,1.4793616771044751e-15,6.765421556309548e-16,0.8003749931177409,0.0,-6.25,6.25,0.14415703243338493,0.1441570324333851,2.3090606873341514e-09,5.505796423662432e-07,0.0015113685288868346,0.0015,6.282853580807934e-07,0.001496684930265015,0.0015,0.3,0.0,0.28425447832893563,0.0
20719,5.17975,5.18,-4.346459042032624,4.416640986400107,0.035090972183741354,8.763100028432731,-0.09924231658049787,0.10329272349375251,1,1,-4.346459042032624,4.416640986400107,-6.0,6.0,0.0,12.0,0.015588851112730517,0.0,0.015588851112730517,0.0,-0.015588851112730517,-0.015588851112730517,0.0,0.0,0.0,0.0,0.0,0.0,3.897699970378406e-06,0.0,6.0451925007506455,5.986900498730032,9.239570913921469e-16,6.557254739192331e-16,0.8003749931181987,0.0,-6.25,6.25,0.14415703243338493,0.1441570324333851,2.3094001052055567e-09,5.50543009657697e-07,0.0015112998386639326,0.0015,6.282893172970816e-07,0.001496724149224835,0.0015,0.3,0.0,0.2844111488872688,0.0
20759,5.18975,5.19,-4.346701748889107,4.416339576071224,0.03481891359105882,8.76304132496033,-0.09921705471282682,0.10329601615605533,1,1,-4.346701748889107,4.416339576071224,-6.0,6.0,0.0,12.0,0.015433739452499377,0.0,0.015433739452499377,0.0,-0.015433739452499377,-0.015433739452499377,0.0,0.0,0.0,0.0,0.0,0.0,3.858917207677276e-06,0.0,6.044918950587321,5.987055774731172,5.776629175002768e-16,7.181755190543981e-16,0.8003749931186165,0.0,-6.25,6.25,0.14415703243338493,0.1441570324333851,2.309743715088467e-09,5.505095881992337e-07,0.0015112314437284993,0.0015,6.28292191070523e-07,0.001496762977931664,0.0015,0.3,0.0,0.2845662605474999,0.0
20799,5.19975,5.2,-4.3469441537414255,4.416041913125116,0.03454887969184517,8.762986066866542,-0.09919194694843592,0.10329925163690135,1,1,-4.3469441537414255,4.416041913125116,-6.0,6.0,0.0,12.0,0.015280171179074986,0.0,0.015280171179074986,0.0,-0.015280171179074986,-0.015280171179074986,0.0,0.0,0.0,0.0,0.0,0.0,3.820520339912692e-06,0.0,6.044646585479736,5.987209505596612,1.3077240028705472e-15,9.43689570931383e-16,0.8003749931189942,0.0,-6.25,6.25,0.14415703243338493,0.1441570324333851,2.3100915200412047e-09,5.504793679522173e-07,0.0015111633450337887,0.0015,6.282939836688151e-07,0.0014968014202582443,0.0015,0.3,0.0,0.28471982882092406,0.0
20839,5.2097500000000005,5.21,-4.347186239181895,4.415747947228033,0.03428085402306902,8.762934186409929,-0.09916699322965905,0.10330243104379466,1,1,-4.347186239181895,4.415747947228033,-6.0,6.0,0.0,12.0,0.015128130935502016,0.0,0.015128130935502016,0.0,-0.015128130935502016,-0.015128130935502016,0.0,0.0,0.0,0.0,0.0,0.0,3.782505527365875e-06,0.0,6.044375409044168,5.9873617066595095,8.316957216783667e-16,9.54097911787244e-16,0.8003749931193321,0.0,-6.25,6.25,0.14415703243338493,0.1441570324333851,2.3104435225054607e-09,5.504523382751599e-07,0.001511095543485058,0.0015,6.282946996460925e-07,0.0014968394800388232,0.0015,0.3,0.0,0.284871869064497,0.0
20879,5.21975,5.22,-4.3474279881353945,4.415457628803215,0.03401482033391012,8.76288561693861,-0.09914219347560038,0.10330555545998876,1,1,-4.3474279881353945,4.415457628803215,-6.0,6.0,0.0,12.0,0.014977603517629412,0.0,0.014977603517629412,0.0,-0.014977603517629412,-0.014977603517629412,0.0,0.0,0.0,0.0,0.0,0.0,3.7448689685238924e-06,0.0,6.044105424708409,5.987512393100623,1.6724902712761391e-15,8.101158632811689e-16,0.8003749931196302,0.0,-6.25,6.25,0.14415703243338493,0.1441570324333851,2.3107997243123476e-09,5.504284879381555e-07,0.001511028039940423,0.0015,6.282943438273847e-07,0.0014968771610695375,0.0015,0.3,0.0,0.28502239648236977,0.0
20919,5.22975,5.23,-4.347669383855782,4.415170909017596,0.033750762580907256,8.762840292873378,-0.09911754758277047,0.10330862594508661,1,1,-4.347669383855782,4.415170909017596,-6.0,6.0,0.0,12.0,0.014828573872589953,0.0,0.014828573872589953,0.0,-0.014828573872589953,-0.014828573872589953,0.0,0.0,0.0,0.0,0.0,0.0,3.7076068996994976e-06,0.0,6.043836635715129,5.98766157994984,1.207801220148852e-15,8.36136715420821e-16,0.8003749931198888,0.0,-6.25,6.25,0.14415703243338493,0.1441570324333851,2.31116012668857e-09,5.504078051317615e-07,0.001510960835211699,0.0015,6.282929213041743e-07,0.0014969144671087972,0.0015,0.3,0.0,0.2851714261274092,0.0
20959,5.23975,5.24,-4.347910409922327,4.414887739768797,0.03348866492323488,8.762798149691124,-0.099093055425713,0.10331164353562738,1,1,-4.347910409922327,4.414887739768797,-6.0,6.0,0.0,12.0,0.014681027097294944,0.0,0.014681027097294944,0.0,-0.014681027097294944,-0.014681027097294944,0.0,0.0,0.0,0.0,0.0,0.0,3.6707155946547576e-06,0.0,6.043569045125204,5.987809282087685,1.8953412515669565e-15,6.852157730108388e-16,0.8003749931201078,0.0,-6.25,6.25,0.14415703243338493,0.1441570324333851,2.3115247302626957e-09,5.503902774769901e-07,0.001510893930065231,0.0015,6.282904374277365e-07,0.0014969514018776625,0.0015,0.3,0.0,0.28531897290270436,0.0
20999,5.24975,5.25,-4.348151050236145,4.414608073672391,0.033228511718123244,8.762759123908536,-0.0990687168576182,0.10331460924566549,1,1,-4.348151050236145,4.414608073672391,-6.0,6.0,0.0,12.0,0.014534948436943891,0.0,0.014534948436943891,0.0,-0.014534948436943891,-0.014534948436943891,0.0,0.0,0.0,0.0,0.0,0.0,3.6341913642284214e-06,0.0,6.043302655820977,5.987955514246819,6.162096928639255e-16,8.031769693772617e-16,0.8003749931202877,0.0,-6.25,6.25,0.14415703243338493,0.1441570324333851,2.311893535071532e-09,5.503758920430727e-07,0.0015108273252227094,0.0015,6.282868978113588e-07,0.0014969879690602185,0.0015,0.3,0.0,0.2854650515630553,0.0
21039,5.25975,5.26,-4.34839128901664,4.414331864049438,0.032970287516398855,8.762723153066078,-0.09904453171091676,0.10331752406731509,1,1,-4.34839128901664,4.414331864049438,-6.0,6.0,0.0,12.0,0.014390323283549035,0.0,0.014390323283549035,0.0,-0.014390323283549035,-0.014390323283549035,0.0,0.0,0.0,0.0,0.0,0.0,3.598030555967012e-06,0.0,6.043037470509483,5.988100291013522,6.959688562762321e-16,7.979727989493313e-16,0.8003749931204284,0.0,-6.25,6.25,0.14415703243338493,0.1441570324333851,2.3122665405665825e-09,5.503646353507903e-07,0.0015107610213619801,0.0015,6.282823083125777e-07,0.0014970241723039459,0.0015,0.3,0.0,0.28560967671645016,0.0
21079,5.26975,5.2700000000000005,-4.348631110797956,4.414059064914277,0.03271397705816037,8.762690175712233,-0.09902049979786998,0.1033203889713008,1,1,-4.348631110797956,4.414059064914277,-6.0,6.0,0.0,12.0,0.014247137174474504,0.0,0.014247137174474504,0.0,-0.014247137174474504,-0.014247137174474504,0.0,0.0,0.0,0.0,0.0,0.0,3.562229553759567e-06,0.0,6.042773491725628,5.988243626829154,1.1869845384371303e-15,8.396061623727746e-16,0.8003749931205302,0.0,-6.25,6.25,0.14415703243338493,0.1441570324333851,2.3126437456205993e-09,5.503564933935674e-07,0.0015106950191178356,0.0015,6.28276675032069e-07,0.0014970600152200858,0.0015,0.3,0.0,0.28575286282552465,0.0
21119,5.27975,5.28,-4.348870500425431,4.413789630962571,0.03245956526856997,8.762660131388001,-0.09899662091114592,0.10332320490747338,1,1,-4.348870500425431,4.413789630962571,-6.0,6.0,0.0,12.0,0.014105375790990072,0.0,0.014105375790990072,0.0,-0.014105375790990072,-0.014105375790990072,0.0,0.0,0.0,0.0,0.0,0.0,3.5267847774760317e-06,0.0,6.042510721835317,5.988385535991618,6.199468022272114e-16,9.54097911787244e-16,0.8003749931205931,0.0,-6.25,6.25,0.14415703243338493,0.1441570324333851,2.31302514853421e-09,5.503514516396929e-07,0.001510629319082799,0.0015,6.282700043103163e-07,0.0014970955013840059,0.0015,0.3,0.0,0.28589462420900896,0.0
21159,5.28975,5.29,-4.3491094430520745,4.4135235175596055,0.0322070372537655,8.762632960611679,-0.09897289482437177,0.10332597280532485,1,1,-4.3491094430520745,4.4135235175596055,-6.0,6.0,0.0,12.0,0.013965024956839258,0.0,0.013965024956839258,0.0,-0.013965024956839258,-0.013965024956839258,0.0,0.0,0.0,0.0,0.0,0.0,3.491692682609241e-06,0.0,6.042249163038541,5.988526032656787,8.281695235189471e-16,9.52363188311267e-16,0.8003749931206177,0.0,-6.25,6.25,0.14415703243338493,0.1441570324333851,2.3134107470426126e-09,5.503494950489731e-07,0.0015105639218078956,0.0015,6.282623027131784e-07,0.0014971306343355578,0.0015,0.3,0.0,0.2860349750431598,0.0
21199,5.29975,5.3,-4.349347924135045,4.413260680728824,0.031956378296889465,8.762608604863868,-0.09894932129269063,0.10332869357448038,1,1,-4.349347924135045,4.413260680728824,-6.0,6.0,0.0,12.0,0.013826070636821688,0.0,0.013826070636821688,0.0,-0.013826070636821688,-0.013826070636821688,0.0,0.0,0.0,0.0,0.0,0.0,3.4569497599204653e-06,0.0,6.041988817372425,5.988665130839927,1.1616142076009695e-15,8.743006318923108e-16,0.8003749931206037,0.0,-6.25,6.25,0.14415703243338493,0.1441570324333851,2.3138005383223478e-09,5.503506080882753e-07,0.0015104988278034153,0.0015,6.282535770407715e-07,0.0014971654175794326,0.0015,0.3,0.0,0.2861739293631774,0.0
21239,5.30975,5.3100000000000005,-4.349585929432142,4.4130010771405965,0.03170757385422718,8.762587006572739,-0.09892590005329438,0.10333136810518673,1,1,-4.349585929432142,4.4130010771405965,-6.0,6.0,0.0,12.0,0.013688498935389563,0.0,0.013688498935389563,0.0,-0.013688498935389563,-0.013688498935389563,0.0,0.0,0.0,0.0,0.0,0.0,3.4225525350884823e-06,0.0,6.041729686714216,5.988802844417111,1.3879956212159428e-15,8.066464163292153e-16,0.8003749931205516,0.0,-6.25,6.25,0.14415703243338493,0.1441570324333851,2.314194518998119e-09,5.503547747337477e-07,0.0015104340375396601,0.0015,6.282438343019336e-07,0.001497199854585514,0.0015,0.3,0.0,0.2863115010646096,0.0
21279,5.31975,5.32,-4.349823444998314,4.412744664101224,0.03146060955145469,8.762568109099538,-0.09890263082595108,0.10333399726877024,1,1,-4.349823444998314,4.412744664101224,-6.0,6.0,0.0,12.0,0.013552296095258098,0.0,0.013552296095258098,0.0,-0.013552296095258098,-0.013552296095258098,0.0,0.0,0.0,0.0,0.0,0.0,3.3884975683621446e-06,0.0,6.041471772784243,5.988939187126606,9.163676761847483e-16,7.771561172376096e-16,0.8003749931204616,0.0,-6.25,6.25,0.14415703243338493,0.1441570324333851,2.3145926851496724e-09,5.503619784885831e-07,0.0015103695514476843,0.0015,6.282330817242166e-07,0.0014972339487892268,0.0015,0.3,0.0,0.2864477039047411,0.0
21319,5.32975,5.33,-4.350060457182173,4.412491180624597,0.031215361721212087,8.76255163780677,-0.09887951331351508,0.10077152581692672,1,1,-4.350060457182173,4.412491180624597,-6.0,6.0,0.0,12.0,0.013417448496029782,0.0,0.013417448496029782,0.0,-0.013417448496029782,-0.013417448496029782,0.0,0.0,0.0,0.0,0.0,0.0,3.354781454216402e-06,0.0,6.041215077148831,5.989074172570259,5.026971135364822e-16,8.777700788442644e-16,0.8003749931203338,0.0,-6.25,6.25,0.14415703243338493,0.1441570324333851,2.3149950323187254e-09,5.503722023985626e-07,0.0015103053699200223,0.0015,6.282213267405634e-07,0.00149726770359188,0.0015,0.3,0.0,0.28658255150396933,0.0
21359,5.33975,5.34,-4.35029695262253,4.412234656093406,0.03096885173543784,8.762531608715936,-0.09885654720243331,0.10077421459028069,1,1,-4.35029695262253,4.412234656093406,-6.0,6.0,0.0,12.0,0.013283942652832309,0.0,0.013283942652832309,0.0,-0.013283942652832309,-0.013283942652832309,0.0,0.0,0.0,0.0,0.0,0.0,3.321400821011741e-06,0.0,6.0409596012231646,5.989207814214858,1.0861537363959783e-15,9.159339953157541e-16,0.8003749931201685,0.0,-6.25,6.25,0.14415703243338493,0.1441570324333851,2.315401555515935e-09,5.503854290576056e-07,0.0015102414933114068,0.0015,6.282085769815371e-07,0.001497301122361011,0.0015,0.3,0.0,0.28671605734716676,0.0
21399,5.34975,5.3500000000000005,-4.350532918244943,4.4119812768281745,0.03072417929161597,8.762514195073116,-0.09883373216323932,0.10077685805485403,1,1,-4.350532918244943,4.4119812768281745,-6.0,6.0,0.0,12.0,0.01315176521497011,0.0,0.01315176521497011,0.0,-0.01315176521497011,-0.01315176521497011,0.0,0.0,0.0,0.0,0.0,0.0,3.288352330657024e-06,0.0,6.040705346274123,5.989340125393485,3.0685377876886813e-16,9.124645483638005e-16,0.8003749931199658,0.0,-6.25,6.25,0.14415703243338493,0.1441570324333851,2.315812249227902e-09,5.50401640616653e-07,0.001510177921939476,0.0015,6.281948402708792e-07,0.0014973342084307218,0.0015,0.3,0.0,0.28684823478502897,0.0
21439,5.35975,5.36,-4.3507683412582745,4.4117310015034255,0.03048133012257548,8.7624993427617,-0.09881106785102234,0.10077945705536662,1,1,-4.3507683412582745,4.4117310015034255,-6.0,6.0,0.0,12.0,0.013020902964589255,0.0,0.013020902964589255,0.0,-0.013020902964589255,-0.013020902964589255,0.0,0.0,0.0,0.0,0.0,0.0,3.2556326782756774e-06,0.0,6.0404523134230645,5.989471119306856,1.124317652867468e-15,9.315465065995454e-16,0.800374993119726,0.0,-6.25,6.25,0.14415703243338493,0.1441570324333851,2.3162271074242106e-09,5.504208188047599e-07,0.00151011465608547,0.0015,6.281801246255103e-07,0.0014973669651020154,0.0015,0.3,0.0,0.2869790970354098,0.0
21479,5.36975,5.37,-4.351003209151277,4.411483789394336,0.03024029012152951,8.762486998545613,-0.09878855390591468,0.10078201241886742,1,1,-4.351003209151277,4.411483789394336,-6.0,6.0,0.0,12.0,0.012891342815355639,0.0,0.012891342815355639,0.0,-0.012891342815355639,-0.012891342815355639,0.0,0.0,0.0,0.0,0.0,0.0,3.2232385918751932e-06,0.0,6.04020050364857,5.989600809024645,1.742507708762074e-16,1.0599160438218291e-15,0.8003749931194495,0.0,-6.25,6.25,0.14415703243338493,0.1441570324333851,2.3166461235644846e-09,5.504429449346483e-07,0.0015100516959949187,0.0015,6.28164438237766e-07,0.001497399395643124,0.0015,0.3,0.0,0.2871086571846433,0.0
21519,5.3797500000000005,5.38,-4.3512375096891835,4.411239600366701,0.030001045338758914,8.762477110055885,-0.09876618995353525,0.10078452495516754,1,1,-4.3512375096891835,4.411239600366701,-6.0,6.0,0.0,12.0,0.012763071811146385,0.0,0.012763071811146385,0.0,-0.012763071811146385,-0.012763071811146385,0.0,0.0,0.0,0.0,0.0,0.0,3.191166832019938e-06,0.0,6.039949917789157,5.989729207486791,5.599751754957125e-16,1.2784912017949068e-15,0.8003749931191363,0.0,-6.25,6.25,0.14415703243338493,0.1441570324333851,2.317069290605473e-09,5.50467999913808e-07,0.001509989041878318,0.0015,6.281477894776177e-07,0.0014974315032898402,0.0015,0.3,0.0,0.2872369281888523,0.0
21559,5.38975,5.39,-4.35147123091032,4.410998394867092,0.02976358197838591,8.762469625777413,-0.098743975605452,0.10078699545723324,1,1,-4.35147123091032,4.410998394867092,-6.0,6.0,0.0,12.0,0.01263607712475417,0.0,0.01263607712475417,0.0,-0.01263607712475417,-0.01263607712475417,0.0,0.0,0.0,0.0,0.0,0.0,3.1594141915071984e-06,0.0,6.039700556545939,5.989856327504803,8.695699528818955e-16,1.2264494975156026e-15,0.8003749931187868,0.0,-6.25,6.25,0.14415703243338493,0.1441570324333851,2.3174966010081455e-09,5.504959642633708e-07,0.0015099266939117978,0.0015,6.281301868815703e-07,0.0014974632912458396,0.0015,0.3,0.0,0.2873639228752446,0.0
21599,5.39975,5.4,-4.351704361122738,4.41076013391321,0.02952788639523618,8.762464495035948,-0.0987219104596132,0.10078942470158947,1,1,-4.351704361122738,4.41076013391321,-6.0,6.0,0.0,12.0,0.012510346056604527,0.0,0.012510346056604527,0.0,-0.012510346056604527,-0.012510346056604527,0.0,0.0,0.0,0.0,0.0,0.0,3.127977495046463e-06,0.0,6.03945242048526,5.9899821817630405,1.8949685570701646e-15,1.1986939218999737e-15,0.8003749931184011,0.0,-6.25,6.25,0.14415703243338493,0.1441570324333851,2.317928046744797e-09,5.50526818107009e-07,0.0015098646522377782,0.0015,6.281116391559927e-07,0.0014974947626830027,0.0015,0.3,0.0,0.28748965394339426,0.0
21639,5.40975,5.41,-4.351936888900855,4.410524779084431,0.029293945091787954,8.762461667985287,-0.0986999941007849,0.10079181344869848,1,1,-4.351936888900855,4.410524779084431,-6.0,6.0,0.0,12.0,0.012385866033485866,0.0,0.012385866033485866,0.0,-0.012385866033485866,-0.012385866033485866,0.0,0.0,0.0,0.0,0.0,0.0,3.0968535989418883e-06,0.0,6.039205510041281,5.990106782819983,8.894794623071078e-16,1.3149203947904198e-15,0.8003749931179795,0.0,-6.25,6.25,0.14415703243338493,0.1441570324333851,2.3183636193061574e-09,5.505605412208945e-07,0.0015098029169656176,0.0015,6.280921551549134e-07,0.001497525920741733,0.0015,0.3,0.0,0.2876141339665128,0.0
21679,5.4197500000000005,5.42,-4.352168803082133,4.410292292512542,0.029061744715204618,8.762461095594675,-0.09867822610095944,0.10079416244334116,1,1,-4.352168803082133,4.410292292512542,-6.0,6.0,0.0,12.0,0.012262624607292149,0.0,0.012262624607292149,0.0,-0.012262624607292149,-0.012262624607292149,0.0,0.0,0.0,0.0,0.0,0.0,3.0660393907779294e-06,0.0,6.038959825518537,5.990230143109493,4.811689241490669e-16,1.3999218451132833e-15,0.8003749931175224,0.0,-6.25,6.25,0.14415703243338493,0.1441570324333851,2.318803309708505e-09,5.505971130103843e-07,0.0015097414881722522,0.0015,6.280717438889028e-07,0.0014975567685312709,0.0015,0.3,0.0,0.28773737539270644,0.0
21719,5.42975,5.43,-4.352400092763752,4.410062636872645,0.0288312720544468,8.762462729636397,-0.09865660601978576,0.10079647241498291,1,1,-4.352400092763752,4.410062636872645,-6.0,6.0,0.0,12.0,0.012140609453778052,0.0,0.012140609453778052,0.0,-0.012140609453778052,-0.012140609453778052,0.0,0.0,0.0,0.0,0.0,0.0,3.03553178910809e-06,0.0,6.038715367094444,5.990352274942064,7.56556275960385e-16,1.4866580189121237e-15,0.8003749931170299,0.0,-6.25,6.25,0.14415703243338493,0.1441570324333851,2.319247108500769e-09,5.506365125388868e-07,0.0015096803659028228,0.0015,6.280504145106392e-07,0.0014975873091300068,0.0015,0.3,0.0,0.28785939054622045,0.0
21759,5.43975,5.44,-4.3526307472993215,4.40983577537425,0.028602514037464388,8.762466522673572,-0.09863513340495123,0.10079874407812384,1,1,-4.3526307472993215,4.40983577537425,-6.0,6.0,0.0,12.0,0.012019808371326539,0.0,0.012019808371326539,0.0,-0.012019808371326539,-0.012019808371326539,0.0,0.0,0.0,0.0,0.0,0.0,3.005327743146779e-06,0.0,6.038472134821783,5.990473190506044,1.6481228274495274e-16,1.394717674685353e-15,0.8003749931165023,0.0,-6.25,6.25,0.14415703243338493,0.1441570324333851,2.31969500577163e-09,5.506787185323023e-07,0.0015096195501712968,0.0015,6.280281763137997e-07,0.0014976175455857872,0.0015,0.3,0.0,0.28798019162867206,0.0
21799,5.44975,5.45,-4.352860756295606,4.409611671752541,0.02837545772846717,8.762472428048147,-0.09861380779258966,0.10080097813264799,1,1,-4.352860756295606,4.409611671752541,-6.0,6.0,0.0,12.0,0.011900209279728697,0.0,0.011900209279728697,0.0,-0.011900209279728697,-0.011900209279728697,0.0,0.0,0.0,0.0,0.0,0.0,2.975424232464231e-06,0.0,6.038230128631138,5.99059290186887,5.435461244507681e-16,1.259409243559162e-15,0.80037499311594,0.0,-6.25,6.25,0.14415703243338493,0.1441570324333851,2.3201469911565992e-09,5.507237093923455e-07,0.001509559040961076,0.0015,6.280050387208469e-07,0.0014976474809162237,0.0015,0.3,0.0,0.28809979072027003,0.0
21839,5.4597500000000005,5.46,-4.353090109609267,4.4093902902598,0.028150090325266497,8.762480399869068,-0.09859262870765606,0.10080317526416138,1,1,-4.353090109609267,4.4093902902598,-6.0,6.0,0.0,12.0,0.011781800218975704,0.0,0.011781800218975704,0.0,-0.011781800218975704,-0.011781800218975704,0.0,0.0,0.0,0.0,0.0,0.0,2.945818266684458e-06,0.0,6.037989348333308,5.990711420978262,2.5995441151234477e-15,1.3079815008865125e-15,0.800374993115343,0.0,-6.25,6.25,0.14415703243338493,0.1441570324333851,2.320603053845085e-09,5.50771463207648e-07,0.0015094988382256009,0.0015,6.279810112885808e-07,0.0014976771181089907,0.0015,0.3,0.0,0.288218199781023,0.0
21879,5.46975,5.47,-4.353318797343633,4.409171595657012,0.02792639915668982,8.762490393000645,-0.09857159566431128,0.10080533614431286,1,1,-4.353318797343633,4.409171595657012,-6.0,6.0,0.0,12.0,0.011664569348062809,0.0,0.011664569348062809,0.0,-0.011664569348062809,-0.011664569348062809,0.0,0.0,0.0,0.0,0.0,0.0,2.9165068851862107e-06,0.0,6.037749793621663,5.990828759663431,5.856860135766695e-16,1.2264494975156026e-15,0.8003749931147118,0.0,-6.25,6.25,0.14415703243338493,0.1441570324333851,2.321063182587438e-09,5.508219577604202e-07,0.001509438941888943,0.0015,6.279561036892644e-07,0.0014977064601221285,0.0015,0.3,0.0,0.28833543065193595,0.0
21919,5.47975,5.48,-4.353546809845479,4.408955553205612,0.02770437168006623,8.762502363051091,-0.09855070816627787,0.10080746143113051,1,1,-4.353546809845479,4.408955553205612,-6.0,6.0,0.0,12.0,0.011548504943805231,0.0,0.011548504943805231,0.0,-0.011548504943805231,-0.011548504943805231,0.0,0.0,0.0,0.0,0.0,0.0,2.8874871568069127e-06,0.0,6.037511464074498,5.99094492963626,4.714305863544842e-16,1.2611439670351388e-15,0.8003749931140467,0.0,-6.25,6.25,0.14415703243338493,0.1441570324333851,2.3215273657019675e-09,5.508751705530954e-07,0.0015093793518463862,0.0015,6.27930325710624e-07,0.0014977355098843366,0.0015,0.3,0.0,0.2884514950561935,0.0
21959,5.48975,5.49,-4.353774137701848,4.408742128659409,0.027483995478780443,8.762516266361256,-0.09852996570721306,0.10080955176931417,1,1,-4.353774137701848,4.408742128659409,-6.0,6.0,0.0,12.0,0.011433595399665814,0.0,0.011433595399665814,0.0,-0.011433595399665814,-0.011433595399665814,0.0,0.0,0.0,0.0,0.0,0.0,2.858756179549542e-06,0.0,6.03727435915732,5.991059942492471,3.126839065448195e-16,1.2819606487468604e-15,0.8003749931133478,0.0,-6.25,6.25,0.14415703243338493,0.1441570324333851,2.3219955910819295e-09,5.509310787950081e-07,0.0015093200679650056,0.0015,6.279036872536281e-07,0.0014977642702952685,0.0015,0.3,0.0,0.2885664046003329,0.0
21999,5.49975,5.5,-4.354000771736868,4.40853128825665,0.02726525825989068,8.762532059993518,-0.0985093677710458,0.10081160779054965,1,1,-4.354000771736868,4.40853128825665,-6.0,6.0,0.0,12.0,0.011319829224594395,0.0,0.011319829224594395,0.0,-0.011319829224594395,-0.011319829224594395,0.0,0.0,0.0,0.0,0.0,0.0,2.8303110802924316e-06,0.0,6.0370384782251145,5.991173809712788,5.083341178004595e-16,1.2836953722228372e-15,0.8003749931126156,0.0,-6.25,6.25,0.14415703243338493,0.1441570324333851,2.3224678462024844e-09,5.509896594268186e-07,0.0015092610900842315,0.0015,6.27876198319166e-07,0.001497792744225821,0.0015,0.3,0.0,0.2886801707754043,0.0
22039,5.50975,5.51,-4.354226703008613,4.40832299871224,0.027048147851813642,8.762549701720854,-0.09848891383232916,0.10081363011380629,1,1,-4.354226703008613,4.40832299871224,-6.0,6.0,0.0,12.0,0.011207195041878651,0.0,0.011207195041878651,0.0,-0.011207195041878651,-0.011207195041878651,0.0,0.0,0.0,0.0,0.0,0.0,2.802149014501949e-06,0.0,6.036803820524586,5.991286542664094,5.535936292710986e-16,1.1848161340921592e-15,0.8003749931118502,0.0,-6.25,6.25,0.14415703243338493,0.1441570324333851,2.3229441181276134e-09,5.51050889140497e-07,0.0015092024180164106,0.0015,6.278478690102674e-07,0.0014978209345184218,0.0015,0.3,0.0,0.28879280495812015,0.0
22079,5.51975,5.5200000000000005,-4.354451922805973,4.408117227210109,0.026832652202068097,8.762569150016082,-0.0984686033565696,0.10081561934561445,1,1,-4.354451922805973,4.408117227210109,-6.0,6.0,0.0,12.0,0.011095681588006459,0.0,0.011095681588006459,0.0,-0.011095681588006459,-0.011095681588006459,0.0,0.0,0.0,0.0,0.0,0.0,2.7742671659480497e-06,0.0,6.036570385196353,5.99139815260055,5.328209932726341e-16,1.2628786905111156e-15,0.800374993111052,0.0,-6.25,6.25,0.14415703243338493,0.1441570324333851,2.3234243935170005e-09,5.511147443648903e-07,0.0015091440515473534,0.0015,6.278187095198895e-07,0.0014978488439873132,0.0015,0.3,0.0,0.28890431841199227,0.0
22119,5.52975,5.53,-4.354676422645554,4.40791394139572,0.02661875937508329,8.762590364041273,-0.0984484358005644,0.1008175760803598,1,1,-4.354676422645554,4.40791394139572,-6.0,6.0,0.0,12.0,0.010985277711539506,0.0,0.010985277711539506,0.0,-0.010985277711539506,-0.010985277711539506,0.0,0.0,0.0,0.0,0.0,0.0,2.746662746422644e-06,0.0,6.036338171277113,5.991508650664738,1.192839230168552e-15,1.3357370765021415e-15,0.8003749931102213,0.0,-6.25,6.25,0.14415703243338493,0.1441570324333851,2.3239086586328656e-09,5.51181201297919e-07,0.0015090859904368778,0.0015,6.277887301320284e-07,0.001497876475418834,0.0015,0.3,0.0,0.28901472228845915,0.0
22159,5.53975,5.54,-4.354900194268596,4.407713109368721,0.02640645755006288,8.762613303637316,-0.09842841061270646,0.10081950090054304,1,1,-4.354900194268596,4.407713109368721,-6.0,6.0,0.0,12.0,0.010875972371998124,0.0,0.010875972371998124,0.0,-0.010875972371998124,-0.010875972371998124,0.0,0.0,0.0,0.0,0.0,0.0,2.719332995460771e-06,0.0,6.036107177701783,5.991618047888766,1.3938503129473645e-15,1.3183898417423734e-15,0.8003749931093583,0.0,-6.25,6.25,0.14415703243338493,0.1441570324333851,2.3243968993467583e-09,5.51250235906577e-07,0.0015090282344193422,0.0015,6.277579412128365e-07,0.0014979038315716979,0.0015,0.3,0.0,0.28912402762800055,0.0
22199,5.54975,5.55,-4.355123229637918,4.407514699675729,0.026195735018905264,8.762637929313648,-0.09840852723331073,0.10082139437705806,1,1,-4.355123229637918,4.407514699675729,-6.0,6.0,0.0,12.0,0.010767754638757284,0.0,0.010767754638757284,0.0,-0.010767754638757284,-0.010767754638757284,0.0,0.0,0.0,0.0,0.0,0.0,2.6922751800645623e-06,0.0,6.035877403305597,5.9917263551953654,5.898449453476881e-16,1.4467593789646571e-15,0.8003749931084635,0.0,-6.25,6.25,0.14415703243338493,0.1441570324333851,2.3248891011462973e-09,5.513218239369236e-07,0.0015089707832041715,0.0015,6.27726353202851e-07,0.0014979309151772697,0.0015,0.3,0.0,0.28923224536124126,0.0
22239,5.55975,5.5600000000000005,-4.3553455209348835,4.407318681303253,0.02598658018418476,8.762664202238136,-0.09838878509491278,0.10082325706944506,1,1,-4.3553455209348835,4.407318681303253,-6.0,6.0,0.0,12.0,0.01066061368995348,0.0,0.01066061368995348,0.0,-0.01066061368995348,-0.01066061368995348,0.0,0.0,0.0,0.0,0.0,0.0,2.665486594429931e-06,0.0,6.035648846826178,5.991833583399,7.585078398708589e-16,1.375635716449608e-15,0.800374993107537,0.0,-6.25,6.25,0.14415703243338493,0.1441570324333851,2.3253852491418614e-09,5.513959409296266e-07,0.001508913636476376,0.0015,6.276939766147738e-07,0.0014979577289398367,0.0015,0.3,0.0,0.28933938631004513,0.0
22279,5.56975,5.57,-4.355567060556388,4.407125023670748,0.025778981557179836,8.762692084227137,-0.09836918362256919,0.10082508952614755,1,1,-4.355567060556388,4.407125023670748,-6.0,6.0,0.0,12.0,0.010554538811402543,0.0,0.010554538811402543,0.0,-0.010554538811402543,-0.010554538811402543,0.0,0.0,0.0,0.0,0.0,0.0,2.638964559675988e-06,0.0,6.035421506905578,5.991939743206924,3.2111019030410526e-16,1.5144135945277526e-15,0.8003749931065793,0.0,-6.25,6.25,0.14415703243338493,0.1441570324333851,2.3258853280732273e-09,5.514725622255137e-07,0.0015088567938970595,0.0015,6.276608220301405e-07,0.001497984275536881,0.0015,0.3,0.0,0.28944546118859593,0.0
22319,5.57975,5.58,-4.355787841111875,4.406933696623792,0.025572927755958652,8.762721537735667,-0.0983497222341495,0.10082689228475661,1,1,-4.355787841111875,4.406933696623792,-6.0,6.0,0.0,12.0,0.010449519395528229,0.0,0.010449519395528229,0.0,-0.010449519395528229,-0.010449519395528229,0.0,0.0,0.0,0.0,0.0,0.0,2.612706423577158e-06,0.0,6.035195382092294,5.992044845220269,3.050504456241637e-16,1.56472057533108e-15,0.8003749931055906,0.0,-6.25,6.25,0.14415703243338493,0.1441570324333851,2.326389322316147e-09,5.515516629777844e-07,0.001508800255103925,0.0015,6.276269000915491e-07,0.0014980105576193443,0.0015,0.3,0.0,0.2895504806044702,0.0
22359,5.58975,5.59,-4.356007855420374,4.406744670427397,0.02536840750351166,8.76275252584777,-0.09833040034062268,0.10082866587225181,1,1,-4.356007855420374,4.406744670427397,-6.0,6.0,0.0,12.0,0.010345544940301429,0.0,0.010345544940301429,0.0,-0.010345544940301429,-0.010345544940301429,0.0,0.0,0.0,0.0,0.0,0.0,2.5867095602979486e-06,0.0,6.034970470843235,5.992148899935095,1.736458199452784e-15,1.5577816814271728e-15,0.800374993104571,0.0,-6.25,6.25,0.14415703243338493,0.1441570324333851,2.3268972158888705e-09,5.516332181553411e-07,0.0015087440197117665,0.0015,6.275922215015495e-07,0.0014980365778118952,0.0015,0.3,0.0,0.289654455059697,0.0
22399,5.59975,5.6000000000000005,-4.356227096507558,4.406557915759432,0.025165409625937052,8.76278501226699,-0.09831121734633186,0.10083041080523825,1,1,-4.356227096507558,4.406557915759432,-6.0,6.0,0.0,12.0,0.01024260504818998,0.0,0.01024260504818998,0.0,-0.01024260504818998,-0.01024260504818998,0.0,0.0,0.0,0.0,0.0,0.0,2.5609713701303688e-06,0.0,6.034746771525686,5.9922519177434355,9.11380346191315e-16,1.4311468676808659e-15,0.8003749931035213,0.0,-6.25,6.25,0.14415703243338493,0.1441570324333851,2.327408992458607e-09,5.517172025649938e-07,0.0015086880873129585,0.0015,6.275567970015495e-07,0.0014980623387131904,0.0015,0.3,0.0,0.2897573949518086,0.0
22439,5.60975,5.61,-4.356445557602832,4.406373403704178,0.024963923050672854,8.76281896130701,-0.0982921726492697,0.10083212759017468,1,1,-4.356445557602832,4.406373403704178,-6.0,6.0,0.0,12.0,0.010140689425118882,0.0,0.010140689425118882,0.0,-0.010140689425118882,-0.010140689425118882,0.0,0.0,0.0,0.0,0.0,0.0,2.5354892792339512e-06,0.0,6.034524282419212,5.992353908934346,7.309691046897271e-16,1.2038980923279041e-15,0.8003749931024414,0.0,-6.25,6.25,0.14415703243338493,0.1441570324333851,2.3279246353479205e-09,5.518035908447982e-07,0.0015086324574779362,0.0015,6.275206374029008e-07,0.0014980878428961322,0.0015,0.3,0.0,0.2898593105748799,0.0
22479,5.61975,5.62,-4.3566632321364445,4.406191105745987,0.02476393680477118,8.76285433788243,-0.09827326564134209,0.10083381672359282,1,1,-4.3566632321364445,4.406191105745987,-6.0,6.0,0.0,12.0,0.01003978787944089,0.0,0.01003978787944089,0.0,-0.01003978787944089,-0.01003978787944089,0.0,0.0,0.0,0.0,0.0,0.0,2.51026073937837e-06,0.0,6.034303001717566,5.992454883694913,3.679782173415802e-16,1.2628786905111156e-15,0.8003749931013319,0.0,-6.25,6.25,0.14415703243338493,0.1441570324333851,2.328444127541067e-09,5.5189235748515e-07,0.001508577129755667,0.0015,6.274837535369393e-07,0.001498113092908128,0.0015,0.3,0.0,0.28996021212055784,0.0
22519,5.6297500000000005,5.63,-4.356880113736613,4.406010993763069,0.024565440013228024,8.762891107499684,-0.0982544957086312,0.10083547869232323,1,1,-4.356880113736613,4.406010993763069,-6.0,6.0,0.0,12.0,0.009939890320917367,0.0,0.009939890320917367,0.0,-0.009939890320917367,-0.009939890320917367,0.0,0.0,0.0,0.0,0.0,0.0,2.485283227688619e-06,0.0,6.034082927530539,5.992554852111287,1.0492908625314712e-15,1.3201245652183502e-15,0.8003749931001929,0.0,-6.25,6.25,0.14415703243338493,0.1441570324333851,2.3289674516902547e-09,5.519834768321158e-07,0.001508522103674119,0.0015,6.274461562849609e-07,0.001498138091271342,0.0015,0.3,0.0,0.2900601096790813,0.0
22559,5.63975,5.64,-4.357096196226694,4.4058330400213865,0.024368421897346337,8.76292923624808,-0.09823586223164094,0.10083711397369854,1,1,-4.357096196226694,4.4058330400213865,-6.0,6.0,0.0,12.0,0.009840986759709205,0.0,0.009840986759709205,0.0,-0.009840986759709205,-0.009840986759709205,0.0,0.0,0.0,0.0,0.0,0.0,2.4605542463927133e-06,0.0,6.033864057885794,5.992653824169679,8.609463104458995e-16,1.1969591984239969e-15,0.8003749930990248,0.0,-6.25,6.25,0.14415703243338493,0.1441570324333851,2.329494590121851e-09,5.52076923100756e-07,0.0015084673787407153,0.0015,6.274078565582375e-07,0.0014981628404829499,0.0015,0.3,0.0,0.2901590132402896,0.0
22599,5.64975,5.65,-4.357311473622354,4.405657217168647,0.024172871773146642,8.762968690791002,-0.09821736458555441,0.10083872303576713,1,1,-4.357311473622354,4.405657217168647,-6.0,6.0,0.0,12.0,0.009743067305377856,0.0,0.009743067305377856,0.0,-0.009743067305377856,-0.009743067305377856,0.0,0.0,0.0,0.0,0.0,0.0,2.436071322571914e-06,0.0,6.033646390730689,5.992751809757359,5.271390962624523e-16,1.0824674490095276e-15,0.8003749930978279,0.0,-6.25,6.25,0.14415703243338493,0.1441570324333851,2.3300255248425047e-09,5.521726703773448e-07,0.001508412954442791,0.0015,6.273688653002374e-07,0.0014981873430153837,0.0015,0.3,0.0,0.29025693269462105,0.0
22639,5.65975,5.66,-4.357525940128788,4.405483498228429,0.02397877904982071,8.763009438357217,-0.09819900214046884,0.10084030633749186,1,1,-4.357525940128788,4.405483498228429,-6.0,6.0,0.0,12.0,0.009646122165896297,0.0,0.009646122165896297,0.0,-0.009646122165896297,-0.009646122165896297,0.0,0.0,0.0,0.0,0.0,0.0,2.411832007913438e-06,0.0,6.03342992393403,5.992848818663644,6.283917207113368e-16,1.033895191682177e-15,0.8003749930966026,0.0,-6.25,6.25,0.14415703243338493,0.1441570324333851,2.33056023754521e-09,5.522706926371339e-07,0.0015083588302480342,0.0015,6.27329193474413e-07,0.0014982116013165818,0.0015,0.3,0.0,0.29035387783410266,0.0
22679,5.6697500000000005,5.67,-4.357739590137946,4.4053118565943885,0.023786133228221207,8.763051446732334,-0.09818077426163363,0.10084186432894715,1,1,-4.357739590137946,4.4053118565943885,-6.0,6.0,0.0,12.0,0.009550141646669796,0.0,0.009550141646669796,0.0,-0.009550141646669796,-0.009550141646669796,0.0,0.0,0.0,0.0,0.0,0.0,2.387833878465622e-06,0.0,6.03321465528784,5.9929448605808675,1.4370015594122876e-15,1.1553258350005535e-15,0.8003749930953493,0.0,-6.25,6.25,0.14415703243338493,0.1441570324333851,2.331098709615291e-09,5.52370963745463e-07,0.0015083050056049253,0.0015,6.272888520675313e-07,0.0014982356178102308,0.0015,0.3,0.0,0.29044985835332904,0.0
22719,5.67975,5.68,-4.357952418225791,4.405142266024578,0.02359492389939355,8.763094684250369,-0.09816268030967912,0.10084339745151605,1,1,-4.357952418225791,4.405142266024578,-6.0,6.0,0.0,12.0,0.009455116149566433,0.0,0.009455116149566433,0.0,-0.009455116149566433,-0.009455116149566433,0.0,0.0,0.0,0.0,0.0,0.0,2.3640745343955196e-06,0.0,6.033000582509085,5.993039945105351,3.174543961037557e-16,9.107298248878237e-16,0.8003749930940681,0.0,-6.25,6.25,0.14415703243338493,0.1441570324333851,2.3316409221363176e-09,5.524734574699719e-07,0.0015082514799431694,0.0015,6.272478520774616e-07,0.001498259394896009,0.0015,0.3,0.0,0.29054488385043264,0.0
22759,5.68975,5.69,-4.358164419149579,4.404974700635873,0.023405140743146813,8.763139119785453,-0.09814471964084526,0.10084490613806618,1,1,-4.358164419149579,4.404974700635873,-6.0,6.0,0.0,12.0,0.009361036171957325,0.0,0.009361036171957325,0.0,-0.009361036171957325,-0.009361036171957325,0.0,0.0,0.0,0.0,0.0,0.0,2.3405515997489266e-06,0.0,6.032787703241358,5.993134081738358,1.0067943725347757e-15,1.0009354456386177e-15,0.8003749930927595,0.0,-6.25,6.25,0.14415703243338493,0.1441570324333851,2.332186855895944e-09,5.525781474828209e-07,0.0015081982526741178,0.0015,6.272062045187265e-07,0.0014982829349498223,0.0015,0.3,0.0,0.29063896382804166,0.0
22799,5.69975,5.7,-4.358375587845175,4.404809134898485,0.023216773526654855,8.76318472274366,-0.0981268916071959,0.10084639081314795,1,1,-4.358375587845175,4.404809134898485,-6.0,6.0,0.0,12.0,0.009267892305766296,0.0,0.009267892305766296,0.0,-0.009267892305766296,-0.009267892305766296,0.0,0.0,0.0,0.0,0.0,0.0,2.3172627222127737e-06,0.0,6.032576015056569,5.99322727988704,7.606762442158299e-16,1.0599160438218291e-15,0.8003749930914237,0.0,-6.25,6.25,0.14415703243338493,0.1441570324333851,2.3327364913916745e-09,5.526850073762344e-07,0.0015081453231911917,0.0015,6.271639204147306e-07,0.0014983062403240448,0.0015,0.3,0.0,0.29073210769423263,0.0
22839,5.7097500000000005,5.71,-4.358585919424369,4.40464554363058,0.023029812103105396,8.76323146305495,-0.09810919555684139,0.10084785189316436,1,1,-4.358585919424369,4.40464554363058,-6.0,6.0,0.0,12.0,0.009175675236529112,0.0,0.009175675236529112,0.0,-0.009175675236529112,-0.009175675236529112,0.0,0.0,0.0,0.0,0.0,0.0,2.2942055728799002e-06,0.0,6.032365515456576,5.993319548865372,1.7600938068129679e-15,1.0668549377257364e-15,0.8003749930900612,0.0,-6.25,6.25,0.14415703243338493,0.1441570324333851,2.333289808836555e-09,5.527940106713824e-07,0.001508092690870288,0.0015,6.271210107910985e-07,0.0014983293133477502,0.0015,0.3,0.0,0.2908243247634698,0.0
22879,5.71975,5.72,-4.358795409172251,4.4044839019929904,0.02284424641036953,8.763279311165242,-0.09809163083413397,0.10084928978654539,1,1,-4.358795409172251,4.4044839019929904,-6.0,6.0,0.0,12.0,0.009084375742462006,0.0,0.009084375742462006,0.0,-0.009084375742462006,-0.009084375742462006,0.0,0.0,0.0,0.0,0.0,0.0,2.2713778460161604e-06,0.0,6.032156201874816,5.993410897895088,9.49977943531799e-16,1.0633854907737827e-15,0.8003749930886722,0.0,-6.25,6.25,0.14415703243338493,0.1441570324333851,2.333846788164787e-09,5.529051308183802e-07,0.001508040355070189,0.0015,6.270774866712347e-07,0.0014983521563269435,0.0015,0.3,0.0,0.2909156242575369,0.0
22919,5.72975,5.73,-4.35900405254458,4.404324185484015,0.02266006646971741,8.763328238028596,-0.0980741967798876,0.10085070489391945,1,1,-4.35900405254458,4.404324185484015,-6.0,6.0,0.0,12.0,0.008993984693539486,0.0,0.008993984693539486,0.0,-0.008993984693539486,-0.008993984693539486,0.0,0.0,0.0,0.0,0.0,0.0,2.2487772588298435e-06,0.0,6.031948071677899,5.993501336106584,1.721713049906981e-16,1.1379786002407855e-15,0.800374993087257,0.0,-6.25,6.25,0.14415703243338493,0.1441570324333851,2.334407409037262e-09,5.530183412118322e-07,0.0015079883151329597,0.0015,6.270333590807641e-07,0.001498374771544794,0.0015,0.3,0.0,0.29100601530645936,0.0
22959,5.73975,5.74,-4.359211845165196,4.4041663699343125,0.022477262384558383,8.763378215099507,-0.09805689273156393,0.10085209760827996,1,1,-4.359211845165196,4.4041663699343125,-6.0,6.0,0.0,12.0,0.008904493050581334,0.0,0.008904493050581334,0.0,-0.008904493050581334,-0.008904493050581334,0.0,0.0,0.0,0.0,0.0,0.0,2.2264015512433972e-06,0.0,6.031741122167176,5.993590872539841,1.8436265020052925e-16,1.1622647289044608e-15,0.8003749930858162,0.0,-6.25,6.25,0.14415703243338493,0.1441570324333851,2.334971650847026e-09,5.531336151886109e-07,0.0015079365703843414,0.0015,6.269886390286584e-07,0.0014983971612618585,0.0015,0.3,0.0,0.2910955069494175,0.0
22999,5.74975,5.75,-4.3594187828234485,4.40401043150189,0.022295824339220616,8.763429214325338,-0.09803971802347822,0.10085346831514685,1,1,-4.3594187828234485,4.40401043150189,-6.0,6.0,0.0,12.0,0.00881589186434867,0.0,0.00881589186434867,0.0,-0.00881589186434867,-0.00881589186434867,0.0,0.0,0.0,0.0,0.0,0.0,2.204248485667415e-06,0.0,6.031535350580289,5.993679516145313,5.076234571577132e-16,1.3860440573054689e-15,0.8003749930843498,0.0,-6.25,6.25,0.14415703243338493,0.1441570324333851,2.33553949272466e-09,5.532509260489513e-07,0.0015078851201341377,0.0015,6.269433375216682e-07,0.001498419327716308,0.0015,0.3,0.0,0.29118410813564993,0.0
23039,5.75975,5.76,-4.3596248614716595,4.4038563466671645,0.022115742597752508,8.763481208138824,-0.09802267198697978,0.10085481739272595,1,1,-4.3596248614716595,4.4038563466671645,-6.0,6.0,0.0,12.0,0.00872817227464904,0.0,0.00872817227464904,0.0,-0.00872817227464904,-0.00872817227464904,0.0,0.0,0.0,0.0,0.0,0.0,2.182315846776879e-06,0.0,6.031330754092697,5.993767275784833,6.095384613713506e-16,1.240327285323417e-15,0.8003749930828582,0.0,-6.25,6.25,0.14415703243338493,0.1441570324333851,2.3361109135435886e-09,5.533702470453489e-07,0.0015078339636765978,0.0015,6.268974655487813e-07,0.0014984412731241503,0.0015,0.3,0.0,0.2912718277253497,0.0
23079,5.76975,5.7700000000000005,-4.359830077222598,4.403704092228125,0.021937007502763617,8.763534169450722,-0.09800575395064015,0.10085614521206487,1,1,-4.359830077222598,4.403704092228125,-6.0,6.0,0.0,12.0,0.008641325509450381,0.0,0.008641325509450381,0.0,-0.008641325509450381,-0.008641325509450381,0.0,0.0,0.0,0.0,0.0,0.0,2.160601441289624e-06,0.0,6.031127329819167,5.993854160232473,1.5547459153442134e-16,1.132774429812855e-15,0.800374993081342,0.0,-6.25,6.25,0.14415703243338493,0.1441570324333851,2.3366858919253032e-09,5.534915514158659e-07,0.0015077831002907878,0.0015,6.268510340845523e-07,0.001498462999679451,0.0015,0.3,0.0,0.2913586744905485,0.0
23119,5.77975,5.78,-4.360034426346993,4.4035536452955695,0.021759609474288233,8.763588071642562,-0.09798896324043405,0.10085745213719577,1,1,-4.360034426346993,4.4035536452955695,-6.0,6.0,0.0,12.0,0.008555342884003793,0.0,0.008555342884003793,0.0,-0.008555342884003793,-0.008555342884003793,0.0,0.0,0.0,0.0,0.0,0.0,2.1391030977470044e-06,0.0,6.030925074815256,5.993940178175434,2.931682674400804e-16,1.1535911115245767e-15,0.8003749930798012,0.0,-6.25,6.25,0.14415703243338493,0.1441570324333851,2.3372644062445192e-09,5.536148123663684e-07,0.0015077325292409628,0.0015,6.268040540768904e-07,0.0014984845095545496,0.0015,0.3,0.0,0.29144465711599504,0.0
23159,5.78975,5.79,-4.360237905271061,4.403404983288423,0.02158353900868093,8.763642888559485,-0.09797229917991812,0.10085873852529348,1,1,-4.360237905271061,4.403404983288423,-6.0,6.0,0.0,12.0,0.008470215799975088,0.0,0.008470215799975088,0.0,-0.008470215799975088,-0.008470215799975088,0.0,0.0,0.0,0.0,0.0,0.0,2.1178186662967534e-06,0.0,6.030723986078763,5.994025338214901,4.40619762898109e-16,1.2784912017949068e-15,0.8003749930782363,0.0,-6.25,6.25,0.14415703243338493,0.1441570324333851,2.3378464346342444e-09,5.537400030882888e-07,0.0015076822497769292,0.0015,6.267565364526106e-07,0.0014985058049002777,0.0015,0.3,0.0,0.2915297842000236,0.0
23199,5.79975,5.8,-4.360440510574065,4.403258083929145,0.02140878667753965,8.76369859450321,-0.09795576109039694,0.10086000472681045,1,1,-4.360440510574065,4.403258083929145,-6.0,6.0,0.0,12.0,0.008385935744584917,0.0,0.008385935744584917,0.0,-0.008385935744584917,-0.008385935744584917,0.0,0.0,0.0,0.0,0.0,0.0,2.0967460184779867e-06,0.0,6.030524060551159,5.994109648866903,1.1826477297471882e-15,1.3201245652183502e-15,0.8003749930766476,0.0,-6.25,6.25,0.14415703243338493,0.1441570324333851,2.338431954990776e-09,5.538670967586272e-07,0.0015076322611344026,0.0015,6.26708492114103e-07,0.0014985268878461725,0.0015,0.3,0.0,0.29161406425541375,0.0
23239,5.80975,5.8100000000000005,-4.360642238985895,4.403112925239198,0.02123534312665143,8.763755164225094,-0.09793934829109396,0.10086125108562771,1,1,-4.360642238985895,4.403112925239198,-6.0,6.0,0.0,12.0,0.008302494289757507,0.0,0.008302494289757507,0.0,-0.008302494289757507,-0.008302494289757507,0.0,0.0,0.0,0.0,0.0,0.0,2.0758830470083614e-06,0.0,6.030325295118994,5.994193118563156,1.3307497465087081e-15,1.4259426972529354e-15,0.8003749930750355,0.0,-6.25,6.25,0.14415703243338493,0.1441570324333851,2.3390209449786207e-09,5.539960665688163e-07,0.001507582562535359,0.0015,6.266599319237898e-07,0.0014985477605006861,0.0015,0.3,0.0,0.29169750571024106,0.0
23279,5.81975,5.82,-4.360843087384672,4.402969485534619,0.02106319907497367,8.763812572919292,-0.09792306009931417,0.10086247793917869,1,1,-4.360843087384672,4.402969485534619,-6.0,6.0,0.0,12.0,0.008219883091277838,0.0,0.008219883091277838,0.0,-0.008219883091277838,-0.008219883091277838,0.0,0.0,0.0,0.0,0.0,0.0,2.0552276655733453e-06,0.0,6.030127686615279,5.9942757556518975,1.1787971179689702e-15,1.4068607390171906e-15,0.8003749930734002,0.0,-6.25,6.25,0.14415703243338493,0.1441570324333851,2.3396133820353347e-09,5.541268856947455e-07,0.001507533153188382,0.0015,6.266108667241089e-07,0.001498568424951399,0.0015,0.3,0.0,0.29178011690872074,0.0
23319,5.82975,5.83,-4.3610430527943835,4.4028277434216365,0.020892345313626492,8.76387079621602,-0.09790689583060452,0.10086368561859349,1,1,-4.3610430527943835,4.4028277434216365,-6.0,6.0,0.0,12.0,0.008138093887957226,0.0,0.008138093887957226,0.0,-0.008138093887957226,-0.008138093887957226,0.0,0.0,0.0,0.0,0.0,0.0,2.0347778086175827e-06,0.0,6.029931231820854,5.994357568398725,1.237942040543949e-15,1.3270634591222574e-15,0.8003749930717422,0.0,-6.25,6.25,0.14415703243338493,0.1441570324333851,2.3402092433762903e-09,5.542595273367289e-07,0.0015074840322890038,0.0015,6.265613073119792e-07,0.0014985888832652232,0.0015,0.3,0.0,0.29186190611204144,0.0
23359,5.83975,5.84,-4.361242132382537,4.402687677792387,0.020722772704925063,8.763929810174924,-0.09789085479890658,0.10086487444882386,1,1,-4.361242132382537,4.402687677792387,-6.0,6.0,0.0,12.0,0.008057118500807172,0.0,0.008057118500807172,0.0,-0.008057118500807172,-0.008057118500807172,0.0,0.0,0.0,0.0,0.0,0.0,2.014531431138334e-06,0.0,6.0297359274657305,5.994438564987411,7.103692634125025e-16,1.3079815008865125e-15,0.8003749930700618,0.0,-6.25,6.25,0.14415703243338493,0.1441570324333851,2.340808505999366e-09,5.543939647039627e-07,0.001507435199020041,0.0015,6.265112644454618e-07,0.0014986091374886107,0.0015,0.3,0.0,0.2919428814991915,0.0
23399,5.84975,5.8500000000000005,-4.361440323457837,4.402549267820691,0.020554472181426586,8.763989591278527,-0.09787493631671196,0.10086604474877858,1,1,-4.361440323457837,4.402549267820691,-6.0,6.0,0.0,12.0,0.00797694883222149,0.0,0.00797694883222149,0.0,-0.00797694883222149,-0.00797694883222149,0.0,0.0,0.0,0.0,0.0,0.0,1.994486508480982e-06,0.0,6.029541770230409,5.994518753520713,5.965703869488873e-16,1.2281842209915794e-15,0.8003749930683592,0.0,-6.25,6.25,0.14415703243338493,0.1441570324333851,2.34141114668956e-09,5.54530171036729e-07,0.001507386652551923,0.0015,6.264607488470908e-07,0.0014986291896477556,0.0015,0.3,0.0,0.29202305116777727,0.0
23439,5.85975,5.86,-4.361637623467898,4.4024124929578985,0.020387434745000377,8.764050116425796,-0.09785913969520332,0.10086719683143897,1,1,-4.361637623467898,4.4024124929578985,-6.0,6.0,0.0,12.0,0.007897576865166508,0.0,0.007897576865166508,0.0,-0.007897576865166508,-0.007897576865166508,0.0,0.0,0.0,0.0,0.0,0.0,1.974641036136555e-06,0.0,6.029348756747177,5.994598142021183,1.4888264232570947e-15,1.0026701691145945e-15,0.8003749930666348,0.0,-6.25,6.25,0.14415703243338493,0.1441570324333851,2.34201714202353e-09,5.546681195919631e-07,0.0015073383920430202,0.0015,6.264097711872196e-07,0.0014986490417487942,0.0015,0.3,0.0,0.2921024231348325,0.0
23479,5.86975,5.87,-4.361834029996962,4.402277332928817,0.02022165146592725,8.764111362925778,-0.09784346424440427,0.10086833100398429,1,1,-4.361834029996962,4.402277332928817,-6.0,6.0,0.0,12.0,0.007818994662379376,0.0,0.007818994662379376,0.0,-0.007818994662379376,-0.007818994662379376,0.0,0.0,0.0,0.0,0.0,0.0,1.954993029541281e-06,0.0,6.0291568836013925,5.9946767384319655,8.091341520953012e-16,9.645062526431047e-16,0.800374993064889,0.0,-6.25,6.25,0.14415703243338493,0.1441570324333851,2.3426264683740586e-09,5.548077836698991e-07,0.0015072904166399614,0.0015,6.263583420940133e-07,0.001498668695778007,0.0015,0.3,0.0,0.29218100533761965,0.0
23519,5.8797500000000005,5.88,-4.362029540763666,4.402143767727687,0.02005711348201089,8.764173308491353,-0.09782790927331642,0.10086944756791671,1,1,-4.362029540763666,4.402143767727687,-6.0,6.0,0.0,12.0,0.007741194365574334,0.0,0.007741194365574334,0.0,-0.007741194365574334,-0.007741194365574334,0.0,0.0,0.0,0.0,0.0,0.0,1.935540523878128e-06,0.0,6.0289661473327385,5.994754550617577,3.0574501264091225e-16,9.653736143810931e-16,0.8003749930631221,0.0,-6.25,6.25,0.14415703243338493,0.1441570324333851,2.3432391019144475e-09,5.549491366118495e-07,0.0015072427254779488,0.0015,6.26306472146787e-07,0.0014986881537020114,0.0015,0.3,0.0,0.2922588056344247,0.0
23559,5.88975,5.89,-4.362224153618805,4.402011777614251,0.019893811997723,8.764235931233056,-0.09781247409005767,0.1008705468191684,1,1,-4.362224153618805,4.402011777614251,-6.0,6.0,0.0,12.0,0.007664168194656867,0.0,0.007664168194656867,0.0,-0.007664168194656867,-0.007664168194656867,0.0,0.0,0.0,0.0,0.0,0.0,1.9162815738803185e-06,0.0,6.028776544436467,5.994831586364695,3.946724606742995e-16,1.227316859253591e-15,0.8003749930613344,0.0,-6.25,6.25,0.14415703243338493,0.1441570324333851,2.3438550186228307e-09,5.550921518046454e-07,0.0015071953176810694,0.0015,6.262541718682346e-07,0.0014987074174679616,0.0015,0.3,0.0,0.2923358318053419,0.0
23599,5.89975,5.9,-4.362417866543149,4.401881343109863,0.019731738283356837,8.76429920965301,-0.09779715800199318,0.10087162904822089,1,1,-4.362417866543149,4.401881343109863,-6.0,6.0,0.0,12.0,0.007587908446945693,0.0,0.007587908446945693,0.0,-0.007587908446945693,-0.007587908446945693,0.0,0.0,0.0,0.0,0.0,0.0,1.8972142536368033e-06,0.0,6.028588071364609,5.994907853382927,5.110929041096668e-16,1.1518563880486e-15,0.8003749930595263,0.0,-6.25,6.25,0.14415703243338493,0.1441570324333851,2.3444741942864314e-09,5.552368026795271e-07,0.0015071481923625972,0.0015,6.262014517333103e-07,0.0014987264890037385,0.0015,0.3,0.0,0.29241209155305314,0.0
23639,5.90975,5.91,-4.362607969379865,4.401752444993676,0.019572237806905424,8.764360414373542,-0.10023468811191538,0.10087269454021663,1,1,-4.362607969379865,4.401752444993676,-6.0,6.0,0.0,12.0,0.0075124074964024925,0.0,0.0075124074964024925,0.0,-0.0075124074964024925,-0.0075124074964024925,0.0,0.0,0.0,0.0,0.0,0.0,1.8783366563996696e-06,0.0,6.028400724527181,5.994983359305577,9.341485918135106e-16,1.1466522176206695e-15,0.800374993057698,0.0,-6.25,6.25,0.14415703243338493,0.1441570324333851,2.3450966045057316e-09,5.553830627310176e-07,0.0015071013486252958,0.0015,6.261483221559061e-07,0.0014987453702181425,0.0015,0.3,0.0,0.29248759250359635,0.0
23679,5.9197500000000005,5.92,-4.36279518051958,4.401625064298892,0.019414941889655868,8.76442024481847,-0.10021937459468055,0.10087374357506673,1,1,-4.36279518051958,4.401625064298892,-6.0,6.0,0.0,12.0,0.007437657792869289,0.0,0.007437657792869289,0.0,-0.007437657792869289,-0.007437657792869289,0.0,0.0,0.0,0.0,0.0,0.0,1.8596468943934604e-06,0.0,6.028214500293356,5.995058111690398,1.0486403412279799e-15,1.1336417915508434e-15,0.80037499305585,0.0,-6.25,6.25,0.14415703243338493,0.1441570324333851,2.345722224698582e-09,5.555309055124812e-07,0.00150705478556171,0.0015,6.260947934944027e-07,0.001498764063001082,0.0015,0.3,0.0,0.29256234220712957,0.0
23719,5.92975,5.93,-4.362981508043719,4.40149918230907,0.019258837132675843,8.764480690352789,-0.10020418056381653,0.10087477642755416,1,1,-4.362981508043719,4.40149918230907,-6.0,6.0,0.0,12.0,0.007363651861313444,0.0,0.007363651861313444,0.0,-0.007363651861313444,-0.007363651861313444,0.0,0.0,0.0,0.0,0.0,0.0,1.8411430986264021e-06,0.0,6.028029394992635,5.995132118020349,3.080311545655516e-16,1.2134390714457766e-15,0.8003749930539825,0.0,-6.25,6.25,0.14415703243338493,0.1441570324333851,2.3463510301042398e-09,5.556803046450065e-07,0.0015070085022544594,0.0015,6.260408760405678e-07,0.001498782569223762,0.0015,0.3,0.0,0.29263634813868533,0.0
23759,5.93975,5.94,-4.363166950474852,4.401374780554501,0.019103915039824226,8.764541731029354,-0.10018910529925262,0.10087579336744368,1,1,-4.363166950474852,4.401374780554501,-6.0,6.0,0.0,12.0,0.007290382301080129,0.0,0.007290382301080129,0.0,-0.007290382301080129,-0.007290382301080129,0.0,0.0,0.0,0.0,0.0,0.0,1.822823418703498e-06,0.0,6.027845404915979,5.99520538570433,1.2340389127230011e-15,1.07032438467769e-15,0.8003749930520959,0.0,-6.25,6.25,0.14415703243338493,0.1441570324333851,2.3469829957873398e-09,5.558312338207358e-07,0.0015069624977765215,0.0015,6.259865800328779e-07,0.0014988008907388676,0.0015,0.3,0.0,0.2927096176989188,0.0
23799,5.94975,5.95,-4.363351506452024,4.401251840808627,0.01895016717830167,8.764603347260651,-0.10017414808103142,0.10087679465957622,1,1,-4.363351506452024,4.401251840808627,-6.0,6.0,0.0,12.0,0.0072178417851522575,0.0,0.0072178417851522575,0.0,-0.0072178417851522575,-0.0072178417851522575,0.0,0.0,0.0,0.0,0.0,0.0,1.804686022641488e-06,0.0,6.027662526316934,5.995277922077919,6.474677497164509e-16,9.653736143810931e-16,0.8003749930501904,0.0,-6.25,6.25,0.14415703243338493,0.1441570324333851,2.347618096641796e-09,5.559836668139681e-07,0.0015069167711915135,0.0015,6.25931915636535e-07,0.0014988190293807502,0.0015,0.3,0.0,0.29278215821484677,0.0
23839,5.9597500000000005,5.96,-4.363535174728733,4.401130345084545,0.018797585177905862,8.764665519813278,-0.10015930818942309,0.10087778056397434,1,1,-4.363535174728733,4.401130345084545,-6.0,6.0,0.0,12.0,0.007146023059417787,0.0,0.007146023059417787,0.0,-0.007146023059417787,-0.007146023059417787,0.0,0.0,0.0,0.0,0.0,0.0,1.7867290966856519e-06,0.0,6.027480755412739,5.9953497344040985,8.83407930141189e-16,7.953707137353661e-16,0.8003749930482666,0.0,-6.25,6.25,0.14415703243338493,0.1441570324333851,2.3482563073946406e-09,5.561375774700563e-07,0.001506871321553969,0.0015,6.258768929545688e-07,0.001498836986965607,0.0015,0.3,0.0,0.2928539769405814,0.0
23879,5.96975,5.97,-4.363717954170956,4.401010275631539,0.018646160730291683,8.764728229802495,-0.10014458490502809,0.10087875133593549,1,1,-4.363717954170956,4.401010275631539,-6.0,6.0,0.0,12.0,0.007074918941944303,0.0,0.007074918941944303,0.0,-0.007074918941944303,-0.007074918941944303,0.0,0.0,0.0,0.0,0.0,0.0,1.7689508451284312e-06,0.0,6.02730008838541,5.9954208298739795,7.244638916548141e-16,7.598088824778415e-16,0.8003749930463245,0.0,-6.25,6.25,0.14415703243338493,0.1441570324333851,2.3488976026097955e-09,5.562929397276125e-07,0.0015068261479096081,0.0015,6.258215220222852e-07,0.0014988547652916614,0.0015,0.3,0.0,0.2929250810580549,0.0
23919,5.97975,5.98,-4.363899843755176,4.400891614931693,0.01849588558825843,8.764791458686869,-0.10012997750889152,0.10087970722612583,1,1,-4.363899843755176,4.400891614931693,-6.0,6.0,0.0,12.0,0.007004522322260799,0.0,0.007004522322260799,0.0,-0.007004522322260799,-0.007004522322260799,0.0,0.0,0.0,0.0,0.0,0.0,1.751349490129854e-06,0.0,6.027120521382811,5.9954912156075055,8.850952197721196e-16,8.760353553682876e-16,0.8003749930443648,0.0,-6.25,6.25,0.14415703243338493,0.1441570324333851,2.3495419566917836e-09,5.564497276129561e-07,0.0015067812492956078,0.0015,6.257658127994948e-07,0.0014988723661393435,0.0015,0.3,0.0,0.2929954776777383,0.0
23959,5.98975,5.99,-4.364080842566453,4.400774345696539,0.018346751565043284,8.764855188262992,-0.10011548528259806,0.10088064848068068,1,1,-4.364080842566453,4.400774345696539,-6.0,6.0,0.0,12.0,0.006934826160646642,0.0,0.006934826160646642,0.0,-0.006934826160646642,-0.006934826160646642,0.0,0.0,0.0,0.0,0.0,0.0,1.7339232715397523e-06,0.0,6.026942050519699,5.995560898654168,2.968545548265311e-16,9.141992718397773e-16,0.8003749930423874,0.0,-6.25,6.25,0.14415703243338493,0.1441570324333851,2.350189343889374e-09,5.566079152512163e-07,0.0015067366247408604,0.0015,6.257097751871665e-07,0.0014988897912714633,0.0015,0.3,0.0,0.29306517383935243,0.0
23999,5.99975,6.0,-4.364260949796495,4.4006584508637765,0.01819875053364095,8.764919400660272,-0.10010110750836854,0.10088157534128339,1,1,-4.364260949796495,4.4006584508637765,-6.0,6.0,0.0,12.0,0.006865823487427589,0.0,0.006865823487427589,0.0,-0.006865823487427589,-0.006865823487427589,0.0,0.0,0.0,0.0,0.0,0.0,1.7166704467217455e-06,0.0,6.026764671878763,5.995629885993694,3.144186300207963e-16,7.797582024515748e-16,0.8003749930403928,0.0,-6.25,6.25,0.14415703243338493,0.1441570324333851,2.3508397382991713e-09,5.567674768585608e-07,0.0015066922732662365,0.0015,6.256534189963415e-07,0.001498907042433387,0.0015,0.3,0.0,0.2931341765125716,0.0
24039,6.00975,6.01,-4.364440164741775,4.400543913594032,0.018051874426128656,8.764984078335807,-0.10008684346917207,0.10088248804526467,1,1,-4.364440164741775,4.400543913594032,-6.0,6.0,0.0,12.0,0.00679750740227882,0.0,0.00679750740227882,0.0,-0.00679750740227882,-0.00679750740227882,0.0,0.0,0.0,0.0,0.0,0.0,1.6995892903789747e-06,0.0,6.026588381511645,5.995698184536746,8.977964788161978e-16,9.254749744336266e-16,0.8003749930383814,0.0,-6.25,6.25,0.14415703243338493,0.1441570324333851,2.351493113869138e-09,5.569283867566281e-07,0.0015066481938848361,0.0015,6.255967539747776e-07,0.0014989241213532096,0.0015,0.3,0.0,0.29320249259772024,0.0
24079,6.01975,6.0200000000000005,-4.364618486801651,4.400430717267681,0.017906115233015107,8.765049204069332,-0.10007269244880546,0.10088338682568032,1,1,-4.364618486801651,4.400430717267681,-6.0,6.0,0.0,12.0,0.006729871073534886,0.0,0.006729871073534886,0.0,-0.006729871073534886,-0.006729871073534886,0.0,0.0,0.0,0.0,0.0,0.0,1.6826780943815705e-06,0.0,6.026413175439926,5.995765801125603,1.887379141862766e-15,1.0677222994637248e-15,0.8003749930363536,0.0,-6.25,6.25,0.14415703243338493,0.1441570324333851,2.3521494444020645e-09,5.570906193791895e-07,0.0015066043856022413,0.0015,6.25539789790297e-07,0.0014989410297419265,0.0015,0.3,0.0,0.29327012892646404,0.0
24119,6.02975,6.03,-4.364795915476518,4.400318845481708,0.017761465002595234,8.765114760958227,-0.10005865373198974,0.10088427191140448,1,1,-4.364795915476518,4.400318845481708,-6.0,6.0,0.0,12.0,0.006662907737506551,0.0,0.006662907737506551,0.0,-0.006662907737506551,-0.006662907737506551,0.0,0.0,0.0,0.0,0.0,0.0,1.6659351675958413e-06,0.0,6.026239049656129,5.995832742534837,1.5011372001124887e-15,1.0555792351318871e-15,0.8003749930343095,0.0,-6.25,6.25,0.14415703243338493,0.1441570324333851,2.3528087035589817e-09,5.572541492654875e-07,0.001506560847416759,0.0015,6.254825360330063e-07,0.0014989577692936012,0.0015,0.3,0.0,0.2933370922624924,0.0
24159,6.03975,6.04,-4.364972450365979,4.400208282046632,0.01761791584032668,8.765180732412611,-0.10004472660446295,0.10088514352720401,1,1,-4.364972450365979,4.400208282046632,-6.0,6.0,0.0,12.0,0.006596610697804405,0.0,0.006596610697804405,0.0,-0.006596610697804405,-0.006596610697804405,0.0,0.0,0.0,0.0,0.0,0.0,1.649358835715155e-06,0.0,6.026066000124664,5.995899015471988,1.6696713456276768e-16,1.0781306403195856e-15,0.8003749930322495,0.0,-6.25,6.25,0.14415703243338493,0.1441570324333851,2.3534708648625095e-09,5.574189510680071e-07,0.0015065175783196669,0.0015,6.254250022152963e-07,0.0014989743416855353,0.0015,0.3,0.0,0.2934033893021945,0.0
24199,6.04975,6.05,-4.365148091167043,4.400099010983472,0.017475459908214308,8.765247102150514,-0.10003091035305833,0.10088600189382624,1,1,-4.365148091167043,4.400099010983472,-6.0,6.0,0.0,12.0,0.006530973324669236,0.0,0.006530973324669236,0.0,-0.006530973324669236,-0.006530973324669236,0.0,0.0,0.0,0.0,0.0,0.0,1.6329474410925107e-06,0.0,6.025894022782795,5.995964626578216,2.7666383046283036e-16,8.838416110101832e-16,0.8003749930301738,0.0,-6.25,6.25,0.14415703243338493,0.1441570324333851,2.3541359017001637e-09,5.575849995624683e-07,0.0015064745772954463,0.0015,6.253671977662911e-07,0.0014989907485784331,0.0015,0.3,0.0,0.29346902667532987,0.0
24239,6.05975,6.0600000000000005,-4.365322837672335,4.39999101652076,0.01733408942421244,8.765313854193096,-0.10001720426579763,0.10088684722807606,1,1,-4.365322837672335,4.39999101652076,-6.0,6.0,0.0,12.0,0.006465989054309029,0.0,0.006465989054309029,0.0,-0.006465989054309029,-0.006465989054309029,0.0,0.0,0.0,0.0,0.0,0.0,1.6166993425747697e-06,0.0,6.025723113541569,5.996029582428976,4.861562541425002e-16,9.775166787129308e-16,0.800374993028083,0.0,-6.25,6.25,0.14415703243338493,0.1441570324333851,2.3548037873275973e-09,5.577522696422743e-07,0.0015064318433220206,0.0015,6.253091320385096e-07,0.0014990069916165662,0.0015,0.3,0.0,0.29353401094569,0.0
24279,6.06975,6.07,-4.365496689768337,4.399884283091608,0.017193796661635563,8.765380972859944,-0.10000360763196381,0.10088767974289259,1,1,-4.365496689768337,4.399884283091608,-6.0,6.0,0.0,12.0,0.006401651388242595,0.0,0.006401651388242595,0.0,-0.006401651388242595,-0.006401651388242595,0.0,0.0,0.0,0.0,0.0,0.0,1.6006129153385404e-06,0.0,6.025553268286735,5.996093889534657,3.89011739487799e-16,9.619041674291395e-16,0.8003749930259771,0.0,-6.25,6.25,0.14415703243338493,0.1441570324333851,2.355474494871797e-09,5.57920736325174e-07,0.0015063893753709822,0.0015,6.252508143000935e-07,0.0014990230724279362,0.0015,0.3,0.0,0.29359834861175643,0.0
24319,6.07975,6.08,-4.365669647433645,4.399778795330816,0.01705457394858545,8.76544844276446,-0.09999011974218708,0.10088849964742519,1,1,-4.365669647433645,4.399778795330816,-6.0,6.0,0.0,12.0,0.00633795389264971,0.0,0.00633795389264971,0.0,-0.00633795389264971,-0.00633795389264971,0.0,0.0,0.0,0.0,0.0,0.0,1.5846865507276925e-06,0.0,6.025384482879647,5.996157554341226,9.293781022545744e-16,8.621575675604731e-16,0.8003749930238566,0.0,-6.25,6.25,0.14415703243338493,0.1441570324333851,2.3561479973342287e-09,5.580903747632526e-07,0.0015063471724078193,0.0015,6.251922537314769e-07,0.0014990389926244365,0.0015,0.3,0.0,0.2936620461073494,0.0
24359,6.08975,6.09,-4.365841710737253,4.399674538072029,0.016916413667388053,8.76551624880928,-0.0999767398885204,0.10088930714710675,1,1,-4.365841710737253,4.399674538072029,-6.0,6.0,0.0,12.0,0.006274890197727739,0.0,0.006274890197727739,0.0,-0.006274890197727739,-0.006274890197727739,0.0,0.0,0.0,0.0,0.0,0.0,1.5689186560924948e-06,0.0,6.025216753158151,5.9962205832308735,6.930220286527344e-16,9.610368056911511e-16,0.8003749930217219,0.0,-6.25,6.25,0.14415703243338493,0.1441570324333851,2.356824267593927e-09,5.582611602318303e-07,0.001506305233392138,0.0015,6.251334594364888e-07,0.0014990547538020103,0.0015,0.3,0.0,0.2937251098022713,0.0
24399,6.09975,6.1000000000000005,-4.366012879836847,4.399571496344936,0.016779308254044167,8.765584376181783,-0.09996346736450945,0.10089010244373198,1,1,-4.366012879836847,4.399571496344936,-6.0,6.0,0.0,12.0,0.00621245399705463,0.0,0.00621245399705463,0.0,-0.00621245399705463,-0.00621245399705463,0.0,0.0,0.0,0.0,0.0,0.0,1.5533076546303423e-06,0.0,6.0250500749374645,5.9962829825226365,3.027117876567946e-16,9.809861256648844e-16,0.8003749930195729,0.0,-6.25,6.25,0.14415703243338493,0.1441570324333851,2.357503278410546e-09,5.584330681461156e-07,0.0015062635572778806,0.0015,6.250744404245889e-07,0.0014990703575408098,0.0015,0.3,0.0,0.2937875460029444,0.0
24439,6.10975,6.11,-4.366183154977138,4.399469655372514,0.016643250197688086,8.765652810349653,-0.09995030146526807,0.10089088573552119,1,1,-4.366183154977138,4.399469655372514,-6.0,6.0,0.0,12.0,0.006150639046958291,0.0,0.006150639046958291,0.0,-0.006150639046958291,-0.006150639046958291,0.0,0.0,0.0,0.0,0.0,0.0,1.5378519852280805e-06,0.0,6.024884444011027,5.996344758473024,4.122136659789888e-16,1.1032841307212493e-15,0.8003749930174104,0.0,-6.25,6.25,0.14415703243338493,0.1441570324333851,2.3581850024273567e-09,5.586060740567641e-07,0.0015062221430135418,0.0015,6.250152056253012e-07,0.0014990858054053523,0.0015,0.3,0.0,0.2938493609530406,0.0
24479,6.11975,6.12,-4.366352536488196,4.399369000568323,0.016508232040063575,8.76572153705652,-0.09993724148755323,0.10089165721719084,1,1,-4.366352536488196,4.399369000568323,-6.0,6.0,0.0,12.0,0.006089439165892199,0.0,0.006089439165892199,0.0,-0.006089439165892199,-0.006089439165892199,0.0,0.0,0.0,0.0,0.0,0.0,1.5225501023058895e-06,0.0,6.024719856151348,5.996405917276644,1.3393674597140734e-15,9.636388909051163e-16,0.8003749930152344,0.0,-6.25,6.25,0.14415703243338493,0.1441570324333851,2.358869412174204e-09,5.587801536587601e-07,0.0015061809895423757,0.0015,6.249557638771109e-07,0.0014991010989446735,0.0015,0.3,0.0,0.2939105608341068,0.0
24519,6.1297500000000005,6.13,-4.366521024783819,4.399269517533824,0.01637424637500251,8.765790542317642,-0.09992428672982279,0.10089241708002739,1,1,-4.366521024783819,4.399269517533824,-6.0,6.0,0.0,12.0,0.0060288482338172475,0.0,0.0060288482338172475,0.0,-0.0060288482338172475,-0.0060288482338172475,0.0,0.0,0.0,0.0,0.0,0.0,1.5074004756627254e-06,0.0,6.024556307110835,5.996466465066807,5.727653729992524e-16,9.705777848090236e-16,0.8003749930130453,0.0,-6.25,6.25,0.14415703243338493,0.1441570324333851,2.3595564800704105e-09,5.589552827836457e-07,0.001506140095802609,0.0015,6.248961239296857e-07,0.001499116239692483,0.0015,0.3,0.0,0.29397115176618177,0.0
24559,6.13975,6.140000000000001,-4.36668862035992,4.399171192055764,0.01624128584792217,8.765859812415684,-0.09991143649230982,0.10089316551194605,1,1,-4.36668862035992,4.399171192055764,-6.0,6.0,0.0,12.0,0.005968860191589731,0.0,0.005968860191589731,0.0,-0.005968860191589731,-0.005968860191589731,0.0,0.0,0.0,0.0,0.0,0.0,1.4924015903232982e-06,0.0,6.024393792622606,5.99652640791614,1.0465252999586859e-15,9.766493169749424e-16,0.8003749930108434,0.0,-6.25,6.25,0.14415703243338493,0.1441570324333851,2.3602461784276537e-09,5.591314374117328e-07,0.0015060994607276376,0.0015,6.248362944472064e-07,0.0014991312291673148,0.0015,0.3,0.0,0.2940311398084093,0.0
24599,6.14975,6.15,-4.366855323792924,4.399074010103583,0.016109343155329192,8.765929333896507,-0.09989869007708263,0.10089390269756082,1,1,-4.366855323792924,4.399074010103583,-6.0,6.0,0.0,12.0,0.00590946904035544,0.0,0.00590946904035544,0.0,-0.00590946904035544,-0.00590946904035544,0.0,0.0,0.0,0.0,0.0,0.0,1.4775519463865753e-06,0.0,6.024232308401294,5.996585751837178,6.70687463899533e-16,7.788908407135864e-16,0.8003749930086289,0.0,-6.25,6.25,0.14415703243338493,0.1441570324333851,2.360938479452783e-09,5.593085936776544e-07,0.001506059083246235,0.0015,6.247762840017046e-07,0.0014991460688726763,0.0015,0.3,0.0,0.29409053095964377,0.0
24639,6.15975,6.16,-4.367021135738206,4.398977957826864,0.015978411044329288,8.765999093565071,-0.09988604678810964,0.1008946288182494,1,1,-4.367021135738206,4.398977957826864,-6.0,6.0,0.0,12.0,0.005850668840949761,0.0,0.005850668840949761,0.0,-0.005850668840949761,-0.005850668840949761,0.0,0.0,0.0,0.0,0.0,0.0,1.462850058875789e-06,0.0,6.024071850143835,5.996644502782967,5.204509241109323e-16,7.73686670285656e-16,0.8003749930064022,0.0,-6.25,6.25,0.14415703243338493,0.1441570324333851,2.361633355250611e-09,5.59486727858152e-07,0.0015060189622827411,0.0015,6.247161010775049e-07,0.001499160760297199,0.0015,0.3,0.0,0.29414933115904945,0.0
24679,6.1697500000000005,6.17,-4.367186056928524,4.398883021552839,0.015848482312157408,8.766069078481364,-0.09987350593131383,0.1008953440522109,1,1,-4.367186056928524,4.398883021552839,-6.0,6.0,0.0,12.0,0.005792453713303748,0.0,0.005792453713303748,0.0,-0.005792453713303748,-0.005792453713303748,0.0,0.0,0.0,0.0,0.0,0.0,1.4482944575899352e-06,0.0,6.023912413530233,5.996702666647646,9.566999970012091e-16,6.982261990806649e-16,0.8003749930041636,0.0,-6.25,6.25,0.14415703243338493,0.1441570324333851,2.36233077782666e-09,5.59665816385398e-07,0.0015059790967572619,0.0015,6.246557540623421e-07,0.0014991753049147843,0.0015,0.3,0.0,0.29420754628669554,0.0
24719,6.17975,6.18,-4.367350088172497,4.398789187783906,0.015719549805704336,8.766139275956402,-0.09986106681463824,0.1008960485745275,1,1,-4.367350088172497,4.398789187783906,-6.0,6.0,0.0,12.0,0.005734817835856126,0.0,0.005734817835856126,0.0,-0.005734817835856126,-0.005734817835856126,0.0,0.0,0.0,0.0,0.0,0.0,1.4338836869567568e-06,0.0,6.023753994224333,5.9967602492670355,7.739924491796148e-16,5.941427905220564e-16,0.8003749930019134,0.0,-6.25,6.25,0.14415703243338493,0.1441570324333851,2.3630307190898728e-09,5.598458358558785e-07,0.0015059394855858567,0.0015,6.245952512595743e-07,0.0014991897041847497,0.0015,0.3,0.0,0.29426518216414327,0.0
24759,6.18975,6.19,-4.367513230353079,4.398696443195209,0.015591606421065052,8.766209673548287,-0.09984872874809259,0.1008967425572288,1,1,-4.367513230353079,4.398696443195209,-6.0,6.0,0.0,12.0,0.005677755444971123,0.0,0.005677755444971123,0.0,-0.005677755444971123,-0.005677755444971123,0.0,0.0,0.0,0.0,0.0,0.0,1.4196163058871816e-06,0.0,6.023596587874551,5.996817256419207,6.338245900350259e-16,4.98732999343332e-16,0.8003749929996518,0.0,-6.25,6.25,0.14415703243338493,0.1441570324333851,2.363733150855283e-09,5.600267630137387e-07,0.001505900127680724,0.0015,6.245346008737496e-07,0.0014992039595519728,0.0015,0.3,0.0,0.29432224455502837,0.0
24799,6.19975,6.2,-4.367675484426072,4.398604774632242,0.015464645103084873,8.766280259058313,-0.09983649104381986,0.10089742616934627,1,1,-4.367675484426072,4.398604774632242,-6.0,6.0,0.0,12.0,0.005621260834362094,0.0,0.005621260834362094,0.0,-0.005621260834362094,-0.005621260834362094,0.0,0.0,0.0,0.0,0.0,0.0,1.4054908876312121e-06,0.0,6.0234401901146235,5.996873693825062,1.1102230246251565e-16,6.687358999890591e-16,0.8003749929973791,0.0,-6.25,6.25,0.14415703243338493,0.1441570324333851,2.3644380448466594e-09,5.602085747707678e-07,0.0015058610219503873,0.0015,6.24473811023929e-07,0.0014992180724470341,0.0015,0.3,0.0,0.2943787391656372,0.0
24839,6.2097500000000005,6.21,-4.367836851418652,4.398514169108495,0.015338658844921582,8.766351020527146,-0.09982435301613579,0.10089809957697204,1,1,-4.367836851418652,4.398514169108495,-6.0,6.0,0.0,12.0,0.0055653283545209035,0.0,0.0055653283545209035,0.0,-0.0055653283545209035,-0.0055653283545209035,0.0,0.0,0.0,0.0,0.0,0.0,1.391506019635253e-06,0.0,6.023284796564316,5.996929567148892,7.732529894166618e-16,6.557254739192331e-16,0.8003749929950957,0.0,-6.25,6.25,0.14415703243338493,0.1441570324333851,2.365145372699107e-09,5.603912481908558e-07,0.0015058221672998734,0.0015,6.244128897292534e-07,0.0014992320442863587,0.0015,0.3,0.0,0.29443467164547843,0.0
24879,6.21975,6.22,-4.367997332427907,4.398424613803134,0.015213640687613328,8.766421946231041,-0.09981231398159152,0.10089876294331113,1,1,-4.367997332427907,4.398424613803134,-6.0,6.0,0.0,12.0,0.005509952412152952,0.0,0.005509952412152952,0.0,-0.005509952412152952,-0.005509952412152952,0.0,0.0,0.0,0.0,0.0,0.0,1.3776603034008489e-06,0.0,6.023130402830139,5.996984881998938,4.629822797385698e-16,7.32920668600201e-16,0.8003749929928018,0.0,-6.25,6.25,0.14415703243338493,0.1441570324333851,2.3658551059616425e-09,5.605747605155277e-07,0.0015057835626308903,0.0015,6.243518449222662e-07,0.0014992458764723552,0.0015,0.3,0.0,0.2944900475878463,0.0
24919,6.22975,6.23,-4.368156928619405,4.398336096058719,0.01508958371965674,8.766493024678123,-0.0998003732590147,0.10089941642874412,1,1,-4.368156928619405,4.398336096058719,-6.0,6.0,0.0,12.0,0.00545512746961786,0.0,0.00545512746961786,0.0,-0.00545512746961786,-0.00545512746961786,0.0,0.0,0.0,0.0,0.0,0.0,1.3639523543448393e-06,0.0,6.022977004506035,5.997039643927948,3.881443777498106e-16,7.658804146437603e-16,0.8003749929904977,0.0,-6.25,6.25,0.14415703243338493,0.1441570324333851,2.3665672160997363e-09,5.607590891439607e-07,0.001505745206842,0.0015,6.242906844389218e-07,0.0014992595703935561,0.0015,0.3,0.0,0.29454487253038136,0.0
24959,6.23975,6.24,-4.3683156412257755,4.39824860337895,0.014966481076587268,8.766564244604726,-0.09978853016955891,0.10090006019087439,1,1,-4.3683156412257755,4.39824860337895,-6.0,6.0,0.0,12.0,0.005400848044375682,0.0,0.005400848044375682,0.0,-0.005400848044375682,-0.005400848044375682,0.0,0.0,0.0,0.0,0.0,0.0,1.3503808016608946e-06,0.0,6.022824597174071,5.99709385843372,7.853960537484994e-16,8.344019919448442e-16,0.8003749929881837,0.0,-6.25,6.25,0.14415703243338493,0.1441570324333851,2.3672816744978218e-09,5.60944211642976e-07,0.0015057070988287922,0.0015,6.242294160185846e-07,0.0014992731274247528,0.0015,0.3,0.0,0.2945991519556235,0.0
24999,6.24975,6.25,-4.368473471545308,4.39816212342646,0.014844325940575942,8.766635594971769,-0.09977678403675028,0.10090069438458082,1,1,-4.368473471545308,4.39816212342646,-6.0,6.0,0.0,12.0,0.005347108708438664,0.0,0.005347108708438664,0.0,-0.005347108708438664,-0.005347108708438664,0.0,0.0,0.0,0.0,0.0,0.0,1.3369442881824373e-06,0.0,6.022673176405098,5.997147530959653,1.3849598551329834e-15,9.098624631498353e-16,0.80037499298586,0.0,-6.25,6.25,0.14415703243338493,0.1441570324333851,2.3679984524617834e-09,5.611301057536992e-07,0.0015056692374840468,0.0015,6.24168047308471e-07,0.0014992865489271332,0.0015,0.3,0.0,0.2946528912915604,0.0
25039,6.25975,6.26,-4.368630420940579,4.398076644020629,0.014723111540025258,8.766707064961208,-0.09976513418653188,0.10090131916207223,1,1,-4.368630420940579,4.398076644020629,-6.0,6.0,0.0,12.0,0.005293904087828427,0.0,0.005293904087828427,0.0,-0.005293904087828427,-0.005293904087828427,0.0,0.0,0.0,0.0,0.0,0.0,1.3236414702469215e-06,0.0,6.022522737759421,5.99720066689528,6.507381439257998e-16,7.771561172376096e-16,0.800374992983527,0.0,-6.25,6.25,0.14415703243338493,0.1441570324333851,2.368717521221408e-09,5.613167493815693e-07,0.0015056316216979042,0.0015,6.241065858647587e-07,0.001499299836248415,0.0015,0.3,0.0,0.2947060959121708,0.0
25079,6.26975,6.2700000000000005,-4.368786490837082,4.397992153135438,0.01460283114917793,8.76677864397252,-0.09975357994730649,0.10090193467293729,1,1,-4.368786490837082,4.397992153135438,-6.0,6.0,0.0,12.0,0.005241228862038575,0.0,0.005241228862038575,0.0,-0.005241228862038575,-0.005241228862038575,0.0,0.0,0.0,0.0,0.0,0.0,1.310471017561469e-06,0.0,6.0223732767874365,5.997253271576795,1.1085882510369557e-15,9.62771529167128e-16,0.8003749929811849,0.0,-6.25,6.25,0.14415703243338493,0.1441570324333851,2.369438851932818e-09,5.615041206174326e-07,0.0015055942503580234,0.0015,6.24045039144816e-07,0.0014993129907229794,0.0015,0.3,0.0,0.29475877113796045,0.0
25119,6.27975,6.28,-4.36894168272189,4.397908638897354,0.014483478087731871,8.766850321619245,-0.09974212064997712,0.10090254106419227,1,1,-4.36894168272189,4.397908638897354,-6.0,6.0,0.0,12.0,0.005189077763502631,0.0,0.005189077763502631,0.0,-0.005189077763502631,-0.005189077763502631,0.0,0.0,0.0,0.0,0.0,0.0,1.2974316130698352e-06,0.0,6.02222478903027,5.997305350287591,1.0363126237136408e-15,9.488937413593135e-16,0.8003749929788339,0.0,-6.25,6.25,0.14415703243338493,0.1441570324333851,2.3701624156808727e-09,5.616921977086766e-07,0.0015055571223497426,0.0015,6.239834145127521e-07,0.0014993260136720028,0.0015,0.3,0.0,0.2948109222364964,0.0
25159,6.28975,6.29,-4.369095998142332,4.397826089583248,0.014365045720457825,8.766922087725579,-0.09973075562798583,0.10090313848033106,1,1,-4.369095998142332,4.397826089583248,-6.0,6.0,0.0,12.0,0.005137445577067283,0.0,0.005137445577067283,0.0,-0.005137445577067283,-0.005137445577067283,0.0,0.0,0.0,0.0,0.0,0.0,1.2845219528207048e-06,0.0,6.022077270020404,5.997356908258774,6.025368870293465e-16,1.0174153186603974e-15,0.8003749929764744,0.0,-6.25,6.25,0.14415703243338493,0.1441570324333851,2.3708881834815503e-09,5.618809590947579e-07,0.001505520236556234,0.0015,6.239217192383073e-07,0.0014993389064035868,0.0015,0.3,0.0,0.2948625544229317,0.0
25199,6.29975,6.3,-4.369249438704679,4.39774449361834,0.014247527456830777,8.766993932323018,-0.09971948421735322,0.10090372706336947,1,1,-4.369249438704679,4.39774449361834,-6.0,6.0,0.0,12.0,0.005086327139470862,0.0,0.005086327139470862,0.0,-0.005086327139470862,-0.005086327139470862,0.0,0.0,0.0,0.0,0.0,0.0,1.2717407458372954e-06,0.0,6.021930715282282,5.997407950669684,1.8277480223760634e-15,1.1293049828609014e-15,0.8003749929741065,0.0,-6.25,6.25,0.14415703243338493,0.1441570324333851,2.3716161262843035e-09,5.620703833816663e-07,0.0015054835918586569,0.0015,6.238599604957429e-07,0.001499351670212888,0.0015,0.3,0.0,0.294913672860528,0.0
25239,6.30975,6.3100000000000005,-4.369402006072863,4.397663839574185,0.014130916750660916,8.767065845647048,-0.09970830575671663,0.10090430695289587,1,1,-4.369402006072863,4.397663839574185,-6.0,6.0,0.0,12.0,0.005035717338827009,0.0,0.005035717338827009,0.0,-0.005035717338827009,-0.005035717338827009,0.0,0.0,0.0,0.0,0.0,0.0,1.2590867139882576e-06,0.0,6.021785120332917,5.9974584826483985,1.0383768430060995e-15,1.0625181290357943e-15,0.8003749929717308,0.0,-6.25,6.25,0.14415703243338493,0.1441570324333851,2.3723462149743952e-09,5.622604493563579e-07,0.0015054471871363089,0.0015,6.237981453671715e-07,0.0014993643063822455,0.0015,0.3,0.0,0.2949642826611719,0.0
25279,6.31975,6.32,-4.369553701967201,4.3975841161666755,0.01401520709973747,8.767137818133875,-0.09969721958736077,0.10090487828611439,1,1,-4.369553701967201,4.3975841161666755,-6.0,6.0,0.0,12.0,0.004985611114113482,0.0,0.004985611114113482,0.0,-0.004985611114113482,-0.004985611114113482,0.0,0.0,0.0,0.0,0.0,0.0,1.2465585918598603e-06,0.0,6.021640480682476,5.997508509272252,7.924107571011859e-16,1.07032438467769e-15,0.8003749929693471,0.0,-6.25,6.25,0.14415703243338493,0.1441570324333851,2.373078420375214e-09,5.624511359900861e-07,0.0015054110212667732,0.0015,6.237362808336755e-07,0.0014993768161813074,0.0015,0.3,0.0,0.29501438888588544,0.0
25319,6.32975,6.33,-4.369704528163143,4.397505312254084,0.013900392045470333,8.767209840417227,-0.09968622505325597,0.10090544119788825,1,1,-4.369704528163143,4.397505312254084,-6.0,6.0,0.0,12.0,0.0049360034546660604,0.0,0.0049360034546660604,0.0,-0.0049360034546660604,-0.0049360034546660604,0.0,0.0,0.0,0.0,0.0,0.0,1.2341551266294525e-06,0.0,6.0214967918348625,5.997558035568324,1.1727755607469394e-15,9.324138683375338e-16,0.800374992966956,0.0,-6.25,6.25,0.14415703243338493,0.1441570324333851,2.3738127132505667e-09,5.626424224261888e-07,0.0015053750931260628,0.0015,6.236743737897399e-07,0.0014993892008671576,0.0015,0.3,0.0,0.295063996545333,0.0
25359,6.33975,6.34,-4.369854486490038,4.397427416835134,0.013786465172548112,8.767281903325172,-0.09967532150109315,0.10090599582078474,1,1,-4.369854486490038,4.397427416835134,-6.0,6.0,0.0,12.0,0.004886889399677454,0.0,0.004886889399677454,0.0,-0.004886889399677454,-0.004886889399677454,0.0,0.0,0.0,0.0,0.0,0.0,1.2218750779401731e-06,0.0,6.021354049288281,5.997607066513941,1.454999315475547e-16,9.532305500492555e-16,0.8003749929645577,0.0,-6.25,6.25,0.14415703243338493,0.1441570324333851,2.3745490643069535e-09,5.628342879989625e-07,0.001505339401588763,0.0015,6.236124310265989e-07,0.001499401461684436,0.0015,0.3,0.0,0.2951131106003216,0.0
25399,6.34975,6.3500000000000005,-4.370003578829908,4.397350419047096,0.013673420108593959,8.767353997877004,-0.09966450828030549,0.10090654228511853,1,1,-4.370003578829908,4.397350419047096,-6.0,6.0,0.0,12.0,0.004838264037701236,0.0,0.004838264037701236,0.0,-0.004838264037701236,-0.004838264037701236,0.0,0.0,0.0,0.0,0.0,0.0,1.2097172177769206e-06,0.0,6.021212248535798,5.9976556070371725,8.083811398051921e-16,9.194034422677078e-16,0.8003749929621524,0.0,-6.25,6.25,0.14415703243338493,0.1441570324333851,2.3752874441958262e-09,5.630267122136777e-07,0.001505303945528171,0.0015,6.235504592477792e-07,0.0014994135998654668,0.0015,0.3,0.0,0.29516173596229783,0.0
25439,6.35975,6.36,-4.370151807116256,4.397274308163914,0.01356125052382895,8.76742611528017,-0.09965378474311004,0.10090708071899213,1,1,-4.370151807116256,4.397274308163914,-6.0,6.0,0.0,12.0,0.004790122506160686,0.0,0.004790122506160686,0.0,-0.004790122506160686,-0.004790122506160686,0.0,0.0,0.0,0.0,0.0,0.0,1.1976803303435462e-06,0.0,6.02107138506589,5.997703662017309,1.6790327537607314e-15,9.896597430447684e-16,0.8003749929597405,0.0,-6.25,6.25,0.14415703243338493,0.1441570324333851,2.3760278235158277e-09,5.632196747687841e-07,0.001505268723816432,0.0015,6.234884650624384e-07,0.0014994256166303756,0.0015,0.3,0.0,0.2952098774938383,0.0
25479,6.36975,6.37,-4.370299173332873,4.397199073594358,0.013449950130742572,8.76749824692723,-0.09964315024452719,0.10090761124833703,1,1,-4.370299173332873,4.397199073594358,-6.0,6.0,0.0,12.0,0.004742459990862535,0.0,0.004742459990862535,0.0,-0.004742459990862535,-0.004742459990862535,0.0,0.0,0.0,0.0,0.0,0.0,1.1857632119412764e-06,0.0,6.020931454362973,5.997751236285349,1.2288347422950707e-15,9.43689570931383e-16,0.800374992957322,0.0,-6.25,6.25,0.14415703243338493,0.1441570324333851,2.3767701728150197e-09,5.634131555514694e-07,0.001505233735324675,0.0015,6.234264549775936e-07,0.001499437513187213,0.0015,0.3,0.0,0.2952575400091365,0.0
25519,6.3797500000000005,6.38,-4.370445679512672,4.397124704880208,0.013339512683768096,8.76757038439288,-0.09963260414241892,0.10090813399695364,1,1,-4.370445679512672,4.397124704880208,-6.0,6.0,0.0,12.0,0.004695271725515535,0.0,0.004695271725515535,0.0,-0.004695271725515535,-0.004695271725515535,0.0,0.0,0.0,0.0,0.0,0.0,1.1739646708483404e-06,0.0,6.0207924519079405,5.997798334624472,5.785298557217915e-16,8.907805049140904e-16,0.8003749929548971,0.0,-6.25,6.25,0.14415703243338493,0.1441570324333851,2.3775144625930843e-09,5.636071346154545e-07,0.001505198978923143,0.0015,6.233644354125545e-07,0.0014994492907320705,0.0015,0.3,0.0,0.29530472827448356,0.0
25559,6.38975,6.390000000000001,-4.3705913277365385,4.397051191694464,0.013229931978962828,8.767642519431003,-0.09962214579750273,0.10090864908655073,1,1,-4.3705913277365385,4.397051191694464,-6.0,6.0,0.0,12.0,0.004648552991253826,0.0,0.004648552991253826,0.0,-0.004648552991253826,-0.004648552991253826,0.0,0.0,0.0,0.0,0.0,0.0,1.1622835272007965e-06,0.0,6.020654373178669,5.9978449617705145,8.461113754076877e-16,9.471590178833367e-16,0.8003749929524664,0.0,-6.25,6.25,0.14415703243338493,0.1441570324333851,2.3782606633035266e-09,5.638015922187416e-07,0.0015051644534813228,0.0015,6.233024126933717e-07,0.0014994609504492033,0.0015,0.3,0.0,0.2953514470087452,0.0
25599,6.39975,6.4,-4.370736120132192,4.396978523839575,0.013121201853691478,8.767714643971768,-0.0996117745733871,0.10090915663678646,1,1,-4.370736120132192,4.396978523839575,-6.0,6.0,0.0,12.0,0.004602299116165047,0.0,0.004602299116165047,0.0,-0.004602299116165047,-0.004602299116165047,0.0,0.0,0.0,0.0,0.0,0.0,1.1507186128745448e-06,0.0,6.020517213650533,5.997891122412439,5.208507236620363e-16,1.0061396160665481e-15,0.80037499295003,0.0,-6.25,6.25,0.14415703243338493,0.1441570324333851,2.3790087453558503e-09,5.639965087969687e-07,0.001505130157868072,0.0015,6.232403930483965e-07,0.0014994724935111414,0.0015,0.3,0.0,0.29539770088383394,0.0
25639,6.40975,6.41,-4.3708800588730705,4.3969066912457055,0.013013316186317514,8.767786750118777,-0.09960148983659045,0.10090965676530228,1,1,-4.3708800588730705,4.3969066912457055,-6.0,6.0,0.0,12.0,0.004556505474823148,0.0,0.004556505474823148,0.0,-0.004556505474823148,-0.004556505474823148,0.0,0.0,0.0,0.0,0.0,0.0,1.1392687713685165e-06,0.0,6.0203809687969025,5.997936821192787,1.0117478212103188e-15,8.543513119185775e-16,0.8003749929475881,0.0,-6.25,6.25,0.14415703243338493,0.1441570324333851,2.3797586791177295e-09,5.641918649722912e-07,0.001505096090951744,0.0015,6.231783826149417e-07,0.0014994839210788103,0.0015,0.3,0.0,0.295443494525176,0.0
25679,6.4197500000000005,6.42,-4.371023146177224,4.396835683969021,0.01290626889589852,8.767858830146245,-0.0995912909565666,0.10091014958776012,1,1,-4.371023146177224,4.396835683969021,-6.0,6.0,0.0,12.0,0.004511167487825831,0.0,0.004511167487825831,0.0,-0.004511167487825831,-0.004511167487825831,0.0,0.0,0.0,0.0,0.0,0.0,1.1279328576890184e-06,0.0,6.020245634089621,5.9979820627081475,6.891828518193043e-16,9.861902960928148e-16,0.8003749929451408,0.0,-6.25,6.25,0.14415703243338493,0.1441570324333851,2.380510434917162e-09,5.643876415611536e-07,0.0015050622516003082,0.0015,6.231163874359513e-07,0.001499495234301643,0.0015,0.3,0.0,0.29548883251217317,0.0
25719,6.42975,6.43,-4.371165384306229,4.396765492190001,0.012800053941885992,8.76793087649623,-0.09958117730572646,0.10091063521788013,1,1,-4.371165384306229,4.396765492190001,-6.0,6.0,0.0,12.0,0.004466280621336615,0.0,0.004466280621336615,0.0,-0.004466280621336615,-0.004466280621336615,0.0,0.0,0.0,0.0,0.0,0.0,1.1167097382352365e-06,0.0,6.020111204999498,5.998026851509607,1.6374671529730683e-16,1.0217521273503394e-15,0.8003749929426887,0.0,-6.25,6.25,0.14415703243338493,0.1441570324333851,2.3812639830446186e-09,5.645838195587465e-07,0.0015050286386814717,0.0015,6.230544134622207e-07,0.0014995064343176938,0.0015,0.3,0.0,0.29553371937866235,0.0
25759,6.43975,6.44,-4.371306775564118,4.396696106211773,0.012694665323827348,8.768002881775892,-0.09957114825945856,0.10091111376747897,1,1,-4.371306775564118,4.396696106211773,-6.0,6.0,0.0,12.0,0.004421840386631449,0.0,0.004421840386631449,0.0,-0.004421840386631449,-0.004421840386631449,0.0,0.0,0.0,0.0,0.0,0.0,1.1055982906858735e-06,0.0,6.019977676996765,5.998071192103199,2.9951339124796236e-16,9.54097911787244e-16,0.8003749929402316,0.0,-6.25,6.25,0.14415703243338493,0.1441570324333851,2.3820192937551737e-09,5.647803801567699e-07,0.0015049952510627941,0.0015,6.229924665546172e-07,0.0014995175222537512,0.0015,0.3,0.0,0.2955781596133676,0.0
25799,6.44975,6.45,-4.371447322296322,4.396627516458475,0.01259009708107639,8.768074838754796,-0.09956120319614792,0.10091158534649813,1,1,-4.371447322296322,4.396627516458475,-6.0,6.0,0.0,12.0,0.004377842339649822,0.0,0.004377842339649822,0.0,-0.004377842339649822,-0.004377842339649822,0.0,0.0,0.0,0.0,0.0,0.0,1.0945974038869132e-06,0.0,6.019845045551547,5.998115088950344,6.22723376228311e-16,1.061650767297806e-15,0.80037499293777,0.0,-6.25,6.25,0.14415703243338493,0.1441570324333851,2.3827763372706338e-09,5.649773047323311e-07,0.0015049620876118064,0.0015,6.229305524774187e-07,0.0014995284992254483,0.0015,0.3,0.0,0.2956221576603491,0.0
25839,6.4597500000000005,6.46,-4.3715870268886325,4.39655971347364,0.012486343292503754,8.768146740362273,-0.09955134149719824,0.10091205006304338,1,1,-4.3715870268886325,4.39655971347364,-6.0,6.0,0.0,12.0,0.0043342820805503755,0.0,0.0043342820805503755,0.0,-0.0043342820805503755,-0.0043342820805503755,0.0,0.0,0.0,0.0,0.0,0.0,1.0837059777405093e-06,0.0,6.0197133061343,5.998158546468298,6.995272416876475e-16,1.1015494072452725e-15,0.8003749929353041,0.0,-6.25,6.25,0.14415703243338493,0.1441570324333851,2.38353508378165e-09,5.651745748523858e-07,0.0015049291471961196,0.0015,6.228686769038649e-07,0.0014995393663373735,0.0015,0.3,0.0,0.2956657179194485,0.0
25879,6.46975,6.47,-4.371725891766176,4.396492687918609,0.012383398076216245,8.768218579684785,-0.09954156254704749,0.10091250802341356,1,1,-4.371725891766176,4.396492687918609,-6.0,6.0,0.0,12.0,0.004291155253270897,0.0,0.004291155253270897,0.0,-0.004291155253270897,-0.004291155253270897,0.0,0.0,0.0,0.0,0.0,0.0,1.0729229230949708e-06,0.0,6.019582454216265,5.998201569030586,4.863730945769973e-16,1.2195106036116954e-15,0.8003749929328342,0.0,-6.25,6.25,0.14415703243338493,0.1441570324333851,2.3842955034498303e-09,5.653721722726275e-07,0.0015048964286835372,0.0015,6.228068454194879e-07,0.0014995501246831797,0.0015,0.3,0.0,0.2957088447467279,0.0
25919,6.47975,6.48,-4.371863919392402,4.396426430570957,0.012281255589277507,8.768290349963358,-0.09953186573318618,0.10091295933214062,1,1,-4.371863919392402,4.396426430570957,-6.0,6.0,0.0,12.0,0.004248457545092721,0.0,0.004248457545092721,0.0,-0.004248457545092721,-0.004248457545092721,0.0,0.0,0.0,0.0,0.0,0.0,1.0622471616358474e-06,0.0,6.019452485269898,5.998244160967426,6.713845720151233e-16,1.343543332144037e-15,0.8003749929303604,0.0,-6.25,6.25,0.14415703243338493,0.1441570324333851,2.3850575664098332e-09,5.655700789385979e-07,0.0015048639309421644,0.0015,6.227450635132304e-07,0.0014995607753456913,0.0015,0.3,0.0,0.2957515424549059,0.0
25959,6.48975,6.49,-4.372001112268088,4.396360932322951,0.012179910027431351,8.76836204459104,-0.09952225044617069,0.10091340409201122,1,1,-4.372001112268088,4.396360932322951,-6.0,6.0,0.0,12.0,0.004206184686209445,0.0,0.004206184686209445,0.0,-0.004206184686209445,-0.004206184686209445,0.0,0.0,0.0,0.0,0.0,0.0,1.0516776257780958e-06,0.0,6.019323394769294,5.998286326566166,6.320898665590491e-16,1.5334955527634975e-15,0.8003749929278829,0.0,-6.25,6.25,0.14415703243338493,0.1441570324333851,2.3858212427714662e-09,5.657682769867973e-07,0.001504831652840513,0.0015,6.226833365885476e-07,0.0014995713193970122,0.0015,0.3,0.0,0.295793815313789,0.0
25999,6.49975,6.5,-4.372137472930366,4.396296184180027,0.012079355624830423,8.768433657110393,-0.09951271607964385,0.10091384240410672,1,1,-4.372137472930366,4.396296184180027,-6.0,6.0,0.0,12.0,0.004164332449299958,0.0,0.004164332449299958,0.0,-0.004164332449299958,-0.004164332449299958,0.0,0.0,0.0,0.0,0.0,0.0,1.0412132585593237e-06,0.0,6.019195178190596,5.998328070071703,5.460592712052716e-16,1.4641066137244252e-15,0.800374992925402,0.0,-6.25,6.25,0.14415703243338493,0.1441570324333851,2.3865865026217658e-09,5.659667487402433e-07,0.001504799593247606,0.0015,6.226216699589671e-07,0.0014995817578986295,0.0015,0.3,0.0,0.29583566755069857,0.0
26039,6.50975,6.51,-4.37227300395175,4.396232177259289,0.011979586653769747,8.76850518121104,-0.09950326203034432,0.10091427436783429,1,1,-4.37227300395175,4.396232177259289,-6.0,6.0,0.0,12.0,0.004122896649105688,0.0,0.004122896649105688,0.0,-0.004122896649105688,-0.004122896649105688,0.0,0.0,0.0,0.0,0.0,0.0,1.0308530135340874e-06,0.0,6.019067831012418,5.9983693956869,4.144057872464829e-16,1.345278055620014e-15,0.8003749929229179,0.0,-6.25,6.25,0.14415703243338493,0.1441570324333851,2.3873533160270825e-09,5.661654767184633e-07,0.0015047677510330783,0.0015,6.225600688480881e-07,0.0014995920919015214,0.0015,0.3,0.0,0.29587710335089296,0.0
26079,6.51975,6.5200000000000005,-4.372407707939186,4.396168902788031,0.01188059742442249,8.768576610727218,-0.09949388769812162,0.10091470008094905,1,1,-4.372407707939186,4.396168902788031,-6.0,6.0,0.0,12.0,0.004081873142012086,0.0,0.004081873142012086,0.0,-0.004081873142012086,-0.004081873142012086,0.0,0.0,0.0,0.0,0.0,0.0,1.0205958546692518e-06,0.0,6.018941348716229,5.998410307573006,7.647962124712748e-16,1.1622647289044608e-15,0.8003749929204308,0.0,-6.25,6.25,0.14415703243338493,0.1441570324333851,2.38812165303515e-09,5.663644436252815e-07,0.0015047361250672799,0.0015,6.224985383829207e-07,0.0014996023224462588,0.0015,0.3,0.0,0.29591812685798674,0.0
26119,6.52975,6.53,-4.372541587533118,4.396106352102276,0.01178238228457884,8.768647939635393,-0.09948459248595054,0.10091511963959188,1,1,-4.372541587533118,4.396106352102276,-6.0,6.0,0.0,12.0,0.004041257825634259,0.0,0.004041257825634259,0.0,-0.004041257825634259,-0.004041257825634259,0.0,0.0,0.0,0.0,0.0,0.0,1.0104407562403826e-06,0.0,6.018815726786757,5.998450809850062,9.32854325470106e-16,9.879250195687916e-16,0.8003749929179409,0.0,-6.25,6.25,0.14415703243338493,0.1441570324333851,2.3888914836771565e-09,5.66563632355481e-07,0.0015047047142213701,0.0015,6.224370836127591e-07,0.001499612450563108,0.0015,0.3,0.0,0.29595874217436474,0.0
26159,6.53975,6.54,-4.3726746454065655,4.396044516645345,0.011684935619389769,8.76871916205191,-0.0994753757999417,0.1009155331383127,1,1,-4.3726746454065655,4.396044516645345,-6.0,6.0,0.0,12.0,0.004001046638406722,0.0,0.004001046638406722,0.0,-0.004001046638406722,-0.004001046638406722,0.0,0.0,0.0,0.0,0.0,0.0,1.000386702729174e-06,0.0,6.018690960712361,5.998490906597308,7.829693043546158e-16,1.057313958607864e-15,0.8003749929154486,0.0,-6.25,6.25,0.14415703243338493,0.1441570324333851,2.3896627779698078e-09,5.667630259970231e-07,0.0015046735173674156,0.0015,6.223757094914184e-07,0.001499622477272133,0.0015,0.3,0.0,0.2959989533615922,0.0
26199,6.54975,6.55,-4.372806884264213,4.395983387966435,0.011588251851111231,8.768790272230648,-0.09946623704934987,0.10091594067010434,1,1,-4.372806884264213,4.395983387966435,-6.0,6.0,0.0,12.0,0.003961235559177241,0.0,0.003961235559177241,0.0,-0.003961235559177241,-0.003961235559177241,0.0,0.0,0.0,0.0,0.0,0.0,9.90432688721897e-07,0.0,6.018567045985418,5.998530601853587,7.416417198251313e-16,1.025221574302293e-15,0.8003749929129538,0.0,-6.25,6.25,0.14415703243338493,0.1441570324333851,2.3904355059173855e-09,5.669626078232772e-07,0.001504642533378484,0.0015,6.223144208883369e-07,0.0014996324035832962,0.0015,0.3,0.0,0.2960387644408217,0.0
26239,6.55975,6.5600000000000005,-4.372938306841515,4.395922957719232,0.011492325438858142,8.768861264560748,-0.09945717564659284,0.10091634232642532,1,1,-4.372938306841515,4.395922957719232,-6.0,6.0,0.0,12.0,0.003921820606804722,0.0,0.003921820606804722,0.0,-0.003921820606804722,-0.003921820606804722,0.0,0.0,0.0,0.0,0.0,0.0,9.80577718808856e-07,0.0,6.018443978102683,5.9985698996177454,8.185243593485624e-16,1.1258355359089478e-15,0.8003749929104569,0.0,-6.25,6.25,0.14415703243338493,0.1441570324333851,2.3912096375138074e-09,5.671623612985705e-07,0.001504611761128735,0.0015,6.222532225874655e-07,0.001499642230496557,0.0015,0.3,0.0,0.29607817939319414,0.0
26279,6.56975,6.57,-4.373068915903821,4.395863217660525,0.011397150878351692,8.768932133564345,-0.099448191007247,0.10091673819723146,1,1,-4.373068915903821,4.395863217660525,-6.0,6.0,0.0,12.0,0.0038827978397610774,0.0,0.0038827978397610774,0.0,-0.0038827978397610774,-0.0038827978397610774,0.0,0.0,0.0,0.0,0.0,0.0,9.708208074848466e-07,0.0,6.01832175256565,5.998608803849023,1.85176225346367e-15,1.175708835843281e-15,0.800374992907958,0.0,-6.25,6.25,0.14415703243338493,0.1441570324333851,2.3919851427446734e-09,5.673622700804096e-07,0.0015045811994935125,0.0015,6.221921192828272e-07,0.0014996519590019727,0.0015,0.3,0.0,0.29611720216023774,0.0
26319,6.57975,6.58,-4.3731987142455,4.395804159648856,0.011302722701677759,8.769002873894356,-0.09943928255006729,0.10091712837099975,1,1,-4.3731987142455,4.395804159648856,-6.0,6.0,0.0,12.0,0.0038441633557370837,0.0,0.0038441633557370837,0.0,-0.0038441633557370837,-0.0038441633557370837,0.0,0.0,0.0,0.0,0.0,0.0,9.611609790506054e-07,0.0,6.018200364880905,5.9986473184674445,4.725698456685412e-16,1.0889726620444407e-15,0.8003749929054573,0.0,-6.25,6.25,0.14415703243338493,0.1441570324333851,2.3927619915893187e-09,5.675623180105975e-07,0.0015045508473494299,0.0015,6.221311155840681e-07,0.0014996615900797925,0.0015,0.3,0.0,0.2961558366442618,0.0
26359,6.58975,6.59,-4.3733277046890935,4.395745775643188,0.011209035477047102,8.769073480332281,-0.09943044969699555,0.10091751293475448,1,1,-4.3733277046890935,4.395745775643188,-6.0,6.0,0.0,12.0,0.0038059132912521432,0.0,0.0038059132912521432,0.0,-0.0038059132912521432,-0.0038059132912521432,0.0,0.0,0.0,0.0,0.0,0.0,9.515972675152394e-07,0.0,6.0180798105604785,5.998685447354211,5.603156827405087e-16,1.1501216645726231e-15,0.8003749929029552,0.0,-6.25,6.25,0.14415703243338493,0.1441570324333851,2.3935401540228577e-09,5.677624891207862e-07,0.0015045207035744592,0.0015,6.220702160175673e-07,0.0014996711247005589,0.0015,0.3,0.0,0.2961940867087467,0.0
26399,6.59975,6.6000000000000005,-4.373455890084471,4.3956880577015776,0.011116083808553334,8.769143947786048,-0.09942169187315941,0.10091789197409717,1,1,-4.373455890084471,4.3956880577015776,-6.0,6.0,0.0,12.0,0.0037680438212679326,0.0,0.0037680438212679326,0.0,-0.0037680438212679326,-0.0037680438212679326,0.0,0.0,0.0,0.0,0.0,0.0,9.421287164996252e-07,0.0,6.01796008512217,5.9987231943520785,7.616774371594845e-17,1.2299189444675562e-15,0.8003749929004518,0.0,-6.25,6.25,0.14415703243338493,0.1441570324333851,2.3943196000182285e-09,5.67962767634696e-07,0.0015044907670480135,0.0015,6.220094250219965e-07,0.0014996805638251996,0.0015,0.3,0.0,0.2962319561787308,0.0
26439,6.60975,6.61,-4.373583273308004,4.395630997979885,0.01102386233594066,8.76921427128789,-0.09941300850688395,0.10091826557322547,1,1,-4.373583273308004,4.395630997979885,-6.0,6.0,0.0,12.0,0.0037305511588058963,0.0,0.0037305511588058963,0.0,-0.0037305511588058963,-0.0037305511588058963,0.0,0.0,0.0,0.0,0.0,0.0,9.327543791407708e-07,0.0,6.017841184089889,5.998760563265737,3.006683206715436e-16,1.2641797331180982e-15,0.8003749928979471,0.0,-6.25,6.25,0.14415703243338493,0.1441570324333851,2.395100299548234e-09,5.681631379603443e-07,0.0015044610366510309,0.0015,6.219487469538709e-07,0.001499689908405124,0.0015,0.3,0.0,0.29626944884119283,0.0
26479,6.61975,6.62,-4.373709857261753,4.395574588730491,0.010932365734368954,8.769284445992245,-0.09940439902969944,0.1009186338149648,1,1,-4.373709857261753,4.395574588730491,-6.0,6.0,0.0,12.0,0.0036934315545685444,0.0,0.0036934315545685444,0.0,-0.0036934315545685444,-0.0036934315545685444,0.0,0.0,0.0,0.0,0.0,0.0,9.234733179971288e-07,0.0,6.017723102993973,5.99879755786219,5.067793888257743e-16,1.3149203947904198e-15,0.8003749928954416,0.0,-6.25,6.25,0.14415703243338493,0.1441570324333851,2.395882222587579e-09,5.683635846944864e-07,0.0015044315112660548,0.0015,6.218881860864389e-07,0.001499699159382317,0.0015,0.3,0.0,0.29630656844543013,0.0
26519,6.6297500000000005,6.63,-4.373835644872663,4.395518822301033,0.010841588714184613,8.769354467173695,-0.09939586287634361,0.10091899678078664,1,1,-4.373835644872663,4.395518822301033,-6.0,6.0,0.0,12.0,0.0036566812965645175,0.0,0.0036566812965645175,0.0,-0.0036566812965645175,-0.0036566812965645175,0.0,0.0,0.0,0.0,0.0,0.0,9.142846049548497e-07,0.0,6.01760583737151,5.998834181871121,6.7220534694101275e-18,1.3049457348035531e-15,0.8003749928929352,0.0,-6.25,6.25,0.14415703243338493,0.1441570324333851,2.396665339114912e-09,5.685640926203953e-07,0.0015044021897773138,0.0015,6.21827746608572e-07,0.0014997083176894325,0.0015,0.3,0.0,0.29634331870343417,0.0
26559,6.63975,6.640000000000001,-4.373960639091776,4.395463691133164,0.010751526020694069,8.76942433022494,-0.09938739948476771,0.10091935455083634,1,1,-4.373960639091776,4.395463691133164,-6.0,6.0,0.0,12.0,0.0036202967097373937,0.0,0.0036202967097373937,0.0,-0.0036202967097373937,-0.0036202967097373937,0.0,0.0,0.0,0.0,0.0,0.0,9.05187321134973e-07,0.0,6.017489382766639,5.998870438985268,2.1469447652523212e-16,1.1193303228740348e-15,0.8003749928904282,0.0,-6.25,6.25,0.14415703243338493,0.1441570324333851,2.397449619114854e-09,5.687646467111924e-07,0.001504373071070798,0.0015,6.217674326303158e-07,0.0014997173842498837,0.0015,0.3,0.0,0.2963797032902615,0.0
26599,6.64975,6.65,-4.374084842893456,4.395409187761328,0.010662172433935968,8.769494030654784,-0.09937900829613822,0.10091970720395527,1,1,-4.374084842893456,4.395409187761328,-6.0,6.0,0.0,12.0,0.0035842741555981673,0.0,0.0035842741555981673,0.0,-0.0035842741555981673,-0.0035842741555981673,0.0,0.0,0.0,0.0,0.0,0.0,8.961805568015349e-07,0.0,6.017373734730864,5.998906332860778,4.959140736948697e-16,9.75781955236954e-16,0.8003749928879209,0.0,-6.25,6.25,0.14415703243338493,0.1441570324333851,2.398235032580039e-09,5.689652321231857e-07,0.0015043441540343362,0.0015,6.217072481784491e-07,0.0014997263599779358,0.0015,0.3,0.0,0.29641572584440085,0.0
26639,6.65975,6.66,-4.3742082592746225,4.395355304811545,0.010573522768461352,8.769563564086168,-0.09937068875484456,0.10092005481770139,1,1,-4.3742082592746225,4.395355304811545,-6.0,6.0,0.0,12.0,0.0035486100318614052,0.0,0.0035486100318614052,0.0,-0.0035486100318614052,-0.0035486100318614052,0.0,0.0,0.0,0.0,0.0,0.0,8.872634112705964e-07,0.0,6.017258888823341,5.9989418671175825,1.3322240073534043e-15,9.484600604903193e-16,0.8003749928854135,0.0,-6.25,6.25,0.14415703243338493,0.1441570324333851,2.399021549513141e-09,5.691658342047517e-07,0.001504315437557669,0.0015,6.216471971953741e-07,0.0014997352457787963,0.0015,0.3,0.0,0.29645138996813764,0.0
26679,6.6697500000000005,6.67,-4.374330891253999,4.395302035000227,0.01048557187311383,8.769632926254225,-0.09936244030849695,0.10092039746837922,1,1,-4.374330891253999,4.395302035000227,-6.0,6.0,0.0,12.0,0.003513300772085012,0.0,0.003513300772085012,0.0,-0.003513300772085012,-0.003513300772085012,0.0,0.0,0.0,0.0,0.0,0.0,8.784349928201731e-07,0.0,6.017144840611174,5.998977045339736,5.934922692185651e-16,8.248610128269718e-16,0.8003749928829059,0.0,-6.25,6.25,0.14415703243338493,0.1441570324333851,2.399809139928911e-09,5.693664384807931e-07,0.0015042869205325212,0.0015,6.215872835535486e-07,0.0014997440425487025,0.0015,0.3,0.0,0.29648669922791415,0.0
26719,6.67975,6.68,-4.374452741871377,4.395249371132994,0.01039831463080887,8.76970211300437,-0.09935426240793133,0.10092073523105205,1,1,-4.374452741871377,4.395249371132994,-6.0,6.0,0.0,12.0,0.003478342845313589,0.0,0.003478342845313589,0.0,-0.003478342845313589,-0.003478342845313589,0.0,0.0,0.0,0.0,0.0,0.0,8.696944186010638e-07,0.0,6.0170315856696925,5.999011871075789,8.727827488508311e-16,1.0304257447302234e-15,0.8003749928803985,0.0,-6.25,6.25,0.14415703243338493,0.1441570324333851,2.4005977738562022e-09,5.695670306693907e-07,0.0015042586018526735,0.0015,6.215275110332819e-07,0.0014997527511750126,0.0015,0.3,0.0,0.29652165715468537,0.0
26759,6.68975,6.69,-4.374573814186881,4.395197306103524,0.010311745958321517,8.769771120290406,-0.0993461545072144,0.10092106817956858,1,1,-4.374573814186881,4.395197306103524,-6.0,6.0,0.0,12.0,0.003443732755725327,0.0,0.003443732755725327,0.0,-0.003443732755725327,-0.003443732755725327,0.0,0.0,0.0,0.0,0.0,0.0,8.610408145485627e-07,0.0,6.016919119582733,5.9990463478391245,8.541204954404507e-16,1.1314733872058724e-15,0.8003749928778914,0.0,-6.25,6.25,0.14415703243338493,0.1441570324333851,2.4013874213400047e-09,5.697675966629311e-07,0.0015042304804140309,0.0015,6.214678833460497e-07,0.0014997613725362912,0.0015,0.3,0.0,0.29655626724427353,0.0
26799,6.69975,6.7,-4.374694111280262,4.395145832892406,0.010225860806071907,8.769839944172668,-0.0993381160636353,0.10092139638658681,1,1,-4.374694111280262,4.395145832892406,-6.0,6.0,0.0,12.0,0.0034094670422824243,0.0,0.0034094670422824243,0.0,-0.0034094670422824243,-0.0034094670422824243,0.0,0.0,0.0,0.0,0.0,0.0,8.524733152950527e-07,0.0,6.016807437942909,5.999080479108311,9.935628708657163e-16,1.1405806854547507e-15,0.8003749928753848,0.0,-6.25,6.25,0.14415703243338493,0.1441570324333851,2.4021780524434666e-09,5.699681225491999e-07,0.0015042025551146908,0.0015,6.214084041200608e-07,0.0014997699075023968,0.0015,0.3,0.0,0.2965905329577164,0.0
26839,6.7097500000000005,6.71,-4.374813636250185,4.395094944566015,0.010140654157915208,8.7699085808162,-0.09933014653771555,0.10092171992358956,1,1,-4.374813636250185,4.395094944566015,-6.0,6.0,0.0,12.0,0.003375542278384981,0.0,0.003375542278384981,0.0,-0.003375542278384981,-0.003375542278384981,0.0,0.0,0.0,0.0,0.0,0.0,8.439910640834688e-07,0.0,6.016696536351874,5.999114268327443,2.934689641363557e-16,1.0646865333807654e-15,0.8003749928728789,0.0,-6.25,6.25,0.14415703243338493,0.1441570324333851,2.4029696372499298e-09,5.701685945902878e-07,0.00150417482485501,0.0015,6.213490769113594e-07,0.0014997783569345676,0.0015,0.3,0.0,0.29662445772161394,0.0
26879,6.71975,6.72,-4.37493239221354,4.395044634275401,0.010056121030930232,8.769977026488942,-0.09932224539320689,0.10092203886090778,1,1,-4.37493239221354,4.395044634275401,-6.0,6.0,0.0,12.0,0.003341955071528337,0.0,0.003341955071528337,0.0,-0.003341955071528337,-0.003341955071528337,0.0,0.0,0.0,0.0,0.0,0.0,8.355932126816213e-07,0.0,6.016586410420576,5.999147718906488,6.917209860457518e-16,1.0642528525117712e-15,0.8003749928703738,0.0,-6.25,6.25,0.14415703243338493,0.1441570324333851,2.403762145864951e-09,5.703689992303621e-07,0.0015041472885376661,0.0015,6.212899051927234e-07,0.0014997867216855075,0.0015,0.3,0.0,0.2966580449284706,0.0
26919,6.72975,6.73,-4.375050382304762,4.394994895255193,0.009972256475215602,8.770045277559955,-0.09931441209708514,0.10092235326773946,1,1,-4.375050382304762,4.394994895255193,-6.0,6.0,0.0,12.0,0.0033087020629638197,0.0,0.0033087020629638197,0.0,-0.0033087020629638197,-0.0033087020629638197,0.0,0.0,0.0,0.0,0.0,0.0,8.272789212973726e-07,0.0,6.016477055769522,5.999180834221607,1.18628743032154e-15,9.770829978439366e-16,0.8003749928678698,0.0,-6.25,6.25,0.14415703243338493,0.1441570324333851,2.4045555484183302e-09,5.705693231045489e-07,0.0015041199450677254,0.0015,6.212308923669863e-07,0.0014997950025994672,0.0015,0.3,0.0,0.2966912979370352,0.0
26959,6.73975,6.74,-4.375167609675157,4.394945720822525,0.009889055573684136,8.770113330497683,-0.09930664611955908,0.10092266321217236,1,1,-4.375167609675157,4.394945720822525,-6.0,6.0,0.0,12.0,0.003275779927362859,0.0,0.003275779927362859,0.0,-0.003275779927362859,-0.003275779927362859,0.0,0.0,0.0,0.0,0.0,0.0,8.190473584946549e-07,0.0,6.016368468029011,5.999213617615511,5.757113535898029e-16,1.0829011298785218e-15,0.800374992865367,0.0,-6.25,6.25,0.14415703243338493,0.1441570324333851,2.4053498150661334e-09,5.707695530145074e-07,0.0015040927933527004,0.0015,6.211720417592659e-07,0.001499803200512333,0.0015,0.3,0.0,0.29672422007263605,0.0
26999,6.749750000000001,6.75,-4.375284077492245,4.394897104375965,0.009806513441859899,8.77018118186821,-0.09929894693405938,0.1009229687612001,1,1,-4.375284077492245,4.394897104375965,-6.0,6.0,0.0,12.0,0.0032431853724844595,0.0,0.0032431853724844595,0.0,-0.0032431853724844595,-0.0032431853724844595,0.0,0.0,0.0,0.0,0.0,0.0,8.108977011103281e-07,0.0,6.016260642839376,5.999246072397769,8.6965804430841e-16,1.2312199870745388e-15,0.8003749928628654,0.0,-6.25,6.25,0.14415703243338493,0.1441570324333851,2.4061449159927183e-09,5.709696759539659e-07,0.0015040658323026116,0.0015,6.211133566191851e-07,0.0014998113162517023,0.0015,0.3,0.0,0.2967568146275143,0.0
27039,6.75975,6.76,-4.375399788939117,4.394849039394467,0.00972462522767481,8.770248828333585,-0.09929131401724134,0.1009232699807383,1,1,-4.375399788939117,4.394849039394467,-6.0,6.0,0.0,12.0,0.003210915138845972,0.0,0.003210915138845972,0.0,-0.003210915138845972,-0.003210915138845972,0.0,0.0,0.0,0.0,0.0,0.0,8.028291341718626e-07,0.0,6.016153575851231,5.999278201845147,1.0657707355532509e-15,1.2203779653496838e-15,0.8003749928603654,0.0,-6.25,6.25,0.14415703243338493,0.1441570324333851,2.4069408214127586e-09,5.711696790876267e-07,0.0015040390608300471,0.0015,6.210548401253124e-07,0.0014998193506369714,0.0015,0.3,0.0,0.2967890848611528,0.0
27079,6.76975,6.7700000000000005,-4.375514747213788,4.3948015194363395,0.009643386111275909,8.770316266650127,-0.09928374684898378,0.1009235669356523,1,1,-4.375514747213788,4.3948015194363395,-6.0,6.0,0.0,12.0,0.0031789659993971425,0.0,0.0031789659993971425,0.0,-0.0031789659993971425,-0.0031789659993971425,0.0,0.0,0.0,0.0,0.0,0.0,7.948408508158414e-07,0.0,6.016047262725689,5.999310009201931,5.217180854000247e-16,1.1774435593192578e-15,0.800374992857867,0.0,-6.25,6.25,0.14415703243338493,0.1441570324333851,2.407737501573262e-09,5.713695497611589e-07,0.001504012477850219,0.0015,6.209964953818315e-07,0.0014998273044794128,0.0015,0.3,0.0,0.29682103400060167,0.0
27119,6.77975,6.78,-4.375628955528578,4.394754538138219,0.009562791304820628,8.770383493666797,-0.09927624491238574,0.10092385968976658,1,1,-4.375628955528578,4.394754538138219,-6.0,6.0,0.0,12.0,0.0031473347591973984,0.0,0.0031473347591973984,0.0,-0.0031473347591973984,-0.0031473347591973984,0.0,0.0,0.0,0.0,0.0,0.0,7.86932052207271e-07,0.0,6.015941699134586,5.999341497680242,5.516420653606247e-16,1.1960918366860085e-15,0.8003749928553704,0.0,-6.25,6.25,0.14415703243338493,0.1441570324333851,2.408534926755595e-09,5.71569275496757e-07,0.0015039860822810187,0.0015,6.209383254218715e-07,0.0014998351785822583,0.0015,0.3,0.0,0.2968526652408014,0.0
27159,6.78975,6.79,-4.375742417109493,4.394708089214069,0.009482836052287613,8.770450506323563,-0.09926880769375979,0.10092414830588481,1,1,-4.375742417109493,4.394708089214069,-6.0,6.0,0.0,12.0,0.003116018255096361,0.0,0.003116018255096361,0.0,-0.003116018255096361,-0.003116018255096361,0.0,0.0,0.0,0.0,0.0,0.0,7.791019474597001e-07,0.0,6.015836880760707,5.999372670460357,8.167405079616448e-16,1.2468324983583301e-15,0.8003749928528758,0.0,-6.25,6.25,0.14415703243338493,0.1441570324333851,2.409333067277501e-09,5.717688439998024e-07,0.0015039598730430728,0.0015,6.20880333205287e-07,0.0014998429737407744,0.0015,0.3,0.0,0.2968839817449024,0.0
27199,6.79975,6.8,-4.375855135195623,4.394662166454181,0.009403515629279102,8.770517301649804,-0.09926143468263315,0.10092443284581087,1,1,-4.375855135195623,4.394662166454181,-6.0,6.0,0.0,12.0,0.0030850133554175246,0.0,0.0030850133554175246,0.0,-0.0030850133554175246,-0.0030850133554175246,0.0,0.0,0.0,0.0,0.0,0.0,7.71349753556129e-07,0.0,6.01573280329799,5.9994035306910245,7.918555270042607e-16,1.250735626179278e-15,0.8003749928503833,0.0,-6.25,6.25,0.14415703243338493,0.1441570324333851,2.4101318934951183e-09,5.719682431399896e-07,0.001503933849059796,0.0015,6.208225216208784e-07,0.0014998506907423442,0.0015,0.3,0.0,0.2969149866445812,0.0
27239,6.80975,6.8100000000000005,-4.375967113038545,4.394616763724205,0.009324825342829968,8.77058387676275,-0.09925412537173883,0.10092471337036557,1,1,-4.375967113038545,4.394616763724205,-6.0,6.0,0.0,12.0,0.0030543169596450835,0.0,0.0030543169596450835,0.0,-0.0030543169596450835,-0.0030543169596450835,0.0,0.0,0.0,0.0,0.0,0.0,7.636746952707073e-07,0.0,6.015629462451737,5.99943408148977,4.0354004859910475e-16,1.4467593789646571e-15,0.8003749928478932,0.0,-6.25,6.25,0.14415703243338493,0.1441570324333851,2.4109313758049974e-09,5.721674609735309e-07,0.0015039080092574424,0.0015,6.207648934930532e-07,0.0014998583303665438,0.0015,0.3,0.0,0.29694568304035346,0.0
27279,6.81975,6.82,-4.376078353901734,4.394571874964174,0.009246760531219866,8.770650228865907,-0.09924687925701503,0.10092498993939658,1,1,-4.376078353901734,4.394571874964174,-6.0,6.0,0.0,12.0,0.003023925998113879,0.0,0.003023925998113879,0.0,-0.003023925998113879,-0.003023925998113879,0.0,0.0,0.0,0.0,0.0,0.0,7.560760050912104e-07,0.0,6.015526853938821,5.999464325943212,9.283870737062869e-16,1.4719128693663208e-15,0.8003749928454053,0.0,-6.25,6.25,0.14415703243338493,0.1441570324333851,2.4117314846461195e-09,5.723664857187308e-07,0.0015038823525651565,0.0015,6.207074515673927e-07,0.001499865893385219,0.0015,0.3,0.0,0.29697607400188464,0.0
27319,6.82975,6.83,-4.3761888610599975,4.394527494187558,0.009169316563780061,8.770716355247554,-0.09923969583760017,0.1009252626118029,1,1,-4.3761888610599975,4.394527494187558,-6.0,6.0,0.0,12.0,0.0029938374317024347,0.0,0.0029938374317024347,0.0,-0.0029938374317024347,-0.0029938374317024347,0.0,0.0,0.0,0.0,0.0,0.0,7.485529231422882e-07,0.0,6.015424973487875,5.999494267107355,2.172741153660951e-16,1.3483138217029733e-15,0.80037499284292,0.0,-6.25,6.25,0.14415703243338493,0.1441570324333851,2.412532190501905e-09,5.72565305775971e-07,0.0015038568779150233,0.0015,6.20650198531747e-07,0.0014998733805625627,0.0015,0.3,0.0,0.2970061625682962,0.0
27359,6.83975,6.84,-4.376298637798902,4.394483615480323,0.009092488840710455,8.770782253279226,-0.0992325746158268,0.10092553144554983,1,1,-4.376298637798902,4.394483615480323,-6.0,6.0,0.0,12.0,0.002964048251529033,0.0,0.002964048251529033,0.0,-0.002964048251529033,-0.002964048251529033,0.0,0.0,0.0,0.0,0.0,0.0,7.411046971094766e-07,0.0,6.015323816839491,5.999523908007905,1.0242161461939021e-15,1.3717325886286602e-15,0.8003749928404374,0.0,-6.25,6.25,0.14415703243338493,0.1441570324333851,2.4133334639022263e-09,5.727639097132764e-07,0.0015038315842421145,0.0015,6.205931369962503e-07,0.0014998807926551894,0.0015,0.3,0.0,0.2970359517484696,0.0
27399,6.84975,6.8500000000000005,-4.376407687414224,4.394440233000006,0.0090162727928913,8.77084792041423,-0.09922551509721322,0.10092579649768063,1,1,-4.376407687414224,4.394440233000006,-6.0,6.0,0.0,12.0,0.0029345554786508314,0.0,0.0029345554786508314,0.0,-0.0029345554786508314,-0.0029345554786508314,0.0,0.0,0.0,0.0,0.0,0.0,7.337305821639649e-07,0.0,6.015223379746401,5.99955325164056,1.082498789228576e-15,1.291935308733727e-15,0.8003749928379578,0.0,-6.25,6.25,0.14415703243338493,0.1441570324333851,2.414135275425423e-09,5.729622862696468e-07,0.0015038064704845384,0.0015,6.205362695144157e-07,0.0014998881304122092,0.0015,0.3,0.0,0.29706544452134787,0.0
27439,6.85975,6.86,-4.3765160132114,4.394397340974802,0.008940663881701116,8.770913354186202,-0.09921851679046412,0.10092605782433595,1,1,-4.3765160132114,4.394397340974802,-6.0,6.0,0.0,12.0,0.002905356163765966,0.0,0.002905356163765966,0.0,-0.002905356163765966,-0.002905356163765966,0.0,0.0,0.0,0.0,0.0,0.0,7.264298408881137e-07,0.0,6.0151236579736675,5.999582300971307,1.2366727616724884e-15,1.1705046654153506e-15,0.8003749928354811,0.0,-6.25,6.25,0.14415703243338493,0.1441570324333851,2.4149375957003007e-09,5.73160424353946e-07,0.001503781535583481,0.0015,6.204795985642609e-07,0.001499895394575305,0.0015,0.3,0.0,0.29709464383623285,0.0
27479,6.86975,6.87,-4.376623618504995,4.39435493370266,0.0088656575988324,8.770978552207655,-0.09921157920745605,0.10092631548077102,1,1,-4.376623618504995,4.39435493370266,-6.0,6.0,0.0,12.0,0.002876447386918616,0.0,0.002876447386918616,0.0,-0.002876447386918616,-0.002876447386918616,0.0,0.0,0.0,0.0,0.0,0.0,7.192017432017118e-07,0.0,6.015024647298857,5.999611058936714,1.1462316657623577e-15,1.106753577673203e-15,0.8003749928330075,0.0,-6.25,6.25,0.14415703243338493,0.1441570324333851,2.4157403954081433e-09,5.733583130493431e-07,0.0015037567784832557,0.0015,6.204231265638516e-07,0.0014999025858788014,0.0015,0.3,0.0,0.29712355261308027,0.0
27519,6.8797500000000005,6.88,-4.376730506618174,4.394313005550398,0.008791249466111761,8.771043512168571,-0.09920470186324137,0.10092656952136403,1,1,-4.376730506618174,4.394313005550398,-6.0,6.0,0.0,12.0,0.0028478262572070043,0.0,0.0028478262572070043,0.0,-0.0028478262572070043,-0.0028478262572070043,0.0,0.0,0.0,0.0,0.0,0.0,7.120455662889665e-07,0.0,6.014926343512206,5.999639528444226,1.5074662302943728e-15,1.0816000872715392e-15,0.8003749928305371,0.0,-6.25,6.25,0.14415703243338493,0.1441570324333851,2.4165436452847114e-09,5.735559415966589e-07,0.001503732198131343,0.0015,6.203668558657504e-07,0.0014999097050497408,0.0015,0.3,0.0,0.2971521737427919,0.0
27559,6.88975,6.890000000000001,-4.376836680882187,4.394271550952825,0.008717435035319188,8.771108231835012,-0.09919788427602882,0.10092681999963604,1,1,-4.376836680882187,4.394271550952825,-6.0,6.0,0.0,12.0,0.0028194899124943103,0.0,0.0028194899124943103,0.0,-0.0028194899124943103,-0.0028194899124943103,0.0,0.0,0.0,0.0,0.0,0.0,7.049605945262235e-07,0.0,6.0148287424168005,5.999667712372447,9.00355365349853e-16,1.1106567054941507e-15,0.8003749928280701,0.0,-6.25,6.25,0.14415703243338493,0.1441570324333851,2.4173473161222408e-09,5.737532994121292e-07,0.0015037077934784329,0.0015,6.203107887570169e-07,0.0014999167528079536,0.0015,0.3,0.0,0.29718051008750457,0.0
27599,6.89975,6.9,-4.376942144635858,4.394230564411879,0.008644209888010845,8.771172709047736,-0.09919112596718904,0.10092706696826825,1,1,-4.376942144635858,4.394230564411879,-6.0,6.0,0.0,12.0,0.0027914355191224482,0.0,0.0027914355191224482,0.0,-0.0027914355191224482,-0.0027914355191224482,0.0,0.0,0.0,0.0,0.0,0.0,6.979461194104022e-07,0.0,6.014731839828735,5.9996956135714266,2.2703193491846463e-16,1.1934897514720433e-15,0.8003749928256066,0.0,-6.25,6.25,0.14415703243338493,0.1441570324333851,2.41815137877144e-09,5.73950376069642e-07,0.0015036835634784672,0.0015,6.202549274614278e-07,0.0014999237298661291,0.0015,0.3,0.0,0.29720856448087635,0.0
27639,6.90975,6.91,-4.377046901225087,4.39419004049577,0.008571569635341447,8.771236941720858,-0.09918442646123737,0.10092731047910641,1,1,-4.377046901225087,4.39419004049577,-6.0,6.0,0.0,12.0,0.002763660271628703,0.0,0.002763660271628703,0.0,-0.002763660271628703,-0.002763660271628703,0.0,0.0,0.0,0.0,0.0,0.0,6.910014394881458e-07,0.0,6.014635631577268,5.9997232348629375,1.2840595963901566e-15,1.2945373939476923e-15,0.8003749928231468,0.0,-6.25,6.25,0.14415703243338493,0.1441570324333851,2.4189558041434833e-09,5.74147161320721e-07,0.0015036595070886782,0.0015,6.201992741428076e-07,0.0014999306369298873,0.0015,0.3,0.0,0.29723633972837,0.0
27679,6.9197500000000005,6.92,-4.377150954002366,4.394149973838143,0.008499509917888393,8.77130092784051,-0.09917778528582999,0.10092755058318692,1,1,-4.377150954002366,4.394149973838143,-6.0,6.0,0.0,12.0,0.0027361613924651775,0.0,0.0027361613924651775,0.0,-0.0027361613924651775,-0.0027361613924651775,0.0,0.0,0.0,0.0,0.0,0.0,6.841258602856745e-07,0.0,6.014540113504986,5.999750579040761,9.395814611371997e-16,1.1744077932362984e-15,0.8003749928206908,0.0,-6.25,6.25,0.14415703243338493,0.1441570324333851,2.419760563211999e-09,5.743436450656598e-07,0.0015036356232696279,0.0015,6.201438309016982e-07,0.0014999374746978468,0.0015,0.3,0.0,0.29726383860753364,0.0
27719,6.92975,6.93,-4.377254306326291,4.394110359137246,0.00842802640547724,8.771364665463537,-0.09917120197175555,0.10092778733073848,1,1,-4.377254306326291,4.394110359137246,-6.0,6.0,0.0,12.0,0.0027089361317210415,0.0,0.0027089361317210415,0.0,-0.0027089361317210415,-0.0027089361317210415,0.0,0.0,0.0,0.0,0.0,0.0,6.773186942393388e-07,0.0,6.014445281467942,5.999777648870957,1.6098115272452154e-15,1.2533377113932431e-15,0.8003749928182387,0.0,-6.25,6.25,0.14415703243338493,0.1441570324333851,2.420565627015052e-09,5.745398173801673e-07,0.0015036119109852449,0.0015,6.200885997798001e-07,0.0014999442438616965,0.0015,0.3,0.0,0.2972910638682777,0.0
27759,6.93975,6.94,-4.377356961561093,4.3940711911551125,0.008357114797009846,8.771428152716204,-0.099164676052928,0.10092802077120988,1,1,-4.377356961561093,4.3940711911551125,-6.0,6.0,0.0,12.0,0.002681981766847533,0.0,0.002681981766847533,0.0,-0.002681981766847533,-0.002681981766847533,0.0,0.0,0.0,0.0,0.0,0.0,6.705792606268613e-07,0.0,6.014351131335806,5.999804447092146,9.936217396555504e-16,1.495765317161002e-15,0.8003749928157905,0.0,-6.25,6.25,0.14415703243338493,0.1441570324333851,2.4213709666571277e-09,5.747356684920533e-07,0.0015035883692028629,0.0015,6.200335827555304e-07,0.0014999509451062599,0.0015,0.3,0.0,0.29731801823315096,0.0
27799,6.94975,6.95,-4.377458923076175,4.394032464716758,0.008286770820291167,8.771491387792933,-0.09915820706637601,0.10092825095326607,1,1,-4.377458923076175,4.394032464716758,-6.0,6.0,0.0,12.0,0.002655295602385701,0.0,0.002655295602385701,0.0,-0.002655295602385701,-0.002655295602385701,0.0,0.0,0.0,0.0,0.0,0.0,6.639068854992642e-07,0.0,6.014257658992018,5.999830976415765,8.210383531360131e-16,1.4966326788989903e-15,0.8003749928133465,0.0,-6.25,6.25,0.14415703243338493,0.1441570324333851,2.422176553311107e-09,5.749311887934404e-07,0.0015035649968932533,0.0015,6.199787817484648e-07,0.0014999575791095673,0.0015,0.3,0.0,0.2973447043976128,0.0
27839,6.9597500000000005,6.96,-4.377560194245658,4.393994174709375,0.008216990231858734,8.771554368955034,-0.09915179455223577,0.10092847792481596,1,1,-4.377560194245658,4.393994174709375,-6.0,6.0,0.0,12.0,0.002628874969696861,0.0,0.002628874969696861,0.0,-0.002628874969696861,-0.002628874969696861,0.0,0.0,0.0,0.0,0.0,0.0,6.573009016134747e-07,0.0,6.014164860333905,5.999857239526355,7.556889142223966e-16,1.4641066137244252e-15,0.8003749928109067,0.0,-6.25,6.25,0.14415703243338493,0.1441570324333851,2.4229823582202345e-09,5.751263688329929e-07,0.001503541793030662,0.0015,6.199241986204474e-07,0.0014999641465429205,0.0015,0.3,0.0,0.29737112503030166,0.0
27879,6.96975,6.97,-4.377660778447929,4.393956316081558,0.008147768816814338,8.771617094529486,-0.09914543805373988,0.10092870173301904,1,1,-4.377660778447929,4.393956316081558,-6.0,6.0,0.0,12.0,0.0026027172266957265,0.0,0.0026027172266957265,0.0,-0.0026027172266957265,-0.0026027172266957265,0.0,0.0,0.0,0.0,0.0,0.0,6.507606483655989e-07,0.0,6.01407273127283,5.999883239081809,8.262433705968908e-16,1.6332421526321639e-15,0.8003749928084714,0.0,-6.25,6.25,0.14415703243338493,0.1441570324333851,2.423788352700089e-09,5.753211993214678e-07,0.001503518756592841,0.0015,6.198698351778109e-07,0.0014999706480709584,0.0015,0.3,0.0,0.29739728277330263,0.0
27919,6.97975,6.98,-4.3777606790652115,4.393918883842519,0.008079102388653947,8.771679562907732,-0.09913913711720901,0.10092892242429818,1,1,-4.3777606790652115,4.393918883842519,-6.0,6.0,0.0,12.0,0.0025768197575861984,0.0,0.0025768197575861984,0.0,-0.0025768197575861984,-0.0025768197575861984,0.0,0.0,0.0,0.0,0.0,0.0,6.442854717248617e-07,0.0,6.0139812677343185,5.999908977713645,1.1340754724198376e-15,1.579899405745877e-15,0.8003749928060405,0.0,-6.25,6.25,0.14415703243338493,0.1441570324333851,2.4245945081405396e-09,5.755156711250533e-07,0.0015034958865610829,0.0015,6.198156931658261e-07,0.0014999770843517242,0.0015,0.3,0.0,0.2974231802424122,0.0
27959,6.98975,6.99,-4.377859899483128,4.393881873061333,0.008010986789102503,8.77174177254446,-0.0991328912920425,0.10092914004435183,1,1,-4.377859899483128,4.393881873061333,-6.0,6.0,0.0,12.0,0.002551179972599787,0.0,0.002551179972599787,0.0,-0.002551179972599787,-0.002551179972599787,0.0,0.0,0.0,0.0,0.0,0.0,6.378747241682034e-07,0.0,6.01389046565818,5.99993445802726,9.707946252435207e-16,1.6714060691036536e-15,0.8003749928036141,0.0,-6.25,6.25,0.14415703243338493,0.1441570324333851,2.4254007960077056e-09,5.757097752642589e-07,0.0015034731819202505,0.0015,6.197617742742522e-07,0.001499983456036731,0.0015,0.3,0.0,0.29744882002739853,0.0
27999,6.999750000000001,7.0,-4.377958443090282,4.3938452788661735,0.007943417887945614,8.771803721956456,-0.09912670013071057,0.1009293546381651,1,1,-4.377958443090282,4.3938452788661735,-6.0,6.0,0.0,12.0,0.0025257953077366248,0.0,0.0025257953077366248,0.0,-0.0025257953077366248,-0.0025257953077366248,0.0,0.0,0.0,0.0,0.0,0.0,6.31527764615526e-07,0.0,6.013800320998634,5.999959682602197,8.728094303886696e-16,1.7629127324614302e-15,0.8003749928011926,0.0,-6.25,6.25,0.14415703243338493,0.1441570324333851,2.4262071878458994e-09,5.759035029128048e-07,0.0015034506416588083,0.0015,6.197080801417787e-07,0.0014999897637710238,0.0015,0.3,0.0,0.2974742046922616,0.0
28039,7.00975,7.01,-4.378056313277844,4.393809096443578,0.007876391582867015,8.771865409721421,-0.09912056318873874,0.10092956625002536,1,1,-4.378056313277844,4.393809096443578,-6.0,6.0,0.0,12.0,0.002500663224509075,0.0,0.002500663224509075,0.0,-0.002500663224509075,-0.002500663224509075,0.0,0.0,0.0,0.0,0.0,0.0,6.252439583655854e-07,0.0,6.013710829724424,5.999984653992389,1.1384122811097797e-15,1.6822480908285087e-15,0.8003749927987758,0.0,-6.25,6.25,0.14415703243338493,0.1441570324333851,2.427013655279572e-09,5.760968454020631e-07,0.001503428264768851,0.0015,6.196546123449221e-07,0.0014999960081932455,0.0015,0.3,0.0,0.29749933677548923,0.0
28079,7.01975,7.0200000000000005,-4.378153513439139,4.393773321037705,0.0078099037992829246,8.771926834476844,-0.09911448002470291,0.10092977492352939,1,1,-4.378153513439139,4.393773321037705,-6.0,6.0,0.0,12.0,0.0024757812096878684,0.0,0.0024757812096878684,0.0,-0.0024757812096878684,-0.0024757812096878684,0.0,0.0,0.0,0.0,0.0,0.0,6.190226770325197e-07,0.0,6.0136219878189365,6.0000093747264165,6.141708845598844e-16,1.8518173106052416e-15,0.8003749927963639,0.0,-6.25,6.25,0.14415703243338493,0.1441570324333851,2.427820170015248e-09,5.762897942077349e-07,0.001503406050246133,0.0015,6.196013724113491e-07,0.0015000021899356998,0.0015,0.3,0.0,0.29752421879031027,0.0
28119,7.02975,7.03,-4.378250046969261,4.393737947949621,0.007743950490179952,8.77198799491888,-0.09910845020021708,0.10092998070159898,1,1,-4.378250046969261,4.393737947949621,-6.0,6.0,0.0,12.0,0.0024511467750507874,0.0,0.0024511467750507874,0.0,-0.0024511467750507874,-0.0024511467750507874,0.0,0.0,0.0,0.0,0.0,0.0,6.128632984830108e-07,0.0,6.013533791280306,6.000033847307761,3.6333944140594203e-16,1.6943911551603463e-15,0.8003749927939571,0.0,-6.25,6.25,0.14415703243338493,0.1441570324333851,2.4286267038434537e-09,5.764823409709447e-07,0.0015033839970900957,0.0015,6.195483618121056e-07,0.0015000083096244124,0.0015,0.3,0.0,0.2975488532249475,0.0
28159,7.03975,7.04,-4.378345917264668,4.393702972536574,0.007678527635953003,8.772048889801242,-0.09910247327992172,0.10093018362649142,1,1,-4.378345917264668,4.393702972536574,-6.0,6.0,0.0,12.0,0.002426757457133841,0.0,0.002426757457133841,0.0,-0.002426757457133841,-0.002426757457133841,0.0,0.0,0.0,0.0,0.0,0.0,6.067652067740715e-07,0.0,6.013446236121528,6.0000580742150476,8.506243669506586e-16,1.7676832220203664e-15,0.8003749927915554,0.0,-6.25,6.25,0.14415703243338493,0.1441570324333851,2.4294332286406375e-09,5.766744774649335e-07,0.001503362104303895,0.0015,6.194955819682768e-07,0.0015000143678791946,0.0015,0.3,0.0,0.2975732425428644,0.0
28199,7.04975,7.05,-4.378441127722809,4.393668390211298,0.007613631244244523,8.772109517934107,-0.099096548831476,0.10093038373980456,1,1,-4.378441127722809,4.393668390211298,-6.0,6.0,0.0,12.0,0.0024026108169849137,0.0,0.0024026108169849137,0.0,-0.0024026108169849137,-0.0024026108169849137,0.0,0.0,0.0,0.0,0.0,0.0,6.007277920914492e-07,0.0,6.013359318370553,6.000082057902293,4.0009431856967426e-16,1.7585759237714882e-15,0.8003749927891589,0.0,-6.25,6.25,0.14415703243338493,0.1441570324333851,2.4302397163710835e-09,5.768661956283659e-07,0.0015033403708944247,0.0015,6.194430342465474e-07,0.0015000203653137028,0.0015,0.3,0.0,0.2975973891830133,0.0
28239,7.05975,7.0600000000000005,-4.3785356817417425,4.3936341964413135,0.00754925734978551,8.772169878183057,-0.09909067642554004,0.10093058108249897,1,1,-4.3785356817417425,4.3936341964413135,-6.0,6.0,0.0,12.0,0.0023787044399198667,0.0,0.0023787044399198667,0.0,-0.0023787044399198667,-0.0023787044399198667,0.0,0.0,0.0,0.0,0.0,0.0,5.947504506886441e-07,0.0,6.013273034070399,6.000105800799147,8.740837914578137e-16,1.7416623698807143e-15,0.8003749927867678,0.0,-6.25,6.25,0.14415703243338493,0.1441570324333851,2.4310461390888175e-09,5.770574875331332e-07,0.0015033187958723448,0.0015,6.193907199658622e-07,0.0015000263025355019,0.0015,0.3,0.0,0.2976212955600784,0.0
28279,7.06975,7.07,-4.378629582719771,4.393600386748241,0.007485402014234754,8.772229969468011,-0.09908485563577318,0.10093077569489628,1,1,-4.378629582719771,4.393600386748241,-6.0,6.0,0.0,12.0,0.0023550359352810715,0.0,0.0023550359352810715,0.0,-0.0023550359352810715,-0.0023550359352810715,0.0,0.0,0.0,0.0,0.0,0.0,5.888325848265348e-07,0.0,6.013187379279237,6.000129305311131,1.3589390029933313e-15,1.7850304567801345e-15,0.8003749927843821,0.0,-6.25,6.25,0.14415703243338493,0.1441570324333851,2.4318524689394995e-09,5.77248345405448e-07,0.0015032973782521028,0.0015,6.193386403907652e-07,0.0015000321801461227,0.0015,0.3,0.0,0.29764496406471713,0.0
28319,7.07975,7.08,-4.378722834055078,4.3935669567071285,0.007422061326025187,8.772289790762207,-0.0990790860388141,0.10093096761670084,1,1,-4.378722834055078,4.3935669567071285,-6.0,6.0,0.0,12.0,0.0023316029361983414,0.0,0.0023316029361983414,0.0,-0.0023316029361983414,-0.0023316029361983414,0.0,0.0,0.0,0.0,0.0,0.0,5.829736027136037e-07,0.0,6.013102350070487,6.000152573819886,4.527628272299467e-16,1.708702623837155e-15,0.8003749927820019,0.0,-6.25,6.25,0.14415703243338493,0.1441570324333851,2.4326586781623174e-09,5.774387616147413e-07,0.0015032761170519584,0.0015,6.192867967402815e-07,0.001500037998741122,0.0015,0.3,0.0,0.29766839706379994,0.0
28359,7.08975,7.09,-4.3788154391453755,4.393533901945776,0.00735923140020045,8.772349341091152,-0.09907336721427296,0.10093115688699916,1,1,-4.3788154391453755,4.393533901945776,-6.0,6.0,0.0,12.0,0.00230840309935224,0.0,0.00230840309935224,0.0,-0.00230840309935224,-0.00230840309935224,0.0,0.0,0.0,0.0,0.0,0.0,5.771729184467569e-07,0.0,6.01301794253291,6.000175608683392,4.455723645407049e-16,1.799341925456943e-15,0.8003749927796272,0.0,-6.25,6.25,0.14415703243338493,0.1441570324333851,2.4334647390918608e-09,5.77628728675884e-07,0.0015032550112940054,0.0015,6.192351901757043e-07,0.001500043758910144,0.0015,0.3,0.0,0.29769159690064595,0.0
28399,7.09975,7.1000000000000005,-4.378907401387555,4.3935012181440865,0.007296908378265687,8.772408619531642,-0.09906769874472254,0.1009313435442799,1,1,-4.378907401387555,4.3935012181440865,-6.0,6.0,0.0,12.0,0.00228543410473975,0.0,0.00228543410473975,0.0,-0.00228543410473975,-0.00228543410473975,0.0,0.0,0.0,0.0,0.0,0.0,5.714299519527339e-07,0.0,6.012934152770693,6.000198412236213,1.0089585417150104e-15,1.7182436029550274e-15,0.8003749927772583,0.0,-6.25,6.25,0.14415703243338493,0.1441570324333851,2.4342706241599918e-09,5.778182392403041e-07,0.001503234060004194,0.0015,6.191838218216894e-07,0.001500049461236975,0.0015,0.3,0.0,0.2977145658952585,0.0
28439,7.10975,7.11,-4.3789987241773485,4.393468901033405,0.007235088428028114,8.772467625210753,-0.09906208021568219,0.10093152762643776,1,1,-4.3789987241773485,4.393468901033405,-6.0,6.0,0.0,12.0,0.0022626936554422687,0.0,0.0022626936554422687,0.0,-0.0022626936554422687,-0.0022626936554422687,0.0,0.0,0.0,0.0,0.0,0.0,5.657441289300994e-07,0.0,6.012850976903529,6.000220986789732,9.698578068038574e-16,1.6904880273393985e-15,0.8003749927748953,0.0,-6.25,6.25,0.14415703243338493,0.1441570324333851,2.4350763058977034e-09,5.780072861059795e-07,0.0015032132622123503,0.0015,6.191326927484919e-07,0.0015000551062996038,0.0015,0.3,0.0,0.29773730634455603,0.0
28479,7.11975,7.12,-4.379089410908995,4.393436946395883,0.007173767743443804,8.772526357304878,-0.09905651121560444,0.10093170917078453,1,1,-4.379089410908995,4.393436946395883,-6.0,6.0,0.0,12.0,0.002240179477395916,0.0,0.002240179477395916,0.0,-0.002240179477395916,-0.002240179477395916,0.0,0.0,0.0,0.0,0.0,0.0,5.601148807918129e-07,0.0,6.012768411066699,6.000243334632365,5.345709633416615e-16,1.6588293239028218e-15,0.8003749927725381,0.0,-6.25,6.25,0.14415703243338493,0.1441570324333851,2.4358817569369697e-09,5.781958622107759e-07,0.0015031926169521974,0.0015,6.190818039797375e-07,0.001500060694670278,0.0015,0.3,0.0,0.2977598205226024,0.0
28519,7.1297500000000005,7.13,-4.379179464974915,4.3934053500638495,0.007112942544467149,8.772584815038766,-0.09905099133586615,0.1009318882140614,1,1,-4.379179464974915,4.3934053500638495,-6.0,6.0,0.0,12.0,0.0022178893191641237,0.0,0.0022178893191641237,0.0,-0.0022178893191641237,-0.0022178893191641237,0.0,0.0,0.0,0.0,0.0,0.0,5.545416446083693e-07,0.0,6.012686451411152,6.000265458029798,6.151445489327532e-16,1.876103439268917e-15,0.8003749927701869,0.0,-6.25,6.25,0.14415703243338493,0.1441570324333851,2.436686950012583e-09,5.783839606246762e-07,0.0015031721232613736,0.0015,6.190311564924222e-07,0.001500066226915561,0.0015,0.3,0.0,0.297782110680834,0.0
28559,7.13975,7.140000000000001,-4.379268889765388,4.3933741079191755,0.007052609076893646,8.772642997684564,-0.09904552017075852,0.10093206479244221,1,1,-4.379268889765388,4.3933741079191755,-6.0,6.0,0.0,12.0,0.0021958209517124964,0.0,0.0021958209517124964,0.0,-0.0021958209517124964,-0.0021958209517124964,0.0,0.0,0.0,0.0,0.0,0.0,5.490238630515063e-07,0.0,6.012605094103574,6.000287359225211,6.999609225566417e-16,1.8370721610594387e-15,0.8003749927678416,0.0,-6.25,6.25,0.14415703243338493,0.1441570324333851,2.4374918579639806e-09,5.785715745697636e-07,0.0015031517801814523,0.0015,6.189807512202439e-07,0.001500071703596387,0.0015,0.3,0.0,0.29780417904828566,0.0
28599,7.14975,7.15,-4.379357688668241,4.393343215892667,0.0069927636122129044,8.772700904560908,-0.09904009731746821,0.10093223894154957,1,1,-4.379357688668241,4.393343215892667,-6.0,6.0,0.0,12.0,0.002173972168185899,0.0,0.002173972168185899,0.0,-0.002173972168185899,-0.002173972168185899,0.0,0.0,0.0,0.0,0.0,0.0,5.435609843384702e-07,0.0,6.012524335326459,6.0003090404394985,6.246410588208948e-16,2.033095913844818e-15,0.8003749927655026,0.0,-6.25,6.25,0.14415703243338493,0.1441570324333851,2.4382964537370616e-09,5.787586973858048e-07,0.0015031315867579578,0.0015,6.189305890502706e-07,0.0015000771252681184,0.0015,0.3,0.0,0.29782602783181206,0.0
28639,7.15975,7.16,-4.379445865068541,4.393312669963453,0.006933402447455883,8.772758535031993,-0.09903472237606958,0.10093241069645931,1,1,-4.379445865068541,4.393312669963453,-6.0,6.0,0.0,12.0,0.0021523407836877674,0.0,0.0021523407836877674,0.0,-0.0021523407836877674,-0.0021523407836877674,0.0,0.0,0.0,0.0,0.0,0.0,5.381524621768366e-07,0.0,6.01244417127818,6.0003305038714885,1.6473367808744754e-15,2.0426368929626904e-15,0.8003749927631698,0.0,-6.25,6.25,0.14415703243338493,0.1441570324333851,2.4391007103859915e-09,5.789453225668882e-07,0.001503111542040384,0.0015,6.188806708262717e-07,0.0015000824924805993,0.0015,0.3,0.0,0.2978476592163102,0.0
28679,7.1697500000000005,7.17,-4.3795334223482945,4.393282466158383,0.00687452190504434,8.772815888506678,-0.09902939494950802,0.10093258009171158,1,1,-4.3795334223482945,4.393282466158383,-6.0,6.0,0.0,12.0,0.0021309246350616267,0.0,0.0021309246350616267,0.0,-0.0021309246350616267,-0.0021309246350616267,0.0,0.0,0.0,0.0,0.0,0.0,5.32797755709882e-07,0.0,6.0123645981730505,6.00035175169816,1.2022167319276043e-15,2.0755966390062497e-15,0.8003749927608433,0.0,-6.25,6.25,0.14415703243338493,0.1441570324333851,2.439904601074995e-09,5.791314437247856e-07,0.001503091645082209,0.0015,6.188309973498285e-07,0.0015000878057782113,0.0015,0.3,0.0,0.2978690753649363,0.0
28719,7.17975,7.18,-4.379620363886154,4.393252600551441,0.006816118332643395,8.772872964437596,-0.09902411464359606,0.10093274716132028,1,1,-4.379620363886154,4.393252600551441,-6.0,6.0,0.0,12.0,0.0021097215806747715,0.0,0.0021097215806747715,0.0,-0.0021097215806747715,-0.0021097215806747715,0.0,0.0,0.0,0.0,0.0,0.0,5.274963294624989e-07,0.0,6.012285612241388,6.0003727860748635,3.7383290907300193e-16,2.0773313624822265e-15,0.8003749927585232,0.0,-6.25,6.25,0.14415703243338493,0.1441570324333851,2.4407080990801323e-09,5.793170546111571e-07,0.0015030718949409132,0.0015,6.187815693781129e-07,0.0015000930656999256,0.0015,0.3,0.0,0.29789027841932314,0.0
28759,7.18975,7.19,-4.379706693057129,4.393223069263155,0.006758188103013207,8.772929762320285,-0.09901888106698897,0.10093291193877751,1,1,-4.379706693057129,4.393223069263155,-6.0,6.0,0.0,12.0,0.0020887295002040883,0.0,0.0020887295002040883,0.0,-0.0020887295002040883,-0.0020887295002040883,0.0,0.0,0.0,0.0,0.0,0.0,5.222476532876432e-07,0.0,6.012207209729574,6.000393609135529,1.1104398650596536e-15,1.910797908788453e-15,0.8003749927562095,0.0,-6.25,6.25,0.14415703243338493,0.1441570324333851,2.4415111777910717e-09,5.795021491097793e-07,0.00150305229067799,0.0015,6.187323876205575e-07,0.0015000982727793584,0.0015,0.3,0.0,0.297911270499794,0.0
28799,7.19975,7.2,-4.379792413232303,4.393193868460024,0.006700727613860646,8.772986281692326,-0.09901369383117697,0.10093307445706579,1,1,-4.379792413232303,4.393193868460024,-6.0,6.0,0.0,12.0,0.00206794629442404,0.0,0.00206794629442404,0.0,-0.00206794629442404,-0.00206794629442404,0.0,0.0,0.0,0.0,0.0,0.0,5.170512023133242e-07,0.0,6.0121293869001065,6.000414222992881,4.1559036282321805e-16,1.986258379993444e-15,0.8003749927539023,0.0,-6.25,6.25,0.14415703243338493,0.1441570324333851,2.442313810712839e-09,5.796867212321049e-07,0.0015030328313589637,0.0015,6.186834527588391e-07,0.0015001034275448216,0.0015,0.3,0.0,0.29793205370557396,0.0
28839,7.2097500000000005,7.21,-4.379877527778559,4.3931649943539455,0.006643733287693188,8.773042522132505,-0.09900855255047358,0.10093323474866689,1,1,-4.379877527778559,4.3931649943539455,-6.0,6.0,0.0,12.0,0.002047369884996728,0.0,0.002047369884996728,0.0,-0.002047369884996728,-0.002047369884996728,0.0,0.0,0.0,0.0,0.0,0.0,5.119064568901137e-07,0.0,6.012052140031658,6.000434629738643,2.5156963236747446e-16,2.2004967292765798e-15,0.8003749927516018,0.0,-6.25,6.25,0.14415703243338493,0.1441570324333851,2.4431159714675604e-09,5.798707651205925e-07,0.0015030135160534013,0.0015,6.186347654180135e-07,0.0015001085305193782,0.0015,0.3,0.0,0.29795263011500106,0.0
28879,7.21975,7.22,-4.37996204005831,4.393136443201658,0.006587201571673695,8.773098483259968,-0.09900345684200118,0.10093339284556746,1,1,-4.37996204005831,4.393136443201658,-6.0,6.0,0.0,12.0,0.002026998214264065,0.0,0.002026998214264065,0.0,-0.002026998214264065,-0.002026998214264065,0.0,0.0,0.0,0.0,0.0,0.0,5.068129025391831e-07,0.0,6.011975465419126,6.000454831443751,4.2847669856627135e-16,2.2083029849184754e-15,0.8003749927493079,0.0,-6.25,6.25,0.14415703243338493,0.1441570324333851,2.443917633796191e-09,5.800542750431565e-07,0.0015029943438349253,0.0015,6.185863261964908e-07,0.001500113582220891,0.0015,0.3,0.0,0.2979730017857337,0.0
28919,7.22975,7.23,-4.380045953429234,4.393108211304182,0.0065311289374738735,8.773154164733416,-0.09899840632567769,0.10093354877926897,1,1,-4.380045953429234,4.393108211304182,-6.0,6.0,0.0,12.0,0.002006829245041998,0.0,0.002006829245041998,0.0,-0.002006829245041998,-0.002006829245041998,0.0,0.0,0.0,0.0,0.0,0.0,5.017700299008515e-07,0.0,6.011899359373675,6.000474830158556,6.309296431795475e-16,2.1415161310933684e-15,0.8003749927470208,0.0,-6.25,6.25,0.14415703243338493,0.1441570324333851,2.4447187715602226e-09,5.802372453931666e-07,0.001502975313781225,0.0015,6.185381356438314e-07,0.0015001185831620752,0.0015,0.3,0.0,0.29799317075495585,0.0
28959,7.23975,7.24,-4.380129271244012,4.393080295006277,0.006475511881132157,8.773209566250289,-0.09899340062420048,0.1009337025807927,1,1,-4.380129271244012,4.393080295006277,-6.0,6.0,0.0,12.0,0.001986860960416799,0.0,0.001986860960416799,0.0,-0.001986860960416799,-0.001986860960416799,0.0,0.0,0.0,0.0,0.0,0.0,4.967773346836532e-07,0.0,6.011823818222796,6.000494627913027,8.037783627698122e-16,2.035697999058783e-15,0.8003749927447404,0.0,-6.25,6.25,0.14415703243338493,0.1441570324333851,2.4455193587433883e-09,5.804196706949987e-07,0.0015029564249740709,0.0015,6.184901942751787e-07,0.0015001235338505507,0.0015,0.3,0.0,0.29801313903958115,0.0
28999,7.249750000000001,7.25,-4.3802119968500834,4.393052690695897,0.006420346922906717,8.77326468754598,-0.09898843936303858,0.10093385428069201,1,1,-4.3802119968500834,4.393052690695897,-6.0,6.0,0.0,12.0,0.0019670913635433645,0.0,0.0019670913635433645,0.0,-0.0019670913635433645,-0.0019670913635433645,0.0,0.0,0.0,0.0,0.0,0.0,4.918343176139057e-07,0.0,6.01174883831033,6.000514226716952,7.129332321438413e-16,2.0278917434168875e-15,0.800374992742467,0.0,-6.25,6.25,0.14415703243338493,0.1441570324333851,2.446319369453339e-09,5.806015455873816e-07,0.0015029376764993218,0.0015,6.184425025645979e-07,0.0015001284347888894,0.0015,0.3,0.0,0.2980329086364546,0.0
29039,7.25975,7.26,-4.3802941335893895,4.393025394803666,0.00636563060713824,8.773319528393056,-0.0989835221704144,0.10093400390905616,1,1,-4.3802941335893895,4.393025394803666,-6.0,6.0,0.0,12.0,0.001947518477445533,0.0,0.001947518477445533,0.0,-0.001947518477445533,-0.001947518477445533,0.0,0.0,0.0,0.0,0.0,0.0,4.869404843857831e-07,0.0,6.011674415996532,6.000533628560141,6.197299617927143e-16,2.0298433073273614e-15,0.8003749927402005,0.0,-6.25,6.25,0.14415703243338493,0.1441570324333851,2.447118777923318e-09,5.807828648411611e-07,0.001502919067446937,0.0015,6.183950609528477e-07,0.0015001332864746683,0.0015,0.3,0.0,0.2980524815225524,0.0
29079,7.26975,7.2700000000000005,-4.380375684798138,4.39299840380234,0.006311359502101155,8.773374088600479,-0.09897864867729145,0.10093415149551754,1,1,-4.380375684798138,4.39299840380234,-6.0,6.0,0.0,12.0,0.001928140344818383,0.0,0.001928140344818383,0.0,-0.001928140344818383,-0.001928140344818383,0.0,0.0,0.0,0.0,0.0,0.0,4.82095345611884e-07,0.0,6.011600547658087,6.0005528354126145,6.414140052424244e-16,2.145202418479819e-15,0.8003749927379411,0.0,-6.25,6.25,0.14415703243338493,0.1441570324333851,2.447917558513812e-09,5.809636233459771e-07,0.0015029005969109867,0.0015,6.183478698407186e-07,0.0015001380894005159,0.0015,0.3,0.0,0.29807185965517946,0.0
29119,7.27975,7.28,-4.380456653806564,4.3929717142063,0.006257530199867745,8.773428368012864,-0.09897381851736387,0.10093429706926504,1,1,-4.380456653806564,4.3929717142063,-6.0,6.0,0.0,12.0,0.001908955027832504,0.0,0.001908955027832504,0.0,-0.001908955027832504,-0.001908955027832504,0.0,0.0,0.0,0.0,0.0,0.0,4.772984167742935e-07,0.0,6.011527229688163,6.000571849224811,8.966351966455122e-16,2.3869795029440866e-15,0.8003749927356887,0.0,-6.25,6.25,0.14415703243338493,0.1441570324333851,2.4487156857141856e-09,5.811438161047119e-07,0.0015028822639896588,0.0015,6.183009295912534e-07,0.0015001428440541626,0.0015,0.3,0.0,0.2980910449721651,0.0
29159,7.28975,7.29,-4.380537043938701,4.3929453225710295,0.006204139316164259,8.77348236650973,-0.09896903132703527,0.10093444065904178,1,1,-4.380537043938701,4.3929453225710295,-6.0,6.0,0.0,12.0,0.0018899606079402097,0.0,0.0018899606079402097,0.0,-0.0018899606079402097,-0.0018899606079402097,0.0,0.0,0.0,0.0,0.0,0.0,4.725492181761306e-07,0.0,6.011454458496436,6.00059067192777,7.39425881635114e-16,2.510361710172937e-15,0.8003749927334434,0.0,-6.25,6.25,0.14415703243338493,0.1441570324333851,2.4495131341443062e-09,5.813234382512545e-07,0.0015028640677852694,0.0015,6.182542405364089e-07,0.0015001475509184904,0.0015,0.3,0.0,0.29811003939205727,0.0
29199,7.29975,7.3,-4.380616858512152,4.3929192254926175,0.006151183490232803,8.77353608400477,-0.09896428674541158,0.10093458229316177,1,1,-4.380616858512152,4.3929192254926175,-6.0,6.0,0.0,12.0,0.0018711551856836807,0.0,0.0018711551856836807,0.0,-0.0018711551856836807,-0.0018711551856836807,0.0,0.0,0.0,0.0,0.0,0.0,4.6784727489357726e-07,0.0,6.011382230509122,6.000609305433329,3.0032400177848473e-16,2.2991591269727607e-15,0.8003749927312053,0.0,-6.25,6.25,0.14415703243338493,0.1441570324333851,2.450309878556145e-09,5.815024850249652e-07,0.0015028460074042692,0.0015,6.182078029681737e-07,0.001500152210471577,0.0015,0.3,0.0,0.298128844814314,0.0
29239,7.30975,7.3100000000000005,-4.380696100837872,4.392893419607255,0.006098659384691452,8.773589520445126,-0.09895958441428543,0.1009347219995066,1,1,-4.380696100837872,4.392893419607255,-6.0,6.0,0.0,12.0,0.001852536880505022,0.0,0.001852536880505022,0.0,-0.001852536880505022,-0.001852536880505022,0.0,0.0,0.0,0.0,0.0,0.0,4.631921167283876e-07,0.0,6.011310542169009,6.000627751634314,3.51518249594061e-16,2.216326080994868e-15,0.8003749927289745,0.0,-6.25,6.25,0.14415703243338493,0.1441570324333851,2.451105893835369e-09,5.816809517884392e-07,0.001502828081957251,0.0015,6.181616171452298e-07,0.0015001568231867472,0.0015,0.3,0.0,0.29814746311949275,0.0
29279,7.31975,7.32,-4.380774774219952,4.39286790159074,0.006046563685393913,8.773642675810692,-0.09895492397812067,0.10093485980554318,1,1,-4.380774774219952,4.39286790159074,-6.0,6.0,0.0,12.0,0.0018341038305582002,0.0,0.0018341038305582002,0.0,-0.0018341038305582002,-0.0018341038305582002,0.0,0.0,0.0,0.0,0.0,0.0,4.585832781608656e-07,0.0,6.011239389935481,6.000646012404722,6.934557095217286e-16,2.1738253558334364e-15,0.800374992726751,0.0,-6.25,6.25,0.14415703243338493,0.1441570324333851,2.4519011550029055e-09,5.818588340241758e-07,0.0015028102905589574,0.0015,6.181156832962831e-07,0.001500161389532618,0.0015,0.3,0.0,0.2981658961694396,0.0
29319,7.32975,7.33,-4.380852881955405,4.392842668157998,0.00599489310129675,8.773695550113402,-0.09895030508404123,0.10093499573832543,1,1,-4.380852881955405,4.392842668157998,-6.0,6.0,0.0,12.0,0.0018158541925228585,0.0,0.0018158541925228585,0.0,-0.0018158541925228585,-0.0018158541925228585,0.0,0.0,0.0,0.0,0.0,0.0,4.540202983033135e-07,0.0,6.011168770284545,6.000664089599913,1.205632815803881e-16,2.143034014134848e-15,0.8003749927245347,0.0,-6.25,6.25,0.14415703243338493,0.1441570324333851,2.452695637216504e-09,5.820361273157047e-07,0.0015027926323282858,0.0015,6.180700016089613e-07,0.0015001659099731451,0.0015,0.3,0.0,0.298184145807475,0.0
29359,7.33975,7.34,-4.380930427333966,4.3928177160625985,0.0059436443643163805,8.773748143396563,-0.09894572738181395,0.10093512982449593,1,1,-4.380930427333966,4.3928177160625985,-6.0,6.0,0.0,12.0,0.0017977861414199853,0.0,0.0017977861414199853,0.0,-0.0017977861414199853,-0.0017977861414199853,0.0,0.0,0.0,0.0,0.0,0.0,4.4950272085394306e-07,0.0,6.011098679708851,6.00068198505679,1.5107273071413019e-15,2.0233380942924484e-15,0.800374992722326,0.0,-6.25,6.25,0.14415703243338493,0.1441570324333851,2.4534893157722653e-09,5.822128273697905e-07,0.0015027751063882951,0.0015,6.180245722464673e-07,0.001500170384967669,0.0015,0.3,0.0,0.298202213858578,0.0
29399,7.34975,7.3500000000000005,-4.381007413637889,4.39279304209628,0.005892814229195853,8.773800455734168,-0.09894119052383687,0.10093526209030146,1,1,-4.381007413637889,4.39279304209628,-6.0,6.0,0.0,12.0,0.0017798978704294144,0.0,0.0017798978704294144,0.0,-0.0017798978704294144,-0.0017798978704294144,0.0,0.0,0.0,0.0,0.0,0.0,4.4503009405124494e-07,0.0,6.011029114717717,6.000699700593984,7.644597286329781e-16,2.009460306484634e-15,0.8003749927201247,0.0,-6.25,6.25,0.14415703243338493,0.1441570324333851,2.4542821661061617e-09,5.823889299986692e-07,0.00150275771186621,0.0015,6.179793953342561e-07,0.0015001748149709605,0.0015,0.3,0.0,0.29822010212956857,0.0
29439,7.35975,7.36,-4.38108384414175,4.392768643088486,0.005842399473368065,8.773852487230236,-0.09893669416512096,0.10093539256159523,1,1,-4.38108384414175,4.392768643088486,-6.0,6.0,0.0,12.0,0.0017621875907091397,0.0,0.0017621875907091397,0.0,-0.0017621875907091397,-0.0017621875907091397,0.0,0.0,0.0,0.0,0.0,0.0,4.4060197062881155e-07,0.0,6.010960071837138,6.000717238012033,6.558220356752201e-16,2.1996293675385914e-15,0.800374992717931,0.0,-6.25,6.25,0.14415703243338493,0.1441570324333851,2.455074163795535e-09,5.825644311311501e-07,0.0015027404478934261,0.0015,6.179344709666967e-07,0.0015001792004332673,0.0015,0.3,0.0,0.29823781240928865,0.0
29479,7.36975,7.37,-4.381159722112256,4.392744515905899,0.00579239689682165,8.773904238018154,-0.09893223796328399,0.10093552126383853,1,1,-4.381159722112256,4.392744515905899,-6.0,6.0,0.0,12.0,0.001744653531216431,0.0,0.001744653531216431,0.0,-0.001744653531216431,-0.001744653531216431,0.0,0.0,0.0,0.0,0.0,0.0,4.362179077706108e-07,0.0,6.010891547609815,6.000734599093562,9.267760170406092e-16,2.067573542929857e-15,0.8003749927157447,0.0,-6.25,6.25,0.14415703243338493,0.1441570324333851,2.455865284560582e-09,5.827393267992937e-07,0.001502723313605513,0.0015,6.178897992148435e-07,0.0015001835418003567,0.0015,0.3,0.0,0.2982553464687815,0.0
29519,7.3797500000000005,7.38,-4.381235050808062,4.392720657451991,0.00574280332196464,8.773955708260054,-0.09892782157853053,0.10093564822211631,1,1,-4.381235050808062,4.392720657451991,-6.0,6.0,0.0,12.0,0.001727293938530726,0.0,0.001727293938530726,0.0,-0.001727293938530726,-0.001727293938530726,0.0,0.0,0.0,0.0,0.0,0.0,4.31877467066703e-07,0.0,6.010823538595161,6.000751785603456,6.530477910147254e-16,2.2106882296979435e-15,0.8003749927135662,0.0,-6.25,6.25,0.14415703243338493,0.1441570324333851,2.4566555042658125e-09,5.829136131495132e-07,0.0015027063081422193,0.0015,6.178453801042317e-07,0.0015001878395135614,0.0015,0.3,0.0,0.29827270606146705,0.0
29559,7.38975,7.390000000000001,-4.381309833479585,4.392697064666569,0.0056936155934921295,8.774006898146155,-0.0989234446736359,0.10093577346113825,1,1,-4.381309833479585,4.392697064666569,-6.0,6.0,0.0,12.0,0.0017101070766782904,0.0,0.0017101070766782904,0.0,-0.0017101070766782904,-0.0017101070766782904,0.0,0.0,0.0,0.0,0.0,0.0,4.27580214469401e-07,0.0,6.010756041369312,6.000768799289044,6.951298701419768e-16,2.2210965705538044e-15,0.8003749927113952,0.0,-6.25,6.25,0.14415703243338493,0.1441570324333851,2.4574447989214926e-09,5.830872864248116e-07,0.001502689430647476,0.0015,6.178012136459632e-07,0.001500192094009821,0.0015,0.3,0.0,0.2982898929233195,0.0
29599,7.39975,7.4,-4.381384073368828,4.392673734525333,0.005644830578252602,8.774057807894161,-0.09891910691393724,0.10093589700524208,1,1,-4.381384073368828,4.392673734525333,-6.0,6.0,0.0,12.0,0.0016930912269586171,0.0,0.0016930912269586171,0.0,-0.0016930912269586171,-0.0016930912269586171,0.0,0.0,0.0,0.0,0.0,0.0,4.2332572024986403e-07,0.0,6.010689052525147,6.000785641880262,8.656265909959531e-16,2.312820074346078e-15,0.8003749927092321,0.0,-6.25,6.25,0.14415703243338493,0.1441570324333851,2.458233144685072e-09,5.832603429869857e-07,0.0015026726802693964,0.0015,6.177572998111725e-07,0.001500196305721729,0.0015,0.3,0.0,0.29830690877303906,0.0
29639,7.40975,7.41,-4.381457773709211,4.392650664039438,0.005596445165113817,8.774108437748648,-0.09891480796731578,0.10093601887840142,1,1,-4.381457773709211,4.392650664039438,-6.0,6.0,0.0,12.0,0.0016762446877725539,0.0,0.0016762446877725539,0.0,-0.0016762446877725539,-0.0016762446877725539,0.0,0.0,0.0,0.0,0.0,0.0,4.191135589551247e-07,0.0,6.010622568672285,6.000802315089833,5.085577344985347e-16,2.2766077217850622e-15,0.8003749927070766,0.0,-6.25,6.25,0.14415703243338493,0.1441570324333851,2.4590205178625846e-09,5.8343277928443e-07,0.0015026560561602817,0.0015,6.177136385510096e-07,0.001500200475077573,0.0015,0.3,0.0,0.29832375531222516,0.0
29679,7.4197500000000005,7.42,-4.381530937725393,4.392627850255064,0.005548456264835355,8.774158787980458,-0.09891054750418515,0.10093613910423904,1,1,-4.381530937725393,4.392627850255064,-6.0,6.0,0.0,12.0,0.001659565774452143,0.0,0.001659565774452143,0.0,-0.001659565774452143,-0.001659565774452143,0.0,0.0,0.0,0.0,0.0,0.0,4.1494330936554334e-07,0.0,6.010556586437101,6.000818820613434,3.7968760080442365e-16,2.220446049250313e-15,0.800374992704929,0.0,-6.25,6.25,0.14415703243338493,0.1441570324333851,2.4598068949100366e-09,5.836045918898838e-07,0.0015026395574766207,0.0015,6.176702297788772e-07,0.001500204602501378,0.0015,0.3,0.0,0.2983404342255456,0.0
29719,7.42975,7.43,-4.3816035686331185,4.392605290252981,0.005500860809931396,8.7742088588861,-0.098906325197472,0.10093625770601966,1,1,-4.3816035686331185,4.392605290252981,-6.0,6.0,0.0,12.0,0.0016430528190921534,0.0,0.0016430528190921534,0.0,-0.0016430528190921534,-0.0016430528190921534,0.0,0.0,0.0,0.0,0.0,0.0,4.1081455445268576e-07,0.0,6.010491102462723,6.0008351601298635,1.8669961410200386e-15,2.2282523048922087e-15,0.8003749927027891,0.0,-6.25,6.25,0.14415703243338493,0.1441570324333851,2.460592252434767e-09,5.837757774626843e-07,0.0015026231833790906,0.0015,6.176270733859734e-07,0.0015002086884129493,0.0015,0.3,0.0,0.2983569471809056,0.0
29759,7.43975,7.44,-4.381675669639053,4.392582981148139,0.005453655754542819,8.774258650787193,-0.09890214072261094,0.1009363747066605,1,1,-4.381675669639053,4.392582981148139,-6.0,6.0,0.0,12.0,0.0016267041703832885,0.0,0.0016267041703832885,0.0,-0.0016267041703832885,-0.0016267041703832885,0.0,0.0,0.0,0.0,0.0,0.0,4.0672688133762014e-07,0.0,6.0104261134090455,6.000851335301213,1.354168513434395e-15,2.2293365070646942e-15,0.8003749927006572,0.0,-6.25,6.25,0.14415703243338493,0.1441570324333851,2.4613765671967944e-09,5.839463327687497e-07,0.00150260693303256,0.0015,6.175841692368511e-07,0.0015002127332279119,0.0015,0.3,0.0,0.29837329582961447,0.0
29799,7.44975,7.45,-4.381747243940623,4.3925609200892435,0.005406838074310194,8.774308164029867,-0.09889799375751795,0.10093649012874573,1,1,-4.381747243940623,4.3925609200892435,-6.0,6.0,0.0,12.0,0.0016105181934470529,0.0,0.0016105181934470529,0.0,-0.0016105181934470529,-0.0016105181934470529,0.0,0.0,0.0,0.0,0.0,0.0,4.026798812496284e-07,0.0,6.010361615952721,6.000867347773022,4.818385036938714e-16,2.097931203759451e-15,0.8003749926985332,0.0,-6.25,6.25,0.14415703243338493,0.1441570324333851,2.4621598161101403e-09,5.841162546716986e-07,0.0015025908056060877,0.0015,6.175415171683074e-07,0.0015002167373577558,0.0015,0.3,0.0,0.29838948180655084,0.0
29839,7.4597500000000005,7.46,-4.381818294725874,4.392539104258349,0.005360404766237448,8.774357398984222,-0.09889388398258647,0.10093660399451698,1,1,-4.381818294725874,4.392539104258349,-6.0,6.0,0.0,12.0,0.0015944932696722648,0.0,0.0015944932696722648,0.0,-0.0015944932696722648,-0.0015944932696722648,0.0,0.0,0.0,0.0,0.0,0.0,3.986731494853292e-07,0.0,6.010297606787167,6.0008831991744565,4.586175189613684e-16,2.1592970467221306e-15,0.8003749926964171,0.0,-6.25,6.25,0.14415703243338493,0.1441570324333851,2.462941976244132e-09,5.842855401295181e-07,0.001502574800272923,0.0015,6.17499116989384e-07,0.0015002207012098727,0.0015,0.3,0.0,0.29840550673032556,0.0
29879,7.46975,7.47,-4.381888825173312,4.3925175308704505,0.005314352848569293,8.774406356043762,-0.09888981108066797,0.10093671632588896,1,1,-4.381888825173312,4.3925175308704505,-6.0,6.0,0.0,12.0,0.0015786277965531927,0.0,0.0015786277965531927,0.0,-0.0015786277965531927,-0.0015786277965531927,0.0,0.0,0.0,0.0,0.0,0.0,3.947062853682073e-07,0.0,6.010234082622556,6.000898891118457,7.22735097409468e-16,1.9615385704607746e-15,0.800374992694309,0.0,-6.25,6.25,0.14415703243338493,0.1441570324333851,2.4637230248246824e-09,5.844541862112182e-07,0.0015025589162105044,0.0015,6.174569684880283e-07,0.0015002246251875997,0.0015,0.3,0.0,0.29842137220344483,0.0
29919,7.47975,7.48,-4.3819588384517685,4.392496197173087,0.005268679360659334,8.774455035624856,-0.09888577473705806,0.1009368271444494,1,1,-4.3819588384517685,4.392496197173087,-6.0,6.0,0.0,12.0,0.001562920187529304,0.0,0.001562920187529304,0.0,-0.001562920187529304,-0.001562920187529304,0.0,0.0,0.0,0.0,0.0,0.0,3.907788922085453e-07,0.0,6.010171040185823,6.000914425201906,8.08014374539031e-16,1.8210259689066532e-15,0.800374992692209,0.0,-6.25,6.25,0.14415703243338493,0.1441570324333851,2.4645029392355513e-09,5.846221900646342e-07,0.001502543152600461,0.0015,6.174150714211013e-07,0.001500228509690257,0.0015,0.3,0.0,0.29843707981246886,0.0
29959,7.48975,7.49,-4.382028337720257,4.392475100445944,0.005223381362843504,8.774503438166201,-0.09888177463948433,0.1009369364714674,1,1,-4.382028337720257,4.392475100445944,-6.0,6.0,0.0,12.0,0.0015473688718266056,0.0,0.0015473688718266056,0.0,-0.0015473688718266056,-0.0015473688718266056,0.0,0.0,0.0,0.0,0.0,0.0,3.868905772637543e-07,0.0,6.0101084762206485,6.000929803005789,1.3851766955674805e-15,1.8305669480245257e-15,0.800374992690117,0.0,-6.25,6.25,0.14415703243338493,0.1441570324333851,2.4652816970195877e-09,5.84789548946404e-07,0.0015025275086286082,0.0015,6.173734255265906e-07,0.00150023235511319,0.0015,0.3,0.0,0.29845263112817155,0.0
29999,7.499750000000001,7.5,-4.382097326127837,4.392454238000464,0.005178455936313497,8.7745515641283,-0.09887781047808963,0.10093704432789896,1,1,-4.382097326127837,4.392454238000464,-6.0,6.0,0.0,12.0,0.0015319722943005684,0.0,0.0015319722943005684,0.0,-0.0015319722943005684,-0.0015319722943005684,0.0,0.0,0.0,0.0,0.0,0.0,3.830409516990995e-07,0.0,6.010046387487465,6.000945026095346,6.2753621743461e-16,1.7288687842453854e-15,0.8003749926880331,0.0,-6.25,6.25,0.14415703243338493,0.1441570324333851,2.466059275879942e-09,5.849562601975422e-07,0.0015025119834849493,0.0015,6.173320305136176e-07,0.0015002361618478054,0.0015,0.3,0.0,0.2984680277056977,0.0
30039,7.50975,7.51,-4.3821658068134814,4.39243360717946,0.005133900182989315,8.774599413992942,-0.09887388194541769,0.10093715073438536,1,1,-4.3821658068134814,4.39243360717946,-6.0,6.0,0.0,12.0,0.001516728915280609,0.0,0.001516728915280609,0.0,-0.001516728915280609,-0.001516728915280609,0.0,0.0,0.0,0.0,0.0,0.0,3.792296305488165e-07,0.0,6.009984770763436,6.0009600960202265,1.2330330610981367e-15,1.7635632537649215e-15,0.8003749926859574,0.0,-6.25,6.25,0.14415703243338493,0.1441570324333851,2.466835653681267e-09,5.85122321258984e-07,0.0015024965763636713,0.0015,6.1729088607132e-07,0.0015002399302816143,0.0015,0.3,0.0,0.2984832710847176,0.0
30079,7.51975,7.5200000000000005,-4.382233782905951,4.392413205356742,0.005089711225395366,8.774646988262692,-0.09886998873639863,0.10093725571127032,1,1,-4.382233782905951,4.392413205356742,-6.0,6.0,0.0,12.0,0.0015016372104161226,0.0,0.0015016372104161226,0.0,-0.0015016372104161226,-0.0015016372104161226,0.0,0.0,0.0,0.0,0.0,0.0,3.754562326776141e-07,0.0,6.009923622842456,6.000975014314651,4.547143911404206e-16,1.7828620524351635e-15,0.8003749926838898,0.0,-6.25,6.25,0.14415703243338493,0.1441570324333851,2.4676108084508864e-09,5.852877296549307e-07,0.001502481286463142,0.0015,6.172499918633001e-07,0.001500243660798267,0.0015,0.3,0.0,0.2984983627895821,0.0
30119,7.52975,7.53,-4.382301257523668,4.39239302993673,0.005045886206530792,8.774694287460399,-0.09886613054833904,0.10093735927858949,1,1,-4.382301257523668,4.39239302993673,-6.0,6.0,0.0,12.0,0.0014866956705240472,0.0,0.0014866956705240472,0.0,-0.0014866956705240472,-0.0014866956705240472,0.0,0.0,0.0,0.0,0.0,0.0,3.7172038074256096e-07,0.0,6.0098629405351325,6.00098978249756,9.73836108798874e-16,1.736675039887281e-15,0.8003749926818303,0.0,-6.25,6.25,0.14415703243338493,0.1441570324333851,2.4683847183799503e-09,5.854524830061739e-07,0.0015024661129859095,0.0015,6.172093475320661e-07,0.0015002473537775937,0.0015,0.3,0.0,0.2985133043294742,0.0
30159,7.53975,7.54,-4.382368233774595,4.392373078354096,0.005002422289750452,8.77474131212869,-0.09886230708090082,0.1009374614560915,1,1,-4.382368233774595,4.392373078354096,-6.0,6.0,0.0,12.0,0.001471902801437941,0.0,0.001471902801437941,0.0,-0.001471902801437941,-0.001471902801437941,0.0,0.0,0.0,0.0,0.0,0.0,3.6802170115534993e-07,0.0,6.009802720668775,6.001004402072759,9.256918148681237e-16,1.8318679906315083e-15,0.8003749926797791,0.0,-6.25,6.25,0.14415703243338493,0.1441570324333851,2.4691573618245627e-09,5.856165790245432e-07,0.0015024510551386976,0.0015,6.171689526979218e-07,0.0015002510095956396,0.0015,0.3,0.0,0.2985280971985602,0.0
30199,7.54975,7.55,-4.382434714756115,4.392353348073389,0.004959316658637025,8.774788062829504,-0.09885851803608958,0.10093756226322304,1,1,-4.382434714756115,4.392353348073389,-6.0,6.0,0.0,12.0,0.001457257123858568,0.0,0.001457257123858568,0.0,-0.001457257123858568,-0.001457257123858568,0.0,0.0,0.0,0.0,0.0,0.0,3.643598240449402e-07,0.0,6.009742960087387,6.00101887452908,3.4709949046647214e-16,1.6770439204005783e-15,0.8003749926777362,0.0,-6.25,6.25,0.14415703243338493,0.1441570324333851,2.469928717306889e-09,5.857800155018042e-07,0.0015024361121324021,0.0015,6.171288069578562e-07,0.0015002546286247065,0.0015,0.3,0.0,0.29854274287613974,0.0
30239,7.55975,7.5600000000000005,-4.382500703554922,4.392333836588677,0.004916566516877552,8.7748345401436,-0.09885476311824237,0.10093766171915486,1,1,-4.382500703554922,4.392333836588677,-6.0,6.0,0.0,12.0,0.0014427571732059654,0.0,0.0014427571732059654,0.0,-0.0014427571732059654,-0.0014427571732059654,0.0,0.0,0.0,0.0,0.0,0.0,3.6073438322056896e-07,0.0,6.009683655651642,6.001033201340521,7.499047379838338e-16,1.721713049906981e-15,0.8003749926757014,0.0,-6.25,6.25,0.14415703243338493,0.1441570324333851,2.470698763516239e-09,5.859427903240921e-07,0.0015024212831820877,0.0015,6.170889098933152e-07,0.0015002582112333858,0.0015,0.3,0.0,0.2985572428267923,0.0
30279,7.56975,7.57,-4.382566203246908,4.392314541423193,0.004874169088142644,8.774880744670101,-0.09885104203401218,0.10093775984276909,1,1,-4.382566203246908,4.392314541423193,-6.0,6.0,0.0,12.0,0.0014284014994729857,0.0,0.0014284014994729857,0.0,-0.0014284014994729857,-0.0014284014994729857,0.0,0.0,0.0,0.0,0.0,0.0,3.57145016135133e-07,0.0,6.009624804238875,6.001047383966393,1.2594996643262813e-15,1.6106907474444654e-15,0.8003749926736751,0.0,-6.25,6.25,0.14415703243338493,0.1441570324333851,2.471467479310128e-09,5.861049014563678e-07,0.0015024065675069832,0.0015,6.170492610557687e-07,0.0015002617577865962,0.0015,0.3,0.0,0.2985715985005254,0.0
30319,7.57975,7.58,-4.382631216897057,4.392295460128981,0.004832121615962137,8.774926677026038,-0.09884735449235182,0.10093785665267585,1,1,-4.382631216897057,4.392295460128981,-6.0,6.0,0.0,12.0,0.0014141886670802916,0.0,0.0014141886670802916,0.0,-0.0014141886670802916,-0.0014141886670802916,0.0,0.0,0.0,0.0,0.0,0.0,3.535913638489323e-07,0.0,6.009566402743056,6.001061423851471,4.436555289810684e-16,1.5809836079183626e-15,0.800374992671657,0.0,-6.25,6.25,0.14415703243338493,0.1441570324333851,2.472234843715315e-09,5.862663469579609e-07,0.0015023919643304777,0.0015,6.170098599822538e-07,0.001500265268645623,0.0015,0.3,0.0,0.2985858113329181,0.0
30359,7.58975,7.59,-4.382695747559337,4.392276590286546,0.0047904213636043025,8.774972337845883,-0.09884370020450062,0.10093795216720713,1,1,-4.382695747559337,4.392276590286546,-6.0,6.0,0.0,12.0,0.0014001172547328006,0.0,0.0014001172547328006,0.0,-0.0014001172547328006,-0.0014001172547328006,0.0,0.0,0.0,0.0,0.0,0.0,3.500730709937771e-07,0.0,6.009508448074775,6.001075322426135,1.4816706889186904e-15,1.689186984732416e-15,0.8003749926696473,0.0,-6.25,6.25,0.14415703243338493,0.1441570324333851,2.4730008359288214e-09,5.864271249625866e-07,0.001502377472880115,0.0015,6.169707061920438e-07,0.0015002687441681491,0.0015,0.3,0.0,0.2985998827452655,0.0
30399,7.59975,7.6000000000000005,-4.382759798276606,4.392257929504512,0.004749065613953274,8.775017727781119,-0.0988400788839705,0.10093804640442905,1,1,-4.382759798276606,4.392257929504512,-6.0,6.0,0.0,12.0,0.0013861858552775509,0.0,0.0013861858552775509,0.0,-0.0013861858552775509,-0.0013861858552775509,0.0,0.0,0.0,0.0,0.0,0.0,3.4658978573744975e-07,0.0,6.009450937161222,6.001089081106506,8.218557399301135e-16,1.7251824968589347e-15,0.8003749926676459,0.0,-6.25,6.25,0.14415703243338493,0.1441570324333851,2.4737654353189164e-09,5.86587233693888e-07,0.001502363092387589,0.0015,6.169317991777667e-07,0.001500272184708295,0.0015,0.3,0.0,0.2986138141447207,0.0
30439,7.60975,7.61,-4.382823372080509,4.392239475419289,0.004708051669390034,8.775062847499797,-0.09883649024653274,0.10093813938214125,1,1,-4.382823372080509,4.392239475419289,-6.0,6.0,0.0,12.0,0.0013723930755629875,0.0,0.0013723930755629875,0.0,-0.0013723930755629875,-0.0013723930755629875,0.0,0.0,0.0,0.0,0.0,0.0,3.4314115974852186e-07,0.0,6.009393866946166,6.0011027012946,8.177052784885674e-16,1.816472319782214e-15,0.8003749926656529,0.0,-6.25,6.25,0.14415703243338493,0.1441570324333851,2.4745286214260906e-09,5.867466714498934e-07,0.001502348822088738,0.0015,6.168931384209487e-07,0.0015002755906166519,0.0015,0.3,0.0,0.2986276069244352,0.0
30479,7.61975,7.62,-4.382886471991386,4.392221225694728,0.004667376851671179,8.775107697686114,-0.09883293401020177,0.10093823111788358,1,1,-4.382886471991386,4.392221225694728,-6.0,6.0,0.0,12.0,0.0013587375362996443,0.0,0.0013587375362996443,0.0,-0.0013587375362996443,-0.0013587375362996443,0.0,0.0,0.0,0.0,0.0,0.0,3.397268481615206e-07,0.0,6.009337234389928,6.001116184378457,1.9387944652775758e-15,1.6911385486428898e-15,0.8003749926636684,0.0,-6.25,6.25,0.14415703243338493,0.1441570324333851,2.475290373963999e-09,5.869054366174489e-07,0.001502334661223539,0.0015,6.168547233775801e-07,0.0015002789622403164,0.0015,0.3,0.0,0.29864126246369865,0.0
30519,7.6297500000000005,7.63,-4.3829491010181805,4.392203178021801,0.004627038501810343,8.775152279039983,-0.09882940989522138,0.10093832162894001,1,1,-4.3829491010181805,4.392203178021801,-6.0,6.0,0.0,12.0,0.001345217871922217,0.0,0.001345217871922217,0.0,-0.001345217871922217,-0.001345217871922217,0.0,0.0,0.0,0.0,0.0,0.0,3.3634650954244234e-07,0.0,6.009281036469357,6.001129531732284,8.240510375711598e-16,1.603535013106061e-15,0.8003749926616922,0.0,-6.25,6.25,0.14415703243338493,0.1441570324333851,2.476050672820386e-09,5.870635276555653e-07,0.0015023206090361014,0.0015,6.168165534881087e-07,0.001500282299922926,0.0015,0.3,0.0,0.29865478212807617,0.0
30559,7.63975,7.640000000000001,-4.383011262158355,4.392185330118267,0.004587033979956079,8.775196592276622,-0.09882591762405135,0.10093841093234135,1,1,-4.383011262158355,4.392185330118267,-6.0,6.0,0.0,12.0,0.001331832730453001,0.0,0.001331832730453001,0.0,-0.001331832730453001,-0.001331832730453001,0.0,0.0,0.0,0.0,0.0,0.0,3.329998058546081e-07,0.0,6.009225270177809,6.00114274471659,9.191281565598501e-16,1.5063904984513599e-15,0.8003749926597246,0.0,-6.25,6.25,0.14415703243338493,0.1441570324333851,2.476809498057975e-09,5.872209431031895e-07,0.0015023066647746612,0.0015,6.167786281807697e-07,0.0015002856040046938,0.0015,0.3,0.0,0.2986681672695455,0.0
30599,7.64975,7.65,-4.3830729583978,4.392167679728355,0.004547360665277722,8.775240638126155,-0.09882245692135194,0.10093849904486807,1,1,-4.3830729583978,4.392167679728355,-6.0,6.0,0.0,12.0,0.0013185807733666944,0.0,0.0013185807733666944,0.0,-0.0013185807733666944,-0.0013185807733666944,0.0,0.0,0.0,0.0,0.0,0.0,3.2968640242486e-07,0.0,6.009169932525119,6.001155824678322,1.4886095828225976e-15,1.3554695560413776e-15,0.8003749926577653,0.0,-6.25,6.25,0.14415703243338493,0.1441570324333851,2.477566829915352e-09,5.87377681580315e-07,0.0015022928276915734,0.0015,6.167409468593732e-07,0.0015002888748224415,0.0015,0.3,0.0,0.29868141922663194,0.0
30639,7.65975,7.66,-4.383134192710751,4.392150224622444,0.004508015955846378,8.775284417333197,-0.09881902751397498,0.1009385859830575,1,1,-4.383134192710751,4.392150224622444,-6.0,6.0,0.0,12.0,0.001305460675456545,0.0,0.001305460675456545,0.0,-0.001305460675456545,-0.001305460675456545,0.0,0.0,0.0,0.0,0.0,0.0,3.2640596791009387e-07,0.0,6.009115020537569,6.0011687729510035,3.864096542738338e-16,1.4584687624275006e-15,0.8003749926558146,0.0,-6.25,6.25,0.14415703243338493,0.1441570324333851,2.4783226488078125e-09,5.875337417790995e-07,0.0015022790970433064,0.0015,6.167035089144069e-07,0.0015002921127096316,0.0015,0.3,0.0,0.298694539324542,0.0
30679,7.6697500000000005,7.67,-4.38319496805972,4.392132962596748,0.00446899726851413,8.775327930656468,-0.09881562913093611,0.10093867176320714,1,1,-4.38319496805972,4.392132962596748,-6.0,6.0,0.0,12.0,0.0012924711247018284,0.0,0.0012924711247018284,0.0,-0.0012924711247018284,-0.0012924711247018284,0.0,0.0,0.0,0.0,0.0,0.0,3.231581742641246e-07,0.0,6.0090605312578615,6.001181590854859,1.3111006997147765e-15,1.3255455760807777e-15,0.8003749926538724,0.0,-6.25,6.25,0.14415703243338493,0.1441570324333851,2.479076935328184e-09,5.876891224694169e-07,0.0015022654720904334,0.0015,6.166663137152639e-07,0.0015002953179964046,0.0015,0.3,0.0,0.29870752887529683,0.0
30719,7.67975,7.68,-4.383255287395406,4.392115891473009,0.004430302038801237,8.775371178868415,-0.09881226150342093,0.10093875640137251,1,1,-4.383255287395406,4.392115891473009,-6.0,6.0,0.0,12.0,0.0012796108221366457,0.0,0.0012796108221366457,0.0,-0.0012796108221366457,-0.0012796108221366457,0.0,0.0,0.0,0.0,0.0,0.0,3.199426967048813e-07,0.0,6.009006461745096,6.001194279696953,6.889020603972895e-16,1.1986939218999737e-15,0.8003749926519386,0.0,-6.25,6.25,0.14415703243338493,0.1441570324333851,2.4798296702476344e-09,5.878438224899747e-07,0.001502251952097626,0.0015,6.16629360622456e-07,0.001500298491009608,0.0015,0.3,0.0,0.29872038917786214,0.0
30759,7.68975,7.69,-4.383315153656632,4.392099009098187,0.0043919277207775664,8.775414162754819,-0.09880892436475275,0.1009388399133837,1,1,-4.383315153656632,4.392099009098187,-6.0,6.0,0.0,12.0,0.001266878481720022,0.0,0.001266878481720022,0.0,-0.001266878481720022,-0.001266878481720022,0.0,0.0,0.0,0.0,0.0,0.0,3.1675921368192816e-07,0.0,6.0089528090747235,6.0012068407713155,5.434021288497348e-16,1.1121745885356304e-15,0.8003749926500133,0.0,-6.25,6.25,0.14415703243338493,0.1441570324333851,2.480580834516448e-09,5.879978407594167e-07,0.0015022385363336458,0.0015,6.165926489765106e-07,0.0015003016320728302,0.0015,0.3,0.0,0.29873312151827885,0.0
30799,7.69975,7.7,-4.3833745697702655,4.392082313344162,0.00435387178694846,8.775456883114428,-0.09880561745038652,0.10093892231482882,1,1,-4.3833745697702655,4.392082313344162,-6.0,6.0,0.0,12.0,0.001254272830207306,0.0,0.001254272830207306,0.0,-0.001254272830207306,-0.001254272830207306,0.0,0.0,0.0,0.0,0.0,0.0,3.136074068443101e-07,0.0,6.00889957033853,6.0012192753590785,7.923349476524066e-16,1.0967789176863363e-15,0.8003749926480966,0.0,-6.25,6.25,0.14415703243338493,0.1441570324333851,2.4813304092647768e-09,5.881511762641104e-07,0.001502225224071337,0.0015,6.165561781035223e-07,0.0015003047415064342,0.0015,0.3,0.0,0.2987457271697916,0.0
30839,7.7097500000000005,7.71,-4.3834335386511585,4.3920658021074335,0.004316131728137496,8.775499340758593,-0.09880234049789605,0.10093900362108055,1,1,-4.3834335386511585,4.3920658021074335,-6.0,6.0,0.0,12.0,0.001241792607022841,0.0,0.001241792607022841,0.0,-0.001241792607022841,-0.001241792607022841,0.0,0.0,0.0,0.0,0.0,0.0,3.1048696100871677e-07,0.0,6.008846742644594,6.0012315847285915,6.624276221143827e-16,9.983333604246525e-16,0.8003749926461885,0.0,-6.25,6.25,0.14415703243338493,0.1441570324333851,2.4820783758033765e-09,5.88303828067029e-07,0.001502212014587618,0.0015,6.165199473140426e-07,0.0015003078196275874,0.0015,0.3,0.0,0.29875820739297615,0.0
30879,7.71975,7.72,-4.383492063202075,4.392049473308823,0.004278705053374132,8.775541536510898,-0.0987990932469579,0.1009390838472829,1,1,-4.383492063202075,4.392049473308823,-6.0,6.0,0.0,12.0,0.0012294365641339093,0.0,0.0012294365641339093,0.0,-0.0012294365641339093,-0.0012294365641339093,0.0,0.0,0.0,0.0,0.0,0.0,3.0739756412796436e-07,0.0,6.008794323117258,6.001243770135559,6.28063283686039e-16,1.0798653637955624e-15,0.8003749926442889,0.0,-6.25,6.25,0.14415703243338493,0.1441570324333851,2.4828247156243083e-09,5.884557952933177e-07,0.0015021989071634717,0.0015,6.164839559053004e-07,0.0015003108667502947,0.0015,0.3,0.0,0.298770563435865,0.0
30919,7.72975,7.73,-4.383550146313633,4.392033324893188,0.004241589289777803,8.775583471206822,-0.09879587543933699,0.10093916300836114,1,1,-4.383550146313633,4.392033324893188,-6.0,6.0,0.0,12.0,0.0012172034659259263,0.0,0.0012172034659259263,0.0,-0.0012172034659259263,-0.0012172034659259263,0.0,0.0,0.0,0.0,0.0,0.0,3.0433890725979055e-07,0.0,6.008742308897088,6.0012558328231655,1.1486037815311434e-15,1.1483869410966463e-15,0.8003749926423979,0.0,-6.25,6.25,0.14415703243338493,0.1441570324333851,2.4835694104016222e-09,5.886070771458381e-07,0.0015021859010839393,0.0015,6.16448203157871e-07,0.0015003138831854292,0.0015,0.3,0.0,0.2987827965340729,0.0
30959,7.73975,7.74,-4.383607790864242,4.392017354829132,0.004204781982445116,8.775625145693375,-0.09879268681887154,0.10093924111902464,1,1,-4.383607790864242,4.392017354829132,-6.0,6.0,0.0,12.0,0.0012050920890788748,0.0,0.0012050920890788748,0.0,-0.0012050920890788748,-0.0012050920890788748,0.0,0.0,0.0,0.0,0.0,0.0,3.013106845359592e-07,0.0,6.008690697140844,6.001267774022186,3.7339922820400773e-16,1.2205948057841809e-15,0.8003749926405155,0.0,-6.25,6.25,0.14415703243338493,0.1441570324333851,2.484312441992014e-09,5.88757672884073e-07,0.0015021729956381093,0.0015,6.164126883434485e-07,0.0015003168692407627,0.0015,0.3,0.0,0.2987949079109199,0.0
30999,7.749750000000001,7.75,-4.383664999720047,4.39200156110872,0.004168280694336612,8.775666560828768,-0.09878952713146483,0.10093931819377011,1,1,-4.383664999720047,4.39200156110872,-6.0,6.0,0.0,12.0,0.0011931012224449778,0.0,0.0011931012224449778,0.0,-0.0011931012224449778,-0.0011931012224449778,0.0,0.0,0.0,0.0,0.0,0.0,2.9831259313167446e-07,0.0,6.008639485021439,6.001279594951131,9.397864431104352e-16,1.2244979336051287e-15,0.8003749926386415,0.0,-6.25,6.25,0.14415703243338493,0.1441570324333851,2.4850537924354583e-09,5.889075818485516e-07,0.001502160190119109,0.0015,6.163774107148523e-07,0.0015003198252209987,0.0015,0.3,0.0,0.2988068987775538,0.0
31039,7.75975,7.76,-4.383721775734871,4.3919859417472,0.004132083006164411,8.77570771748207,-0.09878639612506401,0.10093939424688281,1,1,-4.383721775734871,4.3919859417472,-6.0,6.0,0.0,12.0,0.001181229666927579,0.0,0.001181229666927579,0.0,-0.001181229666927579,-0.001181229666927579,0.0,0.0,0.0,0.0,0.0,0.0,2.953443332352974e-07,0.0,6.008588669727899,6.001291296816346,6.056353335504028e-16,1.1058862159352145e-15,0.8003749926367763,0.0,-6.25,6.25,0.14415703243338493,0.1441570324333851,2.4857934439558184e-09,5.890568034353144e-07,0.001502147483824095,0.0015,6.163423695126902e-07,0.0015003227514277992,0.0015,0.3,0.0,0.2988187703330713,0.0
31079,7.76975,7.7700000000000005,-4.383778121750165,4.391970494782724,0.00409618651627941,8.775748616532889,-0.09878329354965465,0.10093946929244257,1,1,-4.383778121750165,4.391970494782724,-6.0,6.0,0.0,12.0,0.0011694762353612353,0.0,0.0011694762353612353,0.0,-0.0011694762353612353,-0.0011694762353612353,0.0,0.0,0.0,0.0,0.0,0.0,2.924056080183652e-07,0.0,6.008538248465335,6.001302880812145,8.439548295239782e-16,1.1635657715114434e-15,0.8003749926349196,0.0,-6.25,6.25,0.14415703243338493,0.1441570324333851,2.4865313789614297e-09,5.892053371103458e-07,0.001502134876054244,0.0015,6.163075639720184e-07,0.0015003256481598182,0.0015,0.3,0.0,0.2988305237646376,0.0
31119,7.77975,7.78,-4.383834040594955,4.391955218276078,0.004060588840561596,8.775789258871033,-0.09878021915723623,0.10093954334432664,1,1,-4.383834040594955,4.391955218276078,-6.0,6.0,0.0,12.0,0.0011578397523929937,0.0,0.0011578397523929937,0.0,-0.0011578397523929937,-0.0011578397523929937,0.0,0.0,0.0,0.0,0.0,0.0,2.894961236059068e-07,0.0,6.008488218454891,6.001314348120929,4.925068836645393e-16,9.805524447958902e-16,0.8003749926330715,0.0,-6.25,6.25,0.14415703243338493,0.1441570324333851,2.4872675800456622e-09,5.893531824040237e-07,0.001502122366114742,0.0015,6.162729933034683e-07,0.0015003285157127292,0.0015,0.3,0.0,0.298842160247606,0.0
31159,7.78975,7.79,-4.383889535085796,4.39194011031041,0.004025287612306805,8.775829645396206,-0.0987771727018183,0.10093961641621019,1,1,-4.383889535085796,4.39194011031041,-6.0,6.0,0.0,12.0,0.0011463190543648612,0.0,0.0011463190543648612,0.0,-0.0011463190543648612,-0.0011463190543648612,0.0,0.0,0.0,0.0,0.0,0.0,2.8661558904705665e-07,0.0,6.008438576933713,6.001325699913302,1.7694179454963432e-16,9.90743945217254e-16,0.8003749926312321,0.0,-6.25,6.25,0.14415703243338493,0.1441570324333851,2.4880020299874536e-09,5.895003389044574e-07,0.0015021099533147756,0.0015,6.162386567165612e-07,0.0015003313543792566,0.0015,0.3,0.0,0.29885368094563414,0.0
31199,7.79975,7.8,-4.383944608026724,4.391925168990961,0.003990280482118802,8.775869777017686,-0.09877415393940436,0.10093968852157409,1,1,-4.383944608026724,4.391925168990961,-6.0,6.0,0.0,12.0,0.0011349129891974345,0.0,0.0011349129891974345,0.0,-0.0011349129891974345,-0.0011349129891974345,0.0,0.0,0.0,0.0,0.0,0.0,2.8376371628595835e-07,0.0,6.008389321154903,6.001336937348183,1.0087417012805133e-15,8.322335875998732e-16,0.8003749926294013,0.0,-6.25,6.25,0.14415703243338493,0.1441570324333851,2.488734711751824e-09,5.896468062685902e-07,0.0015020976369675206,0.0015,6.162045534030547e-07,0.0015003341644492033,0.0015,0.3,0.0,0.2988650870108017,0.0
31239,7.80975,7.8100000000000005,-4.3839992622092145,4.391910392444809,0.003955565117797377,8.775909654654024,-0.09877116262797248,0.10093975967370272,1,1,-4.3839992622092145,4.391910392444809,-6.0,6.0,0.0,12.0,0.001123620416274691,0.0,0.001123620416274691,0.0,-0.001123620416274691,-0.001123620416274691,0.0,0.0,0.0,0.0,0.0,0.0,2.8094022013295906e-07,0.0,6.008340448387479,6.00134806157293,7.864802559209849e-16,9.259086553026208e-16,0.800374992627579,0.0,-6.25,6.25,0.14415703243338493,0.1441570324333851,2.4894656084903612e-09,5.897925842144279e-07,0.0015020854163901327,0.0015,6.161706825447144e-07,0.0015003369462094805,0.0015,0.3,0.0,0.29887637958372437,0.0
31279,7.81975,7.82,-4.384053500412142,4.391895778820603,0.003921139204230428,8.775949279232744,-0.09876819852746965,0.10093982988568728,1,1,-4.384053500412142,4.391895778820603,-6.0,6.0,0.0,12.0,0.0011124402063299292,0.0,0.0011124402063299292,0.0,-0.0011124402063299292,-0.0011124402063299292,0.0,0.0,0.0,0.0,0.0,0.0,2.7814481823609083e-07,0.0,6.008291955916334,6.00135907372345,7.872593144742221e-16,1.0709749059811813e-15,0.8003749926257654,0.0,-6.25,6.25,0.14415703243338493,0.1441570324333851,2.490194703541686e-09,5.899376725177076e-07,0.0015020732909037354,0.0015,6.161370433122038e-07,0.0015003396999441363,0.0015,0.3,0.0,0.298887559793669,0.0
31319,7.82975,7.83,-4.384107325401738,4.3918813262883045,0.003887000443283384,8.775988651690042,-0.09876526139979303,0.10093989917043633,1,1,-4.384107325401738,4.3918813262883045,-6.0,6.0,0.0,12.0,0.001101371241332836,0.0,0.001101371241332836,0.0,-0.001101371241332836,-0.001101371241332836,0.0,0.0,0.0,0.0,0.0,0.0,2.753772310528342e-07,0.0,6.008243841042191,6.001369974924315,5.944456048006998e-16,1.1900203045200897e-15,0.8003749926239605,0.0,-6.25,6.25,0.14415703243338493,0.1441570324333851,2.49092198043189e-09,5.90082071013009e-07,0.0015020612598334107,0.0015,6.161036348673043e-07,0.0015003424259343841,0.0015,0.3,0.0,0.29889862875866596,0.0
31359,7.83975,7.84,-4.3841607399315565,4.391867033038942,0.0038531465536926213,8.776027772970497,-0.09876235100878206,0.10093996754066747,1,1,-4.3841607399315565,4.391867033038942,-6.0,6.0,0.0,12.0,0.0010904124143776893,0.0,0.0010904124143776893,0.0,-0.0010904124143776893,-0.0010904124143776893,0.0,0.0,0.0,0.0,0.0,0.0,2.726371818221648e-07,0.0,6.008196101081559,6.001380766288872,1.0869609587947117e-15,9.937797113002134e-16,0.800374992622164,0.0,-6.25,6.25,0.14415703243338493,0.1441570324333851,2.4916474228749513e-09,5.902257796015247e-07,0.0015020493225081884,0.0015,6.160704563584751e-07,0.0015003451244586302,0.0015,0.3,0.0,0.2989095875856213,0.0
31399,7.84975,7.8500000000000005,-4.38421374674244,4.391852897284353,0.0038195752709562214,8.776066644026793,-0.09875946712019523,0.1009400350089179,1,1,-4.38421374674244,4.391852897284353,-6.0,6.0,0.0,12.0,0.0010795626295726608,0.0,0.0010795626295726608,0.0,-0.0010795626295726608,-0.0010795626295726608,0.0,0.0,0.0,0.0,0.0,0.0,2.699243965368761e-07,0.0,6.00814873336669,6.001391448919351,1.1188015625567113e-15,1.0995978433347986e-15,0.8003749926203764,0.0,-6.25,6.25,0.14415703243338493,0.1441570324333851,2.492371014773124e-09,5.903687982277463e-07,0.001502037478261032,0.0015,6.160375069264034e-07,0.001500347795792502,0.0015,0.3,0.0,0.29892043737042623,0.0
31439,7.85975,7.86,-4.384266348562484,4.391838917256941,0.003786284347228719,8.776105265819425,-0.09875660950171006,0.10094010158754496,1,1,-4.384266348562484,4.391838917256941,-6.0,6.0,0.0,12.0,0.0010688208019302267,0.0,0.0010688208019302267,0.0,-0.0010688208019302267,-0.0010688208019302267,0.0,0.0,0.0,0.0,0.0,0.0,2.6723860391617843e-07,0.0,6.008101735245531,6.001402023906988,5.642827615489742e-16,1.0427856494965582e-15,0.8003749926185972,0.0,-6.25,6.25,0.14415703243338493,0.1441570324333851,2.4930927402173077e-09,5.905111269072198e-07,0.0015020257264288306,0.0015,6.160047857028949e-07,0.001500350440208876,0.0015,0.3,0.0,0.2989311791980687,0.0
31479,7.86975,7.87,-4.384318548107006,4.391825091209432,0.0037532715512127446,8.776143639316437,-0.09875377792289641,0.10094016728872945,1,1,-4.384318548107006,4.391825091209432,-6.0,6.0,0.0,12.0,0.0010581858572586728,0.0,0.0010581858572586728,0.0,-0.0010581858572586728,-0.0010581858572586728,0.0,0.0,0.0,0.0,0.0,0.0,2.6457953537857207e-07,0.0,6.008055104081681,6.001412492332122,1.6263032587282567e-15,1.0241373721298075e-15,0.8003749926168268,0.0,-6.25,6.25,0.14415703243338493,0.1441570324333851,2.493812583487388e-09,5.906527657021208e-07,0.0015020140663523863,0.0015,6.159722918019916e-07,0.0015003530579779049,0.0015,0.3,0.0,0.2989418141427403,0.0
31519,7.8797500000000005,7.88,-4.384370348078523,4.391811417414626,0.003720534668051556,8.776181765493149,-0.09875097215521045,0.100940232124474,1,1,-4.384370348078523,4.391811417414626,-6.0,6.0,0.0,12.0,0.0010476567320546702,0.0,0.0010476567320546702,0.0,-0.0010476567320546702,-0.0010476567320546702,0.0,0.0,0.0,0.0,0.0,0.0,2.6194692501498756e-07,0.0,6.008008837254342,6.001422855264302,7.88865500700453e-16,1.031509946902709e-15,0.800374992615065,0.0,-6.25,6.25,0.14415703243338493,0.1441570324333851,2.4945305290525553e-09,5.907937147356871e-07,0.0015020024973764021,0.0015,6.15940024339956e-07,0.0015003556493670435,0.0015,0.3,0.0,0.2989523432679443,0.0
31559,7.88975,7.890000000000001,-4.384421751166715,4.391797894165171,0.003688071499227785,8.776219645331885,-0.0987481919719857,0.10094029610661526,1,1,-4.384421751166715,4.391797894165171,-6.0,6.0,0.0,12.0,0.001037232373396923,0.0,0.001037232373396923,0.0,-0.001037232373396923,-0.001037232373396923,0.0,0.0,0.0,0.0,0.0,0.0,2.5934050956219423e-07,0.0,6.0079629321582715,6.001433113762403,7.632783294297951e-16,9.99634403031635e-16,0.8003749926133117,0.0,-6.25,6.25,0.14415703243338493,0.1441570324333851,2.4952465615716027e-09,5.909339741811165e-07,0.001501991018849471,0.0015,6.159079824197277e-07,0.0015003582146410769,0.0015,0.3,0.0,0.29896276762660207,0.0
31599,7.89975,7.9,-4.384472760048411,4.391784519773315,0.003655879862452416,8.776257279821726,-0.09874543714840756,0.10094035924681666,1,1,-4.384472760048411,4.391784519773315,-6.0,6.0,0.0,12.0,0.0010269117388408786,0.0,0.0010269117388408786,0.0,-0.0010269117388408786,-0.0010269117388408786,0.0,0.0,0.0,0.0,0.0,0.0,2.567600283764749e-07,0.0,6.007917386203737,6.001443268874726,1.165692671241999e-15,1.072709629457158e-15,0.800374992611567,0.0,-6.25,6.25,0.14415703243338493,0.1441570324333851,2.495960665893193e-09,5.910735442682288e-07,0.0015019796301240628,0.0015,6.158761651320344e-07,0.001500360754062146,0.0015,0.3,0.0,0.29897308826115804,0.0
31639,7.90975,7.91,-4.384523377387555,4.391771292570685,0.0036239575915653077,8.77629466995824,-0.0987427074615127,0.10094042155657457,1,1,-4.384523377387555,4.391771292570685,-6.0,6.0,0.0,12.0,0.0010166937963144809,0.0,0.0010166937963144809,0.0,-0.0010166937963144809,-0.0010166937963144809,0.0,0.0,0.0,0.0,0.0,0.0,2.5420522340756063e-07,0.0,6.007872196816469,6.001453321639105,8.686318638928114e-16,9.900934239137626e-16,0.800374992609831,0.0,-6.25,6.25,0.14415703243338493,0.1441570324333851,2.49667282705611e-09,5.912124252745828e-07,0.0015019683305565125,0.0015,6.158445715653826e-07,0.0015003632678897742,0.0015,0.3,0.0,0.2989833062036845,0.0
31679,7.9197500000000005,7.92,-4.384573605835194,4.391758210908048,0.003592302536426839,8.776331816743241,-0.09874000269016803,0.10094048304722159,1,1,-4.384573605835194,4.391758210908048,-6.0,6.0,0.0,12.0,0.0010065775240149619,0.0,0.0010065775240149619,0.0,-0.0010065775240149619,-0.0010065775240149619,0.0,0.0,0.0,0.0,0.0,0.0,2.516758391728254e-07,0.0,6.007827361437604,6.001463273083011,8.114169058881515e-16,9.883587004377858e-16,0.8003749926081036,0.0,-6.25,6.25,0.14415703243338493,0.1441570324333851,2.4973830302894784e-09,5.913506175354696e-07,0.0015019571195070093,0.0015,6.158132007971772e-07,0.0015003657563808937,0.0015,0.3,0.0,0.29899342247598404,0.0
31719,7.92975,7.930000000000001,-4.384623448029457,4.39174527315509,0.003560912562816654,8.776368721184546,-0.09873732261505785,0.10094054372993211,1,1,-4.384623448029457,4.39174527315509,-6.0,6.0,0.0,12.0,0.0009965619103066625,0.0,0.0009965619103066625,0.0,-0.0009965619103066625,-0.0009965619103066625,0.0,0.0,0.0,0.0,0.0,0.0,2.491716227317382e-07,0.0,6.007782877523643,6.001473124223653,8.57603918436034e-16,8.959846753420209e-16,0.8003749926063848,0.0,-6.25,6.25,0.14415703243338493,0.1441570324333851,2.4980912610129693e-09,5.914881214339197e-07,0.0015019459963395826,0.0015,6.157820518959412e-07,0.0015003682197898703,0.0015,0.3,0.0,0.29900343808969243,0.0
31759,7.93975,7.94,-4.384672906595529,4.391732477700192,0.0035297855523310773,8.776405384295721,-0.0987346670186795,0.10094060361571622,1,1,-4.384672906595529,4.391732477700192,-6.0,6.0,0.0,12.0,0.0009866459536198643,0.0,0.0009866459536198643,0.0,-0.0009866459536198643,-0.0009866459536198643,0.0,0.0,0.0,0.0,0.0,0.0,2.466923236605678e-07,0.0,6.0077387425463975,6.001482876068078,5.228022875725102e-16,9.374011983309671e-16,0.8003749926046746,0.0,-6.25,6.25,0.14415703243338493,0.1441570324333851,2.498797504836972e-09,5.916249374062545e-07,0.0015019349604220892,0.0015,6.157511239246461e-07,0.00150037065836853,0.0015,0.3,0.0,0.2990133540463792,0.0
31799,7.94975,7.95,-4.384721984145651,4.391719822950207,0.003498919402277867,8.776441807095857,-0.09873203568532052,0.10094066271542967,1,1,-4.384721984145651,4.391719822950207,-6.0,6.0,0.0,12.0,0.000976828662350636,0.0,0.000976828662350636,0.0,-0.000976828662350636,-0.000976828662350636,0.0,0.0,0.0,0.0,0.0,0.0,2.442376940273411e-07,0.0,6.0076949539929405,6.00149252961328,1.2578555733756608e-15,9.6710833785707e-16,0.800374992602973,0.0,-6.25,6.25,0.14415703243338493,0.1441570324333851,2.49950174756275e-09,5.917610659298736e-07,0.0015019240111262024,0.0015,6.15720415937382e-07,0.001500373072366183,0.0015,0.3,0.0,0.2990231713376484,0.0
31839,7.9597500000000005,7.96,-4.38477068327909,4.3917073073302415,0.003468312025575848,8.776477990609331,-0.09872942840105037,0.1009407210397717,1,1,-4.38477068327909,4.3917073073302415,-6.0,6.0,0.0,12.0,0.0009671090547616692,0.0,0.0009671090547616692,0.0,-0.0009671090547616692,-0.0009671090547616692,0.0,0.0,0.0,0.0,0.0,0.0,2.418074883670492e-07,0.0,6.007651509365553,6.00150208584629,1.1183251065238807e-15,1.046688777317506e-15,0.80037499260128,0.0,-6.25,6.25,0.14415703243338493,0.1441570324333851,2.5002039751825717e-09,5.918965075387982e-07,0.0015019131478273974,0.0015,6.156899269837979e-07,0.0015003754620296493,0.0015,0.3,0.0,0.2990328909452373,0.0
31879,7.96975,7.97,-4.384819006582137,4.391694929283442,0.003437961350652774,8.77651393586558,-0.09872684495370376,0.10094077859929496,1,1,-4.384819006582137,4.391694929283442,-6.0,6.0,0.0,12.0,0.0009574861588841058,0.0,0.0009574861588841058,0.0,-0.0009574861588841058,-0.0009574861588841058,0.0,0.0,0.0,0.0,0.0,0.0,2.3940146365710095e-07,0.0,6.007608406181676,6.0015115457442825,5.878544179216405e-16,1.0844190129200015e-15,0.8003749925995955,0.0,-6.25,6.25,0.14415703243338493,0.1441570324333851,2.500904173879814e-09,5.920312628114587e-07,0.0015019023699049396,0.0015,6.15659656103551e-07,0.0015003778276032834,0.0015,0.3,0.0,0.2990425138411148,0.0
31919,7.97975,7.98,-4.384866956628092,4.391682687270781,0.0034078653213445165,8.776549643898873,-0.09872428513287623,0.10094083540439225,1,1,-4.384866956628092,4.391682687270781,-6.0,6.0,0.0,12.0,0.0009479590124203384,0.0,0.0009479590124203384,0.0,-0.0009479590124203384,-0.0009479590124203384,0.0,0.0,0.0,0.0,0.0,0.0,2.3701937929302029e-07,0.0,6.0075656419738515,6.001520910274665,5.876462595748528e-16,1.1681194206358825e-15,0.8003749925979197,0.0,-6.25,6.25,0.14415703243338493,0.1441570324333851,2.5016023300290526e-09,5.921653323706944e-07,0.0015018916767418709,0.0015,6.156296023329677e-07,0.0015003801693289985,0.0015,0.3,0.0,0.2990520409875785,0.0
31959,7.98975,7.99,-4.3849145359772566,4.391670579770845,0.003378021896794259,8.776585115748102,-0.0987217487299058,0.1009408914653187,1,1,-4.3849145359772566,4.391670579770845,-6.0,6.0,0.0,12.0,0.0009385266626477813,0.0,0.0009385266626477813,0.0,-0.0009385266626477813,-0.0009385266626477813,0.0,0.0,0.0,0.0,0.0,0.0,2.3466099706438568e-07,0.0,6.0075232142896775,6.001530180395184,1.2793585635328952e-17,1.0384488408066161e-15,0.8003749925962523,0.0,-6.25,6.25,0.14415703243338493,0.1441570324333851,2.5022984301961177e-09,5.92298716888194e-07,0.0015018810677249967,0.0015,6.155997647028233e-07,0.001500382487446291,0.0015,0.3,0.0,0.29906147333735117,0.0
31999,7.999750000000001,8.0,-4.384961747176924,4.39165860527963,0.003348429051352575,8.776620352456554,-0.09871923553785689,0.10094094679217847,1,1,-4.384961747176924,4.39165860527963,-6.0,6.0,0.0,12.0,0.0009291881663235974,0.0,0.0009291881663235974,0.0,-0.0009291881663235974,-0.0009291881663235974,0.0,0.0,0.0,0.0,0.0,0.0,2.3232608113100907e-07,0.0,6.00748112069175,6.001539357054017,1.0503536771220385e-15,9.930207697794735e-16,0.8003749925945937,0.0,-6.25,6.25,0.14415703243338493,0.1441570324333851,2.5029924611381336e-09,5.92431417084497e-07,0.0015018705422448727,0.0015,6.155701422305704e-07,0.0015003847821922647,0.0015,0.3,0.0,0.2990708118336754,0.0
