step,u_start,u_end,p_b,p_a,midpoint,spread,slope_b,slope_a,crossings_b,crossings_a,pre_p_b,pre_p_a,q_b,q_a,mu,Sigma,Q_B_quote,Q_A_quote,Q_B_post,Q_A_post,I_quote,I_post,requested_sell,requested_buy,executed_sell,executed_buy,unfilled_sell,unfilled_buy,due_bid,due_ask,mass_bid,mass_ask,budget_error,ledger_error,positivity_load,min_density,source_centroid_b,source_centroid_a,source_std_b,source_std_a,matched_volume,boundary_flux_bid,cancelled_bid,external_bid,boundary_flux_ask,cancelled_ask,external_ask,cumulative_buy,cumulative_sell,cumulative_completed_bid,cumulative_completed_ask
0,0,0,-4.339936671107864,4.339936671107865,4.440892098500626e-16,8.679873342215728,-0.10089009591129405,0.10089009591129405,1,1,-4.339936671107864,4.339936671107865,-6.0,6.0,0.0,12.0,0,0,0,0,0,0,0,0,0,0,0,0,0,0,6.002352214910729,6.0023522149107285,0,0,0,0,0,0,0,0,0,0,0,0,0,0,0,0,0,0,0
4,0.008,0.01,-4.339936670161414,4.339936670161415,4.440892098500626e-16,8.679873340322828,-0.10089009591674136,0.10089009591674136,1,1,-4.339936670161414,4.339936670161415,-6.0,6.0,0.0,12.0,0.0,0.0,0.0,0.0,0.0,0.0,0.0,0.0,0.0,0.0,0.0,0.0,0.0,0.0,6.002352215929044,6.002352215929043,9.818534874028728e-16,0.0,0.40299976361793605,0.0,-6.249999999999999,6.25,0.1707825127659933,0.1707825127659935,2.299800399304933e-08,4.727632275441822e-06,0.012004704431452448,0.012,4.7276322754408185e-06,0.012004704431452445,0.012,0.0,0.0,0.0,0.0
9,0.018000000000000002,0.02,-4.339936669224813,4.339936669224814,4.440892098500626e-16,8.679873338449628,-0.1008900959221222,0.1008900959221222,1,1,-4.339936669224813,4.339936669224814,-6.0,6.0,0.0,12.0,0.0,0.0,0.0,0.0,0.0,0.0,0.0,0.0,0.0,0.0,0.0,0.0,0.0,0.0,6.002352216936853,6.0023522169368535,1.222980050563649e-15,0.0,0.40299976361793866,0.0,-6.249999999999999,6.25,0.1707825127659933,0.1707825127659935,2.299802379182768e-08,4.727632223143742e-06,0.012004704433472253,0.012,4.727632223142653e-06,0.012004704433472251,0.012,0.0,0.0,0.0,0.0
14,0.028,0.03,-4.339936668297959,4.33993666829796,4.440892098500626e-16,8.679873336595918,-0.10089009592743711,0.10089009592743711,1,1,-4.339936668297959,4.33993666829796,-6.0,6.0,0.0,12.0,0.0,0.0,0.0,0.0,0.0,0.0,0.0,0.0,0.0,0.0,0.0,0.0,0.0,0.0,6.002352217934268,6.00235221793427,1.4519635493925875e-15,0.0,0.4029997636179412,0.0,-6.249999999999999,6.25,0.1707825127659933,0.1707825127659935,2.2998043411891697e-08,4.727632171404136e-06,0.012004704435471225,0.012,4.727632171404039e-06,0.012004704435471227,0.012,0.0,0.0,0.0,0.0
19,0.038,0.04,-4.33993666738075,4.339936667380751,8.881784197001252e-16,8.679873334761501,-0.1008900959326868,0.1008900959326868,1,1,-4.33993666738075,4.339936667380751,-6.0,6.0,0.0,12.0,0.0,0.0,0.0,0.0,0.0,0.0,0.0,0.0,0.0,0.0,0.0,0.0,0.0,0.0,6.002352218921398,6.002352218921397,6.158268339717665e-16,0.0,0.40299976361794376,0.0,-6.249999999999999,6.25,0.1707825127659933,0.1707825127659935,2.299806285482263e-08,4.727632120225212e-06,0.01200470443744958,0.012,4.727632120224979e-06,0.01200470443744958,0.012,0.0,0.0,0.0,0.0
24,0.048,0.05,-4.339936666473085,4.339936666473087,8.881784197001252e-16,8.679873332946173,-0.10089009593787224,0.10089009593787224,1,1,-4.339936666473085,4.339936666473087,-6.0,6.0,0.0,12.0,0.0,0.0,0.0,0.0,0.0,0.0,0.0,0.0,0.0,0.0,0.0,0.0,0.0,0.0,6.002352219898345,6.002352219898344,4.718447854656915e-16,0.0,0.4029997636179463,0.0,-6.249999999999999,6.25,0.1707825127659933,0.1707825127659935,2.299808212218813e-08,4.727632069589202e-06,0.012004704439407531,0.012,4.727632069589927e-06,0.012004704439407527,0.012,0.0,0.0,0.0,0.0
29,0.058,0.06,-4.339936665574867,4.339936665574869,8.881784197001252e-16,8.679873331149736,-0.10089009594299397,0.10089009594299397,1,1,-4.339936665574867,4.339936665574869,-6.0,6.0,0.0,12.0,0.0,0.0,0.0,0.0,0.0,0.0,0.0,0.0,0.0,0.0,0.0,0.0,0.0,0.0,6.002352220865215,6.002352220865214,8.205242041370298e-16,0.0,0.4029997636179488,0.0,-6.249999999999999,6.25,0.1707825127659933,0.1707825127659935,2.2998101215542285e-08,4.7276320195005334e-06,0.012004704441345285,0.012,4.727632019501104e-06,0.012004704441345285,0.012,0.0,0.0,0.0,0.0
34,0.068,0.07,-4.339936664685996,4.339936664685998,8.881784197001252e-16,8.679873329371993,-0.10089009594805298,0.10089009594805298,1,1,-4.339936664685996,4.339936664685998,-6.0,6.0,0.0,12.0,0.0,0.0,0.0,0.0,0.0,0.0,0.0,0.0,0.0,0.0,0.0,0.0,0.0,0.0,6.002352221822114,6.002352221822114,3.400058012914542e-16,0.0,0.40299976361795126,0.0,-6.249999999999999,6.25,0.1707825127659933,0.1707825127659935,2.299812013642576e-08,4.72763196995032e-06,0.012004704443263053,0.012,4.72763196994963e-06,0.012004704443263053,0.012,0.0,0.0,0.0,0.0
39,0.078,0.08,-4.339936663806376,4.339936663806377,4.440892098500626e-16,8.679873327612754,-0.10089009595304982,0.10089009595304982,1,1,-4.339936663806376,4.339936663806377,-6.0,6.0,0.0,12.0,0.0,0.0,0.0,0.0,0.0,0.0,0.0,0.0,0.0,0.0,0.0,0.0,0.0,0.0,6.002352222769141,6.002352222769141,5.585809592645319e-16,0.0,0.4029997636179537,0.0,-6.249999999999999,6.25,0.1707825127659933,0.1707825127659935,2.299813888636593e-08,4.727631920929668e-06,0.01200470444516104,0.012,4.727631920928843e-06,0.012004704445161041,0.012,0.0,0.0,0.0,0.0
44,0.088,0.09,-4.339936662935909,4.33993666293591,8.881784197001252e-16,8.679873325871819,-0.10089009595798559,0.10089009595798559,1,1,-4.339936662935909,4.33993666293591,-6.0,6.0,0.0,12.0,0.0,0.0,0.0,0.0,0.0,0.0,0.0,0.0,0.0,0.0,0.0,0.0,0.0,0.0,6.002352223706402,6.002352223706402,8.430756093247282e-16,0.0,0.40299976361795614,0.0,-6.249999999999999,6.25,0.1707825127659933,0.1707825127659935,2.299815746687697e-08,4.72763187243857e-06,0.012004704447039454,0.012,4.727631872438743e-06,0.012004704447039454,0.012,0.0,0.0,0.0,0.0
49,0.098,0.1,-4.339936662074501,4.339936662074502,4.440892098500626e-16,8.679873324149003,-0.10089009596286072,0.10089009596286072,1,1,-4.339936662074501,4.339936662074502,-6.0,6.0,0.0,12.0,0.0,0.0,0.0,0.0,0.0,0.0,0.0,0.0,0.0,0.0,0.0,0.0,0.0,0.0,6.002352224633995,6.002352224633996,1.6670692604137116e-15,0.0,0.40299976361795853,0.0,-6.249999999999999,6.25,0.1707825127659933,0.1707825127659935,2.299817587945995e-08,4.727631824470355e-06,0.012004704448898491,0.012,4.727631824470446e-06,0.01200470444889849,0.012,0.0,0.0,0.0,0.0
54,0.108,0.11,-4.339936661222057,4.339936661222058,4.440892098500626e-16,8.679873322444116,-0.10089009596767562,0.10089009596767562,1,1,-4.339936661222057,4.339936661222058,-6.0,6.0,0.0,12.0,0.0,0.0,0.0,0.0,0.0,0.0,0.0,0.0,0.0,0.0,0.0,0.0,0.0,0.0,6.002352225552022,6.002352225552022,1.1969591984239969e-15,0.0,0.40299976361796086,0.0,-6.249999999999999,6.25,0.1707825127659933,0.1707825127659935,2.2998194125602986e-08,4.727631777018355e-06,0.012004704450738353,0.012,4.727631777017294e-06,0.012004704450738354,0.012,0.0,0.0,0.0,0.0
59,0.11800000000000001,0.12,-4.339936660378486,4.339936660378487,4.440892098500626e-16,8.679873320756972,-0.10089009597243223,0.10089009597243223,1,1,-4.339936660378486,4.339936660378487,-6.0,6.0,0.0,12.0,0.0,0.0,0.0,0.0,0.0,0.0,0.0,0.0,0.0,0.0,0.0,0.0,0.0,0.0,6.002352226460578,6.002352226460579,1.5074747006238454e-15,0.0,0.40299976361796325,0.0,-6.249999999999999,6.25,0.1707825127659933,0.1707825127659935,2.2998212206781303e-08,4.7276317300736774e-06,0.012004704452559238,0.012,4.727631730072624e-06,0.012004704452559238,0.012,0.0,0.0,0.0,0.0
64,0.128,0.13,-4.339936659543693,4.339936659543694,4.440892098500626e-16,8.679873319087388,-0.10089009597712972,0.10089009597712972,1,1,-4.339936659543693,4.339936659543694,-6.0,6.0,0.0,12.0,0.0,0.0,0.0,0.0,0.0,0.0,0.0,0.0,0.0,0.0,0.0,0.0,0.0,0.0,6.002352227359765,6.002352227359764,1.016547956922409e-15,0.0,0.4029997636179655,0.0,-6.249999999999999,6.25,0.1707825127659933,0.1707825127659935,2.2998230124457396e-08,4.727631683636316e-06,0.012004704454361343,0.012,4.727631683636435e-06,0.012004704454361345,0.012,0.0,0.0,0.0,0.0
69,0.138,0.14,-4.339936658717588,4.339936658717589,4.440892098500626e-16,8.679873317435177,-0.1008900959817699,0.1008900959817699,1,1,-4.339936658717588,4.339936658717589,-6.0,6.0,0.0,12.0,0.0,0.0,0.0,0.0,0.0,0.0,0.0,0.0,0.0,0.0,0.0,0.0,0.0,0.0,6.002352228249675,6.002352228249675,9.593020822151743e-16,0.0,0.40299976361796785,0.0,-6.249999999999999,6.25,0.1707825127659933,0.1707825127659935,2.2998247880081094e-08,4.727631637699599e-06,0.012004704456144863,0.012,4.727631637699847e-06,0.012004704456144861,0.012,0.0,0.0,0.0,0.0
74,0.148,0.15,-4.33993665790008,4.339936657900082,8.881784197001252e-16,8.679873315800162,-0.10089009598635262,0.10089009598635262,1,1,-4.33993665790008,4.339936657900082,-6.0,6.0,0.0,12.0,0.0,0.0,0.0,0.0,0.0,0.0,0.0,0.0,0.0,0.0,0.0,0.0,0.0,0.0,6.002352229130409,6.002352229130408,6.678685382510707e-16,0.0,0.4029997636179701,0.0,-6.249999999999999,6.25,0.1707825127659933,0.1707825127659935,2.2998265475089656e-08,4.727631592252416e-06,0.012004704457909984,0.012,4.727631592251757e-06,0.012004704457909984,0.012,0.0,0.0,0.0,0.0
79,0.158,0.16,-4.339936657091081,4.339936657091082,4.440892098500626e-16,8.679873314182164,-0.10089009599087984,0.10089009599087984,1,1,-4.339936657091081,4.339936657091082,-6.0,6.0,0.0,12.0,0.0,0.0,0.0,0.0,0.0,0.0,0.0,0.0,0.0,0.0,0.0,0.0,0.0,0.0,6.002352230002057,6.002352230002057,1.4641066137244252e-15,0.0,0.40299976361797235,0.0,-6.249999999999999,6.25,0.1707825127659933,0.1707825127659935,2.2998282910907936e-08,4.72763154729476e-06,0.0120047044596569,0.012,4.727631547294387e-06,0.0120047044596569,0.012,0.0,0.0,0.0,0.0
84,0.168,0.17,-4.339936656290501,4.339936656290502,4.440892098500626e-16,8.679873312581002,-0.10089009599535098,0.10089009599535098,1,1,-4.339936656290501,4.339936656290502,-6.0,6.0,0.0,12.0,0.0,0.0,0.0,0.0,0.0,0.0,0.0,0.0,0.0,0.0,0.0,0.0,0.0,0.0,6.002352230864716,6.002352230864716,3.972516759986888e-16,0.0,0.40299976361797457,0.0,-6.249999999999999,6.25,0.1707825127659933,0.1707825127659935,2.2998300188948425e-08,4.72763150281774e-06,0.012004704461385797,0.012,4.727631502816632e-06,0.012004704461385797,0.012,0.0,0.0,0.0,0.0
89,0.178,0.18,-4.339936655498253,4.339936655498254,4.440892098500626e-16,8.679873310996506,-0.10089009599976717,0.10089009599976717,1,1,-4.339936655498253,4.339936655498254,-6.0,6.0,0.0,12.0,0.0,0.0,0.0,0.0,0.0,0.0,0.0,0.0,0.0,0.0,0.0,0.0,0.0,0.0,6.002352231718476,6.002352231718476,1.547373340571312e-15,0.0,0.40299976361797674,0.0,-6.249999999999999,6.25,0.1707825127659933,0.1707825127659935,2.29983173106114e-08,4.727631458823569e-06,0.012004704463096863,0.012,4.727631458822934e-06,0.01200470446309686,0.012,0.0,0.0,0.0,0.0
94,0.188,0.19,-4.33993665471425,4.3399366547142515,8.881784197001252e-16,8.679873309428501,-0.10089009600412938,0.10089009600412938,1,1,-4.33993665471425,4.3399366547142515,-6.0,6.0,0.0,12.0,0.0,0.0,0.0,0.0,0.0,0.0,0.0,0.0,0.0,0.0,0.0,0.0,0.0,0.0,6.002352232563429,6.00235223256343,1.366962099069724e-15,0.0,0.4029997636179789,0.0,-6.249999999999999,6.25,0.1707825127659933,0.1707825127659935,2.2998334277284983e-08,4.727631415305578e-06,0.012004704464790277,0.012,4.727631415306632e-06,0.01200470446479028,0.012,0.0,0.0,0.0,0.0
99,0.198,0.2,-4.339936653938407,4.339936653938408,4.440892098500626e-16,8.679873307876814,-0.10089009600843746,0.10089009600843746,1,1,-4.339936653938407,4.339936653938408,-6.0,6.0,0.0,12.0,0.0,0.0,0.0,0.0,0.0,0.0,0.0,0.0,0.0,0.0,0.0,0.0,0.0,0.0,6.0023522333996695,6.002352233399669,1.6306400674181987e-16,0.0,0.40299976361798107,0.0,-6.249999999999999,6.25,0.1707825127659933,0.1707825127659935,2.299835109034528e-08,4.727631372250435e-06,0.012004704466466228,0.012,4.727631372249963e-06,0.012004704466466226,0.012,0.0,0.0,0.0,0.0
104,0.20800000000000002,0.21,-4.339936653170638,4.33993665317064,8.881784197001252e-16,8.679873306341278,-0.10089009601269308,0.10089009601269308,1,1,-4.339936653170638,4.33993665317064,-6.0,6.0,0.0,12.0,0.0,0.0,0.0,0.0,0.0,0.0,0.0,0.0,0.0,0.0,0.0,0.0,0.0,0.0,6.002352234227282,6.002352234227282,8.656270145124267e-16,0.0,0.4029997636179832,0.0,-6.249999999999999,6.25,0.1707825127659933,0.1707825127659935,2.2998367751156484e-08,4.727631329653692e-06,0.012004704468124891,0.012,4.727631329652926e-06,0.012004704468124891,0.012,0.0,0.0,0.0,0.0
109,0.218,0.22,-4.339936652410861,4.339936652410862,4.440892098500626e-16,8.679873304821722,-0.10089009601689611,0.10089009601689611,1,1,-4.339936652410861,4.339936652410862,-6.0,6.0,0.0,12.0,0.0,0.0,0.0,0.0,0.0,0.0,0.0,0.0,0.0,0.0,0.0,0.0,0.0,0.0,6.002352235046359,6.002352235046359,1.1310397063368782e-15,0.0,0.4029997636179853,0.0,-6.249999999999999,6.25,0.1707825127659933,0.1707825127659935,2.2998384261070922e-08,4.727631287519781e-06,0.012004704469766446,0.012,4.727631287519962e-06,0.012004704469766442,0.012,0.0,0.0,0.0,0.0
114,0.228,0.23,-4.339936651658991,4.3399366516589915,4.440892098500626e-16,8.679873303317983,-0.10089009602104779,0.10089009602104779,1,1,-4.339936651658991,4.3399366516589915,-6.0,6.0,0.0,12.0,0.0,0.0,0.0,0.0,0.0,0.0,0.0,0.0,0.0,0.0,0.0,0.0,0.0,0.0,6.002352235856989,6.002352235856988,7.008282842946301e-16,0.0,0.4029997636179874,0.0,-6.249999999999999,6.25,0.1707825127659933,0.1707825127659935,2.2998400621429236e-08,4.727631245835372e-06,0.01200470447139107,0.012,4.7276312458355286e-06,0.012004704471391067,0.012,0.0,0.0,0.0,0.0
119,0.23800000000000002,0.24,-4.339936650914946,4.3399366509149475,8.881784197001252e-16,8.679873301829893,-0.10089009602514826,0.10089009602514826,1,1,-4.339936650914946,4.3399366509149475,-6.0,6.0,0.0,12.0,0.0,0.0,0.0,0.0,0.0,0.0,0.0,0.0,0.0,0.0,0.0,0.0,0.0,0.0,6.002352236659258,6.002352236659257,6.852157730108388e-16,0.0,0.40299976361798945,0.0,-6.249999999999999,6.25,0.1707825127659933,0.1707825127659935,2.2998416833560414e-08,4.727631204600457e-06,0.012004704472998937,0.012,4.727631204599625e-06,0.012004704472998937,0.012,0.0,0.0,0.0,0.0
124,0.248,0.25,-4.339936650178645,4.339936650178647,8.881784197001252e-16,8.679873300357292,-0.1008900960291978,0.1008900960291978,1,1,-4.339936650178645,4.339936650178647,-6.0,6.0,0.0,12.0,0.0,0.0,0.0,0.0,0.0,0.0,0.0,0.0,0.0,0.0,0.0,0.0,0.0,0.0,6.00235223745325,6.00235223745325,3.677613769070831e-16,0.0,0.40299976361799145,0.0,-6.249999999999999,6.25,0.1707825127659933,0.1707825127659935,2.2998432898781913e-08,4.727631163806148e-06,0.012004704474590218,0.012,4.72763116380559e-06,0.012004704474590218,0.012,0.0,0.0,0.0,0.0
129,0.258,0.26,-4.339936649450008,4.339936649450009,4.440892098500626e-16,8.679873298900016,-0.1008900960331982,0.1008900960331982,1,1,-4.339936649450008,4.339936649450009,-6.0,6.0,0.0,12.0,0.0,0.0,0.0,0.0,0.0,0.0,0.0,0.0,0.0,0.0,0.0,0.0,0.0,0.0,6.0023522382390535,6.002352238239053,9.62771529167128e-16,0.0,0.40299976361799345,0.0,-6.249999999999999,6.25,0.1707825127659933,0.1707825127659935,2.2998448818399762e-08,4.727631123452436e-06,0.012004704476165088,0.012,4.727631123453424e-06,0.012004704476165088,0.012,0.0,0.0,0.0,0.0
134,0.268,0.27,-4.339936648728954,4.339936648728956,8.881784197001252e-16,8.67987329745791,-0.10089009603714894,0.10089009603714894,1,1,-4.339936648728954,4.339936648728956,-6.0,6.0,0.0,12.0,0.0,0.0,0.0,0.0,0.0,0.0,0.0,0.0,0.0,0.0,0.0,0.0,0.0,0.0,6.002352239016751,6.002352239016751,4.597017211338539e-16,0.0,0.40299976361799544,0.0,-6.249999999999999,6.25,0.1707825127659933,0.1707825127659935,2.2998464593708647e-08,4.72763108353043e-06,0.012004704477723711,0.012,4.727631083529804e-06,0.012004704477723713,0.012,0.0,0.0,0.0,0.0
139,0.278,0.28,-4.339936648015406,4.3399366480154065,4.440892098500626e-16,8.679873296030813,-0.10089009604105137,0.10089009604105137,1,1,-4.339936648015406,4.3399366480154065,-6.0,6.0,0.0,12.0,0.0,0.0,0.0,0.0,0.0,0.0,0.0,0.0,0.0,0.0,0.0,0.0,0.0,0.0,6.002352239786426,6.002352239786426,6.279698983036042e-16,0.0,0.40299976361799744,0.0,-6.249999999999999,6.25,0.1707825127659933,0.1707825127659935,2.2998480225992006e-08,4.727631044042346e-06,0.012004704479266258,0.012,4.727631044041392e-06,0.012004704479266257,0.012,0.0,0.0,0.0,0.0
144,0.28800000000000003,0.29,-4.339936647309283,4.339936647309284,4.440892098500626e-16,8.679873294618567,-0.10089009604490537,0.10089009604490537,1,1,-4.339936647309283,4.339936647309284,-6.0,6.0,0.0,12.0,0.0,0.0,0.0,0.0,0.0,0.0,0.0,0.0,0.0,0.0,0.0,0.0,0.0,0.0,6.002352240548165,6.002352240548165,5.0133508455729725e-16,0.0,0.4029997636179994,0.0,-6.249999999999999,6.25,0.1707825127659933,0.1707825127659935,2.2998495716522148e-08,4.727631004972632e-06,0.012004704480792898,0.012,4.727631004972643e-06,0.012004704480792897,0.012,0.0,0.0,0.0,0.0
149,0.298,0.3,-4.339936646610511,4.339936646610512,4.440892098500626e-16,8.679873293221021,-0.10089009604871219,0.10089009604871219,1,1,-4.339936646610511,4.339936646610512,-6.0,6.0,0.0,12.0,0.0,0.0,0.0,0.0,0.0,0.0,0.0,0.0,0.0,0.0,0.0,0.0,0.0,0.0,6.002352241302046,6.002352241302045,4.215378046623641e-16,0.0,0.4029997636180013,0.0,-6.249999999999999,6.25,0.1707825127659933,0.1707825127659935,2.299851106656031e-08,4.727630966323501e-06,0.012004704482303789,0.012,4.727630966323559e-06,0.012004704482303787,0.012,0.0,0.0,0.0,0.0
154,0.308,0.31,-4.339936645919011,4.339936645919012,4.440892098500626e-16,8.679873291838025,-0.10089009605247168,0.10089009605247168,1,1,-4.339936645919011,4.339936645919012,-6.0,6.0,0.0,12.0,0.0,0.0,0.0,0.0,0.0,0.0,0.0,0.0,0.0,0.0,0.0,0.0,0.0,0.0,6.0023522420481505,6.0023522420481505,1.9081958235744878e-16,0.0,0.4029997636180032,0.0,-6.249999999999999,6.25,0.1707825127659933,0.1707825127659935,2.299852627735677e-08,4.727630928090504e-06,0.012004704483799094,0.012,4.727630928089699e-06,0.012004704483799096,0.012,0.0,0.0,0.0,0.0
159,0.318,0.32,-4.339936645234709,4.339936645234711,8.881784197001252e-16,8.67987329046942,-0.10089009605618537,0.10089009605618537,1,1,-4.339936645234709,4.339936645234711,-6.0,6.0,0.0,12.0,0.0,0.0,0.0,0.0,0.0,0.0,0.0,0.0,0.0,0.0,0.0,0.0,0.0,0.0,6.002352242786559,6.002352242786559,8.586881206085195e-16,0.0,0.4029997636180051,0.0,-6.249999999999999,6.25,0.1707825127659933,0.1707825127659935,2.2998541350150945e-08,4.727630890269194e-06,0.012004704485278978,0.012,4.727630890268842e-06,0.012004704485278976,0.012,0.0,0.0,0.0,0.0
164,0.328,0.33,-4.33993664455753,4.339936644557531,4.440892098500626e-16,8.679873289115061,-0.10089009605985327,0.10089009605985327,1,1,-4.33993664455753,4.339936644557531,-6.0,6.0,0.0,12.0,0.0,0.0,0.0,0.0,0.0,0.0,0.0,0.0,0.0,0.0,0.0,0.0,0.0,0.0,6.002352243517353,6.002352243517351,9.54097911787244e-16,0.0,0.40299976361800693,0.0,-6.249999999999999,6.25,0.1707825127659933,0.1707825127659935,2.299855628617146e-08,4.727630852855122e-06,0.012004704486743598,0.012,4.727630852854326e-06,0.012004704486743598,0.012,0.0,0.0,0.0,0.0
169,0.338,0.34,-4.339936643887399,4.3399366438874,4.440892098500626e-16,8.6798732877748,-0.10089009606347579,0.10089009606347579,1,1,-4.339936643887399,4.3399366438874,-6.0,6.0,0.0,12.0,0.0,0.0,0.0,0.0,0.0,0.0,0.0,0.0,0.0,0.0,0.0,0.0,0.0,0.0,6.0023522442406065,6.0023522442406065,6.505213034913027e-16,0.0,0.4029997636180088,0.0,-6.249999999999999,6.25,0.1707825127659933,0.1707825127659935,2.2998571086636282e-08,4.72763081584162e-06,0.01200470448819311,0.012,4.72763081584171e-06,0.012004704488193109,0.012,0.0,0.0,0.0,0.0
174,0.34800000000000003,0.35000000000000003,-4.3399366432242426,4.339936643224244,8.881784197001252e-16,8.679873286448487,-0.10089009606705376,0.10089009606705376,1,1,-4.3399366432242426,4.339936643224244,-6.0,6.0,0.0,12.0,0.0,0.0,0.0,0.0,0.0,0.0,0.0,0.0,0.0,0.0,0.0,0.0,0.0,0.0,6.002352244956401,6.002352244956402,1.932481952238163e-15,0.0,0.40299976361801065,0.0,-6.249999999999999,6.25,0.1707825127659933,0.1707825127659935,2.299858575275276e-08,4.7276307792242395e-06,0.012004704489627671,0.012,4.727630779224334e-06,0.012004704489627668,0.012,0.0,0.0,0.0,0.0
179,0.358,0.36,-4.33993664256799,4.339936642567991,4.440892098500626e-16,8.67987328513598,-0.1008900960705876,0.1008900960705876,1,1,-4.33993664256799,4.339936642567991,-6.0,6.0,0.0,12.0,0.0,0.0,0.0,0.0,0.0,0.0,0.0,0.0,0.0,0.0,0.0,0.0,0.0,0.0,6.002352245664812,6.002352245664813,1.6289053439422219e-15,0.0,0.40299976361801243,0.0,-6.249999999999999,6.25,0.1707825127659933,0.1707825127659935,2.2998600285717737e-08,4.7276307430007535e-06,0.012004704491047435,0.012,4.727630742999978e-06,0.012004704491047432,0.012,0.0,0.0,0.0,0.0
184,0.368,0.37,-4.339936641918567,4.339936641918569,8.881784197001252e-16,8.679873283837136,-0.10089009607407773,0.10089009607407773,1,1,-4.339936641918567,4.339936641918569,-6.0,6.0,0.0,12.0,0.0,0.0,0.0,0.0,0.0,0.0,0.0,0.0,0.0,0.0,0.0,0.0,0.0,0.0,6.002352246365916,6.002352246365916,5.186823193170653e-16,0.0,0.4029997636180142,0.0,-6.249999999999999,6.25,0.1707825127659933,0.1707825127659935,2.299861468671764e-08,4.727630707168934e-06,0.012004704492452554,0.012,4.72763070716864e-06,0.012004704492452552,0.012,0.0,0.0,0.0,0.0
189,0.378,0.38,-4.339936641275904,4.339936641275906,8.881784197001252e-16,8.67987328255181,-0.10089009607752483,0.10089009607752483,1,1,-4.339936641275904,4.339936641275906,-6.0,6.0,0.0,12.0,0.0,0.0,0.0,0.0,0.0,0.0,0.0,0.0,0.0,0.0,0.0,0.0,0.0,0.0,6.002352247059789,6.00235224705979,8.847089727481716e-17,0.0,0.402999763618016,0.0,-6.249999999999999,6.25,0.1707825127659933,0.1707825127659935,2.2998628956928584e-08,4.727630671722112e-06,0.012004704493843178,0.012,4.727630671721439e-06,0.01200470449384318,0.012,0.0,0.0,0.0,0.0
194,0.388,0.39,-4.339936640639931,4.339936640639932,4.440892098500626e-16,8.679873281279864,-0.10089009608092975,0.10089009608092975,1,1,-4.339936640639931,4.339936640639932,-6.0,6.0,0.0,12.0,0.0,0.0,0.0,0.0,0.0,0.0,0.0,0.0,0.0,0.0,0.0,0.0,0.0,0.0,6.002352247746504,6.002352247746504,1.7225804116449694e-15,0.0,0.40299976361801776,0.0,-6.249999999999999,6.25,0.1707825127659933,0.1707825127659935,2.2998643097516417e-08,4.7276306366536215e-06,0.01200470449521946,0.012,4.727630636653935e-06,0.012004704495219462,0.012,0.0,0.0,0.0,0.0
199,0.398,0.4,-4.339936640010578,4.339936640010579,8.881784197001252e-16,8.679873280021157,-0.10089009608429234,0.10089009608429234,1,1,-4.339936640010578,4.339936640010579,-6.0,6.0,0.0,12.0,0.0,0.0,0.0,0.0,0.0,0.0,0.0,0.0,0.0,0.0,0.0,0.0,0.0,0.0,6.002352248426137,6.002352248426136,1.3634926521177704e-15,0.0,0.4029997636180195,0.0,-6.249999999999999,6.25,0.1707825127659933,0.1707825127659935,2.2998657109636847e-08,4.727630601963452e-06,0.012004704496581548,0.012,4.727630601963906e-06,0.012004704496581548,0.012,0.0,0.0,0.0,0.0
204,0.40800000000000003,0.41000000000000003,-4.339936639387775,4.339936639387776,4.440892098500626e-16,8.679873278775553,-0.1008900960876137,0.1008900960876137,1,1,-4.339936639387775,4.339936639387776,-6.0,6.0,0.0,12.0,0.0,0.0,0.0,0.0,0.0,0.0,0.0,0.0,0.0,0.0,0.0,0.0,0.0,0.0,6.0023522490987595,6.00235224909876,1.3235940121703038e-15,0.0,0.4029997636180212,0.0,-6.249999999999999,6.25,0.1707825127659933,0.1707825127659935,2.299867099443551e-08,4.72763056764716e-06,0.012004704497929584,0.012,4.727630567646912e-06,0.012004704497929584,0.012,0.0,0.0,0.0,0.0
209,0.418,0.42,-4.339936638771456,4.339936638771457,4.440892098500626e-16,8.679873277542914,-0.100890096090894,0.100890096090894,1,1,-4.339936638771456,4.339936638771457,-6.0,6.0,0.0,12.0,0.0,0.0,0.0,0.0,0.0,0.0,0.0,0.0,0.0,0.0,0.0,0.0,0.0,0.0,6.002352249764444,6.002352249764442,1.1587952819525071e-15,0.0,0.40299976361802287,0.0,-6.249999999999999,6.25,0.1707825127659933,0.1707825127659935,2.2998684753048056e-08,4.727630533695854e-06,0.012004704499263715,0.012,4.727630533696292e-06,0.012004704499263715,0.012,0.0,0.0,0.0,0.0
214,0.428,0.43,-4.339936638161551,4.339936638161553,8.881784197001252e-16,8.679873276323104,-0.10089009609413363,0.10089009609413363,1,1,-4.339936638161551,4.339936638161553,-6.0,6.0,0.0,12.0,0.0,0.0,0.0,0.0,0.0,0.0,0.0,0.0,0.0,0.0,0.0,0.0,0.0,0.0,6.002352250423261,6.002352250423261,6.591949208711867e-17,0.0,0.40299976361802453,0.0,-6.249999999999999,6.25,0.1707825127659933,0.1707825127659935,2.2998698386600226e-08,4.727630500109528e-06,0.012004704500584086,0.012,4.727630500109825e-06,0.012004704500584086,0.012,0.0,0.0,0.0,0.0
219,0.438,0.44,-4.3399366375579955,4.339936637557997,8.881784197001252e-16,8.679873275115993,-0.10089009609733302,0.10089009609733302,1,1,-4.3399366375579955,4.339936637557997,-6.0,6.0,0.0,12.0,0.0,0.0,0.0,0.0,0.0,0.0,0.0,0.0,0.0,0.0,0.0,0.0,0.0,0.0,6.002352251075283,6.0023522510752825,8.569533971325427e-16,0.0,0.4029997636180262,0.0,-6.249999999999999,6.25,0.1707825127659933,0.1707825127659935,2.2998711896207965e-08,4.727630466883734e-06,0.012004704501890838,0.012,4.7276304668830704e-06,0.012004704501890836,0.012,0.0,0.0,0.0,0.0
224,0.448,0.45,-4.339936636960723,4.339936636960724,4.440892098500626e-16,8.679873273921448,-0.10089009610049327,0.10089009610049327,1,1,-4.339936636960723,4.339936636960724,-6.0,6.0,0.0,12.0,0.0,0.0,0.0,0.0,0.0,0.0,0.0,0.0,0.0,0.0,0.0,0.0,0.0,0.0,6.00235225172058,6.00235225172058,1.0113437864944785e-15,0.0,0.40299976361802786,0.0,-6.249999999999999,6.25,0.1707825127659933,0.1707825127659935,2.2998725282977467e-08,4.727630434014025e-06,0.012004704503184107,0.012,4.727630434013808e-06,0.012004704503184107,0.012,0.0,0.0,0.0,0.0
229,0.458,0.46,-4.339936636369667,4.339936636369669,8.881784197001252e-16,8.679873272739336,-0.10089009610361438,0.10089009610361438,1,1,-4.339936636369667,4.339936636369669,-6.0,6.0,0.0,12.0,0.0,0.0,0.0,0.0,0.0,0.0,0.0,0.0,0.0,0.0,0.0,0.0,0.0,0.0,6.00235225235922,6.002352252359222,1.1050188541972261e-15,0.0,0.40299976361802947,0.0,-6.249999999999999,6.25,0.1707825127659933,0.1707825127659935,2.2998738548005295e-08,4.727630401502616e-06,0.012004704504464043,0.012,4.727630401502036e-06,0.012004704504464043,0.012,0.0,0.0,0.0,0.0
234,0.468,0.47000000000000003,-4.339936635784764,4.339936635784765,4.440892098500626e-16,8.67987327156953,-0.10089009610669719,0.10089009610669719,1,1,-4.339936635784764,4.339936635784765,-6.0,6.0,0.0,12.0,0.0,0.0,0.0,0.0,0.0,0.0,0.0,0.0,0.0,0.0,0.0,0.0,0.0,0.0,6.0023522529912725,6.0023522529912725,9.003214840319629e-16,0.0,0.4029997636180311,0.0,-6.249999999999999,6.25,0.1707825127659933,0.1707825127659935,2.2998751692378402e-08,4.727630369333954e-06,0.012004704505730773,0.012,4.727630369334435e-06,0.012004704505730771,0.012,0.0,0.0,0.0,0.0
239,0.47800000000000004,0.48,-4.339936635205949,4.339936635205951,8.881784197001252e-16,8.6798732704119,-0.10089009610974142,0.10089009610974142,1,1,-4.339936635205949,4.339936635205951,-6.0,6.0,0.0,12.0,0.0,0.0,0.0,0.0,0.0,0.0,0.0,0.0,0.0,0.0,0.0,0.0,0.0,0.0,6.002352253616806,6.002352253616807,9.072603779358701e-16,0.0,0.40299976361803264,0.0,-6.249999999999999,6.25,0.1707825127659933,0.1707825127659935,2.2998764717174313e-08,4.7276303375124775e-06,0.012004704506984437,0.012,4.727630337513222e-06,0.012004704506984435,0.012,0.0,0.0,0.0,0.0
244,0.488,0.49,-4.33993663463316,4.339936634633161,4.440892098500626e-16,8.67987326926632,-0.10089009611274846,0.10089009611274846,1,1,-4.33993663463316,4.339936634633161,-6.0,6.0,0.0,12.0,0.0,0.0,0.0,0.0,0.0,0.0,0.0,0.0,0.0,0.0,0.0,0.0,0.0,0.0,6.0023522542358885,6.0023522542358885,1.6792123247455493e-15,0.0,0.40299976361803425,0.0,-6.249999999999999,6.25,0.1707825127659933,0.1707825127659935,2.2998777623461114e-08,4.727630306033736e-06,0.012004704508225168,0.012,4.727630306033959e-06,0.012004704508225168,0.012,0.0,0.0,0.0,0.0
249,0.498,0.5,-4.339936634066333,4.339936634066334,8.881784197001252e-16,8.679873268132667,-0.10089009611571831,0.10089009611571831,1,1,-4.339936634066333,4.339936634066334,-6.0,6.0,0.0,12.0,0.0,0.0,0.0,0.0,0.0,0.0,0.0,0.0,0.0,0.0,0.0,0.0,0.0,0.0,6.002352254848584,6.002352254848583,9.8879238130678e-16,0.0,0.4029997636180358,0.0,-6.249999999999999,6.25,0.1707825127659933,0.1707825127659935,2.2998790412297548e-08,4.727630274891064e-06,0.012004704509453103,0.012,4.727630274889982e-06,0.012004704509453104,0.012,0.0,0.0,0.0,0.0
254,0.508,0.51,-4.339936633505406,4.339936633505408,8.881784197001252e-16,8.679873267010814,-0.10089009611865138,0.10089009611865138,1,1,-4.339936633505406,4.339936633505408,-6.0,6.0,0.0,12.0,0.0,0.0,0.0,0.0,0.0,0.0,0.0,0.0,0.0,0.0,0.0,0.0,0.0,0.0,6.002352255454959,6.002352255454958,7.979727989493313e-16,0.0,0.4029997636180373,0.0,-6.249999999999999,6.25,0.1707825127659933,0.1707825127659935,2.299880308473313e-08,4.727630244091115e-06,0.012004704510668374,0.012,4.727630244090175e-06,0.012004704510668372,0.012,0.0,0.0,0.0,0.0
259,0.518,0.52,-4.3399366329503195,4.33993663295032,4.440892098500626e-16,8.679873265900639,-0.10089009612154753,0.10089009612154753,1,1,-4.3399366329503195,4.33993663295032,-6.0,6.0,0.0,12.0,0.0,0.0,0.0,0.0,0.0,0.0,0.0,0.0,0.0,0.0,0.0,0.0,0.0,0.0,6.0023522560550795,6.0023522560550795,2.5847379792054426e-16,0.0,0.40299976361803885,0.0,-6.249999999999999,6.25,0.1707825127659933,0.1707825127659935,2.2998815641808213e-08,4.7276302136161196e-06,0.012004704511871106,0.012,4.7276302136167735e-06,0.012004704511871106,0.012,0.0,0.0,0.0,0.0
264,0.528,0.53,-4.3399366324010105,4.339936632401011,4.440892098500626e-16,8.679873264802023,-0.10089009612440858,0.10089009612440858,1,1,-4.3399366324010105,4.339936632401011,-6.0,6.0,0.0,12.0,0.0,0.0,0.0,0.0,0.0,0.0,0.0,0.0,0.0,0.0,0.0,0.0,0.0,0.0,6.00235225664901,6.00235225664901,1.016547956922409e-15,0.0,0.40299976361804035,0.0,-6.249999999999999,6.25,0.1707825127659933,0.1707825127659935,2.2998828084554046e-08,4.727630183466072e-06,0.012004704513061433,0.012,4.727630183465337e-06,0.012004704513061432,0.012,0.0,0.0,0.0,0.0
269,0.538,0.54,-4.3399366318574195,4.339936631857421,8.881784197001252e-16,8.67987326371484,-0.10089009612723424,0.10089009612723424,1,1,-4.3399366318574195,4.339936631857421,-6.0,6.0,0.0,12.0,0.0,0.0,0.0,0.0,0.0,0.0,0.0,0.0,0.0,0.0,0.0,0.0,0.0,0.0,6.002352257236814,6.002352257236814,6.019490461639521e-16,0.0,0.4029997636180418,0.0,-6.249999999999999,6.25,0.1707825127659933,0.1707825127659935,2.299884041399286e-08,4.727630153643186e-06,0.01200470451423948,0.012,4.727630153642526e-06,0.01200470451423948,0.012,0.0,0.0,0.0,0.0
274,0.548,0.55,-4.339936631319488,4.339936631319489,4.440892098500626e-16,8.679873262638978,-0.10089009613002478,0.10089009613002478,1,1,-4.339936631319488,4.339936631319489,-6.0,6.0,0.0,12.0,0.0,0.0,0.0,0.0,0.0,0.0,0.0,0.0,0.0,0.0,0.0,0.0,0.0,0.0,6.002352257818555,6.002352257818554,1.4797191250082165e-15,0.0,0.4029997636180433,0.0,-6.249999999999999,6.25,0.1707825127659933,0.1707825127659935,2.2998852631137956e-08,4.727630124140794e-06,0.012004704515405376,0.012,4.72763012414168e-06,0.01200470451540538,0.012,0.0,0.0,0.0,0.0
279,0.558,0.56,-4.339936630787156,4.339936630787157,8.881784197001252e-16,8.679873261574313,-0.10089009613278063,0.10089009613278063,1,1,-4.339936630787156,4.339936630787157,-6.0,6.0,0.0,12.0,0.0,0.0,0.0,0.0,0.0,0.0,0.0,0.0,0.0,0.0,0.0,0.0,0.0,0.0,6.002352258394296,6.0023522583942945,8.569533971325427e-16,0.0,0.40299976361804474,0.0,-6.249999999999999,6.25,0.1707825127659933,0.1707825127659935,2.299886473699378e-08,4.727630094954449e-06,0.012004704516559248,0.012,4.727630094953916e-06,0.012004704516559246,0.012,0.0,0.0,0.0,0.0
284,0.5680000000000001,0.5700000000000001,-4.3399366302603655,4.339936630260367,8.881784197001252e-16,8.679873260520733,-0.10089009613550262,0.10089009613550262,1,1,-4.3399366302603655,4.339936630260367,-6.0,6.0,0.0,12.0,0.0,0.0,0.0,0.0,0.0,0.0,0.0,0.0,0.0,0.0,0.0,0.0,0.0,0.0,6.0023522589640965,6.002352258964097,1.1362438767648086e-15,0.0,0.4029997636180462,0.0,-6.249999999999999,6.25,0.1707825127659933,0.1707825127659935,2.2998876732555965e-08,4.727630066084145e-06,0.012004704517701218,0.012,4.7276300660836765e-06,0.012004704517701217,0.012,0.0,0.0,0.0,0.0
289,0.578,0.58,-4.33993662973906,4.339936629739061,4.440892098500626e-16,8.679873259478121,-0.10089009613819061,0.10089009613819061,1,1,-4.33993662973906,4.339936629739061,-6.0,6.0,0.0,12.0,0.0,0.0,0.0,0.0,0.0,0.0,0.0,0.0,0.0,0.0,0.0,0.0,0.0,0.0,6.002352259528021,6.002352259528021,6.591949208711867e-16,0.0,0.4029997636180476,0.0,-6.249999999999999,6.25,0.1707825127659933,0.1707825127659935,2.2998888618811464e-08,4.7276300375187745e-06,0.012004704518831408,0.012,4.727630037519859e-06,0.012004704518831406,0.012,0.0,0.0,0.0,0.0
294,0.588,0.59,-4.33993662922318,4.339936629223181,4.440892098500626e-16,8.67987325844636,-0.10089009614084543,0.10089009614084543,1,1,-4.33993662922318,4.339936629223181,-6.0,6.0,0.0,12.0,0.0,0.0,0.0,0.0,0.0,0.0,0.0,0.0,0.0,0.0,0.0,0.0,0.0,0.0,6.002352260086128,6.002352260086127,1.618497003086361e-15,0.0,0.402999763618049,0.0,-6.249999999999999,6.25,0.1707825127659933,0.1707825127659935,2.299890039673856e-08,4.72763000926055e-06,0.012004704519949939,0.012,4.727630009260242e-06,0.012004704519949939,0.012,0.0,0.0,0.0,0.0
299,0.598,0.6,-4.339936628712671,4.339936628712673,8.881784197001252e-16,8.679873257425344,-0.10089009614346736,0.10089009614346736,1,1,-4.339936628712671,4.339936628712673,-6.0,6.0,0.0,12.0,0.0,0.0,0.0,0.0,0.0,0.0,0.0,0.0,0.0,0.0,0.0,0.0,0.0,0.0,6.002352260638478,6.002352260638478,1.0234868508263162e-15,0.0,0.4029997636180504,0.0,-6.249999999999999,6.25,0.1707825127659933,0.1707825127659935,2.2998912067307013e-08,4.727629981305028e-06,0.01200470452105693,0.012,4.7276299813048265e-06,0.01200470452105693,0.012,0.0,0.0,0.0,0.0
304,0.608,0.61,-4.339936628207477,4.339936628207479,8.881784197001252e-16,8.679873256414956,-0.1008900961460571,0.1008900961460571,1,1,-4.339936628207477,4.339936628207479,-6.0,6.0,0.0,12.0,0.0,0.0,0.0,0.0,0.0,0.0,0.0,0.0,0.0,0.0,0.0,0.0,0.0,0.0,6.0023522611851305,6.0023522611851305,1.609823385706477e-15,0.0,0.4029997636180518,0.0,-6.249999999999999,6.25,0.1707825127659933,0.1707825127659935,2.2998923631478056e-08,4.727629953652199e-06,0.012004704522152503,0.012,4.727629953651391e-06,0.012004704522152507,0.012,0.0,0.0,0.0,0.0
309,0.618,0.62,-4.339936627707542,4.3399366277075435,8.881784197001252e-16,8.679873255415085,-0.10089009614861463,0.10089009614861463,1,1,-4.339936627707542,4.3399366277075435,-6.0,6.0,0.0,12.0,0.0,0.0,0.0,0.0,0.0,0.0,0.0,0.0,0.0,0.0,0.0,0.0,0.0,0.0,6.002352261726144,6.002352261726144,1.1501216645726231e-15,0.0,0.4029997636180532,0.0,-6.249999999999999,6.25,0.1707825127659933,0.1707825127659935,2.299893509020451e-08,4.72762992629762e-06,0.012004704523236777,0.012,4.727629926297717e-06,0.01200470452323678,0.012,0.0,0.0,0.0,0.0
314,0.628,0.63,-4.339936627212812,4.339936627212813,4.440892098500626e-16,8.679873254425626,-0.10089009615114011,0.10089009615114011,1,1,-4.339936627212812,4.339936627212813,-6.0,6.0,0.0,12.0,0.0,0.0,0.0,0.0,0.0,0.0,0.0,0.0,0.0,0.0,0.0,0.0,0.0,0.0,6.002352262261578,6.002352262261576,1.5439038936193583e-15,0.0,0.4029997636180545,0.0,-6.249999999999999,6.25,0.1707825127659933,0.1707825127659935,2.299894644443086e-08,4.727629899239061e-06,0.012004704524309868,0.012,4.727629899239361e-06,0.012004704524309864,0.012,0.0,0.0,0.0,0.0
319,0.638,0.64,-4.339936626723232,4.339936626723233,4.440892098500626e-16,8.679873253446466,-0.10089009615363478,0.10089009615363478,1,1,-4.339936626723232,4.339936626723233,-6.0,6.0,0.0,12.0,0.0,0.0,0.0,0.0,0.0,0.0,0.0,0.0,0.0,0.0,0.0,0.0,0.0,0.0,6.0023522627914865,6.0023522627914865,2.411265631607762e-16,0.0,0.40299976361805584,0.0,-6.249999999999999,6.25,0.1707825127659933,0.1707825127659935,2.2998957695093308e-08,4.727629872469858e-06,0.012004704525371886,0.012,4.727629872469663e-06,0.012004704525371886,0.012,0.0,0.0,0.0,0.0
324,0.648,0.65,-4.339936626238749,4.3399366262387495,4.440892098500626e-16,8.679873252477499,-0.10089009615609809,0.10089009615609809,1,1,-4.339936626238749,4.3399366262387495,-6.0,6.0,0.0,12.0,0.0,0.0,0.0,0.0,0.0,0.0,0.0,0.0,0.0,0.0,0.0,0.0,0.0,0.0,6.00235226331593,6.002352263315931,3.122502256758253e-17,0.0,0.40299976361805717,0.0,-6.249999999999999,6.25,0.1707825127659933,0.1707825127659935,2.299896884311986e-08,4.7276298459877836e-06,0.012004704526422952,0.012,4.727629845988624e-06,0.012004704526422954,0.012,0.0,0.0,0.0,0.0
329,0.658,0.66,-4.33993662575931,4.339936625759311,4.440892098500626e-16,8.679873251518622,-0.100890096158531,0.100890096158531,1,1,-4.33993662575931,4.339936625759311,-6.0,6.0,0.0,12.0,0.0,0.0,0.0,0.0,0.0,0.0,0.0,0.0,0.0,0.0,0.0,0.0,0.0,0.0,6.002352263834964,6.002352263834965,7.4593109467002705e-16,0.0,0.40299976361805845,0.0,-6.249999999999999,6.25,0.1707825127659933,0.1707825127659935,2.2998979889430367e-08,4.72762981978617e-06,0.012004704527463177,0.012,4.7276298197851395e-06,0.012004704527463177,0.012,0.0,0.0,0.0,0.0
334,0.668,0.67,-4.339936625284862,4.339936625284863,4.440892098500626e-16,8.679873250569724,-0.10089009616093353,0.10089009616093353,1,1,-4.339936625284862,4.339936625284863,-6.0,6.0,0.0,12.0,0.0,0.0,0.0,0.0,0.0,0.0,0.0,0.0,0.0,0.0,0.0,0.0,0.0,0.0,6.002352264348644,6.002352264348645,6.869504964868156e-16,0.0,0.4029997636180598,0.0,-6.249999999999999,6.25,0.1707825127659933,0.1707825127659935,2.2998990834936622e-08,4.727629793865012e-06,0.01200470452849267,0.012,4.727629793865873e-06,0.01200470452849267,0.012,0.0,0.0,0.0,0.0
339,0.678,0.68,-4.339936624815353,4.339936624815355,8.881784197001252e-16,8.679873249630708,-0.10089009616330663,0.10089009616330663,1,1,-4.339936624815353,4.339936624815355,-6.0,6.0,0.0,12.0,0.0,0.0,0.0,0.0,0.0,0.0,0.0,0.0,0.0,0.0,0.0,0.0,0.0,0.0,6.002352264857026,6.002352264857026,8.916478666520788e-16,0.0,0.40299976361806106,0.0,-6.249999999999999,6.25,0.1707825127659933,0.1707825127659935,2.2999001680542428e-08,4.727629768222086e-06,0.01200470452951154,0.012,4.727629768221942e-06,0.01200470452951154,0.012,0.0,0.0,0.0,0.0
344,0.6880000000000001,0.6900000000000001,-4.339936624350733,4.3399366243507345,8.881784197001252e-16,8.679873248701467,-0.10089009616565017,0.10089009616565017,1,1,-4.339936624350733,4.3399366243507345,-6.0,6.0,0.0,12.0,0.0,0.0,0.0,0.0,0.0,0.0,0.0,0.0,0.0,0.0,0.0,0.0,0.0,0.0,6.002352265360162,6.002352265360163,9.037909309839165e-16,0.0,0.4029997636180623,0.0,-6.249999999999999,6.25,0.1707825127659933,0.1707825127659935,2.2999012427143654e-08,4.727629742855163e-06,0.012004704530519906,0.012,4.727629742855566e-06,0.012004704530519906,0.012,0.0,0.0,0.0,0.0
349,0.6980000000000001,0.7000000000000001,-4.339936623890949,4.339936623890951,8.881784197001252e-16,8.6798732477819,-0.10089009616796457,0.10089009616796457,1,1,-4.339936623890949,4.339936623890951,-6.0,6.0,0.0,12.0,0.0,0.0,0.0,0.0,0.0,0.0,0.0,0.0,0.0,0.0,0.0,0.0,0.0,0.0,6.00235226585811,6.002352265858111,1.5265566588595902e-16,0.0,0.40299976361806356,0.0,-6.249999999999999,6.25,0.1707825127659933,0.1707825127659935,2.2999023075628303e-08,4.7276297177620175e-06,0.012004704531517868,0.012,4.7276297177623055e-06,0.012004704531517868,0.012,0.0,0.0,0.0,0.0
354,0.708,0.71,-4.339936623435953,4.339936623435954,4.440892098500626e-16,8.679873246871907,-0.10089009617024997,0.10089009617024997,1,1,-4.339936623435953,4.339936623435954,-6.0,6.0,0.0,12.0,0.0,0.0,0.0,0.0,0.0,0.0,0.0,0.0,0.0,0.0,0.0,0.0,0.0,0.0,6.002352266350921,6.00235226635092,2.931682674400804e-16,0.0,0.4029997636180648,0.0,-6.249999999999999,6.25,0.1707825127659933,0.1707825127659935,2.299903362687659e-08,4.727629692938205e-06,0.012004704532505534,0.012,4.727629692937718e-06,0.012004704532505532,0.012,0.0,0.0,0.0,0.0
359,0.718,0.72,-4.339936622985694,4.339936622985695,4.440892098500626e-16,8.67987324597139,-0.10089009617250733,0.10089009617250733,1,1,-4.339936622985694,4.339936622985695,-6.0,6.0,0.0,12.0,0.0,0.0,0.0,0.0,0.0,0.0,0.0,0.0,0.0,0.0,0.0,0.0,0.0,0.0,6.002352266838648,6.002352266838647,1.2091022627558345e-15,0.0,0.402999763618066,0.0,-6.249999999999999,6.25,0.1707825127659933,0.1707825127659935,2.2999044081761004e-08,4.7276296683792775e-06,0.012004704533483014,0.012,4.727629668379585e-06,0.012004704533483014,0.012,0.0,0.0,0.0,0.0
364,0.728,0.73,-4.339936622540122,4.339936622540123,4.440892098500626e-16,8.679873245080245,-0.10089009617473652,0.10089009617473652,1,1,-4.339936622540122,4.339936622540123,-6.0,6.0,0.0,12.0,0.0,0.0,0.0,0.0,0.0,0.0,0.0,0.0,0.0,0.0,0.0,0.0,0.0,0.0,6.002352267321344,6.002352267321344,1.6323747908941755e-15,0.0,0.4029997636180672,0.0,-6.249999999999999,6.25,0.1707825127659933,0.1707825127659935,2.2999054441146363e-08,4.727629644085231e-06,0.012004704534450409,0.012,4.727629644085685e-06,0.012004704534450406,0.012,0.0,0.0,0.0,0.0
369,0.738,0.74,-4.339936622099189,4.339936622099191,8.881784197001252e-16,8.67987324419838,-0.10089009617693809,0.10089009617693809,1,1,-4.339936622099189,4.339936622099191,-6.0,6.0,0.0,12.0,0.0,0.0,0.0,0.0,0.0,0.0,0.0,0.0,0.0,0.0,0.0,0.0,0.0,0.0,6.00235226779906,6.0023522677990595,1.4051260155412137e-15,0.0,0.40299976361806844,0.0,-6.249999999999999,6.25,0.1707825127659933,0.1707825127659935,2.2999064705889895e-08,4.727629620051617e-06,0.012004704535407824,0.012,4.727629620051576e-06,0.012004704535407827,0.012,0.0,0.0,0.0,0.0
374,0.748,0.75,-4.339936621662847,4.339936621662848,4.440892098500626e-16,8.679873243325694,-0.10089009617911204,0.10089009617911204,1,1,-4.339936621662847,4.339936621662848,-6.0,6.0,0.0,12.0,0.0,0.0,0.0,0.0,0.0,0.0,0.0,0.0,0.0,0.0,0.0,0.0,0.0,0.0,6.002352268271849,6.002352268271849,1.3513495877859327e-15,0.0,0.4029997636180696,0.0,-6.249999999999999,6.25,0.1707825127659933,0.1707825127659935,2.2999074876841294e-08,4.727629596271772e-06,0.012004704536355368,0.012,4.72762959627282e-06,0.012004704536355368,0.012,0.0,0.0,0.0,0.0
379,0.758,0.76,-4.339936621231048,4.3399366212310495,8.881784197001252e-16,8.679873242462097,-0.10089009618125935,0.10089009618125935,1,1,-4.339936621231048,4.3399366212310495,-6.0,6.0,0.0,12.0,0.0,0.0,0.0,0.0,0.0,0.0,0.0,0.0,0.0,0.0,0.0,0.0,0.0,0.0,6.002352268739762,6.00235226873976,2.5413698923060224e-15,0.0,0.40299976361807077,0.0,-6.249999999999999,6.25,0.1707825127659933,0.1707825127659935,2.2999084954842785e-08,4.72762957275235e-06,0.012004704537293135,0.012,4.7276295727516346e-06,0.012004704537293135,0.012,0.0,0.0,0.0,0.0
384,0.768,0.77,-4.339936620803744,4.339936620803745,4.440892098500626e-16,8.679873241607488,-0.10089009618337988,0.10089009618337988,1,1,-4.339936620803744,4.339936620803745,-6.0,6.0,0.0,12.0,0.0,0.0,0.0,0.0,0.0,0.0,0.0,0.0,0.0,0.0,0.0,0.0,0.0,0.0,6.002352269202847,6.002352269202847,4.2847669856627135e-16,0.0,0.40299976361807194,0.0,-6.249999999999999,6.25,0.1707825127659933,0.1707825127659935,2.2999094940729204e-08,4.727629549484465e-06,0.012004704538221228,0.012,4.727629549483581e-06,0.012004704538221228,0.012,0.0,0.0,0.0,0.0
389,0.778,0.78,-4.33993662038089,4.3399366203808905,4.440892098500626e-16,8.67987324076178,-0.10089009618547348,0.10089009618547348,1,1,-4.33993662038089,4.3399366203808905,-6.0,6.0,0.0,12.0,0.0,0.0,0.0,0.0,0.0,0.0,0.0,0.0,0.0,0.0,0.0,0.0,0.0,0.0,6.002352269661156,6.002352269661156,6.505213034913027e-16,0.0,0.4029997636180731,0.0,-6.249999999999999,6.25,0.1707825127659933,0.1707825127659935,2.299910483532803e-08,4.727629526468111e-06,0.012004704539139746,0.012,4.727629526468657e-06,0.012004704539139746,0.012,0.0,0.0,0.0,0.0
394,0.788,0.79,-4.339936619962438,4.3399366199624385,4.440892098500626e-16,8.679873239924877,-0.10089009618754197,0.10089009618754197,1,1,-4.339936619962438,4.3399366199624385,-6.0,6.0,0.0,12.0,0.0,0.0,0.0,0.0,0.0,0.0,0.0,0.0,0.0,0.0,0.0,0.0,0.0,0.0,6.002352270114736,6.002352270114736,8.673617379884035e-17,0.0,0.4029997636180742,0.0,-6.249999999999999,6.25,0.1707825127659933,0.1707825127659935,2.2999114639459463e-08,4.727629503694401e-06,0.01200470454004879,0.012,4.727629503693542e-06,0.012004704540048792,0.012,0.0,0.0,0.0,0.0
399,0.798,0.8,-4.339936619548342,4.339936619548344,8.881784197001252e-16,8.679873239096686,-0.10089009618958408,0.10089009618958408,1,1,-4.339936619548342,4.339936619548344,-6.0,6.0,0.0,12.0,0.0,0.0,0.0,0.0,0.0,0.0,0.0,0.0,0.0,0.0,0.0,0.0,0.0,0.0,6.002352270563637,6.002352270563639,1.897787482718627e-15,0.0,0.4029997636180753,0.0,-6.249999999999999,6.25,0.1707825127659933,0.1707825127659935,2.2999124353936505e-08,4.7276294811699935e-06,0.01200470454094846,0.012,4.727629481169338e-06,0.012004704540948458,0.012,0.0,0.0,0.0,0.0
404,0.808,0.81,-4.339936619138559,4.33993661913856,4.440892098500626e-16,8.679873238277118,-0.10089009619160094,0.10089009619160094,1,1,-4.339936619138559,4.33993661913856,-6.0,6.0,0.0,12.0,0.0,0.0,0.0,0.0,0.0,0.0,0.0,0.0,0.0,0.0,0.0,0.0,0.0,0.0,6.002352271007909,6.002352271007908,4.961309141293668e-16,0.0,0.40299976361807643,0.0,-6.249999999999999,6.25,0.1707825127659933,0.1707825127659935,2.299913397956501e-08,4.727629458879338e-06,0.012004704541838844,0.012,4.72762945887828e-06,0.012004704541838844,0.012,0.0,0.0,0.0,0.0
409,0.8180000000000001,0.8200000000000001,-4.3399366187330415,4.339936618733042,4.440892098500626e-16,8.679873237466083,-0.10089009619359268,0.10089009619359268,1,1,-4.3399366187330415,4.339936618733042,-6.0,6.0,0.0,12.0,0.0,0.0,0.0,0.0,0.0,0.0,0.0,0.0,0.0,0.0,0.0,0.0,0.0,0.0,6.002352271447597,6.002352271447598,1.1206313654810174e-15,0.0,0.40299976361807754,0.0,-6.249999999999999,6.25,0.1707825127659933,0.1707825127659935,2.2999143517143703e-08,4.727629436833533e-06,0.012004704542720046,0.012,4.727629436833691e-06,0.012004704542720046,0.012,0.0,0.0,0.0,0.0
414,0.8280000000000001,0.8300000000000001,-4.339936618331746,4.339936618331747,8.881784197001252e-16,8.679873236663493,-0.10089009619555958,0.10089009619555958,1,1,-4.339936618331746,4.339936618331747,-6.0,6.0,0.0,12.0,0.0,0.0,0.0,0.0,0.0,0.0,0.0,0.0,0.0,0.0,0.0,0.0,0.0,0.0,6.002352271882749,6.002352271882749,3.2959746043559335e-16,0.0,0.40299976361807865,0.0,-6.249999999999999,6.25,0.1707825127659933,0.1707825127659935,2.2999152967464315e-08,4.727629415023691e-06,0.012004704543592159,0.012,4.727629415024471e-06,0.012004704543592159,0.012,0.0,0.0,0.0,0.0
419,0.838,0.84,-4.3399366179346295,4.33993661793463,4.440892098500626e-16,8.679873235869259,-0.1008900961975022,0.1008900961975022,1,1,-4.3399366179346295,4.33993661793463,-6.0,6.0,0.0,12.0,0.0,0.0,0.0,0.0,0.0,0.0,0.0,0.0,0.0,0.0,0.0,0.0,0.0,0.0,6.002352272313413,6.002352272313413,9.003214840319629e-16,0.0,0.4029997636180797,0.0,-6.249999999999999,6.25,0.1707825127659933,0.1707825127659935,2.2999162331311595e-08,4.727629393449806e-06,0.012004704544455274,0.012,4.727629393450616e-06,0.012004704544455276,0.012,0.0,0.0,0.0,0.0
424,0.848,0.85,-4.339936617541647,4.339936617541649,8.881784197001252e-16,8.679873235083296,-0.10089009619942038,0.10089009619942038,1,1,-4.339936617541647,4.339936617541649,-6.0,6.0,0.0,12.0,0.0,0.0,0.0,0.0,0.0,0.0,0.0,0.0,0.0,0.0,0.0,0.0,0.0,0.0,6.002352272739635,6.002352272739634,6.938893903907228e-16,0.0,0.40299976361808076,0.0,-6.249999999999999,6.25,0.1707825127659933,0.1707825127659935,2.299917160946338e-08,4.727629372105215e-06,0.012004704545309487,0.012,4.727629372105469e-06,0.012004704545309487,0.012,0.0,0.0,0.0,0.0
429,0.858,0.86,-4.339936617152756,4.339936617152758,8.881784197001252e-16,8.679873234305514,-0.10089009620131498,0.10089009620131498,1,1,-4.339936617152756,4.339936617152758,-6.0,6.0,0.0,12.0,0.0,0.0,0.0,0.0,0.0,0.0,0.0,0.0,0.0,0.0,0.0,0.0,0.0,0.0,6.002352273161459,6.002352273161459,1.0477729794899915e-15,0.0,0.4029997636180818,0.0,-6.249999999999999,6.25,0.1707825127659933,0.1707825127659935,2.299918080269065e-08,4.727629350989911e-06,0.012004704546154887,0.012,4.727629350989026e-06,0.012004704546154885,0.012,0.0,0.0,0.0,0.0
434,0.868,0.87,-4.339936616767916,4.3399366167679165,4.440892098500626e-16,8.679873233535833,-0.1008900962031857,0.1008900962031857,1,1,-4.339936616767916,4.3399366167679165,-6.0,6.0,0.0,12.0,0.0,0.0,0.0,0.0,0.0,0.0,0.0,0.0,0.0,0.0,0.0,0.0,0.0,0.0,6.002352273578931,6.002352273578931,9.107298248878237e-16,0.0,0.4029997636180829,0.0,-6.249999999999999,6.25,0.1707825127659933,0.1707825127659935,2.299918991175761e-08,4.727629330099448e-06,0.012004704546991566,0.012,4.72762933009907e-06,0.012004704546991566,0.012,0.0,0.0,0.0,0.0
439,0.878,0.88,-4.339936616387081,4.339936616387082,4.440892098500626e-16,8.679873232774163,-0.10089009620503298,0.10089009620503298,1,1,-4.339936616387081,4.339936616387082,-6.0,6.0,0.0,12.0,0.0,0.0,0.0,0.0,0.0,0.0,0.0,0.0,0.0,0.0,0.0,0.0,0.0,0.0,6.0023522739920985,6.0023522739920985,6.210310043996969e-16,0.0,0.40299976361808393,0.0,-6.249999999999999,6.25,0.1707825127659933,0.1707825127659935,2.2999198937421716e-08,4.727629309436043e-06,0.012004704547819612,0.012,4.727629309435599e-06,0.012004704547819612,0.012,0.0,0.0,0.0,0.0
444,0.888,0.89,-4.339936616010212,4.339936616010213,4.440892098500626e-16,8.679873232020427,-0.10089009620685749,0.10089009620685749,1,1,-4.339936616010212,4.339936616010213,-6.0,6.0,0.0,12.0,0.0,0.0,0.0,0.0,0.0,0.0,0.0,0.0,0.0,0.0,0.0,0.0,0.0,0.0,6.002352274401002,6.002352274401003,4.735795089416683e-16,0.0,0.4029997636180849,0.0,-6.249999999999999,6.25,0.1707825127659933,0.1707825127659935,2.2999207880433732e-08,4.72762928899303e-06,0.01200470454863912,0.012,4.7276292889919524e-06,0.012004704548639122,0.012,0.0,0.0,0.0,0.0
449,0.898,0.9,-4.339936615637267,4.339936615637268,4.440892098500626e-16,8.679873231274534,-0.10089009620865938,0.10089009620865938,1,1,-4.339936615637267,4.339936615637268,-6.0,6.0,0.0,12.0,0.0,0.0,0.0,0.0,0.0,0.0,0.0,0.0,0.0,0.0,0.0,0.0,0.0,0.0,6.002352274805688,6.002352274805688,5.516420653606247e-16,0.0,0.4029997636180859,0.0,-6.249999999999999,6.25,0.1707825127659933,0.1707825127659935,2.2999216741537838e-08,4.727629268768182e-06,0.012004704549450173,0.012,4.72762926876813e-06,0.01200470454945017,0.012,0.0,0.0,0.0,0.0
454,0.908,0.91,-4.339936615268205,4.339936615268207,8.881784197001252e-16,8.679873230536412,-0.10089009621043865,0.10089009621043865,1,1,-4.339936615268205,4.339936615268207,-6.0,6.0,0.0,12.0,0.0,0.0,0.0,0.0,0.0,0.0,0.0,0.0,0.0,0.0,0.0,0.0,0.0,0.0,6.002352275206199,6.002352275206199,4.145989107584569e-16,0.0,0.4029997636180869,0.0,-6.249999999999999,6.25,0.1707825127659933,0.1707825127659935,2.2999225521471637e-08,4.727629248763717e-06,0.012004704550252859,0.012,4.727629248764132e-06,0.012004704550252859,0.012,0.0,0.0,0.0,0.0
459,0.918,0.92,-4.339936614902986,4.339936614902988,8.881784197001252e-16,8.679873229805974,-0.10089009621219558,0.10089009621219558,1,1,-4.339936614902986,4.339936614902988,-6.0,6.0,0.0,12.0,0.0,0.0,0.0,0.0,0.0,0.0,0.0,0.0,0.0,0.0,0.0,0.0,0.0,0.0,6.00235227560258,6.00235227560258,1.797173521111972e-15,0.0,0.4029997636180879,0.0,-6.249999999999999,6.25,0.1707825127659933,0.1707825127659935,2.2999234220966218e-08,4.727629228975188e-06,0.012004704551047261,0.012,4.727629228975516e-06,0.012004704551047263,0.012,0.0,0.0,0.0,0.0
464,0.928,0.93,-4.33993661454157,4.339936614541572,8.881784197001252e-16,8.679873229083142,-0.10089009621393086,0.10089009621393086,1,1,-4.33993661454157,4.339936614541572,-6.0,6.0,0.0,12.0,0.0,0.0,0.0,0.0,0.0,0.0,0.0,0.0,0.0,0.0,0.0,0.0,0.0,0.0,6.002352275994871,6.0023522759948715,9.141992718397773e-16,0.0,0.40299976361808887,0.0,-6.249999999999999,6.25,0.1707825127659933,0.1707825127659935,2.2999242840746223e-08,4.72762920939815e-06,0.012004704551833476,0.012,4.7276292093978436e-06,0.012004704551833474,0.012,0.0,0.0,0.0,0.0
469,0.9380000000000001,0.9400000000000001,-4.339936614183918,4.3399366141839195,8.881784197001252e-16,8.679873228367837,-0.10089009621564421,0.10089009621564421,1,1,-4.339936614183918,4.3399366141839195,-6.0,6.0,0.0,12.0,0.0,0.0,0.0,0.0,0.0,0.0,0.0,0.0,0.0,0.0,0.0,0.0,0.0,0.0,6.002352276383114,6.002352276383114,4.85722573273506e-16,0.0,0.40299976361808987,0.0,-6.249999999999999,6.25,0.1707825127659933,0.1707825127659935,2.2999251381529908e-08,4.727629190030379e-06,0.012004704552611574,0.012,4.727629190031113e-06,0.012004704552611574,0.012,0.0,0.0,0.0,0.0
474,0.9480000000000001,0.9500000000000001,-4.339936613829989,4.33993661382999,4.440892098500626e-16,8.679873227659979,-0.10089009621733647,0.10089009621733647,1,1,-4.339936613829989,4.33993661382999,-6.0,6.0,0.0,12.0,0.0,0.0,0.0,0.0,0.0,0.0,0.0,0.0,0.0,0.0,0.0,0.0,0.0,0.0,6.002352276767353,6.002352276767353,3.712308238590367e-16,0.0,0.4029997636180908,0.0,-6.249999999999999,6.25,0.1707825127659933,0.1707825127659935,2.2999259844029163e-08,4.727629170867428e-06,0.012004704553381648,0.012,4.7276291708664436e-06,0.012004704553381648,0.012,0.0,0.0,0.0,0.0
479,0.9580000000000001,0.96,-4.339936613479746,4.339936613479747,4.440892098500626e-16,8.679873226959494,-0.10089009621900735,0.10089009621900735,1,1,-4.339936613479746,4.339936613479747,-6.0,6.0,0.0,12.0,0.0,0.0,0.0,0.0,0.0,0.0,0.0,0.0,0.0,0.0,0.0,0.0,0.0,0.0,6.0023522771476285,6.002352277147629,4.891920202254596e-16,0.0,0.40299976361809176,0.0,-6.249999999999999,6.25,0.1707825127659933,0.1707825127659935,2.2999268228949646e-08,4.727629151911514e-06,0.01200470455414378,0.012,4.727629151910495e-06,0.01200470455414378,0.012,0.0,0.0,0.0,0.0
484,0.968,0.97,-4.339936613133149,4.339936613133151,8.881784197001252e-16,8.6798732262663,-0.10089009622065742,0.10089009622065742,1,1,-4.339936613133149,4.339936613133151,-6.0,6.0,0.0,12.0,0.0,0.0,0.0,0.0,0.0,0.0,0.0,0.0,0.0,0.0,0.0,0.0,0.0,0.0,6.00235227752398,6.002352277523981,1.6479873021779667e-15,0.0,0.4029997636180927,0.0,-6.249999999999999,6.25,0.1707825127659933,0.1707825127659935,2.2999276536990726e-08,4.727629133160412e-06,0.012004704554898046,0.012,4.727629133161049e-06,0.012004704554898046,0.012,0.0,0.0,0.0,0.0
489,0.978,0.98,-4.339936612790162,4.339936612790163,4.440892098500626e-16,8.679873225580327,-0.10089009622228681,0.10089009622228681,1,1,-4.339936612790162,4.339936612790163,-6.0,6.0,0.0,12.0,0.0,0.0,0.0,0.0,0.0,0.0,0.0,0.0,0.0,0.0,0.0,0.0,0.0,0.0,6.00235227789645,6.00235227789645,2.1337098754514727e-16,0.0,0.4029997636180936,0.0,-6.249999999999999,6.25,0.1707825127659933,0.1707825127659935,2.299928476884563e-08,4.727629114611896e-06,0.012004704555644528,0.012,4.727629114611442e-06,0.012004704555644528,0.012,0.0,0.0,0.0,0.0
494,0.988,0.99,-4.339936612450746,4.339936612450748,8.881784197001252e-16,8.679873224901494,-0.10089009622389608,0.10089009622389608,1,1,-4.339936612450746,4.339936612450748,-6.0,6.0,0.0,12.0,0.0,0.0,0.0,0.0,0.0,0.0,0.0,0.0,0.0,0.0,0.0,0.0,0.0,0.0,6.002352278265078,6.002352278265078,5.221517662690189e-16,0.0,0.40299976361809453,0.0,-6.249999999999999,6.25,0.1707825127659933,0.1707825127659935,2.2999292925201436e-08,4.727629096254863e-06,0.012004704556383316,0.012,4.727629096255015e-06,0.012004704556383318,0.012,0.0,0.0,0.0,0.0
498,0.996,0.998,-4.33993661218176,4.339936612181761,4.440892098500626e-16,8.679873224363522,-0.10089009622516867,0.10089009622516867,1,1,-4.33993661218176,4.339936612181761,-6.0,6.0,0.0,12.0,0.0,0.0,0.0,0.0,0.0,0.0,0.0,0.0,0.0,0.0,0.0,0.0,0.0,0.0,6.00235227855724,6.00235227855724,5.984795992119984e-16,0.0,0.40299976361809525,0.0,-6.249999999999999,6.25,0.1707825127659933,0.1707825127659935,2.2999299396384598e-08,4.727629081713936e-06,0.012004704556968853,0.012,4.727629081713314e-06,0.012004704556968853,0.012,0.0,0.0,0.0,0.0
499,0.998,1.0,-4.339936612114864,4.764873887962719,0.21246863792392734,9.104810500077583,-0.10089009622548481,1.5414522412694966,1,1,-4.339936612114864,4.339936612114866,-6.0,6.0,0.0,12.0,0.0,0.0,0.05,0.0,0.0,-0.05,0.0,0.05,0.0,0.05,0.0,0.0,0.0,0.0,6.002352278629903,5.952352278629903,1.0408340855860843e-15,0.0,0.4029997636180954,0.0,-6.249999999999999,6.25,0.1707825127659933,0.1707825127659935,2.2999301006739186e-08,4.727629078098186e-06,0.01200470455711448,0.012,4.727629078098428e-06,0.01200470455711448,0.012,0.05,0.0,0.0,0.0
500,1.0,1.002,-4.339936612048109,4.77181724993881,0.21594031894535037,9.11175386198692,-0.10089009622579997,0.9631523795960647,1,1,-4.339936612048109,4.77181724993881,-6.024950049966683,6.07485014990005,0.024950049966683707,12.099800199866733,0.04990009993336666,0.0,0.04990009993336666,0.0,-0.04990009993336666,-0.04990009993336666,0.0,0.0,0.0,0.0,0.0,0.0,9.990006663334667e-05,0.0,6.002252179416331,5.952252279349698,1.172944120303443e-15,0.0,0.4029997636180956,0.0,-6.300000000000001,6.300000000000001,0.14142135623730964,0.14142135623730953,2.2352019094409286e-08,4.727629074491337e-06,0.012004704557259806,0.0118,4.727629074492423e-06,0.011904704557259805,0.0118,0.05,0.0,9.990006663334667e-05,0.0
504,1.008,1.01,-4.3399366117824805,4.782906839049843,0.22148511363368106,9.122843450832324,-0.10089009622705397,0.49265794994318557,1,1,-4.3399366117824805,4.782906839049843,-6.024751245843729,6.074253737531188,0.024751245843729563,12.099004983374916,0.049502491687458405,0.0,0.049502491687458405,0.0,-0.049502491687458405,-0.049502491687458405,0.0,0.0,0.0,0.0,0.0,0.0,9.910405439462885e-05,0.0,6.001851792519003,5.951854278227753,1.5612511283791264e-16,0.0,0.4029997636180963,0.0,-6.300000000000001,6.300000000000001,0.14142135623730964,0.14142135623730953,2.234832028219516e-08,4.727629060137422e-06,0.012003903773915569,0.0118,4.72762906013724e-06,0.011903906959813654,0.0118,0.05,0.0,0.0004975083125415973,0.0
509,1.018,1.02,-4.339936611453558,4.780175055546235,0.2201192220463386,9.120111666999794,-0.10089009622860357,0.3538704209683982,1,1,-4.339936611453558,4.780175055546235,-6.024504966832669,6.073514900498006,0.02450496683266845,12.098019867330676,0.04900993366533777,0.0,0.04900993366533777,0.0,-0.04900993366533777,-0.04900993366533777,0.0,0.0,0.0,0.0,0.0,0.0,9.811795257727079e-05,0.0,6.001351360823012,5.951361237971994,3.625572064791527e-16,0.0,0.4029997636180972,0.0,-6.300000000000001,6.300000000000001,0.14142135623730964,0.14142135623730953,2.2343806124655462e-08,4.727629042368126e-06,0.012002902880932262,0.0118,4.7276290423692305e-06,0.011902918903179873,0.0118,0.05,0.0,0.0009900663346622347,0.0
514,1.028,1.03,-4.33993661112806,4.769193054214806,0.21462822154337324,9.109129665342866,-0.10089009623013373,0.28842873091224047,1,1,-4.33993661112806,4.769193054214806,-6.024261138338712,6.072783415016138,0.024261138338713018,12.09704455335485,0.04852227667742541,0.0,0.04852227667742541,0.0,-0.04852227667742541,-0.04852227667742541,0.0,0.0,0.0,0.0,0.0,0.0,9.714166263693569e-05,0.0,6.0008510320588275,5.950873108458854,9.97465998686664e-16,0.0,0.4029997636180981,0.0,-6.300000000000001,6.300000000000001,0.14142135623730964,0.14142135623730953,2.233932803019459e-08,4.727629024790293e-06,0.012001902174562113,0.0118,4.727629024789959e-06,0.01190194068771374,0.0118,0.05,0.0,0.001477723322574591,0.0
519,1.038,1.04,-4.33993661082165,4.754496725164342,0.20728005717134623,9.094433335985993,-0.10089009619680678,0.2512608792288738,1,1,-4.33993661082165,4.754496725164342,-6.024019735978809,6.072059207936424,0.024019735978807688,12.096078943915233,0.04803947195761616,0.0,0.04803947195761616,0.0,-0.04803947195761616,-0.04803947195761616,0.0,0.0,0.0,0.0,0.0,0.0,9.617508694381596e-05,0.0,6.000350853772181,5.950389840776848,1.3322676295501878e-15,0.0,0.40299976361809897,0.0,-6.300000000000001,6.300000000000001,0.14142135623730964,0.14142135623730953,2.233486306696431e-08,4.727629007399479e-06,0.01200090175028275,0.0118,4.727629007399425e-06,0.011900972215396197,0.0118,0.05,0.0,0.0019605280423838395,0.0
524,1.048,1.05,-4.339936612466829,4.738612207924916,0.1993377977290436,9.078548820391745,-0.100890092594417,0.22789491129827574,1,1,-4.339936612466829,4.738612207924916,-6.023780735612518,6.071342206837554,0.023780735612517923,12.095122942450072,0.04756147122503569,0.0,0.04756147122503569,0.0,-0.04756147122503569,-0.04756147122503569,0.0,0.0,0.0,0.0,0.0,0.0,9.521812883953676e-05,0.0,5.99985087255202,5.949911386501709,1.2813778900791495e-15,1.3877787807814457e-17,0.4029997636180998,0.0,-6.300000000000001,6.300000000000001,0.14142135623730964,0.14142135623730953,2.233040254601986e-08,4.727628990197899e-06,0.011999901701652493,0.0118,4.72762899019763e-06,0.011900013389184613,0.0118,0.05,0.0,0.0024385287749643,0.0
529,1.058,1.06,-4.339936645950399,4.722824823650201,0.19144408884990094,9.062761469600598,-0.10089004023857734,0.21212902388459923,1,1,-4.339936645950399,4.722824823650201,-6.023544113339606,6.070632340018819,0.023544113339606376,12.094176453358426,0.04708822667921242,0.0,0.04708822667921242,0.0,-0.04708822667921242,-0.04708822667921242,0.0,0.0,0.0,0.0,0.0,0.0,9.427069262749021e-05,0.0,5.999351134044815,5.949437697691517,8.049116928532385e-16,2.0816681711721685e-17,0.40299976361810064,0.0,-6.300000000000001,6.300000000000001,0.14142135623730964,0.14142135623730953,2.232594205632409e-08,4.7276289731788885e-06,0.011998902120338991,0.0118,4.727628973177911e-06,0.011899064113002978,0.0118,0.05,0.0,0.0029117733207875644,0.0
534,1.068,1.07,-4.339936872428366,4.707738800834702,0.18390096420316793,9.047675673263068,-0.10088973868587134,0.20091358285769537,1,1,-4.339936872428366,4.707738800834702,-6.023309845497648,6.069929536492946,0.02330984549764903,12.093239381990594,0.04661969099529739,0.0,0.04661969099529739,0.0,-0.04661969099529739,-0.04661969099529739,0.0,0.0,0.0,0.0,0.0,0.0,9.33326835632656e-05,0.0,5.998851682968679,5.948968726881869,1.6514567491299204e-15,2.0816681711721685e-17,0.40299976361810147,0.0,-6.300000000000001,6.300000000000001,0.14142135623730964,0.14142135623730953,2.232147894264683e-08,4.7276289563446635e-06,0.011997903096147573,0.0118,4.727628956344709e-06,0.011898124291732244,0.0118,0.05,0.0,0.003380309004702588,0.0
539,1.078,1.08,-4.339937757711465,4.692155999238051,0.176109120763293,9.032093756949516,-0.10088871236413027,0.15706548140730373,1,1,-4.339937757711465,4.692155999238051,-6.023077908659666,6.0692337259789975,0.023077908659665525,12.092311634638664,0.046155817319331764,0.0,0.046155817319331764,0.0,-0.046155817319331764,-0.046155817319331764,0.0,0.0,0.0,0.0,0.0,0.0,9.24040078451748e-05,0.0,5.998352563127343,5.948504427081119,9.367506770274758e-16,2.7755575615628914e-17,0.4029997636181023,0.0,-6.300000000000001,6.300000000000001,0.14142135623730964,0.14142135623730953,2.2317011428418638e-08,4.7276289396885585e-06,0.011996904717049237,0.0118,4.727628939689144e-06,0.011897193831200784,0.0118,0.05,0.0,0.00384418268066821,0.0
544,1.088,1.09,-4.339940214107173,4.676369386914474,0.1682145864036504,9.016309601021646,-0.10088619715132863,0.15377375362426143,1,1,-4.339940214107173,4.676369386914474,-6.022848279631781,6.068544838895342,0.0228482796317806,12.091393118527122,0.045696559263561386,0.0,0.045696559263561386,0.0,-0.045696559263561386,-0.045696559263561386,0.0,0.0,0.0,0.0,0.0,0.0,9.148457260487213e-05,0.0,5.997853817423908,5.948044751765676,4.566524025237384e-16,2.7755575615628914e-17,0.40299976361810314,0.0,-6.300000000000001,6.300000000000001,0.14142135623730964,0.14142135623730953,2.2312538241410585e-08,4.72762892321279e-06,0.011995907069208252,0.0118,4.727628923213434e-06,0.01189627263817493,0.0118,0.05,0.0,0.00430344073643859,0.0
549,1.098,1.1,-4.3399456287371425,4.662097438335495,0.16107590479917633,9.002043067072638,-0.10088124238835025,0.15120281795821325,1,1,-4.3399456287371425,4.662097438335495,-6.022620935450899,6.0678628063526965,0.022620935450898827,12.090483741803595,0.04524187090179796,0.0,0.04524187090179796,0.0,-0.04524187090179796,-0.04524187090179796,0.0,0.0,0.0,0.0,0.0,0.0,9.057428589806736e-05,0.0,5.997355487874451,5.9475896548753235,1.635844237846129e-15,2.0816681711721685e-17,0.40299976361810397,0.0,-6.300000000000001,6.300000000000001,0.14142135623730964,0.14142135623730953,2.2308058427875675e-08,4.727628906910693e-06,0.011994910237009427,0.0118,4.7276289069109194e-06,0.011895360620349653,0.0118,0.05,0.0,0.00475812909820202,0.0
554,1.108,1.11,-4.339955777988923,4.649162073893118,0.1546031479520975,8.98911785188204,-0.10087285997768605,0.149139519583823,1,1,-4.339955777988923,4.649162073893118,-6.022395853382413,6.067187560147239,0.022395853382413122,12.089583413529652,0.04479170676482639,0.0,0.04479170676482639,0.0,-0.04479170676482639,-0.04479170676482639,0.0,0.0,0.0,0.0,0.0,0.0,8.96730566953312e-05,0.0,5.996857615621418,5.947139090808624,5.953083078574783e-16,2.7755575615628914e-17,0.40299976361810474,0.0,-6.300000000000001,6.300000000000001,0.14142135623730964,0.14142135623730953,2.2303571248970348e-08,4.7276288907867045e-06,0.011993914303084977,0.0118,4.72762889078604e-06,0.011894457686339288,0.0118,0.05,0.0,0.005208293235173586,0.0
559,1.118,1.12,-4.339972676842431,4.637399413662572,0.14871336841007032,8.977372090505003,-0.1008601563626857,0.14744388761008753,1,1,-4.339972676842431,4.637399413662572,-6.022173010917928,6.066519032753787,0.022173010917929226,12.088692043671715,0.044346021835857855,0.0,0.044346021835857855,0.0,-0.044346021835857855,-0.044346021835857855,0.0,0.0,0.0,0.0,0.0,0.0,8.878079487299238e-05,0.0,5.996360240946863,5.946693014418326,1.9029916531465574e-15,2.7755575615628914e-17,0.4029997636181056,0.0,-6.300000000000001,6.300000000000001,0.14142135623730964,0.14142135623730953,2.2299076117859024e-08,4.727628874831939e-06,0.011992919348341064,0.0118,4.727628874832135e-06,0.011893563745668394,0.0118,0.05,0.0,0.0056539781641421205,0.0
564,1.1280000000000001,1.1300000000000001,-4.339998415199213,4.62666494217386,0.14333326348732323,8.966663357373072,-0.10084241813313147,0.14602103625448365,1,1,-4.339998415199213,4.62666494217386,-6.021952385773014,6.0658571573190425,0.02195238577301417,12.087809543092057,0.043904771546028044,0.0,0.043904771546028044,0.0,-0.043904771546028044,-0.043904771546028044,0.0,0.0,0.0,0.0,0.0,0.0,8.789741120412509e-05,0.0,5.995863403285495,5.94625138100686,6.892273210490352e-16,2.7755575615628914e-17,0.40299976361810635,0.0,-6.300000000000001,6.300000000000001,0.14142135623730964,0.14142135623730953,2.229457255906961e-08,4.727628859057492e-06,0.011991925451983977,0.0118,4.727628859058086e-06,0.011892678708762672,0.0118,0.05,0.0,0.00609522845397193,0.0
569,1.1380000000000001,1.1400000000000001,-4.340035015582544,4.616833701118168,0.13839934276781207,8.956868716700711,-0.10081914978157303,0.1448049161849868,1,1,-4.340035015582544,4.616833701118168,-6.02173395588497,6.065201867654911,0.021733955884970513,12.08693582353988,0.04346791176994027,0.0,0.04346791176994027,0.0,-0.04346791176994027,-0.04346791176994027,0.0,0.0,0.0,0.0,0.0,0.0,8.70228173496263e-05,0.0,5.995367141237561,5.945814146321841,8.153200337090993e-16,2.7755575615628914e-17,0.40299976361810713,0.0,-6.300000000000001,6.300000000000001,0.14142135623730964,0.14142135623730953,2.2290060181015288e-08,4.727628843447821e-06,0.011990932691545948,0.0118,4.727628843448351e-06,0.011891802486939995,0.0118,0.05,0.0,0.006532088230059705,0.0
574,1.1480000000000001,1.1500000000000001,-4.340084327302386,4.607798567442652,0.13385712007013284,8.947882894745039,-0.10079007494075032,0.14374850280633567,1,1,-4.340084327302386,4.607798567442652,-6.0215176994106265,6.06455309823188,0.021517699410626534,12.086070797642506,0.04303539882125286,0.0,0.04303539882125286,0.0,-0.04303539882125286,-0.04303539882125286,0.0,0.0,0.0,0.0,0.0,0.0,8.615692584938173e-05,0.0,5.994871492581548,5.945381266551653,1.3478801408339791e-15,4.163336342344337e-17,0.4029997636181079,0.0,-6.300000000000001,6.300000000000001,0.14142135623730964,0.14142135623730953,2.228553865678272e-08,4.727628828005139e-06,0.01198994114291064,0.0118,4.7276288280051485e-06,0.011890934992401533,0.0118,0.05,0.0,0.006964601178747105,0.0
579,1.158,1.16,-4.340147958855373,4.599374525997589,0.1296132835711079,8.939522484852962,-0.10075511488612479,0.12148379630118611,1,1,-4.340147958855373,4.599374525997589,-6.021303594724156,6.0639107841724655,0.021303594724154884,12.085214378896621,0.042607189448310524,0.0,0.042607189448310524,0.0,-0.042607189448310524,-0.042607189448310524,0.0,0.0,0.0,0.0,0.0,0.0,8.529965011351976e-05,0.0,5.994376494286718,5.944952698321041,1.6368742299099903e-15,4.85722573273506e-17,0.40299976361810863,0.0,-6.300000000000001,6.300000000000001,0.14142135623730964,0.14142135623730953,2.2281007710344764e-08,4.727628812727225e-06,0.011988950880338273,0.0118,4.727628812726259e-06,0.011890076138222915,0.0118,0.05,0.0,0.007392810551689428,0.0
584,1.168,1.17,-4.340227243376045,4.590374452947211,0.12507360478558294,8.930601696323256,-0.10071435581064589,0.12149672705436959,1,1,-4.340227243376045,4.590374452947211,-6.021091620414909,6.063274861244729,0.021091620414909862,12.084366481659638,0.04218324082981914,0.0,0.04218324082981914,0.0,-0.04218324082981914,-0.04218324082981914,0.0,0.0,0.0,0.0,0.0,0.0,8.445090441375243e-05,0.0,5.993882182525481,5.944528398686773,1.4727802311043092e-15,4.85722573273506e-17,0.4029997636181094,0.0,-6.300000000000001,6.300000000000001,0.14142135623730964,0.14142135623730953,2.2276467106452587e-08,4.727628797614072e-06,0.011987961976490455,0.0118,4.727628797613903e-06,0.011889225838345575,0.0118,0.05,0.0,0.007816759170180812,0.0
589,1.178,1.18,-4.340323229479409,4.582116902107792,0.12089683631419135,8.922440131587202,-0.10066801286904459,0.12148385132235234,1,1,-4.340323229479409,4.582116902107792,-6.020881755285282,6.062645265855845,0.020881755285281578,12.083527021141126,0.04176351057056356,0.0,0.04176351057056356,0.0,-0.04176351057056356,-0.04176351057056356,0.0,0.0,0.0,0.0,0.0,0.0,8.361060387480248e-05,0.0,5.9933885926855925,5.944108325133339,1.0373646386341306e-15,4.85722573273506e-17,0.40299976361811013,0.0,-6.300000000000001,6.300000000000001,0.14142135623730964,0.14142135623730953,2.2271916643088062e-08,4.727628782661238e-06,0.011986974502454612,0.0118,4.727628782661419e-06,0.01188838400756808,0.0118,0.05,0.0,0.008236489429436394,0.0
594,1.188,1.19,-4.340436689869689,4.574508667192814,0.1170359886615624,8.914945357062503,-0.10061639582571114,0.121449147888915,1,1,-4.340436689869689,4.574508667192814,-6.020673978348584,6.062021935045752,0.020673978348583866,12.082695913394335,0.041347956697168065,0.0,0.041347956697168065,0.0,-0.041347956697168065,-0.041347956697168065,0.0,0.0,0.0,0.0,0.0,0.0,8.277866446591573e-05,0.0,5.992895759382191,5.943692435568687,7.840950111415168e-16,6.245004513516506e-17,0.4029997636181109,0.0,-6.300000000000001,6.300000000000001,0.14142135623730964,0.14142135623730953,2.2267356145734753e-08,4.727628767866497e-06,0.011985988527768164,0.0118,4.727628767866588e-06,0.011887550561537627,0.0118,0.05,0.0,0.008652043302831878,0.0
599,1.198,1.2,-4.340568141249138,4.567472642567861,0.11345225065936138,8.908040783816999,-0.10055987879904527,0.12139595364134698,1,1,-4.340568141249138,4.567472642567861,-6.020468268826949,6.061404806480848,0.0204682688269493,12.081873075307797,0.040936537653899034,0.0,0.040936537653899034,0.0,-0.040936537653899034,-0.040936537653899034,0.0,0.0,0.0,0.0,0.0,0.0,8.1955002992458e-05,0.0,5.992403716469675,5.943280688320009,1.2750217548429532e-15,6.938893903907228e-17,0.40299976361811163,0.0,-6.300000000000001,6.300000000000001,0.14142135623730964,0.14142135623730953,2.2262785462962768e-08,4.7276287532365076e-06,0.011985004120442315,0.0118,4.727628753236069e-06,0.011886725416741562,0.0118,0.05,0.0,0.0090634623461009,0.0
604,1.208,1.21,-4.340717870537515,4.560944358979474,0.11011324422097957,8.901662229516988,-0.10049887505803892,0.12132709572884787,1,1,-4.340717870537515,4.560944358979474,-6.020264606149255,6.060793818447764,0.020264606149254405,12.08105842459702,0.04052921229850929,0.0,0.04052921229850929,0.0,-0.04052921229850929,-0.04052921229850929,0.0,0.0,0.0,0.0,0.0,0.0,8.113953708759561e-05,0.0,5.99191249705342,5.942873042129551,6.246766342046794e-16,7.632783294297951e-17,0.40299976361811235,0.0,-6.300000000000001,6.300000000000001,0.14142135623730964,0.14142135623730953,2.225820446297722e-08,4.727628738757943e-06,0.011984021346985566,0.0118,4.72762873875876e-06,0.01188590849049903,0.0118,0.05,0.0,0.009470787701490636,0.0
609,1.218,1.22,-4.340885963808553,4.554869394447651,0.10699171531954876,8.895755358256203,-0.10043381691418551,0.12124498782426052,1,1,-4.340885963808553,4.554869394447651,-6.020062969949062,6.060188909847185,0.02006296994906176,12.080251879796247,0.04012593989812386,0.0,0.04012593989812386,0.0,-0.04012593989812386,-0.04012593989812386,0.0,0.0,0.0,0.0,0.0,0.0,8.033218520405849e-05,0.0,5.991422133501331,5.942469456150505,1.2212453270876722e-15,7.632783294297951e-17,0.40299976361811307,0.0,-6.300000000000001,6.300000000000001,0.14142135623730964,0.14142135623730953,2.225361303088279e-08,4.727628724439681e-06,0.011983040272426885,0.0118,4.7276287244391034e-06,0.01188509970095269,0.0118,0.05,0.0,0.009874060101876067,0.0
614,1.228,1.23,-4.341072335507917,4.5492014094794575,0.10406453698577023,8.890273744987375,-0.10036514026951798,0.12115170245726586,1,1,-4.341072335507917,4.5492014094794575,-6.019863340062583,6.05959002018775,0.01986334006258339,12.079453360250334,0.039726680125166634,0.0,0.039726680125166634,0.0,-0.039726680125166634,-0.039726680125166634,0.0,0.0,0.0,0.0,0.0,0.0,7.95328666059855e-05,0.0,5.990932657455256,5.942069889942889,3.1051550219984847e-16,7.632783294297951e-17,0.40299976361811374,0.0,-6.300000000000001,6.300000000000001,0.14142135623730964,0.14142135623730953,2.2249011066487156e-08,4.727628710272838e-06,0.011982060960338579,0.0118,4.727628710272658e-06,0.011884298967060499,0.0118,0.05,0.0,0.01027331987483329,0.0
619,1.238,1.24,-4.3412767564069314,4.543900635526071,0.10131193955956963,8.885177391933002,-0.10029327317219727,0.12104902689461572,1,1,-4.3412767564069314,4.543900635526071,-6.019665696526664,6.058997089579991,0.019665696526663723,12.078662786106655,0.03933139305332761,0.0,0.03933139305332761,0.0,-0.03933139305332761,-0.03933139305332761,0.0,0.0,0.0,0.0,0.0,0.0,7.87415013608507e-05,0.0,5.990444099842221,5.941674303469515,9.26342336171615e-16,6.938893903907228e-17,0.40299976361811446,0.0,-6.300000000000001,6.300000000000001,0.14142135623730964,0.14142135623730953,2.2244398482514653e-08,4.7276286962596285e-06,0.01198108347285884,0.0118,4.727628696259423e-06,0.011883506208587608,0.0118,0.05,0.0,0.01066860694667232,0.0
624,1.248,1.25,-4.34149887939401,4.5389326976894235,0.09871690914770692,8.880431577083433,-0.10021862768210696,0.1209385073523031,1,1,-4.34149887939401,4.5389326976894235,-6.019470019576786,6.058410058730355,0.019470019576784736,12.07788007830714,0.03894003915357019,0.0,0.03894003915357019,0.0,-0.03894003915357019,-0.03894003915357019,0.0,0.0,0.0,0.0,0.0,0.0,7.795801033147012e-05,0.0,5.989956490885533,5.941282657091964,1.5265566588595902e-15,6.938893903907228e-17,0.4029997636181151,0.0,-6.300000000000001,6.300000000000001,0.14142135623730964,0.14142135623730953,2.223977520313575e-08,4.72762868239339e-06,0.011980107870714019,0.0118,4.727628682392737e-06,0.011882721346098307,0.0118,0.05,0.0,0.011059960846429746,0.0
629,1.258,1.26,-4.341738262656485,4.534267687436861,0.09626471239018786,8.876005950093347,-0.1001415943861371,0.12082148468189474,1,1,-4.341738262656485,4.534267687436861,-6.01927628964509,6.0578288689352675,0.019276289645088873,12.077105158580357,0.03855257929017825,0.0,0.03855257929017825,0.0,-0.03855257929017825,-0.03855257929017825,0.0,0.0,0.0,0.0,0.0,0.0,7.718231516808792e-05,0.0,5.98946986011573,5.940894911566621,3.937822290467352e-16,7.632783294297951e-17,0.40299976361811585,0.0,-6.300000000000001,6.300000000000001,0.14142135623730964,0.14142135623730953,2.2235141162742295e-08,4.727628668676338e-06,0.011979134213240551,0.0118,4.727628668677042e-06,0.011881944300948083,0.0118,0.05,0.0,0.011447420709821675,0.0
634,1.268,1.27,-4.341994390106242,4.529879424726617,0.09394251731018732,8.87187381483286,-0.10006253898032155,0.1206991236505385,1,1,-4.341994390106242,4.529879424726617,-6.0190844873584215,6.0572534620752645,0.019084487358421498,12.076337949433686,0.0381689747168426,0.0,0.0381689747168426,0.0,-0.0381689747168426,-0.0381689747168426,0.0,0.0,0.0,0.0,0.0,0.0,7.641433830054134e-05,0.0,5.98898423638137,5.940511028040742,7.049347000229189e-16,7.632783294297951e-17,0.4029997636181165,0.0,-6.300000000000001,6.300000000000001,0.14142135623730964,0.14142135623730953,2.2230496304916102e-08,4.727628655104027e-06,0.011978162558406636,0.0118,4.7276286551034555e-06,0.011881174995275719,0.0118,0.05,0.0,0.011831025283157328,0.0
639,1.278,1.28,-4.34226668909361,4.525744865320364,0.09173908811337705,8.868011554413975,-0.09998180042671445,0.12057243728417238,1,1,-4.34226668909361,4.525744865320364,-6.018894593536393,6.056683780609179,0.01889459353639289,12.075578374145572,0.037789187072786216,0.0,0.037789187072786216,0.0,-0.037789187072786216,-0.037789187072786216,0.0,0.0,0.0,0.0,0.0,0.0,7.565400293050364e-05,0.0,5.9884996478596895,5.940130968048559,1.9723805921856297e-15,7.632783294297951e-17,0.4029997636181172,0.0,-6.300000000000001,6.300000000000001,0.14142135623730964,0.14142135623730953,2.222584058155113e-08,4.727628641678676e-06,0.011977192962833583,0.0118,4.727628641683079e-06,0.011880413351995502,0.0118,0.05,0.0,0.012210812927213712,0.0
644,1.288,1.29,-4.3425545455678485,4.521843620580793,0.08964453750647206,8.864398166148641,-0.0998996902822663,0.12044230732130595,1,1,-4.3425545455678485,4.521843620580793,-6.018706589189464,6.056119767568393,0.018706589189464218,12.074826356757857,0.03741317837892821,0.0,0.03741317837892821,0.0,-0.03741317837892821,-0.03741317837892821,0.0,0.0,0.0,0.0,0.0,0.0,7.49012330238042e-05,0.0,5.988016122067107,5.939754693507422,9.246076126956382e-16,6.938893903907228e-17,0.40299976361811785,0.0,-6.300000000000001,6.300000000000001,0.14142135623730964,0.14142135623730953,2.2221173952099083e-08,4.72762862839362e-06,0.011976225481816892,0.0118,4.727628628400371e-06,0.011879659294789513,0.0118,0.05,0.0,0.012586821621071725,0.0
649,1.298,1.3,-4.34285731690356,4.518157565279215,0.08765012418782758,8.861014882182776,-0.0998164928777652,0.12030950154421377,1,1,-4.34285731690356,4.518157565279215,-6.018520455517042,6.055561366551129,0.01852045551704329,12.074081822068171,0.037040911034085834,0.0,0.037040911034085834,0.0,-0.037040911034085834,-0.037040911034085834,0.0,0.0,0.0,0.0,0.0,0.0,7.415595330282504e-05,0.0,5.98753368586959,5.939382166713995,2.531612072753653e-16,7.632783294297951e-17,0.4029997636181185,0.0,-6.300000000000001,6.300000000000001,0.14142135623730964,0.14142135623730953,2.2216496382914923e-08,4.727628615242194e-06,0.01197526016934703,0.0118,4.727628615264212e-06,0.011878912748099952,0.0118,0.05,0.0,0.012959088965914092,0.0
654,1.308,1.31,-4.343174342638434,4.514670514891849,0.08574808612670726,8.857844857530283,-0.0997324660943924,0.12017468856339197,1,1,-4.343174342638434,4.514670514891849,-6.018336173905608,6.055008521716822,0.018336173905606934,12.07334469562243,0.0366723478112144,0.0,0.0366723478112144,0.0,-0.0366723478112144,-0.0366723478112144,0.0,0.0,0.0,0.0,0.0,0.0,7.3418089238973e-05,0.0,5.987052365492875,5.939013350340463,6.730727086790012e-16,7.632783294297951e-17,0.4029997636181191,0.0,-6.300000000000001,6.300000000000001,0.14142135623730964,0.14142135623730953,2.2211807846684382e-08,4.727628602219954e-06,0.011974297078129942,0.0118,4.7276286022679416e-06,0.011878173637121582,0.0118,0.05,0.0,0.01332765218878552,0.0
659,1.318,1.32,-4.343504953371554,4.5113679582252,0.08393150242682301,8.854872911596754,-0.09964784254317766,0.12003845049787826,1,1,-4.343504953371554,4.5113679582252,-6.018153725926842,6.054461177780526,0.018153725926842057,12.072614903707368,0.03630745185368449,0.0,0.03630745185368449,0.0,-0.03630745185368449,-0.03630745185368449,0.0,0.0,0.0,0.0,0.0,0.0,7.26875670452268e-05,0.0,5.986572186532558,5.938648207430808,5.776222599188086e-16,7.632783294297951e-17,0.4029997636181198,0.0,-6.300000000000001,6.300000000000001,0.14142135623730964,0.14142135623730953,2.2207108321919163e-08,4.727628589306911e-06,0.011973336259607278,0.0118,4.727628589416e-06,0.011877441887794243,0.0118,0.05,0.0,0.013692548146315438,0.0
664,1.328,1.33,-4.343848478061677,4.508236834442911,0.08219417819061725,8.852085312504588,-0.09956283099953417,0.11990129389869097,1,1,-4.343848478061677,4.508236834442911,-6.017973093335798,6.053919280007395,0.017973093335798218,12.071892373343193,0.03594618667159624,0.0,0.03594618667159624,0.0,-0.03594618667159624,-0.03594618667159624,0.0,0.0,0.0,0.0,0.0,0.0,7.196431366875829e-05,0.0,5.986093173964037,5.938286701397086,2.0747292772682613e-15,8.326672684688674e-17,0.4029997636181204,0.0,-6.300000000000001,6.300000000000001,0.14142135623730964,0.14142135623730953,2.2202397792508566e-08,4.7276285764741984e-06,0.011972377763976331,0.0118,4.727628576703946e-06,0.011876717426795408,0.0118,0.05,0.0,0.014053813328403674,0.0
669,1.338,1.34,-4.344204249947596,4.505265345986385,0.0805305480193943,8.849469595933982,-0.09947761798238308,0.11976365919274715,1,1,-4.344204249947596,4.505265345986385,-6.017794258069065,6.053382774207195,0.017794258069065094,12.07117703227626,0.03558851613813042,0.0,0.03558851613813042,0.0,-0.03558851613813042,-0.03558851613813042,0.0,0.0,0.0,0.0,0.0,0.0,7.124825678362711e-05,0.0,5.985615352152323,5.937928796015782,1.2993078835066285e-15,9.020562075079397e-17,0.40299976361812107,0.0,-6.300000000000001,6.300000000000001,0.14142135623730964,0.14142135623730953,2.219767624731878e-08,4.7276285636663e-06,0.011971421640209725,0.0118,4.727628564136222e-06,0.011876000181532856,0.0118,0.05,0.0,0.014411483861869497,0.0
674,1.348,1.35,-4.344571611291671,4.502442800711282,0.07893559470980538,8.847014412002952,-0.09939236939673302,0.11962592887218002,1,1,-4.344571611291671,4.502442800711282,-6.017617202242968,6.052851606728903,0.0176172022429677,12.07046880897187,0.03523440448593561,0.0,0.03523440448593561,0.0,-0.03523440448593561,-0.03523440448593561,0.0,0.0,0.0,0.0,0.0,0.0,7.053932478354807e-05,0.0,5.985138744861722,5.937574455424163,8.326672684688674e-17,8.326672684688674e-17,0.40299976361812173,0.0,-6.300000000000001,6.300000000000001,0.14142135623730964,0.14142135623730953,2.219294367983247e-08,4.727628550803277e-06,0.01197046793607481,0.0118,4.72762855173503e-06,0.011875290080137385,0.0118,0.05,0.0,0.014765595514064311,0.0
679,1.358,1.36,-4.344949917125347,4.499729828353289,0.07738995561397122,8.844679745478636,-0.09930723218132015,0.10637534562641798,1,1,-4.344949917125347,4.499729828353289,-6.017441908151776,6.0523257244553275,0.01744190815177582,12.069767632607103,0.03488381630355149,0.0,0.03488381630355149,0.0,-0.03488381630355149,-0.03488381630355149,0.0,0.0,0.0,0.0,0.0,0.0,6.983744677473033e-05,0.0,5.984663375265375,5.9372236441166955,8.2686678684607e-16,8.326672684688674e-17,0.40299976361812234,0.0,-6.300000000000001,6.300000000000001,0.14142135623730964,0.14142135623730953,2.218820008782294e-08,4.727628537736355e-06,0.011969516698152828,0.0118,4.7276285395092546e-06,0.011874587051455622,0.0118,0.05,0.0,0.015116183696448428,0.0
684,1.368,1.37,-4.345338538153744,4.496865435454334,0.07576344865029494,8.842203973608077,-0.09922233592037366,0.10636456705222452,1,1,-4.345338538153744,4.496865435454334,-6.017268358265934,6.051805074797802,0.01726835826593387,12.069073433063735,0.03453671653186767,0.0,0.03453671653186767,0.0,-0.03453671653186767,-0.03453671653186767,0.0,0.0,0.0,0.0,0.0,0.0,6.914255256878814e-05,0.0,5.984189265954674,5.9368763269414835,1.0581813203458523e-15,8.326672684688674e-17,0.402999763618123,0.0,-6.300000000000001,6.300000000000001,0.14142135623730964,0.14142135623730953,2.2183445473058164e-08,4.727628524241269e-06,0.011968567971857767,0.0118,4.727628527483319e-06,0.01187389102504289,0.0118,0.05,0.0,0.01546328346813225,0.0
689,1.3780000000000001,1.3800000000000001,-4.345736862955784,4.494143629096142,0.07420338307017893,8.839880492051925,-0.09913779439181036,0.10634635029260653,1,1,-4.345736862955784,4.494143629096142,-6.017096535230309,6.051289605690926,0.01709653523030852,12.068386140921236,0.03419307046061773,0.0,0.03419307046061773,0.0,-0.03419307046061773,-0.03419307046061773,0.0,0.0,0.0,0.0,0.0,0.0,6.84545726757218e-05,0.0,5.983716438948552,5.936532469096746,8.621033574518489e-16,8.326672684688674e-17,0.40299976361812373,0.0,-6.300000000000001,6.300000000000001,0.14142135623730964,0.14142135623730953,2.2178679841030683e-08,4.727628509980505e-06,0.011967621801455004,0.0118,4.727628515730498e-06,0.011873201931156133,0.0118,0.05,0.0,0.01580692953938219,0.0
694,1.3880000000000001,1.3900000000000001,-4.346144299597545,4.491555124543918,0.07270541247318674,8.837699424141462,-0.09905370703408925,0.10632159322685797,1,1,-4.346144299597545,4.491555124543918,-6.016926421862454,6.050779265587362,0.016926421862454077,12.067705687449816,0.033852843724908176,0.0,0.033852843724908176,0.0,-0.033852843724908176,-0.033852843724908176,0.0,0.0,0.0,0.0,0.0,0.0,6.777343829696872e-05,0.0,5.98324491570264,5.9361920361273315,1.627170620466245e-15,7.632783294297951e-17,0.4029997636181245,0.0,-6.300000000000001,6.300000000000001,0.14142135623730964,0.14142135623730953,2.2173903200710227e-08,4.727628494445579e-06,0.011966678230079665,0.0118,4.727628504352932e-06,0.011872519700746959,0.0118,0.05,0.0,0.016147156275091747,0.0
698,1.3960000000000001,1.3980000000000001,-4.3464764247959335,4.489574586933079,0.07154908106857283,8.836051011729012,-0.0989868226639791,0.10629761670910357,1,1,-4.3464764247959335,4.489574586933079,-6.01679155069155,6.050374652074651,0.016791550691550583,12.0671662027662,0.03358310138310043,0.0,0.03358310138310043,0.0,-0.03358310138310043,-0.03358310138310043,0.0,0.0,0.0,0.0,0.0,0.0,6.723341376883325e-05,0.0,5.982868649877367,5.9359221327273435,6.00160112579351e-16,8.326672684688674e-17,0.40299976361812523,0.0,-6.300000000000001,6.300000000000001,0.14142135623730964,0.14142135623730953,2.217007397059064e-08,4.727628480624797e-06,0.011965925272555494,0.0118,4.7276284956288e-06,0.011871978812162167,0.0118,0.05,0.0,0.016416898616899493,0.0
699,1.3980000000000001,1.4000000000000001,-4.34656027675965,4.871938972150762,0.26268934769555585,9.218499248910412,-0.0989701603213225,1.3900671223162933,1,1,-4.34656027675965,4.489091460337711,-6.01675800115089,6.050274003452673,0.01675800115089121,12.067032004603563,0.03351600230178191,0.0,0.08351600230178191,0.0,-0.03351600230178191,-0.08351600230178191,0.0,0.05,0.0,0.05,0.0,0.0,6.709908131852338e-05,0.0,5.982774717118293,5.885854993921267,7.605407189442692e-16,8.326672684688674e-17,0.4029997636181254,0.0,-6.300000000000001,6.300000000000001,0.14142135623730964,0.14142135623730953,2.216911556431625e-08,4.727628476914842e-06,0.011965737299754734,0.0118,4.727628493514935e-06,0.011871844265454687,0.0118,0.1,0.0,0.016483997698218015,0.0
700,1.4000000000000001,1.4020000000000001,-4.346644448275395,4.879849921664421,0.2666027366945132,9.226494369939816,-0.09895352262956514,0.9041794412410121,1,1,-4.346644448275395,4.879849921664421,-6.041674568608943,6.125023705826826,0.0416745686089417,12.166698274435769,0.08334913721788394,0.0,0.08334913721788394,0.0,-0.08334913721788394,-0.08334913721788394,0.0,0.0,0.0,0.0,0.0,0.0,0.00016686508389797492,0.0,5.982780738808119,5.885687989973607,7.28583859910259e-16,8.326672684688674e-17,0.40299976361812556,0.0,-6.300000000000001,6.4,0.14142135623730964,0.14142135623731,2.158830839582819e-08,4.727628473084999e-06,0.011965549434236585,0.0118,4.7276284914299365e-06,0.011771709987842533,0.011600000000000001,0.1,0.0,0.01665086278211599,0.0
704,1.408,1.41,-4.34698424446459,4.890267011753848,0.2716413836446292,9.237251256218439,-0.09888722904161512,0.4874875014500263,1,1,-4.34698424446459,4.890267011753848,-6.0413425020971365,6.124027506291411,0.04134250209713741,12.165370008388548,0.08268500419427431,0.0,0.08268500419427431,0.0,-0.08268500419427431,-0.08268500419427431,0.0,0.0,0.0,0.0,0.0,0.0,0.00016553548869875482,0.0,5.9828013847298385,5.885023307601418,5.377642775528102e-16,8.326672684688674e-17,0.4029997636181264,0.0,-6.300000000000001,6.4,0.14142135623730964,0.14142135623731,2.1583114533704983e-08,4.727628456362446e-06,0.011965593473338271,0.0118,4.727628483471858e-06,0.011770377959030158,0.011600000000000001,0.1,0.0,0.017314995805725607,0.0
709,1.418,1.42,-4.3474156744768075,4.88639512941449,0.26948972746884126,9.233810803891298,-0.0988049774774738,0.3565362307899626,1,1,-4.3474156744768075,4.88639512941449,-6.040931137328045,6.122793411984136,0.04093113732804543,12.163724549312182,0.08186227465609054,0.0,0.08186227465609054,0.0,-0.08186227465609054,-0.08186227465609054,0.0,0.0,0.0,0.0,0.0,0.0,0.00016388838306578948,0.0,5.982819551266609,5.884199904975798,8.864436962241484e-16,9.71445146547012e-17,0.40299976361812767,0.0,-6.300000000000001,6.4,0.14142135623730964,0.14142135623731,2.157670543699155e-08,4.727628431396168e-06,0.011965633180023683,0.0118,4.727628474618939e-06,0.01176872785355517,0.011600000000000001,0.1,0.0,0.018137725343909374,0.0
714,1.428,1.43,-4.347854060437089,4.87475536328864,0.2634506514257753,9.222609423725729,-0.09872346048981642,0.29394884556977846,1,1,-4.347854060437089,4.87475536328864,-6.0405238657067954,6.121571597120386,0.04052386570679545,12.162095462827182,0.08104773141359117,0.0,0.08104773141359117,0.0,-0.08104773141359117,-0.08104773141359117,0.0,0.0,0.0,0.0,0.0,0.0,0.00016225766640770486,0.0,5.982829383344289,5.883384703537941,1.1362438767648086e-15,8.326672684688674e-17,0.4029997636181292,0.0,-6.300000000000001,6.4,0.14142135623730964,0.14142135623731,2.1570317054886457e-08,4.7276284001352855e-06,0.011965656151542683,0.0118,4.7276284675423775e-06,0.011767094183326235,0.011600000000000001,0.1,0.0,0.018952268586408746,0.0
719,1.438,1.44,-4.34829891778294,4.859743650187092,0.2557223662020758,9.208042567970033,-0.09864272450916894,0.2581662017262973,1,1,-4.34829891778294,4.859743650187092,-6.040120646505886,6.12036193951766,0.04012064650588698,12.160482586023546,0.08024129301177316,0.0,0.08024129301177316,0.0,-0.08024129301177316,-0.08024129301177316,0.0,0.0,0.0,0.0,0.0,0.0,0.00016064317565147614,0.0,5.982831045103869,5.882577621603332,1.4883927423881005e-15,9.71445146547012e-17,0.4029997636181312,0.0,-6.300000000000001,6.4,0.14142135623730964,0.14142135623731,2.1563929264371855e-08,4.727628360110661e-06,0.011965662717161898,0.0118,4.727628463085942e-06,0.011765476784646891,0.011600000000000001,0.1,0.0,0.01975870698822675,0.0
724,1.448,1.45,-4.348749783465178,4.843757227030975,0.2475037217828988,9.192507010496154,-0.09856280849222396,0.23553133482731525,1,1,-4.348749783465178,4.843757227030975,-6.039721439403062,6.119164318209187,0.0397214394030625,12.158885757612248,0.07944287880612429,0.0,0.07944287880612429,0.0,-0.07944287880612429,-0.07944287880612429,0.0,0.0,0.0,0.0,0.0,0.0,0.00015904474934668234,0.0,5.982824698244276,5.881778578301117,3.6095800827473656e-16,9.71445146547012e-17,0.40299976361813383,0.0,-6.300000000000001,6.4,0.14142135623730964,0.14142135623731,2.1557534326365153e-08,4.727628308135951e-06,0.01196565320125081,0.0118,4.727628462446454e-06,0.01176387549545128,0.011600000000000001,0.1,0.0,0.020557121193875615,0.0
729,1.458,1.46,-4.349206214738706,4.827978873933099,0.23938632959719675,9.177185088671806,-0.09848374586610281,0.22015441318879475,1,1,-4.349206214738706,4.827978873933099,-6.0393262044772795,6.117978613431839,0.039326204477279525,12.157304817909118,0.07865240895455865,0.0,0.07865240895455865,0.0,-0.07865240895455865,-0.07865240895455865,0.0,0.0,0.0,0.0,0.0,0.0,0.00015746222764936093,0.0,5.98281050205469,5.880987493565942,9.463458662539725e-16,1.1102230246251565e-16,0.4029997636181372,0.0,-6.300000000000001,6.4,0.14142135623730964,0.14142135623731,2.1551128307102787e-08,4.727628240167721e-06,0.011965627923346552,0.0118,4.727628467293688e-06,0.011762290155287783,0.011600000000000001,0.1,0.0,0.021347591045441244,0.0
734,1.468,1.47,-4.349667783228064,4.812943966299539,0.23163809153573744,9.162611749527603,-0.09840557134808886,0.20913134616442036,1,1,-4.349667783228064,4.812943966299539,-6.038934902204716,6.116804706614149,0.038934902204716515,12.155739608818864,0.07786980440943235,0.0,0.07786980440943235,0.0,-0.07786980440943235,-0.07786980440943235,0.0,0.0,0.0,0.0,0.0,0.0,0.00015589545230602342,0.0,5.982788613446491,5.880204288129942,1.6618650899857812e-15,1.249000902703301e-16,0.40299976361814166,0.0,-6.300000000000001,6.4,0.14142135623730964,0.14142135623731,2.1544708854959887e-08,4.727628151154451e-06,0.011965587198217921,0.0118,4.727628479892498e-06,0.011760720605302945,0.011600000000000001,0.1,0.0,0.022130195590567524,0.0
739,1.478,1.48,-4.350134058964235,4.7986043109672645,0.22423512600151474,9.1487383699315,-0.09832833497187887,0.16404632207654354,1,1,-4.350134058964235,4.7986043109672645,-6.03854749345482,6.115642480364459,0.03854749345481956,12.154189973819278,0.07709498690963874,0.0,0.07709498690963874,0.0,-0.07709498690963874,-0.07709498690963874,0.0,0.0,0.0,0.0,0.0,0.0,0.00015434426663782984,0.0,5.9827591869847945,5.879428883514783,4.867254602830551e-16,1.249000902703301e-16,0.4029997636181475,0.0,-6.300000000000001,6.4,0.14142135623730964,0.14142135623731,2.153827441798676e-08,4.727628034905536e-06,0.011965531335928651,0.0118,4.727628503289339e-06,0.011759166688225558,0.011600000000000001,0.1,0.0,0.02290501309036114,0.0
744,1.488,1.49,-4.350604585486237,4.782797759818443,0.21609658716610314,9.133402345304681,-0.09825211755222857,0.16084888217710008,1,1,-4.350604585486237,4.782797759818443,-6.038163939486391,6.114491818459173,0.03816393948639085,12.152655757945563,0.07632787897278213,0.0,0.07632787897278213,0.0,-0.07632787897278213,-0.07632787897278213,0.0,0.0,0.0,0.0,0.0,0.0,0.00015280851552492073,0.0,5.982722374919612,5.878661202023812,7.962380754733545e-16,1.1102230246251565e-16,0.40299976361815504,0.0,-6.300000000000001,6.4,0.14142135623730964,0.14142135623731,2.153182390703168e-08,4.7276278839158636e-06,0.011965460641899853,0.0118,4.727628541500995e-06,0.011757628248350893,0.011600000000000001,0.1,0.0,0.02367212102721776,0.0
749,1.498,1.5,-4.351078854520332,4.768478652275,0.2086998988773341,9.119557506795331,-0.09817703908226394,0.15830430366268328,1,1,-4.351078854520332,4.768478652275,-6.037784201943715,6.113352605831144,0.03778420194371446,12.15113680777486,0.07556840388742957,0.0,0.07556840388742957,0.0,-0.07556840388742957,-0.07556840388742957,0.0,0.0,0.0,0.0,0.0,0.0,0.00015128804539090492,0.0,5.982678327216615,5.877901166734267,2.1076890233118206e-15,1.249000902703301e-16,0.40299976361816475,0.0,-6.300000000000001,6.4,0.14142135623730964,0.14142135623731,2.1525356527202363e-08,4.727627689234814e-06,0.011965375416971723,0.0118,4.727628599752176e-06,0.011756105131525101,0.011600000000000001,0.1,0.0,0.02443159611257032,0.0
754,1.508,1.51,-4.351556289101596,4.755461456155357,0.2019525835268805,9.107017745256954,-0.09810325659796643,0.1562214745474072,1,1,-4.351556289101596,4.755461456155357,-6.03740824285272,6.112224728558159,0.037408242852719376,12.14963297141088,0.07481648570543963,0.0,0.07481648570543963,0.0,-0.07481648570543963,-0.07481648570543963,0.0,0.0,0.0,0.0,0.0,0.0,0.000149782704187502,0.0,5.982627191587522,5.877148701489576,1.4623718902484484e-15,1.249000902703301e-16,0.4029997636181772,0.0,-6.300000000000001,6.4,0.14142135623730964,0.14142135623731,2.1518871683325775e-08,4.727627440310823e-06,0.011965275957464461,0.0118,4.727628684735308e-06,0.011754597185129783,0.011600000000000001,0.1,0.0,0.025183514294560262,0.0
759,1.518,1.52,-4.352036239291385,4.743581439674563,0.19577260019158915,9.095617678965947,-0.09803095360051417,0.15447467230400497,1,1,-4.352036239291385,4.743581439674563,-6.037036024617184,6.111108073851551,0.03703602461718347,12.148144098468736,0.07407204923436751,0.0,0.07407204923436751,0.0,-0.07407204923436751,-0.07407204923436751,0.0,0.0,0.0,0.0,0.0,0.0,0.0001482923413793372,0.0,5.982569113520103,5.876403730891731,1.1882855810441129e-15,1.1102230246251565e-16,0.40299976361819295,0.0,-6.300000000000001,6.4,0.14142135623730964,0.14142135623731,2.1512368922215892e-08,4.727627124867041e-06,0.01196516255523841,0.0118,4.72762880491251e-06,0.011753104258066725,0.011600000000000001,0.1,0.0,0.02592795076563238,0.0
764,1.528,1.53,-4.352517989804355,4.732696412066616,0.19008921113113075,9.08521440187097,-0.09796032538617036,0.15297854950597017,1,1,-4.352517989804355,4.732696412066616,-6.036667510014973,6.110002530044919,0.036667510014972926,12.146670040059892,0.07333502002994575,0.0,0.07333502002994575,0.0,-0.07333502002994575,-0.07333502002994575,0.0,0.0,0.0,0.0,0.0,0.0,0.00014681680792888766,0.0,5.9825042363078085,5.875666180293749,1.2472661792273243e-15,1.1102230246251565e-16,0.40299976361821277,0.0,-6.300000000000001,6.4,0.14142135623730964,0.14142135623731,2.1505847895173828e-08,4.727626728783648e-06,0.011965035497753502,0.0118,4.727628970864206e-06,0.011751626200742734,0.011600000000000001,0.1,0.0,0.026664979970054143,0.0
769,1.538,1.54,-4.353000776160967,4.722685108463265,0.184842166151149,9.075685884624232,-0.09789156422033124,0.15167362789556715,1,1,-4.353000776160967,4.722685108463265,-6.03630266219432,6.10890798658296,0.03630266219431988,12.14521064877728,0.0726053243886397,0.0,0.0726053243886397,0.0,-0.0726053243886397,-0.0726053243886397,0.0,0.0,0.0,0.0,0.0,0.0,0.00014535595628157878,0.0,5.982432701079027,5.874935975792193,8.056706343739783e-16,1.1102230246251565e-16,0.4029997636182374,0.0,-6.300000000000001,6.4,0.14142135623730964,0.14142135623731,2.149930833250811e-08,4.7276262360068145e-06,0.011964895068127892,0.0118,4.727629195662164e-06,0.01175016286505472,0.011600000000000001,0.1,0.0,0.027394675611360192,0.0
774,1.548,1.55,-4.353483805341098,4.713444525755549,0.17998036020722585,9.066928331096648,-0.0978248468502177,0.15051751814814107,1,1,-4.353483805341098,4.713444525755549,-6.035941444670139,6.107824334010416,0.03594144467013827,12.143765778680555,0.07188288934027715,0.0,0.07188288934027715,0.0,-0.07188288934027715,-0.07188288934027715,0.0,0.0,0.0,0.0,0.0,0.0,0.0001439096403510284,0.0,5.9823546468259865,5.874213044219792,6.782768791069316e-16,1.249000902703301e-16,0.4029997636182678,0.0,-6.300000000000001,6.4,0.14142135623730964,0.14142135623731,2.1492750025627447e-08,4.727625628473208e-06,0.011964741545195907,0.0118,4.7276294952669494e-06,0.011748714104374842,0.011600000000000001,0.1,0.0,0.02811711065972274,0.0
779,1.558,1.56,-4.353966277476799,4.70488715074198,0.1754604366325907,9.058853428218779,-0.09776032544104418,0.1494794128434057,1,1,-4.353966277476799,4.70488715074198,-6.035583821320376,6.1067514639611264,0.035583821320375186,12.142335285281503,0.07116764264075125,0.0,0.07116764264075125,0.0,-0.07116764264075125,-0.07116764264075125,0.0,0.0,0.0,0.0,0.0,0.0,0.00014247771550443826,0.0,5.982270210433286,5.87349731313811,2.435118079402443e-16,9.71445146547012e-17,0.4029997636183049,0.0,-6.300000000000001,6.4,0.14142135623730964,0.14142135623731,2.1486172814118253e-08,4.727624886092228e-06,0.011964575203565265,0.0118,4.727629889011986e-06,0.011747279773535858,0.011600000000000001,0.1,0.0,0.028832357359248655,0.0
784,1.568,1.57,-4.354447406128006,4.696425584827967,0.17098908934998036,9.050872990955973,-0.09769812203359915,0.1272247509265234,1,1,-4.354447406128006,4.696425584827967,-6.035229756382398,6.105689269147193,0.03522975638239778,12.140919025529591,0.07045951276479598,0.0,0.07045951276479598,0.0,-0.07045951276479598,-0.07045951276479598,0.0,0.0,0.0,0.0,0.0,0.0,0.00014106003854813038,0.0,5.982179526706068,5.872788710830316,1.5639616338103401e-16,9.71445146547012e-17,0.4029997636183499,0.0,-6.300000000000001,6.4,0.14142135623730964,0.14142135623731,2.1479576576214076e-08,4.7276239867082574e-06,0.011964396313673565,0.0118,4.727630400034321e-06,0.011745859728816619,0.011600000000000001,0.1,0.0,0.029540487235203926,0.0
789,1.578,1.58,-4.354926435684629,4.68784342912338,0.16645849671937585,9.042769864808008,-0.09763832607499301,0.12712792335768816,1,1,-4.354926435684629,4.68784342912338,-6.034879214449417,6.1046376433482505,0.03487921444941655,12.139516857797668,0.06975842889883364,0.0,0.06975842889883364,0.0,-0.06975842889883364,-0.06975842889883364,0.0,0.0,0.0,0.0,0.0,0.0,0.0001396564677132277,0.0,5.98208272839785,5.872087166294013,1.3808398868775384e-15,9.71445146547012e-17,0.4029997636184039,0.0,-6.300000000000001,6.4,0.14142135623730964,0.14142135623731,2.1472961221633768e-08,4.727622906160618e-06,0.011964205141844072,0.0118,4.727631055814197e-06,0.011744453827927688,0.011600000000000001,0.1,0.0,0.03024157110116626,0.0
794,1.588,1.59,-4.355402655238505,4.679902579275512,0.1622499620185036,9.035305234514016,-0.09758099435439094,0.12700611906935888,1,1,-4.355402655238505,4.679902579275512,-6.034532160466947,6.1035964814008405,0.03453216046694685,12.138128641867787,0.0690643209338934,0.0,0.0690643209338934,0.0,-0.0690643209338934,-0.0690643209338934,0.0,0.0,0.0,0.0,0.0,0.0,0.00013826686264147717,0.0,5.981979946238,5.8713926092341415,3.122502256758253e-16,9.71445146547012e-17,0.4029997636184683,0.0,-6.300000000000001,6.4,0.14142135623730964,0.14142135623731,2.1466326686108976e-08,4.727621618330197e-06,0.011964001950340815,0.0118,4.727631888712392e-06,0.011743061929997153,0.011600000000000001,0.1,0.0,0.030935679066106496,0.0
799,1.598,1.6,-4.355875408827071,4.672528640353869,0.15832661576339913,9.02840404918094,-0.09752615265475773,0.12686368427548098,1,1,-4.355875408827071,4.672528640353869,-6.0341885597293,6.102565679187901,0.03418855972930057,12.1367542389172,0.06837711945860034,0.0,0.06837711945860034,0.0,-0.06837711945860034,-0.06837711945860034,0.0,0.0,0.0,0.0,0.0,0.0,0.00013689108437121348,0.0,5.98187130895887,5.870704970055969,1.6514567491299204e-15,1.249000902703301e-16,0.40299976361854445,0.0,-6.300000000000001,6.4,0.14142135623730964,0.14142135623731,2.14596729271379e-08,4.7276200952793345e-06,0.011963786997422997,0.0118,4.7276329365075755e-06,0.011741683895556526,0.011600000000000001,0.1,0.0,0.03162288054139954,0.0
804,1.608,1.61,-4.356344102295585,4.6656594158537015,0.15465765677905807,9.022003518149287,-0.09747379851236665,0.12670423136170075,1,1,-4.356344102295585,4.6656594158537015,-6.033848377876117,6.101545133628351,0.03384837787611694,12.135393511504468,0.06769675575223429,0.0,0.06769675575223429,0.0,-0.06769675575223429,-0.06769675575223429,0.0,0.0,0.0,0.0,0.0,0.0,0.00013552899532346326,0.0,5.981756943322589,5.870024179858135,3.469446951953614e-16,9.71445146547012e-17,0.4029997636186338,0.0,-6.300000000000001,6.4,0.14142135623730964,0.14142135623731,2.1452999920643307e-08,4.7276183073650685e-06,0.011963560537398712,0.0118,4.727634242986945e-06,0.01174031958652684,0.011600000000000001,0.1,0.0,0.032303244247765615,0.0
809,1.618,1.62,-4.356808207207694,4.659242386175056,0.1512170894836813,9.01605059338275,-0.09742390459506839,0.12653078899351994,1,1,-4.356808207207694,4.659242386175056,-6.033511580888929,6.100534742666786,0.033511580888928805,12.134046323555715,0.0670231617778576,0.0,0.0670231617778576,0.0,-0.0670231617778576,-0.0670231617778576,0.0,0.0,0.0,0.0,0.0,0.0,0.0001341804592881866,0.0,5.981636974147528,5.869350170425778,1.6010413481093444e-15,9.71445146547012e-17,0.402999763618738,0.0,-6.300000000000001,6.4,0.14142135623730964,0.14142135623731,2.1446307658306553e-08,4.727616223450074e-06,0.011963322820678007,0.0118,4.727635858527979e-06,0.011738968866204864,0.011600000000000001,0.1,0.0,0.03297683822214231,0.0
814,1.6280000000000001,1.6300000000000001,-4.357267262305352,4.653232802098473,0.14798276989656056,9.010500064403825,-0.09737642233256835,0.1263459138704759,1,1,-4.357267262305352,4.653232802098473,-6.033178135087756,6.099534405263267,0.03317813508775558,12.132712540351022,0.06635627017551152,0.0,0.06635627017551152,0.0,-0.06635627017551152,-0.06635627017551152,0.0,0.0,0.0,0.0,0.0,0.0,0.00013284534141065615,0.0,5.981511524333,5.869281675022308,1.0182826803983858e-15,8.326672684688674e-17,0.40299976361885864,0.0,-6.300000000000001,6.300000000000001,0.14142135623730964,0.14142135623730953,2.1440549541153768e-08,4.727613811144697e-06,0.011963074093824303,0.0118,4.727637840695742e-06,0.011738430799248533,0.0118,0.1,0.0,0.033643729824488405,0.0
819,1.6380000000000001,1.6400000000000001,-4.357720873020139,4.647592222624079,0.14493567480196967,9.005313095644219,-0.09733128554022363,0.1261517758653674,1,1,-4.357720873020139,4.647592222624079,-6.032848007127741,6.09854402138322,0.03284800712773972,12.13139202851096,0.06569601425548005,0.0,0.06569601425548005,0.0,-0.06569601425548005,-0.06569601425548005,0.0,0.0,0.0,0.0,0.0,0.0,0.00013152350817797158,0.0,5.981380714878902,5.8696110690647,2.914335439641036e-16,8.326672684688674e-17,0.4029997636189973,0.0,-6.300000000000001,6.300000000000001,0.14142135623730964,0.14142135623730953,2.1436203496099537e-08,4.727611037062297e-06,0.011962814599590964,0.0118,4.727640254849064e-06,0.011739090907536368,0.0118,0.1,0.0,0.03430398574451987,0.0
824,1.6480000000000001,1.6500000000000001,-4.358168709499004,4.64228737915485,0.14205933482792332,9.000456088653854,-0.09728841386588305,0.12595022422564467,1,1,-4.358168709499004,4.64228737915485,-6.03252116399581,6.097563491987431,0.03252116399581073,12.130084655983241,0.065042327991621,0.0,0.065042327991621,0.0,-0.065042327991621,-0.065042327991621,0.0,0.0,0.0,0.0,0.0,0.0,0.00013021482740570813,0.0,5.98124466492648,5.869937182351302,4.475586568020162e-16,6.938893903907228e-17,0.40299976361915585,0.0,-6.300000000000001,6.300000000000001,0.14142135623730964,0.14142135623730953,2.143184001042216e-08,4.727607867141221e-06,0.011962544577000096,0.0118,4.727643174722296e-06,0.01173974444116226,0.0118,0.1,0.0,0.034957672008378925,0.0
829,1.6580000000000001,1.6600000000000001,-4.358610503549016,4.637289282672781,0.1393393895618824,8.995899786221798,-0.09724771595681761,0.12574284060850302,1,1,-4.358610503549016,4.637289282672781,-6.032197573007381,6.096592719022145,0.03219757300738202,12.128790292029526,0.06439514601476323,0.0,0.06439514601476323,0.0,-0.06439514601476323,-0.06439514601476323,0.0,0.0,0.0,0.0,0.0,0.0,0.00012891916822469797,0.0,5.981103491777222,5.870260047561558,1.115427195053087e-15,8.326672684688674e-17,0.4029997636193358,0.0,-6.300000000000001,6.300000000000001,0.14142135623730964,0.14142135623730953,2.1427459160522125e-08,4.727604266993408e-06,0.011962264261387153,0.0118,4.727646683033715e-06,0.011740391465615901,0.0118,0.1,0.0,0.03560485398523669,0.0
834,1.668,1.67,-4.359046044841003,4.632572498559809,0.136763226859403,8.991618543400811,-0.09720909229317759,0.12553102220303966,1,1,-4.359046044841003,4.632572498559809,-6.031877201803085,6.095631605409255,0.031877201803085065,12.12750880721234,0.06375440360616973,0.0,0.06375440360616973,0.0,-0.06375440360616973,-0.06375440360616973,0.0,0.0,0.0,0.0,0.0,0.0,0.00012763640106794322,0.0,5.980957310916283,5.870579697049853,5.082197683525802e-16,9.71445146547012e-17,0.40299976361953904,0.0,-6.300000000000001,6.300000000000001,0.14142135623730964,0.14142135623730953,2.1423061024167407e-08,4.727600202266322e-06,0.011961973884445037,0.0118,4.727650872036193e-06,0.011741032045735554,0.0118,0.1,0.0,0.036245596393830175,0.0
839,1.678,1.68,-4.359475176648639,4.628114439486083,0.13431963141872227,8.987589616134722,-0.09717243766897865,0.1253163052821027,1,1,-4.359475176648639,4.628114439486083,-6.031560018345533,6.094680055036599,0.0315600183455329,12.126240073382132,0.0631200366910657,0.0,0.0631200366910657,0.0,-0.0631200366910657,-0.0631200366910657,0.0,0.0,0.0,0.0,0.0,0.0,0.0001263663976576593,0.0,5.980806236037017,5.870896162848814,1.6948248360293405e-15,1.1102230246251565e-16,0.40299976361976725,0.0,-6.300000000000001,6.300000000000001,0.14142135623730964,0.14142135623730953,2.1418645679290173e-08,4.727595639073718e-06,0.011961673674273277,0.0118,4.7276558440878525e-06,0.011741666245714663,0.0118,0.1,0.0,0.0368799633089342,0.0
844,1.688,1.69,-4.359897791341933,4.623894583710454,0.1319983961842608,8.983792375052387,-0.09713764332470218,0.12510086705074058,1,1,-4.359897791341933,4.623894583710454,-6.031245990916116,6.093737972748347,0.031245990916115574,12.124983963664462,0.06249198183223099,0.0,0.06249198183223099,0.0,-0.06249198183223099,-0.06249198183223099,0.0,0.0,0.0,0.0,0.0,0.0,0.00012510903099244687,0.0,5.980650379065215,5.871209476672561,7.650130529057719e-16,9.71445146547012e-17,0.40299976362002193,0.0,-6.300000000000001,6.300000000000001,0.14142135623730964,0.14142135623730953,2.1414213204108203e-08,4.7275905444264115e-06,0.011961363855426637,0.0118,4.72766171217831e-06,0.011742294129108342,0.0118,0.1,0.0,0.03750801816776892,0.0
849,1.698,1.7,-4.360313825803825,4.6198938382438115,0.12979000621999326,8.980207664047636,-0.09710459875010194,0.12488762520367264,1,1,-4.360313825803825,4.6198938382438115,-6.0309350881118275,6.092805264335484,0.030935088111828435,12.123740352447312,0.061870176223656315,0.0,0.061870176223656315,0.0,-0.061870176223656315,-0.061870176223656315,0.0,0.0,0.0,0.0,0.0,0.0,0.00012386417533459152,0.0,5.98048985018303,5.871519669919934,6.730727086790012e-16,9.71445146547012e-17,0.4029997636203048,0.0,-6.300000000000001,6.300000000000001,0.14142135623730964,0.14142135623730953,2.1409763677519974e-08,4.727584886678584e-06,0.011961044648963071,0.0118,4.72766860042606e-06,0.011742915758839872,0.0118,0.1,0.0,0.038129823776343594,0.0
854,1.708,1.71,-4.3607232568963505,4.616094237849849,0.12768549047674904,8.9768174947462,-0.09707319318414495,0.12467983451829048,1,1,-4.3607232568963505,4.616094237849849,-6.030627278842131,6.091881836526394,0.030627278842131567,12.122509115368524,0.06125455768426266,0.0,0.06125455768426266,0.0,-0.06125455768426266,-0.06125455768426266,0.0,0.0,0.0,0.0,0.0,0.0,0.00012263170619749013,0.0,5.98032475785261,5.871826773677686,1.2237389920843889e-15,9.71445146547012e-17,0.4029997636206174,0.0,-6.300000000000001,6.300000000000001,0.14142135623730964,0.14142135623730953,2.140529717952182e-08,4.727578636007404e-06,0.011960716272491128,0.0118,4.727676644542544e-06,0.011743531197207089,0.0118,0.1,0.0,0.03874544231573725,0.0
859,1.718,1.72,-4.361126097068043,4.612478915447859,0.12567640918990808,8.973605012515902,-0.09704331684303791,0.1244805589968262,1,1,-4.361126097068043,4.612478915447859,-6.030322532325842,6.090967596977524,0.030322532325841145,12.121290129303366,0.06064506465168308,0.0,0.06064506465168308,0.0,-0.06064506465168308,-0.06064506465168308,0.0,0.0,0.0,0.0,0.0,0.0,0.00012141150033320195,0.0,5.980155208839428,5.872130818723659,2.8112007079833523e-16,9.71445146547012e-17,0.4029997636209609,0.0,-6.300000000000001,6.300000000000001,0.14142135623730964,0.14142135623730953,2.1400813791571252e-08,4.7275717648948555e-06,0.011960378940216721,0.0118,4.7276859922740224e-06,0.011744140505888739,0.0118,0.1,0.0,0.03935493534831683,0.0
864,1.728,1.73,-4.361522390166379,4.609032186462095,0.12375489814785778,8.970554576628473,-0.09701486190841435,0.12429230090476875,1,1,-4.361522390166379,4.609032186462095,-6.030020818088054,6.090062454264159,0.030020818088052792,12.120083272352213,0.06004163617610638,0.0,0.06004163617610638,0.0,-0.06004163617610638,-0.06004163617610638,0.0,0.0,0.0,0.0,0.0,0.0,0.00012020343572012365,0.0,5.9799813082353355,5.87243183552992,5.528346877503587e-16,9.71445146547012e-17,0.4029997636213367,0.0,-6.300000000000001,6.300000000000001,0.14142135623730964,0.14142135623730953,2.139631359687659e-08,4.727564248620687e-06,0.01196003286298934,0.0118,4.727696803761284e-06,0.01174474374595076,0.0118,0.1,0.0,0.03995836382389353,0.0
869,1.738,1.74,-4.361912207496958,4.605739634037378,0.12191371327021017,8.967651841534336,-0.09698772330701877,0.12411684492145705,1,1,-4.361912207496958,4.605739634037378,-6.029722105957092,6.089166317871273,0.029722105957090683,12.118888423828365,0.05944421191418216,0.0,0.05944421191418216,0.0,-0.05944421191418216,-0.05944421191418216,0.0,0.0,0.0,0.0,0.0,0.0,0.00011900739155078723,0.0,5.979803159481308,5.872729854265862,2.336672522140759e-15,9.71445146547012e-17,0.4029997636217459,0.0,-6.300000000000001,6.300000000000001,0.14142135623730964,0.14142135623730953,2.139179668061404e-08,4.727556065748683e-06,0.011959678248347668,0.0118,4.7277092519038e-06,0.011745340977852514,0.0118,0.1,0.0,0.04055578808581775,0.0
874,1.748,1.75,-4.362295644154082,4.602588146966763,0.12014625140634072,8.964883791120844,-0.09696179931133378,0.12395526351907188,1,1,-4.362295644154082,4.602588146966763,-6.029426366061493,6.088279098184479,0.02942636606149307,12.117705464245972,0.05885273212298636,0.0,0.05885273212298636,0.0,-0.05885273212298636,-0.05885273212298636,0.0,0.0,0.0,0.0,0.0,0.0,0.00011782324821977905,0.0,5.979620864389918,5.873024904801288,4.822531263215524e-16,9.71445146547012e-17,0.40299976362218926,0.0,-6.300000000000001,6.300000000000001,0.14142135623730964,0.14142135623730953,2.1387263130080454e-08,4.727547198626262e-06,0.011959315300564653,0.0118,4.727723522643945e-06,0.011745932261452962,0.0118,0.1,0.0,0.041147267877013546,0.0
879,1.758,1.76,-4.362672815634383,4.599512088116996,0.11841963624130658,8.962184903751378,-0.09693699198811148,0.11015232415776469,1,1,-4.362672815634383,4.599512088116996,-6.029133568827024,6.087400706481071,0.02913356882702356,12.116534275308094,0.05826713765404697,0.0,0.05826713765404697,0.0,-0.05826713765404697,-0.05826713765404697,0.0,0.0,0.0,0.0,0.0,0.0,0.00011665088731177922,0.0,5.979434523167531,5.873317016709464,5.724587470723463e-16,9.71445146547012e-17,0.4029997636226675,0.0,-6.300000000000001,6.300000000000001,0.14142135623730964,0.14142135623730953,2.138271303479236e-08,4.727537633833015e-06,0.011958944220691981,0.0118,4.727739815200138e-06,0.011746517656016756,0.0118,0.1,0.0,0.041732862345952935,0.0
884,1.768,1.77,-4.36304385473548,4.5962518161736465,0.11660398071908329,8.959295670909126,-0.09691320751897964,0.11013033940845851,1,1,-4.36304385473548,4.5962518161736465,-6.028843684973714,6.086531054921143,0.028843684973714367,12.115374739894857,0.05768736994742909,0.0,0.05768736994742909,0.0,-0.05768736994742909,-0.05768736994742909,0.0,0.0,0.0,0.0,0.0,0.0,0.00011549019158971993,0.0,5.979244234436212,5.873606219270133,6.844161739086307e-16,9.71445146547012e-17,0.402999763623181,0.0,-6.300000000000001,6.300000000000001,0.14142135623730964,0.14142135623730953,2.1378146486541556e-08,4.727527362655872e-06,0.01195856520660402,0.0118,4.727758342262245e-06,0.011747097220220316,0.0118,0.1,0.0,0.04231263005257082,0.0
889,1.778,1.78,-4.363408908734597,4.593119185413934,0.11485513833966854,8.956528094148531,-0.0968903564144942,0.11011120977487909,1,1,-4.363408908734597,4.593119185413934,-6.028556685512939,6.085670056538818,0.028556685512939772,12.114226742051757,0.05711337102587892,0.0,0.05711337102587892,0.0,-0.05711337102587892,-0.05711337102587892,0.0,0.0,0.0,0.0,0.0,0.0,0.00011434104498306179,0.0,5.979050095255359,5.873892541472513,3.6669072726175367e-16,9.71445146547012e-17,0.4029997636237301,0.0,-6.300000000000001,6.300000000000001,0.14142135623730964,0.14142135623730953,2.1373563579416547e-08,4.727516381504329e-06,0.011958178453041198,0.0118,4.72777933015367e-06,0.011747671012157807,0.0118,0.1,0.0,0.04288662897412099,0.0
894,1.788,1.79,-4.363768136837164,4.5901037756171705,0.1131678193900032,8.953871912454336,-0.0968683536402773,0.11009557991989757,1,1,-4.363768136837164,4.5901037756171705,-6.0282725417445135,6.084817625233539,0.028272541744512658,12.113090166978052,0.056545083489025975,0.0,0.056545083489025975,0.0,-0.056545083489025975,-0.056545083489025975,0.0,0.0,0.0,0.0,0.0,0.0,0.00011320333257618646,0.0,5.97885220114308,5.874176012018247,6.572975670693371e-16,9.71445146547012e-17,0.40299976362431456,0.0,-6.300000000000001,6.300000000000001,0.14142135623730964,0.14142135623730953,2.136896440979774e-08,4.727504692327895e-06,0.011957784151652856,0.0118,4.72780301890241e-06,0.01174823908934708,0.0118,0.1,0.0,0.04345491651097393,0.0
898,1.796,1.798,-4.364051437863354,4.587769643833158,0.11185910298490187,8.951821081696512,-0.09685130795424005,0.11008584623914727,1,1,-4.364051437863354,4.587769643833158,-6.02804726372412,6.084141791172359,0.02804726372411981,12.11218905489648,0.0560945274482399,0.0,0.0560945274482399,0.0,-0.0560945274482399,-0.0560945274482399,0.0,0.0,0.0,0.0,0.0,0.0,0.00011230131878149085,0.0,5.978691245519763,5.874400754367775,1.4706931419222746e-15,9.71445146547012e-17,0.40299976362480733,0.0,-6.300000000000001,6.300000000000001,0.14142135623730964,0.14142135623730953,2.1365273431323355e-08,4.7274948362605714e-06,0.011957463402948738,0.0118,4.727824084598265e-06,0.011748689474767461,0.0118,0.1,0.0,0.04390547255176001,0.0
899,1.798,1.8,-4.364121707882053,4.968753390718552,0.3023158414182494,9.332875098600606,-0.09684711867135654,1.4544737205669034,1,1,-4.364121707882053,4.587196412350857,-6.027991225253821,6.083973675761465,0.027991225253821916,12.111964901015286,0.05598245050764299,0.0,0.10598245050764299,0.0,-0.05598245050764299,-0.10598245050764299,0.0,0.05,0.0,0.05,0.0,0.0,0.00011207694059690519,0.0,5.978650646097275,5.824456659324352,8.377494661523932e-16,1.1102230246251565e-16,0.402999763624934,0.0,-6.300000000000001,6.300000000000001,0.14142135623730964,0.14142135623730953,2.1364349076333137e-08,4.727492302951369e-06,0.011957382491039526,0.0118,4.7278296622943474e-06,0.01174880150873555,0.0118,0.15000000000000002,0.0,0.044017549492356915,0.0
900,1.8,1.802,-4.36419175865688,4.975721931324037,0.30576508633357813,9.339913689980918,-0.0968429570456418,0.9364595480960083,1,1,-4.36419175865688,4.975721931324037,-6.052885348715145,6.158656046145434,0.05288534871514461,12.211541394860578,0.10577069743028941,0.0,0.10577069743028941,0.0,-0.10577069743028941,-0.10577069743028941,0.0,0.0,0.0,0.0,0.0,0.0,0.000211753077353578,0.0,5.9787098045332945,5.824412453002191,6.845110415987232e-16,1.1102230246251565e-16,0.40299976362506207,0.0,-6.300000000000001,6.4,0.14142135623730964,0.14142135623731,2.0838881292511758e-08,4.727489742175239e-06,0.011957301292194552,0.0118,4.727835368834033e-06,0.011648913318648705,0.011600000000000001,0.15000000000000002,0.0,0.04422930256971049,0.0
904,1.808,1.81,-4.36446979828803,4.98420455794534,0.30986737982865487,9.34867435623337,-0.09682657548849782,0.4999883790913219,1,1,-4.36446979828803,4.98420455794534,-6.05246395375271,6.157391861258132,0.05246395375271096,12.209855815010842,0.10492790750542136,0.0,0.10492790750542136,0.0,-0.10492790750542136,-0.10492790750542136,0.0,0.0,0.0,0.0,0.0,0.0,0.00021006581079971017,0.0,5.978941043519406,5.824236510145777,9.26342336171615e-16,1.3877787807814457e-16,0.4029997636255878,0.0,-6.300000000000001,6.4,0.14142135623730964,0.14142135623731,2.0833815897238447e-08,4.727479227407921e-06,0.011957768078282955,0.0118,4.7278595278910095e-06,0.011648560727695522,0.011600000000000001,0.15000000000000002,0.0,0.04507209249457853,0.0
909,1.818,1.82,-4.364812590224872,4.978640192286997,0.3069138010310626,9.34345278251187,-0.09680665252826931,0.3662753380733023,1,1,-4.364812590224872,4.978640192286997,-6.051941928690695,6.155825786072086,0.05194192869069525,12.207767714762781,0.10388385738139051,0.0,0.10388385738139051,0.0,-0.10388385738139051,-0.10388385738139051,0.0,0.0,0.0,0.0,0.0,0.0,0.00020797562105863724,0.0,5.979218097617338,5.824018553861015,6.657001339060997e-16,1.249000902703301e-16,0.4029997636262748,0.0,-6.300000000000001,6.4,0.14142135623730964,0.14142135623731,2.082755512839372e-08,4.727465486187769e-06,0.011958327485688073,0.0118,4.727892896951857e-06,0.011648123941474296,0.011600000000000001,0.15000000000000002,0.0,0.04611614261860939,0.0
914,1.828,1.83,-4.365150269992153,4.965650684820347,0.30025020741409714,9.3308009548125,-0.09678728259674585,0.30292200323038154,1,1,-4.365150269992153,4.965650684820347,-6.0514250978648345,6.154275293594502,0.051425097864833624,12.205700391459336,0.10285019572966796,0.0,0.10285019572966796,0.0,-0.10285019572966796,-0.10285019572966796,0.0,0.0,0.0,0.0,0.0,0.0,0.0002059062290529838,0.0,5.979482045276502,5.82380276864682,1.096345236817342e-15,1.249000902703301e-16,0.40299976362699386,0.0,-6.300000000000001,6.4,0.14142135623730964,0.14142135623731,2.082130721009791e-08,4.727451106464673e-06,0.011958860586007314,0.0118,4.727930064416519e-06,0.011647691506088303,0.011600000000000001,0.15000000000000002,0.0,0.04714980427033195,0.0
919,1.838,1.84,-4.3654830265885955,4.949623104299887,0.29207003885564564,9.315106130888482,-0.09676840275535004,0.26687225229330896,1,1,-4.3654830265885955,4.949623104299887,-6.0509134095916135,6.1527402287748405,0.0509134095916135,12.203653638366454,0.10182681918322715,0.0,0.10182681918322715,0.0,-0.10182681918322715,-0.10182681918322715,0.0,0.0,0.0,0.0,0.0,0.0,0.0002038574278418247,0.0,5.979733119988552,5.823589132898989,9.52363188311267e-16,1.1102230246251565e-16,0.40299976362774304,0.0,-6.300000000000001,6.4,0.14142135623730964,0.14142135623731,2.0815053954392062e-08,4.727436122215834e-06,0.011959367847574433,0.0118,4.727971338744918e-06,0.01164726337824189,0.011600000000000001,0.15000000000000002,0.0,0.04817318081677276,0.0
924,1.848,1.85,-4.365811050412245,4.9328777351958015,0.2835333423917783,9.298688785608046,-0.09674995423937321,0.244160303377063,1,1,-4.365811050412245,4.9328777351958015,-6.05040681270178,6.151220438105341,0.05040681270178027,12.201627250807121,0.10081362540356065,0.0,0.10081362540356065,0.0,-0.10081362540356065,-0.10081362540356065,0.0,0.0,0.0,0.0,0.0,0.0,0.00020182901254333158,0.0,5.979971551895385,5.823377625230124,2.005340338229189e-15,9.71445146547012e-17,0.4029997636285204,0.0,-6.300000000000001,6.4,0.14142135623730964,0.14142135623731,2.0808788432481262e-08,4.727420574335141e-06,0.011959849732006122,0.0118,4.728017041824018e-06,0.011646839515073885,0.011600000000000001,0.15000000000000002,0.0,0.04918637459643928,0.0
929,1.858,1.86,-4.366134531126197,4.916521106841032,0.2751932878574177,9.28265563796723,-0.09673188343195291,0.22878936846524478,1,1,-4.366134531126197,4.916521106841032,-6.049905256535223,6.1497157696056695,0.04990525653522315,12.199621026140893,0.09981051307044612,0.0,0.09981051307044612,0.0,-0.09981051307044612,-0.09981051307044612,0.0,0.0,0.0,0.0,0.0,0.0,0.0001998207803142842,0.0,5.980197567832697,5.823168224467513,9.35015953551499e-16,9.71445146547012e-17,0.4029997636293236,0.0,-6.300000000000001,6.4,0.14142135623730964,0.14142135623731,2.0802507145189586e-08,4.727404510626502e-06,0.011960306694289338,0.0118,4.728067508781297e-06,0.011646419874153328,0.011600000000000001,0.15000000000000002,0.0,0.0501894869295538,0.0
934,1.868,1.87,-4.366453650118865,4.901029990295852,0.26728817008849326,9.267483640414717,-0.09671414778035209,0.21780924834684967,1,1,-4.366453650118865,4.901029990295852,-6.049408690935907,6.148226072807722,0.04940869093590727,12.197634763743629,0.09881738187181435,0.0,0.09881738187181435,0.0,-0.09881738187181435,-0.09881738187181435,0.0,0.0,0.0,0.0,0.0,0.0,0.0001978325303297861,0.0,5.980411391373041,5.822960909651049,6.568638862003429e-16,9.71445146547012e-17,0.4029997636301499,0.0,-6.300000000000001,6.4,0.14142135623730964,0.14142135623731,2.07962080222628e-08,4.727387985763885e-06,0.011960739182867601,0.0118,4.728123087844871e-06,0.01164600441347529,0.011600000000000001,0.15000000000000002,0.0,0.05118261812818557,0.0
939,1.8780000000000001,1.8800000000000001,-4.366768561801316,4.883583935904006,0.25840768705134476,9.250352497705322,-0.09669672898366441,0.1714879727155369,1,1,-4.366768561801316,4.883583935904006,-6.048917066246859,6.146751198740577,0.04891706624685899,12.195668264987436,0.09783413249371786,0.0,0.09783413249371786,0.0,-0.09783413249371786,-0.09783413249371786,0.0,0.0,0.0,0.0,0.0,0.0,0.00019586406376318198,0.0,5.980613242868333,5.822755660031167,1.273991762779092e-15,8.326672684688674e-17,0.4029997636309961,0.0,-6.300000000000001,6.4,0.14142135623730964,0.14142135623731,2.0789889721085693e-08,4.727371061162528e-06,0.011961147639726248,0.0118,4.728184140159187e-06,0.01164559309145675,0.011600000000000001,0.15000000000000002,0.0,0.05216586750628207,0.0
944,1.8880000000000001,1.8900000000000001,-4.36707936593788,4.86758695172784,0.25025379289497973,9.23466631766572,-0.09667964768124204,0.16834845977298632,1,1,-4.36707936593788,4.86758695172784,-6.048430333305199,6.145290999915599,0.04843033330520008,12.193721333220799,0.09686066661039945,0.0,0.09686066661039945,0.0,-0.09686066661039945,-0.09686066661039945,0.0,0.0,0.0,0.0,0.0,0.0,0.0001939151837661748,0.0,5.980803339491862,5.822552455066816,8.23532865165677e-16,9.71445146547012e-17,0.4029997636318589,0.0,-6.300000000000001,6.4,0.14142135623730964,0.14142135623731,2.078355132235611e-08,4.727353804787977e-06,0.01196153250047664,0.0118,4.7282510395851855e-06,0.01164518586693252,0.011600000000000001,0.15000000000000002,0.0,0.053139333389600474,0.0
949,1.8980000000000001,1.9000000000000001,-4.367386081137021,4.853078667628808,0.24284629324589346,9.22046474876583,-0.09666297113309685,0.1658672736174588,1,1,-4.367386081137021,4.853078667628808,-6.04794844343723,6.14384533031169,0.047948443437229926,12.19179377374892,0.09589688687445957,0.0,0.09589688687445957,0.0,-0.09589688687445957,-0.09589688687445957,0.0,0.0,0.0,0.0,0.0,0.0,0.00019198569544914072,0.0,5.980981895279775,5.8223512744234345,7.719519468096792e-16,9.71445146547012e-17,0.4029997636327346,0.0,-6.300000000000001,6.4,0.14142135623730964,0.14142135623731,2.07771921759794e-08,4.727336290907404e-06,0.011961894194439332,0.0118,4.7283241725293305e-06,0.011644782699151209,0.011600000000000001,0.15000000000000002,0.0,0.05410311312554035,0.0
954,1.9080000000000001,1.9100000000000001,-4.3676886289850545,4.839866497383245,0.23608893419909505,9.207555126368298,-0.09664681042350076,0.16385014397691772,1,1,-4.3676886289850545,4.839866497383245,-6.047471348453561,6.142414045360683,0.047471348453560935,12.189885393814244,0.0949426969071215,0.0,0.0949426969071215,0.0,-0.0949426969071215,-0.0949426969071215,0.0,0.0,0.0,0.0,0.0,0.0,0.00019007540586164022,0.0,5.981149121172037,5.822152097970958,3.0414581443649613e-16,6.938893903907228e-17,0.40299976363361917,0.0,-6.300000000000001,6.4,0.14142135623730964,0.14142135623731,2.077081181392839e-08,4.7273185997676345e-06,0.011962233144726227,0.0118,4.728403937768188e-06,0.011644383547771205,0.011600000000000001,0.15000000000000002,0.0,0.05505730309287845,0.0
959,1.9180000000000001,1.92,-4.367986832500956,4.82778176539378,0.22989746644641196,9.195768597894737,-0.09663130927507785,0.16216991402469294,1,1,-4.367986832500956,4.82778176539378,-6.046999000644297,6.14099700193289,0.04699900064429663,12.187996002577187,0.0939980012885933,0.0,0.0939980012885933,0.0,-0.0939980012885933,-0.0939980012885933,0.0,0.0,0.0,0.0,0.0,0.0,0.00018818412397312255,0.0,5.9813052250529095,5.821954905781846,8.690964614643804e-16,6.938893903907228e-17,0.4029997636345083,0.0,-6.300000000000001,6.4,0.14142135623730964,0.14142135623731,2.0764409896994753e-08,4.727300817211015e-06,0.011962549768321699,0.0118,4.728490746277458e-06,0.01164398837285673,0.011600000000000001,0.15000000000000002,0.0,0.05600199871140666,0.0
964,1.928,1.93,-4.368280427311234,4.816680220646992,0.2241998966678791,9.184960647958226,-0.09661662881963615,0.1607406844043953,1,1,-4.368280427311234,4.816680220646992,-6.046531352774263,6.139594058322789,0.04653135277426301,12.186125411097052,0.0930627055485259,0.0,0.0930627055485259,0.0,-0.0930627055485259,-0.0930627055485259,0.0,0.0,0.0,0.0,0.0,0.0,0.00018631166065382287,0.0,5.981450411790904,5.821759678129121,7.407269242420966e-16,4.163336342344337e-17,0.4029997636353974,0.0,-6.300000000000001,6.4,0.14142135623730964,0.14142135623731,2.0757986180404983e-08,4.727283034237983e-06,0.011962844476162731,0.0118,4.728585021045451e-06,0.011643597134873921,0.011600000000000001,0.15000000000000002,0.0,0.05693729445147409,0.0
969,1.938,1.94,-4.368569081340825,4.806439685957397,0.21893530230828606,9.175008767298221,-0.09660293225898897,0.15950284728901531,1,1,-4.368569081340825,4.806439685957397,-6.0460683580782835,6.138205074234849,0.04606835807828258,12.184273432313132,0.09213671615656585,0.0,0.09213671615656585,0.0,-0.09213671615656585,-0.09213671615656585,0.0,0.0,0.0,0.0,0.0,0.0,0.00018445782865584876,0.0,5.9815848832782645,5.821566395484436,2.931682674400804e-16,2.7755575615628914e-17,0.4029997636362818,0.0,-6.300000000000001,6.4,0.14142135623730964,0.14142135623731,2.0751540490692676e-08,4.7272653465363335e-06,0.011963117673218041,0.0118,4.7286871969576265e-06,0.011643209794686934,0.011600000000000001,0.15000000000000002,0.0,0.05786328384343414,0.0
974,1.948,1.95,-4.368852418478283,4.7964038679419,0.21377572473180884,9.165256286420183,-0.09659037190694775,0.13405047536353049,1,1,-4.368852418478283,4.7964038679419,-6.045609970256502,6.136829910769503,0.04560997025650071,12.182439881026005,0.0912199405130023,0.0,0.0912199405130023,0.0,-0.0912199405130023,-0.0912199405130023,0.0,0.0,0.0,0.0,0.0,0.0,0.0001826224425944556,0.0,5.981708838469937,5.821375038516142,1.124100812432971e-15,2.7755575615628914e-17,0.40299976363715645,0.0,-6.300000000000001,6.4,0.14142135623730964,0.14142135623731,2.0745072709637686e-08,4.727247853946091e-06,0.011963369758566253,0.0118,4.728797720627842e-06,0.011642826313554094,0.011600000000000001,0.15000000000000002,0.0,0.05878005948699768,0.0
979,1.958,1.96,-4.369130042531627,4.786079512329412,0.20847473489889223,9.155209554861038,-0.09657907969417734,0.13408621922010242,1,1,-4.369130042531627,4.786079512329412,-6.045156143469753,6.135468430409261,0.04515614346975383,12.180624573879014,0.09031228693950692,0.0,0.09031228693950692,0.0,-0.09031228693950692,-0.09031228693950692,0.0,0.0,0.0,0.0,0.0,0.0,0.00018080531892950772,0.0,5.981822473422074,5.821185588087394,8.076221982844523e-16,4.163336342344337e-17,0.40299976363801615,0.0,-6.300000000000001,6.4,0.14142135623730964,0.14142135623731,2.0738582762814146e-08,4.727230659891076e-06,0.011963601125473079,0.0118,4.728917050287329e-06,0.0116424466531241,0.011600000000000001,0.15000000000000002,0.0,0.05968771306049305,0.0
984,1.968,1.97,-4.3694015590051585,4.7765631600541365,0.20358080052448901,9.145964719059295,-0.09656916123083781,0.1340850118642692,1,1,-4.3694015590051585,4.7765631600541365,-6.044706832334983,6.1341204970049485,0.04470683233498285,12.178827329339931,0.08941366466996599,0.0,0.08941366466996599,0.0,-0.08941366466996599,-0.08941366466996599,0.0,0.0,0.0,0.0,0.0,0.0,0.00017900627594712442,0.0,5.9819259813300505,5.820998025254276,1.3453864758372625e-15,5.551115123125783e-17,0.4029997636388556,0.0,-6.300000000000001,6.4,0.14142135623730964,0.14142135623731,2.0732070611235223e-08,4.727213870808247e-06,0.011963812161467543,0.0118,4.729045655669228e-06,0.011642070775432245,0.011600000000000001,0.15000000000000002,0.0,0.06058633533003398,0.0
989,1.978,1.98,-4.369666593343148,4.767749391206006,0.19904139893142858,9.137415984549154,-0.09656069297594327,0.13405348050711932,1,1,-4.369666593343148,4.767749391206006,-6.044261991920702,6.132785975762105,0.04426199192070168,12.177047967682807,0.08852398384140368,0.0,0.08852398384140368,0.0,-0.08852398384140368,-0.08852398384140368,0.0,0.0,0.0,0.0,0.0,0.0,0.00017722513374150822,0.0,5.9820195525660145,5.82081233126392,8.320980623283125e-16,6.938893903907228e-17,0.40299976363966933,0.0,-6.300000000000001,6.4,0.14142135623730964,0.14142135623731,2.0725536245129777e-08,4.72719759551488e-06,0.011964003248417265,0.0118,4.729184017886468e-06,0.01164169864289667,0.011600000000000001,0.15000000000000002,0.0,0.06147601615859627,0.0
994,1.988,1.99,-4.369924805133147,4.759552057509222,0.19481362618803733,9.129476862642369,-0.09655372184258479,0.13399699803756382,1,1,-4.369924805133147,4.759552057509222,-6.043821577742498,6.131464733227493,0.04382157774249773,12.175286310969991,0.08764315548499577,0.0,0.08764315548499577,0.0,-0.08764315548499577,-0.08764315548499577,0.0,0.0,0.0,0.0,0.0,0.0,0.0001754617141969543,0.0,5.982103374715962,5.8206284875526775,1.905702158577771e-15,5.551115123125783e-17,0.40299976364045187,0.0,-6.300000000000001,6.4,0.14142135623730964,0.14142135623731,2.0718979679217815e-08,4.727181944597941e-06,0.011964174762602808,0.0118,4.729332629338501e-06,0.011641330218314682,0.011600000000000001,0.15000000000000002,0.0,0.0623568445150042,0.0
999,1.998,2.0,-4.370175898323992,4.751899890751999,0.19086199621400368,9.122075789075991,-0.09654826654755644,0.13391996933888983,1,1,-4.370175898323992,4.751899890751999,-6.043385545758586,6.130156637275759,0.04338554575858655,12.173542183034344,0.08677109151717255,0.0,0.08677109151717255,0.0,-0.08677109151717255,-0.08677109151717255,0.0,0.0,0.0,0.0,0.0,0.0,0.00017371584097003866,0.0,5.982177632616362,5.820446475744267,3.3889449406465655e-16,5.551115123125783e-17,0.4029997636411976,0.0,-6.300000000000001,6.4,0.14142135623730964,0.14142135623731,2.071240094905909e-08,4.727167029779035e-06,0.01196432707479111,0.0118,4.7294919936047284e-06,0.011640965464859066,0.011600000000000001,0.15000000000000002,0.0,0.06322890848282742,0.0
1004,2.008,2.0100000000000002,-4.370419627840545,4.744733284643823,0.18715682840163916,9.115152912484369,-0.09654432009483044,0.13382603768033158,1,1,-4.370419627840545,4.744733284643823,-6.042953852365405,6.128861557096216,0.04295385236540561,12.17181540946162,0.08590770473081052,0.0,0.08590770473081052,0.0,-0.08590770473081052,-0.08590770473081052,0.0,0.0,0.0,0.0,0.0,0.0,0.00017198733947198372,0.0,5.98224250839031,5.820266277647991,1.6132928326584306e-16,5.551115123125783e-17,0.40299976364190093,0.0,-6.300000000000001,6.4,0.14142135623730964,0.14142135623731,2.0705800108183454e-08,4.7271529632838085e-06,0.011964460550307966,0.0118,4.729662625329034e-06,0.01164060434607448,0.011600000000000001,0.15000000000000002,0.0,0.06409229526918944,0.0
1009,2.0180000000000002,2.02,-4.37065580313327,4.738001894983127,0.1836730459249285,9.108657698116398,-0.09654185290171063,0.13371823752811582,1,1,-4.37065580313327,4.738001894983127,-6.042526454393256,6.127579363179768,0.042526454393255975,12.170105817573024,0.08505290878651159,0.0,0.08505290878651159,0.0,-0.08505290878651159,-0.08505290878651159,0.0,0.0,0.0,0.0,0.0,0.0,0.0001702760368511992,0.0,5.982298181483247,5.82008787525692,1.3166551182663966e-15,5.551115123125783e-17,0.40299976364255624,0.0,-6.300000000000001,6.4,0.14142135623730964,0.14142135623731,2.0699177225799524e-08,4.727139857220219e-06,0.011964575549109653,0.0118,4.72984505010654e-06,0.01164024682587384,0.011600000000000001,0.15000000000000002,0.0,0.06494709121348838,0.0
1014,2.028,2.0300000000000002,-4.370884289244455,4.731662822009077,0.1803892663823108,9.102547111253532,-0.096540816198942,0.13359911034290878,1,1,-4.370884289244455,4.731662822009077,-6.042103309101984,6.126309927305954,0.0421033091019849,12.168413236407938,0.08420661820396895,0.0,0.08420661820396895,0.0,-0.08420661820396895,-0.08420661820396895,0.0,0.0,0.0,0.0,0.0,0.0,0.00016858176197599698,0.0,5.982344828698228,5.819911250746126,1.0685896612017132e-15,5.551115123125783e-17,0.402999763643158,0.0,-6.300000000000001,6.4,0.14142135623730964,0.14142135623731,2.0692532384937844e-08,4.7271278229723535e-06,0.01196467242585363,0.0118,4.730039804341501e-06,0.011639892868534776,0.011600000000000001,0.15000000000000002,0.0,0.06579338179603102,0.0
1019,2.0380000000000003,2.04,-4.37110500594925,4.725679214380804,0.1772871042157771,9.096784220330054,-0.09654114544443593,0.13347079408780618,1,1,-4.37110500594925,4.725679214380804,-6.04168437417671,6.125053122530129,0.04168437417670923,12.166737496706839,0.08336874835341912,0.0,0.08336874835341912,0.0,-0.08336874835341912,-0.08336874835341912,0.0,0.0,0.0,0.0,0.0,0.0,0.00016690434541747763,0.0,5.982382624230737,5.819736386470923,1.0904634400316082e-15,5.551115123125783e-17,0.4029997636437006,0.0,-6.300000000000001,6.4,0.14142135623730964,0.14142135623731,2.068586568092482e-08,4.7271169706297745e-06,0.011964751529968367,0.0118,4.730247435082991e-06,0.0116395424386961,0.011600000000000001,0.15000000000000002,0.0,0.06663125164658085,0.0
1024,2.048,2.05,-4.37131792547055,4.72001918341179,0.17435062897062004,9.09133710888234,-0.0965427635784516,0.13333509358651963,1,1,-4.37131792547055,4.72001918341179,-6.0412696077235895,6.123808823170768,0.04126960772358945,12.165078430894358,0.08253921544717883,0.0,0.08253921544717883,0.0,-0.08253921544717883,-0.08253921544717883,0.0,0.0,0.0,0.0,0.0,0.0,0.00016524361943258745,0.0,5.982411739703093,5.819563264965122,8.049116928532385e-16,5.551115123125783e-17,0.40299976364417867,0.0,-6.300000000000001,6.4,0.14142135623730964,0.14142135623731,2.067917722011238e-08,4.7271074084035415e-06,0.011964813205722305,0.0118,4.7304684998139555e-06,0.011639195501354307,0.011600000000000001,0.15000000000000002,0.0,0.06746078455282113,0.0
1029,2.058,2.06,-4.371523069192763,4.714654948909216,0.17156593985822655,9.086178018101979,-0.09654558401571686,0.13319353661464264,1,1,-4.371523069192763,4.714654948909216,-6.040858968265633,6.122576904796899,0.04085896826563307,12.163435873062532,0.08171793653126617,0.0,0.08171793653126617,0.0,-0.08171793653126617,-0.08171793653126617,0.0,0.0,0.0,0.0,0.0,0.0,0.000163599417947344,0.0,5.9824323441984095,5.819391868939303,1.556046957951196e-15,5.551115123125783e-17,0.402999763644587,0.0,-6.300000000000001,6.4,0.14142135623730964,0.14142135623731,2.0672467118807364e-08,4.727099242128834e-06,0.011964857792291958,0.0118,4.730703566233618e-06,0.011638852021860132,0.011600000000000001,0.15000000000000002,0.0,0.06828206346873379,0.0
1034,2.068,2.07,-4.371720503723392,4.709562160172396,0.16892082822450227,9.081282663895788,-0.0965495133194981,0.13304741914934415,1,1,-4.371720503723392,4.709562160172396,-6.040452414738552,6.121357244215658,0.04045241473855299,12.16180965895421,0.08090482947710514,0.0,0.08090482947710514,0.0,-0.08090482947710514,-0.08090482947710514,0.0,0.0,0.0,0.0,0.0,0.0,0.0001619715765402286,0.0,5.982444604294127,5.819222181279113,1.5872719805187785e-15,5.551115123125783e-17,0.40299976364492035,0.0,-6.300000000000001,6.4,0.14142135623730964,0.14142135623731,2.0665735502359365e-08,4.727092574745365e-06,0.011964885623829151,0.0118,4.730953211948829e-06,0.011638511965915107,0.011600000000000001,0.15000000000000002,0.0,0.06909517052289482,0.0
1039,2.078,2.08,-4.371910336580096,4.704719351042942,0.16640450723142308,9.076629687623038,-0.09655445353730308,0.13289784223763187,1,1,-4.371910336580096,4.704719351042942,-6.040049906486656,6.1201497194599686,0.040049906486656184,12.160199625946625,0.08009981297331274,0.0,0.08009981297331274,0.0,-0.08009981297331274,-0.08009981297331274,0.0,0.0,0.0,0.0,0.0,0.0,0.00016035993242574398,0.0,5.982448684095141,5.819054185043555,2.3540197569005272e-15,5.551115123125783e-17,0.4029997636451738,0.0,-6.300000000000001,6.4,0.14142135623730964,0.14142135623731,2.065898250437534e-08,4.7270875058843785e-06,0.011964897029527442,0.0118,4.731218024125461e-06,0.011638175299568168,0.011600000000000001,0.15000000000000002,0.0,0.06990018702668722,0.0
1044,2.088,2.09,-4.372092711718006,4.700107498668227,0.1640073934751105,9.072200210386232,-0.09656030420110137,0.13274574228855945,1,1,-4.372092711718006,4.700107498668227,-6.039651403258784,6.118954209776351,0.0396514032587838,12.158605613035135,0.07930280651756773,0.0,0.07930280651756773,0.0,-0.07930280651756773,-0.07930280651756773,0.0,0.0,0.0,0.0,0.0,0.0,0.00015876432443813563,0.0,5.982444745266513,5.818887863463324,5.906191334614785e-16,5.551115123125783e-17,0.4029997636453425,0.0,-6.300000000000001,6.4,0.14142135623730964,0.14142135623731,2.0652208266036984e-08,4.727084131433441e-06,0.011964892333687678,0.0118,4.731498599082062e-06,0.01163784198921229,0.011600000000000001,0.15000000000000002,0.0,0.07069719348243224,0.0
1049,2.098,2.1,-4.372267805058575,4.695132630793203,0.1614324128673137,9.067400435851777,-0.09656696400954456,0.11687298375966576,1,1,-4.372267805058575,4.695132630793203,-6.03925686520428,6.117770595612841,0.03925686520428062,12.15702746081712,0.07851373040856037,0.0,0.07851373040856037,0.0,-0.07851373040856037,-0.07851373040856037,0.0,0.0,0.0,0.0,0.0,0.0,0.00015718459301527517,0.0,5.982432947065757,5.818723199939124,2.2239154962022667e-15,5.551115123125783e-17,0.40299976364542195,0.0,-6.300000000000001,6.4,0.14142135623730964,0.14142135623731,2.0645412935502213e-08,4.727082543190056e-06,0.011964871855782789,0.0118,4.731795541796924e-06,0.011637512001581156,0.011600000000000001,0.15000000000000002,0.0,0.0714862695914396,0.0
1054,2.108,2.11,-4.372435820137281,4.6903846859254354,0.1589744328940772,9.062820506062717,-0.09657433221810952,0.11692793584260452,1,1,-4.372435820137281,4.6903846859254354,-6.038866252869012,6.116598758607033,0.03886625286901069,12.155465011476045,0.07773250573802218,0.0,0.07773250573802218,0.0,-0.07773250573802218,-0.07773250573802218,0.0,0.0,0.0,0.0,0.0,0.0,0.00015562058018270378,0.0,5.982413446374749,5.818560178040039,8.73162219611201e-16,5.551115123125783e-17,0.4029997636454076,0.0,-6.300000000000001,6.4,0.14142135623730964,0.14142135623731,2.0638596667376118e-08,4.7270828285419156e-06,0.01196483591052171,0.0118,4.732109465350743e-06,0.011637185303745834,0.011600000000000001,0.15000000000000002,0.0,0.07226749426197779,0.0
1059,2.118,2.12,-4.372596983951954,4.685859957236889,0.15663148664246718,9.058456941188844,-0.0965823097671803,0.11696722396567799,1,1,-4.372596983951954,4.685859957236889,-6.038479527191417,6.115438581574252,0.03847952719141734,12.15391810876567,0.07695905438283511,0.0,0.07695905438283511,0.0,-0.07695905438283511,-0.07695905438283511,0.0,0.0,0.0,0.0,0.0,0.0,0.00015407212953783494,0.0,5.982386397731218,5.818398781501873,1.074064882172765e-15,5.551115123125783e-17,0.40299976364529555,0.0,-6.300000000000001,6.4,0.14142135623730964,0.14142135623731,2.0631759622239765e-08,4.727085070191565e-06,0.01196478480791256,0.0118,4.7324409902915755e-06,0.011636861863111508,0.011600000000000001,0.15000000000000002,0.0,0.07304094561716486,0.0
1064,2.128,2.13,-4.3727515430656485,4.681542089602831,0.15439527326859137,9.054293632668479,-0.0965908001793088,0.11699279891662084,1,1,-4.3727515430656485,4.681542089602831,-6.038096649498609,6.114289948495829,0.038096649498609914,12.152386597994438,0.07619329899721909,0.0,0.07619329899721909,0.0,-0.07619329899721909,-0.07619329899721909,0.0,0.0,0.0,0.0,0.0,0.0,0.0001525390862343138,0.0,5.982351953359851,5.818238994225531,2.521041101571919e-16,5.551115123125783e-17,0.4029997636450818,0.0,-6.300000000000001,6.4,0.14142135623730964,0.14142135623731,2.0624901966227658e-08,4.727089345956567e-06,0.011964718853324995,0.0118,4.732790743877668e-06,0.011636541647414208,0.011600000000000001,0.15000000000000002,0.0,0.07380670100278088,0.0
1069,2.138,2.14,-4.3728997599963115,4.6774164645461065,0.15225835227489748,9.050316224542417,-0.0965997102562044,0.11700635974542961,1,1,-4.3728997599963115,4.6774164645461065,-6.037717581502499,6.113152744507496,0.037717581502498376,12.150870326009995,0.07543516300499742,0.0,0.07543516300499742,0.0,-0.07543516300499742,-0.07543516300499742,0.0,0.0,0.0,0.0,0.0,0.0,0.0001510212969665324,0.0,5.982310263203016,5.818080800275414,9.992007221626409e-16,5.551115123125783e-17,0.40299976364476264,0.0,-6.300000000000001,6.4,0.14142135623730964,0.14142135623731,2.0618023870646297e-08,4.7270957285785385e-06,0.01196463834755179,0.0118,4.733159359282535e-06,0.011636224624717592,0.011600000000000001,0.15000000000000002,0.0,0.07456483699500255,0.0
1074,2.148,2.15,-4.373041909909187,4.673469959766271,0.15021402492854197,9.046511869675458,-0.09660895060419616,0.11700939042762051,1,1,-4.373041909909187,4.673469959766271,-6.03734228529597,6.112026855887909,0.037342285295969724,12.149369141183879,0.07468457059193909,0.0,0.07468457059193909,0.0,-0.07468457059193909,-0.07468457059193909,0.0,0.0,0.0,0.0,0.0,0.0,0.00014951860995429913,0.0,5.982261474951087,5.817924183877807,1.025221574302293e-15,5.551115123125783e-17,0.40299976364433476,0.0,-6.300000000000001,6.4,0.14142135623730964,0.14142135623731,2.061112551162777e-08,4.727104285576606e-06,0.011964543586869686,0.0118,4.733547474702337e-06,0.011635910763409732,0.011600000000000001,0.15000000000000002,0.0,0.07531542940806088,0.0
1079,2.158,2.16,-4.3731782776157395,4.669690748960526,0.1482562356723931,9.042869026576266,-0.09661843601447881,0.1170031904440097,1,1,-4.3731782776157395,4.669690748960526,-6.036970723349089,6.110912170047266,0.03697072334908835,12.147882893396355,0.0739414466981773,0.0,0.0739414466981773,0.0,-0.0739414466981773,-0.0739414466981773,0.0,0.0,0.0,0.0,0.0,0.0,0.00014803087492766057,0.0,5.982205734072404,5.817769129419288,8.323149027628096e-16,5.551115123125783e-17,0.4029997636437951,0.0,-6.300000000000001,6.4,0.14142135623730964,0.14142135623731,2.06042070698133e-08,4.727115079194111e-06,0.011964434863099406,0.0118,4.733955732350026e-06,0.011635600032199924,0.011600000000000001,0.15000000000000002,0.0,0.07605855330182267,0.0
1084,2.168,2.17,-4.373309154874141,4.66606813412605,0.14637948962595448,9.03937728900019,-0.09662808572171902,0.11698890041883084,1,1,-4.373309154874141,4.66606813412605,-6.0366028585053515,6.1098085755160545,0.0366028585053515,12.146411434021406,0.0732057170107034,0.0,0.0732057170107034,0.0,-0.0732057170107034,-0.0732057170107034,0.0,0.0,0.0,0.0,0.0,0.0,0.00014655794311187423,0.0,5.9821431838428545,5.81761562144516,1.5033818374227126e-15,5.551115123125783e-17,0.4029997636431407,0.0,-6.300000000000001,6.4,0.14142135623730964,0.14142135623731,2.059726873006254e-08,4.7271281663009135e-06,0.011964312463665017,0.0118,4.734384777385082e-06,0.011635292400115535,0.011600000000000001,0.15000000000000002,0.0,0.07679428298929657,0.0
1089,2.178,2.18,-4.373434837980212,4.662592404236484,0.1445787831281362,9.036027242216697,-0.09663782356185702,0.11696752371839911,1,1,-4.373434837980212,4.662592404236484,-6.036238653977968,6.108715961933903,0.03623865397796777,12.144954615911871,0.07247730795593554,0.0,0.07247730795593554,0.0,-0.07247730795593554,-0.07247730795593554,0.0,0.0,0.0,0.0,0.0,0.0,0.0001450996672125311,0.0,5.98207396537508,5.817463644657873,4.977572173880951e-16,5.551115123125783e-17,0.4029997636423691,0.0,-6.300000000000001,6.4,0.14142135623730964,0.14142135623731,2.059031068118522e-08,4.727143598402271e-06,0.011964176671652463,0.0118,4.734835256796633e-06,0.01163498783649885,0.011600000000000001,0.15000000000000002,0.0,0.07752269204406442,0.0
1094,2.188,2.19,-4.373555625633682,4.659254715478612,0.14284954492246493,9.032810341112295,-0.09664757804724172,0.1169399447284078,1,1,-4.373555625633682,4.659254715478612,-6.03587807334618,6.107634220038542,0.03587807334618098,12.143512293384722,0.07175614669236124,0.0,0.07175614669236124,0.0,-0.07175614669236124,-0.07175614669236124,0.0,0.0,0.0,0.0,0.0,0.0,0.00014365590140082602,0.0,5.981998217647331,5.817313183915458,2.166669621495032e-15,5.551115123125783e-17,0.40299976364147794,0.0,-6.300000000000001,6.4,0.14142135623730964,0.14142135623731,2.0583333115692002e-08,4.72716142162552e-06,0.011964027765867418,0.0118,4.735307818168888e-06,0.011634686311003959,0.011600000000000001,0.15000000000000002,0.0,0.07824385330763872,0.0
1098,2.196,2.198,-4.373648932136708,4.656678501836268,0.1415147848497802,9.030327433972975,-0.09665534857196761,0.11691394380454384,1,1,-4.373648932136708,4.656678501836268,-6.035592193802276,6.1067765814068276,0.03559219380227585,12.142368775209103,0.07118438760455215,0.0,0.07118438760455215,0.0,-0.07118438760455215,-0.07118438760455215,0.0,0.0,0.0,0.0,0.0,0.0,0.00014251123894430545,0.0,5.981933010446203,5.817193896796816,1.2073675392798577e-15,5.551115123125783e-17,0.4029997636406776,0.0,-6.300000000000001,6.4,0.14142135623730964,0.14142135623731,2.0577737142921196e-08,4.727177429379551e-06,0.011963899383983097,0.0118,4.735702201057457e-06,0.011634447257860423,0.011600000000000001,0.15000000000000002,0.0,0.07881561239544782,0.0
1099,2.198,2.2,-4.373671817062065,5.058437066142377,0.3423826245401562,9.432108883204442,-0.09665728237476565,1.6180560929945265,1,1,-4.373671817062065,4.656046989226023,-6.035521080551626,6.10656324165488,0.03552108055162684,12.142084322206506,0.07104216110325318,0.0,0.12104216110325318,0.0,-0.07104216110325318,-0.12104216110325318,0.0,0.05,0.0,0.05,0.0,0.0,0.0001422265012989747,0.0,5.981916077531949,5.767164224229994,9.311941408934876e-16,4.163336342344337e-17,0.4029997636404652,0.0,-6.300000000000001,6.4,0.14142135623730964,0.14142135623731,2.0576336229562247e-08,4.727181676728953e-06,0.011963866020892406,0.0118,4.735803108411041e-06,0.011634387793593633,0.011600000000000001,0.2,0.0,0.07895783889674679,0.0
1100,2.2,2.202,-4.373694530071305,5.06214553195068,0.34422550093968773,9.435840062021985,-0.09665921167010927,1.0184695188683746,1,1,-4.373694530071305,5.06214553195068,-6.06040015935203,6.181200478056089,0.0604001593520298,12.24160063740812,0.12080031870406,0.0,0.12080031870406,0.0,-0.12080031870406,-0.12080031870406,0.0,0.0,0.0,0.0,0.0,0.0,0.00024184239919318549,0.0,5.981998794864697,5.767234611589079,1.0086332810632648e-15,4.163336342344337e-17,0.40299976364024787,0.0,-6.300000000000001,6.4,0.14142135623730964,0.14142135623731,2.009740530189253e-08,4.7271860227902705e-06,0.011963832155063898,0.0118,4.735904950730063e-06,0.011534328448459986,0.011600000000000001,0.2,0.0,0.07919968129593997,0.0
1104,2.208,2.21,-4.373783710383125,5.065382805768397,0.3457995476926361,9.439166516151523,-0.09666687438037794,0.5295214097874469,1,1,-4.373783710383125,5.065382805768397,-6.059918885738457,6.179756657215374,0.05991888573845827,12.239675542953831,0.11983777147691582,0.0,0.11983777147691582,0.0,-0.11983777147691582,-0.11983777147691582,0.0,0.0,0.0,0.0,0.0,0.0,0.00023991537836040458,0.0,5.982323200487475,5.7675147571387715,1.0946105133413653e-15,4.163336342344337e-17,0.40299976363932904,0.0,-6.300000000000001,6.4,0.14142135623730964,0.14142135623731,2.0092363513435227e-08,4.727204399179539e-06,0.011964486128250658,0.0118,4.736321772456087e-06,0.011534889861541806,0.011600000000000001,0.2,0.0,0.08016222852308415,0.0
1109,2.218,2.22,-4.37389160118641,5.056544496341219,0.3413264475774045,9.430436097527629,-0.09667629645133777,0.386292301991627,1,1,-4.37389160118641,5.056544496341219,-6.059322682863796,6.177968048591387,0.059322682863795606,12.237290731455182,0.1186453657275913,0.0,0.1186453657275913,0.0,-0.1186453657275913,-0.1186453657275913,0.0,0.0,0.0,0.0,0.0,0.0,0.0002375281804595873,0.0,5.982714332675915,5.767861801397497,3.7990444123892075e-16,4.163336342344337e-17,0.40299976363806805,0.0,-6.300000000000001,6.4,0.14142135623730964,0.14142135623731,2.0086126499224648e-08,4.727229619170685e-06,0.01196527474419231,0.0118,4.736864451886369e-06,0.01153558533991818,0.011600000000000001,0.2,0.0,0.08135463427240867,0.0
1114,2.228,2.23,-4.373995781314449,5.041197212307765,0.3336007154966576,9.415192993622213,-0.0966854954057629,0.3191437051013905,1,1,-4.373995781314449,5.041197212307765,-6.058732412306855,6.176197236920566,0.05873241230685533,12.234929649227421,0.11746482461371101,0.0,0.11746482461371101,0.0,-0.11746482461371101,-0.11746482461371101,0.0,0.0,0.0,0.0,0.0,0.0,0.00023516473557475679,0.0,5.9830897521435675,5.768205391874768,1.1587139667895707e-15,4.163336342344337e-17,0.40299976363668094,0.0,-6.300000000000001,6.4,0.14142135623730964,0.14142135623731,2.007989737388228e-08,4.727257361686628e-06,0.011966031824109278,0.0118,4.737431783534696e-06,0.011536273896839441,0.011600000000000001,0.2,0.0,0.08253517538628896,0.0
1119,2.238,2.24,-4.374096537824652,5.023562756206146,0.3247331091907468,9.397659294030799,-0.0966944223476679,0.28099836060063416,1,1,-4.374096537824652,5.023562756206146,-6.058148015040089,6.17444404512027,0.05814801504009015,12.232592060160359,0.11629603008017977,0.0,0.11629603008017977,0.0,-0.11629603008017977,-0.11629603008017977,0.0,0.0,0.0,0.0,0.0,0.0,0.00023282480735945503,0.0,5.983449732985908,5.7685455630952,2.220446049250313e-15,4.163336342344337e-17,0.40299976363516665,0.0,-6.300000000000001,6.4,0.14142135623730964,0.14142135623731,2.0073659335107994e-08,4.727287646560172e-06,0.01196675791776465,0.0118,4.738024398125429e-06,0.01153695560149191,0.011600000000000001,0.2,0.0,0.0837039699198202,0.0
1124,2.248,2.25,-4.374194152066007,5.005756419821526,0.3157811338777594,9.379950571887534,-0.09670303255772894,0.2569431676919574,1,1,-4.374194152066007,5.005756419821526,-6.057569432623286,6.172708297869855,0.05756943262328473,12.23027773049314,0.11513886524657023,0.0,0.11513886524657023,0.0,-0.11513886524657023,-0.11513886524657023,0.0,0.0,0.0,0.0,0.0,0.0,0.00023050816181891055,0.0,5.983794545398554,5.768882349242711,9.965173217857393e-16,4.163336342344337e-17,0.4029997636335246,0.0,-6.300000000000001,6.4,0.14142135623730964,0.14142135623731,2.0067406240758932e-08,4.7273204885015445e-06,0.011967453567101511,0.0118,4.7386429188644995e-06,0.011537630522379156,0.011600000000000001,0.2,0.0,0.08486113475342974,0.0
1129,2.258,2.2600000000000002,-4.37428889781927,4.985913346843882,0.3058122245123056,9.360202244663153,-0.0967112864423067,0.19281933620261968,1,1,-4.37428889781927,4.985913346843882,-6.056996607197717,6.170989821593152,0.05699660719771771,12.227986428790869,0.11399321439543472,0.0,0.11399321439543472,0.0,-0.11399321439543472,-0.11399321439543472,0.0,0.0,0.0,0.0,0.0,0.0,0.00022821456728663872,0.0,5.98412445572771,5.769215784163835,1.0911410663894117e-15,4.163336342344337e-17,0.4029997636317541,0.0,-6.300000000000001,6.4,0.14142135623730964,0.14142135623731,2.006113515477481e-08,4.727355897151699e-06,0.011968119306344012,0.0118,4.739287960047189e-06,0.011538298727328679,0.011600000000000001,0.2,0.0,0.08600678560456525,0.0
1134,2.2680000000000002,2.27,-4.37438103363034,4.966580089745876,0.29609952805776807,9.340961123376216,-0.0967191554273128,0.18646138249359248,1,1,-4.37438103363034,4.966580089745876,-6.056429481480367,6.1692884444411,0.056429481480366306,12.225717925921467,0.11285896296073342,0.0,0.11285896296073342,0.0,-0.11285896296073342,-0.11285896296073342,0.0,0.0,0.0,0.0,0.0,0.0,0.00022594379440127497,0.0,5.984439726519987,5.7695459013710355,7.598359875321536e-16,4.163336342344337e-17,0.4029997636298551,0.0,-6.300000000000001,6.4,0.14142135623730964,0.14142135623731,2.0054844461613157e-08,4.727393877088968e-06,0.011968755662097303,0.0118,4.739960125750287e-06,0.011538960283498503,0.011600000000000001,0.2,0.0,0.08714103703926655,0.0
1139,2.278,2.2800000000000002,-4.374470783485774,4.949172850517583,0.28735103351590485,9.323643634003357,-0.09672663512583571,0.18177909617804536,1,1,-4.374470783485774,4.949172850517583,-6.055867998758188,6.167603996274567,0.05586799875818915,12.223471995032755,0.11173599751637764,0.0,0.11173599751637764,0.0,-0.11173599751637764,-0.11173599751637764,0.0,0.0,0.0,0.0,0.0,0.0,0.00022369561608363852,0.0,5.984740616571638,5.769872734045965,6.486781597980773e-16,4.163336342344337e-17,0.4029997636278276,0.0,-6.300000000000001,6.4,0.14142135623730964,0.14142135623731,2.0048533198341526e-08,4.727434427849052e-06,0.01196936315344621,0.0118,4.740660008486497e-06,0.011539615257383746,0.011600000000000001,0.2,0.0,0.08826400248362233,0.0
1144,2.2880000000000003,2.29,-4.374558308605591,4.933467368213068,0.2794545298037385,9.308025676818659,-0.09673376000861794,0.17820069353448847,1,1,-4.374558308605591,4.933467368213068,-6.055312102882444,6.165936308647331,0.0553121028824437,12.221248411529775,0.11062420576488713,0.0,0.11062420576488713,0.0,-0.11062420576488713,-0.11062420576488713,0.0,0.0,0.0,0.0,0.0,0.0,0.00022146980751402404,0.0,5.985027380977169,5.770196315042707,1.7728873924482969e-15,4.163336342344337e-17,0.40299976362567175,0.0,-6.300000000000001,6.4,0.14142135623730964,0.14142135623731,2.0042200764983072e-08,4.727477543887268e-06,0.011969942292052728,0.0118,4.741388187987638e-06,0.011540263714823081,0.011600000000000001,0.2,0.0,0.08937579423511284,0.0
1149,2.298,2.3000000000000003,-4.374643681141678,4.919239383741233,0.27229785129977735,9.29388306488291,-0.09674061106844378,0.17538296554769892,1,1,-4.374643681141678,4.919239383741233,-6.05476173826308,6.16428521478924,0.05476173826308006,12.21904695305232,0.10952347652616026,0.0,0.10952347652616026,0.0,-0.10952347652616026,-0.10952347652616026,0.0,0.0,0.0,0.0,0.0,0.0,0.00021926614610971973,0.0,5.9853002711773815,5.770516676890957,1.220215335023811e-15,4.163336342344337e-17,0.40299976362338824,0.0,-6.300000000000001,6.4,0.14142135623730964,0.14142135623731,2.003584678128184e-08,4.7275232145607915e-06,0.011970493582252315,0.0118,4.742145230023364e-06,0.011540905721005155,0.011600000000000001,0.2,0.0,0.0904765234738397,0.0
1154,2.308,2.31,-4.374726869383192,4.906287751274613,0.2657804409457105,9.281014620657805,-0.09674731300950257,0.1731089432718047,1,1,-4.374726869383192,4.906287751274613,-6.054216849863177,6.162650549589534,0.05421684986317832,12.216867399452711,0.10843369972635587,0.0,0.10843369972635587,0.0,-0.10843369972635587,-0.10843369972635587,0.0,0.0,0.0,0.0,0.0,0.0,0.00021708441150274882,0.0,5.985559535006804,5.770833851799193,1.3739009929736312e-15,4.163336342344337e-17,0.4029997636209777,0.0,-6.300000000000001,6.4,0.14142135623730964,0.14142135623731,2.0029471009133548e-08,4.727571424079802e-06,0.011971017521148992,0.0118,4.742931685304264e-06,0.01154154134047491,0.011600000000000001,0.2,0.0,0.0915663002736441,0.0
1159,2.318,2.32,-4.374807737806192,4.8932949462685205,0.2592436042311643,9.268102684074712,-0.09675402304886227,0.1420031436466404,1,1,-4.374807737806192,4.8932949462685205,-6.053677383193443,6.161032149580328,0.05367738319344273,12.214709532773771,0.10735476638688585,0.0,0.10735476638688585,0.0,-0.10735476638688585,-0.10735476638688585,0.0,0.0,0.0,0.0,0.0,0.0,0.00021492438551783246,0.0,5.985805416740542,5.771147871657784,6.492744709929443e-16,4.163336342344337e-17,0.40299976361844136,0.0,-6.300000000000001,6.4,0.14142135623730964,0.14142135623731,2.0023073307655456e-08,4.7276221514142294e-06,0.011971514598709309,0.0118,4.743748088475997e-06,0.011542170637139816,0.011600000000000001,0.2,0.0,0.09264523361311412,0.0
1164,2.328,2.33,-4.374886059918325,4.880350980227755,0.2527324601547152,9.25523704014608,-0.0967609156761573,0.14205142971713103,1,1,-4.374886059918325,4.880350980227755,-6.053143284306758,6.159429852920276,0.053143284306758964,12.212573137227034,0.10628656861351712,0.0,0.10628656861351712,0.0,-0.10628656861351712,-0.10628656861351712,0.0,0.0,0.0,0.0,0.0,0.0,0.00021278585215057214,0.0,5.98603815714057,5.771458768042086,1.942890293094024e-16,4.163336342344337e-17,0.4029997636157804,0.0,-6.300000000000001,6.4,0.14142135623730964,0.14142135623731,2.0016653605735606e-08,4.727675370229355e-06,0.011971985297855115,0.0118,4.7445949572000324e-06,0.011542793674276117,0.011600000000000001,0.2,0.0,0.09371343138648285,0.0
1169,2.338,2.34,-4.37496153936562,4.868593216563347,0.2468158385988639,9.243554755928967,-0.09676816730461182,0.14206647666350006,1,1,-4.37496153936562,4.868593216563347,-6.052614499792791,6.157843499378374,0.052614499792791314,12.210457999171165,0.10522899958558218,0.0,0.10522899958558218,0.0,-0.10522899958558218,-0.10522899958558218,0.0,0.0,0.0,0.0,0.0,0.0,0.00021066859754584902,0.0,5.986257993501431,5.7717665722154825,1.3426759704060487e-15,4.163336342344337e-17,0.40299976361299644,0.0,-6.300000000000001,6.4,0.14142135623730964,0.14142135623731,2.001021188448568e-08,4.727731048772577e-06,0.011972430094555207,0.0118,4.745472791369831e-06,0.011543410514534874,0.011600000000000001,0.2,0.0,0.09477100041441779,0.0
1174,2.348,2.35,-4.375033834604266,4.857833712666323,0.2413999390310284,9.232867547270589,-0.09677594330446779,0.1420566733527663,1,1,-4.375033834604266,4.857833712666323,-6.052090976772648,6.156272930317945,0.05209097677264829,12.208363907090593,0.10418195354529691,0.0,0.10418195354529691,0.0,-0.10418195354529691,-0.10418195354529691,0.0,0.0,0.0,0.0,0.0,0.0,0.0002085724099764382,0.0,5.986465159695394,5.772071315132408,5.290906601729262e-16,4.163336342344337e-17,0.40299976361009143,0.0,-6.300000000000001,6.4,0.14142135623730964,0.14142135623731,2.0003748165561977e-08,4.727789149751278e-06,0.011972849457915862,0.0118,4.746382072398081e-06,0.011544021219948065,0.011600000000000001,0.2,0.0,0.09581804645470306,0.0
1179,2.358,2.36,-4.375102583435717,4.847925364608095,0.2364113905861891,9.22302794804381,-0.0967843885003869,0.14202809682047873,1,1,-4.375102583435717,4.847925364608095,-6.051572662893592,6.154717988680777,0.051572662893592636,12.206290651574369,0.10314532578718477,0.0,0.10314532578718477,0.0,-0.10314532578718477,-0.10314532578718477,0.0,0.0,0.0,0.0,0.0,0.0,0.000206497079821836,0.0,5.986659886217034,5.772373027441332,1.2663481374630692e-15,4.163336342344337e-17,0.40299976360706735,0.0,-6.300000000000001,6.4,0.14142135623730964,0.14142135623731,1.999726250309526e-08,4.727849630235132e-06,0.011973243850270229,0.0118,4.7473232626416005e-06,0.01154462585193453,0.011600000000000001,0.2,0.0,0.0968546742128152,0.0
1184,2.368,2.37,-4.375167424996931,4.838751015737239,0.23179179537015404,9.21391844073417,-0.09679362122766572,0.14198523493718446,1,1,-4.375167424996931,4.838751015737239,-6.051059506323803,6.1531785189714086,0.05105950632380285,12.204238025295211,0.10211901264760606,0.0,0.10211901264760606,0.0,-0.10211901264760606,-0.10211901264760606,0.0,0.0,0.0,0.0,0.0,0.0,0.00020444239954729745,0.0,5.986842400227286,5.7726717394876985,9.71445146547012e-16,4.163336342344337e-17,0.4029997636039268,0.0,-6.300000000000001,6.4,0.14142135623730964,0.14142135623731,1.9990754977913452e-08,4.727912441502891e-06,0.011973613727266637,0.0118,4.748296804928387e-06,0.01154522447130591,0.011600000000000001,0.2,0.0,0.09788098735239391,0.0
1189,2.378,2.38,-4.375228017944972,4.83021593816731,0.22749396011116918,9.205443956112282,-0.09680373049609309,0.14193145728469247,1,1,-4.375228017944972,4.83021593816731,-6.050551455747196,6.151654367241588,0.050551455747195995,12.202205822988784,0.10110291149439159,0.0,0.10110291149439159,0.0,-0.10110291149439159,-0.10110291149439159,0.0,0.0,0.0,0.0,0.0,0.0,0.00020240816368308285,0.0,5.987012925596937,5.772967481316863,1.3426759704060487e-15,4.163336342344337e-17,0.4029997636006724,0.0,-6.300000000000001,6.4,0.14142135623730964,0.14142135623731,1.9984225693264764e-08,4.727977528958009e-06,0.01197395953795581,0.0118,4.74930312219568e-06,0.011545817138272477,0.011600000000000001,0.2,0.0,0.09889708850560838,0.0
1194,2.388,2.39,-4.375284054423641,4.822242513833078,0.22347922970471812,9.19752656825672,-0.09681477559051604,0.14186933021591186,1,1,-4.375284054423641,4.822242513833078,-6.05004846035829,6.150145381074869,0.05004846035828958,12.200193841433158,0.10009692071657926,0.0,0.10009692071657926,0.0,-0.10009692071657926,-0.10009692071657926,0.0,0.0,0.0,0.0,0.0,0.0,0.0002003941688039106,0.0,5.987171682949588,5.773260282676966,3.929961824716832e-16,4.163336342344337e-17,0.4029997635973072,0.0,-6.300000000000001,6.4,0.14142135623730964,0.14142135623731,1.9977674771550305e-08,4.728044831979872e-06,0.011974281724877007,0.0118,4.750342617247938e-06,0.011546403912448945,0.011600000000000001,0.2,0.0,0.09990307928342071,0.0
1199,2.398,2.4,-4.375335269948623,4.81476639013762,0.21971556009449822,9.190101660086242,-0.0968267874165811,0.14180083263818963,1,1,-4.375335269948623,4.81476639013762,-6.0495504698571265,6.14865140957138,0.04955046985712652,12.198201879428506,0.09910093971425296,0.0,0.09910093971425296,0.0,-0.09910093971425296,-0.09910093971425296,0.0,0.0,0.0,0.0,0.0,0.0,0.00019840021350861443,0.0,5.987318889704092,5.773550173021802,1.0148132334464322e-15,4.163336342344337e-17,0.40299976359383466,0.0,-6.300000000000001,6.4,0.14142135623730964,0.14142135623731,1.9971102351754287e-08,4.728114283837202e-06,0.01197458072414309,0.0118,4.751415672612502e-06,0.011546984852860182,0.011600000000000001,0.2,0.0,0.10089906028574701,0.0
1204,2.408,2.41,-4.375381449655589,4.807733648383204,0.21617609936380733,9.183115098038794,-0.09683977098101815,0.14172750689417105,1,1,-4.375381449655589,4.807733648383204,-6.049057434444242,6.147172303332724,0.04905743444424093,12.196229737776966,0.09811486888848246,0.0,0.09811486888848246,0.0,-0.09811486888848246,-0.09811486888848246,0.0,0.0,0.0,0.0,0.0,0.0,0.00019642609840000316,0.0,5.9874547601164565,5.773837181513645,1.294103713078698e-15,4.163336342344337e-17,0.40299976359025824,0.0,-6.300000000000001,6.4,0.14142135623730964,0.14142135623731,1.9964508587368766e-08,4.728185811597016e-06,0.011974856965524555,0.0118,4.752522650517399e-06,0.011547560017946898,0.011600000000000001,0.2,0.0,0.10188513111151751,0.0
1209,2.418,2.42,-4.375422431493171,4.8010986828433175,0.2128381256750731,9.176521114336488,-0.09685370851524239,0.14165056622906652,1,1,-4.375422431493171,4.8010986828433175,-6.048569304815682,6.145707914447045,0.04856930481568167,12.194277219262727,0.09713860963136349,0.0,0.09713860963136349,0.0,-0.09713860963136349,-0.09713860963136349,0.0,0.0,0.0,0.0,0.0,0.0,0.00019447162606492087,0.0,5.987579505321239,5.774121337026053,7.950996631922447e-16,4.163336342344337e-17,0.402999763586582,0.0,-6.300000000000001,6.4,0.14142135623730964,0.14142135623731,1.9957893644678223e-08,4.728259336033592e-06,0.01197511087253253,0.0118,4.753663892951287e-06,0.011548129465571252,0.011600000000000001,0.2,0.0,0.10286139036863648,0.0
1214,2.428,2.43,-4.375458106970404,4.7940360871144465,0.20928899007202117,9.169494194084852,-0.096868562873485,0.12290106483879029,1,1,-4.375458106970404,4.7940360871144465,-6.0480860321580785,6.1442580964742355,0.048086032158078496,12.192344128632314,0.09617206431615676,0.0,0.09617206431615676,0.0,-0.09617206431615676,-0.09617206431615676,0.0,0.0,0.0,0.0,0.0,0.0,0.00019253660105450528,0.0,5.9876933333724285,5.774402668146646,7.546047120499111e-16,4.163336342344337e-17,0.4029997635828102,0.0,-6.300000000000001,6.4,0.14142135623730964,0.14142135623731,1.9951257701312235e-08,4.728334771608481e-06,0.011975342862500722,0.0118,4.754839721836657e-06,0.011548693253022407,0.011600000000000001,0.2,0.0,0.10382793568384321,0.0
1219,2.438,2.44,-4.375488420032247,4.78721786341407,0.20586472169091152,9.162706283446317,-0.09688428094506138,0.12318026681529634,1,1,-4.375488420032247,4.78721786341407,-6.047607568143762,6.142822704431287,0.047607568143762435,12.19043027257505,0.0952151362875253,0.0,0.0952151362875253,0.0,-0.0952151362875253,-0.0952151362875253,0.0,0.0,0.0,0.0,0.0,0.0,0.00019062082986464284,0.0,5.98779644928381,5.774681203179849,1.231653667943533e-15,4.163336342344337e-17,0.40299976357894746,0.0,-6.300000000000001,6.4,0.14142135623730964,0.14142135623731,1.9944600945002944e-08,4.728412026428321e-06,0.011975553346666373,0.0118,4.756050439240767e-06,0.011549251437022068,0.011600000000000001,0.2,0.0,0.10478486371247467,0.0
1224,2.448,2.45,-4.375513364568588,4.780772582228843,0.20262960883012715,9.156285946797432,-0.09690079690857084,0.12342425279326982,1,1,-4.375513364568588,4.780772582228843,-6.047133864925935,6.141401594777803,0.04713386492593408,12.188535459703738,0.0942677298518688,0.0,0.0942677298518688,0.0,-0.0942677298518688,-0.0942677298518688,0.0,0.0,0.0,0.0,0.0,0.0,0.0001887241209166181,0.0,5.987889055068852,5.77495697014962,1.4693107841523556e-15,4.163336342344337e-17,0.4029997635749986,0.0,-6.300000000000001,6.4,0.14142135623730964,0.14142135623731,1.993792357250233e-08,4.728491002262603e-06,0.011975742730250214,0.0118,4.757296327753124e-06,0.011549804073729889,0.011600000000000001,0.2,0.0,0.10573227014813116,0.0
1229,2.458,2.46,-4.375532980982056,4.774664156001232,0.19956558750958786,9.150197136983287,-0.09691803522346096,0.12363784484193813,1,1,-4.375532980982056,4.774664156001232,-6.046664875133877,6.1399946254016315,0.04666487513387718,12.186659500535509,0.09332975026775421,0.0,0.09332975026775421,0.0,-0.09332975026775421,-0.09332975026775421,0.0,0.0,0.0,0.0,0.0,0.0,0.00018684628453795568,0.0,5.987971349780084,5.775229996802139,8.430756093247282e-16,4.163336342344337e-17,0.402999763570969,0.0,-6.300000000000001,6.4,0.14142135623730964,0.14142135623731,1.9931225788627012e-08,4.728571594570311e-06,0.011975911412535427,0.0118,4.758577650829654e-06,0.011550351218748927,0.011600000000000001,0.2,0.0,0.10667024973224576,0.0
1234,2.468,2.47,-4.375547352159931,4.768861583342449,0.1966571155912593,9.14440893550238,-0.09693591330392645,0.12382508249525734,1,1,-4.375547352159931,4.768861583342449,-6.04620055186822,6.1386016556046625,0.04620055186822114,12.184802207472883,0.0924011037364414,0.0,0.0924011037364414,0.0,-0.0924011037364414,-0.0924011037364414,0.0,0.0,0.0,0.0,0.0,0.0,0.00018498713294345272,0.0,5.988043529547994,5.7755003106084954,1.6031826474000033e-15,4.163336342344337e-17,0.40299976356686407,0.0,-6.300000000000001,6.4,0.14142135623730964,0.14142135623731,1.992450780540678e-08,4.728653692593185e-06,0.011976059786945626,0.0118,4.759894653270092e-06,0.01155089292713096,0.011600000000000001,0.2,0.0,0.10759889626355856,0.0
1239,2.478,2.48,-4.375556599121986,4.76333803490205,0.19389071789003198,9.138894634024037,-0.09695434385479318,0.12398937112094777,1,1,-4.375556599121986,4.76333803490205,-6.045740848696252,6.137222546088755,0.04574084869625139,12.182963394785007,0.09148169739250345,0.0,0.09148169739250345,0.0,-0.09148169739250345,-0.09148169739250345,0.0,0.0,0.0,0.0,0.0,0.0,0.00018314648021640063,0.0,5.988105787619446,5.77576793876732,9.517126670077758e-16,4.163336342344337e-17,0.40299976356268974,0.0,-6.300000000000001,6.4,0.14142135623730964,0.14142135623731,1.9917769841318935e-08,4.728737179453419e-06,0.011976188241121882,0.0118,4.761247561735349e-06,0.01155142925338182,0.011600000000000001,0.2,0.0,0.10851830260749652,0.0
1244,2.488,2.49,-4.375560876552127,4.758070134683312,0.19125462906559232,9.133631011235439,-0.09697323687222897,0.1241335982358828,1,1,-4.375560876552127,4.758070134683312,-6.0452857196472705,6.13585715894181,0.04528571964726957,12.18114287858908,0.09057143929453973,0.0,0.09057143929453973,0.0,-0.09057143929453973,-0.09057143929453973,0.0,0.0,0.0,0.0,0.0,0.0,0.0001813241422899927,0.0,5.988158314395612,5.7760329082074255,4.0766001685454967e-16,4.163336342344337e-17,0.4029997635584521,0.0,-6.300000000000001,6.4,0.14142135623730964,0.14142135623731,1.991101212059494e-08,4.728821932291331e-06,0.011976297156998801,0.0118,4.762636585282642e-06,0.01155196025146664,0.011600000000000001,0.2,0.0,0.10942856070546024,0.0
1249,2.498,2.5,-4.375560368367992,4.753037389025527,0.18873851032876754,9.12859775739352,-0.0969925013267399,0.12426022549269791,1,1,-4.375560368367992,4.753037389025527,-6.044835119207991,6.134505357623973,0.04483511920799099,12.179340476831964,0.08967023841598193,0.0,0.08967023841598193,0.0,-0.08967023841598193,-0.08967023841598193,0.0,0.0,0.0,0.0,0.0,0.0,0.00017951993692891778,0.0,5.988201297469458,5.7762952455903935,1.2280486957200187e-15,4.163336342344337e-17,0.4029997635541575,0.0,-6.300000000000001,6.4,0.14142135623730964,0.14142135623731,1.990423487258861e-08,4.728907822471861e-06,0.01197638691087964,0.0118,4.76406191595169e-06,0.011552485974815055,0.011600000000000001,0.2,0.0,0.11032976158401804,0.0
1254,2.508,2.5100000000000002,-4.375555283438892,4.748221728490901,0.1863332225260046,9.123777011929793,-0.09701204655433782,0.12437136201967819,1,1,-4.375555283438892,4.748221728490901,-6.044389002317995,6.133167006953986,0.04438900231799536,12.177556009271981,0.08877800463599116,0.0,0.08877800463599116,0.0,-0.08877800463599116,-0.08877800463599116,0.0,0.0,0.0,0.0,0.0,0.0,0.00017773368371113617,0.0,5.9882349216627375,5.776554977313165,8.599349531068778e-16,4.163336342344337e-17,0.4029997635498128,0.0,-6.300000000000001,6.4,0.14142135623730964,0.14142135623731,1.989743833119759e-08,4.728994715791073e-06,0.011976457873510517,0.0118,4.765523729401977e-06,0.0115530064763264,0.011600000000000001,0.2,0.0,0.11122199536400881,0.0
1259,2.5180000000000002,2.52,-4.375545851527526,4.743607137029179,0.1840306427508267,9.119152988556705,-0.097031783385879,0.12446882333837117,1,1,-4.375545851527526,4.743607137029179,-6.043947324365223,6.131841973095669,0.04394732436522286,12.175789297460891,0.0878946487304459,0.0,0.0878946487304459,0.0,-0.0878946487304459,-0.0878946487304459,0.0,0.0,0.0,0.0,0.0,0.0,0.00017596520400983755,0.0,5.988259369062551,5.776812129510587,3.1685808490888867e-16,4.163336342344337e-17,0.402999763545425,0.0,-6.300000000000001,6.4,0.14142135623730964,0.14142135623731,1.9890622734331238e-08,4.729082472731512e-06,0.01197651041015369,0.0118,4.767022185525605e-06,0.011553521808374798,0.011600000000000001,0.2,0.0,0.11210535126955407,0.0
1264,2.528,2.5300000000000002,-4.3755323195037,4.739179349297129,0.18182351489671467,9.11471166880083,-0.09705162504577813,0.1245541790312639,1,1,-4.3755323195037,4.739179349297129,-6.043510041181509,6.1305301235445295,0.04351004118151014,12.174040164726039,0.08702008236301952,0.0,0.08702008236301952,0.0,-0.08702008236301952,-0.08702008236301952,0.0,0.0,0.0,0.0,0.0,0.0,0.00017421432097557813,0.0,5.988274819057443,5.777066728057955,1.5211085429428506e-15,4.163336342344337e-17,0.40299976354100114,0.0,-6.300000000000001,6.4,0.14142135623730964,0.14142135623731,1.9883788323419516e-08,4.7291709487530754e-06,0.011976544880659936,0.0118,4.7685574290801115e-06,0.011554032022814254,0.011600000000000001,0.2,0.0,0.11297991763698045,0.0
1269,2.5380000000000003,2.54,-4.375514947857392,4.7349256017020735,0.17970532692234098,9.110440549559465,-0.0970714878506318,0.12462879156408507,1,1,-4.375514947857392,4.7349256017020735,-6.043077109038173,6.12923132711452,0.04307710903817341,12.172308436152694,0.08615421807634638,0.0,0.08615421807634638,0.0,-0.08615421807634638,-0.08615421807634638,0.0,0.0,0.0,0.0,0.0,0.0,0.00017248085951859535,0.0,5.988281448373054,5.777318798573519,1.1109548610915843e-15,4.163336342344337e-17,0.4029997635365488,0.0,-6.300000000000001,6.4,0.14142135623730964,0.14142135623731,1.9876935342958173e-08,4.72925999462164e-06,0.01197656163954003,0.0118,4.770129590372374e-06,0.011554537170983696,0.011600000000000001,0.2,0.0,0.11384578192365359,0.0
1274,2.548,2.5500000000000003,-4.375494007522896,4.730834426165383,0.17767020932124344,9.10632843368828,-0.09709129173647774,0.1246938481013729,1,1,-4.375494007522896,4.730834426165383,-6.042648484641639,6.127945453924914,0.04264848464163773,12.170593938566553,0.08529696928327629,0.0,0.08529696928327629,0.0,-0.08529696928327629,-0.08529696928327629,0.0,0.0,0.0,0.0,0.0,0.0,0.00017076464629129891,0.0,5.988279431107326,5.777568366420973,6.074784772436281e-16,4.163336342344337e-17,0.4029997635320757,0.0,-6.300000000000001,6.4,0.14142135623730964,0.14142135623731,1.9870064040086565e-08,4.729349456759898e-06,0.011976561036035355,0.0118,4.7717387858536855e-06,0.011555037303711928,0.011600000000000001,0.2,0.0,0.11470303071672368,0.0
1279,2.5580000000000003,2.56,-4.375469777014343,4.726895478133055,0.1757128505593557,9.102365255147397,-0.09711096064097188,0.12475038673279204,1,1,-4.375469777014343,4.726895478133055,-6.042224125129108,6.126672375387324,0.042224125129108,12.168896500516432,0.08444825025821558,0.0,0.08444825025821558,0.0,-0.08444825025821558,-0.08444825025821558,0.0,0.0,0.0,0.0,0.0,0.0,0.00016906550967093597,0.0,5.988268938765287,5.777815456711932,1.3808398868775384e-15,4.163336342344337e-17,0.40299976352758965,0.0,-6.300000000000001,6.4,0.14142135623730964,0.14142135623731,1.986317466419471e-08,4.7294391776115045e-06,0.011976543414187605,0.0118,4.7733851187836684e-06,0.011555532471322618,0.011600000000000001,0.2,0.0,0.1155517497417844,0.0
1284,2.568,2.57,-4.3754425398647765,4.72309939225019,0.17382842619270678,9.098541932114966,-0.09713042276405584,0.12479931821145748,1,1,-4.3754425398647765,4.72309939225019,-6.041803988064277,6.125411964192832,0.04180398806427732,12.16721595225711,0.08360797612855446,0.0,0.08360797612855446,0.0,-0.08360797612855446,-0.08360797612855446,0.0,0.0,0.0,0.0,0.0,0.0,0.00016738327974242847,0.0,5.988250140293397,5.778060094308364,9.228728892196614e-16,4.163336342344337e-17,0.4029997635230987,0.0,-6.300000000000001,6.4,0.14142135623730964,0.14142135623731,1.9856267466556936e-08,4.729528996049642e-06,0.011976509112907667,0.0118,4.775068679849781e-06,0.011556022723639179,0.011600000000000001,0.2,0.0,0.11639202387144551,0.0
1289,2.578,2.58,-4.375412582355387,4.719437660540939,0.17201253909277625,9.094850242896326,-0.09714961072792017,0.12484144406610193,1,1,-4.375412582355387,4.719437660540939,-6.04138803143309,6.124164094299269,0.041388031433089445,12.16555212573236,0.08277606286617975,0.0,0.08277606286617975,0.0,-0.08277606286617975,-0.08277606286617975,0.0,0.0,0.0,0.0,0.0,0.0,0.0001657177882813818,0.0,5.988223202113453,5.778302303825027,6.938893903907228e-16,4.163336342344337e-17,0.40299976351861105,0.0,-6.300000000000001,6.4,0.14142135623730964,0.14142135623731,1.984934269998961e-08,4.7296187477744786e-06,0.01197645846604362,0.0118,4.776789547722427e-06,0.011556508109989625,0.011600000000000001,0.2,0.0,0.11722393713382022,0.0
1294,2.588,2.59,-4.375380191517939,4.715902529019784,0.17026116875092256,9.091282720537723,-0.09716846165440579,0.1248774717661863,1,1,-4.375380191517939,4.715902529019784,-6.040976213639536,6.122928640918608,0.04097621363953596,12.163904854558144,0.08195242727907194,0.0,0.08195242727907194,0.0,-0.08195242727907194,-0.08195242727907194,0.0,0.0,0.0,0.0,0.0,0.0,0.00016406886873726188,0.0,5.988188288156107,5.778542109631879,1.5352302762394743e-15,4.163336342344337e-17,0.40299976351413513,0.0,-6.300000000000001,6.4,0.14142135623730964,0.14142135623731,1.9842400618531015e-08,4.729708265739496e-06,0.011976391802447908,0.0118,4.778547789656695e-06,0.011556988679211401,0.011600000000000001,0.2,0.0,0.11804757272092803,0.0
1298,2.596,2.598,-4.375352719142928,4.713160792288342,0.16890403657270703,9.08851351143127,-0.09718326035468655,0.12490232648679656,1,1,-4.375352719142928,4.713160792288342,-6.040649711679601,6.121949135038804,0.04064971167960163,12.162598846718405,0.08129942335920269,0.0,0.08129942335920269,0.0,-0.08129942335920269,-0.08129942335920269,0.0,0.0,0.0,0.0,0.0,0.0,0.00016276155401857622,0.0,5.988154723021836,5.778732239828071,1.1401470045857565e-15,4.163336342344337e-17,0.40299976351056854,0.0,-6.300000000000001,6.4,0.14142135623730964,0.14142135623731,1.9836834657952027e-08,4.729779598047344e-06,0.011976327157364837,0.0118,4.7799813307580765e-06,0.01155736969876468,0.011600000000000001,0.2,0.0,0.11870057664079728,0.0
1299,2.598,2.6,-4.3753456533912995,5.145733340969043,0.3851938437888718,9.521078994360343,-0.09718691717547245,1.4291862248640854,1,1,-4.3753456533912995,4.712486909492328,-6.0405684935014925,6.121705480504479,0.040568493501493386,12.162273974005972,0.08113698700298595,0.0,0.13113698700298596,0.0,-0.08113698700298595,-0.13113698700298596,0.0,0.05,0.0,0.05,0.0,0.0,0.00016243635621674017,0.0,5.988145559893947,5.728779535856436,1.5004002814483774e-15,2.7755575615628914e-17,0.40299976350967937,0.0,-6.300000000000001,6.4,0.14142135623730964,0.14142135623731,1.9835441477141428e-08,4.729797380564492e-06,0.011976309446043672,0.0118,4.78034346201639e-06,0.011557464479656143,0.011600000000000001,0.25,0.0,0.11886301299701402,0.0
1300,2.6,2.602,-4.375338513101801,5.145267487400495,0.3849644871493467,9.520606000502296,-0.09719055600996673,0.9670234443084458,1,1,-4.375338513101801,5.145267487400495,-6.065437487564096,6.196312462692288,0.06543748756409595,12.261749950256384,0.13087497512819207,0.0,0.13087497512819207,0.0,-0.13087497512819207,-0.13087497512819207,0.0,0.0,0.0,0.0,0.0,0.0,0.00026201187479389225,0.0,5.9882359910646645,5.728926738092387,1.0780764302109613e-15,0.0,0.4029997635087914,0.0,-6.300000000000001,6.4,0.14142135623730964,0.14142135623731,1.9399429243581604e-08,4.729815140108355e-06,0.011976291119787893,0.0118,4.780707092364445e-06,0.01145755907171287,0.011600000000000001,0.25,0.0,0.11912502487180791,0.0
1304,2.608,2.61,-4.375309251511997,5.141292463699581,0.3829916060937921,9.516601715211578,-0.09720492339012621,0.5463932189275374,1,1,-4.375309251511997,5.141292463699581,-6.064916076090336,6.19474822827101,0.0649160760903369,12.259664304361346,0.1298321521806731,0.0,0.1298321521806731,0.0,-0.1298321521806731,-0.1298321521806731,0.0,0.0,0.0,0.0,0.0,0.0,0.0002599241418618331,0.0,5.988590696824386,5.729512612545134,8.621575675604731e-16,2.7755575615628914e-17,0.40299976350525235,0.0,-6.300000000000001,6.4,0.14142135623730964,0.14142135623731,1.9394441120791835e-08,4.729885920955241e-06,0.0119770061366554,0.0118,4.782176610789168e-06,0.011458733165857646,0.011600000000000001,0.25,0.0,0.12016784781932692,0.0
1309,2.618,2.62,-4.375271265618516,5.127886136555781,0.37630743546863243,9.503157402174297,-0.09722243077913709,0.4055259034833972,1,1,-4.375271265618516,5.127886136555781,-6.064270150340886,6.192810451022658,0.06427015034088601,12.257080601363544,0.12854030068177208,0.0,0.12854030068177208,0.0,-0.12854030068177208,-0.12854030068177208,0.0,0.0,0.0,0.0,0.0,0.0,0.0002573378534377031,0.0,5.9890184692347095,5.730238397003651,1.5612511283791264e-15,0.0,0.40299976350086264,0.0,-6.300000000000001,6.4,0.14142135623730964,0.14142135623731,1.93882676508228e-08,4.729973714112062e-06,0.011977868578749148,0.0118,4.7840472720128705e-06,0.011460187639969229,0.011600000000000001,0.25,0.0,0.12145969931822793,0.0
1314,2.628,2.63,-4.375231970549438,5.109175866153141,0.3669719478018516,9.484407836702578,-0.09723939408710469,0.33747427780923805,1,1,-4.375231970549438,5.109175866153141,-6.063630651660029,6.190891954980085,0.06363065166002801,12.254522606640114,0.12726130332005653,0.0,0.12726130332005653,0.0,-0.12726130332005653,-0.12726130332005653,0.0,0.0,0.0,0.0,0.0,0.0,0.0002547772990133657,0.0,5.989429178742034,5.730956962049941,2.248201624865942e-15,0.0,0.402999763496519,0.0,-6.300000000000001,6.4,0.14142135623730964,0.14142135623731,1.938210167749754e-08,4.730060586125054e-06,0.011978696775079232,0.0118,4.785955472259573e-06,0.011461627646245635,0.011600000000000001,0.25,0.0,0.12273869667994348,0.0
1319,2.638,2.64,-4.375191635316109,5.086117986643979,0.3554631756639348,9.461309621960087,-0.09725577218005127,0.23317077454390517,1,1,-4.375191635316109,5.086117986643979,-6.062997516097362,6.188992548292087,0.06299751609736237,12.25199006438945,0.1259950321947244,0.0,0.1259950321947244,0.0,-0.1259950321947244,-0.1259950321947244,0.0,0.0,0.0,0.0,0.0,0.0,0.00025224222253124486,0.0,5.989823122678344,5.731668379776949,1.4589024432964948e-15,0.0,0.4029997634922302,0.0,-6.300000000000001,6.4,0.14142135623730964,0.14142135623731,1.9375927859576828e-08,4.730146362329367e-06,0.011979491322014785,0.0118,4.787901228977542e-06,0.011463053329161622,0.011600000000000001,0.25,0.0,0.1240049678052756,0.0
1324,2.648,2.65,-4.375150522283553,5.061940975723551,0.3433952267199989,9.437091498007103,-0.097271527938773,0.21814148993743898,1,1,-4.375150522283553,5.061940975723551,-6.062370680338804,6.1871120410164115,0.06237068033880355,12.249482721355216,0.12474136067760797,0.0,0.12474136067760797,0.0,-0.12474136067760797,-0.12474136067760797,0.0,0.0,0.0,0.0,0.0,0.0,0.00024973237048157956,0.0,5.990200594145801,5.7323727215596625,3.174543961037557e-16,0.0,0.40299976348800487,0.0,-6.300000000000001,6.4,0.14142135623730964,0.14142135623731,1.9369740671893123e-08,4.730230867667139e-06,0.01198025280744327,0.0118,4.789884550873147e-06,0.01146446483175321,0.011600000000000001,0.25,0.0,0.12525863932239203,0.0
1329,2.658,2.66,-4.375108885406356,5.040092000237421,0.3324915574155325,9.415200885643777,-0.0972866292104714,0.20828191663986015,1,1,-4.375108885406356,5.040092000237421,-6.061750081700255,6.185250245100766,0.06175008170025542,12.247000326801022,0.12350016340051076,0.0,0.12350016340051076,0.0,-0.12350016340051076,-0.12350016340051076,0.0,0.0,0.0,0.0,0.0,0.0,0.00024724749187707344,0.0,5.990561882071457,5.733070058062209,8.64488602231317e-16,2.7755575615628914e-17,0.4029997634838519,0.0,-6.300000000000001,6.4,0.14142135623730964,0.14142135623731,1.936353750216955e-08,4.73031392699169e-06,0.011980981810880142,0.0118,4.791905438181754e-06,0.011465862295631882,0.011600000000000001,0.25,0.0,0.1264998365994892,0.0
1334,2.668,2.67,-4.375066962661757,5.020532162756826,0.32273260004753457,9.395599125418583,-0.09730105470524761,0.20139828084877853,1,1,-4.375066962661757,5.020532162756826,-6.061135658121335,6.183406974364006,0.06113565812133537,12.244542632485341,0.12227131624267076,0.0,0.12227131624267076,0.0,-0.12227131624267076,-0.12227131624267076,0.0,0.0,0.0,0.0,0.0,0.0,0.0002447873382277953,0.0,5.990907271261326,5.733760459244879,2.248201624865942e-15,5.551115123125783e-17,0.40299976347977995,0.0,-6.300000000000001,6.4,0.14142135623730964,0.14142135623731,1.9357316929462522e-08,4.730395365340646e-06,0.011981678903577254,0.0118,4.793963882967489e-06,0.011467245860998627,0.011600000000000001,0.25,0.0,0.12772868375732918,0.0
1339,2.678,2.68,-4.375024956900057,5.003021253514085,0.313998148307014,9.37804621041414,-0.09731480716636709,0.19636065749711926,1,1,-4.375024956900057,5.003021253514085,-6.060527348159174,6.181582044477522,0.06052734815917393,12.242109392636696,0.12105469631834814,0.0,0.12105469631834814,0.0,-0.12105469631834814,-0.12105469631834814,0.0,0.0,0.0,0.0,0.0,0.0,0.00024235166351633015,0.0,5.991237042453777,5.734443994371097,1.3027773304585821e-15,8.326672684688674e-17,0.40299976347579775,0.0,-6.300000000000001,6.4,0.14142135623730964,0.14142135623731,1.935107811745342e-08,4.730475008202381e-06,0.011982344648629923,0.0118,4.7960598693364e-06,0.01146861566665793,0.011600000000000001,0.25,0.0,0.12894530368165177,0.0
1344,2.688,2.69,-4.3749830079651995,4.984136072048202,0.3045765320415015,9.359119080013402,-0.09732792804337656,0.1543316755863411,1,1,-4.3749830079651995,4.984136072048202,-6.059925090982268,6.179775272946805,0.059925090982268614,12.239700363929073,0.1198501819645366,0.0,0.1198501819645366,0.0,-0.1198501819645366,-0.1198501819645366,0.0,0.0,0.0,0.0,0.0,0.0,0.00023994022417317697,0.0,5.991551472372301,5.735120732014316,1.5566161640917509e-15,9.71445146547012e-17,0.4029997634719141,0.0,-6.300000000000001,6.4,0.14142135623730964,0.14142135623731,1.9344820552954938e-08,4.730552681695887e-06,0.011982979601082695,0.0118,4.798193373607429e-06,0.01146997185003159,0.011600000000000001,0.25,0.0,0.1301498180354633,0.0
1349,2.698,2.7,-4.374941166843347,4.966932020369219,0.2959954267629361,9.341873187212567,-0.09734050515913834,0.1543910600271496,1,1,-4.374941166843347,4.966932020369219,-6.059328826364399,6.177986479093195,0.05932882636439807,12.237315305457594,0.118657652728797,0.0,0.118657652728797,0.0,-0.118657652728797,-0.118657652728797,0.0,0.0,0.0,0.0,0.0,0.0,0.00023755277905239197,0.0,5.991850833777608,5.735790740064855,1.3076562402347669e-15,1.1102230246251565e-16,0.4029997634681375,0.0,-6.300000000000001,6.4,0.14142135623730964,0.14142135623731,1.9338543917666074e-08,4.730628212752837e-06,0.011983584308033843,0.0118,4.800364364490051e-06,0.011471314547172413,0.011600000000000001,0.25,0.0,0.1313423472712029,0.0
1354,2.708,2.71,-4.374899381315163,4.951695699950797,0.2883981593178171,9.32659508126596,-0.09735266990183136,0.15441541720001173,1,1,-4.374899381315163,4.951695699950797,-6.0587384946786065,6.176215484035818,0.05873849467860559,12.234953978714424,0.117476989357212,0.0,0.117476989357212,0.0,-0.117476989357212,-0.117476989357212,0.0,0.0,0.0,0.0,0.0,0.0,0.00023518908940747357,0.0,5.9921353955191154,5.736454085736661,1.248404591508434e-15,9.71445146547012e-17,0.40299976346447663,0.0,-6.300000000000001,6.4,0.14142135623730964,0.14142135623731,1.9332248019310436e-08,4.730701429233057e-06,0.011984159308738529,0.0118,4.802572803170868e-06,0.011472643892777764,0.011600000000000001,0.25,0.0,0.1325230106427879,0.0
1359,2.718,2.72,-4.374857496325743,4.938041422172212,0.28159196292323463,9.312898918497954,-0.09736458602905618,0.15441543461999288,1,1,-4.374857496325743,4.938041422172212,-6.05815403689123,6.174462110673691,0.058154036891230554,12.23261614756492,0.11630807378246052,0.0,0.11630807378246052,0.0,-0.11630807378246052,-0.11630807378246052,0.0,0.0,0.0,0.0,0.0,0.0,0.00023284891886748743,0.0,5.992405422585763,5.7371108355740095,4.447397311535539e-16,8.326672684688674e-17,0.40299976346094,0.0,-6.300000000000001,6.4,0.14142135623730964,0.14142135623731,1.932593275200564e-08,4.730772160028885e-06,0.011984705134710756,0.0118,4.8048186434246355e-06,0.011473960020203004,0.011600000000000001,0.25,0.0,0.1336919262175394,0.0
1364,2.728,2.73,-4.374815266962419,4.925684534752155,0.2754346338948679,9.300499801714574,-0.09737643443014185,0.15439820749358485,1,1,-4.374815266962419,4.925684534752155,-6.057575394556006,6.172726183668017,0.05757539455600558,12.230301578224022,0.115150789112011,0.0,0.115150789112011,0.0,-0.115150789112011,-0.115150789112011,0.0,0.0,0.0,0.0,0.0,0.0,0.00023053203341342942,0.0,5.992661176156247,5.737761055458143,2.7324605252065925e-16,9.71445146547012e-17,0.40299976345753624,0.0,-6.300000000000001,6.4,0.14142135623730964,0.14142135623731,1.9319598072110143e-08,4.7308402351162375e-06,0.01198522230982404,0.0118,4.807101831654226e-06,0.011475263061474767,0.011600000000000001,0.25,0.0,0.1348492108879889,0.0
1369,2.738,2.74,-4.374772379511265,4.914409495533909,0.26981855801132193,9.289181875045173,-0.09738839777977334,0.1543685956768731,1,1,-4.374772379511265,4.914409495533909,-6.057002509808216,6.171007529424648,0.05700250980821586,12.228010039232863,0.114005019616432,0.0,0.114005019616432,0.0,-0.114005019616432,-0.114005019616432,0.0,0.0,0.0,0.0,0.0,0.0,0.00022823820135482346,0.0,5.992902913648612,5.7384048106138295,1.7694179454963432e-15,8.326672684688674e-17,0.4029997634542737,0.0,-6.300000000000001,6.4,0.14142135623730964,0.14142135623731,1.9313243982744328e-08,4.7309054855812605e-06,0.011985711350410851,0.0118,4.809422306915057e-06,0.011476553147304138,0.011600000000000001,0.25,0.0,0.13599498038356791,0.0
1374,2.748,2.75,-4.374728475937933,4.904049511550737,0.2646605178064023,9.27877798748867,-0.09740064757400524,0.15433001537030422,1,1,-4.374728475937933,4.904049511550737,-6.05643532535891,6.169305976076728,0.05643532535890916,12.225741301435638,0.11287065071781915,0.0,0.11287065071781915,0.0,-0.11287065071781915,-0.11287065071781915,0.0,0.0,0.0,0.0,0.0,0.0,0.00022596719330655212,0.0,5.993130888769236,5.73904216561586,2.282896094385478e-15,5.551115123125783e-17,0.40299976345116073,0.0,-6.300000000000001,6.4,0.14142135623730964,0.14142135623731,1.930687052340722e-08,4.730967743611446e-06,0.011986172765360835,0.0118,4.811780000937293e-06,0.011477830407099663,0.011600000000000001,0.25,0.0,0.1371293492821808,0.0
1379,2.758,2.7600000000000002,-4.3746831781467295,4.893444606218767,0.2593807140360189,9.268127784365497,-0.09741333463022916,0.13007905345426438,1,1,-4.3746831781467295,4.893444606218767,-6.055873784489169,6.167621353467506,0.0558737844891688,12.223495137956675,0.11174756897833728,0.0,0.11174756897833728,0.0,-0.11174756897833728,-0.11174756897833728,0.0,0.0,0.0,0.0,0.0,0.0,0.00022371878216591803,0.0,5.993345351561223,5.739673184395511,1.313185671314443e-15,6.938893903907228e-17,0.40299976344820576,0.0,-6.300000000000001,6.4,0.14142135623730964,0.14142135623731,1.9300477762711705e-08,4.731026842473423e-06,0.011986607056217822,0.0118,4.814174838068119e-06,0.01147909496898026,0.011600000000000001,0.25,0.0,0.13825243102166265,0.0
1384,2.7680000000000002,2.77,-4.374636109661242,4.882998668672748,0.2541812795057532,9.25763477833399,-0.09742658314593033,0.1308640397204766,1,1,-4.374636109661242,4.882998668672748,-6.055317831044438,6.165953493133315,0.055317831044438215,12.221271324177753,0.11063566208887653,0.0,0.11063566208887653,0.0,-0.11063566208887653,-0.11063566208887653,0.0,0.0,0.0,0.0,0.0,0.0,0.00022149274308993353,0.0,5.993546548452191,5.74029793024688,1.1501487696269352e-15,4.163336342344337e-17,0.40299976344541705,0.0,-6.300000000000001,6.4,0.14142135623730964,0.14142135623731,1.9294065793100743e-08,4.731082616484098e-06,0.01198701471727565,0.0118,4.8166067352872765e-06,0.011480346959787996,0.011600000000000001,0.25,0.0,0.13936433791112343,0.0
1389,2.778,2.7800000000000002,-4.374586913505335,4.873356076164465,0.24938458132956498,9.2479429896698,-0.09744048786506226,0.13153754918913907,1,1,-4.374586913505335,4.873356076164465,-6.054767409428911,6.164302228286732,0.05476740942891034,12.219069637715643,0.10953481885782135,0.0,0.10953481885782135,0.0,-0.10953481885782135,-0.10953481885782135,0.0,0.0,0.0,0.0,0.0,0.0,0.0002192888534728359,0.0,5.993734722301464,5.740916465833226,1.4536982728685643e-15,5.551115123125783e-17,0.40299976344280275,0.0,-6.300000000000001,6.4,0.14142135623730964,0.14142135623731,1.928763472686647e-08,4.731134900915174e-06,0.011987396235672795,0.0118,4.8190756021160295e-06,0.011481586505100715,0.011600000000000001,0.25,0.0,0.1404651811421786,0.0
1394,2.7880000000000003,2.79,-4.3745352658985,4.864402928342382,0.24493383122194068,9.238938194240882,-0.0974551136811029,0.13211932309357494,1,1,-4.3745352658985,4.864402928342382,-6.054222464599966,6.1626673937998975,0.054222464599965825,12.216889858399863,0.10844492919993128,0.0,0.10844492919993128,0.0,-0.10844492919993128,-0.10844492919993128,0.0,0.0,0.0,0.0,0.0,0.0,0.0002171068929238269,0.0,5.993910112446709,5.7415288531931985,9.454242944073599e-16,1.3877787807814457e-17,0.4029997634403712,0.0,-6.300000000000001,6.4,0.14142135623730964,0.14142135623731,1.9281184693055174e-08,4.731183531955398e-06,0.011987752091485847,0.0118,4.821581340597181e-06,0.011482813729244572,0.011600000000000001,0.25,0.0,0.1415550708000687,0.0
1399,2.798,2.8000000000000003,-4.37448088591652,4.85604812978156,0.24078362193252012,9.23052901569808,-0.09747049698525564,0.13262487414296836,1,1,-4.37448088591652,4.85604812978156,-6.053682942062666,6.161048826187999,0.05368294206266633,12.214731768250665,0.10736588412533225,0.0,0.10736588412533225,0.0,-0.10736588412533225,-0.10736588412533225,0.0,0.0,0.0,0.0,0.0,0.0,0.00021494664324503323,0.0,5.994072954749967,5.742135153747026,1.85268467234323e-15,1.3877787807814457e-17,0.4029997634381304,0.0,-6.300000000000001,6.4,0.14142135623730964,0.14142135623731,1.9274715834994032e-08,4.731228346632855e-06,0.011988082757821825,0.0118,4.824123845204032e-06,0.01148402875530641,0.011600000000000001,0.25,0.0,0.14263411587466773,0.0
1404,2.8080000000000003,2.81,-4.374423541567485,4.84821772219017,0.23689709031134232,9.222641263757655,-0.09748664814916749,0.13306653992446002,1,1,-4.374423541567485,4.84821772219017,-6.053148787864308,6.159446363592926,0.0531487878643091,12.212595151457235,0.10629757572861763,0.0,0.10629757572861763,0.0,-0.10629757572861763,-0.10629757572861763,0.0,0.0,0.0,0.0,0.0,0.0,0.00021280788840968688,0.0,5.994223481643136,5.742735428302642,3.627198368050255e-16,1.3877787807814457e-17,0.40299976343608856,0.0,-6.300000000000001,6.4,0.14142135623730964,0.14142135623731,1.926822830826763e-08,4.731269182726142e-06,0.011988388700909363,0.0118,4.82670300277821e-06,0.011485231705146027,0.011600000000000001,0.25,0.0,0.14370242427138236,0.0
1409,2.818,2.82,-4.374363052864481,4.840850860191284,0.23324390366340175,9.215213913055765,-0.09750355465092703,0.13345424003405576,1,1,-4.374363052864481,4.840850860191284,-6.052619948589029,6.157859845767086,0.05261994858902863,12.210479794356115,0.10523989717805748,0.0,0.10523989717805748,0.0,-0.10523989717805748,-0.10523989717805748,0.0,0.0,0.0,0.0,0.0,0.0,0.000210690414540522,0.0,5.994361922172885,5.743329737061735,8.093027116518048e-16,2.7755575615628914e-17,0.4029997634342537,0.0,-6.300000000000001,6.4,0.14142135623730964,0.14142135623731,1.9261722279029433e-08,4.7313058787066375e-06,0.011988670380188752,0.0118,4.829318692440854e-06,0.011486422699408347,0.011600000000000001,0.25,0.0,0.1447601028219425,0.0
1414,2.828,2.83,-4.3742992925002,4.833896894159704,0.22979880082975201,9.208196186659904,-0.09752118447556579,0.13379602900926588,1,1,-4.3742992925002,4.833896894159704,-6.052096371352458,6.1562891140573734,0.052096371352457815,12.208385485409831,0.10419274270491534,0.0,0.10419274270491534,0.0,-0.10419274270491534,-0.10419274270491534,0.0,0.0,0.0,0.0,0.0,0.0,0.00020859400988838705,0.0,5.994488502045013,5.743918139625756,1.5948342906718649e-15,6.938893903907228e-17,0.40299976343263394,0.0,-6.300000000000001,6.4,0.14142135623730964,0.14142135623731,1.9255197922569307e-08,4.731338273694097e-06,0.011988928248400902,0.0118,4.831970785528217e-06,0.011487601857535409,0.011600000000000001,0.25,0.0,0.1458072572950846,0.0
1419,2.838,2.84,-4.374232184690756,4.827313216164797,0.2265405157370206,9.201545400855554,-0.09753948952966135,0.13409850601972126,1,1,-4.374232184690756,4.827313216164797,-6.051578003796436,6.154734011389307,0.05157800379643529,12.206312015185743,0.10315600759287127,0.0,0.10315600759287127,0.0,-0.10315600759287127,-0.10315600759287127,0.0,0.0,0.0,0.0,0.0,0.0,0.0002065184648110699,0.0,5.994603443668271,5.744500695001857,6.227657278756737e-16,8.326672684688674e-17,0.40299976343123717,0.0,-6.300000000000001,6.4,0.14142135623730964,0.14142135623731,1.9248655422081807e-08,4.731366207390036e-06,0.011989162751675166,0.0118,4.8346591455450394e-06,0.011488769297778293,0.011600000000000001,0.25,0.0,0.14684399240712864,0.0
1424,2.848,2.85,-4.3741617026870285,4.821063642892854,0.22345097010291282,9.195225345579882,-0.09755840889783471,0.134367122452686,1,1,-4.3741617026870285,4.821063642892854,-6.051064794083775,6.153194382251325,0.051064794083774956,12.2042591763351,0.10212958816755013,0.0,0.10212958816755013,0.0,-0.10212958816755013,-0.10212958816755013,0.0,0.0,0.0,0.0,0.0,0.0,0.00020446357175233322,0.0,5.994706966197615,5.74507746160877,1.2923960946570334e-15,8.326672684688674e-17,0.4029997634300715,0.0,-6.300000000000001,6.4,0.14142135623730964,0.14142135623731,1.9242094967595334e-08,4.73138952007329e-06,0.01198937432961611,0.0118,4.8373836280468654e-06,0.01148992513720889,0.011600000000000001,0.25,0.0,0.14787041183244978,0.0
1429,2.858,2.86,-4.374087865371841,4.815117183491589,0.22051465905987389,9.18920504886343,-0.09757787183658384,0.13460641564399398,1,1,-4.374087865371841,4.815117183491589,-6.050556690893076,6.151670072679231,0.05055669089307724,12.202226763572307,0.10111338178615402,0.0,0.10111338178615402,0.0,-0.10111338178615402,-0.10111338178615402,0.0,0.0,0.0,0.0,0.0,0.0,0.00020242912522115862,0.0,5.994799285576966,5.745648497282623,3.5044124720162717e-16,6.938893903907228e-17,0.40299976342914484,0.0,-6.300000000000001,6.4,0.14142135623730964,0.14142135623731,1.9235516755032747e-08,4.731408052593353e-06,0.011989563415389197,0.0118,4.840144080631159e-06,0.011491069491731582,0.011600000000000001,0.25,0.0,0.1488866182138459,0.0
1434,2.868,2.87,-4.37401073328179,4.809447087988913,0.21771817735356125,9.183457821270704,-0.09759780045041216,0.13482018846747032,1,1,-4.37401073328179,4.809447087988913,-6.050053643413599,6.150160930240797,0.05005364341359897,12.200214573654396,0.10010728682719795,0.0,0.10010728682719795,0.0,-0.10010728682719795,-0.10010728682719795,0.0,0.0,0.0,0.0,0.0,0.0,0.00020041492177119762,0.0,5.9948806145814,5.74621385928271,2.9004576518332215e-15,4.163336342344337e-17,0.4029997634284651,0.0,-6.300000000000001,6.4,0.14142135623730964,0.14142135623731,1.9228920985381274e-08,4.731421646377038e-06,0.011989730435805418,0.0118,4.842940342839608e-06,0.011492202476094771,0.011600000000000001,0.25,0.0,0.149892713172802,0.0
1439,2.878,2.88,-4.373930404319824,4.804030103350201,0.21504984951518846,9.177960507670026,-0.09761811202990828,0.1350116487414879,1,1,-4.373930404319824,4.804030103350201,-6.049555601340174,6.148666804020522,0.049555601340173894,12.198222405360696,0.09911120268034762,0.0,0.09911120268034762,0.0,-0.09911120268034762,-0.09911120268034762,0.0,0.0,0.0,0.0,0.0,0.0,0.00019842075998042675,0.0,5.994951162858843,5.746773604297199,1.460935322369905e-15,5.551115123125783e-17,0.4029997634280402,0.0,-6.300000000000001,6.4,0.14142135623730964,0.14142135623731,1.922230786395484e-08,4.731430143486212e-06,0.01198987581140486,0.0118,4.8457722461159314e-06,0.011493324203902328,0.011600000000000001,0.25,0.0,0.15088879731965232,0.0
1444,2.888,2.89,-4.373847009361589,4.798681552157345,0.2124172713978778,9.172528561518934,-0.09763872105461688,0.11833405616052284,1,1,-4.373847009361589,4.798681552157345,-6.0490625148681785,6.147187544604537,0.04906251486817936,12.196250059472716,0.09812502973635827,0.0,0.09812502973635827,0.0,-0.09812502973635827,-0.09812502973635827,0.0,0.0,0.0,0.0,0.0,0.0,0.00019644644043100508,0.0,5.995011136971238,5.747327788448766,1.601149768326593e-15,1.3877787807814457e-17,0.40299976342787797,0.0,-6.300000000000001,6.4,0.14142135623730964,0.14142135623731,1.9215677599735148e-08,4.73143338670217e-06,0.011989999956539273,0.0118,4.848639613797001e-06,0.011494434787624913,0.011600000000000001,0.25,0.0,0.15187497026364172,0.0
1449,2.898,2.9,-4.373760707905693,4.793017280280327,0.20962828618731688,9.16677798818602,-0.09765954087815887,0.11868428374340129,1,1,-4.373760707905693,4.793017280280327,-6.048574334688556,6.145723004065671,0.04857433468855721,12.194297338754227,0.09714866937711368,0.0,0.09714866937711368,0.0,-0.09714866937711368,-0.09714866937711368,0.0,0.0,0.0,0.0,0.0,0.0,0.00019449176568933245,0.0,5.995060740435214,5.747876467300202,1.0152469143154264e-15,1.3877787807814457e-17,0.4029997634279863,0.0,-6.300000000000001,6.4,0.14142135623730964,0.14142135623731,1.920903040478123e-08,4.731431219601128e-06,0.011990103279453575,0.0118,4.851542261050668e-06,0.011495534338611163,0.011600000000000001,0.25,0.0,0.15285133062288633,0.0
1454,2.908,2.91,-4.373671683875038,4.787598264414295,0.20696329026962834,9.161269948289334,-0.09768048512148714,0.1190047733311704,1,1,-4.373671683875038,4.787598264414295,-6.048091011982882,6.144273035948647,0.04809101198288257,12.192364047931529,0.09618202396576428,0.0,0.09618202396576428,0.0,-0.09618202396576428,-0.09618202396576428,0.0,0.0,0.0,0.0,0.0,0.0,0.00019255654028630572,0.0,5.995100173762235,5.748419695859936,4.609756586865243e-16,2.7755575615628914e-17,0.4029997634283729,0.0,-6.300000000000001,6.4,0.14142135623730964,0.14142135623731,1.9202366493698493e-08,4.73142348670078e-06,0.01199018618236639,0.0118,4.854479994869099e-06,0.011496622967098814,0.011600000000000001,0.25,0.0,0.1538179760342357,0.0
1459,2.918,2.92,-4.373580141642161,4.782405231089826,0.20441254472383275,9.155985372731987,-0.09770146880427572,0.11929869461539941,1,1,-4.373580141642161,4.782405231089826,-6.047612498418482,6.142837495255445,0.047612498418481586,12.190449993673926,0.09522499683696342,0.0,0.09522499683696342,0.0,-0.09522499683696342,-0.09522499683696342,0.0,0.0,0.0,0.0,0.0,0.0,0.00019064057069777195,0.0,5.995129634498266,5.748957528587528,2.1694614420891822e-15,5.551115123125783e-17,0.4029997634290455,0.0,-6.300000000000001,6.4,0.14142135623730964,0.14142135623731,1.9195686083160326e-08,4.731410033629042e-06,0.011990249061549545,0.0118,4.857452614046576e-06,0.011497700782225648,0.011600000000000001,0.25,0.0,0.15477500316303652,0.0
1464,2.928,2.93,-4.373486302324871,4.777421174909713,0.2019674362924211,9.150907477234583,-0.09772240924565107,0.11956880285942828,1,1,-4.373486302324871,4.777421174909713,-6.0471387461436,6.141416238430801,0.047138746143600585,12.1885549845744,0.09427749228720068,0.0,0.09427749228720068,0.0,-0.09427749228720068,-0.09427749228720068,0.0,0.0,0.0,0.0,0.0,0.0,0.00018874366532517563,0.0,5.995149317262949,5.749490019399085,6.886852199627924e-16,6.938893903907228e-17,0.40299976343001176,0.0,-6.300000000000001,6.4,0.14142135623730964,0.14142135623731,1.918898939147625e-08,4.731390707288373e-06,0.011990292307406624,0.0118,4.860459909181714e-06,0.011498767892040412,0.011600000000000001,0.25,0.0,0.15572250771279925,0.0
1469,2.938,2.94,-4.373390400378128,4.772631013318647,0.19962030647025975,9.146021413696776,-0.09774322676479333,0.1198175030179846,1,1,-4.373390400378128,4.772631013318647,-6.046669707782615,6.1400091233478475,0.04666970778261614,12.186678831130463,0.09333941556523151,0.0,0.09333941556523151,0.0,-0.09333941556523151,-0.09333941556523151,0.0,0.0,0.0,0.0,0.0,0.0,0.00018686563447639873,0.0,5.995159413788273,5.750017221672638,1.3322676295501878e-15,8.326672684688674e-17,0.40299976343127925,0.0,-6.300000000000001,6.4,0.14142135623730964,0.14142135623731,1.918227663820164e-08,4.731365356080038e-06,0.011990316304550535,0.0118,4.863501662695225e-06,0.011499824403513529,0.011600000000000001,0.25,0.0,0.1566605844347684,0.0
1474,2.948,2.95,-4.373292680492904,4.768021304369278,0.19736431193818715,9.141313984862183,-0.09776384521014106,0.1200469024666366,1,1,-4.373292680492904,4.768021304369278,-6.046205336431301,6.138616009293903,0.04620533643130109,12.184821345725204,0.09241067286260198,0.0,0.09241067286260198,0.0,-0.09241067286260198,-0.09241067286260198,0.0,0.0,0.0,0.0,0.0,0.0,0.0001850062903467914,0.0,5.995160112956799,5.75053918825346,4.839878497975292e-16,6.938893903907228e-17,0.40299976343285554,0.0,-6.300000000000001,6.4,0.14142135623730964,0.14142135623731,1.9175548043784765e-08,4.731333830141692e-06,0.0119903214318801,0.0118,4.866577648814374e-06,0.011500870422547813,0.011600000000000001,0.25,0.0,0.15758932713739796,0.0
1479,2.958,2.96,-4.373193394801667,4.7635800142713265,0.19519330973482996,9.136773409072994,-0.09778419234347357,0.12025885461192348,1,1,-4.373193394801667,4.7635800142713265,-6.045745585652134,6.137236756956402,0.045745585652134046,12.182982342608536,0.09149117130426783,0.0,0.09149117130426783,0.0,-0.09149117130426783,-0.09149117130426783,0.0,0.0,0.0,0.0,0.0,0.0,0.00018316544700039113,0.0,5.995151600839379,5.75105597145933,1.0911410663894117e-15,9.71445146547012e-17,0.4029997634347479,0.0,-6.300000000000001,6.4,0.14142135623730964,0.14142135623731,1.9168803829247444e-08,4.7312959815849724e-06,0.011990308062655714,0.0118,4.869687633615172e-06,0.01150190605398898,0.011600000000000001,0.25,0.0,0.15850882869573207,0.0
1484,2.968,2.97,-4.37309280038227,4.759296324612334,0.19310176211503194,9.132389124994605,-0.09780420010245303,0.12045499515351693,1,1,-4.37309280038227,4.759296324612334,-6.045290409469653,6.13587122840896,0.04529040946965335,12.181161637878613,0.09058081893930703,0.0,0.09058081893930703,0.0,-0.09058081893930703,-0.09058081893930703,0.0,0.0,0.0,0.0,0.0,0.0,0.00018134292035132927,0.0,5.9951340607324335,5.751567623085747,3.0531133177191805e-16,8.326672684688674e-17,0.4029997634369637,0.0,-6.300000000000001,6.4,0.14142135623730964,0.14142135623731,1.916204421589617e-08,4.731251664770832e-06,0.011990276564574071,0.0118,4.872831375024589e-06,0.011502931401636106,0.011600000000000001,0.25,0.0,0.1594191810606929,0.0
1489,2.978,2.98,-4.372991157046673,4.755160471440552,0.19108465719693957,9.128151628487226,-0.09782380476242553,0.12063677238989476,1,1,-4.372991157046673,4.755160471440552,-6.044839762365862,6.134519287097587,0.04483976236586251,12.179359049463448,0.08967952473172441,0.0,0.08967952473172441,0.0,-0.08967952473172441,-0.08967952473172441,0.0,0.0,0.0,0.0,0.0,0.0,0.0001795385281454222,0.0,5.995107673194745,5.752074194411094,6.990935608186533e-16,8.326672684688674e-17,0.40299976343951005,0.0,-6.300000000000001,6.4,0.14142135623730964,0.14142135623731,1.9155269425061007e-08,4.731200736589315e-06,0.011990227299841949,0.0118,4.8760086228827326e-06,0.011503946568251985,0.011600000000000001,0.25,0.0,0.1603204752682755,0.0
1494,2.988,2.99,-4.3728887253974955,4.751163610125845,0.18913744236417473,9.124052335523341,-0.09784294701561974,0.12080547266790281,1,1,-4.3728887253974955,4.751163610125845,-6.044393599275674,6.133180797827022,0.04439359927567388,12.177574397102696,0.08878719855134816,0.0,0.08878719855134816,0.0,-0.08878719855134816,-0.08878719855134816,0.0,0.0,0.0,0.0,0.0,0.0,0.00017775208994194556,0.0,5.995072616083814,5.752575736201743,1.2906342661267445e-15,6.938893903907228e-17,0.40299976344239397,0.0,-6.300000000000001,6.4,0.14142135623730964,0.14142135623731,1.9148479677859713e-08,4.731143056732674e-06,0.011990160625249088,0.0118,4.879219118978373e-06,0.011504951655573352,0.011600000000000001,0.25,0.0,0.16121280144865177,0.0
1498,2.996,2.998,-4.37280638707878,4.748060768199681,0.18762719056045052,9.12086715527846,-0.09785789085884927,0.12093179174216762,1,1,-4.37280638707878,4.748060768199681,-6.044039867295956,6.132119601887869,0.04403986729595655,12.176159469183824,0.0880797345919122,0.0,0.0880797345919122,0.0,-0.0880797345919122,-0.0880797345919122,0.0,0.0,0.0,0.0,0.0,0.0,0.00017633574615139768,0.0,5.9950384461200805,5.752973382160518,4.475586568020162e-16,5.551115123125783e-17,0.4029997634449488,0.0,-6.300000000000001,6.4,0.14142135623730964,0.14142135623731,1.9143037259839897e-08,4.731091959315672e-06,0.01199009498682366,0.0118,4.881811275927461e-06,0.011505748536056673,0.011600000000000001,0.25,0.0,0.16192026540808774,0.0
1499,2.998,3.0,-4.372785765133408,5.1545704240486145,0.39089232945760344,9.527356189182022,-0.0978615719833889,1.574194504551174,1,1,-4.372785765133408,4.747297701220107,-6.043951875582408,6.131855626747225,0.043951875582408206,12.175807502329633,0.08790375116481662,0.0,0.13790375116481662,0.0,-0.08790375116481662,-0.13790375116481662,0.0,0.05,0.0,0.05,0.0,0.0,0.00017598342709559037,0.0,5.995029064591748,5.70307229871712,1.064605218217829e-15,2.7755575615628914e-17,0.4029997634456223,0.0,-6.300000000000001,6.4,0.14142135623730964,0.14142135623731,1.9141675194985088e-08,4.731078487977364e-06,0.01199007689224016,0.0118,4.8824625970511625e-06,0.011505946764321037,0.011600000000000001,0.3,0.0,0.16209624883518334,0.0
1500,3.0,3.0020000000000002,-4.3727651323482855,5.156586600503067,0.39191073407739063,9.529351732851353,-0.09786523038308972,1.012039420993131,1,1,-4.3727651323482855,5.156586600503067,-6.068814109643105,6.206442328929315,0.06881410964310497,12.27525643857242,0.13762821928620955,0.0,0.13762821928620955,0.0,-0.13762821928620955,-0.13762821928620955,0.0,0.0,0.0,0.0,0.0,0.0,0.00027553187860707276,0.0,5.995119250699102,5.703071018528106,1.2304068354451747e-15,2.7755575615628914e-17,0.40299976344630994,0.0,-6.300000000000001,6.5,0.14142135623730964,0.141421356237309,1.8706805961229063e-08,4.731064735716469e-06,0.011990058129183495,0.0118,4.883115226510526e-06,0.01140614459743424,0.0114,0.3,0.0,0.1623717807137904,0.0
1504,3.008,3.0100000000000002,-4.3726825335834665,5.156310416524009,0.39181394147027104,9.528992950107476,-0.09787962917486695,0.5410726202102132,1,1,-4.3726825335834665,5.156310416524009,-6.068265792957057,6.20479737887117,0.0682657929570567,12.273063171828227,0.13653158591411332,0.0,0.13653158591411332,0.0,-0.13653158591411332,-0.13653158591411332,0.0,0.0,0.0,0.0,0.0,0.0,0.0002733364171332269,0.0,5.995472711729729,5.703065929880463,1.025221574302293e-15,2.7755575615628914e-17,0.40299976344920185,0.0,-6.300000000000001,6.5,0.14142135623730964,0.141421356237309,1.8700211125043675e-08,4.731006896459377e-06,0.011990770867747318,0.0118,4.885738782876015e-06,0.011406134394472729,0.0114,0.3,0.0,0.16346841408588664,0.0
1509,3.0180000000000002,3.02,-4.372579284450336,5.145004501368614,0.3862126084591391,9.51758378581895,-0.09789707240338757,0.3984108284038207,1,1,-4.372579284450336,5.145004501368614,-6.067586536967889,6.202759610903668,0.06758653696788919,12.270346147871557,0.13517307393577815,0.0,0.13517307393577815,0.0,-0.13517307393577815,-0.13517307393577815,0.0,0.0,0.0,0.0,0.0,0.0,0.0002706166743403445,0.0,5.995898341110233,5.703059640931448,1.0824674490095276e-15,2.7755575615628914e-17,0.40299976345313904,0.0,-6.300000000000001,6.5,0.14142135623730964,0.141421356237309,1.8692028591821866e-08,4.730928151931819e-06,0.011991629282965469,0.0118,4.88904739430529e-06,0.011406121784721605,0.0114,0.3,0.0,0.1648269260642218,0.0
1514,3.028,3.0300000000000002,-4.372476266742772,5.127826125930474,0.37767492959385107,9.500302392673245,-0.09791385967021421,0.3311319308708478,1,1,-4.372476266742772,5.127826125930474,-6.06691403968874,6.200742119066222,0.06691403968874088,12.267656158754962,0.13382807937748115,0.0,0.13382807937748115,0.0,-0.13382807937748115,-0.13382807937748115,0.0,0.0,0.0,0.0,0.0,0.0,0.00026792399344041087,0.0,5.996306267464348,5.703053431234864,4.49293380277993e-16,2.7755575615628914e-17,0.40299976345744015,0.0,-6.300000000000001,6.5,0.14142135623730964,0.141421356237309,1.8683854591898868e-08,4.730842128011373e-06,0.011992452166959187,0.0118,4.89238814132209e-06,0.011406109333728612,0.0114,0.3,0.0,0.16617192062251882,0.0
1519,3.0380000000000003,3.04,-4.372373723878373,5.108864945265008,0.3682456106933176,9.48123866914338,-0.09792995302376761,0.2928994248364942,1,1,-4.372373723878373,5.108864945265008,-6.066248233869323,6.198744701607969,0.06624823386932288,12.264992935477292,0.13249646773864568,0.0,0.13249646773864568,0.0,-0.13249646773864568,-0.13249646773864568,0.0,0.0,0.0,0.0,0.0,0.0,0.0002652581051630919,0.0,5.996696801038982,5.703844903356294,1.4155343563970746e-15,2.7755575615628914e-17,0.4029997634621114,0.0,-6.300000000000001,6.4,0.14142135623730964,0.14142135623731,1.867698428800568e-08,4.730748702389246e-06,0.011993240142008218,0.0118,4.895760726060239e-06,0.011407294641828766,0.011600000000000001,0.3,0.0,0.16750353226135428,0.0
1524,3.048,3.0500000000000003,-4.372271892892512,5.087448410757653,0.3575882589325703,9.459720303650165,-0.09794531845457366,0.21207799776350234,1,1,-4.372271892892512,5.087448410757653,-6.065589052928499,6.196767158785497,0.06558905292849904,12.262356211713996,0.13117810585699816,0.0,0.13117810585699816,0.0,-0.13117810585699816,-0.13117810585699816,0.0,0.0,0.0,0.0,0.0,0.0,0.0002626187429173385,0.0,5.997070247652245,5.70482691406615,2.1279636039372996e-15,2.7755575615628914e-17,0.4029997634671586,0.0,-6.300000000000001,6.4,0.14142135623730964,0.14142135623731,1.8670975935493145e-08,4.730647757019904e-06,0.011993993821508106,0.0118,4.899164842921966e-06,0.01140926259232922,0.011600000000000001,0.3,0.0,0.1688218941430018,0.0
1529,3.0580000000000003,3.06,-4.3721710027383605,5.065593115032524,0.34671105614708164,9.437764117770884,-0.09795992684846613,0.20294607152486238,1,1,-4.3721710027383605,5.065593115032524,-6.064936430947626,6.194809292842877,0.06493643094762547,12.259745723790504,0.12987286189525177,0.0,0.12987286189525177,0.0,-0.12987286189525177,-0.12987286189525177,0.0,0.0,0.0,0.0,0.0,0.0,0.0002600056427647265,0.0,5.99742690876342,5.705799160946985,1.75657014975239e-15,2.7755575615628914e-17,0.4029997634725875,0.0,-6.300000000000001,6.4,0.14142135623730964,0.14142135623731,1.866495332485592e-08,4.73053917829871e-06,0.011994713810113083,0.0118,4.902600178584571e-06,0.01141121097597547,0.011600000000000001,0.3,0.0,0.1701271381047482,0.0
1534,3.068,3.0700000000000003,-4.372071266976787,5.045943967344836,0.3369363501840241,9.418015234321622,-0.09797375988461379,0.19654721784962859,1,1,-4.372071266976787,5.045943967344836,-6.064290302663961,6.1928709079918836,0.06429030266396119,12.257161210655845,0.12858060532792265,0.0,0.12858060532792265,0.0,-0.12858060532792265,-0.12858060532792265,0.0,0.0,0.0,0.0,0.0,0.0,0.00025741854339306295,0.0,5.997767081522564,5.706761741401911,9.1512084368639e-16,2.7755575615628914e-17,0.40299976347840344,0.0,-6.300000000000001,6.4,0.14142135623730964,0.14142135623731,1.8658914982823344e-08,4.73042285715518e-06,0.011995400703838135,0.0118,4.906066412087018e-06,0.011413139987964758,0.011600000000000001,0.3,0.0,0.1714193946720773,0.0
1539,3.078,3.08,-4.37197286520765,5.028295394765267,0.32816126477880836,9.400268259972917,-0.09798682320729099,0.19183592839096014,1,1,-4.37197286520765,5.028295394765267,-6.063650603464139,6.1909518103924155,0.0636506034641382,12.254602413856555,0.12730120692827723,0.0,0.12730120692827723,0.0,-0.12730120692827723,-0.12730120692827723,0.0,0.0,0.0,0.0,0.0,0.0,0.000254857186090255,0.0,5.998091058826023,5.707714751862274,1.3027773304585821e-15,2.7755575615628914e-17,0.4029997634846118,0.0,-6.300000000000001,6.4,0.14142135623730964,0.14142135623731,1.8652860066233384e-08,4.730298689170669e-06,0.011996055090168547,0.0118,4.9095632148943306e-06,0.011415049821546933,0.011600000000000001,0.3,0.0,0.17269879307172273,0.0
1544,3.088,3.09,-4.3718759159186735,5.012391428399616,0.32025775624047137,9.384267344318289,-0.0979991611004695,0.1882332736062911,1,1,-4.3718759159186735,5.012391428399616,-6.0630172693777045,6.189051808133113,0.06301726937770447,12.252069077510818,0.12603453875540932,0.0,0.12603453875540932,0.0,-0.12603453875540932,-0.12603453875540932,0.0,0.0,0.0,0.0,0.0,0.0,0.0002523213147184378,0.0,5.99839912937168,5.708658287797303,9.645062526431047e-16,2.7755575615628914e-17,0.40299976349121747,0.0,-6.300000000000001,6.4,0.14142135623730964,0.14142135623731,1.8646788071466135e-08,4.7301665746072355e-06,0.01199667754817069,0.0118,4.9130902509419985e-06,0.01141694066804377,0.011600000000000001,0.3,0.0,0.17396546124459064,0.0
1549,3.098,3.1,-4.371780451162791,4.997517543967337,0.31286854640227313,9.369297995130129,-0.09801086415629337,0.1502639861792003,1,1,-4.371780451162791,4.997517543967337,-6.062390237070724,6.187170711212169,0.062390237070722776,12.249560948282893,0.12478047414144608,0.0,0.12478047414144608,0.0,-0.12478047414144608,-0.12478047414144608,0.0,0.0,0.0,0.0,0.0,0.0,0.00024981067568836084,0.0,5.998691577713539,5.709592443723652,1.427623210620288e-15,2.7755575615628914e-17,0.4029997634982252,0.0,-6.300000000000001,6.4,0.14142135623730964,0.14142135623731,1.8640698689701356e-08,4.7300264184076434e-06,0.011997268648601461,0.0118,4.916647176766986e-06,0.011418812716868086,0.011600000000000001,0.3,0.0,0.17521952585855388,0.0
1554,3.108,3.11,-4.371686402330932,4.981585743969712,0.3049496708193904,9.353272146300643,-0.09802206646849693,0.1504412343960257,1,1,-4.371686402330932,4.981585743969712,-6.061769443839441,6.185308331518322,0.06176944383944072,12.247077775357763,0.12353888767888105,0.0,0.12353888767888105,0.0,-0.12353888767888105,-0.12353888767888105,0.0,0.0,0.0,0.0,0.0,0.0,0.000247325017934029,0.0,5.9989686843156464,5.71051731321485,1.804220835233128e-15,2.7755575615628914e-17,0.40299976350563954,0.0,-6.300000000000001,6.4,0.14142135623730964,0.14142135623731,1.8634591731372527e-08,4.729878130202019e-06,0.011997828954016384,0.0118,4.920233641514393e-06,0.011420666155542684,0.011600000000000001,0.3,0.0,0.1764611123211189,0.0
1559,3.118,3.12,-4.371593600242498,4.967330441426779,0.29786842059214047,9.338924041669276,-0.09803293443788955,0.15056130716049304,1,1,-4.371593600242498,4.967330441426779,-6.061154827604017,6.18346448281205,0.06115482760401658,12.244619310416066,0.12230965520803333,0.0,0.12230965520803333,0.0,-0.12230965520803333,-0.12230965520803333,0.0,0.0,0.0,0.0,0.0,0.0,0.0002448640928875954,0.0,5.999230725605336,5.711432988910656,1.1473027389241608e-15,2.7755575615628914e-17,0.4029997635134648,0.0,-6.300000000000001,6.4,0.14142135623730964,0.14142135623731,1.86284670849285e-08,4.7297216241968355e-06,0.011998359018876333,0.0118,4.9238492870684605e-06,0.01142250116971911,0.011600000000000001,0.3,0.0,0.17769034479196663,0.0
1564,3.128,3.13,-4.371501787577591,4.954441700311775,0.29146995636709194,9.325943487889365,-0.09804365153602251,0.15064300869174943,1,1,-4.371501787577591,4.954441700311775,-6.060546326902316,6.181638980706947,0.06054632690231543,12.242185307609263,0.12109265380463145,0.0,0.12109265380463145,0.0,-0.12109265380463145,-0.12109265380463145,0.0,0.0,0.0,0.0,0.0,0.0,0.00024242765445450464,0.0,5.999477974025811,5.712339562526328,2.983724378680108e-16,4.163336342344337e-17,0.40299976352170497,0.0,-6.300000000000001,6.4,0.14142135623730964,0.14142135623731,1.862232469322541e-08,4.72955681910163e-06,0.01199885938965303,0.0118,4.927493748125844e-06,0.011424317943196202,0.011600000000000001,0.3,0.0,0.1789073461953685,0.0
1569,3.138,3.14,-4.371410639278153,4.942686764390041,0.28563806255594404,9.314097403668194,-0.09805440296014128,0.1506991079331657,1,1,-4.371410639278153,4.942686764390041,-6.059943880883761,6.179831642651282,0.05994388088376024,12.239775523535043,0.11988776176752093,0.0,0.11988776176752093,0.0,-0.11988776176752093,-0.11988776176752093,0.0,0.0,0.0,0.0,0.0,0.0,0.00024001545898888309,0.0,5.999710698088113,5.71323712486179,1.5595706150117739e-15,4.163336342344337e-17,0.402999763530364,0.0,-6.300000000000001,6.4,0.14142135623730964,0.14142135623731,1.8616164539312937e-08,4.729383637995783e-06,0.01199933060493317,0.0118,4.9311666523244035e-06,0.011426116657938478,0.011600000000000001,0.3,0.0,0.18011223823247902,0.0
1574,3.148,3.15,-4.371319786386861,4.931886829340843,0.28028352147699076,9.303206615727703,-0.09806536267049693,0.15073822328753816,1,1,-4.371319786386861,4.931886829340843,-6.059347429303247,6.178042287909741,0.05934742930324699,12.237389717212988,0.11869485860649398,0.0,0.11869485860649398,0.0,-0.11869485860649398,-0.11869485860649398,0.0,0.0,0.0,0.0,0.0,0.0,0.00023762726526917397,0.0,5.9999291624224185,5.714125765810717,6.140921104957897e-16,0.0,0.4029997635394454,0.0,-6.300000000000001,6.4,0.14142135623730964,0.14142135623731,1.8609986637415594e-08,4.7292020081686435e-06,0.011999773195521297,0.0118,4.934867620303152e-06,0.011427897494094355,0.011600000000000001,0.3,0.0,0.181305141393506,0.0
1579,3.158,3.16,-4.371228839753241,4.921901818007579,0.27533648912716924,9.29313065776082,-0.0980766838915878,0.15076613758859797,1,1,-4.371228839753241,4.921901818007579,-6.05875691251512,6.1762707375453605,0.05875691251512016,12.23502765006048,0.11751382503024035,0.0,0.11751382503024035,0.0,-0.11751382503024035,-0.11751382503024035,0.0,0.0,0.0,0.0,0.0,0.0,0.00023526283447401511,0.0,6.000133627828706,5.715005574369528,6.341227456324594e-16,2.7755575615628914e-17,0.40299976354895267,0.0,-6.300000000000001,6.4,0.14142135623730964,0.14142135623731,1.860379102689789e-08,4.729011860935234e-06,0.012000187684541409,0.0118,4.938596265886552e-06,0.011429660630014132,0.011600000000000001,0.3,0.0,0.1824861749697596,0.0
1584,3.168,3.17,-4.371137411284483,4.912620102724432,0.27074134571997455,9.283757514008915,-0.09808849317215984,0.15078670857458093,1,1,-4.371137411284483,4.912620102724432,-6.058172271467209,6.174516814401628,0.05817227146720949,12.232689085868836,0.11634454293441829,0.0,0.11634454293441829,0.0,-0.11634454293441829,-0.11634454293441829,0.0,0.0,0.0,0.0,0.0,0.0,0.0002329219301583567,0.0,6.000324351326823,5.715876638646283,2.241859042156902e-16,5.551115123125783e-17,0.40299976355888906,0.0,-6.300000000000001,6.4,0.14142135623730964,0.14142135623731,1.8597577768011334e-08,4.728813131440848e-06,0.012000574587537297,0.0118,4.9423521961711186e-06,0.011431406242267865,0.011600000000000001,0.3,0.0,0.18365545706558165,0.0
1589,3.178,3.18,-4.371045131525321,4.903951385977225,0.2664531272259518,9.274996517502546,-0.0981008875527982,0.15080249351899833,1,1,-4.371045131525321,4.903951385977225,-6.057593447694922,6.172780343084765,0.05759344769492181,12.230373790779687,0.11518689538984377,0.0,0.11518689538984377,0.0,-0.11518689538984377,-0.11518689538984377,0.0,0.0,0.0,0.0,0.0,0.0,0.0002306043182298164,0.0,6.000501586205903,5.716739045869506,6.037379797485531e-16,6.938893903907228e-17,0.40299976356925765,0.0,-6.300000000000001,6.4,0.14142135623730964,0.14142135623731,1.8591346938749075e-08,4.728605758445671e-06,0.012000934412571669,0.0118,4.94613501167418e-06,0.011433134505663009,0.011600000000000001,0.3,0.0,0.18481310461015615,0.0
1594,3.188,3.19,-4.3709516631696514,4.895112635962979,0.2620804863966639,9.26606429913263,-0.09811393417017797,0.12893615521854543,1,1,-4.3709516631696514,4.895112635962979,-6.057020383315399,6.171061149946196,0.057020383315398604,12.228081533261594,0.11404076663079762,0.0,0.11404076663079762,0.0,-0.11404076663079762,-0.11404076663079762,0.0,0.0,0.0,0.0,0.0,0.0,0.00022830976692526995,0.0,6.0006655820731964,5.7175928823969056,1.9149720871525222e-16,8.326672684688674e-17,0.4029997635800613,0.0,-6.300000000000001,6.4,0.14142135623730964,0.14142135623731,1.8585098632418246e-08,4.728389684113835e-06,0.01200126766032402,0.0118,4.949944306535948e-06,0.01143484559326192,0.011600000000000001,0.3,0.0,0.18595923336920228,0.0
1599,3.198,3.2,-4.3708567106357386,4.886221477003684,0.2576823831839725,9.257078187639422,-0.09812767160643276,0.12950161779812272,1,1,-4.3708567106357386,4.886221477003684,-6.056453021021724,6.169359063065173,0.056453021021724226,12.225812084086897,0.11290604204344887,0.0,0.11290604204344887,0.0,-0.11290604204344887,-0.11290604204344887,0.0,0.0,0.0,0.0,0.0,0.0,0.00022603804678767483,0.0,6.000816584902285,5.7184382337240205,1.5976803213746393e-15,5.551115123125783e-17,0.40299976359130274,0.0,-6.300000000000001,6.4,0.14142135623730964,0.14142135623731,1.8578832955697457e-08,4.728164853793592e-06,0.012001574824187329,0.0118,4.953779668652736e-06,0.011436539676399172,0.011600000000000001,0.3,0.0,0.18709395795655107,0.0
1604,3.208,3.21,-4.370760026133733,4.877889808054414,0.2535648909603405,9.248649834188146,-0.09814211237301279,0.1300025364211388,1,1,-4.370760026133733,4.877889808054414,-6.055891304077197,6.16767391223159,0.055891304077196224,12.223565216308787,0.11178260815439313,0.0,0.11178260815439313,0.0,-0.11178260815439313,-0.11178260815439313,0.0,0.0,0.0,0.0,0.0,0.0,0.00022378893064312413,0.0,6.000954837080705,5.719275184492781,6.487865800153259e-16,9.71445146547012e-17,0.40299976360298456,0.0,-6.300000000000001,6.4,0.14142135623730964,0.14142135623731,1.8572550027036364e-08,4.727931215779733e-06,0.012001856390363521,0.0118,4.9576406798723665e-06,0.011438216924698699,0.011600000000000001,0.3,0.0,0.18821739184560676,0.0
1609,3.218,3.22,-4.37066141278658,4.870051042584191,0.24969481489880563,9.240712455370772,-0.09815724603780301,0.1304490386949228,1,1,-4.37066141278658,4.870051042584191,-6.055335176309653,6.166005528928958,0.05533517630965257,12.22134070523861,0.11067035261930531,0.0,0.11067035261930531,0.0,-0.11067035261930531,-0.11067035261930531,0.0,0.0,0.0,0.0,0.0,0.0,0.00022156219357812916,0.0,6.0010805774569835,5.720103818499969,6.055540183874664e-16,1.249000902703301e-16,0.40299976361510925,0.0,-6.300000000000001,6.4,0.14142135623730964,0.14142135623731,1.8566249975306425e-08,4.7276887211337276e-06,0.012002112837957785,0.0118,4.961526916205106e-06,0.011439877506090787,0.011600000000000001,0.3,0.0,0.18932964738069455,0.0
1614,3.228,3.23,-4.37056072539203,4.862650024036566,0.24604464932226788,9.233210749428597,-0.09817304262671689,0.13084926938346064,1,1,-4.37056072539203,4.862650024036566,-6.054784582105853,6.164353746317557,0.05478458210585213,12.21913832842341,0.10956916421170504,0.0,0.10956916421170504,0.0,-0.10956916421170504,-0.10956916421170504,0.0,0.0,0.0,0.0,0.0,0.0,0.00021935761291712777,0.0,6.001194041387081,5.72092421870562,1.4814538484841933e-15,1.3877787807814457e-16,0.40299976362767903,0.0,-6.300000000000001,6.4,0.14142135623730964,0.14142135623731,1.8559932938643214e-08,4.727437323457237e-06,0.01200234463907169,0.0118,4.965437948056817e-06,0.011441521586828865,0.011600000000000001,0.3,0.0,0.1904308357882948,0.0
1619,3.238,3.24,-4.370457869378618,4.855640562538338,0.24259134657985992,9.226098431916956,-0.09818945603937021,0.131209842381442,1,1,-4.370457869378618,4.855640562538338,-6.0542394664059165,6.162718399217751,0.05423946640591737,12.216957865623668,0.10847893281183386,0.0,0.10847893281183386,0.0,-0.10847893281183386,-0.10847893281183386,0.0,0.0,0.0,0.0,0.0,0.0,0.0002171749682002167,0.0,6.00129546078028,5.721736467241319,8.847089727481716e-16,1.5265566588595902e-16,0.40299976364069623,0.0,-6.300000000000001,6.4,0.14142135623730964,0.14142135623731,1.8553599063439776e-08,4.727176978723364e-06,0.012002552258895191,0.0118,4.969373340419914e-06,0.01144314933150617,0.011600000000000001,0.3,0.0,0.19152106718816597,0.0
1624,3.248,3.25,-4.370352798442708,4.84898359573931,0.23931539864830098,9.219336394182019,-0.09820642730662715,0.13153617755770647,1,1,-4.370352798442708,4.84898359573931,-6.053699774697822,6.161099324093465,0.05369977469782139,12.214799098791287,0.10739954939564329,0.0,0.10739954939564329,0.0,-0.10739954939564329,-0.10739954939564329,0.0,0.0,0.0,0.0,0.0,0.0,0.0002150140411611054,0.0,6.001385064144486,5.72254064541844,1.474514954580286e-16,1.249000902703301e-16,0.4029997636541628,0.0,-6.300000000000001,6.4,0.14142135623730964,0.14142135623731,1.8547248503462547e-08,4.726907645114557e-06,0.012002736155797451,0.0118,4.973332653142037e-06,0.011444760903072216,0.011600000000000001,0.3,0.0,0.19260045060435657,0.0
1629,3.258,3.2600000000000002,-4.3702455112764325,4.842645794747162,0.23620014173536497,9.212891306023595,-0.09822388758545603,0.13183275445981787,1,1,-4.3702455112764325,4.842645794747162,-6.053165453011946,6.159496359035838,0.053165453011946084,12.212661812047784,0.1063309060238922,0.0,0.1063309060238922,0.0,-0.1063309060238922,-0.1063309060238922,0.0,0.0,0.0,0.0,0.0,0.0,0.00021287461570528918,0.0,6.001463076630974,5.723336833736273,1.817990202823694e-15,1.3877787807814457e-16,0.4029997636680808,0.0,-6.300000000000001,6.4,0.14142135623730964,0.14142135623731,1.854088141906928e-08,4.726629282887165e-06,0.012002896781416568,0.0118,4.97731544119695e-06,0.011446356462849128,0.011600000000000001,0.3,0.0,0.19366909397610765,0.0
1634,3.2680000000000002,3.27,-4.3701360477192175,4.836598492847874,0.23323122256432827,9.20673454056709,-0.0982417608360639,0.13210330531812517,1,1,-4.3701360477192175,4.836598492847874,-6.052636447915676,6.157909343747029,0.052636447915676676,12.210545791662705,0.10527289583135288,0.0,0.10527289583135288,0.0,-0.10527289583135288,-0.10527289583135288,0.0,0.0,0.0,0.0,0.0,0.0,0.00021075647788843958,0.0,6.001529720078587,5.724125111890107,2.0435042547006788e-15,1.3877787807814457e-16,0.4029997636824522,0.0,-6.300000000000001,6.4,0.14142135623730964,0.14142135623731,1.853449797651332e-08,4.726341854242652e-06,0.01200303458074818,0.0118,4.981321254919902e-06,0.01144793617054779,0.011600000000000001,0.3,0.0,0.19472710416864697,0.0
1639,3.278,3.2800000000000002,-4.370024484594786,4.830816851916471,0.23039618366084236,9.200841336511257,-0.09825996616095442,0.13235096327042117,1,1,-4.370024484594786,4.830816851916471,-6.052112706508062,6.156338119524186,0.05211270650806199,12.208450826032248,0.1042254130161244,0.0,0.1042254130161244,0.0,-0.1042254130161244,-0.1042254130161244,0.0,0.0,0.0,0.0,0.0,0.0,0.00020865941589500982,0.0,6.001585213057378,5.724905558779192,1.0229989598486977e-15,1.3877787807814457e-16,0.4029997636972787,0.0,-6.300000000000001,6.4,0.14142135623730964,0.14142135623731,1.8528098347322347e-08,4.726045323280963e-06,0.012003149992232981,0.0118,4.98534964030295e-06,0.011449500184283867,0.011600000000000001,0.3,0.0,0.19577458698387545,0.0
1644,3.2880000000000003,3.29,-4.369910931433896,4.825279206319852,0.22768413744297789,9.195190137753748,-0.09827841980876051,0.13257837722693872,1,1,-4.369910931433896,4.825279206319852,-6.051594176414526,6.154782529243579,0.05159417641452624,12.206376705658105,0.10318835282905234,0.0,0.10318835282905234,0.0,-0.10318835282905234,-0.10318835282905234,0.0,0.0,0.0,0.0,0.0,0.0,0.00020658322001705298,0.0,6.001629770911713,5.725678252514676,1.8578888427711604e-15,1.3877787807814457e-16,0.40299976371256196,0.0,-6.300000000000001,6.4,0.14142135623730964,0.14142135623731,1.8521682707742e-08,4.725739655907272e-06,0.012003243447843133,0.0118,4.989400139283618e-06,0.011451048660593623,0.011600000000000001,0.3,0.0,0.1968116471709475,0.0
1649,3.298,3.3000000000000003,-4.369795526231321,4.819966541070888,0.2250855074197835,9.189762067302208,-0.09829703686030283,0.1327878016506294,1,1,-4.369795526231321,4.819966541070888,-6.051080805781627,6.153242417344881,0.05108080578162699,12.204323223126508,0.10216161156325376,0.0,0.10216161156325376,0.0,-0.10216161156325376,-0.10216161156325376,0.0,0.0,0.0,0.0,0.0,0.0,0.00020452768263325112,0.0,6.001663605802847,5.726443270427411,7.046772020069536e-16,1.6653345369377348e-16,0.4029997637283037,0.0,-6.300000000000001,6.4,0.14142135623730964,0.14142135623731,1.8515251238236746e-08,4.725424819829756e-06,0.012003315373167624,0.0118,4.9934722900069065e-06,0.011452581754449643,0.011600000000000001,0.3,0.0,0.19783838843674606,0.0
1654,3.3080000000000003,3.31,-4.369678431343435,4.81486207273407,0.22259182069531747,9.184540504077505,-0.09831573262276433,0.13298116730702025,1,1,-4.369678431343435,4.81486207273407,-6.050572543271873,6.15171762981562,0.05057254327187355,12.202290173087492,0.10114508654374649,0.0,0.10114508654374649,0.0,-0.10114508654374649,-0.10114508654374649,0.0,0.0,0.0,0.0,0.0,0.0,0.0002024925981881529,0.0,6.001686926750957,5.727200689075722,1.2237932021930131e-15,1.6653345369377348e-16,0.40299976374450536,0.0,-6.300000000000001,6.4,0.14142135623730964,0.14142135623731,1.8508804123041413e-08,4.7251007845818025e-06,0.012003366187496572,0.0118,4.997565627171685e-06,0.011454099619276348,0.011600000000000001,0.3,0.0,0.19885491345625333,0.0
1659,3.318,3.3200000000000003,-4.369559829599118,4.8099509098363775,0.22019554011862974,9.179510739435496,-0.0983344237619796,0.1331601374540492,1,1,-4.369559829599118,4.8099509098363775,-6.050069338058591,6.150208014175772,0.050069338058590596,12.200277352234362,0.10013867611718143,0.0,0.10013867611718143,0.0,-0.10013867611718143,-0.10013867611718143,0.0,0.0,0.0,0.0,0.0,0.0,0.00020047776317161785,0.0,6.0016999396766755,5.727950584253073,1.334679979383968e-15,1.5265566588595902e-16,0.4029997637611684,0.0,-6.300000000000001,6.4,0.14142135623730964,0.14142135623731,1.8502341549758144e-08,4.724767521537551e-06,0.012003396303904458,0.0118,5.001679682279381e-06,0.011455602406965394,0.011600000000000001,0.3,0.0,0.1998613238828184,0.0
1664,3.3280000000000003,3.33,-4.369439920670459,4.8052197754206185,0.21788992737507984,9.174659696091076,-0.09835302920404299,0.13332615280170004,1,1,-4.369439920670459,4.8052197754206185,-6.049571139820839,6.148713419462516,0.04957113982083872,12.198284559283355,0.09914227964167725,0.0,0.09914227964167725,0.0,-0.09914227964167725,-0.09914227964167725,0.0,0.0,0.0,0.0,0.0,0.0,0.00019848297609846534,0.0,6.001702847442084,5.728693030995681,6.648327721681113e-16,1.8041124150158794e-16,0.4029997637782942,0.0,-6.300000000000001,6.4,0.14142135623730964,0.14142135623731,1.8495863708993995e-08,4.724425003998492e-06,0.012003406129332355,0.0118,5.005813983962604e-06,0.011457090267890904,0.011600000000000001,0.3,0.0,0.20085772035832256,0.0
1669,3.338,3.34,-4.369318917729689,4.800656778627545,0.21566893044892765,9.169975696357234,-0.09837147083677333,0.13348046774250416,1,1,-4.369318917729689,4.800656778627545,-6.0490778987383775,6.147233696215134,0.04907789873837842,12.196311594953512,0.09815579747675608,0.0,0.09815579747675608,0.0,-0.09815579747675608,-0.09815579747675608,0.0,0.0,0.0,0.0,0.0,0.0,0.0001965080374883257,0.0,6.001695849891217,5.729428103590037,8.579562841420918e-16,2.0816681711721685e-16,0.402999763795884,0.0,-6.300000000000001,6.4,0.14142135623730964,0.14142135623731,1.8489370794035326e-08,4.7240732072956045e-06,0.012003396064669124,0.0118,5.009968058289349e-06,0.011458563350924548,0.011600000000000001,0.3,0.0,0.2018442025232437,0.0
1674,3.348,3.35,-4.369197044403734,4.795747693702938,0.2132753246496022,9.164944738106673,-0.09838967403975718,0.117801237607493,1,1,-4.369197044403734,4.795747693702938,-6.04858956548669,6.145768696460069,0.048589565486689246,12.194358261946759,0.09717913097337937,0.0,0.09717913097337937,0.0,-0.09717913097337937,-0.09717913097337937,0.0,0.0,0.0,0.0,0.0,0.0,0.00019455274984569212,0.0,6.001679143890056,5.730155875580368,9.392443420241925e-16,1.8041124150158794e-16,0.4029997638139388,0.0,-6.300000000000001,6.4,0.14142135623730964,0.14142135623731,1.8482863000555376e-08,4.7237121088870574e-06,0.012003366504831593,0.0118,5.014141429049435e-06,0.011460021803450505,0.011600000000000001,0.3,0.0,0.20282086902662044,0.0
1679,3.358,3.36,-4.369074532026744,4.790928687460984,0.21092707771712016,9.160003219487727,-0.09840756806925699,0.1180579784882306,1,1,-4.369074532026744,4.790928687460984,-6.048106091232041,6.144318273696124,0.04810609123204124,12.192424364928165,0.09621218246408288,0.0,0.09621218246408288,0.0,-0.09621218246408288,-0.09621218246408288,0.0,0.0,0.0,0.0,0.0,0.0,0.00019261691764017096,0.0,6.001652923366027,5.7308764197760125,1.3149203947904198e-15,1.8041124150158794e-16,0.4029997638324598,0.0,-6.300000000000001,6.4,0.14142135623730964,0.14142135623731,1.847634052635198e-08,4.723341688549169e-06,0.012003317838843765,0.0118,5.018333618060922e-06,0.011461465771380228,0.011600000000000001,0.3,0.0,0.20378781753591693,0.0
1684,3.368,3.37,-4.368951617183193,4.7862772751175715,0.20866282896718946,9.155228892300764,-0.09842508632155744,0.11829820415304906,1,1,-4.368951617183193,4.7862772751175715,-6.0476274276266055,6.142882282879815,0.04762742762660466,12.19050971050642,0.09525485525320987,0.0,0.09525485525320987,0.0,-0.09525485525320987,-0.09525485525320987,0.0,0.0,0.0,0.0,0.0,0.0,0.00019070034728692846,0.0,6.00161737934701,5.731589808258736,7.441963711940502e-16,1.942890293094024e-16,0.4029997638514477,0.0,-6.300000000000001,6.4,0.14142135623730964,0.14142135623731,1.8469803571112765e-08,4.722961928498531e-06,0.012003250449915025,0.0118,5.0225441454965215e-06,0.011462895399167124,0.011600000000000001,0.3,0.0,0.20474514474678993,0.0
1689,3.378,3.38,-4.368828539528745,4.7817829716336195,0.2064772160524373,9.150611511162364,-0.09844216649555426,0.11852333983499469,1,1,-4.368828539528745,4.7817829716336195,-6.047153526803621,6.141460580410863,0.04715352680362095,12.188614107214484,0.0943070536072415,0.0,0.0943070536072415,0.0,-0.0943070536072415,-0.0943070536072415,0.0,0.0,0.0,0.0,0.0,0.0,0.00018880284712733213,0.0,6.001572699999856,5.732296112389973,5.689893001203927e-16,1.8041124150158794e-16,0.40299976387090336,0.0,-6.300000000000001,6.4,0.14142135623730964,0.14142135623731,1.8463252336205332e-08,4.722572813589621e-06,0.01200316471551737,0.0118,5.0267725301278435e-06,0.011464310829821031,0.011600000000000001,0.3,0.0,0.2056929463927583,0.0
1694,3.388,3.39,-4.368705539872653,4.777436297909773,0.20436537901856022,9.146141837782427,-0.09845875067272455,0.11873465341911832,1,1,-4.368705539872653,4.777436297909773,-6.046684341372611,6.140053024117835,0.046684341372611904,12.186737365490446,0.09336868274522331,0.0,0.09336868274522331,0.0,-0.09336868274522331,-0.09336868274522331,0.0,0.0,0.0,0.0,0.0,0.0,0.00018692422740978476,0.0,6.0015190706684445,5.732995402817983,1.5872719805187785e-15,2.220446049250313e-16,0.40299976389082737,0.0,-6.300000000000001,6.4,0.14142135623730964,0.14142135623731,1.8456687024490317e-08,4.7221743314902335e-06,0.012003061007461702,0.0118,5.031018289678446e-06,0.011465712204922604,0.011600000000000001,0.3,0.0,0.20663131725477646,0.0
1699,3.398,3.4,-4.368582858503437,4.773228653706715,0.2023228976016389,9.141811512210152,-0.09847478533012113,0.11893327653723654,1,1,-4.368582858503437,4.773228653706715,-6.046219824414643,6.138659473243931,0.046219824414643895,12.184879297658574,0.09243964882928715,0.0,0.09243964882928715,0.0,-0.09243964882928715,-0.09243964882928715,0.0,0.0,0.0,0.0,0.0,0.0,0.00018506430027074908,0.0,6.001456673911241,5.7336877494849645,6.800116025829084e-16,2.220446049250313e-16,0.4029997639112202,0.0,-6.300000000000001,6.4,0.14142135623730964,0.14142135623731,1.8450107840155315e-08,4.72176647287908e-06,0.012002939691973157,0.0118,5.035280941103615e-06,0.01146709966463754,0.011600000000000001,0.3,0.0,0.20756035117071261,0.0
1704,3.408,3.41,-4.368460733738599,4.7691522100246395,0.20034573814302048,9.137612943763237,-0.09849022129976875,0.11912022236980568,1,1,-4.368460733738599,4.7691522100246395,-6.045759929477633,6.137279788432901,0.045759929477633854,12.183039717910534,0.09151985895526722,0.0,0.09151985895526722,0.0,-0.09151985895526722,-0.09151985895526722,0.0,0.0,0.0,0.0,0.0,0.0,0.00018322287971596124,0.0,6.001385689538412,5.734373221634079,6.059605942021484e-16,2.636779683484747e-16,0.4029997639320822,0.0,-6.300000000000001,6.4,0.14142135623730964,0.14142135623731,1.844351498856808e-08,4.721349231599018e-06,0.012002801129765489,0.0118,5.039560000856813e-06,0.011468473347730648,0.011600000000000001,0.3,0.0,0.2084801410447325,0.0
1709,3.418,3.42,-4.368339400678969,4.765199817490028,0.19843020840552938,9.133539218168996,-0.09850501368580233,0.11929640073538056,1,1,-4.368339400678969,4.765199817490028,-6.045304610571705,6.135913831715115,0.045304610571704984,12.18121844228682,0.09060922114340961,0.0,0.09060922114340961,0.0,-0.09060922114340961,-0.09060922114340961,0.0,0.0,0.0,0.0,0.0,0.0,0.00018139978160183122,0.0,6.001306294648462,5.735051887816405,1.4085954624931674e-15,2.7755575615628914e-16,0.4029997639534134,0.0,-6.300000000000001,6.4,0.14142135623730964,0.14142135623731,1.8436908676147195e-08,4.720922604867979e-06,0.012002645676114558,0.0118,5.043854985269381e-06,0.011469833391579818,0.011600000000000001,0.3,0.0,0.2093907788565901,0.0
1714,3.428,3.43,-4.3682190901486155,4.761364927987388,0.1965729189193861,9.129584018136004,-0.09851912174890398,0.11946263093507714,1,1,-4.3682190901486155,4.761364927987388,-6.044853822164588,6.1345614664937616,0.04485382216458689,12.17941528865835,0.08970764432917429,0.0,0.08970764432917429,0.0,-0.08970764432917429,-0.08970764432917429,0.0,0.0,0.0,0.0,0.0,0.0,0.00017959482361702838,0.0,6.001218663664425,5.735723815897842,1.460339011175038e-15,2.3592239273284576e-16,0.4029997639752139,0.0,-6.300000000000001,6.4,0.14142135623730964,0.14142135623731,1.8430289110248958e-08,4.72048659339888e-06,0.012002473680930872,0.0118,5.048165410752592e-06,0.011471179932189822,0.011600000000000001,0.3,0.0,0.21029235567082546,0.0
1719,3.438,3.44,-4.368100027801979,4.757641527311041,0.19477074975453101,9.12574155511302,-0.09853250876602673,0.11961965273033864,1,1,-4.368100027801979,4.757641527311041,-6.044407519177064,6.133222557531193,0.044407519177064536,12.177630076708256,0.0888150383541285,0.0,0.0888150383541285,0.0,-0.0888150383541285,-0.0888150383541285,0.0,0.0,0.0,0.0,0.0,0.0,0.0001778078252642501,0.0,6.0011229683696,5.73638907306593,7.176876280767797e-16,2.3592239273284576e-16,0.40299976399748344,0.0,-6.300000000000001,6.4,0.14142135623730964,0.14142135623731,1.842365649906911e-08,4.7200412015617145e-06,0.012002285488831243,0.0118,5.052490794181797e-06,0.011472513104205996,0.011600000000000001,0.3,0.0,0.21118496164587125,0.0
1724,3.448,3.45,-4.367982433380877,4.7540240770339075,0.19302082182651503,9.122006510414785,-0.09854514187204275,0.11976813576169976,1,1,-4.367982433380877,4.7540240770339075,-6.043965656978465,6.131896970935396,0.04396565697846544,12.175862627913862,0.08793131395693092,0.0,0.08793131395693092,0.0,-0.08793131395693092,-0.08793131395693092,0.0,0.0,0.0,0.0,0.0,0.0,0.00017603860784217197,0.0,6.001019377942833,5.737047725836612,7.247620472522476e-16,2.0816681711721685e-16,0.40299976402022153,0.0,-6.300000000000001,6.4,0.14142135623730964,0.14142135623731,1.8417011051558216e-08,4.719586437479032e-06,0.01200208143920955,0.0118,5.056830653169531e-06,0.011473833040927793,0.011600000000000001,0.3,0.0,0.21206868604306886,0.0
1729,3.458,3.46,-4.36786652010516,4.750507464123608,0.19132047200922386,9.118373984228768,-0.09855699188878866,0.11990868765998974,1,1,-4.36786652010516,4.750507464123608,-6.043528191382203,6.130584574146608,0.04352819138220276,12.174112765528811,0.08705638276440536,0.0,0.08705638276440536,0.0,-0.08705638276440536,-0.08705638276440536,0.0,0.0,0.0,0.0,0.0,0.0,0.00017428699442757734,0.0,6.00090805899338,5.737699840060921,6.786021397586772e-16,2.220446049250313e-16,0.40299976404342763,0.0,-6.300000000000001,6.4,0.14142135623730964,0.14142135623731,1.841035297734961e-08,4.7191223131191955e-06,0.012001861866306595,0.0118,5.061184506340855e-06,0.011475139874322181,0.011600000000000001,0.3,0.0,0.2129436172355944,0.0
1734,3.468,3.47,-4.367752494181948,4.747086957101296,0.18966723145967412,9.114839451283245,-0.09856803314599899,0.12004186105638359,1,1,-4.367752494181948,4.747086957101296,-6.043095078641352,6.129285235924055,0.043095078641351314,12.172380314565407,0.08619015728270348,0.0,0.08619015728270348,0.0,-0.08619015728270348,-0.08619015728270348,0.0,0.0,0.0,0.0,0.0,0.0,0.00017255280985766514,0.0,6.000789175595311,5.738345480931624,1.6705387073656652e-15,2.0816681711721685e-16,0.40299976406710103,0.0,-6.300000000000001,6.4,0.14142135623730964,0.14142135623731,1.840368248669897e-08,4.718648844338569e-06,0.012001627099279141,0.0118,5.065551873704166e-06,0.011476433735036937,0.011600000000000001,0.3,0.0,0.2138098427172963,0.0
1739,3.478,3.48,-4.367640554419678,4.743758167750749,0.18805880666553554,9.111398722170428,-0.09857824329776624,0.12016815966149119,1,1,-4.367640554419678,4.743758167750749,-6.042666275444278,6.127998826332833,0.0426662754442777,12.17066510177711,0.08533255088855522,0.0,0.08533255088855522,0.0,-0.08533255088855522,-0.08533255088855522,0.0,0.0,0.0,0.0,0.0,0.0,0.00017083588071253322,0.0,6.000662889321502,5.738984712989768,1.16605943650816e-15,2.0816681711721685e-16,0.4029997640912406,0.0,-6.300000000000001,6.4,0.14142135623730964,0.14142135623731,1.8396999790434463e-08,4.718166050899285e-06,0.012001377462268011,0.0118,5.069932276886568e-06,0.01147771475241381,0.011600000000000001,0.3,0.0,0.21466744911144456,0.0
1744,3.488,3.49,-4.367530891934322,4.740517017555892,0.18649306281078504,9.108047909490214,-0.09858760313746939,0.12028804355439626,1,1,-4.367530891934322,4.740517017555892,-6.042241738910303,6.12672521673091,0.04224173891030336,12.168966955641213,0.08448347782060653,0.0,0.08448347782060653,0.0,-0.08448347782060653,-0.08448347782060653,0.0,0.0,0.0,0.0,0.0,0.0,0.0001691360352978362,0.0,6.000529359277187,5.739617600131192,6.539907504432563e-16,1.942890293094024e-16,0.4029997641158452,0.0,-6.300000000000001,6.4,0.14142135623730964,0.14142135623731,1.8390305099916806e-08,4.717673956444814e-06,0.012001113274465406,0.0118,5.074325239475819e-06,0.011478983054501518,0.011600000000000001,0.3,0.0,0.21551652217939327,0.0
1749,3.498,3.5,-4.367423689936349,4.7373597081830265,0.18496800912333855,9.104783398119377,-0.09859609641350395,0.12040193379879646,1,1,-4.367423689936349,4.7373597081830265,-6.041821426585421,6.125464279756264,0.04182142658542176,12.167285706341685,0.08364285317084302,0.0,0.08364285317084302,0.0,-0.08364285317084302,-0.08364285317084302,0.0,0.0,0.0,0.0,0.0,0.0,0.00016745310362761617,0.0,6.000388742133104,5.7402442056129575,1.8388068845354155e-16,1.942890293094024e-16,0.40299976414091354,0.0,-6.300000000000001,6.4,0.14142135623730964,0.14142135623731,1.8383598627008303e-08,4.717172588455559e-06,0.012000834850181337,0.0118,5.078730287302324e-06,0.011480238768068675,0.011600000000000001,0.3,0.0,0.21635714682915677,0.0
1754,3.508,3.5100000000000002,-4.3673191235881,4.734282695436299,0.18348178592409958,9.101601819024399,-0.09860370964766232,0.12051021648402271,1,1,-4.3673191235881,4.734282695436299,-6.04140529643805,6.124215889314149,0.041405296438049355,12.1656211857522,0.08281059287609921,0.0,0.08281059287609921,0.0,-0.08281059287609921,-0.08281059287609921,0.0,0.0,0.0,0.0,0.0,0.0,0.0001657869174073036,0.0,6.000241192158216,5.740864592059729,3.274561611449345e-16,1.942890293094024e-16,0.40299976416644395,0.0,-6.300000000000001,6.4,0.14142135623730964,0.14142135623731,1.8376880584050242e-08,4.716661978144498e-06,0.012000542498909243,0.0118,5.083146948712258e-06,0.011481482018616556,0.011600000000000001,0.3,0.0,0.21718940712390059,0.0
1759,3.5180000000000002,3.52,-4.367217359922277,4.731282666206764,0.18203265314224337,9.098500026129042,-0.09861043195758618,0.12061324627284903,1,1,-4.367217359922277,4.731282666206764,-6.040993306854825,6.122979920564478,0.04099330685482627,12.163973227419303,0.08198661370965206,0.0,0.08198661370965206,0.0,-0.08198661370965206,-0.08198661370965206,0.0,0.0,0.0,0.0,0.0,0.0,0.00016413731001688797,0.0,6.000086861252021,5.741478821470082,7.528699885739343e-16,2.3592239273284576e-16,0.4029997641924348,0.0,-6.300000000000001,6.4,0.14142135623730964,0.14142135623731,1.8370151183847886e-08,4.716142160332829e-06,0.012000236525390772,0.0118,5.08757475487398e-06,0.01148271293039174,0.011600000000000001,0.3,0.0,0.2180133862903477,0.0
1764,3.528,3.5300000000000002,-4.367118557813234,4.72835651801073,0.18061898009874788,9.095475075823964,-0.09861625488437484,0.12071134952497481,1,1,-4.367118557813234,4.72835651801073,-6.040585416636449,6.121756249909347,0.04058541663644899,12.162341666545796,0.08117083327289829,0.0,0.08117083327289829,0.0,-0.08117083327289829,-0.08117083327289829,0.0,0.0,0.0,0.0,0.0,0.0,0.0001625041164942556,0.0,5.999925898976463,5.742086955222753,9.510621457042845e-16,2.498001805406602e-16,0.402999764218884,0.0,-6.300000000000001,6.4,0.14142135623730964,0.14142135623731,1.8363410639662585e-08,4.715613173296767e-06,0.01199991722967977,0.0118,5.092013240008964e-06,0.011483931626398642,0.011600000000000001,0.3,0.0,0.21882916672710145,0.0
1769,3.5380000000000003,3.54,-4.3670228679936285,4.725501340775287,0.17923923639082906,9.092524208768914,-0.09862117222615402,0.12080482705429399,1,1,-4.3670228679936285,4.725501340775287,-6.040181584993557,6.1205447549806715,0.04018158499355717,12.160726339974229,0.08036316998711437,0.0,0.08036316998711437,0.0,-0.08036316998711437,-0.08036316998711437,0.0,0.0,0.0,0.0,0.0,0.0,0.0001608871735186932,0.0,5.999758452587433,5.74268905408283,3.8565071275309393e-16,2.7755575615628914e-16,0.40299976424578965,0.0,-6.300000000000001,6.4,0.14142135623730964,0.14142135623731,1.8356659165210227e-08,4.7150750585788055e-06,0.011999584907205442,0.0118,5.09646194166713e-06,0.011485138228411918,0.011600000000000001,0.3,0.0,0.21963683001288534,0.0
1774,3.548,3.5500000000000003,-4.366930433109833,4.722714400580412,0.17789198373528947,9.089644833690246,-0.0986251798781676,0.12089395656916122,1,1,-4.366930433109833,4.722714400580412,-6.03978177154265,6.119345314627948,0.03978177154264895,12.159127086170598,0.07956354308529873,0.0,0.07956354308529873,0.0,-0.07956354308529873,-0.07956354308529873,0.0,0.0,0.0,0.0,0.0,0.0,0.00015928631939455574,0.0,5.9995846670658874,5.743285178207885,1.2351231148954867e-15,2.7755575615628914e-16,0.40299976427314943,0.0,-6.300000000000001,6.4,0.14142135623730964,0.14142135623731,1.8349896974665684e-08,4.714527860778992e-06,0.011999239848834728,0.0118,5.100920400951115e-06,0.011486332856988742,0.011600000000000001,0.3,0.0,0.22043645691470098,0.0
1779,3.5580000000000003,3.56,-4.366841387810224,4.719993125109931,0.17657586864985353,9.086834512920156,-0.09862827567977087,0.12097899483745483,1,1,-4.366841387810224,4.719993125109931,-6.039385936302047,6.118157808906142,0.039385936302047675,12.157543745208189,0.07877187260409477,0.0,0.07877187260409477,0.0,-0.07877187260409477,-0.07877187260409477,0.0,0.0,0.0,0.0,0.0,0.0,0.0001577013940350968,0.0,5.999404685148555,5.74387538715404,1.1293049828609014e-15,3.0531133177191805e-16,0.402999764300961,0.0,-6.300000000000001,6.4,0.14142135623730964,0.14142135623731,1.8343124282672613e-08,4.713971627330663e-06,0.011998882340933902,0.0118,5.1053881627294295e-06,0.011487515631480961,0.011600000000000001,0.3,0.0,0.22122812739590492,0.0
1784,3.568,3.5700000000000003,-4.366755858861167,4.717335090599393,0.1752896158691133,9.08409094946056,-0.09863045926855121,0.12106017961205265,1,1,-4.366755858861167,4.717335090599393,-6.038994039687897,6.1169821190636915,0.038994039687897164,12.155976158751589,0.07798807937579467,0.0,0.07798807937579467,0.0,-0.07798807937579467,-0.07798807937579467,0.0,0.0,0.0,0.0,0.0,0.0,0.00015613223894645964,0.0,5.999218647358274,5.744459739881972,8.153200337090993e-16,2.914335439641036e-16,0.4029997643292219,0.0,-6.300000000000001,6.4,0.14142135623730964,0.14142135623731,1.83363413043582e-08,4.713406408247316e-06,0.011998512665429381,0.0118,5.109864775854067e-06,0.011488686670047168,0.011600000000000001,0.3,0.0,0.22201192062420502,0.0
1789,3.5780000000000003,3.58,-4.36667396528611,4.714738010098981,0.17403202240643534,9.081411975385091,-0.09863173194167657,0.12113773134716982,1,1,-4.36667396528611,4.714738010098981,-6.038606042510211,6.115818127530633,0.03860604251021105,12.154424170040844,0.07721208502042244,0.0,0.07721208502042244,0.0,-0.07721208502042244,-0.07721208502042244,0.0,0.0,0.0,0.0,0.0,0.0,0.00015457869721182774,0.0,5.999026692033938,5.745038294762879,1.1622647289044608e-16,2.914335439641036e-16,0.4029997643579294,0.0,-6.300000000000001,6.4,0.14142135623730964,0.14142135623731,1.83295482553524e-08,4.712832255858371e-06,0.011998131099867774,0.0118,5.1143497932892855e-06,0.011489846089664598,0.011600000000000001,0.3,0.0,0.22278791497957726,0.0
1794,3.588,3.59,-4.366595818523749,4.712199722894809,0.17280195218553018,9.078795541418557,-0.0986320965244726,0.12121185473165805,1,1,-4.366595818523749,4.712199722894809,-6.038221905968948,6.114665717906844,0.03822190596894792,12.152887623875792,0.07644381193789586,0.0,0.07644381193789586,0.0,-0.07644381193789586,-0.07644381193789586,0.0,0.0,0.0,0.0,0.0,0.0,0.00015304061347573303,0.0,5.998828955360064,5.745611109584356,1.392982951209376e-15,3.191891195797325e-16,0.40299976438708085,0.0,-6.300000000000001,6.4,0.14142135623730964,0.14142135623731,1.8322745351811187e-08,4.712249224580473e-06,0.01199773791747517,0.0118,5.1188427723314336e-06,0.011490994006140938,0.011600000000000001,0.3,0.0,0.2235561880621038,0.0
1799,3.598,3.6,-4.366521522601724,4.70971818495333,0.1715983311758027,9.076239707555054,-0.09863155724615325,0.12128274006170808,1,1,-4.366521522601724,4.70971818495333,-6.037841591650133,6.1135247749504,0.037841591650133566,12.151366366600532,0.07568318330026647,0.0,0.07568318330026647,0.0,-0.07568318330026647,-0.07568318330026647,0.0,0.0,0.0,0.0,0.0,0.0,0.00015151783392852014,0.0,5.998625571395995,5.746178241556238,6.245004513516506e-16,3.3306690738754696e-16,0.40299976441667346,0.0,-6.300000000000001,6.4,0.14142135623730964,0.14142135623731,1.8315932810443554e-08,4.711657370613281e-06,0.011997333387215689,0.0118,5.123343274684445e-06,0.011492130534126043,0.011600000000000001,0.3,0.0,0.2243168166997332,0.0
1804,3.608,3.61,-4.366451174322744,4.707291460271653,0.1704201429744545,9.073742634594398,-0.09863011962256737,0.12135056447230175,1,1,-4.366451174322744,4.707291460271653,-6.037465061522018,6.112395184566055,0.03746506152201867,12.149860246088073,0.07493012304403662,0.0,0.07493012304403662,0.0,-0.07493012304403662,-0.07493012304403662,0.0,0.0,0.0,0.0,0.0,0.0,0.00015001020629096544,0.0,5.998416672104718,5.746739747316375,4.839878497975292e-16,3.3306690738754696e-16,0.4029997644467043,0.0,-6.300000000000001,6.4,0.14142135623730964,0.14142135623731,1.8309110848541745e-08,4.711056751719649e-06,0.01199691777384927,0.0118,5.1278508665886234e-06,0.011493255787123484,0.011600000000000001,0.3,0.0,0.22506987695596303,0.0
1809,3.618,3.62,-4.366384863460434,4.70491771303196,0.16926642478576293,9.071302576492393,-0.09862779034578453,0.12141549304413662,1,1,-4.366384863460434,4.70491771303196,-6.037092277931277,6.11127683379383,0.03709227793127656,12.148369111725106,0.07418455586255317,0.0,0.07418455586255317,0.0,-0.07418455586255317,-0.07418455586255317,0.0,0.0,0.0,0.0,0.0,0.0,0.00014851757979904873,0.0,5.998202387381333,5.747295682936352,4.562322741819003e-16,3.191891195797325e-16,0.40299976447717045,0.0,-6.300000000000001,6.4,0.14142135623730964,0.14142135623731,1.8302279684014472e-08,4.710447426963617e-06,0.01199649133798875,0.0118,5.132365118911686e-06,0.01149436987750203,0.011600000000000001,0.3,0.0,0.2258154441374465,0.0
1814,3.628,3.63,-4.366322672962533,4.702595200471314,0.1681362637543904,9.068917873433847,-0.09862457718029516,0.12147767980052376,1,1,-4.366322672962533,4.702595200471314,-6.036723203599238,6.110169610797715,0.0367232035992382,12.146892814396953,0.07344640719847663,0.0,0.07344640719847663,0.0,-0.07344640719847663,-0.07344640719847663,0.0,0.0,0.0,0.0,0.0,0.0,0.000147039805188877,0.0,5.997982845081154,5.747846103927153,1.1206313654810174e-15,3.191891195797325e-16,0.4029997645080689,0.0,-6.300000000000001,6.4,0.14142135623730964,0.14142135623731,1.8295439535422718e-08,4.709829456472815e-06,0.01199605433615621,0.0118,5.136885607204267e-06,0.011495472916506986,0.011600000000000001,0.3,0.0,0.22655359280152304,0.0
1819,3.638,3.64,-4.366264679159423,4.700322266389395,0.1670287936149859,9.066586945548817,-0.09862048886559185,0.12153726860684388,1,1,-4.366264679159423,4.700322266389395,-6.036357801618163,6.109073404854488,0.03635780161816271,12.14543120647265,0.07271560323632549,0.0,0.07271560323632549,0.0,-0.07271560323632549,-0.07271560323632549,0.0,0.0,0.0,0.0,0.0,0.0,0.00014557673468175775,0.0,5.997758171047459,5.748391065244768,9.43689570931383e-16,2.914335439641036e-16,0.40299976453939657,0.0,-6.300000000000001,6.4,0.14142135623730964,0.14142135623731,1.8288590622017858e-08,4.709202901243067e-06,0.011995607020838612,0.0118,5.141411911753213e-06,0.011496565014271437,0.011600000000000001,0.3,0.0,0.2272843967636742,0.0
1824,3.648,3.65,-4.366210951976177,4.697875517934822,0.16583228297932262,9.064086469910999,-0.0986155350248677,0.10889871649250538,1,1,-4.366210951976177,4.697875517934822,-6.035996035447548,6.107988106342642,0.03599603544754704,12.14398414179019,0.07199207089509453,0.0,0.07199207089509453,0.0,-0.07199207089509453,-0.07199207089509453,0.0,0.0,0.0,0.0,0.0,0.0,0.00014412822196942102,0.0,5.9975284891388805,5.7489306212957425,6.019490461639521e-16,2.914335439641036e-16,0.4029997645711504,0.0,-6.300000000000001,6.4,0.14142135623730964,0.14142135623731,1.8281733163781813e-08,4.708567822931895e-06,0.011995149640542727,0.0118,5.145943617559379e-06,0.01149764627982737,0.011600000000000001,0.3,0.0,0.22800792910490517,0.0
1829,3.658,3.66,-4.366161555146636,4.695444478152212,0.16464146150278802,9.061606033298848,-0.09860972607956667,0.10898019667485687,1,1,-4.366161555146636,4.695444478152212,-6.035637868910473,6.10691360673142,0.03563786891047371,12.142551475641893,0.07127573782094665,0.0,0.07127573782094665,0.0,-0.07127573782094665,-0.07127573782094665,0.0,0.0,0.0,0.0,0.0,0.0,0.00014269412219938845,0.0,5.997293921256457,5.749464825942673,1.025221574302293e-15,3.0531133177191805e-16,0.40299976460332726,0.0,-6.300000000000001,6.4,0.14142135623730964,0.14142135623731,1.8274867381468852e-08,4.707924283705299e-06,0.011994682439849382,0.0118,5.1504803144108995e-06,0.011498716821116688,0.011600000000000001,0.3,0.0,0.22872426217905303,0.0
1834,3.668,3.67,-4.366116546428185,4.693065104033026,0.16347427880242016,9.05918165046121,-0.09860307316951034,0.10905850223274033,1,1,-4.366116546428185,4.693065104033026,-6.035283266189989,6.105849798569967,0.03528326618998889,12.141133064759956,0.07056653237997751,0.0,0.07056653237997751,0.0,-0.07056653237997751,-0.07056653237997751,0.0,0.0,0.0,0.0,0.0,0.0,0.000141274291960488,0.0,5.997054587370343,5.749993732509658,1.7763568394002505e-15,3.0531133177191805e-16,0.402999764635924,0.0,-6.300000000000001,6.4,0.14142135623730964,0.14142135623731,1.8267993496648947e-08,4.707272346088993e-06,0.011994205659466994,0.0118,5.1550215967788305e-06,0.01149977674500211,0.011600000000000001,0.3,0.0,0.22943346762002217,0.0
1839,3.678,3.68,-4.366075977816107,4.690735754718162,0.16232988845102758,9.056811732534268,-0.09859558807832486,0.1091337885455064,1,1,-4.366075977816107,4.690735754718162,-6.0349321918255265,6.104796575476578,0.03493219182552565,12.139728767302104,0.06986438365105202,0.0,0.06986438365105202,0.0,-0.06986438365105202,-0.06986438365105202,0.0,0.0,0.0,0.0,0.0,0.0,0.00013986858926851256,0.0,5.996810605546168,5.750517393787664,4.40619762898109e-16,2.7755575615628914e-16,0.40299976466893755,0.0,-6.300000000000001,6.4,0.14142135623730964,0.14142135623731,1.8261111731752262e-08,4.706612072877366e-06,0.011993719536284446,0.0118,5.159567063859338e-06,0.011500826157277981,0.011600000000000001,0.3,0.0,0.2301356163489477,0.0
1844,3.688,3.69,-4.366039895756572,4.6884548677750235,0.16120748600922585,9.054494763531595,-0.09858728316389578,0.10920620154148353,1,1,-4.366039895756572,4.6884548677750235,-6.034584610709357,6.103753832128068,0.0345846107093557,12.138338442837425,0.06916922141871215,0.0,0.06916922141871215,0.0,-0.06916922141871215,-0.06916922141871215,0.0,0.0,0.0,0.0,0.0,0.0,0.00013847687355202155,0.0,5.9965620919710805,5.751035862039887,5.037474343910775e-16,2.7755575615628914e-16,0.40299976470236476,0.0,-6.300000000000001,6.4,0.14142135623730964,0.14142135623731,1.82542223101146e-08,4.705943527044661e-06,0.011993224303423295,0.0118,5.164116319447132e-06,0.011501865162680942,0.011600000000000001,0.3,0.0,0.23083077858128756,0.0
1849,3.698,3.7,-4.36600834135745,4.6862209540399276,0.1601063063412389,9.052229295397378,-0.09857817129358043,0.10927587839532515,1,1,-4.36600834135745,4.6862209540399276,-6.034240488083078,6.102721464249233,0.03424048808307756,12.13696195233231,0.06848097616615535,0.0,0.06848097616615535,0.0,-0.06848097616615535,-0.06848097616615535,0.0,0.0,0.0,0.0,0.0,0.0,0.0001370990056382835,0.0,5.996309160979446,5.751549189007006,7.636306951358529e-16,2.636779683484747e-16,0.4029997647362024,0.0,-6.300000000000001,6.4,0.14142135623730964,0.14142135623731,1.8247325456023645e-08,4.705266771720554e-06,0.011992720190289302,0.0118,5.168668971911039e-06,0.011502893864900521,0.011600000000000001,0.3,0.0,0.23151902383384437,0.0
1854,3.708,3.71,-4.365981350596274,4.684032592887327,0.15902562114552632,9.050013943483602,-0.09856826578391487,0.1093429481646277,1,1,-4.365981350596274,4.684032592887327,-6.033899789534142,6.101699368602424,0.03389978953414108,12.135599158136566,0.06779957906828284,0.0,0.06779957906828284,0.0,-0.06779957906828284,-0.06779957906828284,0.0,0.0,0.0,0.0,0.0,0.0,0.0001357348477393588,0.0,5.996051925078229,5.752057425912426,3.6009064653674816e-16,2.914335439641036e-16,0.4029997647704474,0.0,-6.300000000000001,6.4,0.14142135623730964,0.14142135623731,1.824042139476566e-08,4.70458187017905e-06,0.011992207422623326,0.0118,5.173224634100748e-06,0.011503912366589606,0.011600000000000001,0.3,0.0,0.23220042093171686,0.0
1859,3.718,3.72,-4.365958954524799,4.681888427883875,0.15796473667953803,9.047847382408673,-0.09855758034456069,0.1094075323719039,1,1,-4.365958954524799,4.681888427883875,-6.033562480992408,6.100687442977225,0.03356248099240844,12.134249923969634,0.067124961984817,0.0,0.067124961984817,0.0,-0.067124961984817,-0.067124961984817,0.0,0.0,0.0,0.0,0.0,0.0,0.0001343842634383208,0.0,5.995790494972045,5.752560623467444,1.672273430841642e-15,3.191891195797325e-16,0.4029997648050965,0.0,-6.300000000000001,6.4,0.14142135623730964,0.14142135623731,1.8233510352672543e-08,4.703888885856246e-06,0.011991686222551567,0.0118,5.177782923238006e-06,0.011504920769374816,0.011600000000000001,0.3,0.0,0.23287503801518267,0.0
1864,3.728,3.73,-4.3659411794696785,4.67978716279005,0.15692299166018575,9.045728342259729,-0.09854612902624377,0.10946974553732086,1,1,-4.3659411794696785,4.67978716279005,-6.0332285287267435,6.099685586180231,0.033228528726743534,12.132914114906974,0.0664570574534873,0.0,0.0664570574534873,0.0,-0.0664570574534873,-0.0664570574534873,0.0,0.0,0.0,0.0,0.0,0.0,0.00013304711767561395,0.0,5.9955249795874135,5.753458431875882,6.904199434387692e-16,2.914335439641036e-16,0.4029997648401466,0.0,-6.300000000000001,6.300000000000001,0.14142135623730964,0.14142135623730953,1.8227086006381612e-08,4.70318788243693e-06,0.011991156808635155,0.0118,5.1823434608211375e-06,0.011506319173866747,0.0118,0.3,0.0,0.2335429425465124,0.0
1869,3.738,3.74,-4.3659280472289135,4.677727557876272,0.1558997553236794,9.043655605105187,-0.0985339261724491,0.10952969566699194,1,1,-4.3659280472289135,4.677727557876272,-6.032897899341642,6.098693698024927,0.03289789934164222,12.131591597366569,0.06579579868328402,0.0,0.06579579868328402,0.0,-0.06579579868328402,-0.06579579868328402,0.0,0.0,0.0,0.0,0.0,0.0,0.0001317232767355476,0.0,5.9952554860893175,5.754943728775362,5.533767888366015e-16,2.636779683484747e-16,0.4029997648755944,0.0,-6.300000000000001,6.300000000000001,0.14142135623730964,0.14142135623730953,1.822262889587311e-08,4.702478923923411e-06,0.011990619395904383,0.0118,5.186905872482939e-06,0.011509295711607451,0.0118,0.3,0.0,0.2342042013167157,0.0
1874,3.748,3.75,-4.365919575263745,4.675708426523999,0.15489442563012723,9.041628001787744,-0.09852098637464585,0.10958748470109678,1,1,-4.365919575263745,4.675708426523999,-6.03257055977389,6.097711679321669,0.03257055977388923,12.130282239095559,0.06514111954777907,0.0,0.06514111954777907,0.0,-0.06514111954777907,-0.06514111954777907,0.0,0.0,0.0,0.0,0.0,0.0,0.00013041260823292453,0.0,5.994982119919675,5.756414254746871,1.333460251939922e-15,2.7755575615628914e-16,0.4029997649114368,0.0,-6.300000000000001,6.300000000000001,0.14142135623730964,0.14142135623730953,1.8218165428344443e-08,4.701762074793175e-06,0.011990074195926917,0.0118,5.191469787901859e-06,0.011512242648287069,0.0118,0.3,0.0,0.23485888045222064,0.0
1879,3.758,3.7600000000000002,-4.365915776885778,4.673728631965927,0.15390642754007455,9.039644408851705,-0.09850732443082197,0.10964320909409686,1,1,-4.365915776885778,4.673728631965927,-6.032246477289257,6.09673943186777,0.03224647728925678,12.128985909157027,0.06449295457851334,0.0,0.06449295457851334,0.0,-0.06449295457851334,-0.06449295457851334,0.0,0.0,0.0,0.0,0.0,0.0,0.0001291149810998023,0.0,5.99470498481812,5.757870156916456,9.500321536404233e-16,3.0531133177191805e-16,0.4029997649476704,0.0,-6.300000000000001,6.300000000000001,0.14142135623730964,0.14142135623730953,1.821369584330868e-08,4.701037400138773e-06,0.011989521416860351,0.0118,5.196034840622143e-06,0.01151516027874812,0.0118,0.3,0.0,0.23550704542148634,0.0
1884,3.7680000000000002,3.77,-4.365916661439157,4.6717870667644075,0.15293520266262517,9.037703728203564,-0.09849295530712704,0.10969698247716653,1,1,-4.365916661439157,4.6717870667644075,-6.0319256194792255,6.095776858437675,0.031925619479224565,12.1277024779169,0.06385123895844975,0.0,0.06385123895844975,0.0,-0.06385123895844975,-0.06385123895844975,0.0,0.0,0.0,0.0,0.0,0.0,0.0001278302655723862,0.0,5.994424182842541,5.759311580942958,5.412337245047638e-16,3.469446951953614e-16,0.402999764984292,0.0,-6.300000000000001,6.300000000000001,0.14142135623730964,0.14142135623730953,1.820922038800048e-08,4.700304965858775e-06,0.011988961263489424,0.0118,5.200600667945033e-06,0.011518048894892805,0.0118,0.3,0.0,0.2361487610415499,0.0
1889,3.778,3.7800000000000002,-4.3659222344776625,4.669882448608062,0.15198010706519982,9.035804683085725,-0.0984778941024228,0.10974915817602321,1,1,-4.3659222344776625,4.669882448608062,-6.031607954257746,6.094823862773238,0.031607954257745874,12.126431817030983,0.06321590851549158,0.0,0.06321590851549158,0.0,-0.06321590851549158,-0.06321590851549158,0.0,0.0,0.0,0.0,0.0,0.0,0.00012655833317805297,0.0,5.99413981439229,5.760738671032652,2.095545958979983e-15,3.608224830031759e-16,0.40299976502129825,0.0,-6.300000000000001,6.300000000000001,0.14142135623730964,0.14142135623730953,1.8204739314101912e-08,4.699564838882038e-06,0.01198839393727257,0.0118,5.205166910748904e-06,0.01152090878571238,0.0118,0.3,0.0,0.23678409148450805,0.0
1894,3.7880000000000003,3.79,-4.365932497936653,4.6680127665311995,0.15104013429727337,9.033945264467853,-0.09846215601556241,0.10980080888357141,1,1,-4.365932497936653,4.6680127665311995,-6.031293449858032,6.093880349574097,0.031293449858032396,12.12517379943213,0.06258689971606506,0.0,0.06258689971606506,0.0,-0.06258689971606506,-0.06258689971606506,0.0,0.0,0.0,0.0,0.0,0.0,0.00012529905672250315,0.0,5.993851978231103,5.762151569953719,6.175615574477433e-16,3.469446951953614e-16,0.40299976505868573,0.0,-6.300000000000001,6.300000000000001,0.14142135623730964,0.14142135623730953,1.8200252876524634e-08,4.698817087405294e-06,0.011987819636387866,0.0118,5.209733213364931e-06,0.01152374023731615,0.0118,0.3,0.0,0.23741310028393459,0.0
1899,3.798,3.8000000000000003,-4.365947450299801,4.6661747984705295,0.15011367408536413,9.032122248770332,-0.09844575631521177,0.10985391633994382,1,1,-4.365947450299801,4.6661747984705295,-6.0309820748293825,6.092946224488149,0.03098207482938342,12.123928299317532,0.061964149658766066,0.0,0.061964149658766066,0.0,-0.061964149658766066,-0.061964149658766066,0.0,0.0,0.0,0.0,0.0,0.0,0.00012405231027704184,0.0,5.993560771509719,5.763550419050609,9.00755164900957e-16,3.608224830031759e-16,0.40299976509645097,0.0,-6.300000000000001,6.300000000000001,0.14142135623730964,0.14142135623730953,1.8195761332799327e-08,4.698061781135178e-06,0.011987238555778401,0.0118,5.214299223390561e-06,0.011526543532960213,0.0118,0.3,0.0,0.23803585034123356,0.0
1904,3.8080000000000003,3.81,-4.365967086760613,4.664364144832479,0.149198529035933,9.030331231593092,-0.09842871031205902,0.10991102326277716,1,1,-4.365967086760613,4.664364144832479,-6.0306737980340355,6.092021394102105,0.030673798034034583,12.12269519213614,0.0613475960680699,0.0,0.0613475960680699,0.0,-0.0613475960680699,-0.0613475960680699,0.0,0.0,0.0,0.0,0.0,0.0,0.00012281796916598547,0.0,5.993266289788227,5.764935358258209,2.779623319709712e-15,3.469446951953614e-16,0.4029997651345903,0.0,-6.300000000000001,6.300000000000001,0.14142135623730964,0.14142135623730953,1.819126494272055e-08,4.6972989915990905e-06,0.011986650887197059,0.0118,5.218864591556294e-06,0.011529318953075919,0.0118,0.3,0.0,0.23865240393192974,0.0
1909,3.818,3.8200000000000003,-4.36599139937874,4.662575682242219,0.1482921414317393,9.02856708162096,-0.09841103333324885,0.10997468311309391,1,1,-4.36599139937874,4.662575682242219,-6.030368588644052,6.091105765932156,0.030368588644051897,12.121474354576208,0.06073717728810372,0.0,0.06073717728810372,0.0,-0.06073717728810372,-0.06073717728810372,0.0,0.0,0.0,0.0,0.0,0.0,0.00012159590995419436,0.0,5.992968627058113,5.76630652611592,5.290906601729262e-16,3.5388358909926865e-16,0.40299976517310016,0.0,-6.300000000000001,6.300000000000001,0.14142135623730964,0.14142135623730953,1.818676396812105e-08,4.696528792429414e-06,0.011986056819250761,0.0118,5.223428971536937e-06,0.011532066775298023,0.0118,0.3,0.0,0.23926282271189592,0.0
1914,3.8280000000000003,3.83,-4.366020377231116,4.660804128941363,0.14739187585512337,9.02682450617248,-0.09839274069889561,0.11004703291366408,1,1,-4.366020377231116,4.660804128941363,-6.030066416138241,6.090199248414721,0.030066416138240015,12.120265664552962,0.060132832276480835,0.0,0.060132832276480835,0.0,-0.060132832276480835,-0.060132832276480835,0.0,0.0,0.0,0.0,0.0,0.0,0.00012038601043472892,0.0,5.992667875764047,5.767664059781559,5.175981171445798e-16,3.3306690738754696e-16,0.4029997652119767,0.0,-6.300000000000001,6.300000000000001,0.14142135623730964,0.14142135623730953,1.818225867271972e-08,4.695751259676595e-06,0.01198545653744411,0.0118,5.227992019793959e-06,0.011534787274492581,0.0118,0.3,0.0,0.23986716772351882,0.0
1919,3.838,3.84,-4.3660540065579845,4.659044512999659,0.14649525322083745,9.025098519557645,-0.09837384770053581,0.11012958469918926,1,1,-4.3660540065579845,4.659044512999659,-6.029767250299098,6.089301750897295,0.029767250299098436,12.119069001196394,0.059534500598196455,0.0,0.059534500598196455,0.0,-0.059534500598196455,-0.059534500598196455,0.0,0.0,0.0,0.0,0.0,0.0,0.00011918814961662898,0.0,5.992364126825371,5.769008095045137,4.874572967494828e-16,3.608224830031759e-16,0.402999765251216,0.0,-6.300000000000001,6.300000000000001,0.14142135623730964,0.14142135623730953,1.8177749322014863e-08,4.6949664721200105e-06,0.011984850224222507,0.0118,5.232553395417838e-06,0.011537480722784548,0.0118,0.3,0.0,0.24046549940180317,0.0
1924,3.848,3.85,-4.366092270903868,4.657292474147755,0.14560010162194326,9.023384745051622,-0.09835436958139265,0.11022319430858546,1,1,-4.366092270903868,4.657292474147755,-6.029471061209792,6.088413183629376,0.029471061209791927,12.117884244839168,0.05894212241958415,0.0,0.05894212241958415,0.0,-0.05894212241958415,-0.05894212241958415,0.0,0.0,0.0,0.0,0.0,0.0,0.00011800220771281449,0.0,5.99205746965733,5.7703387663424905,8.480764918453176e-16,3.400058012914542e-16,0.4029997652908139,0.0,-6.300000000000001,6.300000000000001,0.14142135623730964,0.14142135623730953,1.8173236183207075e-08,4.6941745116143524e-06,0.011984238059014713,0.0118,5.237112759948204e-06,0.011540147389585104,0.0118,0.3,0.0,0.2410578775804155,0.0
1929,3.858,3.86,-4.366135151253579,4.655544410980645,0.14470462986353283,9.021679562234224,-0.09833432151832619,0.11032813384073942,1,1,-4.366135151253579,4.655544410980645,-6.029177819251166,6.087533457753499,0.029177819251166248,12.116711277004665,0.0583556385023324,0.0,0.0583556385023324,0.0,-0.0583556385023324,-0.0583556385023324,0.0,0.0,0.0,0.0,0.0,0.0,0.00011682806612810679,0.0,5.991747992192032,5.771656206768789,1.3852580107304169e-15,3.469446951953614e-16,0.4029997653307662,0.0,-6.300000000000001,6.300000000000001,0.14142135623730964,0.14142135623730953,1.8168719525142307e-08,4.693375463420478e-06,0.011983620218274873,0.0118,5.241669777207303e-06,0.011542787541618702,0.0118,0.3,0.0,0.24164436149766724,0.0
1934,3.868,3.87,-4.36618262616336,4.653797513817055,0.14380744382684751,9.019980139980415,-0.09831371860535745,0.11044420783412612,1,1,-4.36618262616336,4.653797513817055,-6.02888749509878,6.086662485296341,0.028887495098780747,12.115549980395121,0.057774990197560744,0.0,0.057774990197560744,0.0,-0.057774990197560744,-0.057774990197560744,0.0,0.0,0.0,0.0,0.0,0.0,0.00011566560744736895,0.0,5.991435780899135,5.772960548091895,1.2125717097077882e-15,3.3306690738754696e-16,0.40299976537106846,0.0,-6.300000000000001,6.300000000000001,0.14142135623730964,0.14142135623730953,1.816419961826921e-08,4.692569416538472e-06,0.011982996875523986,0.0118,5.246224113153453e-06,0.011545401442949861,0.0118,0.3,0.0,0.2422250098024389,0.0
1939,3.878,3.88,-4.366234671887247,4.6520497247650985,0.1429075264389259,9.018284396652344,-0.09829257583865783,0.11057087601205953,1,1,-4.366234671887247,4.6520497247650985,-6.028600059719977,6.085800179159932,0.028600059719977367,12.11440023887991,0.05720011943995484,0.0,0.05720011943995484,0.0,-0.05720011943995484,-0.05720011943995484,0.0,0.0,0.0,0.0,0.0,0.0,0.00011451471542376417,0.0,5.991120920806267,5.774251920765587,2.22218077272629e-15,3.400058012914542e-16,0.40299976541171595,0.0,-6.300000000000001,6.300000000000001,0.14142135623730964,0.14142135623730953,1.8159676734606745e-08,4.691756464047383e-06,0.011982368201390895,0.0118,5.250775435690081e-06,0.01154798935500968,0.0118,0.3,0.0,0.2427998805600448,0.0
1944,3.888,3.89,-4.366291262498787,4.650299657925852,0.14200419771353268,9.016590920424639,-0.09827090810290054,0.11070736373320747,1,1,-4.366291262498787,4.650299657925852,-6.02831548437098,6.08494645311294,0.02831548437097986,12.11326193748392,0.056630968741959845,0.0,0.056630968741959845,0.0,-0.056630968741959845,-0.056630968741959845,0.0,0.0,0.0,0.0,0.0,0.0,0.00011337527496713102,0.0,5.990803495519213,5.775530453942672,7.979727989493313e-16,3.469446951953614e-16,0.4029997654527039,0.0,-6.300000000000001,6.300000000000001,0.14142135623730964,0.14142135623730953,1.8155151147719477e-08,4.690936703440501e-06,0.011981734363652692,0.0118,5.255323414512514e-06,0.011550551536622058,0.0118,0.3,0.0,0.2433690312580398,0.0
1949,3.898,3.9,-4.366352370008203,4.648546502585741,0.14109706628876895,9.014898872593943,-0.09824873015888427,0.11085275289977367,1,1,-4.366352370008203,4.648546502585741,-6.028033740594015,6.084101221782047,0.028033740594016088,12.112134962376063,0.05606748118803168,0.0,0.05606748118803168,0.0,-0.05606748118803168,-0.05606748118803168,0.0,0.0,0.0,0.0,0.0,0.0,0.00011224717213247427,0.0,5.990483587241804,5.776796275487936,2.282896094385478e-15,3.2612801348363973e-16,0.4029997654940271,0.0,-6.300000000000001,6.300000000000001,0.14142135623730964,0.14142135623730953,1.8150623132698445e-08,4.6901102369628745e-06,0.011981095527274664,0.0118,5.259867720974754e-06,0.011553088244029732,0.0118,0.3,0.0,0.24393251881196798,0.0
1954,3.908,3.91,-4.366417964475136,4.646789923812733,0.1401859796687983,9.01320788828787,-0.09822605663233397,0.11100605242246306,1,1,-4.366417964475136,4.646789923812733,-6.027754800214473,6.083264400643418,0.027754800214472297,12.111019200857891,0.055509600428945365,0.0,0.055509600428945365,0.0,-0.055509600428945365,-0.055509600428945365,0.0,0.0,0.0,0.0,0.0,0.0,0.0001111302941085704,0.0,5.990161276795586,5.778049511990989,1.1813466871402056e-15,3.677613769070831e-16,0.40299976553568023,0.0,-6.300000000000001,6.300000000000001,0.14142135623730964,0.14142135623730953,1.8146092966146408e-08,4.689277171913281e-06,0.011980451854449695,0.0118,5.264408027880751e-06,0.011555599730919951,0.0118,0.3,0.0,0.24449039957105426,0.0
1959,3.918,3.92,-4.366488014117089,4.645029968730947,0.13927097730692894,9.011517982848037,-0.09820290200380499,0.1111662503163266,1,1,-4.366488014117089,4.645029968730947,-6.02747863533808,6.082435906014241,0.02747863533808026,12.109914541352321,0.05495727067616011,0.0,0.05495727067616011,0.0,-0.05495727067616011,-0.05495727067616011,0.0,0.0,0.0,0.0,0.0,0.0,0.00011002452920668627,0.0,5.989836643639223,5.77929028877898,1.1362438767648086e-15,3.8163916471489756e-16,0.4029997655776577,0.0,-6.300000000000001,6.300000000000001,0.14142135623730964,0.14142135623730953,1.814156092616621e-08,4.688437620979525e-06,0.011979803504637185,0.0118,5.2689440093955936e-06,0.01155808624844996,0.0118,0.3,0.0,0.2450427293238395,0.0
1964,3.928,3.93,-4.366562485413681,4.643266982635273,0.1383522486107962,9.009829468048954,-0.09817928059960346,0.11133235056479202,1,1,-4.366562485413681,4.643266982635273,-6.02720521834812,6.081615655044361,0.027205218348120397,12.108820873392482,0.05441043669624035,0.0,0.05441043669624035,0.0,-0.05441043669624035,-0.05441043669624035,0.0,0.0,0.0,0.0,0.0,0.0,0.00010892976684941024,0.0,5.989509765887658,5.780518729929157,1.7104373473131318e-15,3.885780586188048e-16,0.4029997656199535,0.0,-6.300000000000001,6.300000000000001,0.14142135623730964,0.14142135623730953,1.813702729235163e-08,4.687591702524869e-06,0.01197915063460147,0.0118,5.273475340838996e-06,0.011560548045272234,0.0118,0.3,0.0,0.24558956330375925,0.0
1969,3.938,3.94,-4.366641343206861,4.6415015365233705,0.1374300966582549,9.008142879730231,-0.09815520658365467,0.11150339797692546,1,1,-4.366641343206861,4.6415015365233705,-6.026934521902667,6.080803565707998,0.026934521902665765,12.107738087610665,0.05386904380533239,0.0,0.05386904380533239,0.0,-0.05386904380533239,-0.05386904380533239,0.0,0.0,0.0,0.0,0.0,0.0,0.00010784589755959424,0.0,5.9891807203310234,5.781734958281343,4.701100619897147e-16,3.608224830031759e-16,0.40299976566256146,0.0,-6.300000000000001,6.300000000000001,0.14142135623730964,0.14142135623730953,1.8132492345779847e-08,4.686739540883353e-06,0.011978493398449731,0.0118,5.278001698587609e-06,0.011562985367559394,0.0118,0.3,0.0,0.24613095619466724,0.0
1974,3.948,3.95,-4.366724550797182,4.639734366098812,0.13650490765081535,9.006458916895994,-0.09813069395025686,0.11167849391685095,1,1,-4.366724550797182,4.639734366098812,-6.026666518931847,6.079999556795544,0.026666518931848238,12.106666075727391,0.05333303786369598,0.0,0.05333303786369598,0.0,-0.05333303786369598,-0.05333303786369598,0.0,0.0,0.0,0.0,0.0,0.0,0.00010677281294940609,0.0,5.988849582453316,5.782939095450252,6.002143226879753e-16,3.5388358909926865e-16,0.4029997657054751,0.0,-6.300000000000001,6.300000000000001,0.14142135623730964,0.14142135623730953,1.8127956369005335e-08,4.68588126661515e-06,0.011977831947669453,0.0118,5.282522759906261e-06,0.011565398459028953,0.0118,0.3,0.0,0.24666696213630365,0.0
1979,3.958,3.96,-4.366812070036277,4.63796632147207,0.1355771257178966,9.004778391508346,-0.09810575651764575,0.1118568052934013,1,1,-4.366812070036277,4.63796632147207,-6.026401182635145,6.079203547905435,0.026401182635145126,12.10560473054058,0.052802365270290294,0.0,0.052802365270290294,0.0,-0.052802365270290294,-0.052802365270290294,0.0,0.0,0.0,0.0,0.0,0.0,0.00010571040570949051,0.0,5.988516426450829,5.7841312618376985,2.931682674400804e-16,3.191891195797325e-16,0.40299976574868746,0.0,-6.300000000000001,6.300000000000001,0.14142135623730964,0.14142135623730953,1.8123419646054416e-08,4.685017016784118e-06,0.011977166431165375,0.0118,5.287038202854699e-06,0.011567787560967765,0.0118,0.3,0.0,0.24719763472970938,0.0
1984,3.968,3.97,-4.366903861415651,4.636198326396249,0.1346472324902992,9.0031021878119,-0.09808040792232159,0.11203756870377918,1,1,-4.366903861415651,4.636198326396249,-6.0261384864787075,6.078415459436121,0.026138486478706646,12.104553945914828,0.05227697295741376,0.0,0.05227697295741376,0.0,-0.05227697295741376,-0.05227697295741376,0.0,0.0,0.0,0.0,0.0,0.0,0.0001046585695982382,0.0,5.988181325250348,5.785311576644687,9.447331155224004e-16,3.122502256758253e-16,0.40299976579219143,0.0,-6.300000000000001,6.300000000000001,0.14142135623730964,0.14142135623730953,1.8118882462420413e-08,4.684146935179844e-06,0.011976496995295988,0.0118,5.291547706116617e-06,0.011570152912256236,0.0118,0.3,0.0,0.24772302704258592,0.0
1989,3.978,3.98,-4.366999884151908,4.6344313457470445,0.13371573079756827,9.001431229898952,-0.09805466161407622,0.11222009118760423,1,1,-4.366999884151908,4.6344313457470445,-6.0258784041926985,6.0776352125780955,0.02587840419269849,12.103513616770794,0.05175680838539724,0.0,0.05175680838539724,0.0,-0.05175680838539724,-0.05175680838539724,0.0,0.0,0.0,0.0,0.0,0.0,0.00010361719943116147,0.0,5.987844350527123,5.7864801578833625,1.9914083403127503e-16,2.914335439641036e-16,0.40299976583597946,0.0,-6.300000000000001,6.300000000000001,0.14142135623730964,0.14142135623730953,1.811434510505898e-08,4.683271172541914e-06,0.011975823783909548,0.0118,5.296050948926378e-06,0.0115724947493923,0.0118,0.3,0.0,0.24824319161460245,0.0
1994,3.988,3.99,-4.3671000962685556,4.632666359977998,0.13278313185472124,8.999766456246554,-0.09802853085167443,0.11240374868593167,1,1,-4.3671000962685556,4.632666359977998,-6.025620909768675,6.076862729306026,0.02562090976867548,12.1024836390747,0.05124181953735009,0.0,0.05124181953735009,0.0,-0.05124181953735009,-0.05124181953735009,0.0,0.0,0.0,0.0,0.0,0.0,0.00010258619107037581,0.0,5.987505572722587,5.787637122388873,7.667477763817487e-16,2.914335439641036e-16,0.40299976588004366,0.0,-6.300000000000001,6.300000000000001,0.14142135623730964,0.14142135623730953,1.8109807862383394e-08,4.6823898867508644e-06,0.011975146938379635,0.0118,5.300547610922468e-06,0.011574813306515169,0.0118,0.3,0.0,0.2487581804626496,0.0
1999,3.998,4.0,-4.367204454674471,4.6309043453812055,0.13184994535336747,8.998108800055675,-0.09800202869913496,0.11258798301252079,1,1,-4.367204454674471,4.6309043453812055,-6.025365977456979,6.076097932370938,0.025365977456979216,12.101463909827917,0.05073195491395833,0.0,0.05073195491395833,0.0,-0.05073195491395833,-0.05073195491395833,0.0,0.0,0.0,0.0,0.0,0.0,0.00010156544141418596,0.0,5.98716506106188,5.788782585831075,5.011995592857366e-16,2.983724378680108e-16,0.40299976592437575,0.0,-6.300000000000001,6.300000000000001,0.14142135623730964,0.14142135623730953,1.8105271024259648e-08,4.681503243010267e-06,0.011974466597640268,0.0118,5.3050373720786585e-06,0.011577108815428803,0.0118,0.3,0.0,0.24926804508604136,0.0
2004,4.008,4.01,-4.367312915239173,4.629146259117048,0.1309166719389374,8.996459174356222,-0.09797516802257267,0.1127722979226263,1,1,-4.367312915239173,4.629146259117048,-6.025113581764167,6.075340745292502,0.02511358176416767,12.100454327056669,0.050227163528334735,0.0,0.050227163528334735,0.0,-0.050227163528334735,-0.050227163528334735,0.0,0.0,0.0,0.0,0.0,0.0,0.00010055484838677568,0.0,5.986822883571114,5.78991666272615,1.2420620087993939e-15,2.983724378680108e-16,0.4029997659689671,0.0,-6.300000000000001,6.300000000000001,0.14142135623730964,0.14142135623730953,1.8100734882001097e-08,4.680611413997712e-06,0.011973782898220538,0.0118,5.3095199125885456e-06,0.011579381505625192,0.0118,0.3,0.0,0.24977283647166496,0.0
2009,4.018,4.0200000000000005,-4.367425432865006,4.627393028118731,0.12998379762686252,8.994818460983737,-0.09794796148755641,0.11295625469636125,1,1,-4.367425432865006,4.627393028118731,-6.02486369745046,6.07459109235138,0.02486369745045991,12.09945478980184,0.04972739490092009,0.0,0.04972739490092009,0.0,-0.04972739490092009,-0.04972739490092009,0.0,0.0,0.0,0.0,0.0,0.0,9.955431092800008e-05,0.0,5.986479107094443,5.791039466448099,1.2108369862318114e-15,2.8449465006019636e-16,0.40299976601380866,0.0,-6.300000000000001,6.300000000000001,0.14142135623730964,0.14142135623730953,1.80961997283626e-08,4.679714580000258e-06,0.011973095974278826,0.0118,5.313994912785613e-06,0.011581631604307389,0.0118,0.3,0.0,0.2502726050990796,0.0
2014,4.0280000000000005,4.03,-4.36754196155633,4.6256455411145705,0.12905178977912035,8.9931875026709,-0.09792042155694097,0.11313946752811152,1,1,-4.36754196155633,4.6256455411145705,-6.024616299527218,6.0738488985816526,0.024616299527217222,12.09846519810887,0.04923259905443517,0.0,0.04923259905443517,0.0,-0.04923259905443517,-0.04923259905443517,0.0,0.0,0.0,0.0,0.0,0.0,9.856372898327947e-05,0.0,5.98613379731089,5.792151109240116,4.49293380277993e-16,2.7755575615628914e-16,0.4029997660588911,0.0,-6.300000000000001,6.300000000000001,0.14142135623730964,0.14142135623730953,1.8091665857533922e-08,4.678812929027676e-06,0.01197240595763656,0.0118,5.318462053069961e-06,0.011583859336412284,0.0118,0.3,0.0,0.25076740094556454,0.0
2019,4.038,4.04,-4.367662454485855,4.6239046431360435,0.1281210943250941,8.9915670976219,-0.09789256048914646,0.11332159892092547,1,1,-4.367662454485855,4.6239046431360435,-6.024371363254442,6.073114089763324,0.024371363254441114,12.097485453017766,0.048742726508882984,0.0,0.048742726508882984,0.0,-0.048742726508882984,-0.048742726508882984,0.0,0.0,0.0,0.0,0.0,0.0,9.75830034935939e-05,0.0,5.985787018750981,5.793251702225849,1.3530843112619095e-15,2.983724378680108e-16,0.4029997661042046,0.0,-6.300000000000001,6.300000000000001,0.14142135623730964,0.14142135623730953,1.8087133565132396e-08,4.677906656881282e-06,0.011971712977811553,0.0118,5.322921013848348e-06,0.0115860649246332,0.0118,0.3,0.0,0.2512572734911167,0.0
2024,4.048,4.05,-4.367786864058202,4.622171131989646,0.12719213396572204,8.989957996047847,-0.09786439033683841,0.11350235521737279,1,1,-4.367786864058202,4.622171131989646,-6.0241288641383,6.072386592414901,0.02412886413830062,12.0965154565532,0.04825772827660077,0.0,0.04825772827660077,0.0,-0.04825772827660077,-0.04825772827660077,0.0,0.0,0.0,0.0,0.0,0.0,9.661203638557713e-05,0.0,5.985438834813145,5.794341355420546,4.510281037539698e-16,3.0531133177191805e-16,0.402999766149739,0.0,-6.300000000000001,6.300000000000001,0.14142135623730964,0.14142135623730953,1.8082603148194628e-08,4.676995967244977e-06,0.011971017162050894,0.0118,5.327371475447595e-06,0.011588248589442232,0.0118,0.3,0.0,0.2517422717233989,0.0
2029,4.058,4.0600000000000005,-4.36791514197079,4.6204457562652825,0.12626530714724638,8.988360898236072,-0.09783592294598492,0.11368148234976935,1,1,-4.36791514197079,4.6204457562652825,-6.02388877792868,6.071666333786042,0.023888777928680938,12.095555111714722,0.04777755585736112,0.0,0.04777755585736112,0.0,-0.04777755585736112,-0.04777755585736112,0.0,0.0,0.0,0.0,0.0,0.0,9.565073056170923e-05,0.0,5.9850893077799014,5.795420177742115,6.245004513516506e-16,3.122502256758253e-16,0.40299976619548367,0.0,-6.300000000000001,6.300000000000001,0.14142135623730964,0.14142135623730953,1.807807490516727e-08,4.676081071698565e-06,0.011970318635363414,0.0118,5.3318131181057104e-06,0.01159041054911237,0.0118,0.3,0.0,0.25222244414263856,0.0
2034,4.0680000000000005,4.07,-4.368047239272173,4.61872921453393,0.12534098763087842,8.986776453806105,-0.09780716995526101,0.11385876185810287,1,1,-4.368047239272173,4.61872921453393,-6.0236510806167605,6.070953241850283,0.023651080616761355,12.094604322467044,0.04730216123352197,0.0,0.04730216123352197,0.0,-0.04730216123352197,-0.04730216123352197,0.0,0.0,0.0,0.0,0.0,0.0,9.469898989060668e-05,0.0,5.98473849883386,5.796488277022026,1.1709383462843448e-15,2.983724378680108e-16,0.40299976624142764,0.0,-6.300000000000001,6.300000000000001,0.14142135623730964,0.14142135623730953,1.807354913589667e-08,4.675162189757728e-06,0.01196961752055176,0.0118,5.3362456218986054e-06,0.011592551019739387,0.0118,0.3,0.0,0.2526978387664777,0.0
2039,4.078,4.08,-4.368183106417901,4.6170221554541255,0.12441952451811211,8.985205261872027,-0.09777814279576968,0.11403400719974338,1,1,-4.368183106417901,4.6170221554541255,-6.023415748432612,6.070247245297837,0.023415748432612737,12.09366299373045,0.04683149686522477,0.0,0.04683149686522477,0.0,-0.04683149686522477,-0.04683149686522477,0.0,0.0,0.0,0.0,0.0,0.0,9.37567191974093e-05,0.0,5.984386468073484,5.797545760016149,5.71401649954173e-16,2.636779683484747e-16,0.40299976628755957,0.0,-6.300000000000001,6.300000000000001,0.14142135623730964,0.14142135623730953,1.806902614161743e-08,4.674239548858477e-06,0.011968913938244017,0.0118,5.340668666702353e-06,0.011594670215263544,0.0118,0.3,0.0,0.25316850313477496,0.0
2044,4.088,4.09,-4.368322693323993,4.615325178562139,0.12350124261907292,8.98364787188613,-0.0977488526910543,0.11420706035833506,1,1,-4.368322693323993,4.615325178562139,-6.023182757842821,6.0695482735284605,0.023182757842819868,12.092731031371281,0.046365515685640464,0.0,0.046365515685640464,0.0,-0.046365515685640464,-0.046365515685640464,0.0,0.0,0.0,0.0,0.0,0.0,9.28238242542625e-05,0.0,5.984033274528672,5.798592732415459,8.500145032286355e-16,2.706168622523819e-16,0.4029997663338677,0.0,-6.300000000000001,6.300000000000001,0.14142135623730964,0.14142135623730953,1.8064506224939712e-08,4.673313384334952e-06,0.01196820800692493,0.0118,5.345081932202067e-06,0.01159676834749105,0.0118,0.3,0.0,0.25363448431435925,0.0
2049,4.098,4.1,-4.368465949418142,4.613638835566077,0.12258644307396738,8.98210478498422,-0.09771931065738246,0.11437778874804766,1,1,-4.368465949418142,4.613638835566077,-6.022952085548131,6.068856256644394,0.02295208554813133,12.091808342192525,0.04590417109626279,0.0,0.04590417109626279,0.0,-0.04590417109626279,-0.04590417109626279,0.0,0.0,0.0,0.0,0.0,0.0,9.190021177089459e-05,0.0,5.983678976176124,5.799629298856645,1.228482376589013e-15,2.5673907444456745e-16,0.40299976638033985,0.0,-6.300000000000001,6.300000000000001,0.14142135623730964,0.14142135623730953,1.8059989689835316e-08,4.672383939366127e-06,0.01196749984296674,0.0118,5.349485097831952e-06,0.011598845626115307,0.0118,0.3,0.0,0.25409582890373694,0.0
2054,4.108,4.11,-4.36861282368871,4.611963632001234,0.12167540415626199,8.980576455689944,-0.09768952750427287,0.11454608240210162,1,1,-4.36861282368871,4.611963632001234,-6.022723708481124,6.068171125443373,0.022723708481124483,12.090894833924496,0.04544741696224834,0.0,0.04544741696224834,0.0,-0.04544741696224834,-0.04544741696224834,0.0,0.0,0.0,0.0,0.0,0.0,9.098578938528753e-05,0.0,5.983323629954509,5.800655562932608,2.4511642715552284e-15,2.3592239273284576e-16,0.40299976642696345,0.0,-6.300000000000001,6.300000000000001,0.14142135623730964,0.14142135623730953,1.805547684162244e-08,4.671451464913642e-06,0.011966789560659592,0.0118,5.35387784277086e-06,0.011600902258737956,0.0118,0.3,0.0,0.2545525830377514,0.0
2059,4.118,4.12,-4.368763264731606,4.610300029134102,0.12076838220124797,8.979063293865707,-0.09765951383524943,0.11471185143000967,1,1,-4.368763264731606,4.610300029134102,-6.0224976038039015,6.067492811411705,0.022497603803901534,12.089990415215606,0.044995207607803095,0.0,0.044995207607803095,0.0,-0.044995207607803095,-0.044995207607803095,0.0,0.0,0.0,0.0,0.0,0.0,9.008046565444074e-05,0.0,5.982967291779445,5.801671627202849,5.561686094307516e-16,1.942890293094024e-16,0.4029997664737256,0.0,-6.300000000000001,6.300000000000001,0.14142135623730964,0.14142135623730953,1.8050967986949085e-08,4.670516219621881e-06,0.011966077272241563,0.0118,5.358259845911207e-06,0.01160293845088972,0.0118,0.3,0.0,0.2550047923921967,0.0
2064,4.128,4.13,-4.368917220795134,4.6086484460268125,0.11986561261583928,8.977565666821945,-0.09762928004880225,0.1148750237255175,1,1,-4.368917220795134,4.6086484460268125,-6.022273748905807,6.0668212467174225,0.0222737489058078,12.08909499562323,0.04454749781161476,0.0,0.04454749781161476,0.0,-0.04454749781161476,-0.04454749781161476,0.0,0.0,0.0,0.0,0.0,0.0,8.918415004522671e-05,0.0,5.982610016558269,5.8026775932037715,1.4550670781113273e-15,2.2898349882893854e-16,0.402999766520613,0.0,-6.300000000000001,6.300000000000001,0.14142135623730964,0.14142135623730953,1.804646343377503e-08,4.66957846971805e-06,0.011965363087928293,0.0118,5.362630785858969e-06,0.011604954406051003,0.0118,0.3,0.0,0.255452502188385,0.0
2069,4.138,4.14,-4.369074639822887,4.6070092616933955,0.11896731093525448,8.976083901516283,-0.09759883633953415,0.11503554290610479,1,1,-4.369074639822887,4.6070092616933955,-6.022052121401166,6.066156364203496,0.02205212140116508,12.088208485604662,0.04410424280233062,0.0,0.04410424280233062,0.0,-0.04410424280233062,-0.04410424280233062,0.0,0.0,0.0,0.0,0.0,0.0,8.829675292533755e-05,0.0,5.982251858204624,5.8036735614588695,6.054184931159057e-16,2.636779683484747e-16,0.40299976656761194,0.0,-6.300000000000001,6.300000000000001,0.14142135623730964,0.14142135623730953,1.8041963491352403e-08,4.668638488881174e-06,0.011964647115942232,0.0118,5.366990340867073e-06,0.011606950325672327,0.0118,0.3,0.0,0.2558957571976691,0.0
2074,4.148,4.15,-4.369235469494748,4.6053828172949896,0.11807367390012091,8.974618286789738,-0.09756819269948078,0.1151933664647535,1,1,-4.369235469494748,4.6053828172949896,-6.02183269912704,6.065498097381121,0.021832699127040556,12.08733079650816,0.04366539825408037,0.0,0.04366539825408037,0.0,-0.04366539825408037,-0.04366539825408037,0.0,0.0,0.0,0.0,0.0,0.0,8.741818555432181e-05,0.0,5.98189286965285,5.804659631488803,2.0365653607967715e-15,2.983724378680108e-16,0.4029997666147084,0.0,-6.300000000000001,6.300000000000001,0.14142135623730964,0.14142135623730953,1.8037468470204763e-08,4.667696558091106e-06,0.011963929462541495,0.0118,5.371338188835395e-06,0.011608926409194557,0.0118,0.3,0.0,0.2563346017459193,0.0
2079,4.158,4.16,-4.369399657266103,4.603769418333737,0.11718488053381693,8.973169075599841,-0.09753735891958742,0.1153484641151456,1,1,-4.369399657266103,4.603769418333737,-6.021615460141022,6.064846380423066,0.02161546014102189,12.086461840564088,0.04323092028204348,0.0,0.04323092028204348,0.0,-0.04323092028204348,-0.04323092028204348,0.0,0.0,0.0,0.0,0.0,0.0,8.654836007471023e-05,0.0,5.981533102872192,5.805635901821395,4.075922542187693e-16,2.498001805406602e-16,0.4029997666618879,0.0,-6.300000000000001,6.300000000000001,0.14142135623730964,0.14142135623730953,1.803297868210469e-08,4.666752965461992e-06,0.011963210232048358,0.0118,5.375674007226383e-06,0.01161088285406887,0.0118,0.3,0.0,0.25676907971795626,0.0
2084,4.168,4.17,-4.3695671504053,4.602169336815135,0.11630109320491755,8.971736487220435,-0.09750634459132351,0.11550081631229475,1,1,-4.3695671504053,4.602169336815135,-6.0214003827190306,6.064201148157092,0.021400382719030553,12.085601530876122,0.04280076543806069,0.0,0.04280076543806069,0.0,-0.04280076543806069,-0.04280076543806069,0.0,0.0,0.0,0.0,0.0,0.0,8.568718950323e-05,0.0,5.981172608880818,5.8066024700015095,1.184775476510691e-15,2.498001805406602e-16,0.40299976670913573,0.0,-6.300000000000001,6.300000000000001,0.14142135623730964,0.14142135623730953,1.8028494440049832e-08,4.665808006066858e-06,0.011962489526877363,0.0118,5.379997473022869e-06,0.011612819855776614,0.0118,0.3,0.0,0.25719923456193905,0.0
2089,4.178,4.18,-4.369737896029444,4.600582813356593,0.11542245866357437,8.970320709386037,-0.09747515910842997,0.11565041293170569,1,1,-4.369737896029444,4.600582813356593,-6.021187445353144,6.063562336059434,0.021187445353144874,12.084749781412578,0.04237489070628912,0.0,0.04237489070628912,0.0,-0.04237489070628912,-0.04237489070628912,0.0,0.0,0.0,0.0,0.0,0.0,8.483458772210633e-05,0.0,5.980811437759647,5.8075594326008515,3.3621109368775492e-16,2.3592239273284576e-16,0.40299976675643684,0.0,-6.300000000000001,6.300000000000001,0.14142135623730964,0.14142135623730953,1.8024016058237408e-08,4.664861981735547e-06,0.011961767447563044,0.0118,5.38430826259706e-06,0.011614737607848907,0.0118,0.3,0.0,0.25762510929371063,0.0
2094,4.188,4.19,-4.36991184113859,4.598897471434514,0.11449281514796184,8.968809312573104,-0.09744381166877675,0.10397229144323131,1,1,-4.36991184113859,4.598897471434514,-6.02097662674945,6.062929880248351,0.020976626749450666,12.083906506997801,0.041953253498900715,0.0,0.041953253498900715,0.0,-0.041953253498900715,-0.041953253498900715,0.0,0.0,0.0,0.0,0.0,0.0,8.399046947045058e-05,0.0,5.980449638666013,5.808506885227644,1.231653667943533e-15,2.2898349882893854e-16,0.4029997668037758,0.0,-6.300000000000001,6.300000000000001,0.14142135623730964,0.14142135623730953,1.8019543852037163e-08,4.663915200837117e-06,0.011961044092787344,0.0118,5.388606051621725e-06,0.011616636301886042,0.0118,0.3,0.0,0.25804674650109904,0.0
2099,4.198,4.2,-4.37008893264839,4.597161616525,0.11353634193830509,8.96725054917339,-0.0974123112763288,0.10411014868684593,1,1,-4.37008893264839,4.597161616525,-6.020767905825912,6.062303717477735,0.02076790582591137,12.083071623303647,0.04153581165182336,0.0,0.04153581165182336,0.0,-0.04153581165182336,-0.04153581165182336,0.0,0.0,0.0,0.0,0.0,0.0,8.315475033573418e-05,0.0,5.980087259847124,5.8094449225362235,1.6960039058919185e-15,3.2612801348363973e-16,0.4029997668511368,0.0,-6.300000000000001,6.300000000000001,0.14142135623730964,0.14142135623730953,1.8015078137962663e-08,4.662967978068899e-06,0.011960319559406594,0.0118,5.3928905149125405e-06,0.011618516127576726,0.0118,0.3,0.0,0.2584641883481763,0.0
2104,4.208,4.21,-4.370269117421259,4.595441766030664,0.1125863243047025,8.965710883451923,-0.09738066674320173,0.10424573948638174,1,1,-4.370269117421259,4.595441766030664,-6.020561261710262,6.0616837851307865,0.02056126171026218,12.082245046841049,0.04112252342052447,0.0,0.04112252342052447,0.0,-0.04112252342052447,-0.04112252342052447,0.0,0.0,0.0,0.0,0.0,0.0,8.23273467453472e-05,0.0,5.9797243486533755,5.810373638236545,4.0939474033052647e-16,3.3306690738754696e-16,0.4029997668985039,0.0,-6.300000000000001,6.300000000000001,0.14142135623730964,0.14142135623730953,1.80106192336411e-08,4.662020634203366e-06,0.011959593942478187,0.0118,5.397161326243793e-06,0.011620377272717109,0.0118,0.3,0.0,0.2588774765794752,0.0
2109,4.218,4.22,-4.37045234229612,4.593738072992932,0.11164286534840606,8.964190415289051,-0.09734888669180264,0.10437905507680145,1,1,-4.37045234229612,4.593738072992932,-6.020356673737918,6.061070021213755,0.020356673737918385,12.081426694951674,0.04071334747583652,0.0,0.04071334747583652,0.0,-0.04071334747583652,-0.04071334747583652,0.0,0.0,0.0,0.0,0.0,0.0,8.150817595824111e-05,0.0,5.979360951551446,5.811293125103566,8.448103328007051e-16,3.0531133177191805e-16,0.4029997669458607,0.0,-6.300000000000001,6.300000000000001,0.14142135623730964,0.14142135623730953,1.8006167457781375e-08,4.661073495830558e-06,0.011958867335286893,0.0118,5.401418158126336e-06,0.011622219923229607,0.0118,0.3,0.0,0.25928665252416316,0.0
2114,4.228,4.23,-4.370638554116777,4.592050664257902,0.11070605507056275,8.96268921837468,-0.09731697955704166,0.10451009250102228,1,1,-4.370638554116777,4.592050664257902,-6.020154121449912,6.060462364349736,0.020154121449912132,12.080616485799649,0.040308242899824064,0.0,0.040308242899824064,0.0,-0.040308242899824064,-0.040308242899824064,0.0,0.0,0.0,0.0,0.0,0.0,8.069715605665454e-05,0.0,5.978997114137265,5.812203474986568,5.739224200052018e-16,3.677613769070831e-16,0.4029997669931907,0.0,-6.300000000000001,6.300000000000001,0.14142135623730964,0.14142135623730953,1.8001723130140613e-08,4.660126895127163e-06,0.011958139829370815,0.0118,5.405660681583324e-06,0.01162404426318158,0.0118,0.3,0.0,0.25969175710017556,0.0
2119,4.238,4.24,-4.3708276997589754,4.590379642423582,0.10977597133230343,8.961207342182558,-0.09728495358861208,0.10463885394619593,1,1,-4.3708276997589754,4.590379642423582,-6.019953584590846,6.059860753772538,0.019953584590846063,12.079814338363384,0.0399071691816919,0.0,0.0399071691816919,0.0,-0.0399071691816919,-0.0399071691816919,0.0,0.0,0.0,0.0,0.0,0.0,7.989420593792152e-05,0.0,5.978632881148778,5.8131047788183565,1.044506820445379e-15,3.95516952522712e-16,0.4029997670404768,0.0,-6.300000000000001,6.300000000000001,0.14142135623730964,0.14142135623730953,1.7997286571489054e-08,4.659181169547867e-06,0.011957411514547007,0.0118,5.40988856579494e-06,0.01162585047480376,0.0118,0.3,0.0,0.2600928308183077,0.0
2124,4.248,4.25,-4.371019726156202,4.588725087671282,0.10885268075753984,8.959744813827484,-0.09725281685332363,0.10476534614472441,1,1,-4.371019726156202,4.588725087671282,-6.0197550431068665,6.059265129320601,0.019755043106867376,12.079020172427468,0.03951008621373399,0.0,0.03951008621373399,0.0,-0.03951008621373399,-0.03951008621373399,0.0,0.0,0.0,0.0,0.0,0.0,7.909924530636098e-05,0.0,5.978268296478552,5.813997126624387,9.036011956037315e-16,3.7470027081099033e-16,0.40299976708770213,0.0,-6.300000000000001,6.300000000000001,0.14142135623730964,0.14142135623730953,1.7992858103573315e-08,4.658236661554464e-06,0.01195668247893676,0.0118,5.414101477847488e-06,0.011627638738508554,0.0118,0.3,0.0,0.2604899137862656,0.0
2129,4.258,4.26,-4.371214580324269,4.587087059483982,0.10793623957985643,8.958301639808251,-0.09722057723748748,0.10488957983413913,1,1,-4.371214580324269,4.587087059483982,-6.019558477143661,6.058675431430984,0.019558477143661435,12.078233908574646,0.03911695428732263,0.0,0.03911695428732263,0.0,-0.03911695428732263,-0.03911695428732263,0.0,0.0,0.0,0.0,0.0,0.0,7.831219466524736e-05,0.0,5.977903403186221,5.814880607531787,2.3765711620882257e-16,3.469446951953614e-16,0.4029997671348492,0.0,-6.300000000000001,6.300000000000001,0.14142135623730964,0.14142135623730953,1.7988438049077962e-08,4.657293718338302e-06,0.01195595280899053,0.0118,5.418299082304845e-06,0.011629409232908101,0.0118,0.3,0.0,0.260883045712677,0.0
2134,4.268,4.2700000000000005,-4.371412209384731,4.585465598255347,0.10702669443530777,8.956877807640078,-0.09718824244934393,0.1050115692704423,1,1,-4.371412209384731,4.585465598255347,-6.019363867044469,6.058091601133406,0.019363867044468464,12.077455468177876,0.03872773408893758,0.0,0.03872773408893758,0.0,-0.03872773408893758,-0.03872773408893758,0.0,0.0,0.0,0.0,0.0,0.0,7.753297530886064e-05,0.0,5.97753824351075,5.815755309778286,9.16692936836494e-16,4.0245584642661925e-16,0.4029997671819004,0.0,-6.300000000000001,6.300000000000001,0.14142135623730964,0.14142135623730953,1.7984026731585575e-08,4.656352691504973e-06,0.011955222589512576,0.0118,5.422481040842086e-06,0.011631162134832208,0.0118,0.3,0.0,0.261272265911062,0.0
2139,4.2780000000000005,4.28,-4.371612560587187,4.583860726793754,0.10612408310328325,8.95547328738094,-0.0971558200215232,0.10513133178993384,1,1,-4.371612560587187,4.583860726793754,-6.019171193348117,6.057513580044351,0.01917119334811712,12.076684773392468,0.03834238669623464,0.0,0.03834238669623464,0.0,-0.03834238669623464,-0.03834238669623464,0.0,0.0,0.0,0.0,0.0,0.0,7.676150931461582e-05,0.0,5.977172858882557,5.816621320721069,8.743006318923108e-16,4.371503159461554e-16,0.402999767228838,0.0,-6.300000000000001,6.300000000000001,0.14142135623730964,0.14142135623730953,1.79796244755351e-08,4.655413936781222e-06,0.011954491903685228,0.0118,5.426647011796959e-06,0.011632897619346057,0.0118,0.3,0.0,0.2616576133037649,0.0
2144,4.288,4.29,-4.371815581330504,4.582272451726093,0.10522843519779412,8.954088033056596,-0.09712331731354162,0.10524888741496652,1,1,-4.371815581330504,4.582272451726093,-6.018980436787077,6.05694131036123,0.018980436787076727,12.075921747148307,0.03796087357415341,0.0,0.03796087357415341,0.0,-0.03796087357415341,-0.03796087357415341,0.0,0.0,0.0,0.0,0.0,0.0,7.599771953527061e-05,0.0,5.976807289935448,5.817478726845518,1.6289053439422219e-15,4.3021142204224816e-16,0.40299976727564407,0.0,-6.300000000000001,6.300000000000001,0.14142135623730964,0.14142135623730953,1.79752316061786e-08,4.654477813697418e-06,0.011953760833092849,0.0118,5.430796649719127e-06,0.011634615859767732,0.0118,0.3,0.0,0.26203912642584615,0.0
2149,4.298,4.3,-4.372021219183009,4.580700764806343,0.10433977281166706,8.952721983989353,-0.09709074151431685,0.10536425849946754,1,1,-4.372021219183009,4.580700764806343,-6.018791578285532,6.056374734856595,0.018791578285531685,12.075166313142127,0.03758315657106377,0.0,0.03758315657106377,0.0,-0.03758315657106377,-0.03758315657106377,0.0,0.0,0.0,0.0,0.0,0.0,7.524152959121056e-05,0.0,5.976441576518427,5.818327613773877,6.192962809237201e-16,4.3021142204224816e-16,0.4029997673223004,0.0,-6.300000000000001,6.300000000000001,0.14142135623730964,0.14142135623730953,1.7970848449536473e-08,4.653544685283357e-06,0.01195302945774549,0.0118,5.434929604852812e-06,0.011636317027685613,0.0118,0.3,0.0,0.2624168434289358,0.0
2154,4.308,4.3100000000000005,-4.372229421901683,4.579145644134064,0.1034581111161903,8.951375066035748,-0.09705809964470596,0.10547746941042907,1,1,-4.372229421901683,4.579145644134064,-6.0186045989574755,6.055813796872426,0.01860459895747546,12.074418395829902,0.03720919791495064,0.0,0.03720919791495064,0.0,-0.03720919791495064,-0.03720919791495064,0.0,0.0,0.0,0.0,0.0,0.0,7.449286386281112e-05,0.0,5.976075757707309,5.819168066273836,1.887379141862766e-15,4.440892098500626e-16,0.4029997673687887,0.0,-6.300000000000001,6.300000000000001,0.14142135623730964,0.14142135623730953,1.796647533235102e-08,4.652614917737409e-06,0.011952297856102212,0.0118,5.439045522677155e-06,0.011638001292975524,0.0118,0.3,0.0,0.2627908020850489,0.0
2159,4.3180000000000005,4.32,-4.372440137450411,4.577607055287905,0.1025834589187471,8.950047192738317,-0.09702539856005832,0.10558854624191635,1,1,-4.372440137450411,4.577607055287905,-6.018419480104818,6.055258440314455,0.018419480104818753,12.073677920419273,0.03683896020963678,0.0,0.03683896020963678,0.0,-0.03683896020963678,-0.03683896020963678,0.0,0.0,0.0,0.0,0.0,0.0,7.375164748287558e-05,0.0,5.9757098718162105,5.820000168266996,8.881784197001252e-16,3.95516952522712e-16,0.4029997674150904,0.0,-6.300000000000001,6.300000000000001,0.14142135623730964,0.14142135623730953,1.7962112582038483e-08,4.651688880117885e-06,0.011951566105094109,0.0118,5.4431440433511115e-06,0.011639668823817768,0.0118,0.3,0.0,0.2631610397903628,0.0
2164,4.328,4.33,-4.372653314017305,4.576084952379207,0.10171581918095107,8.948738266396512,-0.0969926449527779,0.10569751655846116,1,1,-4.372653314017305,4.576084952379207,-6.018236203215522,6.054708609646565,0.018236203215521662,12.072944812862087,0.0364724064310431,0.0,0.0364724064310431,0.0,-0.0364724064310431,-0.0364724064310431,0.0,0.0,0.0,0.0,0.0,0.0,7.301780632914821e-05,0.0,5.975343956408871,5.8208240028372975,1.1042328076221741e-15,4.440892098500626e-16,0.40299976746118715,0.0,-6.300000000000001,6.300000000000001,0.14142135623730964,0.14142135623730953,1.795776052663955e-08,4.650766944014404e-06,0.011950834280147008,0.0118,5.447224801207185e-06,0.011641319786713943,0.0118,0.3,0.0,0.26352759356895644,0.0
2169,4.338,4.34,-4.372868900031157,4.574579279030622,0.10085518949973249,8.947448179061778,-0.09695984535489366,0.10580440916498929,1,1,-4.372868900031157,4.574579279030622,-6.018054749961744,6.054164249885229,0.018054749961742722,12.072218999846973,0.036109499923486305,0.0,0.036109499923486305,0.0,-0.036109499923486305,-0.036109499923486305,0.0,0.0,0.0,0.0,0.0,0.0,7.229126701690211e-05,0.0,5.974978048309825,5.8216396522393055,1.4432899320127035e-15,4.163336342344337e-16,0.40299976750706007,0.0,-6.300000000000001,6.300000000000001,0.14142135623730964,0.14142135623730953,1.795341949476833e-08,4.649849483210387e-06,0.011950102455203894,0.0118,5.451287424202978e-06,0.011642954346503606,0.0118,0.3,0.0,0.26389050007651327,0.0
2174,4.348,4.3500000000000005,-4.373086844177037,4.573089969284517,0.10000156255373982,8.946176813461555,-0.09692700614063118,0.10590925390070977,1,1,-4.373086844177037,4.573089969284517,-6.017875102198007,6.05362530659402,0.017875102198006587,12.071500408792026,0.035750204396013216,0.0,0.035750204396013216,0.0,-0.035750204396013216,-0.035750204396013216,0.0,0.0,0.0,0.0,0.0,0.0,7.157195689160066e-05,0.0,5.974612183615424,5.822447197906452,2.2967738821932926e-15,4.0245584642661925e-16,0.40299976755269046,0.0,-6.300000000000001,6.300000000000001,0.14142135623730964,0.14142135623730953,1.7949089815559823e-08,4.6489368733833e-06,0.01194937070274699,0.0118,5.455331533426033e-06,0.011644572666380772,0.0118,0.3,0.0,0.26424979560398637,0.0
2179,4.358,4.36,-4.373307095411091,4.571616948445752,0.09915492651733038,8.944924043856844,-0.09689413352898496,0.10601208145462962,1,1,-4.373307095411091,4.571616948445752,-6.017697241959386,6.053091725878158,0.017697241959385934,12.070788967837544,0.03539448391877166,0.0,0.03539448391877166,0.0,-0.03539448391877166,-0.03539448391877166,0.0,0.0,0.0,0.0,0.0,0.0,7.085980402163186e-05,0.0,5.974246397704718,5.823246720459171,2.744332538995309e-15,3.7470027081099033e-16,0.40299976759805944,0.0,-6.300000000000001,6.300000000000001,0.14142135623730964,0.14142135623730953,1.794477181861597e-08,4.648029491751599e-06,0.011948639093819591,0.0118,5.45935674256981e-06,0.011646174907910214,0.0118,0.3,0.0,0.26460551608122795,0.0
2184,4.368,4.37,-4.373529602974544,4.57016013386317,0.09831526544431313,8.943689736837714,-0.09686123358628812,0.10611292320058446,1,1,-4.373529602974544,4.57016013386317,-6.017521151459708,6.0525634543791265,0.017521151459709117,12.070084605838835,0.035042302919417484,0.0,0.035042302919417484,0.0,-0.035042302919417484,-0.035042302919417484,0.0,0.0,0.0,0.0,0.0,0.0,7.015473719111525e-05,0.0,5.973880725250178,5.824038299712965,1.388226014177596e-15,3.608224830031759e-16,0.4029997676431481,0.0,-6.300000000000001,6.300000000000001,0.14142135623730964,0.14142135623730953,1.7940465833950235e-08,4.647127716768311e-06,0.01194790769804757,0.0118,5.4633626574385196e-06,0.011647761231043635,0.0118,0.3,0.0,0.26495769708058214,0.0
2189,4.378,4.38,-4.3737543164069645,4.5687194356539615,0.0974825596234985,8.942473752060927,-0.09682831222877275,0.10621181104987054,1,1,-4.3737543164069645,4.5687194356539615,-6.0173468130897785,6.052040439269335,0.01734681308977848,12.069387252359114,0.03469362617955726,0.0,0.03469362617955726,0.0,-0.03469362617955726,-0.03469362617955726,0.0,0.0,0.0,0.0,0.0,0.0,6.945668589278022e-05,0.0,5.973515200228292,5.824822014686385,4.828358849892633e-16,3.608224830031759e-16,0.40299976768793744,0.0,-6.300000000000001,6.300000000000001,0.14142135623730964,0.14142135623730953,1.7936172191930854e-08,4.646231927792406e-06,0.011947176583660606,0.0118,5.4673488755074825e-06,0.011649331794135633,0.0118,0.3,0.0,0.26530637382044236,0.0
2194,4.388,4.39,-4.37398118555881,4.56729475737482,0.0966567859080052,8.941275942933629,-0.09679537522512438,0.10630877731975935,1,1,-4.37398118555881,4.56729475737482,-6.017174209415613,6.05152262824684,0.01717420941561354,12.068696837662452,0.03434841883122645,0.0,0.03434841883122645,0.0,-0.03434841883122645,-0.03434841883122645,0.0,0.0,0.0,0.0,0.0,0.0,6.876558032091523e-05,0.0,5.973149855929989,5.825597943608903,1.5421691701433815e-15,2.983724378680108e-16,0.4029997677324085,0.0,-6.300000000000001,6.300000000000001,0.14142135623730964,0.14142135623730953,1.7931891223222645e-08,4.645342504764615e-06,0.011946445817513137,0.0118,5.471314985463494e-06,0.01165088675395954,0.0118,0.3,0.0,0.26565158116877324,0.0
2199,4.398,4.4,-4.374210160603269,4.565885996643568,0.09583791802014963,8.940096157246838,-0.09676242819902328,0.1064038546163297,1,1,-4.374210160603269,4.565885996643568,-6.017003323176701,6.051009969530104,0.01700332317670128,12.068013292706805,0.03400664635340254,0.0,0.03400664635340254,0.0,-0.03400664635340254,-0.03400664635340254,0.0,0.0,0.0,0.0,0.0,0.0,6.808135136438718e-05,0.0,5.972784724970971,5.826366163928757,1.0523808387230549e-15,3.5388358909926865e-16,0.40299976777654223,0.0,-6.300000000000001,6.300000000000001,0.14142135623730964,0.14142135623730953,1.7927623258727586e-08,4.644459827887683e-06,0.011945715465105013,0.0118,5.475260566838447e-06,0.011652426265723072,0.0118,0.3,0.0,0.2659933536465971,0.0
2204,4.408,4.41,-4.374441192047455,4.564493045714736,0.0950259268336402,8.93893423776219,-0.0967294766316723,0.10649707573021111,1,1,-4.374441192047455,4.564493045714736,-6.016834137284277,6.05050241185283,0.01683413728427663,12.067336549137107,0.03366827456855293,0.0,0.03366827456855293,0.0,-0.03366827456855293,-0.03366827456855293,0.0,0.0,0.0,0.0,0.0,0.0,6.740393059973023e-05,0.0,5.972419839301847,5.8271267523206625,9.319530824142275e-16,3.2612801348363973e-16,0.40299976782031965,0.0,-6.300000000000001,6.300000000000001,0.14142135623730964,0.14142135623730953,1.7923368629524097e-08,4.643584277311066e-06,0.011944985590601883,0.0118,5.479185189636304e-06,0.01165395048308385,0.0118,0.3,0.0,0.26633172543144673,0.0
2209,4.418,4.42,-4.374674230742948,4.563115792012337,0.09422078063469463,8.937790022755285,-0.09669652586431043,0.10658847354396511,1,1,-4.374674230742948,4.563115792012337,-6.016666634819609,6.049999904458826,0.016666634819608284,12.066666539278435,0.03333326963921717,0.0,0.03333326963921717,0.0,-0.03333326963921717,-0.03333326963921717,0.0,0.0,0.0,0.0,0.0,0.0,6.673325028430337e-05,0.0,5.9720552302181815,5.827879784693476,3.680595325045166e-16,3.400058012914542e-16,0.40299976786372177,0.0,-6.300000000000001,6.300000000000001,0.14142135623730964,0.14142135623730953,1.791912766680509e-08,4.642716232815633e-06,0.011944256256855294,0.0118,5.48308841407108e-06,0.011655459558164707,0.0118,0.3,0.0,0.2666667303607825,0.0
2214,4.428,4.43,-4.374909227895732,4.5617541186228925,0.09342244536358013,8.936663346518625,-0.09666358110070619,0.1066780809499572,1,1,-4.374909227895732,4.5617541186228925,-6.016500799032312,6.049502397096934,0.016500799032311164,12.066003196129246,0.033001598064623154,0.0,0.033001598064623154,0.0,-0.033001598064623154,-0.033001598064623154,0.0,0.0,0.0,0.0,0.0,0.0,6.606924334951618e-05,0.0,5.971690928370378,5.828625336197777,5.134781488891349e-16,3.95516952522712e-16,0.4029997679067296,0.0,-6.300000000000001,6.300000000000001,0.14142135623730964,0.14142135623730953,1.7914900701814862e-08,4.641856073518333e-06,0.011943527525422555,0.0118,5.486969790271523e-06,0.011656953641568912,0.0118,0.3,0.0,0.26699840193537644,0.0
2219,4.438,4.44,-4.375146135075539,4.560407904751536,0.0926308848379982,8.935554039827075,-0.0966306474096365,0.10676593077767943,1,1,-4.375146135075539,4.560407904751536,-6.016336613338669,6.049009840016006,0.01633661333866865,12.065346453354675,0.032673226677337026,0.0,0.032673226677337026,0.0,-0.032673226677337026,-0.032673226677337026,0.0,0.0,0.0,0.0,0.0,0.0,6.541184339412182e-05,0.0,5.971326963773435,5.829363481233365,2.796157402840116e-16,3.2612801348363973e-16,0.4029997679493243,0.0,-6.300000000000001,6.300000000000001,0.14142135623730964,0.14142135623730953,1.7910688065784874e-08,4.641004177548029e-06,0.011942799456586274,0.0118,5.490828858145669e-06,0.01165843288239518,0.0118,0.3,0.0,0.26732677332266264,0.0
2224,4.448,4.45,-4.375384904224633,4.559077026143866,0.09184606095961634,8.9344619303685,-0.09659772972733766,0.10685205572959003,1,1,-4.375384904224633,4.559077026143866,-6.016174061319973,6.0485221839599195,0.016174061319973454,12.064696245279892,0.03234812263994641,0.0,0.03234812263994641,0.0,-0.03234812263994641,-0.03234812263994641,0.0,0.0,0.0,0.0,0.0,0.0,6.476098467757694e-05,0.0,5.970963365816577,5.830094293456688,2.7755575615628914e-16,2.7755575615628914e-16,0.402999767991487,0.0,-6.300000000000001,6.300000000000001,0.14142135623730964,0.14142135623730953,1.7906490089868418e-08,4.640160921767925e-06,0.011942072109373683,0.0118,5.494665147198763e-06,0.011659897428252566,0.0118,0.3,0.0,0.2676518773600533,0.0
2229,4.458,4.46,-4.375625487666044,4.557761355476002,0.09106793390497891,8.933386843142046,-0.09656483285994416,0.10693648832462127,1,1,-4.375625487666044,4.557761355476002,-6.016013126720889,6.048039380162665,0.01601312672088806,12.064052506883554,0.03202625344177664,0.0,0.03202625344177664,0.0,-0.03202625344177664,-0.03202625344177664,0.0,0.0,0.0,0.0,0.0,0.0,6.411660211346746e-05,0.0,5.970600163272754,5.830817845788196,8.344019919448442e-16,2.5673907444456745e-16,0.4029997680331989,0.0,-6.300000000000001,6.300000000000001,0.14142135623730964,0.14142135623730953,1.790230710507433e-08,4.639326681449174e-06,0.011941345541575683,0.0118,5.498478176506616e-06,0.011661347425275205,0.0118,0.3,0.0,0.2679737465582231,0.0
2234,4.468,4.47,-4.375867838111284,4.556460762715153,0.09029646230193444,8.932328600826438,-0.09653196148589477,0.10701926084859426,1,1,-4.375867838111284,4.556460762715153,-6.015853793447819,6.04756138034346,0.01585379344782023,12.06341517379128,0.03170758689563968,0.0,0.03170758689563968,0.0,-0.03170758689563968,-0.03170758689563968,0.0,0.0,0.0,0.0,0.0,0.0,6.347863126300002e-05,0.0,5.970237384307996,5.831534210419612,1.8318679906315083e-15,2.220446049250313e-16,0.4029997680744414,0.0,-6.300000000000001,6.300000000000001,0.14142135623730964,0.14142135623730953,1.789813944219973e-08,4.638501830024396e-06,0.011940619809765619,0.0118,5.502267454700061e-06,0.01166278301813687,0.0118,0.3,0.0,0.2682924131043601,0.0
2239,4.478,4.48,-4.376111908667562,4.555175115452837,0.08953160339263722,8.9312870241204,-0.09649912015831971,0.10710040531085097,1,1,-4.376111908667562,4.555175115452837,-6.015696045567308,6.047088136701923,0.015696045567307415,12.062784182269231,0.03139209113461537,0.0,0.03139209113461537,0.0,-0.03139209113461537,-0.03139209113461537,0.0,0.0,0.0,0.0,0.0,0.0,6.284700832855793e-05,0.0,5.969875056490669,5.83224345882115,4.544975507059235e-16,2.3592239273284576e-16,0.40299976811519583,0.0,-6.300000000000001,6.300000000000001,0.14142135623730964,0.14142135623730953,1.789398743176181e-08,4.637686738774607e-06,0.011939894969317815,0.0118,5.506032480038225e-06,0.011664204350065446,0.0118,0.3,0.0,0.2686079088653844,0.0
2244,4.488,4.49,-4.376357652844521,4.5539042792127375,0.0887733131841082,8.93026193205726,-0.09646631330740355,0.10717995340647796,1,1,-4.376357652844521,4.5539042792127375,-6.015539867304432,6.046619601913297,0.015539867304432242,12.062159469217729,0.03107973460886468,0.0,0.03107973460886468,0.0,-0.03107973460886468,-0.03107973460886468,0.0,0.0,0.0,0.0,0.0,0.0,6.222167014732134e-05,0.0,5.969513206800581,5.832945661748641,5.007658784167424e-16,3.0531133177191805e-16,0.40299976815544386,0.0,-6.300000000000001,6.300000000000001,0.14142135623730964,0.14142135623730953,1.7889851403928882e-08,4.636881776567196e-06,0.011939171074425868,0.0118,5.509772740510677e-06,0.011665611562857219,0.0118,0.3,0.0,0.268920265391135,0.0
2249,4.498,4.5,-4.376605024560501,4.552648117735034,0.08802154658726646,8.929253142295535,-0.09643354524271674,0.10725793648356421,1,1,-4.376605024560501,4.552648117735034,-6.015385243041238,6.046155729123712,0.015385243041237118,12.06154097216495,0.03077048608247474,0.0,0.03077048608247474,0.0,-0.03077048608247474,-0.03077048608247474,0.0,0.0,0.0,0.0,0.0,0.0,6.160255418495107e-05,0.0,5.969151861637972,5.833640889250601,9.419548474554063e-16,2.185751579730777e-16,0.4029997681951671,0.0,-6.300000000000001,6.300000000000001,0.14142135623730964,0.14142135623730953,1.7885731688450558e-08,4.636087309576158e-06,0.01193844817812066,0.0118,5.513487714081667e-06,0.011667004796891017,0.0118,0.3,0.0,0.26922951391752503,0.0
2254,4.508,4.51,-4.376853978148374,4.551406493238936,0.08727625754528079,8.928260471387311,-0.09640082015552554,0.10733438551498109,1,1,-4.376853978148374,4.551406493238936,-6.015232157315168,6.045696471945503,0.01523215731516725,12.06092862926067,0.030464314630335203,0.0,0.030464314630335203,0.0,-0.030464314630335203,-0.030464314630335203,0.0,0.0,0.0,0.0,0.0,0.0,6.0989598529334915e-05,0.0,5.9687910468323935,5.834329210675225,1.1307415507394447e-15,1.8388068845354155e-16,0.4029997682343474,0.0,-6.300000000000001,6.300000000000001,0.14142135623730964,0.14142135623730953,1.7881628614587305e-08,4.635303701037835e-06,0.011937726332288158,0.0118,5.517176868912177e-06,0.011668384191142253,0.0118,0.3,0.0,0.2695356853696646,0.0
2259,4.518,4.5200000000000005,-4.377104468360943,4.550179266664999,0.08653739915202818,8.927283735025942,-0.09636814212107117,0.1074093310742319,1,1,-4.377104468360943,4.550179266664999,-6.015080594817523,6.0452417844525685,0.015080594817522552,12.060322379270092,0.03016118963504572,0.0,0.03016118963504572,0.0,-0.03016118963504572,-0.03016118963504572,0.0,0.0,0.0,0.0,0.0,0.0,6.0382741884396546e-05,0.0,5.968430787651446,5.835010694677319,6.274006921630493e-16,1.6306400674181987e-16,0.40299976827296685,0.0,-6.300000000000001,6.300000000000001,0.14142135623730964,0.14142135623730953,1.7877542511039276e-08,4.634531310968931e-06,0.011937005587686962,0.0118,5.520839663708532e-06,0.01166974988319679,0.0118,0.3,0.0,0.2698388103649541,0.0
2264,4.5280000000000005,4.53,-4.377356450375929,4.548966297898693,0.08580492376138205,8.926322748274622,-0.09633551510082286,0.1074828033149447,1,1,-4.377356450375929,4.548966297898693,-6.014930540391926,6.044791621175781,0.014930540391927316,12.059722161567707,0.029861080783854146,0.0,0.029861080783854146,0.0,-0.029861080783854146,-0.029861080783854146,0.0,0.0,0.0,0.0,0.0,0.0,5.978192356396573e-05,0.0,5.96807110880942,5.835685409225152,8.301600509449947e-16,9.71445146547012e-17,0.4029997683110075,0.0,-6.300000000000001,6.300000000000001,0.14142135623730964,0.14142135623730953,1.7873473705874625e-08,4.633770495953339e-06,0.011936285993965597,0.0118,5.524475548104313e-06,0.011671102009264687,0.0118,0.3,0.0,0.27013891921614575,0.0
2269,4.538,4.54,-4.37760987980058,4.547767445976604,0.08507878308801242,8.925377325777184,-0.09630294294469946,0.10755483195365095,1,1,-4.37760987980058,4.547767445976604,-6.014781979032813,6.044345937098438,0.014781979032812309,12.059127916131251,0.029563958065625277,0.0,0.029563958065625277,0.0,-0.029563958065625277,-0.029563958065625277,0.0,0.0,0.0,0.0,0.0,0.0,5.918708348570975e-05,0.0,5.967712034475796,5.836353421607265,3.2400026672013693e-16,6.245004513516506e-17,0.40299976834845175,0.0,-6.300000000000001,6.300000000000001,0.14142135623730964,0.14142135623730953,1.7869422526457276e-08,4.63302160886903e-06,0.01193556759967961,0.0118,5.528083963106667e-06,0.011672440704193836,0.0118,0.3,0.0,0.27043604193437465,0.0
2274,4.548,4.55,-4.377864712675882,4.546582569276522,0.0843589283003201,8.924447281952403,-0.09627042939326619,0.10762544625549819,1,1,-4.377864712675882,4.546582569276522,-6.01463489588392,6.04390468765176,0.014634895883919974,12.05853958353568,0.02926979176783968,0.0,0.02926979176783968,0.0,-0.02926979176783968,-0.02926979176783968,0.0,0.0,0.0,0.0,0.0,0.0,5.859816216512506e-05,0.0,5.967353588283654,5.837014798439176,4.371503159461554e-16,4.5102810375396984e-17,0.4029997683852821,0.0,-6.300000000000001,6.300000000000001,0.14142135623730964,0.14142135623730953,1.7865389299374236e-08,4.632284998677111e-06,0.011934850452308375,0.0118,5.531664341629217e-06,0.011673766101483414,0.0118,0.3,0.0,0.27073020823216026,0.0
2279,4.558,4.5600000000000005,-4.378120905480427,4.545411525692593,0.08364531010608323,8.923532431173019,-0.09623797807989651,0.10769467502259808,1,1,-4.378120905480427,4.545411525692593,-6.014489276236811,6.043467828710434,0.0144892762368114,12.057957104947246,0.028978552473622445,0.0,0.028978552473622445,0.0,-0.028978552473622445,-0.028978552473622445,0.0,0.0,0.0,0.0,0.0,0.0,5.801510070958886e-05,0.0,5.96699579333794,5.837669605670068,6.499792024050599e-17,7.632783294297951e-17,0.40299976842148144,0.0,-6.300000000000001,6.300000000000001,0.14142135623730964,0.14142135623730953,1.786137435036259e-08,4.63156101019534e-06,0.011934134598271732,0.0118,5.53521610900054e-06,0.011675078333297262,0.0118,0.3,0.0,0.27102144752637747,0.0
2284,4.5680000000000005,4.57,-4.3783784151339225,4.544254172796637,0.08293787883135728,8.92263258793056,-0.09620559253290917,0.10776254658473344,1,1,-4.3783784151339225,4.544254172796637,-6.014345105529401,6.0430353165882025,0.014345105529400826,12.057380422117603,0.028690211058801447,0.0,0.028690211058801447,0.0,-0.028690211058801447,-0.028690211058801447,0.0,0.0,0.0,0.0,0.0,0.0,5.74378408124697e-05,0.0,5.966638672223652,5.83831790858938,1.5872719805187785e-15,9.367506770274758e-17,0.40299976845703267,0.0,-6.300000000000001,6.300000000000001,0.14142135623730964,0.14142135623730953,1.7857378004236128e-08,4.630849983860535e-06,0.011933420082946362,0.0118,5.538738683656952e-06,0.0116763775304771,0.0118,0.3,0.0,0.27130978894119845,0.0
2289,4.578,4.58,-4.378637199000368,4.543110367986619,0.08223658449312587,8.921747566986987,-0.09617327617767221,0.10782908879217262,1,1,-4.378637199000368,4.543110367986619,-6.014202369344497,6.042607108033492,0.014202369344497257,12.056809477377989,0.028404738688994915,0.0,0.028404738688994915,0.0,-0.028404738688994915,-0.028404738688994915,0.0,0.0,0.0,0.0,0.0,0.0,5.686632474729681e-05,0.0,5.966282247013885,5.83895977183334,4.9351527638824555e-16,4.163336342344337e-17,0.402999768491919,0.0,-6.300000000000001,6.300000000000001,0.14142135623730964,0.14142135623730953,1.7853400584811743e-08,4.630152255546501e-06,0.011932706950681929,0.0118,5.542231477715376e-06,0.011677663822555636,0.0118,0.3,0.0,0.27159526131100503,0.0
2294,4.588,4.59,-4.378897214890913,4.541979968623221,0.08154137686615393,8.920877183514135,-0.09614103233867799,0.10789432901037038,1,1,-4.378897214890913,4.541979968623221,-6.014061053408364,6.0421831602250915,0.014061053408363833,12.056244213633455,0.028122106816727978,0.0,0.028122106816727978,0.0,-0.028122106816727978,-0.028122106816727978,0.0,0.0,0.0,0.0,0.0,0.0,5.6300495361987404e-05,0.0,5.96592653927778,5.839595259391457,1.3230112535025929e-15,2.0816681711721685e-17,0.40299976852612385,0.0,-6.300000000000001,6.300000000000001,0.14142135623730964,0.14142135623730953,1.7849442414835715e-08,4.629468156350864e-06,0.011931995244817044,0.0118,5.545693897761606e-06,0.01167893733776954,0.0118,0.3,0.0,0.271877893183272,0.0
2299,4.598,4.6000000000000005,-4.379158421066416,4.540862832155381,0.08085220554448247,8.920021253221798,-0.09610886424158652,0.10795829411634622,1,1,-4.379158421066416,4.540862832155381,-6.013921143589289,6.041763430767866,0.013921143589288754,12.055684574357155,0.02784228717857788,0.0,0.02784228717857788,0.0,-0.02784228717857788,-0.02784228717857788,0.0,0.0,0.0,0.0,0.0,0.0,5.574029607313143e-05,0.0,5.965571570088367,5.840224434612917,8.72565908416334e-16,1.734723475976807e-17,0.402999768559631,0.0,-6.300000000000001,6.300000000000001,0.14142135623730964,0.14142135623730953,1.7845503815909807e-08,4.6287980123974554e-06,0.011931285007694963,0.0118,5.54912534552754e-06,0.011680198203072298,0.0118,0.3,0.0,0.2721577128214221,0.0
2304,4.6080000000000005,4.61,-4.379420776239687,4.539758816235597,0.080169019997955,8.919179592475285,-0.09607677501524026,0.10802101049656496,1,1,-4.379420776239687,4.539758816235597,-6.013782625896174,6.041347877688522,0.013782625896173961,12.055130503584696,0.02756525179234762,0.0,0.02756525179234762,0.0,-0.02756525179234762,-0.02756525179234762,0.0,0.0,0.0,0.0,0.0,0.0,5.5185670860333174e-05,0.0,5.965217360030294,5.840847360212962,6.054184931159057e-16,2.42861286636753e-17,0.40299976859242426,0.0,-6.300000000000001,6.300000000000001,0.14142135623730964,0.14142135623730953,1.7841585108417437e-08,4.628142144667552e-06,0.011930576280679105,0.0118,5.552525218728288e-06,0.011681446544146948,0.0118,0.3,0.0,0.27243474820765234,0.0
2309,4.618,4.62,-4.3796842395774735,4.538667778825748,0.07949176962413729,8.918352018403223,-0.09604476769364725,0.10808250404614195,1,1,-4.3796842395774735,4.538667778825748,-6.0136454864771345,6.040936459431402,0.013645486477133595,12.054581945908536,0.027290972954267717,0.0,0.027290972954267717,0.0,-0.027290972954267717,-0.027290972954267717,0.0,0.0,0.0,0.0,0.0,0.0,5.4636564260609174e-05,0.0,5.9648639292074455,5.841464098279163,1.5525775109992423e-15,2.7755575615628914e-17,0.40299976862448794,0.0,-6.300000000000001,6.300000000000001,0.14142135623730964,0.14142135623730953,1.7837686611449788e-08,4.627500868813362e-06,0.011929869104168342,0.0118,5.555892911834892e-06,0.01168268248541871,0.0118,0.3,0.0,0.2727090270457323,0.0
2314,4.628,4.63,-4.379948770702154,4.537589578294105,0.07882040379597521,8.91753834899626,-0.09601284521793235,0.10814280016923611,1,1,-4.379948770702154,4.537589578294105,-6.013509711618113,6.040529134854339,0.013509711618112874,12.054038846472451,0.027019423236225797,0.0,0.027019423236225797,0.0,-0.027019423236225797,-0.027019423236225797,0.0,0.0,0.0,0.0,0.0,0.0,5.4092921362841846e-05,0.0,5.9645112972504775,5.842074710277674,1.1102230246251565e-15,6.938893903907228e-18,0.40299976865580656,0.0,-6.300000000000001,6.300000000000001,0.14142135623730964,0.14142135623730953,1.783380864273209e-08,4.626874494982612e-06,0.01192916351761208,0.0118,5.559227816929191e-06,0.011683906150067465,0.0118,0.3,0.0,0.2729805767637742,0.0
2319,4.638,4.64,-4.380214329693184,4.536524073504192,0.07815487190550385,8.916738403197376,-0.09598101043826288,0.10820192378048626,1,1,-4.380214329693184,4.536524073504192,-6.013375287741511,6.040125863224536,0.01337528774151231,12.053501150966047,0.02675057548302376,0.0,0.02675057548302376,0.0,-0.02675057548302376,-0.02675057548302376,0.0,0.0,0.0,0.0,0.0,0.0,5.355468780228839e-05,0.0,5.96415948332422,5.842679257059407,1.1171619185290638e-15,2.7755575615628914e-17,0.40299976868636483,0.0,-6.300000000000001,6.300000000000001,0.14142135623730964,0.14142135623730953,1.782995151855007e-08,4.626263327671991e-06,0.011928459559525135,0.0118,5.562529324580901e-06,0.011685117660040151,0.0118,0.3,0.0,0.27324942451697626,0.0
2324,4.648,4.65,-4.380480877088287,4.535471123896079,0.0774951234038963,8.915952000984365,-0.09594926611573573,0.1082598993073701,1,1,-4.380480877088287,4.535471123896079,-6.013242201404831,6.0397266042144935,0.013242201404831455,12.052968805619324,0.02648440280966224,0.0,0.02648440280966224,0.0,-0.02648440280966224,-0.02648440280966224,0.0,0.0,0.0,0.0,0.0,0.0,5.302180975514422e-05,0.0,5.963808506135004,5.843277798866158,1.9203388879063255e-15,3.469446951953614e-18,0.40299976871614784,0.0,-6.300000000000001,6.300000000000001,0.14142135623730964,0.14142135623730953,1.782611555367663e-08,4.625667665582826e-06,0.011927757267502403,0.0118,5.565796824698044e-06,0.01168631713606302,0.0118,0.3,0.0,0.27351559719033774,0.0
2329,4.658,4.66,-4.380748373884405,4.534430589560651,0.07684110783812326,8.915178963445056,-0.09591761492424272,0.10831675069338048,1,1,-4.380748373884405,4.534430589560651,-6.013110439299326,6.039331317897978,0.013110439299325982,12.052441757197304,0.0262208785986521,0.0,0.0262208785986521,0.0,-0.0262208785986521,-0.0262208785986521,0.0,0.0,0.0,0.0,0.0,0.0,5.249423393316055e-05,0.0,5.963458383937867,5.843870395336664,4.215378046623641e-16,2.42861286636753e-17,0.40299976874514093,0.0,-6.300000000000001,6.300000000000001,0.14142135623730964,0.14142135623730953,1.7822301061298854e-08,4.625087801447887e-06,0.011927056678233336,0.0118,5.569029707461759e-06,0.011687504697653821,0.0118,0.3,0.0,0.2737791214013479,0.0
2334,4.668,4.67,-4.381016781538427,4.5334023313073715,0.0761927748844724,8.914419112845799,-0.09588605945229992,0.10837250140191546,1,1,-4.381016781538427,4.5334023313073715,-6.012979988248676,6.038939964746029,0.0129799882486763,12.051919952994705,0.02595997649735263,0.0,0.02595997649735263,0.0,-0.02595997649735263,-0.02595997649735263,0.0,0.0,0.0,0.0,0.0,0.0,5.1971907578315535e-05,0.0,5.963109134543681,5.8444571055126255,1.97758476261356e-16,3.122502256758253e-17,0.4029997687733298,0.0,-6.300000000000001,6.300000000000001,0.14142135623730964,0.14142135623730953,1.7818508352945382e-08,4.6245240219203624e-06,0.01192635782751621,0.0118,5.572227364203375e-06,0.011688680463133807,0.0118,0.3,0.0,0.2740400235026474,0.0
2339,4.678,4.68,-4.381286061967687,4.532386210726007,0.07555007437915995,8.913672272693695,-0.09585460220484843,0.10842717442079056,1,1,-4.381286061967687,4.532386210726007,-6.012850835207669,6.038552505623004,0.012850835207667721,12.051403340830673,0.025701670415336286,0.0,0.025701670415336286,0.0,-0.025701670415336286,-0.025701670415336286,0.0,0.0,0.0,0.0,0.0,0.0,5.1454778457538433e-05,0.0,5.9627607753261564,5.845037987844655,2.6264797628461345e-16,6.591949208711867e-17,0.40299976880070043,0.0,-6.300000000000001,6.300000000000001,0.14142135623730964,0.14142135623730953,1.7814737738414226e-08,4.623976607442853e-06,0.011925660750272203,0.0118,5.575389188319235e-06,0.011689844549639686,0.0118,0.3,0.0,0.27429832958466377,0.0
2344,4.688,4.69,-4.381556177550263,4.531382090242763,0.07491295634625006,8.912938267793027,-0.09582324560502675,0.10848079226729798,1,1,-4.381556177550263,4.531382090242763,-6.012722967260889,6.03816890178267,0.012722967260890172,12.050891869043559,0.0254459345217796,0.0,0.0254459345217796,0.0,-0.0254459345217796,-0.0254459345217796,0.0,0.0,0.0,0.0,0.0,0.0,5.0942794857486194e-05,0.0,5.962413323228774,5.845613100198175,1.2385925618474403e-15,1.4224732503009818e-16,0.40299976882723915,0.0,-6.300000000000001,6.300000000000001,0.14142135623730964,0.14142135623730953,1.7810989525701102e-08,4.623445832120808e-06,0.011924965480559267,0.0118,5.578514576212168e-06,0.011690997073135445,0.0118,0.3,0.0,0.27455406547822053,0.0
2349,4.698,4.7,-4.381827091125061,4.530389833171211,0.07428137102307497,8.91221692429627,-0.09579199199591146,0.1085333769937355,1,1,-4.381827091125061,4.530389833171211,-6.012596371621441,6.03778911486432,0.012596371621439673,12.05038548648576,0.025192743242880105,0.0,0.025192743242880105,0.0,-0.025192743242880105,-0.025192743242880105,0.0,0.0,0.0,0.0,0.0,0.0,5.043590557937218e-05,0.0,5.962066794771606,5.846182499859272,8.817951794096168e-16,1.491862189340054e-16,0.4029997688529325,0.0,-6.300000000000001,6.300000000000001,0.14142135623730964,0.14142135623730953,1.7807264020928338e-08,4.622931963622602e-06,0.011924272051585827,0.0118,5.58160292816412e-06,0.011692138148424062,0.0118,0.3,0.0,0.27480725675712003,0.0
2354,4.708,4.71,-4.382098765991719,4.529409303758413,0.07365526888334717,8.911508069750132,-0.09576084364222803,0.10858495019334141,1,1,-4.382098765991719,4.529409303758413,-6.01247103562965,6.037413106888948,0.01247103562964913,12.049884142518598,0.024942071259298926,0.0,0.024942071259298926,0.0,-0.024942071259298926,-0.024942071259298926,0.0,0.0,0.0,0.0,0.0,0.0,4.993405993384616e-05,0.0,5.961721206058052,5.846746243540484,1.6792123247455493e-15,1.6653345369377348e-16,0.4029997688777674,0.0,-6.300000000000001,6.300000000000001,0.14142135623730964,0.14142135623730953,1.780356152827436e-08,4.622435263061853e-06,0.01192358049572428,0.0118,5.584653649302052e-06,0.011693267889159108,0.0118,0.3,0.0,0.27505792874070123,0.0
2359,4.718,4.72,-4.382371165910317,4.52844036722658,0.0730346006581315,8.910811533136897,-0.09572980273203677,0.10863553300657414,1,1,-4.382371165910317,4.52844036722658,-6.012346946751814,6.037040840255443,0.012346946751814691,12.049387787007257,0.024693893503628803,0.0,0.024693893503628803,0.0,-0.024693893503628803,-0.024693893503628803,0.0,0.0,0.0,0.0,0.0,0.0,4.943720773592538e-05,0.0,5.961376572781474,5.8473043873865365,3.0327845269850773e-16,1.4224732503009818e-16,0.4029997689017312,0.0,-6.300000000000001,6.300000000000001,0.14142135623730964,0.14142135623730953,1.7799882349903966e-08,4.621955984913047e-06,0.01192289084452432,0.0118,5.587666150423943e-06,0.01169438640785625,0.0118,0.3,0.0,0.27530610649637133,0.0
2364,4.728,4.73,-4.382644255100912,4.52748288981058,0.07241931735483398,8.910127144911492,-0.09569887137838226,0.10868514612768554,1,1,-4.382644255100912,4.52748288981058,-6.012224092578944,6.036672277736831,0.012224092578943413,12.048896370315775,0.024448185157887357,0.0,0.024448185157887357,0.0,-0.024448185157887357,-0.024448185157887357,0.0,0.0,0.0,0.0,0.0,0.0,4.8945299299976004e-05,0.0,5.961032910231744,5.8478569869800365,1.330532906074211e-15,1.97758476261356e-16,0.40299976892481154,0.0,-6.300000000000001,6.300000000000001,0.14142135623730964,0.14142135623730953,1.7796226785899253e-08,4.621494376904951e-06,0.011922203128726041,0.0118,5.590639848958023e-06,0.011695493815904635,0.0118,0.3,0.0,0.27555181484211283,0.0
2369,4.738,4.74,-4.382917998242906,4.526536738791617,0.07180937027435563,8.909454737034523,-0.09566805162092115,0.10873380981154007,1,1,-4.382917998242906,4.526536738791617,-6.012102460825518,6.036307382476553,0.012102460825517802,12.048409843302071,0.02420492165103526,0.0,0.02420492165103526,0.0,-0.02420492165103526,-0.02420492165103526,0.0,0.0,0.0,0.0,0.0,0.0,4.845828543474453e-05,0.0,5.960690233301705,5.8484040973471,5.221517662690189e-16,2.1163626406917047e-16,0.4029997689469963,0.0,-6.300000000000001,6.300000000000001,0.14142135623730964,0.14142135623730953,1.7792595134191406e-08,4.621050679973989e-06,0.011921517378272918,0.0118,5.593574169804327e-06,0.011696590223578204,0.0118,0.3,0.0,0.27579507834896494,0.0
2374,4.748,4.75,-4.383192360474249,4.52560178252735,0.07120471102655035,8.908794143001598,-0.09563734542751723,0.10878154388063513,1,1,-4.383192360474249,4.52560178252735,-6.0119820393282595,6.035946117984778,0.011982039328259475,12.047928157313038,0.023964078656519096,0.0,0.023964078656519096,0.0,-0.023964078656519096,-0.023964078656519096,0.0,0.0,0.0,0.0,0.0,0.0,4.797611743843855e-05,0.0,5.9603485564935355,5.8489457729629395,2.0527335256939616e-15,2.0122792321330962e-16,0.4029997689682738,0.0,-6.300000000000001,6.300000000000001,0.14142135623730964,0.14142135623730953,1.7788987690493305e-08,4.620625128153217e-06,0.011920833622324559,0.0118,5.596468546171796e-06,0.011697675740046858,0.0118,0.3,0.0,0.2760359213434811,0.0
2379,4.758,4.76,-4.383467307390486,4.524677890478697,0.07060529154410533,8.908145197869182,-0.09560675469580962,0.1088283677322853,1,1,-4.383467307390486,4.524677890478697,-6.0118628160449195,6.035588448134758,0.011862816044919455,12.047451264179678,0.02372563208983872,0.0,0.02372563208983872,0.0,-0.02372563208983872,-0.02372563208983872,0.0,0.0,0.0,0.0,0.0,0.0,4.749874709385665e-05,0.0,5.960007893925026,5.849482067757396,7.74282981480523e-16,1.97758476261356e-16,0.40299976898863266,0.0,-6.300000000000001,6.300000000000001,0.14142135623730964,0.14142135623730953,1.7785404748233125e-08,4.620217948534575e-06,0.011920151889269313,0.0118,5.599322420473118e-06,0.011698750473387537,0.0118,0.3,0.0,0.27627436791016147,0.0
2384,4.768,4.7700000000000005,-4.38374280504366,4.523764933233604,0.07001106409497204,8.907507738277264,-0.09557628125475295,0.10887430034593443,1,1,-4.38374280504366,4.523764933233604,-6.011744779053069,6.035234337159208,0.011744779053069365,12.046979116212277,0.023489558106138748,0.0,0.023489558106138748,0.0,-0.023489558106138748,-0.023489558106138748,0.0,0.0,0.0,0.0,0.0,0.0,4.702612666356655e-05,0.0,5.959668259335778,5.85001303512041,9.332812300755222e-16,2.393918396847994e-16,0.40299976900806195,0.0,-6.300000000000001,6.300000000000001,0.14142135623730964,0.14142135623730953,1.7781846598488795e-08,4.619829361180069e-06,0.011919472206736673,0.0118,5.602135245070805e-06,0.011699814530595213,0.0118,0.3,0.0,0.2765104418938615,0.0
2389,4.7780000000000005,4.78,-4.384018819941071,4.522862782527963,0.06942198129344623,8.906881602469035,-0.0955459268661299,0.10891936029056706,1,1,-4.384018819941071,4.522862782527963,-6.011627916548912,6.0348837496467365,0.011627916548912154,12.046511666195649,0.023255833097824093,0.0,0.023255833097824093,0.0,-0.023255833097824093,-0.023255833097824093,0.0,0.0,0.0,0.0,0.0,0.0,4.6558208885131384e-05,0.0,5.959329666093308,5.850538727907462,8.448103328007051e-16,2.2898349882893854e-16,0.402999769026551,0.0,-6.300000000000001,6.300000000000001,0.14142135623730964,0.14142135623730953,1.7778313529923548e-08,4.6194595790995675e-06,0.011918794601609535,0.0118,5.604906483116512e-06,0.011700868017593773,0.0118,0.3,0.0,0.2767441669021761,0.0
2394,4.788,4.79,-4.384295319043893,4.521971311263906,0.0688379961100063,8.9062666303078,-0.0955156932260369,0.10896356573218843,1,1,-4.384295319043893,4.521971311263906,-6.011512216846099,6.034536650538299,0.011512216846099932,12.046048867384398,0.023024433692199142,0.0,0.023024433692199142,0.0,-0.023024433692199142,-0.023024433692199142,0.0,0.0,0.0,0.0,0.0,0.0,4.609494696638337e-05,0.0,5.9589921271990685,5.851059198444943,1.56472057533108e-15,2.220446049250313e-16,0.40299976904408946,0.0,-6.300000000000001,6.300000000000001,0.14142135623730964,0.14142135623730953,1.7774805828722503e-08,4.619108808181967e-06,0.01191811910003627,0.0118,5.607635609294892e-06,0.01170191103924677,0.0118,0.3,0.0,0.27697556630780107,0.0
2399,4.798,4.8,-4.384572269765678,4.521090393525669,0.06825906187999564,8.905662663291347,-0.0954855819663411,0.10900693444135134,1,1,-4.384572269765678,4.521090393525669,-6.011397668374565,6.034193005123695,0.011397668374565129,12.04559067349826,0.022795336749130504,0.0,0.022795336749130504,0.0,-0.022795336749130504,-0.022795336749130504,0.0,0.0,0.0,0.0,0.0,0.0,4.563629458074457e-05,0.0,5.958655655294386,5.851574498535492,9.945793104024214e-16,2.463307335887066e-16,0.4029997690606674,0.0,-6.300000000000001,6.300000000000001,0.14142135623730964,0.14142135623730953,1.7771323778530386e-08,4.618777247161882e-06,0.011917445727442648,0.0118,5.610322110538579e-06,0.011702943699368149,0.0118,0.3,0.0,0.27720466325086973,0.0
2404,4.808,4.8100000000000005,-4.384849639970716,4.520219904593203,0.06768513231124329,8.905069544563919,-0.0954555946561142,0.10904948380070473,1,1,-4.384849639970716,4.520219904593203,-6.011284259679366,6.033852779038099,0.011284259679366748,12.045137038717465,0.022568519358732955,0.0,0.022568519358732955,0.0,-0.022568519358732955,-0.022568519358732955,0.0,0.0,0.0,0.0,0.0,0.0,4.518220586259422e-05,0.0,5.958320262666319,5.852084679463268,7.598088824778415e-16,2.3592239273284576e-16,0.40299976907627527,0.0,-6.300000000000001,6.300000000000001,0.14142135623730964,0.14142135623730953,1.7767867660390354e-08,4.61846508760633e-06,0.01191677450854356,0.0118,5.61296548678758e-06,0.011703966100732766,0.0118,0.3,0.0,0.27743148064126727,0.0
2409,4.8180000000000005,4.82,-4.385127397972298,4.519359720953696,0.06711616149069943,8.904487118925994,-0.09542573280303418,0.10909123081254635,1,1,-4.385127397972298,4.519359720953696,-6.011171979419539,6.033515938258618,0.01117197941953929,12.044687917678157,0.02234395883907844,0.0,0.02234395883907844,0.0,-0.02234395883907844,-0.02234395883907844,0.0,0.0,0.0,0.0,0.0,0.0,4.473263540268208e-05,0.0,5.9579859612534305,5.85258979199919,4.2847669856627135e-16,1.9081958235744878e-16,0.4029997690909039,0.0,-6.300000000000001,6.300000000000001,0.14142135623730964,0.14142135623730953,1.776443775268406e-08,4.618172513843666e-06,0.011916105467354611,0.0118,5.615565251586574e-06,0.011704978345086926,0.0118,0.3,0.0,0.27765604116092174,0.0
2414,4.828,4.83,-4.385405512530843,4.518509720311167,0.06655210389016197,8.90391523284201,-0.09539599785476985,0.10913219210636232,1,1,-4.385405512530843,4.518509720311167,-6.011060816366964,6.033182449100892,0.011060816366963877,12.044243265467856,0.02212163273392786,0.0,0.02212163273392786,0.0,-0.02212163273392786,-0.02212163273392786,0.0,0.0,0.0,0.0,0.0,0.0,4.428753824358755e-05,0.0,5.957652762651485,5.853089886406105,2.3398438134952793e-16,1.6306400674181987e-16,0.4029997691045444,0.0,-6.300000000000001,6.300000000000001,0.14142135623730964,0.14142135623730953,1.776103433107292e-08,4.617899702994679e-06,0.011915438627203552,0.0118,5.618120932788795e-06,0.011705980533158728,0.0118,0.3,0.0,0.2778783672660723,0.0
2419,4.838,4.84,-4.385683952851947,4.517669781594269,0.06599291437116106,8.903353734446217,-0.09536639120032983,0.10917238394633641,1,1,-4.385683952851947,4.517669781594269,-6.010950759405243,6.032852278215729,0.010950759405242927,12.043803037620972,0.021901518810485434,0.0,0.021901518810485434,0.0,-0.021901518810485434,-0.021901518810485434,0.0,0.0,0.0,0.0,0.0,0.0,4.384686987522377e-05,0.0,5.957320678119061,5.853585012443934,9.561578959149664e-16,2.463307335887066e-16,0.4029997691171882,0.0,-6.300000000000001,6.300000000000001,0.14142135623730964,0.14142135623730953,1.775765766844066e-08,4.617646824923734e-06,0.011914774010741518,0.0118,5.620632073122245e-06,0.011706972764668372,0.0118,0.3,0.0,0.2780984811895148,0.0
2424,4.848,4.8500000000000005,-4.385962688584301,4.516839784962445,0.06543854818907224,8.902802473546746,-0.09533691417139237,0.10921182223881568,1,1,-4.385962688584301,4.516839784962445,-6.010841797528588,6.032525392585763,0.010841797528587271,12.04336719011435,0.021683595057175375,0.0,0.021683595057175375,0.0,-0.021683595057175375,-0.021683595057175375,0.0,0.0,0.0,0.0,0.0,0.0,4.3410586230386696e-05,0.0,5.956989718583087,5.854075219374755,3.122502256758253e-16,2.220446049250313e-16,0.40299976912882723,0.0,-6.300000000000001,6.300000000000001,0.14142135623730964,0.14142135623730953,1.7754308034837208e-08,4.617414042241e-06,0.011914111639954154,0.0118,5.623098230782553e-06,0.01170795513833834,0.0118,0.3,0.0,0.27831640494282484,0.0
2429,4.8580000000000005,4.86,-4.386241689817534,4.516019611810558,0.06488896099651198,8.90226130162809,-0.09530756804361079,0.10925052253972278,1,1,-4.386241689817534,4.516019611810558,-6.010733919840721,6.032201759522161,0.01073391984072014,12.042935679362882,0.021467839681440764,0.0,0.021467839681440764,0.0,-0.021467839681440764,-0.021467839681440764,0.0,0.0,0.0,0.0,0.0,0.0,4.297864368034827e-05,0.0,5.9566598946443055,5.854560555967835,6.291083105847139e-16,3.157196726277789e-16,0.40299976913945373,0.0,-6.300000000000001,6.300000000000001,0.14142135623730964,0.14142135623730953,1.7750985697423827e-08,4.617201510309104e-06,0.011913451536172546,0.0118,5.625518979959221e-06,0.011708927751903487,0.0118,0.3,0.0,0.27853216031855954,0.0
2434,4.868,4.87,-4.38652092707995,4.515209144772095,0.06434410884607278,8.901730071852045,-0.09527835403788959,0.10928850006190122,1,1,-4.38652092707995,4.515209144772095,-6.010627115553782,6.031881346661346,0.01062711555378204,12.042508462215128,0.021254231107564223,0.0,0.021254231107564223,0.0,-0.021254231107564223,-0.021254231107564223,0.0,0.0,0.0,0.0,0.0,0.0,4.255099903049354e-05,0.0,5.956331216582651,5.8550410705046225,1.3183898417423734e-15,3.642919299551295e-16,0.4029997691490603,0.0,-6.300000000000001,6.300000000000001,0.14142135623730964,0.14142135623730953,1.7747690920419764e-08,4.617009377212046e-06,0.011912793720084034,0.0118,5.627893911341886e-06,0.011709890702121044,0.0118,0.3,0.0,0.27874576889243613,0.0
2439,4.878,4.88,-4.386800371336185,4.514408267721092,0.0638039481924535,8.901208639057277,-0.09524927332164118,0.1093257696823853,1,1,-4.386800371336185,4.514408267721092,-6.010521373987255,6.0315641219617655,0.010521373987255167,12.04208549594902,0.02104274797451036,0.0,0.02104274797451036,0.0,-0.02104274797451036,-0.02104274797451036,0.0,0.0,0.0,0.0,0.0,0.0,4.2127609516001146e-05,0.0,5.956003694362558,5.855516810783691,2.392183673372017e-15,4.128641872824801e-16,0.4029997691576399,0.0,-6.300000000000001,6.300000000000001,0.14142135623730964,0.14142135623730953,1.774442396505014e-08,4.616837783815155e-06,0.01191213821174285,0.0118,5.6302226325710694e-06,0.011710844084780521,0.0118,0.3,0.0,0.27895725202549004,0.0
2444,4.888,4.89,-4.387079993984775,4.513616865772832,0.06326843589402831,8.900696859757607,-0.09522032701001576,0.10936234594958974,1,1,-4.387079993984775,4.513616865772832,-6.010416684566895,6.031250053700685,0.01041668456689493,12.04166673826758,0.020833369133789623,0.0,0.020833369133789623,0.0,-0.020833369133789623,-0.020833369133789623,0.0,0.0,0.0,0.0,0.0,0.0,4.17084327975668e-05,0.0,5.955677337638203,5.855987824125631,1.6254358969902682e-15,4.3021142204224816e-16,0.4029997691651859,0.0,-6.300000000000001,6.300000000000001,0.14142135623730964,0.14142135623730953,1.77411850894954e-08,4.6166868637228965e-06,0.011911485030580616,0.0118,5.6325047686889285e-06,0.011711787994713518,0.0118,0.3,0.0,0.2791666308662108,0.0
2449,4.898,4.9,-4.387359766855654,4.512834825283448,0.06273752921389697,8.900194592139101,-0.09519151616710922,0.10939824309040447,1,1,-4.387359766855654,4.512834825283448,-6.010313036823671,6.0309391104710155,0.010313036823672128,12.041252147294687,0.020626073647343465,0.0,0.020626073647343465,0.0,-0.020626073647343465,-0.020626073647343465,0.0,0.0,0.0,0.0,0.0,0.0,4.129342695716936e-05,0.0,5.955352155758654,5.8564541573779,1.2108369862318114e-15,4.3021142204224816e-16,0.4029997691716918,0.0,-6.300000000000001,6.300000000000001,0.14142135623730964,0.14142135623730953,1.7737974548842123e-08,4.616556743341045e-06,0.01191083419541669,0.0118,5.634739962518953e-06,0.011712722525803434,0.0118,0.3,0.0,0.27937392635265695,0.0
2454,4.908,4.91,-4.38763966220756,4.512062033848502,0.06221118582047103,8.899701696056063,-0.09516284180714679,0.10943347501719908,1,1,-4.38763966220756,4.512062033848502,-6.010210420392726,6.030631261178176,0.010210420392724906,12.040841681570901,0.020420840785450495,0.0,0.020420840785450495,0.0,-0.020420840785450495,-0.020420840785450495,0.0,0.0,0.0,0.0,0.0,0.0,4.088255049387894e-05,0.0,5.955028157772971,5.856915856919635,1.5126788710517758e-15,5.169475958410885e-16,0.4029997691771518,0.0,-6.300000000000001,6.300000000000001,0.14142135623730964,0.14142135623730953,1.773479259503537e-08,4.616447541863367e-06,0.01191018572446839,0.0118,5.636927875005693e-06,0.011713647770995091,0.0118,0.3,0.0,0.27957915921455,0.0
2459,4.918,4.92,-4.387919652725391,4.511298380300617,0.061689363787612805,8.899218033026008,-0.09513430489564462,0.1094680553347234,1,1,-4.387919652725391,4.511298380300617,-6.010108825012327,6.03032647503698,0.010108825012326683,12.040435300049307,0.02021765002465349,0.0,0.02021765002465349,0.0,-0.02021765002465349,-0.02021765002465349,0.0,0.0,0.0,0.0,0.0,0.0,4.047576231970681e-05,0.0,5.954705352435206,5.8573729686663825,1.3144867139214256e-15,5.134781488891349e-16,0.4029997691815602,0.0,-6.300000000000001,6.300000000000001,0.14142135623730964,0.14142135623730953,1.7731639476832493e-08,4.616359371331561e-06,0.011909539635361033,0.0118,5.639068185578911e-06,0.01171456382230428,0.0118,0.3,0.0,0.279782349975347,0.0
2464,4.928,4.93,-4.388199711517479,4.510543754706246,0.06117202159438362,8.898743466223724,-0.09510590635054855,0.10950199734690108,1,1,-4.388199711517479,4.510543754706246,-6.010008240522854,6.0300247215685605,0.010008240522853207,12.040032962091415,0.02001648104570705,0.0,0.02001648104570705,0.0,-0.02001648104570705,-0.02001648104570705,0.0,0.0,0.0,0.0,0.0,0.0,4.007302175549657e-05,0.0,5.954383748209373,5.8578255380748345,2.437286483747414e-15,5.238864897449957e-16,0.4029997691849119,0.0,-6.300000000000001,6.300000000000001,0.14142135623730964,0.14142135623730953,1.7728515439758437e-08,4.616292336657474e-06,0.011908895945137866,0.0118,5.6411605923956115e-06,0.011715470770827173,0.0118,0.3,0.0,0.27998351895429346,0.0
2469,4.938,4.94,-4.388479812112801,4.509798048361646,0.060659118124422484,8.898277860474447,-0.09507764704335175,0.10953531406351857,1,1,-4.388479812112801,4.509798048361646,-6.009908656865773,6.029725970597318,0.009908656865772691,12.03963462746309,0.019817313731545636,0.0,0.019817313731545636,0.0,-0.019817313731545636,-0.019817313731545636,0.0,0.0,0.0,0.0,0.0,0.0,3.967428852685616e-05,0.0,5.9540633532743,5.858273610147485,9.697104230710352e-16,5.30825383648903e-16,0.4029997691872019,0.0,-6.300000000000001,6.300000000000001,0.14142135623730964,0.14142135623730953,1.7725420726062633e-08,4.6162465356386365e-06,0.011908254670269854,0.0118,5.643204812595393e-06,0.011716368706749684,0.0118,0.3,0.0,0.2801826862684549,0.0
2474,4.948,4.95,-4.388759928458143,4.50906115378812,0.06015061266498867,8.897821082246264,-0.09504952780018838,0.10956801820679957,1,1,-4.388759928458143,4.50906115378812,-6.009810064082636,6.029430192247908,0.00981006408263596,12.039240256330544,0.01962012816527186,0.0,0.01962012816527186,0.0,-0.01962012816527186,-0.01962012816527186,0.0,0.0,0.0,0.0,0.0,0.0,3.9279522760130466e-05,0.0,5.95374417552846,5.858717229437239,9.744809126299714e-16,4.926614671774132e-16,0.4029997691884256,0.0,-6.300000000000001,6.300000000000001,0.14142135623730964,0.14142135623730953,1.7722355574677363e-08,4.616222059020439e-06,0.011907615826665321,0.0118,5.645200582555798e-06,0.011717257719356739,0.0118,0.3,0.0,0.2803798718347286,0.0
2479,4.958,4.96,-4.389040034915185,4.508332964726587,0.05964646490570091,8.897372999641771,-0.09502154940290858,0.10960012221786539,1,1,-4.389040034915185,4.508332964726587,-6.009712452314083,6.029137356942248,0.009712452314082576,12.03884980925633,0.01942490462816477,0.0,0.01942490462816477,0.0,-0.01942490462816477,-0.01942490462816477,0.0,0.0,0.0,0.0,0.0,0.0,3.8888684978413824e-05,0.0,5.953426222594698,5.859156440052002,9.97465998686664e-16,5.065392549852277e-16,0.402999769188579,0.0,-6.300000000000001,6.300000000000001,0.14142135623730964,0.14142135623730953,1.771932022117774e-08,4.616218990529437e-06,0.011906979429679457,0.0118,5.647147658023322e-06,0.011718137897041413,0.0118,0.3,0.0,0.2805750953718357,0.0
2484,4.968,4.97,-4.389320106257557,4.5076133761315385,0.05914663493699068,8.896933482389095,-0.09499371259013012,0.10963163826307964,1,1,-4.389320106257557,4.5076133761315385,-6.009615811798854,6.028847435396562,0.009615811798854068,12.038463247195416,0.019231623597707977,0.0,0.019231623597707977,0.0,-0.019231623597707977,-0.019231623597707977,0.0,0.0,0.0,0.0,0.0,0.0,3.8501736097602376e-05,0.0,5.953109501824911,5.859591285659199,1.7746221159242737e-15,4.510281037539698e-16,0.4029997691876581,0.0,-6.300000000000001,6.300000000000001,0.14142135623730964,0.14142135623730953,1.771631489774322e-08,4.6162374069288634e-06,0.01190634549412369,0.0118,5.649045814271059e-06,0.01171900932731403,0.0118,0.3,0.0,0.28076837640229246,0.0
2489,4.978,4.98,-4.389600117667827,4.506902284164438,0.05865108324830537,8.896502401832265,-0.09496601805827107,0.1096625782402777,1,1,-4.389600117667827,4.506902284164438,-6.009520132872819,6.028560398618456,0.00952013287281872,12.038080531491275,0.019040265745637358,0.0,0.019040265745637358,0.0,-0.019040265745637358,-0.019040265745637358,0.0,0.0,0.0,0.0,0.0,0.0,3.811863742248557e-05,0.0,5.952794020304657,5.860021809490266,1.249000902703301e-16,4.163336342344337e-16,0.4029997691856595,0.0,-6.300000000000001,6.300000000000001,0.14142135623730964,0.14142135623730953,1.7713339833120686e-08,4.616277378069695e-06,0.011905714034274942,0.0118,5.65089484625636e-06,0.01171987209681114,0.0118,0.3,0.0,0.28095973425436305,0.0
2494,4.988,4.99,-4.389880044734448,4.506199586186605,0.058159770726078364,8.896079630921053,-0.09493846646256118,0.1096929537848744,1,1,-4.389880044734448,4.506199586186605,-6.009425405968004,6.028276217904013,0.009425405968004341,12.037701623872017,0.01885081193600824,0.0,0.01885081193600824,0.0,-0.01885081193600824,-0.01885081193600824,0.0,0.0,0.0,0.0,0.0,0.0,3.773935064287665e-05,0.0,5.952479784857696,5.860448054345078,6.140921104957897e-16,3.920475055707584e-16,0.40299976918257996,0.0,-6.300000000000001,6.300000000000001,0.14142135623730964,0.14142135623730953,1.7710395252589134e-08,4.616338966941726e-06,0.011905085063884732,0.0118,5.652694568645256e-06,0.011720726291304417,0.0118,0.3,0.0,0.28114918806399214,0.0
2499,4.998,5.0,-4.390159863448664,4.505505180751626,0.05767265865148108,8.89566504420029,-0.09491105841803252,0.1097227762758543,1,1,-4.390159863448664,4.505505180751626,-6.009331621611641,6.027994864834922,0.009331621611640806,12.037326486446563,0.018663243223281792,0.0,0.018663243223281792,0.0,-0.018663243223281792,-0.018663243223281792,0.0,0.0,0.0,0.0,0.0,0.0,3.736383782978159e-05,0.0,5.952166802050468,5.860870062596363,5.48172618408671e-16,3.469446951953614e-16,0.40299976917841673,0.0,-6.300000000000001,6.300000000000001,0.14142135623730964,0.14142135623730953,1.770748137792591e-08,4.616422229733521e-06,0.011904458596188156,0.0118,5.654444815894611e-06,0.011721571995709475,0.0118,0.3,0.0,0.28133675677671854,0.0
2504,5.008,5.01,-4.390439550201369,4.504818967597359,0.05718970869799511,8.895258517798727,-0.09488379450049322,0.1097520568416463,1,1,-4.390439550201369,4.504818967597359,-6.009238770425215,6.027716311275645,0.009238770425215037,12.03695508170086,0.018477540850430428,0.0,0.018477540850430428,0.0,-0.018477540850430428,-0.018477540850430428,0.0,0.0,0.0,0.0,0.0,0.0,3.699206143160614e-05,0.0,5.951855078196519,5.861287876194048,5.221517662690189e-16,2.983724378680108e-16,0.4029997691731674,0.0,-6.300000000000001,6.300000000000001,0.14142135623730964,0.14142135623730953,1.7704598427374576e-08,4.6165272158968045e-06,0.011903834643912764,0.0118,5.656145442292094e-06,0.011722409294094599,0.0118,0.3,0.0,0.28152245914956986,0.0
2509,5.018,5.0200000000000005,-4.390719081779927,4.504140847637529,0.056710882928801,8.894859929417455,-0.09485667524747776,0.1097808063658727,1,1,-4.390719081779927,4.504140847637529,-6.00914684312353,6.027440529370593,0.009146843123531312,12.036587372494123,0.01829368624706211,0.0,0.01829368624706211,0.0,-0.01829368624706211,-0.01829368624706211,0.0,0.0,0.0,0.0,0.0,0.0,3.6623984270400676e-05,0.0,5.951544619360841,5.861701536669562,6.557254739192331e-16,3.191891195797325e-16,0.4029997691668297,0.0,-6.300000000000001,6.300000000000001,0.14142135623730964,0.14142135623730953,1.7701746615614322e-08,4.616653968201974e-06,0.011903213219287273,0.0118,5.657796321905106e-06,0.011723238269689353,0.0118,0.3,0.0,0.2817063137529382,0.0
2514,5.0280000000000005,5.03,-4.390998435364964,4.503470722952994,0.05623614379401509,8.894469158317959,-0.09482970115918157,0.10980903549298607,1,1,-4.390998435364964,4.503470722952994,-6.009055830513782,6.027167491541345,0.009055830513781338,12.036223322055127,0.018111661027563283,0.0,0.018111661027563283,0.0,-0.018111661027563283,-0.018111661027563283,0.0,0.0,0.0,0.0,0.0,0.0,3.6259569538142335e-05,0.0,5.951235431364175,5.862111085140114,1.318687997339807e-15,2.740863092043355e-16,0.4029997691594019,0.0,-6.300000000000001,6.300000000000001,0.14142135623730964,0.14142135623730953,1.7698926153730995e-08,4.616802522820256e-06,0.011902594334050179,0.0118,5.659397348585227e-06,0.011724059004893168,0.0118,0.3,0.0,0.281888338972437,0.0
2519,5.038,5.04,-4.391277588527118,4.502808496782694,0.05576545412778788,8.894086085309812,-0.09480287269937743,0.1098367546337839,1,1,-4.391277588527118,4.502808496782694,-6.00896572349463,6.026897170483891,0.008965723494630318,12.035862893978521,0.017931446989260313,0.0,0.017931446989260313,0.0,-0.017931446989260313,-0.017931446989260313,0.0,0.0,0.0,0.0,0.0,0.0,3.5898780793054215e-05,0.0,5.950927519787237,5.8625165623129085,9.75402484476584e-16,3.434752482434078e-16,0.40299976915088254,0.0,-6.300000000000001,6.300000000000001,0.14142135623730964,0.14142135623730953,1.7696137249189677e-08,4.616972909383654e-06,0.011901977999458259,0.0118,5.660948435886049e-06,0.011724871581283786,0.0118,0.3,0.0,0.28206855301074,0.0
2524,5.048,5.05,-4.391556519223762,4.502154073514305,0.055298777145271316,8.893710592738067,-0.09477619029630735,0.10986397397080891,1,1,-4.391556519223762,4.502154073514305,-6.0088765130552995,6.026629539165898,0.008876513055299462,12.035506052221198,0.01775302611059919,0.0,0.01775302611059919,0.0,-0.01775302611059919,-0.01775302611059919,0.0,0.0,0.0,0.0,0.0,0.0,3.554158195596115e-05,0.0,5.950620889974889,5.862918008489328,1.1986939218999737e-15,3.226585665316861e-16,0.4029997691412704,0.0,-6.300000000000001,6.300000000000001,0.14142135623730964,0.14142135623730953,1.769338010580889e-08,4.617165151058235e-06,0.011901364226294916,0.0118,5.6624495169965705e-06,0.011725676079625635,0.0118,0.3,0.0,0.2822469738894011,0.0
2529,5.058,5.0600000000000005,-4.391835205795696,4.5015073586746555,0.05483607643947952,8.893342564470352,-0.0947496543435665,0.1098907034636297,1,1,-4.391835205795696,4.5015073586746555,-6.008788190274672,6.026364570824015,0.008788190274671592,12.035152761098686,0.01757638054934337,0.0,0.01757638054934337,0.0,-0.01757638054934337,-0.01757638054934337,0.0,0.0,0.0,0.0,0.0,0.0,3.518793730668177e-05,0.0,5.950315547040257,5.863315463569082,3.3306690738754696e-16,2.949029909160572e-16,0.4029997691305646,0.0,-6.300000000000001,6.300000000000001,0.14142135623730964,0.14142135623730953,1.769065492373632e-08,4.617379264641813e-06,0.011900753024878438,0.0118,5.663900544596867e-06,0.011726472579878142,0.0118,0.3,0.0,0.2824236194506569,0.0
2534,5.0680000000000005,5.07,-4.392113626963817,4.500868258919914,0.05437731597804829,8.892981885883732,-0.09472326520095886,0.10991695285401032,1,1,-4.392113626963817,4.500868258919914,-6.008700746320395,6.026102238961185,0.00870074632039497,12.03480298528158,0.017401492640789513,0.0,0.017401492640789513,0.0,-0.017401492640789513,-0.017401492640789513,0.0,0.0,0.0,0.0,0.0,0.0,3.4837811480456424e-05,0.0,5.950011495868776,5.863708967054291,6.596218254766029e-16,2.949029909160572e-16,0.4029997691187648,0.0,-6.300000000000001,6.300000000000001,0.14142135623730964,0.14142135623730953,1.7687961899426147e-08,4.617615260595049e-06,0.011900144405070133,0.0118,5.665301490749286e-06,0.01172726116120393,0.0118,0.3,0.0,0.28259850735921077,0.0
2539,5.078,5.08,-4.392391761825759,4.500236682025564,0.05392246009990265,8.892628443851322,-0.09469702319534506,0.10994273167096211,1,1,-4.392391761825759,4.500236682025564,-6.0086141724480004,6.025842517344001,0.008614172448000446,12.034456689792002,0.017228344896001026,0.0,0.017228344896001026,0.0,-0.017228344896001026,-0.017228344896001026,0.0,0.0,0.0,0.0,0.0,0.0,3.4491169464410744e-05,0.0,5.949708741122193,5.8640985580535485,8.708311849403572e-16,3.5735303605122226e-16,0.4029997691058706,0.0,-6.300000000000001,6.300000000000001,0.14142135623730964,0.14142135623730953,1.768530122561791e-08,4.617873143168006e-06,0.011899538376282338,0.0118,5.666652346740797e-06,0.011728041901976956,0.0118,0.3,0.0,0.2827716551039993,0.0
2544,5.088,5.09,-4.392669589852515,4.499570833334998,0.05345062174124138,8.892240423187513,-0.09467092862146406,0.09928209096057114,1,1,-4.392669589852515,4.499570833334998,-6.00852846000003,6.025585380000089,0.00852846000002927,12.034113840000119,0.017056920000059147,0.0,0.017056920000059147,0.0,-0.017056920000059147,-0.017056920000059147,0.0,0.0,0.0,0.0,0.0,0.0,3.414797659405424e-05,0.0,5.949407287242504,5.864484275285942,1.3648750098876894e-15,3.8510861166685117e-16,0.4029997690918822,0.0,-6.300000000000001,6.300000000000001,0.14142135623730964,0.14142135623730953,1.7682673091316907e-08,4.618152910451229e-06,0.011898934947486315,0.0118,5.667953122880931e-06,0.011728814879790564,0.0118,0.3,0.0,0.2829430799999412,0.0
2549,5.098,5.1000000000000005,-4.3929470908850385,4.498887679411209,0.052970294263085194,8.891834770296247,-0.09464498174274555,0.0993078843153751,1,1,-4.3929470908850385,4.498887679411209,-6.008443600405166,6.025330801215497,0.008443600405165341,12.033774401620663,0.016887200810331415,0.0,0.016887200810331415,0.0,-0.016887200810331415,-0.016887200810331415,0.0,0.0,0.0,0.0,0.0,0.0,3.380819854981388e-05,0.0,5.949107138455834,5.864866157085012,7.528699885739343e-16,3.434752482434078e-16,0.4029997690767999,0.0,-6.300000000000001,6.300000000000001,0.14142135623730964,0.14142135623730953,1.7680077681776182e-08,4.618454554486757e-06,0.011898334127220056,0.0118,5.6692038483241445e-06,0.011729580171465415,0.0118,0.3,0.0,0.2831127991896689,0.0
2554,5.1080000000000005,5.11,-4.393224245130827,4.498212603464335,0.05249417916675414,8.891436848595163,-0.09461918279210113,0.0993332275305972,1,1,-4.393224245130827,4.498212603464335,-6.008359585177378,6.025078755532136,0.008359585177379003,12.033438340709514,0.016719170354757434,0.0,0.016719170354757434,0.0,-0.016719170354757434,-0.016719170354757434,0.0,0.0,0.0,0.0,0.0,0.0,3.347180135360209e-05,0.0,5.94880829877627,5.865244241402703,1.3530843112619095e-15,3.712308238590367e-16,0.4029997690606245,0.0,-6.300000000000001,6.300000000000001,0.14142135623730964,0.14142135623730953,1.7677515178479942e-08,4.6187780613347445e-06,0.011897735923595932,0.0118,5.67040457082113e-06,0.011730337853057406,0.0118,0.3,0.0,0.2832808296452429,0.0
2559,5.118,5.12,-4.3935010331604865,4.4975455063642205,0.052022236601867,8.891046539524707,-0.09459353197270301,0.09935812919236661,1,1,-4.3935010331604865,4.4975455063642205,-6.008276405915075,6.024829217745228,0.008276405915076168,12.033105623660303,0.01655281183015161,0.0,0.01655281183015161,0.0,-0.01655281183015161,-0.01655281183015161,0.0,0.0,0.0,0.0,0.0,0.0,3.3138751365418925e-05,0.0,5.94851077200963,5.8656185658132385,5.872106728817272e-16,3.2959746043559335e-16,0.40299976904335694,0.0,-6.300000000000001,6.300000000000001,0.14142135623730964,0.14142135623730953,1.7674985759128562e-08,4.619123411162276e-06,0.011897140344308294,0.0118,5.671555356532299e-06,0.011731087999865468,0.0118,0.3,0.0,0.2834471881698487,0.0
2564,5.128,5.13,-4.393777435904286,4.496886290220713,0.05155442715821357,8.890663726124998,-0.09456802945874088,0.09938259770968919,1,1,-4.393777435904286,4.496886290220713,-6.008194054300261,6.024582162900784,0.008194054300261655,12.032776217201045,0.016388108600522863,0.0,0.016388108600522863,0.0,-0.016388108600522863,-0.016388108600522863,0.0,0.0,0.0,0.0,0.0,0.0,3.280901527998801e-05,0.0,5.948214561757181,5.865989167516988,1.1709383462843448e-15,3.2959746043559335e-16,0.40299976902499857,0.0,-6.300000000000001,6.300000000000001,0.14142135623730964,0.14142135623730953,1.7672489597625034e-08,4.619490578341066e-06,0.011896547396640906,0.0118,5.672656289719136e-06,0.011731830686439257,0.0118,0.3,0.0,0.28361189139947746,0.0
2569,5.138,5.14,-4.394053434648698,4.496234858370111,0.05109071186070668,8.89028829301881,-0.09454267539617034,0.09940664131823249,1,1,-4.394053434648698,4.496234858370111,-6.008112522097706,6.0243375662931165,0.008112522097705188,12.032450088390823,0.01622504419541097,0.0,0.01622504419541097,0.0,-0.01622504419541097,-0.01622504419541097,0.0,0.0,0.0,0.0,0.0,0.0,3.2482560123426047e-05,0.0,5.947919671419312,5.866356083344274,9.246076126956382e-16,3.157196726277789e-16,0.40299976900555085,0.0,-6.300000000000001,6.300000000000001,0.14142135623730964,0.14142135623730953,1.7670026864062883e-08,4.619879531525175e-06,0.011895957087474316,0.0118,5.6737074724910745e-06,0.011732565986586832,0.0118,0.3,0.0,0.28377495580458933,0.0
2574,5.148,5.15,-4.394329011032925,4.49559111536157,0.05063105216432273,8.889920126394495,-0.09451746990344206,0.09943026808403893,1,1,-4.394329011032925,4.49559111536157,-6.00803180115412,6.0240954034623595,0.008031801154119833,12.03212720461648,0.016063602308239534,0.0,0.016063602308239534,0.0,-0.016063602308239534,-0.016063602308239534,0.0,0.0,0.0,0.0,0.0,0.0,3.2159353249945315e-05,0.0,5.947626104199136,5.8667193497591485,1.1206313654810174e-15,3.677613769070831e-16,0.40299976898501566,0.0,-6.300000000000001,6.300000000000001,0.14142135623730964,0.14142135623730953,1.7667597724715593e-08,4.620290233768689e-06,0.011895369423293087,0.0118,5.674709024534597e-06,0.011733293973382209,0.0118,0.3,0.0,0.2839363976917608,0.0
2579,5.158,5.16,-4.394604147045422,4.4949549669434905,0.05017540994903413,8.889559113988913,-0.09449241307221495,0.09945348590716566,1,1,-4.394604147045422,4.4949549669434905,-6.007951883397343,6.0238556501920275,0.007951883397342208,12.03180753358937,0.0159037667946853,0.0,0.0159037667946853,0.0,-0.0159037667946853,-0.0159037667946853,0.0,0.0,0.0,0.0,0.0,0.0,3.1839362338589117e-05,0.0,5.947333863106063,5.867079002863118,1.121722343917081e-15,3.8510861166685117e-16,0.4029997689633952,0.0,-6.300000000000001,6.300000000000001,0.14142135623730964,0.14142135623730953,1.7665202342027362e-08,4.620722642592342e-06,0.011894784410192951,0.0118,5.675661082797934e-06,0.01173401471917282,0.0118,0.3,0.0,0.2840962332053151,0.0
2584,5.168,5.17,-4.394878825020409,4.494326320049894,0.04972374751474273,8.889205145070303,-0.09446750496805781,0.09947630252525264,1,1,-4.394878825020409,4.494326320049894,-6.007872760835531,6.023618282506596,0.007872760835532233,12.031491043342127,0.01574552167106372,0.0,0.01574552167106372,0.0,-0.01574552167106372,-0.01574552167106372,0.0,0.0,0.0,0.0,0.0,0.0,3.152255538999968e-05,0.0,5.947042950959296,5.867435078398855,1.0381439089456046e-15,4.198030811863873e-16,0.4029997689406917,0.0,-6.300000000000001,6.300000000000001,0.14142135623730964,0.14142135623730953,1.7662840874605404e-08,4.621176710090088e-06,0.011894202053887847,0.0118,5.6765638011735396e-06,0.011734728295586964,0.0118,0.3,0.0,0.2842544783289367,0.0
2589,5.178,5.18,-4.3951530276343735,4.493705082786818,0.04927602757622207,8.888858110421191,-0.09444274563113336,0.09949872551701919,1,1,-4.3951530276343735,4.493705082786818,-6.007794425556366,6.023383276669096,0.007794425556364892,12.031177702225461,0.015588851112730557,0.0,0.015588851112730557,0.0,-0.015588851112730557,-0.015588851112730557,0.0,0.0,0.0,0.0,0.0,0.0,3.1208900723218115e-05,0.0,5.946753370391307,5.867787611753844,1.1955226305454536e-15,3.8337388819087437e-16,0.40299976891690803,0.0,-6.300000000000001,6.300000000000001,0.14142135623730964,0.14142135623730953,1.766051347721351e-08,4.6216523830157064e-06,0.011893622359716863,0.0118,5.677417350189451e-06,0.011735434773541097,0.0118,0.3,0.0,0.2844111488872698,0.0
2594,5.188,5.19,-4.395426737902578,4.493091164418711,0.04883221325806675,8.88851790232129,-0.09441813507687039,0.0995207623056904,1,1,-4.395426737902578,4.493091164418711,-6.0077168697262495,6.023150609178749,0.00771686972624952,12.030867478904998,0.015433739452499423,0.0,0.015433739452499423,0.0,-0.015433739452499423,-0.015433739452499423,0.0,0.0,0.0,0.0,0.0,0.0,3.089836697251639e-05,0.0,5.946465123851236,5.868136637964005,7.979727989493313e-16,3.8337388819087437e-16,0.40299976889204703,0.0,-6.300000000000001,6.300000000000001,0.14142135623730964,0.14142135623730953,1.7658220300767075e-08,4.622149602882713e-06,0.011893045332651063,0.0118,5.678221916645132e-06,0.011736134223247112,0.0118,0.3,0.0,0.28456626054750095,0.0
2599,5.198,5.2,-4.395699939175553,4.49248447535488,0.04839226808966357,8.888184414530432,-0.09439367329662024,0.09954242016235362,1,1,-4.395699939175553,4.49248447535488,-6.0076400855895375,6.022920256768613,0.007640085589537549,12.03056034235815,0.01528017117907503,0.0,0.01528017117907503,0.0,-0.01528017117907503,-0.01528017117907503,0.0,0.0,0.0,0.0,0.0,0.0,3.059092308426064e-05,0.0,5.9461782136082535,5.868482191717276,1.2489128112767867e-15,3.7643499428696714e-16,0.40299976886611183,0.0,-6.300000000000001,6.300000000000001,0.14142135623730964,0.14142135623730953,1.7655961492329427e-08,4.622668306088714e-06,0.011892470977300246,0.0118,5.678977703296173e-06,0.011736826714219505,0.0118,0.3,0.0,0.28471982882092534,0.0
2604,5.208,5.21,-4.395972615135597,4.491884927135958,0.04795615600018044,8.887857542271554,-0.09436936025830067,0.09956370620924498,1,1,-4.395972615135597,4.491884927135958,-6.007564065467752,6.022692196403253,0.00756406546775068,12.030256261871004,0.015128130935502061,0.0,0.015128130935502061,0.0,-0.015128130935502061,-0.015128130935502061,0.0,0.0,0.0,0.0,0.0,0.0,3.0286538313805828e-05,0.0,5.945892641754873,5.868824307357155,2.5968810435372802e-15,3.677613769070831e-16,0.4029997688391059,0.0,-6.300000000000001,6.300000000000001,0.14142135623730964,0.14142135623730953,1.7653737195109506e-08,4.623208423970911e-06,0.011891899297919584,0.0118,5.679684928487916e-06,0.011737512315282488,0.0118,0.3,0.0,0.2848718690644983,0.0
2609,5.218,5.22,-4.396244749793272,4.491292432420432,0.04752384131358012,8.887537182213705,-0.09434519590702559,0.09958462742296906,1,1,-4.396244749793272,4.491292432420432,-6.007488801758815,6.022466405276444,0.00748880175881439,12.02995520703526,0.014977603517629463,0.0,0.014977603517629463,0.0,-0.014977603517629463,-0.014977603517629463,0.0,0.0,0.0,0.0,0.0,0.0,2.998518222242127e-05,0.0,5.94560841021022,5.8691630188862085,1.4883927423881005e-15,4.0592529337857286e-16,0.4029997688110329,0.0,-6.300000000000001,6.300000000000001,0.14142135623730964,0.14142135623730953,1.7651547548460788e-08,4.623769882912688e-06,0.011891330298416155,0.0118,5.680343825777978e-06,0.011738191094577011,0.0118,0.3,0.0,0.28502239648237093,0.0
2614,5.228,5.23,-4.396516327483897,4.490706904971234,0.04709528874366864,8.887223232455131,-0.09432118016572219,0.09960519063765036,1,1,-4.396516327483897,4.490706904971234,-6.007414286936295,6.022242860808885,0.007414286936294978,12.02965714774518,0.014828573872590005,0.0,0.014828573872590005,0.0,-0.014828573872590005,-0.014828573872590005,0.0,0.0,0.0,0.0,0.0,0.0,2.968682467424669e-05,0.0,5.945325520723239,5.86949835996954,1.0980799602933189e-15,3.8163916471489756e-16,0.40299976878189675,0.0,-6.300000000000001,6.300000000000001,0.14142135623730964,0.14142135623730953,1.7649392687881552e-08,4.624352604472388e-06,0.011890763982355418,0.0118,5.680954643580982e-06,0.01173886311956771,0.0118,0.3,0.0,0.28517142612741037,0.0
2619,5.238,5.24,-4.3967873328640525,4.4901282596423835,0.04667046338916547,8.886915592506437,-0.09429731293573454,0.09962540254801797,1,1,-4.3967873328640525,4.4901282596423835,-6.007340513548647,6.022021540645942,0.007340513548647287,12.02936205419459,0.01468102709729499,0.0,0.01468102709729499,0.0,-0.01468102709729499,-0.01468102709729499,0.0,0.0,0.0,0.0,0.0,0.0,2.9391435833278637e-05,0.0,5.945043974875875,5.86983036393823,4.666406150377611e-16,4.718447854656915e-16,0.4029997687517017,0.0,-6.300000000000001,6.300000000000001,0.14142135623730964,0.14142135623730953,1.764727274501635e-08,4.624956505454381e-06,0.011890200352967553,0.0118,5.6815176447688745e-06,0.011739528457049814,0.0118,0.3,0.0,0.28531897290270547,0.0
2624,5.248,5.25,-4.397057750908074,4.48955641236572,0.04624933072882298,8.886614163273794,-0.09427359409741515,0.09964526971242532,1,1,-4.397057750908074,4.48955641236572,-6.007267474218472,6.0218024226554165,0.007267474218472181,12.029069896873889,0.014534948436943935,0.0,0.014534948436943935,0.0,-0.014534948436943935,-0.014534948436943935,0.0,0.0,0.0,0.0,0.0,0.0,2.909898616038685e-05,0.0,5.94476377408619,5.870159063792728,4.128641872824801e-16,4.614364446098307e-16,0.402999768720452,0.0,-6.300000000000001,6.300000000000001,0.14142135623730964,0.14142135623730953,1.76451878476587e-08,4.6255814980289565e-06,0.011889639413153746,0.0118,5.682033106322315e-06,0.01174018717315593,0.0118,0.3,0.0,0.2854650515630565,0.0
2629,5.258,5.26,-4.397327566904566,4.488991280137705,0.045831856616569855,8.886318847042272,-0.09425002351070327,0.09966479855580537,1,1,-4.397327566904566,4.488991280137705,-6.007195161641774,6.021585484925324,0.0071951616417749165,12.028780646567098,0.014390323283549073,0.0,0.014390323283549073,0.0,-0.014390323283549073,-0.014390323283549073,0.0,0.0,0.0,0.0,0.0,0.0,2.880944641036034e-05,0.0,5.944484919611446,5.870484492206214,5.585809592645319e-16,4.614364446098307e-16,0.40299976868815235,0.0,-6.300000000000001,6.300000000000001,0.14142135623730964,0.14142135623730953,1.764313811975499e-08,4.626227489794498e-06,0.011889081165492352,0.0118,5.6825013189287785e-06,0.011740839333362792,0.0118,0.3,0.0,0.2856096767164514,0.0
2634,5.268,5.2700000000000005,-4.397596766452906,4.488432781006318,0.045418007276706085,8.886029547459223,-0.09422660101569141,0.09968399537256256,1,1,-4.397596766452906,4.488432781006318,-6.007123568587238,6.021370705761711,0.007123568587236839,12.02849427434895,0.014247137174474544,0.0,0.014247137174474544,0.0,-0.014247137174474544,-0.014247137174474544,0.0,0.0,0.0,0.0,0.0,0.0,2.8522787628982826e-05,0.0,5.944207412551137,5.870806681527931,1.106753577673203e-15,4.77048955893622e-16,0.40299976865480763,0.0,-6.300000000000001,6.300000000000001,0.14142135623730964,0.14142135623730953,1.7641123681409533e-08,4.6268943839351415e-06,0.011888525612244984,0.0118,5.682922586547346e-06,0.01174148500249793,0.0118,0.3,0.0,0.2857528628255259,0.0
2639,5.2780000000000005,5.28,-4.397865335459765,4.487880834058032,0.045007749299133426,8.885746169517798,-0.09420332643318013,0.09970286632940181,1,1,-4.397865335459765,4.487880834058032,-6.007052687895495,6.021158063686485,0.007052687895495069,12.02821075158198,0.014105375790990114,0.0,0.014105375790990114,0.0,-0.014105375790990114,-0.014105375790990114,0.0,0.0,0.0,0.0,0.0,0.0,2.8238981150137274e-05,0.0,5.94393125384998,5.871125663786468,1.1397133237167623e-15,4.753142324176451e-16,0.4029997686204228,0.0,-6.300000000000001,6.300000000000001,0.14142135623730964,0.14142135623730953,1.7639144648890775e-08,4.627582079276278e-06,0.011887972755362516,0.0118,5.683297226082295e-06,0.011742124244746263,0.0118,0.3,0.0,0.28589462420901035,0.0
2644,5.288,5.29,-4.3981332601356335,4.487335359404907,0.044601049634636514,8.88546861954054,-0.09418019956522056,0.09972141746809549,1,1,-4.3981332601356335,4.487335359404907,-6.0069825124784195,6.020947537435259,0.0069825124784195225,12.027930049913678,0.0139650249568393,0.0,0.0139650249568393,0.0,-0.0139650249568393,-0.0139650249568393,0.0,0.0,0.0,0.0,0.0,0.0,2.7957998592939296e-05,0.0,5.943656444300863,5.871441470693025,2.3262641812848983e-15,4.77048955893622e-16,0.40299976858500325,0.0,-6.300000000000001,6.300000000000001,0.14142135623730964,0.14142135623730953,1.763720113463858e-08,4.628290470406683e-06,0.011887422596490983,0.0118,5.68362556693236e-06,0.011742757123656637,0.0118,0.3,0.0,0.28603497504316117,0.0
2649,5.298,5.3,-4.398400526991348,4.486796278171758,0.04419787559020483,8.885196805163105,-0.09415722019564546,0.09973965470819371,1,1,-4.398400526991348,4.486796278171758,-6.00691303531841,6.020739105955233,0.006913035318411254,12.027652141273643,0.013826070636821732,0.0,0.013826070636821732,0.0,-0.013826070636821732,-0.013826070636821732,0.0,0.0,0.0,0.0,0.0,0.0,2.7679811858899024e-05,0.0,5.943382984547746,5.871754133644637,9.939965517347105e-16,4.458239333260394e-16,0.4029997685485543,0.0,-6.300000000000001,6.300000000000001,0.14142135623730964,0.14142135623730953,1.763529324727264e-08,4.629019447758455e-06,0.011886875136977419,0.0118,5.683907950608802e-06,0.011743383702148258,0.0118,0.3,0.0,0.2861739293631787,0.0
2654,5.308,5.3100000000000005,-4.39866712283464,4.486263512483453,0.04379819482440661,8.884930635318092,-0.09413438809058913,0.09975758384966893,1,1,-4.39866712283464,4.486263512483453,-6.0068442494676955,6.020532748403085,0.006844249467694574,12.02737699787078,0.01368849893538961,0.0,0.01368849893538961,0.0,-0.01368849893538961,-0.01368849893538961,0.0,0.0,0.0,0.0,0.0,0.0,2.740439312911123e-05,0.0,5.943110875088522,5.872063683727347,7.428546710055994e-16,5.169475958410885e-16,0.40299976851108177,0.0,-6.300000000000001,6.300000000000001,0.14142135623730964,0.14142135623730953,1.763342109160192e-08,4.629768897738014e-06,0.011886330377875585,0.0118,5.684144730337959e-06,0.01174400404251711,0.0118,0.3,0.0,0.2863115010646109,0.0
2659,5.3180000000000005,5.32,-4.39893303476668,4.485736985452305,0.04340197534281254,8.884670020218984,-0.09411170299899671,0.0997752105755087,1,1,-4.39893303476668,4.485736985452305,-6.00677614804763,6.020328444142887,0.006776148047628716,12.027104592190517,0.013552296095258149,0.0,0.013552296095258149,0.0,-0.013552296095258149,-0.013552296095258149,0.0,0.0,0.0,0.0,0.0,0.0,2.713171486147342e-05,0.0,5.942840116277839,5.872370151719379,6.816514583687927e-16,4.9439619065339e-16,0.4029997684725915,0.0,-6.300000000000001,6.300000000000001,0.14142135623730964,0.14142135623730953,1.7631584768635087e-08,4.630538702806046e-06,0.011885788319951624,0.0118,5.68433627065712e-06,0.011744618206442271,0.0118,0.3,0.0,0.28644770390474233,0.0
2664,5.328,5.33,-4.399198250178645,4.485216621165577,0.043009185493465996,8.884414871344223,-0.09408916465312098,0.0997925404542481,1,1,-4.399198250178645,4.485216621165577,-6.006708724248015,6.020126172744045,0.006708724248015052,12.02683489699206,0.01341744849602983,0.0,0.01341744849602983,0.0,-0.01341744849602983,-0.01341744849602983,0.0,0.0,0.0,0.0,0.0,0.0,2.686174978793159e-05,0.0,5.9425707083298756,5.872673568094247,5.499073418846478e-16,5.030698080332741e-16,0.40299976843308954,0.0,-6.300000000000001,6.300000000000001,0.14142135623730964,0.14142135623730953,1.7629784375592005e-08,4.6313287415685344e-06,0.011885248963689641,0.0118,5.684482946977098e-06,0.011745226254992153,0.0118,0.3,0.0,0.28658255150397066,0.0
2669,5.338,5.34,-4.399462756748292,4.484702344673108,0.042619793962408004,8.8841651014214,-0.09406677276901032,0.09980957894244677,1,1,-4.399462756748292,4.484702344673108,-6.006641971326417,6.0199259139792485,0.006641971326415863,12.026567885305665,0.01328394265283236,0.0,0.01328394265283236,0.0,-0.01328394265283236,-0.01328394265283236,0.0,0.0,0.0,0.0,0.0,0.0,2.6594470911753426e-05,0.0,5.942302651321075,5.872973963023851,4.909267437014364e-16,4.666406150377611e-16,0.4029997683925821,0.0,-6.300000000000001,6.300000000000001,0.14142135623730964,0.14142135623730953,1.762802000591615e-08,4.63213888890333e-06,0.011884712309297184,0.0118,5.684585145229182e-06,0.011745828248630713,0.0118,0.3,0.0,0.2867160573471681,0.0
2674,5.348,5.3500000000000005,-4.399726542436541,4.484194081975055,0.042233769769256746,8.883920624411596,-0.09404452704698626,0.09982633138710992,1,1,-4.399726542436541,4.484194081975055,-6.0065758826074855,6.019727647822455,0.006575882607484651,12.02630353042994,0.013151765214970159,0.0,0.013151765214970159,0.0,-0.013151765214970159,-0.013151765214970159,0.0,0.0,0.0,0.0,0.0,0.0,2.6329851504828563e-05,0.0,5.9420359451928455,5.873271366381525,9.834120280258207e-16,4.128641872824801e-16,0.40299976835107576,0.0,-6.300000000000001,6.300000000000001,0.14142135623730964,0.14142135623730953,1.762629174928795e-08,4.6329690160467475e-06,0.011884178356710656,0.0118,5.6846432614299225e-06,0.01174642424722356,0.0118,0.3,0.0,0.28684823478503024,0.0
2679,5.3580000000000005,5.36,-4.399989595484078,4.483691760009744,0.041851082262833295,8.883681355493822,-0.09402242717210754,0.09984280302805987,1,1,-4.399989595484078,4.483691760009744,-6.006510451482295,6.019531354446884,0.006510451482294677,12.026041805929179,0.013020902964589296,0.0,0.013020902964589296,0.0,-0.013020902964589296,-0.013020902964589296,0.0,0.0,0.0,0.0,0.0,0.0,2.6067865104995798e-05,0.0,5.94177058975422,5.873565807745064,5.342948306008566e-16,4.423544863740858e-16,0.402999768308577,0.0,-6.300000000000001,6.300000000000001,0.14142135623730964,0.14142135623730953,1.7624599691639047e-08,4.633818990675722e-06,0.011883647105600649,0.0118,5.6846577012903415e-06,0.011747014310044013,0.0118,0.3,0.0,0.28697909703541113,0.0
2684,5.368,5.37,-4.400228228027094,4.4831953066416625,0.0414835393072841,8.883423534668758,-0.10375208406362746,0.09985899900024742,1,1,-4.400228228027094,4.4831953066416625,-6.006445671407677,6.019337014223034,0.006445671407678155,12.02578268563071,0.012891342815355682,0.0,0.012891342815355682,0.0,-0.012891342815355682,-0.012891342815355682,0.0,0.0,0.0,0.0,0.0,0.0,2.580848551339683e-05,0.0,5.941506584684463,5.8738573163997145,8.916478666520788e-16,4.2674197509029455e-16,0.40299976826509265,0.0,-6.300000000000001,6.300000000000001,0.14142135623730964,0.14142135623730953,1.7622943915167474e-08,4.634688677036595e-06,0.011883118555377187,0.0118,5.684628879807363e-06,0.011747598495779117,0.0118,0.3,0.0,0.28710865718464473,0.0
2689,5.378,5.38,-4.400465195469145,4.482704650649554,0.041119727590204214,8.8831698461187,-0.10372864679016269,0.09987492433601836,1,1,-4.400465195469145,4.482704650649554,-6.0063815359055726,6.019144607716719,0.006381535905573443,12.025526143622292,0.012763071811146425,0.0,0.012763071811146425,0.0,-0.012763071811146425,-0.012763071811146425,0.0,0.0,0.0,0.0,0.0,0.0,2.5551686791856343e-05,0.0,5.941243929535664,5.874145921341131,5.585809592645319e-16,4.2674197509029455e-16,0.40299976822062966,0.0,-6.300000000000001,6.300000000000001,0.14142135623730964,0.14142135623730953,1.762132449835358e-08,4.63557793603615e-06,0.01188259270519491,0.0118,5.684557220899667e-06,0.011748176862535539,0.0118,0.3,0.0,0.287236928188854,0.0
2694,5.388,5.39,-4.400701465754834,4.4822197217146496,0.040759127979907994,8.882921187469483,-0.10370537116022399,0.09989058396732614,1,1,-4.400701465754834,4.4822197217146496,-6.006318038562378,6.018954115687131,0.006318038562376671,12.025272154249508,0.012636077124754213,0.0,0.012636077124754213,0.0,-0.012636077124754213,-0.012636077124754213,0.0,0.0,0.0,0.0,0.0,0.0,2.529744326028819e-05,0.0,5.940982623735265,5.874431651278307,8.482797797526587e-16,4.2674197509029455e-16,0.40299976817519517,0.0,-6.300000000000001,6.300000000000001,0.14142135623730964,0.14142135623730953,1.7619741515976845e-08,4.6364866253082316e-06,0.011882069553958157,0.0118,5.684443156959152e-06,0.011748749467845475,0.0118,0.3,0.0,0.2873639228752462,0.0
2699,5.398,5.4,-4.400937029213233,4.481740450409024,0.04040171059789577,8.882677479622256,-0.10368225663939468,0.09990598272789558,1,1,-4.400937029213233,4.481740450409024,-6.006255173028302,6.018765519084907,0.006255173028302252,12.025020692113209,0.012510346056604574,0.0,0.012510346056604574,0.0,-0.012510346056604574,-0.012510346056604574,0.0,0.0,0.0,0.0,0.0,0.0,2.5045729494127335e-05,0.0,5.940722666588574,5.874714534636471,1.349614864309956e-15,4.579669976578771e-16,0.40299976812879645,0.0,-6.300000000000001,6.300000000000001,0.14142135623730964,0.14142135623730953,1.7618195039133497e-08,4.637414599351408e-06,0.011881549100326003,0.0118,5.684287128513432e-06,0.011749316368672416,0.0118,0.3,0.0,0.2874896539433959,0.0
2704,5.408,5.41,-4.401171876413107,4.481266768184075,0.040047445885484034,8.882438644597183,-0.10365930268141393,0.09992112535533754,1,1,-4.401171876413107,4.481266768184075,-6.0061929330167425,6.018578799050229,0.006192933016743396,12.024771732066972,0.012385866033485918,0.0,0.012385866033485918,0.0,-0.012385866033485918,-0.012385866033485918,0.0,0.0,0.0,0.0,0.0,0.0,2.47965203217874e-05,0.0,5.940464057281225,5.874994599559944,7.73686670285656e-16,4.579669976578771e-16,0.4029997680814409,0.0,-6.300000000000001,6.300000000000001,0.14142135623730964,0.14142135623730953,1.7616685135254827e-08,4.638361709620012e-06,0.01188103134271719,0.0118,5.684089583781748e-06,0.011749877621416924,0.0118,0.3,0.0,0.28761413396651453,0.0
2709,5.418,5.42,-4.40140599815988,4.480798607359128,0.039696304599624366,8.882204605519007,-0.10363650872859051,0.09993601649321657,1,1,-4.40140599815988,4.480798607359128,-6.006131312303646,6.018393936910938,0.006131312303645942,12.024525249214584,0.0122626246072922,0.0,0.0122626246072922,0.0,-0.0122626246072922,-0.0122626246072922,0.0,0.0,0.0,0.0,0.0,0.0,2.4549790822143483e-05,0.0,5.940206794881607,5.875271873914991,1.0243813176186167e-15,4.2847669856627135e-16,0.40299976803313614,0.0,-6.300000000000001,6.300000000000001,0.14142135623730964,0.14142135623730953,1.7615211868126252e-08,4.639327804577433e-06,0.011880516279315015,0.0118,5.683850978348559e-06,0.011750433281922292,0.0118,0.3,0.0,0.2877373753927082,0.0
2714,5.428,5.43,-4.401639385492598,4.4803359011101795,0.0393482578087907,8.881975286602778,-0.10361387421220114,0.09995066069307168,1,1,-4.401639385492598,4.4803359011101795,-6.006070304726888,6.018210914180667,0.006070304726889297,12.024281218907555,0.0121406094537781,0.0,0.0121406094537781,0.0,-0.0121406094537781,-0.0121406094537781,0.0,0.0,0.0,0.0,0.0,0.0,2.4305516322040006e-05,0.0,5.9399508783432635,5.875546385292608,1.4502288259166107e-15,4.49293380277993e-16,0.40299976798388987,0.0,-6.300000000000001,6.300000000000001,0.14142135623730964,0.14142135623730953,1.7613775297907108e-08,4.640312729853763e-06,0.011880003908072118,0.0118,5.683571774746099e-06,0.011750983405480175,0.0118,0.3,0.0,0.28785939054622234,0.0
2719,5.438,5.44,-4.401872029680939,4.479878583458754,0.03900327688890748,8.881750613139692,-0.10359139855288468,0.09996506241639239,1,1,-4.401872029680939,4.479878583458754,-6.006009904185664,6.01802971255699,0.00600990418566294,12.024039616742654,0.012019808371326586,0.0,0.012019808371326586,0.0,-0.012019808371326586,-0.012019808371326586,0.0,0.0,0.0,0.0,0.0,0.0,2.40636723938234e-05,0.0,5.9396963065072415,5.87581816101131,1.0234868508263162e-15,4.839878497975292e-16,0.4029997679337099,0.0,-6.300000000000001,6.300000000000001,0.14142135623730964,0.14142135623730953,1.761237548115106e-08,4.641316328294655e-06,0.011879494226715219,0.0118,5.6832524420880045e-06,0.011751528046836155,0.0118,0.3,0.0,0.2879801916286739,0.0
2724,5.448,5.45,-4.40210392222221,4.479426589260899,0.03866133351934442,8.88153051148311,-0.10356908116102528,0.09997922603654966,1,1,-4.40210392222221,4.479426589260899,-6.005950104639864,6.017850313919593,0.005950104639864229,12.023800418559457,0.011900209279728744,0.0,0.011900209279728744,0.0,-0.011900209279728744,-0.011900209279728744,0.0,0.0,0.0,0.0,0.0,0.0,2.38242348528993e-05,0.0,5.93944307810442,5.876087228119868,5.720657237848203e-16,4.527628272299467e-16,0.4029997678826043,0.0,-6.300000000000001,6.300000000000001,0.14142135623730964,0.14142135623730953,1.761101247082721e-08,4.642338440065676e-06,0.011878987232749778,0.0118,5.682893455698501e-06,0.01175206726019524,0.0118,0.3,0.0,0.2880997907202717,0.0
2729,5.458,5.46,-4.402335054838389,4.478979854196309,0.03832239967896012,8.881314909034698,-0.10354692143712596,0.09999315584068233,1,1,-4.402335054838389,4.478979854196309,-6.005890900109487,6.017672700328464,0.0058909001094882285,12.023563600437951,0.011781800218975751,0.0,0.011781800218975751,0.0,-0.011781800218975751,-0.011781800218975751,0.0,0.0,0.0,0.0,0.0,0.0,2.3587179755314084e-05,0.0,5.939191191757794,5.876353613400037,4.986245791260835e-16,4.597017211338539e-16,0.40299976783058117,0.0,-6.300000000000001,6.300000000000001,0.14142135623730964,0.14142135623730953,1.7609686316341768e-08,4.643378902763335e-06,0.011878482923464573,0.0118,5.682495296759349e-06,0.011752601099227308,0.0118,0.3,0.0,0.2882181997810247,0.0
2734,5.468,5.47,-4.40256541947316,4.478538314757576,0.03798644764220782,8.881103734230736,-0.10352491877217637,0.1000068560315423,1,1,-4.40256541947316,4.478538314757576,-6.005832284674031,6.017496854022094,0.00583228467403174,12.023329138696125,0.011664569348062852,0.0,0.011664569348062852,0.0,-0.011664569348062852,-0.011664569348062852,0.0,0.0,0.0,0.0,0.0,0.0,2.3352483395360452e-05,0.0,5.938940645984729,5.8766173433692295,1.0940751885187006e-15,4.822531263215524e-16,0.4029997677776487,0.0,-6.300000000000001,6.300000000000001,0.14142135623730964,0.14142135623730953,1.7608397063560342e-08,4.644437551470593e-06,0.011877981295936233,0.0118,5.682058451919048e-06,0.011753129617072491,0.0118,0.3,0.0,0.2883354306519376,0.0
2739,5.478,5.48,-4.402795008288986,4.478101908239562,0.0376534499752883,8.880896916528549,-0.10350307254800753,0.10002033072929864,1,1,-4.402795008288986,4.478101908239562,-6.005774252471903,6.017322757415708,0.005774252471902663,12.02309700988761,0.01154850494380527,0.0,0.01154850494380527,0.0,-0.01154850494380527,-0.01154850494380527,0.0,0.0,0.0,0.0,0.0,0.0,2.3120122303206823e-05,0.0,5.938691439199185,5.87687844428318,3.3306690738754696e-16,4.978656376053436e-16,0.4029997677238153,0.0,-6.300000000000001,6.300000000000001,0.14142135623730964,0.14142135623730953,1.7607144754830774e-08,4.645514218896749e-06,0.011877482347033681,0.0118,5.6815834129708695e-06,0.011753652866346515,0.0118,0.3,0.0,0.2884514950561952,0.0
2744,5.488,5.49,-4.403023813664189,4.477670572728916,0.03732337953236353,8.880694386393104,-0.10348138213764263,0.1000335839732977,1,1,-4.403023813664189,4.477670572728916,-6.005716797699833,6.017150393099499,0.0057167976998329095,12.022867190799332,0.011433595399665852,0.0,0.011433595399665852,0.0,-0.011433595399665852,-0.011433595399665852,0.0,0.0,0.0,0.0,0.0,0.0,2.2890073242550347e-05,0.0,5.93844356971389,5.877136942138585,3.122502256758253e-16,5.325601071248798e-16,0.40299976766908946,0.0,-6.300000000000001,6.300000000000001,0.14142135623730964,0.14142135623730953,1.7605929429006487e-08,4.646608735421849e-06,0.011876986073422528,0.0118,5.681070676486488e-06,0.011754170899145969,0.0118,0.3,0.0,0.28856640460033467,0.0
2749,5.498,5.5,-4.403251828190055,4.477244247093698,0.03699620945182147,8.880496075283753,-0.10345984690563831,0.10004661972378814,1,1,-4.403251828190055,4.477244247093698,-6.005659914612297,6.016979743836892,0.005659914612297534,12.022639658449188,0.011319829224594426,0.0,0.011319829224594426,0.0,-0.011319829224594426,-0.011319829224594426,0.0,0.0,0.0,0.0,0.0,0.0,2.266231320829325e-05,0.0,5.938197035742505,5.877392862675691,1.3295977817004423e-15,5.793976409762536e-16,0.4029997676134798,0.0,-6.300000000000001,6.300000000000001,0.14142135623730964,0.14142135623730953,1.7604751121470392e-08,4.64772092919883e-06,0.011876492471569373,0.0118,5.680520743462924e-06,0.011754683767053506,0.0118,0.3,0.0,0.28868017077540614,0.0
2754,5.508,5.51,-4.403479044667958,4.476822870973154,0.0366719131525981,8.880301915641112,-0.10343846620841438,0.10005944186360263,1,1,-4.403479044667958,4.476822870973154,-6.005603597520939,6.016810792562818,0.005603597520939196,12.022414390083757,0.011207195041878686,0.0,0.011207195041878686,0.0,-0.011207195041878686,-0.011207195041878686,0.0,0.0,0.0,0.0,0.0,0.0,2.2436819424242303e-05,0.0,5.937951835401738,5.877646231380881,6.432029388270255e-16,5.707240235963695e-16,0.4029997675569949,0.0,-6.300000000000001,6.300000000000001,0.14142135623730964,0.14142135623730953,1.7603609864159184e-08,4.648850626275645e-06,0.011876001537746088,0.0118,5.679934119009467e-06,0.01175519152114303,0.0118,0.3,0.0,0.2887928049581219,0.0
2759,5.518,5.5200000000000005,-4.403705456106499,4.476406384767594,0.03635046433054745,8.880111840874093,-0.10341723939458383,0.10007205419980444,1,1,-4.403705456106499,4.476406384767594,-6.005547840794003,6.01664352238201,0.005547840794003278,12.022191363176013,0.011095681588006492,0.0,0.011095681588006492,0.0,-0.011095681588006492,-0.011095681588006492,0.0,0.0,0.0,0.0,0.0,0.0,2.2213569340831196e-05,0.0,5.9377079667134405,5.8778970734892155,4.2674197509029455e-16,6.019490461639521e-16,0.40299976749964367,0.0,-6.300000000000001,6.300000000000001,0.14142135623730964,0.14142135623730953,1.7602505685588176e-08,4.64999765061968e-06,0.011875513268033978,0.0118,5.6793113120012785e-06,0.011755694211984786,0.0118,0.3,0.0,0.2889043184119941,0.0
2764,5.5280000000000005,5.53,-4.403931055718669,4.475994729628415,0.03603183695487289,8.879925785347083,-0.10339616580526567,0.10008446046529507,1,1,-4.403931055718669,4.475994729628415,-6.00549263885577,6.016477916567309,0.0054926388557694494,12.02197055542308,0.010985277711539534,0.0,0.010985277711539534,0.0,-0.010985277711539534,-0.010985277711539534,0.0,0.0,0.0,0.0,0.0,0.0,2.199254063286554e-05,0.0,5.937465427606652,5.878145413986956,2.6590058280206996e-16,6.349087922075114e-16,0.40299976744143495,0.0,-6.300000000000001,6.300000000000001,0.14142135623730964,0.14142135623730953,1.7601438610876483e-08,4.651161824257653e-06,0.011875027658327921,0.0118,5.6786528347374525e-06,0.01175619188965042,0.0118,0.3,0.0,0.2890147222884611,0.0
2769,5.538,5.54,-4.404155836919034,4.475587847448239,0.03571600526460239,8.879743684367273,-0.10337524477439713,0.10009666432038586,1,1,-4.404155836919034,4.475587847448239,-6.005437986185999,6.016313958557998,0.005437986185999222,12.021751944743997,0.010875972371998157,0.0,0.010875972371998157,0.0,-0.010875972371998157,-0.010875972371998157,0.0,0.0,0.0,0.0,0.0,0.0,2.1773711197290353e-05,0.0,5.937224215919635,5.878391277614064,7.104166972575487e-16,6.019490461639521e-16,0.4029997673823778,0.0,-6.300000000000001,6.300000000000001,0.14142135623730964,0.14142135623730953,1.7600408661772687e-08,4.652342967344438e-06,0.011874544704340436,0.0118,5.67795920265235e-06,0.011756684603717977,0.0118,0.3,0.0,0.28912402762800243,0.0
2774,5.548,5.55,-4.404379793320937,4.475185680851182,0.03540294376512243,8.87956547417212,-0.10335447562903721,0.10010866935433627,1,1,-4.404379793320937,4.475185680851182,-6.005383877319378,6.016151631958136,0.00538387731937906,12.021535509277514,0.01076775463875732,0.0,0.01076775463875732,0.0,-0.01076775463875732,-0.01076775463875732,0.0,0.0,0.0,0.0,0.0,0.0,2.1557059150979715e-05,0.0,5.936984329401863,5.878634688866658,8.36136715420821e-16,5.880712583561376e-16,0.4029997673224813,0.0,-6.300000000000001,6.300000000000001,0.14142135623730964,0.14142135623730953,1.7599415856680782e-08,4.65354089823413e-06,0.01187406440160567,0.0118,5.677230933995858e-06,0.011757172403276835,0.0118,0.3,0.0,0.28923224536124326,0.0
2779,5.558,5.5600000000000005,-4.4046029187337234,4.474788173183245,0.0350926272247607,8.879391091916968,-0.10333385768965975,0.10012047908685262,1,1,-4.4046029187337234,4.474788173183245,-6.005330306844977,6.0159909205349305,0.005330306844976818,12.021321227379907,0.010660613689953517,0.0,0.010660613689953517,0.0,-0.010660613689953517,-0.010660613689953517,0.0,0.0,0.0,0.0,0.0,0.0,2.1342562828548446e-05,0.0,5.9367457657159965,5.878875671999467,6.884819320554514e-16,6.036837696399289e-16,0.40299976726175446,0.0,-6.300000000000001,6.300000000000001,0.14142135623730964,0.14142135623730953,1.7598460210686536e-08,4.654755433586617e-06,0.011873586745483354,0.0118,5.676468549518088e-06,0.01175765533693262,0.0118,0.3,0.0,0.2893393863100471,0.0
2784,5.5680000000000005,5.57,-4.404825207159983,4.474395268502821,0.034785030671419026,8.879220475662805,-0.10331339027044362,0.10013209696955891,1,1,-4.404825207159983,4.474395268502821,-6.005277269405701,6.015831808217104,0.005277269405701723,12.021109077622805,0.010554538811402586,0.0,0.010554538811402586,0.0,-0.010554538811402586,-0.010554538811402586,0.0,0.0,0.0,0.0,0.0,0.0,2.1130200780185568e-05,0.0,5.9365085224398,5.879114251028238,1.403391292065237e-15,6.938893903907228e-16,0.40299976720020675,0.0,-6.300000000000001,6.300000000000001,0.14142135623730964,0.14142135623730953,1.7597541735584166e-08,4.655986388411992e-06,0.011873111731162673,0.0118,5.6756725721651695e-06,0.011758133452812035,0.0118,0.3,0.0,0.2894454611885981,0.0
2789,5.578,5.58,-4.4050466527928185,4.474006911571341,0.03448012938926137,8.87905356436416,-0.10329307267955334,0.1001435263874298,1,1,-4.4050466527928185,4.474006911571341,-6.0052247596977635,6.015674279093292,0.0052247596977643695,12.020899038791056,0.010449519395528272,0.0,0.010449519395528272,0.0,-0.010449519395528272,-0.010449519395528272,0.0,0.0,0.0,0.0,0.0,0.0,2.0919951769509262e-05,0.0,5.936272597068064,5.8793504497321285,8.268464580553359e-16,6.990935608186533e-16,0.40299976713784735,0.0,-6.300000000000001,6.300000000000001,0.14142135623730964,0.14142135623730953,1.7596660439903295e-08,4.6572335762104435e-06,0.011872639353666092,0.0118,5.674843526819462e-06,0.01175860679856766,0.0118,0.3,0.0,0.2895504806044724,0.0
2794,5.588,5.59,-4.405267250013132,4.473623047844024,0.03417789891544576,8.878890297857156,-0.10327290421941443,0.1001547706601924,1,1,-4.405267250013132,4.473623047844024,-6.005172772470151,6.015518317410453,0.00517277247015091,12.020691089880604,0.010345544940301475,0.0,0.010345544940301475,0.0,-0.010345544940301475,-0.010345544940301475,0.0,0.0,0.0,0.0,0.0,0.0,2.0711794771443264e-05,0.0,5.936037987014469,5.879584291656076,1.3166551182663966e-15,7.095019016745141e-16,0.4029997670746857,0.0,-6.300000000000001,6.300000000000001,0.14142135623730964,0.14142135623730953,1.7595816328936207e-08,4.658496808976696e-06,0.011872169607853115,0.0118,5.673981939957606e-06,0.011759075421382673,0.0118,0.3,0.0,0.2896544550596992,0.0
2799,5.598,5.6000000000000005,-4.405486993386939,4.473243623460755,0.03387831503690819,8.878730616847694,-0.10325288418698259,0.10016583304369914,1,1,-4.405486993386939,4.473243623460755,-6.0051213025240955,6.015363907572285,0.005121302524094595,12.02048521009638,0.010242605048190023,0.0,0.010242605048190023,0.0,-0.010242605048190023,-0.010242605048190023,0.0,0.0,0.0,0.0,0.0,0.0,2.0505708970114293e-05,0.0,5.935804689613436,5.879815800113133,1.309465502610102e-15,6.661338147750939e-16,0.40299976701073126,0.0,-6.300000000000001,6.300000000000001,0.14142135623730964,0.14142135623730953,1.7595009404765347e-08,4.659775897362097e-06,0.011871702488424,0.0118,5.6730883394284785e-06,0.011759539367975556,0.0118,0.3,0.0,0.28975739495181063,0.0
2804,5.6080000000000005,5.61,-4.405705877662692,4.472868585237088,0.033581353787198065,8.878574462899781,-0.10323301187400366,0.10017671673126463,1,1,-4.405705877662692,4.472868585237088,-6.005070344712559,6.015211034137678,0.005070344712559738,12.020281378850237,0.010140689425118922,0.0,0.010140689425118922,0.0,-0.010140689425118922,-0.010140689425118922,0.0,0.0,0.0,0.0,0.0,0.0,2.0301673756770482e-05,0.0,5.935572702121945,5.880044998186783,1.1188966420050406e-15,6.678685382510707e-16,0.4029997669459936,0.0,-6.300000000000001,6.300000000000001,0.14142135623730964,0.14142135623730953,1.759423966629108e-08,4.661070650661306e-06,0.0118712379899234,0.0118,5.6721632541467675e-06,0.011759998684604743,0.0118,0.3,0.0,0.28985931057488173,0.0
2809,5.618,5.62,-4.4059238977686395,4.472497880655352,0.03328699144335623,8.878421778423991,-0.10321328656726983,0.10018742485497778,1,1,-4.4059238977686395,4.472497880655352,-6.00501989393972,6.015059681819161,0.005019893939720355,12.020079575758881,0.010039787879440935,0.0,0.010039787879440935,0.0,-0.010039787879440935,-0.010039787879440935,0.0,0.0,0.0,0.0,0.0,0.0,2.0099668727720458e-05,0.0,5.935342021721329,5.880271908733231,1.7416623698807143e-15,6.696032617270475e-16,0.4029997668804823,0.0,-6.300000000000001,6.300000000000001,0.14142135623730964,0.14142135623730953,1.7593507109259634e-08,4.662380876989916e-06,0.01187077610674395,0.0118,5.6712072138398465e-06,0.0117604534170732,0.0118,0.3,0.0,0.2899602121205597,0.0
2814,5.628,5.63,-4.406141048810199,4.47213145785589,0.032995204522845434,8.87827250666609,-0.10319370754887008,0.10019796048698099,1,1,-4.406141048810199,4.47213145785589,-6.004969945160459,6.014909835481376,0.0049699451604583444,12.019879780641835,0.009939890320917409,0.0,0.009939890320917409,0.0,-0.009939890320917409,-0.009939890320917409,0.0,0.0,0.0,0.0,0.0,0.0,1.989967368229299e-05,0.0,5.935112645519028,5.88049655438368,7.52429531441362e-16,6.088879400678593e-16,0.40299976681420696,0.0,-6.300000000000001,6.300000000000001,0.14142135623730964,0.14142135623730953,1.7592811726291243e-08,4.663706383266702e-06,0.011870316833129805,0.0118,5.6702207487902e-06,0.011760903610732952,0.0118,0.3,0.0,0.2900601096790832,0.0
2819,5.638,5.64,-4.406357326067356,4.471769265628405,0.03270596978052431,8.87812659169576,-0.10317427409643226,0.10020832664072055,1,1,-4.406357326067356,4.471769265628405,-6.004920493379855,6.014761480139564,0.0049204933798545625,12.019681973519418,0.009840986759709246,0.0,0.009840986759709246,0.0,-0.009840986759709246,-0.009840986759709246,0.0,0.0,0.0,0.0,0.0,0.0,1.9701668620816875e-05,0.0,5.934884570550331,5.880718957546558,6.765421556309548e-16,6.210310043996969e-16,0.40299976674717736,0.0,-6.300000000000001,6.300000000000001,0.14142135623730964,0.14142135623730953,1.759215350690849e-08,4.6650469753423996e-06,0.011869860163180137,0.0118,5.669204389575633e-06,0.011761349310489623,0.0118,0.3,0.0,0.29015901324029136,0.0
2824,5.648,5.65,-4.406572724992078,4.471411253403419,0.03241926420567065,8.877983978395497,-0.10315498548336022,0.10021852627217193,1,1,-4.406572724992078,4.471411253403419,-6.004871533652689,6.014614600958066,0.004871533652688775,12.019486134610755,0.009743067305377903,0.0,0.009743067305377903,0.0,-0.009743067305377903,-0.009743067305377903,0.0,0.0,0.0,0.0,0.0,0.0,1.9505633742620943e-05,0.0,5.934657793780085,5.880939140409749,6.088879400678593e-16,6.852157730108388e-16,0.40299976667940324,0.0,-6.300000000000001,6.300000000000001,0.14142135623730964,0.14142135623730953,1.759153243756476e-08,4.66640245805078e-06,0.01186940609085254,0.0118,5.668158666836121e-06,0.011761790560806841,0.0118,0.3,0.0,0.29025693269462277,0.0
2829,5.658,5.66,-4.406787241205764,4.471057371243855,0.032135065019045506,8.87784461244962,-0.10313584097906697,0.10022856228103366,1,1,-4.406787241205764,4.471057371243855,-6.004823061082948,6.014469183248845,0.004823061082948499,12.019292244331792,0.009646122165896349,0.0,0.009646122165896349,0.0,-0.009646122165896349,-0.009646122165896349,0.0,0.0,0.0,0.0,0.0,0.0,1.931154944405403e-05,0.0,5.934432312104374,5.881157124942786,4.767914578776566e-16,7.389922007661198e-16,0.40299976661089437,0.0,-6.300000000000001,6.300000000000001,0.14142135623730964,0.14142135623730953,1.7590948501672864e-08,4.667772635306347e-06,0.011868954609966417,0.0118,5.667084111025122e-06,0.011762227405710668,0.0118,0.3,0.0,0.2903538778341044,0.0
2834,5.668,5.67,-4.407000870496708,4.470707569836725,0.03185334967000886,8.877708440333432,-0.10311683984919884,0.10023843751189726,1,1,-4.407000870496708,4.470707569836725,-6.004775070823334,6.014325212470005,0.00477507082333517,12.019100283293339,0.009550141646669844,0.0,0.009550141646669844,0.0,-0.009550141646669844,-0.009550141646669844,0.0,0.0,0.0,0.0,0.0,0.0,1.911939631652453e-05,0.0,5.934208122352174,5.881372932899026,1.0720591081536668e-15,7.806255641895632e-16,0.40299976654166064,0.0,-6.300000000000001,6.300000000000001,0.14142135623730964,0.14142135623730953,1.759040167963376e-08,4.669157310117658e-06,0.01186850571420631,0.0118,5.6659812521853145e-06,0.011762659888793938,0.0118,0.3,0.0,0.2904498583533309,0.0
2839,5.678,5.68,-4.407213608817578,4.470361800484925,0.03157409583367343,8.877575409302503,-0.10309798135585732,0.1002481547553899,1,1,-4.407213608817578,4.470361800484925,-6.004727558074783,6.01418267422435,0.004727558074783644,12.018910232299133,0.009455116149566484,0.0,0.009455116149566484,0.0,-0.009455116149566484,-0.009455116149566484,0.0,0.0,0.0,0.0,0.0,0.0,1.8929155144559564e-05,0.0,5.933985221286984,5.8815865858177965,1.19522447494802e-15,7.494005416219807e-16,0.40299976647171193,0.0,-6.300000000000001,6.300000000000001,0.14142135623730964,0.14142135623730953,1.758989194886538e-08,4.670556284740541e-06,0.011868059397125144,0.0118,5.664850619726547e-06,0.011763088053220575,0.0118,0.3,0.0,0.29054488385043425,0.0
2844,5.688,5.69,-4.407425452282937,4.4700200150991485,0.031297281408105615,8.877445467382085,-0.10307926475781187,0.10025771674929157,1,1,-4.407425452282937,4.4700200150991485,-6.004680518085978,6.014041554257936,0.004680518085979024,12.018722072343914,0.009361036171957372,0.0,0.009361036171957372,0.0,-0.009361036171957372,-0.009361036171957372,0.0,0.0,0.0,0.0,0.0,0.0,1.8740806903883408e-05,0.0,5.933763605608434,5.881798105026524,1.3166551182663966e-15,7.667477763817487e-16,0.4029997664010581,0.0,-6.300000000000001,6.300000000000001,0.14142135623730964,0.14142135623730953,1.7589419283831527e-08,4.671969360662545e-06,0.011867615652147475,0.0118,5.663692742203797e-06,0.01176351194172986,0.0118,0.3,0.0,0.2906389638280434,0.0
2849,5.698,5.7,-4.407636397166769,4.469682166189908,0.031022884511569426,8.877318563356678,-0.10306068931071277,0.10026712617962757,1,1,-4.407636397166769,4.469682166189908,-6.004633946152883,6.01390183845865,0.0046339461528832615,12.018535784611533,0.009267892305766344,0.0,0.009267892305766344,0.0,-0.009267892305766344,-0.009267892305766344,0.0,0.0,0.0,0.0,0.0,0.0,1.855433275951503e-05,0.0,5.93354327195386,5.882007511642847,4.579669976578771e-16,7.095019016745141e-16,0.40299976632970924,0.0,-6.300000000000001,6.300000000000001,0.14142135623730964,0.14142135623730953,1.7588983656070846e-08,4.6733963387361725e-06,0.011867174472572637,0.0118,5.662508147104006e-06,0.011763931596640648,0.0118,0.3,0.0,0.29073210769423435,0.0
2854,5.708,5.71,-4.407846439900035,4.469348206859655,0.03075088347981003,8.87719464675969,-0.10304225426729235,0.10027638568173625,1,1,-4.407846439900035,4.469348206859655,-6.004587837618264,6.013763512854793,0.004587837618264423,12.018351350473058,0.009175675236529162,0.0,0.009175675236529162,0.0,-0.009175675236529162,-0.009175675236529162,0.0,0.0,0.0,0.0,0.0,0.0,1.8369714063884597e-05,0.0,5.933324216899858,5.882214826576689,1.050036251525055e-15,7.042977312465837e-16,0.4029997662576752,0.0,-6.300000000000001,6.300000000000001,0.14142135623730964,0.14142135623730953,1.758858503422584e-08,4.674837019187755e-06,0.011866735851577874,0.0118,5.661297360641804e-06,0.011764347059855539,0.0118,0.3,0.0,0.29082432476347153,0.0
2859,5.718,5.72,-4.408055577068251,4.469018090795015,0.0304812568633821,8.877073667863266,-0.10302395887756582,0.10028549784131216,1,1,-4.408055577068251,4.469018090795015,-6.00454218787123,6.013626563613693,0.004542187871231285,12.018168751484923,0.009084375742462054,0.0,0.009084375742462054,0.0,-0.009084375742462054,-0.009084375742462054,0.0,0.0,0.0,0.0,0.0,0.0,1.8186932354968697e-05,0.0,5.933106436963815,5.882420070532329,1.1032841307212493e-15,6.505213034913027e-16,0.4029997661849661,0.0,-6.300000000000001,6.300000000000001,0.14142135623730964,0.14142135623730953,1.7588223384071923e-08,4.6762912017395845e-06,0.011866299782221406,0.0118,5.660060907581865e-06,0.011764758372865019,0.0118,0.3,0.0,0.2909156242575386,0.0
2864,5.728,5.73,-4.408263805409093,4.468691772259128,0.030213983425017688,8.876955577668221,-0.10300580238902568,0.10029446519542864,1,1,-4.408263805409093,4.468691772259128,-6.00449699234677,6.013490977040309,0.0044969923467697015,12.017987969387079,0.008993984693539533,0.0,0.008993984693539533,0.0,-0.008993984693539533,-0.008993984693539533,0.0,0.0,0.0,0.0,0.0,0.0,1.8005969354444124e-05,0.0,5.932889928605416,5.882623264010432,1.8344700758454735e-16,6.852157730108388e-16,0.4029997661115919,0.0,-6.300000000000001,6.300000000000001,0.14142135623730964,0.14142135623730953,1.7587898668546445e-08,4.677758685625452e-06,0.01186586625744544,0.0118,5.658799311016871e-06,0.011765165576751542,0.0118,0.3,0.0,0.29100601530646114,0.0
2869,5.738,5.74,-4.408471121810014,4.468369206084088,0.029949042137036752,8.8768403278941,-0.10298778404683087,0.10030329023353407,1,1,-4.408471121810014,4.468369206084088,-6.0044522465252905,6.013356739575872,0.004452246525290526,12.017808986101162,0.008904493050581375,0.0,0.008904493050581375,0.0,-0.008904493050581375,-0.008904493050581375,0.0,0.0,0.0,0.0,0.0,0.0,1.7826806965860018e-05,0.0,5.932674688228126,5.882824427310084,1.0852050594950535e-15,7.667477763817487e-16,0.4029997660375627,0.0,-6.300000000000001,6.300000000000001,0.14142135623730964,0.14142135623730953,1.7587610847777813e-08,4.679239269679465e-06,0.011865435270079163,0.0118,5.657513092198751e-06,0.011765568712193591,0.0118,0.3,0.0,0.2910955069494194,0.0
2874,5.748,5.75,-4.408677523305899,4.468050347663481,0.029686412178790977,8.876727870969379,-0.10296990309399082,0.1003119753984294,1,1,-4.408677523305899,4.468050347663481,-6.004407945932175,6.013223837796523,0.004407945932173973,12.017631783728698,0.008815891864348713,0.0,0.008815891864348713,0.0,-0.008815891864348713,-0.008815891864348713,0.0,0.0,0.0,0.0,0.0,0.0,1.7649427272828223e-05,0.0,5.9324607121806485,5.883023580530774,2.044940822579222e-16,7.667477763817487e-16,0.40299976596288856,0.0,-6.300000000000001,6.300000000000001,0.14142135623730964,0.14142135623730953,1.7587359879114508e-08,4.680732752384902e-06,0.011865006812841649,0.0118,5.656202770369934e-06,0.011765967819469668,0.0118,0.3,0.0,0.29118410813565204,0.0
2879,5.758,5.76,-4.408883007076725,4.467735152945039,0.02942607293415689,8.876618160021764,-0.10295215877154651,0.10032052308722145,1,1,-4.408883007076725,4.467735152945039,-6.004364086137325,6.013092258411974,0.004364086137324641,12.017456344549299,0.008728172274649086,0.0,0.008728172274649086,0.0,-0.008728172274649086,-0.008728172274649086,0.0,0.0,0.0,0.0,0.0,0.0,1.7473812537231614e-05,0.0,5.932247996758356,5.883220743574379,1.19522447494802e-15,8.031769693772617e-16,0.40299976588757963,0.0,-6.300000000000001,6.300000000000001,0.14142135623730964,0.14142135623730953,1.7587145717154114e-08,4.682238931938602e-06,0.011864580878344754,0.0118,5.654868862559059e-06,0.011766362938462246,0.0118,0.3,0.0,0.2912718277253517,0.0
2884,5.768,5.7700000000000005,-4.409087570445263,4.4674235784233804,0.02916800398905872,8.876511148868644,-0.10293455031874524,0.10032893565225631,1,1,-4.409087570445263,4.4674235784233804,-6.004320662754725,6.012961988264176,0.004320662754725646,12.0172826510189,0.008641325509450426,0.0,0.008641325509450426,0.0,-0.008641325509450426,-0.008641325509450426,0.0,0.0,0.0,0.0,0.0,0.0,1.729994519745029e-05,0.0,5.932036538204708,5.883415936147119,1.4085954624931674e-15,7.997075224253081e-16,0.4029997658116459,0.0,-6.300000000000001,6.300000000000001,0.14142135623730964,0.14142135623730953,1.75869683137723e-08,4.683757606317577e-06,0.011864157459095937,0.0118,5.6535118834566416e-06,0.011766754108661733,0.0118,0.3,0.0,0.29135867449055036,0.0
2889,5.7780000000000005,5.78,-4.4092912108747875,4.4671155811328545,0.028912185129033485,8.876406792007643,-0.10291707697321129,0.10033721540203128,1,1,-4.4092912108747875,4.4671155811328545,-6.0042776714420025,6.012833014326006,0.00427767144200164,12.017110685768008,0.00855534288400384,0.0,0.00855534288400384,0.0,-0.00855534288400384,-0.00855534288400384,0.0,0.0,0.0,0.0,0.0,0.0,1.7127807866605376e-05,0.0,5.9318263327126415,5.883609177761501,1.0353317595607203e-15,8.36136715420821e-16,0.40299976573509755,0.0,-6.300000000000001,6.300000000000001,0.14142135623730964,0.14142135623730953,1.7586827618151786e-08,4.685288573316763e-06,0.011863736547501062,0.0118,5.652132345239646e-06,0.011767141369170307,0.0118,0.3,0.0,0.291444657115997,0.0
2894,5.788,5.79,-4.409493925966817,4.46681111864048,0.028658596336831543,8.876305044607298,-0.10289973797111412,0.10034536460208826,1,1,-4.409493925966817,4.46681111864048,-6.004235107899988,6.012705323699962,0.004235107899987156,12.01694043159995,0.00847021579997513,0.0,0.00847021579997513,0.0,-0.00847021579997513,-0.00847021579997513,0.0,0.0,0.0,0.0,0.0,0.0,1.6957383330820344e-05,0.0,5.9316173764259315,5.883800487738218,2.0990154059319366e-16,8.170547571850761e-16,0.4029997656579447,0.0,-6.300000000000001,6.300000000000001,0.14142135623730964,0.14142135623730953,1.7586723576811178e-08,4.6868316306267344e-06,0.01186331813586712,0.0118,5.650730757396083e-06,0.011767524758705778,0.0118,0.3,0.0,0.2915297842000257,0.0
2899,5.798,5.8,-4.409695713458876,4.46651014903899,0.028407217790056727,8.876205862497866,-0.1028825325473276,0.10035338547588507,1,1,-4.409695713458876,4.46651014903899,-6.004192967872292,6.012578903616877,0.004192967872292286,12.01677187148917,0.008385935744584953,0.0,0.008385935744584953,0.0,-0.008385935744584953,-0.008385935744584953,0.0,0.0,0.0,0.0,0.0,0.0,1.6788654547499598e-05,0.0,5.931409665440545,5.883989885208064,3.5110803153770576e-15,8.257283745649602e-16,0.40299976558019746,0.0,-6.300000000000001,6.300000000000001,0.14142135623730964,0.14142135623730953,1.7586656133633804e-08,4.68838657587589e-06,0.011862902216404965,0.0118,5.649307626613975e-06,0.011767904315605404,0.0118,0.3,0.0,0.29161406425541586,0.0
2904,5.808,5.8100000000000005,-4.4098965712222755,4.466212630939954,0.028158029858839306,8.87610920216223,-0.10286545993559104,0.10036128020565,1,1,-4.4098965712222755,4.466212630939954,-6.004151247144878,6.012453741434636,0.004151247144879022,12.016604988579514,0.008302494289757538,0.0,0.008302494289757538,0.0,-0.008302494289757538,-0.008302494289757538,0.0,0.0,0.0,0.0,0.0,0.0,1.662160464362419e-05,0.0,5.931203195805959,5.884177389113805,3.1051550219984847e-16,8.257283745649602e-16,0.40299976550186595,0.0,-6.300000000000001,6.300000000000001,0.14142135623730964,0.14142135623730953,1.7586625229896405e-08,4.689953206685967e-06,0.01186248878123193,0.0118,5.647863456610392e-06,0.011768280077829606,0.0118,0.3,0.0,0.2916975057102433,0.0
2909,5.8180000000000005,5.82,-4.410096497259925,4.465918523467015,0.027911013103544935,8.876015020726939,-0.1028485193686618,0.10036905093321627,1,1,-4.410096497259925,4.465918523467015,-6.0041099415456385,6.012329824636917,0.004109941545639373,12.016439766182556,0.008219883091277868,0.0,0.008219883091277868,0.0,-0.008219883091277868,-0.008219883091277868,0.0,0.0,0.0,0.0,0.0,0.0,1.6456216914064526e-05,0.0,5.930997963526465,5.884363018212031,9.246076126956382e-16,7.875644580934704e-16,0.4029997654229603,0.0,-6.300000000000001,6.300000000000001,0.14142135623730964,0.14142135623730953,1.7586630804297758e-08,4.691531320727553e-06,0.011862077822374471,0.0118,5.646398748007098e-06,0.011768652082965755,0.0118,0.3,0.0,0.2917801169087229,0.0
2914,5.828,5.83,-4.4102954897041595,4.465627786249201,0.027666148272520896,8.875923275953362,-0.10283171007846481,0.10037669976083657,1,1,-4.4102954897041595,4.465627786249201,-6.004069046943979,6.012207140831936,0.004069046943978805,12.016276187775915,0.008138093887957252,0.0,0.008138093887957252,0.0,-0.008138093887957252,-0.008138093887957252,0.0,0.0,0.0,0.0,0.0,0.0,1.6292474819909837e-05,0.0,5.930793964562455,5.884546791074994,6.38378239159465e-16,8.083811398051921e-16,0.4029997653434905,0.0,-6.300000000000001,6.300000000000001,0.14142135623730964,0.14142135623730953,1.7586672792987215e-08,4.693120715775594e-06,0.011861669331770726,0.0118,5.644913998199553e-06,0.0117690203682318,0.0118,0.3,0.0,0.29186190611204355,0.0
2919,5.838,5.84,-4.410493546814592,4.4653403794143385,0.027423416299873438,8.87583392622893,-0.1028150312962399,0.10038422875198433,1,1,-4.410493546814592,4.4653403794143385,-6.004028559250404,6.012085677751211,0.004028559250403241,12.016114237001615,0.008057118500807198,0.0,0.008057118500807198,0.0,-0.008057118500807198,-0.008057118500807198,0.0,0.0,0.0,0.0,0.0,0.0,1.6130361986814238e-05,0.0,5.930591194831672,5.884728726092444,1.5008746198988399e-16,8.27463098040937e-16,0.40299976526346687,0.0,-6.300000000000001,6.300000000000001,0.14142135623730964,0.14142135623730953,1.758675112959307e-08,4.6947211897449255e-06,0.01186126330127304,0.0118,5.643409701241442e-06,0.011769384970479947,0.0118,0.3,0.0,0.2919428814991936,0.0
2924,5.848,5.8500000000000005,-4.410690666975987,4.465056263582553,0.02718279830328285,8.87574693055854,-0.10279848225268201,0.1003916399321321,1,1,-4.410690666975987,4.465056263582553,-6.003988474416111,6.011965423248332,0.003988474416110499,12.015953897664444,0.007976948832221512,0.0,0.007976948832221512,0.0,-0.007976948832221512,-0.007976948832221512,0.0,0.0,0.0,0.0,0.0,0.0,1.5969862203359336e-05,0.0,5.93038965021046,5.88490884147341,4.822531263215524e-16,8.465450562766819e-16,0.4029997651828993,0.0,-6.300000000000001,6.300000000000001,0.14142135623730964,0.14142135623730953,1.7586865745250858e-08,4.696332540756882e-06,0.011860859722650463,0.0118,5.641886347713676e-06,0.011769745926200257,0.0118,0.3,0.0,0.2920230511677793,0.0
2929,5.8580000000000005,5.86,-4.410886848696162,4.464775399859855,0.026944275581846533,8.875662248556017,-0.10278206217808214,0.1003989352895164,1,1,-4.410886848696162,4.464775399859855,-6.003948788432583,6.01184636529775,0.003948788432583505,12.015795153730332,0.007897576865166527,0.0,0.007897576865166527,0.0,-0.007897576865166527,-0.007897576865166527,0.0,0.0,0.0,0.0,0.0,0.0,1.581095941943303e-05,0.0,5.930189326534979,5.885087155247994,1.1726730697603216e-15,8.482797797526587e-16,0.402999765101798,0.0,-6.300000000000001,6.300000000000001,0.14142135623730964,0.14142135623730953,1.7587016568631517e-08,4.697954567190369e-06,0.011860458587591202,0.0118,5.640344424597821e-06,0.011770103271524219,0.0118,0.3,0.0,0.2921024231348343,0.0
2934,5.868,5.87,-4.411082090603906,4.464497749831823,0.026707829613958456,8.87557984043573,-0.10276577030245926,0.10040611677588518,1,1,-4.411082090603906,4.464497749831823,-6.00390949733119,6.011728491993569,0.003909497331189726,12.015637989324759,0.007818994662379395,0.0,0.007818994662379395,0.0,-0.007818994662379395,-0.007818994662379395,0.0,0.0,0.0,0.0,0.0,0.0,1.5653637744624516e-05,0.0,5.929990219602409,5.885263685269127,2.5069464733296076e-16,8.864436962241484e-16,0.402999765020173,0.0,-6.300000000000001,6.300000000000001,0.14142135623730964,0.14142135623730953,1.7587203525969363e-08,4.699587067699628e-06,0.011860059887705011,0.0118,5.638784415205045e-06,0.011770457042228287,0.0118,0.3,0.0,0.2921810053376215,0.0
2939,5.878,5.88,-4.411276391446921,4.464223275557361,0.026473442055220175,8.875499667004283,-0.10274960585569426,0.10041318630722787,1,1,-4.411276391446921,4.464223275557361,-6.003870597182788,6.011611791548361,0.003870597182786817,12.015482388731149,0.007741194365574353,0.0,0.007741194365574353,0.0,-0.007741194365574353,-0.007741194365574353,0.0,0.0,0.0,0.0,0.0,0.0,1.5497881446635202e-05,0.0,5.9297923251721265,5.885438449214323,6.841790046833995e-16,8.8557633448616e-16,0.40299976493803435,0.0,-6.300000000000001,6.300000000000001,0.14142135623730964,0.14142135623730953,1.758742654108998e-08,4.70122984129195e-06,0.011859663614525581,0.0118,5.6372067990340115e-06,0.011770807273737376,0.0118,0.3,0.0,0.2922588056344265,0.0
2944,5.888,5.89,-4.41146975008979,4.4639519395625555,0.02624109473638292,8.875421689652345,-0.10273356806765527,0.10042014576448988,1,1,-4.41146975008979,4.4639519395625555,-6.003832084097328,6.011496252291985,0.00383208409732827,12.015328336389313,0.007664168194656884,0.0,0.007664168194656884,0.0,-0.007664168194656884,-0.007664168194656884,0.0,0.0,0.0,0.0,0.0,0.0,1.53436749497055e-05,0.0,5.929595638966863,5.885611464587404,9.783840404509192e-16,8.439429710627167e-16,0.4029997648553921,0.0,-6.300000000000001,6.300000000000001,0.14142135623730964,0.14142135623730953,1.758768553543794e-08,4.702882687363204e-06,0.01185926975951285,0.0118,5.635612051699823e-06,0.01177115400112833,0.0118,0.3,0.0,0.29233583180534395,0.0
2949,5.898,5.9,-4.4116621655119586,4.463683704834598,0.026010769661319877,8.875345870346557,-0.10271765616832171,0.10042699699427365,1,1,-4.4116621655119586,4.463683704834598,-6.0037939542234735,6.011381862670419,0.0037939542234726176,12.015175816893892,0.0075879084469457105,0.0,0.0075879084469457105,0.0,-0.0075879084469457105,-0.0075879084469457105,0.0,0.0,0.0,0.0,0.0,0.0,1.5191002833057205e-05,0.0,5.929400156673859,5.885782748720207,7.511352650979575e-16,8.638922910364499e-16,0.4029997647722562,0.0,-6.300000000000001,6.300000000000001,0.14142135623730964,0.14142135623730953,1.7587980428104324e-08,4.704545405737805e-06,0.011858878314055311,0.0118,5.634000644823001e-06,0.011771497259133349,0.0118,0.3,0.0,0.29241209155305514,0.0
2954,5.908,5.91,-4.4118536368057555,4.463418534815812,0.02578244900502824,8.875272171621567,-0.10270186938790782,0.10043374180952164,1,1,-4.4118536368057555,4.463418534815812,-6.003756203748201,6.011268611244604,0.0037562037482015143,12.015024814992804,0.007512407496402509,0.0,0.007512407496402509,0.0,-0.007512407496402509,-0.007512407496402509,0.0,0.0,0.0,0.0,0.0,0.0,1.5039849829351426e-05,0.0,5.929205873945971,5.885952318774279,1.7104373473131318e-15,9.237402509576498e-16,0.40299976468863663,0.0,-6.300000000000001,6.300000000000001,0.14142135623730964,0.14142135623730953,1.7588311135854144e-08,4.70621779670202e-06,0.01185848926947226,0.0118,5.632373045958428e-06,0.01177183708214337,0.0118,0.3,0.0,0.2924875925035984,0.0
2959,5.918,5.92,-4.412044163174413,4.463156393397745,0.02555611511166589,8.875200556572159,-0.10268620695697644,0.10044038199018557,1,1,-4.412044163174413,4.463156393397745,-6.003718828896435,6.011156486689304,0.0037188288964342675,12.014875315585739,0.007437657792869308,0.0,0.007437657792869308,0.0,-0.007437657792869308,-0.007437657792869308,0.0,0.0,0.0,0.0,0.0,0.0,1.4890200823161834e-05,0.0,5.929012786402792,5.886120191742555,2.5326962749261384e-15,9.948639134726989e-16,0.40299976460454345,0.0,-6.300000000000001,6.300000000000001,0.14142135623730964,0.14142135623730953,1.7588677573153525e-08,4.707899661075022e-06,0.011858102617016003,0.0118,5.63072971848877e-06,0.011772173504211447,0.0118,0.3,0.0,0.2925623422071317,0.0
2964,5.928,5.93,-4.412233743930129,4.46289724491535,0.025331750492610716,8.875130988845479,-0.10267066810655576,0.10044691928388166,1,1,-4.412233743930129,4.46289724491535,-6.003681825930657,6.01104547779197,0.0036818259306565793,12.014727303722626,0.007363651861313462,0.0,0.007363651861313462,0.0,-0.007363651861313462,-0.007363651861313462,0.0,0.0,0.0,0.0,0.0,0.0,1.4742040849463098e-05,0.0,5.928820889631722,5.886286384451015,1.949829186997931e-15,9.697104230710352e-16,0.40299976451998654,0.0,-6.300000000000001,6.300000000000001,0.14142135623730964,0.14142135623730953,1.758907965219682e-08,4.709590800222217e-06,0.011857718347874052,0.0118,5.629071121562302e-06,0.011772506559056055,0.0118,0.3,0.0,0.2926363481386875,0.0
2969,5.938,5.94,-4.412422378492138,4.462641054141244,0.025109337824552824,8.875063432633382,-0.10265525206824958,0.1004533554065315,1,1,-4.412422378492138,4.462641054141244,-6.0036451911505395,6.01093557345162,0.0036451911505404055,12.01458076460216,0.007290382301080145,0.0,0.007290382301080145,0.0,-0.007290382301080145,-0.007290382301080145,0.0,0.0,0.0,0.0,0.0,0.0,1.4595355092134384e-05,0.0,5.928630179189047,5.886450913560321,5.523196917184281e-16,9.992007221626409e-16,0.40299976443497576,0.0,-6.300000000000001,6.300000000000001,0.14142135623730964,0.14142135623730953,1.7589517282933362e-08,4.711291016092983e-06,0.011857336453171255,0.0118,5.6273977100129715e-06,0.011772836280064385,0.0118,0.3,0.0,0.29270961769892084,0.0
2974,5.948,5.95,-4.412610066384815,4.462387786280047,0.024888859947616027,8.874997852664862,-0.10263995807434464,0.10045969204298816,1,1,-4.412610066384815,4.462387786280047,-6.003608920892576,6.010826762677729,0.0036089208925762506,12.014435683570305,0.007217841785152274,0.0,0.007217841785152274,0.0,-0.007217841785152274,-0.007217841785152274,0.0,0.0,0.0,0.0,0.0,0.0,1.445012888247772e-05,0.0,5.928440650600986,5.8866137955674525,1.3183898417423734e-15,1.0495077029659683e-15,0.402999764349521,0.0,-6.300000000000001,6.300000000000001,0.14142135623730964,0.14142135623730953,1.7589990373094238e-08,4.713000111289511e-06,0.011856956923971906,0.0118,5.625709934278244e-06,0.011773162700295612,0.0118,0.3,0.0,0.29278215821484876,0.0
2979,5.958,5.96,-4.412796807235786,4.462137406962793,0.02467029986350333,8.874934214198579,-0.10262478535791708,0.1004659308476516,1,1,-4.412796807235786,4.462137406962793,-6.003573011529709,6.010719034589127,0.0035730115297090137,12.014292046118836,0.007146023059417807,0.0,0.007146023059417807,0.0,-0.007146023059417807,-0.007146023059417807,0.0,0.0,0.0,0.0,0.0,0.0,1.4306347697751118e-05,0.0,5.928252299364722,5.886775046807303,9.992684847984212e-16,1.0564465968698755e-15,0.40299976426363215,0.0,-6.300000000000001,6.300000000000001,0.14142135623730964,0.14142135623730953,1.7590498828218758e-08,4.714717889077909e-06,0.01185657975128183,0.0118,5.624008240368017e-06,0.011773485852484092,0.0118,0.3,0.0,0.29285397694058324,0.0
2984,5.968,5.97,-4.4129826007740816,4.461889882241426,0.024453640733672177,8.874872483015508,-0.1026097331529327,0.10047207344506606,1,1,-4.4129826007740816,4.461889882241426,-6.003537459470972,6.010612378412916,0.0035374594709720597,12.014149837883888,0.0070749189419443215,0.0,0.0070749189419443215,0.0,-0.0070749189419443215,-0.0070749189419443215,0.0,0.0,0.0,0.0,0.0,0.0,1.4163997159716287e-05,0.0,5.928065120949418,5.886934683454279,1.8474805019152996e-15,1.0347625534201654e-15,0.402999764177319,0.0,-6.300000000000001,6.300000000000001,0.14142135623730964,0.14142135623730953,1.759104255168074e-08,4.716444153430381e-06,0.011856204926050396,0.0118,5.622293069764694e-06,0.011773805769042592,0.0118,0.3,0.0,0.2929250810580567,0.0
2989,5.978,5.98,-4.413167446828288,4.461645178583366,0.024238865877538984,8.874812625411653,-0.10259480069434737,0.10047812143051005,1,1,-4.413167446828288,4.461645178583366,-6.003502261161131,6.010506783483391,0.0035022611611301713,12.014009044644522,0.007004522322260814,0.0,0.007004522322260814,0.0,-0.007004522322260814,-0.007004522322260814,0.0,0.0,0.0,0.0,0.0,0.0,1.4023063033200796e-05,0.0,5.9278791107972175,5.887092721523874,4.3194614551822497e-16,1.0269562977782698e-15,0.40299976409059124,0.0,-6.300000000000001,6.300000000000001,0.14142135623730964,0.14142135623730953,1.7591621444714606e-08,4.718178709069646e-06,0.011855832439172539,0.0118,5.620564859378785e-06,0.011774122482065403,0.0118,0.3,0.0,0.2929954776777402,0.0
2994,5.988,5.99,-4.413351345324741,4.4614032628661455,0.02402595877070235,8.874754608190887,-0.10257998721820219,0.10048407637056944,1,1,-4.413351345324741,4.4614032628661455,-6.003467413080323,6.01040223924097,0.0034674130803233894,12.013869652321294,0.0069348261606466555,0.0,0.0069348261606466555,0.0,-0.0069348261606466555,-0.0069348261606466555,0.0,0.0,0.0,0.0,0.0,0.0,1.3883531224674552e-05,0.0,5.927694264324223,5.887249176874228,7.181077564186178e-16,9.870576578308032e-16,0.40299976400345866,0.0,-6.300000000000001,6.300000000000001,0.14142135623730964,0.14142135623730953,1.7592235406441343e-08,4.719921361480033e-06,0.011855462281490727,0.0118,5.61882404151115e-06,0.011774436023331506,0.0118,0.3,0.0,0.2930651738393543,0.0
2999,5.998,6.0,-4.413534296285726,4.461164102372131,0.023814903043202662,8.874698398657857,-0.1025652919617176,0.10048993980370055,1,1,-4.413534296285726,4.461164102372131,-6.003432911743714,6.010298735231141,0.003432911743713518,12.013731646974856,0.006865823487427603,0.0,0.006865823487427603,0.0,-0.006865823487427603,-0.006865823487427603,0.0,0.0,0.0,0.0,0.0,0.0,1.3745387780840424e-05,0.0,5.927510576921457,5.887404065207672,1.0105712924465826e-15,9.549652735252323e-16,0.4029997639159309,0.0,-6.300000000000001,6.300000000000001,0.14142135623730964,0.14142135623730953,1.759288433389416e-08,4.7216719169741e-06,0.011855094443796883,0.0118,5.617071043777511e-06,0.011774746424307642,0.0118,0.3,0.0,0.29313417651257334,0.0
3004,6.008,6.01,-4.4137162998277075,4.460927664783305,0.023605682477798595,8.874643964611012,-0.10255071416338427,0.10049571324078133,1,1,-4.4137162998277075,4.460927664783305,-6.0033987537011395,6.0101962611034185,0.003398753701139512,12.013595014804558,0.00679750740227883,0.0,0.00679750740227883,0.0,-0.00679750740227883,-0.00679750740227883,0.0,0.0,0.0,0.0,0.0,0.0,1.3608618887238907e-05,0.0,5.927328043955822,5.8875574020722565,1.1483869410966463e-15,9.168013570537425e-16,0.4029997638280176,0.0,-6.300000000000001,6.300000000000001,0.14142135623730964,0.14142135623730953,1.7593568122044037e-08,4.723430182694852e-06,0.01185472891683431,0.0118,5.61530628907736e-06,0.011775053716151375,0.0118,0.3,0.0,0.2932024925977221,0.0
3009,6.018,6.0200000000000005,-4.413897356159579,4.460693918176124,0.02339828100827246,8.874591274335703,-0.10253625306305067,0.10050139816564815,1,1,-4.413897356159579,4.460693918176124,-6.0033649355367675,6.010094806610303,0.0033649355367675327,12.01345974214707,0.006729871073534895,0.0,0.006729871073534895,0.0,-0.006729871073534895,-0.006729871073534895,0.0,0.0,0.0,0.0,0.0,0.0,1.3473210866866667e-05,0.0,5.927146660771019,5.887709202863265,6.765421556309548e-16,9.402201239794294e-16,0.40299976373972846,0.0,-6.300000000000001,6.300000000000001,0.14142135623730964,0.14142135623730953,1.7594286663825002e-08,4.72519596667791e-06,0.01185436569129954,0.0118,5.613530195542893e-06,0.011775357929714143,0.0118,0.3,0.0,0.29327012892646603,0.0
3014,6.0280000000000005,6.03,-4.4140774655809265,4.460462831016447,0.023192682717760427,8.874540296597374,-0.10252190790200996,0.10050699603562571,1,1,-4.4140774655809265,4.460462831016447,-6.003331453868753,6.00999436160626,0.0033314538687534423,12.013325815475014,0.0066629077375065585,0.0,0.0066629077375065585,0.0,-0.0066629077375065585,-0.0066629077375065585,0.0,0.0,0.0,0.0,0.0,0.0,1.3339150178808829e-05,0.0,5.926966422688466,5.887859482824712,7.667477763817487e-16,9.506284648352903e-16,0.40299976365107293,0.0,-6.300000000000001,6.300000000000001,0.14142135623730964,0.14142135623730953,1.7595039850159265e-08,4.726969077849299e-06,0.011854004757844186,0.0118,5.6117431765101424e-06,0.011775659095544238,0.0118,0.3,0.0,0.2933370922624944,0.0
3019,6.038,6.04,-4.4142566284803255,4.460234372154535,0.022988871837104963,8.874491000634862,-0.10250767792307963,0.10051250828204156,1,1,-4.4142566284803255,4.460234372154535,-6.003298305348902,6.009894916046707,0.0032983053489026304,12.013193221395609,0.006596610697804414,0.0,0.006596610697804414,0.0,-0.006596610697804414,-0.006596610697804414,0.0,0.0,0.0,0.0,0.0,0.0,1.3206423416884867e-05,0.0,5.92678732500821,5.888008257050824,7.962380754733545e-16,9.298117831235686e-16,0.4029997635620606,0.0,-6.300000000000001,6.300000000000001,0.14142135623730964,0.14142135623730953,1.7595827569982094e-08,4.72874932608095e-06,0.011853646107076742,0.0118,5.609945640483449e-06,0.0117759572438898,0.0118,0.3,0.0,0.2934033893021965,0.0
3024,6.048,6.05,-4.414434845333649,4.460008510820114,0.022786832743232566,8.874443356153764,-0.10249356237068658,0.10051793631073017,1,1,-4.414434845333649,4.460008510820114,-6.003265486662335,6.009796459987004,0.0032654866623342826,12.013061946649339,0.006530973324669244,0.0,0.006530973324669244,0.0,-0.006530973324669244,-0.006530973324669244,0.0,0.0,0.0,0.0,0.0,0.0,1.3075017308307984e-05,0.0,5.926609363009796,5.8881555404875074,5.403731390303534e-16,9.566999970012091e-16,0.4029997634727008,0.0,-6.300000000000001,6.300000000000001,0.14142135623730964,0.14142135623730953,1.759664971026651e-08,4.730536522206249e-06,0.011853289729564358,0.0118,5.608137991093276e-06,0.011776252404701735,0.0118,0.3,0.0,0.2934690266753317,0.0
3029,6.058,6.0600000000000005,-4.414612116702397,4.459785216617507,0.022586549957555047,8.874397333319905,-0.10247956049094176,0.10052328150253059,1,1,-4.414612116702397,4.459785216617507,-6.0032329945271545,6.009698983581464,0.0032329945271545313,12.012931978108618,0.006465989054309037,0.0,0.006465989054309037,0.0,-0.006465989054309037,-0.006465989054309037,0.0,0.0,0.0,0.0,0.0,0.0,1.2944918712357815e-05,0.0,5.926432531953146,5.888301347933805,1.4702662373168585e-15,9.740472317609772e-16,0.40299976338300303,0.0,-6.300000000000001,6.300000000000001,0.14142135623730964,0.14142135623730953,1.7597506156047792e-08,4.732330478044463e-06,0.01185293561583459,0.0118,5.606320627074002e-06,0.011776544607636642,0.0118,0.3,0.0,0.2935340109456919,0.0
3034,6.0680000000000005,6.07,-4.414788443232052,4.459564459520834,0.022388008144391236,8.874352902752886,-0.10246567153171751,0.10052854521376761,1,1,-4.414788443232052,4.459564459520834,-6.003200825694121,6.009602477082364,0.0032008256941216118,12.012803302776485,0.006401651388242603,0.0,0.006401651388242603,0.0,-0.006401651388242603,-0.006401651388242603,0.0,0.0,0.0,0.0,0.0,0.0,1.2816114619066351e-05,0.0,5.926256827079407,5.888445694043325,1.842276331487369e-15,9.341485918135106e-16,0.40299976329297665,0.0,-6.300000000000001,6.300000000000001,0.14142135623730964,0.14142135623730953,1.7598396790447745e-08,4.734131006449582e-06,0.011852583756377112,0.0118,5.6044939422417175e-06,0.011776833882059681,0.0118,0.3,0.0,0.2935983486117583,0.0
3039,6.078,6.08,-4.414963825650448,4.459346209869279,0.02219119210941578,8.874310035519727,-0.1024518947427204,0.1005337287767269,1,1,-4.414963825650448,4.459346209869279,-6.003168976946324,6.009506930838975,0.0031689769463252304,12.0126759077853,0.00633795389264972,0.0,0.00633795389264972,0.0,-0.00633795389264972,-0.00633795389264972,0.0,0.0,0.0,0.0,0.0,0.0,1.2688592147916922e-05,0.0,5.926082243611802,5.8885885933256805,1.128437621122913e-15,8.690964614643804e-16,0.4029997632026309,0.0,-6.300000000000001,6.300000000000001,0.14142135623730964,0.14142135623730953,1.759932149469876e-08,4.735937921310329e-06,0.011852234141645398,0.0118,5.60265832546758e-06,0.011777120257047448,0.0118,0.3,0.0,0.29366204610735114,0.0
3044,6.088,6.09,-4.415138264766166,4.459130438362413,0.021996086798123482,8.874268703128578,-0.10243822937556143,0.10053883350011866,1,1,-4.415138264766166,4.459130438362413,-6.003137445098863,6.009412335296592,0.0031374450988641556,12.012549780395455,0.006274890197727748,0.0,0.006274890197727748,0.0,-0.006274890197727748,-0.006274890197727748,0.0,0.0,0.0,0.0,0.0,0.0,1.256233854655615e-05,0.0,5.925908776756437,5.888730060147883,2.707903345999796e-15,8.803721640582296e-16,0.40299976311197516,0.0,-6.300000000000001,6.300000000000001,0.14142135623730964,0.14142135623730953,1.7600280148167727e-08,4.737751037594561e-06,0.011851886762058384,0.0118,5.60081416065783e-06,0.011777403761390791,0.0118,0.3,0.0,0.2937251098022731,0.0
3049,6.098,6.1000000000000005,-4.415311761466947,4.458917116055592,0.021802677294322503,8.87422887752254,-0.10242467468382727,0.10054386066953136,1,1,-4.415311761466947,4.458917116055592,-6.003106226998527,6.009318680995582,0.0031062269985273616,12.01242490799411,0.006212453997054642,0.0,0.006212453997054642,0.0,-0.006212453997054642,-0.006212453997054642,0.0,0.0,0.0,0.0,0.0,0.0,1.2437341189518683e-05,0.0,5.925736421703126,5.888870108735752,1.294103713078698e-15,8.621575675604731e-16,0.40299976302101853,0.0,-6.300000000000001,6.300000000000001,0.14142135623730964,0.14142135623730953,1.7601272628379644e-08,4.739570171358157e-06,0.011851541608002081,0.0118,5.598961826738247e-06,0.011777684423597588,0.0118,0.3,0.0,0.2937875460029462,0.0
3054,6.1080000000000005,6.11,-4.415484316718121,4.458706214355409,0.021610948818644005,8.87419053107353,-0.10241122992314611,0.10054881154787684,1,1,-4.415484316718121,4.458706214355409,-6.00307531952348,6.009225958570437,0.0030753195234787256,12.012301278093917,0.006150639046958303,0.0,0.006150639046958303,0.0,-0.006150639046958303,-0.006150639046958303,0.0,0.0,0.0,0.0,0.0,0.0,1.231358757696465e-05,0.0,5.9255651736261825,5.889008753175278,8.762657483299408e-16,8.517492267046123e-16,0.40299976292977013,0.0,-6.300000000000001,6.300000000000001,0.14142135623730964,0.14142135623730953,1.7602298811041115e-08,4.741395139780538e-06,0.011851198669831194,0.0118,5.597101697638607e-06,0.01177796227189555,0.0118,0.3,0.0,0.29384936095304254,0.0
3059,6.118,6.12,-4.415655931561062,4.458497705015209,0.02142088672707354,8.87415363657627,-0.10239789435124963,0.10055368737582587,1,1,-4.415655931561062,4.458497705015209,-6.003044719582946,6.0091341587488385,0.003044719582946165,12.012178878331785,0.006089439165892209,0.0,0.006089439165892209,0.0,-0.006089439165892209,-0.006089439165892209,0.0,0.0,0.0,0.0,0.0,0.0,1.2191065333429673e-05,0.0,5.925395027685198,5.889146007414013,6.105277958537436e-16,8.786374405822528e-16,0.40299976283823913,0.0,-6.300000000000001,6.300000000000001,0.14142135623730964,0.14142135623730953,1.7603358570063596e-08,4.7432257611868795e-06,0.011850857937870664,0.0118,5.595234142297123e-06,0.011778237334234928,0.0118,0.3,0.0,0.29391056083410866,0.0
3064,6.128,6.13,-4.4158266071116605,4.458291560130671,0.021232476509505105,8.874118167242331,-0.10238466722803985,0.10055848937223222,1,1,-4.4158266071116605,4.458291560130671,-6.003014424116908,6.009043272350726,0.003014424116908998,12.012057696467634,0.006028848233817255,0.0,0.006028848233817255,0.0,-0.006028848233817255,-0.006028848233817255,0.0,0.0,0.0,0.0,0.0,0.0,1.2069762206587296e-05,0.0,5.925225979025814,5.889281885262409,1.2060800492000312e-15,8.690964614643804e-16,0.40299976274643445,0.0,-6.300000000000001,6.300000000000001,0.14142135623730964,0.14142135623730953,1.7604451777586438e-08,4.745061855054768e-06,0.011850519402417242,0.0118,5.593359524638242e-06,0.011778509638291253,0.0118,0.3,0.0,0.2939711517661836,0.0
3069,6.138,6.140000000000001,-4.415996344558813,4.458087752135441,0.02104570378831383,8.874084096694254,-0.102371547815647,0.10056321873455329,1,1,-4.415996344558813,4.458087752135441,-6.002984430095795,6.008953290287385,0.0029844300957950765,12.01193772038318,0.005968860191589739,0.0,0.005968860191589739,0.0,-0.005968860191589739,-0.005968860191589739,0.0,0.0,0.0,0.0,0.0,0.0,1.1949666066023744e-05,0.0,5.925058022780475,5.889416400395163,1.052977149917922e-15,9.185360805297194e-16,0.40299976265436516,0.0,-6.300000000000001,6.300000000000001,0.14142135623730964,0.14142135623730953,1.7605578303999764e-08,4.7469032420608304e-06,0.011850183053740972,0.0118,5.591478203552658e-06,0.01177877921146801,0.0118,0.3,0.0,0.29403113980841117,0.0
3074,6.148,6.15,-4.4161651451629345,4.457886253796832,0.020860554316948665,8.874051398959766,-0.10235853537848838,0.10056787663925537,1,1,-4.4161651451629345,4.457886253796832,-6.002954734520178,6.008864203560534,0.002954734520177915,12.011818938080712,0.005909469040355449,0.0,0.005909469040355449,0.0,-0.005909469040355449,-0.005909469040355449,0.0,0.0,0.0,0.0,0.0,0.0,1.1830764902024883e-05,0.0,5.92489115406917,5.889549566352541,8.170547571850761e-16,9.506284648352903e-16,0.40299976256204006,0.0,-6.300000000000001,6.300000000000001,0.14142135623730964,0.14142135623730953,1.7606738017967103e-08,4.748749744080737e-06,0.011849848882086698,0.0118,5.589590532912858e-06,0.011779046080899289,0.0118,0.3,0.0,0.2940905309596455,0.0
3079,6.158,6.16,-4.4163330102544895,4.457687038211574,0.02067701397854238,8.874020048466065,-0.10234562918332538,0.10057246424221664,1,1,-4.4163330102544895,4.457687038211574,-6.002925334420475,6.008776003261424,0.0029253344204747123,12.011701337681899,0.005850668840949769,0.0,0.005850668840949769,0.0,-0.005850668840949769,-0.005850668840949769,0.0,0.0,0.0,0.0,0.0,0.0,1.1713046824375231e-05,0.0,5.924725368000161,5.889681396541701,1.0720591081536668e-15,8.994541222939745e-16,0.4029997624694681,0.0,-6.300000000000001,6.300000000000001,0.14142135623730964,0.14142135623730953,1.760793078644786e-08,4.7506011842114e-06,0.011849516877675517,0.0118,5.587696861593105e-06,0.011779310273452442,0.0118,0.3,0.0,0.2941493311590511,0.0
3084,6.168,6.17,-4.416499941232538,4.457490078801632,0.020495068784546877,8.87399002003417,-0.10233282849931843,0.10057698267911627,1,1,-4.416499941232538,4.457490078801632,-6.002896226856652,6.008688680569955,0.0028962268566514737,12.011584907426608,0.005792453713303757,0.0,0.005792453713303757,0.0,-0.005792453713303757,-0.005792453713303757,0.0,0.0,0.0,0.0,0.0,0.0,1.159650006116892e-05,0.0,5.924560659670692,5.889811904237981,8.70600791978704e-16,9.202708040056962e-16,0.402999762376658,0.0,-6.300000000000001,6.300000000000001,0.14142135623730964,0.14142135623730953,1.760915647471957e-08,4.752457386802068e-06,0.011849187030706212,0.0118,5.585797533416148e-06,0.01177957181573067,0.0118,0.3,0.0,0.29420754628669715,0.0
3089,6.178,6.18,-4.416665939563308,4.457295349310069,0.020314704873380496,8.873961288873378,-0.10232013259807854,0.10058143306582043,1,1,-4.416665939563308,4.457295349310069,-6.002867408917928,6.008602226753784,0.002867408917928138,12.011469635671713,0.005734817835856135,0.0,0.005734817835856135,0.0,-0.005734817835856135,-0.005734817835856135,0.0,0.0,0.0,0.0,0.0,0.0,1.1481112957632504e-05,0.0,5.924397024167699,5.8899411025861985,5.672545766444159e-16,9.13331910101789e-16,0.40299976228361856,0.0,-6.300000000000001,6.300000000000001,0.14142135623730964,0.14142135623730953,1.761041494639999e-08,4.754318177456541e-06,0.01184885933135667,0.0118,5.583892887224273e-06,0.011779830734075602,0.0118,0.3,0.0,0.29426518216414477,0.0
3094,6.188,6.19,-4.41683100677878,4.457102823796977,0.02013590850909841,8.873933830575758,-0.10230754075372078,0.10058581649875609,1,1,-4.41683100677878,4.457102823796977,-6.0028388777224855,6.008516633167456,0.0028388777224854778,12.011355510889942,0.005677755444971129,0.0,0.005677755444971129,0.0,-0.005677755444971129,-0.005677755444971129,0.0,0.0,0.0,0.0,0.0,0.0,1.1366873974959478e-05,0.0,5.924234456568493,5.890069004601919,1.214306433183765e-15,8.951173136040325e-16,0.4029997621903583,0.0,-6.300000000000001,6.300000000000001,0.14142135623730964,0.14142135623730953,1.761170606346895e-08,4.756183383062037e-06,0.01184853376978525,0.0118,5.5819832568193565e-06,0.01178008705456988,0.0118,0.3,0.0,0.29432224455502976,0.0
3099,6.198,6.2,-4.416995144475291,4.456912476635448,0.01995866608007857,8.873907621110739,-0.10229505224291113,0.10059013405528075,1,1,-4.416995144475291,4.456912476635448,-6.002810630417181,6.008431891251543,0.0028106304171808816,12.011242521668724,0.0056212608343621,0.0,0.0056212608343621,0.0,-0.0056212608343621,-0.0056212608343621,0.0,0.0,0.0,0.0,0.0,0.0,1.1253771689156375e-05,0.0,5.924072951941438,5.890195623172717,1.2715523078909996e-15,8.916478666520788e-16,0.4029997620968859,0.0,-6.300000000000001,6.300000000000001,0.14142135623730964,0.14142135623730953,1.7613029686290075e-08,4.758052831798076e-06,0.011848210336132156,0.0118,5.580068971011709e-06,0.011780340803039633,0.0118,0.3,0.0,0.2943787391656388,0.0
3104,6.208,6.21,-4.417158354312163,4.456724282507617,0.01978296409772673,8.87388263681978,-0.10228266634491515,0.10059438679404079,1,1,-4.417158354312163,4.456724282507617,-6.002782664177261,6.008347992531782,0.0027826641772605853,12.011130656709042,0.005565328354520906,0.0,0.005565328354520906,0.0,-0.005565328354520906,-0.005565328354520906,0.0,0.0,0.0,0.0,0.0,0.0,1.1141794789900364e-05,0.0,5.923912505346617,5.890320971059438,5.048045315092509e-16,9.011888457699513e-16,0.40299976200320986,0.0,-6.300000000000001,6.300000000000001,0.14142135623730964,0.14142135623730953,1.7614385673632262e-08,4.759926353163119e-06,0.011847889020520759,0.0118,5.5781503536200815e-06,0.011780592005057055,0.0118,0.3,0.0,0.29443467164548,0.0
3109,6.218,6.22,-4.417320638010341,4.456538216400739,0.01960878919519926,8.873858854411079,-0.1022703823416446,0.10059857575532682,1,1,-4.417320638010341,4.456538216400739,-6.002754976206076,6.008264928618229,0.0027549762060763427,12.011019904824305,0.005509952412152954,0.0,0.005509952412152954,0.0,-0.005509952412152954,-0.005509952412152954,0.0,0.0,0.0,0.0,0.0,0.0,1.1030932079408201e-05,0.0,5.923753111836478,5.890445060897415,3.41740524767431e-16,8.795048023202412e-16,0.40299976190933867,0.0,-6.300000000000001,6.300000000000001,0.14142135623730964,0.14142135623730953,1.7615773882691037e-08,4.761803777972359e-06,0.011847569813058907,0.0118,5.576227723487204e-06,0.011780840685942817,0.0118,0.3,0.0,0.2944900475878479,0.0
3114,6.228,6.23,-4.4174819973510555,4.456354253603341,0.019436128126142815,8.873836250954398,-0.10225819951769938,0.1006027019614178,1,1,-4.4174819973510555,4.456354253603341,-6.002727563734808,6.008182691204427,0.002727563734809202,12.010910254939235,0.00545512746961786,0.0,0.00545512746961786,0.0,-0.00545512746961786,-0.00545512746961786,0.0,0.0,0.0,0.0,0.0,0.0,1.0921172471316455e-05,0.0,5.923594766456482,5.890567905197714,1.5352302762394743e-15,8.439429710627167e-16,0.4029997618152807,0.0,-6.300000000000001,6.300000000000001,0.14142135623730964,0.14142135623730953,1.761719416910968e-08,4.763684938386573e-06,0.011847252703840213,0.0118,5.5743013944864475e-06,0.011781086870768561,0.0118,0.3,0.0,0.294544872530383,0.0
3119,6.238,6.24,-4.417642434174503,4.456172369701402,0.019264967763449548,8.873814803875906,-0.10224611716041276,0.10060676641691871,1,1,-4.417642434174503,4.456172369701402,-6.002700424022188,6.008101272066564,0.0027004240221879527,12.010801696088752,0.005400848044375682,0.0,0.005400848044375682,0.0,-0.005400848044375682,-0.005400848044375682,0.0,0.0,0.0,0.0,0.0,0.0,1.0812504989572845e-05,0.0,5.923437464245723,5.890689516348335,2.041769531224702e-15,8.309325449928906e-16,0.4029997617210443,0.0,-6.300000000000001,6.300000000000001,0.14142135623730964,0.14142135623730953,1.76186463870002e-08,4.765569667918795e-06,0.011846937682945315,0.0118,5.57237167554403e-06,0.011781330584359326,0.0118,0.3,0.0,0.29459915195562514,0.0
3124,6.248,6.25,-4.41780195037854,4.455992540574603,0.01909529509803143,8.873794490953143,-0.1022341345598915,0.10061077010909567,1,1,-4.41780195037854,4.455992540574603,-6.002673554354219,6.008020663062657,0.002673554354219121,12.010694217416876,0.005347108708438664,0.0,0.005347108708438664,0.0,-0.005347108708438664,-0.005347108708438664,0.0,0.0,0.0,0.0,0.0,0.0,1.0704918767338649e-05,0.0,5.92328120023755,5.890809906615418,2.1822821327788233e-15,7.554720737878995e-16,0.40299976162663764,0.0,-6.300000000000001,6.300000000000001,0.14142135623730964,0.14142135623730953,1.7620130388964134e-08,4.767457801454296e-06,0.011846624740443108,0.0118,5.570438870643457e-06,0.011781571851295945,0.0118,0.3,0.0,0.2946528912915621,0.0
3129,6.258,6.26,-4.417960547917396,4.455814742392617,0.018927097237610546,8.873775290310013,-0.10222225100905369,0.10061471400819755,1,1,-4.417960547917396,4.455814742392617,-6.002646952043914,6.007940856131743,0.002646952043914297,12.010587808175657,0.005293904087828428,0.0,0.005293904087828428,0.0,-0.005293904087828428,-0.005293904087828428,0.0,0.0,0.0,0.0,0.0,0.0,1.0598403045901977e-05,0.0,5.923125969460168,5.890929088144432,2.3054474995731766e-15,7.225123277443402e-16,0.402999761532069,0.0,-6.300000000000001,6.300000000000001,0.14142135623730964,0.14142135623730953,1.7621646026113172e-08,4.769349175257241e-06,0.01184631386639197,0.0118,5.568503278863268e-06,0.01178181069591743,0.0118,0.3,0.0,0.2947060959121723,0.0
3134,6.268,6.2700000000000005,-4.418118228800409,4.455638951611453,0.018760361405522286,8.873757180411861,-0.10221046580367016,0.1006185990677759,1,1,-4.418118228800409,4.455638951611453,-6.002620614431019,6.007861843293058,0.0026206144310192414,12.010482457724077,0.0052412288620385765,0.0,0.0052412288620385765,0.0,-0.0052412288620385765,-0.0052412288620385765,0.0,0.0,0.0,0.0,0.0,0.0,1.049294717360193e-05,0.0,5.922971766937232,5.89104707296135,8.586881206085195e-16,6.487865800153259e-16,0.40299976143734645,0.0,-6.300000000000001,6.300000000000001,0.14142135623730964,0.14142135623730953,1.7623193148089613e-08,4.771243626984018e-06,0.011846005050840932,0.0118,5.566565194381479e-06,0.011782047142323346,0.0118,0.3,0.0,0.29475877113796206,0.0
3139,6.2780000000000005,6.28,-4.41827499509077,4.455465144969849,0.01859507493953938,8.873740140060619,-0.1021987782423972,0.1006224262249962,1,1,-4.41827499509077,4.455465144969849,-6.002594538881752,6.007783616645254,0.002594538881750985,12.010378155527006,0.005189077763502634,0.0,0.005189077763502634,0.0,-0.005189077763502634,-0.005189077763502634,0.0,0.0,0.0,0.0,0.0,0.0,1.0388540604763393e-05,0.0,5.922818587688435,5.89116387297382,6.827288842777002e-16,6.080205783298709e-16,0.40299976134247806,0.0,-6.300000000000001,6.300000000000001,0.14142135623730964,0.14142135623730953,1.7624771603086648e-08,4.773140995687677e-06,0.011845698283830875,0.0118,5.564624906517768e-06,0.011782281214376123,0.0118,0.3,0.0,0.29481092223649796,0.0
3144,6.288,6.29,-4.418430848904296,4.455293299485711,0.01843122529070751,8.873724148390007,-0.10218718762681461,0.10062619640094361,1,1,-4.418430848904296,4.455293299485711,-6.002568722788533,6.007706168365601,0.002568722788534039,12.010274891154134,0.005137445577067288,0.0,0.005137445577067288,0.0,-0.005137445577067288,-0.005137445577067288,0.0,0.0,0.0,0.0,0.0,0.0,1.028517289864248e-05,0.0,5.922666426730069,5.891279499972313,8.222589276130066e-16,5.9761223747401e-16,0.40299976124747183,0.0,-6.300000000000001,6.300000000000001,0.14142135623730964,0.14142135623730953,1.7626381237868528e-08,4.775041121844572e-06,0.01184539355539565,0.0118,5.562682699733479e-06,0.011782512935703399,0.0118,0.3,0.0,0.2948625544229333,0.0
3149,6.298,6.3,-4.418585792408207,4.455123392452601,0.018268800022196885,8.873709184860807,-0.10217569326145856,0.10062991050092202,1,1,-4.418585792408207,4.455123392452601,-6.002543163569735,6.007629490709206,0.002543163569735718,12.010172654278941,0.005086327139470867,0.0,0.005086327139470867,0.0,-0.005086327139470867,-0.005086327139470867,0.0,0.0,0.0,0.0,0.0,0.0,1.0182833718382436e-05,0.0,5.922515279075593,5.89139396563127,9.8879238130678e-16,6.522560269672795e-16,0.4029997611523356,0.0,-6.300000000000001,6.300000000000001,0.14142135623730964,0.14142135623730953,1.7628021897790507e-08,4.776943847349925e-06,0.011845090855563224,0.0118,5.560738853664926e-06,0.011782742329700275,0.0118,0.3,0.0,0.2949136728605298,0.0
3154,6.308,6.3100000000000005,-4.4187398278199295,4.454955401436272,0.018107786808171156,8.873695229256201,-0.10216429445385256,0.10063356941474783,1,1,-4.4187398278199295,4.454955401436272,-6.002517858669413,6.007553576008241,0.002517858669413897,12.010071434677654,0.005035717338827013,0.0,0.005035717338827013,0.0,-0.005035717338827013,-0.005035717338827013,0.0,0.0,0.0,0.0,0.0,0.0,1.0081512829979953e-05,0.0,5.922365139736177,5.891507281510228,5.464378949326942e-16,6.617970060851519e-16,0.40299976105707724,0.0,-6.300000000000001,6.300000000000001,0.14142135623730964,0.14142135623730953,1.7629693426818686e-08,4.778849015531145e-06,0.011844790174356763,0.0118,5.55879364315004e-06,0.011782969419531622,0.0118,0.3,0.0,0.29496428266117364,0.0
3159,6.3180000000000005,6.32,-4.418892957405912,4.454789304271249,0.017948173432668302,8.87368226167716,-0.10215299051454074,0.10063717401703642,1,1,-4.418892957405912,4.454789304271249,-6.002492805557057,6.00747841667117,0.0024928055570567764,12.009971222228227,0.004985611114113487,0.0,0.004985611114113487,0.0,-0.004985611114113487,-0.004985611114113487,0.0,0.0,0.0,0.0,0.0,0.0,9.981200101261757e-06,0.0,5.92221600372125,5.891619459054952,2.4702462297909733e-15,6.557254739192331e-16,0.4029997609617045,0.0,-6.300000000000001,6.300000000000001,0.14142135623730964,0.14142135623730953,1.763139566754968e-08,4.780756471156714e-06,0.011844491501795739,0.0118,5.5568473382749955e-06,0.011783194228134291,0.0118,0.3,0.0,0.29501438888588716,0.0
3164,6.328,6.33,-4.419045183480463,4.454625079057456,0.017789947788496185,8.87367026253792,-0.10214178075711539,0.10064072516748401,1,1,-4.419045183480463,4.454625079057456,-6.002468001727332,6.007404005181999,0.002468001727333302,12.009872006909331,0.004936003454666063,0.0,0.004936003454666063,0.0,-0.004936003454666063,-0.004936003454666063,0.0,0.0,0.0,0.0,0.0,0.0,9.881885500871383e-06,0.0,5.92206786603902,5.891730509598536,1.6878859421254333e-15,7.355227538141662e-16,0.4029997608662251,0.0,-6.300000000000001,6.300000000000001,0.14142135623730964,0.14142135623730953,1.763312846123015e-08,4.782666060449504e-06,0.011844194827896969,0.0118,5.5549002043697725e-06,0.01178341677821936,0.0118,0.3,0.0,0.29506399654533466,0.0
3169,6.338,6.34,-4.419196508404595,4.454462704156888,0.01763309787614631,8.873659212561483,-0.10213066449824726,0.1006442237111442,1,1,-4.419196508404595,4.454462704156888,-6.002443444699838,6.0073303340995166,0.002443444699839148,12.009773778799355,0.0048868893996774545,0.0,0.0048868893996774545,0.0,-0.0048868893996774545,-0.0048868893996774545,0.0,0.0,0.0,0.0,0.0,0.0,9.783559097266027e-06,0.0,5.921920721696994,5.891840444362504,4.0076178053211065e-16,7.129713486264677e-16,0.4029997607706466,0.0,-6.300000000000001,6.300000000000001,0.14142135623730964,0.14142135623730953,1.7634891647776176e-08,4.7845776310845624e-06,0.011843900142675664,0.0118,5.552952502048125e-06,0.011783637092274335,0.0118,0.3,0.0,0.29511311060032325,0.0
3174,6.348,6.3500000000000005,-4.419346934584898,4.454302158190325,0.017477611802713344,8.873649092775224,-0.10211964105771076,0.1006476704786971,1,1,-4.419346934584898,4.454302158190325,-6.002419132018851,6.007257396056552,0.0024191320188506893,12.009676528075403,0.004838264037701235,0.0,0.004838264037701235,0.0,-0.004838264037701235,-0.004838264037701235,0.0,0.0,0.0,0.0,0.0,0.0,9.686211057723388e-06,0.0,5.9217745657024885,5.891949274457893,6.955631274944973e-16,6.886852199627924e-16,0.4029997606749766,0.0,-6.300000000000001,6.300000000000001,0.14142135623730964,0.14142135623730953,1.763668506579253e-08,4.786491032197987e-06,0.011843607436146462,0.0118,5.551004487260869e-06,0.011783855192565312,0.0118,0.3,0.0,0.29516173596229944,0.0
3179,6.3580000000000005,6.36,-4.419496464472416,4.454143420034094,0.01732347778083909,8.87363988450651,-0.10210870975841196,0.10065106628671494,1,1,-4.419496464472416,4.454143420034094,-6.00239506125308,6.007185183759241,0.0023950612530807547,12.009580245012321,0.004790122506160686,0.0,0.004790122506160686,0.0,-0.004790122506160686,-0.004790122506160686,0.0,0.0,0.0,0.0,0.0,0.0,9.589831647358395e-06,0.0,5.921629393063131,5.89205701088634,1.833602714107485e-15,6.756747938929664e-16,0.40299976057922254,0.0,-6.300000000000001,6.300000000000001,0.14142135623730964,0.14142135623730953,1.7638508552591773e-08,4.7884061144158e-06,0.011843316698324403,0.0118,5.549056411289221e-06,0.01178407110113915,0.0118,0.3,0.0,0.29520987749384,0.0
3184,6.368,6.37,-4.4196451005615485,4.45398646881687,0.017170684127660873,8.873631569378418,-0.1020978699264119,0.1006544119379213,1,1,-4.4196451005615485,4.45398646881687,-6.002371229995431,6.007113689986294,0.0023712299954317118,12.009484919981725,0.004742459990862536,0.0,0.004742459990862536,0.0,-0.004742459990862536,-0.004742459990862536,0.0,0.0,0.0,0.0,0.0,0.0,9.49441122814969e-06,0.0,5.921485198787337,5.892163664541137,2.0799334476961917e-15,6.670011765130823e-16,0.4029997604833918,0.0,-6.300000000000001,6.300000000000001,0.14142135623730964,0.14142135623730953,1.764036194421321e-08,4.7903227298139735e-06,0.011843027919225936,0.0118,5.547108520831401e-06,0.011784284839825611,0.0118,0.3,0.0,0.2952575400091381,0.0
3189,6.378,6.38,-4.419792845388968,4.453831283916523,0.017019219263777696,8.87362412930549,-0.10208712089095046,0.10065770822144549,1,1,-4.419792845388968,4.453831283916523,-6.002347635862758,6.007042907588273,0.0023476358627574356,12.009390543451032,0.0046952717255155365,0.0,0.0046952717255155365,0.0,-0.0046952717255155365,-0.0046952717255155365,0.0,0.0,0.0,0.0,0.0,0.0,9.399940257975838e-06,0.0,5.921341977884807,5.892269246208305,5.551115123125783e-16,6.097553018058477e-16,0.40299976038749175,0.0,-6.300000000000001,6.300000000000001,0.14142135623730964,0.14142135623730953,1.7642245075441792e-08,4.792240731969501e-06,0.011842741088869865,0.0118,5.545161057973758e-06,0.011784496430239466,0.0118,0.3,0.0,0.29530472827448506,0.0
3194,6.388,6.390000000000001,-4.419939701532544,4.453677844957003,0.01686907171222929,8.873617546489548,-0.10207646198446899,0.10066095591307223,1,1,-4.419939701532544,4.453677844957003,-6.002324276495627,6.006972829486881,0.0023242764956270534,12.009297105982508,0.004648552991253827,0.0,0.004648552991253827,0.0,-0.004648552991253827,-0.004648552991253827,0.0,0.0,0.0,0.0,0.0,0.0,9.306409289661091e-06,0.0,5.921199725366978,5.892373766567616,1.8197249262996706e-15,6.080205783298709e-16,0.4029997602915296,0.0,-6.300000000000001,6.300000000000001,0.14142135623730964,0.14142135623730953,1.7644157779826818e-08,4.794159975938198e-06,0.011842456197278296,0.0118,5.54321426025961e-06,0.011784705893782596,0.0118,0.3,0.0,0.29535144700874677,0.0
3199,6.398000000000001,6.4,-4.420085671610296,4.453526131805267,0.0167202300974858,8.873611803415564,-0.10206589254263237,0.10066415577548574,1,1,-4.420085671610296,4.453526131805267,-6.0023011495580825,6.006903448674247,0.0023011495580824715,12.00920459823233,0.004602299116165049,0.0,0.004602299116165049,0.0,-0.004602299116165049,-0.004602299116165049,0.0,0.0,0.0,0.0,0.0,0.0,9.213808970030676e-06,0.0,5.921058436247492,5.892477236193646,1.6132928326584306e-15,5.499073418846478e-16,0.40299976019551254,0.0,-6.300000000000001,6.300000000000001,0.14142135623730964,0.14142135623730953,1.7646099889700524e-08,4.796080318276897e-06,0.011842173234477562,0.0118,5.541268360740315e-06,0.011784913251646061,0.0118,0.3,0.0,0.2953977008838355,0.0
3204,6.408,6.41,-4.420230758279348,4.453376124568254,0.016572683144453038,8.873606882847602,-0.10205541190434778,0.10066730855850817,1,1,-4.420230758279348,4.453376124568254,-6.002278252737411,6.006834758212235,0.00227825273741189,12.009113010949646,0.004556505474823149,0.0,0.004556505474823149,0.0,-0.004556505474823149,-0.004556505474823149,0.0,0.0,0.0,0.0,0.0,0.0,9.122130038975463e-06,0.0,5.920918105542649,5.892579665556797,5.003864076563724e-16,5.35162192338845e-16,0.40299976009944766,0.0,-6.300000000000001,6.300000000000001,0.14142135623730964,0.14142135623730953,1.7648071236196596e-08,4.7980016170234746e-06,0.011841892190499127,0.0118,5.539323587984146e-06,0.011785118524812186,0.0118,0.3,0.0,0.2954434945251774,0.0
3209,6.418,6.42,-4.42037496423491,4.453227803589885,0.01642641967748748,8.873602767824796,-0.10204501941178556,0.10067041499933663,1,1,-4.42037496423491,4.453227803589885,-6.0022555837439135,6.006766751231739,0.002255583743912659,12.009022334975652,0.0045111674878258335,0.0,0.0045111674878258335,0.0,-0.0045111674878258335,-0.0045111674878258335,0.0,0.0,0.0,0.0,0.0,0.0,9.03136332852595e-06,0.0,5.920778728271844,5.892681065024308,1.3270634591222574e-15,5.152128723651117e-16,0.402999760003342,0.0,-6.300000000000001,6.300000000000001,0.14142135623730964,0.14142135623730953,1.7650071649268547e-08,4.799923731730148e-06,0.01184161305538047,0.0118,5.537380166109607e-06,0.011785321734056537,0.0118,0.3,0.0,0.29548883251217467,0.0
3214,6.428,6.43,-4.420518292209269,4.453081149448121,0.01628142861942594,8.87359944165739,-0.10203471441039502,0.10067347582277092,1,1,-4.420518292209269,4.453081149448121,-6.002233140310668,6.006699420932005,0.0022331403106683467,12.008932561242673,0.004466280621336619,0.0,0.004466280621336619,0.0,-0.004466280621336619,-0.004466280621336619,0.0,0.0,0.0,0.0,0.0,0.0,8.94149976193545e-06,0.0,5.920640299458,5.892781444861264,2.0993474428472603e-15,5.360295540768334e-16,0.4029997599072025,0.0,-6.300000000000001,6.300000000000001,0.14142135623730964,0.14142135623730953,1.7652100957707983e-08,4.801846523443497e-06,0.011841335819165967,0.0118,5.5354383148520375e-06,0.011785522899949996,0.0118,0.3,0.0,0.2955337193786639,0.0
3219,6.438,6.44,-4.420660744970791,4.4529361429520415,0.01613769899062545,8.873596887922833,-0.10202449624892557,0.10067649174144044,1,1,-4.420660744970791,4.4529361429520415,-6.002210920193315,6.006632760579947,0.002210920193316035,12.008843680773262,0.004421840386631451,0.0,0.004421840386631451,0.0,-0.004421840386631451,-0.004421840386631451,0.0,0.0,0.0,0.0,0.0,0.0,8.852530352772418e-06,0.0,5.9205028141280005,5.89288081523159,1.462507415520009e-15,5.464378949326942e-16,0.402999759811036,0.0,-6.300000000000001,6.300000000000001,0.14142135623730964,0.14142135623730953,1.7654158989162754e-08,4.803769854715565e-06,0.011841060471907722,0.0118,5.5334982495725e-06,0.01178572204286072,0.0118,0.3,0.0,0.2955781596133691,0.0
3224,6.448,6.45,-4.4208023253229465,4.452792765138978,0.015995219908015557,8.873595090461924,-0.10201436427943827,0.10067946345602444,1,1,-4.4208023253229465,4.452792765138978,-6.002188921169824,6.006566763509475,0.0021889211698251643,12.008755684679299,0.0043778423396498255,0.0,0.0043778423396498255,0.0,-0.0043778423396498255,-0.0043778423396498255,0.0,0.0,0.0,0.0,0.0,0.0,8.7644462040218e-06,0.0,5.920366267313089,5.892979186199041,5.117434254131581e-16,4.961309141293668e-16,0.40299975971484925,0.0,-6.300000000000001,6.300000000000001,0.14142135623730964,0.14142135623730953,1.7656245570155014e-08,4.805693589603857e-06,0.011840787003666415,0.0118,5.531560181326612e-06,0.011785919182956123,0.0118,0.3,0.0,0.29562215766035066,0.0
3229,6.458,6.46,-4.420943036103346,4.452650997271671,0.01585398058416221,8.873594033375017,-0.10200431785732558,0.10068239165546902,1,1,-4.420943036103346,4.452650997271671,-6.002167141040275,6.006501423120826,0.0021671410402754887,12.0086685641611,0.004334282080550379,0.0,0.004334282080550379,0.0,-0.004334282080550379,-0.004334282080550379,0.0,0.0,0.0,0.0,0.0,0.0,8.67723850719531e-06,0.0,5.920230654049287,5.8930765677281745,5.204170427930421e-16,4.562322741819003e-16,0.40299975961864914,0.0,-6.300000000000001,6.300000000000001,0.14142135623730964,0.14142135623730953,1.7658360526099195e-08,4.8076175936757876e-06,0.011840515404512118,0.0118,5.5296243168756475e-06,0.011786114340204846,0.0118,0.3,0.0,0.29566571791945007,0.0
3234,6.468,6.47,-4.421082880182792,4.452510820835476,0.015713970326342253,8.873593701018269,-0.10199435634132129,0.10068527701720009,1,1,-4.421082880182792,4.452510820835476,-6.002145577626636,6.006436732879906,0.0021455776266350313,12.008582310506542,0.0042911552532709,0.0,0.0042911552532709,0.0,-0.0042911552532709,-0.0042911552532709,0.0,0.0,0.0,0.0,0.0,0.0,8.590898541450594e-06,0.0,5.920095969377791,5.893172969685315,6.487730274881698e-16,4.49293380277993e-16,0.40299975952244216,0.0,-6.300000000000001,6.300000000000001,0.14142135623730964,0.14142135623730953,1.7660503681319864e-08,4.80954173401755e-06,0.01184024566452509,0.0118,5.52769085873539e-06,0.011786307534378676,0.0118,0.3,0.0,0.29570884474672954,0.0
3239,6.478,6.48,-4.421221860464335,4.4523722175356015,0.01557517853563306,8.873594077999936,-0.1019844790935183,0.10068812020733009,1,1,-4.421221860464335,4.4523722175356015,-6.002124228772547,6.006372686317639,0.002124228772546033,12.008496915090186,0.004248457545092724,0.0,0.004248457545092724,0.0,-0.004248457545092724,-0.004248457545092724,0.0,0.0,0.0,0.0,0.0,0.0,8.505417672719131e-06,0.0,5.919962208345361,5.893268401839516,1.2698175844150228e-15,4.917941054394248e-16,0.40299975942623495,0.0,-6.300000000000001,6.300000000000001,0.14142135623730964,0.14142135623730953,1.766267485906948e-08,4.811465879214144e-06,0.011839977773796563,0.0118,5.525760005231639e-06,0.01178649878505448,0.0118,0.3,0.0,0.29575154245490776,0.0
3244,6.488,6.49,-4.421359979882366,4.4522351692943785,0.015437594706006141,8.873595149176744,-0.10197468547937683,0.10069092188086368,1,1,-4.421359979882366,4.4522351692943785,-6.002103092343105,6.006309277029314,0.0021030923431046844,12.008412369372419,0.0042061846862094495,0.0,0.0042061846862094495,0.0,-0.0042061846862094495,-0.0042061846862094495,0.0,0.0,0.0,0.0,0.0,0.0,8.420787352842811e-06,0.0,5.919829366004702,5.893362873863509,1.7676832220203664e-15,4.692427002517263e-16,0.402999759330034,0.0,-6.300000000000001,6.300000000000001,0.14142135623730964,0.14142135623730953,1.7664873881546104e-08,4.813389899367135e-06,0.011839711722429508,0.0118,5.523831950529079e-06,0.0117866881116161,0.0118,0.3,0.0,0.295793815313791,0.0
3249,6.498,6.5,-4.421497241401696,4.452099658248574,0.015301208423438961,8.87359689965027,-0.10196497486774037,0.10069368268189757,1,1,-4.421497241401696,4.452099658248574,-6.002082166224651,6.00624649867395,0.0020821662246497397,12.0083286648986,0.004164332449299962,0.0,0.004164332449299962,0.0,-0.004164332449299962,-0.004164332449299962,0.0,0.0,0.0,0.0,0.0,0.0,8.336999118719122e-06,0.0,5.919697437414836,5.89345639533464,1.4849232954361469e-15,4.822531263215524e-16,0.40299975923384573,0.0,-6.300000000000001,6.300000000000001,0.14142135623730964,0.14142135623730953,1.766710056991098e-08,4.8153136660857685e-06,0.01183944750053938,0.0118,5.521906884664585e-06,0.011786875533256223,0.0118,0.3,0.0,0.2958356675507005,0.0
3254,6.508,6.51,-4.421633648016673,4.451965666746737,0.015166009365032096,8.87359931476341,-0.10195534663084288,0.10069640324381596,1,1,-4.421633648016673,4.451965666746737,-6.002061448324553,6.006184344973659,0.002061448324552906,12.008245793298212,0.004122896649105693,0.0,0.004122896649105693,0.0,-0.004122896649105693,-0.004122896649105693,0.0,0.0,0.0,0.0,0.0,0.0,8.254044591454826e-06,0.0,5.9195664176414695,5.893548975735792,3.520573860649884e-16,5.473052566706826e-16,0.4029997591376765,0.0,-6.300000000000001,6.300000000000001,0.14142135623730964,0.14142135623730953,1.766935474430605e-08,4.8172370525003e-06,0.01183918509825487,0.0118,5.519984993607174e-06,0.011787061068978262,0.0118,0.3,0.0,0.29587710335089484,0.0
3259,6.518,6.5200000000000005,-4.421769202750295,4.4518331773465745,0.015031987298139704,8.87360238009687,-0.10194580014432131,0.1006990841894835,1,1,-4.421769202750295,4.4518331773465745,-6.002040936571007,6.006122809713018,0.0020409365710056804,12.008163746284024,0.004081873142012094,0.0,0.004081873142012094,0.0,-0.004081873142012094,-0.004081873142012094,0.0,0.0,0.0,0.0,0.0,0.0,8.171915475528072e-06,0.0,5.919436301757352,5.893640624456317,7.389922007661198e-16,5.663872149064275e-16,0.4029997590415325,0.0,-6.300000000000001,6.300000000000001,0.14142135623730964,0.14142135623730953,1.7671636223871408e-08,4.819159933239789e-06,0.011838924505718594,0.0118,5.518066459280213e-06,0.011787244737598186,0.0118,0.3,0.0,0.29591812685798846,0.0
3264,6.5280000000000005,6.53,-4.4219039086533485,4.45170217281237,0.014899132079510657,8.873606081465718,-0.10193633478722375,0.10070172613143441,1,1,-4.4219039086533485,4.45170217281237,-6.002020628912818,6.006061886738451,0.0020206289128168464,12.00808251565127,0.004041257825634268,0.0,0.004041257825634268,0.0,-0.004041257825634268,-0.004041257825634268,0.0,0.0,0.0,0.0,0.0,0.0,8.09060355795882e-06,0.0,5.919307084842625,5.893731350792948,1.6467811272610766e-15,5.750608322863116e-16,0.40299975894542,0.0,-6.300000000000001,6.300000000000001,0.14142135623730964,0.14142135623730953,1.7673944826762647e-08,4.8210821844587345e-06,0.011838665713087828,0.0118,5.516151459648011e-06,0.011787426557746356,0.0118,0.3,0.0,0.2959587421743663,0.0
3269,6.538,6.54,-4.422037768803554,4.451572636112429,0.014767433654437667,8.873610404915983,-0.10192694994201668,0.10070432967205667,1,1,-4.422037768803554,4.451572636112429,-6.002000523319203,6.00600156995761,0.002000523319203751,12.008002093276813,0.0040010466384067305,0.0,0.0040010466384067305,0.0,-0.0040010466384067305,-0.0040010466384067305,0.0,0.0,0.0,0.0,0.0,0.0,8.010100707487557e-06,0.0,5.919178761985164,5.89382116395069,2.0149490799828418e-15,5.611830444784971e-16,0.4029997588493451,0.0,-6.300000000000001,6.300000000000001,0.14142135623730964,0.14142135623730953,1.7676280370168144e-08,4.8230036837971225e-06,0.011838408710535172,0.0118,5.514240168680296e-06,0.011787606547869344,0.0118,0.3,0.0,0.2959989533615938,0.0
3274,6.548,6.55,-4.422170786304726,4.451444550416562,0.014636882055917955,8.873615336721286,-0.10191764499459521,0.10070689540377348,1,1,-4.422170786304726,4.451444550416562,-6.001980617779588,6.005941853338766,0.0019806177795889113,12.007922471118354,0.003961235559177253,0.0,0.003961235559177253,0.0,-0.003961235559177253,-0.003961235559177253,0.0,0.0,0.0,0.0,0.0,0.0,7.930398873762152e-06,0.0,5.919051328280916,5.893910073043727,1.474514954580286e-15,5.403663627667754e-16,0.4029997587533138,0.0,-6.300000000000001,6.300000000000001,0.14142135623730964,0.14142135623730953,1.7678642670326304e-08,4.824924310418163e-06,0.011838153488249245,0.0118,5.512332756474336e-06,0.011787784726231692,0.0118,0.3,0.0,0.2960387644408233,0.0
3279,6.558,6.5600000000000005,-4.422302964285949,4.451317899093596,0.014507467403823693,8.873620863379546,-0.10190841933428854,0.10070942390922183,1,1,-4.422302964285949,4.451317899093596,-6.001960910303403,6.005882730910207,0.0019609103034019526,12.00784364121361,0.003921820606804732,0.0,0.003921820606804732,0.0,-0.003921820606804732,-0.003921820606804732,0.0,0.0,0.0,0.0,0.0,0.0,7.851490086532808e-06,0.0,5.918924778834222,5.893998087096296,1.232649778689504e-15,4.935288289154016e-16,0.4029997586573321,0.0,-6.300000000000001,6.300000000000001,0.14142135623730964,0.14142135623730953,1.76810315425427e-08,4.826843944990528e-06,0.011837900036435317,0.0118,5.5104293892571655e-06,0.01178796111091771,0.0118,0.3,0.0,0.29607817939319575,0.0
3284,6.5680000000000005,6.57,-4.422434305900763,4.451192665708927,0.014379179904081774,8.87362697160969,-0.1018992723538649,0.10071191576142599,1,1,-4.422434305900763,4.451192665708927,-6.001941398919881,6.005824196759642,0.0019413989198806547,12.007765595679523,0.003882797839761086,0.0,0.003882797839761086,0.0,-0.003882797839761086,-0.003882797839761086,0.0,0.0,0.0,0.0,0.0,0.0,7.773366454855049e-06,0.0,5.918799108758146,5.894085215043571,8.761437755855361e-16,5.538104697055957e-16,0.40299975856140596,0.0,-6.300000000000001,6.300000000000001,0.14142135623730964,0.14142135623730953,1.7683446801207155e-08,4.8287624696750314e-06,0.011837648345315968,0.0118,5.508530229445529e-06,0.011788135719833242,0.0118,0.3,0.0,0.29611720216023946,0.0
3289,6.578,6.58,-4.422564814326363,4.451068834022091,0.014252009847863789,8.873633648348454,-0.10189020344953961,0.10071437152396973,1,1,-4.422564814326363,4.451068834022091,-6.0019220816778684,6.005766245033605,0.001922081677868448,12.007688326711474,0.0038441633557370924,0.0,0.0038441633557370924,0.0,-0.0038441633557370924,-0.0038441633557370924,0.0,0.0,0.0,0.0,0.0,0.0,7.696020166300601e-06,0.0,5.918674313174776,5.894171465732528,5.135425233931262e-16,5.295243410419204e-16,0.4029997584655411,0.0,-6.300000000000001,6.300000000000001,0.14142135623730964,0.14142135623730953,1.7685888259810784e-08,4.830679768140173e-06,0.01183739840513172,0.0118,5.5066354356614335e-06,0.011788308570707376,0.0118,0.3,0.0,0.2961558366442634,0.0
3294,6.588,6.59,-4.42269449276281,4.450946387984378,0.014125947610784007,8.873640880747189,-0.10188121202097875,0.10071679175116297,1,1,-4.42269449276281,4.450946387984378,-6.001902956645626,6.005708869936878,0.0019029566456261193,12.007611826582504,0.003805913291252152,0.0,0.003805913291252152,0.0,-0.003805913291252152,-0.003805913291252152,0.0,0.0,0.0,0.0,0.0,0.0,7.619443486176154e-06,0.0,5.918550387215544,5.894256847922812,1.970645868709653e-15,5.238864897449957e-16,0.4029997583697433,0.0,-6.300000000000001,6.300000000000001,0.14142135623730964,0.14142135623730953,1.7688355730962967e-08,4.832595725551029e-06,0.011837150206141659,0.0118,5.504745162818736e-06,0.011788479681094196,0.0118,0.3,0.0,0.29619408670874836,0.0
3299,6.598,6.6000000000000005,-4.422823344432259,4.450825311736477,0.01400098365210889,8.873648656168736,-0.10187229747130239,0.10071917698820654,1,1,-4.422823344432259,4.450825311736477,-6.001884021910635,6.005652065731902,0.0018840219106337486,12.007536087642537,0.003768043821267942,0.0,0.003768043821267942,0.0,-0.003768043821267942,-0.003768043821267942,0.0,0.0,0.0,0.0,0.0,0.0,7.543628756749882e-06,0.0,5.9184273260215114,5.894341370287577,1.1219798419330462e-15,5.559788740505667e-16,0.4029997582740182,0.0,-6.300000000000001,6.300000000000001,0.14142135623730964,0.14142135623730953,1.7690849026408248e-08,4.834510228555939e-06,0.011836903738624,0.0118,5.5028595621364756e-06,0.011788649068374478,0.0118,0.3,0.0,0.2962319561787326,0.0
3304,6.6080000000000005,6.61,-4.422951372578191,4.450705589606141,0.013877108513975056,8.87365696218433,-0.10186345920708939,0.10072152777135412,1,1,-4.422951372578191,4.450705589606141,-6.001865275579402,6.005595826738209,0.0018652755794033027,12.007461102317611,0.003730551158805906,0.0,0.003730551158805906,0.0,-0.003730551158805906,-0.003730551158805906,0.0,0.0,0.0,0.0,0.0,0.0,7.468568396485664e-06,0.0,5.918305124743677,5.894425041414337,5.811323644522304e-16,5.772292366312826e-16,0.4029997581783714,0.0,-6.300000000000001,6.300000000000001,0.14142135623730964,0.14142135623730953,1.7693367957043233e-08,4.8364231653042644e-06,0.011836658992876718,0.0118,5.500978781198818e-06,0.011788816749757361,0.0118,0.3,0.0,0.29626944884119466,0.0
3309,6.618,6.62,-4.4230785804646695,4.450587206105892,0.013754312820611236,8.873665786570562,-0.10185469663837876,0.10072384462806991,1,1,-4.4230785804646695,4.450587206105892,-6.001846715777284,6.005540147331852,0.0018467157772841247,12.007386863109136,0.0036934315545685535,0.0,0.0036934315545685535,0.0,-0.0036934315545685535,-0.0036934315545685535,0.0,0.0,0.0,0.0,0.0,0.0,7.394254899284923e-06,0.0,5.918183778543245,5.894507869805796,9.870576578308032e-16,5.815660453212246e-16,0.40299975808280847,0.0,-6.300000000000001,6.300000000000001,0.14142135623730964,0.14142135623730953,1.7695912332933368e-08,4.838334425426403e-06,0.0118364159592181,0.0118,5.4991029639794855e-06,0.011788982742282055,0.0118,0.3,0.0,0.296306568445432,0.0
3314,6.628,6.63,-4.423204971375596,4.450470145930756,0.013632587277579766,8.873675117306352,-0.10184600917867367,0.10072612807718456,1,1,-4.423204971375596,4.450470145930756,-6.001828340648282,6.005485021944847,0.0018283406482826337,12.007313362593129,0.0036566812965645274,0.0,0.0036566812965645274,0.0,-0.0036566812965645274,-0.0036566812965645274,0.0,0.0,0.0,0.0,0.0,0.0,7.320680833736009e-06,0.0,5.918063282591919,5.894589863880684,1.304512053934559e-15,6.4791921827733745e-16,0.4029997579873348,0.0,-6.300000000000001,6.300000000000001,0.14142135623730964,0.14142135623730953,1.7698481963329736e-08,4.840243900036012e-06,0.011836174627987308,0.0118,5.497232250912809e-06,0.011789147062819468,0.0118,0.3,0.0,0.2963433187034361,0.0
3319,6.638,6.640000000000001,-4.423330548613986,4.450354393956018,0.013511922671015864,8.873684942570005,-0.10183739624494134,0.1007283786290468,1,1,-4.423330548613986,4.450354393956018,-6.001810148354869,6.005430445064606,0.0018101483548687014,12.007240593419475,0.003620296709737403,0.0,0.003620296709737403,0.0,-0.003620296709737403,-0.003620296709737403,0.0,0.0,0.0,0.0,0.0,0.0,7.247838842371057e-06,0.0,5.917943632072166,5.8946710319745605,3.0704605524789486e-16,6.661338147750939e-16,0.4029997578919558,0.0,-6.300000000000001,6.300000000000001,0.14142135623730964,0.14142135623730953,1.7701076656685753e-08,4.842151481721126e-06,0.011835934989544928,0.0118,5.4953667789203745e-06,0.011789309728073863,0.0118,0.3,0.0,0.29637970329026325,0.0
3324,6.648000000000001,6.65,-4.423455315501255,4.450239935235018,0.013392309866881558,8.873695250736272,-0.10182885725761592,0.10073059678567226,1,1,-4.423455315501255,4.450239935235018,-6.001792137077799,6.005376411233397,0.0017921370777989054,12.007168548311196,0.003584274155598176,0.0,0.003584274155598176,0.0,-0.003584274155598176,-0.003584274155598176,0.0,0.0,0.0,0.0,0.0,0.0,7.175721640930227e-06,0.0,5.917824822177487,5.894751382340644,1.5397331033870781e-15,5.872038966181492e-16,0.4029997577966767,0.0,-6.300000000000001,6.300000000000001,0.14142135623730964,0.14142135623730953,1.7703696220673864e-08,4.844057064539716e-06,0.011835697034273505,0.0118,5.493506681468751e-06,0.011789470754584485,0.0118,0.3,0.0,0.2964157258444024,0.0
3329,6.658,6.66,-4.423579275376515,4.450126754996965,0.013273739810225393,8.87370603037348,-0.10182039164059659,0.10073278304089134,1,1,-4.423579275376515,4.450126754996965,-6.001774305015931,6.005322915047793,0.0017743050159308993,12.007097220063724,0.0035486100318614135,0.0,0.0035486100318614135,0.0,-0.0035486100318614135,-0.0035486100318614135,0.0,0.0,0.0,0.0,0.0,0.0,7.104322017633279e-06,0.0,5.917706848112678,5.894830923150598,9.43689570931383e-16,5.585809592645319e-16,0.4029997577015028,0.0,-6.300000000000001,6.300000000000001,0.14142135623730964,0.14142135623730953,1.7706340462202178e-08,4.845960544030792e-06,0.01183546075257807,0.0118,5.4916520885783805e-06,0.011789630158727154,0.0118,0.3,0.0,0.29645138996813913,0.0
3334,6.668,6.67,-4.423702431595881,4.45001483864479,0.013156203524454568,8.873717270240672,-0.10181199882124958,0.10073493788049212,1,1,-4.423702431595881,4.45001483864479,-6.001756650386043,6.005269951158128,0.0017566503860422245,12.00702660154417,0.0035133007720850222,0.0,0.0035133007720850222,0.0,-0.0035133007720850222,-0.0035133007720850222,0.0,0.0,0.0,0.0,0.0,0.0,7.033632832458382e-06,0.0,5.9175897050940724,5.894909662495338,8.048811996671373e-16,5.178149575790769e-16,0.4029997576064392,0.0,-6.300000000000001,6.300000000000001,0.14142135623730964,0.14142135623730953,1.7709009187431056e-08,4.847861817178874e-06,0.011835226134886636,0.0118,5.489803126925708e-06,0.011789787956715873,0.0118,0.3,0.0,0.2964866992279155,0.0
3339,6.678,6.68,-4.423824787531794,4.449904171753015,0.01303969211061018,8.873728959284808,-0.10180367823040631,0.10073706178236178,1,1,-4.423824787531794,4.449904171753015,-6.001739171422656,6.0052175142679705,0.0017391714226571153,12.006956685690627,0.0034783428453136,0.0,0.0034783428453136,0.0,-0.0034783428453136,-0.0034783428453136,0.0,0.0,0.0,0.0,0.0,0.0,6.963647016428111e-06,0.0,5.917473388349803,5.894987608385817,6.852157730108388e-16,4.796510411075872e-16,0.40299975751149103,0.0,-6.300000000000001,6.300000000000001,0.14142135623730964,0.14142135623730953,1.7711702201789692e-08,4.849760782438418e-06,0.011834993171650713,0.0118,5.487959919845409e-06,0.011789944164604408,0.0118,0.3,0.0,0.29652165715468687,0.0
3344,6.688,6.69,-4.423946346572353,4.449794740065656,0.01292419674665135,8.87374108663801,-0.10179542930236221,0.1007391552166248,1,1,-4.423946346572353,4.449794740065656,-6.001721866377863,6.005165599133588,0.0017218663778626464,12.00688746551145,0.0034437327557253383,0.0,0.0034437327557253383,0.0,-0.0034437327557253383,-0.0034437327557253383,0.0,0.0,0.0,0.0,0.0,0.0,6.894357570902542e-06,0.0,5.9173578931200375,5.895064768753797,9.900358256733494e-16,4.896257010944538e-16,0.4029997574166632,0.0,-6.300000000000001,6.300000000000001,0.14142135623730964,0.14142135623730953,1.7714419309992622e-08,4.851657339709393e-06,0.011834761853345782,0.0118,5.4861225873859e-06,0.011790098798287832,0.0118,0.3,0.0,0.29655626724427514,0.0
3349,6.698,6.7,-4.424067112120652,4.449686529494155,0.012809708686751353,8.873753641614808,-0.10178725147487633,0.10074121864577734,1,1,-4.424067112120652,4.449686529494155,-6.001704733521142,6.0051142005634235,0.0017047335211408665,12.006818934084565,0.003409467042282436,0.0,0.003409467042282436,0.0,-0.003409467042282436,-0.003409467042282436,0.0,0.0,0.0,0.0,0.0,0.0,6.825757566879381e-06,0.0,5.917243214657212,5.895141151452635,1.9272777818102327e-15,4.809520837145698e-16,0.40299975732196075,0.0,-6.300000000000001,6.300000000000001,0.14142135623730964,0.14142135623730953,1.7717160316056236e-08,4.853551390335055e-06,0.01183453217047177,0.0118,5.4842912463448635e-06,0.011790251873504102,0.0118,0.3,0.0,0.29659053295771803,0.0
3354,6.708,6.71,-4.42418708759414,4.449579526115335,0.012696219260597719,8.873766613709474,-0.10177914418916689,0.1007432525248228,1,1,-4.42418708759414,4.449579526115335,-6.001687771139192,6.005063313417578,0.0016877711391929395,12.00675108455677,0.003375542278384994,0.0,0.003375542278384994,0.0,-0.003375542278384994,-0.003375542278384994,0.0,0.0,0.0,0.0,0.0,0.0,6.757840144301057e-06,0.0,5.917129348226261,5.895216764258035,2.271403551357132e-16,5.026361271642799e-16,0.40299975722738846,0.0,-6.300000000000001,6.300000000000001,0.14142135623730964,0.14142135623730953,1.7719925023315226e-08,4.855442837104177e-06,0.011834304113553516,0.0118,5.482466010340304e-06,0.011790403405835571,0.0118,0.3,0.0,0.2966244577216155,0.0
3359,6.718,6.72,-4.424306276423983,4.449473716169383,0.012583719872699906,8.873779992593366,-0.10177110688991076,0.10074525730140033,1,1,-4.424306276423983,4.449473716169383,-6.001670977535764,6.0050129326072925,0.0016709775357641732,12.006683910143057,0.003341955071528351,0.0,0.003341955071528351,0.0,-0.003341955071528351,-0.003341955071528351,0.0,0.0,0.0,0.0,0.0,0.0,6.690598511368715e-06,0.0,5.917016289104848,5.895291614868818,1.889113865338743e-15,5.043708506402567e-16,0.40299975713295116,0.0,-6.300000000000001,6.300000000000001,0.14142135623730964,0.14142135623730953,1.772271323443903e-08,4.857331584235495e-06,0.011834077673141215,0.0118,5.480646989830529e-06,0.011790553410710508,0.0118,0.3,0.0,0.29665804492847214,0.0
3364,6.728,6.73,-4.424424682054438,4.449369086057852,0.012472202001707178,8.87379376811229,-0.10176313902523909,0.10074723341591457,1,1,-4.424424682054438,4.449369086057852,-6.001654351031482,6.004963053094445,0.0016543510314814824,12.006617404125928,0.003308702062963833,0.0,0.003308702062963833,0.0,-0.003308702062963833,-0.003308702062963833,0.0,0.0,0.0,0.0,0.0,0.0,6.6240259438630285e-06,0.0,5.916904032583576,5.895365710907662,2.555667808455675e-16,5.35162192338845e-16,0.4029997570386536,0.0,-6.300000000000001,6.300000000000001,0.14142135623730964,0.14142135623730953,1.772552475144825e-08,4.859217537379935e-06,0.011833852839810859,0.0118,5.47883429214302e-06,0.011790701903404598,0.0118,0.3,0.0,0.2966912979370367,0.0
3369,6.738,6.74,-4.4245423079422395,4.449265622341705,0.0123616571997327,8.873807930283945,-0.10175524004673378,0.10074918130165977,1,1,-4.4245423079422395,4.449265622341705,-6.001637889963682,6.004913669891044,0.0016378899636810829,12.006551559854726,0.0032757799273628726,0.0,0.0032757799273628726,0.0,-0.0032757799273628726,-0.0032757799273628726,0.0,0.0,0.0,0.0,0.0,0.0,6.558115784471767e-06,0.0,5.916792573966198,5.895439059921848,6.964033841781736e-16,5.403663627667754e-16,0.40299975694450035,0.0,-6.300000000000001,6.300000000000001,0.14142135623730964,0.14142135623730953,1.7728359375730994e-08,4.861100603593967e-06,0.011833629604164666,0.0118,5.477028021576569e-06,0.011790848899042456,0.0118,0.3,0.0,0.29672422007263766,0.0
3374,6.748,6.75,-4.424659157555997,4.449163311739363,0.012252077091682967,8.873822469295359,-0.10174740940942409,0.10075110138494464,1,1,-4.424659157555997,4.449163311739363,-6.001621592686242,6.004864778058727,0.0016215926862424013,12.00648637074497,0.003243185372484474,0.0,0.003243185372484474,0.0,-0.003243185372484474,-0.003243185372484474,0.0,0.0,0.0,0.0,0.0,0.0,6.492861442124068e-06,0.0,5.916681908569837,5.895511669383998,1.7728873924482969e-15,5.039371697712625e-16,0.402999756850496,0.0,-6.300000000000001,6.300000000000001,0.14142135623730964,0.14142135623730953,1.773121690805927e-08,4.862980691361809e-06,0.011833407956831502,0.0118,5.475228279376854e-06,0.011790994412599072,0.0118,0.3,0.0,0.296756814627516,0.0
3379,6.758,6.76,-4.424775234375599,4.449062141124798,0.012143453374599211,8.873837375500397,-0.10173964657178056,0.1007529940852124,1,1,-4.424775234375599,4.449062141124798,-6.001605457569423,6.004816372708269,0.0016054575694228745,12.006421830277691,0.0032109151388459867,0.0,0.0032109151388459867,0.0,-0.0032109151388459867,-0.0032109151388459867,0.0,0.0,0.0,0.0,0.0,0.0,6.428256391331318e-06,0.0,5.916572031725177,5.895583546692806,6.591949208711867e-16,5.152128723651117e-16,0.4029997567566451,0.0,-6.300000000000001,6.300000000000001,0.14142135623730964,0.14142135623730953,1.773409714860531e-08,4.864857710570999e-06,0.011833187888467277,0.0118,5.473435163823037e-06,0.011791138458901281,0.0118,0.3,0.0,0.2967890848611545,0.0
3384,6.768,6.7700000000000005,-4.424890541891633,4.448962097525635,0.012035777817001048,8.873852639417269,-0.10173195099571306,0.1007548598151603,1,1,-4.424890541891633,4.448962097525635,-6.001589482999698,6.004768448999096,0.0015894829996989657,12.006357931998794,0.003178965999397156,0.0,0.003178965999397156,0.0,-0.003178965999397156,-0.003178965999397156,0.0,0.0,0.0,0.0,0.0,0.0,6.3642941715345976e-06,0.0,5.916462938776659,5.89565469917375,1.1518563880486e-15,5.568462357885551e-16,0.40299975666295207,0.0,-6.300000000000001,6.300000000000001,0.14142135623730964,0.14142135623730953,1.7736999896957848e-08,4.866731572503519e-06,0.01183296938975534,0.0118,5.471648770254411e-06,0.011791281052629218,0.0118,0.3,0.0,0.2968210340006034,0.0
3389,6.7780000000000005,6.78,-4.425005083604812,4.44886316812129,0.011929042258238987,8.873868251726101,-0.10172432214656163,0.10075669898085574,1,1,-4.425005083604812,4.44886316812129,-6.001573667379599,6.004721002138796,0.001573667379598298,12.006294669518395,0.003147334759197412,0.0,0.003147334759197412,0.0,-0.003147334759197412,-0.003147334759197412,0.0,0.0,0.0,0.0,0.0,0.0,6.300968386458627e-06,0.0,5.916354625082683,5.895725134079816,5.274033705419956e-16,5.937091096530622e-16,0.4029997565694213,0.0,-6.300000000000001,6.300000000000001,0.14142135623730964,0.14142135623730953,1.773992495213846e-08,4.868602189831348e-06,0.011832752451406877,0.0118,5.469869191125909e-06,0.011791422208317736,0.0118,0.3,0.0,0.29685266524080317,0.0
3394,6.788,6.79,-4.425118863025407,4.448765340241116,0.011823238607854503,8.873884203266524,-0.10171675949309386,0.10075851198185021,1,1,-4.425118863025407,4.448765340241116,-6.001558009127549,6.004674027382644,0.001558009127547777,12.006232036510193,0.003116018255096376,0.0,0.003116018255096376,0.0,-0.003116018255096376,-0.003116018255096376,0.0,0.0,0.0,0.0,0.0,0.0,6.2382727034721275e-06,0.0,5.9162470860157805,5.8957948585922,8.881784197001252e-16,5.997806418189811e-16,0.402999756476057,0.0,-6.300000000000001,6.300000000000001,0.14142135623730964,0.14142135623730953,1.774287211261778e-08,4.87046947661869e-06,0.011832537064161267,0.0118,5.4680965160303075e-06,0.011791561940357829,0.0118,0.3,0.0,0.2968839817449042,0.0
3399,6.798,6.8,-4.425231883672702,4.4486686013625985,0.011718358844948096,8.8739004850353,-0.10170926250749807,0.10076029921129381,1,1,-4.425231883672702,4.4486686013625985,-6.001542506677709,6.004627520033126,0.0015425066777083885,12.006170026710835,0.0030850133554175397,0.0,0.0030850133554175397,0.0,-0.0030850133554175397,-0.0030850133554175397,0.0,0.0,0.0,0.0,0.0,0.0,6.176200852954553e-06,0.0,5.916140316962805,5.895863879821018,1.2177758801357186e-15,6.518223460982853e-16,0.4029997563828635,0.0,-6.300000000000001,6.300000000000001,0.14142135623730964,0.14142135623730953,1.774584117633178e-08,4.8723333483042e-06,0.011832323218786462,0.0118,5.466330831753741e-06,0.011791700262998049,0.0118,0.3,0.0,0.2969149866445831,0.0
3404,6.808,6.8100000000000005,-4.425344149074442,4.448572939109543,0.011614395017550905,8.873917088183985,-0.10170183066537455,0.10076206105604113,1,1,-4.425344149074442,4.448572939109543,-6.001527158479822,6.004581475439467,0.0015271584798224325,12.00610863391929,0.0030543169596450987,0.0,0.0030543169596450987,0.0,-0.0030543169596450987,-0.0030543169596450987,0.0,0.0,0.0,0.0,0.0,0.0,6.114746627669126e-06,0.0,5.916034313325104,5.895932204805986,9.349583553110857e-16,6.223320470066795e-16,0.40299975628984486,0.0,-6.300000000000001,6.300000000000001,0.14142135623730964,0.14142135623730953,1.7748831940697988e-08,4.874193721685452e-06,0.011832110906079335,0.0118,5.464572222335651e-06,0.011791837190345881,0.0118,0.3,0.0,0.2969456830403555,0.0
3409,6.8180000000000005,6.82,-4.425455662766306,4.448478341250315,0.011511339242004315,8.873934004016622,-0.10169446344573188,0.10076379789676432,1,1,-4.425455662766306,4.448478341250315,-6.001511962999056,6.004535888997171,0.0015119629990572037,12.006047851996227,0.0030239259981138943,0.0,0.0030239259981138943,0.0,-0.0030239259981138943,-0.0030239259981138943,0.0,0.0,0.0,0.0,0.0,0.0,6.053903882142104e-06,0.0,5.915929070518695,5.895999840517116,2.1840168562548e-15,5.971785566050158e-16,0.4029997561970053,0.0,-6.300000000000001,6.300000000000001,0.14142135623730964,0.14142135623730953,1.775184420263169e-08,4.876050514936694e-06,0.011831900116866016,0.0118,5.462820769066567e-06,0.011791972736369125,0.0118,0.3,0.0,0.2969760740018867,0.0
3414,6.828,6.83,-4.425566428291378,4.448384795696074,0.011409183702348002,8.873951223987453,-0.1016871603309788,0.1007655101080554,1,1,-4.425566428291378,4.448384795696074,-6.001496918715851,6.004490756147554,0.0014969187158513364,12.005987674863405,0.0029938374317024477,0.0,0.0029938374317024477,0.0,-0.0029938374317024477,-0.0029938374317024477,0.0,0.0,0.0,0.0,0.0,0.0,5.9936665320482335e-06,0.0,5.915824583974421,5.896066793855406,1.0276068190817611e-15,5.520757462296189e-16,0.40299975610434874,0.0,-6.300000000000001,6.300000000000001,0.14142135623730964,0.14142135623730953,1.7754877758562146e-08,4.877903647566666e-06,0.011831690842002243,0.0118,5.461076550570265e-06,0.011792106914897259,0.0118,0.3,0.0,0.2970061625682981,0.0
3419,6.838,6.84,-4.425676449199637,4.448292290499059,0.01130792064971109,8.873968739698697,-0.10167992080691468,0.10076719805853326,1,1,-4.425676449199637,4.448292290499059,-6.001482024125765,6.004446072377294,0.0014820241257647027,12.005928096503059,0.002964048251529045,0.0,0.002964048251529045,0.0,-0.002964048251529045,-0.002964048251529045,0.0,0.0,0.0,0.0,0.0,0.0,5.934028553602306e-06,0.0,5.915720849138129,5.896133071653489,1.5428942303462312e-15,5.277896175659436e-16,0.40299975601187915,0.0,-6.300000000000001,6.300000000000001,0.14142135623730964,0.14142135623730953,1.7757932404448757e-08,4.879753040440795e-06,0.01183148307237368,0.0118,5.459339642823746e-06,0.011792239739622803,0.0118,0.3,0.0,0.29703595174847147,0.0
3424,6.848,6.8500000000000005,-4.425785729047444,4.44820081385087,0.011207542401713066,8.873986542898315,-0.10167274436272397,0.10076886211094288,1,1,-4.425785729047444,4.44820081385087,-6.001467277739325,6.004401833217976,0.0014672777393256453,12.0058691109573,0.0029345554786508435,0.0,0.0029345554786508435,0.0,-0.0029345554786508435,-0.0029345554786508435,0.0,0.0,0.0,0.0,0.0,0.0,5.87498398295678e-06,0.0,5.915617861470808,5.896198680676326,8.364348710182545e-16,4.96564594998361e-16,0.40299975591960047,0.0,-6.300000000000001,6.300000000000001,0.14142135623730964,0.14142135623730953,1.776100793579721e-08,4.881598615752344e-06,0.011831276798896223,0.0118,5.457610119214973e-06,0.011792371224102635,0.0118,0.3,0.0,0.29706544452134964,0.0
3429,6.8580000000000005,6.86,-4.425894271397054,4.448110354080789,0.011108041341867825,8.874004625477843,-0.1016656304909673,0.10077050262225856,1,1,-4.425894271397054,4.448110354080789,-6.0014526780818835,6.004358034245649,0.0014526780818826524,12.005810712327532,0.0029053561637659778,0.0,0.0029053561637659778,0.0,-0.0029053561637659778,-0.0029053561637659778,0.0,0.0,0.0,0.0,0.0,0.0,5.816526915605385e-06,0.0,5.915515616448759,5.896263627621857,2.445960101127298e-16,5.620504062164855e-16,0.40299975582751646,0.0,-6.300000000000001,6.300000000000001,0.14142135623730964,0.14142135623730953,1.7764104147675658e-08,4.883440297026837e-06,0.011831072012516333,0.0118,5.455888050562852e-06,0.01179250138175934,0.0118,0.3,0.0,0.2970946438362346,0.0
3434,6.868,6.87,-4.42600207981612,4.448020899654115,0.01100940991899746,8.874022979470237,-0.10165857868757261,0.10077211994378082,1,1,-4.42600207981612,4.448020899654115,-6.001438223693459,6.004314671080378,0.0014382236934595838,12.005752894773837,0.0028764473869186268,0.0,0.0028764473869186268,0.0,-0.0028764473869186268,-0.0028764473869186268,0.0,0.0,0.0,0.0,0.0,0.0,5.758651505792672e-06,0.0,5.915414109563731,5.8963279191216476,1.2836953722228372e-15,5.694229809893869e-16,0.4029997557356309,0.0,-6.300000000000001,6.300000000000001,0.14142135623730964,0.14142135623730953,1.7767220834730813e-08,4.88527800911097e-06,0.011830868704211295,0.0118,5.454173505172744e-06,0.011792630225882493,0.0118,0.3,0.0,0.29712355261308193,0.0
3439,6.878,6.88,-4.4261091578772245,4.4479324391705175,0.010911640646646514,8.874041597047743,-0.10165158845182626,0.1007737144212327,1,1,-4.4261091578772245,4.4479324391705175,-6.001423913128603,6.0042717393858105,0.0014239131286037932,12.005695652514413,0.0028478262572070156,0.0,0.0028478262572070156,0.0,-0.0028478262572070156,-0.0028478262572070156,0.0,0.0,0.0,0.0,0.0,0.0,5.701351965929432e-06,0.0,5.9153133363230666,5.896391561741559,1.052977149917922e-15,5.950101522600448e-16,0.4029997556439475,0.0,-6.300000000000001,6.300000000000001,0.14142135623730964,0.14142135623730953,1.77703577912041e-08,4.887111678152615e-06,0.01183066686498954,0.0118,5.452466548883095e-06,0.011792757769629998,0.0118,0.3,0.0,0.29715217374279357,0.0
3444,6.888,6.890000000000001,-4.426215509157397,4.447844961362419,0.010814726102510885,8.874060470519815,-0.10164465928636499,0.10077528639485675,1,1,-4.426215509157397,4.447844961362419,-6.001409744956247,6.004229234868742,0.0014097449562475717,12.005638979824989,0.002819489912494321,0.0,0.002819489912494321,0.0,-0.002819489912494321,-0.002819489912494321,0.0,0.0,0.0,0.0,0.0,0.0,5.644622566013926e-06,0.0,5.915213292249849,5.89645456198237,5.425008857938562e-16,6.210310043996969e-16,0.4029997555524699,0.0,-6.300000000000001,6.300000000000001,0.14142135623730964,0.14142135623730953,1.777351481094773e-08,4.888941231605274e-06,0.011830466485890912,0.0118,5.45076724508986e-06,0.011792884026029338,0.0118,0.3,0.0,0.2971805100875063,0.0
3449,6.898000000000001,6.9,-4.426321137237666,4.447758455093391,0.010718658927862279,8.874079592331057,-0.10163779069716453,0.10077683619950553,1,1,-4.426321137237666,4.447758455093391,-6.001395717759561,6.004187153278684,0.0013957177595615988,12.005582871038245,0.0027914355191224587,0.0,0.0027914355191224587,0.0,-0.0027914355191224587,-0.0027914355191224587,0.0,0.0,0.0,0.0,0.0,0.0,5.588457633058889e-06,0.0,5.915113972883025,5.896516926280419,8.014422459012849e-16,6.487865800153259e-16,0.40299975546120165,0.0,-6.300000000000001,6.300000000000001,0.14142135623730964,0.14142135623730953,1.7776691687440788e-08,4.890766598214743e-06,0.011830267557986943,0.0118,5.449075654777591e-06,0.011793009007978871,0.0118,0.3,0.0,0.2972085644808782,0.0
3454,6.908,6.91,-4.426426045702595,4.447672909356572,0.01062343182698866,8.874098955059168,-0.10163098219353184,0.10077836416473501,1,1,-4.426426045702595,4.447672909356572,-6.001381830135814,6.004145490407443,0.0013818301358146101,12.005527320543257,0.0027636602716287133,0.0,0.0027636602716287133,0.0,-0.0027636602716287133,-0.0027636602716287133,0.0,0.0,0.0,0.0,0.0,0.0,5.5328515505242226e-06,0.0,5.915015373777543,5.896578661008238,1.0263396577926687e-15,6.587612400021925e-16,0.40299975537014626,0.0,-6.300000000000001,6.300000000000001,0.14142135623730964,0.14142135623730953,1.7779888213805322e-08,4.892587708001359e-06,0.011830070072381106,0.0118,5.44739183660603e-06,0.011793132728249079,0.0118,0.3,0.0,0.29723633972837193,0.0
3459,6.918,6.92,-4.426530238139845,4.44758831327311,0.010529037566632482,8.874118551412955,-0.10162423328809428,0.1007798706148938,1,1,-4.426530238139845,4.44758831327311,-6.001368080696233,6.004104242088697,0.0013680806962321768,12.00547232278493,0.002736161392465188,0.0,0.002736161392465188,0.0,-0.002736161392465188,-0.002736161392465188,0.0,0.0,0.0,0.0,0.0,0.0,5.477798757755334e-06,0.0,5.914917490504476,5.896639772475179,1.6237011735142914e-15,7.233796894823286e-16,0.4029997552793071,0.0,-6.300000000000001,6.300000000000001,0.14142135623730964,0.14142135623730953,1.778310418282239e-08,4.894404492277756e-06,0.011829874020209078,0.0118,5.44571584688347e-06,0.011793255199483838,0.0118,0.3,0.0,0.2972638386075355,0.0
3464,6.928,6.93,-4.426633718139739,4.447504656090616,0.010435468975438678,8.874138374230355,-0.1016175434967892,0.10078135586921028,1,1,-4.426633718139739,4.447504656090616,-6.00135446806586,6.0040634041975816,0.0013544680658608144,12.005417872263441,0.002708936131721051,0.0,0.002708936131721051,0.0,-0.002708936131721051,-0.002708936131721051,0.0,0.0,0.0,0.0,0.0,0.0,5.423293749427067e-06,0.0,5.9148203186511505,5.896700266928017,7.664326801253701e-16,6.990935608186533e-16,0.4029997551886876,0.0,-6.300000000000001,6.300000000000001,0.14142135623730964,0.14142135623730953,1.7786339386948093e-08,4.89621688359558e-06,0.01182967939263899,0.0118,5.444047739651126e-06,0.011793376434201636,0.0118,0.3,0.0,0.29729106386827964,0.0
3469,6.938,6.94,-4.4267364892948295,4.447421927181644,0.010342718943407103,8.874158416476472,-0.10161091233885394,0.10078282024188104,1,1,-4.4267364892948295,4.447421927181644,-6.001340990883423,6.004022972650271,0.001340990883424098,12.005363963533695,0.002681981766847541,0.0,0.002681981766847541,0.0,-0.002681981766847541,-0.002681981766847541,0.0,0.0,0.0,0.0,0.0,0.0,5.36933107499317e-06,0.0,5.914723853821256,5.896760150551582,1.7832957333041577e-15,6.774095173689432e-16,0.40299975509829106,0.0,-6.300000000000001,6.300000000000001,0.14142135623730964,0.14142135623730953,1.7789593618329623e-08,4.898024815783235e-06,0.01182948618087166,0.0118,5.442387566718665e-06,0.011793496444796808,0.0118,0.3,0.0,0.2973180182331531,0.0
3474,6.948,6.95,-4.426838555199484,4.44734011604219,0.010250780421352967,8.874178671241673,-0.10160433933681545,0.1007842640421544,1,1,-4.426838555199484,4.44734011604219,-6.001327647801193,6.003982943403579,0.0013276478011929882,12.005310591204772,0.002655295602385708,0.0,0.002655295602385708,0.0,-0.002655295602385708,-0.002655295602385708,0.0,0.0,0.0,0.0,0.0,0.0,5.315905338141229e-06,0.0,5.914628091634963,5.896819429469346,9.286361013927796e-16,6.752411130239722e-16,0.40299975500812074,0.0,-6.300000000000001,6.300000000000001,0.14142135623730964,0.14142135623730953,1.7792866668821245e-08,4.89982822390591e-06,0.011829294376140815,0.0118,5.440735377690853e-06,0.011793615243540752,0.0118,0.3,0.0,0.29734470439761496,0.0
3479,6.958,6.96,-4.4269399194494685,4.447259212290203,0.010159646420367263,8.874199131739672,-0.10159782401647763,0.10078568757441425,1,1,-4.4269399194494685,4.447259212290203,-6.001314437484849,6.003943312454545,0.0013144374848481633,12.005257749939394,0.0026288749696968677,0.0,0.0026288749696968677,0.0,-0.0026288749696968677,-0.0026288749696968677,0.0,0.0,0.0,0.0,0.0,0.0,5.26301119625304e-06,0.0,5.9145330277290356,5.896878109744044,1.1449174941446927e-15,7.077671781985373e-16,0.40299975491817974,0.0,-6.300000000000001,6.300000000000001,0.14142135623730964,0.14142135623730953,1.779615833000033e-08,4.901627044261146e-06,0.011829103969713333,0.0118,5.439091219989756e-06,0.01179373284258313,0.0118,0.3,0.0,0.29737112503030383,0.0
3484,6.968,6.97,-4.42704058564155,4.447179205664128,0.010069310011288746,8.874219791305677,-0.10159136590691287,0.10078709113826134,1,1,-4.42704058564155,4.447179205664128,-6.001301358613348,6.003904075840043,0.0013013586133476807,12.00520543445339,0.002602717226695733,0.0,0.002602717226695733,0.0,-0.002602717226695733,-0.002602717226695733,0.0,0.0,0.0,0.0,0.0,0.0,5.210643359870332e-06,0.0,5.9144386577569374,5.896936197378242,4.973269246508899e-16,7.047314121155779e-16,0.40299975482847133,0.0,-6.300000000000001,6.300000000000001,0.14142135623730964,0.14142135623730953,1.77994683931833e-08,4.903421214381052e-06,0.011828914952889444,0.0118,5.437455138934677e-06,0.01179384925395305,0.0118,0.3,0.0,0.29739728277330496,0.0
3489,6.978,6.98,-4.427140557373097,4.4471000860214485,0.00997976432417591,8.874240643394545,-0.10158496454044763,0.10078847502859561,1,1,-4.427140557373097,4.4471000860214485,-6.001288409878794,6.0038652296363795,0.0012884098787928622,12.005153639515173,0.002576819757586206,0.0,0.002576819757586206,0.0,-0.002576819757586206,-0.002576819757586206,0.0,0.0,0.0,0.0,0.0,0.0,5.158796592165829e-06,0.0,5.91434497738893,5.896993698314952,7.060324547225605e-16,7.038640503775895e-16,0.40299975473899846,0.0,-6.300000000000001,6.300000000000001,0.14142135623730964,0.14142135623730953,1.7802796649441623e-08,4.905210673003438e-06,0.01182872731700293,0.0118,5.4358271777466e-06,0.011793964489560263,0.0118,0.3,0.0,0.2974231802424145,0.0
3494,6.988,6.99,-4.427239838241687,4.447021843337267,0.009891002547790073,8.874261681578954,-0.10157861945265384,0.10078983953569223,1,1,-4.427239838241687,4.447021843337267,-6.0012755899863,6.003826769958899,0.001275589986299508,12.0051023599452,0.0025511799725997947,0.0,0.0025511799725997947,0.0,-0.0025511799725997947,-0.0025511799725997947,0.0,0.0,0.0,0.0,0.0,0.0,5.107465708419553e-06,0.0,5.914251982312179,5.8970506184381986,8.829742492721948e-16,7.233796894823286e-16,0.4029997546497642,0.0,-6.300000000000001,6.300000000000001,0.14142135623730964,0.14142135623730953,1.7806142889617717e-08,4.906995360091805e-06,0.011828541053421349,0.0118,5.43420737757927e-06,0.011794078561196322,0.0118,0.3,0.0,0.2974488200274009,0.0
3499,6.998,7.0,-4.427338431844737,4.446944467702887,0.009803017929075342,8.874282899547623,-0.10157233018233527,0.1007911849452825,1,1,-4.427338431844737,4.446944467702887,-6.001262897653868,6.003788692961605,0.0012628976538682224,12.005051590615473,0.0025257953077366343,0.0,0.0025257953077366343,0.0,-0.0025257953077366343,-0.0025257953077366343,0.0,0.0,0.0,0.0,0.0,0.0,5.056645575500356e-06,0.0,5.914159668230844,5.8971069635736,1.3969504535343152e-15,6.891189008317866e-16,0.4029997545607714,0.0,-6.300000000000001,6.300000000000001,0.14142135623730964,0.14142135623730953,1.7809506904340937e-08,4.9087752167842655e-06,0.011828356153546207,0.0118,5.432595777581373e-06,0.011794191480535733,0.0118,0.3,0.0,0.29747420469226404,0.0
3504,7.008,7.01,-4.42743634177912,4.446867949324428,0.00971580377265413,8.874304291103549,-0.10156609627151522,0.10079251153862628,1,1,-4.42743634177912,4.446867949324428,-6.001250331612255,6.003750994836764,0.0012503316122547403,12.005001326449019,0.002500663224509084,0.0,0.002500663224509084,0.0,-0.002500663224509084,-0.002500663224509084,0.0,0.0,0.0,0.0,0.0,0.0,5.006331111352594e-06,0.0,5.914068030866171,5.897162739488946,5.551115123125783e-16,6.578938782642041e-16,0.4029997544720231,0.0,-6.300000000000001,6.300000000000001,0.14142135623730964,0.14142135623730953,1.7812888484043423e-08,4.910550185426858e-06,0.01182817260881315,0.0118,5.430992414927615e-06,0.011794303259137114,0.0118,0.3,0.0,0.29749933677549156,0.0
3509,7.018,7.0200000000000005,-4.427533571640804,4.446792278521441,0.009629353440318233,8.874325850162245,-0.10155991726542551,0.1007938195925899,1,1,-4.427533571640804,4.446792278521441,-6.001237890604844,6.003713671814531,0.0012378906048438054,12.004951562419375,0.0024757812096878767,0.0,0.0024757812096878767,0.0,-0.0024757812096878767,-0.0024757812096878767,0.0,0.0,0.0,0.0,0.0,0.0,4.956517284487923e-06,0.0,5.913977065956589,5.897217951894752,9.419548474554063e-16,7.099355825435083e-16,0.4029997543835219,0.0,-6.300000000000001,6.300000000000001,0.14142135623730964,0.14142135623730953,1.7816287418976034e-08,4.912320209529137e-06,0.011827990410692149,0.0118,5.429397324840934e-06,0.011794413908444318,0.0118,0.3,0.0,0.2975242187903128,0.0
3514,7.0280000000000005,7.03,-4.427630125024494,4.4467174457255565,0.009543660350531447,8.87434757075005,-0.1015537927124939,0.10079510937971811,1,1,-4.427630125024494,4.4467174457255565,-6.001225573387525,6.003676720162576,0.0012255733875257135,12.004902293550101,0.0024511467750507965,0.0,0.0024511467750507965,0.0,-0.0024511467750507965,-0.0024511467750507965,0.0,0.0,0.0,0.0,0.0,0.0,4.907199113482146e-06,0.0,5.913886769257783,5.89727260644483,5.110691871871437e-16,7.572067972638763e-16,0.4029997542952708,0.0,-6.300000000000001,6.300000000000001,0.14142135623730964,0.14142135623730953,1.7819703499224204e-08,4.914085233773047e-06,0.011827809550687653,0.0118,5.427810540614697e-06,0.011794523439787562,0.0118,0.3,0.0,0.29754885322494995,0.0
3519,7.038,7.04,-4.4277260055232786,4.446643441479141,0.009458717977931297,8.874369447002419,-0.10154772216433086,0.1007963811683063,1,1,-4.4277260055232786,4.446643441479141,-6.0012133787285675,6.003640136185701,0.0012133787285666386,12.004853514914268,0.0024267574571338506,0.0,0.0024267574571338506,0.0,-0.0024267574571338506,-0.0024267574571338506,0.0,0.0,0.0,0.0,0.0,0.0,4.858371666477064e-06,0.0,5.913797136542784,5.897326708736845,3.8163916471489756e-16,7.953707137353661e-16,0.40299975420727235,0.0,-6.300000000000001,6.300000000000001,0.14142135623730964,0.14142135623730953,1.7823136514723794e-08,4.915845203999616e-06,0.011827630020338776,0.0118,5.426232093708183e-06,0.011794631864384545,0.0118,0.3,0.0,0.29757324254286693,0.0
3524,7.048,7.05,-4.427821216728286,4.446570256433973,0.009374519852843655,8.874391473162259,-0.10154170517571712,0.1007976352224707,1,1,-4.427821216728286,4.446570256433973,-6.001201305408492,6.003603916225477,0.0012013054084922814,12.00480522163397,0.0024026108169849228,0.0,0.0024026108169849228,0.0,-0.0024026108169849228,-0.0024026108169849228,0.0,0.0,0.0,0.0,0.0,0.0,4.810030060687286e-06,0.0,5.913708163602045,5.8973802643128534,6.74807432154978e-16,8.040443311152501e-16,0.40299975411952926,0.0,-6.300000000000001,6.300000000000001,0.14142135623730964,0.14142135623730953,1.7826586255276902e-08,4.917600067200054e-06,0.011827451811219448,0.0118,5.424662013706616e-06,0.011794739193341537,0.0118,0.3,0.0,0.29759738918301587,0.0
3529,7.058,7.0600000000000005,-4.4279157622283485,4.4464978813499325,0.009291059560792014,8.874413643578281,-0.10153574130459184,0.10079887180222014,1,1,-4.4279157622283485,4.4464978813499325,-6.00118935221996,6.00356805665988,0.0011893522199599715,12.00475740887984,0.0023787044399198754,0.0,0.0023787044399198754,0.0,-0.0023787044399198754,-0.0023787044399198754,0.0,0.0,0.0,0.0,0.0,0.0,4.762169461911948e-06,0.0,5.913619846243518,5.89743327865986,6.29704621779581e-16,7.650130529057719e-16,0.4029997540320441,0.0,-6.300000000000001,6.300000000000001,0.14142135623730964,0.14142135623730953,1.783005251056771e-08,4.919349771500224e-06,0.01182727491493855,0.0118,5.423100328389996e-06,0.011794845437654479,0.0118,0.3,0.0,0.2976212955600809,0.0
3534,7.0680000000000005,7.07,-4.428009645609672,4.446426307093715,0.009208330742021431,8.874435952703386,-0.1015298301120382,0.1008000911635211,1,1,-4.428009645609672,4.446426307093715,-6.0011775179676405,6.003532553902922,0.00117751796764054,12.004710071870562,0.0023550359352810806,0.0,0.0023550359352810806,0.0,-0.0023550359352810806,-0.0023550359352810806,0.0,0.0,0.0,0.0,0.0,0.0,4.714785084051289e-06,0.0,5.913532180292717,5.8974857572103545,1.3426759704060487e-15,8.331009493378616e-16,0.40299975394481946,0.0,-6.300000000000001,6.300000000000001,0.14142135623730964,0.14142135623730953,1.7833535070178215e-08,4.9210942661517565e-06,0.011827099323140083,0.0118,5.421547063793053e-06,0.01179495060821007,0.0118,0.3,0.0,0.29764496406471974,0.0
3539,7.078,7.08,-4.428102870455509,4.446355524637548,0.009126327091019348,8.874458395093058,-0.10152397116227063,0.10080129355836756,1,1,-4.428102870455509,4.446355524637548,-6.001165801468099,6.003497404404298,0.0011658014680993034,12.004663205872397,0.0023316029361983505,0.0,0.0023316029361983505,0.0,-0.0023316029361983505,-0.0023316029361983505,0.0,0.0,0.0,0.0,0.0,0.0,4.667872188628036e-06,0.0,5.913445161592799,5.8975377053428355,7.125308914938955e-16,8.539176310495833e-16,0.40299975385785775,0.0,-6.300000000000001,6.300000000000001,0.14142135623730964,0.14142135623730953,1.783703372360402e-08,4.922833501529825e-06,0.011826925027503293,0.0118,5.420002244187483e-06,0.011795054715786823,0.0118,0.3,0.0,0.2976683970638025,0.0
3544,7.088,7.09,-4.428195440345846,4.44628552505794,0.009045042356047084,8.874480965403786,-0.10151816402262162,0.10080247923484525,1,1,-4.428195440345846,4.44628552505794,-6.001154201549676,6.0034626046490285,0.0011542015496761593,12.004616806198705,0.0023084030993522488,0.0,0.0023084030993522488,0.0,-0.0023084030993522488,-0.0023084030993522488,0.0,0.0,0.0,0.0,0.0,0.0,4.621426084313552e-06,0.0,5.9133587860046255,5.897589128382359,5.707240235963695e-16,8.183557997920587e-16,0.40299975377116143,0.0,-6.300000000000001,6.300000000000001,0.14142135623730964,0.14142135623730953,1.7840548260270072e-08,4.924567429110949e-06,0.011826752019742806,0.0118,5.4184658921330174e-06,0.011795157771056141,0.0118,0.3,0.0,0.29769159690064856,0.0
3549,7.098,7.1000000000000005,-4.428287358857091,4.446216299534429,0.008964470338669095,8.87450365839152,-0.10151240826352798,0.10080364843719714,1,1,-4.428287358857091,4.446216299534429,-6.001142717052369,6.0034281511571095,0.0011427170523701236,12.004570868209479,0.0022854341047397575,0.0,0.0022854341047397575,0.0,-0.0022854341047397575,-0.0022854341047397575,0.0,0.0,0.0,0.0,0.0,0.0,4.5754421264587e-06,0.0,5.913273049406819,5.897640031601044,5.709984622712799e-16,7.871307772244762e-16,0.4029997536847329,0.0,-6.300000000000001,6.300000000000001,0.14142135623730964,0.14142135623730953,1.784407846954631e-08,4.926296001472988e-06,0.011826580291608758,0.0118,5.416938028539597e-06,0.011795259784583354,0.0118,0.3,0.0,0.297714565895261,0.0
3554,7.1080000000000005,7.11,-4.428378629561768,4.4461478393483596,0.008884604893295567,8.874526468910128,-0.1015067034585182,0.10080480140588655,1,1,-4.428378629561768,4.4461478393483596,-6.001131346827721,6.003394040483164,0.0011313468277212024,12.004525387310885,0.0022626936554422756,0.0,0.0022626936554422756,0.0,-0.0022626936554422756,-0.0022626936554422756,0.0,0.0,0.0,0.0,0.0,0.0,4.529915716629375e-06,0.0,5.913187947695832,5.897690420218602,9.08995101411847e-16,7.589415207398531e-16,0.40299975359857443,0.0,-6.300000000000001,6.300000000000001,0.14142135623730964,0.14142135623730953,1.7847624140763414e-08,4.9280191722795985e-06,0.011826409834886907,0.0118,5.415418672665151e-06,0.011795360766828767,0.0118,0.3,0.0,0.29773730634455847,0.0
3559,7.118,7.12,-4.428469256028227,4.446080135881667,0.008805439926720116,8.874549391909895,-0.10150104918419722,0.10080593837765994,1,1,-4.428469256028227,4.446080135881667,-6.0011200897386985,6.003360269216094,0.0011200897386975939,12.004480358954792,0.0022401794773959224,0.0,0.0022401794773959224,0.0,-0.0022401794773959224,-0.0022401794773959224,0.0,0.0,0.0,0.0,0.0,0.0,4.484842302146657e-06,0.0,5.913103476785993,5.897740299402848,1.3351814228887426e-15,7.901665433074356e-16,0.4029997535126883,0.0,-6.300000000000001,6.300000000000001,0.14142135623730964,0.14142135623730953,1.7851185063228394e-08,4.929736896269136e-06,0.01182624064139876,0.0118,5.413907842155563e-06,0.011795460728148677,0.0118,0.3,0.0,0.29775982052260486,0.0
3564,7.128,7.13,-4.428559241820341,4.446013180615678,0.00872696939766815,8.87457242243602,-0.10149544502023378,0.10080705958560754,1,1,-4.428559241820341,4.446013180615678,-6.001108944659582,6.003326833978746,0.0011089446595820007,12.004435778638328,0.002217889319164131,0.0,0.002217889319164131,0.0,-0.002217889319164131,-0.002217889319164131,0.0,0.0,0.0,0.0,0.0,0.0,4.440217375631534e-06,0.0,5.913019632609574,5.897789674270207,1.4988010832439613e-15,7.402932433731024e-16,0.4029997534270767,0.0,-6.300000000000001,6.300000000000001,0.14142135623730964,0.14142135623730953,1.785476102624023e-08,4.931449129254652e-06,0.011826072703001662,0.0118,5.4124055530802015e-06,0.011795559678796426,0.0118,0.3,0.0,0.2977821106808366,0.0
3569,7.138,7.140000000000001,-4.428648590497233,4.445946965129932,0.008649187316349227,8.874595555627165,-0.10148989054934665,0.10080816525922465,1,1,-4.428648590497233,4.445946965129932,-6.001097910475856,6.0032937314275685,0.0010979104758561675,12.004391641903425,0.0021958209517125037,0.0,0.0021958209517125037,0.0,-0.0021958209517125037,-0.0021958209517125037,0.0,0.0,0.0,0.0,0.0,0.0,4.396036474554168e-06,0.0,5.912936411116826,5.897838549886223,9.35015953551499e-16,7.793245215825806e-16,0.4029997533417418,0.0,-6.300000000000001,6.300000000000001,0.14142135623730964,0.14142135623730953,1.7858351819105447e-08,4.93315582810613e-06,0.011825906011588927,0.0118,5.410911819967445e-06,0.011795657628923357,0.0118,0.3,0.0,0.29780417904828826,0.0
3574,7.148000000000001,7.15,-4.428737305612987,4.445881481101008,0.008572087744010304,8.874618786713995,-0.1014843853572886,0.10080925562446941,1,1,-4.428737305612987,4.445881481101008,-6.001086986084093,6.0032609582522785,0.0010869860840925227,12.004347944336372,0.0021739721681859046,0.0,0.0021739721681859046,0.0,-0.0021739721681859046,-0.0021739721681859046,0.0,0.0,0.0,0.0,0.0,0.0,4.352295180787634e-06,0.0,5.912853808276038,5.897886931266053,6.002143226879753e-16,8.036106502462559e-16,0.40299975325668574,0.0,-6.300000000000001,6.300000000000001,0.14142135623730964,0.14142135623730953,1.7861957231153658e-08,4.93485695072606e-06,0.011825740559089908,0.0118,5.409426655831329e-06,0.01179575458857987,0.0118,0.3,0.0,0.2978260278318149,0.0
3579,7.158,7.16,-4.428825390716384,4.445816720301374,0.00849566479249475,8.874642111017758,-0.10147892903283467,0.10081033090382233,1,1,-4.428825390716384,4.445816720301374,-6.001076170391844,6.003228511175532,0.0010761703918440446,12.004304681567376,0.002152340783687773,0.0,0.002152340783687773,0.0,-0.002152340783687773,-0.002152340783687773,0.0,0.0,0.0,0.0,0.0,0.0,4.3089891201661016e-06,0.0,5.91277182007358,5.8979348233749676,7.896786523298172e-16,7.940696711283834e-16,0.40299975317191056,0.0,-6.300000000000001,6.300000000000001,0.14142135623730964,0.14142135623730953,1.786557705175309e-08,4.936552456069429e-06,0.011825576337470103,0.0118,5.407950072182644e-06,0.01179585056771638,0.0118,0.3,0.0,0.297847659216313,0.0
3584,7.168,7.17,-4.428912849350631,4.4457526745982445,0.008419912623806702,8.874665523948876,-0.1014735211677667,0.10081139131634276,1,1,-4.428912849350631,4.4457526745982445,-6.0010654623175315,6.003196386952593,0.0010654623175305744,12.004261849270124,0.0021309246350616337,0.0,0.0021309246350616337,0.0,-0.0021309246350616337,-0.0021309246350616337,0.0,0.0,0.0,0.0,0.0,0.0,4.266113962047422e-06,0.0,5.912690442513944,5.897982231128835,4.770557321572e-16,8.734332701543224e-16,0.40299975308741826,0.0,-6.300000000000001,6.300000000000001,0.14142135623730964,0.14142135623730953,1.7869211070326056e-08,4.938242304103744e-06,0.01182541333873124,0.0118,5.4064820791044355e-06,0.011795945576184302,0.0118,0.3,0.0,0.29786907536493923,0.0
3589,7.178,7.18,-4.428999685053099,4.445689335952458,0.008344825449679405,8.874689021005556,-0.1014681613568584,0.10081243707772428,1,1,-4.428999685053099,4.445689335952458,-6.001054860790338,6.003164582371013,0.001054860790337564,12.00421944316135,0.0021097215806747767,0.0,0.0021097215806747767,0.0,-0.0021097215806747767,-0.0021097215806747767,0.0,0.0,0.0,0.0,0.0,0.0,4.223665418880054e-06,0.0,5.912609671619783,5.898029159394607,1.817990202823694e-15,8.699638232023688e-16,0.4029997530032107,0.0,-6.300000000000001,6.300000000000001,0.14142135623730964,0.14142135623730953,1.7872859076364363e-08,4.9399264558223596e-06,0.011825251554911355,0.0118,5.405022685232019e-06,0.011796039623737032,0.0118,0.3,0.0,0.2978902784193261,0.0
3594,7.188,7.19,-4.429085901355069,4.44562669641736,0.008270397531145335,8.87471259777243,-0.10146284919786225,0.10081346840035116,1,1,-4.429085901355069,4.44562669641736,-6.0010443647501015,6.003133094250306,0.001044364750102389,12.004177459000408,0.002088729500204095,0.0,0.002088729500204095,0.0,-0.002088729500204095,-0.002088729500204095,0.0,0.0,0.0,0.0,0.0,0.0,4.181639245774308e-06,0.0,5.91252950343195,5.898075612990799,1.0026701691145945e-15,9.267760170406092e-16,0.4029997529192899,0.0,-6.300000000000001,6.300000000000001,0.14142135623730964,0.14142135623730953,1.787652085944477e-08,4.941604873224493e-06,0.011825090978084873,0.0118,5.403571897810711e-06,0.011796132720030907,0.0118,0.3,0.0,0.2979112704997968,0.0
3599,7.198,7.2,-4.429171501781486,4.4455647481377145,0.008196623178114315,8.8747362499192,-0.10145758429149415,0.10081448549335167,1,1,-4.429171501781486,4.4455647481377145,-6.001033973147212,6.003101919441637,0.0010339731472122082,12.004135892588849,0.002067946294424047,0.0,0.002067946294424047,0.0,-0.002067946294424047,-0.002067946294424047,0.0,0.0,0.0,0.0,0.0,0.0,4.140031240077851e-06,0.0,5.912449934009536,5.898121596687973,8.986680757189225e-16,9.62771529167128e-16,0.4029997528356577,0.0,-6.300000000000001,6.300000000000001,0.14142135623730964,0.14142135623730953,1.788019620924428e-08,4.943277519295241e-06,0.01182493160036267,0.0118,5.402129722735793e-06,0.011796224874626145,0.0118,0.3,0.0,0.2979320537055769,0.0
3604,7.208,7.21,-4.429256489850708,4.44550348334861,0.008123496748950743,8.874759973199318,-0.10145236624141851,0.10081548856265096,1,1,-4.429256489850708,4.44550348334861,-6.001023684942498,6.003071054827495,0.0010236849424982708,12.004094739769993,0.002047369884996736,0.0,0.002047369884996736,0.0,-0.002047369884996736,-0.002047369884996736,0.0,0.0,0.0,0.0,0.0,0.0,4.098837240955438e-06,0.0,5.9123709594298965,5.898167115209195,5.134781488891349e-16,9.71445146547012e-16,0.4029997527523158,0.0,-6.300000000000001,6.300000000000001,0.14142135623730964,0.14142135623730953,1.7883884915555507e-08,4.944944358010018e-06,0.01182477341389215,0.0118,5.400696164536978e-06,0.011796316096987806,0.0118,0.3,0.0,0.2979526301150042,0.0
3609,7.218,7.22,-4.429340869074276,4.445442894374393,0.008051012650058365,8.874783763448669,-0.10144719465423432,0.10081647781102376,1,1,-4.429340869074276,4.445442894374393,-6.001013499107132,6.003040497321396,0.0010134991071319988,12.004053996428528,0.0020269982142640717,0.0,0.0020269982142640717,0.0,-0.0020269982142640717,-0.0020269982142640717,0.0,0.0,0.0,0.0,0.0,0.0,4.0580531289728304e-06,0.0,5.912292575788687,5.898212173230512,1.2715523078909996e-15,1.0178489995293916e-15,0.4029997526692661,0.0,-6.300000000000001,6.300000000000001,0.14142135623730964,0.14142135623730953,1.78875867683019e-08,4.946605354330118e-06,0.011824616410857294,0.0118,5.399271226449454e-06,0.01179640639648672,0.0118,0.3,0.0,0.29797300178573694,0.0
3614,7.228,7.23,-4.429424642956676,4.445382973627612,0.00797916533546772,8.874807616584288,-0.10144206913945977,0.10081745343814633,1,1,-4.429424642956676,4.445382973627612,-6.001003414622521,6.003010243867563,0.0010034146225210705,12.004013658490084,0.0020068292450420044,0.0,0.0020068292450420044,0.0,-0.0020068292450420044,-0.0020068292450420044,0.0,0.0,0.0,0.0,0.0,0.0,4.017674825684841e-06,0.0,5.912214779199884,5.898256775381409,8.951173136040325e-16,1.0291247021232408e-15,0.40299975258651016,0.0,-6.300000000000001,6.300000000000001,0.14142135623730964,0.14142135623730953,1.7891301557553007e-08,4.948260474160526e-06,0.011824460583478729,0.0118,5.3978549104294336e-06,0.011796495782400399,0.0118,0.3,0.0,0.297993170754959,0.0
3619,7.238,7.24,-4.429507814995112,4.44532371360797,0.007907949306428907,8.874831528603082,-0.1014369893095178,0.10081841564064581,1,1,-4.429507814995112,4.44532371360797,-6.000993430480209,6.002980291440625,0.0009934304802081684,12.003973721920834,0.001986860960416805,0.0,0.001986860960416805,0.0,-0.001986860960416805,-0.001986860960416805,0.0,0.0,0.0,0.0,0.0,0.0,3.977698293227495e-06,0.0,5.9121375657958195,5.898300926245271,1.2819606487468604e-15,1.0234868508263162e-15,0.40299975250404974,0.0,-6.300000000000001,6.300000000000001,0.14142135623730964,0.14142135623730953,1.789502907353962e-08,4.949909684383222e-06,0.011824305924013767,0.0118,5.396447217163036e-06,0.01179658426391399,0.0118,0.3,0.0,0.2980131390395842,0.0
3624,7.248,7.25,-4.429590388679286,4.445265106901292,0.007837359111003028,8.87485549558058,-0.10143195477972086,0.10081936461214996,1,1,-4.429590388679286,4.445265106901292,-6.0009835456817715,6.0029506370453145,0.0009835456817715027,12.003934182727086,0.00196709136354337,0.0,0.00196709136354337,0.0,-0.00196709136354337,-0.00196709136354337,0.0,0.0,0.0,0.0,0.0,0.0,3.938119533914231e-06,0.0,5.912060931727192,5.898344630359826,1.5803330866148713e-15,1.0308594255992176e-15,0.40299975242188635,0.0,-6.300000000000001,6.300000000000001,0.14142135623730964,0.14142135623730953,1.7898769106668917e-08,4.951552952803895e-06,0.011824152424756462,0.0118,5.395048146115134e-06,0.011796671850121138,0.0118,0.3,0.0,0.29803290863645765,0.0
3629,7.258,7.26,-4.429672367491177,4.445207146178511,0.007767389343666942,8.874879513669688,-0.10142696516825575,0.10082030054333654,1,1,-4.429672367491177,4.445207146178511,-6.000973759238723,6.002921277716168,0.0009737592387226712,12.00389503695489,0.001947518477445538,0.0,0.001947518477445538,0.0,-0.001947518477445538,-0.001947518477445538,0.0,0.0,0.0,0.0,0.0,0.0,3.898934589836135e-06,0.0,5.911984873163097,5.8983878922176105,1.2919844366446678e-15,1.0282573403852524e-15,0.40299975234002167,0.0,-6.300000000000001,6.300000000000001,0.14142135623730964,0.14142135623730953,1.7902521447539514e-08,4.953190248176363e-06,0.011824000078037638,0.0118,5.39365769556488e-06,0.011796758550024922,0.0118,0.3,0.0,0.2980524815225555,0.0
3634,7.268,7.2700000000000005,-4.429753754904835,4.4451498241946545,0.0076980346449095904,8.87490357909949,-0.10142202009616949,0.10082122362198048,1,1,-4.429753754904835,4.4451498241946545,-6.00096407017241,6.002892210517228,0.0009640701724089595,12.003856280689638,0.0019281403448183879,0.0,0.0019281403448183879,0.0,-0.0019281403448183879,-0.0019281403448183879,0.0,0.0,0.0,0.0,0.0,0.0,3.860139542466147e-06,0.0,5.911909386291043,5.898430716266397,4.961309141293668e-16,9.684093804640526e-16,0.40299975225845713,0.0,-6.300000000000001,6.300000000000001,0.14142135623730964,0.14142135623730953,1.7906285886956528e-08,4.954821540178148e-06,0.011823848876224943,0.0118,5.3922758625923885e-06,0.011796844372538716,0.0118,0.3,0.0,0.29807185965518257,0.0
3639,7.2780000000000005,7.28,-4.4298345543861695,4.445093133787857,0.0076292897008438665,8.874927688174026,-0.10141711918735266,0.1008221340330015,1,1,-4.4298345543861695,4.445093133787857,-6.000954477513916,6.002863432541749,0.0009544775139165296,12.003817910055664,0.0019089550278325084,0.0,0.0019089550278325084,0.0,-0.0019089550278325084,-0.0019089550278325084,0.0,0.0,0.0,0.0,0.0,0.0,3.821730512267198e-06,0.0,5.9118344673169645,5.898473106909641,3.9898639947466563e-16,1.003537530852583e-15,0.40299975217719425,0.0,-6.300000000000001,6.300000000000001,0.14142135623730964,0.14142135623730953,1.79100622159465e-08,4.95644679939716e-06,0.011823698811722875,0.0118,5.3909026431386846e-06,0.011796929326487095,0.0118,0.3,0.0,0.2980910449721685,0.0
3644,7.288,7.29,-4.429914769392751,4.445037067878374,0.007561149242811371,8.874951837271126,-0.10141226206852705,0.10082303195850933,1,1,-4.429914769392751,4.445037067878374,-6.00094498030397,6.00283494091191,0.0009449803039700555,12.00377992121588,0.0018899606079402134,0.0,0.0018899606079402134,0.0,-0.0018899606079402134,-0.0018899606079402134,0.0,0.0,0.0,0.0,0.0,0.0,3.783703658304262e-06,0.0,5.911760112465237,5.898515068506922,5.204170427930421e-16,1.0460382560140147e-15,0.40299975209623445,0.0,-6.300000000000001,6.300000000000001,0.14142135623730964,0.14142135623730953,1.791385022577233e-08,4.958065997322809e-06,0.01182354987697281,0.0118,5.389538032027908e-06,0.011797013420606694,0.0118,0.3,0.0,0.2981100393920608,0.0
3649,7.298,7.3,-4.429994403373611,4.4449816194676135,0.007493608047001388,8.874976022841224,-0.1014074483692265,0.10082391757784998,1,1,-4.429994403373611,4.4449816194676135,-6.000935577592841,6.0028067327785255,0.0009355775928421295,12.003742310371367,0.0018711551856836846,0.0,0.0018711551856836846,0.0,-0.0018711551856836846,-0.0018711551856836846,0.0,0.0,0.0,0.0,0.0,0.0,3.7460551778602534e-06,0.0,5.911686317978692,5.898556605374363,1.0088162401798717e-15,1.0354130747236567e-15,0.402999752015579,0.0,-6.300000000000001,6.300000000000001,0.14142135623730964,0.14142135623730953,1.7917649707948112e-08,4.959679106341564e-06,0.011823402064453018,0.0118,5.388182022987298e-06,0.011797096663547075,0.0118,0.3,0.0,0.29812884481431734,0.0
3654,7.308,7.3100000000000005,-4.430073459769052,4.444926781637179,0.0074266609340631895,8.87500024140623,-0.10140267772178468,0.1008247910676506,1,1,-4.430073459769052,4.444926781637179,-6.000926268440252,6.002778805320758,0.0009262684402528976,12.00370507376101,0.0018525368805050256,0.0,0.0018525368805050256,0.0,-0.0018525368805050256,-0.0018525368805050256,0.0,0.0,0.0,0.0,0.0,0.0,3.7087813060557535e-06,0.0,5.911613080118621,5.89859772178507,3.677613769070831e-16,1.117812439832555e-15,0.40299975193522947,0.0,-6.300000000000001,6.300000000000001,0.14142135623730964,0.14142135623730953,1.792146045425394e-08,4.961286099725852e-06,0.011823255366678708,0.0118,5.386834608644975e-06,0.011797179063871585,0.0118,0.3,0.0,0.2981474631194961,0.0
3659,7.3180000000000005,7.32,-4.43015194201046,4.444872547547921,0.007360302768730342,8.875024489558381,-0.10139794976131947,0.10082565260186235,1,1,-4.43015194201046,4.444872547547921,-6.000917051915279,6.0027511557458375,0.0009170519152794654,12.003668207661116,0.001834103830558203,0.0,0.001834103830558203,0.0,-0.001834103830558203,-0.001834103830558203,0.0,0.0,0.0,0.0,0.0,0.0,3.6718783154725213e-06,0.0,5.911540395164792,5.898638421969544,1.4675760606763788e-15,1.1041514924592377e-15,0.40299975185518694,0.0,-6.300000000000001,6.300000000000001,0.14142135623730964,0.14142135623730953,1.7925282256750632e-08,4.9628869516207415e-06,0.011823109776202016,0.0118,5.385495780616534e-06,0.011797260630058206,0.0118,0.3,0.0,0.2981658961694429,0.0
3664,7.328,7.33,-4.430229853520123,4.444818910439004,0.0072945284594405635,8.875048763959127,-0.10139326412571703,0.10082650235180374,1,1,-4.430229853520123,4.444818910439004,-6.000907927096261,6.002723781288784,0.0009079270962617514,12.003631708385045,0.0018158541925228611,0.0,0.0018158541925228611,0.0,-0.0018158541925228611,-0.0018158541925228611,0.0,0.0,0.0,0.0,0.0,0.0,3.6353425157807453e-06,0.0,5.911468259415444,5.898678710116112,4.395982411637203e-16,1.134725993723329e-15,0.4029997517754527,0.0,-6.300000000000001,6.300000000000001,0.14142135623730964,0.14142135623730953,1.79291149077944e-08,4.964481637032828e-06,0.011822965285612035,0.0118,5.3841655294717404e-06,0.011797341370500395,0.0118,0.3,0.0,0.29818414580747826,0.0
3669,7.338,7.34,-4.430307197711049,4.444765863626986,0.0072293329579684595,8.875073061338036,-0.10138862045561609,0.10082734048620368,1,1,-4.430307197711049,4.444765863626986,-6.00089889307071,6.00269667921213,0.0008988930707101161,12.00359557228284,0.0017977861414199886,0.0,0.0017977861414199886,0.0,-0.0017977861414199886,-0.0017977861414199886,0.0,0.0,0.0,0.0,0.0,0.0,3.599170253370009e-06,0.0,5.9113966691873046,5.898718590371335,1.205632815803881e-15,1.1440501324067043e-15,0.4029997516960281,0.0,-6.300000000000001,6.300000000000001,0.14142135623730964,0.14142135623730953,1.793295820005143e-08,4.966070131828025e-06,0.011822821887534824,0.0118,5.382843844783381e-06,0.01179742129350791,0.0118,0.3,0.0,0.29820221385858114,0.0
3674,7.348,7.3500000000000005,-4.430383977986798,4.4447134005049005,0.00716471125905116,8.875097378491699,-0.10138401839439301,0.10082816717124243,1,1,-4.430383977986798,4.4447134005049005,-6.000889948935215,6.002669846805644,0.0008899489352147683,12.003559795740859,0.001779897870429418,0.0,0.001779897870429418,0.0,-0.001779897870429418,-0.001779897870429418,0.0,0.0,0.0,0.0,0.0,0.0,3.5633579109839283e-06,0.0,5.911325620815575,5.898758066840415,1.6621259761335355e-15,1.1581447606490158e-15,0.4029997516169141,0.0,-6.300000000000001,6.300000000000001,0.14142135623730964,0.14142135623730953,1.7936811926512437e-08,4.967652412709352e-06,0.011822679574633396,0.0118,5.381530715147243e-06,0.011797500407307636,0.0118,0.3,0.0,0.29822010212957173,0.0
3679,7.3580000000000005,7.36,-4.430460197741309,4.444661514541361,0.007100658400025939,8.87512171228267,-0.10137945758814715,0.10082898257059256,1,1,-4.430460197741309,4.444661514541361,-6.000881093795355,6.002643281386064,0.0008810937953542819,12.003524375181419,0.0017621875907091434,0.0,0.0017621875907091434,0.0,-0.0017621875907091434,-0.0017621875907091434,0.0,0.0,0.0,0.0,0.0,0.0,3.527901907358421e-06,0.0,5.91125511065395,5.898797143587613,1.1622647289044608e-15,1.1902371449545868e-15,0.40299975153811196,0.0,-6.300000000000001,6.300000000000001,0.14142135623730964,0.14142135623730953,1.7940675880507124e-08,4.969228457214715e-06,0.011822538339607737,0.0118,5.3802261282176465e-06,0.011797578720044407,0.0118,0.3,0.0,0.29823781240929204,0.0
3684,7.368,7.37,-4.430535860358736,4.44461019927967,0.007037169460466952,8.875146059638407,-0.10137493768568429,0.10082978684545968,1,1,-4.430535860358736,4.44461019927967,-6.000872326765608,6.002616980296825,0.0008723267656085554,12.003489307062432,0.0017446535312164344,0.0,0.0017446535312164344,0.0,-0.0017446535312164344,-0.0017446535312164344,0.0,0.0,0.0,0.0,0.0,0.0,3.4927986968635774e-06,0.0,5.911185135074595,5.8988358246366435,5.991640018333799e-16,1.1555426754350506e-15,0.4029997514596227,0.0,-6.300000000000001,6.300000000000001,0.14142135623730964,0.14142135623730953,1.7944549855718563e-08,4.970798243716914e-06,0.011822398175194797,0.0118,5.378930070700783e-06,0.011797656239781809,0.0118,0.3,0.0,0.2982553464687847,0.0
3689,7.378,7.38,-4.4306109692132924,4.444559448336942,0.0069742395618246356,8.875170417550233,-0.1013704583385018,0.1008305801546211,1,1,-4.4306109692132924,4.444559448336942,-6.0008636469692656,6.002590940907797,0.0008636469692655524,12.003454587877062,0.0017272939385307299,0.0,0.0017272939385307299,0.0,-0.0017272939385307299,-0.0017272939385307299,0.0,0.0,0.0,0.0,0.0,0.0,3.458044769149096e-06,0.0,5.91111569046816,5.898874113971077,1.4755669695007759e-15,1.1238839719984739e-15,0.4029997513814474,0.0,-6.300000000000001,6.300000000000001,0.14142135623730964,0.14142135623730953,1.7948433646197533e-08,4.9723617513992065e-06,0.011822259074168484,0.0118,5.377642528399118e-06,0.011797732974502973,0.0118,0.3,0.0,0.2982727060614704,0.0
3694,7.388,7.390000000000001,-4.430685527669086,4.444509255403228,0.006911863867071322,8.875194783072313,-0.10136601920077329,0.10083136265446546,1,1,-4.430685527669086,4.444509255403228,-6.000855053538339,6.002565160615018,0.0008550535383395896,12.003420214153357,0.0017101070766782948,0.0,0.0017101070766782948,0.0,-0.0017101070766782948,-0.0017101070766782948,0.0,0.0,0.0,0.0,0.0,0.0,3.4236366487932422e-06,0.0,5.911046773243765,5.898912015534737,1.2038980923279041e-15,1.1139093120116073e-15,0.402999751303587,0.0,-6.300000000000001,6.300000000000001,0.14142135623730964,0.14142135623730953,1.795232704637674e-08,4.973918960244217e-06,0.011822121029339647,0.0118,5.376363486238045e-06,0.011797808932111376,0.0118,0.3,0.0,0.2982898929233228,0.0
3699,7.398000000000001,7.4,-4.430759539079975,4.444459614240671,0.006850037580347745,8.875219153320646,-0.10136161992933226,0.10083213449903011,1,1,-4.430759539079975,4.444459614240671,-6.00084654561348,6.002539636840438,0.0008465456134789662,12.003386182453918,0.0016930912269586215,0.0,0.0016930912269586215,0.0,-0.0016930912269586215,-0.0016930912269586215,0.0,0.0,0.0,0.0,0.0,0.0,3.3895708949553085e-06,0.0,5.910978379828994,5.898949533232085,1.4172690798730514e-15,1.0776969594505914e-15,0.40299975122604254,0.0,-6.300000000000001,6.300000000000001,0.14142135623730964,0.14142135623730953,1.7956229851085003e-08,4.975469851027263e-06,0.011821984033556068,0.0118,5.375092928263659e-06,0.011797884120431638,0.0118,0.3,0.0,0.29830690877304245,0.0
3704,7.408,7.41,-4.4308330067894195,4.4444105186826475,0.006788755946613989,8.875243525472067,-0.10135726018365848,0.10083289584003965,1,1,-4.4308330067894195,4.4444105186826475,-6.000838122343887,6.002514367031659,0.0008381223438860275,12.003352489375546,0.0016762446877725582,0.0,0.0016762446877725582,0.0,-0.0016762446877725582,-0.0016762446877725582,0.0,0.0,0.0,0.0,0.0,0.0,3.3558441010315222e-06,0.0,5.910910506669889,5.898986670928618,2.682519462636479e-16,1.0583981607803494e-15,0.40299975114881487,0.0,-6.300000000000001,6.300000000000001,0.14142135623730964,0.14142135623730953,1.796014185556134e-08,4.977014405314146e-06,0.011821848079702452,0.0118,5.373830837691607e-06,0.011797958547210266,0.0118,0.3,0.0,0.2983237553122285,0.0
3709,7.418,7.42,-4.430905934130333,4.444361962632935,0.006728014251300873,8.875267896763269,-0.10135293962586014,0.10083364682694163,1,1,-4.430905934130333,4.444361962632935,-6.000829782887227,6.002489348661678,0.0008297828872256829,12.003319131548905,0.0016595657744521474,0.0,0.0016595657744521474,0.0,-0.0016595657744521474,-0.0016595657744521474,0.0,0.0,0.0,0.0,0.0,0.0,3.3224528943143847e-06,0.0,5.910843150230936,5.899023432451245,5.687165555113768e-16,1.0590486820838407e-15,0.40299975107190494,0.0,-6.300000000000001,6.300000000000001,0.14142135623730964,0.14142135623730953,1.7964062855468976e-08,4.978552605456706e-06,0.011821713160700398,0.0118,5.372577196913753e-06,0.011798032220116456,0.0118,0.3,0.0,0.2983404342255489,0.0
3714,7.428,7.43,-4.430978324424947,4.444313940064889,0.006667807819971117,8.875292264489836,-0.10134865792066045,0.10083438760694396,1,1,-4.430978324424947,4.444313940064889,-6.0008215264095455,6.002464579228638,0.0008215264095463581,12.003286105638184,0.0016430528190921577,0.0,0.0016430528190921577,0.0,-0.0016430528190921577,-0.0016430528190921577,0.0,0.0,0.0,0.0,0.0,0.0,3.2893939356553984e-06,0.0,5.910776306995056,5.8990598215886685,1.7387214714878474e-16,1.0512424264419451e-15,0.40299975099531354,0.0,-6.300000000000001,6.300000000000001,0.14142135623730964,0.14142135623730953,1.7967992646909257e-08,4.980084434552852e-06,0.011821579269508374,0.0118,5.371331987511496e-06,0.011798105146742833,0.0118,0.3,0.0,0.2983569471809089,0.0
3719,7.438,7.44,-4.431050180984676,4.44426644502062,0.006608132017972057,8.875316626005297,-0.10134441473538036,0.10083511832504916,1,1,-4.431050180984676,4.44426644502062,-6.000813352085191,6.002440056255575,0.000813352085192065,12.003253408340766,0.0016267041703832928,0.0,0.0016267041703832928,0.0,-0.0016267041703832928,-0.0016267041703832928,0.0,0.0,0.0,0.0,0.0,0.0,3.2566639191311493e-06,0.0,5.910709973463591,5.899095842091763,8.118505867571457e-16,1.0501582242694596e-15,0.40299975091904155,0.0,-6.300000000000001,6.300000000000001,0.14142135623730964,0.14142135623730953,1.7971931026435523e-08,4.981609876473208e-06,0.011821446399121697,0.0118,5.3700951902979635e-06,0.01179817733460622,0.0118,0.3,0.0,0.29837329582961775,0.0
3724,7.448,7.45,-4.431121507109982,4.444219471610194,0.006548982250106139,8.875340978720175,-0.10134020973992519,0.100835839124091,1,1,-4.431121507109982,4.444219471610194,-6.000805259096723,6.00241577729017,0.0008052590967233542,12.003221036386893,0.0016105181934470574,0.0,0.0016105181934470574,0.0,-0.0016105181934470574,-0.0016105181934470574,0.0,0.0,0.0,0.0,0.0,0.0,3.2242595717127085e-06,0.0,5.910644146156285,5.899131497673948,6.956241138666996e-16,1.0707580655466842e-15,0.40299975084308964,0.0,-6.300000000000001,6.300000000000001,0.14142135623730964,0.14142135623730953,1.7975877791066836e-08,4.9831289158344695e-06,0.011821314542572495,0.0118,5.3688667853202255e-06,0.011798248791148377,0.0118,0.3,0.0,0.298389481806554,0.0
3729,7.458,7.46,-4.431192306090249,4.44417301401083,0.006490353960290296,8.875365320101078,-0.10133604260676665,0.10083655014476792,1,1,-4.431192306090249,4.44417301401083,-6.000797246634836,6.002391739904509,0.0007972466348364904,12.003188986539344,0.0015944932696722695,0.0,0.0015944932696722695,0.0,-0.0015944932696722695,-0.0015944932696722695,0.0,0.0,0.0,0.0,0.0,0.0,3.1921776529383308e-06,0.0,5.910578821611271,5.899166792011555,1.6323747908941755e-15,1.0651202142497596e-15,0.4029997507674586,0.0,-6.300000000000001,6.300000000000001,0.14142135623730964,0.14142135623730953,1.7979832738301653e-08,4.984641537981639e-06,0.011821183692929685,0.0118,5.3676467518881665e-06,0.011798319523736741,0.0118,0.3,0.0,0.2984055067303288,0.0
3734,7.468,7.47,-4.43126258120366,4.444127066466117,0.006432242631228657,8.875389647669778,-0.10133191301092928,0.10083725152567724,1,1,-4.43126258120366,4.444127066466117,-6.000789313898276,6.002367941694829,0.0007893138982764114,12.003157255593106,0.0015786277965531977,0.0,0.0015786277965531977,0.0,-0.0015786277965531977,-0.0015786277965531977,0.0,0.0,0.0,0.0,0.0,0.0,3.1604149545894037e-06,0.0,5.9105139963850535,5.899201728744195,2.400897948333369e-16,1.0410509260205814e-15,0.4029997506921491,0.0,-6.300000000000001,6.300000000000001,0.14142135623730964,0.14142135623730953,1.7983795666131434e-08,4.986147728996908e-06,0.011821053843298929,0.0118,5.366435068585584e-06,0.011798389539665175,0.0118,0.3,0.0,0.29842137220344783,0.0
3739,7.478,7.48,-4.431332335717072,4.444081623285234,0.0063746437840808134,8.875413959002305,-0.10132782062997434,0.10083794340334754,1,1,-4.431332335717072,4.444081623285234,-6.000781460093765,6.002344380281294,0.0007814600937647853,12.00312584037506,0.001562920187529309,0.0,0.001562920187529309,0.0,-0.001562920187529309,-0.001562920187529309,0.0,0.0,0.0,0.0,0.0,0.0,3.1289683003696234e-06,0.0,5.910449667052485,5.899236311475123,1.4265711956997981e-15,1.0150300738809293e-15,0.40299975061716187,0.0,-6.300000000000001,6.300000000000001,0.14142135623730964,0.14142135623730953,1.7987766373054092e-08,4.987647475668568e-06,0.011820924986822592,0.0118,5.365231713299057e-06,0.011798458846154661,0.0118,0.3,0.0,0.2984370798124717,0.0
3744,7.488,7.49,-4.431401572885906,4.444036678842184,0.006317552978138963,8.87543825172809,-0.10132376514398467,0.10083862591227316,1,1,-4.431401572885906,4.444036678842184,-6.000773684435914,6.00232105330774,0.0007736844359129691,12.003094737743654,0.0015473688718266106,0.0,0.0015473688718266106,0.0,-0.0015473688718266106,-0.0015473688718266106,0.0,0.0,0.0,0.0,0.0,0.0,3.0978345455873624e-06,0.0,5.910385830206745,5.899270543771592,8.743006318923108e-16,1.0054890947630568e-15,0.4029997505424974,0.0,-6.300000000000001,6.300000000000001,0.14142135623730964,0.14142135623730953,1.799174465808741e-08,4.989140765517663e-06,0.011820797116679717,0.0118,5.364036663229044e-06,0.011798527450354056,0.0118,0.3,0.0,0.2984526311281744,0.0
3749,7.498,7.5,-4.431470295954025,4.443992227575037,0.006260965810505947,8.875462523529063,-0.10131974623554779,0.10083929918494466,1,1,-4.431470295954025,4.443992227575037,-6.00076598614715,6.00229795844145,0.0007659861471500662,12.0030639445886,0.0015319722943005739,0.0,0.0015319722943005739,0.0,-0.0015319722943005739,-0.0015319722943005739,0.0,0.0,0.0,0.0,0.0,0.0,3.067010576841198e-06,0.0,5.910322482459326,5.89930442916521,8.28445656259752e-16,9.965986369486757e-16,0.40299975046815645,0.0,-6.300000000000001,6.300000000000001,0.14142135623730964,0.14142135623730953,1.7995730320782347e-08,4.9906275867446885e-06,0.011820670226085956,0.0118,5.3628498949120915e-06,0.011798595359340771,0.0118,0.3,0.0,0.2984680277057004,0.0
3754,7.508,7.51,-4.431538508153632,4.443948263985174,0.006204877915771068,8.875486772138807,-0.10131576358974215,0.10083996335188139,1,1,-4.431538508153632,4.443948263985174,-6.00075836445764,6.002275093372921,0.0007583644576403259,12.003033457830561,0.0015167289152806145,0.0,0.0015167289152806145,0.0,-0.0015167289152806145,-0.0015167289152806145,0.0,0.0,0.0,0.0,0.0,0.0,3.0364933117085677e-06,0.0,5.9102596204399935,5.899337971152288,1.8041124150158794e-15,1.0174153186603974e-15,0.40299975039413943,0.0,-6.300000000000001,6.300000000000001,0.14142135623730964,0.14142135623730953,1.7999723161236226e-08,4.992107928251804e-06,0.011820544308293539,0.0118,5.3616713842519205e-06,0.011798662580121501,0.0118,0.3,0.0,0.2984832710847204,0.0
3759,7.518,7.5200000000000005,-4.43160621270516,4.4439047826365545,0.0061492849656974435,8.875510995341713,-0.10131181689412128,0.10084061854166215,1,1,-4.43160621270516,4.4439047826365545,-6.0007508186052085,6.002252455815624,0.0007508186052076482,12.003003274420832,0.0015016372104161284,0.0,0.0015016372104161284,0.0,-0.0015016372104161284,-0.0015016372104161284,0.0,0.0,0.0,0.0,0.0,0.0,3.0062796984375283e-06,0.0,5.910197240796776,5.899371173194207,1.4797191250082165e-15,1.1095725033216652e-15,0.40299975032044694,0.0,-6.300000000000001,6.300000000000001,0.14142135623730964,0.14142135623730953,1.8003722980105858e-08,4.9935817796206295e-06,0.011820419356591226,0.0118,5.360501106506099e-06,0.01179872911963291,0.0118,0.3,0.0,0.29849836278958497,0.0
3764,7.5280000000000005,7.53,-4.431673412817168,4.443861778154981,0.006094182668906711,8.87553519097215,-0.10130790583869773,0.10084126488095618,1,1,-4.431673412817168,4.443861778154981,-6.000743347835262,6.002230043505786,0.000743347835261865,12.002973391341047,0.0014866956705240524,0.0,0.0014866956705240524,0.0,-0.0014866956705240524,-0.0014866956705240524,0.0,0.0,0.0,0.0,0.0,0.0,2.976366715641574e-06,0.0,5.910135340195931,5.899404038717729,9.211381657436846e-16,1.1551089945660564e-15,0.40299975024707946,0.0,-6.300000000000001,6.300000000000001,0.14142135623730964,0.14142135623730953,1.8007729578620532e-08,4.995049131107795e-06,0.011820295364304238,0.0118,5.3593390363260164e-06,0.01179879498474233,0.0118,0.3,0.0,0.2985133043294771,0.0
3769,7.538,7.54,-4.431740111686244,4.443819245227377,0.006039566770566385,8.87555935691362,-0.1013040301159282,0.10084190249455213,1,1,-4.431740111686244,4.443819245227377,-6.000735951400719,6.002207854202156,0.0007359514007188039,12.002943805602875,0.001471902801437946,0.0,0.001471902801437946,0.0,-0.001471902801437946,-0.001471902801437946,0.0,0.0,0.0,0.0,0.0,0.0,2.9467513719974975e-06,0.0,5.9100739153219175,5.899436571115373,8.618492475676726e-16,1.1707215058498477e-15,0.4029997501740374,0.0,-6.300000000000001,6.300000000000001,0.14142135623730964,0.14142135623730953,1.8011742758594945e-08,4.9965099736360675e-06,0.01182017232479422,0.0118,5.3581851477790825e-06,0.011798860182248433,0.0118,0.3,0.0,0.2985280971985632,0.0
3774,7.548,7.55,-4.431806312496908,4.443777178601073,0.005985433052082545,8.87558349109798,-0.10130018942069885,0.1008425315053893,1,1,-4.431806312496908,4.443777178601073,-6.000728628561929,6.002185885685788,0.0007286285619292343,12.002914514247717,0.001457257123858573,0.0,0.001457257123858573,0.0,-0.001457257123858573,-0.001457257123858573,0.0,0.0,0.0,0.0,0.0,0.0,2.917430705946255e-06,0.0,5.910012962877367,5.899468773745731,7.7021722333370235e-16,1.1590121223870042e-15,0.4029997501013212,0.0,-6.300000000000001,6.300000000000001,0.14142135623730964,0.14142135623730953,1.801576232244197e-08,4.997964298776587e-06,0.011820050231459168,0.0118,5.357039414359832e-06,0.011798924718881922,0.0118,0.3,0.0,0.2985427428761426,0.0
3779,7.558,7.5600000000000005,-4.431872018421518,4.443735573083103,0.0059317773307925314,8.875607591504622,-0.10129638345030778,0.10084315203458594,1,1,-4.431872018421518,4.443735573083103,-6.0007213785866025,6.002164135759809,0.0007213785866033717,12.002885514346412,0.001442757173205971,0.0,0.001442757173205971,0.0,-0.001442757173205971,-0.001442757173205971,0.0,0.0,0.0,0.0,0.0,0.0,2.888401785396808e-06,0.0,5.909952479583056,5.899500649933813,7.504491684106815e-16,1.1149935141840928e-15,0.4029997500289313,0.0,-6.300000000000001,6.300000000000001,0.14142135623730964,0.14142135623730953,1.8019788073185368e-08,4.999412098744419e-06,0.011819929077733386,0.0118,5.355901808987706e-06,0.011798988601306196,0.0118,0.3,0.0,0.29855724282679513,0.0
3784,7.5680000000000005,7.57,-4.431937232620178,4.4436944235395055,0.005878595459663849,8.875631656159683,-0.10129261190445202,0.10084376420146646,1,1,-4.431937232620178,4.4436944235395055,-6.000714200749737,6.00214260224921,0.0007142007497362712,12.002856802998947,0.0014284014994729911,0.0,0.0014284014994729911,0.0,-0.0014284014994729911,-0.0014284014994729911,0.0,0.0,0.0,0.0,0.0,0.0,2.8596617074329097e-06,0.0,5.909892462177869,5.899532202971375,9.296948925768475e-16,1.0592655225183378e-15,0.40299974995686794,0.0,-6.300000000000001,6.300000000000001,0.14142135623730964,0.14142135623730953,1.80238198144724e-08,5.000853366405225e-06,0.011819808857087402,0.0118,5.3547723040536785e-06,0.011799051836118016,0.0118,0.3,0.0,0.29857159850052806,0.0
3789,7.578,7.58,-4.432001958240656,4.443653724894637,0.005825883326990411,8.875655683135292,-0.1012888744852114,0.10084436812359238,1,1,-4.432001958240656,4.443653724894637,-6.00070709433354,6.002121283000621,0.0007070943335403257,12.002828377334161,0.0014141886670802973,0.0,0.0014141886670802973,0.0,-0.0014141886670802973,-0.0014141886670802973,0.0,0.0,0.0,0.0,0.0,0.0,2.831207598022814e-06,0.0,5.909832907418767,5.899563436117248,1.7208456881689926e-15,1.03367835124768e-15,0.4029997498851316,0.0,-6.300000000000001,6.300000000000001,0.14142135623730964,0.14142135623730953,1.8027857350586274e-08,5.0022880952441675e-06,0.01181968956302792,0.0118,5.3536508714180365e-06,0.011799114429848167,0.0118,0.3,0.0,0.2985858113329207,0.0
3794,7.588,7.59,-4.432066198418299,4.443613472130494,0.0057736368560972195,8.875679670548793,-0.1012851708970322,0.1008449639167866,1,1,-4.432066198418299,4.443613472130494,-6.000700058627366,6.002100175882099,0.0007000586273662179,12.002800234509465,0.0014001172547328058,0.0,0.0014001172547328058,0.0,-0.0014001172547328058,-0.0014001172547328058,0.0,0.0,0.0,0.0,0.0,0.0,2.8030366117318683e-06,0.0,5.909773812080765,5.899594352597668,7.164272430512653e-16,1.036063596027148e-15,0.40299974981372244,0.0,-6.300000000000001,6.300000000000001,0.14142135623730964,0.14142135623730953,1.8031900486458533e-08,5.003716279370356e-06,0.011819571189097745,0.0118,5.352537482434805e-06,0.011799176388962097,0.0118,0.3,0.0,0.2985998827452682,0.0
3799,7.598,7.6000000000000005,-4.432129956275949,4.443573660286034,0.005721852005042383,8.875703616561982,-0.10128150084671411,0.10084555169516396,1,1,-4.432129956275949,4.443573660286034,-6.000693092927639,6.002079278782917,0.0006930929276389719,12.002772371710556,0.001386185855277556,0.0,0.001386185855277556,0.0,-0.001386185855277556,-0.001386185855277556,0.0,0.0,0.0,0.0,0.0,0.0,2.775145931437968e-06,0.0,5.909715172956876,5.899624955606592,4.85722573273506e-16,1.0000680839006293e-15,0.4029997497426408,0.0,-6.300000000000001,6.300000000000001,0.14142135623730964,0.14142135623730953,1.8035949027681325e-08,5.005137913496865e-06,0.01181945372887571,0.0118,5.35143210796285e-06,0.011799237719860587,0.0118,0.3,0.0,0.29861381414472343,0.0
3804,7.6080000000000005,7.61,-4.432193234923867,4.443534284456521,0.005670524766327123,8.875727519380387,-0.10127786404339298,0.10084613157115424,1,1,-4.432193234923867,4.443534284456521,-6.000686196537782,6.002058589613345,0.0006861965377815693,12.002744786151126,0.0013723930755629925,0.0,0.0013723930755629925,0.0,-0.0013723930755629925,-0.0013723930755629925,0.0,0.0,0.0,0.0,0.0,0.0,2.74753276804984e-06,0.0,5.9096569868580895,5.899655248306017,7.430139131996832e-16,1.0195837230053684e-15,0.4029997496718869,0.0,-6.300000000000001,6.300000000000001,0.14142135623730964,0.14142135623730953,1.8040002780519535e-08,5.006552992949607e-06,0.011819337175976618,0.0118,5.350334718385863e-06,0.011799298428880365,0.0118,0.3,0.0,0.298627606924438,0.0
3809,7.618,7.62,-4.432256037459659,4.443495339792865,0.0056196511666031235,8.875751377252524,-0.101274260198526,0.10084670365553314,1,1,-4.432256037459659,4.443495339792865,-6.000679368768149,6.0020381063044494,0.0006793687681501126,12.002717475072599,0.0013587375362996504,0.0,0.0013587375362996504,0.0,-0.0013587375362996504,-0.0013587375362996504,0.0,0.0,0.0,0.0,0.0,0.0,2.7201943602281357e-06,0.0,5.909599250613333,5.8996852338262995,1.0026701691145945e-15,9.794682426234047e-16,0.40299974960146095,0.0,-6.300000000000001,6.300000000000001,0.14142135623730964,0.14142135623730953,1.804406155192282e-08,5.007961513634037e-06,0.011819221524051146,0.0118,5.349245283614579e-06,0.011799358522294742,0.0118,0.3,0.0,0.2986412624637013,0.0
3814,7.628,7.63,-4.432318366968205,4.443456821500976,0.005569227266385646,8.87577518846918,-0.10127068902587827,0.10084726805744265,1,1,-4.432318366968205,4.443456821500976,-6.000672608935961,6.002017826807883,0.0006726089359609944,12.002690435743844,0.0013452178719222231,0.0,0.0013452178719222231,0.0,-0.0013452178719222231,-0.0013452178719222231,0.0,0.0,0.0,0.0,0.0,0.0,2.6931279741092903e-06,0.0,5.909541961069429,5.899714915266469,9.332812300755222e-16,1.0670717781602335e-15,0.4029997495313631,0.0,-6.300000000000001,6.300000000000001,0.14142135623730964,0.14142135623730953,1.8048125149537543e-08,5.009363472057348e-06,0.011819106766785789,0.0118,5.348163773117864e-06,0.011799418006314273,0.0118,0.3,0.0,0.29865478212807883,0.0
3819,7.638,7.640000000000001,-4.432380226521585,4.44341872484112,0.005519249159767536,8.875798951362704,-0.10126715024150523,0.10084782488442107,1,1,-4.432380226521585,4.44341872484112,-6.000665916365227,6.001997749095679,0.0006659163652260602,12.002663665460906,0.001331832730453007,0.0,0.001331832730453007,0.0,-0.001331832730453007,-0.001331832730453007,0.0,0.0,0.0,0.0,0.0,0.0,2.6663309030321375e-06,0.0,5.909485115091059,5.899744295694537,1.1084883011491797e-15,1.052977149917922e-15,0.4029997494615935,0.0,-6.300000000000001,6.300000000000001,0.14142135623730964,0.14142135623730953,1.8052193381718548e-08,5.010758865288508e-06,0.011818992897902773,0.0118,5.347090155938261e-06,0.011799476887087327,0.0118,0.3,0.0,0.29866816726954803,0.0
3824,7.648000000000001,7.65,-4.432441619179019,4.4433810451272935,0.005469712974137231,8.875822664306313,-0.10126364356373915,0.1008483742424246,1,1,-4.432441619179019,4.4433810451272935,-6.000659290386683,6.00197787116005,0.0006592903866833311,12.002637161546733,0.0013185807733667003,0.0,0.0013185807733667003,0.0,-0.0013185807733667003,-0.0013185807733667003,0.0,0.0,0.0,0.0,0.0,0.0,2.639800467267237e-06,0.0,5.909428709560719,5.899773378147799,9.381398110609729e-16,1.0373646386341306e-15,0.4029997493921523,0.0,-6.300000000000001,6.300000000000001,0.14142135623730964,0.14142135623730953,1.8056266057540866e-08,5.012147690984903e-06,0.011818879911159975,0.0118,5.346024400685323e-06,0.01179953517070073,0.0118,0.3,0.0,0.2986814192266343,0.0
3829,7.658,7.66,-4.432502547986798,4.443343777726595,0.005420614869898532,8.875846325713393,-0.10126016871317381,0.10084891623585585,1,1,-4.432502547986798,4.443343777726595,-6.000652730337728,6.001958191013185,0.0006527303377286131,12.002610921350913,0.001305460675456551,0.0,0.001305460675456551,0.0,-0.001305460675456551,-0.001305460675456551,0.0,0.0,0.0,0.0,0.0,0.0,2.6135340137489043e-06,0.0,5.909372741378686,5.899802165633142,1.0152977362922616e-15,1.0456045751450205e-15,0.40299974932303956,0.0,-6.300000000000001,6.300000000000001,0.14142135623730964,0.14142135623730953,1.8060342986811258e-08,5.013529947345708e-06,0.011818767800350839,0.0118,5.344966475573365e-06,0.011799592863180379,0.0118,0.3,0.0,0.2986945393245445,0.0
3834,7.668,7.67,-4.432563015978226,4.443306918058605,0.005371951040189504,8.875869934036832,-0.10125672541264924,0.1008494509675821,1,1,-4.432563015978226,4.443306918058605,-6.0006462355623515,6.001938706687053,0.000646235562350661,12.002584942249404,0.001292471124701835,0.0,0.001292471124701835,0.0,-0.001292471124701835,-0.001292471124701835,0.0,0.0,0.0,0.0,0.0,0.0,2.5875289158098984e-06,0.0,5.909317207462968,5.8998306611273525,5.054364180879026e-16,1.012427988666964e-15,0.4029997492542553,0.0,-6.300000000000001,6.300000000000001,0.14142135623730964,0.14142135623730953,1.806442398007965e-08,5.014905633118549e-06,0.011818656559304294,0.0118,5.343916348428124e-06,0.01179964997049184,0.0118,0.3,0.0,0.29870752887529917,0.0
3839,7.678,7.68,-4.432623026173561,4.443270461594785,0.005323717710612019,8.875893487768344,-0.10125331338723648,0.10084997853896577,1,1,-4.432623026173561,4.443270461594785,-6.000639805411068,6.001919416233204,0.0006398054110681173,12.002559221644272,0.001279610822136652,0.0,0.001279610822136652,0.0,-0.001279610822136652,-0.001279610822136652,0.0,0.0,0.0,0.0,0.0,0.0,2.561782572918755e-06,0.0,5.9092621047492635,5.899858867577398,3.8069387594576176e-16,1.0280404999507553e-15,0.40299974918579967,0.0,-6.300000000000001,6.300000000000001,0.14142135623730964,0.14142135623730953,1.8068508848650472e-08,5.016274747619489e-06,0.011818546181884673,0.0118,5.342873986684538e-06,0.011799706498540922,0.0118,0.3,0.0,0.29872038917786436,0.0
3844,7.688,7.69,-4.432682581579958,4.443234403857866,0.005275911138953759,8.875916985437824,-0.10124993236422367,0.10085049904988291,1,1,-4.432682581579958,4.443234403857866,-6.00063343924086,6.001900317722581,0.0006334392408602341,12.002533756963441,0.0012668784817200286,0.0,0.0012668784817200286,0.0,-0.0012668784817200286,-0.0012668784817200286,0.0,0.0,0.0,0.0,0.0,0.0,2.5362924104197298e-06,0.0,5.909207430190918,5.8998867879007415,8.27463098040937e-16,1.0592655225183378e-15,0.40299974911767256,0.0,-6.300000000000001,6.300000000000001,0.14142135623730964,0.14142135623730953,1.8072597404593843e-08,5.0176372906819526e-06,0.011818436661991612,0.0118,5.341839357420053e-06,0.011799762453174309,0.0118,0.3,0.0,0.298733121518281,0.0
3849,7.698,7.7,-4.4327416851914165,4.443198740421259,0.005228527614921319,8.875940425612676,-0.10124658207310011,0.10085101259874774,1,1,-4.4327416851914165,4.443198740421259,-6.000627136415104,6.001881409245311,0.0006271364151038128,12.002508545660415,0.001254272830207313,0.0,0.001254272830207313,0.0,-0.001254272830207313,-0.001254272830207313,0.0,0.0,0.0,0.0,0.0,0.0,2.5110558792753303e-06,0.0,5.909153180758881,5.899914424985613,3.0532657836496863e-16,1.0195837230053684e-15,0.40299974904987407,0.0,-6.300000000000001,6.300000000000001,0.14142135623730964,0.14142135623730953,1.8076689460756612e-08,5.018993262661171e-06,0.011818327993559976,0.0118,5.340812427372388e-06,0.011799817840180108,0.0118,0.3,0.0,0.2987457271697937,0.0
3854,7.708,7.71,-4.432800339988732,4.443163466908464,0.005181563459866201,8.875963806897197,-0.10124326224554184,0.10085151928253613,1,1,-4.432800339988732,4.443163466908464,-6.000620896303512,6.001862688910534,0.0006208963035110315,12.002483585214046,0.0012417926070228485,0.0,0.0012417926070228485,0.0,-0.0012417926070228485,-0.0012417926070228485,0.0,0.0,0.0,0.0,0.0,0.0,2.4860704558114117e-06,0.0,5.90909935344165,5.899941781691319,8.801316067012094e-16,1.0074406586735307e-15,0.40299974898240404,0.0,-6.300000000000001,6.300000000000001,0.14142135623730964,0.14142135623730953,1.8080784830773315e-08,5.0203426644519435e-06,0.01181822017055975,0.0118,5.33979316292843e-06,0.011799872665288457,0.0118,0.3,0.0,0.29875820739297815,0.0
3859,7.718,7.72,-4.432858548939441,4.443128578992491,0.005135015026525025,8.875987127931932,-0.10123997261539772,0.10085201919680639,1,1,-4.432858548939441,4.443128578992491,-6.000614718282066,6.001844154846201,0.0006147182820672725,12.002458873128267,0.0012294365641339173,0.0,0.0012294365641339173,0.0,-0.0012294365641339173,-0.0012294365641339173,0.0,0.0,0.0,0.0,0.0,0.0,2.461333641464807e-06,0.0,5.909045945245241,5.899968860848515,5.039846036163087e-16,9.26559176606112e-16,0.40299974891526247,0.0,-6.300000000000001,6.300000000000001,0.14142135623730964,0.14142135623730953,1.8084883329077e-08,5.021685497446451e-06,0.011818113186995964,0.0118,5.338781530148662e-06,0.011799926934172079,0.0118,0.3,0.0,0.298770563435867,0.0
3864,7.728,7.73,-4.432916314997784,4.443094072395286,0.005088878698750854,8.87601038739307,-0.10123671291867253,0.1008525124357218,1,1,-4.432916314997784,4.443094072395286,-6.000608601732964,6.001825805198889,0.0006086017329627325,12.002434406931853,0.0012172034659259333,0.0,0.0012172034659259333,0.0,-0.0012172034659259333,-0.0012172034659259333,0.0,0.0,0.0,0.0,0.0,0.0,2.4368429625334667e-06,0.0,5.908992953193128,5.899995665259496,8.962523377533532e-16,9.679756995950584e-16,0.4029997488484492,0.0,-6.300000000000001,6.300000000000001,0.14142135623730964,0.14142135623730953,1.8088984770909874e-08,5.023021763543136e-06,0.011818007036908587,0.0118,5.337777494787144e-06,0.011799980652446864,0.0118,0.3,0.0,0.298782796534075,0.0
3869,7.738,7.74,-4.432973641104654,4.443059942887161,0.005043150891253401,8.876033583991816,-0.10123348289351478,0.10085299909207257,1,1,-4.432973641104654,4.443059942887161,-6.00060254604454,6.001807638133618,0.0006025460445391317,12.002410184178158,0.0012050920890788815,0.0,0.0012050920890788815,0.0,-0.0012050920890788815,-0.0012050920890788815,0.0,0.0,0.0,0.0,0.0,0.0,2.412595969929089e-06,0.0,5.908940374326192,5.900022197698473,6.800116025829084e-16,9.510621457042845e-16,0.4029997487819642,0.0,-6.300000000000001,6.300000000000001,0.14142135623730964,0.14142135623730953,1.8093088972333883e-08,5.024351465135602e-06,0.011817901714372435,0.0118,5.336781022304837e-06,0.011800033825672422,0.0118,0.3,0.0,0.29879490791092206,0.0
3874,7.748,7.75,-4.433030530187562,4.443026186286239,0.004997828049338349,8.876056716473801,-0.10123028228019998,0.10085347925729585,1,1,-4.433030530187562,4.443026186286239,-6.000596550611223,6.0017896518336675,0.000596550611222213,12.00238620244489,0.001193101222444984,0.0,0.001193101222444984,0.0,-0.001193101222444984,-0.001193101222444984,0.0,0.0,0.0,0.0,0.0,0.0,2.388590238932207e-06,0.0,5.908888205702684,5.900048460911854,7.085904942232685e-16,8.912141857830846e-16,0.4029997487158073,0.0,-6.300000000000001,6.300000000000001,0.14142135623730964,0.14142135623730953,1.8097195750241122e-08,5.0256746051126114e-06,0.011817797213497069,0.0118,5.335792077856283e-06,0.01180008645935265,0.0118,0.3,0.0,0.2988068987775559,0.0
3879,7.758,7.76,-4.43308698516059,4.442992798457893,0.004952906648651556,8.876079783618483,-0.10122711082111768,0.10085395302149774,1,1,-4.43308698516059,4.442992798457893,-6.000590614833464,6.001771844500392,0.0005906148334640093,12.002362459333856,0.0011812296669275859,0.0,0.0011812296669275859,0.0,-0.0011812296669275859,-0.0011812296669275859,0.0,0.0,0.0,0.0,0.0,0.0,2.3648233689497178e-06,0.0,5.9088364443981725,5.9000744576185244,2.0643209364124004e-16,9.549652735252323e-16,0.4029997486499783,0.0,-6.300000000000001,6.300000000000001,0.14142135623730964,0.14142135623730953,1.81013049223641e-08,5.026991186831442e-06,0.011817693528426697,0.0118,5.334810626329567e-06,0.01180013855893628,0.0118,0.3,0.0,0.29881877033307336,0.0
3884,7.768,7.7700000000000005,-4.433143008924362,4.442959775314208,0.004908383194922816,8.876102784238569,-0.10122396826075575,0.1008544204734732,1,1,-4.433143008924362,4.442959775314208,-6.000584738117681,6.001754214353042,0.0005847381176806721,12.002338952470723,0.0011694762353612416,0.0,0.0011694762353612416,0.0,-0.0011694762353612416,-0.0011694762353612416,0.0,0.0,0.0,0.0,0.0,0.0,2.3412929832748156e-06,0.0,5.9087850875054775,5.900100190510106,1.0894063429134349e-15,1.0076574991080278e-15,0.40299974858447696,0.0,-6.300000000000001,6.300000000000001,0.14142135623730964,0.14142135623730953,1.810541630728592e-08,5.028301214137869e-06,0.011817590653340072,0.0118,5.3338366323507635e-06,0.011800190129817416,0.0118,0.3,0.0,0.29883052376463975,0.0
3889,7.7780000000000005,7.78,-4.433198604366004,4.442927112813432,0.0048642542237136155,8.876125717179436,-0.10122085434568592,0.10085488170072571,1,1,-4.433198604366004,4.442927112813432,-6.0005789198761965,6.0017367596285895,0.0005789198761965153,12.002315679504786,0.001157839752393,0.0,0.001157839752393,0.0,-0.001157839752393,-0.001157839752393,0.0,0.0,0.0,0.0,0.0,0.0,2.3179967288493247e-06,0.0,5.908734132134641,5.9001256622512415,4.795392327585496e-17,9.686262208985497e-16,0.40299974851930315,0.0,-6.300000000000001,6.300000000000001,0.14142135623730964,0.14142135623730953,1.810952972445029e-08,5.0296046913262e-06,0.011817488582450401,0.0118,5.332870060279493e-06,0.011800241177336093,0.0118,0.3,0.0,0.29884216024760796,0.0
3894,7.788,7.79,-4.433253774359117,4.442894806959446,0.004820516300164446,8.876148581318564,-0.10121776882455136,0.10085533678948794,1,1,-4.433253774359117,4.442894806959446,-6.000573159527182,6.001719478581547,0.0005731595271827317,12.00229263810873,0.0011463190543648672,0.0,0.0011463190543648672,0.0,-0.0011463190543648672,-0.0011463190543648672,0.0,0.0,0.0,0.0,0.0,0.0,2.2949322760283883e-06,0.0,5.908683575412859,5.900150875479856,2.7755575615628914e-16,1.0137290312739466e-15,0.40299974845445663,0.0,-6.300000000000001,6.300000000000001,0.14142135623730964,0.14142135623730953,1.8113644994171376e-08,5.0309016231592575e-06,0.01181738731000522,0.0118,5.331910874251111e-06,0.011800291706778812,0.0118,0.3,0.0,0.29885368094563614,0.0
3899,7.798,7.8,-4.433308521763739,4.442862853801238,0.004777166018749224,8.876171375564976,-0.1012147114480487,0.10085578582474095,1,1,-4.433308521763739,4.442862853801238,-6.000567456494599,6.001702369483796,0.0005674564945987726,12.002269825978395,0.0011349129891974404,0.0,0.0011349129891974404,0.0,-0.0011349129891974404,-0.0011349129891974404,0.0,0.0,0.0,0.0,0.0,0.0,2.2720973183475063e-06,0.0,5.90863341448444,5.900175832807418,1.1744077932362984e-15,1.0054890947630568e-15,0.40299974838993713,0.0,-6.300000000000001,6.300000000000001,0.14142135623730964,0.14142135623730953,1.8117761937643586e-08,5.032192014848393e-06,0.011817286830286308,0.0118,5.330959038147842e-06,0.011800341723379043,0.0118,0.3,0.0,0.29886508701080355,0.0
3904,7.808,7.8100000000000005,-4.433362849426324,4.442831249432379,0.004734200003027489,8.876194098858702,-0.10121168196891725,0.10085622889023316,1,1,-4.433362849426324,4.442831249432379,-6.000561810208137,6.001685430624412,0.0005618102081372811,12.00224724083255,0.0011236204162746973,0.0,0.0011236204162746973,0.0,-0.0011236204162746973,-0.0011236204162746973,0.0,0.0,0.0,0.0,0.0,0.0,2.249489572291879e-06,0.0,5.908583646510739,5.900200536819212,5.46293899331661e-16,9.677588591605613e-16,0.40299974832574437,0.0,-6.300000000000001,6.300000000000001,0.14142135623730964,0.14142135623730953,1.8121880376951138e-08,5.033475872046828e-06,0.01181718713760957,0.0118,5.3300145156520706e-06,0.011800391232317789,0.0118,0.3,0.0,0.29887637958372626,0.0
3909,7.8180000000000005,7.82,-4.4334167601797105,4.442799989990506,0.004691614905397934,8.876216750170217,-0.10120868014192208,0.10085666606849925,1,1,-4.4334167601797105,4.442799989990506,-6.0005562201031655,6.001668660309495,0.0005562201031645841,12.00222488041266,0.0011124402063299348,0.0,0.0011124402063299348,0.0,-0.0011124402063299348,-0.0011124402063299348,0.0,0.0,0.0,0.0,0.0,0.0,2.2271067770680614e-06,0.0,5.908534268670117,5.900224990074588,7.025630077706069e-16,9.88575540872283e-16,0.40299974826187795,0.0,-6.300000000000001,6.300000000000001,0.14142135623730964,0.14142135623730953,1.8126000135077548e-08,5.034753200838551e-06,0.011817088226324927,0.0118,5.329077270213034e-06,0.011800440238724084,0.0118,0.3,0.0,0.29888755979367104,0.0
3914,7.828,7.83,-4.433470256843102,4.44276907165682,0.004649407406859041,8.876239328499922,-0.10120570572384108,0.100857097440879,1,1,-4.433470256843102,4.44276907165682,-6.0005506856206665,6.0016520568619995,0.0005506856206665134,12.002202742482666,0.0011013712413328422,0.0,0.0011013712413328422,0.0,-0.0011013712413328422,-0.0011013712413328422,0.0,0.0,0.0,0.0,0.0,0.0,2.2049466943778796e-06,0.0,5.908485278157877,5.900249195107225,1.3357370765021415e-15,1.0367141173306393e-15,0.40299974819833767,0.0,-6.300000000000001,6.300000000000001,0.14142135623730964,0.14142135623730953,1.8130121035914944e-08,5.03602400774276e-06,0.011816990090816224,0.0118,5.328147265102334e-06,0.011800488747675515,0.0118,0.3,0.0,0.2988986287586682,0.0
3919,7.838,7.84,-4.43352334222204,4.442738490655574,0.004607574216767052,8.876261832877614,-0.10120275847345164,0.10085752308753484,1,1,-4.43352334222204,4.442738490655574,-6.000545206207189,6.001635618621567,0.0005452062071888975,12.002180824828756,0.0010904124143776952,0.0,0.0010904124143776952,0.0,-0.0010904124143776952,-0.0010904124143776952,0.0,0.0,0.0,0.0,0.0,0.0,2.1830071081945974e-06,0.0,5.908436672186209,5.900273154425383,6.463200200729213e-16,1.0104764247564901e-15,0.4029997481351232,0.0,-6.300000000000001,6.300000000000001,0.14142135623730964,0.14142135623730953,1.8134242904273263e-08,5.037288299696095e-06,0.01181689272550109,0.0118,5.327224463389513e-06,0.011800536764198722,0.0118,0.3,0.0,0.2989095875856233,0.0
3924,7.848,7.8500000000000005,-4.433576019108386,4.442708243253585,0.004566112072599271,8.87628426236197,-0.10119983815151418,0.10085794308747065,1,1,-4.433576019108386,4.442708243253585,-6.000539781314787,6.001619343944359,0.0005397813147860475,12.002159125259146,0.001079562629572666,0.0,0.001079562629572666,0.0,-0.001079562629572666,-0.001079562629572666,0.0,0.0,0.0,0.0,0.0,0.0,2.1612858245413127e-06,0.0,5.9083884479841435,5.900296870512154,9.488937413593135e-16,1.0150300738809293e-15,0.402999748072234,0.0,-6.300000000000001,6.300000000000001,0.14142135623730964,0.14142135623730953,1.8138365565889273e-08,5.038546084059304e-06,0.011816796124830862,0.0118,5.326308827953153e-06,0.011800584293269922,0.0118,0.3,0.0,0.29892043737042834,0.0
3929,7.8580000000000005,7.86,-4.433628290280306,4.442678325759734,0.00452501773971381,8.87630661604004,-0.10119694452076014,0.10085835751854899,1,1,-4.433628290280306,4.442678325759734,-6.000534410400966,6.001603231202895,0.0005344104009648021,12.002137641603861,0.0010688208019302326,0.0,0.0010688208019302326,0.0,-0.0010688208019302326,-0.0010688208019302326,0.0,0.0,0.0,0.0,0.0,0.0,2.13978067127156e-06,0.0,5.90834060279748,5.900320345825714,1.8283985436795547e-15,1.072492789022661e-15,0.40299974800966987,0.0,-6.300000000000001,6.300000000000001,0.14142135623730964,0.14142135623730953,1.8142488847435494e-08,5.039797368583933e-06,0.01181670028329044,0.0118,5.325400321523066e-06,0.011800631339815395,0.0118,0.3,0.0,0.29893117919807083,0.0
3934,7.868,7.87,-4.433680158502246,4.442648734524488,0.004484288011120885,8.876328893026734,-0.10119407734587665,0.10085876645750863,1,1,-4.433680158502246,4.442648734524488,-6.0005290929286295,6.001587278785888,0.0005290929286294599,12.002116371714518,0.0010581858572586793,0.0,0.0010581858572586793,0.0,-0.0010581858572586793,-0.0010581858572586793,0.0,0.0,0.0,0.0,0.0,0.0,2.118489497852092e-06,0.0,5.908293133888744,5.900343582799576,7.979727989493313e-16,1.0362804364616451e-15,0.40299974794743026,0.0,-6.300000000000001,6.300000000000001,0.14142135623730964,0.14142135623730953,1.8146612576528954e-08,5.041042161434531e-06,0.011816605195398192,0.0118,5.324498906653652e-06,0.011800677908711988,0.0118,0.3,0.0,0.29894181414274235,0.0
3939,7.878,7.88,-4.433731626524923,4.442619465939418,0.004443919707247446,8.876351092464342,-0.10119123639349359,0.10085916997998129,1,1,-4.433731626524923,4.442619465939418,-6.000523828366027,6.001571485098082,0.0005238283660276011,12.002095313464109,0.0010476567320546763,0.0,0.0010476567320546763,0.0,-0.0010476567320546763,-0.0010476567320546763,0.0,0.0,0.0,0.0,0.0,0.0,2.0974101751478223e-06,0.0,5.908246038537122,5.900366583842822,7.486517644966079e-16,1.0284741808197495e-15,0.40299974788551485,0.0,-6.300000000000001,6.300000000000001,0.14142135623730964,0.14142135623730953,1.8150736581739793e-08,5.042280471162007e-06,0.011816510855705838,0.0118,5.323604545748317e-06,0.0118007240047876,0.0118,0.3,0.0,0.29895234326794634,0.0
3944,7.888,7.890000000000001,-4.433782697085315,4.4425905164367245,0.00440390967570492,8.87637321352204,-0.10118842143216969,0.100859568160509,1,1,-4.433782697085315,4.4425905164367245,-6.000518616186699,6.001555848560096,0.0005186161866985728,12.002074464746794,0.0010372323733969292,0.0,0.0010372323733969292,0.0,-0.0010372323733969292,-0.0010372323733969292,0.0,0.0,0.0,0.0,0.0,0.0,2.076540595208915e-06,0.0,5.908199314038403,5.900389351340355,1.4623718902484484e-15,1.0048385734595655e-15,0.40299974782392317,0.0,-6.300000000000001,6.300000000000001,0.14142135623730964,0.14142135623730953,1.8154860692599728e-08,5.0435123067080675e-06,0.011816417258798322,0.0118,5.3227172010705815e-06,0.011800769632821674,0.0118,0.3,0.0,0.29896276762660406,0.0
3949,7.898000000000001,7.9,-4.43383337290664,4.4425618824887705,0.004364254791065392,8.87639525539541,-0.10118563223237786,0.10085996107256023,1,1,-4.43383337290664,4.4425618824887705,-6.000513455869421,6.0015403676082615,0.0005134558694201985,12.002053823477683,0.0010269117388408849,0.0,0.0010269117388408849,0.0,-0.0010269117388408849,-0.0010269117388408849,0.0,0.0,0.0,0.0,0.0,0.0,2.0558786710599847e-06,0.0,5.9081529577049245,5.900411887653138,1.3426759704060487e-15,9.874913386997974e-16,0.4029997477626547,0.0,-6.300000000000001,6.300000000000001,0.14142135623730964,0.14142135623730953,1.8158984739610398e-08,5.044737677385234e-06,0.011816324399293709,0.0118,5.321836834748517e-06,0.011800814797545665,0.0118,0.3,0.0,0.2989730882611601,0.0
3954,7.908,7.91,-4.433883656698353,4.442533560607617,0.004324951954632006,8.87641721730597,-0.10118286856649186,0.10086034878854622,1,1,-4.433883656698353,4.442533560607617,-6.000508346898157,6.001525040694472,0.0005083468981572636,12.002033387592629,0.0010166937963144872,0.0,0.0010166937963144872,0.0,-0.0010166937963144872,-0.0010166937963144872,0.0,0.0,0.0,0.0,0.0,0.0,2.0354223364913987e-06,0.0,5.908106966865509,5.900434195118428,1.033895191682177e-15,1.0701075442431929e-15,0.402999747701709,0.0,-6.300000000000001,6.300000000000001,0.14142135623730964,0.14142135623730953,1.8163108554251516e-08,5.045956592892388e-06,0.011816232271843061,0.0118,5.320963408779189e-06,0.01180085950364354,0.0118,0.3,0.0,0.29898330620368657,0.0
3959,7.918,7.92,-4.43393355115614,4.442505547344571,0.004285998094215593,8.876439098500711,-0.10118013020877309,0.1008607313798375,1,1,-4.43393355115614,4.442505547344571,-6.000503288762007,6.001509866286022,0.0005032887620073367,12.00201315504803,0.0010065775240149684,0.0,0.0010065775240149684,0.0,-0.0010065775240149684,-0.0010065775240149684,0.0,0.0,0.0,0.0,0.0,0.0,2.015169545852652e-06,0.0,5.908061338865405,5.900456276050017,6.696032617270475e-16,1.016547956922409e-15,0.40299974764108554,0.0,-6.300000000000001,6.300000000000001,0.14142135623730964,0.14142135623730953,1.8167231968988927e-08,5.0471690632881215e-06,0.011816140871130316,0.0118,5.320096885050862e-06,0.011800903755752231,0.0118,0.3,0.0,0.29899342247598604,0.0
3964,7.928,7.930000000000001,-4.433983058961904,4.442477839289726,0.004247390163910847,8.87646089825163,-0.10117741693535687,0.10086110891677852,1,1,-4.433983058961904,4.442477839289726,-6.000498280955153,6.00149484286546,0.000498280955153696,12.001993123820613,0.0009965619103066688,0.0,0.0009965619103066688,0.0,-0.0009965619103066688,-0.0009965619103066688,0.0,0.0,0.0,0.0,0.0,0.0,1.995118273847805e-06,0.0,5.908016071066233,5.900478132738457,5.30825383648903e-16,1.053193990352419e-15,0.40299974758078383,0.0,-6.300000000000001,6.300000000000001,0.14142135623730964,0.14142135623730953,1.8171354817282468e-08,5.048375098986301e-06,0.011816050191872174,0.0118,5.319237225351881e-06,0.011800947558462099,0.0118,0.3,0.0,0.2990034380896944,0.0
3969,7.938,7.94,-4.4340321827837705,4.442450433071522,0.004209125143875614,8.876482615855291,-0.10117472852423745,0.10086148146870463,1,1,-4.4340321827837705,4.442450433071522,-6.000493322976809,6.00147996893043,0.000493322976810262,12.00197329190724,0.000986645953619871,0.0,0.000986645953619871,0.0,-0.000986645953619871,-0.000986645953619871,0.0,0.0,0.0,0.0,0.0,0.0,1.975266515332947e-06,0.0,5.907971160845913,5.900499767451306,2.204833537966522e-15,1.0677222994637248e-15,0.40299974752080325,0.0,-6.300000000000001,6.300000000000001,0.14142135623730964,0.14142135623730953,1.8175476933593714e-08,5.049574710758283e-06,0.011815960228817967,0.0118,5.318384391346243e-06,0.011800990916317413,0.0118,0.3,0.0,0.2990133540463812,0.0
3974,7.948,7.95,-4.4340809252760724,4.442423325356303,0.004171200040115064,8.876504250632376,-0.10117206475525622,0.1008618491039559,1,1,-4.4340809252760724,4.442423325356303,-6.000488414331175,6.001465242993526,0.000488414331175413,12.001953657324702,0.0009768286623506425,0.0,0.0009768286623506425,0.0,-0.0009768286623506425,-0.0009768286623506425,0.0,0.0,0.0,0.0,0.0,0.0,1.9556122851156826e-06,0.0,5.907926605598617,5.900521182433332,1.766995431267196e-15,1.0933094707343827e-15,0.4029997474611434,0.0,-6.300000000000001,6.300000000000001,0.14142135623730964,0.14142135623730953,1.817959815339358e-08,5.0507679097195955e-06,0.011815870976749543,0.0118,5.317538344618012e-06,0.011801033833816803,0.0118,0.3,0.0,0.29902317133765044,0.0
3979,7.958,7.96,-4.434129289079359,4.44239651284788,0.004133611884260535,8.87652580192724,-0.10116942541008797,0.10086221188989386,1,1,-4.434129289079359,4.44239651284788,-6.000483554527381,6.001450663582142,0.0004835545273804698,12.001934218109524,0.000967109054761676,0.0,0.000967109054761676,0.0,-0.000967109054761676,-0.000967109054761676,0.0,0.0,0.0,0.0,0.0,0.0,1.936153617756612e-06,0.0,5.9078824027347,5.900542379906766,3.694961003830599e-16,1.0694570229397016e-15,0.4029997474018036,0.0,-6.300000000000001,6.300000000000001,0.14142135623730964,0.14142135623730953,1.8183718313169738e-08,5.051954707332154e-06,0.011815782430481148,0.0118,5.316699046673534e-06,0.011801076315413703,0.0118,0.3,0.0,0.2990328909452394,0.0
3984,7.968,7.97,-4.4341772768203915,4.442369992287101,0.004096357733354594,8.876547269107492,-0.10116681027222685,0.10086256989291345,1,1,-4.4341772768203915,4.442369992287101,-6.000478743079443,6.001436229238326,0.00047874307944173466,12.001914972317769,0.0009574861588841123,0.0,0.0009574861588841123,0.0,-0.0009574861588841123,-0.0009574861588841123,0.0,0.0,0.0,0.0,0.0,0.0,1.9168885673727842e-06,0.0,5.907838549680634,5.900563362071512,4.926614671774132e-16,1.0870210981339667e-15,0.40299974734278327,0.0,-6.300000000000001,6.300000000000001,0.14142135623730964,0.14142135623730953,1.818783725043393e-08,5.053135115384286e-06,0.011815694584859296,0.0118,5.315866458939223e-06,0.011801118365516814,0.0118,0.3,0.0,0.29904251384111696,0.0
3989,7.978,7.98,-4.434224891112143,4.4423437604514255,0.004059434669641426,8.876568651563568,-0.10116421912697349,0.1008629231784619,1,1,-4.434224891112143,4.4423437604514255,-6.000473979506211,6.0014219385186305,0.00047397950620986506,12.001895918024841,0.0009479590124203449,0.0,0.0009479590124203449,0.0,-0.0009479590124203449,-0.0009479590124203449,0.0,0.0,0.0,0.0,0.0,0.0,1.8978152074431057e-06,0.0,5.907795043878959,5.900584131105369,5.645999753877209e-16,1.1143429928806015e-15,0.4029997472840818,0.0,-6.300000000000001,6.300000000000001,0.14142135623730964,0.14142135623730953,1.81919548037291e-08,5.054309145997379e-06,0.011815607434762645,0.0118,5.31504054275489e-06,0.011801159988490543,0.0118,0.3,0.0,0.29905204098758076,0.0
3994,7.988,7.99,-4.434272134553804,4.442317814154505,0.004022839800350564,8.876589948708308,-0.10116165176142194,0.10086327181104832,1,1,-4.434272134553804,4.442317814154505,-6.000469263331324,6.001407789993971,0.00046926333132368825,12.001877053325295,0.0009385266626477878,0.0,0.0009385266626477878,0.0,-0.0009385266626477878,-0.0009385266626477878,0.0,0.0,0.0,0.0,0.0,0.0,1.8789316306156895e-06,0.0,5.907751882788209,5.900604689164251,1.096345236817342e-15,1.1329912702473521e-15,0.4029997472256986,0.0,-6.300000000000001,6.300000000000001,0.14142135623730964,0.14142135623730953,1.8196070812636377e-08,5.055476811610351e-06,0.011815520975101877,0.0118,5.3142212594226025e-06,0.011801201188655438,0.0118,0.3,0.0,0.29906147333735333,0.0
3999,7.998,8.0,-4.4343190097307845,4.442292150245765,0.003986570257490385,8.87661115997655,-0.10115910796444555,0.10086361585426085,1,1,-4.4343190097307845,4.442292150245765,-6.000464594083161,6.001393782249486,0.0004645940831622397,12.001858376332647,0.0009291881663236038,0.0,0.0009291881663236038,0.0,-0.0009291881663236038,-0.0009291881663236038,0.0,0.0,0.0,0.0,0.0,0.0,1.8602359485171165e-06,0.0,5.907709063882853,5.900625038382415,2.5049406993105094e-15,1.0672886185947306e-15,0.402999747167633,0.0,-6.300000000000001,6.300000000000001,0.14142135623730964,0.14142135623730953,1.8200185117781953e-08,5.056638124981862e-06,0.011815435200819568,0.0118,5.313408570180034e-06,0.011801241970288633,0.0118,0.3,0.0,0.29907081183367745,0.0
