step,u_start,u_end,p_b,p_a,midpoint,spread,slope_b,slope_a,crossings_b,crossings_a,pre_p_b,pre_p_a,q_b,q_a,mu,Sigma,Q_B_quote,Q_A_quote,Q_B_post,Q_A_post,I_quote,I_post,requested_sell,requested_buy,executed_sell,executed_buy,unfilled_sell,unfilled_buy,due_bid,due_ask,mass_bid,mass_ask,budget_error,ledger_error,positivity_load,min_density,source_centroid_b,source_centroid_a,source_std_b,source_std_a,matched_volume,boundary_flux_bid,cancelled_bid,external_bid,boundary_flux_ask,cancelled_ask,external_ask,cumulative_buy,cumulative_sell,cumulative_completed_bid,cumulative_completed_ask
0,0,0,-4.365439996139249,4.3654399961392505,8.881784197001252e-16,8.7308799922785,-0.10093419189346531,0.10093419189346531,1,1,-4.365439996139249,4.3654399961392505,-6.0,6.0,0.0,12.0,0,0,0,0,0,0,0,0,0,0,0,0,0,0,6.0024080202442915,6.002408020244292,0,0,0,0,0,0,0,0,0,0,0,0,0,0,0,0,0,0,0
9,0.009000000000000001,0.01,-4.365439995190372,4.365439995190374,8.881784197001252e-16,8.730879990380746,-0.10093419189887126,0.10093419189887126,1,1,-4.365439995190372,4.365439995190374,-6.0,6.0,0.0,12.0,0.0,0.0,0.0,0.0,0.0,0.0,0.0,0.0,0.0,0.0,0.0,0.0,0.0,0.0,6.002408021263846,6.002408021263845,9.107298248878237e-16,0.0,0.8014999395229355,0.0,-6.25,6.250000000000001,0.15811388300841892,0.15811388300841886,1.0955546301557927e-08,2.4190781892908222e-06,0.006002408021162365,0.006,2.419078189290769e-06,0.006002408021162365,0.006,0.0,0.0,0.0,0.0
19,0.019,0.02,-4.365439994251367,4.365439994251369,8.881784197001252e-16,8.730879988502736,-0.10093419190421116,0.10093419190421116,1,1,-4.365439994251367,4.365439994251369,-6.0,6.0,0.0,12.0,0.0,0.0,0.0,0.0,0.0,0.0,0.0,0.0,0.0,0.0,0.0,0.0,0.0,0.0,6.002408022272888,6.00240802227289,2.0365653607967715e-15,0.0,0.8014999395229362,0.0,-6.25,6.250000000000001,0.15811388300841892,0.15811388300841886,1.0955556057618399e-08,2.419078163100739e-06,0.006002408022172456,0.006,2.4190781631006075e-06,0.006002408022172456,0.006,0.0,0.0,0.0,0.0
29,0.029,0.03,-4.365439993322128,4.365439993322131,1.3322676295501878e-15,8.730879986644258,-0.10093419190948555,0.10093419190948555,1,1,-4.365439993322128,4.365439993322131,-6.0,6.0,0.0,12.0,0.0,0.0,0.0,0.0,0.0,0.0,0.0,0.0,0.0,0.0,0.0,0.0,0.0,0.0,6.002408023271533,6.002408023271532,1.1544584732625651e-15,0.0,0.8014999395229369,0.0,-6.25,6.250000000000001,0.15811388300841892,0.15811388300841886,1.0955565725775452e-08,2.419078137191001e-06,0.0060024080231721325,0.006,2.4190781371902225e-06,0.006002408023172133,0.006,0.0,0.0,0.0,0.0
39,0.039,0.04,-4.365439992402557,4.365439992402559,8.881784197001252e-16,8.730879984805116,-0.10093419191469527,0.10093419191469527,1,1,-4.365439992402557,4.365439992402559,-6.0,6.0,0.0,12.0,0.0,0.0,0.0,0.0,0.0,0.0,0.0,0.0,0.0,0.0,0.0,0.0,0.0,0.0,6.002408024259882,6.002408024259882,1.0148132334464322e-16,0.0,0.8014999395229375,0.0,-6.25,6.250000000000001,0.15811388300841892,0.15811388300841886,1.0955575306805285e-08,2.4190781115571628e-06,0.006002408024161507,0.006,2.4190781115573936e-06,0.006002408024161508,0.006,0.0,0.0,0.0,0.0
49,0.049,0.05,-4.365439991492551,4.365439991492552,8.881784197001252e-16,8.730879982985103,-0.10093419191984115,0.10093419191984115,1,1,-4.365439991492551,4.365439991492552,-6.0,6.0,0.0,12.0,0.0,0.0,0.0,0.0,0.0,0.0,0.0,0.0,0.0,0.0,0.0,0.0,0.0,0.0,6.002408025238044,6.002408025238043,5.152128723651117e-16,0.0,0.8014999395229381,0.0,-6.25,6.250000000000001,0.15811388300841892,0.15811388300841886,1.0955584801477411e-08,2.41907808619922e-06,0.006002408025140683,0.006,2.4190780861998995e-06,0.006002408025140683,0.006,0.0,0.0,0.0,0.0
59,0.059000000000000004,0.06,-4.365439990592011,4.365439990592013,8.881784197001252e-16,8.730879981184025,-0.10093419192492376,0.10093419192492376,1,1,-4.365439990592011,4.365439990592013,-6.0,6.0,0.0,12.0,0.0,0.0,0.0,0.0,0.0,0.0,0.0,0.0,0.0,0.0,0.0,0.0,0.0,0.0,6.002408026206123,6.002408026206123,4.371503159461554e-16,0.0,0.8014999395229387,0.0,-6.25,6.250000000000001,0.15811388300841892,0.15811388300841886,1.0955594210554714e-08,2.4190780611127267e-06,0.006002408026109765,0.006,2.4190780611133e-06,0.006002408026109765,0.006,0.0,0.0,0.0,0.0
69,0.069,0.07,-4.36543998970084,4.365439989700842,8.881784197001252e-16,8.730879979401681,-0.10093419192994307,0.10093419192994307,1,1,-4.36543998970084,4.365439989700842,-6.0,6.0,0.0,12.0,0.0,0.0,0.0,0.0,0.0,0.0,0.0,0.0,0.0,0.0,0.0,0.0,0.0,0.0,6.002408027164222,6.002408027164222,1.0755285551056204e-15,0.0,0.8014999395229394,0.0,-6.25,6.250000000000001,0.15811388300841892,0.15811388300841886,1.0955603534793508e-08,2.419078036297679e-06,0.0060024080270688574,0.006,2.419078036297595e-06,0.006002408027068859,0.006,0.0,0.0,0.0,0.0
79,0.079,0.08,-4.365439988818939,4.365439988818941,8.881784197001252e-16,8.73087997763788,-0.10093419193490216,0.10093419193490216,1,1,-4.365439988818939,4.365439988818941,-6.0,6.0,0.0,12.0,0.0,0.0,0.0,0.0,0.0,0.0,0.0,0.0,0.0,0.0,0.0,0.0,0.0,0.0,6.002408028112446,6.0024080281124474,1.3686968225457008e-15,0.0,0.80149993952294,0.0,-6.25,6.250000000000001,0.15811388300841892,0.15811388300841886,1.0955612774943587e-08,2.4190780117496316e-06,0.006002408028018065,0.006,2.419078011750564e-06,0.006002408028018065,0.006,0.0,0.0,0.0,0.0
89,0.089,0.09,-4.365439987946212,4.365439987946215,1.3322676295501878e-15,8.730879975892428,-0.10093419193979936,0.10093419193979936,1,1,-4.365439987946212,4.365439987946215,-6.0,6.0,0.0,12.0,0.0,0.0,0.0,0.0,0.0,0.0,0.0,0.0,0.0,0.0,0.0,0.0,0.0,0.0,6.002408029050897,6.002408029050896,9.454242944073599e-17,0.0,0.8014999395229406,0.0,-6.25,6.250000000000001,0.15811388300841892,0.15811388300841886,1.095562193174828e-08,2.4190779874619185e-06,0.006002408028957488,0.006,2.4190779874611046e-06,0.006002408028957488,0.006,0.0,0.0,0.0,0.0
99,0.099,0.1,-4.365439987082565,4.365439987082567,8.881784197001252e-16,8.730879974165132,-0.10093419194463688,0.10093419194463688,1,1,-4.365439987082565,4.365439987082567,-6.0,6.0,0.0,12.0,0.0,0.0,0.0,0.0,0.0,0.0,0.0,0.0,0.0,0.0,0.0,0.0,0.0,0.0,6.002408029979673,6.002408029979674,1.7329887525008303e-15,0.0,0.8014999395229412,0.0,-6.25,6.250000000000001,0.15811388300841892,0.15811388300841886,1.095563100594451e-08,2.4190779634389766e-06,0.006002408029887226,0.006,2.4190779634380986e-06,0.006002408029887226,0.006,0.0,0.0,0.0,0.0
109,0.109,0.11,-4.365439986227902,4.365439986227904,8.881784197001252e-16,8.730879972455806,-0.10093419194941528,0.10093419194941528,1,1,-4.365439986227902,4.365439986227904,-6.0,6.0,0.0,12.0,0.0,0.0,0.0,0.0,0.0,0.0,0.0,0.0,0.0,0.0,0.0,0.0,0.0,0.0,6.002408030898875,6.0024080308988745,1.0364972768961422e-15,0.0,0.8014999395229417,0.0,-6.25,6.250000000000001,0.15811388300841892,0.15811388300841886,1.0955639998262845e-08,2.419077939676361e-06,0.006002408030807383,0.006,2.419077939677106e-06,0.006002408030807383,0.006,0.0,0.0,0.0,0.0
119,0.11900000000000001,0.12,-4.36543998538213,4.365439985382132,8.881784197001252e-16,8.730879970764262,-0.10093419195413428,0.10093419195413428,1,1,-4.36543998538213,4.365439985382132,-6.0,6.0,0.0,12.0,0.0,0.0,0.0,0.0,0.0,0.0,0.0,0.0,0.0,0.0,0.0,0.0,0.0,0.0,6.002408031808604,6.002408031808604,3.0097452308197603e-16,0.0,0.8014999395229424,0.0,-6.25,6.250000000000001,0.15811388300841892,0.15811388300841886,1.0955648909427546e-08,2.4190779161674053e-06,0.006002408031718055,0.006,2.419077916167023e-06,0.006002408031718054,0.006,0.0,0.0,0.0,0.0
129,0.129,0.13,-4.365439984545157,4.365439984545159,8.881784197001252e-16,8.730879969090315,-0.10093419195879555,0.10093419195879555,1,1,-4.365439984545157,4.365439984545159,-6.0,6.0,0.0,12.0,0.0,0.0,0.0,0.0,0.0,0.0,0.0,0.0,0.0,0.0,0.0,0.0,0.0,0.0,6.002408032708955,6.002408032708954,1.2906342661267445e-15,0.0,0.801499939522943,0.0,-6.25,6.250000000000001,0.15811388300841892,0.15811388300841886,1.0955657740156625e-08,2.419077892907665e-06,0.006002408032619338,0.006,2.4190778929078505e-06,0.0060024080326193385,0.006,0.0,0.0,0.0,0.0
139,0.139,0.14,-4.36543998371689,4.365439983716892,1.3322676295501878e-15,8.730879967433783,-0.10093419196339937,0.10093419196339937,1,1,-4.36543998371689,4.365439983716892,-6.0,6.0,0.0,12.0,0.0,0.0,0.0,0.0,0.0,0.0,0.0,0.0,0.0,0.0,0.0,0.0,0.0,0.0,6.002408033600024,6.002408033600024,1.2498682644412895e-15,0.0,0.8014999395229435,0.0,-6.25,6.250000000000001,0.15811388300841892,0.15811388300841886,1.0955666491161901e-08,2.4190778699060177e-06,0.0060024080335113325,0.006,2.41907786990625e-06,0.0060024080335113325,0.006,0.0,0.0,0.0,0.0
149,0.149,0.15,-4.36543998289724,4.365439982897242,8.881784197001252e-16,8.730879965794482,-0.10093419196794712,0.10093419196794712,1,1,-4.36543998289724,4.365439982897242,-6.0,6.0,0.0,12.0,0.0,0.0,0.0,0.0,0.0,0.0,0.0,0.0,0.0,0.0,0.0,0.0,0.0,0.0,6.002408034481909,6.00240803448191,8.205242041370298e-16,0.0,0.8014999395229441,0.0,-6.25,6.250000000000001,0.15811388300841892,0.15811388300841886,1.0955675163149039e-08,2.419077847146916e-06,0.006002408034394131,0.006,2.419077847146678e-06,0.006002408034394131,0.006,0.0,0.0,0.0,0.0
159,0.159,0.16,-4.365439982086118,4.365439982086119,8.881784197001252e-16,8.730879964172237,-0.1009341919724388,0.1009341919724388,1,1,-4.365439982086118,4.365439982086119,-6.0,6.0,0.0,12.0,0.0,0.0,0.0,0.0,0.0,0.0,0.0,0.0,0.0,0.0,0.0,0.0,0.0,0.0,6.002408035354702,6.002408035354703,1.2004286453759505e-15,0.0,0.8014999395229446,0.0,-6.25,6.250000000000001,0.15811388300841892,0.15811388300841886,1.0955683756817616e-08,2.4190778246303554e-06,0.00600240803526783,0.006,2.419077824631355e-06,0.006002408035267831,0.006,0.0,0.0,0.0,0.0
169,0.169,0.17,-4.3654399812834335,4.365439981283435,8.881784197001252e-16,8.730879962566869,-0.10093419197687442,0.10093419197687442,1,1,-4.3654399812834335,4.365439981283435,-6.0,6.0,0.0,12.0,0.0,0.0,0.0,0.0,0.0,0.0,0.0,0.0,0.0,0.0,0.0,0.0,0.0,0.0,6.0024080362185,6.0024080362185,7.73686670285656e-16,0.0,0.8014999395229452,0.0,-6.25,6.250000000000001,0.15811388300841892,0.15811388300841886,1.0955692272861162e-08,2.4190778023563324e-06,0.006002408036132522,0.006,2.4190778023558402e-06,0.006002408036132523,0.006,0.0,0.0,0.0,0.0
179,0.179,0.18,-4.3654399804891,4.365439980489102,8.881784197001252e-16,8.730879960978202,-0.10093419198125592,0.10093419198125592,1,1,-4.3654399804891,4.365439980489102,-6.0,6.0,0.0,12.0,0.0,0.0,0.0,0.0,0.0,0.0,0.0,0.0,0.0,0.0,0.0,0.0,0.0,0.0,6.002408037073394,6.002408037073395,2.402592014227878e-15,0.0,0.8014999395229457,0.0,-6.25,6.250000000000001,0.15811388300841892,0.15811388300841886,1.095570071196721e-08,2.4190777803204018e-06,0.006002408036988303,0.006,2.4190777803201337e-06,0.006002408036988301,0.006,0.0,0.0,0.0,0.0
189,0.189,0.19,-4.36543997970303,4.365439979703032,8.881784197001252e-16,8.730879959406062,-0.10093419198558357,0.10093419198558357,1,1,-4.36543997970303,4.365439979703032,-6.0,6.0,0.0,12.0,0.0,0.0,0.0,0.0,0.0,0.0,0.0,0.0,0.0,0.0,0.0,0.0,0.0,0.0,6.0024080379194755,6.0024080379194755,6.626643678231403e-16,0.0,0.8014999395229463,0.0,-6.25,6.250000000000001,0.15811388300841892,0.15811388300841886,1.0955709074817364e-08,2.4190777585247804e-06,0.006002408037835261,0.006,2.4190777585242353e-06,0.006002408037835262,0.006,0.0,0.0,0.0,0.0
199,0.199,0.2,-4.365439978925139,4.36543997892514,8.881784197001252e-16,8.730879957850279,-0.10093419198985848,0.10093419198985848,1,1,-4.365439978925139,4.36543997892514,-6.0,6.0,0.0,12.0,0.0,0.0,0.0,0.0,0.0,0.0,0.0,0.0,0.0,0.0,0.0,0.0,0.0,0.0,6.002408038756835,6.002408038756837,3.217912047936977e-15,0.0,0.8014999395229468,0.0,-6.25,6.250000000000001,0.15811388300841892,0.15811388300841886,1.095571736208732e-08,2.419077736958361e-06,0.006002408038673488,0.006,2.419077736959263e-06,0.006002408038673488,0.006,0.0,0.0,0.0,0.0
209,0.209,0.21,-4.36543997815534,4.365439978155342,8.881784197001252e-16,8.730879956310682,-0.10093419199407982,0.10093419199407982,1,1,-4.36543997815534,4.365439978155342,-6.0,6.0,0.0,12.0,0.0,0.0,0.0,0.0,0.0,0.0,0.0,0.0,0.0,0.0,0.0,0.0,0.0,0.0,6.002408039585564,6.002408039585564,6.852157730108388e-17,0.0,0.8014999395229474,0.0,-6.25,6.250000000000001,0.15811388300841892,0.15811388300841886,1.095572557444694e-08,2.4190777156255817e-06,0.006002408039503078,0.006,2.4190777156252175e-06,0.006002408039503077,0.006,0.0,0.0,0.0,0.0
219,0.219,0.22,-4.36543997739355,4.365439977393552,8.881784197001252e-16,8.730879954787103,-0.10093419199824982,0.10093419199824982,1,1,-4.36543997739355,4.365439977393552,-6.0,6.0,0.0,12.0,0.0,0.0,0.0,0.0,0.0,0.0,0.0,0.0,0.0,0.0,0.0,0.0,0.0,0.0,6.00240804040575,6.00240804040575,2.246466901389965e-16,0.0,0.8014999395229478,0.0,-6.25,6.250000000000001,0.15811388300841892,0.15811388300841886,1.0955733712560284e-08,2.4190776945197763e-06,0.006002408040324113,0.006,2.419077694519878e-06,0.006002408040324113,0.006,0.0,0.0,0.0,0.0
229,0.229,0.23,-4.365439976639686,4.365439976639688,8.881784197001252e-16,8.730879953279373,-0.1009341920023682,0.1009341920023682,1,1,-4.365439976639686,4.365439976639688,-6.0,6.0,0.0,12.0,0.0,0.0,0.0,0.0,0.0,0.0,0.0,0.0,0.0,0.0,0.0,0.0,0.0,0.0,6.002408041217481,6.00240804121748,2.5673907444456745e-16,0.0,0.8014999395229484,0.0,-6.25,6.250000000000001,0.15811388300841892,0.15811388300841886,1.095574177708567e-08,2.419077673645382e-06,0.006002408041136686,0.006,2.4190776736454646e-06,0.006002408041136685,0.006,0.0,0.0,0.0,0.0
239,0.23900000000000002,0.24,-4.365439975893664,4.365439975893666,8.881784197001252e-16,8.73087995178733,-0.10093419200643633,0.10093419200643633,1,1,-4.365439975893664,4.365439975893666,-6.0,6.0,0.0,12.0,0.0,0.0,0.0,0.0,0.0,0.0,0.0,0.0,0.0,0.0,0.0,0.0,0.0,0.0,6.002408042020845,6.002408042020843,3.1858196636314062e-15,0.0,0.801499939522949,0.0,-6.25,6.250000000000001,0.15811388300841892,0.15811388300841886,1.095574976867572e-08,2.4190776529890724e-06,0.006002408041940882,0.006,2.419077652988655e-06,0.006002408041940884,0.006,0.0,0.0,0.0,0.0
249,0.249,0.25,-4.365439975155404,4.3654399751554065,1.3322676295501878e-15,8.730879950310811,-0.1009341920104534,0.1009341920104534,1,1,-4.365439975155404,4.3654399751554065,-6.0,6.0,0.0,12.0,0.0,0.0,0.0,0.0,0.0,0.0,0.0,0.0,0.0,0.0,0.0,0.0,0.0,0.0,6.002408042815927,6.0024080428159285,4.98732999343332e-16,0.0,0.8014999395229494,0.0,-6.25,6.250000000000001,0.15811388300841892,0.15811388300841886,1.09557576879774e-08,2.4190776325619462e-06,0.00600240804273679,0.006,2.4190776325627717e-06,0.0060024080427367905,0.006,0.0,0.0,0.0,0.0
259,0.259,0.26,-4.365439974424826,4.365439974424827,8.881784197001252e-16,8.730879948849653,-0.10093419201442189,0.10093419201442189,1,1,-4.365439974424826,4.365439974424827,-6.0,6.0,0.0,12.0,0.0,0.0,0.0,0.0,0.0,0.0,0.0,0.0,0.0,0.0,0.0,0.0,0.0,0.0,6.002408043602814,6.002408043602815,1.8596235662471372e-15,0.0,0.80149993952295,0.0,-6.25,6.250000000000001,0.15811388300841892,0.15811388300841886,1.0955765535632084e-08,2.419077612348456e-06,0.006002408043524493,0.006,2.419077612347831e-06,0.006002408043524494,0.006,0.0,0.0,0.0,0.0
269,0.269,0.27,-4.365439973701847,4.365439973701849,8.881784197001252e-16,8.730879947403697,-0.10093419201834125,0.10093419201834125,1,1,-4.365439973701847,4.365439973701849,-6.0,6.0,0.0,12.0,0.0,0.0,0.0,0.0,0.0,0.0,0.0,0.0,0.0,0.0,0.0,0.0,0.0,0.0,6.00240804438159,6.002408044381591,8.023096076392733e-16,0.0,0.8014999395229504,0.0,-6.25,6.250000000000001,0.15811388300841892,0.15811388300841886,1.0955773312275577e-08,2.4190775923552595e-06,0.006002408044304074,0.006,2.4190775923549346e-06,0.006002408044304076,0.006,0.0,0.0,0.0,0.0
279,0.279,0.28,-4.365439972986391,4.365439972986393,8.881784197001252e-16,8.730879945972784,-0.10093419202221232,0.10093419202221232,1,1,-4.365439972986391,4.365439972986393,-6.0,6.0,0.0,12.0,0.0,0.0,0.0,0.0,0.0,0.0,0.0,0.0,0.0,0.0,0.0,0.0,0.0,0.0,6.002408045152339,6.002408045152338,4.761815941556335e-16,0.0,0.801499939522951,0.0,-6.25,6.250000000000001,0.15811388300841892,0.15811388300841886,1.0955781018538187e-08,2.4190775725756917e-06,0.006002408045075623,0.006,2.4190775725752012e-06,0.006002408045075622,0.006,0.0,0.0,0.0,0.0
289,0.289,0.29,-4.365439972278379,4.365439972278381,8.881784197001252e-16,8.73087994455676,-0.10093419202603565,0.10093419202603565,1,1,-4.365439972278379,4.365439972278381,-6.0,6.0,0.0,12.0,0.0,0.0,0.0,0.0,0.0,0.0,0.0,0.0,0.0,0.0,0.0,0.0,0.0,0.0,6.002408045915141,6.002408045915141,1.8682971836270212e-15,0.0,0.8014999395229514,0.0,-6.25,6.250000000000001,0.15811388300841892,0.15811388300841886,1.0955788655044751e-08,2.419077553007528e-06,0.006002408045839216,0.006,2.4190775530086305e-06,0.006002408045839218,0.006,0.0,0.0,0.0,0.0
299,0.299,0.3,-4.365439971577733,4.365439971577735,8.881784197001252e-16,8.730879943155468,-0.1009341920298118,0.1009341920298118,1,1,-4.365439971577733,4.365439971577735,-6.0,6.0,0.0,12.0,0.0,0.0,0.0,0.0,0.0,0.0,0.0,0.0,0.0,0.0,0.0,0.0,0.0,0.0,6.002408046670081,6.002408046670081,8.205242041370298e-16,0.0,0.8014999395229518,0.0,-6.25,6.250000000000001,0.15811388300841892,0.15811388300841886,1.0955796222414692e-08,2.4190775336529857e-06,0.00600240804659494,0.006,2.4190775336530022e-06,0.006002408046594939,0.006,0.0,0.0,0.0,0.0
309,0.309,0.31,-4.365439970884377,4.3654399708843785,8.881784197001252e-16,8.730879941768755,-0.10093419203354104,0.10093419203354104,1,1,-4.365439970884377,4.3654399708843785,-6.0,6.0,0.0,12.0,0.0,0.0,0.0,0.0,0.0,0.0,0.0,0.0,0.0,0.0,0.0,0.0,0.0,0.0,6.002408047417241,6.002408047417241,1.046905617752003e-15,0.0,0.8014999395229524,0.0,-6.25,6.250000000000001,0.15811388300841892,0.15811388300841886,1.0955803721262065e-08,2.419077514500959e-06,0.006002408047342872,0.006,2.419077514501655e-06,0.0060024080473428726,0.006,0.0,0.0,0.0,0.0
319,0.319,0.32,-4.365439970198235,4.365439970198237,8.881784197001252e-16,8.730879940396472,-0.10093419203722476,0.10093419203722476,1,1,-4.365439970198235,4.365439970198237,-6.0,6.0,0.0,12.0,0.0,0.0,0.0,0.0,0.0,0.0,0.0,0.0,0.0,0.0,0.0,0.0,0.0,0.0,6.0024080481566955,6.0024080481566955,2.5760643618255585e-16,0.0,0.8014999395229528,0.0,-6.25,6.250000000000001,0.15811388300841892,0.15811388300841886,1.0955811152195595e-08,2.4190774955581046e-06,0.006002408048083094,0.006,2.41907749555903e-06,0.006002408048083094,0.006,0.0,0.0,0.0,0.0
329,0.329,0.33,-4.365439969519232,4.365439969519234,8.881784197001252e-16,8.730879939038466,-0.10093419204086268,0.10093419204086268,1,1,-4.365439969519232,4.365439969519234,-6.0,6.0,0.0,12.0,0.0,0.0,0.0,0.0,0.0,0.0,0.0,0.0,0.0,0.0,0.0,0.0,0.0,0.0,6.00240804888853,6.00240804888853,4.388850394221322e-16,0.0,0.8014999395229533,0.0,-6.25,6.250000000000001,0.15811388300841892,0.15811388300841886,1.0955818515818728e-08,2.419077476817758e-06,0.0060024080488156875,0.006,2.4190774768184654e-06,0.0060024080488156875,0.006,0.0,0.0,0.0,0.0
339,0.339,0.34,-4.365439968847293,4.365439968847295,8.881784197001252e-16,8.730879937694588,-0.10093419204445592,0.10093419204445592,1,1,-4.365439968847293,4.365439968847295,-6.0,6.0,0.0,12.0,0.0,0.0,0.0,0.0,0.0,0.0,0.0,0.0,0.0,0.0,0.0,0.0,0.0,0.0,6.00240804961282,6.002408049612821,2.5925442348473382e-15,0.0,0.8014999395229537,0.0,-6.25,6.250000000000001,0.15811388300841892,0.15811388300841886,1.0955825812729674e-08,2.419077458277696e-06,0.006002408049540728,0.006,2.419077458277741e-06,0.006002408049540727,0.006,0.0,0.0,0.0,0.0
349,0.34900000000000003,0.35000000000000003,-4.365439968182346,4.365439968182348,8.881784197001252e-16,8.730879936364694,-0.10093419204800502,0.10093419204800502,1,1,-4.365439968182346,4.365439968182348,-6.0,6.0,0.0,12.0,0.0,0.0,0.0,0.0,0.0,0.0,0.0,0.0,0.0,0.0,0.0,0.0,0.0,0.0,6.0024080503296435,6.002408050329644,2.3262641812848983e-15,0.0,0.8014999395229542,0.0,-6.25,6.250000000000001,0.15811388300841892,0.15811388300841886,1.0955833043521447e-08,2.419077439937914e-06,0.006002408050258294,0.006,2.4190774399368564e-06,0.006002408050258294,0.006,0.0,0.0,0.0,0.0
359,0.359,0.36,-4.365439967524318,4.36543996752432,8.881784197001252e-16,8.730879935048637,-0.10093419205151027,0.10093419205151027,1,1,-4.365439967524318,4.36543996752432,-6.0,6.0,0.0,12.0,0.0,0.0,0.0,0.0,0.0,0.0,0.0,0.0,0.0,0.0,0.0,0.0,0.0,0.0,6.002408051039077,6.002408051039077,1.5031378919339033e-15,0.0,0.8014999395229547,0.0,-6.25,6.250000000000001,0.15811388300841892,0.15811388300841886,1.0955840208781914e-08,2.4190774217939676e-06,0.006002408050968465,0.006,2.419077421793592e-06,0.006002408050968463,0.006,0.0,0.0,0.0,0.0
369,0.369,0.37,-4.365439966873136,4.365439966873137,8.881784197001252e-16,8.730879933746273,-0.10093419205497223,0.10093419205497223,1,1,-4.365439966873136,4.365439966873137,-6.0,6.0,0.0,12.0,0.0,0.0,0.0,0.0,0.0,0.0,0.0,0.0,0.0,0.0,0.0,0.0,0.0,0.0,6.002408051741199,6.002408051741199,2.0816681711721685e-16,0.0,0.8014999395229552,0.0,-6.25,6.250000000000001,0.15811388300841892,0.15811388300841886,1.0955847309093842e-08,2.419077403845854e-06,0.006002408051671314,0.006,2.4190774038457265e-06,0.006002408051671314,0.006,0.0,0.0,0.0,0.0
379,0.379,0.38,-4.365439966228728,4.365439966228731,1.3322676295501878e-15,8.730879932457459,-0.1009341920583906,0.1009341920583906,1,1,-4.365439966228728,4.365439966228731,-6.0,6.0,0.0,12.0,0.0,0.0,0.0,0.0,0.0,0.0,0.0,0.0,0.0,0.0,0.0,0.0,0.0,0.0,6.002408052436084,6.002408052436085,2.0669230216263657e-15,0.0,0.8014999395229556,0.0,-6.25,6.250000000000001,0.15811388300841892,0.15811388300841886,1.0955854345034926e-08,2.419077386091349e-06,0.006002408052366918,0.006,2.4190773860910397e-06,0.006002408052366918,0.006,0.0,0.0,0.0,0.0
389,0.389,0.39,-4.365439965591027,4.365439965591029,8.881784197001252e-16,8.730879931182056,-0.1009341920617679,0.1009341920617679,1,1,-4.365439965591027,4.365439965591029,-6.0,6.0,0.0,12.0,0.0,0.0,0.0,0.0,0.0,0.0,0.0,0.0,0.0,0.0,0.0,0.0,0.0,0.0,6.002408053123804,6.002408053123803,8.352693536828326e-16,0.0,0.801499939522956,0.0,-6.25,6.250000000000001,0.15811388300841892,0.15811388300841886,1.0955861317177847e-08,2.4190773685282283e-06,0.0060024080530553525,0.006,2.4190773685273114e-06,0.0060024080530553525,0.006,0.0,0.0,0.0,0.0
399,0.399,0.4,-4.36543996495996,4.365439964959963,1.3322676295501878e-15,8.730879929919922,-0.10093419206510301,0.10093419206510301,1,1,-4.36543996495996,4.365439964959963,-6.0,6.0,0.0,12.0,0.0,0.0,0.0,0.0,0.0,0.0,0.0,0.0,0.0,0.0,0.0,0.0,0.0,0.0,6.0024080538044355,6.002408053804435,1.3166551182663966e-15,0.0,0.8014999395229564,0.0,-6.25,6.250000000000001,0.15811388300841892,0.15811388300841886,1.0955868226090309e-08,2.419077351152048e-06,0.0060024080537366895,0.006,2.419077351152321e-06,0.0060024080537366895,0.006,0.0,0.0,0.0,0.0
409,0.40900000000000003,0.41000000000000003,-4.365439964335461,4.365439964335462,8.881784197001252e-16,8.730879928670923,-0.10093419206839704,0.10093419206839704,1,1,-4.365439964335461,4.365439964335462,-6.0,6.0,0.0,12.0,0.0,0.0,0.0,0.0,0.0,0.0,0.0,0.0,0.0,0.0,0.0,0.0,0.0,0.0,6.002408054478051,6.0024080544780505,1.0755285551056204e-15,0.0,0.8014999395229568,0.0,-6.25,6.250000000000001,0.15811388300841892,0.15811388300841886,1.0955875072335079e-08,2.4190773339628047e-06,0.006002408054411003,0.006,2.419077333963848e-06,0.006002408054411003,0.006,0.0,0.0,0.0,0.0
419,0.419,0.42,-4.365439963717458,4.36543996371746,8.881784197001252e-16,8.730879927434918,-0.10093419207165,0.10093419207165,1,1,-4.365439963717458,4.36543996371746,-6.0,6.0,0.0,12.0,0.0,0.0,0.0,0.0,0.0,0.0,0.0,0.0,0.0,0.0,0.0,0.0,0.0,0.0,6.002408055144723,6.0024080551447225,8.491471414906471e-16,0.0,0.8014999395229573,0.0,-6.25,6.250000000000001,0.15811388300841892,0.15811388300841886,1.095588185647003e-08,2.419077316958274e-06,0.006002408055078365,0.006,2.419077316957452e-06,0.006002408055078366,0.006,0.0,0.0,0.0,0.0
429,0.429,0.43,-4.365439963105886,4.365439963105889,1.3322676295501878e-15,8.730879926211774,-0.10093419207486298,0.10093419207486298,1,1,-4.365439963105886,4.365439963105889,-6.0,6.0,0.0,12.0,0.0,0.0,0.0,0.0,0.0,0.0,0.0,0.0,0.0,0.0,0.0,0.0,0.0,0.0,6.002408055804523,6.002408055804522,9.809861256648844e-16,0.0,0.8014999395229577,0.0,-6.25,6.250000000000001,0.15811388300841892,0.15811388300841886,1.0955888579048182e-08,2.419077300136233e-06,0.006002408055738849,0.006,2.4190773001353526e-06,0.006002408055738849,0.006,0.0,0.0,0.0,0.0
439,0.439,0.44,-4.365439962500679,4.36543996250068,8.881784197001252e-16,8.730879925001359,-0.10093419207803628,0.10093419207803628,1,1,-4.365439962500679,4.36543996250068,-6.0,6.0,0.0,12.0,0.0,0.0,0.0,0.0,0.0,0.0,0.0,0.0,0.0,0.0,0.0,0.0,0.0,0.0,6.0024080564575195,6.00240805645752,1.164866814118426e-15,0.0,0.8014999395229582,0.0,-6.25,6.250000000000001,0.15811388300841892,0.15811388300841886,1.0955895240617746e-08,2.4190772834944573e-06,0.006002408056392524,0.006,2.41907728349533e-06,0.006002408056392523,0.006,0.0,0.0,0.0,0.0
449,0.449,0.45,-4.365439961901767,4.36543996190177,1.3322676295501878e-15,8.730879923803538,-0.10093419208117071,0.10093419208117071,1,1,-4.365439961901767,4.36543996190177,-6.0,6.0,0.0,12.0,0.0,0.0,0.0,0.0,0.0,0.0,0.0,0.0,0.0,0.0,0.0,0.0,0.0,0.0,6.002408057103787,6.0024080571037866,1.1796119636642288e-15,0.0,0.8014999395229585,0.0,-6.25,6.250000000000001,0.15811388300841892,0.15811388300841886,1.095590184172216e-08,2.4190772670285027e-06,0.006002408057039462,0.006,2.4190772670285023e-06,0.006002408057039462,0.006,0.0,0.0,0.0,0.0
459,0.459,0.46,-4.365439961309089,4.36543996130909,8.881784197001252e-16,8.730879922618179,-0.10093419208426574,0.10093419208426574,1,1,-4.365439961309089,4.36543996130909,-6.0,6.0,0.0,12.0,0.0,0.0,0.0,0.0,0.0,0.0,0.0,0.0,0.0,0.0,0.0,0.0,0.0,0.0,6.0024080577433905,6.002408057743391,6.678685382510707e-16,0.0,0.801499939522959,0.0,-6.25,6.250000000000001,0.15811388300841892,0.15811388300841886,1.0955908382900135e-08,2.419077250742807e-06,0.006002408057679728,0.006,2.419077250743751e-06,0.006002408057679728,0.006,0.0,0.0,0.0,0.0
469,0.46900000000000003,0.47000000000000003,-4.3654399607225765,4.365439960722579,1.3322676295501878e-15,8.730879921445155,-0.10093419208732274,0.10093419208732274,1,1,-4.3654399607225765,4.365439960722579,-6.0,6.0,0.0,12.0,0.0,0.0,0.0,0.0,0.0,0.0,0.0,0.0,0.0,0.0,0.0,0.0,0.0,0.0,6.002408058376403,6.002408058376402,1.6531914726058972e-15,0.0,0.8014999395229594,0.0,-6.25,6.250000000000001,0.15811388300841892,0.15811388300841886,1.095591486468569e-08,2.4190772346284854e-06,0.0060024080583133965,0.006,2.4190772346277535e-06,0.006002408058313397,0.006,0.0,0.0,0.0,0.0
479,0.47900000000000004,0.48,-4.365439960142168,4.36543996014217,8.881784197001252e-16,8.730879920284337,-0.10093419209034199,0.10093419209034199,1,1,-4.365439960142168,4.36543996014217,-6.0,6.0,0.0,12.0,0.0,0.0,0.0,0.0,0.0,0.0,0.0,0.0,0.0,0.0,0.0,0.0,0.0,0.0,6.002408059002889,6.002408059002889,3.5735303605122226e-16,0.0,0.8014999395229597,0.0,-6.25,6.250000000000001,0.15811388300841892,0.15811388300841886,1.0955921287608185e-08,2.4190772186921953e-06,0.006002408058940531,0.006,2.419077218691612e-06,0.006002408058940531,0.006,0.0,0.0,0.0,0.0
489,0.489,0.49,-4.365439959567798,4.365439959567801,1.3322676295501878e-15,8.7308799191356,-0.10093419209332377,0.10093419209332377,1,1,-4.365439959567798,4.365439959567801,-6.0,6.0,0.0,12.0,0.0,0.0,0.0,0.0,0.0,0.0,0.0,0.0,0.0,0.0,0.0,0.0,0.0,0.0,6.0024080596229155,6.0024080596229155,1.205632815803881e-16,0.0,0.8014999395229602,0.0,-6.25,6.250000000000001,0.15811388300841892,0.15811388300841886,1.0955927652192383e-08,2.419077202922832e-06,0.006002408059561201,0.006,2.419077202922004e-06,0.006002408059561201,0.006,0.0,0.0,0.0,0.0
499,0.499,0.5,-4.3654399589994055,4.365439958999407,8.881784197001252e-16,8.730879917998813,-0.10093419209626864,0.10093419209626864,1,1,-4.3654399589994055,4.365439958999407,-6.0,6.0,0.0,12.0,0.0,0.0,0.0,0.0,0.0,0.0,0.0,0.0,0.0,0.0,0.0,0.0,0.0,0.0,6.002408060236552,6.002408060236554,2.138914045879403e-15,0.0,0.8014999395229605,0.0,-6.25,6.250000000000001,0.15811388300841892,0.15811388300841886,1.0955933958958464e-08,2.4190771873226126e-06,0.006002408060175474,0.006,2.4190771873233707e-06,0.006002408060175474,0.006,0.0,0.0,0.0,0.0
509,0.509,0.51,-4.3654399584369274,4.365439958436929,8.881784197001252e-16,8.730879916873857,-0.10093419209917659,0.10093419209917659,1,1,-4.3654399584369274,4.365439958436929,-6.0,6.0,0.0,12.0,0.0,0.0,0.0,0.0,0.0,0.0,0.0,0.0,0.0,0.0,0.0,0.0,0.0,0.0,6.002408060843863,6.002408060843863,6.2363308961366215e-16,0.0,0.801499939522961,0.0,-6.25,6.250000000000001,0.15811388300841892,0.15811388300841886,1.0955940208422081e-08,2.419077171893754e-06,0.006002408060783415,0.006,2.419077171893491e-06,0.0060024080607834155,0.006,0.0,0.0,0.0,0.0
519,0.519,0.52,-4.365439957880302,4.365439957880303,8.881784197001252e-16,8.730879915760605,-0.10093419210204929,0.10093419210204929,1,1,-4.365439957880302,4.365439957880303,-6.0,6.0,0.0,12.0,0.0,0.0,0.0,0.0,0.0,0.0,0.0,0.0,0.0,0.0,0.0,0.0,0.0,0.0,6.002408061444914,6.002408061444913,7.832276494035284e-16,0.0,0.8014999395229613,0.0,-6.25,6.250000000000001,0.15811388300841892,0.15811388300841886,1.0955946401094383e-08,2.4190771566273715e-06,0.006002408061385088,0.006,2.4190771566279246e-06,0.006002408061385088,0.006,0.0,0.0,0.0,0.0
529,0.529,0.53,-4.365439957329468,4.36543995732947,8.881784197001252e-16,8.730879914658939,-0.10093419210488619,0.10093419210488619,1,1,-4.365439957329468,4.36543995732947,-6.0,6.0,0.0,12.0,0.0,0.0,0.0,0.0,0.0,0.0,0.0,0.0,0.0,0.0,0.0,0.0,0.0,0.0,6.002408062039767,6.002408062039769,3.755676325489787e-15,0.0,0.8014999395229616,0.0,-6.25,6.250000000000001,0.15811388300841892,0.15811388300841886,1.0955952537482074e-08,2.4190771415279034e-06,0.0060024080619805594,0.006,2.4190771415288914e-06,0.006002408061980557,0.006,0.0,0.0,0.0,0.0
539,0.539,0.54,-4.365439956784367,4.3654399567843685,8.881784197001252e-16,8.730879913568735,-0.10093419210768784,0.10093419210768784,1,1,-4.365439956784367,4.3654399567843685,-6.0,6.0,0.0,12.0,0.0,0.0,0.0,0.0,0.0,0.0,0.0,0.0,0.0,0.0,0.0,0.0,0.0,0.0,6.002408062628489,6.002408062628488,5.108760636751697e-16,0.0,0.8014999395229621,0.0,-6.25,6.250000000000001,0.15811388300841892,0.15811388300841886,1.0955958618087426e-08,2.4190771265886846e-06,0.006002408062569891,0.006,2.4190771265897303e-06,0.00600240806256989,0.006,0.0,0.0,0.0,0.0
549,0.549,0.55,-4.365439956244938,4.36543995624494,1.3322676295501878e-15,8.730879912489879,-0.10093419211045507,0.10093419211045507,1,1,-4.365439956244938,4.36543995624494,-6.0,6.0,0.0,12.0,0.0,0.0,0.0,0.0,0.0,0.0,0.0,0.0,0.0,0.0,0.0,0.0,0.0,0.0,6.002408063211142,6.002408063211142,4.0852737859253807e-16,0.0,0.8014999395229624,0.0,-6.25,6.250000000000001,0.15811388300841892,0.15811388300841886,1.0955964643408333e-08,2.4190771118097118e-06,0.006002408063153148,0.006,2.4190771118104415e-06,0.006002408063153148,0.006,0.0,0.0,0.0,0.0
559,0.559,0.56,-4.365439955711122,4.365439955711124,8.881784197001252e-16,8.730879911422246,-0.10093419211318733,0.10093419211318733,1,1,-4.365439955711122,4.365439955711124,-6.0,6.0,0.0,12.0,0.0,0.0,0.0,0.0,0.0,0.0,0.0,0.0,0.0,0.0,0.0,0.0,0.0,0.0,6.002408063787789,6.00240806378779,1.4580350815585064e-15,0.0,0.8014999395229627,0.0,-6.25,6.250000000000001,0.15811388300841892,0.15811388300841886,1.0955970613938354e-08,2.419077097190983e-06,0.006002408063730393,0.006,2.4190770971910247e-06,0.006002408063730392,0.006,0.0,0.0,0.0,0.0
569,0.5690000000000001,0.5700000000000001,-4.365439955182861,4.365439955182863,8.881784197001252e-16,8.730879910365724,-0.10093419211588628,0.10093419211588628,1,1,-4.365439955182861,4.365439955182863,-6.0,6.0,0.0,12.0,0.0,0.0,0.0,0.0,0.0,0.0,0.0,0.0,0.0,0.0,0.0,0.0,0.0,0.0,6.002408064358493,6.002408064358493,1.6080886622305002e-15,0.0,0.8014999395229632,0.0,-6.25,6.250000000000001,0.15811388300841892,0.15811388300841886,1.0955976530166722e-08,2.419077082725833e-06,0.006002408064301687,0.006,2.4190770827248187e-06,0.006002408064301687,0.006,0.0,0.0,0.0,0.0
579,0.579,0.58,-4.365439954660098,4.3654399546601,8.881784197001252e-16,8.730879909320198,-0.10093419211855165,0.10093419211855165,1,1,-4.365439954660098,4.3654399546601,-6.0,6.0,0.0,12.0,0.0,0.0,0.0,0.0,0.0,0.0,0.0,0.0,0.0,0.0,0.0,0.0,0.0,0.0,6.002408064923312,6.00240806492331,7.936359902593892e-16,0.0,0.8014999395229635,0.0,-6.25,6.250000000000001,0.15811388300841892,0.15811388300841886,1.0955982392578415e-08,2.4190770684187e-06,0.0060024080648670925,0.006,2.4190770684184848e-06,0.006002408064867092,0.006,0.0,0.0,0.0,0.0
589,0.589,0.59,-4.365439954142774,4.365439954142776,8.881784197001252e-16,8.73087990828555,-0.10093419212118371,0.10093419212118371,1,1,-4.365439954142774,4.365439954142776,-6.0,6.0,0.0,12.0,0.0,0.0,0.0,0.0,0.0,0.0,0.0,0.0,0.0,0.0,0.0,0.0,0.0,0.0,6.002408065482307,6.002408065482307,1.2342557531574982e-15,0.0,0.8014999395229638,0.0,-6.25,6.250000000000001,0.15811388300841892,0.15811388300841886,1.0955988201654165e-08,2.41907705426514e-06,0.006002408065426668,0.006,2.4190770542653617e-06,0.006002408065426667,0.006,0.0,0.0,0.0,0.0
599,0.599,0.6,-4.365439953630834,4.365439953630836,8.881784197001252e-16,8.73087990726167,-0.1009341921237833,0.1009341921237833,1,1,-4.365439953630834,4.365439953630836,-6.0,6.0,0.0,12.0,0.0,0.0,0.0,0.0,0.0,0.0,0.0,0.0,0.0,0.0,0.0,0.0,0.0,0.0,6.002408066035543,6.0024080660355414,2.316723202167026e-15,0.0,0.8014999395229642,0.0,-6.25,6.250000000000001,0.15811388300841892,0.15811388300841886,1.095599395787051e-08,2.4190770402607095e-06,0.006002408065980476,0.006,2.4190770402610085e-06,0.006002408065980478,0.006,0.0,0.0,0.0,0.0
609,0.609,0.61,-4.365439953124221,4.365439953124223,1.3322676295501878e-15,8.730879906248443,-0.10093419212635041,0.10093419212635041,1,1,-4.365439953124221,4.365439953124223,-6.0,6.0,0.0,12.0,0.0,0.0,0.0,0.0,0.0,0.0,0.0,0.0,0.0,0.0,0.0,0.0,0.0,0.0,6.002408066583073,6.002408066583073,4.562322741819003e-16,0.0,0.8014999395229645,0.0,-6.25,6.250000000000001,0.15811388300841892,0.15811388300841886,1.0955999661699824e-08,2.419077026407626e-06,0.006002408066528575,0.006,2.4190770264076458e-06,0.006002408066528575,0.006,0.0,0.0,0.0,0.0
619,0.619,0.62,-4.36543995262288,4.365439952622882,8.881784197001252e-16,8.730879905245763,-0.10093419212888616,0.10093419212888616,1,1,-4.36543995262288,4.365439952622882,-6.0,6.0,0.0,12.0,0.0,0.0,0.0,0.0,0.0,0.0,0.0,0.0,0.0,0.0,0.0,0.0,0.0,0.0,6.002408067124961,6.002408067124961,9.341485918135106e-16,0.0,0.8014999395229648,0.0,-6.25,6.250000000000001,0.15811388300841892,0.15811388300841886,1.0956005313610351e-08,2.4190770127036657e-06,0.006002408067071024,0.006,2.4190770127030525e-06,0.006002408067071024,0.006,0.0,0.0,0.0,0.0
629,0.629,0.63,-4.365439952126756,4.365439952126758,8.881784197001252e-16,8.730879904253515,-0.10093419213138999,0.10093419213138999,1,1,-4.365439952126756,4.365439952126758,-6.0,6.0,0.0,12.0,0.0,0.0,0.0,0.0,0.0,0.0,0.0,0.0,0.0,0.0,0.0,0.0,0.0,0.0,6.002408067661261,6.002408067661261,8.265957363029486e-16,0.0,0.8014999395229652,0.0,-6.25,6.250000000000001,0.15811388300841892,0.15811388300841886,1.095601091406624e-08,2.419076999144385e-06,0.006002408067607881,0.006,2.419076999145009e-06,0.006002408067607881,0.006,0.0,0.0,0.0,0.0
639,0.639,0.64,-4.365439951635795,4.365439951635797,8.881784197001252e-16,8.730879903271592,-0.10093419213386301,0.10093419213386301,1,1,-4.365439951635795,4.365439951635797,-6.0,6.0,0.0,12.0,0.0,0.0,0.0,0.0,0.0,0.0,0.0,0.0,0.0,0.0,0.0,0.0,0.0,0.0,6.002408068192033,6.002408068192032,1.214306433183765e-15,0.0,0.8014999395229655,0.0,-6.25,6.250000000000001,0.15811388300841892,0.15811388300841886,1.0956016463527586e-08,2.4190769857342222e-06,0.006002408068139204,0.006,2.419076985733515e-06,0.006002408068139203,0.006,0.0,0.0,0.0,0.0
649,0.649,0.65,-4.365439951149944,4.365439951149946,8.881784197001252e-16,8.73087990229989,-0.1009341921363055,0.1009341921363055,1,1,-4.365439951149944,4.365439951149946,-6.0,6.0,0.0,12.0,0.0,0.0,0.0,0.0,0.0,0.0,0.0,0.0,0.0,0.0,0.0,0.0,0.0,0.0,6.002408068717334,6.002408068717333,7.190428807923865e-16,0.0,0.8014999395229658,0.0,-6.25,6.250000000000001,0.15811388300841892,0.15811388300841886,1.0956021962450458e-08,2.419076972466513e-06,0.006002408068665048,0.006,2.41907697246635e-06,0.006002408068665048,0.006,0.0,0.0,0.0,0.0
659,0.659,0.66,-4.365439950669148,4.36543995066915,8.881784197001252e-16,8.730879901338298,-0.10093419213871746,0.10093419213871746,1,1,-4.365439950669148,4.36543995066915,-6.0,6.0,0.0,12.0,0.0,0.0,0.0,0.0,0.0,0.0,0.0,0.0,0.0,0.0,0.0,0.0,0.0,0.0,6.0024080692372195,6.00240806923722,2.36876490644633e-15,0.0,0.8014999395229662,0.0,-6.25,6.250000000000001,0.15811388300841892,0.15811388300841886,1.0956027411286935e-08,2.4190769593412546e-06,0.006002408069185474,0.006,2.419076959341293e-06,0.0060024080691854715,0.006,0.0,0.0,0.0,0.0
669,0.669,0.67,-4.365439950193356,4.365439950193358,8.881784197001252e-16,8.730879900386714,-0.10093419214109917,0.10093419214109917,1,1,-4.365439950193356,4.365439950193358,-6.0,6.0,0.0,12.0,0.0,0.0,0.0,0.0,0.0,0.0,0.0,0.0,0.0,0.0,0.0,0.0,0.0,0.0,6.002408069751746,6.002408069751745,1.5378323614534395e-15,0.0,0.8014999395229665,0.0,-6.25,6.250000000000001,0.15811388300841892,0.15811388300841886,1.0956032810485142e-08,2.4190769463606644e-06,0.0060024080697005325,0.006,2.4190769463605657e-06,0.006002408069700533,0.006,0.0,0.0,0.0,0.0
679,0.679,0.68,-4.365439949722516,4.365439949722518,8.881784197001252e-16,8.730879899445034,-0.10093419214345145,0.10093419214345145,1,1,-4.365439949722516,4.365439949722518,-6.0,6.0,0.0,12.0,0.0,0.0,0.0,0.0,0.0,0.0,0.0,0.0,0.0,0.0,0.0,0.0,0.0,0.0,6.002408070260967,6.002408070260968,6.036837696399289e-16,0.0,0.8014999395229668,0.0,-6.25,6.250000000000001,0.15811388300841892,0.15811388300841886,1.095603816048928e-08,2.4190769335158582e-06,0.006002408070210281,0.006,2.4190769335152852e-06,0.006002408070210283,0.006,0.0,0.0,0.0,0.0
689,0.6890000000000001,0.6900000000000001,-4.365439949256575,4.365439949256577,8.881784197001252e-16,8.730879898513152,-0.10093419214577487,0.10093419214577487,1,1,-4.365439949256575,4.365439949256577,-6.0,6.0,0.0,12.0,0.0,0.0,0.0,0.0,0.0,0.0,0.0,0.0,0.0,0.0,0.0,0.0,0.0,0.0,6.00240807076494,6.00240807076494,3.2959746043559335e-17,0.0,0.8014999395229672,0.0,-6.25,6.250000000000001,0.15811388300841892,0.15811388300841886,1.095604346173966e-08,2.419076920811274e-06,0.006002408070714777,0.006,2.419076920812113e-06,0.006002408070714777,0.006,0.0,0.0,0.0,0.0
699,0.6990000000000001,0.7000000000000001,-4.365439948795483,4.365439948795486,1.3322676295501878e-15,8.73087989759097,-0.10093419214806942,0.10093419214806942,1,1,-4.365439948795483,4.365439948795486,-6.0,6.0,0.0,12.0,0.0,0.0,0.0,0.0,0.0,0.0,0.0,0.0,0.0,0.0,0.0,0.0,0.0,0.0,6.002408071263718,6.002408071263717,1.9420229313560355e-15,0.0,0.8014999395229675,0.0,-6.25,6.250000000000001,0.15811388300841892,0.15811388300841886,1.0956048714672743e-08,2.419076908240248e-06,0.00600240807121407,0.006,2.419076908239948e-06,0.006002408071214073,0.006,0.0,0.0,0.0,0.0
709,0.709,0.71,-4.365439948339191,4.365439948339192,8.881784197001252e-16,8.730879896678383,-0.10093419215033428,0.10093419215033428,1,1,-4.365439948339191,4.365439948339192,-6.0,6.0,0.0,12.0,0.0,0.0,0.0,0.0,0.0,0.0,0.0,0.0,0.0,0.0,0.0,0.0,0.0,0.0,6.002408071757353,6.002408071757351,2.2967738821932926e-15,0.0,0.8014999395229678,0.0,-6.25,6.250000000000001,0.15811388300841892,0.15811388300841886,1.0956053919721157e-08,2.4190768958005567e-06,0.006002408071708218,0.006,2.419076895801009e-06,0.006002408071708219,0.006,0.0,0.0,0.0,0.0
719,0.719,0.72,-4.365439947887646,4.365439947887648,8.881784197001252e-16,8.730879895775294,-0.10093419215257166,0.10093419215257166,1,1,-4.365439947887646,4.365439947887648,-6.0,6.0,0.0,12.0,0.0,0.0,0.0,0.0,0.0,0.0,0.0,0.0,0.0,0.0,0.0,0.0,0.0,0.0,6.002408072245899,6.002408072245899,6.184289191857317e-16,0.0,0.801499939522968,0.0,-6.25,6.250000000000001,0.15811388300841892,0.15811388300841886,1.0956059077313754e-08,2.4190768834988587e-06,0.0060024080721972715,0.006,2.419076883499738e-06,0.0060024080721972715,0.006,0.0,0.0,0.0,0.0
729,0.729,0.73,-4.365439947440801,4.3654399474408025,8.881784197001252e-16,8.730879894881603,-0.10093419215478155,0.10093419215478155,1,1,-4.365439947440801,4.3654399474408025,-6.0,6.0,0.0,12.0,0.0,0.0,0.0,0.0,0.0,0.0,0.0,0.0,0.0,0.0,0.0,0.0,0.0,0.0,6.002408072729408,6.002408072729409,9.75781955236954e-16,0.0,0.8014999395229684,0.0,-6.25,6.250000000000001,0.15811388300841892,0.15811388300841886,1.0956064187875616e-08,2.4190768713284903e-06,0.006002408072681282,0.006,2.4190768713294733e-06,0.006002408072681282,0.006,0.0,0.0,0.0,0.0
739,0.739,0.74,-4.365439946998606,4.365439946998608,8.881784197001252e-16,8.730879893997214,-0.1009341921569637,0.1009341921569637,1,1,-4.365439946998606,4.365439946998608,-6.0,6.0,0.0,12.0,0.0,0.0,0.0,0.0,0.0,0.0,0.0,0.0,0.0,0.0,0.0,0.0,0.0,0.0,6.002408073207934,6.002408073207935,6.080205783298709e-16,0.0,0.8014999395229687,0.0,-6.25,6.250000000000001,0.15811388300841892,0.15811388300841886,1.0956069251828108e-08,2.4190768592916693e-06,0.006002408073160305,0.006,2.419076859292435e-06,0.006002408073160305,0.006,0.0,0.0,0.0,0.0
749,0.749,0.75,-4.365439946561013,4.365439946561015,8.881784197001252e-16,8.730879893122028,-0.10093419215911892,0.10093419215911892,1,1,-4.365439946561013,4.365439946561015,-6.0,6.0,0.0,12.0,0.0,0.0,0.0,0.0,0.0,0.0,0.0,0.0,0.0,0.0,0.0,0.0,0.0,0.0,6.002408073681526,6.002408073681526,1.3183898417423734e-15,0.0,0.8014999395229689,0.0,-6.25,6.250000000000001,0.15811388300841892,0.15811388300841886,1.0956074269588893e-08,2.4190768473795112e-06,0.0060024080736343875,0.006,2.419076847379742e-06,0.0060024080736343875,0.006,0.0,0.0,0.0,0.0
759,0.759,0.76,-4.3654399461279745,4.365439946127976,8.881784197001252e-16,8.73087989225595,-0.10093419216124694,0.10093419216124694,1,1,-4.3654399461279745,4.365439946127976,-6.0,6.0,0.0,12.0,0.0,0.0,0.0,0.0,0.0,0.0,0.0,0.0,0.0,0.0,0.0,0.0,0.0,0.0,6.002408074150237,6.002408074150235,2.086872341600099e-15,0.0,0.8014999395229693,0.0,-6.25,6.250000000000001,0.15811388300841892,0.15811388300841886,1.0956079241571974e-08,2.4190768355964537e-06,0.006002408074103584,0.006,2.419076835595835e-06,0.006002408074103584,0.006,0.0,0.0,0.0,0.0
769,0.769,0.77,-4.365439945699443,4.365439945699445,1.3322676295501878e-15,8.730879891398889,-0.10093419216334831,0.10093419216334831,1,1,-4.365439945699443,4.365439945699445,-6.0,6.0,0.0,12.0,0.0,0.0,0.0,0.0,0.0,0.0,0.0,0.0,0.0,0.0,0.0,0.0,0.0,0.0,6.002408074614116,6.002408074614116,1.0139458717084437e-15,0.0,0.8014999395229696,0.0,-6.25,6.250000000000001,0.15811388300841892,0.15811388300841886,1.0956084168187725e-08,2.419076823940275e-06,0.006002408074567943,0.006,2.4190768239407137e-06,0.006002408074567943,0.006,0.0,0.0,0.0,0.0
779,0.779,0.78,-4.365439945275371,4.365439945275373,8.881784197001252e-16,8.730879890550744,-0.10093419216542415,0.10093419216542415,1,1,-4.365439945275371,4.365439945275373,-6.0,6.0,0.0,12.0,0.0,0.0,0.0,0.0,0.0,0.0,0.0,0.0,0.0,0.0,0.0,0.0,0.0,0.0,6.002408075073212,6.002408075073212,8.387388006347862e-16,0.0,0.8014999395229698,0.0,-6.25,6.250000000000001,0.15811388300841892,0.15811388300841886,1.095608904984292e-08,2.4190768124087514e-06,0.006002408075027515,0.006,2.4190768124077168e-06,0.006002408075027516,0.006,0.0,0.0,0.0,0.0
789,0.789,0.79,-4.365439944855712,4.365439944855714,8.881784197001252e-16,8.730879889711426,-0.10093419216747335,0.10093419216747335,1,1,-4.365439944855712,4.365439944855714,-6.0,6.0,0.0,12.0,0.0,0.0,0.0,0.0,0.0,0.0,0.0,0.0,0.0,0.0,0.0,0.0,0.0,0.0,6.0024080755275735,6.002408075527575,1.384309333829492e-15,0.0,0.8014999395229702,0.0,-6.25,6.250000000000001,0.15811388300841892,0.15811388300841886,1.0956093886940763e-08,2.41907680100188e-06,0.00600240807548235,0.006,2.4190768010012852e-06,0.006002408075482349,0.006,0.0,0.0,0.0,0.0
799,0.799,0.8,-4.365439944440421,4.365439944440424,1.3322676295501878e-15,8.730879888880846,-0.10093419216949812,0.10093419216949812,1,1,-4.365439944440421,4.365439944440424,-6.0,6.0,0.0,12.0,0.0,0.0,0.0,0.0,0.0,0.0,0.0,0.0,0.0,0.0,0.0,0.0,0.0,0.0,6.002408075977254,6.002408075977254,1.2117043479697998e-15,0.0,0.8014999395229704,0.0,-6.25,6.250000000000001,0.15811388300841892,0.15811388300841886,1.0956098679880915e-08,2.4190767897152183e-06,0.006002408075932495,0.006,2.419076789714758e-06,0.0060024080759324945,0.006,0.0,0.0,0.0,0.0
809,0.809,0.81,-4.365439944029453,4.365439944029455,8.881784197001252e-16,8.730879888058908,-0.10093419217149624,0.10093419217149624,1,1,-4.365439944029453,4.365439944029455,-6.0,6.0,0.0,12.0,0.0,0.0,0.0,0.0,0.0,0.0,0.0,0.0,0.0,0.0,0.0,0.0,0.0,0.0,6.002408076422298,6.002408076422298,9.948639134726989e-16,0.0,0.8014999395229707,0.0,-6.25,6.250000000000001,0.15811388300841892,0.15811388300841886,1.095610342905953e-08,2.419076778548763e-06,0.006002408076377999,0.006,2.419076778548135e-06,0.006002408076378002,0.006,0.0,0.0,0.0,0.0
819,0.8190000000000001,0.8200000000000001,-4.3654399436227616,4.365439943622763,8.881784197001252e-16,8.730879887245525,-0.1009341921734705,0.1009341921734705,1,1,-4.3654399436227616,4.365439943622763,-6.0,6.0,0.0,12.0,0.0,0.0,0.0,0.0,0.0,0.0,0.0,0.0,0.0,0.0,0.0,0.0,0.0,0.0,6.0024080768627535,6.002408076862753,2.7755575615628914e-17,0.0,0.8014999395229709,0.0,-6.25,6.250000000000001,0.15811388300841892,0.15811388300841886,1.0956108134869286e-08,2.419076767506953e-06,0.006002408076818912,0.006,2.4190767675058565e-06,0.006002408076818912,0.006,0.0,0.0,0.0,0.0
829,0.8290000000000001,0.8300000000000001,-4.365439943220303,4.365439943220305,8.881784197001252e-16,8.730879886440608,-0.10093419217542032,0.10093419217542032,1,1,-4.365439943220303,4.365439943220305,-6.0,6.0,0.0,12.0,0.0,0.0,0.0,0.0,0.0,0.0,0.0,0.0,0.0,0.0,0.0,0.0,0.0,0.0,6.002408077298667,6.002408077298667,9.8879238130678e-16,0.0,0.8014999395229713,0.0,-6.25,6.250000000000001,0.15811388300841892,0.15811388300841886,1.0956112797699416e-08,2.4190767565809035e-06,0.006002408077255279,0.006,2.419076756581262e-06,0.006002408077255279,0.006,0.0,0.0,0.0,0.0
839,0.839,0.84,-4.365439942822033,4.365439942822035,8.881784197001252e-16,8.730879885644068,-0.1009341921773449,0.1009341921773449,1,1,-4.365439942822033,4.365439942822035,-6.0,6.0,0.0,12.0,0.0,0.0,0.0,0.0,0.0,0.0,0.0,0.0,0.0,0.0,0.0,0.0,0.0,0.0,6.002408077730088,6.002408077730088,4.458239333260394e-16,0.0,0.8014999395229715,0.0,-6.25,6.250000000000001,0.15811388300841892,0.15811388300841886,1.0956117417935716e-08,2.4190767457728334e-06,0.006002408077687147,0.006,2.4190767457721308e-06,0.006002408077687147,0.006,0.0,0.0,0.0,0.0
849,0.849,0.85,-4.365439942427908,4.365439942427909,8.881784197001252e-16,8.730879884855817,-0.10093419217924615,0.10093419217924615,1,1,-4.365439942427908,4.365439942427909,-6.0,6.0,0.0,12.0,0.0,0.0,0.0,0.0,0.0,0.0,0.0,0.0,0.0,0.0,0.0,0.0,0.0,0.0,6.002408078157062,6.002408078157062,8.179221189230645e-16,0.0,0.8014999395229718,0.0,-6.25,6.250000000000001,0.15811388300841892,0.15811388300841886,1.095612199596061e-08,2.4190767350782987e-06,0.006002408078114563,0.006,2.4190767350784626e-06,0.006002408078114563,0.006,0.0,0.0,0.0,0.0
859,0.859,0.86,-4.365439942037884,4.365439942037887,1.3322676295501878e-15,8.730879884075772,-0.10093419218112354,0.10093419218112354,1,1,-4.365439942037884,4.365439942037887,-6.0,6.0,0.0,12.0,0.0,0.0,0.0,0.0,0.0,0.0,0.0,0.0,0.0,0.0,0.0,0.0,0.0,0.0,6.002408078579633,6.002408078579634,1.0677222994637248e-15,0.0,0.801499939522972,0.0,-6.25,6.250000000000001,0.15811388300841892,0.15811388300841886,1.0956126532153154e-08,2.419076724501738e-06,0.006002408078537574,0.006,2.4190767245024783e-06,0.006002408078537573,0.006,0.0,0.0,0.0,0.0
869,0.869,0.87,-4.365439941651921,4.365439941651923,8.881784197001252e-16,8.730879883303844,-0.10093419218297761,0.10093419218297761,1,1,-4.365439941651921,4.365439941651923,-6.0,6.0,0.0,12.0,0.0,0.0,0.0,0.0,0.0,0.0,0.0,0.0,0.0,0.0,0.0,0.0,0.0,0.0,6.002408078997849,6.002408078997849,5.299580219109146e-16,0.0,0.8014999395229723,0.0,-6.25,6.250000000000001,0.15811388300841892,0.15811388300841886,1.0956131026889067e-08,2.4190767140364875e-06,0.006002408078956222,0.006,2.419076714037516e-06,0.006002408078956223,0.006,0.0,0.0,0.0,0.0
879,0.879,0.88,-4.365439941269975,4.365439941269977,8.881784197001252e-16,8.730879882539952,-0.10093419218480809,0.10093419218480809,1,1,-4.365439941269975,4.365439941269977,-6.0,6.0,0.0,12.0,0.0,0.0,0.0,0.0,0.0,0.0,0.0,0.0,0.0,0.0,0.0,0.0,0.0,0.0,6.002408079411752,6.002408079411753,2.1545265571631944e-15,0.0,0.8014999395229726,0.0,-6.25,6.250000000000001,0.15811388300841892,0.15811388300841886,1.095613548054077e-08,2.419076703682545e-06,0.006002408079370556,0.006,2.419076703683576e-06,0.006002408079370555,0.006,0.0,0.0,0.0,0.0
889,0.889,0.89,-4.365439940892004,4.3654399408920055,8.881784197001252e-16,8.73087988178401,-0.10093419218661581,0.10093419218661581,1,1,-4.365439940892004,4.3654399408920055,-6.0,6.0,0.0,12.0,0.0,0.0,0.0,0.0,0.0,0.0,0.0,0.0,0.0,0.0,0.0,0.0,0.0,0.0,6.0024080798213895,6.0024080798213895,2.1163626406917047e-16,0.0,0.8014999395229728,0.0,-6.25,6.250000000000001,0.15811388300841892,0.15811388300841886,1.095613989347741e-08,2.419076693439908e-06,0.006002408079780617,0.006,2.419076693440658e-06,0.006002408079780617,0.006,0.0,0.0,0.0,0.0
899,0.899,0.9,-4.365439940517966,4.365439940517969,1.3322676295501878e-15,8.730879881035936,-0.10093419218840077,0.10093419218840077,1,1,-4.365439940517966,4.365439940517969,-6.0,6.0,0.0,12.0,0.0,0.0,0.0,0.0,0.0,0.0,0.0,0.0,0.0,0.0,0.0,0.0,0.0,0.0,6.002408080226803,6.002408080226802,8.708311849403572e-16,0.0,0.801499939522973,0.0,-6.25,6.250000000000001,0.15811388300841892,0.15811388300841886,1.0956144266064878e-08,2.4190766833085746e-06,0.00600240808018645,0.006,2.419076683308763e-06,0.00600240808018645,0.006,0.0,0.0,0.0,0.0
909,0.909,0.91,-4.365439940147822,4.365439940147824,8.881784197001252e-16,8.730879880295646,-0.10093419219016408,0.10093419219016408,1,1,-4.365439940147822,4.365439940147824,-6.0,6.0,0.0,12.0,0.0,0.0,0.0,0.0,0.0,0.0,0.0,0.0,0.0,0.0,0.0,0.0,0.0,0.0,6.002408080628038,6.002408080628037,5.299580219109146e-16,0.0,0.8014999395229734,0.0,-6.25,6.250000000000001,0.15811388300841892,0.15811388300841886,1.0956148598665849e-08,2.419076673284101e-06,0.006002408080588101,0.006,2.4190766732834492e-06,0.0060024080805881,0.006,0.0,0.0,0.0,0.0
919,0.919,0.92,-4.365439939781531,4.365439939781533,8.881784197001252e-16,8.730879879563064,-0.10093419219190519,0.10093419219190519,1,1,-4.365439939781531,4.365439939781533,-6.0,6.0,0.0,12.0,0.0,0.0,0.0,0.0,0.0,0.0,0.0,0.0,0.0,0.0,0.0,0.0,0.0,0.0,6.002408081025135,6.002408081025136,8.465450562766819e-16,0.0,0.8014999395229736,0.0,-6.25,6.250000000000001,0.15811388300841892,0.15811388300841886,1.0956152891639811e-08,2.4190766633709267e-06,0.00600240808098561,0.006,2.4190766633713778e-06,0.00600240808098561,0.006,0.0,0.0,0.0,0.0
929,0.929,0.93,-4.365439939419051,4.365439939419053,8.881784197001252e-16,8.730879878838104,-0.10093419219362437,0.10093419219362437,1,1,-4.365439939419051,4.365439939419053,-6.0,6.0,0.0,12.0,0.0,0.0,0.0,0.0,0.0,0.0,0.0,0.0,0.0,0.0,0.0,0.0,0.0,0.0,6.002408081418139,6.002408081418139,1.1223660889569942e-15,0.0,0.8014999395229738,0.0,-6.25,6.250000000000001,0.15811388300841892,0.15811388300841886,1.095615714534308e-08,2.4190766535557254e-06,0.006002408081379022,0.006,2.419076653554786e-06,0.0060024080813790215,0.006,0.0,0.0,0.0,0.0
939,0.9390000000000001,0.9400000000000001,-4.365439939060345,4.365439939060347,8.881784197001252e-16,8.730879878120692,-0.10093419219532218,0.10093419219532218,1,1,-4.365439939060345,4.365439939060347,-6.0,6.0,0.0,12.0,0.0,0.0,0.0,0.0,0.0,0.0,0.0,0.0,0.0,0.0,0.0,0.0,0.0,0.0,6.002408081807091,6.002408081807092,1.0816000872715392e-15,0.0,0.801499939522974,0.0,-6.25,6.250000000000001,0.15811388300841892,0.15811388300841886,1.0956161360128836e-08,2.4190766438518186e-06,0.0060024080817683775,0.006,2.4190766438514366e-06,0.006002408081768377,0.006,0.0,0.0,0.0,0.0
949,0.9490000000000001,0.9500000000000001,-4.365439938705372,4.365439938705374,8.881784197001252e-16,8.730879877410747,-0.10093419219699806,0.10093419219699806,1,1,-4.365439938705372,4.365439938705374,-6.0,6.0,0.0,12.0,0.0,0.0,0.0,0.0,0.0,0.0,0.0,0.0,0.0,0.0,0.0,0.0,0.0,0.0,6.002408082192034,6.0024080821920345,1.0174153186603974e-15,0.0,0.8014999395229743,0.0,-6.25,6.250000000000001,0.15811388300841892,0.15811388300841886,1.095616553634715e-08,2.419076634254763e-06,0.006002408082153719,0.006,2.419076634254669e-06,0.006002408082153719,0.006,0.0,0.0,0.0,0.0
959,0.9590000000000001,0.96,-4.365439938354094,4.365439938354096,8.881784197001252e-16,8.73087987670819,-0.10093419219865452,0.10093419219865452,1,1,-4.365439938354094,4.365439938354096,-6.0,6.0,0.0,12.0,0.0,0.0,0.0,0.0,0.0,0.0,0.0,0.0,0.0,0.0,0.0,0.0,0.0,0.0,6.002408082573009,6.002408082573009,7.840950111415168e-16,0.0,0.8014999395229745,0.0,-6.25,6.250000000000001,0.15811388300841892,0.15811388300841886,1.0956169674345007e-08,2.4190766247556743e-06,0.006002408082535088,0.006,2.4190766247556006e-06,0.006002408082535089,0.006,0.0,0.0,0.0,0.0
969,0.969,0.97,-4.365439938006473,4.365439938006475,8.881784197001252e-16,8.730879876012947,-0.10093419220028932,0.10093419220028932,1,1,-4.365439938006473,4.365439938006475,-6.0,6.0,0.0,12.0,0.0,0.0,0.0,0.0,0.0,0.0,0.0,0.0,0.0,0.0,0.0,0.0,0.0,0.0,6.002408082950056,6.002408082950054,1.7433970933566911e-15,0.0,0.8014999395229748,0.0,-6.25,6.250000000000001,0.15811388300841892,0.15811388300841886,1.0956173774466337e-08,2.419076615358991e-06,0.0060024080829125265,0.006,2.419076615358673e-06,0.0060024080829125265,0.006,0.0,0.0,0.0,0.0
979,0.979,0.98,-4.365439937662469,4.3654399376624715,1.3322676295501878e-15,8.730879875324941,-0.1009341922019033,0.1009341922019033,1,1,-4.365439937662469,4.3654399376624715,-6.0,6.0,0.0,12.0,0.0,0.0,0.0,0.0,0.0,0.0,0.0,0.0,0.0,0.0,0.0,0.0,0.0,0.0,6.002408083323215,6.002408083323214,1.46150452851046e-15,0.0,0.801499939522975,0.0,-6.25,6.250000000000001,0.15811388300841892,0.15811388300841886,1.0956177837052033e-08,2.4190766060691525e-06,0.0060024080832860715,0.006,2.4190766060683267e-06,0.0060024080832860715,0.006,0.0,0.0,0.0,0.0
989,0.989,0.99,-4.365439937322046,4.365439937322048,8.881784197001252e-16,8.730879874644094,-0.10093419220349731,0.10093419220349731,1,1,-4.365439937322046,4.365439937322048,-6.0,6.0,0.0,12.0,0.0,0.0,0.0,0.0,0.0,0.0,0.0,0.0,0.0,0.0,0.0,0.0,0.0,0.0,6.002408083692526,6.002408083692526,1.0885389811754465e-15,0.0,0.8014999395229753,0.0,-6.25,6.250000000000001,0.15811388300841892,0.15811388300841886,1.0956181862439987e-08,2.419076596870613e-06,0.006002408083655768,0.006,2.419076596871239e-06,0.006002408083655768,0.006,0.0,0.0,0.0,0.0
998,0.998,0.999,-4.365439937018697,4.3654399370186985,8.881784197001252e-16,8.730879874037395,-0.10093419220491506,0.10093419220491506,1,1,-4.365439937018697,4.3654399370186985,-6.0,6.0,0.0,12.0,0.0,0.0,0.0,0.0,0.0,0.0,0.0,0.0,0.0,0.0,0.0,0.0,0.0,0.0,6.00240808402165,6.002408084021652,1.7616116898544476e-15,0.0,0.8014999395229755,0.0,-6.25,6.250000000000001,0.15811388300841892,0.15811388300841886,1.0956185453761946e-08,2.419076588678968e-06,0.006002408083985233,0.006,2.4190765886800138e-06,0.006002408083985232,0.006,0.0,0.0,0.0,0.0
999,0.999,1.0,-4.365439936985167,4.783993455577626,0.20927675929622946,9.149433392562793,-0.1009341922050716,2.9417427060819112,1,1,-4.365439936985167,4.365439936985169,-6.0,6.0,0.0,12.0,0.0,0.0,0.05,0.0,0.0,-0.05,0.0,0.05,0.0,0.05,0.0,0.0,0.0,0.0,6.002408084058031,5.952408084058032,4.0245584642661925e-16,0.0,0.8014999395229755,0.0,-6.25,6.250000000000001,0.15811388300841892,0.15811388300841886,1.0956185850965114e-08,2.419076587774473e-06,0.00600240808402165,0.006,2.419076587774072e-06,0.0060024080840216515,0.006,0.05,0.0,0.0,0.0
1000,1.0,1.0010000000000001,-4.365439936951672,4.804457594014389,0.21950882853135845,9.169897530966061,-0.10093419220522787,1.3037850206552182,1,1,-4.365439936951672,4.804457594014389,-6.024975012495835,6.074925037487503,0.024975012495834115,12.099900049983338,0.04995002499166875,0.0,0.04995002499166875,0.0,-0.04995002499166875,-0.04995002499166875,0.0,0.0,0.0,0.0,0.0,0.0,4.9975008331250425e-05,0.0,6.00240805940984,5.952358084401509,2.3245294578089215e-16,0.0,0.8014999395229755,0.0,-6.275,6.325000000000001,0.1436140661634507,0.14361406616345046,1.064905124313061e-08,2.41907658686998e-06,0.00600240808405803,0.00595,2.4190765868703503e-06,0.0059524080840580315,0.0059,0.05,0.0,4.9975008331250425e-05,0.0
1009,1.0090000000000001,1.01,-4.365439936651794,4.809088620210854,0.22182434177953025,9.174528556862647,-0.10093419220662592,0.49529497704867476,1,1,-4.365439936651794,4.809088620210854,-6.024751245843729,6.074253737531188,0.024751245843729563,12.099004983374916,0.0495024916874584,0.0,0.0495024916874584,0.0,-0.0495024916874584,-0.0495024916874584,0.0,0.0,0.0,0.0,0.0,0.0,4.952725118578043e-05,0.0,6.002405602891595,5.951910331494843,1.1162945567910754e-15,6.938893903907228e-18,0.8014999395229757,0.0,-6.275,6.325000000000001,0.1436140661634507,0.14361406616345046,1.0647658097939358e-08,2.419076578776289e-06,0.006002406073284773,0.00595,2.4190765787768243e-06,0.00595195988294887,0.0059,0.05,0.0,0.0004975083125415973,0.0
1019,1.0190000000000001,1.02,-4.3654399363218905,4.806262782165106,0.22041142292160787,9.171702718486998,-0.1009341922081608,0.3746203044018237,1,1,-4.3654399363218905,4.806262782165106,-6.024504966832669,6.073514900498006,0.02450496683266845,12.098019867330676,0.04900993366533777,0.0,0.04900993366533777,0.0,-0.04900993366533777,-0.04900993366533777,0.0,0.0,0.0,0.0,0.0,0.0,4.903444680253521e-05,0.0,6.002398218407756,5.9514175341330695,2.4164698020356923e-15,0.0,0.8014999395229759,0.0,-6.275,6.325000000000001,0.1436140661634507,0.14361406616345046,1.0646157331943664e-08,2.4190765698738384e-06,0.006002399174705246,0.00595,2.4190765698728356e-06,0.005951466592294954,0.0059,0.05,0.0,0.000990066334662235,0.0
1029,1.029,1.03,-4.365439935995422,4.795607316202497,0.21508369010353734,9.161047252197918,-0.10093419220967681,0.28774108365444695,1,1,-4.365439935995422,4.795607316202497,-6.024261138338712,6.072783415016138,0.024261138338713018,12.09704455335485,0.04852227667742541,0.0,0.04852227667742541,0.0,-0.04852227667742541,-0.04852227667742541,0.0,0.0,0.0,0.0,0.0,0.0,4.8546545904832405e-05,0.0,6.002386028454107,5.950929642642826,8.476360347127454e-16,0.0,0.8014999395229762,0.0,-6.275,6.325000000000001,0.1436140661634507,0.14361406616345046,1.0644671382227907e-08,2.4190765610671196e-06,0.006002387460937249,0.00595,2.4190765610665466e-06,0.00595097821242336,0.0059,0.05,0.0,0.0014777233225745914,0.0
1039,1.039,1.04,-4.3654399356762585,4.780793420521629,0.2076767424226853,9.146233356197888,-0.1009341921974155,0.25082676019554023,1,1,-4.3654399356762585,4.780793420521629,-6.024019735978809,6.072059207936424,0.024019735978807688,12.096078943915233,0.04803947195761616,0.0,0.04803947195761616,0.0,-0.04803947195761616,-0.04803947195761616,0.0,0.0,0.0,0.0,0.0,0.0,4.806349970217568e-05,0.0,6.002369129416425,5.950446608185485,1.003537530852583e-15,0.0,0.8014999395229764,0.0,-6.275,6.325000000000001,0.1436140661634507,0.14361406616345046,1.0643190886483069e-08,2.4190765523516893e-06,0.006002371028511873,0.00595,2.419076552351296e-06,0.0059504946944465694,0.0059,0.05,0.0,0.0019605280423838395,0.0
1049,1.049,1.05,-4.365439936163987,4.764796981809294,0.19967852282265364,9.130236917973281,-0.1009341902744057,0.2276189675681245,1,1,-4.365439936163987,4.764796981809294,-6.023780735612518,6.071342206837554,0.023780735612517923,12.095122942450072,0.0475614712250357,0.0,0.0475614712250357,0.0,-0.0475614712250357,-0.0475614712250357,0.0,0.0,0.0,0.0,0.0,0.0,4.758525988954222e-05,0.0,6.002347616237969,5.9499683824086675,1.5083420623618338e-15,6.938893903907228e-18,0.8014999395229766,0.0,-6.275,6.325000000000001,0.1436140661634507,0.14361406616345046,1.0641712090767663e-08,2.419076543734207e-06,0.006002349972515764,0.00595,2.419076543733745e-06,0.005950015989963801,0.0059,0.05,0.0,0.002438528774964299,0.0
1059,1.059,1.06,-4.3654399522840235,4.748794888825504,0.19167746827074028,9.114234841109528,-0.10093416023379626,0.19063660997710064,1,1,-4.3654399522840235,4.748794888825504,-6.023544113339606,6.070632340018819,0.023544113339606376,12.094176453358426,0.04708822667921243,0.0,0.04708822667921243,0.0,-0.04708822667921243,-0.04708822667921243,0.0,0.0,0.0,0.0,0.0,0.0,4.711177864255223e-05,0.0,6.00232158243861,5.949494917441383,8.691303427822705e-16,6.938893903907228e-18,0.8014999395229768,0.0,-6.275,6.325000000000001,0.1436140661634507,0.14361406616345046,1.064023303892958e-08,2.4190765352057883e-06,0.006002324386610277,0.00595,2.4190765352050116e-06,0.005949542051056137,0.0059,0.05,0.0,0.0029117733207875644,0.0
1069,1.069,1.07,-4.365440069118589,4.732052284310558,0.18330610759598454,9.097492353429146,-0.10093398655480229,0.18176113756151774,1,1,-4.365440069118589,4.732052284310558,-6.023309845497648,6.069929536492946,0.02330984549764903,12.093239381990594,0.04661969099529742,0.0,0.04661969099529742,0.0,-0.04661969099529742,-0.04661969099529742,0.0,0.0,0.0,0.0,0.0,0.0,4.6643008612686445e-05,0.0,6.002291120133744,5.949026165889212,8.448103328007051e-16,6.938893903907228e-18,0.8014999395229769,0.0,-6.275,6.325000000000001,0.1436140661634507,0.14361406616345046,1.0638752540730002e-08,2.419076526770873e-06,0.0060022943630504075,0.00595,2.4190765267717576e-06,0.00594907283028172,0.0059,0.05,0.0,0.0033803090047025888,0.0
1079,1.079,1.08,-4.3654405336618,4.716554723977574,0.1755570951578873,9.081995257639374,-0.1009334073171067,0.17524761389225124,1,1,-4.3654405336618,4.716554723977574,-6.023077908659666,6.0692337259789975,0.023077908659665525,12.092311634638664,0.0461558173193318,0.0,0.0461558173193318,0.0,-0.0461558173193318,-0.0461558173193318,0.0,0.0,0.0,0.0,0.0,0.0,4.617890292255123e-05,0.0,6.002256320052988,5.948562080829562,1.3981871216373065e-15,6.938893903907228e-18,0.8014999395229772,0.0,-6.275,6.325000000000001,0.1436140661634507,0.14361406616345046,1.0637269798104884e-08,2.419076518425017e-06,0.0060022599927035195,0.00595,2.419076518425101e-06,0.005948608280670982,0.0059,0.05,0.0,0.0038441826806682117,0.0
1089,1.089,1.09,-4.36544181802681,4.702320671240436,0.16843942660681277,9.067762489267245,-0.1009320278508194,0.17029255494963036,1,1,-4.36544181802681,4.702320671240436,-6.022848279631781,6.068544838895342,0.0228482796317806,12.091393118527122,0.04569655926356142,0.0,0.04569655926356142,0.0,-0.04569655926356142,-0.04569655926356142,0.0,0.0,0.0,0.0,0.0,0.0,4.571941516119082e-05,0.0,6.00221727155863,5.948102615806964,1.0675393403471178e-15,6.938893903907228e-18,0.8014999395229774,0.0,-6.275,6.325000000000001,0.1436140661634507,0.14361406616345046,1.0635784241183272e-08,2.4190765101659985e-06,0.00600222136506781,0.00595,2.4190765101650414e-06,0.005948148355721961,0.0059,0.05,0.0,0.00430344073643859,0.0
1099,1.099,1.1,-4.365444612599923,4.688204882257967,0.16138013482902203,9.05364949485789,-0.10092939334097717,0.1511935698672251,1,1,-4.365444612599923,4.688204882257967,-6.022620935450899,6.0678628063526965,0.022620935450898827,12.090483741803595,0.04524187090179799,0.0,0.04524187090179799,0.0,-0.04524187090179799,-0.04524187090179799,0.0,0.0,0.0,0.0,0.0,0.0,4.526449937944616e-05,0.0,6.002174062663859,5.947647724828432,3.7643499428696714e-16,6.938893903907228e-18,0.8014999395229776,0.0,-6.275,6.325000000000001,0.1436140661634507,0.14361406616345046,1.0634295445269702e-08,2.4190765020026977e-06,0.006002178568290563,0.00595,2.4190765020026817e-06,0.005947693009395622,0.0059,0.05,0.0,0.004758129098202021,0.0
1109,1.109,1.11,-4.365449760366491,4.675195283847503,0.15487276174050635,9.040645044213994,-0.10092507235076986,0.14914448826908566,1,1,-4.365449760366491,4.675195283847503,-6.022395853382413,6.067187560147239,0.022395853382413122,12.089583413529652,0.04479170676482642,0.0,0.04479170676482642,0.0,-0.04479170676482642,-0.04479170676482642,0.0,0.0,0.0,0.0,0.0,0.0,4.481411008535999e-05,0.0,6.002126780050771,5.9471973623588426,1.27675647831893e-15,0.0,0.8014999395229778,0.0,-6.275,6.325000000000001,0.1436140661634507,0.14361406616345046,1.0632803083988766e-08,2.419076493921789e-06,0.00600213168918618,0.00595,2.4190764939224786e-06,0.005947242196111264,0.0059,0.05,0.0,0.0052082932351735865,0.0
1119,1.119,1.12,-4.365458166812298,4.663372623796872,0.1489572284922871,9.02883079060917,-0.1009187180551177,0.14745940078420783,1,1,-4.365458166812298,4.663372623796872,-6.022173010917928,6.066519032753787,0.022173010917929226,12.088692043671715,0.04434602183585787,0.0,0.04434602183585787,0.0,-0.04434602183585787,-0.04434602183585787,0.0,0.0,0.0,0.0,0.0,0.0,4.4368202239627564e-05,0.0,6.002075509088141,5.946751483316383,1.5300261058115439e-15,1.3877787807814457e-17,0.801499939522978,0.0,-6.275,6.325000000000001,0.1436140661634507,0.14361406616345046,1.0631306900615697e-08,2.419076485927713e-06,0.006002080813253976,0.00595,2.4190764859266523e-06,0.005946795870741948,0.0059,0.05,0.0,0.005653978164142121,0.0
1129,1.129,1.1300000000000001,-4.365470714734393,4.6525888549136,0.14355907008960367,9.018059569647992,-0.10091009822439323,0.1460445170254132,1,1,-4.365470714734393,4.6525888549136,-6.021952385773014,6.0658571573190425,0.02195238577301417,12.087809543092057,0.043904771546028044,0.0,0.043904771546028044,0.0,-0.043904771546028044,-0.043904771546028044,0.0,0.0,0.0,0.0,0.0,0.0,4.392673125109272e-05,0.0,6.002020333848977,5.946310043068042,8.349034354496188e-16,2.7755575615628914e-17,0.8014999395229782,0.0,-6.275,6.325000000000001,0.1436140661634507,0.14361406616345046,1.062980668946862e-08,2.419076478022686e-06,0.0060020260246957495,0.00595,2.4190764780218643e-06,0.005946353988609981,0.0059,0.05,0.0,0.006095228453971931,0.0
1139,1.139,1.1400000000000001,-4.365488199393268,4.642069036525388,0.13829041856606006,9.007557235918657,-0.1008990992228509,0.13300999041542694,1,1,-4.365488199393268,4.642069036525388,-6.02173395588497,6.065201867654911,0.021733955884970513,12.08693582353988,0.04346791176994026,0.0,0.04346791176994026,0.0,-0.04346791176994026,-0.04346791176994026,0.0,0.0,0.0,0.0,0.0,0.0,4.3489652972288724e-05,0.0,6.0019613371278595,5.945872997425134,1.1874182193061245e-15,3.469446951953614e-17,0.8014999395229784,0.0,-6.275,6.325000000000001,0.1436140661634507,0.14361406616345046,1.0628302283296639e-08,2.4190764701978256e-06,0.006001967406433153,0.00595,2.4190764701970125e-06,0.0059459165054824474,0.0059,0.05,0.0,0.006532088230059705,0.0
1149,1.149,1.1500000000000001,-4.365511287903213,4.632256860967893,0.1333727865323402,8.997768148871106,-0.10088571352452336,0.1325198427640109,1,1,-4.365511287903213,4.632256860967893,-6.0215176994106265,6.06455309823188,0.021517699410626534,12.086070797642506,0.04303539882125285,0.0,0.04303539882125285,0.0,-0.04303539882125285,-0.04303539882125285,0.0,0.0,0.0,0.0,0.0,0.0,4.305692369502345e-05,0.0,6.001898600458063,5.945440302638875,1.0402784319726854e-15,4.163336342344337e-17,0.8014999395229786,0.0,-6.275,6.325000000000001,0.1436140661634507,0.14361406616345046,1.062679354444779e-08,2.419076462464232e-06,0.006001905040124823,0.00595,2.419076462463199e-06,0.0059454833775667735,0.0059,0.05,0.0,0.006964601178747106,0.0
1159,1.159,1.16,-4.365540500228938,4.6232692911407165,0.12886439545588946,8.988809791369654,-0.10087001928599099,0.13207483534356357,1,1,-4.365540500228938,4.6232692911407165,-6.021303594724156,6.0639107841724655,0.021303594724154884,12.085214378896621,0.04260718944831054,0.0,0.04260718944831054,0.0,-0.04260718944831054,-0.04260718944831054,0.0,0.0,0.0,0.0,0.0,0.0,4.26285001460086e-05,0.0,6.00183220412845,5.945011915396015,7.814929259275516e-16,3.469446951953614e-17,0.8014999395229788,0.0,-6.275,6.325000000000001,0.1436140661634507,0.14361406616345046,1.0625280358522922e-08,2.419076454810801e-06,0.006001839006183314,0.00595,2.4190764548115416e-06,0.005945054561506347,0.0059,0.05,0.0,0.007392810551689427,0.0
1169,1.169,1.17,-4.365576206620148,4.615003169497324,0.1247134814385884,8.980579376117472,-0.10085215793569385,0.13166511901159444,1,1,-4.365576206620148,4.615003169497324,-6.021091620414909,6.063274861244729,0.021091620414909862,12.084366481659638,0.04218324082981916,0.0,0.04218324082981916,0.0,-0.04218324082981916,-0.04218324082981916,0.0,0.0,0.0,0.0,0.0,0.0,4.22043394825322e-05,0.0,6.001762227200182,5.944587792814487,2.0322285521068295e-15,2.7755575615628914e-17,0.8014999395229789,0.0,-6.275,6.325000000000001,0.1436140661634507,0.14361406616345046,1.0623762629718194e-08,2.4190764472375305e-06,0.006001769383791807,0.00595,2.4190764472376004e-06,0.005944630014376177,0.0059,0.05,0.0,0.007816759170180812,0.0
1179,1.179,1.18,-4.3656186361034255,4.607372617780576,0.12087699083857517,8.972991253884,-0.10083231326313447,0.13128350198703564,1,1,-4.3656186361034255,4.607372617780576,-6.020881755285282,6.062645265855845,0.020881755285281578,12.083527021141126,0.04176351057056357,0.0,0.04176351057056357,0.0,-0.04176351057056357,-0.04176351057056357,0.0,0.0,0.0,0.0,0.0,0.0,4.178439928817445e-05,0.0,6.00168874752319,5.944167892439122,1.5939059425616742e-15,3.469446951953614e-17,0.8014999395229792,0.0,-6.275,6.325000000000001,0.1436140661634507,0.14361406616345046,1.0622240277343844e-08,2.4190764397444188e-06,0.006001696250920621,0.00595,2.419076439743595e-06,0.005944209693678602,0.0059,0.05,0.0,0.008236489429436398,0.0
1189,1.189,1.19,-4.365667891485778,4.600305526896489,0.11731881770535546,8.965973418382266,-0.1008106936659961,0.13092467924057744,1,1,-4.365667891485778,4.600305526896489,-6.020673978348584,6.062021935045752,0.020673978348583866,12.082695913394335,0.04134795669716808,0.0,0.04134795669716808,0.0,-0.04134795669716808,-0.04134795669716808,0.0,0.0,0.0,0.0,0.0,0.0,4.1368637568565963e-05,0.0,6.001611841752453,5.943752172237399,1.2958384365546749e-15,4.163336342344337e-17,0.8014999395229794,0.0,-6.275,6.325000000000001,0.1436140661634507,0.14361406616345046,1.0620713233179262e-08,2.4190764323336847e-06,0.006001619684343509,0.00595,2.4190764323339664e-06,0.005943793557339021,0.0059,0.05,0.0,0.008652043302831884,0.0
1199,1.199,1.2,-4.365723967455826,4.593269306205102,0.11377266937463837,8.958993273660928,-0.10078751805544461,0.12143586996641031,1,1,-4.365723967455826,4.593269306205102,-6.02046826882695,6.061404806480849,0.0204682688269493,12.081873075307799,0.040936537653899055,0.0,0.040936537653899055,0.0,-0.040936537653899055,-0.040936537653899055,0.0,0.0,0.0,0.0,0.0,0.0,4.0957012747188316e-05,0.0,6.001531585364085,5.943340590595244,1.1310397063368782e-15,4.163336342344337e-17,0.8014999395229795,0.0,-6.275,6.325000000000001,0.1436140661634507,0.14361406616345046,1.0619181439433016e-08,2.419076425000885e-06,0.006001539759653749,0.00595,2.4190764249998333e-06,0.005943381563701701,0.0059,0.05,0.0,0.009063462346100904,0.0
1209,1.209,1.21,-4.365786769432978,4.586719974481622,0.11046660252432217,8.9525067439146,-0.10076300527372462,0.12136797899630514,1,1,-4.365786769432978,4.586719974481622,-6.020264606149255,6.060793818447764,0.020264606149254405,12.08105842459702,0.040529212298509316,0.0,0.040529212298509316,0.0,-0.040529212298509316,-0.040529212298509316,0.0,0.0,0.0,0.0,0.0,0.0,4.054948366121635e-05,0.0,6.001448052671199,5.9429331063128386,8.176510683799432e-16,4.85722573273506e-17,0.8014999395229797,0.0,-6.275,6.325000000000001,0.1436140661634507,0.14361406616345046,1.061764484714701e-08,2.419076417748239e-06,0.006001456551280044,0.00595,2.4190764177478566e-06,0.005942973671525591,0.0059,0.05,0.0,0.009470787701490641,0.0
1219,1.219,1.22,-4.3658561316763835,4.5806263828157,0.10738512556965807,8.946482514492082,-0.10073736657211396,0.12128672190596129,1,1,-4.3658561316763835,4.5806263828157,-6.020062969949062,6.060188909847185,0.02006296994906176,12.080251879796247,0.040125939898123894,0.0,0.040125939898123894,0.0,-0.040125939898123894,-0.040125939898123894,0.0,0.0,0.0,0.0,0.0,0.0,4.014600955740186e-05,0.0,6.001361316839572,5.94252967860053,4.558934610029985e-16,4.163336342344337e-17,0.8014999395229799,0.0,-6.275,6.325000000000001,0.1436140661634507,0.14361406616345046,1.061610341493124e-08,2.4190764105713034e-06,0.0060013701325022095,0.00595,2.4190764105713746e-06,0.005942569839980203,0.0059,0.05,0.0,0.009874060101876067,0.0
1229,1.229,1.23,-4.365931833803503,4.574941822653161,0.10450499442482863,8.940873656456663,-0.10071080059539828,0.12119419320227448,1,1,-4.365931833803503,4.574941822653161,-6.019863340062583,6.05959002018775,0.01986334006258339,12.079453360250334,0.03972668012516669,0.0,0.03972668012516669,0.0,-0.03972668012516669,-0.03972668012516669,0.0,0.0,0.0,0.0,0.0,0.0,3.974655008799824e-05,0.0,6.00127144990314,5.942130267074724,2.1501897484732524e-15,2.0816681711721685e-17,0.80149993952298,0.0,-6.275,6.325000000000001,0.1436140661634507,0.14361406616345046,1.0614557107947582e-08,2.419076403476738e-06,0.006001280575466673,0.00595,2.4190764034770497e-06,0.0059421700286415215,0.0059,0.05,0.0,0.01027331987483329,0.0
1239,1.239,1.24,-4.366013615310793,4.569626225667381,0.10180630517829403,8.935639840978174,-0.10068349032803264,0.12109219724098286,1,1,-4.366013615310793,4.569626225667381,-6.019665696526664,6.058997089579991,0.019665696526663723,12.078662786106655,0.03933139305332767,0.0,0.03933139305332767,0.0,-0.03933139305332767,-0.03933139305332767,0.0,0.0,0.0,0.0,0.0,0.0,3.935106530672565e-05,0.0,6.001178522779268,5.9417348317538545,1.3119456150796627e-15,1.3877787807814457e-17,0.8014999395229803,0.0,-6.275,6.325000000000001,0.1436140661634507,0.14361406616345046,1.0613005897083524e-08,2.419076396453439e-06,0.006001187951201772,0.00595,2.4190763964537786e-06,0.005941774197487952,0.0059,0.05,0.0,0.010668606946672321,0.0
1249,1.249,1.25,-4.366101187978818,4.564644971137533,0.09927189157935778,8.930746159116351,-0.10065560151878455,0.12098229358595891,1,1,-4.366101187978818,4.564644971137533,-6.019470019576786,6.058410058730355,0.019470019576784736,12.07788007830714,0.038940039153570236,0.0,0.038940039153570236,0.0,-0.038940039153570236,-0.038940039153570236,0.0,0.0,0.0,0.0,0.0,0.0,3.895951566477638e-05,0.0,6.001082605283841,5.941343333054373,9.948571372091208e-16,2.0816681711721685e-17,0.8014999395229804,0.0,-6.275,6.325000000000001,0.1436140661634507,0.14361406616345046,1.0611449758272265e-08,2.4190763895036247e-06,0.006001092329632868,0.00595,2.4190763895037826e-06,0.00594138230689633,0.0059,0.05,0.0,0.011059960846429746,0.0
1259,1.2590000000000001,1.26,-4.366194246222015,4.5599679471963235,0.09688685048715406,8.926162193418339,-0.10062728218086958,0.12086583356396091,1,1,-4.366194246222015,4.5599679471963235,-6.01927628964509,6.0578288689352675,0.019276289645088873,12.077105158580357,0.0385525792901783,0.0,0.0385525792901783,0.0,-0.0385525792901783,-0.0385525792901783,0.0,0.0,0.0,0.0,0.0,0.0,3.8571862006859956e-05,0.0,6.00098376614617,5.94095573178679,2.2664162213636985e-15,2.7755575615628914e-17,0.8014999395229806,0.0,-6.275,6.325000000000001,0.1436140661634507,0.14361406616345046,1.0609888671926927e-08,2.4190763826295135e-06,0.0060009937795972666,0.00595,2.4190763826292815e-06,0.005940994317637936,0.0059,0.05,0.0,0.011447420709821675,0.0
1269,1.2690000000000001,1.27,-4.366292475543496,4.555568804271094,0.09463816436379924,8.921861279814589,-0.10059866284542057,0.12074399020446158,1,1,-4.366292475543496,4.555568804271094,-6.0190844873584215,6.0572534620752645,0.019084487358421498,12.076337949433686,0.03816897471684264,0.0,0.03816897471684264,0.0,-0.03816897471684264,-0.03816897471684264,0.0,0.0,0.0,0.0,0.0,0.0,3.818806556728755e-05,0.0,6.000882073023701,5.940571989151763,1.6115581091824538e-15,3.469446951953614e-17,0.8014999395229807,0.0,-6.275,6.325000000000001,0.1436140661634507,0.14361406616345046,1.0608322622464624e-08,2.4190763758311047e-06,0.00600089236885894,0.00595,2.419076375830276e-06,0.005940610190874583,0.0059,0.05,0.0,0.011831025283157326,0.0
1279,1.2790000000000001,1.28,-4.366395559303639,4.551424355743747,0.09251439822005425,8.917819915047385,-0.10056985731875023,0.12061778308585847,1,1,-4.366395559303639,4.551424355743747,-6.018894593536394,6.05668378060918,0.01889459353639289,12.075578374145573,0.03778918707278626,0.0,0.03778918707278626,0.0,-0.03778918707278626,-0.03778918707278626,0.0,0.0,0.0,0.0,0.0,0.0,3.780808796609536e-05,0.0,6.000777592516541,5.940192066736181,2.0409021694867135e-15,3.469446951953614e-17,0.8014999395229809,0.0,-6.275,6.325000000000001,0.1436140661634507,0.14361406616345046,1.0606751597902009e-08,2.4190763691061756e-06,0.0060007881641230805,0.00595,2.419076369106765e-06,0.00594022988815472,0.0059,0.05,0.0,0.012210812927213712,0.0
1289,1.289,1.29,-4.366503184026547,4.547353869060244,0.09042534251684886,8.91385705308679,-0.10054096375529703,0.11319253070478319,1,1,-4.366503184026547,4.547353869060244,-6.018706589189464,6.056119767568393,0.018706589189464218,12.074826356757857,0.037413178378928255,0.0,0.037413178378928255,0.0,-0.037413178378928255,-0.037413178378928255,0.0,0.0,0.0,0.0,0.0,0.0,3.7431891205206646e-05,0.0,6.000670390181806,5.939815926509361,4.388850394221322e-16,2.7755575615628914e-17,0.801499939522981,0.0,-6.275,6.325000000000001,0.1436140661634507,0.14361406616345046,1.0605175589508274e-08,2.419076362450283e-06,0.006000681231050465,0.00595,2.419076362449868e-06,0.005939853371409583,0.0059,0.05,0.0,0.012586821621071723,0.0
1299,1.299,1.3,-4.366615043463864,4.543427219718523,0.08840608812732942,8.910042263182387,-0.10051206590780015,0.1131673159298402,1,1,-4.366615043463864,4.543427219718523,-6.018520455517042,6.055561366551129,0.01852045551704329,12.074081822068171,0.037040911034085904,0.0,0.037040911034085904,0.0,-0.037040911034085904,-0.037040911034085904,0.0,0.0,0.0,0.0,0.0,0.0,3.70594376646318e-05,0.0,6.000560530547787,5.939443530819204,4.3017076446077995e-16,6.938893903907228e-18,0.8014999395229813,0.0,-6.275,6.325000000000001,0.1436140661634507,0.14361406616345046,1.0603594591504774e-08,2.4190763558612057e-06,0.006000571634271633,0.00595,2.4190763558706865e-06,0.005939480602949392,0.0059,0.05,0.0,0.012959088965914092,0.0
1309,1.309,1.31,-4.366730841619708,4.53971888667536,0.08649402252782634,8.906449728295069,-0.10048323445539131,0.11313179885724722,1,1,-4.366730841619708,4.53971888667536,-6.018336173905608,6.055008521716822,0.018336173905606934,12.07334469562243,0.03667234781121447,0.0,0.03667234781121447,0.0,-0.03667234781121447,-0.03667234781121447,0.0,0.0,0.0,0.0,0.0,0.0,3.669069009870637e-05,0.0,6.00044807712793,5.939074842388457,4.623038063478191e-16,6.938893903907228e-18,0.8014999395229814,0.0,-6.275,6.325000000000001,0.1436140661634507,0.14361406616345046,1.0602008600802844e-08,2.4190763493389414e-06,0.006000459437400891,0.00595,2.4190763493536773e-06,0.0059391115454595755,0.0059,0.05,0.0,0.01332765218878552,0.0
1319,1.319,1.32,-4.366850294919307,4.536212155317441,0.08468093019906675,8.903062450236748,-0.10045452834031576,0.11308740061894335,1,1,-4.366850294919307,4.536212155317441,-6.018153725926842,6.054461177780526,0.018153725926842057,12.072614903707368,0.03630745185368456,0.0,0.03630745185368456,0.0,-0.03630745185368456,-0.03630745185368456,0.0,0.0,0.0,0.0,0.0,0.0,3.6325611632366494e-05,0.0,6.000333092434647,5.938709824310952,1.2516368692351565e-15,6.938893903907228e-18,0.8014999395229816,0.0,-6.275,6.325000000000001,0.1436140661634507,0.14361406616345046,1.0600417616773214e-08,2.419076342872386e-06,0.006000344703050138,0.00595,2.4190763429121632e-06,0.005938746161997024,0.0059,0.05,0.0,0.013692548146315438,0.0
1329,1.329,1.33,-4.366973133680952,4.532892082345717,0.08295947433238249,8.899865216026669,-0.1004259960666487,0.11303535956028066,1,1,-4.366973133680952,4.532892082345717,-6.017973093335798,6.053919280007395,0.017973093335798218,12.071892373343193,0.035946186671596325,0.0,0.035946186671596325,0.0,-0.035946186671596325,-0.035946186671596325,0.0,0.0,0.0,0.0,0.0,0.0,3.59641657574613e-05,0.0,6.000215637992945,5.938348440047938,3.122502256758253e-16,0.0,0.8014999395229817,0.0,-6.275,6.325000000000001,0.1436140661634507,0.14361406616345046,1.0598821641041738e-08,2.419076336461539e-06,0.006000227492842516,0.00595,2.4190763365417034e-06,0.00593838441598641,0.0059,0.05,0.0,0.014053813328403674,0.0
1339,1.339,1.34,-4.367099103028193,4.529745253241452,0.08132307510662962,8.896844356269645,-0.10039767693114487,0.1129767572839438,1,1,-4.367099103028193,4.529745253241452,-6.017794258069065,6.053382774207195,0.017794258069065094,12.07117703227626,0.035588516138130515,0.0,0.035588516138130515,0.0,-0.035588516138130515,-0.035588516138130515,0.0,0.0,0.0,0.0,0.0,0.0,3.560631632910209e-05,0.0,6.000095774353912,5.9379906534244045,1.6453852169640015e-15,6.938893903907228e-18,0.8014999395229819,0.0,-6.275,6.325000000000001,0.1436140661634507,0.14361406616345046,1.0597220677307347e-08,2.4190763300753116e-06,0.006000107867425899,0.00595,2.4190763302467387e-06,0.005938026271216513,0.0059,0.05,0.0,0.014411483861869497,0.0
1349,1.349,1.35,-4.367227963358069,4.526759579901014,0.0797658082714725,8.893987543259083,-0.10036960216854879,0.11291254043982679,1,1,-4.367227963358069,4.526759579901014,-6.017617202242968,6.052851606728903,0.0176172022429677,12.07046880897187,0.03523440448593569,0.0,0.03523440448593569,0.0,-0.03523440448593569,-0.03523440448593569,0.0,0.0,0.0,0.0,0.0,0.0,3.5252027562047805e-05,0.0,5.999973561107967,5.937636428625472,1.0651202142497596e-15,0.0,0.801499939522982,0.0,-6.275,6.325000000000001,0.1436140661634507,0.14361406616345046,1.0595614731178795e-08,2.4190763236803953e-06,0.005999985886486182,0.00595,2.41907632402949e-06,0.005937671691836599,0.0059,0.05,0.0,0.014765595514064311,0.0
1359,1.359,1.36,-4.367359490462128,4.523924130739104,0.0782823201384879,8.891283621201232,-0.10034179600241333,0.11284353905944122,1,1,-4.367359490462128,4.523924130739104,-6.017441908151776,6.0523257244553275,0.01744190815177582,12.069767632607103,0.03488381630355158,0.0,0.03488381630355158,0.0,-0.03488381630355158,-0.03488381630355158,0.0,0.0,0.0,0.0,0.0,0.0,3.490126402712652e-05,0.0,5.999849056898026,5.937285730192798,2.0409021694867135e-15,6.938893903907228e-18,0.8014999395229822,0.0,-6.275,6.325000000000001,0.1436140661634507,0.14361406616345046,1.0594003810027533e-08,2.4190763172234983e-06,0.005999861608760445,0.00595,2.4190763178988386e-06,0.005937320642352834,0.0059,0.05,0.0,0.015116183696448432,0.0
1369,1.369,1.37,-4.367493475380252,4.521228987221416,0.07686775592058215,8.888722462601669,-0.1003142765985443,0.11277048206289747,1,1,-4.367493475380252,4.521228987221416,-6.017268358265934,6.051805074797802,0.01726835826593387,12.069073433063735,0.03453671653186776,0.0,0.03453671653186776,0.0,-0.03453671653186776,-0.03453671653186776,0.0,0.0,0.0,0.0,0.0,0.0,3.455399064769244e-05,0.0,5.999722319432433,5.936938523021034,5.815524927940685e-16,6.938893903907228e-18,0.8014999395229824,0.0,-6.275,6.325000000000001,0.1436140661634507,0.14361406616345046,1.0592387922854434e-08,2.4190763106069195e-06,0.005999735092049913,0.00595,2.4190763118769887e-06,0.005936973087624735,0.0059,0.05,0.0,0.01546328346813225,0.0
1379,1.379,1.3800000000000001,-4.367629724052878,4.518665122053264,0.0755176990001929,8.886294846106143,-0.10028705692230633,0.11269401043671634,1,1,-4.367629724052878,4.518665122053264,-6.017096535230309,6.051289605690926,0.01709653523030852,12.068386140921236,0.03419307046061783,0.0,0.03419307046061783,0.0,-0.03419307046061783,-0.03419307046061783,0.0,0.0,0.0,0.0,0.0,0.0,3.4210172696118215e-05,0.0,5.999593405497762,5.936594772354312,1.2114332974266784e-15,1.3877787807814457e-17,0.8014999395229826,0.0,-6.275,6.325000000000001,0.1436140661634507,0.14361406616345046,1.0590767080168582e-08,2.419076303690769e-06,0.005999606393232764,0.00595,2.4190763059972476e-06,0.005936628992861634,0.0059,0.05,0.0,0.01580692953938219,0.0
1389,1.389,1.3900000000000001,-4.367768056824944,4.516224295223107,0.07422811919908145,8.88399235204805,-0.10026014550372303,0.11261468848101364,1,1,-4.367768056824944,4.516224295223107,-6.016926421862454,6.050779265587362,0.016926421862454077,12.067705687449816,0.03385284372490827,0.0,0.03385284372490827,0.0,-0.03385284372490827,-0.03385284372490827,0.0,0.0,0.0,0.0,0.0,0.0,3.3869775790322164e-05,0.0,5.999462370971453,5.936254443782759,5.499073418846478e-16,2.0816681711721685e-17,0.8014999395229827,0.0,-6.275,6.325000000000001,0.1436140661634507,0.14361406616345046,1.0589141293876605e-08,2.4190762962507796e-06,0.005999475568276784,0.00595,2.419076300315126e-06,0.00593628832361922,0.0059,0.05,0.0,0.016147156275091747,0.0
1398,1.3980000000000001,1.399,-4.367894200873694,4.5141265023377235,0.0731161507320146,8.882020703211417,-0.10023619280006668,0.11254127391576024,1,1,-4.367894200873694,4.5141265023377235,-6.016774767533836,6.050324302601509,0.016774767533836332,12.067099070135345,0.03354953506767234,0.0,0.03354953506767234,0.0,-0.03354953506767234,-0.03354953506767234,0.0,0.0,0.0,0.0,0.0,0.0,3.356631542819354e-05,0.0,5.999342672251856,5.935951045796074,1.4172690798730514e-15,2.0816681711721685e-17,0.8014999395229829,0.0,-6.275,6.325000000000001,0.1436140661634507,0.14361406616345046,1.05876738703174e-08,2.4190762888530645e-06,0.005999356053501314,0.00595,2.4190762954390264e-06,0.005935984621929383,0.0059,0.05,0.0,0.01645046493232769,0.0
1399,1.399,1.4000000000000001,-4.367908307844535,4.92836900563932,0.28023034889739273,9.296277313483856,-0.10023354711595073,2.8593388465753815,1,1,-4.367908307844535,4.513898964853176,-6.016758001150891,6.050274003452674,0.01675800115089121,12.067032004603565,0.033516002301782005,0.0,0.083516002301782,0.0,-0.033516002301782005,-0.083516002301782,0.0,0.05,0.0,0.049999999999999996,0.0,6.938893903907228e-18,3.353276589033007e-05,0.0,5.999329270834271,5.885917503239064,1.7555401576885288e-15,0.0,0.8014999395229829,0.0,-6.275,6.325000000000001,0.1436140661634507,0.14361406616345046,1.0587510577181245e-08,2.4190762879783086e-06,0.005999342672251856,0.00595,2.4190762949150014e-06,0.0059359510457960745,0.0059,0.1,0.0,0.01648399769821802,0.0
1400,1.4000000000000001,1.401,-4.367922432460396,4.939757682839061,0.2859176251893327,9.307680115299457,-0.10023090458045336,0.7923516719336277,1,1,-4.367922432460396,4.939757682839061,-6.041716264021782,6.125148792065349,0.04171626402178319,12.166865056087131,0.0834325280435655,0.0,0.0834325280435655,0.0,-0.0834325280435655,-0.0834325280435655,0.0,0.0,0.0,0.0,0.0,0.0,8.347425821648569e-05,0.0,5.999365824574464,5.8858839944886405,1.5551795962132076e-15,0.0,0.8014999395229829,0.0,-6.275,6.375000000000001,0.1436140661634507,0.1436140661634507,1.0323477071257294e-08,2.419076287088011e-06,0.005999329270834271,0.00595,2.419076294395417e-06,0.005885917503239063,0.00585,0.1,0.0,0.016567471956434505,0.0
1409,1.409,1.41,-4.368050324390601,4.9414525990090725,0.28670113730923585,9.309502923399673,-0.1002072633735962,0.5200076025156175,1,1,-4.368050324390601,4.9414525990090725,-6.041342502097137,6.124027506291412,0.04134250209713741,12.16537000838855,0.08268500419427441,0.0,0.08268500419427441,0.0,-0.08268500419427441,-0.08268500419427441,0.0,0.0,0.0,0.0,0.0,0.0,8.272636048065148e-05,0.0,5.999689433207289,5.88558391962296,1.2568071583451967e-15,1.3877787807814457e-17,0.8014999395229832,0.0,-6.275,6.375000000000001,0.1436140661634507,0.1436140661634507,1.0321804458765073e-08,2.4190762784048394e-06,0.005999653952044379,0.00595,2.4190762899412024e-06,0.005885617127996469,0.00585,0.1,0.0,0.01731499580572561,0.0
1419,1.419,1.42,-4.368193966156951,4.934026281703148,0.28291615777309875,9.302220247860099,-0.10018129325778669,0.3775387393776805,1,1,-4.368193966156951,4.934026281703148,-6.040931137328045,6.122793411984136,0.04093113732804543,12.163724549312182,0.08186227465609065,0.0,0.08186227465609065,0.0,-0.08186227465609065,-0.08186227465609065,0.0,0.0,0.0,0.0,0.0,0.0,8.190321944054275e-05,0.0,6.000037778747031,5.885253656889932,1.6167622796103842e-15,2.7755575615628914e-17,0.8014999395229835,0.0,-6.275,6.375000000000001,0.1436140661634507,0.1436140661634507,1.031998273353913e-08,2.419076266888663e-06,0.006000003470241548,0.00595,2.419076285609112e-06,0.005885286534668297,0.00585,0.1,0.0,0.01813772534390938,0.0
1429,1.429,1.43,-4.3683391045139,4.919402915760395,0.2755319056232475,9.287742020274296,-0.10015563357486823,0.31058911899919744,1,1,-4.3683391045139,4.919402915760395,-6.0405238657067954,6.121571597120386,0.04052386570679545,12.162095462827182,0.08104773141359128,0.0,0.08104773141359128,0.0,-0.08104773141359128,-0.08104773141359128,0.0,0.0,0.0,0.0,0.0,0.0,8.1088268790631e-05,0.0,6.000374506994999,5.884926681980017,1.6922227508153753e-15,2.7755575615628914e-17,0.8014999395229838,0.0,-6.275,6.375000000000001,0.1436140661634507,0.1436140661634507,1.0318168772910481e-08,2.4190762525571407e-06,0.006000341351319446,0.00595,2.419076282238475e-06,0.005884959232454359,0.00585,0.1,0.0,0.01895226858640875,0.0
1439,1.439,1.44,-4.368485621763989,4.902145469892094,0.26682992406405237,9.270631091656083,-0.10013027935585062,0.2724946635166445,1,1,-4.368485621763989,4.902145469892094,-6.040120646505886,6.12036193951766,0.04012064650588698,12.160482586023546,0.08024129301177328,0.0,0.08024129301177328,0.0,-0.08024129301177328,-0.08024129301177328,0.0,0.0,0.0,0.0,0.0,0.0,8.028142703517207e-05,0.0,6.000699814691426,5.88460296216253,6.808789643208968e-16,4.163336342344337e-17,0.8014999395229843,0.0,-6.275,6.375000000000001,0.1436140661634507,0.1436140661634507,1.0316354483049878e-08,2.419076234220113e-06,0.006000667792296808,0.00595,2.419076280288923e-06,0.005884635188591196,0.00585,0.1,0.0,0.01975870698822676,0.0
1449,1.449,1.45,-4.36863341035877,4.882793540657112,0.25708006514917114,9.251426951015883,-0.10010522430926788,0.22334614805230635,1,1,-4.36863341035877,4.882793540657112,-6.039721439403062,6.119164318209187,0.0397214394030625,12.158885757612248,0.07944287880612443,0.0,0.07944287880612443,0.0,-0.07944287880612443,-0.07944287880612443,0.0,0.0,0.0,0.0,0.0,0.0,7.948261348931808e-05,0.0,6.0010138958111625,5.884282465032676,1.2185754792379266e-15,5.551115123125783e-17,0.8014999395229849,0.0,-6.275,6.375000000000001,0.1436140661634507,0.1436140661634507,1.0314536656316451e-08,2.419076210321046e-06,0.006000982987423422,0.00595,2.41907628042215e-06,0.005884314370641574,0.00585,0.1,0.0,0.020557121193875632,0.0
1459,1.459,1.46,-4.368782370959999,4.864172943824489,0.2476952864322448,9.232955314784487,-0.10008046325321346,0.21000338571436905,1,1,-4.368782370959999,4.864172943824489,-6.0393262044772795,6.117978613431839,0.039326204477279525,12.157304817909118,0.0786524089545588,0.0,0.0786524089545588,0.0,-0.0786524089545588,-0.0786524089545588,0.0,0.0,0.0,0.0,0.0,0.0,7.869174827104876e-05,0.0,6.001316941599196,5.883965158508281,4.2481751623413277e-16,5.551115123125783e-17,0.8014999395229857,0.0,-6.275,6.375000000000001,0.1436140661634507,0.1436140661634507,1.0312713647256717e-08,2.4190761788482133e-06,0.006001287128215675,0.00595,2.4190762835463175e-06,0.005883996746491202,0.00585,0.1,0.0,0.02134759104544126,0.0
1469,1.469,1.47,-4.368932403735807,4.846570955471366,0.23881927586777962,9.215503359207172,-0.10005600284688915,0.1792383171631351,1,1,-4.368932403735807,4.846570955471366,-6.038934902204716,6.116804706614149,0.038934902204716515,12.155739608818864,0.07786980440943252,0.0,0.07786980440943252,0.0,-0.07786980440943252,-0.07786980440943252,0.0,0.0,0.0,0.0,0.0,0.0,7.79087522931832e-05,0.0,6.0016091406057726,5.883651010826584,1.0321604682062002e-15,5.551115123125783e-17,0.8014999395229867,0.0,-6.275,6.375000000000001,0.1436140661634507,0.1436140661634507,1.0310884478689515e-08,2.419076137225896e-06,0.0060015804034917195,0.00595,2.419076290911537e-06,0.005883682284345522,0.00585,0.1,0.0,0.022130195590567548,0.0
1479,1.479,1.48,-4.369083386239044,4.829079386090857,0.22999799992590653,9.198162772329901,-0.10003188176836098,0.1744697819993879,1,1,-4.369083386239044,4.829079386090857,-6.03854749345482,6.115642480364459,0.03854749345481956,12.154189973819278,0.07709498690963891,0.0,0.07709498690963891,0.0,-0.07709498690963891,-0.07709498690963891,0.0,0.0,0.0,0.0,0.0,0.0,7.713354725547116e-05,0.0,6.001890678721075,5.883339990541039,1.1267028976469362e-15,6.938893903907228e-17,0.801499939522988,0.0,-6.275,6.375000000000001,0.1436140661634507,0.1436140661634507,1.030904851544183e-08,2.4190760822277842e-06,0.006001862999406193,0.00595,2.4190763041787022e-06,0.0058833709527265085,0.00585,0.1,0.0,0.022905013090361172,0.0
1489,1.489,1.49,-4.369235141861712,4.81333646957191,0.22205066385509875,9.182571611433623,-0.1000081887609014,0.17081016607071148,1,1,-4.369235141861712,4.81333646957191,-6.038163939486392,6.1144918184591734,0.03816393948639085,12.152655757945565,0.07632787897278227,0.0,0.07632787897278227,0.0,-0.07632787897278227,-0.07632787897278227,0.0,0.0,0.0,0.0,0.0,0.0,7.636605563676281e-05,0.0,6.002161739209487,5.883032066518183,1.6438537813953658e-15,5.551115123125783e-17,0.8014999395229899,0.0,-6.275,6.375000000000001,0.1436140661634507,0.1436140661634507,1.030720531956911e-08,2.419076009861515e-06,0.006002135099484528,0.00595,2.4190763255504954e-06,0.005883062720469532,0.00585,0.1,0.0,0.02367212102721779,0.0
1499,1.499,1.5,-4.369387411757812,4.7990241427476725,0.21481836549493005,9.168411554505486,-0.09998506743070901,0.15163240718707338,1,1,-4.369387411757812,4.7990241427476725,-6.037784201943715,6.113352605831144,0.03778420194371446,12.15113680777486,0.0755684038874297,0.0,0.0755684038874297,0.0,-0.0755684038874297,-0.0755684038874297,0.0,0.0,0.0,0.0,0.0,0.0,7.560620068725672e-05,0.0,6.002422502743428,5.882727207934522,5.332106284283711e-16,5.551115123125783e-17,0.8014999395229923,0.0,-6.275,6.375000000000001,0.1436140661634507,0.1436140661634507,1.0305354576716607e-08,2.4190759152509867e-06,0.006002396884656837,0.00595,2.4190763578935126e-06,0.005882757556720239,0.00585,0.1,0.0,0.024431596112570352,0.0
1509,1.5090000000000001,1.51,-4.3695398405975325,4.784841557945261,0.20765085867386412,9.154381398542792,-0.09996270664162255,0.15046677005906228,1,1,-4.3695398405975325,4.784841557945261,-6.037408242852719,6.11222472855816,0.037408242852720264,12.14963297141088,0.07481648570543978,0.0,0.07481648570543978,0.0,-0.07481648570543978,-0.07481648570543978,0.0,0.0,0.0,0.0,0.0,0.0,7.485390642082477e-05,0.0,6.002673147436803,5.882425384273449,1.4632392519864368e-15,5.551115123125783e-17,0.8014999395229954,0.0,-6.275,6.375000000000001,0.1436140661634507,0.1436140661634507,1.0303496054816304e-08,2.419075792509795e-06,0.0060026485332913765,0.00595,2.419076404862608e-06,0.00588245543093147,0.00585,0.1,0.0,0.02518351429456029,0.0
1519,1.5190000000000001,1.52,-4.369691978845506,4.772061830599133,0.20118492587681347,9.14175380944464,-0.09994132210325829,0.14947495646736447,1,1,-4.369691978845506,4.772061830599133,-6.037036024617184,6.111108073851551,0.03703602461718347,12.148144098468736,0.07407204923436768,0.0,0.07407204923436768,0.0,-0.07407204923436768,-0.07407204923436768,0.0,0.0,0.0,0.0,0.0,0.0,7.410909760741337e-05,0.0,6.002913848878003,5.88212656532219,1.8084492237058214e-15,8.326672684688674e-17,0.8014999395229992,0.0,-6.275,6.375000000000001,0.1436140661634507,0.1436140661634507,1.0301629579209157e-08,2.4190756346368716e-06,0.006002890221227618,0.00595,2.419076471100734e-06,0.005882156312860208,0.00585,0.1,0.0,0.02592795076563241,0.0
1529,1.5290000000000001,1.53,-4.369843298430278,4.760467727254048,0.19531221441188507,9.130311025684327,-0.09992113573197181,0.14861342609775924,1,1,-4.369843298430278,4.760467727254048,-6.036667510014973,6.110002530044919,0.036667510014972926,12.146670040059892,0.07333502002994591,0.0,0.07333502002994591,0.0,-0.07333502002994591,-0.07333502002994591,0.0,0.0,0.0,0.0,0.0,0.0,7.337169976552047e-05,0.0,6.003144780162529,5.881830721168804,2.130240428499519e-15,8.326672684688674e-17,0.8014999395230042,0.0,-6.275,6.375000000000001,0.1436140661634507,0.1436140661634507,1.0299755016838637e-08,2.419075433358833e-06,0.0060031221218088925,0.00595,2.4190765623921527e-06,0.005881860172564559,0.00585,0.1,0.0,0.026664979970054174,0.0
1539,1.539,1.54,-4.369993216413127,4.749875663962993,0.18994122377493294,9.11986888037612,-0.09990235740116343,0.13540263078186537,1,1,-4.369993216413127,4.749875663962993,-6.03630266219432,6.10890798658296,0.03630266219431988,12.14521064877728,0.07260532438863986,0.0,0.07260532438863986,0.0,-0.07260532438863986,-0.07260532438863986,0.0,0.0,0.0,0.0,0.0,0.0,7.26416391547474e-05,0.0,6.003366111925203,5.881537822199186,5.481861709358271e-16,8.326672684688674e-17,0.8014999395230107,0.0,-6.275,6.375000000000001,0.1436140661634507,0.1436140661634507,1.029787226578005e-08,2.419075179018957e-06,0.006003344405914657,0.00595,2.419076685873378e-06,0.005881566980400774,0.00585,0.1,0.0,0.02739467561136023,0.0
1549,1.549,1.55,-4.370141121505259,4.739316377657572,0.18458762807615692,9.109457499162831,-0.0998851712966789,0.13530681416654478,1,1,-4.370141121505259,4.739316377657572,-6.035941444670139,6.107824334010416,0.03594144467013827,12.143765778680555,0.0718828893402773,0.0,0.0718828893402773,0.0,-0.0718828893402773,-0.0718828893402773,0.0,0.0,0.0,0.0,0.0,0.0,7.191884276842472e-05,0.0,6.0035780123719915,5.881247839094135,1.2906342661267445e-15,6.938893903907228e-17,0.8014999395230186,0.0,-6.275,6.375000000000001,0.1436140661634507,0.1436140661634507,1.0295981248063732e-08,2.419074860468382e-06,0.0060035572419923355,0.00595,2.4190768502641014e-06,0.005881276707020285,0.00585,0.1,0.0,0.028117110659722784,0.0
1559,1.559,1.56,-4.370286399610232,4.72965078211808,0.17968219125392393,9.099937181728311,-0.09986972731509641,0.13518953459984856,1,1,-4.370286399610232,4.72965078211808,-6.035583821320375,6.106751463961127,0.035583821320376074,12.142335285281503,0.07116764264075137,0.0,0.07116764264075137,0.0,-0.07116764264075137,-0.07116764264075137,0.0,0.0,0.0,0.0,0.0,0.0,7.120323832631143e-05,0.0,6.003780647311427,5.88096074282641,2.419939248987646e-16,6.938893903907228e-17,0.8014999395230284,0.0,-6.275,6.375000000000001,0.1436140661634507,0.1436140661634507,1.0294081904610125e-08,2.419074464923997e-06,0.006003760796088806,0.00595,2.41907706610478e-06,0.005880989323366792,0.00585,0.1,0.0,0.028832357359248703,0.0
1569,1.569,1.57,-4.370428456060407,4.720755693402522,0.17516361867105745,9.09118414946293,-0.09985613694109358,0.1350553816233524,1,1,-4.370428456060407,4.720755693402522,-6.035229756382399,6.105689269147194,0.03522975638239778,12.140919025529593,0.07045951276479612,0.0,0.07045951276479612,0.0,-0.07045951276479612,-0.07045951276479612,0.0,0.0,0.0,0.0,0.0,0.0,7.049475426736705e-05,0.0,6.003974180185657,5.880676504657864,6.973588373426765e-16,8.326672684688674e-17,0.8014999395230407,0.0,-6.275,6.375000000000001,0.1436140661634507,0.1436140661634507,1.0292174191561474e-08,2.4190739778796257e-06,0.006003955231881467,0.00595,2.4190773460053275e-06,0.005880704800673366,0.00585,0.1,0.0,0.02954048723520397,0.0
1579,1.579,1.58,-4.370566733450289,4.712531458696118,0.17098236262291433,9.083098192146407,-0.09984447262910451,0.13490797420985245,1,1,-4.370566733450289,4.712531458696118,-6.034879214449417,6.1046376433482505,0.03487921444941655,12.139516857797668,0.06975842889883378,0.0,0.06975842889883378,0.0,-0.06975842889883378,-0.06975842889883378,0.0,0.0,0.0,0.0,0.0,0.0,6.979331974259521e-05,0.0,6.004158772101096,5.88039509613658,1.502270530195915e-15,9.71445146547012e-17,0.8014999395230555,0.0,-6.275,6.375000000000001,0.1436140661634507,0.1436140661634507,1.0290258077561556e-08,2.419073383001664e-06,0.006004140710708938,0.00595,2.4190777049271083e-06,0.005880423110459594,0.00585,0.1,0.0,0.030241571101166313,0.0
1589,1.589,1.59,-4.370700724834445,4.704896383608913,0.16709782938723405,9.075597108443358,-0.09983476966086313,0.1347502091270389,1,1,-4.370700724834445,4.704896383608913,-6.034532160466947,6.1035964814008405,0.03453216046694685,12.138128641867787,0.06906432093389354,0.0,0.06906432093389354,0.0,-0.06906432093389354,-0.06906432093389354,0.0,0.0,0.0,0.0,0.0,0.0,6.909886460795891e-05,0.0,6.0043345818587195,5.880116489094044,8.612902058224847e-16,8.326672684688674e-17,0.8014999395230735,0.0,-6.275,6.375000000000001,0.1436140661634507,0.1436140661634507,1.0288333541693825e-08,2.419072662031381e-06,0.0060043173916013845,0.00595,2.419078160458277e-06,0.005880144224528747,0.00585,0.1,0.0,0.030935679066106548,0.0
1599,1.599,1.6,-4.370829982586721,4.697611976375018,0.1633909968941487,9.068441958961738,-0.09982702957414546,0.12496269061501808,1,1,-4.370829982586721,4.697611976375018,-6.0341885597293,6.102565679187901,0.03418855972930057,12.1367542389172,0.06837711945860048,0.0,0.06837711945860048,0.0,-0.06837711945860048,-0.06837711945860048,0.0,0.0,0.0,0.0,0.0,0.0,6.841131941736599e-05,0.0,6.004501765983962,5.879840655642354,1.6046192152785466e-16,6.938893903907228e-17,0.8014999395230953,0.0,-6.275,6.375000000000001,0.1436140661634507,0.1436140661634507,1.0286400571886391e-08,2.4190717947249664e-06,0.006004485431310461,0.00595,2.4190787331246355e-06,0.005879868114964987,0.00585,0.1,0.0,0.0316228805413996,0.0
1609,1.609,1.61,-4.370954123492281,4.690469883784042,0.15975788014588055,9.061424007276322,-0.09982122444574554,0.12505147899223135,1,1,-4.370954123492281,4.690469883784042,-6.033848377876118,6.101545133628352,0.03384837787611694,12.13539351150447,0.06769675575223441,0.0,0.06769675575223441,0.0,-0.06769675575223441,-0.06769675575223441,0.0,0.0,0.0,0.0,0.0,0.0,6.773061541572442e-05,0.0,6.00466047875627,5.879567568171462,6.563353376412562e-16,8.326672684688674e-17,0.8014999395231212,0.0,-6.275,6.375000000000001,0.1436140661634507,0.1436140661634507,1.0284459163654409e-08,2.4190707587935787e-06,0.006004644984338893,0.00595,2.419079446676076e-06,0.0058795947541306045,0.00585,0.1,0.0,0.03230324424776567,0.0
1619,1.619,1.62,-4.371072830746925,4.683799404074686,0.15636328666388044,9.054872234821612,-0.09981730150207452,0.12510840152992836,1,1,-4.371072830746925,4.683799404074686,-6.033511580888929,6.100534742666786,0.033511580888928805,12.134046323555715,0.06702316177785772,0.0,0.06702316177785772,0.0,-0.06702316177785772,-0.06702316177785772,0.0,0.0,0.0,0.0,0.0,0.0,6.705668453206682e-05,0.0,6.004810872238276,5.8792971993464285,4.501607420159814e-16,8.326672684688674e-17,0.8014999395231519,0.0,-6.275,6.375000000000001,0.1436140661634507,0.1436140661634507,1.0282509319090704e-08,2.419069529838952e-06,0.006004796202969693,0.00595,2.4190803284196426e-06,0.005879324114663273,0.00585,0.1,0.0,0.03297683822214237,0.0
1629,1.629,1.6300000000000001,-4.371185853535885,4.677550456369741,0.153182301416928,9.048736309905626,-0.09981518769597908,0.12513864213291925,1,1,-4.371185853535885,4.677550456369741,-6.0331781350877565,6.099534405263268,0.03317813508775558,12.132712540351024,0.06635627017551166,0.0,0.06635627017551166,0.0,-0.06635627017551166,-0.06635627017551166,0.0,0.0,0.0,0.0,0.0,0.0,6.638945937274319e-05,0.0,6.004953096304043,5.879279022603907,5.049671618351237e-17,1.1102230246251565e-16,0.8014999395231881,0.0,-6.275,6.325000000000001,0.1436140661634507,0.14361406616345046,1.0280783705942689e-08,2.419068081353397e-06,0.006004939237294668,0.00595,2.4190814095104153e-06,0.005879255869672954,0.0059,0.1,0.0,0.03364372982448846,0.0
1639,1.639,1.6400000000000001,-4.371293004804556,4.671680539347019,0.15019376727123124,9.042973544151575,-0.09981479401949322,0.1251464739407826,1,1,-4.371293004804556,4.671680539347019,-6.032848007127741,6.09854402138322,0.03284800712773972,12.13139202851096,0.0656960142554802,0.0,0.0656960142554802,0.0,-0.0656960142554802,-0.0656960142554802,0.0,0.0,0.0,0.0,0.0,0.0,6.572887321468154e-05,0.0,6.0050872986643515,5.87950928232943,9.827208491408612e-16,1.249000902703301e-16,0.8014999395232305,0.0,-6.275,6.325000000000001,0.1436140661634507,0.14361406616345046,1.0279398939299088e-08,2.4190663847197987e-06,0.00600507423523939,0.00595,2.4190827252890125e-06,0.00587948635988599,0.0059,0.1,0.0,0.03430398574451993,0.0
1649,1.649,1.6500000000000001,-4.371394157747936,4.666153273625652,0.14737955793885815,9.03754743137359,-0.0998160194202305,0.12513544486317807,1,1,-4.371394157747936,4.666153273625652,-6.032521163995811,6.097563491987432,0.03252116399581073,12.130084655983243,0.06504232799162117,0.0,0.06504232799162117,0.0,-0.06504232799162117,-0.06504232799162117,0.0,0.0,0.0,0.0,0.0,0.0,6.507485999871563e-05,0.0,6.005213624902087,5.879737249820203,9.26342336171615e-16,1.5265566588595902e-16,0.8014999395232799,0.0,-6.275,6.325000000000001,0.1436140661634507,0.14361406616345046,1.027800617193181e-08,2.4190644091805326e-06,0.006005201342598283,0.00595,2.4190843155702525e-06,0.005879714555569462,0.0059,0.1,0.0,0.03495767200837899,0.0
1659,1.659,1.6600000000000001,-4.371489241453147,4.66093727686078,0.1447240177038167,9.032426518313926,-0.09981875425859821,0.12510851970752995,1,1,-4.371489241453147,4.66093727686078,-6.032197573007381,6.096592719022145,0.03219757300738202,12.128790292029526,0.0643951460147634,0.0,0.0643951460147634,0.0,-0.0643951460147634,-0.0643951460147634,0.0,0.0,0.0,0.0,0.0,0.0,6.442735432297879e-05,0.0,6.005332218497375,5.879962947898747,5.14481035898684e-16,1.6653345369377348e-16,0.8014999395233371,0.0,-6.275,6.325000000000001,0.1436140661634507,0.14361406616345046,1.0276605434490419e-08,2.41906212191962e-06,0.0060053207030605965,0.00595,2.4190862249717783e-06,0.0058799404795686966,0.0059,0.1,0.0,0.035604853985236766,0.0
1669,1.669,1.67,-4.371578236041314,4.656005279819847,0.1422135218892664,9.02758351586116,-0.09982288329010408,0.12506820868158047,1,1,-4.371578236041314,4.656005279819847,-6.031877201803085,6.095631605409255,0.031877201803085065,12.12750880721234,0.06375440360616991,0.0,0.06375440360616991,0.0,-0.06375440360616991,-0.06375440360616991,0.0,0.0,0.0,0.0,0.0,0.0,6.37862914363639e-05,0.0,6.005443220854131,5.880186399160858,1.4268100589909238e-15,1.6653345369377348e-16,0.8014999395234029,0.0,-6.275,6.325000000000001,0.1436140661634507,0.14361406616345046,1.0275196759161965e-08,2.41905948807827e-06,0.006005432458236639,0.00595,2.4190885032027155e-06,0.0058801641545020555,0.0059,0.1,0.0,0.036245596393830265,0.0
1679,1.679,1.68,-4.37166116757657,4.651333369240024,0.13983610083172682,9.022994536816594,-0.09982828818708989,0.12501681878174298,1,1,-4.37166116757657,4.651333369240024,-6.031560018345533,6.094680055036599,0.0315600183455329,12.126240073382132,0.06312003669106589,0.0,0.06312003669106589,0.0,-0.06312003669106589,-0.06312003669106589,0.0,0.0,0.0,0.0,0.0,0.0,6.315160723204808e-05,0.0,6.00554677132715,5.880407625977912,1.074661193367632e-15,1.8041124150158794e-16,0.8014999395234783,0.0,-6.275,6.325000000000001,0.1436140661634507,0.14361406616345046,1.0273780179574789e-08,2.419056470843699e-06,0.006005536747684912,0.00595,2.4190912053323465e-06,0.005880385602763251,0.0059,0.1,0.0,0.036879963308934297,0.0
1689,1.689,1.69,-4.371738102943108,4.646696400295381,0.13747914867613664,9.018434503238488,-0.09983484963213163,0.1172461342035741,1,1,-4.371738102943108,4.646696400295381,-6.031245990916116,6.093737972748347,0.031245990916115574,12.124983963664462,0.06249198183223118,0.0,0.06249198183223118,0.0,-0.06249198183223118,-0.06249198183223118,0.0,0.0,0.0,0.0,0.0,0.0,6.252323824108196e-05,0.0,6.005643007248871,5.880626650499154,1.4025239303272485e-15,2.0122792321330962e-16,0.8014999395235644,0.0,-6.275,6.325000000000001,0.1436140661634507,0.14361406616345046,1.027235573081833e-08,2.419053031526846e-06,0.006005633708938892,0.00595,2.4190943921009734e-06,0.005880604846523642,0.0059,0.1,0.0,0.037508018167769025,0.0
1699,1.699,1.7,-4.371809144836203,4.642212573057376,0.13520171411058612,9.014021717893579,-0.09984244902473988,0.11728773179809665,1,1,-4.371809144836203,4.642212573057376,-6.030935088111828,6.092805264335485,0.030935088111828435,12.123740352447314,0.06187017622365651,0.0,0.06187017622365651,0.0,-0.06187017622365651,-0.06187017622365651,0.0,0.0,0.0,0.0,0.0,0.0,6.190112162604283e-05,0.0,6.0057320639558,5.880843494653961,6.886852199627924e-16,2.0122792321330962e-16,0.8014999395236618,0.0,-6.275,6.325000000000001,0.1436140661634507,0.14361406616345046,1.0270923449468185e-08,2.419049129664512e-06,0.006005723477533502,0.00595,2.4190981301441816e-06,0.005880821907734489,0.0059,0.1,0.0,0.0381298237763437,0.0
1709,1.709,1.71,-4.371874426968901,4.637950479575789,0.13303802630344386,9.00982490654469,-0.09985096984660546,0.1173168631488486,1,1,-4.371874426968901,4.637950479575789,-6.030627278842132,6.091881836526395,0.030627278842131567,12.122509115368526,0.061254557684262856,0.0,0.061254557684262856,0.0,-0.061254557684262856,-0.061254557684262856,0.0,0.0,0.0,0.0,0.0,0.0,6.128519517475073e-05,0.0,6.0058140748146265,5.881058180154109,8.803721640582296e-16,2.0122792321330962e-16,0.8014999395237721,0.0,-6.275,6.325000000000001,0.1436140661634507,0.14361406616345046,1.0269483373594263e-08,2.4190447231592487e-06,0.006005806187031243,0.00595,2.419102492228209e-06,0.0058810368081292285,0.0059,0.1,0.0,0.03874544231573735,0.0
1719,1.719,1.72,-4.371934109561426,4.633891519773698,0.13097870510613596,9.005825629335124,-0.09986029873065294,0.11733661738097423,1,1,-4.371934109561426,4.633891519773698,-6.030322532325841,6.090967596977525,0.030322532325842033,12.121290129303366,0.06064506465168326,0.0,0.06064506465168326,0.0,-0.06064506465168326,-0.06064506465168326,0.0,0.0,0.0,0.0,0.0,0.0,6.067539729404727e-05,0.0,6.00588917124799,5.8812707284959735,1.145947486208554e-15,2.0122792321330962e-16,0.8014999395238959,0.0,-6.275,6.325000000000001,0.1436140661634507,0.14361406616345046,1.0268035542748933e-08,2.419039768392601e-06,0.006005881969048011,0.00595,2.4191075574986344e-06,0.005881249569225677,0.0059,0.1,0.0,0.039354935348316945,0.0
1729,1.729,1.73,-4.371988375153679,4.630018859401061,0.1290152421236912,9.002007234554739,-0.0998703262768566,0.11734966336558877,1,1,-4.371988375153679,4.630018859401061,-6.030020818088053,6.09006245426416,0.03002081808805368,12.120083272352213,0.06004163617610656,0.0,0.06004163617610656,0.0,-0.06004163617610656,-0.06004163617610656,0.0,0.0,0.0,0.0,0.0,0.0,6.007166700363622e-05,0.0,6.00595748275997,5.881481160962768,1.7184604433895245e-15,2.0122792321330962e-16,0.8014999395240346,0.0,-6.275,6.325000000000001,0.1436140661634507,0.14361406616345046,1.0266579997937432e-08,2.4190342203916406e-06,0.006005950953278603,0.00595,2.4191134116224865e-06,0.005881460212328266,0.0059,0.1,0.0,0.039958363823893644,0.0
1739,1.739,1.74,-4.3720374247611025,4.626317338876137,0.12713995705751735,8.99835476363724,-0.09988094765430083,0.11735818263506503,1,1,-4.3720374247611025,4.626317338876137,-6.029722105957091,6.089166317871274,0.02972210595709157,12.118888423828365,0.05944421191418233,0.0,0.05944421191418233,0.0,-0.05944421191418233,-0.05944421191418233,0.0,0.0,0.0,0.0,0.0,0.0,5.947394392998542e-05,0.0,6.006019136961218,5.881689498626713,4.856819156920378e-16,2.0122792321330962e-16,0.8014999395241893,0.0,-6.275,6.325000000000001,0.1436140661634507,0.14361406616345046,1.026511678157409e-08,2.4190280329932796e-06,0.006006013267521893,0.00595,2.419120146996967e-06,0.005881668758530213,0.0059,0.1,0.0,0.040555788085817876,0.0
1749,1.749,1.75,-4.372081474379405,4.622773365724503,0.12534594567254898,8.994854840103908,-0.09989206302483594,0.11736387627921008,1,1,-4.372081474379405,4.622773365724503,-6.029426366061493,6.088279098184479,0.02942636606149307,12.117705464245972,0.05885273212298654,0.0,0.05885273212298654,0.0,-0.05885273212298654,-0.05885273212298654,0.0,0.0,0.0,0.0,0.0,0.0,5.888216830028941e-05,0.0,6.00607425959382,5.881895762351208,8.578207588705311e-16,2.0122792321330962e-16,0.8014999395243612,0.0,-6.275,6.325000000000001,0.1436140661634507,0.14361406616345046,1.0263645937427984e-08,2.419021158990817e-06,0.006006069037705712,0.00595,2.419127862867132e-06,0.005881875228715708,0.0059,0.1,0.0,0.041147267877013664,0.0
1759,1.7590000000000001,1.76,-4.372120751832984,4.6193747876454365,0.12362701790622621,8.991495539478422,-0.09990357781947679,0.11736801639338545,1,1,-4.372120751832984,4.6193747876454365,-6.029133568827024,6.087400706481071,0.02913356882702356,12.116534275308094,0.05826713765404715,0.0,0.05826713765404715,0.0,-0.05826713765404715,-0.05826713765404715,0.0,0.0,0.0,0.0,0.0,0.0,5.829628093649207e-05,0.0,6.006122974555828,5.882099972792984,1.4119700417550285e-15,2.0122792321330962e-16,0.8014999395245513,0.0,-6.275,6.325000000000001,0.1436140661634507,0.14361406616345046,1.0262167510561204e-08,2.4190135503537674e-06,0.006006118387911422,0.00595,2.4191366654391368e-06,0.005882079643562048,0.0059,0.1,0.0,0.04173286234595305,0.0
1769,1.7690000000000001,1.77,-4.372155493954575,4.6161107545907685,0.12197763031809661,8.988266248545344,-0.09991540289456424,0.11737151633216897,1,1,-4.372155493954575,4.6161107545907685,-6.028843684973715,6.086531054921144,0.028843684973714367,12.11537473989486,0.057687369947429276,0.0,0.057687369947429276,0.0,-0.057687369947429276,-0.057687369947429276,0.0,0.0,0.0,0.0,0.0,0.0,5.771622324936878e-05,0.0,6.006165403925504,5.882302150404225,4.779163176316104e-16,2.0122792321330962e-16,0.8014999395247612,0.0,-6.275,6.325000000000001,0.1436140661634507,0.14361406616345046,1.0260681547262279e-08,2.419005158374406e-06,0.006006161440398176,0.00595,2.419146667973493e-06,0.00588228202354178,0.0059,0.1,0.0,0.04231263005257093,0.0
1779,1.7790000000000001,1.78,-4.372185944078749,4.612971579386038,0.12039281765364418,8.985157523464787,-0.09992745459084768,0.117375003127482,1,1,-4.372185944078749,4.612971579386038,-6.02855668551294,6.085670056538819,0.028556685512939772,12.114226742051759,0.0571133710258791,0.0,0.0571133710258791,0.0,-0.0571133710258791,-0.0571133710258791,0.0,0.0,0.0,0.0,0.0,0.0,5.714193723266742e-05,0.0,6.00620166798525,5.882502315434674,2.5419797560280455e-16,2.0122792321330962e-16,0.8014999395249918,0.0,-6.275,6.325000000000001,0.1436140661634507,0.14361406616345046,1.0259188094976965e-08,2.4189959338764928e-06,0.006006198315626899,0.00595,2.4191579908250384e-06,0.005882482388924796,0.0059,0.1,0.0,0.042886628974121106,0.0
1789,1.7890000000000001,1.79,-4.372212349828924,4.609948604065988,0.11886812711853167,8.982160953894912,-0.09993965471519539,0.11737888330935836,1,1,-4.372212349828924,4.609948604065988,-6.0282725417445135,6.084817625233539,0.028272541744512658,12.113090166978052,0.05654508348902614,0.0,0.05654508348902614,0.0,-0.05654508348902614,-0.05654508348902614,0.0,0.0,0.0,0.0,0.0,0.0,5.657336545730776e-05,0.0,6.006231885245267,5.882700487933726,2.4190718872496575e-15,2.0122792321330962e-16,0.8014999395252445,0.0,-6.275,6.325000000000001,0.1436140661634507,0.14361406616345046,1.0257687202237953e-08,2.4189858273884675e-06,0.006006229132283953,0.00595,2.4191707614873436e-06,0.005882680759780434,0.0059,0.1,0.0,0.043454916510974065,0.0
1798,1.798,1.799,-4.372232863644714,4.607320852970178,0.11754399466273169,8.979553716614891,-0.09995070144947549,0.11738291424733316,1,1,-4.372232863644714,4.607320852970178,-6.028019230479354,6.084057691438063,0.028019230479354285,12.112076921917417,0.05603846095870879,0.0,0.05603846095870879,0.0,-0.05603846095870879,-0.05603846095870879,0.0,0.0,0.0,0.0,0.0,0.0,5.606648953126705e-05,0.0,6.006254007304528,5.882877155979536,2.6232949189644583e-16,2.0122792321330962e-16,0.8014999395254917,0.0,-6.275,6.325000000000001,0.1436140661634507,0.14361406616345046,1.0256330078117745e-08,2.418975936471822e-06,0.006006251783879269,0.00595,2.419183604083219e-06,0.005882857604656918,0.0059,0.1,0.0,0.043961539041291416,0.0
1799,1.799,1.8,-4.3722349611759945,5.024703643986986,0.3262343414054958,9.39693860516298,-0.09995193046151457,2.6009770669218857,1,1,-4.3722349611759945,4.607034076263173,-6.027991225253821,6.083973675761465,0.027991225253821916,12.111964901015286,0.05598245050764315,0.0,0.10598245050764316,0.0,-0.05598245050764315,-0.10598245050764316,0.0,0.05,0.0,0.05,0.0,0.0,5.601045106563847e-05,0.0,6.0062561724669,5.832896687752493,1.2628786905111156e-15,1.942890293094024e-16,0.8014999395255203,0.0,-6.275,6.325000000000001,0.1436140661634507,0.14361406616345046,1.02561789185948e-08,2.4189747893344056e-06,0.006006254007304528,0.00595,2.4191851145838328e-06,0.005882877155979536,0.0059,0.15000000000000002,0.0,0.044017549492357054,0.0
1800,1.8,1.801,-4.372237023270196,5.030186519674327,0.32897474820206574,9.402423542944522,-0.09995315955011269,0.880140286677308,1,1,-4.372237023270196,5.030186519674327,-6.052938260515351,6.158814781546052,0.05293826051535078,12.211753042061403,0.10587652103070144,0.0,0.10587652103070144,0.0,-0.10587652103070144,-0.10587652103070144,0.0,0.0,0.0,0.0,0.0,0.0,0.00010592947694171604,0.0,6.006258254727824,5.832866200234197,1.6210990883003262e-15,1.942890293094024e-16,0.8014999395255493,0.0,-6.325,6.425000000000002,0.1436140661634508,0.1436140661634512,1.0017183918583035e-08,2.4189736323848373e-06,0.0060062561724669,0.0059,2.4191866423239894e-06,0.005832896687752493,0.0058000000000000005,0.15000000000000002,0.0,0.04412347896929877,0.0
1809,1.809,1.81,-4.372254028746129,5.032171084261486,0.3299585277576784,9.404425113007616,-0.09996421428473262,0.5331070676664912,1,1,-4.372254028746129,5.032171084261486,-6.052463953752711,6.157391861258133,0.05246395375271096,12.209855815010844,0.10492790750542155,0.0,0.10492790750542155,0.0,-0.10492790750542155,-0.10492790750542155,0.0,0.0,0.0,0.0,0.0,0.0,0.00010498038895153172,0.0,6.006272162477177,5.832593180940548,1.5317608292875207e-15,1.942890293094024e-16,0.8014999395258209,0.0,-6.325,6.425000000000002,0.1436140661634508,0.1436140661634512,1.0014524377020745e-08,2.418962770196114e-06,0.006006271044184164,0.0059,2.4192011918344747e-06,0.005832623395149028,0.0058000000000000005,0.15000000000000002,0.0,0.045072092494578664,0.0
1819,1.819,1.82,-4.372269802355498,5.0224234186863566,0.3250768081654294,9.394693221041855,-0.09997644373936576,0.39006796662250987,1,1,-4.372269802355498,5.0224234186863566,-6.051941928690695,6.155825786072086,0.05194192869069525,12.207767714762781,0.10388385738139068,0.0,0.10388385738139068,0.0,-0.10388385738139068,-0.10388385738139068,0.0,0.0,0.0,0.0,0.0,0.0,0.00010393581662838698,0.0,6.006277547509226,5.832292695774683,1.0449405013143731e-15,1.8041124150158794e-16,0.8014999395261471,0.0,-6.325,6.425000000000002,0.1436140661634508,0.1436140661634512,1.00116005567826e-08,2.4189497206841025e-06,0.006006277480234711,0.0059,2.419219142000273e-06,0.005832322609176317,0.0058000000000000005,0.15000000000000002,0.0,0.04611614261860953,0.0
1829,1.829,1.83,-4.372282529750371,5.006034361255152,0.3168759157523904,9.378316891005522,-0.09998856129215694,0.3225835657157866,1,1,-4.372282529750371,5.006034361255152,-6.0514250978648345,6.154275293594502,0.051425097864833624,12.205700391459336,0.10285019572966811,0.0,0.10285019572966811,0.0,-0.10285019572966811,-0.10285019572966811,0.0,0.0,0.0,0.0,0.0,0.0,0.00010290163797351853,0.0,6.006272537062656,5.831995202193402,5.542034929931217e-16,1.6653345369377348e-16,0.8014999395265003,0.0,-6.325,6.425000000000002,0.1436140661634508,0.1436140661634512,1.0008681163798793e-08,2.418935591879694e-06,0.006006273499997769,0.0059,2.419239120803329e-06,0.005832024817780743,0.0058000000000000005,0.15000000000000002,0.0,0.04714980427033208,0.0
1839,1.839,1.84,-4.372292455533192,4.986038324491498,0.306872934479153,9.35833078002469,-0.10000051411323929,0.2544965524140422,1,1,-4.372292455533192,4.986038324491498,-6.0509134095916135,6.1527402287748405,0.0509134095916135,12.203653638366454,0.10182681918322731,0.0,0.10182681918322731,0.0,-0.10182681918322731,-0.10182681918322731,0.0,0.0,0.0,0.0,0.0,0.0,0.0001018777495681991,0.0,6.00625733751696,5.831700670436206,4.657732532997727e-16,1.6653345369377348e-16,0.8014999395268817,0.0,-6.325,6.425000000000002,0.1436140661634508,0.1436140661634512,1.0005758836883426e-08,2.418920335388235e-06,0.006006259310162978,0.0059,2.4192612908224832e-06,0.005831729991171846,0.0058000000000000005,0.15000000000000002,0.0,0.04817318081677288,0.0
1849,1.849,1.85,-4.3722998206136126,4.965550290489238,0.2966252349378129,9.337850111102851,-0.10001225310068196,0.2342579883046217,1,1,-4.3722998206136126,4.965550290489238,-6.05040681270178,6.151220438105341,0.05040681270178027,12.201627250807121,0.10081362540356079,0.0,0.10081362540356079,0.0,-0.10081362540356079,-0.10081362540356079,0.0,0.0,0.0,0.0,0.0,0.0,0.00010086404902273489,0.0,6.006232152172765,5.831409071040564,9.30679144861557e-16,1.5265566588595902e-16,0.8014999395272925,0.0,-6.325,6.425000000000002,0.1436140661634508,0.1436140661634512,1.0002830640576343e-08,2.418903903439015e-06,0.006006235114337006,0.0059,2.41928582138673e-06,0.005831438099857432,0.0058000000000000005,0.15000000000000002,0.0,0.04918637459643939,0.0
1859,1.859,1.86,-4.372304869144917,4.94584337805005,0.2867692544525666,9.318148247194966,-0.10002372043228097,0.19575910534655655,1,1,-4.372304869144917,4.94584337805005,-6.049905256535223,6.1497157696056695,0.04990525653522315,12.199621026140893,0.09981051307044628,0.0,0.09981051307044628,0.0,-0.09981051307044628,-0.09981051307044628,0.0,0.0,0.0,0.0,0.0,0.0,9.986043496622662e-05,0.0,6.006297131292541,5.831220324838874,5.951727825859177e-16,1.6653345369377348e-16,0.8014999395277339,0.0,-6.275,6.375000000000001,0.1436140661634507,0.1436140661634507,1.0000016738716085e-08,2.418886248985187e-06,0.006006251113084427,0.00595,2.419312888384262e-06,0.005831199114640642,0.00585,0.15000000000000002,0.0,0.05018948692955391,0.0
1869,1.869,1.87,-4.372307887693565,4.926134399464922,0.2769132558856784,9.298442287158487,-0.10003480323567321,0.189236506495849,1,1,-4.372307887693565,4.926134399464922,-6.049408690935907,6.148226072807722,0.04940869093590727,12.197634763743629,0.09881738187181452,0.0,0.09881738187181452,0.0,-0.09881738187181452,-0.09881738187181452,0.0,0.0,0.0,0.0,0.0,0.0,9.88668070364323e-05,0.0,6.006749333108818,5.831431263923459,6.325913100638236e-16,1.942890293094024e-16,0.801499939528207,0.0,-6.275,6.375000000000001,0.1436140661634507,0.1436140661634507,9.998289651681688e-09,2.4188673257881436e-06,0.006006704762194941,0.00595,2.419342674151448e-06,0.005831410264843918,0.00585,0.15000000000000002,0.0,0.0511826181281857,0.0
1879,1.879,1.8800000000000001,-4.372309283464732,4.908450637866149,0.26807067720070865,9.280759921330882,-0.1000452753381259,0.18443541039262407,1,1,-4.372309283464732,4.908450637866149,-6.048917066246859,6.146751198740577,0.04891706624685899,12.195668264987436,0.09783413249371802,0.0,0.09783413249371802,0.0,-0.09783413249371802,-0.09783413249371802,0.0,0.0,0.0,0.0,0.0,0.0,9.788306586973088e-05,0.0,6.007187195634017,5.83164010341374,1.0000680839006293e-15,2.0816681711721685e-16,0.8014999395287129,0.0,-6.275,6.375000000000001,0.1436140661634507,0.1436140661634507,9.996553461303419e-09,2.4188470884685894e-06,0.006007144047765377,0.00595,2.4193753672485662e-06,0.005831619313348274,0.00585,0.15000000000000002,0.0,0.05216586750628221,0.0
1889,1.889,1.8900000000000001,-4.372309655935009,4.891695606026282,0.2596929750456365,9.264005261961291,-0.10005478357585029,0.16225594584575287,1,1,-4.372309655935009,4.891695606026282,-6.048430333305199,6.145290999915599,0.04843033330520008,12.193721333220799,0.0968606666103996,0.0,0.0968606666103996,0.0,-0.0968606666103996,-0.0968606666103996,0.0,0.0,0.0,0.0,0.0,0.0,9.690911309118591e-05,0.0,6.007610959487925,5.831846864241523,1.330532906074211e-15,2.0816681711721685e-16,0.8014999395292528,0.0,-6.275,6.375000000000001,0.1436140661634507,0.1436140661634507,9.994807804981933e-09,2.4188254925198607e-06,0.006007569210754904,0.00595,2.4194111622999336e-06,0.005831826281106276,0.00585,0.15000000000000002,0.0,0.053139333389600626,0.0
1899,1.899,1.9000000000000001,-4.37230981528451,4.875873531754798,0.2517818582351441,9.248183347039308,-0.10006289103162619,0.16084670115394245,1,1,-4.37230981528451,4.875873531754798,-6.04794844343723,6.14384533031169,0.047948443437229926,12.19179377374892,0.09589688687445971,0.0,0.09589688687445971,0.0,-0.09589688687445971,-0.09589688687445971,0.0,0.0,0.0,0.0,0.0,0.0,9.594485130470794e-05,0.0,6.008020861920539,5.8320515671322175,1.3253287356462806e-15,1.942890293094024e-16,0.8014999395298278,0.0,-6.275,6.375000000000001,0.1436140661634507,0.1436140661634507,9.99305244069683e-09,2.418802494352337e-06,0.0060079804887485395,0.00595,2.4194502597674194e-06,0.005832031188863873,0.00585,0.15000000000000002,0.0,0.05410311312554051,0.0
1909,1.909,1.9100000000000001,-4.3723107415866895,4.8616907262818225,0.2446899923475665,9.234001467868513,-0.10006914823359414,0.15967564816504576,1,1,-4.3723107415866895,4.8616907262818225,-6.047471348453561,6.142414045360683,0.047471348453560935,12.189885393814244,0.09494269690712163,0.0,0.09494269690712163,0.0,-0.09494269690712163,-0.09494269690712163,0.0,0.0,0.0,0.0,0.0,0.0,9.499018408331476e-05,0.0,6.008417136855304,5.832254232606928,8.364619760725667e-16,2.220446049250313e-16,0.8014999395304389,0.0,-6.275,6.375000000000001,0.1436140661634507,0.1436140661634507,9.991287202746887e-09,2.4187780512556914e-06,0.006008378116000456,0.00595,2.419492865763928e-06,0.005832234057162511,0.00585,0.15000000000000002,0.0,0.05505730309287861,0.0
1919,1.919,1.92,-4.3723134966024375,4.848763109577864,0.23822480648771327,9.2210766061803,-0.10007317687958261,0.14404262156614472,1,1,-4.3723134966024375,4.848763109577864,-6.046999000644297,6.14099700193289,0.04699900064429663,12.187996002577187,0.09399800128859342,0.0,0.09399800128859342,0.0,-0.09399800128859342,-0.09399800128859342,0.0,0.0,0.0,0.0,0.0,0.0,9.404501595948864e-05,0.0,6.008800014931841,5.83245488098456,1.0243542125643046e-15,2.220446049250313e-16,0.8014999395310871,0.0,-6.275,6.375000000000001,0.1436140661634507,0.1436140661634507,9.989511976110186e-09,2.418752121352263e-06,0.006008762323476749,0.00595,2.41953919180693e-06,0.005832434906341223,0.00585,0.15000000000000002,0.0,0.05600199871140682,0.0
1929,1.929,1.93,-4.372319083170812,4.835995803508144,0.2318383601686662,9.208314886678956,-0.10007477531417314,0.14401570712159695,1,1,-4.372319083170812,4.835995803508144,-6.046531352774263,6.139594058322789,0.04653135277426301,12.186125411097052,0.09306270554852601,0.0,0.09306270554852601,0.0,-0.09306270554852601,-0.09306270554852601,0.0,0.0,0.0,0.0,0.0,0.0,9.31092524156296e-05,0.0,6.00916972354814,5.832653532383874,1.5048726154098802e-15,2.3592239273284576e-16,0.8014999395317736,0.0,-6.275,6.375000000000001,0.1436140661634507,0.1436140661634507,9.98772668105419e-09,2.4187246635659697e-06,0.006009133338897683,0.00595,2.4195894546097385e-06,0.0058326337565386835,0.00585,0.15000000000000002,0.0,0.056937294451474246,0.0
1939,1.939,1.94,-4.372328269211681,4.824416483926697,0.22604410735750813,9.196744753138379,-0.10007400876694245,0.14395445925832362,1,1,-4.372328269211681,4.824416483926697,-6.0460683580782835,6.138205074234849,0.04606835807828258,12.184273432313132,0.09213671615656595,0.0,0.09213671615656595,0.0,-0.09213671615656595,-0.09213671615656595,0.0,0.0,0.0,0.0,0.0,0.0,9.218279987460341e-05,0.0,6.009526486902239,5.832850206725529,2.4424906541753444e-15,2.0816681711721685e-16,0.8014999395324992,0.0,-6.275,6.375000000000001,0.1436140661634507,0.1436140661634507,9.98593126356893e-09,2.4186956375379303e-06,0.006009491386779438,0.00595,2.4196438758394835e-06,0.005832830627695282,0.00585,0.15000000000000002,0.0,0.05786328384343429,0.0
1949,1.949,1.95,-4.372341442300267,4.813837853098495,0.2207482053991141,9.186179295398762,-0.10007122513672029,0.14386843075282346,1,1,-4.372341442300267,4.813837853098495,-6.045609970256501,6.136829910769504,0.0456099702565016,12.182439881026005,0.09121994051300238,0.0,0.09121994051300238,0.0,-0.09121994051300238,-0.09121994051300238,0.0,0.0,0.0,0.0,0.0,0.0,9.12655656903839e-05,0.0,6.009870526033408,5.833044923734111,5.207965135534121e-16,1.8041124150158794e-16,0.801499939533265,0.0,-6.275,6.375000000000001,0.1436140661634507,0.1436140661634507,9.984125689193948e-09,2.418665003528767e-06,0.006009836688475316,0.00595,2.419702681901725e-06,0.00583302553955511,0.00585,0.15000000000000002,0.0,0.058780059486997834,0.0
1959,1.959,1.96,-4.372358548160407,4.804112782833913,0.21587711733675308,9.176471330994321,-0.10006699313176604,0.14376490659569974,1,1,-4.372358548160407,4.804112782833913,-6.045156143469753,6.135468430409261,0.04515614346975383,12.180624573879014,0.09031228693950702,0.0,0.09031228693950702,0.0,-0.09031228693950702,-0.09031228693950702,0.0,0.0,0.0,0.0,0.0,0.0,9.035745813878837e-05,0.0,6.010202058862809,5.833237702940117,5.247538514829841e-16,2.0816681711721685e-16,0.8014999395340721,0.0,-6.275,6.375000000000001,0.1436140661634507,0.1436140661634507,9.982309938878894e-09,2.4186327223253453e-06,0.006010169462216474,0.00595,2.4197661036962082e-06,0.005833218511667992,0.00585,0.15000000000000002,0.0,0.05968771306049321,0.0
1969,1.969,1.97,-4.372379116229713,4.794710501582447,0.21116569267636676,9.16708961781216,-0.10006200299969153,0.13242477698482663,1,1,-4.372379116229713,4.794710501582447,-6.044706832334983,6.1341204970049485,0.04470683233498285,12.178827329339931,0.08941366466996609,0.0,0.08941366466996609,0.0,-0.08941366466996609,-0.08941366466996609,0.0,0.0,0.0,0.0,0.0,0.0,8.945838640830484e-05,0.0,6.010521300233672,5.833428563681944,8.673617379884035e-16,2.0816681711721685e-16,0.8014999395349213,0.0,-6.275,6.375000000000001,0.1436140661634507,0.1436140661634507,9.980484006099336e-09,2.418598755111988e-06,0.006010489923152145,0.00595,2.4198343763770502e-06,0.005833409563391444,0.00585,0.15000000000000002,0.0,0.060586335330034144,0.0
1979,1.979,1.98,-4.372402343115655,4.785694785560604,0.20664622122247422,9.158097128676259,-0.10005696955385002,0.1326795336652714,1,1,-4.372402343115655,4.785694785560604,-6.044261991920702,6.132785975762105,0.04426199192070168,12.177047967682807,0.08852398384140378,0.0,0.08852398384140378,0.0,-0.08852398384140378,-0.08852398384140378,0.0,0.0,0.0,0.0,0.0,0.0,8.856826059101103e-05,0.0,6.010828461950975,5.833617525107833,5.700735022928782e-16,2.0816681711721685e-16,0.8014999395358136,0.0,-6.275,6.375000000000001,0.1436140661634507,0.1436140661634507,9.978647894771208e-09,2.418563063359455e-06,0.0060107982833893575,0.00595,2.4199077391373613e-06,0.005833598713892634,0.00585,0.15000000000000002,0.0,0.06147601615859645,0.0
1989,1.989,1.99,-4.37242719974002,4.777328383558985,0.20245059190948256,9.149755583299005,-0.10005255853265144,0.13288241136608064,1,1,-4.37242719974002,4.777328383558985,-6.043821577742498,6.131464733227493,0.04382157774249773,12.175286310969991,0.08764315548499585,0.0,0.08764315548499585,0.0,-0.08764315548499585,-0.08764315548499585,0.0,0.0,0.0,0.0,0.0,0.0,8.768699167358346e-05,0.0,6.011123752820637,5.833804606177804,2.5240226575462543e-15,2.0816681711721685e-16,0.8014999395367499,0.0,-6.275,6.375000000000001,0.1436140661634507,0.1436140661634507,9.976801617689089e-09,2.4185256086828305e-06,0.006011094752032188,0.00595,2.41998643494723e-06,0.005833785982150318,0.00585,0.15000000000000002,0.0,0.06235684451500438,0.0
1999,1.999,2.0,-4.37245253689024,4.769529874674059,0.19853866889190952,9.1419824115643,-0.10004934108379437,0.1330432525861705,1,1,-4.37245253689024,4.769529874674059,-6.043385545758586,6.130156637275759,0.04338554575858655,12.173542183034344,0.08677109151717263,0.0,0.08677109151717263,0.0,-0.08677109151717263,-0.08677109151717263,0.0,0.0,0.0,0.0,0.0,0.0,8.6814491528396e-05,0.0,6.0114073786882365,5.833989825665564,1.1700709845463564e-15,2.0816681711721685e-16,0.8014999395377312,0.0,-6.275,6.375000000000001,0.1436140661634507,0.1436140661634507,9.974945195318655e-09,2.4184863527194036e-06,0.00601137953522052,0.00595,2.420070710356104e-06,0.005833971386956755,0.00585,0.15000000000000002,0.0,0.0632289084828276,0.0
2009,2.009,2.0100000000000002,-4.372477175206944,4.762232265376435,0.1948775450847453,9.134709440583379,-0.1000477724979737,0.1331697770599305,1,1,-4.372477175206944,4.762232265376435,-6.042953852365405,6.128861557096216,0.04295385236540561,12.17181540946162,0.08590770473081061,0.0,0.08590770473081061,0.0,-0.08590770473081061,-0.08590770473081061,0.0,0.0,0.0,0.0,0.0,0.0,8.595067290470701e-05,0.0,6.01167954247724,5.834173202160405,1.0824674490095276e-15,2.0816681711721685e-16,0.8014999395387586,0.0,-6.275,6.375000000000001,0.1436140661634507,0.1436140661634507,9.97307865483579e-09,2.4184452569732327e-06,0.006011652836168325,0.00595,2.420160815215233e-06,0.005834154946919588,0.00585,0.15000000000000002,0.0,0.06409229526918962,0.0
2019,2.019,2.02,-4.372499974378003,4.755379795076285,0.19143991034914132,9.127879769454289,-0.10004818847985542,0.1332680931616373,1,1,-4.372499974378003,4.755379795076285,-6.042526454393256,6.127579363179768,0.042526454393255975,12.170105817573024,0.08505290878651164,0.0,0.08505290878651164,0.0,-0.08505290878651164,-0.08505290878651164,0.0,0.0,0.0,0.0,0.0,0.0,8.509544941993429e-05,0.0,6.011940444226784,5.834354754069061,2.71657696337968e-15,2.0816681711721685e-16,0.801499939539833,0.0,-6.275,6.375000000000001,0.1436140661634507,0.1436140661634507,9.971202029342575e-09,2.418402282710788e-06,0.006011914855201486,0.00595,2.4202570024867145e-06,0.005834336680463722,0.00585,0.15000000000000002,0.0,0.06494709121348859,0.0
2029,2.029,2.0300000000000002,-4.372519881635606,4.748846175807673,0.18816314708603343,9.121366057443279,-0.10005081248029346,0.12416767484281832,1,1,-4.372519881635606,4.748846175807673,-6.042103309101984,6.126309927305954,0.0421033091019849,12.168413236407938,0.084206618203969,0.0,0.084206618203969,0.0,-0.084206618203969,-0.084206618203969,0.0,0.0,0.0,0.0,0.0,0.0,8.424873555101669e-05,0.0,6.012190281128974,5.834534499617554,1.897787482718627e-15,2.0816681711721685e-16,0.8014999395409553,0.0,-6.275,6.375000000000001,0.1436140661634507,0.1436140661634507,9.96931535721367e-09,2.4183573908166213e-06,0.006012165789795143,0.00595,2.420359527961491e-06,0.005834516605833173,0.00585,0.15000000000000002,0.0,0.06579338179603123,0.0
2039,2.039,2.04,-4.372535962283656,4.74231146887121,0.18488775329377694,9.114847431154868,-0.10005576900240759,0.12440561334038452,1,1,-4.372535962283656,4.74231146887121,-6.04168437417671,6.125053122530129,0.04168437417670923,12.166737496706839,0.08336874835341918,0.0,0.08336874835341918,0.0,-0.08336874835341918,-0.08336874835341918,0.0,0.0,0.0,0.0,0.0,0.0,8.341044662586169e-05,0.0,6.01242924756573,5.83471245685303,4.961309141293668e-16,2.0816681711721685e-16,0.8014999395421265,0.0,-6.275,6.375000000000001,0.1436140661634507,0.1436140661634507,9.967418681541429e-09,2.418310541686782e-06,0.006012405834610592,0.00595,2.4204686500506335e-06,0.0058346947410928916,0.00585,0.15000000000000002,0.0,0.06663125164658106,0.0
2049,2.049,2.05,-4.3725474158940285,4.736141540205919,0.18179706215594527,9.108688956099947,-0.10006309933907137,0.12461011016180912,1,1,-4.3725474158940285,4.736141540205919,-6.0412696077235895,6.123808823170768,0.04126960772358945,12.165078430894358,0.08253921544717889,0.0,0.08253921544717889,0.0,-0.08253921544717889,-0.08253921544717889,0.0,0.0,0.0,0.0,0.0,0.0,8.258049881487822e-05,0.0,6.012657535145185,5.834888643645558,1.0390993621101074e-15,2.0816681711721685e-16,0.8014999395433478,0.0,-6.275,6.375000000000001,0.1436140661634507,0.1436140661634507,9.965512049657616e-09,2.418261695097816e-06,0.006012635181531718,0.00595,2.4205846295322075e-06,0.00583487110413057,0.00585,0.15000000000000002,0.0,0.06746078455282134,0.0
2059,2.059,2.06,-4.3725535817801475,4.730301130871114,0.17887377454548314,9.102854712651261,-0.10007277749980559,0.12478595277419124,1,1,-4.3725535817801475,4.730301130871114,-6.040858968265633,6.122576904796899,0.04085896826563307,12.163435873062532,0.08171793653126622,0.0,0.08171793653126622,0.0,-0.08171793653126622,-0.08171793653126622,0.0,0.0,0.0,0.0,0.0,0.0,8.175880912259354e-05,0.0,6.012875332737636,5.835063077689911,1.4146669946590862e-15,2.0816681711721685e-16,0.8014999395446198,0.0,-6.275,6.375000000000001,0.1436140661634507,0.1436140661634507,9.963595512715929e-09,2.41821081014681e-06,0.006012854019701001,0.00595,2.420707729289262e-06,0.0058350457126584345,0.00585,0.15000000000000002,0.0,0.06828206346873401,0.0
2069,2.069,2.07,-4.372553936893477,4.7247599292589895,0.17610299618275604,9.097313866152467,-0.10008472504499238,0.12493712483948233,1,1,-4.372553936893477,4.7247599292589895,-6.040452414738552,6.121357244215658,0.04045241473855299,12.16180965895421,0.08090482947710519,0.0,0.08090482947710519,0.0,-0.08090482947710519,-0.08090482947710519,0.0,0.0,0.0,0.0,0.0,0.0,8.094529537935371e-05,0.0,6.013082826511044,5.835235776507342,6.062858548538941e-16,2.0816681711721685e-16,0.801499939545944,0.0,-6.275,6.375000000000001,0.1436140661634507,0.1436140661634507,9.961669125323796e-09,2.418157845129267e-06,0.0060130625355550435,0.00595,2.42083821407002e-06,0.005835218584215012,0.00585,0.15000000000000002,0.0,0.06909517052289504,0.0
2079,2.079,2.08,-4.37254808868628,4.719491685235597,0.17347179827465853,9.092039773921876,-0.10009882419631244,0.12506696278160673,1,1,-4.37254808868628,4.719491685235597,-6.040049906486656,6.1201497194599686,0.040049906486656184,12.160199625946625,0.08009981297331278,0.0,0.08009981297331278,0.0,-0.08009981297331278,-0.08009981297331278,0.0,0.0,0.0,0.0,0.0,0.0,8.013987623310644e-05,0.0,6.013280199966108,5.835406757447318,2.1736085153989393e-15,2.0816681711721685e-16,0.8014999395473211,0.0,-6.275,6.375000000000001,0.1436140661634507,0.1436140661634507,9.959732945214773e-09,2.418102757501361e-06,0.00601326091285971,0.00595,2.4209763502147654e-06,0.0058353897361668695,0.00585,0.15000000000000002,0.0,0.06990018702668745,0.0
2089,2.089,2.09,-4.372535764892809,4.714473512967024,0.1709688740371078,9.087009277859833,-0.10011492900423802,0.12517827800532316,1,1,-4.372535764892809,4.714473512967024,-6.039651403258784,6.118954209776351,0.0396514032587838,12.158605613035135,0.07930280651756777,0.0,0.07930280651756777,0.0,-0.07930280651756777,-0.07930280651756777,0.0,0.0,0.0,0.0,0.0,0.0,7.934247114126592e-05,0.0,6.0134676339709,5.8355760376892505,1.4389531233227615e-15,2.0816681711721685e-16,0.8014999395487525,0.0,-6.275,6.375000000000001,0.1436140661634507,0.1436140661634507,9.957787032954964e-09,2.4180455037999984e-06,0.006013449332744787,0.00595,2.4211224053671823e-06,0.0058355591857103435,0.00585,0.15000000000000002,0.0,0.07069719348243246,0.0
2099,2.099,2.1,-4.372516801666799,4.709685336521305,0.1685842674272533,9.082202138188105,-0.10013287459612497,0.1252734530393182,1,1,-4.372516801666799,4.709685336521305,-6.03925686520428,6.117770595612841,0.03925686520428062,12.15702746081712,0.07851373040856041,0.0,0.07851373040856041,0.0,-0.07851373040856041,-0.07851373040856041,0.0,0.0,0.0,0.0,0.0,0.0,7.85530003626585e-05,0.0,6.013645306795084,5.835743634244193,1.7555401576885288e-15,2.0816681711721685e-16,0.8014999395502391,0.0,-6.275,6.375000000000001,0.1436140661634507,0.1436140661634507,9.955831451678387e-09,2.417986039627278e-06,0.006013627973738252,0.00595,2.4212766482079042e-06,0.005835726949873248,0.00585,0.15000000000000002,0.0,0.07148626959143982,0.0
2109,2.109,2.11,-4.372491131095191,4.705109444766775,0.16630915683579195,9.077600575861965,-0.10015248465837873,0.12535451773001888,1,1,-4.372491131095191,4.705109444766775,-6.038866252869012,6.116598758607033,0.03886625286901069,12.155465011476045,0.07773250573802225,0.0,0.07773250573802225,0.0,-0.07773250573802225,-0.07773250573802225,0.0,0.0,0.0,0.0,0.0,0.0,7.777138494954839e-05,0.0,6.013813394143703,5.835909563956536,7.745540320236444e-16,2.0816681711721685e-16,0.8014999395517821,0.0,-6.275,6.375000000000001,0.1436140661634507,0.1436140661634507,9.953866266847117e-09,2.4179243196371657e-06,0.0060137970118000995,0.00595,2.4214393481458707e-06,0.00583589304551657,0.00585,0.15000000000000002,0.0,0.07226749426197798,0.0
2119,2.119,2.12,-4.37245876878355,4.700730130840896,0.16413568102867337,9.073188899624446,-0.10017357736484128,0.1254232100581526,1,1,-4.37245876878355,4.700730130840896,-6.038479527191418,6.115438581574253,0.03847952719141734,12.153918108765671,0.07695905438283517,0.0,0.07695905438283517,0.0,-0.07695905438283517,-0.07695905438283517,0.0,0.0,0.0,0.0,0.0,0.0,7.699754673974292e-05,0.0,6.013972069190555,5.836073843505661,1.7135815336133398e-16,2.0816681711721685e-16,0.8014999395533826,0.0,-6.275,6.375000000000001,0.1436140661634507,0.1436140661634507,9.951891546033e-09,2.4178602974955266e-06,0.006013956620355765,0.00595,2.4216107749874817e-06,0.005836057489336113,0.00585,0.15000000000000002,0.0,0.07304094561716507,0.0
2129,2.129,2.13,-4.372419801964963,4.696310026792286,0.16194511241366172,9.068729828757249,-0.1001959699794483,0.11788508585345914,1,1,-4.372419801964963,4.696310026792286,-6.038096649498609,6.114289948495829,0.038096649498609914,12.152386597994438,0.0761932989972191,0.0,0.0761932989972191,0.0,-0.0761932989972191,-0.0761932989972191,0.0,0.0,0.0,0.0,0.0,0.0,7.623140834877626e-05,0.0,6.014121502611168,5.836236489407592,6.904199434387692e-16,2.0816681711721685e-16,0.801499939555042,0.0,-6.275,6.375000000000001,0.1436140661634507,0.1436140661634507,9.949907358718193e-09,2.417793925951182e-06,0.0060141069703291295,0.00595,2.421791198634615e-06,0.005836220297864164,0.00585,0.15000000000000002,0.0,0.07380670100278112,0.0
2139,2.1390000000000002,2.14,-4.372374378406393,4.69202920277112,0.1598274121823633,9.064403581177512,-0.10021948235308276,0.11800906988001486,1,1,-4.372374378406393,4.69202920277112,-6.037717581502499,6.113152744507496,0.037717581502498376,12.150870326009995,0.07543516300499742,0.0,0.07543516300499742,0.0,-0.07543516300499742,-0.07543516300499742,0.0,0.0,0.0,0.0,0.0,0.0,7.547289316217086e-05,0.0,6.01426186261535,5.836397518016622,3.5301622736128024e-16,2.220446049250313e-16,0.8014999395567611,0.0,-6.275,6.375000000000001,0.1436140661634507,0.1436140661634507,9.947913776112327e-09,2.4177251568137017e-06,0.00601424823017512,0.00595,2.421980888722697e-06,0.005836381487471118,0.00585,0.15000000000000002,0.0,0.07456483699500283,0.0
2149,2.149,2.15,-4.372322696259854,4.687922295667972,0.15779979970405922,9.060244991927826,-0.10024393951429733,0.11811945847995109,1,1,-4.372322696259854,4.687922295667972,-6.03734228529597,6.112026855887909,0.037342285295969724,12.149369141183879,0.0746845705919391,0.0,0.0746845705919391,0.0,-0.0746845705919391,-0.0746845705919391,0.0,0.0,0.0,0.0,0.0,0.0,7.472192532777598e-05,0.0,6.014393314979358,5.836556945526912,1.957635442639827e-15,2.220446049250313e-16,0.8014999395585416,0.0,-6.275,6.375000000000001,0.1436140661634507,0.1436140661634507,9.945910870984364e-09,2.4176539410377826e-06,0.006014380565911912,0.00595,2.422180114274308e-06,0.005836541074367077,0.00585,0.15000000000000002,0.0,0.07531542940806114,0.0
2159,2.1590000000000003,2.16,-4.372264994918204,4.683977665092526,0.15585633508716112,9.056242660010732,-0.10026917352840087,0.11821769414964489,1,1,-4.372264994918204,4.683977665092526,-6.036970723349089,6.110912170047266,0.03697072334908835,12.147882893396355,0.0739414466981773,0.0,0.0739414466981773,0.0,-0.0739414466981773,-0.0739414466981773,0.0,0.0,0.0,0.0,0.0,0.0,7.397842974818235e-05,0.0,6.014516023077658,5.836714787974082,2.7261179424975523e-15,2.220446049250313e-16,0.8014999395603843,0.0,-6.275,6.375000000000001,0.1436140661634507,0.1436140661634507,9.943898717507573e-09,2.4175802287565573e-06,0.006014504141152733,0.00595,2.422389143323933e-06,0.005836699074603443,0.00585,0.15000000000000002,0.0,0.07605855330182294,0.0
2169,2.169,2.17,-4.372201546876552,4.680184821852275,0.1539916374878616,9.052386368728826,-0.10029502477341107,0.11830504256784696,1,1,-4.372201546876552,4.680184821852275,-6.0366028585053515,6.1098085755160545,0.0366028585053515,12.146411434021406,0.0732057170107034,0.0,0.0732057170107034,0.0,-0.0732057170107034,-0.0732057170107034,0.0,0.0,0.0,0.0,0.0,0.0,7.324233207321245e-05,0.0,6.014630147914307,5.836871061236776,2.0383000842727483e-16,2.220446049250313e-16,0.8014999395622908,0.0,-6.275,6.375000000000001,0.1436140661634507,0.1436140661634507,9.94187739111623e-09,2.417503969361526e-06,0.006014619117137279,0.00595,2.422608242518276e-06,0.005836855504074485,0.00585,0.15000000000000002,0.0,0.07679428298929684,0.0
2179,2.179,2.18,-4.372132650562405,4.676534278768469,0.15220081410303177,9.048666929330874,-0.10032134275691856,0.11838261794632682,1,1,-4.372132650562405,4.676534278768469,-6.036238653977968,6.108715961933903,0.03623865397796777,12.144954615911871,0.07247730795593554,0.0,0.07247730795593554,0.0,-0.07247730795593554,-0.07247730795593554,0.0,0.0,0.0,0.0,0.0,0.0,7.251355869248534e-05,0.0,6.014735848153932,5.837025781038205,1.1362438767648086e-15,2.220446049250313e-16,0.8014999395642622,0.0,-6.275,6.375000000000001,0.1436140661634507,0.1436140661634507,9.939846968372866e-09,2.4174251115713937e-06,0.006014725652762737,0.00595,2.422837676758771e-06,0.005837010378518895,0.00585,0.15000000000000002,0.0,0.0775226920440647,0.0
2189,2.189,2.19,-4.372058624074886,4.673017424947043,0.15047940043607833,9.04507604902193,-0.1003479865759177,0.11845140420705863,1,1,-4.372058624074886,4.673017424947043,-6.03587807334618,6.107634220038542,0.03587807334618098,12.143512293384722,0.07175614669236123,0.0,0.07175614669236123,0.0,-0.07175614669236123,-0.07175614669236123,0.0,0.0,0.0,0.0,0.0,0.0,7.179203672805563e-05,0.0,6.014833280152343,5.837178962947685,1.375635716449608e-15,2.220446049250313e-16,0.8014999395663,0.0,-6.275,6.375000000000001,0.1436140661634507,0.1436140661634507,9.937807526844976e-09,2.4173436035342097e-06,0.006014823904614434,0.00595,2.4230777087463908e-06,0.005837163713521306,0.00585,0.15000000000000002,0.0,0.07824385330763901,0.0
2198,2.198,2.199,-4.371987888405387,4.669960065708183,0.14898608865139762,9.04194795411357,-0.1003721360231391,0.11850651944054491,1,1,-4.371987888405387,4.669960065708183,-6.03555661939864,6.106669858195921,0.03555661939864052,12.14222647759456,0.07111323879728026,0.0,0.07111323879728026,0.0,-0.07111323879728026,-0.07111323879728026,0.0,0.0,0.0,0.0,0.0,0.0,7.114880727184902e-05,0.0,6.014914026996102,5.837315524513807,1.2437967322753707e-15,2.220446049250313e-16,0.8014999395681917,0.0,-6.275,6.375000000000001,0.1436140661634507,0.1436140661634507,9.935964383237824e-09,2.417267937074756e-06,0.006014905376233091,0.00595,2.4233030136699975e-06,0.005837300411558317,0.00585,0.15000000000000002,0.0,0.07888676120271998,0.0
2199,2.199,2.2,-4.371979799760803,5.0764309516421555,0.35222557594067627,9.448410751402958,-0.10037482510265427,2.768948562571615,1,1,-4.371979799760803,4.669626419229094,-6.035521080551626,6.10656324165488,0.03552108055162684,12.142084322206506,0.07104216110325313,0.0,0.12104216110325314,0.0,-0.07104216110325313,-0.12104216110325314,0.0,0.05,0.0,0.05,0.0,0.0,7.107769402712564e-05,0.0,6.014922597986768,5.787330622382132,8.744768147453397e-16,2.3592239273284576e-16,0.8014999395684053,0.0,-6.275,6.375000000000001,0.1436140661634507,0.1436140661634507,9.935759144990358e-09,2.4172593928939817e-06,0.006014914026996103,0.00595,2.4233285986152707e-06,0.0058373155245138066,0.00585,0.2,0.0,0.07895783889674711,0.0
2200,2.2,2.201,-4.3719716665526995,5.083857773457438,0.3559430534523691,9.455829440010138,-0.10037751490759333,0.8435111740174469,1,1,-4.3719716665526995,5.083857773457438,-6.06046058972153,6.1813817691645925,0.06046058972153112,12.241842358886123,0.12092117944306179,0.0,0.12092117944306179,0.0,-0.12092117944306179,-0.12092117944306179,0.0,0.0,0.0,0.0,0.0,0.0,0.00012098166019135262,0.0,6.014931064591241,5.787345705405492,5.872038966181492e-16,2.3592239273284576e-16,0.8014999395686195,0.0,-6.325,6.425000000000002,0.1436140661634508,0.1436140661634512,9.708553105195865e-09,2.4172508211574443e-06,0.0060149225979867675,0.0059,2.423354294713853e-06,0.005787330622382133,0.0058000000000000005,0.2,0.0,0.07907882055693846,0.0
2209,2.209,2.21,-4.371896519550196,5.084541400608511,0.3563224405291572,9.456437920158706,-0.10040173696338694,0.5349594156245441,1,1,-4.371896519550196,5.084541400608511,-6.059918885738457,6.179756657215374,0.05991888573845827,12.239675542953831,0.11983777147691577,0.0,0.11983777147691577,0.0,-0.11983777147691577,-0.11983777147691577,0.0,0.0,0.0,0.0,0.0,0.0,0.0001198977103406104,0.0,6.015001471156655,5.787480776871278,9.324138683375338e-16,2.3592239273284576e-16,0.8014999395705794,0.0,-6.325,6.425000000000002,0.1436140661634508,0.1436140661634512,9.705928351578134e-09,2.4171724268883746e-06,0.006014994160139956,0.0059,2.4235906034997256e-06,0.005787465828815417,0.0058000000000000005,0.2,0.0,0.08016222852308448,0.0
2219,2.219,2.22,-4.371809130973394,5.074685763767768,0.35143831639718703,9.44649489474116,-0.10042861036349937,0.3917594399654692,1,1,-4.371809130973394,5.074685763767768,-6.059322682863796,6.177968048591387,0.059322682863795606,12.237290731455182,0.11864536572759123,0.0,0.11864536572759123,0.0,-0.11864536572759123,-0.11864536572759123,0.0,0.0,0.0,0.0,0.0,0.0,0.0001187047081896272,0.0,6.015067628287775,5.787629439253773,2.8727020762175925e-15,2.3592239273284576e-16,0.8014999395728237,0.0,-6.325,6.425000000000002,0.1436140661634508,0.1436140661634512,9.703039786974736e-09,2.417082652446411e-06,0.0060150615777777505,0.0059,2.4238639771212433e-06,0.0057876146397325655,0.0058000000000000005,0.2,0.0,0.08135463427240902,0.0
2229,2.229,2.23,-4.3717179837842135,5.058284165807873,0.34328309101182963,9.430002149592086,-0.10045534280132856,0.3245462413646766,1,1,-4.3717179837842135,5.058284165807873,-6.058732412306855,6.176197236920566,0.05873241230685533,12.234929649227421,0.11746482461371094,0.0,0.11746482461371094,0.0,-0.11746482461371094,-0.11746482461371094,0.0,0.0,0.0,0.0,0.0,0.0,0.00011752357660838392,0.0,6.01512131464688,5.787776624498146,1.177877240188252e-15,2.3592239273284576e-16,0.8014999395751397,0.0,-6.325,6.425000000000002,0.1436140661634508,0.1436140661634512,9.700153749761493e-09,2.4169900162706263e-06,0.006015116500280689,0.0059,2.424148969362161e-06,0.00578776197202135,0.0058000000000000005,0.2,0.0,0.08253517538628931,0.0
2239,2.239,2.24,-4.371623427119431,5.038581778386412,0.3334791756334905,9.410205205505843,-0.10048184070061222,0.25620193028233484,1,1,-4.371623427119431,5.038581778386412,-6.058148015040089,6.17444404512027,0.05814801504009015,12.232592060160359,0.11629603008017969,0.0,0.11629603008017969,0.0,-0.11629603008017969,-0.11629603008017969,0.0,0.0,0.0,0.0,0.0,0.0,0.00011635419748273811,0.0,6.015162771877526,5.787922347426522,6.99635661904896e-16,2.3592239273284576e-16,0.8014999395775284,0.0,-6.325,6.425000000000002,0.1436140661634508,0.1436140661634512,9.697263296258537e-09,2.4168944649036846e-06,0.006015159169652494,0.0059,2.4244458259081723e-06,0.005787907840518479,0.0058000000000000005,0.2,0.0,0.08370396991982056,0.0
2249,2.249,2.25,-4.371525807489519,5.01813285645202,0.32330352448125055,9.389658663941539,-0.10050801821484462,0.23617450523612277,1,1,-4.371525807489519,5.01813285645202,-6.057569432623286,6.172708297869855,0.05756943262328473,12.23027773049314,0.11513886524657016,0.0,0.11513886524657016,0.0,-0.11513886524657016,-0.11513886524657016,0.0,0.0,0.0,0.0,0.0,0.0,0.00011519645387380274,0.0,6.0151922380478045,5.788066622715931,4.41405809473161e-16,2.3592239273284576e-16,0.8014999395799914,0.0,-6.325,6.425000000000002,0.1436140661634508,0.1436140661634512,9.694365690618339e-09,2.416795944850502e-06,0.0060151898243166685,0.0059,2.4247547877975786e-06,0.005788052259915424,0.0058000000000000005,0.2,0.0,0.08486113475343009,0.0
2259,2.259,2.2600000000000002,-4.371425474582808,4.998807568007929,0.31369104671256043,9.370233042590737,-0.10053378419958958,0.19754607307610667,1,1,-4.371425474582808,4.998807568007929,-6.056996607197717,6.170989821593152,0.05699660719771771,12.227986428790869,0.11399321439543465,0.0,0.11399321439543465,0.0,-0.11399321439543465,-0.11399321439543465,0.0,0.0,0.0,0.0,0.0,0.0,0.00011405023000625212,0.0,6.015209947697545,5.788209464899679,1.3257082064066505e-16,2.3592239273284576e-16,0.80149993958253,0.0,-6.325,6.425000000000002,0.1436140661634508,0.1436140661634512,9.691459541030554e-09,2.416694402607111e-06,0.006015208699163759,0.0059,2.425076091079337e-06,0.005788195244759807,0.0058000000000000005,0.2,0.0,0.0860067856045656,0.0
2269,2.269,2.27,-4.371322819894754,4.979109557103245,0.3038933686042453,9.350432376997999,-0.10055899424784853,0.19113286644454552,1,1,-4.371322819894754,4.979109557103245,-6.056429481480367,6.1692884444411,0.056429481480366306,12.225717925921467,0.11285896296073336,0.0,0.11285896296073336,0.0,-0.11285896296073336,-0.11285896296073336,0.0,0.0,0.0,0.0,0.0,0.0,0.0001129154112567443,0.0,6.0152161318849515,5.788350888368722,7.610692675033559e-16,2.3592239273284576e-16,0.8014999395851454,0.0,-6.325,6.425000000000002,0.1436140661634508,0.1436140661634512,9.68854403297383e-09,2.416589784749483e-06,0.006015216025598052,0.0059,2.425409966462233e-06,0.005788336809456756,0.0058000000000000005,0.2,0.0,0.08714103703926689,0.0
2279,2.279,2.2800000000000002,-4.3712183552078745,4.961426411321621,0.2951040280568731,9.332644766529494,-0.10058339029055646,0.18641186027133494,1,1,-4.3712183552078745,4.961426411321621,-6.055867998758188,6.167603996274567,0.05586799875818915,12.223471995032755,0.11173599751637757,0.0,0.11173599751637757,0.0,-0.11173599751637757,-0.11173599751637757,0.0,0.0,0.0,0.0,0.0,0.0,0.00011179188414245861,0.0,6.015211018232665,5.788490907373028,2.4077961846558082e-15,2.3592239273284576e-16,0.8014999395878392,0.0,-6.325,6.425000000000002,0.1436140661634508,0.1436140661634512,9.685618648550444e-09,2.416482037991254e-06,0.006015212031583687,0.0059,2.425756638941845e-06,0.00578847696827028,0.0058000000000000005,0.2,0.0,0.08826400248362268,0.0
2289,2.289,2.29,-4.371112784795549,4.944994284551448,0.2869407498779495,9.316107069346996,-0.10060658595758415,0.16410028449193037,1,1,-4.371112784795549,4.944994284551448,-6.055312102882444,6.165936308647331,0.0553121028824437,12.221248411529775,0.11062420576488705,0.0,0.11062420576488705,0.0,-0.11062420576488705,-0.11062420576488705,0.0,0.0,0.0,0.0,0.0,0.0,0.0001106795363097474,0.0,6.015194830973258,5.788629536022917,7.295596418654959e-16,2.3592239273284576e-16,0.8014999395906124,0.0,-6.325,6.425000000000002,0.1436140661634508,0.1436140661634512,9.682683041183706e-09,2.416371109241461e-06,0.006015196941690213,0.0059,2.426116327507444e-06,0.005788615735324598,0.0058000000000000005,0.2,0.0,0.0893757942351132,0.0
2299,2.299,2.3000000000000003,-4.3710070239996455,4.9291118062708446,0.27905239113559954,9.30011883027049,-0.1006281106448681,0.16275142133403087,1,1,-4.3710070239996455,4.9291118062708446,-6.05476173826308,6.16428521478924,0.05476173826308006,12.21904695305232,0.10952347652616018,0.0,0.10952347652616018,0.0,-0.10952347652616018,-0.10952347652616018,0.0,0.0,0.0,0.0,0.0,0.0,0.00010957825652290042,0.0,6.015167790994163,5.788766788290381,2.220446049250313e-16,2.3592239273284576e-16,0.8014999395934664,0.0,-6.325,6.425000000000002,0.1436140661634508,0.1436140661634512,9.67973697164138e-09,2.4162569456334054e-06,0.00601517097713757,0.0059,2.426489244859997e-06,0.0057887531246054785,0.0058000000000000005,0.2,0.0,0.09047652347384007,0.0
2309,2.309,2.31,-4.370902158682829,4.914853660679283,0.271975750998227,9.285755819362112,-0.10064748085023167,0.16163727306496262,1,1,-4.370902158682829,4.914853660679283,-6.054216849863177,6.162650549589534,0.05421684986317832,12.216867399452711,0.10843369972635579,0.0,0.10843369972635579,0.0,-0.10843369972635579,-0.10843369972635579,0.0,0.0,0.0,0.0,0.0,0.0,0.00010848793465302124,0.0,6.01513011588204,5.788902678010409,8.668873995379411e-16,2.3592239273284576e-16,0.8014999395964026,0.0,-6.325,6.425000000000002,0.1436140661634508,0.1436140661634512,9.676780272163045e-09,2.4161394945779445e-06,0.0060151343558405125,0.0059,2.4268755971346146e-06,0.005788889149961554,0.0058000000000000005,0.2,0.0,0.09156630027364446,0.0
2319,2.319,2.32,-4.370799369474948,4.901950892681819,0.26557576160343555,9.272750262156768,-0.1006642652174855,0.16069378561570397,1,1,-4.370799369474948,4.901950892681819,-6.053677383193443,6.161032149580328,0.05367738319344273,12.214709532773771,0.10735476638688578,0.0,0.10735476638688578,0.0,-0.10735476638688578,-0.10735476638688578,0.0,0.0,0.0,0.0,0.0,0.0,0.00010740846166701431,0.0,6.015082019966598,5.789037218882275,3.963978667878565e-16,2.3592239273284576e-16,0.8014999395994225,0.0,-6.325,6.425000000000002,0.1436140661634508,0.1436140661634512,9.67381282492841e-09,2.4160187038034616e-06,0.0060150872924524925,0.0059,2.42727558367406e-06,0.00578902382510561,0.0058000000000000005,0.2,0.0,0.09264523361311447,0.0
2329,2.329,2.33,-4.370699848692207,4.889252257057034,0.2592762041824135,9.259952105749242,-0.1006781268074583,0.1458904475874906,1,1,-4.370699848692207,4.889252257057034,-6.053143284306759,6.159429852920275,0.053143284306758076,12.212573137227034,0.10628656861351703,0.0,0.10628656861351703,0.0,-0.10628656861351703,-0.10628656861351703,0.0,0.0,0.0,0.0,0.0,0.0,0.00010633972961668139,0.0,6.015023714363871,5.789170424470824,7.363901155521546e-16,2.3592239273284576e-16,0.801499939602527,0.0,-6.325,6.425000000000002,0.1436140661634508,0.1436140661634512,9.67083454844065e-09,2.415894521369184e-06,0.006015029998408977,0.0059,2.4276893968466773e-06,0.005789157163615878,0.0058000000000000005,0.2,0.0,0.09371343138648322,0.0
2339,2.339,2.34,-4.370604728791723,4.877535794756325,0.2534655329823008,9.248140523548049,-0.10068884095868785,0.14587304324462064,1,1,-4.370604728791723,4.877535794756325,-6.05261449979279,6.157843499378373,0.052614499792791314,12.210457999171163,0.10522899958558207,0.0,0.10522899958558207,0.0,-0.10522899958558207,-0.10522899958558207,0.0,0.0,0.0,0.0,0.0,0.0,0.00010528163162792689,0.0,6.0149554070189595,5.789302308207734,1.2073675392798577e-15,2.3592239273284576e-16,0.8014999396057176,0.0,-6.325,6.425000000000002,0.1436140661634508,0.1436140661634512,9.667845388542661e-09,2.4157668956918337e-06,0.006014962681970252,0.0059,2.4281172218421077e-06,0.005789289178937296,0.0058000000000000005,0.2,0.0,0.09477100041441817,0.0
2349,2.349,2.35,-4.370515030671888,4.866814712780823,0.24814984105446714,9.237329743452712,-0.10069629432105015,0.14582575837223,1,1,-4.370515030671888,4.866814712780823,-6.052090976772648,6.156272930317945,0.05209097677264829,12.208363907090593,0.1041819535452968,0.0,0.1041819535452968,0.0,-0.1041819535452968,-0.1041819535452968,0.0,0.0,0.0,0.0,0.0,0.0,0.00010423406189007017,0.0,6.014877302748226,5.789432883392782,4.589156745588019e-16,2.3592239273284576e-16,0.8014999396089957,0.0,-6.325,6.425000000000002,0.1436140661634508,0.1436140661634512,9.664845312271962e-09,2.4156357755789314e-06,0.006014885548263669,0.0059,2.428559236560268e-06,0.005789419884382772,0.0058000000000000005,0.2,0.0,0.09581804645470345,0.0
2359,2.359,2.36,-4.37043163268373,4.856943877967885,0.24325612264207752,9.227375510651616,-0.10070047224080947,0.1457549306763395,1,1,-4.37043163268373,4.856943877967885,-6.051572662893592,6.154717988680777,0.051572662893592636,12.206290651574369,0.1031453257871846,0.0,0.1031453257871846,0.0,-0.1031453257871846,-0.1031453257871846,0.0,0.0,0.0,0.0,0.0,0.0,0.00010319691564526442,0.0,6.014789603280977,5.789562163195062,1.9914625504213745e-15,2.3592239273284576e-16,0.8014999396123623,0.0,-6.325,6.425000000000002,0.1436140661634508,0.1436140661634512,9.6618343035208e-09,2.4155011102310164e-06,0.00601479879932538,0.0059,2.429015611493668e-06,0.0057895492931344175,0.0058000000000000005,0.2,0.0,0.09685467421281564,0.0
2369,2.369,2.37,-4.370355257321963,4.847621308227289,0.23863302545266318,9.217976565549252,-0.10070144058663855,0.13426348441347852,1,1,-4.370355257321963,4.847621308227289,-6.051059506323803,6.1531785189714086,0.05105950632380285,12.204238025295211,0.1021190126476059,0.0,0.1021190126476059,0.0,-0.1021190126476059,-0.1021190126476059,0.0,0.0,0.0,0.0,0.0,0.0,0.00010217008917802096,0.0,6.014692507300626,5.789690160654234,8.026077632367068e-16,2.3592239273284576e-16,0.8014999396158188,0.0,-6.325,6.425000000000002,0.1436140661634508,0.1436140661634512,9.658812359881092e-09,2.4153628492594127e-06,0.006014702634141551,0.0059,2.4294865096363694e-06,0.005789677418244782,0.0058000000000000005,0.2,0.0,0.09788098735239435,0.0
2379,2.379,2.38,-4.370286471206774,4.8384363101334795,0.23407491946335268,9.208722781340253,-0.1006993262589731,0.13454071010190277,1,1,-4.370286471206774,4.8384363101334795,-6.050551455747195,6.151654367241587,0.050551455747195995,12.202205822988782,0.1011029114943914,0.0,0.1011029114943914,0.0,-0.1011029114943914,-0.1011029114943914,0.0,0.0,0.0,0.0,0.0,0.0,0.00010115347980483733,0.0,6.014586210485336,5.789816888681724,4.111294638065033e-16,2.3592239273284576e-16,0.8014999396193665,0.0,-6.325,6.425000000000002,0.1436140661634508,0.1436140661634512,9.655779490289005e-09,2.415220942710652e-06,0.006014597248689056,0.0059,2.4299720864440212e-06,0.0057898042726380545,0.0058000000000000005,0.2,0.0,0.09889708850560884,0.0
2389,2.3890000000000002,2.39,-4.370225694038846,4.8299034804689684,0.229838893215061,9.200129174507815,-0.10069429892242521,0.13476049653622535,1,1,-4.370225694038846,4.8299034804689684,-6.05004846035829,6.150145381074869,0.05004846035828958,12.200193841433158,0.1000969207165791,0.0,0.1000969207165791,0.0,-0.1000969207165791,-0.1000969207165791,0.0,0.0,0.0,0.0,0.0,0.0,0.00010014698586392905,0.0,6.014470905548163,5.789942360061931,1.685283856911468e-15,2.3592239273284576e-16,0.8014999396230065,0.0,-6.325,6.425000000000002,0.1436140661634508,0.1436140661634512,9.652735713222962e-09,2.4150753410575925e-06,0.006014482835975669,0.0059,2.4304724897983297e-06,0.005789929869111287,0.0058000000000000005,0.2,0.0,0.09990307928342115,0.0
2399,2.399,2.4,-4.370173212915719,4.821942109496068,0.2258844482901745,9.192115322411787,-0.10068655523134018,0.13493282734633127,1,1,-4.370173212915719,4.821942109496068,-6.0495504698571265,6.14865140957138,0.04955046985712652,12.198201879428506,0.09910093971425278,0.0,0.09910093971425278,0.0,-0.09910093971425278,-0.09910093971425278,0.0,0.0,0.0,0.0,0.0,0.0,9.915050670506323e-05,0.0,6.014844538260711,5.790564343437437,8.719018345856866e-16,2.3592239273284576e-16,0.8014999396267402,0.0,-6.275,6.375000000000001,0.1436140661634507,0.1436140661634507,9.650781564230935e-09,2.414925995232727e-06,0.006014807790269061,0.00595,2.430987860004841e-06,0.0057905024245248835,0.00585,0.2,0.0,0.10089906028574747,0.0
2409,2.4090000000000003,2.41,-4.3701291992726095,4.814485710649517,0.22217825568845395,9.184614909922127,-0.10067630598616539,0.135065707363472,1,1,-4.3701291992726095,4.814485710649517,-6.049057434444241,6.147172303332723,0.04905743444424093,12.196229737776964,0.09811486888848231,0.0,0.09811486888848231,0.0,-0.09811486888848231,-0.09811486888848231,0.0,0.0,0.0,0.0,0.0,0.0,9.816394267949364e-05,0.0,6.015204584307588,5.791180140125495,1.1673875841694548e-15,2.3592239273284576e-16,0.8014999396305686,0.0,-6.275,6.375000000000001,0.1436140661634507,0.1436140661634507,9.648938721700765e-09,2.414772856634842e-06,0.006015169184425415,0.00595,2.4315183298240227e-06,0.005791118837093197,0.00585,0.2,0.0,0.10188513111151794,0.0
2419,2.419,2.42,-4.370093726526437,4.807478872799424,0.2186925731364937,9.177572599325861,-0.10066376616941208,0.13516562004486699,1,1,-4.370093726526437,4.807478872799424,-6.048569304815682,6.145707914447045,0.04856930481568167,12.194277219262727,0.09713860963136334,0.0,0.09713860963136334,0.0,-0.09713860963136334,-0.09713860963136334,0.0,0.0,0.0,0.0,0.0,0.0,9.718719512999555e-05,0.0,6.015551277072305,5.79178981186644,5.076641147391814e-16,2.3592239273284576e-16,0.8014999396344931,0.0,-6.275,6.375000000000001,0.1436140661634507,0.1436140661634507,9.647084967352057e-09,2.414615877137901e-06,0.006015517202110493,0.00595,2.4320640244845925e-06,0.005791729118568069,0.00585,0.2,0.0,0.10286139036863691,0.0
2429,2.4290000000000003,2.43,-4.370066787168599,4.800874927706447,0.21540407026892394,9.170941714875045,-0.10064914756251347,0.13523788800466285,1,1,-4.370066787168599,4.800874927706447,-6.0480860321580785,6.1442580964742355,0.048086032158078496,12.192344128632314,0.09617206431615662,0.0,0.09617206431615662,0.0,-0.09617206431615662,-0.09617206431615662,0.0,0.0,0.0,0.0,0.0,0.0,9.622016638100007e-05,0.0,6.01588484663778,5.792393419787179,1.3812735677465326e-16,2.3592239273284576e-16,0.8014999396385148,0.0,-6.275,6.375000000000001,0.1436140661634507,0.1436140661634507,9.645220373064598e-09,2.4144550091110275e-06,0.006015852073735346,0.00595,2.4326250617678904e-06,0.005792333330137475,0.00585,0.2,0.0,0.10382793568384363,0.0
2439,2.439,2.44,-4.370048308176164,4.794245646615439,0.21209866921963716,9.164293954791603,-0.10063265438968239,0.1261541103638164,1,1,-4.370048308176164,4.794245646615439,-6.047607568143762,6.142822704431287,0.047607568143762435,12.19043027257505,0.09521513628752515,0.0,0.09521513628752515,0.0,-0.09521513628752515,-0.09521513628752515,0.0,0.0,0.0,0.0,0.0,0.0,9.526275972882638e-05,0.0,6.016205519828926,5.7929910244072245,1.1718599181309575e-15,2.3592239273284576e-16,0.8014999396426349,0.0,-6.275,6.375000000000001,0.1436140661634507,0.1436140661634507,9.64334501304415e-09,2.4142902054473743e-06,0.006016174026448787,0.00595,2.4332015520855956e-06,0.005792931532381398,0.00585,0.2,0.0,0.1047848637124751,0.0
2449,2.449,2.45,-4.370038156591076,4.787921938920925,0.20894189116492434,9.157960095512001,-0.10061449408050122,0.1263548684776536,1,1,-4.370038156591076,4.787921938920925,-6.047133864925935,6.141401594777803,0.04713386492593408,12.188535459703738,0.09426772985186865,0.0,0.09426772985186865,0.0,-0.09426772985186865,-0.09426772985186865,0.0,0.0,0.0,0.0,0.0,0.0,9.431487943201151e-05,0.0,6.016513520254703,5.793582685644672,2.0903417885520525e-15,2.3592239273284576e-16,0.8014999396468545,0.0,-6.275,6.375000000000001,0.1436140661634507,0.1436140661634507,9.641458963515564e-09,2.4141214195796613e-06,0.006016483284179491,0.00595,2.433793598526357e-06,0.005793523785277808,0.00585,0.2,0.0,0.1057322701481316,0.0
2459,2.459,2.46,-4.370036105644326,4.7819319837544105,0.20594793905504227,9.151968089398736,-0.10059493121756552,0.1265263153652338,1,1,-4.370036105644326,4.7819319837544105,-6.046664875133877,6.1399946254016315,0.04666487513387718,12.186659500535509,0.09332975026775406,0.0,0.09332975026775406,0.0,-0.09332975026775406,-0.09332975026775406,0.0,0.0,0.0,0.0,0.0,0.0,9.337643070173584e-05,0.0,6.016809068349673,5.794168462822102,2.0972806824559598e-15,2.3592239273284576e-16,0.8014999396511748,0.0,-6.275,6.375000000000001,0.1436140661634507,0.1436140661634507,9.639562302632077e-09,2.4139486054957225e-06,0.006016780067677606,0.00595,2.434401297011224e-06,0.005794110148208574,0.00585,0.2,0.0,0.10667024973224619,0.0
2469,2.469,2.47,-4.370041747616042,4.776243563124319,0.20310090775413858,9.14628531074036,-0.10057436372777201,0.12667455325200833,1,1,-4.370041747616042,4.776243563124319,-6.046200551868221,6.138601655604662,0.04620055186822025,12.184802207472883,0.0924011037364413,0.0,0.0924011037364413,0.0,-0.0924011037364413,-0.0924011037364413,0.0,0.0,0.0,0.0,0.0,0.0,9.24473196923443e-05,0.0,6.01709238141503,5.794748414672456,7.370677419099581e-16,2.3592239273284576e-16,0.8014999396555971,0.0,-6.275,6.375000000000001,0.1436140661634507,0.1436140661634507,9.63765511041148e-09,2.413771717798457e-06,0.006017064594555832,0.00595,2.4350247363624788e-06,0.00579469067996534,0.00585,0.2,0.0,0.10759889626355895,0.0
2479,2.479,2.48,-4.370054401170806,4.7708282726870745,0.2003869357581345,9.140882673857881,-0.10055335365004331,0.12680489645290088,1,1,-4.370054401170806,4.7708282726870745,-6.045740848696252,6.137222546088755,0.04574084869625139,12.182963394785007,0.09148169739250334,0.0,0.09148169739250334,0.0,-0.09148169739250334,-0.09148169739250334,0.0,0.0,0.0,0.0,0.0,0.0,9.152745349196167e-05,0.0,6.01736367365915,5.795322599344825,4.145989107584569e-16,2.3592239273284576e-16,0.8014999396601222,0.0,-6.275,6.375000000000001,0.1436140661634507,0.1436140661634507,9.635737468660008e-09,2.41359071171027e-06,0.006017337079330014,0.00595,2.4356639984257635e-06,0.00579526543875532,0.00585,0.2,0.0,0.10851830260749691,0.0
2489,2.489,2.49,-4.37007307172385,4.765661132659082,0.197794030467616,9.135734204382931,-0.10053258901557838,0.12692169261730418,1,1,-4.37007307172385,4.765661132659082,-6.0452857196472705,6.13585715894181,0.04528571964726957,12.18114287858908,0.09057143929453963,0.0,0.09057143929453963,0.0,-0.09057143929453963,-0.09057143929453963,0.0,0.0,0.0,0.0,0.0,0.0,9.061674011320136e-05,0.0,6.017623156237621,5.795891074410194,2.9293787447842723e-16,2.3592239273284576e-16,0.8014999396647514,0.0,-6.275,6.375000000000001,0.1436140661634507,0.1436140661634507,9.63380946087836e-09,2.4134055431374653e-06,0.006017597733459234,0.00595,2.4363191582166267e-06,0.005795834482207052,0.00585,0.2,0.0,0.10942856070546061,0.0
2499,2.499,2.5,-4.37009648116361,4.760720228637282,0.195311873736836,9.130816709800891,-0.10051280589577272,0.1270283242234116,1,1,-4.37009648116361,4.760720228637282,-6.044835119207991,6.134505357623973,0.04483511920799099,12.179340476831964,0.08967023841598185,0.0,0.08967023841598185,0.0,-0.08967023841598185,-0.08967023841598185,0.0,0.0,0.0,0.0,0.0,0.0,8.971508848396659e-05,0.0,6.017871037292792,5.796453896867131,6.435824095873954e-16,2.3592239273284576e-16,0.8014999396694857,0.0,-6.275,6.375000000000001,0.1436140661634507,0.1436140661634507,9.631871172152576e-09,2.4132161686968924e-06,0.006017846765385397,0.00595,2.436990284024887e-06,0.0057963978673760954,0.00585,0.2,0.0,0.1103297615840184,0.0
2509,2.509,2.5100000000000002,-4.370123147231972,4.755986354805092,0.19293160378656005,9.126109502037064,-0.10049470826002549,0.1271273222287564,1,1,-4.370123147231972,4.755986354805092,-6.044389002317995,6.133167006953986,0.04438900231799536,12.177556009271981,0.08877800463599109,0.0,0.08877800463599109,0.0,-0.08877800463599109,-0.08877800463599109,0.0,0.0,0.0,0.0,0.0,0.0,8.882240843834303e-05,0.0,6.018107521992855,5.797011123147419,7.589415207398531e-16,2.3592239273284576e-16,0.8014999396743263,0.0,-6.275,6.375000000000001,0.1436140661634507,0.1436140661634507,9.629922689034362e-09,2.4130225457847773e-06,0.006018084380572366,0.00595,2.4376774375389766e-06,0.005796955650750654,0.00585,0.2,0.0,0.11122199536400916,0.0
2519,2.519,2.52,-4.370151482924179,4.751442668760719,0.19064559291827,9.121594151684898,-0.10047890777606122,0.1272205226688003,1,1,-4.370151482924179,4.751442668760719,-6.043947324365223,6.131841973095669,0.04394732436522286,12.175789297460891,0.08789464873044585,0.0,0.08789464873044585,0.0,-0.08789464873044585,-0.08789464873044585,0.0,0.0,0.0,0.0,0.0,0.0,8.793861070758221e-05,0.0,6.018332812570413,5.797562809121633,5.711848095196759e-16,2.3592239273284576e-16,0.8014999396792741,0.0,-6.275,6.375000000000001,0.1436140661634507,0.1436140661634507,9.627964099415066e-09,2.412824632618914e-06,0.006018310781544581,0.00595,2.4383806739858294e-06,0.00579750788825718,0.00585,0.2,0.0,0.1121053512695544,0.0
2529,2.529,2.5300000000000002,-4.370179892425793,4.746884920756179,0.18835251416519316,9.117064813181972,-0.10046588950537533,0.11956661887285225,1,1,-4.370179892425793,4.746884920756179,-6.043510041181509,6.1305301235445295,0.04351004118151014,12.174040164726039,0.08702008236301943,0.0,0.08702008236301943,0.0,-0.08702008236301943,-0.08702008236301943,0.0,0.0,0.0,0.0,0.0,0.0,8.706360691117457e-05,0.0,6.018547108360605,5.798109010104664,1.0516490022566272e-15,2.3592239273284576e-16,0.8014999396843303,0.0,-6.275,6.375000000000001,0.1436140661634507,0.1436140661634507,9.625995492396883e-09,2.412622388298615e-06,0.006018526167925226,0.00595,2.439100042261888e-06,0.005798054635265882,0.00585,0.2,0.0,0.11297991763698081,0.0
2539,2.539,2.54,-4.3702068503690175,4.742411310183986,0.18610222990748415,9.112618160553003,-0.10045600020157697,0.11972062268305633,1,1,-4.3702068503690175,4.742411310183986,-6.0430771090381725,6.129231327114519,0.04307710903817341,12.172308436152692,0.0861542180763463,0.0,0.0861542180763463,0.0,-0.0861542180763463,-0.0861542180763463,0.0,0.0,0.0,0.0,0.0,0.0,8.61973095480113e-05,0.0,6.0187506058387585,5.798649780861191,9.804033669971735e-16,2.3592239273284576e-16,0.8014999396894956,0.0,-6.275,6.375000000000001,0.1436140661634507,0.1436140661634507,9.624016958163947e-09,2.4124157728624435e-06,0.0060187307364739295,0.00595,2.4398355850530075e-06,0.005798595946596219,0.00585,0.2,0.0,0.11384578192365395,0.0
2549,2.549,2.5500000000000003,-4.370230959663501,4.738103028535944,0.18393603443622153,9.108333988199444,-0.10044945269231859,0.11986603406782592,1,1,-4.370230959663501,4.738103028535944,-6.042648484641639,6.127945453924914,0.04264848464163773,12.170593938566553,0.08529696928327621,0.0,0.08529696928327621,0.0,-0.08529696928327621,-0.08529696928327621,0.0,0.0,0.0,0.0,0.0,0.0,8.533963198763416e-05,0.0,6.018943498657565,5.7991851756110915,1.5421691701433815e-15,2.3592239273284576e-16,0.8014999396947713,0.0,-6.275,6.375000000000001,0.1436140661634507,0.1436140661634507,9.6220285878554e-09,2.412204747368149e-06,0.006018924681123982,0.00595,2.440587338941036e-06,0.005799131876522302,0.00585,0.2,0.0,0.11470303071672404,0.0
2559,2.559,2.56,-4.37025098843888,4.733948363313963,0.18184868743754157,9.104199351752843,-0.10044633992391583,0.12000389109998066,1,1,-4.37025098843888,4.733948363313963,-6.042224125129107,6.126672375387323,0.042224125129108,12.16889650051643,0.08444825025821551,0.0,0.08444825025821551,0.0,-0.08444825025821551,-0.08444825025821551,0.0,0.0,0.0,0.0,0.0,0.0,8.449048846157238e-05,0.0,6.019125977683815,5.7997152480348095,3.859759734048396e-16,2.3592239273284576e-16,0.8014999397001581,0.0,-6.275,6.375000000000001,0.1436140661634507,0.1436140661634507,9.620030473441834e-09,2.4119892739437377e-06,0.006019108193019129,0.00595,2.4413553345681296e-06,0.005799662478778283,0.00585,0.2,0.0,0.11555174974178474,0.0
2569,2.569,2.57,-4.370265889234447,4.7299369257017165,0.17983551823363486,9.100202814936164,-0.10044665363807381,0.1201350057626327,1,1,-4.370265889234447,4.7299369257017165,-6.041803988064277,6.125411964192832,0.04180398806427732,12.16721595225711,0.08360797612855439,0.0,0.08360797612855439,0.0,-0.08360797612855439,-0.08360797612855439,0.0,0.0,0.0,0.0,0.0,0.0,8.364979405476573e-05,0.0,6.0192982310346785,5.800240051278663,1.0364972768961422e-15,2.3592239273284576e-16,0.801499939705657,0.0,-6.275,6.375000000000001,0.1436140661634507,0.1436140661634507,9.618022707606104e-09,2.4117693158540867e-06,0.006019281460549881,0.00595,2.442139596705584e-06,0.005800187806563654,0.00585,0.2,0.0,0.11639202387144586,0.0
2579,2.579,2.58,-4.3702748044159465,4.726059457451115,0.17789232651758446,9.096334261867062,-0.100450304240714,0.12026001960915134,1,1,-4.3702748044159465,4.726059457451115,-6.04138803143309,6.124164094299269,0.041388031433089445,12.16555212573236,0.0827760628661797,0.0,0.0827760628661797,0.0,-0.0827760628661797,-0.0827760628661797,0.0,0.0,0.0,0.0,0.0,0.0,8.281746469707297e-05,0.0,6.019460444113536,5.800759637960112,7.814929259275516e-16,2.3592239273284576e-16,0.801499939711269,0.0,-6.275,6.375000000000001,0.1436140661634507,0.1436140661634507,9.616005383629212e-09,2.4115448375542336e-06,0.006019444669389396,0.00595,2.442940144384842e-06,0.00580070791254852,0.00585,0.2,0.0,0.11722393713382055,0.0
2589,2.589,2.59,-4.3702770616793725,4.722307669422096,0.17601530387136188,9.092584731101468,-0.10045713976515352,0.12037944619667867,1,1,-4.3702770616793725,4.722307669422096,-6.040976213639536,6.122928640918608,0.04097621363953596,12.163904854558144,0.0819524272790719,0.0,0.0819524272790719,0.0,-0.0819524272790719,-0.0819524272790719,0.0,0.0,0.0,0.0,0.0,0.0,8.19934171548647e-05,0.0,6.019612799645372,5.801274060172953,6.062858548538941e-16,2.3592239273284576e-16,0.8014999397169948,0.0,-6.275,6.375000000000001,0.1436140661634507,0.1436140661634507,9.613978595281609e-09,2.4113158047626514e-06,0.00601959800252892,0.00595,2.4437569910196187e-06,0.005801222848878819,0.00585,0.2,0.0,0.11804757272092835,0.0
2598,2.598,2.599,-4.3702729856699,4.719032339866373,0.1743796770982362,9.089305325536273,-0.10046585239459588,0.12048249972192587,1,1,-4.3702729856699,4.719032339866373,-6.040609082286004,6.121827246858013,0.04060908228600457,12.162436329144017,0.08121816457200862,0.0,0.08121816457200862,0.0,-0.08121816457200862,-0.08121816457200862,0.0,0.0,0.0,0.0,0.0,0.0,8.125878719404016e-05,0.0,6.019741640312784,5.801732667181473,6.527981280535222e-16,2.3592239273284576e-16,0.8014999397222461,0.0,-6.275,6.375000000000001,0.1436140661634507,0.1436140661634507,9.612146471546065e-09,2.4111057538682262e-06,0.006019727707739721,0.00595,2.444506095222732e-06,0.005801681914201726,0.00585,0.2,0.0,0.11878183542799163,0.0
2599,2.599,2.6,-4.370272162945372,5.125247392576855,0.3774876148157418,9.495519555522227,-0.10046696281423906,2.6943945240661957,1,1,-4.370272162945372,4.71867410660981,-6.0405684935014925,6.121705480504479,0.040568493501493386,12.162273974005972,0.08113698700298591,0.0,0.13113698700298593,0.0,-0.08113698700298591,-0.13113698700298593,0.0,0.05,0.0,0.05,0.0,0.0,8.117756902269997e-05,0.0,6.019755477711737,5.751783369492493,9.120986301305867e-16,2.7755575615628914e-16,0.8014999397228353,0.0,-6.275,6.375000000000001,0.1436140661634507,0.1436140661634507,9.61194243672017e-09,2.411082184494556e-06,0.006019741640312783,0.00595,2.4445901444858366e-06,0.005801732667181473,0.00585,0.25,0.0,0.11886301299701434,0.0
2600,2.6,2.601,-4.370271265154144,5.13092234238429,0.380325538615073,9.501193607538433,-0.10046810084090724,0.871859726736188,1,1,-4.370271265154144,5.13092234238429,-6.065502957781312,6.196508873343939,0.06550295778131332,12.262011831125252,0.13100591556262575,0.0,0.13100591556262575,0.0,-0.13100591556262575,-0.13100591556262575,0.0,0.0,0.0,0.0,0.0,0.0,0.000131071440360186,0.0,6.01976919533741,5.751834021401816,1.3680463012422095e-15,2.7755575615628914e-16,0.8014999397234257,0.0,-6.325,6.425000000000002,0.1436140661634508,0.1436140661634512,9.395542415237875e-09,2.4110585689266644e-06,0.006019755477711736,0.0059,2.4446743568518058e-06,0.005751783369492494,0.0058000000000000005,0.25,0.0,0.11899408443737453,0.0
2609,2.609,2.61,-4.3702597692626,5.131414329084223,0.3805772799108116,9.501674098346824,-0.1004795450201959,0.5403830677154527,1,1,-4.3702597692626,5.131414329084223,-6.064916076090336,6.19474822827101,0.0649160760903369,12.259664304361346,0.12983215218067307,0.0,0.12983215218067307,0.0,-0.12983215218067307,-0.12983215218067307,0.0,0.0,0.0,0.0,0.0,0.0,0.0001298970899008662,0.0,6.019886173348662,5.7522876191368,1.317522480004385e-15,3.0531133177191805e-16,0.8014999397287913,0.0,-6.325,6.425000000000002,0.1436140661634508,0.1436140661634512,9.392927453311231e-09,2.4108439451151964e-06,0.006019873748556301,0.0059,2.445439607243749e-06,0.005752237420510633,0.0058000000000000005,0.25,0.0,0.12016784781932724,0.0
2619,2.619,2.62,-4.370239683681317,5.120691381746446,0.3752258490325646,9.490931065427763,-0.10049463896231403,0.39701292667947696,1,1,-4.370239683681317,5.120691381746446,-6.064270150340886,6.192810451022658,0.06427015034088601,12.257080601363544,0.1285403006817721,0.0,0.1285403006817721,0.0,-0.1285403006817721,-0.1285403006817721,0.0,0.0,0.0,0.0,0.0,0.0,0.0001286045922608534,0.0,6.02000264057915,5.752786857490172,1.4191393286205889e-15,3.608224830031759e-16,0.8014999397348636,0.0,-6.325,6.425000000000002,0.1436140661634508,0.1436140661634512,9.39004784798117e-09,2.410601056362059e-06,0.006019991626402284,0.0059,2.4463053764356424e-06,0.005752737157732574,0.0058000000000000005,0.25,0.0,0.12145969931822825,0.0
2629,2.629,2.63,-4.3702118334964455,5.103639597556622,0.36671388203008837,9.473851431053067,-0.10051198770688913,0.32969964455759726,1,1,-4.3702118334964455,5.103639597556622,-6.063630651660029,6.190891954980085,0.06363065166002801,12.254522606640114,0.12726130332005653,0.0,0.12726130332005653,0.0,-0.12726130332005653,-0.12726130332005653,0.0,0.0,0.0,0.0,0.0,0.0,0.00012732495518723741,0.0,6.020105149607513,5.753281134602798,1.6895122453841616e-15,3.608224830031759e-16,0.8014999397410527,0.0,-6.325,6.425000000000002,0.1436140661634508,0.1436140661634512,9.38716990966731e-09,2.410353489367072e-06,0.0060200955192052106,0.0059,2.44718744396355e-06,0.005753231928731253,0.0058000000000000005,0.25,0.0,0.12273869667994383,0.0
2639,2.6390000000000002,2.64,-4.370176252811172,5.082881108677446,0.35635242793313715,9.453057361488618,-0.10053133223875382,0.2609712899007957,1,1,-4.370176252811172,5.082881108677446,-6.062997516097362,6.188992548292087,0.06299751609736237,12.25199006438945,0.12599503219472438,0.0,0.12599503219472438,0.0,-0.12599503219472438,-0.12599503219472438,0.0,0.0,0.0,0.0,0.0,0.0,0.00012605805071524463,0.0,6.020193966668355,5.753770500026632,1.1214987272190058e-15,3.3306690738754696e-16,0.8014999397473594,0.0,-6.325,6.425000000000002,0.1436140661634508,0.1436140661634512,9.384287030721245e-09,2.4101012166743697e-06,0.006020185693594305,0.0059,2.448085796606936e-06,0.005753721783108229,0.0058000000000000005,0.25,0.0,0.12400496780527595,0.0
2649,2.649,2.65,-4.3701330663846365,5.062106227205066,0.3459865804102149,9.432239293589703,-0.1005524163072502,0.24094276734414,1,1,-4.3701330663846365,5.062106227205066,-6.062370680338804,6.1871120410164115,0.06237068033880355,12.249482721355216,0.12474136067760797,0.0,0.12474136067760797,0.0,-0.12474136067760797,-0.12474136067760797,0.0,0.0,0.0,0.0,0.0,0.0,0.00012480375215337216,0.0,6.020269354078749,5.754255002820215,6.175615574477433e-16,3.608224830031759e-16,0.8014999397537846,0.0,-6.325,6.425000000000002,0.1436140661634508,0.1436140661634512,9.381396613024768e-09,2.4098442122180865e-06,0.006020262412276056,0.0059,2.4490004161403788e-06,0.005754206769971166,0.0058000000000000005,0.25,0.0,0.1252586393223924,0.0
2659,2.6590000000000003,2.66,-4.3700824821443405,5.041754466018441,0.33583599193705016,9.411836948162781,-0.100574977758702,0.20194887772683884,1,1,-4.3700824821443405,5.041754466018441,-6.061750081700255,6.185250245100766,0.06175008170025542,12.247000326801022,0.1235001634005108,0.0,0.1235001634005108,0.0,-0.1235001634005108,-0.1235001634005108,0.0,0.0,0.0,0.0,0.0,0.0,0.0001235619340707185,0.0,6.020331570289825,5.754734691553513,1.4085954624931674e-15,4.579669976578771e-16,0.8014999397603286,0.0,-6.325,6.425000000000002,0.1436140661634508,0.1436140661634512,9.378497338442371e-09,2.4095824513156987e-06,0.006020325934085884,0.0059,2.4499312794112884e-06,0.0057546869379386705,0.0058000000000000005,0.25,0.0,0.12649983659948966,0.0
2669,2.669,2.67,-4.370024817825882,5.021942569784944,0.3259588759795311,9.391967387610826,-0.10059870304123919,0.19557275995657014,1,1,-4.370024817825882,5.021942569784944,-6.061135658121335,6.183406974364006,0.06113565812133537,12.244542632485341,0.1222713162426708,0.0,0.1222713162426708,0.0,-0.1222713162426708,-0.1222713162426708,0.0,0.0,0.0,0.0,0.0,0.0,0.0001223324722844405,0.0,6.020380869937746,5.755209614312725,1.343543332144037e-15,4.579669976578771e-16,0.8014999397669921,0.0,-6.325,6.425000000000002,0.1436140661634508,0.1436140661634512,9.375588439303497e-09,2.4093159106480364e-06,0.006020376514039179,0.0059,2.4508783584509254e-06,0.005755162335145099,0.0058000000000000005,0.25,0.0,0.12772868375732965,0.0
2679,2.6790000000000003,2.68,-4.369960569446063,5.004164261665293,0.31710184610961534,9.374124831111356,-0.10062316797466331,0.19089700646188063,1,1,-4.369960569446063,5.004164261665293,-6.060527348159174,6.181582044477522,0.06052734815917393,12.242109392636696,0.12105469631834818,0.0,0.12105469631834818,0.0,-0.12105469631834818,-0.12105469631834818,0.0,0.0,0.0,0.0,0.0,0.0,0.00012111524384733505,0.0,6.020417503894058,5.755679818705044,7.467984564080155e-16,4.579669976578771e-16,0.8014999397737756,0.0,-6.325,6.425000000000002,0.1436140661634508,0.1436140661634512,9.372669430812644e-09,2.409044568199334e-06,0.006020414403381694,0.0059,2.451841620607631e-06,0.005755633009245338,0.0058000000000000005,0.25,0.0,0.12894530368165227,0.0
2689,2.689,2.69,-4.369890475369571,4.98681332894487,0.30846142678764954,9.356703804314442,-0.1006478243262185,0.16825497194359856,1,1,-4.369890475369571,4.98681332894487,-6.059925090982268,6.179775272946805,0.059925090982268614,12.239700363929073,0.11985018196453665,0.0,0.11985018196453665,0.0,-0.11985018196453665,-0.11985018196453665,0.0,0.0,0.0,0.0,0.0,0.0,0.00011991012703554401,0.0,6.020441719315403,5.756145351863387,1.0022906983542246e-15,4.440892098500626e-16,0.8014999397806798,0.0,-6.325,6.425000000000002,0.1436140661634508,0.1436140661634512,9.36973999135038e-09,2.4087684032128217e-06,0.006020439849639344,0.0059,2.4528210286600683e-06,0.005756099007419519,0.0058000000000000005,0.25,0.0,0.1301498180354638,0.0
2699,2.699,2.7,-4.369815527586893,4.970899204916384,0.30054183866474515,9.340714732503276,-0.10067204569861404,0.16695655866764025,1,1,-4.369815527586893,4.970899204916384,-6.059328826364398,6.177986479093196,0.05932882636439896,12.237315305457594,0.11865765272879704,0.0,0.11865765272879704,0.0,-0.11865765272879704,-0.11865765272879704,0.0,0.0,0.0,0.0,0.0,0.0,0.00011871700133638197,0.0,6.020453759692629,5.756606260451063,5.993469609499869e-16,4.579669976578771e-16,0.801499939787705,0.0,-6.325,6.425000000000002,0.1436140661634508,0.1436140661634512,9.366799901384986e-09,2.408487396141873e-06,0.006020453096667364,0.0059,2.4538165409238033e-06,0.0057565603763777,0.0058000000000000005,0.25,0.0,0.13134234727120342,0.0
2709,2.709,2.71,-4.36973692389721,4.956591992703583,0.2934275344031865,9.326328916600794,-0.10069520092044704,0.1658937597363183,1,1,-4.36973692389721,4.956591992703583,-6.0587384946786065,6.176215484035818,0.05873849467860559,12.234953978714424,0.11747698935721203,0.0,0.11747698935721203,0.0,-0.11747698935721203,-0.11747698935721203,0.0,0.0,0.0,0.0,0.0,0.0,0.00011753574743628472,0.0,6.020453864899283,5.757062590666403,8.586881206085195e-17,4.3021142204224816e-16,0.8014999397948517,0.0,-6.325,6.425000000000002,0.1436140661634508,0.1436140661634512,9.363849009311911e-09,2.4082015285811744e-06,0.006020454384698866,0.0059,2.4548281114489256e-06,0.005757017162364505,0.0058000000000000005,0.25,0.0,0.1325230106427884,0.0
2719,2.719,2.72,-4.369655984830896,4.9429788743995156,0.2866614447843099,9.31263485923041,-0.10071672082272665,0.14982061902589272,1,1,-4.369655984830896,4.9429788743995156,-6.05815403689123,6.174462110673691,0.058154036891230554,12.23261614756492,0.11630807378246057,0.0,0.11630807378246057,0.0,-0.11630807378246057,-0.11630807378246057,0.0,0.0,0.0,0.0,0.0,0.0,0.00011636624720887791,0.0,6.020442271239506,5.757514388247351,1.2429293705373823e-15,4.579669976578771e-16,0.8014999398021203,0.0,-6.325,6.425000000000002,0.1436140661634508,0.1436140661634512,9.360887211027731e-09,2.4079107831890075e-06,0.006020443950392794,0.0059,2.4558556900977638e-06,0.005757469411163713,0.0058000000000000005,0.25,0.0,0.1336919262175399,0.0
2729,2.729,2.73,-4.369574063540531,4.93004589980239,0.2802359181309293,9.29961996334292,-0.10073614160901023,0.1498926522024155,1,1,-4.369574063540531,4.93004589980239,-6.057575394556006,6.172726183668017,0.05757539455600558,12.230301578224022,0.11515078911201106,0.0,0.11515078911201106,0.0,-0.11515078911201106,-0.11515078911201106,0.0,0.0,0.0,0.0,0.0,0.0,0.00011520838370316417,0.0,6.020419211495329,5.757961698476006,5.343083831280127e-16,4.85722573273506e-16,0.8014999398095113,0.0,-6.325,6.425000000000002,0.1436140661634508,0.1436140661634512,9.35791443706136e-09,2.4076151436428396e-06,0.006020422026881278,0.0059,2.456899222755826e-06,0.0057579171681027995,0.0058000000000000005,0.25,0.0,0.13484921088798943,0.0
2739,2.739,2.74,-4.369492467920873,4.918270956926683,0.27438924450290525,9.287763424847556,-0.10075312314195423,0.14992626197268377,1,1,-4.369492467920873,4.918270956926683,-6.057002509808216,6.171007529424648,0.05700250980821586,12.228010039232863,0.11400501961643207,0.0,0.11400501961643207,0.0,-0.11400501961643207,-0.11400501961643207,0.0,0.0,0.0,0.0,0.0,0.0,0.00011406204113182807,0.0,6.020384914973382,5.7584045661831125,8.619136220716639e-16,5.134781488891349e-16,0.8014999398170249,0.0,-6.325,6.425000000000002,0.1436140661634508,0.1436140661634512,9.354930644108517e-09,2.407314594550508e-06,0.006020388843816403,0.0059,2.4579586514783534e-06,0.005758360478057449,0.0058000000000000005,0.25,0.0,0.13599498038356844,0.0
2749,2.749,2.75,-4.369412403519209,4.907473036948347,0.2690303167145691,9.276885440467556,-0.10076744784616204,0.1499296823642557,1,1,-4.369412403519209,4.907473036948347,-6.05643532535891,6.169305976076728,0.05643532535890916,12.225741301435638,0.11287065071781921,0.0,0.11287065071781921,0.0,-0.11287065071781921,-0.11287065071781921,0.0,0.0,0.0,0.0,0.0,0.0,0.00011292710485965714,0.0,6.020339607551024,5.758843035752528,1.136325191927745e-15,4.996003610813204e-16,0.8014999398246618,0.0,-6.325,6.425000000000002,0.1436140661634508,0.1436140661634512,9.351935809250716e-09,2.4070091214146903e-06,0.006020344627416395,0.0059,2.459033914674613e-06,0.005758799385456006,0.0058000000000000005,0.25,0.0,0.1371293492821813,0.0
2759,2.759,2.7600000000000002,-4.369334938177285,4.8972899830611984,0.26397752244195694,9.266624921238483,-0.10077900757298253,0.13773334510541607,1,1,-4.369334938177285,4.8972899830611984,-6.055873784489169,6.167621353467506,0.0558737844891688,12.223495137956675,0.1117475689783373,0.0,0.1117475689783373,0.0,-0.1117475689783373,-0.1117475689783373,0.0,0.0,0.0,0.0,0.0,0.0,0.0001118034613920784,0.0,6.0202835117218925,5.759277151125631,8.756558846079177e-16,5.134781488891349e-16,0.8014999398324221,0.0,-6.325,6.425000000000002,0.1436140661634508,0.1436140661634512,9.348929925873739e-09,2.4066987105685153e-06,0.006020289600511232,0.0059,2.4601249472988586e-06,0.005759233934283898,0.0058000000000000005,0.25,0.0,0.1382524310216632,0.0
2769,2.769,2.77,-4.369260985320302,4.887271670598039,0.2590053426388681,9.256532655918342,-0.10078778467384725,0.13812961327894585,1,1,-4.369260985320302,4.887271670598039,-6.055317831044438,6.165953493133315,0.055317831044438215,12.221271324177753,0.11063566208887655,0.0,0.11063566208887655,0.0,-0.11063566208887655,-0.11063566208887655,0.0,0.0,0.0,0.0,0.0,0.0,0.00011069099836380876,0.0,6.0202168466408965,5.759706955805696,9.402201239794294e-16,5.412337245047638e-16,0.8014999398403061,0.0,-6.325,6.425000000000002,0.1436140661634508,0.1436140661634512,9.345913000697586e-09,2.4063833491555745e-06,0.006020223982587683,0.0059,2.4612316810346257e-06,0.005759664168088015,0.0058000000000000005,0.25,0.0,0.139364337911124,0.0
2779,2.779,2.7800000000000002,-4.3691913013800665,4.877988091479574,0.2543983950497539,9.24717939285964,-0.10079383164724481,0.13845536739364006,1,1,-4.3691913013800665,4.877988091479574,-6.054767409428911,6.164302228286732,0.05476740942891034,12.219069637715643,0.10953481885782136,0.0,0.10953481885782136,0.0,-0.10953481885782136,-0.10953481885782136,0.0,0.0,0.0,0.0,0.0,0.0,0.0001095896045276183,0.0,6.020139828168634,5.760132492862208,1.4432899320127035e-15,5.412337245047638e-16,0.8014999398483141,0.0,-6.325,6.425000000000002,0.1436140661634508,0.1436140661634512,9.342885051554896e-09,2.4060630250943973e-06,0.0060201479898338,0.0059,2.462354044505677e-06,0.005760090129981028,0.0058000000000000005,0.25,0.0,0.14046518114217918,0.0
2789,2.789,2.79,-4.369126492885732,4.869342738408197,0.25010812276123273,9.23846923129393,-0.10079725198435946,0.13872319677563444,1,1,-4.369126492885732,4.869342738408197,-6.054222464599966,6.1626673937998975,0.054222464599965825,12.216889858399863,0.10844492919993129,0.0,0.10844492919993129,0.0,-0.10844492919993129,-0.10844492919993129,0.0,0.0,0.0,0.0,0.0,0.0,0.00010849916974320558,0.0,6.020052668915269,5.760553804935175,1.2244843810779726e-15,5.551115123125783e-16,0.8014999398564466,0.0,-6.325,6.425000000000002,0.1436140661634508,0.1436140661634512,9.339846105687079e-09,2.405737727076231e-06,0.006020061835182826,0.0059,2.463491963475839e-06,0.005760511862645704,0.0058000000000000005,0.25,0.0,0.14155507080006927,0.0
2799,2.799,2.8000000000000003,-4.36906702946447,4.861257085090547,0.2460950278130385,9.230324114555017,-0.10079818353697784,0.1389430748776757,1,1,-4.36906702946447,4.861257085090547,-6.053682942062666,6.161048826187999,0.05368294206266633,12.214731768250665,0.10736588412533228,0.0,0.10736588412533228,0.0,-0.10736588412533228,-0.10736588412533228,0.0,0.0,0.0,0.0,0.0,0.0,0.00010741958496618345,0.0,6.019955578283856,5.760970934239363,6.323067069935462e-16,5.967448757360216e-16,0.8014999398647037,0.0,-6.325,6.425000000000002,0.1436140661634508,0.1436140661634512,9.336796198407638e-09,2.4054074445872435e-06,0.006019965728356598,0.0059,2.4646453610710493e-06,0.005760929408339137,0.0058000000000000005,0.25,0.0,0.14263411587466832,0.0
2809,2.809,2.81,-4.369013259886891,4.853666399760432,0.2423265699367705,9.222679659647323,-0.10079678487521893,0.13912299292899055,1,1,-4.369013259886891,4.853666399760432,-6.053148787864308,6.159446363592926,0.0531487878643091,12.212595151457235,0.10629757572861767,0.0,0.10629757572861767,0.0,-0.10629757572861767,-0.10629757572861767,0.0,0.0,0.0,0.0,0.0,0.0,0.00010635074223717456,0.0,6.019848762513127,5.761383922568499,9.942133921692076e-16,6.106226635438361e-16,0.8014999398730855,0.0,-6.325,6.425000000000002,0.1436140661634508,0.1436140661634512,9.333735372032027e-09,2.40507216793295e-06,0.0060198598759083665,0.0059,2.4658141579814166e-06,0.005761342808896975,0.0058000000000000005,0.25,0.0,0.14370242427138294,0.0
2819,2.819,2.82,-4.368965429130116,4.846251608423338,0.23864308964661118,9.215217037553455,-0.10079322459765144,0.12942000769522732,1,1,-4.368965429130116,4.846251608423338,-6.052619948589029,6.157859845767086,0.05261994858902863,12.210479794356115,0.10523989717805754,0.0,0.10523989717805754,0.0,-0.10523989717805754,-0.10523989717805754,0.0,0.0,0.0,0.0,0.0,0.0,0.00010529253467101531,0.0,6.01973242471974,5.761792811299455,1.1851820523253731e-15,6.38378239159465e-16,0.8014999398815925,0.0,-6.325,6.425000000000002,0.1436140661634508,0.1436140661634512,9.330663675005482e-09,2.4047318882937227e-06,0.006019744481265108,0.0059,2.4669982726410743e-06,0.005761752105737584,0.0058000000000000005,0.25,0.0,0.1447601028219431,0.0
2829,2.829,2.83,-4.368923695121625,4.839001592507327,0.23503894869285125,9.207925287628953,-0.10078767329500443,0.12974418355911982,1,1,-4.368923695121625,4.839001592507327,-6.052096371352458,6.1562891140573734,0.052096371352457815,12.208385485409831,0.1041927427049154,0.0,0.1041927427049154,0.0,-0.1041927427049154,-0.1041927427049154,0.0,0.0,0.0,0.0,0.0,0.0,0.00010424485644606722,0.0,6.019606764940002,5.762197641396362,7.681301341516678e-16,6.245004513516506e-16,0.8014999398902248,0.0,-6.325,6.425000000000002,0.1436140661634508,0.1436140661634512,9.327581161180854e-09,2.4043865978025076e-06,0.006019619744769309,0.0059,2.468197621485757e-06,0.0057621573398661885,0.0058000000000000005,0.25,0.0,0.14580725729508523,0.0
2839,2.839,2.84,-4.3688881443519705,4.832155246177719,0.2316335509128744,9.20104339052969,-0.10078029776167452,0.1300248948513677,1,1,-4.3688881443519705,4.832155246177719,-6.051578003796436,6.154734011389307,0.05157800379643529,12.206312015185743,0.1031560075928713,0.0,0.1031560075928713,0.0,-0.1031560075928713,-0.1031560075928713,0.0,0.0,0.0,0.0,0.0,0.0,0.0001032076027936347,0.0,6.019471980171083,5.762598453414707,1.1891529427821013e-15,5.828670879282072e-16,0.8014999398989825,0.0,-6.325,6.425000000000002,0.1436140661634508,0.1436140661634512,9.324487889212468e-09,2.4040362896336412e-06,0.006019485863720208,0.0059,2.469412119097125e-06,0.005762558551878956,0.0058000000000000005,0.25,0.0,0.14684399240712928,0.0
2849,2.849,2.85,-4.3688588059211,4.825672378509071,0.2284067862939856,9.194531184430172,-0.10077125703237266,0.13026826595003677,1,1,-4.3688588059211,4.825672378509071,-6.051064794083775,6.153194382251325,0.051064794083774956,12.2042591763351,0.10212958816755018,0.0,0.10212958816755018,0.0,-0.10212958816755018,-0.10212958816755018,0.0,0.0,0.0,0.0,0.0,0.0,0.00010218066998748825,0.0,6.019328264411697,5.76299528750538,1.151300734435201e-15,6.245004513516506e-16,0.8014999399078658,0.0,-6.325,6.425000000000002,0.1436140661634508,0.1436140661634512,9.321383922041337e-09,2.403680958113874e-06,0.006019343032414548,0.0059,2.4706416783915053e-06,0.005762955781967053,0.0058000000000000005,0.25,0.0,0.14787041183245045,0.0
2859,2.859,2.86,-4.368835663840026,4.819518640557521,0.22534148835874745,9.188354304397548,-0.10076069985189035,0.13047941581849826,1,1,-4.368835663840026,4.819518640557521,-6.050556690893077,6.151670072679232,0.05055669089307724,12.202226763572309,0.10111338178615406,0.0,0.10111338178615406,0.0,-0.10111338178615406,-0.10111338178615406,0.0,0.0,0.0,0.0,0.0,0.0,0.00010116395533349134,0.0,6.019175808702285,5.763388183418693,9.558326352632207e-16,6.38378239159465e-16,0.8014999399168747,0.0,-6.325,6.425000000000002,0.1436140661634508,0.1436140661634512,9.318269326453525e-09,2.403320598853375e-06,0.006019191442186809,0.0059,2.4718862108108474e-06,0.005763349069920671,0.0058000000000000005,0.25,0.0,0.14888661821384658,0.0
2869,2.869,2.87,-4.368818667575969,4.813664442054844,0.22242288723943737,9.182483109630812,-0.10074876323772852,0.13066265003815192,1,1,-4.368818667575969,4.813664442054844,-6.050053643413599,6.150160930240797,0.05005364341359897,12.200214573654396,0.10010728682719801,0.0,0.10010728682719801,0.0,-0.10010728682719801,-0.10010728682719801,0.0,0.0,0.0,0.0,0.0,0.0,0.0001001573571593314,0.0,6.019014801164707,5.763777180508342,1.36894076803451e-15,6.522560269672795e-16,0.8014999399260095,0.0,-6.325,6.425000000000002,0.1436140661634508,0.1436140661634512,9.315144172698044e-09,2.4029552088834014e-06,0.00601903128144893,0.0059,2.473145626453732e-06,0.005763738455132993,0.0058000000000000005,0.25,0.0,0.14989271317280264,0.0
2879,2.879,2.88,-4.368807740930098,4.808084106964942,0.21963818301742188,9.176891847895039,-0.10073557185292542,0.13082161091739541,1,1,-4.368807740930098,4.808084106964942,-6.049555601340174,6.148666804020522,0.049555601340173894,12.198222405360696,0.09911120268034769,0.0,0.09911120268034769,0.0,-0.09911120268034769,-0.09911120268034769,0.0,0.0,0.0,0.0,0.0,0.0,9.916077480435211e-05,0.0,6.0192936312307115,5.764610521924656,3.0531133177191805e-16,7.077671781985373e-16,0.80149993993527,0.0,-6.275,6.375000000000001,0.1436140661634507,0.1436140661634507,9.312990390061786e-09,2.40258478681839e-06,0.006019261338522633,0.00595,2.474419834219699e-06,0.005764522579397208,0.00585,0.25,0.0,0.15088879731965302,0.0
2889,2.8890000000000002,2.89,-4.368802789392724,4.802755207731272,0.21697620916927374,9.171557997123996,-0.10072123796164262,0.13095939594573586,1,1,-4.368802789392724,4.802755207731272,-6.049062514868179,6.147187544604538,0.04906251486817936,12.196250059472717,0.09812502973635832,0.0,0.09812502973635832,0.0,-0.09812502973635832,-0.09812502973635832,0.0,0.0,0.0,0.0,0.0,0.0,9.81741086094875e-05,0.0,6.01960936697007,5.765485131907901,2.105954299835844e-15,7.355227538141662e-16,0.8014999399446564,0.0,-6.275,6.375000000000001,0.1436140661634507,0.1436140661634507,9.311071437222081e-09,2.4022093330180493e-06,0.006019578378341541,0.00595,2.475708741902505e-06,0.0057653980635738065,0.00585,0.25,0.0,0.1518749702636424,0.0
2899,2.899,2.9,-4.368803706146004,4.7975001512858455,0.21434822256992092,9.16630385743185,-0.10070586178904106,0.12280008145552829,1,1,-4.368803706146004,4.7975001512858455,-6.048574334688556,6.145723004065671,0.04857433468855721,12.194297338754227,0.09714866937711372,0.0,0.09714866937711372,0.0,-0.09714866937711372,-0.09714866937711372,0.0,0.0,0.0,0.0,0.0,0.0,9.719725990729587e-05,0.0,6.019912187311185,5.7663510479745606,1.5057399771478686e-15,6.661338147750939e-16,0.8014999399541685,0.0,-6.275,6.375000000000001,0.1436140661634507,0.1436140661634507,9.30914191916415e-09,2.4018288497561145e-06,0.0060198824800115815,0.00595,2.477012256292266e-06,0.005766264845116561,0.00585,0.25,0.0,0.15285133062288694,0.0
2909,2.9090000000000003,2.91,-4.3688103768896775,4.792294664223384,0.21174214366685318,9.16110504111306,-0.10068953214998788,0.12300118509733199,1,1,-4.3688103768896775,4.792294664223384,-6.048091011982882,6.144273035948647,0.04809101198288257,12.192364047931529,0.09618202396576432,0.0,0.09618202396576432,0.0,-0.09618202396576432,-0.09618202396576432,0.0,0.0,0.0,0.0,0.0,0.0,9.623013101209293e-05,0.0,6.0202023179763025,5.767208356818612,8.264331059770758e-16,6.245004513516506e-16,0.8014999399638061,0.0,-6.275,6.375000000000001,0.1436140661634507,0.1436140661634507,9.307201934247969e-09,2.4014433413979822e-06,0.006020173869578729,0.00595,2.478330283239849e-06,0.005767123010806337,0.00585,0.25,0.0,0.1538179760342363,0.0
2919,2.919,2.92,-4.3688226834152974,4.7873089893444245,0.20924315296456353,9.156131672759722,-0.10067232781986207,0.12318110581796632,1,1,-4.3688226834152974,4.7873089893444245,-6.047612498418482,6.142837495255445,0.047612498418481586,12.190449993673926,0.09522499683696345,0.0,0.09522499683696345,0.0,-0.09522499683696345,-0.09522499683696345,0.0,0.0,0.0,0.0,0.0,0.0,9.527262521018325e-05,0.0,6.020479981473494,5.768057144270048,8.372751277019308e-16,6.106226635438361e-16,0.8014999399735693,0.0,-6.275,6.375000000000001,0.1436140661634507,0.1436140661634507,9.30525158234294e-09,2.401052814573907e-06,0.006020452769870592,0.00595,2.4796627276857386e-06,0.0057679726465591314,0.00585,0.25,0.0,0.15477500316303716,0.0
2929,2.9290000000000003,2.93,-4.368840499974923,4.782526580088731,0.20684304005690368,9.151367080063654,-0.10065432998071,0.12334287048513054,1,1,-4.368840499974923,4.782526580088731,-6.0471387461436,6.141416238430801,0.047138746143600585,12.1885549845744,0.09427749228720071,0.0,0.09427749228720071,0.0,-0.09427749228720071,-0.09427749228720071,0.0,0.0,0.0,0.0,0.0,0.0,9.432464675018872e-05,0.0,6.020745397138307,5.768897495303456,7.155056712046526e-16,5.689893001203927e-16,0.8014999399834577,0.0,-6.275,6.375000000000001,0.1436140661634507,0.1436140661634507,9.303290964372303e-09,2.400657278349972e-06,0.006020719400538108,0.00595,2.4810094936800197e-06,0.005768813837434687,0.00585,0.25,0.0,0.15572250771279986,0.0
2939,2.939,2.94,-4.368863655255976,4.777931958966201,0.2045341518551127,9.146795614222178,-0.10063567452333139,0.12348992087904076,1,1,-4.368863655255976,4.777931958966201,-6.046669707782615,6.1400091233478475,0.04666970778261614,12.186678831130463,0.09333941556523154,0.0,0.09333941556523154,0.0,-0.09333941556523154,-0.09333941556523154,0.0,0.0,0.0,0.0,0.0,0.0,9.338610083347334e-05,0.0,6.020998781174896,5.769729494046533,1.2984405217686401e-15,5.828670879282072e-16,0.801499939993471,0.0,-6.275,6.375000000000001,0.1436140661634507,0.1436140661634507,9.30132018214775e-09,2.4002567443901856e-06,0.0060209739780967345,0.00595,2.4823704843601747e-06,0.005769646667645013,0.00585,0.25,0.0,0.15666058443476905,0.0
2949,2.949,2.95,-4.36889184122,4.773510518763745,0.2023093387718724,9.142402359983745,-0.10061663110561281,0.1236258360675696,1,1,-4.36889184122,4.773510518763745,-6.046205336431301,6.138616009293903,0.04620533643130109,12.184821345725204,0.092410672862602,0.0,0.092410672862602,0.0,-0.092410672862602,-0.092410672862602,0.0,0.0,0.0,0.0,0.0,0.0,9.245689360466334e-05,0.0,6.021240346696651,5.770553223788502,1.6072213004925118e-15,5.967448757360216e-16,0.8014999400036089,0.0,-6.275,6.375000000000001,0.1436140661634507,0.1436140661634507,9.299339338271536e-09,2.399851227105249e-06,0.006021216715967125,0.00595,2.4837456019310978e-06,0.005770471220562801,0.00585,0.25,0.0,0.1575893271373986,0.0
2959,2.959,2.96,-4.368924510561983,4.769248625605062,0.2001620575215397,9.138173136167044,-0.10059764189446985,0.12375389086694721,1,1,-4.368924510561983,4.769248625605062,-6.045745585652134,6.137236756956402,0.045745585652134046,12.182982342608536,0.09149117130426788,0.0,0.09149117130426788,0.0,-0.09149117130426788,-0.09149117130426788,0.0,0.0,0.0,0.0,0.0,0.0,9.153693214226146e-05,0.0,6.0214703037663435,5.771368766988456,1.4129322711831094e-15,6.245004513516506e-16,0.801499940013871,0.0,-6.275,6.375000000000001,0.1436140661634507,0.1436140661634507,9.297348536055387e-09,2.3994407438013257e-06,0.0060214478245153216,0.00595,2.485134747558515e-06,0.005771287578729785,0.00585,0.25,0.0,0.15850882869573274,0.0
2969,2.969,2.97,-4.368960823301423,4.7651337781240555,0.19808647741131624,9.134094601425478,-0.10057929016825146,0.12387676850169532,1,1,-4.368960823301423,4.7651337781240555,-6.045290409469653,6.13587122840896,0.04529040946965335,12.181161637878613,0.09058081893930707,0.0,0.09058081893930707,0.0,-0.09058081893930707,-0.09058081893930707,0.0,0.0,0.0,0.0,0.0,0.0,9.062612444935484e-05,0.0,6.021688859435763,5.772176205283599,4.149919340459829e-16,6.245004513516506e-16,0.8014999400242567,0.0,-6.275,6.375000000000001,0.1436140661634507,0.1436140661634507,9.295347879443162e-09,2.399025314782184e-06,0.006021667511092439,0.00595,2.4865378213334567e-06,0.005772095823864991,0.00585,0.25,0.0,0.15941918106069355,0.0
2979,2.979,2.98,-4.368999663800908,4.761154695409598,0.19607751580434485,9.130154359210506,-0.100562224686499,0.12399647676212627,1,1,-4.368999663800908,4.761154695409598,-6.044839762365862,6.134519287097587,0.04483976236586251,12.179359049463448,0.08967952473172446,0.0,0.08967952473172446,0.0,-0.08967952473172446,-0.08967952473172446,0.0,0.0,0.0,0.0,0.0,0.0,8.972437944441519e-05,0.0,6.021896217784878,5.772975619497437,8.335346302068558e-16,6.245004513516506e-16,0.8014999400347655,0.0,-6.275,6.375000000000001,0.1436140661634507,0.1436140661634507,9.293337472934279e-09,2.398604963473541e-06,0.006021875980073882,0.00595,2.48795472213903e-06,0.0057728960368729244,0.00585,0.25,0.0,0.16032047526827617,0.0
2989,2.989,2.99,-4.369039711218872,4.757301314169767,0.19413080147544726,9.126341025388639,-0.10054707833348026,0.12411439896703458,1,1,-4.369039711218872,4.757301314169767,-6.044393599275674,6.133180797827022,0.04439359927567388,12.177574397102696,0.0887871985513482,0.0,0.0887871985513482,0.0,-0.0887871985513482,-0.0887871985513482,0.0,0.0,0.0,0.0,0.0,0.0,8.883160695219052e-05,0.0,6.022092579960518,5.773767089647841,6.574601973952099e-16,6.38378239159465e-16,0.8014999400453967,0.0,-6.275,6.375000000000001,0.1436140661634507,0.1436140661634507,9.29131742150791e-09,2.3981797164674693e-06,0.006022073432898064,0.00595,2.489385347514972e-06,0.005773688297851662,0.00585,0.25,0.0,0.16121280144865244,0.0
2998,2.998,2.999,-4.369075603280232,4.753933355228864,0.19242887597431624,9.123008958509097,-0.10053554764759637,0.12421972948309407,1,1,-4.369075603280232,4.753933355228864,-6.043995849441256,6.131987548323767,0.043995849441255785,12.175983397765023,0.08799169888251135,0.0,0.08799169888251135,0.0,-0.08799169888251135,-0.08799169888251135,0.0,0.0,0.0,0.0,0.0,0.0,8.803570940090281e-05,0.0,6.022260068104664,5.774472686100865,1.0434361708000495e-15,6.661338147750939e-16,0.8014999400550687,0.0,-6.275,6.375000000000001,0.1436140661634507,0.1436140661634507,9.289491215912916e-09,2.3977928329234184e-06,0.0060222418857777005,0.00595,2.4906845589844905e-06,0.005774394599305102,0.00585,0.25,0.0,0.16200830111748932,0.0
2999,2.999,3.0,-4.369079533889737,5.169645769303025,0.40028311770664393,9.538725303192763,-0.10053440509790512,2.3284256590998997,1,1,-4.369079533889737,4.753564719067364,-6.043951875582408,6.131855626747225,0.043951875582408206,12.175807502329633,0.08790375116481666,0.0,0.13790375116481668,0.0,-0.08790375116481666,-0.13790375116481668,0.0,0.05,0.0,0.05,0.0,0.0,8.794771769468766e-05,0.0,6.022278144214571,5.72455069495507,8.912006332559286e-16,6.938893903907228e-16,0.8014999400561494,0.0,-6.275,6.375000000000001,0.1436140661634507,0.1436140661634507,9.289287830548687e-09,2.3977496035890157e-06,0.006022260068104665,0.00595,2.4908295935155424e-06,0.0057744726861008655,0.00585,0.3,0.0,0.162096248835184,0.0
3000,3.0,3.001,-4.3690834477114455,5.171361368203188,0.40113896024587126,9.540444815914633,-0.10053329176655745,0.9798984360135062,1,1,-4.3690834477114455,5.171361368203188,-6.068882958171275,6.2066488745138235,0.06888295817127421,12.275531832685099,0.13776591634254923,0.0,0.13776591634254923,0.0,-0.13776591634254923,-0.13776591634254923,0.0,0.0,0.0,0.0,0.0,0.0,0.000137834822267448,0.0,6.022296089516254,5.724578626152182,9.636388909051163e-16,6.938893903907228e-16,0.8014999400572314,0.0,-6.325,6.475000000000001,0.1436140661634508,0.14361406616345074,9.08269552537578e-09,2.397706325924315e-06,0.006022278144214571,0.0059,2.490974763200704e-06,0.00572455069495507,0.00575,0.3,0.0,0.16223408365745146,0.0
3009,3.009,3.0100000000000002,-4.369117683113863,5.171753988612966,0.4013181527495515,9.54087167172683,-0.1005246427498141,0.5503887660681311,1,1,-4.369117683113863,5.171753988612966,-6.068265792957057,6.20479737887117,0.0682657929570567,12.273063171828227,0.13653158591411343,0.0,0.13653158591411343,0.0,-0.13653158591411343,-0.13653158591411343,0.0,0.0,0.0,0.0,0.0,0.0,0.00013659987446802476,0.0,6.02245062340987,5.724828759921085,7.636849052444772e-16,6.938893903907228e-16,0.8014999400670231,0.0,-6.325,6.475000000000001,0.1436140661634508,0.14361406616345074,9.079609420283738e-09,2.3973146579072964e-06,0.006022434069369722,0.0059,2.492287354576295e-06,0.005724801077791131,0.00575,0.3,0.0,0.16346841408588725,0.0
3019,3.019,3.02,-4.369152771976973,5.159438315147781,0.39514277158540434,9.528591087124754,-0.10051809858967198,0.40648190272280726,1,1,-4.369152771976973,5.159438315147781,-6.067586536967889,6.202759610903668,0.06758653696788919,12.270346147871557,0.13517307393577827,0.0,0.13517307393577827,0.0,-0.13517307393577827,-0.13517307393577827,0.0,0.0,0.0,0.0,0.0,0.0,0.00013524068300722514,0.0,6.0226077893478145,5.725104071336823,1.3461454173580023e-15,6.938893903907228e-16,0.8014999400780166,0.0,-6.325,6.475000000000001,0.1436140661634508,0.14361406616345074,9.076204928286303e-09,2.3968749157288422e-06,0.006022592753619717,0.0059,2.4937585233208994e-06,0.005725076663317821,0.00575,0.3,0.0,0.16482692606422242,0.0
3029,3.029,3.0300000000000002,-4.369183533575424,5.140143736495766,0.38548010146017075,9.50932727007119,-0.1005149519231141,0.3026757779780942,1,1,-4.369183533575424,5.140143736495766,-6.06691403968874,6.200742119066222,0.06691403968874088,12.267656158754962,0.13382807937748128,0.0,0.13382807937748128,0.0,-0.13382807937748128,-0.13382807937748128,0.0,0.0,0.0,0.0,0.0,0.0,0.0001338950157274272,0.0,6.022749929667594,5.725376656746987,6.000516923621024e-16,6.938893903907228e-16,0.8014999400891291,0.0,-6.325,6.475000000000001,0.1436140661634508,0.14361406616345074,9.072801253962404e-09,2.3964304165443032e-06,0.00602273638367793,0.0059,2.495242990387947e-06,0.005725349520096895,0.00575,0.3,0.0,0.1661719206225194,0.0
3039,3.039,3.04,-4.369208858643182,5.118125854399416,0.37445849787811714,9.487334713042598,-0.10051526677373773,0.26909751473675,1,1,-4.369208858643182,5.118125854399416,-6.066248233869323,6.198744701607969,0.06624823386932288,12.264992935477292,0.13249646773864585,0.0,0.13249646773864585,0.0,-0.13249646773864585,-0.13249646773864585,0.0,0.0,0.0,0.0,0.0,0.0,0.0001325627380607816,0.0,6.0228773277986605,5.725995495168241,6.904199434387692e-16,6.938893903907228e-16,0.8014999401003594,0.0,-6.325,6.425000000000002,0.1436140661634508,0.1436140661634512,9.06971111018608e-09,2.3959812029573978e-06,0.0060228652433925,0.0059,2.496740644268858e-06,0.00572591892642373,0.0058000000000000005,0.3,0.0,0.16750353226135484,0.0
3049,3.049,3.0500000000000003,-4.369227815786021,5.096398805532164,0.36358549487307146,9.465626621318187,-0.10051900886803716,0.2184787342907049,1,1,-4.369227815786021,5.096398805532164,-6.065589052928499,6.196767158785497,0.06558905292849904,12.262356211713996,0.13117810585699835,0.0,0.13117810585699835,0.0,-0.13117810585699835,-0.13117810585699835,0.0,0.0,0.0,0.0,0.0,0.0,0.00013124371677841135,0.0,6.022990263014332,5.726756992230248,1.082548764172464e-15,6.938893903907228e-16,0.8014999401117064,0.0,-6.325,6.425000000000002,0.1436140661634508,0.1436140661634512,9.066825816131906e-09,2.3955273205738866e-06,0.006022979612449508,0.0059,2.4982513711213626e-06,0.0057266811842299325,0.0058000000000000005,0.3,0.0,0.16882189414300233,0.0
3059,3.059,3.06,-4.369239665208533,5.074241135962259,0.352500735376863,9.443480801170793,-0.10052605194048547,0.2089868919118537,1,1,-4.369239665208533,5.074241135962259,-6.0649364309476255,6.194809292842878,0.06493643094762636,12.259745723790504,0.129872861895252,0.0,0.129872861895252,0.0,-0.129872861895252,-0.129872861895252,0.0,0.0,0.0,0.0,0.0,0.0,0.00012993781997708905,0.0,6.023089010492735,5.727510923637168,1.2906342661267445e-15,6.938893903907228e-16,0.801499940123169,0.0,-6.325,6.425000000000002,0.1436140661634508,0.1436140661634512,9.063931457064278e-09,2.3950688178727912e-06,0.006023079766434306,0.0059,2.4997750546185137e-06,0.0057274358687948385,0.0058000000000000005,0.3,0.0,0.1701271381047487,0.0
3069,3.069,3.0700000000000003,-4.369243895270816,5.054408343159299,0.34258222394424154,9.423652238430115,-0.10053614723925353,0.20235487018893328,1,1,-4.369243895270816,5.054408343159299,-6.064290302663962,6.192870907991884,0.06429030266396119,12.257161210655847,0.1285806053279229,0.0,0.1285806053279229,0.0,-0.1285806053279229,-0.1285806053279229,0.0,0.0,0.0,0.0,0.0,0.0,0.00012864491706604636,0.0,6.0231738413674805,5.72825736483443,4.49293380277993e-16,6.938893903907228e-16,0.8014999401347458,0.0,-6.325,6.425000000000002,0.1436140661634508,0.1436140661634512,9.061027321080959e-09,2.394605746022094e-06,0.006023165976882578,0.0059,2.5013115757532844e-06,0.005728183055639521,0.0058000000000000005,0.3,0.0,0.17141939467207779,0.0
3079,3.079,3.08,-4.369240293334974,5.035033371300542,0.33289653898278404,9.404273664635515,-0.10054887812622898,0.17614707036750749,1,1,-4.369240293334974,5.035033371300542,-6.063650603464138,6.190951810392416,0.06365060346413909,12.254602413856555,0.12730120692827748,0.0,0.12730120692827748,0.0,-0.12730120692827748,-0.12730120692827748,0.0,0.0,0.0,0.0,0.0,0.0,0.00012736487875391475,0.0,6.023245022780629,5.728996390515205,7.485331798839923e-16,6.938893903907228e-16,0.8014999401464354,0.0,-6.325,6.425000000000002,0.1436140661634508,0.1436140661634512,9.05811297574336e-09,2.3941381587077627e-06,0.006023238511333163,0.0059,2.5028608127208864e-06,0.005728922819532038,0.0058000000000000005,0.3,0.0,0.1726987930717232,0.0
3089,3.089,3.09,-4.369229007185736,5.017423855007581,0.32409742391092244,9.386652862193317,-0.10056365936017303,0.17436242395139745,1,1,-4.369229007185736,5.017423855007581,-6.063017269377705,6.189051808133114,0.06301726937770447,12.25206907751082,0.12603453875540957,0.0,0.12603453875540957,0.0,-0.12603453875540957,-0.12603453875540957,0.0,0.0,0.0,0.0,0.0,0.0,0.00012609757703579624,0.0,6.023302817935316,5.7297280746278565,2.230854390106174e-15,6.938893903907228e-16,0.8014999401582367,0.0,-6.325,6.425000000000002,0.1436140661634508,0.1436140661634512,9.05518814664405e-09,2.3936661118917267e-06,0.006023297633380737,0.0059,2.5044226407766603e-06,0.005729655234494901,0.0058000000000000005,0.3,0.0,0.1739654612445911,0.0
3099,3.099,3.1,-4.369210549825625,5.001728554623841,0.3162590023991081,9.370939104449466,-0.10057979457009036,0.17294049610586726,1,1,-4.369210549825625,5.001728554623841,-6.062390237070724,6.187170711212169,0.062390237070722776,12.249560948282893,0.12478047414144636,0.0,0.12478047414144636,0.0,-0.12478047414144636,-0.12478047414144636,0.0,0.0,0.0,0.0,0.0,0.0,0.000124842885180463,0.0,6.0233474861477205,5.730452490383329,8.482797797526587e-16,6.938893903907228e-16,0.8014999401701478,0.0,-6.325,6.425000000000002,0.1436140661634508,0.1436140661634512,9.052252655693205e-09,2.3931896636031502e-06,0.006023343602727857,0.0059,2.505996932109511e-06,0.005730380373812463,0.0058000000000000005,0.3,0.0,0.17521952585855433,0.0
3109,3.109,3.11,-4.369185742216699,4.98629124018461,0.30855274898395546,9.355476982401308,-0.10059655977388449,0.15526790233581667,1,1,-4.369185742216699,4.98629124018461,-6.061769443839441,6.185308331518322,0.06176944383944072,12.247077775357763,0.12353888767888134,0.0,0.12353888767888134,0.0,-0.12353888767888134,-0.12353888767888134,0.0,0.0,0.0,0.0,0.0,0.0,0.0001236006777176839,0.0,6.023379282898385,5.731169710262452,3.243119748447265e-16,7.355227538141662e-16,0.8014999401821675,0.0,-6.325,6.425000000000002,0.1436140661634508,0.1436140661634512,9.049306387497574e-09,2.3927088736742017e-06,0.006023376675236336,0.0059,2.507583555755311e-06,0.00573109831003824,0.0058000000000000005,0.3,0.0,0.17646111232111938,0.0
3119,3.119,3.12,-4.369155618894445,4.972289133820948,0.30156675746325146,9.341444752715393,-0.10061327852998042,0.1553142968650456,1,1,-4.369155618894445,4.972289133820948,-6.061154827604017,6.18346448281205,0.06115482760401658,12.244619310416066,0.12230965520803361,0.0,0.12230965520803361,0.0,-0.12230965520803361,-0.12230965520803361,0.0,0.0,0.0,0.0,0.0,0.0,0.00012237083042567742,0.0,6.0233984598829045,5.731879806023179,1.6904880273393985e-15,7.494005416219807e-16,0.8014999401942943,0.0,-6.325,6.425000000000002,0.1436140661634508,0.1436140661634512,9.046349269928801e-09,2.3922238034691578e-06,0.006023397102978002,0.0059,2.5091823775302837e-06,0.0057318091150021545,0.0058000000000000005,0.3,0.0,0.17769034479196713,0.0
3129,3.129,3.13,-4.36912132583108,4.959623141352435,0.29525090776067753,9.328744467183515,-0.10062937187778842,0.1553259055294795,1,1,-4.36912132583108,4.959623141352435,-6.060546326902316,6.181638980706947,0.06054632690231543,12.242185307609263,0.12109265380463173,0.0,0.12109265380463173,0.0,-0.12109265380463173,-0.12109265380463173,0.0,0.0,0.0,0.0,0.0,0.0,0.00012115322031868957,0.0,6.023405265061978,5.732582848707759,1.2755367508748838e-15,7.355227538141662e-16,0.8014999402065265,0.0,-6.325,6.425000000000002,0.1436140661634508,0.1436140661634512,9.043381262279708e-09,2.391734515644598e-06,0.006023405134284809,0.0059,2.5107932599843785e-06,0.005732512859817697,0.0058000000000000005,0.3,0.0,0.178907346195369,0.0
3139,3.1390000000000002,3.14,-4.369084030751828,4.947884421383007,0.2894001953155896,9.316968452134834,-0.10064438155041044,0.14174582352098786,1,1,-4.369084030751828,4.947884421383007,-6.059943880883761,6.179831642651282,0.05994388088376024,12.239775523535043,0.1198877617675212,0.0,0.1198877617675212,0.0,-0.1198877617675212,-0.1198877617675212,0.0,0.0,0.0,0.0,0.0,0.0,0.00011994772563469493,0.0,6.023399942710835,5.733278908649808,1.0330278299441886e-15,6.938893903907228e-16,0.8014999402188625,0.0,-6.325,6.425000000000002,0.1436140661634508,0.1436140661634512,9.04040234768588e-09,2.391241073860743e-06,0.006023401013798327,0.0059,2.512416062376843e-06,0.005733209614889036,0.0058000000000000005,0.3,0.0,0.1801122382324795,0.0
3149,3.149,3.15,-4.36904485508989,4.936310461587906,0.2836328032490081,9.305355316677797,-0.10065797242680169,0.14230272080862028,1,1,-4.36904485508989,4.936310461587906,-6.059347429303247,6.178042287909741,0.05934742930324699,12.237389717212988,0.11869485860649423,0.0,0.11869485860649423,0.0,-0.11869485860649423,-0.11869485860649423,0.0,0.0,0.0,0.0,0.0,0.0,0.00011875422582322054,0.0,6.023382733468058,5.733968055481355,2.0088097851811426e-15,7.216449660063518e-16,0.8014999402313008,0.0,-6.325,6.425000000000002,0.1436140661634508,0.1436140661634512,9.03741252805461e-09,2.390743542512783e-06,0.006023384982518623,0.0059,2.514050640680665e-06,0.005733899449918043,0.0058000000000000005,0.3,0.0,0.18130514139350648,0.0
3159,3.1590000000000003,3.16,-4.36900482884694,4.925689909207658,0.278342540180359,9.294694738054599,-0.10066992185693346,0.14276092004199908,1,1,-4.36900482884694,4.925689909207658,-6.05875691251512,6.1762707375453605,0.05875691251512016,12.23502765006048,0.11751382503024062,0.0,0.11751382503024062,0.0,-0.11751382503024062,-0.11751382503024062,0.0,0.0,0.0,0.0,0.0,0.0,0.00011757260153329065,0.0,6.023353874383776,5.734650358139774,4.0528832460223763e-16,6.522560269672795e-16,0.8014999402438396,0.0,-6.325,6.425000000000002,0.1436140661634508,0.1436140661634512,9.034411820529386e-09,2.3902419864777482e-06,0.0060233572778525205,0.0059,2.515696847644744e-06,0.005734582433911249,0.0058000000000000005,0.3,0.0,0.18248617496976002,0.0
3169,3.169,3.17,-4.368964865379539,4.9158798787020075,0.27345750666123436,9.284844744081546,-0.1006801023673698,0.14314042129917492,1,1,-4.368964865379539,4.9158798787020075,-6.0581722714672095,6.1745168144016285,0.05817227146720949,12.232689085868838,0.11634454293441854,0.0,0.11634454293441854,0.0,-0.11634454293441854,-0.11634454293441854,0.0,0.0,0.0,0.0,0.0,0.0,0.00011640273460149158,0.0,6.023313598967274,5.735325884874681,1.2385925618474403e-15,6.106226635438361e-16,0.8014999402564775,0.0,-6.325,6.425000000000002,0.1436140661634508,0.1436140661634512,9.03140025493075e-09,2.3897364708680353e-06,0.006023318133661262,0.0059,2.5173545328116554e-06,0.0057352586351867366,0.0058000000000000005,0.3,0.0,0.18365545706558206,0.0
3179,3.1790000000000003,3.18,-4.368925751564897,4.906767466038478,0.2689208572367905,9.275693217603376,-0.10068846232793832,0.1434564433119384,1,1,-4.368925751564897,4.906767466038478,-6.057593447694922,6.172780343084765,0.05759344769492181,12.230373790779687,0.11518689538984402,0.0,0.11518689538984402,0.0,-0.11518689538984402,-0.11518689538984402,0.0,0.0,0.0,0.0,0.0,0.0,0.00011524450804015526,0.0,6.023262137233992,5.735994703254743,8.176375158527871e-16,6.245004513516506e-16,0.8014999402692128,0.0,-6.325,6.425000000000002,0.1436140661634508,0.1436140661634512,9.028377871840492e-09,2.3892270608071456e-06,0.006023267780307577,0.0059,2.5190235426686415e-06,0.0057359281213809595,0.0058000000000000005,0.3,0.0,0.1848131046101566,0.0
3189,3.189,3.19,-4.368888148772108,4.898119206714756,0.2646155289713241,9.267007355486864,-0.10069500737329151,0.13281161360587684,1,1,-4.368888148772108,4.898119206714756,-6.0570203833153995,6.171061149946197,0.057020383315398604,12.228081533261596,0.11404076663079789,0.0,0.11404076663079789,0.0,-0.11404076663079789,-0.11404076663079789,0.0,0.0,0.0,0.0,0.0,0.0,0.00011409780602566039,0.0,6.023199715751961,5.736656880174422,5.022024462952857e-16,6.245004513516506e-16,0.8014999402820437,0.0,-6.325,6.425000000000002,0.1436140661634508,0.1436140661634512,9.025344721123763e-09,2.3887138212031987e-06,0.00602320644470216,0.0059,2.520703720700901e-06,0.005736590959455503,0.0058000000000000005,0.3,0.0,0.18595923336920273,0.0
3199,3.1990000000000003,3.2,-4.368852600743583,4.889515553026241,0.2603314761413289,9.258368153769824,-0.10069978403079938,0.13331747976433994,1,1,-4.368852600743583,4.889515553026241,-6.056453021021725,6.169359063065174,0.056453021021724226,12.225812084086899,0.11290604204344913,0.0,0.11290604204344913,0.0,-0.11290604204344913,-0.11290604204344913,0.0,0.0,0.0,0.0,0.0,0.0,0.0001129625138868499,0.0,6.023126557687625,5.737312481860673,1.7659484985443896e-15,5.967448757360216e-16,0.8014999402949688,0.0,-6.325,6.425000000000002,0.1436140661634508,0.1436140661634512,9.022300860758889e-09,2.3881968165757365e-06,0.0060231343503495734,0.0059,2.5223949075825482e-06,0.005737247215703769,0.0058000000000000005,0.3,0.0,0.18709395795655145,0.0
3209,3.209,3.21,-4.368819545379595,4.881454257137616,0.2563173558790104,9.25027380251721,-0.1007028661170492,0.1337568241887943,1,1,-4.368819545379595,4.881454257137616,-6.055891304077196,6.1676739122315904,0.05589130407719711,12.223565216308787,0.11178260815439339,0.0,0.11178260815439339,0.0,-0.11178260815439339,-0.11178260815439339,0.0,0.0,0.0,0.0,0.0,0.0,0.00011183851809356383,0.0,6.023042882851129,5.737961573879543,1.6858801681063351e-15,5.551115123125783e-16,0.8014999403079864,0.0,-6.325,6.425000000000002,0.1436140661634508,0.1436140661634512,9.019246355889717e-09,2.3876761108803107e-06,0.006023051717393566,0.0059,2.5240969413276026e-06,0.005737896955757605,0.0058000000000000005,0.3,0.0,0.18821739184560715,0.0
3219,3.219,3.22,-4.3687893282661685,4.873872039026039,0.25254135537993516,9.242661367292207,-0.10070434393488092,0.13414009143919187,1,1,-4.3687893282661685,4.873872039026039,-6.055335176309653,6.166005528928958,0.05533517630965257,12.22134070523861,0.11067035261930555,0.0,0.11067035261930555,0.0,-0.11067035261930555,-0.11067035261930555,0.0,0.0,0.0,0.0,0.0,0.0,0.00011072570624528618,0.0,6.022948907741007,5.738604221142738,8.28249144615989e-16,5.273559366969494e-16,0.8014999403210951,0.0,-6.325,6.425000000000002,0.1436140661634508,0.1436140661634512,9.016181278043357e-09,2.3871517673907963e-06,0.0060229587626618375,0.0059,2.5258096574765075e-06,0.005738540244593856,0.0058000000000000005,0.3,0.0,0.18932964738069497,0.0
3229,3.229,3.23,-4.368762216491972,4.8667162857829895,0.2489770346455087,9.235478502274962,-0.10070431602245716,0.13447575729371886,1,1,-4.368762216491972,4.8667162857829895,-6.054784582105852,6.164353746317558,0.05478458210585302,12.21913832842341,0.10956916421170526,0.0,0.10956916421170526,0.0,-0.10956916421170526,-0.10956916421170526,0.0,0.0,0.0,0.0,0.0,0.0,0.00010962396705990479,0.0,6.022844845588326,5.739240487914114,2.1815367437852395e-15,4.996003610813204e-16,0.801499940334293,0.0,-6.325,6.425000000000002,0.1436140661634508,0.1436140661634512,9.013105704473957e-09,2.38662384858171e-06,0.006022855699710231,0.0059,2.527532889295969e-06,0.005739177146540871,0.0058000000000000005,0.3,0.0,0.19043083578829523,0.0
3239,3.239,3.24,-4.368738411841542,4.859942785390277,0.2456021867743674,9.228681197231818,-0.10070288308485636,0.13477076118705522,1,1,-4.368738411841542,4.859942785390277,-6.0542394664059165,6.162718399217751,0.05423946640591737,12.216957865623668,0.10847893281183409,0.0,0.10847893281183409,0.0,-0.10847893281183409,-0.10847893281183409,0.0,0.0,0.0,0.0,0.0,0.0,0.00010853319036258301,0.0,6.022730906400287,5.739870437816091,6.149594722337781e-16,5.134781488891349e-16,0.8014999403475788,0.0,-6.325,6.425000000000002,0.1436140661634508,0.1436140661634512,9.010019717604768e-09,2.3860924160660346e-06,0.006022742738866395,0.0059,2.529266468005442e-06,0.005739807725284928,0.0058000000000000005,0.3,0.0,0.19152106718816642,0.0
3249,3.249,3.25,-4.368718062844779,4.853514028060926,0.24239798260807355,9.222232090905704,-0.1007001437116023,0.1350308311111248,1,1,-4.368718062844779,4.853514028060926,-6.053699774697822,6.161099324093465,0.05369977469782139,12.214799098791287,0.10739954939564351,0.0,0.10739954939564351,0.0,-0.10739954939564351,-0.10739954939564351,0.0,0.0,0.0,0.0,0.0,0.0,0.00010745326707474213,0.0,6.022607297003271,5.740494133836038,1.960237527853792e-16,4.85722573273506e-16,0.801499940360951,0.0,-6.325,6.425000000000002,0.1436140661634508,0.1436140661634512,9.006923404548411e-09,2.385557530555256e-06,0.006022620087272861,0.0059,2.5310102230213794e-06,0.005740432043876615,0.0058000000000000005,0.3,0.0,0.19260045060435696,0.0
3259,3.259,3.2600000000000002,-4.36870127543384,4.84721136203266,0.23925504329940983,9.215912637466499,-0.10069619150668507,0.12621217841473797,1,1,-4.36870127543384,4.84721136203266,-6.053165453011946,6.159496359035838,0.053165453011946084,12.212661812047784,0.1063309060238924,0.0,0.1063309060238924,0.0,-0.1063309060238924,-0.1063309060238924,0.0,0.0,0.0,0.0,0.0,0.0,0.00010638408920315338,0.0,6.022474221085341,5.741111638332563,7.615436059538183e-16,4.579669976578771e-16,0.8014999403744079,0.0,-6.325,6.425000000000002,0.1436140661634508,0.1436140661634512,9.003816856690549e-09,2.3850192518549176e-06,0.006022487948929632,0.0059,2.5327639821615124e-06,0.0057410501647371355,0.0058000000000000005,0.3,0.0,0.19366909397610804,0.0
3269,3.269,3.27,-4.368688122137042,4.840972618027073,0.23614224794501526,9.209660740164114,-0.10069111330402253,0.1265488428274092,1,1,-4.368688122137042,4.840972618027073,-6.052636447915677,6.15790934374703,0.052636447915676676,12.210545791662707,0.10527289583135309,0.0,0.10527289583135309,0.0,-0.10527289583135309,-0.10527289583135309,0.0,0.0,0.0,0.0,0.0,0.0,0.00010532554982913867,0.0,6.02233187923823,5.741723013041768,1.074674745894788e-15,4.579669976578771e-16,0.8014999403879481,0.0,-6.325,6.425000000000002,0.1436140661634508,0.1436140661634512,9.000700169325772e-09,2.3844776388957087e-06,0.006022346524736198,0.0059,2.5345275719601544e-06,0.005741662149664561,0.0058000000000000005,0.3,0.0,0.19472710416864736,0.0
3279,3.279,3.2800000000000002,-4.368678649850582,4.835025760511969,0.23317355533069328,9.203704410362551,-0.10068498819492955,0.12685179837595262,1,1,-4.368678649850582,4.835025760511969,-6.052112706508063,6.156338119524187,0.05211270650806199,12.20845082603225,0.10422541301612463,0.0,0.10422541301612463,0.0,-0.10422541301612463,-0.10422541301612463,0.0,0.0,0.0,0.0,0.0,0.0,0.00010427754309787847,0.0,6.022180468998787,5.742328319083428,2.136311960665438e-15,4.85722573273506e-16,0.8014999404015704,0.0,-6.325,6.425000000000002,0.1436140661634508,0.1436140661634512,8.9975734413371e-09,2.383932749786755e-06,0.006022196012533046,0.0059,2.5363008178524993e-06,0.005742268059840025,0.0058000000000000005,0.3,0.0,0.19577458698387584,0.0
3289,3.289,3.29,-4.3686728862928454,4.829345844196576,0.23033647895186515,9.198018730489421,-0.10067788714652609,0.12712510393944138,1,1,-4.3686728862928454,4.829345844196576,-6.051594176414526,6.154782529243579,0.05159417641452624,12.206376705658105,0.10318835282905257,0.0,0.10318835282905257,0.0,-0.10318835282905257,-0.10318835282905257,0.0,0.0,0.0,0.0,0.0,0.0,0.0001032399642078263,0.0,6.022020184889926,5.742927616967124,1.0009354456386177e-15,5.134781488891349e-16,0.8014999404152731,0.0,-6.325,6.425000000000002,0.1436140661634508,0.1436140661634512,8.994436774912394e-09,2.383384641908877e-06,0.006022036607142656,0.0059,2.5380835444521745e-06,0.005742867955833851,0.0058000000000000005,0.3,0.0,0.19681164717094793,0.0
3299,3.299,3.3000000000000003,-4.368670845278226,4.823911098769457,0.22762012674561571,9.192581944047683,-0.10066987303689462,0.1273722288526577,1,1,-4.368670845278226,4.823911098769457,-6.051080805781627,6.153242417344881,0.05108080578162699,12.204323223126508,0.102161611563254,0.0,0.102161611563254,0.0,-0.102161611563254,-0.102161611563254,0.0,0.0,0.0,0.0,0.0,0.0,0.00010221270940022848,0.0,6.0218512184610375,5.743520966598302,1.2585418818211735e-15,5.134781488891349e-16,0.8014999404290548,0.0,-6.325,6.425000000000002,0.1436140661634508,0.1436140661634512,8.991290275292273e-09,2.382833372054477e-06,0.006021868500409964,0.0059,2.539875575791051e-06,0.005743461897611629,0.0058000000000000005,0.3,0.0,0.1978383884367465,0.0
3309,3.309,3.31,-4.368672530958754,4.818702408029852,0.22501493853554866,9.187374938988606,-0.10066100097270908,0.1275961535216058,1,1,-4.368672530958754,4.818702408029852,-6.0505725432718735,6.151717629815621,0.05057254327187355,12.202290173087494,0.10114508654374668,0.0,0.10114508654374668,0.0,-0.10114508654374668,-0.10114508654374668,0.0,0.0,0.0,0.0,0.0,0.0,0.00010119567594874822,0.0,6.021673758327914,5.744108427284289,1.1490103573458255e-15,4.440892098500626e-16,0.8014999404429142,0.0,-6.325,6.425000000000002,0.1436140661634508,0.1436140661634512,8.988134050545232e-09,2.382278996536344e-06,0.0060216918812423465,0.0059,2.5416767355612713e-06,0.0057440499445402275,0.0058000000000000005,0.3,0.0,0.19885491345625375,0.0
3319,3.319,3.3200000000000003,-4.368677941180321,4.813702891260679,0.2225124750401788,9.182380832441,-0.10065131878784023,0.1277994503935162,1,1,-4.368677941180321,4.813702891260679,-6.050069338058591,6.150208014175772,0.050069338058590596,12.200277352234362,0.10013867611718162,0.0,0.10013867611718162,0.0,-0.10013867611718162,-0.10013867611718162,0.0,0.0,0.0,0.0,0.0,0.0,0.00010018876214919286,0.0,6.021487990212181,5.744690057740242,1.6037518535405582e-15,4.579669976578771e-16,0.8014999404568498,0.0,-6.325,6.425000000000002,0.1436140661634508,0.1436140661634512,8.984968211366405e-09,2.3817215713808286e-06,0.006021506935649078,0.0059,2.543486847301768e-06,0.005744632155393758,0.0058000000000000005,0.3,0.0,0.19986132388281883,0.0
3329,3.329,3.33,-4.368687070091263,4.808897563811444,0.22010524686009036,9.177584633902708,-0.10064086764771774,0.12798434957426746,1,1,-4.368687070091263,4.808897563811444,-6.049571139820839,6.148713419462516,0.04957113982083872,12.198284559283355,0.09914227964167746,0.0,0.09914227964167746,0.0,-0.09914227964167746,-0.09914227964167746,0.0,0.0,0.0,0.0,0.0,0.0,9.919186730934334e-05,0.0,6.021742301169501,5.745714120284337,4.2747381155672226e-16,4.440892098500626e-16,0.8014999404708603,0.0,-6.275,6.375000000000001,0.1436140661634507,0.1436140661634507,8.982776566965402e-09,2.381161152503261e-06,0.006021712449573389,0.00595,2.545305734622527e-06,0.005745607191152531,0.00585,0.3,0.0,0.20085772035832297,0.0
3339,3.339,3.34,-4.3686999101281385,4.804273059657068,0.21778657476446472,9.172972969785206,-0.10062968270483502,0.12815279235439458,1,1,-4.3686999101281385,4.804273059657068,-6.0490778987383775,6.147233696215134,0.04907789873837842,12.196311594953512,0.09815579747675632,0.0,0.09815579747675632,0.0,-0.09815579747675632,-0.09815579747675632,0.0,0.0,0.0,0.0,0.0,0.0,9.820489173888493e-05,0.0,6.022033756917454,5.746777558133024,2.2004967292765798e-15,4.440892098500626e-16,0.8014999404849441,0.0,-6.275,6.375000000000001,0.1436140661634507,0.1436140661634507,8.980821015666649e-09,2.38059779590557e-06,0.006022005185594334,0.00595,2.54713322140665e-06,0.005746671691672294,0.00585,0.3,0.0,0.20184420252324412,0.0
3349,3.349,3.35,-4.368716453489036,4.799805578734339,0.21554456262265154,9.168522032223375,-0.1006177937667252,0.1205032324038488,1,1,-4.368716453489036,4.799805578734339,-6.048589565486689,6.1457686964600695,0.048589565486690134,12.194358261946759,0.09717913097337959,0.0,0.09717913097337959,0.0,-0.09717913097337959,-0.09717913097337959,0.0,0.0,0.0,0.0,0.0,0.0,9.722773673943806e-05,0.0,6.022312534055921,5.747830427589245,3.648611360956844e-16,3.7470027081099033e-16,0.8014999404991,0.0,-6.275,6.375000000000001,0.1436140661634507,0.1436140661634507,8.97885570623761e-09,2.380031557891665e-06,0.006022285220486966,0.00595,2.5489691319147134e-06,0.005747725613212181,0.00585,0.3,0.0,0.20282086902662078,0.0
3359,3.359,3.36,-4.368736693189606,4.795232584957699,0.21324794588404616,9.163969278147306,-0.10060522595140259,0.12070813696511168,1,1,-4.368736693189606,4.795232584957699,-6.048106091232042,6.144318273696125,0.04810609123204124,12.192424364928167,0.0962121824640831,0.0,0.0962121824640831,0.0,-0.0962121824640831,-0.0962121824640831,0.0,0.0,0.0,0.0,0.0,0.0,9.626030459468853e-05,0.0,6.022578856002028,5.748872833945608,5.750608322863116e-16,4.0245584642661925e-16,0.8014999405133266,0.0,-6.275,6.375000000000001,0.1436140661634507,0.1436140661634507,8.976880764561794e-09,2.3794624952672773e-06,0.006022552777989809,0.00595,2.550813290986831e-06,0.005748769061170368,0.00585,0.3,0.0,0.2037878175359173,0.0
3369,3.369,3.37,-4.3687606235393766,4.790822416690424,0.21103089657552365,9.159583040229801,-0.10059200088918918,0.12089722093444444,1,1,-4.3687606235393766,4.790822416690424,-6.0476274276266055,6.142882282879815,0.04762742762660466,12.19050971050642,0.09525485525321008,0.0,0.09525485525321008,0.0,-0.09525485525321008,-0.09525485525321008,0.0,0.0,0.0,0.0,0.0,0.0,9.530249856061565e-05,0.0,6.022832942981889,5.749904881444779,1.7832957333041577e-15,3.7470027081099033e-16,0.8014999405276223,0.0,-6.275,6.375000000000001,0.1436140661634507,0.1436140661634507,8.974896318056591e-09,2.378890665550902e-06,0.006022808078646205,0.00595,2.5526655241092656e-06,0.005749802139894044,0.00585,0.3,0.0,0.2047451447467903,0.0
3379,3.379,3.38,-4.3687882339962805,4.786564441250578,0.2088881036271486,9.155352675246858,-0.10057814886998112,0.12107263086809289,1,1,-4.3687882339962805,4.786564441250578,-6.047153526803621,6.141460580410863,0.04715352680362095,12.188614107214484,0.09430705360724168,0.0,0.09430705360724168,0.0,-0.09430705360724168,-0.09430705360724168,0.0,0.0,0.0,0.0,0.0,0.0,9.435422285581782e-05,0.0,6.023075012072003,5.750926673289938,1.4892601041260889e-15,3.3306690738754696e-16,0.8014999405419858,0.0,-6.275,6.375000000000001,0.1436140661634507,0.1436140661634507,8.972902495170116e-09,2.3783161271714186e-06,0.0060230513398457685,0.00595,2.55452565751213e-06,0.005750824952689872,0.00585,0.3,0.0,0.20569294639275865,0.0
3389,3.3890000000000002,3.39,-4.368819469115298,4.7824482507694706,0.2068143908270863,9.151267719884768,-0.10056376076697848,0.12123706574405535,1,1,-4.368819469115298,4.7824482507694706,-6.046684341372612,6.140053024117836,0.046684341372611904,12.186737365490448,0.09336868274522349,0.0,0.09336868274522349,0.0,-0.09336868274522349,-0.09336868274522349,0.0,0.0,0.0,0.0,0.0,0.0,9.341538265193438e-05,0.0,6.023305277240151,5.751938311655143,2.0860049798621105e-15,2.914335439641036e-16,0.8014999405564154,0.0,-6.275,6.375000000000001,0.1436140661634507,0.1436140661634507,8.970899425191093e-09,2.377738939670149e-06,0.006023282775865325,0.00595,2.5563935182337796e-06,0.005751837601834359,0.00585,0.3,0.0,0.2066313172547768,0.0
3399,3.399,3.4,-4.3688541357501744,4.778463597455072,0.204804730852449,9.147317733205247,-0.10054906667251978,0.12139347598134509,1,1,-4.3688541357501744,4.778463597455072,-6.046219824414643,6.138659473243931,0.046219824414643895,12.184879297658574,0.09243964882928733,0.0,0.09243964882928733,0.0,-0.09243964882928733,-0.09243964882928733,0.0,0.0,0.0,0.0,0.0,0.0,9.248588406416254e-05,0.0,6.023523949385794,5.752939897695577,9.39949073436308e-16,3.191891195797325e-16,0.8014999405709098,0.0,-6.275,6.375000000000001,0.1436140661634507,0.1436140661634507,8.968887238143e-09,2.3771591638318677e-06,0.0060235025979093635,0.00595,2.5582689341696606e-06,0.005752840188584114,0.00585,0.3,0.0,0.20756035117071298,0.0
3409,3.4090000000000003,3.41,-4.3688917992258585,4.774600627011818,0.20285441389297976,9.143492426237676,-0.10053447419595685,0.12154460293852393,1,1,-4.3688917992258585,4.774600627011818,-6.045759929477634,6.137279788432902,0.045759929477633854,12.183039717910535,0.0915198589552674,0.0,0.0915198589552674,0.0,-0.0915198589552674,-0.0915198589552674,0.0,0.0,0.0,0.0,0.0,0.0,9.156563414186896e-05,0.0,6.023731236379968,5.7539315315577015,1.429412144204889e-15,3.0531133177191805e-16,0.8014999405854674,0.0,-6.275,6.375000000000001,0.1436140661634507,0.1436140661634507,8.966866064707253e-09,2.376576861866874e-06,0.006023711014149981,0.00595,2.5601517340567704e-06,0.005753832813186018,0.00585,0.3,0.0,0.2084801410447329,0.0
3419,3.419,3.42,-4.3689317289963725,4.770850150762621,0.2009592108831244,9.139781879758994,-0.10052053661726346,0.12169267609306228,1,1,-4.3689317289963725,4.770850150762621,-6.045304610571705,6.135913831715115,0.045304610571704984,12.18121844228682,0.09060922114340979,0.0,0.09060922114340979,0.0,-0.09060922114340979,-0.09060922114340979,0.0,0.0,0.0,0.0,0.0,0.0,9.06545408592945e-05,0.0,6.0239273431047,5.754913312389302,8.309325449928906e-16,2.636779683484747e-16,0.8014999406000864,0.0,-6.275,6.375000000000001,0.1436140661634507,0.1436140661634507,8.964836036158889e-09,2.375992097495372e-06,0.006023908229766345,0.00595,2.562041747500299e-06,0.005754815574887277,0.00585,0.3,0.0,0.20939077885659046,0.0
3429,3.4290000000000003,3.43,-4.368972915051568,4.767203822611885,0.19911545378015827,9.136176737663453,-0.10050787681734064,0.12183931649489915,1,1,-4.368972915051568,4.767203822611885,-6.044853822164588,6.1345614664937616,0.04485382216458689,12.17941528865835,0.08970764432917445,0.0,0.08970764432917445,0.0,-0.08970764432917445,-0.08970764432917445,0.0,0.0,0.0,0.0,0.0,0.0,8.975251310635167e-05,0.0,6.024112471491934,5.755885338349447,1.373277576724452e-15,2.636779683484747e-16,0.8014999406147655,0.0,-6.275,6.375000000000001,0.1436140661634507,0.1436140661634507,8.96279728430925e-09,2.375404936056272e-06,0.006024094446983671,0.00595,2.5639388049247815e-06,0.005755788571945386,0.00585,0.3,0.0,0.2102923556708258,0.0
3439,3.439,3.44,-4.3690141380018295,4.763654202914117,0.19732003245614393,9.132668340915947,-0.10049710550186164,0.1219855772529968,1,1,-4.3690141380018295,4.763654202914117,-6.0444075191770645,6.133222557531194,0.044407519177064536,12.177630076708258,0.08881503835412868,0.0,0.08881503835412868,0.0,-0.08881503835412868,-0.08881503835412868,0.0,0.0,0.0,0.0,0.0,0.0,8.885946067951352e-05,0.0,6.024286820561983,5.756847706618338,1.1770098784502636e-15,3.0531133177191805e-16,0.8014999406295027,0.0,-6.275,6.375000000000001,0.1436140661634507,0.1436140661634507,8.960749941453724e-09,2.374815444542716e-06,0.006024269865111721,0.00595,2.565842737529689e-06,0.005756751901637987,0.00585,0.3,0.0,0.2111849616458716,0.0
3449,3.4490000000000003,3.45,-4.36905406324855,4.760194738092429,0.19557033742193974,9.129248801340978,-0.10048875778752603,0.12213204595131033,1,1,-4.36905406324855,4.760194738092429,-6.043965656978465,6.131896970935396,0.04396565697846544,12.175862627913862,0.08793131395693109,0.0,0.08793131395693109,0.0,-0.08793131395693109,-0.08793131395693109,0.0,0.0,0.0,0.0,0.0,0.0,8.797529427279309e-05,0.0,6.024450586461506,5.757800513407049,4.345482307321902e-16,2.914335439641036e-16,0.8014999406442965,0.0,-6.275,6.375000000000001,0.1436140661634507,0.1436140661634507,8.95869414032379e-09,2.374223691617622e-06,0.006024434680582819,0.00595,2.5677533772583416e-06,0.005757705660272639,0.00585,0.3,0.0,0.2120686860430692,0.0
3459,3.459,3.46,-4.369091334657487,4.756819691009697,0.19386417817610502,9.125911025667182,-0.1004832555149443,0.12227896033864788,1,1,-4.369091334657487,4.756819691009697,-6.043528191382203,6.130584574146608,0.04352819138220276,12.174112765528811,0.08705638276440551,0.0,0.08705638276440551,0.0,-0.08705638276440551,-0.08705638276440551,0.0,0.0,0.0,0.0,0.0,0.0,8.709992546881294e-05,0.0,6.024603962501018,5.7587438539672,1.5317201717060525e-15,2.636779683484747e-16,0.8014999406591451,0.0,-6.275,6.375000000000001,0.1436140661634507,0.1436140661634507,8.956630014043174e-09,2.373629747600361e-06,0.00602458908698942,0.00595,2.5696705567024305e-06,0.005758649943196469,0.00585,0.3,0.0,0.21294361723559474,0.0
3469,3.469,3.47,-4.369124653315504,4.753524049138743,0.19219969791161962,9.122648702454248,-0.10048089266414734,0.1224263131272732,1,1,-4.369124653315504,4.753524049138743,-6.043095078641351,6.129285235924056,0.0430950786413522,12.172380314565407,0.08619015728270361,0.0,0.08619015728270361,0.0,-0.08619015728270361,-0.08619015728270361,0.0,0.0,0.0,0.0,0.0,0.0,8.623326672996316e-05,0.0,6.024747139191937,5.759677822600499,4.718447854656915e-16,2.914335439641036e-16,0.8014999406740466,0.0,-6.275,6.375000000000001,0.1436140661634507,0.1436140661634507,8.954557696088016e-09,2.3730336843846014e-06,0.006024733275121201,0.00595,2.57159410907315e-06,0.005759584844805753,0.00585,0.3,0.0,0.21380984271729667,0.0
3479,3.479,3.48,-4.369152835728234,4.7503034278284755,0.1905752960501208,9.11945626355671,-0.10048183752577128,0.12257393713670073,1,1,-4.369152835728234,4.7503034278284755,-6.042666275444278,6.127998826332833,0.0426662754442777,12.17066510177711,0.08533255088855538,0.0,0.08533255088855538,0.0,-0.08533255088855538,-0.08533255088855538,0.0,0.0,0.0,0.0,0.0,0.0,8.53752313896477e-05,0.0,6.024880304283178,5.760602512668211,7.4593109467002705e-16,3.0531133177191805e-16,0.8014999406889993,0.0,-6.275,6.375000000000001,0.1436140661634507,0.1436140661634507,8.952477320250979e-09,2.372435575378356e-06,0.0060248674330016915,0.00595,2.5735238680812955e-06,0.005760510458555377,0.00585,0.3,0.0,0.21466744911144492,0.0
3489,3.489,3.49,-4.3691748514466315,4.746983669152876,0.18890440885312243,9.116158520599509,-0.10048614514259174,0.11579242013389723,1,1,-4.3691748514466315,4.746983669152876,-6.042241738910303,6.12672521673091,0.04224173891030336,12.168966955641213,0.08448347782060668,0.0,0.08448347782060668,0.0,-0.08448347782060668,-0.08448347782060668,0.0,0.0,0.0,0.0,0.0,0.0,8.452573364361748e-05,0.0,6.0250036427972855,5.761518016600529,1.5534448727372308e-15,3.191891195797325e-16,0.8014999407040013,0.0,-6.275,6.375000000000001,0.1436140661634507,0.1436140661634507,8.950389020609197e-09,2.3718354953463293e-06,0.006024991745924461,0.00595,2.5754596679039566e-06,0.005761426876968217,0.00585,0.3,0.0,0.21551652217939363,0.0
3499,3.499,3.5,-4.369189842973161,4.743718961502069,0.18726455926445418,9.11290880447523,-0.10049377485040506,0.11595683676378227,1,1,-4.369189842973161,4.743718961502069,-6.041821426585422,6.125464279756265,0.04182142658542176,12.167285706341687,0.08364285317084316,0.0,0.08364285317084316,0.0,-0.08364285317084316,-0.08364285317084316,0.0,0.0,0.0,0.0,0.0,0.0,8.368468854138994e-05,0.0,6.025117337066134,5.762424425905834,1.5057399771478686e-15,2.7755575615628914e-16,0.8014999407190507,0.0,-6.275,6.375000000000001,0.1436140661634507,0.1436140661634507,8.948292931496006e-09,2.3712335202744733e-06,0.006025106396488854,0.00595,2.5774013430646117e-06,0.0057623341916444295,0.00585,0.3,0.0,0.2163571468291571,0.0
3509,3.509,3.5100000000000002,-4.369197131809166,4.740524185722321,0.1856635269565774,9.109721317531488,-0.1005046093386594,0.11611942176111167,1,1,-4.369197131809166,4.740524185722321,-6.04140529643805,6.124215889314149,0.041405296438049355,12.1656211857522,0.08281059287609935,0.0,0.08281059287609935,0.0,-0.08281059287609935,-0.08281059287609935,0.0,0.0,0.0,0.0,0.0,0.0,8.285201197775402e-05,0.0,6.02522156676617,5.763321831179895,8.36136715420821e-16,2.7755575615628914e-16,0.8014999407341455,0.0,-6.275,6.375000000000001,0.1436140661634507,0.1436140661634507,8.946189187476256e-09,2.3706297271701437e-06,0.006025211564635289,0.00595,2.5793487284375693e-06,0.005763232493270626,0.00585,0.3,0.0,0.21718940712390092,0.0
3519,3.519,3.52,-4.369196214475489,4.737396355618531,0.184100070571521,9.10659257009402,-0.10051847302170791,0.1162800272519196,1,1,-4.369196214475489,4.737396355618531,-6.040993306854826,6.122979920564479,0.04099330685482627,12.163973227419305,0.08198661370965218,0.0,0.08198661370965218,0.0,-0.08198661370965218,-0.08198661370965218,0.0,0.0,0.0,0.0,0.0,0.0,8.202762068435944e-05,0.0,6.025316508953228,5.7642103221149315,7.051650929845721e-16,2.498001805406602e-16,0.8014999407492838,0.0,-6.275,6.375000000000001,0.1436140661634507,0.1436140661634507,8.944077923325112e-09,2.3700241938578213e-06,0.006025307427680108,0.00595,2.581301659128066e-06,0.0057641218716289805,0.00585,0.3,0.0,0.21801338629034805,0.0
3529,3.529,3.5300000000000002,-4.369186751824101,4.734332790515815,0.182573019345857,9.103519542339916,-0.10053514852598977,0.11643849601801398,1,1,-4.369186751824101,4.734332790515815,-6.040585416636449,6.121756249909347,0.04058541663644899,12.162341666545796,0.08117083327289841,0.0,0.08117083327289841,0.0,-0.08117083327289841,-0.08117083327289841,0.0,0.0,0.0,0.0,0.0,0.0,8.121143222138988e-05,0.0,6.025402338096915,5.765089987508635,1.5794657248768829e-15,3.191891195797325e-16,0.8014999407644636,0.0,-6.275,6.375000000000001,0.1436140661634507,0.1436140661634507,8.94195927401015e-09,2.369416998765949e-06,0.006025394160350003,0.00595,2.5832599704678215e-06,0.005765002415606232,0.00585,0.3,0.0,0.2188291667271019,0.0
3539,3.539,3.54,-4.369168554287624,4.731331066107429,0.18108125590990243,9.100499620395052,-0.10055439077958556,0.11659467348392821,1,1,-4.369168554287624,4.731331066107429,-6.040181584993557,6.1205447549806715,0.04018158499355717,12.160726339974229,0.08036316998711451,0.0,0.08036316998711451,0.0,-0.08036316998711451,-0.08036316998711451,0.0,0.0,0.0,0.0,0.0,0.0,8.040336496931888e-05,0.0,6.025479226114552,5.765960915273064,6.904199434387692e-16,3.3306690738754696e-16,0.8014999407796831,0.0,-6.275,6.375000000000001,0.1436140661634507,0.1436140661634507,8.939833374676528e-09,2.368808220669359e-06,0.006025471934816011,0.00595,2.585223497970635e-06,0.005765874213202601,0.00585,0.3,0.0,0.2196368300128858,0.0
3549,3.549,3.5500000000000003,-4.369141565057075,4.7283889740881255,0.17962370451552534,9.0975305391452,-0.10057593861183045,0.11674841540504355,1,1,-4.369141565057075,4.7283889740881255,-6.039781771542649,6.119345314627949,0.039781771542649835,12.159127086170598,0.07956354308529888,0.0,0.07956354308529888,0.0,-0.07956354308529888,-0.07956354308529888,0.0,0.0,0.0,0.0,0.0,0.0,7.960333812074786e-05,0.0,6.025547342404721,5.76682319244346,1.4595936221814543e-15,3.7470027081099033e-16,0.8014999407949401,0.0,-6.275,6.375000000000001,0.1436140661634507,0.1436140661634507,8.937700360635119e-09,2.3681979384472452e-06,0.006025540920727088,0.00595,2.587192077274647e-06,0.005766737351540623,0.00585,0.3,0.0,0.22043645691470148,0.0
3559,3.559,3.56,-4.3691058426107405,4.725504489093854,0.17819932324155685,9.094610331704594,-0.10059952400842703,0.11689959245873793,1,1,-4.3691058426107405,4.725504489093854,-6.039385936302048,6.118157808906143,0.039385936302047675,12.15754374520819,0.07877187260409495,0.0,0.07877187260409495,0.0,-0.07877187260409495,-0.07877187260409495,0.0,0.0,0.0,0.0,0.0,0.0,7.881127167232525e-05,0.0,6.02560685388037,5.767676905186981,1.425251518367976e-15,4.3021142204224816e-16,0.8014999408102328,0.0,-6.275,6.375000000000001,0.1436140661634507,0.1436140661634507,8.93556036735333e-09,2.367586230845574e-06,0.006025601285243271,0.00595,2.5891655442111806e-06,0.005767591916873872,0.00585,0.3,0.0,0.22122812739590547,0.0
3569,3.569,3.5700000000000003,-4.3690615435608935,4.722675741646387,0.1768070990427466,9.09173728520728,-0.10062487928447217,0.11704809265136396,1,1,-4.3690615435608935,4.722675741646387,-6.038994039687898,6.116982119063692,0.038994039687897164,12.15597615875159,0.07798807937579483,0.0,0.07798807937579483,0.0,-0.07798807937579483,-0.07798807937579483,0.0,0.0,0.0,0.0,0.0,0.0,7.802708641674612e-05,0.0,6.02565792500152,5.768522138811355,1.0023178034085367e-15,3.885780586188048e-16,0.8014999408255592,0.0,-6.275,6.375000000000001,0.1436140661634507,0.1436140661634507,8.933413530448494e-09,2.3669731762017514e-06,0.006025653193068408,0.00595,2.5911437347425625e-06,0.005768437994595629,0.00585,0.3,0.0,0.22201192062420555,0.0
3579,3.579,3.58,-4.369008906436079,4.719900995995838,0.17544604477987935,9.088909902431917,-0.1006517424800138,0.11719382222023594,1,1,-4.369008906436079,4.719900995995838,-6.038606042510212,6.115818127530634,0.03860604251021105,12.154424170040846,0.0772120850204226,0.0,0.0772120850204226,0.0,-0.0772120850204226,-0.0772120850204226,0.0,0.0,0.0,0.0,0.0,0.0,7.725070393483147e-05,0.0,6.025700717807553,5.769358977773417,2.0426097879083782e-15,3.885780586188048e-16,0.8014999408409172,0.0,-6.275,6.375000000000001,0.1436140661634507,0.1436140661634507,8.931259985683567e-09,2.3663588522225763e-06,0.00602569680648251,0.00595,2.5931264850220792e-06,0.005769275669247439,0.00585,0.3,0.0,0.22278791497957778,0.0
3589,3.589,3.59,-4.36894823675985,4.717178631939328,0.17411519758973926,9.086126868699179,-0.10067986128162426,0.11733670552774189,1,1,-4.36894823675985,4.717178631939328,-6.038221905968948,6.114665717906844,0.03822190596894792,12.152887623875792,0.07644381193789605,0.0,0.07644381193789605,0.0,-0.07644381193789605,-0.07644381193789605,0.0,0.0,0.0,0.0,0.0,0.0,7.648204658768612e-05,0.0,6.025735391949117,5.770187505687598,5.577542551080117e-16,4.579669976578771e-16,0.8014999408563052,0.0,-6.275,6.375000000000001,0.1436140661634507,0.1436140661634507,8.929099868965011e-09,2.365743335737771e-06,0.006025732285373667,0.00595,2.595113631433943e-06,0.005770105024527594,0.00585,0.3,0.0,0.2235561880621044,0.0
3599,3.599,3.6,-4.368879893604308,4.714507129859008,0.1728136181273503,9.083387023463317,-0.10070899574949721,0.11747668430614727,1,1,-4.368879893604308,4.714507129859008,-6.037841591650133,6.1135247749504,0.037841591650133566,12.151366366600532,0.07568318330026665,0.0,0.07568318330026665,0.0,-0.07568318330026665,-0.07568318330026665,0.0,0.0,0.0,0.0,0.0,0.0,7.572103750893478e-05,0.0,6.0257621047196075,5.77100780533431,9.965986369486757e-16,4.85722573273506e-16,0.8014999408717209,0.0,-6.275,6.375000000000001,0.1436140661634507,0.1436140661634507,8.926933316342617e-09,2.365126702504584e-06,0.006025759787269599,0.00595,2.5971050106243787e-06,0.005770926143299531,0.00585,0.3,0.0,0.22431681669973383,0.0
3609,3.609,3.61,-4.3688042776715585,4.711885058363829,0.17154039034613522,9.080689336035388,-0.1007389200953987,0.11761371650817087,1,1,-4.3688042776715585,4.711885058363829,-6.037465061522018,6.112395184566055,0.03746506152201867,12.149860246088073,0.07493012304403679,0.0,0.07493012304403679,0.0,-0.07493012304403679,-0.07493012304403679,0.0,0.0,0.0,0.0,0.0,0.0,7.496760059703538e-05,0.0,6.025781011086282,5.771819958668246,2.8700999910036273e-15,4.718447854656915e-16,0.8014999408871628,0.0,-6.275,6.375000000000001,0.1436140661634507,0.1436140661634507,8.924760464011152e-09,2.36450902697242e-06,0.006025779467368788,0.00595,2.599100459588222e-06,0.005771739107600145,0.00585,0.3,0.0,0.22506987695596367,0.0
3619,3.619,3.62,-4.368721820873792,4.709311064037239,0.1702946215817236,9.078032884911032,-0.10076942371991748,0.11774777494193256,1,1,-4.368721820873792,4.709311064037239,-6.037092277931277,6.11127683379383,0.03709227793127656,12.148369111725106,0.07418455586255333,0.0,0.07418455586255333,0.0,-0.07418455586255333,-0.07418455586255333,0.0,0.0,0.0,0.0,0.0,0.0,7.422166050766891e-05,0.0,6.0257922637209695,5.772624046826611,9.851196464474854e-16,4.3021142204224816e-16,0.8014999409026289,0.0,-6.275,6.375000000000001,0.1436140661634507,0.1436140661634507,8.922581448313608e-09,2.363890382138513e-06,0.006025791478571231,0.00595,2.60109981573553e-06,0.005772543998648023,0.00585,0.3,0.0,0.22581544413744709,0.0
3629,3.629,3.63,-4.3686329773313775,4.706783862889877,0.16907544277924957,9.075416840221255,-0.10080031168196946,0.11787884581317853,1,1,-4.3686329773313775,4.706783862889877,-6.036723203599238,6.110169610797715,0.0367232035992382,12.146892814396953,0.0734464071984768,0.0,0.0734464071984768,0.0,-0.0734464071984768,-0.0734464071984768,0.0,0.0,0.0,0.0,0.0,0.0,7.348314264620479e-05,0.0,6.025796013030403,5.7734201501372615,1.2975596075034956e-15,4.0245584642661925e-16,0.8014999409181175,0.0,-6.275,6.375000000000001,0.1436140661634507,0.1436140661634507,8.920396405745913e-09,2.3632708393858333e-06,0.0060257959715088235,0.00595,2.6031029170114904e-06,0.005773340896851593,0.00585,0.3,0.0,0.2265535928015236,0.0
3639,3.6390000000000002,3.64,-4.368538215679166,4.704302233194927,0.16788200875788029,9.072840448874093,-0.10083140474147545,0.11800692725734946,1,1,-4.368538215679166,4.704302233194927,-6.036357801618163,6.109073404854488,0.03635780161816271,12.14543120647265,0.07271560323632566,0.0,0.07271560323632566,0.0,-0.07271560323632566,-0.07271560323632566,0.0,0.0,0.0,0.0,0.0,0.0,7.275197316024146e-05,0.0,6.025792407186181,5.774208348126771,1.2754283306576353e-15,3.7470027081099033e-16,0.8014999409336268,0.0,-6.275,6.375000000000001,0.1436140661634507,0.1436140661634507,8.918205472962945e-09,2.3626504683542996e-06,0.006025793094575332,0.00595,2.6051096019674703e-06,0.005774129881817192,0.00585,0.3,0.0,0.2272843967636747,0.0
3649,3.649,3.65,-4.368438012557207,4.701865009447365,0.1667134984450791,9.070303022004573,-0.10086253908831888,0.11813202791522398,1,1,-4.368438012557207,4.701865009447365,-6.035996035447548,6.107988106342642,0.03599603544754704,12.14398414179019,0.07199207089509467,0.0,0.07199207089509467,0.0,-0.07199207089509467,-0.07199207089509467,0.0,0.0,0.0,0.0,0.0,0.0,7.202807893222098e-05,0.0,6.025781592154335,5.774988719528412,7.979727989493313e-16,3.7470027081099033e-16,0.801499940949155,0.0,-6.275,6.375000000000001,0.1436140661634507,0.1436140661634507,8.916008786785682e-09,2.362029336836422e-06,0.006025782993956031,0.00595,2.607119709876482e-06,0.005774911032357067,0.00585,0.3,0.0,0.2280079291049057,0.0
3659,3.6590000000000003,3.66,-4.3683328471583325,4.699440787449162,0.16555397014541473,9.067773634607494,-0.10089356584719406,0.11184891976283723,1,1,-4.3683328471583325,4.699440787449162,-6.035637868910473,6.10691360673142,0.03563786891047371,12.142551475641893,0.07127573782094679,0.0,0.07127573782094679,0.0,-0.07127573782094679,-0.07127573782094679,0.0,0.0,0.0,0.0,0.0,0.0,7.131138757211733e-05,0.0,6.025763711724562,5.775761342290053,1.2915016278647329e-15,4.163336342344337e-16,0.8014999409647006,0.0,-6.275,6.375000000000001,0.1436140661634507,0.1436140661634507,8.913806484209348e-09,2.3614075107417704e-06,0.006025765813656944,0.00595,2.609133080853088e-06,0.005775684426497277,0.00585,0.3,0.0,0.22872426217905362,0.0
3669,3.669,3.67,-4.368223196707935,4.696954795756481,0.1643657995242731,9.065177992464417,-0.10092435042851317,0.11197606926488718,1,1,-4.368223196707935,4.696954795756481,-6.035283266189989,6.105849798569967,0.03528326618998889,12.141133064759956,0.07056653237997765,0.0,0.07056653237997765,0.0,-0.07056653237997765,-0.07056653237997765,0.0,0.0,0.0,0.0,0.0,0.0,7.060182741019724e-05,0.0,6.025738907539058,5.776526293582009,1.4007892068512717e-15,4.163336342344337e-16,0.801499940980262,0.0,-6.275,6.375000000000001,0.1436140661634507,0.1436140661634507,8.911598702412451e-09,2.360785054039246e-06,0.0060257416955337255,0.00595,2.6111495559955066e-06,0.005776450141485536,0.00585,0.3,0.0,0.22943346762002276,0.0
3679,3.6790000000000003,3.68,-4.368109532758172,4.694512971867388,0.16320171955460783,9.06262250462556,-0.10095477177966661,0.11210011092273431,1,1,-4.368109532758172,4.694512971867388,-6.0349321918255265,6.104796575476578,0.03493219182552565,12.139728767302104,0.06986438365105217,0.0,0.06986438365105217,0.0,-0.06986438365105217,-0.06986438365105217,0.0,0.0,0.0,0.0,0.0,0.0,6.989932748985325e-05,0.0,6.025707319121013,5.777283649804762,1.4025239303272485e-15,4.579669976578771e-16,0.8014999409958377,0.0,-6.275,6.375000000000001,0.1436140661634507,0.1436140661634507,8.909385578766515e-09,2.360162028761521e-06,0.0060257107793202005,0.00595,2.613168977489977e-06,0.0057772082537989695,0.00585,0.3,0.0,0.23013561634894827,0.0
3689,3.689,3.69,-4.367992318187955,4.692114233818325,0.16206095781518481,9.06010655200628,-0.1009847215781487,0.11222109366220867,1,1,-4.367992318187955,4.692114233818325,-6.034584610709356,6.103753832128069,0.03458461070935659,12.138338442837425,0.06916922141871229,0.0,0.06916922141871229,0.0,-0.06916922141871229,-0.06916922141871229,0.0,0.0,0.0,0.0,0.0,0.0,6.920381756050785e-05,0.0,6.025669083902754,5.778033486596666,1.7247894735714087e-15,4.440892098500626e-16,0.801499941011426,0.0,-6.275,6.375000000000001,0.1436140661634507,0.1436140661634507,8.907167250846425e-09,2.359538495047227e-06,0.0060256732026565205,0.00595,2.6151911887328794e-06,0.005777958839151795,0.00585,0.3,0.0,0.23083077858128814,0.0
3699,3.6990000000000003,3.7,-4.367872004810278,4.689757541186505,0.16094276818811348,9.057629545996782,-0.10101410339785427,0.11233906985436248,1,1,-4.367872004810278,4.689757541186505,-6.034240488083078,6.102721464249233,0.03424048808307756,12.13696195233231,0.06848097616615549,0.0,0.06848097616615549,0.0,-0.06848097616615549,-0.06848097616615549,0.0,0.0,0.0,0.0,0.0,0.0,6.851522807058856e-05,0.0,6.025624337253519,5.778775878841518,2.624636619152909e-15,4.0245584642661925e-16,0.8014999410270255,0.0,-6.275,6.375000000000001,0.1436140661634507,0.1436140661634507,8.904943856441282e-09,2.3589145111964674e-06,0.006025629101116998,0.00595,2.6172160344750674e-06,0.005778701972502933,0.00585,0.3,0.0,0.2315190238338449,0.0
3709,3.709,3.71,-4.367749031498866,4.68744189224168,0.15984643037140733,9.055190923740547,-0.10104283187177543,0.11245409470144352,1,1,-4.367749031498866,4.68744189224168,-6.033899789534142,6.101699368602424,0.03389978953414108,12.135599158136566,0.067799579068283,0.0,0.067799579068283,0.0,-0.067799579068283,-0.067799579068283,0.0,0.0,0.0,0.0,0.0,0.0,6.783349016057254e-05,0.0,6.02557321250691,5.779510900676118,2.8796409701215e-16,4.0245584642661925e-16,0.8014999410426349,0.0,-6.275,6.375000000000001,0.1436140661634507,0.1436140661634507,8.902715533565618e-09,2.3582901337507503e-06,0.006025578608237569,0.00595,2.619243360908463e-06,0.005779437728063536,0.00585,0.3,0.0,0.2322004209317174,0.0
3719,3.719,3.72,-4.36762382275623,4.685166321436381,0.15877124934007547,9.052790144192612,-0.10107083186801286,0.11256622568016655,1,1,-4.36762382275623,4.685166321436381,-6.033562480992408,6.100687442977225,0.03356248099240844,12.134249923969634,0.06712496198481716,0.0,0.06712496198481716,0.0,-0.06712496198481716,-0.06712496198481716,0.0,0.0,0.0,0.0,0.0,0.0,6.715853565610066e-05,0.0,6.025515840987987,5.780238625497683,1.5281558570640064e-15,3.885780586188048e-16,0.8014999410582528,0.0,-6.275,6.375000000000001,0.1436140661634507,0.1436140661634507,8.900482420470864e-09,2.3576654176439828e-06,0.0060255218555429375,0.00595,2.6212730158126085e-06,0.005780166179304456,0.00585,0.3,0.0,0.23287503801518322,0.0
3729,3.729,3.73,-4.367496787654804,4.6829298971793545,0.15771655476227542,9.050426684834157,-0.10109803769107528,0.11267552204133502,1,1,-4.367496787654804,4.6829298971793545,-6.0332285287267435,6.099685586180231,0.033228528726743534,12.132914114906974,0.06645705745348744,0.0,0.06645705745348744,0.0,-0.06645705745348744,-0.06645705745348744,0.0,0.0,0.0,0.0,0.0,0.0,6.649029706116004e-05,0.0,6.025452352039667,5.781158826170846,3.37403716077489e-16,4.0245584642661925e-16,0.8014999410738778,0.0,-6.275,6.325000000000001,0.1436140661634507,0.14361406616345046,8.898424741794883e-09,2.357040416335694e-06,0.006025458972573188,0.00595,2.6233048486301592e-06,0.005781037249013435,0.0059,0.3,0.0,0.23354294254651295,0.0
3739,3.739,3.74,-4.367368319091576,4.6807317198472855,0.15668170037785467,9.048100038938863,-0.10112439231664355,0.11278204436354244,1,1,-4.367368319091576,4.6807317198472855,-6.032897899341642,6.098693698024927,0.03289789934164222,12.131591597366569,0.06579579868328415,0.0,0.06579579868328415,0.0,-0.06579579868328415,-0.06579579868328415,0.0,0.0,0.0,0.0,0.0,0.0,6.58287075513343e-05,0.0,6.025382873045526,5.7823679421816045,2.0469737016526324e-16,4.0245584642661925e-16,0.8014999410895086,0.0,-6.275,6.325000000000001,0.1436140661634507,0.14361406616345046,8.896782725894451e-09,2.3564151819886737e-06,0.006025390086906481,0.00595,2.625338710582348e-06,0.00578224757331299,0.0059,0.3,0.0,0.23420420131671624,0.0
3749,3.749,3.75,-4.367238793304664,4.678570919998153,0.15566606334674438,9.045809713302816,-0.10114984666506288,0.11288585415774488,1,1,-4.367238793304664,4.678570919998153,-6.03257055977389,6.097711679321669,0.03257055977388923,12.130282239095559,0.06514111954777921,0.0,0.06514111954777921,0.0,-0.06514111954777921,-0.06514111954777921,0.0,0.0,0.0,0.0,0.0,0.0,6.517370096712112e-05,0.0,6.0253075294630465,5.783565041571786,7.919012667834124e-16,4.440892098500626e-16,0.801499941105144,0.0,-6.275,6.325000000000001,0.1436140661634507,0.14361406616345046,8.895136300788692e-09,2.3557897656643703e-06,0.006025315324191642,0.00595,2.6273744547022914e-06,0.005783445868961428,0.0059,0.3,0.0,0.23485888045222122,0.0
3759,3.759,3.7600000000000002,-4.36710856960733,4.676446656731868,0.15466904356226907,9.043555226339198,-0.10117435891663112,0.11298701359234609,1,1,-4.36710856960733,4.676446656731868,-6.032246477289257,6.09673943186777,0.03224647728925678,12.128985909157027,0.06449295457851352,0.0,0.06449295457851352,0.0,-0.06449295457851352,-0.06449295457851352,0.0,0.0,0.0,0.0,0.0,0.0,6.45252118073163e-05,0.0,6.025226444847516,5.784750243986271,8.114982210510879e-16,4.85722573273506e-16,0.8014999411207827,0.0,-6.275,6.325000000000001,0.1436140661634507,0.14361406616345046,8.893485611836051e-09,2.3551642175604775e-06,0.006025234808173151,0.00595,2.629411935948234e-06,0.005784632255723544,0.0059,0.3,0.0,0.23550704542148695,0.0
3769,3.769,3.77,-4.3669779903012955,4.6743581101801475,0.15369005993942597,9.041336100481443,-0.10119789387008526,0.11308559852432648,1,1,-4.3669779903012955,4.6743581101801475,-6.0319256194792255,6.095776858437675,0.031925619479224565,12.1277024779169,0.06385123895844998,0.0,0.06385123895844998,0.0,-0.06385123895844998,-0.06385123895844998,0.0,0.0,0.0,0.0,0.0,0.0,6.388317522246337e-05,0.0,6.025139740876211,5.785923667877427,2.489328188026718e-16,4.85722573273506e-16,0.8014999411364234,0.0,-6.275,6.325000000000001,0.1436140661634507,0.14361406616345046,8.891830805315871e-09,2.354538587212997e-06,0.006025148660714947,0.00595,2.631451011192443e-06,0.005785806852170417,0.0059,0.3,0.0,0.2361487610415505,0.0
3779,3.779,3.7800000000000002,-4.366847380736725,4.6723043944224525,0.15272850684286388,9.039151775159176,-0.1012204223444832,0.11318184183645996,1,1,-4.366847380736725,4.6723043944224525,-6.031607954257746,6.094823862773238,0.031607954257745874,12.126431817030983,0.0632159085154918,0.0,0.0632159085154918,0.0,-0.0632159085154918,-0.0632159085154918,0.0,0.0,0.0,0.0,0.0,0.0,6.324752700836883e-05,0.0,6.025047537373546,5.787085430516998,3.7470027081099033e-16,4.718447854656915e-16,0.801499941152065,0.0,-6.275,6.325000000000001,0.1436140661634507,0.14361406616345046,8.890172028107572e-09,2.3539129237693516e-06,0.006025057001825612,0.00595,2.633491539274502e-06,0.005786969775691323,0.0059,0.3,0.0,0.23678409148450866,0.0
3789,3.789,3.79,-4.3667170494911085,4.670284292263106,0.15178362138599866,9.037001341754214,-0.10124192062379633,0.11327643195687853,1,1,-4.3667170494911085,4.670284292263106,-6.031293449858033,6.093880349574098,0.031293449858032396,12.125173799432131,0.06258689971606529,0.0,0.06258689971606529,0.0,-0.06258689971606529,-0.06258689971606529,0.0,0.0,0.0,0.0,0.0,0.0,6.261820359968159e-05,0.0,6.024949952335905,5.788235648007877,1.6800796864835377e-15,4.996003610813204e-16,0.8014999411677062,0.0,-6.275,6.325000000000001,0.1436140661634507,0.14361406616345046,8.888509427575566e-09,2.353287276234855e-06,0.006024959949683222,0.00595,2.635533380979105e-06,0.005788121142505512,0.0059,0.3,0.0,0.2374131002839352,0.0
3799,3.799,3.8000000000000003,-4.366587288643471,4.668296007717472,0.15085435953700044,9.034883296360942,-0.10126236994290022,0.11337058644307896,1,1,-4.366587288643471,4.668296007717472,-6.0309820748293825,6.092946224488149,0.03098207482938342,12.123928299317532,0.06196414965876629,0.0,0.06196414965876629,0.0,-0.06196414965876629,-0.06196414965876629,0.0,0.0,0.0,0.0,0.0,0.0,6.199514206353631e-05,0.0,6.024847101956162,5.789374435295763,1.003537530852583e-15,4.440892098500626e-16,0.8014999411833457,0.0,-6.275,6.325000000000001,0.1436140661634507,0.14361406616345046,8.886843151513981e-09,2.3526616937302845e-06,0.006024857620659907,0.00595,2.637576398991648e-06,0.005789261067673879,0.0059,0.3,0.0,0.23803585034123415,0.0
3809,3.809,3.81,-4.366458374123955,4.666337173897249,0.14993939988664717,9.032795548021204,-0.1012817560132298,0.11346579281108382,1,1,-4.366458374123955,4.666337173897249,-6.030673798034035,6.0920213941021055,0.03067379803403547,12.12269519213614,0.06134759606807013,0.0,0.06134759606807013,0.0,-0.06134759606807013,-0.06134759606807013,0.0,0.0,0.0,0.0,0.0,0.0,6.137828009326018e-05,0.0,6.024739100647901,5.790501906180695,1.6341095143701523e-15,4.0939474033052647e-16,0.8014999411989824,0.0,-6.275,6.325000000000001,0.1436140661634507,0.14361406616345046,8.88517334811626e-09,2.3520362257583335e-06,0.006024750129346101,0.00595,2.639620457884906e-06,0.005790389665110522,0.0059,0.3,0.0,0.23865240393193027,0.0
3819,3.819,3.8200000000000003,-4.3663305661219995,4.664405073307465,0.1490372535927329,9.030735639429466,-0.10130006858611096,0.11356347232520325,1,1,-4.3663305661219995,4.664405073307465,-6.030368588644052,6.091105765932156,0.030368588644051897,12.121474354576208,0.06073717728810394,0.0,0.06073717728810394,0.0,-0.06073717728810394,-0.06073717728810394,0.0,0.0,0.0,0.0,0.0,0.0,6.07675560021421e-05,0.0,6.024626061069336,5.791618173328485,5.299580219109146e-16,4.2327252813834093e-16,0.801499941214615,0.0,-6.275,6.325000000000001,0.1436140661634507,0.14361406616345046,8.883500165957008e-09,2.3514109224567423e-06,0.006024637588574485,0.00595,2.641665423994688e-06,0.005791507047594156,0.0059,0.3,0.0,0.23926282271189647,0.0
3829,3.829,3.83,-4.366204109538984,4.662496913830996,0.14814640214600594,9.02870102336998,-0.10131730105158998,0.11366475306228419,1,1,-4.366204109538984,4.662496913830996,-6.03006641613824,6.090199248414722,0.030066416138240903,12.120265664552962,0.06013283227648106,0.0,0.06013283227648106,0.0,-0.06013283227648106,-0.06013283227648106,0.0,0.0,0.0,0.0,0.0,0.0,6.016290871726405e-05,0.0,6.024508094146926,5.792723348282017,1.2238474123016374e-15,4.440892098500626e-16,0.8014999412302422,0.0,-6.275,6.325000000000001,0.1436140661634507,0.14361406616345046,8.881823753980617e-09,2.350785834846989e-06,0.006024520109443641,0.00595,2.6437111653310196e-06,0.005792613326779455,0.0059,0.3,0.0,0.23986716772351938,0.0
3839,3.839,3.84,-4.366079234473547,4.660610055740007,0.14726541063323006,9.026689290213554,-0.10133345007055677,0.11377038153178087,1,1,-4.366079234473547,4.660610055740007,-6.029767250299098,6.089301750897295,0.029767250299098436,12.119069001196394,0.05953450059819668,0.0,0.05953450059819668,0.0,-0.05953450059819668,-0.05953450059819668,0.0,0.0,0.0,0.0,0.0,0.0,5.956427777339365e-05,0.0,6.02438530909871,5.793817541472446,9.992007221626409e-16,4.718447854656915e-16,0.8014999412458625,0.0,-6.275,6.325000000000001,0.1436140661634507,0.14361406616345046,8.880144261493831e-09,2.3501610150940805e-06,0.006024397801341406,0.00595,2.645757551458239e-06,0.005793708613208248,0.0059,0.3,0.0,0.24046549940180378,0.0
3849,3.849,3.85,-4.365956156729733,4.658742156430412,0.1463929998503395,9.024698313160144,-0.10134851523789984,0.11388073171793911,1,1,-4.365956156729733,4.658742156430412,-6.029471061209793,6.088413183629377,0.029471061209791927,12.11788424483917,0.05894212241958437,0.0,0.05894212241958437,0.0,-0.05894212241958437,-0.05894212241958437,0.0,0.0,0.0,0.0,0.0,0.0,5.8971603306937646e-05,0.0,6.024257813457333,5.7949008622302784,6.545667328473892e-16,4.85722573273506e-16,0.8014999412614751,0.0,-6.275,6.325000000000001,0.1436140661634507,0.14361406616345046,8.878461838160793e-09,2.3495365167086134e-06,0.00602427077196794,0.00595,2.6478044532840527e-06,0.0057947930163206075,0.0059,0.3,0.0,0.2410578775804161,0.0
3859,3.859,3.86,-4.36583507833982,4.656891239766515,0.14552808071334766,9.022726318106335,-0.10136249877452042,0.11399586361978381,1,1,-4.36583507833982,4.656891239766515,-6.029177819251166,6.087533457753499,0.029177819251166248,12.116711277004665,0.05835563850233262,0.0,0.05835563850233262,0.0,-0.05835563850233262,-0.05835563850233262,0.0,0.0,0.0,0.0,0.0,0.0,5.838482604995551e-05,0.0,6.024125713092807,5.795973418796342,1.4719128693663208e-15,4.85722573273506e-16,0.801499941277078,0.0,-6.275,6.325000000000001,0.1436140661634507,0.14361406616345046,8.876776633999579e-09,2.348912394779922e-06,0.006024139127358497,0.00595,2.6498517429418556e-06,0.005795866644465843,0.0059,0.3,0.0,0.24164436149766785,0.0
3869,3.869,3.87,-4.365716188095105,4.655055710441361,0.14466976117312802,9.020771898536466,-0.10137540524605193,0.1141155976580896,1,1,-4.365716188095105,4.655055710441361,-6.02888749509878,6.086662485296341,0.028887495098780747,12.115549980395121,0.05777499019756096,0.0,0.05777499019756096,0.0,-0.05777499019756096,-0.05777499019756096,0.0,0.0,0.0,0.0,0.0,0.0,5.780388732423255e-05,0.0,6.023989112234968,5.797035318332651,7.355227538141662e-16,5.204170427930421e-16,0.8014999412926702,0.0,-6.275,6.325000000000001,0.1436140661634507,0.14361406616345046,8.875088799379706e-09,2.3482887061581533e-06,0.006024002971905932,0.00595,2.651899293530935e-06,0.005796929604913359,0.0059,0.3,0.0,0.24222500980243955,0.0
3879,3.879,3.88,-4.365599662079123,4.653234333853063,0.1438173358869701,9.018833995932185,-0.10138724130625998,0.1142395863991344,1,1,-4.365599662079123,4.653234333853063,-6.028600059719977,6.085800179159932,0.028600059719977367,12.11440023887991,0.057200119439955045,0.0,0.057200119439955045,0.0,-0.057200119439955045,-0.057200119439955045,0.0,0.0,0.0,0.0,0.0,0.0,5.7228729035412085e-05,0.0,6.023848113495666,5.7980866669331395,1.5344916635094685e-15,5.342948306008566e-16,0.8014999413082501,0.0,-6.275,6.325000000000001,0.1436140661634507,0.14361406616345046,8.873398485020172e-09,2.3476655096274622e-06,0.006023862408382901,0.00595,2.6539469789055304e-06,0.005797982003863422,0.0059,0.3,0.0,0.24279988056004548,0.0
3889,3.8890000000000002,3.89,-4.365485664198812,4.651426197456658,0.14297026662892298,9.016911861655469,-0.1013980154631744,0.11436737547164788,1,1,-4.365485664198812,4.651426197456658,-6.02831548437098,6.08494645311294,0.02831548437097986,12.11326193748392,0.056630968741960046,0.0,0.056630968741960046,0.0,-0.056630968741960046,-0.056630968741960046,0.0,0.0,0.0,0.0,0.0,0.0,5.665929366718592e-05,0.0,6.0237028178906655,5.799127569634314,8.706685546144843e-16,5.759281940243e-16,0.8014999413238162,0.0,-6.275,6.325000000000001,0.1436140661634507,0.14361406616345046,8.871705841987837e-09,2.3470428660658848e-06,0.006023717537963802,0.00595,2.655994673430584e-06,0.005799023946457805,0.0059,0.3,0.0,0.24336903125804052,0.0
3899,3.899,3.9,-4.365374346710016,4.649610144652546,0.1421178989712648,9.014984491362561,-0.10140773786614543,0.10847188413754566,1,1,-4.365374346710016,4.649610144652546,-6.028033740594016,6.084101221782048,0.028033740594016088,12.112134962376064,0.05606748118803188,0.0,0.05606748118803188,0.0,-0.05606748118803188,-0.05606748118803188,0.0,0.0,0.0,0.0,0.0,0.0,5.6095524275542715e-05,0.0,6.023553324861292,5.800158130425783,8.243256880043071e-16,5.898059818321144e-16,0.8014999413393669,0.0,-6.275,6.325000000000001,0.1436140661634507,0.14361406616345046,8.870011021695852e-09,2.3464208385607994e-06,0.006023568460246435,0.00595,2.6580422517019644e-06,0.005800055536790331,0.0059,0.3,0.0,0.2439325188119687,0.0
3909,3.9090000000000003,3.91,-4.365265850734419,4.647727754436613,0.14123095185109724,9.012993605171033,-0.10141642011209817,0.1085999827374845,1,1,-4.365265850734419,4.647727754436613,-6.027754800214472,6.083264400643419,0.027754800214473185,12.111019200857891,0.05550960042894557,0.0,0.05550960042894557,0.0,-0.05550960042894557,-0.05550960042894557,0.0,0.0,0.0,0.0,0.0,0.0,5.5537364483073484e-05,0.0,6.0233997322957835,5.801178452260667,5.178623914241232e-16,5.898059818321144e-16,0.8014999413549004,0.0,-6.275,6.325000000000001,0.1436140661634507,0.14361406616345046,8.868314175902066e-09,2.345799492506629e-06,0.006023415273273395,0.00595,2.6600895882666897e-06,0.0058010768779173105,0.0059,0.3,0.0,0.244490399571055,0.0
3919,3.919,3.92,-4.365160306765641,4.645858048227974,0.14034887073116664,9.011018354993615,-0.10142407506939899,0.10873023413832283,1,1,-4.365160306765641,4.645858048227974,-6.02747863533808,6.082435906014241,0.02747863533808026,12.109914541352321,0.05495727067616032,0.0,0.05495727067616032,0.0,-0.05495727067616032,-0.05495727067616032,0.0,0.0,0.0,0.0,0.0,0.0,5.4984758473333864e-05,0.0,6.023242136550388,5.802188637065934,5.023379715668463e-16,6.314393452555578e-16,0.8014999413704154,0.0,-6.275,6.325000000000001,0.1436140661634507,0.14361406616345046,8.866615456707278e-09,2.3451788956980972e-06,0.006023258073553188,0.00595,2.6621365573542557e-06,0.005802088071867861,0.0059,0.3,0.0,0.2450427293238403,0.0
3929,3.9290000000000003,3.93,-4.365057835162743,4.644000948588165,0.13947155671271094,9.009058783750907,-0.10143071671785492,0.10886221250354544,1,1,-4.365057835162743,4.644000948588165,-6.02720521834812,6.081615655044361,0.027205218348120397,12.108820873392482,0.05441043669624055,0.0,0.05441043669624055,0.0,-0.05441043669624055,-0.05441043669624055,0.0,0.0,0.0,0.0,0.0,0.0,5.4437650985262347e-05,0.0,6.023080632470194,5.803188785752593,2.1206994493816467e-15,6.453171330633722e-16,0.8014999413859097,0.0,-6.275,6.325000000000001,0.1436140661634507,0.14361406616345046,8.864915016553227e-09,2.344559118359096e-06,0.006023096956081086,0.00595,2.6641830325324632e-06,0.005803089219654127,0.0059,0.3,0.0,0.24558956330376008,0.0
3939,3.939,3.94,-4.364958546629802,4.6421564983079975,0.13859897583909753,9.0071150449378,-0.10143636000347733,0.10899550377353434,1,1,-4.364958546629802,4.6421564983079975,-6.026934521902666,6.080803565707999,0.026934521902666653,12.107738087610665,0.05386904380533259,0.0,0.05386904380533259,0.0,-0.05386904380533259,-0.05386904380533259,0.0,0.0,0.0,0.0,0.0,0.0,5.389598730765423e-05,0.0,6.022915313409696,5.80417899822581,1.970645868709653e-15,6.175615574477433e-16,0.8014999414013819,0.0,-6.275,6.325000000000001,0.1436140661634507,0.14361406616345046,8.863213008220282e-09,2.343940233189314e-06,0.006022932014359728,0.00595,2.6662288864232056e-06,0.0058040804212814165,0.0059,0.3,0.0,0.24613095619466802,0.0
3949,3.9490000000000003,3.95,-4.364862542680601,4.6403248290536405,0.13773114318651958,9.005187371734241,-0.10144102070673705,0.10912971451206954,1,1,-4.364862542680601,4.6403248290536405,-6.026666518931848,6.079999556795545,0.026666518931848238,12.106666075727393,0.053333037863696184,0.0,0.053333037863696184,0.0,-0.053333037863696184,-0.053333037863696184,0.0,0.0,0.0,0.0,0.0,0.0,5.335971327369034e-05,0.0,6.022746271253098,5.8051593733949005,8.283372360425034e-16,6.245004513516506e-16,0.8014999414168298,0.0,-6.275,6.325000000000001,0.1436140661634507,0.14361406616345046,8.861509584824759e-09,2.343322315350915e-06,0.006022763340419439,0.00595,2.668273990396042e-06,0.0058050617757581776,0.0059,0.3,0.0,0.24666696213630443,0.0
3959,3.959,3.96,-4.364769916087744,4.6385061356021104,0.1368681097571831,9.003276051689856,-0.10144471532314875,0.10926447738970196,1,1,-4.364769916087744,4.6385061356021104,-6.026401182635145,6.079203547905435,0.026401182635145126,12.10560473054058,0.052802365270290495,0.0,0.052802365270290495,0.0,-0.052802365270290495,-0.052802365270290495,0.0,0.0,0.0,0.0,0.0,0.0,5.2828775255520394e-05,0.0,6.022573596434377,5.806130009183246,2.035697999058783e-15,6.314393452555578e-16,0.8014999414322516,0.0,-6.275,6.325000000000001,0.1436140661634507,0.14361406616345046,8.859804899815817e-09,2.342705442457435e-06,0.006022591024838321,0.00595,2.6703182142551186e-06,0.005806033381105944,0.0059,0.3,0.0,0.24719763472971013,0.0
3969,3.969,3.97,-4.364680751315791,4.6367006550166385,0.13600995185042386,9.00138140633243,-0.10144746095512247,0.10939945418912134,1,1,-4.364680751315791,4.6367006550166385,-6.0261384864787075,6.078415459436121,0.026138486478706646,12.104553945914828,0.05227697295741394,0.0,0.05227697295741394,0.0,-0.05227697295741394,-0.05227697295741394,0.0,0.0,0.0,0.0,0.0,0.0,5.230312015890012e-05,0.0,6.0223973779570645,5.807091002538076,8.819645859990677e-16,6.453171330633722e-16,0.8014999414476452,0.0,-6.275,6.325000000000001,0.1436140661634507,0.14361406616345046,8.858099106971929e-09,2.3420896945227126e-06,0.0060224151567620735,0.00595,2.6723614259083206e-06,0.005806995334369118,0.0059,0.3,0.0,0.2477230270425867,0.0
3979,3.979,3.98,-4.364595124938189,4.634908650063319,0.13515676256256492,8.999503775001507,-0.10144927521408165,0.1095343370295418,1,1,-4.364595124938189,4.634908650063319,-6.0258784041926985,6.0776352125780955,0.02587840419269849,12.103513616770794,0.051756808385397424,0.0,0.051756808385397424,0.0,-0.051756808385397424,-0.051756808385397424,0.0,0.0,0.0,0.0,0.0,0.0,5.178269541788183e-05,0.0,6.022217703413804,5.808042449440169,1.0160261846269003e-15,6.38378239159465e-16,0.8014999414630087,0.0,-6.275,6.325000000000001,0.1436140661634507,0.14361406616345046,8.856392360396852e-09,2.341475153898715e-06,0.006022235823923549,0.00595,2.674403491120803e-06,0.005807947731624695,0.0059,0.3,0.0,0.2482431916146032,0.0
3989,3.989,3.99,-4.3645131060379345,4.63313039619503,0.13430864507854778,8.997643502232965,-0.10145017613195334,0.10966884834528234,1,1,-4.3645131060379345,4.63313039619503,-6.025620909768675,6.076862729306026,0.02562090976867548,12.1024836390747,0.05124181953735027,0.0,0.05124181953735027,0.0,-0.05124181953735027,-0.05124181953735027,0.0,0.0,0.0,0.0,0.0,0.0,5.126744898955771e-05,0.0,6.022034659005648,5.808984444913453,1.366962099069724e-15,6.38378239159465e-16,0.80149994147834,0.0,-6.275,6.325000000000001,0.1436140661634507,0.14361406616345046,8.854684814515118e-09,2.3408619052044857e-06,0.0060220531126621,0.00595,2.6764442731463943e-06,0.005808890667991855,0.0059,0.3,0.0,0.24875818046265036,0.0
3999,3.999,4.0,-4.364434756592063,4.6313661714895495,0.1334657074487433,8.995800928081612,-0.1014501820812122,0.10980274002135249,1,1,-4.364434756592063,4.6313661714895495,-6.025365977456979,6.076097932370938,0.025365977456979216,12.101463909827917,0.05073195491395851,0.0,0.05073195491395851,0.0,-0.05073195491395851,-0.05073195491395851,0.0,0.0,0.0,0.0,0.0,0.0,5.075732934885556e-05,0.0,6.021848329561104,5.809917083034506,1.48318857196017e-15,6.591949208711867e-16,0.8014999414936367,0.0,-6.275,6.325000000000001,0.1436140661634507,0.14361406616345046,8.852976624067016e-09,2.3402500352106804e-06,0.0060218671079426385,0.00595,2.678483632507778e-06,0.005809824237641492,0.0059,0.3,0.0,0.24926804508604214,0.0
4009,4.009,4.01,-4.364360131840136,4.629616249004398,0.13262805858213111,8.993976380844533,-0.10144931170270322,0.10993579198418507,1,1,-4.364360131840136,4.629616249004398,-6.025113581764168,6.075340745292503,0.02511358176416767,12.10045432705667,0.05022716352833491,0.0,0.05022716352833491,0.0,-0.05022716352833491,-0.05022716352833491,0.0,0.0,0.0,0.0,0.0,0.0,5.0252285483386225e-05,0.0,6.021658798554961,5.810840456941953,2.5153490401663703e-16,6.245004513516506e-16,0.8014999415088967,0.0,-6.275,6.325000000000001,0.1436140661634507,0.14361406616345046,8.851267944103047e-09,2.3396396327263246e-06,0.006021677893374487,0.00595,2.6805214267144884e-06,0.0058107485338056,0.0059,0.3,0.0,0.2497728364716657,0.0
4019,4.019,4.0200000000000005,-4.364289280637022,4.6278808910885845,0.13179580522578105,8.992170171725608,-0.1014475838405704,0.11006781046465824,1,1,-4.364289280637022,4.6278808910885845,-6.02486369745046,6.07459109235138,0.02486369745045991,12.09945478980184,0.049727394900920256,0.0,0.049727394900920256,0.0,-0.049727394900920256,-0.049727394900920256,0.0,0.0,0.0,0.0,0.0,0.0,4.9752266888342265e-05,0.0,6.021466148126848,5.811754658845778,2.8624970232690727e-16,7.147060721024445e-16,0.8014999415241179,0.0,-6.275,6.325000000000001,0.1436140661634507,0.14361406616345046,8.849558929977847e-09,2.3390307884900122e-06,0.006021485551229959,0.00595,2.682557509996464e-06,0.005811663648786613,0.0059,0.3,0.0,0.25027260509908045,0.0
4029,4.029,4.03,-4.364222245790302,4.626160345264703,0.13096904973720047,8.990382591055004,-0.10144501748365176,0.11019862608900033,1,1,-4.364222245790302,4.626160345264703,-6.024616299527218,6.0738488985816526,0.024616299527217222,12.09846519810887,0.04923259905443532,0.0,0.04923259905443532,0.0,-0.04923259905443532,-0.04923259905443532,0.0,0.0,0.0,0.0,0.0,0.0,4.9257223561447484e-05,0.0,6.021270459099573,5.812659780036527,6.886852199627924e-16,7.077671781985373e-16,0.8014999415392976,0.0,-6.275,6.325000000000001,0.1436140661634507,0.14361406616345046,8.847849737343609e-09,2.3384235950078114e-06,0.0060212901624627285,0.00595,2.684591733097541e-06,0.005812569673966609,0.0059,0.3,0.0,0.2507674009455654,0.0
4039,4.039,4.04,-4.364159064382682,4.624454841360562,0.13014788848893977,8.988613905743243,-0.10144163171275561,0.11032809190695908,1,1,-4.364159064382682,4.624454841360562,-6.024371363254441,6.073114089763325,0.024371363254442002,12.097485453017766,0.048742726508883144,0.0,0.048742726508883144,0.0,-0.048742726508883144,-0.048742726508883144,0.0,0.0,0.0,0.0,0.0,0.0,4.87671059979567e-05,0.0,6.0210718109972285,5.813555910894436,7.41594285980085e-16,7.494005416219807e-16,0.8014999415544338,0.0,-6.275,6.325000000000001,0.1436140661634507,0.14361406616345046,8.846140522142944e-09,2.33781814642004e-06,0.006021091806725951,0.00595,2.686623943033428e-06,0.005813466699816451,0.0059,0.3,0.0,0.2512572734911176,0.0
4049,4.049,4.05,-4.364099768079879,4.6227645896266845,0.12933241077340263,8.986864357706564,-0.1014374456533107,0.11045608143234326,1,1,-4.364099768079879,4.6227645896266845,-6.024128864138301,6.072386592414902,0.02412886413830062,12.096515456553202,0.04825772827660093,0.0,0.04825772827660093,0.0,-0.04825772827660093,-0.04825772827660093,0.0,0.0,0.0,0.0,0.0,0.0,4.828186518570509e-05,0.0,6.020870282063057,5.8144431408984465,7.649656190607257e-16,7.424616477180734e-16,0.801499941569524,0.0,-6.275,6.325000000000001,0.1436140661634507,0.14361406616345046,8.84443144060125e-09,2.337214538345834e-06,0.006020890562390154,0.00595,2.6886539829229507e-06,0.005814354815904799,0.0059,0.3,0.0,0.2517422717233998,0.0
4059,4.059,4.0600000000000005,-4.364044383424407,4.621089779624735,0.12852269810016415,8.985134163049143,-0.1014324784328885,0.11058248674588295,1,1,-4.364044383424407,4.621089779624735,-6.02388877792868,6.071666333786042,0.023888777928680938,12.095555111714722,0.04777755585736128,0.0,0.04777755585736128,0.0,-0.04777755585736128,-0.04777755585736128,0.0,0.0,0.0,0.0,0.0,0.0,4.7801452600207074e-05,0.0,6.020665949277093,5.81532155863514,2.5587171270657905e-16,6.800116025829084e-16,0.8014999415845657,0.0,-6.275,6.325000000000001,0.1436140661634507,0.14361406616345046,8.842722649218566e-09,2.336612867718833e-06,0.006020686506560909,0.00595,2.690681691821517e-06,0.005815234110907077,0.0059,0.3,0.0,0.2522224441426394,0.0
4069,4.069,4.07,-4.363992932115768,4.619430579712753,0.1277188237984923,8.983423511828521,-0.10142674914317251,0.11070721669209277,1,1,-4.363992932115768,4.619430579712753,-6.0236510806167605,6.070953241850283,0.023651080616761355,12.094604322467044,0.04730216123352212,0.0,0.04730216123352212,0.0,-0.04730216123352212,-0.04730216123352212,0.0,0.0,0.0,0.0,0.0,0.0,4.7325820199803744e-05,0.0,6.020458888373582,5.816191251807581,8.040443311152501e-16,6.869504964868156e-16,0.8014999415995566,0.0,-6.275,6.325000000000001,0.1436140661634507,0.14361406616345046,8.8410143047609e-09,2.3360132326250886e-06,0.0060204797150962604,0.00595,2.692706904563469e-06,0.005816104672614306,0.0059,0.3,0.0,0.25269783876647856,0.0
4079,4.079,4.08,-4.36394543127753,4.617787136986964,0.12692085285471677,8.981732568264494,-0.10142027680597465,0.1108301951887089,1,1,-4.36394543127753,4.617787136986964,-6.023415748432612,6.070247245297837,0.023415748432612737,12.09366299373045,0.04683149686522492,0.0,0.04683149686522492,0.0,-0.04683149686522492,-0.04683149686522492,0.0,0.0,0.0,0.0,0.0,0.0,4.6854920420858714e-05,0.0,6.0202491738581685,5.817052307244074,1.9585028043778152e-15,7.216449660063518e-16,0.8014999416144941,0.0,-6.275,6.325000000000001,0.1436140661634507,0.14361406616345046,8.839306564251104e-09,2.3354157321343115e-06,0.006020270262623947,0.00595,2.6947294516443956e-06,0.005816966587941873,0.0059,0.3,0.0,0.2531685031347758,0.0
4089,4.089,4.09,-4.363901893711792,4.616159577567835,0.12612884192802154,8.980061471279626,-0.10141308034292307,0.1109513596579817,1,1,-4.363901893711792,4.616159577567835,-6.023182757842821,6.0695482735284605,0.023182757842819868,12.092731031371281,0.04636551568564062,0.0,0.04636551568564062,0.0,-0.04636551568564062,-0.04636551568564062,0.0,0.0,0.0,0.0,0.0,0.0,4.638870617300168e-05,0.0,6.020036879024876,5.81790481090682,1.2802462540616177e-15,7.7021722333370235e-16,0.8014999416293757,0.0,-6.275,6.325000000000001,0.1436140661634507,0.14361406616345046,8.837599584959248e-09,2.3348204661355583e-06,0.006020058222558396,0.00595,2.696749159123435e-06,0.005817819942938198,0.0059,0.3,0.0,0.25363448431436014,0.0
4099,4.099,4.1,-4.363862328141532,4.614548007140809,0.12534283949963854,8.97841033528234,-0.1014051785485004,0.11107065958267853,1,1,-4.363862328141532,4.614548007140809,-6.022952085548131,6.068856256644394,0.02295208554813133,12.091808342192525,0.04590417109626293,0.0,0.04590417109626293,0.0,-0.04590417109626293,-0.04590417109626293,0.0,0.0,0.0,0.0,0.0,0.0,4.5927130834419303e-05,0.0,6.0198220759728525,5.818748847900498,1.0599160438218291e-15,7.147060721024445e-16,0.8014999416441989,0.0,-6.275,6.325000000000001,0.1436140661634507,0.14361406616345046,8.835893524392552e-09,2.3342275351884594e-06,0.0060198436671174945,0.00595,2.6987658485655432e-06,0.005818664822793335,0.0059,0.3,0.0,0.2540958289037378,0.0
4109,4.109,4.11,-4.363826739441348,4.612952511680706,0.12456288611967903,8.976779251122053,-0.10139659006612123,0.111188055185229,1,1,-4.363826739441348,4.612952511680706,-6.022723708481124,6.068171125443373,0.022723708481124483,12.090894833924496,0.04544741696224849,0.0,0.04544741696224849,0.0,-0.04544741696224849,-0.04544741696224849,0.0,0.0,0.0,0.0,0.0,0.0,4.547014824719313e-05,0.0,6.019604835622916,5.819584502480758,2.203098814490545e-16,7.424616477180734e-16,0.8014999416589613,0.0,-6.275,6.325000000000001,0.1436140661634507,0.14361406616345046,8.834188540284876e-09,2.333637040334485e-06,0.006019626667339155,0.00595,2.7007793369770996e-06,0.005819501311847457,0.0059,0.3,0.0,0.25455258303775224,0.0
4119,4.119,4.12,-4.363795128857057,4.611373158303788,0.12378901472336556,8.975168287160844,-0.10138733336697875,0.11130351622561457,1,1,-4.363795128857057,4.611373158303788,-6.0224976038039015,6.067492811411705,0.022497603803901534,12.089990415215606,0.04499520760780324,0.0,0.04499520760780324,0.0,-0.04499520760780324,-0.04499520760780324,0.0,0.0,0.0,0.0,0.0,0.0,4.501771271268359e-05,0.0,6.019385227733877,5.820411858062629,1.7937040741600185e-15,8.396061623727746e-16,0.8014999416736602,0.0,-6.275,6.325000000000001,0.1436140661634507,0.14361406616345046,8.832484790585776e-09,2.3330490829703765e-06,0.0060194072930976625,0.00595,2.7027894367948057e-06,0.005820329493599275,0.0059,0.3,0.0,0.2550047923921976,0.0
4129,4.1290000000000004,4.13,-4.363767494214658,4.609809996203576,0.12302125099445904,8.973577490418233,-0.1013774267314052,0.11141702091176486,1,1,-4.363767494214658,4.609809996203576,-6.022273748905807,6.0668212467174225,0.0222737489058078,12.08909499562323,0.0445474978116149,0.0,0.0445474978116149,0.0,-0.0445474978116149,-0.0445474978116149,0.0,0.0,0.0,0.0,0.0,0.0,4.4569778986960196e-05,0.0,6.019163320918664,5.821230997228834,7.096916370546991e-16,8.534839501805891e-16,0.8014999416882932,0.0,-6.275,6.325000000000001,0.1436140661634507,0.14361406616345046,8.83078243344919e-09,2.3324637646682916e-06,0.006019185613119814,0.00595,2.7047959558545997e-06,0.005821149450714374,0.0059,0.3,0.0,0.25545250218838594,0.0
4139,4.139,4.14,-4.363743830119105,4.608263057636261,0.12225961375857786,8.972006887755366,-0.10136688823251028,0.11152855491522312,1,1,-4.363743830119105,4.608263057636261,-6.022052121401166,6.066156364203496,0.02205212140116508,12.088208485604662,0.04410424280233076,0.0,0.04410424280233076,0.0,-0.04410424280233076,-0.04410424280233076,0.0,0.0,0.0,0.0,0.0,0.0,4.412630227627711e-05,0.0,6.018939182660224,5.8220420017380405,1.8517698767601953e-15,9.298117831235686e-16,0.8014999417028575,0.0,-6.275,6.325000000000001,0.1436140661634507,0.14361406616345046,8.829081627221707e-09,2.331881187040357e-06,0.006018961695000845,0.00595,2.706798697458268e-06,0.005821961265033458,0.0059,0.3,0.0,0.25589575719767016,0.0
4149,4.149,4.15,-4.363724128143366,4.6067323589293485,0.12150411539299144,8.970456487072713,-0.10135573572190498,0.11163811048436029,1,1,-4.363724128143366,4.6067323589293485,-6.02183269912704,6.065498097381121,0.021832699127040556,12.08733079650816,0.0436653982540805,0.0,0.0436653982540805,0.0,-0.0436653982540805,-0.0436653982540805,0.0,0.0,0.0,0.0,0.0,0.0,4.368723823259368e-05,0.0,6.018712879327245,5.822844952533014,1.5985476831126277e-15,9.992007221626409e-16,0.801499941717351,0.0,-6.275,6.325000000000001,0.1436140661634507,0.14361406616345046,8.827382530430499e-09,2.3313014516054434e-06,0.006018735605220162,0.00595,2.708797460364565e-06,0.005822765017580516,0.0059,0.3,0.0,0.2563346017459205,0.0
4159,4.159,4.16,-4.36370837700819,4.605217901493404,0.12075476224260706,8.968926278501595,-0.1013439868172955,0.11174568564730064,1,1,-4.36370837700819,4.605217901493404,-6.021615460141022,6.064846380423066,0.02161546014102189,12.086461840564088,0.04323092028204361,0.0,0.04323092028204361,0.0,-0.04323092028204361,-0.04323092028204361,0.0,0.0,0.0,0.0,0.0,0.0,4.325254294913967e-05,0.0,6.01848447618963,5.8236399297486905,5.981543385602528e-16,9.922618282587337e-16,0.8014999417317707,0.0,-6.275,6.325000000000001,0.1436140661634507,0.14361406616345046,8.825685301770916e-09,2.330724659655935e-06,0.006018507409156862,0.00595,2.7107920388580453e-06,0.0058235607885709076,0.0059,0.3,0.0,0.25676907971795737,0.0
4169,4.1690000000000005,4.17,-4.363696562753036,4.603719672821756,0.12001155503436012,8.967416235574792,-0.10133165889179813,0.11185128349688073,1,1,-4.363696562753036,4.603719672821756,-6.0214003827190306,6.064201148157092,0.021400382719030553,12.085601530876122,0.04280076543806082,0.0,0.04280076543806082,0.0,-0.04280076543806082,-0.04280076543806082,0.0,0.0,0.0,0.0,0.0,0.0,4.2822172956024486e-05,0.0,6.018254037433834,5.824427012720186,5.299580219109146e-16,1.0477729794899915e-15,0.8014999417461144,0.0,-6.275,6.325000000000001,0.1436140661634507,0.14361406616345046,8.823990100093736e-09,2.3301509121200648e-06,0.0060182771711050605,0.00595,2.712782222846766e-06,0.0058243486574193724,0.0059,0.3,0.0,0.2571992345619402,0.0
4179,4.179,4.18,-4.3636886688985514,4.602237647466933,0.11927448928419082,8.965926316365485,-0.10131876906479681,0.11195491155025772,1,1,-4.3636886688985514,4.602237647466933,-6.021187445353144,6.063562336059434,0.021187445353144874,12.084749781412578,0.04237489070628926,0.0,0.04237489070628926,0.0,-0.04237489070628926,-0.04237489070628926,0.0,0.0,0.0,0.0,0.0,0.0,4.239608521589017e-05,0.0,6.018021626177948,5.825206279990702,1.6819838165489653e-15,1.0130785099704553e-15,0.8014999417603794,0.0,-6.275,6.325000000000001,0.1436140661634507,0.14361406616345046,8.82229708439215e-09,2.3295803094597747e-06,0.00601804495428901,0.00595,2.7147677979022512e-06,0.00582512870274795,0.0059,0.3,0.0,0.25762510929371174,0.0
4189,4.189,4.19,-4.363684676601007,4.600771787985737,0.11854355569236485,8.964456464586744,-0.1013053341942105,0.11205658117620754,1,1,-4.363684676601007,4.600771787985737,-6.02097662674945,6.062929880248351,0.020976626749450666,12.083906506997801,0.04195325349890085,0.0,0.04195325349890085,0.0,-0.04195325349890085,-0.04195325349890085,0.0,0.0,0.0,0.0,0.0,0.0,4.197423711960762e-05,0.0,6.017787304486625,5.8259778093193795,2.2183521838047005e-15,9.575673587391975e-16,0.8014999417745633,0.0,-6.275,6.325000000000001,0.1436140661634507,0.14361406616345046,8.820606413788436e-09,2.329012951550809e-06,0.006017810820878039,0.00595,2.7167485453860607e-06,0.005825901002393836,0.0059,0.3,0.0,0.2580467465011001,0.0
4199,4.199,4.2,-4.363684564799084,4.599284992044444,0.1178002136226799,8.962969556843529,-0.10129137087002998,0.10634403931577802,1,1,-4.363684564799084,4.599284992044444,-6.020767905825912,6.062303717477735,0.02076790582591137,12.083071623303647,0.04153581165182348,0.0,0.04153581165182348,0.0,-0.04153581165182348,-0.04153581165182348,0.0,0.0,0.0,0.0,0.0,0.0,4.1556586482015675e-05,0.0,6.017551133385796,5.826741677689056,1.046905617752003e-15,9.645062526431047e-16,0.8014999417886637,0.0,-6.275,6.325000000000001,0.1436140661634507,0.14361406616345046,8.818918247520391e-09,2.32844893760722e-06,0.0060175748320012955,0.00595,2.7187242425497083e-06,0.005826665633417149,0.0059,0.3,0.0,0.25846418834817747,0.0
4209,4.2090000000000005,4.21,-4.363688310353351,4.597773046757597,0.1170423682021231,8.961461357110949,-0.1012768954090118,0.10644139242011963,1,1,-4.363688310353351,4.597773046757597,-6.020561261710262,6.0616837851307865,0.02056126171026218,12.082245046841049,0.041122523420524595,0.0,0.041122523420524595,0.0,-0.041122523420524595,-0.041122523420524595,0.0,0.0,0.0,0.0,0.0,0.0,4.1143091537702544e-05,0.0,6.017313172877191,5.827497961313952,1.3114509478384662e-15,1.0130785099704553e-15,0.8014999418026779,0.0,-6.275,6.325000000000001,0.1436140661634507,0.14361406616345046,8.81723274492751e-09,2.327888366061465e-06,0.006017337047762283,0.00595,2.720694662650125e-06,0.005827422672108631,0.0059,0.3,0.0,0.2588774765794764,0.0
4219,4.219,4.22,-4.3636958881788095,4.596278095429392,0.11629110362529138,8.9599739836082,-0.10126192385041255,0.1065369383137349,1,1,-4.3636958881788095,4.596278095429392,-6.020356673737918,6.061070021213755,0.020356673737918385,12.081426694951674,0.04071334747583665,0.0,0.04071334747583665,0.0,-0.04071334747583665,-0.04071334747583665,0.0,0.0,0.0,0.0,0.0,0.0,4.073371093682922e-05,0.0,6.017073481952703,5.82824673564729,1.6792123247455493e-15,1.0477729794899915e-15,0.8014999418166037,0.0,-6.275,6.325000000000001,0.1436140661634507,0.14361406616345046,8.815550065436931e-09,2.327331334504455e-06,0.006017097527253236,0.00595,2.7226595750495796e-06,0.0058281721939972605,0.0059,0.3,0.0,0.2592866525241644,0.0
4229,4.229,4.23,-4.363707271370826,4.594800054343054,0.1155463914861139,8.95850732571388,-0.10124647195266817,0.10663069306071388,1,1,-4.363707271370826,4.594800054343054,-6.020154121449912,6.060462364349736,0.020154121449912132,12.080616485799649,0.040308242899824195,0.0,0.040308242899824195,0.0,-0.040308242899824195,-0.040308242899824195,0.0,0.0,0.0,0.0,0.0,0.0,4.032840374099444e-05,0.0,6.016832118608532,5.828988075388821,1.1391034599947392e-15,1.1518563880486e-15,0.8014999418304385,0.0,-6.275,6.325000000000001,0.1436140661634507,0.14361406616345046,8.81387036854919e-09,2.3267779396100547e-06,0.00601685632856929,0.00595,2.724618745375551e-06,0.005828914273857803,0.0059,0.3,0.0,0.25969175710017695,0.0
4239,4.239,4.24,-4.363722431324779,4.593338831261058,0.11480819996813985,8.957061262585837,-0.10123055519092206,0.10672267480669906,1,1,-4.363722431324779,4.593338831261058,-6.019953584590846,6.059860753772538,0.019953584590846063,12.079814338363384,0.03990716918169203,0.0,0.03990716918169203,0.0,-0.03990716918169203,-0.03990716918169203,0.0,0.0,0.0,0.0,0.0,0.0,3.9927129419140876e-05,0.0,6.016589139859159,5.829722054492306,1.6219664500383146e-16,1.124100812432971e-15,0.80149994184418,0.0,-6.275,6.325000000000001,0.1436140661634507,0.14361406616345046,8.81219381382374e-09,2.3262282770573736e-06,0.006016613508822479,0.00595,2.726571935613986e-06,0.005829648985718283,0.0059,0.3,0.0,0.2600928308183091,0.0
4249,4.249,4.25,-4.363741337849725,4.591894326189275,0.11407649416977472,8.955635664039,-0.10121418875532501,0.10681290348788869,1,1,-4.363741337849725,4.591894326189275,-6.0197550431068665,6.059265129320601,0.019755043106867376,12.079020172427468,0.039510086213734114,0.0,0.039510086213734114,0.0,-0.039510086213734114,-0.039510086213734114,0.0,0.0,0.0,0.0,0.0,0.0,3.9529847843501935e-05,0.0,6.016344601751156,5.830448746172892,1.313185671314443e-15,1.1379786002407855e-15,0.8014999418578259,0.0,-6.275,6.325000000000001,0.1436140661634507,0.14361406616345046,8.81052056086432e-09,2.325682441506337e-06,0.006016369124155547,0.00595,2.7285189042625114e-06,0.005830376402867374,0.0059,0.3,0.0,0.260489913786267,0.0
4259,4.259,4.26,-4.36376395927638,4.590466432093017,0.11335123640831846,8.954230391369396,-0.10119738755002744,0.10690140057053266,1,1,-4.36376395927638,4.590466432093017,-6.019558477143661,6.058675431430984,0.019558477143661435,12.078233908574646,0.03911695428732276,0.0,0.03911695428732276,0.0,-0.03911695428732276,-0.03911695428732276,0.0,0.0,0.0,0.0,0.0,0.0,3.9136519285589e-05,0.0,6.016098559376791,5.831168222914434,1.1596626436904955e-15,1.2212453270876722e-15,0.8014999418713737,0.0,-6.275,6.325000000000001,0.1436140661634507,0.14361406616345046,8.808850769304118e-09,2.3251405265199705e-06,0.006016123229755584,0.00595,2.730459406439234e-06,0.005831096597861739,0.0059,0.3,0.0,0.26088304571267845,0.0
4269,4.269,4.2700000000000005,-4.363790262559683,4.589055035566555,0.11263238650343599,8.952845298126238,-0.10118016619278719,0.10698818881792665,1,1,-4.363790262559683,4.589055035566555,-6.019363867044469,6.058091601133406,0.019363867044468464,12.077455468177876,0.03872773408893771,0.0,0.03872773408893771,0.0,-0.03872773408893771,-0.03872773408893771,0.0,0.0,0.0,0.0,0.0,0.0,3.8747104412218516e-05,0.0,6.015851066887475,5.831880556476747,5.663872149064275e-16,1.1726730697603216e-15,0.8014999418848213,0.0,-6.275,6.325000000000001,0.1436140661634507,0.14361406616345046,8.807184598790804e-09,2.3246026245310943e-06,0.00601587587986749,0.00595,2.73239319401819e-06,0.005831809642533272,0.0059,0.3,0.0,0.26127226591106345,0.0
4279,4.279,4.28,-4.363820213376229,4.587660017457884,0.11191990204082725,8.951480230834113,-0.10116253901515188,0.10707329208223926,1,1,-4.363820213376229,4.587660017457884,-6.019171193348118,6.057513580044352,0.01917119334811712,12.07668477339247,0.03834238669623476,0.0,0.03834238669623476,0.0,-0.03834238669623476,-0.03834238669623476,0.0,0.0,0.0,0.0,0.0,0.0,3.836156428157859e-05,0.0,6.01560217750703,5.832585817902781,3.7545243606815215e-16,1.186550857568136e-15,0.8014999418981662,0.0,-6.275,6.325000000000001,0.1436140661634507,0.14361406616345046,8.805522208971349e-09,2.3240688268290014e-06,0.006015627127807251,0.00595,2.734320015771452e-06,0.0058325156079962834,0.0059,0.3,0.0,0.2616576133037664,0.0
4289,4.289,4.29,-4.363853776216794,4.586281253450759,0.11121373861698247,8.950135029667553,-0.10114452006312807,0.10715673511869445,1,1,-4.363853776216794,4.586281253450759,-6.018980436787077,6.05694131036123,0.018980436787076727,12.075921747148307,0.03796087357415354,0.0,0.03796087357415354,0.0,-0.03796087357415354,-0.03796087357415354,0.0,0.0,0.0,0.0,0.0,0.0,3.7979860339334906e-05,0.0,6.015351943544787,5.833284077525722,1.7520707107365752e-16,1.2004286453759505e-15,0.8014999419114063,0.0,-6.275,6.325000000000001,0.1436140661634507,0.14361406616345046,8.803863759476755e-09,2.3235392235150464e-06,0.006015377025975063,0.00595,2.7362396174490657e-06,0.005833214564654622,0.0059,0.3,0.0,0.26203912642584765,0.0
4299,4.299,4.3,-4.363890914474225,4.584918614606106,0.11051385006594039,8.94880952908033,-0.10112612309831293,0.1072385434199069,1,1,-4.363890914474225,4.584918614606106,-6.018791578285533,6.056374734856596,0.018791578285531685,12.075166313142129,0.037583156571063904,0.0,0.037583156571063904,0.0,-0.037583156571063904,-0.037583156571063904,0.0,0.0,0.0,0.0,0.0,0.0,3.7601954414775145e-05,0.0,6.015100416408515,5.833975404976036,1.1662830532062352e-15,1.2004286453759505e-15,0.8014999419245392,0.0,-6.275,6.325000000000001,0.1436140661634507,0.14361406616345046,8.802209409906595e-09,2.3230139034871043e-06,0.006015125625868275,0.00595,2.738151741976669e-06,0.0058339065822087125,0.0059,0.3,0.0,0.2624168434289373,0.0
4309,4.309,4.3100000000000005,-4.363931590526896,4.58357196786495,0.1098201886690271,8.947503558391846,-0.10110736159941874,0.10731874306833172,1,1,-4.363931590526896,4.58357196786495,-6.0186045989574755,6.055813796872426,0.01860459895747546,12.074418395829902,0.03720919791495077,0.0,0.03720919791495077,0.0,-0.03720919791495077,-0.03720919791495077,0.0,0.0,0.0,0.0,0.0,0.0,3.722780871699193e-05,0.0,6.014847646617182,5.834659869188431,6.539907504432563e-16,1.124100812432971e-15,0.801499941937563,0.0,-6.275,6.325000000000001,0.1436140661634507,0.14361406616345046,8.800559319813433e-09,2.322492954439569e-06,0.006014872978094164,0.00595,2.7400561295043423e-06,0.005834591729662523,0.0059,0.3,0.0,0.26279080208505035,0.0
4319,4.319,4.32,-4.363975765817966,4.5822411765150495,0.10913270534854158,8.946216942333017,-0.1010882487641615,0.10739736060502714,1,1,-4.363975765817966,4.5822411765150495,-6.018419480104818,6.055258440314455,0.018419480104818753,12.073677920419273,0.03683896020963689,0.0,0.03683896020963689,0.0,-0.03683896020963689,-0.03683896020963689,0.0,0.0,0.0,0.0,0.0,0.0,3.6857385831103676e-05,0.0,6.014593683813545,5.83533753840876,5.455705331947058e-16,1.0477729794899915e-15,0.8014999419504752,0.0,-6.275,6.325000000000001,0.1436140661634507,0.14361406616345046,8.798913648687085e-09,2.3219764628322687e-06,0.006014619132382547,0.00595,2.741952517577584e-06,0.005835270075330486,0.0059,0.3,0.0,0.26316103979036415,0.0
4329,4.329,4.33,-4.364023400930642,4.58092610062336,0.10845134984635907,8.944949501554003,-0.10106879751146547,0.10747442291307002,1,1,-4.364023400930642,4.58092610062336,-6.018236203215522,6.054708609646565,0.018236203215521662,12.072944812862087,0.03647240643104322,0.0,0.03647240643104322,0.0,-0.03647240643104322,-0.03647240643104322,0.0,0.0,0.0,0.0,0.0,0.0,3.649064871451314e-05,0.0,6.014338576776596,5.836008480200849,4.102621020685149e-16,1.061650767297806e-15,0.8014999419632739,0.0,-6.275,6.325000000000001,0.1436140661634507,0.14361406616345046,8.797272555938762e-09,2.3214645139259913e-06,0.006014364137598238,0.00595,2.743840641223905e-06,0.005835941686844326,0.0059,0.3,0.0,0.26352759356895783,0.0
4339,4.339,4.34,-4.364074455659629,4.57962659743643,0.1077760708884008,8.94370105309606,-0.10104902048395092,0.10754995711414972,1,1,-4.364074455659629,4.57962659743643,-6.018054749961743,6.05416424988523,0.01805474996174361,12.072218999846973,0.03610949992348642,0.0,0.03610949992348642,0.0,-0.03610949992348642,-0.03610949992348642,0.0,0.0,0.0,0.0,0.0,0.0,3.612756069320302e-05,0.0,6.014082373433821,5.836672761453271,1.132774429812855e-15,9.783840404509192e-16,0.801499941975957,0.0,-6.275,6.325000000000001,0.1436140661634507,0.14361406616345046,8.795636200885055e-09,2.320957191735856e-06,0.006014108041753325,0.00595,2.745720233108262e-06,0.005836606631159835,0.0059,0.3,0.0,0.26389050007651454,0.0
4349,4.349,4.3500000000000005,-4.3641288890789784,4.578342521750752,0.10710681633588681,8.94247141082973,-0.1010289300506717,0.10762399047699128,1,1,-4.3641288890789784,4.578342521750752,-6.017875102198007,6.05362530659402,0.017875102198006587,12.071500408792026,0.03575020439601333,0.0,0.03575020439601333,0.0,-0.03575020439601333,-0.03575020439601333,0.0,0.0,0.0,0.0,0.0,0.0,3.576808545806863e-05,0.0,6.0138251208733235,5.837330448386037,1.8318679906315083e-15,9.853229343548264e-16,0.8014999419885223,0.0,-6.275,6.325000000000001,0.1436140661634507,0.14361406616345046,8.79400474273179e-09,2.320454579095707e-06,0.006013850892019311,0.00595,2.747591023635199e-06,0.0058372649745635835,0.0059,0.3,0.0,0.26424979560398765,0.0
4359,4.359,4.36,-4.3641866596064975,4.577073726255016,0.10644353332425904,8.941260385861513,-0.10100853831006784,0.10769655033640857,1,1,-4.3641866596064975,4.577073726255016,-6.017697241959386,6.053091725878158,0.017697241959385934,12.070788967837544,0.03539448391877177,0.0,0.03539448391877177,0.0,-0.03539448391877177,-0.03539448391877177,0.0,0.0,0.0,0.0,0.0,0.0,3.541218706128688e-05,0.0,6.013566865355778,5.83798160655723,1.48318857196017e-15,9.575673587391975e-16,0.8014999420009677,0.0,-6.275,6.325000000000001,0.1436140661634507,0.14361406616345046,8.79237834055775e-09,2.319956757615922e-06,0.006013592734739077,0.00595,2.7494527410687474e-06,0.005837916782679548,0.0059,0.3,0.0,0.2646055160812292,0.0
4369,4.369,4.37,-4.364247725064881,4.575820061846126,0.10578616839062249,8.940067786911007,-0.10098785709312053,0.10776766402189969,1,1,-4.364247725064881,4.575820061846126,-6.017521151459708,6.0525634543791265,0.017521151459709117,12.070084605838835,0.0350423029194176,0.0,0.0350423029194176,0.0,-0.0350423029194176,-0.0350423029194176,0.0,0.0,0.0,0.0,0.0,0.0,3.505982991272152e-05,0.0,6.013307652326232,5.838626300869584,5.247877328008743e-16,9.228728892196614e-16,0.8014999420132914,0.0,-6.275,6.325000000000001,0.1436140661634507,0.14361406616345046,8.790757153298214e-09,2.3194638077300464e-06,0.006013333615438709,0.00595,2.75130511167454e-06,0.005838562120475705,0.0059,0.3,0.0,0.2649576970805833,0.0
4379,4.3790000000000004,4.38,-4.364312042739751,4.574581377920751,0.10513466759049983,8.938893420660502,-0.10096689796666031,0.10783735879479783,1,1,-4.364312042739751,4.574581377920751,-6.0173468130897785,6.052040439269335,0.01734681308977848,12.069387252359114,0.03469362617955738,0.0,0.03469362617955738,0.0,-0.03469362617955738,-0.03469362617955738,0.0,0.0,0.0,0.0,0.0,0.0,3.471097877636405e-05,0.0,6.0130475264257575,5.839264595576971,8.335549589975899e-16,9.228728892196614e-16,0.8014999420254915,0.0,-6.275,6.325000000000001,0.1436140661634507,0.14361406616345046,8.789141339728393e-09,2.3189758086992287e-06,0.006013073578839152,0.00595,2.7531478598330493e-06,0.0058392010522705234,0.0059,0.3,0.0,0.26530637382044353,0.0
4389,4.389,4.39,-4.364379569434724,4.573357522644078,0.10448897660467704,8.937737092078802,-0.10094567223682821,0.10790566179311095,1,1,-4.364379569434724,4.573357522644078,-6.017174209415613,6.05152262824684,0.01717420941561354,12.068696837662452,0.034348418831226565,0.0,0.034348418831226565,0.0,-0.034348418831226565,-0.034348418831226565,0.0,0.0,0.0,0.0,0.0,0.0,3.436559876681012e-05,0.0,6.01278653150294,5.839896554290862,1.8171228410857054e-15,8.743006318923108e-16,0.8014999420375657,0.0,-6.275,6.325000000000001,0.1436140661634507,0.14361406616345046,8.78753105844669e-09,2.3184928386299884e-06,0.006012812668867733,0.00595,2.7549807081950206e-06,0.005839833641739422,0.0059,0.3,0.0,0.2656515811687743,0.0
4399,4.399,4.4,-4.364450261523678,4.572148343197359,0.10384904083684043,8.936598604721038,-0.10092419095266092,0.1079725999832451,1,1,-4.364450261523678,4.572148343197359,-6.017003323176701,6.051009969530104,0.01700332317670128,12.068013292706805,0.03400664635340265,0.0,0.03400664635340265,0.0,-0.03400664635340265,-0.03400664635340265,0.0,0.0,0.0,0.0,0.0,0.0,3.402365534577097e-05,0.0,6.012524710625244,5.840522239986692,1.9350840374521283e-15,8.118505867571457e-16,0.8014999420495122,0.0,-6.275,6.325000000000001,0.1436140661634507,0.14361406616345046,8.785926467857784e-09,2.31801497450752e-06,0.00601255092866952,0.00595,2.756803377794714e-06,0.00584045995192116,0.0059,0.3,0.0,0.26599335364659815,0.0
4409,4.409,4.41,-4.364524075000341,4.57095368600573,0.10321480550269424,8.935477761006071,-0.10090246490977728,0.10803820011790449,1,1,-4.364524075000341,4.57095368600573,-6.016834137284277,6.05050241185283,0.01683413728427663,12.067336549137107,0.03366827456855304,0.0,0.03366827456855304,0.0,-0.03366827456855304,-0.03366827456855304,0.0,0.0,0.0,0.0,0.0,0.0,3.3685114318619546e-05,0.0,6.012262106090201,5.841141715010183,1.1826545060107663e-15,8.396061623727746e-16,0.8014999420613292,0.0,-6.275,6.325000000000001,0.1436140661634507,0.14361406616345046,8.784327726155581e-09,2.3175422922112377e-06,0.006012288400618535,0.00595,2.7586155882186602e-06,0.005841080045224146,0.0059,0.3,0.0,0.2663317254314478,0.0
4419,4.4190000000000005,4.42,-4.364600965525335,4.569773396947704,0.10258621571118454,8.934374362473038,-0.10088050465415083,0.10810248869952604,1,1,-4.364600965525335,4.569773396947704,-6.016666634819609,6.049999904458826,0.016666634819608284,12.066666539278435,0.03333326963921728,0.0,0.03333326963921728,0.0,-0.03333326963921728,-0.03333326963921728,0.0,0.0,0.0,0.0,0.0,0.0,3.3349941830970996e-05,0.0,6.011998759436468,5.841805041083594,1.1188966420050406e-15,8.257283745649602e-16,0.8014999420730149,0.0,-6.275,6.275000000000001,0.1436140661634507,0.14361406616345046,8.782734991305976e-09,2.3170748665169945e-06,0.006012025126328834,0.00595,2.7604170577388844e-06,0.005841693983432705,0.00595,0.3,0.0,0.26666673036078353,0.0
4429,4.429,4.43,-4.364680888470799,4.568607321547643,0.10196321653842189,8.933288210018443,-0.10085832048596283,0.10816549194866798,1,1,-4.364680888470799,4.568607321547643,-6.016500799032311,6.049502397096935,0.016500799032312052,12.066003196129246,0.03300159806462326,0.0,0.03300159806462326,0.0,-0.03300159806462326,-0.03300159806462326,0.0,0.0,0.0,0.0,0.0,0.0,3.301810436529726e-05,0.0,6.011734711451281,5.842909537541985,7.355227538141662e-16,8.743006318923108e-16,0.8014999420845673,0.0,-6.275,6.275000000000001,0.1436140661634507,0.14361406616345046,8.781780386737155e-09,2.3166127711636966e-06,0.0060117611466625875,0.00595,2.762207503477221e-06,0.005842799583699963,0.00595,0.3,0.0,0.2669984019353776,0.0
4439,4.439,4.44,-4.364763798962711,4.56745530515244,0.10134575309486449,8.932219104115152,-0.1008359224635072,0.10822723577684018,1,1,-4.364763798962711,4.56745530515244,-6.016336613338669,6.049009840016006,0.01633661333866865,12.065346453354675,0.032673226677337124,0.0,0.032673226677337124,0.0,-0.032673226677337124,-0.032673226677337124,0.0,0.0,0.0,0.0,0.0,0.0,3.268956873757523e-05,0.0,6.01147000218536,5.8440030563776215,1.7702853072343316e-15,9.367506770274758e-16,0.8014999420959845,0.0,-6.275,6.275000000000001,0.1436140661634507,0.14361406616345046,8.780831917848138e-09,2.3161560788444208e-06,0.006011496501743119,0.00595,2.7639866415873905e-06,0.00584389419536718,0.00595,0.3,0.0,0.2673267733226638,0.0
4449,4.449,4.45,-4.364849651921017,4.566317193093476,0.10073377058622945,8.931166845014493,-0.10081332040714014,0.10828774576368466,1,1,-4.364849651921017,4.566317193093476,-6.0161740613199735,6.04852218395992,0.016174061319973454,12.064696245279894,0.032348122639946505,0.0,0.032348122639946505,0.0,-0.032348122639946505,-0.032348122639946505,0.0,0.0,0.0,0.0,0.0,0.0,3.236430209396836e-05,0.0,6.011204670965721,5.845085706759864,1.7156415177410622e-15,8.743006318923108e-16,0.8014999421072649,0.0,-6.275,6.275000000000001,0.1436140661634507,0.14361406616345046,8.779889754591587e-09,2.3157048612463835e-06,0.006011231230969625,0.00595,2.765754187408209e-06,0.0058449779277132815,0.00595,0.3,0.0,0.26765187736005436,0.0
4459,4.4590000000000005,4.46,-4.364938402097672,4.5651928303961204,0.10012721414922421,8.930131232493792,-0.10079052390327109,0.10834704847978521,1,1,-4.364938402097672,4.5651928303961204,-6.016013126720889,6.048039380162665,0.01601312672088806,12.064052506883554,0.032026253441776745,0.0,0.032026253441776745,0.0,-0.032026253441776745,-0.032026253441776745,0.0,0.0,0.0,0.0,0.0,0.0,3.204227190754124e-05,0.0,6.010938756403315,5.8461575967684425,9.973372496786814e-16,9.020562075079397e-16,0.8014999421184068,0.0,-6.275,6.275000000000001,0.1436140661634507,0.14361406616345046,8.778954067221705e-09,2.315259189064262e-06,0.006010965373024196,0.00595,2.767509855647887e-06,0.0058460508889264665,0.00595,0.3,0.0,0.26797374655822415,0.0
4469,4.469,4.47,-4.365030004112698,4.564082043812034,0.09952601984966813,8.929112047924733,-0.10076754230836954,0.10840521063247954,1,1,-4.365030004112698,4.564082043812034,-6.015853793447819,6.04756138034346,0.01585379344782023,12.06341517379128,0.031707586895639794,0.0,0.031707586895639794,0.0,-0.031707586895639794,-0.031707586895639794,0.0,0.0,0.0,0.0,0.0,0.0,3.1723445975006844e-05,0.0,6.010672296403377,5.847218833404282,4.779163176316104e-16,9.43689570931383e-16,0.8014999421294081,0.0,-6.275,6.275000000000001,0.1436140661634507,0.14361406616345046,8.778025025754658e-09,2.314819132044605e-06,0.006010698965882178,0.00595,2.7692533605883085e-06,0.005847113186115062,0.00595,0.3,0.0,0.26829241310436114,0.0
4479,4.479,4.48,-4.365124412488353,4.562984524887042,0.09893005619934492,8.928108937375395,-0.10074438475299236,0.1084625138787626,1,1,-4.365124412488353,4.562984524887042,-6.015696045567308,6.047088136701923,0.015696045567307415,12.062784182269231,0.03139209113461548,0.0,0.03139209113461548,0.0,-0.03139209113461548,-0.03139209113461548,0.0,0.0,0.0,0.0,0.0,0.0,3.140779241350625e-05,0.0,6.010405328175653,5.848269522600269,3.5561831257524545e-16,8.743006318923108e-16,0.8014999421402674,0.0,-6.275,6.275000000000001,0.1436140661634507,0.14361406616345046,8.777102799796642e-09,2.31438475898805e-06,0.006010432046822407,0.00595,2.770984416284872e-06,0.005848164925318274,0.00595,0.3,0.0,0.2686079088653854,0.0
4489,4.489,4.49,-4.365221581681497,4.5618996040668405,0.09833901119267185,8.927121185748337,-0.10072106014581139,0.1085196417114187,1,1,-4.365221581681497,4.5618996040668405,-6.015539867304432,6.046619601913297,0.015539867304432242,12.062159469217729,0.03107973460886479,0.0,0.03107973460886479,0.0,-0.03107973460886479,-0.03107973460886479,0.0,0.0,0.0,0.0,0.0,0.0,3.109527965742024e-05,0.0,6.010137888244483,5.849309769231855,7.077671781985373e-16,8.604228440844963e-16,0.801499942150983,0.0,-6.275,6.275000000000001,0.1436140661634507,0.14361406616345046,8.776187558457713e-09,2.3139561377870747e-06,0.006010164652437313,0.00595,2.7727027367663305e-06,0.005849206211516823,0.00595,0.3,0.0,0.26892026539113606,0.0
4499,4.499,4.5,-4.365321466114252,4.560826099308934,0.09775231659734107,8.926147565423186,-0.1006975771776461,0.10857763849803581,1,1,-4.365321466114252,4.560826099308934,-6.015385243041238,6.046155729123712,0.015385243041237118,12.06154097216495,0.03077048608247485,0.0,0.03077048608247485,0.0,-0.03077048608247485,-0.03077048608247485,0.0,0.0,0.0,0.0,0.0,0.0,3.07858764552128e-05,0.0,6.009870012458759,5.850339677127608,1.5027516449099554e-15,9.471590178833367e-16,0.801499942161553,0.0,-6.275,6.275000000000001,0.1436140661634507,0.14361406616345046,8.77527947029832e-09,2.3135333354415382e-06,0.0060098968186428885,0.00595,2.774408036252396e-06,0.005850237148643494,0.00595,0.3,0.0,0.2692295139175261,0.0
4509,4.509,4.51,-4.36542402020302,4.559762354243374,0.0971691670201773,8.925186374446394,-0.10067394432548338,0.10863768832743648,1,1,-4.36542402020302,4.559762354243374,-6.015232157315168,6.045696471945503,0.01523215731516725,12.06092862926067,0.030464314630335318,0.0,0.030464314630335318,0.0,-0.030464314630335318,-0.030464314630335318,0.0,0.0,0.0,0.0,0.0,0.0,3.0479551866305862e-05,0.0,6.0096017360017475,5.851359349079612,5.733261088103347e-16,9.853229343548264e-16,0.801499942171976,0.0,-6.275,6.275000000000001,0.1436140661634507,0.14361406616345046,8.774378703291075e-09,2.3131164180831045e-06,0.00600962858068853,0.00595,2.7761000293780037e-06,0.005851257839593555,0.00595,0.3,0.0,0.26953568536966566,0.0
4519,4.519,4.5200000000000005,-4.365529198385959,4.558706412320349,0.09658860696719529,8.924235610706308,-0.10065016985647879,0.10870088591642901,1,1,-4.365529198385959,4.558706412320349,-6.015080594817523,6.0452417844525685,0.015080594817522552,12.060322379270092,0.030161189635045826,0.0,0.030161189635045826,0.0,-0.030161189635045826,-0.030161189635045826,0.0,0.0,0.0,0.0,0.0,0.0,3.017627525798526e-05,0.0,6.009333093400786,5.852368886853816,1.56472057533108e-15,9.992007221626409e-16,0.8014999421822501,0.0,-6.275,6.275000000000001,0.1436140661634507,0.14361406616345046,8.773485424790548e-09,2.3127054509885675e-06,0.006009359973166729,0.00595,2.777778431437561e-06,0.005852268386235104,0.00595,0.3,0.0,0.26983881036495516,0.0
4529,4.529,4.53,-4.365636955148973,4.557656226120061,0.0960096354855442,8.923293181269035,-0.10062626183195117,0.10876809125091952,1,1,-4.365636955148973,4.557656226120061,-6.014930540391927,6.044791621175782,0.014930540391927316,12.05972216156771,0.029861080783854254,0.0,0.029861080783854254,0.0,-0.029861080783854254,-0.029861080783854254,0.0,0.0,0.0,0.0,0.0,0.0,2.987601630233744e-05,0.0,6.009064118536855,5.853368391200238,2.2429974544380116e-15,1.0651202142497596e-15,0.8014999421923739,0.0,-6.275,6.275000000000001,0.1436140661634507,0.14361406616345046,8.77259980150759e-09,2.3123004986064953e-06,0.0060090910300226764,0.00595,2.7794429586114335e-06,0.005853268889419296,0.00595,0.3,0.0,0.2701389192161468,0.0
4539,4.539,4.54,-4.365747245050295,4.556609835114319,0.09543129503201175,8.922357080164614,-0.1006022281113339,0.10883987452187882,1,1,-4.365747245050295,4.556609835114319,-6.014781979032813,6.044345937098438,0.014781979032812309,12.059127916131251,0.029563958065625378,0.0,0.029563958065625378,0.0,-0.029563958065625378,-0.029563958065625378,0.0,0.0,0.0,0.0,0.0,0.0,2.9578744973216617e-05,0.0,6.008794844654021,5.854357961863097,1.1102230246251565e-16,1.0928757898653885e-15,0.8014999422023457,0.0,-6.275,6.275000000000001,0.1436140661634507,0.14361406616345046,8.771721999486365e-09,2.3119016245705515e-06,0.006008821784563709,0.00595,2.781093328232398e-06,0.005854259448990481,0.00595,0.3,0.0,0.2704360419343757,0.0
4549,4.549,4.55,-4.365860022743727,4.5555654875232525,0.09485273238976255,8.92142551026698,-0.1005780763561101,0.10891652379961092,1,1,-4.365860022743727,4.5555654875232525,-6.01463489588392,6.04390468765176,0.014634895883919974,12.05853958353568,0.029269791767839785,0.0,0.029269791767839785,0.0,-0.029269791767839785,-0.029269791767839785,0.0,0.0,0.0,0.0,0.0,0.0,2.9284431543242157e-05,0.0,6.008525304368754,5.855337697590847,1.336641707689809e-15,1.1136924715771102e-15,0.801499942212164,0.0,-6.275,6.275000000000001,0.1436140661634507,0.14361406616345046,8.770852184083035e-09,2.31150889170838e-06,0.006008552269468639,0.00595,2.7827292589943655e-06,0.0058552401637962355,0.00595,0.3,0.0,0.2707302082321613,0.0
4559,4.559,4.5600000000000005,-4.365975243000602,4.554521707644067,0.09427323232173279,8.920496950644669,-0.10055381403371005,0.10899808572278902,1,1,-4.365975243000602,4.554521707644067,-6.014489276236811,6.043467828710434,0.0144892762368114,12.057957104947246,0.02897855247362255,0.0,0.02897855247362255,0.0,-0.02897855247362255,-0.02897855247362255,0.0,0.0,0.0,0.0,0.0,0.0,2.899304658082579e-05,0.0,6.0082555296791265,5.856307696146081,1.6081496486027025e-15,1.1379786002407855e-15,0.8014999422218272,0.0,-6.275,6.275000000000001,0.1436140661634507,0.14361406616345046,8.769990519945476e-09,2.3111223620638068e-06,0.006008282516796973,0.00595,2.7843504712699032e-06,0.005856211131697298,0.00595,0.3,0.0,0.2710214475263786,0.0
4569,4.569,4.57,-4.3660928607305225,4.553477320430894,0.09369222985018588,8.919570181161417,-0.10052944842136952,0.10908441793055362,1,1,-4.3660928607305225,4.553477320430894,-6.014345105529401,6.0430353165882025,0.014345105529400826,12.057380422117603,0.028690211058801547,0.0,0.028690211058801547,0.0,-0.028690211058801547,-0.028690211058801547,0.0,0.0,0.0,0.0,0.0,0.0,2.8704560947228458e-05,0.0,6.007985551973897,5.857268054315395,2.4797872089088457e-15,1.1171619185290638e-15,0.8014999422313338,0.0,-6.275,6.275000000000001,0.1436140661634507,0.14361406616345046,8.769137170993636e-09,2.3107420968946192e-06,0.006008012557997987,0.00595,2.785956687318958e-06,0.00585717244957742,0.00595,0.3,0.0,0.27130978894119956,0.0
4579,4.579,4.58,-4.366212831000951,4.552431446798389,0.09310930789871907,8.91864427779934,-0.10050498660995166,0.10917524089303549,1,1,-4.366212831000951,4.552431446798389,-6.014202369344498,6.042607108033493,0.014202369344497257,12.05680947737799,0.028404738688995016,0.0,0.028404738688995016,0.0,-0.028404738688995016,-0.028404738688995016,0.0,0.0,0.0,0.0,0.0,0.0,2.84189457936464e-05,0.0,6.007715402041455,5.858218867919095,8.205242041370298e-16,1.1136924715771102e-15,0.8014999422406823,0.0,-6.275,6.275000000000001,0.1436140661634507,0.14361406616345046,8.768292300400286e-09,2.310368156710316e-06,0.006007742423919717,0.00595,2.787547631593057e-06,0.005858124213353107,0.00595,0.3,0.0,0.2715952613110061,0.0
4589,4.589,4.59,-4.366335109055678,4.551383481134502,0.09252418603941237,8.91771859019018,-0.10048043550772517,0.10927018323924231,1,1,-4.366335109055678,4.551383481134502,-6.014061053408364,6.0421831602250915,0.014061053408363833,12.056244213633455,0.028122106816728075,0.0,0.028122106816728075,0.0,-0.028122106816728075,-0.028122106816728075,0.0,0.0,0.0,0.0,0.0,0.0,2.8136172558326233e-05,0.0,6.007445110078673,5.859160231820857,6.123573870198129e-16,1.186550857568136e-15,0.8014999422498712,0.0,-6.275,6.275000000000001,0.1436140661634507,0.14361406616345046,8.76745607057197e-09,2.3100006012565615e-06,0.006007472144817787,0.00595,2.789123030990659e-06,0.005859066517983264,0.00595,0.3,0.0,0.2718778931832731,0.0
4599,4.599,4.6000000000000005,-4.366459650332246,4.550333059557861,0.09193670461280767,8.916792709890107,-0.10045580184409209,0.10936881858380154,1,1,-4.366459650332246,4.550333059557861,-6.01392114358929,6.041763430767867,0.013921143589288754,12.055684574357157,0.027842287178577972,0.0,0.027842287178577972,0.0,-0.027842287178577972,-0.027842287178577972,0.0,0.0,0.0,0.0,0.0,0.0,2.7856212963708787e-05,0.0,6.00717470569962,5.860092239937275,6.2806476599369665e-16,1.186550857568136e-15,0.801499942258899,0.0,-6.275,6.275000000000001,0.1436140661634507,0.14361406616345046,8.766628643130061e-09,2.3096394895085254e-06,0.006007201750364158,0.00595,2.790682615101403e-06,0.005859999457478768,0.00595,0.3,0.0,0.2721577128214232,0.0
4609,4.609,4.61,-4.366586410478363,4.549241343144519,0.09132746633307809,8.915827753622882,-0.10043109217327817,0.10388912070688427,1,1,-4.366586410478363,4.549241343144519,-6.013782625896174,6.041347877688522,0.013782625896173961,12.055130503584696,0.027565251792347714,0.0,0.027565251792347714,0.0,-0.027565251792347714,-0.027565251792347714,0.0,0.0,0.0,0.0,0.0,0.0,2.7579039013601304e-05,0.0,6.006904217944174,5.86101498524731,9.84455572616838e-16,1.2906342661267445e-15,0.8014999422677641,0.0,-6.275,6.275000000000001,0.1436140661634507,0.14361406616345046,8.765810178891856e-09,2.3092848797152917e-06,0.006006931269655747,0.00595,2.7922261165147512e-06,0.005860923124911917,0.00595,0.3,0.0,0.27243474820765357,0.0
4619,4.619,4.62,-4.366715345367365,4.548128940666381,0.09070679764950818,8.914844286033746,-0.10040631287796864,0.10398547913221173,1,1,-4.366715345367365,4.548128940666381,-6.0136454864771345,6.040936459431402,0.013645486477133595,12.054581945908536,0.027290972954267814,0.0,0.027290972954267814,0.0,-0.027290972954267814,-0.027290972954267814,0.0,0.0,0.0,0.0,0.0,0.0,2.7304622990377793e-05,0.0,6.006633675286519,5.861928559801667,7.302575970140335e-16,1.2906342661267445e-15,0.8014999422764654,0.0,-6.275,6.275000000000001,0.1436140661634507,0.14361406616345046,8.765000837851593e-09,2.3089368293665524e-06,0.006006660731222923,0.00595,2.793753271090882e-06,0.005861837612425822,0.00595,0.3,0.0,0.27270902704573347,0.0
4629,4.6290000000000004,4.63,-4.3668464111127525,4.547013902397506,0.09008374564237664,8.91386031351026,-0.10038147017289084,0.10408422751482183,1,1,-4.3668464111127525,4.547013902397506,-6.013509711618113,6.040529134854339,0.013509711618112874,12.054038846472451,0.02701942323622589,0.0,0.02701942323622589,0.0,-0.02701942323622589,-0.02701942323622589,0.0,0.0,0.0,0.0,0.0,0.0,2.7032937452207246e-05,0.0,6.006363105643522,5.862833054732056,1.9784521243515485e-15,1.2524703496552547e-15,0.8014999422850012,0.0,-6.275,6.275000000000001,0.1436140661634507,0.14361406616345046,8.76420077916145e-09,2.3085953952103684e-06,0.006006390163037913,0.00595,2.7952638181938384e-06,0.005862743011243681,0.00595,0.3,0.0,0.27298057676377535,0.0
4639,4.639,4.64,-4.3669795640818725,4.545896512174352,0.08945847404623963,8.912876076256225,-0.10035657010835114,0.10418499799960207,1,1,-4.3669795640818725,4.545896512174352,-6.013375287741511,6.040125863224536,0.01337528774151231,12.053501150966047,0.02675057548302385,0.0,0.02675057548302385,0.0,-0.02675057548302385,-0.02675057548302385,0.0,0.0,0.0,0.0,0.0,0.0,2.676395523030944e-05,0.0,6.006092536383006,5.863728560260384,1.7541069779417745e-15,1.2836953722228372e-15,0.8014999422933703,0.0,-6.275,6.275000000000001,0.1436140661634507,0.14361406616345046,8.763410161112399e-09,2.308260633244291e-06,0.006006119592523075,0.00595,2.7967575009979484e-06,0.005863639411677971,0.00595,0.3,0.0,0.2732494245169774,0.0
4649,4.649,4.65,-4.3671147609087555,4.544777143440838,0.08883119126604111,8.911891904349593,-0.10033161857371742,0.10428743560612436,1,1,-4.3671147609087555,4.544777143440838,-6.013242201404831,6.0397266042144935,0.013242201404831455,12.052968805619324,0.02648440280966233,0.0,0.02648440280966233,0.0,-0.02648440280966233,-0.02648440280966233,0.0,0.0,0.0,0.0,0.0,0.0,2.6497649426238037e-05,0.0,6.005821994331913,5.8646151657078605,4.0072112295064244e-16,1.3634926521177704e-15,0.8014999423015711,0.0,-6.275,6.275000000000001,0.1436140661634507,0.14361406616345046,8.762629141114984e-09,2.307932598722021e-06,0.006005849046559076,0.00595,2.7982340667409568e-06,0.005864526903139562,0.00595,0.3,0.0,0.273515597190339,0.0
4659,4.659,4.66,-4.367251958506171,4.543656235759376,0.08820213862660253,8.910908194265547,-0.10030662130084439,0.10439120361198456,1,1,-4.367251958506171,4.543656235759376,-6.013110439299326,6.039331317897978,0.013110439299325982,12.052441757197304,0.02622087859865219,0.0,0.02622087859865219,0.0,-0.02622087859865219,-0.02622087859865219,0.0,0.0,0.0,0.0,0.0,0.0,2.6233993409190708e-05,0.0,6.005551505784357,5.865492959503987,1.0310694897701367e-15,1.3357370765021415e-15,0.8014999423096024,0.0,-6.275,6.275000000000001,0.1436140661634507,0.14361406616345046,8.76185787567995e-09,2.3076113461400866e-06,0.006005578551492951,0.00595,2.799693266974934e-06,0.005865405574146726,0.00595,0.3,0.0,0.27377912140134913,0.0
4669,4.6690000000000005,4.67,-4.36739111407692,4.542534275142825,0.08757158053295244,8.909925389219744,-0.10028158386744895,0.10449598687815198,1,1,-4.36739111407692,4.542534275142825,-6.012979988248676,6.038939964746029,0.0129799882486763,12.051919952994705,0.025959976497352717,0.0,0.025959976497352717,0.0,-0.025959976497352717,-0.025959976497352717,0.0,0.0,0.0,0.0,0.0,0.0,2.5972960813346028e-05,0.0,6.005281096509566,5.866362029195497,1.155827278505328e-15,1.339206523454095e-15,0.8014999423174628,0.0,-6.275,6.275000000000001,0.1436140661634507,0.14361406616345046,8.761096520398763e-09,2.307296929231183e-06,0.006005308133146067,0.00595,2.801134857837173e-06,0.005866275512334069,0.00595,0.3,0.0,0.2740400235026486,0.0
4679,4.679,4.68,-4.367532185124418,4.541411777829971,0.08693979635277671,8.908943962954389,-0.10025651170043032,0.10460149363955146,1,1,-4.367532185124418,4.541411777829971,-6.012850835207668,6.038552505623005,0.01285083520766861,12.051403340830673,0.02570167041533637,0.0,0.02570167041533637,0.0,-0.02570167041533637,-0.02570167041533637,0.0,0.0,0.0,0.0,0.0,0.0,2.5714525535226893e-05,0.0,6.005010791759735,5.867222461455176,2.432949675057472e-15,1.3149203947904198e-15,0.801499942325151,0.0,-6.275,6.275000000000001,0.1436140661634507,0.14361406616345046,8.760345229924008e-09,2.3069894009663902e-06,0.0060050378168219655,0.00595,2.8025586003077586e-06,0.005867136804461385,0.00595,0.3,0.0,0.27429832958466493,0.0
4689,4.689,4.69,-4.367675129462581,4.540289277082272,0.08630707380984548,8.907964406544853,-0.10023141007913378,0.10470745617627342,1,1,-4.367675129462581,4.540289277082272,-6.012722967260889,6.03816890178267,0.012722967260890172,12.050891869043559,0.025445934521779682,0.0,0.025445934521779682,0.0,-0.025445934521779682,-0.025445934521779682,0.0,0.0,0.0,0.0,0.0,0.0,2.545866173109012e-05,0.0,6.004740616277747,5.868074342090627,6.47051856539349e-16,1.2802259252708836e-15,0.8014999423326656,0.0,-6.275,6.275000000000001,0.1436140661634507,0.14361406616345046,8.75960415794964e-09,2.3066888135396322e-06,0.006004767627314121,0.00595,2.803964260447156e-06,0.005867989536422392,0.00595,0.3,0.0,0.2745540654782216,0.0
4699,4.699,4.7,-4.367819905225065,4.539167312580443,0.08567370367768934,8.906987217805508,-0.10020628413855703,0.10481363068832017,1,1,-4.367819905225065,4.539167312580443,-6.012596371621441,6.03778911486432,0.012596371621439673,12.05038548648576,0.02519274324288019,0.0,0.02519274324288019,0.0,-0.02519274324288019,-0.02519274324288019,0.0,0.0,0.0,0.0,0.0,0.0,2.520534381434208e-05,0.0,6.00447059430482,5.868917756052916,1.0999502090408564e-15,1.2906342661267445e-15,0.8014999423400055,0.0,-6.275,6.275000000000001,0.1436140661634507,0.14361406616345046,8.758873457191149e-09,2.306395218352133e-06,0.006004497588913575,0.00595,2.80535160963602e-06,0.005868833793253432,0.00595,0.3,0.0,0.2748072567571211,0.0
4709,4.7090000000000005,4.71,-4.367966470873873,4.538046422025486,0.08503997557580645,8.906012892899358,-0.1001811388725049,0.1049197966207377,1,1,-4.367966470873873,4.538046422025486,-6.01247103562965,6.037413106888948,0.01247103562964913,12.049884142518598,0.024942071259299013,0.0,0.024942071259299013,0.0,-0.024942071259299013,-0.024942071259299013,0.0,0.0,0.0,0.0,0.0,0.0,2.4954546452980002e-05,0.0,6.004200749588033,5.869752787445169,6.451782196600225e-16,1.1969591984239969e-15,0.8014999423471693,0.0,-6.275,6.275000000000001,0.1436140661634507,0.14361406616345046,8.758153279365605e-09,2.3061086660101954e-06,0.006004227725416483,0.00595,2.8067204248127808e-06,0.00586966965914204,0.00595,0.3,0.0,0.2750579287407022,0.0
4719,4.719,4.72,-4.3681147852073785,4.536927134587164,0.08440617468989275,8.905041919794542,-0.10015597913669072,0.10502575562507693,1,1,-4.3681147852073785,4.536927134587164,-6.012346946751814,6.037040840255443,0.012346946751814691,12.049387787007257,0.024693893503628883,0.0,0.024693893503628883,0.0,-0.024693893503628883,-0.024693893503628883,0.0,0.0,0.0,0.0,0.0,0.0,2.4706244567058737e-05,0.0,6.003931105387758,5.870579519531067,5.35944850782108e-16,1.2212453270876722e-15,0.8014999423541558,0.0,-6.275,6.275000000000001,0.1436140661634507,0.14361406616345046,8.757443775171616e-09,2.305829206307438e-06,0.00600395806013156,0.00595,2.8080704887045725e-06,0.005870497217435457,0.00595,0.3,0.0,0.2753061064963723,0.0
4729,4.729,4.73,-4.3682648073677655,4.535809965885752,0.0837725792589934,8.904074773253518,-0.10013080965177001,0.10513133029526334,1,1,-4.3682648073677655,4.535809965885752,-6.012224092578944,6.036672277736831,0.012224092578943413,12.048896370315775,0.024448185157887437,0.0,0.024448185157887437,0.0,-0.024448185157887437,-0.024448185157887437,0.0,0.0,0.0,0.0,0.0,0.0,2.446041332618279e-05,0.0,6.003661684484993,5.871398034743258,1.5274240205975786e-15,1.1657341758564144e-15,0.8014999423609637,0.0,-6.275,6.275000000000001,0.1436140661634507,0.14361406616345046,8.756745094269174e-09,2.3055568882136936e-06,0.006003688615887411,0.00595,2.8094015900204107e-06,0.005871316550649061,0.00595,0.3,0.0,0.2755518148421137,0.0
4739,4.739,4.74,-4.368416496847943,4.5346954142356335,0.0831394586938452,8.903111911083577,-0.10010563500633757,0.10523636277896292,1,1,-4.368416496847943,4.5346954142356335,-6.012102460825518,6.036307382476553,0.012102460825517802,12.048409843302071,0.02420492165103534,0.0,0.02420492165103534,0.0,-0.02420492165103534,-0.02420492165103534,0.0,0.0,0.0,0.0,0.0,0.0,2.421702814702321e-05,0.0,6.0033925091886005,5.872208414691688,4.787836793695988e-16,1.2351231148954867e-15,0.8014999423675919,0.0,-6.275,6.275000000000001,0.1436140661634507,0.14361406616345046,8.756057385259477e-09,2.3052917598528034e-06,0.006003419415039791,0.00595,2.810713523695441e-06,0.005872127740474696,0.00595,0.3,0.0,0.2757950783489659,0.0
4749,4.749,4.75,-4.36856981349793,4.533583957919361,0.0825070722107153,8.902153771417291,-0.10008045965985202,0.10534071333720557,1,1,-4.36856981349793,4.533583957919361,-6.0119820393282595,6.035946117984778,0.011982039328259475,12.047928157313038,0.02396407865651918,0.0,0.02396407865651918,0.0,-0.02396407865651918,-0.02396407865651918,0.0,0.0,0.0,0.0,0.0,0.0,2.3976064690859253e-05,0.0,6.003123601342438,5.873010740171861,1.2585418818211735e-15,1.1726730697603216e-15,0.8014999423740391,0.0,-6.275,6.275000000000001,0.1436140661634507,0.14361406616345046,8.75538079566465e-09,2.305033868500396e-06,0.0060031504794787385,0.00595,2.8120060910596935e-06,0.005872930867788941,0.00595,0.3,0.0,0.276035921343482,0.0
4759,4.759,4.76,-4.368724717530756,4.5324760532970085,0.08187566788312628,8.901200770827764,-0.1000552879455166,0.10544425890361447,1,1,-4.368724717530756,4.5324760532970085,-6.0118628160449195,6.035588448134758,0.011862816044919455,12.047451264179678,0.023725632089838796,0.0,0.023725632089838796,0.0,-0.023725632089838796,-0.023725632089838796,0.0,0.0,0.0,0.0,0.0,0.0,2.37374988611445e-05,0.0,6.002854982332406,5.873805091173013,1.882205464620937e-15,1.106753577673203e-15,0.8014999423803043,0.0,-6.275,6.275000000000001,0.1436140661634507,0.14361406616345046,8.754715471907467e-09,2.304783260548363e-06,0.0060028818306356365,0.00595,2.813279100040145e-06,0.0058737260126612905,0.00595,0.3,0.0,0.2762743679101623,0.0
4769,4.769,4.7700000000000005,-4.368881169527887,4.53137213358749,0.08124548202980142,8.900253303115377,-0.10003012407310136,0.10554689167852405,1,1,-4.368881169527887,4.53137213358749,-6.011744779053069,6.035234337159208,0.011744779053069365,12.046979116212277,0.023489558106138828,0.0,0.023489558106138828,0.0,-0.023489558106138828,-0.023489558106138828,0.0,0.0,0.0,0.0,0.0,0.0,2.350130680109718e-05,0.0,6.002586673093394,5.874591546886195,1.5890812428941137e-15,1.096345236817342e-15,0.8014999423863863,0.0,-6.275,6.275000000000001,0.1436140661634507,0.14361406616345046,8.754061559291006e-09,2.304539981502635e-06,0.006002613489490165,0.00595,2.81453236533169e-06,0.005874513254362253,0.00595,0.3,0.0,0.27651044189386226,0.0
4779,4.779,4.78,-4.369039130444205,4.53027260818613,0.08061673887096266,8.899311738630335,-0.10000497213171311,0.10564851778132961,1,1,-4.369039130444205,4.53027260818613,-6.011627916548912,6.0348837496467365,0.011627916548912154,12.046511666195649,0.023255833097824172,0.0,0.023255833097824172,0.0,-0.023255833097824172,-0.023255833097824172,0.0,0.0,0.0,0.0,0.0,0.0,2.3267464891314456e-05,0.0,6.002318694116138,5.875370185712294,5.9913012051548975e-16,1.141448047192739e-15,0.801499942392284,0.0,-6.275,6.275000000000001,0.1436140661634507,0.14361406616345046,8.753419201978333e-09,2.3043040759587593e-06,0.006002345476577167,0.00595,2.815765708554796e-06,0.005875292671371376,0.00595,0.3,0.0,0.27674416690217696,0.0
4789,4.789,4.79,-4.369198561612561,4.529177862406335,0.07998965039688688,8.898376424018895,-0.09997983609250971,0.10574905597564604,1,1,-4.369198561612561,4.529177862406335,-6.011512216846099,6.034536650538299,0.011512216846099932,12.046048867384398,0.023024433692199222,0.0,0.023024433692199222,0.0,-0.023024433692199222,-0.023024433692199222,0.0,0.0,0.0,0.0,0.0,0.0,2.3035949747410483e-05,0.0,6.002051065453973,5.876141085269972,7.502679033599691e-16,1.1900203045200897e-15,0.801499942397996,0.0,-6.275,6.275000000000001,0.1436140661634507,0.14361406616345046,8.752788542972191e-09,2.3040755875863553e-06,0.0060020778119934184,0.00595,2.8169789584397977e-06,0.005876064341385189,0.00595,0.3,0.0,0.27697556630780196,0.0
4799,4.799,4.8,-4.369359424747921,4.528088257553119,0.07936441640259906,8.897447682301038,-0.09995471981136705,0.10584843647547554,1,1,-4.369359424747921,4.528088257553119,-6.011397668374565,6.034193005123695,0.011397668374565129,12.04559067349826,0.022795336749130587,0.0,0.022795336749130587,0.0,-0.022795336749130587,-0.022795336749130587,0.0,0.0,0.0,0.0,0.0,0.0,2.2806738217677944e-05,0.0,6.001783806729519,5.876904322403519,9.898901360064216e-16,1.1622647289044608e-15,0.8014999424035217,0.0,-6.275,6.275000000000001,0.1436140661634507,0.14361406616345046,8.752169724094698e-09,2.3038545591113506e-06,0.006001810515404316,0.00595,2.8181719509401406e-06,0.005876828341325063,0.00595,0.3,0.0,0.27720466325087056,0.0
4809,4.809,4.8100000000000005,-4.369521681951115,4.527004131253047,0.07874122465096622,8.896525813204162,-0.09992962703148256,0.10594659983599763,1,1,-4.369521681951115,4.527004131253047,-6.011284259679366,6.033852779038099,0.011284259679366748,12.045137038717465,0.022568519358733042,0.0,0.022568519358733042,0.0,-0.022568519358733042,-0.022568519358733042,0.0,0.0,0.0,0.0,0.0,0.0,2.2579807380772846e-05,0.0,6.001516937141253,5.877659973190633,5.507747036226363e-16,1.2108369862318114e-15,0.8014999424088599,0.0,-6.275,6.275000000000001,0.1436140661634507,0.14361406616345046,8.751562885967118e-09,2.3036410322782347e-06,0.006001543606050453,0.00595,2.81934452937449e-06,0.005877584747345011,0.00595,0.3,0.0,0.27743148064126816,0.0
4819,4.819,4.82,-4.369685295712231,4.525925797979064,0.07812025113341647,8.895611093691295,-0.09990456138594311,0.10604349592941292,1,1,-4.369685295712231,4.525925797979064,-6.011171979419539,6.033515938258618,0.01117197941953929,12.044687917678157,0.022343958839078526,0.0,0.022343958839078526,0.0,-0.022343958839078526,-0.022343958839078526,0.0,0.0,0.0,0.0,0.0,0.0,2.2355134543422392e-05,0.0,6.001250475470008,5.878408112950137,4.969982758673552e-16,1.1657341758564144e-15,0.8014999424140096,0.0,-6.275,6.275000000000001,0.1436140661634507,0.14361406616345046,8.750968167989682e-09,2.3034350478656008e-06,0.00600127710275414,0.00595,2.8204965445288722e-06,0.0058783336348394,0.00595,0.3,0.0,0.27765604116092263,0.0
4829,4.829,4.83,-4.369850228913642,4.524853549720318,0.07750166040333806,8.89470377863396,-0.09987952640022585,0.10613908300401098,1,1,-4.369850228913642,4.524853549720318,-6.011060816366964,6.033182449100892,0.011060816366963877,12.044243265467856,0.022121632733927945,0.0,0.022121632733927945,0.0,-0.022121632733927945,-0.022121632733927945,0.0,0.0,0.0,0.0,0.0,0.0,2.213269723815562e-05,0.0,6.000984440085374,5.879148816249596,9.81694245208789e-16,1.1345091532888318e-15,0.8014999424189696,0.0,-6.275,6.275000000000001,0.1436140661634507,0.14361406616345046,8.750385708321513e-09,2.303236645619533e-06,0.006001011023925801,0.00595,2.8216278547854577e-06,0.005879075078450577,0.00595,0.3,0.0,0.2778783672660732,0.0
4839,4.839,4.84,-4.370016444832699,4.523787656756719,0.07688560596200977,8.893804101589417,-0.09985452549465951,0.10623332682321629,1,1,-4.370016444832699,4.523787656756719,-6.010950759405243,6.032852278215729,0.010950759405242927,12.043803037620972,0.021901518810485517,0.0,0.021901518810485517,0.0,-0.021901518810485517,-0.021901518810485517,0.0,0.0,0.0,0.0,0.0,0.0,2.1912473221056643e-05,0.0,6.000718848952021,5.879882156912873,7.008282842946301e-16,1.0512424264419451e-15,0.8014999424237391,0.0,-6.275,6.275000000000001,0.1436140661634507,0.14361406616345046,8.749815643860638e-09,2.3030458642802524e-06,0.006000745387570321,0.00595,2.822738326178076e-06,0.005879809152076438,0.00595,0.3,0.0,0.2780984811895155,0.0
4849,4.849,4.8500000000000005,-4.37018390714411,4.522728368505828,0.0762722306808592,8.892912275649937,-0.09982956198683057,0.10632619988040437,1,1,-4.37018390714411,4.522728368505828,-6.010841797528587,6.032525392585764,0.01084179752858816,12.04336719011435,0.021683595057175466,0.0,0.021683595057175466,0.0,-0.021683595057175466,-0.021683595057175466,0.0,0.0,0.0,0.0,0.0,0.0,2.169444046954023e-05,0.0,6.000453719635929,5.880608208027621,3.8336711192729633e-16,1.2004286453759505e-15,0.8014999424283171,0.0,-6.275,6.275000000000001,0.1436140661634507,0.14361406616345046,8.749258110224135e-09,2.3028627415243827e-06,0.00600048021129327,0.00595,2.8238278324854703e-06,0.005880535928877924,0.00595,0.3,0.0,0.2783164049428257,0.0
4859,4.859,4.86,-4.3703525799220015,4.521675914416263,0.07566166724713064,8.892028494338264,-0.09980463909394666,0.10641768068477997,1,1,-4.3703525799220015,4.521675914416263,-6.010733919840721,6.032201759522161,0.01073391984072014,12.042935679362882,0.021467839681440847,0.0,0.021467839681440847,0.0,-0.021467839681440847,-0.021467839681440847,0.0,0.0,0.0,0.0,0.0,0.0,2.1478577180149524e-05,0.0,6.0001890693105455,5.8813270419526775,1.0685896612017132e-15,1.1761425167122752e-15,0.8014999424327028,0.0,-6.275,6.275000000000001,0.1436140661634507,0.14361406616345046,8.748713241728427e-09,2.302687313967174e-06,0.0060002155123070715,0.00595,2.8248962552801514e-06,0.005881255481286421,0.00595,0.3,0.0,0.2785321603185603,0.0
4869,4.869,4.87,-4.370522427641699,4.52063050488707,0.07505403862268523,8.891152932528769,-0.09977975993513993,0.10650775311335625,1,1,-4.370522427641699,4.52063050488707,-6.010627115553782,6.031881346661346,0.01062711555378204,12.042508462215128,0.021254231107564296,0.0,0.021254231107564296,0.0,-0.021254231107564296,-0.021254231107564296,0.0,0.0,0.0,0.0,0.0,0.0,2.1264861766375702e-05,0.0,5.999924914762842,5.882038730325399,1.0837786560118773e-15,1.1587952819525071e-15,0.8014999424368952,0.0,-6.275,6.275000000000001,0.1436140661634507,0.14361406616345046,8.748181171369734e-09,2.302519617133634e-06,0.0059999513074370766,0.00595,2.8259434839505994e-06,0.005881967881011108,0.00595,0.3,0.0,0.27874576889243685,0.0
4879,4.8790000000000004,4.88,-4.370693415181222,4.519592332196924,0.07444945850785079,8.890285747378146,-0.0997549275337356,0.10659640582402513,1,1,-4.370693415181222,4.519592332196924,-6.010521373987255,6.0315641219617655,0.010521373987255167,12.04208549594902,0.02104274797451043,0.0,0.02104274797451043,0.0,-0.02104274797451043,-0.02104274797451043,0.0,0.0,0.0,0.0,0.0,0.0,2.1053272856499307e-05,0.0,5.9996612723993055,5.882743344068931,1.7202222719198135e-16,1.096345236817342e-15,0.8014999424408935,0.0,-6.275,6.275000000000001,0.1436140661634507,0.14361406616345046,8.747662030804715e-09,2.302359685436326e-06,0.005999687613127553,0.00595,2.826969415743452e-06,0.005882673199046223,0.00595,0.3,0.0,0.27895725202549065,0.0
4889,4.889,4.89,-4.370865507822517,4.518561571430571,0.07384803180402733,8.889427079253089,-0.09973014481946707,0.10668363172480655,1,1,-4.370865507822517,4.518561571430571,-6.010416684566895,6.031250053700685,0.01041668456689493,12.04166673826758,0.020833369133789695,0.0,0.020833369133789695,0.0,-0.020833369133789695,-0.020833369133789695,0.0,0.0,0.0,0.0,0.0,0.0,2.0843789291453014e-05,0.0,5.999398158251839,5.88344095339938,6.558067890821695e-16,1.1136924715771102e-15,0.8014999424446968,0.0,-6.275,6.275000000000001,0.1436140661634507,0.14361406616345046,8.747155950331304e-09,2.3022075521642647e-06,0.0059994244454475995,0.00595,2.8279739557368623e-06,0.005883371505678259,0.00595,0.3,0.0,0.2791666308662114,0.0
4899,4.899,4.9,-4.371038671252438,4.517538381392797,0.07324985507017967,8.888577052645235,-0.0997054146306478,0.10676942749456658,1,1,-4.371038671252438,4.517538381392797,-6.010313036823671,6.0309391104710155,0.010313036823672128,12.041252147294687,0.020626073647343538,0.0,0.020626073647343538,0.0,-0.020626073647343538,-0.020626073647343538,0.0,0.0,0.0,0.0,0.0,0.0,2.0636390122705747e-05,0.0,5.999135587983587,5.88413162783295,9.662409761190816e-16,1.169203622808368e-15,0.8014999424483044,0.0,-6.275,6.275000000000001,0.1436140661634507,0.14361406616345046,8.746663058869771e-09,2.3020632494473896e-06,0.005999161820096974,0.00595,2.828957016849376e-06,0.005884062870493088,0.00595,0.3,0.0,0.2793739263526576,0.0
4909,4.909,4.91,-4.371212871563486,4.5165229055025735,0.07265501696954368,8.887735777066059,-0.09968073971629132,0.10685379315069354,1,1,-4.371212871563486,4.5165229055025735,-6.010210420392726,6.030631261178176,0.010210420392724906,12.040841681570901,0.020420840785450565,0.0,0.020420840785450565,0.0,-0.020420840785450565,-0.020420840785450565,0.0,0.0,0.0,0.0,0.0,0.0,2.0431054610167796e-05,0.0,5.998873576894671,5.8848154361929685,1.0434361708000495e-15,1.1969591984239969e-15,0.8014999424517154,0.0,-6.275,6.275000000000001,0.1436140661634507,0.14361406616345046,8.746183483944027e-09,2.301926808245464e-06,0.005998899752411849,0.00595,2.829918519782204e-06,0.005884747362383014,0.00595,0.3,0.0,0.2795791592145506,0.0
4919,4.9190000000000005,4.92,-4.3713880752543215,4.515515272661926,0.07206359870380208,8.886903347916247,-0.09965612273819618,0.10693673165954348,1,1,-4.3713880752543215,4.515515272661926,-6.010108825012327,6.03032647503698,0.010108825012326683,12.040435300049307,0.02021765002465356,0.0,0.02021765002465356,0.0,-0.02021765002465356,-0.02021765002465356,0.0,0.0,0.0,0.0,0.0,0.0,2.0227762220116798e-05,0.0,5.998612139927872,5.885492446616875,7.653654186118297e-16,1.1379786002407855e-15,0.8014999424549291,0.0,-6.275,6.275000000000001,0.1436140661634507,0.14361406616345046,8.745717351663172e-09,2.301798258341411e-06,0.0059986382573704805,0.00595,2.8308583929570474e-06,0.005885425049553753,0.00595,0.3,0.0,0.27978234997534757,0.0
4929,4.929,4.93,-4.371564249230055,4.514515598095587,0.07147567443276603,8.886079847325641,-0.09963156627298242,0.10701824858573517,1,1,-4.371564249230055,4.514515598095587,-6.010008240522854,6.0300247215685605,0.010008240522853207,12.040032962091415,0.020016481045707118,0.0,0.020016481045707118,0.0,-0.020016481045707118,-0.020016481045707118,0.0,0.0,0.0,0.0,0.0,0.0,2.0026492623144335e-05,0.0,5.9983512916741955,5.8861627265631205,7.546047120499111e-16,1.0928757898653885e-15,0.8014999424579449,0.0,-6.275,6.275000000000001,0.1436140661634507,0.14361406616345046,8.74526478670334e-09,2.3016776283057887e-06,0.005998377349598808,0.00595,2.831776572456146e-06,0.005886095999531345,0.00595,0.3,0.0,0.27998351895429396,0.0
4939,4.939,4.94,-4.371741360802333,4.5135239841587245,0.07089131167819573,8.885265344961057,-0.09960707281408382,0.10709835177666799,1,1,-4.371741360802333,4.5135239841587245,-6.009908656865773,6.029725970597318,0.009908656865772691,12.03963462746309,0.01981731373154571,0.0,0.01981731373154571,0.0,-0.01981731373154571,-0.01981731373154571,0.0,0.0,0.0,0.0,0.0,0.0,1.9827225692122992e-05,0.0,5.99809104637841,5.886826342818,3.0617869350990645e-16,1.1032841307212493e-15,0.8014999424607618,0.0,-6.275,6.275000000000001,0.1436140661634507,0.14361406616345046,8.744825912289808e-09,2.3015649454612627e-06,0.0059981170433759745,0.00595,2.832673001895714e-06,0.005886760279168993,0.00595,0.3,0.0,0.2801826862684554,0.0
4949,4.949,4.95,-4.371919377689229,4.512540521111011,0.07031057171089072,8.884459898800241,-0.09958264477369805,0.10717705107893022,1,1,-4.371919377689229,4.512540521111011,-6.009810064082636,6.029430192247908,0.00981006408263596,12.039240256330544,0.01962012816527194,0.0,0.01962012816527194,0.0,-0.01962012816527194,-0.01962012816527194,0.0,0.0,0.0,0.0,0.0,0.0,1.9629941500193608e-05,0.0,5.9978314179444645,5.887483361502426,1.2654807757250808e-15,1.1275702593849246e-15,0.8014999424633796,0.0,-6.275,6.275000000000001,0.1436140661634507,0.14361406616345046,8.744400850179449e-09,2.301460235929234e-06,0.0059978573526397695,0.00595,2.8335476323304577e-06,0.00588741795465385,0.00595,0.3,0.0,0.2803798718347292,0.0
4959,4.9590000000000005,4.96,-4.372098268014939,4.511565287856063,0.0697335099205616,8.883663555871003,-0.09955828448469817,0.10725435808356332,1,1,-4.372098268014939,4.511565287856063,-6.009712452314083,6.029137356942248,0.009712452314082576,12.03884980925633,0.019424904628164853,0.0,0.019424904628164853,0.0,-0.019424904628164853,-0.019424904628164853,0.0,0.0,0.0,0.0,0.0,0.0,1.9434620318772576e-05,0.0,5.997572419940863,5.888133848078617,1.4242079737769586e-15,1.0894063429134349e-15,0.8014999424657974,0.0,-6.275,6.275000000000001,0.1436140661634507,0.14361406616345046,8.743989720643467e-09,2.3013635245388014e-06,0.005997598290992001,0.00595,2.83440042210259e-06,0.005888069091513697,0.00595,0.3,0.0,0.2805750953718362,0.0
4969,4.969,4.97,-4.372278000309308,4.510598352645907,0.06916017616829961,8.882876352955215,-0.09953399420250503,0.10733028589737376,1,1,-4.372278000309308,4.510598352645907,-6.009615811798854,6.028847435396562,0.009615811798854068,12.038463247195416,0.019231623597708056,0.0,0.019231623597708056,0.0,-0.019231623597708056,-0.019231623597708056,0.0,0.0,0.0,0.0,0.0,0.0,1.9241242615578992e-05,0.0,5.997314065605942,5.888777867356733,2.437286483747414e-16,1.0859368959614812e-15,0.8014999424680146,0.0,-6.275,6.275000000000001,0.1436140661634507,0.14361406616345046,8.743592642450507e-09,2.3012748348489674e-06,0.005997339871703788,0.00595,2.8352313366908356e-06,0.005888713754623612,0.00595,0.3,0.0,0.280768376402293,0.0
4979,4.979,4.98,-4.372458543507178,4.509639773750591,0.06859061512170639,8.882098317257768,-0.09950977610690886,0.10740484893778157,1,1,-4.372458543507178,4.509639773750591,-6.009520132872819,6.028560398618456,0.00952013287281872,12.038080531491275,0.01904026574563744,0.0,0.01904026574563744,0.0,-0.01904026574563744,-0.01904026574563744,0.0,0.0,0.0,0.0,0.0,0.0,1.904978905268139e-05,0.0,5.997056367853109,5.889415483501433,9.62771529167128e-16,1.1657341758564144e-15,0.8014999424700308,0.0,-6.275,6.275000000000001,0.1436140661634507,0.14361406616345046,8.743209732850103e-09,2.3011941891242115e-06,0.005997082107720796,0.00595,2.8360403485261365e-06,0.005889352008212506,0.00595,0.3,0.0,0.2809597342543637,0.0
4989,4.989,4.99,-4.372639866947578,4.508689600093394,0.06802486657290796,8.881329467040972,-0.09948563230386537,0.10747806274888139,1,1,-4.372639866947578,4.508689600093394,-6.009425405968004,6.028276217904013,0.009425405968004341,12.037701623872017,0.018850811936008325,0.0,0.018850811936008325,0.0,-0.018850811936008325,-0.018850811936008325,0.0,0.0,0.0,0.0,0.0,0.0,1.886024048456393e-05,0.0,5.996799339275962,5.890046760038371,1.5256892971216018e-15,1.1969591984239969e-15,0.8014999424718452,0.0,-6.275,6.275000000000001,0.1436140661634507,0.14361406616345046,8.742841107556503e-09,2.3011216083300493e-06,0.00599682501166838,0.00595,2.8368274368184567e-06,0.005889983915869644,0.00595,0.3,0.0,0.28114918806399286,0.0
4999,4.999,5.0,-4.372821940372768,4.507747871852443,0.06746296573983734,8.880569812225211,-0.09946156482724428,0.10754994383664646,1,1,-4.372821940372768,4.507747871852443,-6.009331621611641,6.027994864834922,0.009331621611640806,12.037326486446563,0.018663243223281875,0.0,0.018663243223281875,0.0,-0.018663243223281875,-0.018663243223281875,0.0,0.0,0.0,0.0,0.0,0.0,1.8672577956211847e-05,0.0,5.9965429921533895,5.890671759860624,1.4072131047232483e-15,1.2073675392798577e-15,0.8014999424734576,0.0,-6.275,6.275000000000001,0.1436140661634507,0.14361406616345046,8.742486880732867e-09,2.3010571120975063e-06,0.005996568595856666,0.00595,2.8375925873302955e-06,0.005890609540551074,0.00595,0.3,0.0,0.2813367567767193,0.0
5009,5.009,5.01,-4.373004733927121,4.5068146210296405,0.06690494355125987,8.879819354956762,-0.09943757564054356,0.1076205095213767,1,1,-4.373004733927121,4.5068146210296405,-6.009238770425215,6.027716311275645,0.009238770425215037,12.03695508170086,0.018477540850430508,0.0,0.018477540850430508,0.0,-0.018477540850430508,-0.018477540850430508,0.0,0.0,0.0,0.0,0.0,0.0,1.848678270121592e-05,0.0,5.996287338454562,5.891290545235055,8.864436962241484e-16,1.2108369862318114e-15,0.8014999424748674,0.0,-6.275,6.275000000000001,0.1436140661634507,0.14361406616345046,8.74214716497587e-09,2.301000718732e-06,0.005996312872285575,0.00595,2.8383357921857313e-06,0.0058912289445859954,0.00595,0.3,0.0,0.2815224591495707,0.0
5019,5.019,5.0200000000000005,-4.3731882181558825,4.505889871988059,0.0663508269160884,8.879078090143942,-0.09941366663856838,0.10768977780568706,1,1,-4.3731882181558825,4.505889871988059,-6.009146843123531,6.027440529370594,0.009146843123531312,12.036587372494125,0.018293686247062187,0.0,0.018293686247062187,0.0,-0.018293686247062187,-0.018293686247062187,0.0,0.0,0.0,0.0,0.0,0.0,1.8302836139895815e-05,0.0,5.996032389843869,5.891903177808603,8.647596527744383e-16,1.1726730697603216e-15,0.8014999424760743,0.0,-6.275,6.275000000000001,0.1436140661634507,0.14361406616345046,8.741822071300702e-09,2.300952445180031e-06,0.005996057852649756,0.00595,2.839057049599525e-06,0.005891842189683058,0.00595,0.3,0.0,0.281706313752939,0.0
5029,5.029,5.03,-4.373372364003791,4.504973641958986,0.06580063897759736,8.878346005962777,-0.09938983964906417,0.10775776725648445,1,1,-4.373372364003791,4.504973641958986,-6.009055830513782,6.027167491541345,0.009055830513781338,12.036223322055127,0.01811166102756336,0.0,0.01811166102756336,0.0,-0.01811166102756336,-0.01811166102756336,0.0,0.0,0.0,0.0,0.0,0.0,1.8120719877442117e-05,0.0,5.9957781576857965,5.89250971861452,1.6991616447192825e-15,1.1275702593849246e-15,0.8014999424770777,0.0,-6.275,6.275000000000001,0.1436140661634507,0.14361406616345046,8.741511709126502e-09,2.3009123070314073e-06,0.005995803548343468,0.00595,2.8397563636817227e-06,0.005892449336936606,0.00595,0.3,0.0,0.28188833897243776,0.0
5039,5.039,5.04,-4.373557142813575,4.504065941519895,0.0652543993531598,8.87762308433347,-0.0993660964343307,0.1078244968995512,1,1,-4.373557142813575,4.504065941519895,-6.00896572349463,6.026897170483891,0.008965723494630318,12.035862893978521,0.01793144698926039,0.0,0.01793144698926039,0.0,-0.01793144698926039,-0.01793144698926039,0.0,0.0,0.0,0.0,0.0,0.0,1.7940415702076814e-05,0.0,5.995524653049724,5.893110228078539,1.8413818646950686e-16,1.0859368959614812e-15,0.8014999424778774,0.0,-6.275,6.275000000000001,0.1436140661634507,0.14361406616345046,8.741216186262206e-09,2.300880318501475e-06,0.0059955499704653845,0.00595,2.840433744164539e-06,0.005893050446832844,0.00595,0.3,0.0,0.2820685530107407,0.0
5049,5.049,5.05,-4.373742526324333,4.503166775044662,0.06471212436016449,8.876909301368993,-0.09934243869278547,0.10788998612547229,1,1,-4.373742526324333,4.503166775044662,-6.0088765130552995,6.026629539165898,0.008876513055299462,12.035506052221198,0.017753026110599267,0.0,0.017753026110599267,0.0,-0.017753026110599267,-0.017753026110599267,0.0,0.0,0.0,0.0,0.0,0.0,1.7761905583232112e-05,0.0,5.995271886714662,5.893704766024966,1.0269562977782698e-15,1.0651202142497596e-15,0.801499942478473,0.0,-6.275,6.275000000000001,0.1436140661634507,0.14361406616345046,8.740935608892833e-09,2.3008564924200233e-06,0.005995297129823346,0.00595,2.8410892061492275e-06,0.00589364557925595,0.00595,0.3,0.0,0.2822469738894018,0.0
5059,5.059,5.0600000000000005,-4.3739284866698025,4.502276141127339,0.06417382722876841,8.876204627797142,-0.09931886806050033,0.10795425460577268,1,1,-4.3739284866698025,4.502276141127339,-6.008788190274672,6.026364570824015,0.008788190274671592,12.035152761098686,0.017576380549343438,0.0,0.017576380549343438,0.0,-0.017576380549343438,-0.017576380549343438,0.0,0.0,0.0,0.0,0.0,0.0,1.7585171669747365e-05,0.0,5.995019869173921,5.894293391682729,4.832661777264685e-16,1.0304257447302234e-15,0.8014999424788644,0.0,-6.275,6.275000000000001,0.1436140661634507,0.14361406616345046,8.740670081566245e-09,2.300840840226837e-06,0.00599504503693902,0.00595,2.8417227698507296e-06,0.005894234793494124,0.00595,0.3,0.0,0.2824236194506576,0.0
5069,5.069,5.07,-4.374114996376521,4.501394032980807,0.06363951830214276,8.875509029357328,-0.09929538611270577,0.10801732221824956,1,1,-4.374114996376521,4.501394032980807,-6.008700746320395,6.026102238961185,0.00870074632039497,12.03480298528158,0.01740149264078958,0.0,0.01740149264078958,0.0,-0.01740149264078958,-0.01740149264078958,0.0,0.0,0.0,0.0,0.0,0.0,1.7410196288083956e-05,0.0,5.994768610639721,5.894876163691357,7.927686285214008e-16,1.0269562977782698e-15,0.801499942479051,0.0,-6.275,6.275000000000001,0.1436140661634507,0.14361406616345046,8.740419707180322e-09,2.3008333719650396e-06,0.0059947937020525316,0.00595,2.842334460342322e-06,0.005894818148245561,0.00595,0.3,0.0,0.28259850735921144,0.0
5079,5.079,5.08,-4.3743020283618925,4.500520438811596,0.06310920522485164,8.874822467173487,-0.09927199436525758,0.10807920898056489,1,1,-4.3743020283618925,4.500520438811596,-6.0086141724480004,6.025842517344001,0.008614172448000446,12.034456689792002,0.017228344896001092,0.0,0.017228344896001092,0.0,-0.017228344896001092,-0.017228344896001092,0.0,0.0,0.0,0.0,0.0,0.0,1.72369619405579e-05,0.0,5.9945181210477285,5.895453140106885,8.448103328007051e-16,9.783840404509192e-16,0.8014999424790329,0.0,-6.275,6.275000000000001,0.1436140661634507,0.14361406616345046,8.740184586970645e-09,2.300834096254446e-06,0.005994543135127004,0.00595,2.8429243073002652e-06,0.005895395701624386,0.00595,0.3,0.0,0.2827716551039999,0.0
5089,5.089,5.09,-4.374489555932148,4.499636989339249,0.06257371670355072,8.874126545271398,-0.09924869427607397,0.10267267363747001,1,1,-4.374489555932148,4.499636989339249,-6.00852846000003,6.025585380000089,0.00852846000002927,12.034113840000119,0.017056920000059213,0.0,0.017056920000059213,0.0,-0.017056920000059213,-0.017056920000059213,0.0,0.0,0.0,0.0,0.0,0.0,1.706545130359009e-05,0.0,5.99426841006155,5.896024378407709,5.022024462952857e-16,9.506284648352903e-16,0.8014999424788097,0.0,-6.275,6.275000000000001,0.1436140661634507,0.14361406616345046,8.73996482049861e-09,2.3008430203137667e-06,0.005994293345853044,0.00595,2.843492344717369e-06,0.0058959675111664965,0.00595,0.3,0.0,0.2829430799999417,0.0
5099,5.099,5.1000000000000005,-4.3746775527802315,4.498734785110004,0.06202861616488642,8.873412337890237,-0.0992254872465434,0.10273169633111395,1,1,-4.3746775527802315,4.498734785110004,-6.008443600405166,6.025330801215497,0.008443600405165341,12.033774401620663,0.016887200810331484,0.0,0.016887200810331484,0.0,-0.016887200810331484,-0.016887200810331484,0.0,0.0,0.0,0.0,0.0,0.0,1.6895647225973892e-05,0.0,5.994019487077133,5.896589935500389,2.4450927393893096e-15,9.679756995950584e-16,0.8014999424783815,0.0,-6.275,6.275000000000001,0.1436140661634507,0.14361406616345046,8.739760505640057e-09,2.300860149925083e-06,0.005994044343653171,0.00595,2.8440386106765026e-06,0.005896533633835372,0.00595,0.3,0.0,0.2831127991896695,0.0
5109,5.109,5.11,-4.37486599298359,4.497841525282931,0.06148776614967044,8.872707518266521,-0.0992023746228965,0.10278964638788662,1,1,-4.37486599298359,4.497841525282931,-6.008359585177378,6.025078755532136,0.008359585177379003,12.033438340709514,0.0167191703547575,0.0,0.0167191703547575,0.0,-0.0167191703547575,-0.0167191703547575,0.0,0.0,0.0,0.0,0.0,0.0,1.6727532727160045e-05,0.0,5.993771361227133,5.897149867725361,4.567811515317211e-16,9.922618282587337e-16,0.801499942477748,0.0,-6.275,6.275000000000001,0.1436140661634507,0.14361406616345046,8.739571738574339e-09,2.3008854894560477e-06,0.005993796137686175,0.00595,2.8445631470952472e-06,0.0058970941260278135,0.00595,0.3,0.0,0.2832808296452435,0.0
5119,5.119,5.12,-4.375054851001889,4.49695717886219,0.06095116393015054,8.872012029864079,-0.09917935769755248,0.10284654133454252,1,1,-4.375054851001889,4.49695717886219,-6.008276405915075,6.024829217745228,0.008276405915076168,12.033105623660303,0.01655281183015168,0.0,0.01655281183015168,0.0,-0.01655281183015168,-0.01655281183015168,0.0,0.0,0.0,0.0,0.0,0.0,1.656109099555857e-05,0.0,5.993524041385211,5.897704230862633,6.655205629212818e-16,1.1206313654810174e-15,0.8014999424769093,0.0,-6.275,6.275000000000001,0.1436140661634507,0.14361406616345046,8.739398613773912e-09,2.3009190418354644e-06,0.005993548736851424,0.00595,2.8450659994727622e-06,0.005897649043579612,0.00595,0.3,0.0,0.28344718816984943,0.0
5129,5.1290000000000004,5.13,-4.375244101674654,4.496081711187273,0.06041880475630945,8.871325812861926,-0.09915643771043231,0.10290239872892126,1,1,-4.375244101674654,4.496081711187273,-6.008194054300262,6.024582162900785,0.008194054300261655,12.032776217201047,0.016388108600522932,0.0,0.016388108600522932,0.0,-0.016388108600522932,-0.016388108600522932,0.0,0.0,0.0,0.0,0.0,0.0,1.6396305386857604e-05,0.0,5.993277536170263,5.89825308013738,5.388213746709836e-16,1.1206313654810174e-15,0.801499942475865,0.0,-6.275,6.275000000000001,0.1436140661634507,0.14361406616345046,8.739241223994406e-09,2.3009608085532842e-06,0.005993302149793102,0.00595,2.8455472166633025e-06,0.005898198441771175,0.00595,0.3,0.0,0.2836118913994782,0.0
5139,5.139,5.14,-4.3754337202188385,4.495215084210008,0.05989068199558467,8.870648804428846,-0.09913361585024566,0.10295723612232355,1,1,-4.3754337202188385,4.495215084210008,-6.008112522097706,6.0243375662931165,0.008112522097705188,12.032450088390823,0.016225044195411046,0.0,0.016225044195411046,0.0,-0.016225044195411046,-0.016225044195411046,0.0,0.0,0.0,0.0,0.0,0.0,1.6233159422358963e-05,0.0,5.993031853950604,5.898796470225507,8.595554823465079e-16,1.0581813203458523e-15,0.8014999424746155,0.0,-6.275,6.275000000000001,0.1436140661634507,0.14361406616345046,8.73909966026518e-09,2.301010789678372e-06,0.005993056384904396,0.00595,2.8460068506430683e-06,0.00589874237533309,0.00595,0.3,0.0,0.28377495580459,0.0
5149,5.149,5.15,-4.375623682226329,4.494357256754262,0.059366787263966714,8.869980938980591,-0.09911089325574801,0.10301107102605817,1,1,-4.375623682226329,4.494357256754262,-6.00803180115412,6.0240954034623595,0.008031801154119833,12.03212720461648,0.016063602308239614,0.0,0.016063602308239614,0.0,-0.016063602308239614,-0.016063602308239614,0.0,0.0,0.0,0.0,0.0,0.0,1.607163678733024e-05,0.0,5.992787002848087,5.899334455259154,9.024627833226218e-16,1.0581813203458523e-15,0.8014999424731606,0.0,-6.275,6.275000000000001,0.1436140661634507,0.14361406616345046,8.738974011880381e-09,2.3010689838140945e-06,0.005992811450331621,0.00595,2.8464449563037066e-06,0.005899280898451623,0.00595,0.3,0.0,0.28393639769176143,0.0
5159,5.159,5.16,-4.375813963661383,4.493508184759378,0.058847110548997605,8.86932214842076,-0.09908827101696993,0.10306392088178101,1,1,-4.375813963661383,4.493508184759378,-6.007951883397342,6.023855650192028,0.007951883397343096,12.03180753358937,0.015903766794685387,0.0,0.015903766794685387,0.0,-0.015903766794685387,-0.015903766794685387,0.0,0.0,0.0,0.0,0.0,0.0,1.5911721329373318e-05,0.0,5.9925429907421615,5.899867088832115,1.1812992532951594e-15,9.71445146547012e-16,0.8014999424715005,0.0,-6.275,6.275000000000001,0.1436140661634507,0.14361406616345046,8.738864366390496e-09,2.301135388149394e-06,0.0059925673539782875,0.00595,2.8468615912413675e-06,0.005899814064774163,0.00595,0.3,0.0,0.2840962332053156,0.0
5169,5.1690000000000005,5.17,-4.376004540858013,4.492667821508321,0.058331640325154144,8.868672362366333,-0.09906575017641972,0.10311580303524387,1,1,-4.376004540858013,4.492667821508321,-6.007872760835531,6.023618282506596,0.007872760835532233,12.031491043342127,0.01574552167106381,0.0,0.01574552167106381,0.0,-0.01574552167106381,-0.01574552167106381,0.0,0.0,0.0,0.0,0.0,0.0,1.575339705680915e-05,0.0,5.99229982527389,5.9003944240052535,6.969420971326273e-16,8.98586760555986e-16,0.8014999424696353,0.0,-6.275,6.275000000000001,0.1436140661634507,0.14361406616345046,8.73877080959441e-09,2.3012099984210378e-06,0.005992324103509114,0.00595,2.8472568155768485e-06,0.005900341927414623,0.00595,0.3,0.0,0.2842544783289371,0.0
5179,5.179,5.18,-4.37619539051732,4.491836117841474,0.05782036366207688,8.868031508358794,-0.09904333173026053,0.1031667347131271,1,1,-4.37619539051732,4.491836117841474,-6.007794425556366,6.023383276669096,0.007794425556364892,12.031177702225461,0.01558885111273065,0.0,0.01558885111273065,0.0,-0.01558885111273065,-0.01558885111273065,0.0,0.0,0.0,0.0,0.0,0.0,1.5596648137078534e-05,0.0,5.992057513849884,5.900916513311807,4.85722573273506e-16,9.211381657436846e-16,0.801499942467565,0.0,-6.275,6.275000000000001,0.1436140661634507,0.14361406616345046,8.738693425531945e-09,2.301292808931384e-06,0.0059920817063539855,0.00595,2.8476306917579743e-06,0.005900864538958767,0.00595,0.3,0.0,0.28441114888727026,0.0
5189,5.189,5.19,-4.376386489704761,4.491013022356944,0.05731326632609157,8.867399512061706,-0.09902101662945695,0.10321673300267453,1,1,-4.376386489704761,4.491013022356944,-6.00771686972625,6.0231506091787494,0.00771686972624952,12.030867478905,0.015433739452499514,0.0,0.015433739452499514,0.0,-0.015433739452499514,-0.015433739452499514,0.0,0.0,0.0,0.0,0.0,0.0,1.5441458895158875e-05,0.0,5.991816063646209,5.9014334087626725,6.114900252818245e-16,9.731798700229888e-16,0.8014999424652899,0.0,-6.275,6.275000000000001,0.1436140661634507,0.14361406616345046,8.738632296476925e-09,2.3013838125372783e-06,0.005991840169711845,0.00595,2.847983284408606e-06,0.005901381951469491,0.00595,0.3,0.0,0.28456626054750145,0.0
5199,5.199,5.2,-4.376577815847389,4.490198481598232,0.056810332875421476,8.866776297445622,-0.0989988057809027,0.10326581483384167,1,1,-4.376577815847389,4.490198481598232,-6.0076400855895375,6.022920256768613,0.007640085589537549,12.03056034235815,0.01528017117907512,0.0,0.01528017117907512,0.0,-0.01528017117907512,-0.01528017117907512,0.0,0.0,0.0,0.0,0.0,0.0,1.5287813811996658e-05,0.0,5.99157548161222,5.901945161851627,8.066464163292153e-16,9.662409761190816e-16,0.8014999424628102,0.0,-6.275,6.275000000000001,0.1436140661634507,0.14361406616345046,8.73858750293071e-09,2.301483000674479e-06,0.00599159950055455,0.00595,2.848314660190976e-06,0.005901894216492047,0.00595,0.3,0.0,0.28471982882092584,0.0
5209,5.2090000000000005,5.21,-4.376769346731029,4.489392440230002,0.056311546749486574,8.866161786961031,-0.09897670004851838,0.10331399696372645,1,1,-4.376769346731029,4.489392440230002,-6.007564065467752,6.022692196403253,0.00756406546775068,12.030256261871004,0.015128130935502151,0.0,0.015128130935502151,0.0,-0.015128130935502151,-0.015128130935502151,0.0,0.0,0.0,0.0,0.0,0.0,1.5135697522955526e-05,0.0,5.991335774474354,5.902451823560496,5.507747036226363e-16,9.575673587391975e-16,0.8014999424601261,0.0,-6.275,6.275000000000001,0.1436140661634507,0.14361406616345046,8.73855912361624e-09,2.301590363350995e-06,0.005991359705630658,0.00595,2.8486248876435916e-06,0.0059024013850592265,0.00595,0.3,0.0,0.2848718690644988,0.0
5219,5.219,5.22,-4.376961060497431,4.488594841202737,0.055816890352653026,8.865555901700167,-0.09895470025432562,0.10336129596305199,1,1,-4.376961060497431,4.488594841202737,-6.007488801758815,6.022466405276444,0.00748880175881439,12.02995520703526,0.014977603517629551,0.0,0.014977603517629551,0.0,-0.014977603517629551,-0.014977603517629551,0.0,0.0,0.0,0.0,0.0,0.0,1.4985094816279812e-05,0.0,5.991096948739857,5.902953444364264,1.2533377113932431e-15,8.829742492721948e-16,0.8014999424572379,0.0,-6.275,6.275000000000001,0.1436140661634507,0.14361406616345046,8.738547235472573e-09,2.3017058891382066e-06,0.005991120791469169,0.00595,2.8489140370768775e-06,0.005902903507696469,0.00595,0.3,0.0,0.2850223964823713,0.0
5229,5.229,5.23,-4.377152935641368,4.487805625906916,0.055326345132774346,8.864958561548285,-0.09893280717949982,0.10340772820450872,1,1,-4.377152935641368,4.487805625906916,-6.007414286936295,6.022242860808885,0.007414286936294978,12.02965714774518,0.01482857387259009,0.0,0.01482857387259009,0.0,-0.01482857387259009,-0.01482857387259009,0.0,0.0,0.0,0.0,0.0,0.0,1.4835990631573345e-05,0.0,5.99085901070047,5.903450074236137,1.4094628242311558e-15,9.107298248878237e-16,0.801499942454146,0.0,-6.275,6.275000000000001,0.1436140661634507,0.14361406616345046,8.738551913649909e-09,2.3018295651908464e-06,0.005990882764383209,0.00595,2.8491821804599303e-06,0.005903400634426934,0.00595,0.3,0.0,0.2851714261274108,0.0
5239,5.239,5.24,-4.377344951007715,4.487024734317406,0.054839891654845374,8.864369685325121,-0.09891102156539516,0.10345330985276902,1,1,-4.377344951007715,4.487024734317406,-6.007340513548648,6.022021540645943,0.007340513548647287,12.029362054194591,0.014681027097295076,0.0,0.014681027097295076,0.0,-0.014681027097295076,-0.014681027097295076,0.0,0.0,0.0,0.0,0.0,0.0,1.4688370058293407e-05,0.0,5.990621966436058,5.903941762652561,1.4545656346065527e-15,9.454242944073599e-16,0.8014999424508507,0.0,-6.275,6.275000000000001,0.1436140661634507,0.14361406616345046,8.738573231505099e-09,2.3019613772581025e-06,0.00599064563047367,0.00595,2.849429391331704e-06,0.005903892814776518,0.00595,0.3,0.0,0.28531897290270586,0.0
5249,5.249,5.25,-4.377537085788482,4.486252105128639,0.05435750967007813,8.863789190917121,-0.09888934411455275,0.10349805685600982,1,1,-4.377537085788482,4.486252105128639,-6.007267474218472,6.0218024226554165,0.007267474218472181,12.029069896873889,0.014534948436944018,0.0,0.014534948436944018,0.0,-0.014534948436944018,-0.014534948436944018,0.0,0.0,0.0,0.0,0.0,0.0,1.4542218334259642e-05,0.0,5.990385821818187,5.904428558598177,1.855286757557195e-15,9.8879238130678e-16,0.8014999424473523,0.0,-6.275,6.275000000000001,0.1436140661634507,0.14361406616345046,8.738611260597662e-09,2.3021013096769597e-06,0.0059904093956327864,0.00595,2.84965574472551e-06,0.0059043800977788205,0.00595,0.3,0.0,0.28546505156305696,0.0
5259,5.259,5.26,-4.377729319519824,4.485487675881176,0.05387917818067578,8.863216995401,-0.09886777549168002,0.10354198493879363,1,1,-4.377729319519824,4.485487675881176,-6.007195161641774,6.021585484925324,0.0071951616417749165,12.028780646567098,0.014390323283549155,0.0,0.014390323283549155,0.0,-0.014390323283549155,-0.014390323283549155,0.0,0.0,0.0,0.0,0.0,0.0,1.4397520844177862e-05,0.0,5.990150582513653,5.904910510570726,1.9170049662259325e-16,9.315465065995454e-16,0.8014999424436515,0.0,-6.275,6.275000000000001,0.1436140661634507,0.14361406616345046,8.738666070686232e-09,2.3022493453810775e-06,0.0059901740655476775,0.00595,2.8498613170846455e-06,0.005904862531980055,0.00595,0.3,0.0,0.28560967671645177,0.0
5269,5.269,5.2700000000000005,-4.377921632079024,4.484731383080172,0.05340487550057382,8.862653015159196,-0.098846316324612,0.10358510959617984,1,1,-4.377921632079024,4.484731383080172,-6.007123568587237,6.021370705761712,0.0071235685872377275,12.02849427434895,0.014247137174474624,0.0,0.014247137174474624,0.0,-0.014247137174474624,-0.014247137174474624,0.0,0.0,0.0,0.0,0.0,0.0,1.4254263118178474e-05,0.0,5.989916253987967,5.905387666585924,7.901665433074356e-16,9.454242944073599e-16,0.8014999424397484,0.0,-6.275,6.275000000000001,0.1436140661634507,0.14361406616345046,8.73873772972554e-09,2.3024054659207765e-06,0.005989939645703823,0.00595,2.8500461862424054e-06,0.00590534016544392,0.00595,0.3,0.0,0.2857528628255263,0.0
5279,5.279,5.28,-4.378114003681448,4.483983162306254,0.052934579312402974,8.862097165987702,-0.09882496720525047,0.10362744608892749,1,1,-4.378114003681448,4.483983162306254,-6.007052687895495,6.021158063686485,0.007052687895495069,12.02821075158198,0.014105375790990192,0.0,0.014105375790990192,0.0,-0.014105375790990192,-0.014105375790990192,0.0,0.0,0.0,0.0,0.0,0.0,1.4112430830369496e-05,0.0,5.989682841508771,5.9058600741822636,1.0708935908182449e-15,9.97465998686664e-16,0.8014999424356438,0.0,-6.275,6.275000000000001,0.1436140661634507,0.14361406616345046,8.73882630386381e-09,2.3025696514696987e-06,0.005989706141388505,0.00595,2.850210431355471e-06,0.005905813045756415,0.00595,0.3,0.0,0.2858946242090108,0.0
5289,5.289,5.29,-4.378306414877479,4.483242948319279,0.05246826672089977,8.861549363196758,-0.09880372869048082,0.10366900943969748,1,1,-4.378306414877479,4.483242948319279,-6.0069825124784195,6.020947537435259,0.0069825124784195225,12.027930049913678,0.01396502495683938,0.0,0.01396502495683938,0.0,-0.01396502495683938,-0.01396502495683938,0.0,0.0,0.0,0.0,0.0,0.0,1.3972009797403953e-05,0.0,5.989450350149238,5.906327780425778,8.257283745649602e-16,1.0009354456386177e-15,0.801499942431338,0.0,-6.275,6.275000000000001,0.1436140661634507,0.14361406616345046,8.738931857440674e-09,2.302741880822589e-06,0.0059894735576941855,0.00595,2.8503541328839254e-06,0.0059062812200306085,0.00595,0.3,0.0,0.2860349750431616,0.0
5299,5.299,5.3,-4.378498846549433,4.482510675155418,0.05200591430299273,8.861009521704851,-0.09878260130307126,0.10370981443013849,1,1,-4.378498846549433,4.482510675155418,-6.00691303531841,6.020739105955233,0.006913035318411254,12.027652141273643,0.013826070636821808,0.0,0.013826070636821808,0.0,-0.013826070636821808,-0.013826070636821808,0.0,0.0,0.0,0.0,0.0,0.0,1.3832985977061529e-05,0.0,5.98921878479139,5.906790831914765,5.204170427930421e-16,1.0217521273503394e-15,0.8014999424268318,0.0,-6.275,6.275000000000001,0.1436140661634507,0.14361406616345046,8.7390544529855e-09,2.3029221314130564e-06,0.005989241899521857,0.00595,2.8504773725868127e-06,0.005906744734911358,0.00595,0.3,0.0,0.2861739293631792,0.0
5309,5.309,5.3100000000000005,-4.378691279908451,4.481786276217977,0.051547498154763005,8.860477556126428,-0.09876158553254882,0.10374987559876814,1,1,-4.378691279908451,4.481786276217977,-6.0068442494676955,6.020532748403085,0.006844249467694574,12.02737699787078,0.013688498935389683,0.0,0.013688498935389683,0.0,-0.013688498935389683,-0.013688498935389683,0.0,0.0,0.0,0.0,0.0,0.0,1.3695345466844336e-05,0.0,5.988988150129391,5.907249274784443,5.8223011915187195e-16,1.1449174941446927e-15,0.8014999424221256,0.0,-6.275,6.275000000000001,0.1436140661634507,0.14361406616345046,8.739194151216197e-09,2.3031103793313374e-06,0.005989011171584322,0.00595,2.8505802334866103e-06,0.005907203636579984,0.00595,0.3,0.0,0.28631150106461145,0.0
5319,5.319,5.32,-4.378883696491385,4.481069684362343,0.05109299393547939,8.859953380853728,-0.09874068183605755,0.10378920723957435,1,1,-4.378883696491385,4.481069684362343,-6.00677614804763,6.020328444142887,0.006776148047628716,12.027104592190517,0.013552296095258218,0.0,0.013552296095258218,0.0,-0.013552296095258218,-0.013552296095258218,0.0,0.0,0.0,0.0,0.0,0.0,1.3559074502586656e-05,0.0,5.988758450672786,5.90770315471159,9.259459247523e-16,1.0633854907737827e-15,0.8014999424172201,0.0,-6.275,6.275000000000001,0.1436140661634507,0.14361406616345046,8.739351011038463e-09,2.303306599333181e-06,0.005988781378409445,0.00595,2.8506627999203004e-06,0.0059076579707589,0.00595,0.3,0.0,0.28644770390474283,0.0
5329,5.329,5.33,-4.379076078157654,4.480360831975418,0.05064237690888174,8.859436910133072,-0.0987198906391959,0.10382782340125074,1,1,-4.379076078157654,4.480360831975418,-6.006708724248015,6.020126172744045,0.006708724248015052,12.02683489699206,0.013417448496029896,0.0,0.013417448496029896,0.0,-0.013417448496029896,-0.013417448496029896,0.0,0.0,0.0,0.0,0.0,0.0,1.3424159457078501e-05,0.0,5.988529690749701,5.908152516919107,8.265957363029486e-16,1.0685896612017132e-15,0.801499942412116,0.0,-6.275,6.275000000000001,0.1436140661634507,0.14361406616345046,8.739525089545471e-09,2.303510764830964e-06,0.005988552524343347,0.00595,2.850725157514944e-06,0.00590810778271619,0.00595,0.3,0.0,0.28658255150397116,0.0
5339,5.339,5.34,-4.3792684070861085,4.479659651049883,0.05019562198188732,8.85892805813599,-0.09869921233683826,0.1038657378870067,1,1,-4.3792684070861085,4.479659651049883,-6.006641971326417,6.0199259139792485,0.006641971326415863,12.026567885305665,0.013283942652832422,0.0,0.013283942652832422,0.0,-0.013283942652832422,-0.013283942652832422,0.0,0.0,0.0,0.0,0.0,0.0,1.3290586838702891e-05,0.0,5.988301874509981,5.908597406180559,9.02923569245928e-16,1.0286910212542466e-15,0.8014999424068139,0.0,-6.275,6.275000000000001,0.1436140661634507,0.14361406616345046,8.739716442017982e-09,2.303722847958085e-06,0.005988324613553564,0.00595,2.8507673932209876e-06,0.0059085531172701515,0.00595,0.3,0.0,0.2867160573471686,0.0
5349,5.349,5.3500000000000005,-4.379460665771866,4.478966073253617,0.04975270374087559,8.858426739025482,-0.09867864729393439,0.10390296425488277,1,1,-4.379460665771866,4.478966073253617,-6.006575882607485,6.019727647822456,0.006575882607485539,12.02630353042994,0.01315176521497022,0.0,0.01315176521497022,0.0,-0.01315176521497022,-0.01315176521497022,0.0,0.0,0.0,0.0,0.0,0.0,1.3158343290086675e-05,0.0,5.988075005928302,5.909037866824653,1.2352450876398913e-15,9.731798700229888e-16,0.8014999424013145,0.0,-6.275,6.275000000000001,0.1436140661634507,0.14361406616345046,8.739925121924902e-09,2.303942819531216e-06,0.005988097650032151,0.00595,2.85078959534113e-06,0.0059089940187937754,0.00595,0.3,0.0,0.28684823478503074,0.0
5359,5.359,5.36,-4.379652837023146,4.478280029994549,0.04931359648570144,8.857932867017695,-0.09865819584629482,0.10393951581851968,1,1,-4.379652837023146,4.478280029994549,-6.006510451482295,6.019531354446884,0.006510451482294677,12.026041805929179,0.013020902964589357,0.0,0.013020902964589357,0.0,-0.013020902964589357,-0.013020902964589357,0.0,0.0,0.0,0.0,0.0,0.0,1.3027415586764794e-05,0.0,5.987849088807233,5.909473942739686,8.161873954470877e-16,1.0026701691145945e-15,0.8014999423956188,0.0,-6.275,6.275000000000001,0.1436140661634507,0.14361406616345046,8.740151180924232e-09,2.304170649083611e-06,0.005987871637598747,0.00595,2.85079185357251e-06,0.005909430531219203,0.00595,0.3,0.0,0.28697909703541163,0.0
5369,5.369,5.37,-4.379844903958101,4.477601452481258,0.048878274261578536,8.857446356439358,-0.0986378583013528,0.10397540564833024,1,1,-4.379844903958101,4.477601452481258,-6.006445671407677,6.019337014223034,0.006445671407678155,12.02578268563071,0.012891342815355741,0.0,0.012891342815355741,0.0,-0.012891342815355741,-0.012891342815355741,0.0,0.0,0.0,0.0,0.0,0.0,1.2897790635857804e-05,0.0,5.987624126780241,5.909905677377945,1.2715523078909996e-15,9.298117831235686e-16,0.8014999423897274,0.0,-6.275,6.275000000000001,0.1436140661634507,0.14361406616345046,8.740394668864446e-09,2.304406304882868e-06,0.005987646579903598,0.00595,2.850774259044453e-06,0.005909862698042124,0.00595,0.3,0.0,0.2871086571846452,0.0
5379,5.3790000000000004,5.38,-4.380036850001634,4.476930271779549,0.04844671088895769,8.856967121781183,-0.09861763493891701,0.10401064657302894,1,1,-4.380036850001634,4.476930271779549,-6.006381535905573,6.01914460771672,0.006381535905573443,12.025526143622294,0.012763071811146484,0.0,0.012763071811146484,0.0,-0.012763071811146484,-0.012763071811146484,0.0,0.0,0.0,0.0,0.0,0.0,1.2769455474762596e-05,0.0,5.9874001233146785,5.910333113760053,1.3027773304585821e-15,9.853229343548264e-16,0.8014999423836412,0.0,-6.275,6.275000000000001,0.1436140661634507,0.14361406616345046,8.740655633786268e-09,2.304649753953133e-06,0.005987422480430536,0.00595,2.850736904358442e-06,0.005910290562326132,0.00595,0.3,0.0,0.2872369281888545,0.0
5389,5.389,5.39,-4.380228658882221,4.476266418865275,0.0480188799915271,8.856495077747496,-0.09859752601190042,0.10404525118146962,1,1,-4.380228658882221,4.476266418865275,-6.006318038562377,6.018954115687132,0.006318038562377559,12.025272154249508,0.012636077124754267,0.0,0.012636077124754267,0.0,-0.012636077124754267,-0.012636077124754267,0.0,0.0,0.0,0.0,0.0,0.0,1.2642397269856108e-05,0.0,5.987177081714709,5.910756294479295,1.5187504032176946e-15,9.246076126956382e-16,0.801499942377361,0.0,-6.275,6.275000000000001,0.1436140661634507,0.14361406616345046,8.740934121924838e-09,2.3049009620684403e-06,0.00598719934249991,0.00595,2.8506798836480662e-06,0.005910714166707051,0.00595,0.3,0.0,0.28736392287524665,0.0
5399,5.399,5.4,-4.38042031462872,4.475609824673619,0.04759475502244914,8.856030139302339,-0.0985775317470372,0.10407923182476575,1,1,-4.38042031462872,4.475609824673619,-6.006255173028302,6.018765519084907,0.006255173028302252,12.025020692113209,0.012510346056604628,0.0,0.012510346056604628,0.0,-0.012510346056604628,-0.012510346056604628,0.0,0.0,0.0,0.0,0.0,0.0,1.2516603315211978e-05,0.0,5.986955005124189,5.911175261705875,1.0859368959614812e-15,9.003214840319629e-16,0.8014999423708876,0.0,-6.275,6.275000000000001,0.1436140661634507,0.14361406616345046,8.741230177712271e-09,2.3051598937993417e-06,0.0059869771692714815,0.00595,2.8506032926434168e-06,0.005911133553397208,0.00595,0.3,0.0,0.28748965394339626,0.0
5409,5.409,5.41,-4.380611801567193,4.474960420145075,0.04717430928894073,8.855572221712269,-0.0985576523455789,0.10411260061864935,1,1,-4.380611801567193,4.474960420145075,-6.0061929330167425,6.018578799050229,0.006192933016743396,12.024771732066972,0.012385866033485975,0.0,0.012385866033485975,0.0,-0.012385866033485975,-0.012385866033485975,0.0,0.0,0.0,0.0,0.0,0.0,1.2392061031329905e-05,0.0,5.986733896529532,5.911590057191145,6.245004513516506e-16,9.593020822151743e-16,0.8014999423642222,0.0,-6.275,6.275000000000001,0.1436140661634507,0.14361406616345046,8.741543843780599e-09,2.3054265125018027e-06,0.005986755963747279,0.00595,2.8505072286977294e-06,0.00591154876418965,0.00595,0.3,0.0,0.287614133966515,0.0
5419,5.4190000000000005,5.42,-4.380803104317716,4.474318136268295,0.04675751597528954,8.85512124058601,-0.09853788798398072,0.10414536944604313,1,1,-4.380803104317716,4.474318136268295,-6.006131312303646,6.018393936910938,0.006131312303645942,12.024525249214584,0.012262624607292256,0.0,0.012262624607292256,0.0,-0.012262624607292256,-0.012262624607292256,0.0,0.0,0.0,0.0,0.0,0.0,1.2268757963877718e-05,0.0,5.986513758762501,5.912000722271806,4.882094620066446e-16,9.835882108788496e-16,0.8014999423573655,0.0,-6.275,6.275000000000001,0.1436140661634507,0.14361406616345046,8.741875160965055e-09,2.305700780352731e-06,0.005986535728774406,0.00595,2.850391790893969e-06,0.005911959840462353,0.00595,0.3,0.0,0.2877373753927087,0.0
5429,5.429,5.43,-4.380994207791193,4.473682904120037,0.04634434816442168,8.85467711191123,-0.09851823881456917,0.10417754995981077,1,1,-4.380994207791193,4.473682904120037,-6.006070304726889,6.018210914180668,0.006070304726889297,12.024281218907557,0.012140609453778158,0.0,0.012140609453778158,0.0,-0.012140609453778158,-0.012140609453778158,0.0,0.0,0.0,0.0,0.0,0.0,1.2146681782445917e-05,0.0,5.986294594502981,5.912407297874035,2.706168622523819e-16,9.506284648352903e-16,0.8014999423503185,0.0,-6.275,6.275000000000001,0.1436140661634507,0.14361406616345046,8.742224168307758e-09,2.305982658354417e-06,0.005986316467047812,0.00595,2.850257080044827e-06,0.005912366823182361,0.00595,0.3,0.0,0.2878593905462228,0.0
5439,5.439,5.44,-4.381185097186181,4.47305465490235,0.04593477885808461,8.854239752088532,-0.09849870496619145,0.10420915358567207,1,1,-4.381185097186181,4.47305465490235,-6.006009904185664,6.01802971255699,0.00600990418566294,12.024039616742654,0.012019808371326643,0.0,0.012019808371326643,0.0,-0.012019808371326643,-0.012019808371326643,0.0,0.0,0.0,0.0,0.0,0.0,1.2025820279314628e-05,0.0,5.98607640628171,5.912809824517598,1.1336011339693752e-15,9.853229343548264e-16,0.8014999423430823,0.0,-6.275,6.275000000000001,0.1436140661634507,0.14361406616345046,8.742590903061732e-09,2.3062721063745017e-06,0.0059860981811130295,0.00595,2.850103198819287e-06,0.005912769752909901,0.00595,0.3,0.0,0.28798019162867433,0.0
5449,5.449,5.45,-4.381375757985709,4.472433319977192,0.045528780995741425,8.8538090779629,-0.0984792865448586,0.10424019152524888,1,1,-4.381375757985709,4.472433319977192,-6.005950104639864,6.017850313919593,0.005950104639864229,12.023800418559457,0.011900209279728801,0.0,0.011900209279728801,0.0,-0.011900209279728801,-0.011900209279728801,0.0,0.0,0.0,0.0,0.0,0.0,1.190616136823282e-05,0.0,5.985859196482963,5.913208342319917,1.863093013199091e-15,1.0651202142497596e-15,0.8014999423356579,0.0,-6.275,6.275000000000001,0.1436140661634507,0.14361406616345046,8.742975400695248e-09,2.306569083134876e-06,0.005985880873368855,0.00595,2.849930251764832e-06,0.005913168669802445,0.00595,0.3,0.0,0.28809979072027225,0.0
5459,5.4590000000000005,5.46,-4.381566175954102,4.471818830898622,0.04512632747225975,8.853385006852724,-0.09845998363436415,0.10427067475922314,1,1,-4.381566175954102,4.471818830898622,-6.005890900109487,6.017672700328464,0.0058909001094882285,12.023563600437951,0.011781800218975805,0.0,0.011781800218975805,0.0,-0.011781800218975805,-0.011781800218975805,0.0,0.0,0.0,0.0,0.0,0.0,1.178769308320967e-05,0.0,5.9856429673472,5.913602891000091,7.417535281741688e-16,1.0130785099704553e-15,0.8014999423280463,0.0,-6.275,6.275000000000001,0.1436140661634507,0.14361406616345046,8.743377694896546e-09,2.306873546264968e-06,0.005985664546070017,0.00595,2.8497383453651717e-06,0.005913563613618742,0.00595,0.3,0.0,0.2882181997810252,0.0
5469,5.469,5.47,-4.381756337133825,4.471211119442722,0.04472739115444835,8.852967456576547,-0.0984407962968964,0.10430061405059421,1,1,-4.381756337133825,4.471211119442722,-6.005832284674031,6.017496854022094,0.00583228467403174,12.023329138696125,0.011664569348062906,0.0,0.011664569348062906,0.0,-0.011664569348062906,-0.011664569348062906,0.0,0.0,0.0,0.0,0.0,0.0,1.167040357731795e-05,0.0,5.98542772097368,5.913993509882877,6.032162074530445e-16,9.246076126956382e-16,0.8014999423202487,0.0,-6.275,6.275000000000001,0.1436140661634507,0.14361406616345046,8.743797817578847e-09,2.307185452281763e-06,0.005985449201329778,0.00595,2.849527588129064e-06,0.0059139546237228086,0.00595,0.3,0.0,0.288335430651938,0.0
5479,5.479,5.48,-4.3819462278423105,4.470610117635386,0.04433194489653758,8.852556345477696,-0.09842172457363296,0.10433001994801266,1,1,-4.3819462278423105,4.470610117635386,-6.005774252471903,6.017322757415708,0.005774252471902663,12.02309700988761,0.011548504943805323,0.0,0.011548504943805323,0.0,-0.011548504943805323,-0.011548504943805323,0.0,0.0,0.0,0.0,0.0,0.0,1.1554281121509336e-05,0.0,5.985213459323037,5.914380237902643,1.4797191250082165e-15,8.291978215169138e-16,0.8014999423122661,0.0,-6.275,6.275000000000001,0.1436140661634507,0.14361406616345046,8.744235798885706e-09,2.3075047566342085e-06,0.005985234841122518,0.00595,2.849298090630281e-06,0.005914341739087877,0.00595,0.3,0.0,0.2884514950561955,0.0
5489,5.489,5.49,-4.382135834668818,4.470015757778094,0.04393996155463764,8.852151592446912,-0.09840276848532503,0.10435890278917836,1,1,-4.382135834668818,4.470015757778094,-6.005716797699833,6.017150393099499,0.0057167976998329095,12.022867190799332,0.011433595399665906,0.0,0.011433595399665906,0.0,-0.011433595399665906,-0.011433595399665906,0.0,0.0,0.0,0.0,0.0,0.0,1.1439314103441468e-05,0.0,5.985000184219813,5.914763113607275,4.370961058375311e-16,8.083811398051921e-16,0.8014999423040996,0.0,-6.275,6.275000000000001,0.1436140661634507,0.14361406616345046,8.744691667196658e-09,2.3078314137409663e-06,0.005985021467286273,0.00595,2.849049965563122e-06,0.0059147249983003015,0.00595,0.3,0.0,0.2885664046003349,0.0
5499,5.4990000000000006,5.5,-4.382325144471286,4.469427972471814,0.043551414000263744,8.851753116943101,-0.098383928032863,0.10438727270428633,1,1,-4.382325144471286,4.469427972471814,-6.005659914612297,6.016979743836892,0.005659914612297534,12.022639658449188,0.011319829224594485,0.0,0.011319829224594485,0.0,-0.011319829224594485,-0.011319829224594485,0.0,0.0,0.0,0.0,0.0,0.0,1.1325491026316742e-05,0.0,5.984787897354956,5.915142175162042,1.6483701610701257e-15,8.604228440844963e-16,0.8014999422957505,0.0,-6.275,6.275000000000001,0.1436140661634507,0.14361406616345046,8.74516544913318e-09,2.3081653769571014e-06,0.005984809081525245,0.00595,2.848783327815685e-06,0.005915104439563442,0.00595,0.3,0.0,0.28868017077540636,0.0
5509,5.509,5.51,-4.382514144373203,4.468846694639124,0.043166275132960674,8.851360839012326,-0.09836520319783437,0.10441513961951171,1,1,-4.382514144373203,4.468846694639124,-6.005603597520939,6.016810792562818,0.005603597520939196,12.022414390083757,0.011207195041878745,0.0,0.011207195041878745,0.0,-0.011207195041878745,-0.011207195041878745,0.0,0.0,0.0,0.0,0.0,0.0,1.1212800507732586e-05,0.0,5.9845766002882925,5.915517460353428,1.5768636396629176e-15,8.517492267046123e-16,0.80149994228722,0.0,-6.275,6.275000000000001,0.1436140661634507,0.14361406616345046,8.745657169564928e-09,2.30850659865402e-06,0.005984597685412257,0.00595,2.8484982944898543e-06,0.0059154801007014896,0.00595,0.3,0.0,0.2887928049581221,0.0
5519,5.519,5.5200000000000005,-4.3827028217604775,4.468271857544673,0.042784517892097806,8.85097467930515,-0.0983465939430675,0.10444251326051868,1,1,-4.3827028217604775,4.468271857544673,-6.005547840794003,6.01664352238201,0.005547840794003278,12.022191363176013,0.011095681588006551,0.0,0.011095681588006551,0.0,-0.011095681588006551,-0.011095681588006551,0.0,0.0,0.0,0.0,0.0,0.0,1.1101231278543232e-05,0.0,5.984366294450943,5.915889006592925,6.652664530371055e-16,8.829742492721948e-16,0.8014999422785092,0.0,-6.275,6.275000000000001,0.1436140661634507,0.14361406616345046,8.746166851616287e-09,2.3088550301972665e-06,0.005984387280391193,0.00595,2.848194984976793e-06,0.005915852019163271,0.00595,0.3,0.0,0.2889043184119943,0.0
5529,5.529,5.53,-4.38289116427834,4.467703394814085,0.0424061152678723,8.850594559092425,-0.09832810021316168,0.10446940315599174,1,1,-4.38289116427834,4.467703394814085,-6.00549263885577,6.016477916567309,0.0054926388557694494,12.02197055542308,0.01098527771153959,0.0,0.01098527771153959,0.0,-0.01098527771153959,-0.01098527771153959,0.0,0.0,0.0,0.0,0.0,0.0,1.099077218173279e-05,0.0,5.984156981147726,5.916256850920794,1.3765030781875964e-15,9.679756995950584e-16,0.8014999422696194,0.0,-6.275,6.275000000000001,0.1436140661634507,0.14361406616345046,8.746694516673164e-09,2.3092106219776066e-06,0.005984177867779396,0.00595,2.8478735209991333e-06,0.005916220232025995,0.00595,0.3,0.0,0.28901472228846137,0.0
5539,5.539,5.54,-4.3830791598282355,4.467141240451383,0.042031040311573786,8.850220400279618,-0.09830972193500598,0.10449581864116458,1,1,-4.3830791598282355,4.467141240451383,-6.005437986185999,6.016313958557998,0.005437986185999222,12.021751944743997,0.01087597237199821,0.0,0.01087597237199821,0.0,-0.01087597237199821,-0.01087597237199821,0.0,0.0,0.0,0.0,0.0,0.0,1.0881412171299529e-05,0.0,5.983948661559509,5.916621030009779,1.1336417915508434e-15,1.042568809062061e-15,0.8014999422605519,0.0,-6.275,6.275000000000001,0.1436140661634507,0.14361406616345046,8.747240184390079e-09,2.3095733234532183e-06,0.005983969448770025,0.00595,2.847534026639842e-06,0.005916584775998992,0.00595,0.3,0.0,0.2891240276280028,0.0
5549,5.549,5.55,-4.383266796564738,4.46658532885505,0.04165926614515625,8.849852125419787,-0.098291459018289,0.10452176886135728,1,1,-4.383266796564738,4.46658532885505,-6.005383877319378,6.016151631958136,0.00538387731937906,12.021535509277514,0.01076775463875737,0.0,0.01076775463875737,0.0,-0.01076775463875737,-0.01076775463875737,0.0,0.0,0.0,0.0,0.0,0.0,1.0773140311151271e-05,0.0,5.9837413367455365,5.9169815801687875,1.1960918366860085e-15,1.0269562977782698e-15,0.8014999422513078,0.0,-6.275,6.275000000000001,0.1436140661634507,0.14361406616345046,8.747803872697483e-09,2.3099430831385896e-06,0.005983762024434379,0.00595,2.8471766283866273e-06,0.005916945687427392,0.00595,0.3,0.0,0.28923224536124365,0.0
5559,5.559,5.5600000000000005,-4.383454062892482,4.466035594832777,0.04129076597014736,8.849489657725258,-0.0982733113559886,0.10454726277550147,1,1,-4.383454062892482,4.466035594832777,-6.005330306844977,6.0159909205349305,0.005330306844976818,12.021321227379907,0.010660613689953568,0.0,0.010660613689953568,0.0,-0.010660613689953568,-0.010660613689953568,0.0,0.0,0.0,0.0,0.0,0.0,1.0665945774011774e-05,0.0,5.983535007645716,5.917338537346546,9.992007221626409e-16,1.0980799602933189e-15,0.8014999422418887,0.0,-6.275,6.275000000000001,0.1436140661634507,0.14361406616345046,8.748385597809357e-09,2.310319848660027e-06,0.005983555595724203,0.00595,2.8468014551741304e-06,0.005917303002295772,0.00595,0.3,0.0,0.2893393863100475,0.0
5569,5.569,5.57,-4.383640947463107,4.465491973615005,0.04092551307594894,8.849132921078112,-0.09825527882486362,0.10457230915965232,1,1,-4.383640947463107,4.465491973615005,-6.005277269405701,6.015831808217104,0.005277269405701723,12.021109077622805,0.010554538811402633,0.0,0.010554538811402633,0.0,-0.010554538811402633,-0.010554538811402633,0.0,0.0,0.0,0.0,0.0,0.0,1.0559817840337997e-05,0.0,5.983329675082877,5.917691937135194,1.4302795059428774e-15,1.0182826803983858e-15,0.8014999422322958,0.0,-6.275,6.275000000000001,0.1436140661634507,0.14361406616345046,8.748985374231036e-09,2.310703566748997e-06,0.005983350163473929,0.00595,2.846408638383924e-06,0.005917656756231774,0.00595,0.3,0.0,0.2894454611885984,0.0
5579,5.579,5.58,-4.383827439172207,4.464954400867313,0.04056348084755301,8.848781840039521,-0.09823736128592109,0.1045969166104807,1,1,-4.383827439172207,4.464954400867313,-6.005224759697764,6.015674279093293,0.0052247596977643695,12.020899038791057,0.01044951939552832,0.0,0.01044951939552832,0.0,-0.01044951939552832,-0.01044951939552832,0.0,0.0,0.0,0.0,0.0,0.0,1.0454745897248135e-05,0.0,5.983125339764994,5.918041814773879,8.595554823465079e-16,9.679756995950584e-16,0.8014999422225304,0.0,-6.275,6.275000000000001,0.1436140661634507,0.14361406616345046,8.749603214767281e-09,2.3110941832798736e-06,0.00598314572840292,0.00595,2.845998311904463e-06,0.005918006984509681,0.00595,0.3,0.0,0.28955048060447264,0.0
5589,5.589,5.59,-4.38401352715631,4.464422812701746,0.04020464277271785,8.848436339858056,-0.09821955858488052,0.10462109354874488,1,1,-4.38401352715631,4.464422812701746,-6.005172772470151,6.015518317410453,0.00517277247015091,12.020691089880604,0.01034554494030152,0.0,0.01034554494030152,0.0,-0.01034554494030152,-0.01034554494030152,0.0,0.0,0.0,0.0,0.0,0.0,1.0350719437460312e-05,0.0,5.982922002287381,5.918388205152283,1.5646528126952997e-15,1.0321604682062002e-15,0.8014999422125939,0.0,-6.275,6.275000000000001,0.1436140661634507,0.14361406616345046,8.750239130530559e-09,2.3114916432654954e-06,0.005982942291117656,0.00595,2.8455706121310877e-06,0.005918353722053964,0.00595,0.3,0.0,0.2896544550596995,0.0
5599,5.599,5.6000000000000005,-4.384199200789864,4.4638971456871115,0.039848972448623954,8.848096346476975,-0.0982018705526283,0.1046448482227233,1,1,-4.384199200789864,4.4638971456871115,-6.0051213025240955,6.015363907572285,0.005121302524094595,12.02048521009638,0.010242605048190068,0.0,0.010242605048190068,0.0,-0.010242605048190068,-0.010242605048190068,0.0,0.0,0.0,0.0,0.0,0.0,1.0247728058241867e-05,0.0,5.982719663134839,5.91873114281412,1.1431827706687159e-15,9.8879238130678e-16,0.8014999422024877,0.0,-6.275,6.275000000000001,0.1436140661634507,0.14361406616345046,8.75089313094956e-09,2.3118958909393235e-06,0.005982739852113896,0.00595,2.8451256779860047e-06,0.005918697003442776,0.00595,0.3,0.0,0.2897573949518109,0.0
5609,5.609,5.61,-4.3843844496822415,4.463377336858344,0.03949644358805138,8.847761786540586,-0.0981842970056529,0.1046681887116277,1,1,-4.3843844496822415,4.463377336858344,-6.005070344712559,6.015211034137678,0.005070344712559738,12.020281378850237,0.01014068942511897,0.0,0.01014068942511897,0.0,-0.01014068942511897,-0.01014068942511897,0.0,0.0,0.0,0.0,0.0,0.0,1.0145761460369046e-05,0.0,5.982518322683799,5.919070661960625,1.5743970797205131e-15,1.0477729794899915e-15,0.8014999421922132,0.0,-6.275,6.275000000000001,0.1436140661634507,0.14361406616345046,8.751565223777925e-09,2.312306869702151e-06,0.005982538411778811,0.00595,2.8446636509205094e-06,0.0059190368629114505,0.00595,0.3,0.0,0.28985931057488207,0.0
5619,5.619,5.62,-4.384569263674763,4.462863323724976,0.039147030025106666,8.847432587399739,-0.09816683774648421,0.10469112292896932,1,1,-4.384569263674763,4.462863323724976,-6.00501989393972,6.015059681819161,0.005019893939720355,12.020079575758881,0.010039787879440985,0.0,0.010039787879440985,0.0,-0.010039787879440985,-0.010039787879440985,0.0,0.0,0.0,0.0,0.0,0.0,1.0044809447097094e-05,0.0,5.9823179812044005,5.91940679645397,6.771926769344461e-16,1.052977149917922e-15,0.8014999421817719,0.0,-6.275,6.275000000000001,0.1436140661634507,0.14361406616345046,8.752255415103166e-09,2.3127245222042583e-06,0.005982337970393079,0.00595,2.8441846749438504e-06,0.005919373334355905,0.00595,0.3,0.0,0.28996021212056006,0.0
5629,5.6290000000000004,5.63,-4.384753632837736,4.46235504427876,0.038800705720511974,8.847108677116495,-0.09814949256410826,0.10471365862589344,1,1,-4.384753632837736,4.46235504427876,-6.004969945160459,6.014909835481376,0.0049699451604583444,12.019879780641835,0.009939890320917459,0.0,0.009939890320917459,0.0,-0.009939890320917459,-0.009939890320917459,0.0,0.0,0.0,0.0,0.0,0.0,9.94486192314055e-06,0.0,5.982118638862577,5.9197395798206776,5.464378949326942e-16,1.0477729794899915e-15,0.8014999421711652,0.0,-6.275,6.275000000000001,0.1436140661634507,0.14361406616345046,8.752963709355784e-09,2.3131487903232105e-06,0.005982138528132961,0.00595,2.843688896598806e-06,0.00591970645133608,0.00595,0.3,0.0,0.2900601096790836,0.0
5639,5.639,5.64,-4.384937547467514,4.461852437000517,0.03845744476650159,8.846789984468032,-0.09813226123438101,0.10473580339446481,1,1,-4.384937547467514,4.461852437000517,-6.004920493379855,6.014761480139564,0.0049204933798545625,12.019681973519418,0.009840986759709293,0.0,0.009840986759709293,0.0,-0.009840986759709293,-0.009840986759709293,0.0,0.0,0.0,0.0,0.0,0.0,9.84590889366373e-06,0.0,5.98192029572207,5.920069045254981,9.434524017061519e-16,1.0009354456386177e-15,0.8014999421603946,0.0,-6.275,6.275000000000001,0.1436140661634507,0.14361406616345046,8.753690109318597e-09,2.3135796152282483e-06,0.005981940085072324,0.00595,2.8431764649594625e-06,0.005920036247079285,0.00595,0.3,0.0,0.2901590132402917,0.0
5649,5.649,5.65,-4.385120998083568,4.461355440866241,0.03811722139133611,8.846476438949809,-0.09811514352043332,0.10475756467091785,1,1,-4.385120998083568,4.461355440866241,-6.004871533652689,6.014614600958066,0.004871533652688775,12.019486134610755,0.00974306730537795,0.0,0.00974306730537795,0.0,-0.00974306730537795,-0.00974306730537795,0.0,0.0,0.0,0.0,0.0,0.0,9.747940463281233e-06,0.0,5.981722951746448,5.920395225622155,1.28227235687145e-16,8.98586760555986e-16,0.8014999421494615,0.0,-6.275,6.275000000000001,0.1436140661634507,0.14361406616345046,8.754434616136224e-09,2.314016937366967e-06,0.005981742641184667,0.00595,2.842647531646758e-06,0.005920362754483542,0.00595,0.3,0.0,0.29025693269462294,0.0
5659,5.659,5.66,-4.3853039754255905,4.460863995352506,0.03778000996345776,8.846167970778097,-0.09809813917305926,0.10477894973885293,1,1,-4.3853039754255905,4.460863995352506,-6.004823061082948,6.014469183248845,0.004823061082948499,12.019292244331792,0.009646122165896394,0.0,0.009646122165896394,0.0,-0.009646122165896394,-0.009646122165896394,0.0,0.0,0.0,0.0,0.0,0.0,9.650946835068373e-06,0.0,5.981526606801077,5.920718153461825,2.8536201179818477e-16,8.951173136040325e-16,0.8014999421383675,0.0,-6.275,6.275000000000001,0.1436140661634507,0.14361406616345046,8.755197229324755e-09,2.3144606964964017e-06,0.005981546196345088,0.00595,2.842102250784073e-06,0.005920686006120893,0.00595,0.3,0.0,0.2903538778341045,0.0
5669,5.6690000000000005,5.67,-4.385486470450596,4.460378040441231,0.03744578499531759,8.845864510891827,-0.09808124793110329,0.10479996573239503,1,1,-4.385486470450596,4.460378040441231,-6.004775070823334,6.014325212470005,0.00477507082333517,12.019100283293339,0.009550141646669888,0.0,0.009550141646669888,0.0,-0.009550141646669888,-0.009550141646669888,0.0,0.0,0.0,0.0,0.0,0.0,9.5549183095815e-06,0.0,5.981331260655061,5.921037860991229,9.246076126956382e-16,7.684824998577255e-16,0.8014999421271142,0.0,-6.275,6.275000000000001,0.1436140661634507,0.14361406616345046,8.755977946781599e-09,2.3149108317252153e-06,0.005981350750332229,0.00595,2.841540779001672e-06,0.00592100603424067,0.00595,0.3,0.0,0.29044985835333087,0.0
5679,5.679,5.68,-4.385668474330068,4.4598975166238235,0.037114521146877966,8.84556599095389,-0.09806446952183495,0.10482061963929062,1,1,-4.385668474330068,4.4598975166238235,-6.004727558074783,6.01418267422435,0.004727558074783644,12.018910232299133,0.009455116149566529,0.0,0.009455116149566529,0.0,-0.009455116149566529,-0.009455116149566529,0.0,0.0,0.0,0.0,0.0,0.0,9.459845283888046e-06,0.0,5.981136912983169,5.921354380108447,4.458239333260394e-16,7.389922007661198e-16,0.8014999421157029,0.0,-6.275,6.275000000000001,0.1436140661634507,0.14361406616345046,8.756776764795473e-09,2.3153672815137014e-06,0.005981156302830211,0.00595,2.84096327541894e-06,0.005921322870772721,0.00595,0.3,0.0,0.2905448838504342,0.0
5689,5.689,5.69,-4.385849978447103,4.459422364904758,0.03678619322882737,8.845272343351862,-0.09804780366131222,0.10484091830396891,1,1,-4.385849978447103,4.459422364904758,-6.004680518085978,6.014041554257936,0.004680518085979024,12.018722072343914,0.009361036171957415,0.0,0.009361036171957415,0.0,-0.009361036171957415,-0.009361036171957415,0.0,0.0,0.0,0.0,0.0,0.0,9.36571825060621e-06,0.0,5.980943563367716,5.921667742395609,9.881689650576009e-16,6.990935608186533e-16,0.8014999421041353,0.0,-6.275,6.275000000000001,0.1436140661634507,0.14361406616345046,8.757593678056565e-09,2.315829983698206e-06,0.005980962853430505,0.00595,2.8403699015844277e-06,0.005921636547330631,0.00595,0.3,0.0,0.2906389638280433,0.0
5699,5.699,5.7,-4.386030974393588,4.458952526804608,0.036460776205510026,8.844983501198197,-0.09803125005474395,0.10486086843054104,1,1,-4.386030974393588,4.458952526804608,-6.004633946152883,6.01390183845865,0.0046339461528832615,12.018535784611533,0.009267892305766386,0.0,0.009267892305766386,0.0,-0.009267892305766386,-0.009267892305766386,0.0,0.0,0.0,0.0,0.0,0.0,9.272527796954229e-06,0.0,5.980751211300424,5.921977979122065,1.2758891165809416e-15,7.511352650979575e-16,0.801499942092413,0.0,-6.275,6.275000000000001,0.1436140661634507,0.14361406616345046,8.758428679666841e-09,2.3162988755266546e-06,0.005980770401633815,0.00595,2.8397608214913994e-06,0.005921947095214886,0.00595,0.3,0.0,0.29073210769423435,0.0
5709,5.7090000000000005,5.71,-4.386211453967392,4.458487944362579,0.036138245197593566,8.844699398329972,-0.09801480839683602,0.10488047658575778,1,1,-4.386211453967392,4.458487944362579,-6.004587837618264,6.013763512854793,0.004587837618264423,12.018351350473058,0.009175675236529204,0.0,0.009175675236529204,0.0,-0.009175675236529204,-0.009175675236529204,0.0,0.0,0.0,0.0,0.0,0.0,9.180264603809072e-06,0.0,5.980559856184258,5.9222851212475165,1.6380431353772013e-15,8.014422459012849e-16,0.8014999420805377,0.0,-6.275,6.275000000000001,0.1436140661634507,0.14361406616345046,8.75928176115048e-09,2.316773893651895e-06,0.005980578946851896,0.00595,2.8391362015023346e-06,0.005922254545416012,0.00595,0.3,0.0,0.2908243247634716,0.0
5719,5.719,5.72,-4.386391409169585,4.458028560138564,0.0358185754844893,8.844419969308149,-0.09799847837213438,0.10489974920190714,1,1,-4.386391409169585,4.458028560138564,-6.00454218787123,6.013626563613693,0.004542187871231285,12.018168751484923,0.009084375742462096,0.0,0.009084375742462096,0.0,-0.009084375742462096,-0.009084375742462096,0.0,0.0,0.0,0.0,0.0,0.0,9.088919444774543e-06,0.0,5.9803694973352295,5.922589199425129,1.0780391607612821e-15,8.031769693772617e-16,0.8014999420685106,0.0,-6.275,6.275000000000001,0.1436140661634507,0.14361406616345046,8.760152912464463e-09,2.317254974207186e-06,0.005980388488409373,0.00595,2.838496210328945e-06,0.005922558928617689,0.00595,0.3,0.0,0.2909156242575387,0.0
5729,5.729,5.73,-4.386570832201666,4.457574317214758,0.03550174250654603,8.844145149416423,-0.09798225965535867,0.10491869257966663,1,1,-4.386570832201666,4.457574317214758,-6.00449699234677,6.013490977040309,0.0044969923467697015,12.017987969387079,0.008993984693539571,0.0,0.008993984693539571,0.0,-0.008993984693539571,-0.008993984693539571,0.0,0.0,0.0,0.0,0.0,0.0,8.998483185258615e-06,0.0,5.980180133984174,5.922890244004608,5.88938620094126e-16,7.788908407135864e-16,0.8014999420563337,0.0,-6.275,6.275000000000001,0.1436140661634507,0.14361406616345046,8.761042122009293e-09,2.3177420527595755e-06,0.0059801990255455234,0.00595,2.8378410190010863e-06,0.005922860275199832,0.00595,0.3,0.0,0.2910060153064612,0.0
5739,5.739,5.74,-4.386749715462825,4.457125159196852,0.035187721867013355,8.843874874659676,-0.09796615191172614,0.10493731289089564,1,1,-4.386749715462825,4.457125159196852,-6.0044522465252905,6.013356739575872,0.004452246525290526,12.017808986101162,0.008904493050581415,0.0,0.008904493050581415,0.0,-0.008904493050581415,-0.008904493050581415,0.0,0.0,0.0,0.0,0.0,0.0,8.908946781559977e-06,0.0,5.979991765278502,5.923188285035232,1.1579279202145187e-15,7.511352650979575e-16,0.8014999420440083,0.0,-6.275,6.275000000000001,0.1436140661634507,0.14361406616345046,8.761949376639822e-09,2.3182350643876084e-06,0.005980010557416021,0.00595,2.8371708007912665e-06,0.005923158615241624,0.00595,0.3,0.0,0.2910955069494193,0.0
5749,5.7490000000000006,5.75,-4.3869280515472235,4.456681030214841,0.03487648933380871,8.843609081762065,-0.0979501547972711,0.10495561618138749,1,1,-4.3869280515472235,4.456681030214841,-6.004407945932175,6.013223837796523,0.004407945932173973,12.017631783728698,0.008815891864348753,0.0,0.008815891864348753,0.0,-0.008815891864348753,-0.008815891864348753,0.0,0.0,0.0,0.0,0.0,0.0,8.820301279963642e-06,0.0,5.979804390283928,5.92348335226888,1.7676832220203664e-15,7.511352650979575e-16,0.8014999420315364,0.0,-6.275,6.275000000000001,0.1436140661634507,0.14361406616345046,8.762874661676206e-09,2.3187339436680108e-06,0.005979823083094675,0.00595,2.8364857312013214e-06,0.0059234539785245465,0.00595,0.3,0.0,0.291184108135652,0.0
5759,5.759,5.76,-4.387105833241287,4.456241874923464,0.034568020841088565,8.84334770816475,-0.09793426795915577,0.10497360837355835,1,1,-4.387105833241287,4.456241874923464,-6.004364086137325,6.013092258411974,0.004364086137324641,12.017456344549299,0.008728172274649126,0.0,0.008728172274649126,0.0,-0.008728172274649126,-0.008728172274649126,0.0,0.0,0.0,0.0,0.0,0.0,8.732537815845576e-06,0.0,5.9796180079861685,5.923775475162995,2.3609586508044345e-15,7.875644580934704e-16,0.8014999420189194,0.0,-6.275,6.275000000000001,0.1436140661634507,0.14361406616345046,8.763817960914985e-09,2.3192386247289757e-06,0.00597963660157512,0.00595,2.8357859878669345e-06,0.005923746394535362,0.00595,0.3,0.0,0.29127182772535165,0.0
5769,5.769,5.7700000000000005,-4.3872830535210285,4.455807638502301,0.03426229249063617,8.84309069202333,-0.09791849103597372,0.10499129526908457,1,1,-4.3872830535210285,4.455807638502301,-6.004320662754725,6.012961988264176,0.004320662754725646,12.0172826510189,0.008641325509450465,0.0,0.008641325509450465,0.0,-0.008641325509450465,-0.008641325509450465,0.0,0.0,0.0,0.0,0.0,0.0,8.645647612786236e-06,0.0,5.979432617292611,5.924064682883565,8.664943762504151e-16,7.8236028766554e-16,0.8014999420061589,0.0,-6.275,6.275000000000001,0.1436140661634507,0.14361406616345046,8.764779256640243e-09,2.3197490412279623e-06,0.005979451111772508,0.00595,2.835071750550977e-06,0.005924035892469062,0.00595,0.3,0.0,0.2913586744905503,0.0
5779,5.779,5.78,-4.387459705549397,4.455378266655554,0.0339592805530784,8.84283797220495,-0.09790282365804509,0.10500868255150064,1,1,-4.387459705549397,4.455378266655554,-6.0042776714420025,6.012833014326006,0.00427767144200164,12.017110685768008,0.008555342884003878,0.0,0.008555342884003878,0.0,-0.008555342884003878,-0.008555342884003878,0.0,0.0,0.0,0.0,0.0,0.0,8.559621981692906e-06,0.0,5.9792482170339705,5.924351004308015,7.943068403536147e-16,8.187894806610529e-16,0.8014999419932568,0.0,-6.275,6.275000000000001,0.1436140661634507,0.14361406616345046,8.765758529634902e-09,2.3202651264160854e-06,0.005979266612525146,0.00595,2.8343432010435875e-06,0.005924322501231804,0.00595,0.3,0.0,0.29144465711599693,0.0
5789,5.789,5.79,-4.387635782673637,4.454953705611521,0.03365896146894176,8.842589488285158,-0.09788726544770893,0.10502577578872685,1,1,-4.387635782673637,4.454953705611521,-6.004235107899988,6.012705323699962,0.004235107899987156,12.01694043159995,0.008470215799975166,0.0,0.008470215799975166,0.0,-0.008470215799975166,-0.008470215799975166,0.0,0.0,0.0,0.0,0.0,0.0,8.474452319930784e-06,0.0,5.979064805965908,5.924634468028115,1.6882450840950691e-15,7.979727989493313e-16,0.8014999419802147,0.0,-6.275,6.275000000000001,0.1436140661634507,0.14361406616345046,8.766755759192085e-09,2.3207868131358986e-06,0.005979083102596126,0.00595,2.83360052310222e-06,0.005924606249443789,0.00595,0.3,0.0,0.2915297842000256,0.0
5799,5.799,5.8,-4.3878112784226815,4.454533902121798,0.03336131184955837,8.84234518054448,-0.09787181601960071,0.10504258043556314,1,1,-4.3878112784226815,4.454533902121798,-6.004192967872292,6.012578903616877,0.004192967872292286,12.01677187148917,0.00838593574458499,0.0,0.00838593574458499,0.0,-0.00838593574458499,-0.00838593574458499,0.0,0.0,0.0,0.0,0.0,0.0,8.390130110462725e-06,0.0,5.978882382770631,5.924915102352842,1.2342557531574982e-15,6.956241138666996e-16,0.8014999419670341,0.0,-6.275,6.275000000000001,0.1436140661634507,0.14361406616345046,8.7677709231266e-09,2.3213140338458154e-06,0.005978900580674932,0.00595,2.8328439024249975e-06,0.0059248871654421515,0.00595,0.3,0.0,0.2916140642554157,0.0
5809,5.809,5.8100000000000005,-4.387986186504555,4.4541188034602195,0.03306630847783243,8.842104989964774,-0.09785647498093186,0.1050591018361205,1,1,-4.387986186504555,4.4541188034602195,-6.004151247144878,6.012453741434636,0.004151247144879022,12.016604988579514,0.008302494289757574,0.0,0.008302494289757574,0.0,-0.008302494289757574,-0.008302494289757574,0.0,0.0,0.0,0.0,0.0,0.0,8.30664692099751e-06,0.0,5.9787009460584715,5.925192935311214,4.981095830941529e-16,6.401129626354418e-16,0.801499941953717,0.0,-6.275,6.275000000000001,0.1436140661634507,0.14361406616345046,8.768803997786469e-09,2.3218467206467584e-06,0.0059787190453790134,0.00595,2.832073526553014e-06,0.005925165277283775,0.00595,0.3,0.0,0.29169750571024305,0.0
5819,5.819,5.82,-4.388160500803813,4.45370835742154,0.03277392830886372,8.841868858225354,-0.09784124193175925,0.1050753452262107,1,1,-4.388160500803813,4.45370835742154,-6.0041099415456385,6.012329824636917,0.004109941545639373,12.016439766182556,0.008219883091277906,0.0,0.008219883091277906,0.0,-0.008219883091277906,-0.008219883091277906,0.0,0.0,0.0,0.0,0.0,0.0,8.223994403146625e-06,0.0,5.978520494369432,5.925467994655092,1.8561541192951836e-15,5.48172618408671e-16,0.8014999419402649,0.0,-6.275,6.275000000000001,0.1436140661634507,0.14361406616345046,8.769854958064595e-09,2.322384805291038e-06,0.0059785384952553335,0.00595,2.8312895848014996e-06,0.005925440612748108,0.00595,0.3,0.0,0.29178011690872263,0.0
5829,5.829,5.83,-4.388334215378994,4.453302512319911,0.03248414847045833,8.841636727698905,-0.09782611646524719,0.10509131573567809,1,1,-4.388334215378994,4.453302512319911,-6.004069046943979,6.012207140831936,0.004069046943978805,12.016276187775915,0.008138093887957287,0.0,0.008138093887957287,0.0,-0.008138093887957287,-0.008138093887957287,0.0,0.0,0.0,0.0,0.0,0.0,8.142164291589403e-06,0.0,5.978341026174717,5.9257403078619575,4.666406150377611e-16,5.655198531684391e-16,0.8014999419266795,0.0,-6.275,6.275000000000001,0.1436140661634507,0.14361406616345046,8.770923777410454e-09,2.3229282192156603e-06,0.005978358928781912,0.00595,2.830492268199869e-06,0.0059257131993399525,0.00595,0.3,0.0,0.29186190611204327,0.0
5839,5.839,5.84,-4.3885073244600985,4.452901216987123,0.03219694626351233,8.841408541447223,-0.09781109816792394,0.10510701839069103,1,1,-4.3885073244600985,4.452901216987123,-6.004028559250404,6.012085677751211,0.004028559250403241,12.016114237001615,0.008057118500807233,0.0,0.008057118500807233,0.0,-0.008057118500807233,-0.008057118500807233,0.0,0.0,0.0,0.0,0.0,0.0,8.061148403246502e-06,0.0,5.978162539878234,5.9260099021376655,2.9060006354400536e-16,6.401129626354418e-16,0.8014999419129627,0.0,-6.275,6.275000000000001,0.1436140661634507,0.14361406616345046,8.7720104278419e-09,2.3234768935489906e-06,0.005978180344369317,0.00595,2.829681769411785e-06,0.005925983064292198,0.00595,0.3,0.0,0.2919428814991934,0.0
5849,5.849,5.8500000000000005,-4.388679822446091,4.4525044207706665,0.031912299162287994,8.841184243216757,-0.09779618661993283,0.10512245811597931,1,1,-4.388679822446091,4.4525044207706665,-6.003988474416111,6.011965423248332,0.003988474416110499,12.015953897664444,0.007976948832221546,0.0,0.007976948832221546,0.0,-0.007976948832221546,-0.007976948832221546,0.0,0.0,0.0,0.0,0.0,0.0,7.980938636461569e-06,0.0,5.977985033818079,5.926276804419157,4.458239333260394e-16,7.7021722333370235e-16,0.801499941899116,0.0,-6.275,6.275000000000001,0.1436140661634507,0.14361406616345046,8.77311487995701e-09,2.3240307591551578e-06,0.005978002740362161,0.00595,2.828858282668545e-06,0.005926250234568557,0.00595,0.3,0.0,0.2920230511677792,0.0
5859,5.859,5.86,-4.388851703902418,4.452112073531596,0.031630184814589235,8.840963777434014,-0.09778138139527576,0.10513763973702434,1,1,-4.388851703902418,4.452112073531596,-6.003948788432583,6.01184636529775,0.003948788432583505,12.015795153730332,0.007897576865166563,0.0,0.007897576865166563,0.0,-0.007897576865166563,-0.007897576865166563,0.0,0.0,0.0,0.0,0.0,0.0,7.901526970191089e-06,0.0,5.97780850626799,5.926541041377153,1.078998002057574e-15,7.181755190543981e-16,0.8014999418851413,0.0,-6.275,6.275000000000001,0.1436140661634507,0.14361406616345046,8.774237102946018e-09,2.3245897466229555e-06,0.005977826115040551,0.00595,2.8280220036802638e-06,0.005926514736866254,0.00595,0.3,0.0,0.29210242313483414,0.0
5869,5.869,5.87,-4.389022963558562,4.451724125642234,0.03135058104183619,8.840747089200796,-0.09776668206205569,0.10515256798220601,1,1,-4.389022963558562,4.451724125642234,-6.00390949733119,6.011728491993569,0.003909497331189726,12.015637989324759,0.007818994662379434,0.0,0.007818994662379434,0.0,-0.007818994662379434,-0.007818994662379434,0.0,0.0,0.0,0.0,0.0,0.0,7.822905463202257e-06,0.0,5.977632955438788,5.926802639418825,1.1726730697603216e-15,7.580741590018647e-16,0.8014999418710403,0.0,-6.275,6.275000000000001,0.1436140661634507,0.14361406616345046,8.775377064603299e-09,2.325153786292487e-06,0.005977650466621537,0.00595,2.827173129571481e-06,0.00592677659761869,0.00595,0.3,0.0,0.2921810053376213,0.0
5879,5.8790000000000004,5.88,-4.389193596305605,4.451340527983702,0.031073465839048797,8.840534124289306,-0.0977520881827057,0.10516724748489997,1,1,-4.389193596305605,4.451340527983702,-6.003870597182788,6.011611791548361,0.003870597182786817,12.015482388731149,0.007741194365574392,0.0,0.007741194365574392,0.0,-0.007741194365574392,-0.007741194365574392,0.0,0.0,0.0,0.0,0.0,0.0,7.745066253278855e-06,0.0,5.977458379479788,5.927061624690424,1.829265905417543e-15,7.025630077706069e-16,0.8014999418568148,0.0,-6.275,6.275000000000001,0.1436140661634507,0.14361406616345046,8.776534731339392e-09,2.3257228082995737e-06,0.005977475793260522,0.00595,2.8263118588056634e-06,0.0059270358429981,0.00595,0.3,0.0,0.2922588056344263,0.0
5889,5.889,5.89,-4.389363597193824,4.45096123194332,0.03079881737474821,8.840324829137144,-0.09773759931421933,0.1051816827855323,1,1,-4.389363597193824,4.45096123194332,-6.003832084097328,6.011496252291985,0.00383208409732827,12.015328336389313,0.007664168194656923,0.0,0.007664168194656923,0.0,-0.007664168194656923,-0.007664168194656923,0.0,0.0,0.0,0.0,0.0,0.0,7.668001556435023e-06,0.0,5.977284776480195,5.9273180230799,8.40473524110763e-16,7.164407955784213e-16,0.8014999418424664,0.0,-6.275,6.275000000000001,0.1436140661634507,0.14361406616345046,8.777710068193118e-09,2.326296742573534e-06,0.005977302093052658,0.00595,2.825438391076407e-06,0.005927292498918137,0.00595,0.3,0.0,0.2923358318053438,0.0
5899,5.899,5.9,-4.389532961430307,4.450586189411856,0.03052661399077472,8.840119150842163,-0.09772321500836983,0.10519587833358379,1,1,-4.389532961430307,4.450586189411856,-6.0037939542234735,6.011381862670419,0.0037939542234726176,12.015175816893892,0.0075879084469457495,0.0,0.0075879084469457495,0.0,-0.0075879084469457495,-0.0075879084469457495,0.0,0.0,0.0,0.0,0.0,0.0,7.591703666136858e-06,0.0,5.9771121444704685,5.927571860219476,9.913944665207453e-16,6.808789643208968e-16,0.801499941827997,0.0,-6.275,6.275000000000001,0.1436140661634507,0.14361406616345046,8.778903038843711e-09,2.326875518843846e-06,0.0059771293640342215,0.00595,2.8245529272630245e-06,0.005927546591036487,0.00595,0.3,0.0,0.2924120915530549,0.0
5909,5.909,5.91,-4.389701684376587,4.450215352780653,0.030256834202032845,8.839917037157239,-0.09770893481193088,0.10520983848956,1,1,-4.389701684376587,4.450215352780653,-6.003756203748201,6.011268611244604,0.0037562037482015143,12.015024814992804,0.007512407496402547,0.0,0.007512407496402547,0.0,-0.007512407496402547,-0.007512407496402547,0.0,0.0,0.0,0.0,0.0,0.0,7.5161649525317445e-06,0.0,5.976940481423682,5.927823161488208,2.8709673527416157e-16,6.843484112728504e-16,0.8014999418134083,0.0,-6.275,6.275000000000001,0.1436140661634507,0.14361406616345046,8.78011360562301e-09,2.327459066693438e-06,0.00597695760418396,0.00595,2.8236556693239657e-06,0.00592779814475741,0.00595,0.3,0.0,0.2924875925035981,0.0
5919,5.9190000000000005,5.92,-4.38986976154631,4.449840819719875,0.02998552908678276,8.839710581266186,-0.09769475826688606,0.10003100132670195,1,1,-4.38986976154631,4.449840819719875,-6.003718828896435,6.011156486689304,0.0037188288964342675,12.014875315585739,0.007437657792869345,0.0,0.007437657792869345,0.0,-0.007437657792869345,-0.007437657792869345,0.0,0.0,0.0,0.0,0.0,0.0,7.441377861685377e-06,0.0,5.976769785256842,5.92807195201452,1.5759962779249292e-15,6.435824095873954e-16,0.8014999417987021,0.0,-6.275,6.275000000000001,0.1436140661634507,0.14361406616345046,8.781341729527688e-09,2.3280473155498055e-06,0.00597678681142443,0.00595,2.822746820239086e-06,0.005928047185234276,0.00595,0.3,0.0,0.2925623422071313,0.0
5929,5.929,5.93,-4.3900371886029115,4.449459438070459,0.029711124733773797,8.83949662667337,-0.09768068491063375,0.10004469730874516,1,1,-4.3900371886029115,4.449459438070459,-6.003681825930657,6.01104547779197,0.0036818259306565793,12.014727303722626,0.007363651861313499,0.0,0.007363651861313499,0.0,-0.007363651861313499,-0.007363651861313499,0.0,0.0,0.0,0.0,0.0,0.0,7.3673349148263475e-06,0.0,5.976600053832202,5.928318256678708,5.749320832783289e-16,6.739400704169896e-16,0.8014999417838802,0.0,-6.275,6.275000000000001,0.1436140661634507,0.14361406616345046,8.78258737023153e-09,2.3286401946983354e-06,0.005976616983623303,0.00595,2.821826583900844e-06,0.005928293737372084,0.00595,0.3,0.0,0.29263634813868716,0.0
5939,5.939,5.94,-4.390203961357334,4.449082339905831,0.02943918927424871,8.839286301263165,-0.09766671427619084,0.10005816926238614,1,1,-4.390203961357334,4.449082339905831,-6.0036451911505395,6.01093557345162,0.0036451911505404055,12.01458076460216,0.007290382301080182,0.0,0.007290382301080182,0.0,-0.007290382301080182,-0.007290382301080182,0.0,0.0,0.0,0.0,0.0,0.0,7.294028707598267e-06,0.0,5.976431284958553,5.9285621001154105,7.277164981722706e-16,7.034303695085953e-16,0.8014999417689442,0.0,-6.275,6.275000000000001,0.1436140661634507,0.14361406616345046,8.783850486097732e-09,2.3292376333400373e-06,0.005976448118594657,0.00595,2.820895165045467e-06,0.005928537825829926,0.00595,0.3,0.0,0.2927096176989205,0.0
5949,5.949,5.95,-4.3903700757657464,4.448709476973922,0.029169700604087634,8.839079552739669,-0.09765284589239115,0.10007142117910678,1,1,-4.3903700757657464,4.448709476973922,-6.003608920892576,6.010826762677729,0.0036089208925762506,12.014435683570305,0.007217841785152312,0.0,0.007217841785152312,0.0,-0.007217841785152312,-0.007217841785152312,0.0,0.0,0.0,0.0,0.0,0.0,7.221451909319323e-06,0.0,5.976263476392482,5.928803506716072,6.1098858177705e-16,6.990935608186533e-16,0.801499941753896,0.0,-6.275,6.275000000000001,0.1436140661634507,0.14361406616345046,8.785131034191245e-09,2.329839560564896e-06,0.005976280214100244,0.00595,2.8199527691818992e-06,0.0059287794750234575,0.00595,0.3,0.0,0.2927821582148484,0.0
5959,5.9590000000000005,5.96,-4.390535527927307,4.4483408015397785,0.028902636806235726,8.838876329467086,-0.09763907928407145,0.10008445697284651,1,1,-4.390535527927307,4.4483408015397785,-6.003573011529709,6.010719034589127,0.0035730115297090137,12.014292046118836,0.007146023059417844,0.0,0.007146023059417844,0.0,-0.007146023059417844,-0.007146023059417844,0.0,0.0,0.0,0.0,0.0,0.0,7.149597262249208e-06,0.0,5.976096625839634,5.929042500631368,1.0998146837692957e-15,6.496539417533143e-16,0.8014999417387374,0.0,-6.275,6.275000000000001,0.1436140661634507,0.14361406616345046,8.786428970291143e-09,2.330445905385183e-06,0.005976113267850746,0.00595,2.8189996024718944e-06,0.005929018709127323,0.00595,0.3,0.0,0.2928539769405828,0.0
5969,5.969,5.97,-4.390700314081934,4.447976266381746,0.02863797614990604,8.83867658046368,-0.09762541397226321,0.10009728048161914,1,1,-4.390700314081934,4.447976266381746,-6.003537459470972,6.010612378412916,0.0035374594709720597,12.014149837883888,0.007074918941944359,0.0,0.007074918941944359,0.0,-0.007074918941944359,-0.007074918941944359,0.0,0.0,0.0,0.0,0.0,0.0,7.0784575808633366e-06,0.0,5.975930730955926,5.929279105773604,3.3306690738754696e-16,6.83481049534862e-16,0.8014999417234702,0.0,-6.275,6.275000000000001,0.1436140661634507,0.14361406616345046,8.787744248903022e-09,2.3310565967620964e-06,0.005975947277506999,0.00595,2.8180358716967114e-06,0.005929255552077554,0.00595,0.3,0.0,0.2929250810580563,0.0
5979,5.979,5.98,-4.390864430608106,4.447615824787579,0.02837569708973664,8.838480255395686,-0.09761184947437468,0.10010989546908877,1,1,-4.390864430608106,4.447615824787579,-6.003502261161131,6.010506783483391,0.0035022611611301713,12.014009044644522,0.007004522322260853,0.0,0.007004522322260853,0.0,-0.007004522322260853,-0.007004522322260853,0.0,0.0,0.0,0.0,0.0,0.0,7.008025751134285e-06,0.0,5.975765789348766,5.9295133458191005,1.2238474123016374e-15,6.218983661376853e-16,0.801499941708096,0.0,-6.275,6.275000000000001,0.1436140661634507,0.14361406616345046,8.789076823271416e-09,2.3316715636079858e-06,0.005975782240681208,0.00595,2.817061784146091e-06,0.005929490027573968,0.00595,0.3,0.0,0.29299547767773976,0.0
5989,5.989,5.99,-4.391027874020688,4.447259430550493,0.028115778264902413,8.838287304571182,-0.09759838530436715,0.10012230562611912,1,1,-4.391027874020688,4.447259430550493,-6.003467413080323,6.01040223924097,0.0034674130803233894,12.013869652321294,0.0069348261606466954,0.0,0.0069348261606466954,0.0,-0.0069348261606466954,-0.0069348261606466954,0.0,0.0,0.0,0.0,0.0,0.0,6.938294729820389e-06,0.0,5.975601798578241,5.929745244210544,1.0150571789352414e-15,6.38378239159465e-16,0.8014999416926167,0.0,-6.275,6.275000000000001,0.1436140661634507,0.14361406616345046,8.790426645392242e-09,2.332290734821876e-06,0.0059756181549381416,0.00595,2.8160775475272183e-06,0.005929722159082505,0.00595,0.3,0.0,0.29306517383935393,0.0
5999,5.9990000000000006,6.0,-4.39119064096877,4.44690703796515,0.0278581984981896,8.83809767893392,-0.09758502097293092,0.10013451457228456,1,1,-4.39119064096877,4.44690703796515,-6.003432911743714,6.010298735231141,0.003432911743713518,12.013731646974856,0.006865823487427642,0.0,0.006865823487427642,0.0,-0.006865823487427642,-0.006865823487427642,0.0,0.0,0.0,0.0,0.0,0.0,6.869257543761404e-06,0.0,5.975438756158291,5.92997482415931,4.215378046623641e-16,6.609296443471635e-16,0.8014999416770341,0.0,-6.275,6.275000000000001,0.1436140661634507,0.14361406616345046,8.79179366602526e-09,2.3329140392805876e-06,0.005975455017796298,0.00595,2.815083369911431e-06,0.005929951969837571,0.00595,0.3,0.0,0.293134176512573,0.0
6009,6.009,6.01,-4.391352728233541,4.446558601823607,0.027602936795033006,8.83791133005715,-0.09757175598765211,0.1001465258573564,1,1,-4.391352728233541,4.446558601823607,-6.0033987537011395,6.0101962611034185,0.003398753701139512,12.013595014804558,0.00679750740227887,0.0,0.00679750740227887,0.0,-0.00679750740227887,-0.00679750740227887,0.0,0.0,0.0,0.0,0.0,0.0,6.8009072891811965e-06,0.0,5.975276659557856,5.930202108647785,1.181817637458879e-15,7.346553920761778e-16,0.80149994166135,0.0,-6.275,6.275000000000001,0.1436140661634507,0.14361406616345046,8.793177834706543e-09,2.333541405869823e-06,0.005975292826729067,0.00595,2.8140794596254182e-06,0.005930179482844347,0.00595,0.3,0.0,0.29320249259772185,0.0
6019,6.019,6.0200000000000005,-4.391514132726176,4.4462140774112155,0.0273499723425199,8.837728210137392,-0.09755858985318083,0.10015834296274728,1,1,-4.391514132726176,4.4462140774112155,-6.0033649355367675,6.010094806610303,0.0033649355367675327,12.01345974214707,0.0067298710735349335,0.0,0.0067298710735349335,0.0,-0.0067298710735349335,-0.0067298710735349335,0.0,0.0,0.0,0.0,0.0,0.0,6.733237130997348e-06,0.0,5.975115506202017,5.930427120431634,1.3504822260479443e-15,7.008282842946301e-16,0.801499941645566,0.0,-6.275,6.275000000000001,0.1436140661634507,0.14361406616345046,8.794579099760981e-09,2.33417276350637e-06,0.005975131579165867,0.00595,2.813066025193489e-06,0.005930404720881068,0.00595,0.3,0.0,0.29327012892646576,0.0
6029,6.029,6.03,-4.3916748514857495,4.44587342050247,0.02709928450836019,8.837548271988219,-0.09754552207138861,0.10016996930293592,1,1,-4.3916748514857495,4.44587342050247,-6.003331453868753,6.00999436160626,0.0033314538687534423,12.013325815475014,0.006662907737506596,0.0,0.006662907737506596,0.0,-0.006662907737506596,-0.006662907737506596,0.0,0.0,0.0,0.0,0.0,0.0,6.666240302137649e-06,0.0,5.974955293473112,5.930649882042062,4.345482307321902e-16,7.103692634125025e-16,0.8014999416296841,0.0,-6.275,6.275000000000001,0.1436140661634507,0.14361406616345046,8.79599740831477e-09,2.3348080411358805e-06,0.005974971272493259,0.00595,2.812043275250975e-06,0.005930627706501285,0.00595,0.3,0.0,0.2933370922624941,0.0
6039,6.039,6.04,-4.39183488167717,4.445536587356837,0.02685085283983346,8.837371469034007,-0.09753255214153045,0.10018140822685151,1,1,-4.39183488167717,4.445536587356837,-6.003298305348902,6.009894916046707,0.0032983053489026304,12.013193221395609,0.00659661069780445,0.0,0.00659661069780445,0.0,-0.00659661069780445,-0.00659661069780445,0.0,0.0,0.0,0.0,0.0,0.0,6.599910102863383e-06,0.0,5.974796018711832,5.930870415788055,3.103596481375537e-16,7.433290094560618e-16,0.8014999416137059,0.0,-6.275,6.275000000000001,0.1436140661634507,0.14361406616345046,8.797432706307925e-09,2.3354471677661805e-06,0.005974811904056049,0.00595,2.8110114184598525e-06,0.005930848462036105,0.00595,0.3,0.0,0.2934033893021963,0.0
6049,6.049,6.05,-4.391994220589144,4.445203534714549,0.026604657062702763,8.837197755303693,-0.0975196795603922,0.10019266301923346,1,1,-4.391994220589144,4.445203534714549,-6.003265486662335,6.009796459987004,0.0032654866623342826,12.013061946649339,0.006530973324669278,0.0,0.006530973324669278,0.0,-0.006530973324669278,-0.006530973324669278,0.0,0.0,0.0,0.0,0.0,0.0,6.534239900099346e-06,0.0,5.974637679218306,5.9310887437585835,7.840950111415168e-16,7.129713486264677e-16,0.8014999415976333,0.0,-6.275,6.275000000000001,0.1436140661634507,0.14361406616345046,8.798884938506806e-09,2.3360900724717075e-06,0.005974653471158377,0.00595,2.809970663428807e-06,0.005931067009596401,0.00595,0.3,0.0,0.2934690266753314,0.0
6059,6.059,6.0600000000000005,-4.392152865632149,4.444874219792372,0.026360677080111472,8.837027085424522,-0.0975069038224452,0.10020373690196593,1,1,-4.392152865632149,4.444874219792372,-6.0032329945271545,6.009698983581464,0.0032329945271545313,12.012931978108618,0.006465989054309071,0.0,0.006465989054309071,0.0,-0.006465989054309071,-0.006465989054309071,0.0,0.0,0.0,0.0,0.0,0.0,6.469223126770539e-06,0.0,5.974480272253167,5.9313048878247985,5.898059818321144e-16,7.303185833862358e-16,0.801499941581468,0.0,-6.275,6.275000000000001,0.1436140661634507,0.14361406616345046,8.80035404851663e-09,2.336736684400174e-06,0.005974495971064775,0.00595,2.8089212186555023e-06,0.005931283371075009,0.00595,0.3,0.0,0.29353401094569165,0.0
6069,6.069,6.07,-4.392310814336443,4.444548600279346,0.026118892971451757,8.83685941461579,-0.09749422441998973,0.10021463303537204,1,1,-4.392310814336443,4.444548600279346,-6.003200825694121,6.009602477082364,0.0032008256941216118,12.012803302776485,0.006401651388242637,0.0,0.006401651388242637,0.0,-0.006401651388242637,-0.006401651388242637,0.0,0.0,0.0,0.0,0.0,0.0,6.404853281145446e-06,0.0,5.974323795038597,5.931518869642197,9.593020822151743e-16,7.4593109467002705e-16,0.8014999415652118,0.0,-6.275,6.275000000000001,0.1436140661634507,0.14361406616345046,8.801839978794013e-09,2.337386932821417e-06,0.005974339401001223,0.00595,2.80786329242666e-06,0.005931497568148894,0.00595,0.3,0.0,0.2935983486117581,0.0
6079,6.079,6.08,-4.392468064350083,4.444226634332522,0.02587928499121972,8.836694698682605,-0.09748164084329575,0.10022535451949033,1,1,-4.392468064350083,4.444226634332522,-6.003168976946324,6.009506930838975,0.0031689769463252304,12.0126759077853,0.006337953892649755,0.0,0.006337953892649755,0.0,-0.006337953892649755,-0.006337953892649755,0.0,0.0,0.0,0.0,0.0,0.0,6.3411239261858635e-06,0.0,5.974168244759354,5.931730710652769,1.0512424264419451e-15,7.37257477290143e-16,0.8014999415488665,0.0,-6.275,6.275000000000001,0.1436140661634507,0.14361406616345046,8.803342670659468e-09,2.3380407470918696e-06,0.00597418375815618,0.00595,2.806797092769209e-06,0.0059317096222813006,0.00595,0.3,0.0,0.29366204610735097,0.0
6089,6.089,6.09,-4.392624613436977,4.443908280572668,0.025641833567845218,8.836532894009645,-0.09746915258074224,0.10023590439532298,1,1,-4.392624613436977,4.443908280572668,-6.003137445098863,6.009412335296592,0.0031374450988641556,12.012549780395455,0.006274890197727782,0.0,0.006274890197727782,0.0,-0.006274890197727782,-0.006274890197727782,0.0,0.0,0.0,0.0,0.0,0.0,6.278028688903186e-06,0.0,5.974013618563795,5.931940432087106,3.3306690738754696e-16,7.476658181460039e-16,0.8014999415324338,0.0,-6.275,6.275000000000001,0.1436140661634507,0.14361406616345046,8.804862064309968e-09,2.3386980567122945e-06,0.005974029039681593,0.00595,2.8057228273392634e-06,0.005931919554723864,0.00595,0.3,0.0,0.29372510980227295,0.0
6099,6.099,6.1000000000000005,-4.392780459474954,4.443593498079979,0.025406519302512365,8.836373957554933,-0.09745675911895402,0.10024628564604898,1,1,-4.392780459474954,4.443593498079979,-6.003106226998527,6.009318680995582,0.0031062269985273616,12.01242490799411,0.006212453997054674,0.0,0.006212453997054674,0.0,-0.006212453997054674,-0.006212453997054674,0.0,0.0,0.0,0.0,0.0,0.0,6.215561259721106e-06,0.0,5.973859913564869,5.93214805496652,1.0757996056487418e-15,7.832276494035284e-16,0.8014999415159154,0.0,-6.275,6.275000000000001,0.1436140661634507,0.14361406616345046,8.806398098831438e-09,2.3393587913122393e-06,0.005973875242693909,0.00595,2.8046407033954777e-06,0.005932127386518733,0.00595,0.3,0.0,0.2937875460029461,0.0
6109,6.109,6.11,-4.392935600453852,4.4432822463897725,0.025173322967960488,8.836217846843624,-0.09744445994292861,0.1002565011982201,1,1,-4.392935600453852,4.4432822463897725,-6.00307531952348,6.009225958570437,0.0030753195234787256,12.012301278093917,0.006150639046958335,0.0,0.006150639046958335,0.0,-0.006150639046958335,-0.006150639046958335,0.0,0.0,0.0,0.0,0.0,0.0,6.153715391844651e-06,0.0,5.973707126841095,5.932353600105116,4.699779248499431e-16,7.728193085476676e-16,0.8014999414993131,0.0,-6.275,6.275000000000001,0.1436140661634507,0.14361406616345046,8.807950712211295e-09,2.3400228806789033e-06,0.005973722364275049,0.00595,2.803550927699128e-06,0.0059323331385006395,0.00595,0.3,0.0,0.2938493609530424,0.0
6119,6.119,6.12,-4.393090034473629,4.442974485488181,0.02494222550727576,8.836064519961809,-0.09743225453616888,0.10026655392292749,1,1,-4.393090034473629,4.442974485488181,-6.003044719582946,6.0091341587488385,0.003044719582946165,12.012178878331785,0.0060894391658922395,0.0,0.0060894391658922395,0.0,-0.0060894391658922395,-0.0060894391658922395,0.0,0.0,0.0,0.0,0.0,0.0,6.092484900635491e-06,0.0,5.973555255437537,5.932557088111841,2.7868332641567406e-15,7.979727989493313e-16,0.8014999414826288,0.0,-6.275,6.275000000000001,0.1436140661634507,0.14361406616345046,8.809519841350949e-09,2.3406902547771217e-06,0.0059735704014733755,0.00595,2.8024537064497146e-06,0.005932536831298955,0.00595,0.3,0.0,0.29391056083410855,0.0
6129,6.1290000000000004,6.13,-4.393243759742508,4.442670175807838,0.02471320803266508,8.835913935550346,-0.09742014238080632,0.10027644663693908,1,1,-4.393243759742508,4.442670175807838,-6.003014424116908,6.009043272350726,0.003014424116908998,12.012057696467634,0.006028848233817284,0.0,0.006028848233817284,0.0,-0.006028848233817284,-0.006028848233817284,0.0,0.0,0.0,0.0,0.0,0.0,6.0318636629934844e-06,0.0,5.973404296366748,5.932758539392536,3.0314292742694704e-15,7.311859451242242e-16,0.8014999414658641,0.0,-6.275,6.275000000000001,0.1436140661634507,0.14361406616345046,8.811105422078318e-09,2.3413608437293806e-06,0.005973419351304651,0.00595,2.801349245227236e-06,0.005932738485339739,0.00595,0.3,0.0,0.29397115176618344,0.0
6139,6.139,6.140000000000001,-4.393396774575121,4.442369278223579,0.024486251824229033,8.8357660527987,-0.09740812295772061,0.10028618210382118,1,1,-4.393396774575121,4.442369278223579,-6.002984430095795,6.008953290287385,0.0029844300957950765,12.01193772038318,0.005968860191589767,0.0,0.005968860191589767,0.0,-0.005968860191589767,-0.005968860191589767,0.0,0.0,0.0,0.0,0.0,0.0,5.971845616744347e-06,0.0,5.973254246609702,5.932957974151937,1.1544584732625651e-15,6.687358999890591e-16,0.8014999414490207,0.0,-6.275,6.275000000000001,0.1436140661634507,0.14361406616345046,8.812707389160315e-09,2.3420345778668876e-06,0.005973269210752968,0.00595,2.8002377489166896e-06,0.005932938120847744,0.00595,0.3,0.0,0.2940311398084109,0.0
6149,6.149,6.15,-4.393549077390692,4.442071754048127,0.024261338328717574,8.83562083143882,-0.09739619574666014,0.10029576303502596,1,1,-4.393549077390692,4.442071754048127,-6.002954734520178,6.008864203560534,0.002954734520177915,12.011818938080712,0.005909469040355476,0.0,0.005909469040355476,0.0,-0.005909469040355476,-0.005909469040355476,0.0,0.0,0.0,0.0,0.0,0.0,5.9124247600334395e-06,0.0,5.973105103116723,5.933155412395677,1.0317013763487884e-15,6.453171330633722e-16,0.8014999414321005,0.0,-6.275,6.275000000000001,0.1436140661634507,0.14361406616345046,8.814325676315342e-09,2.3427113877162497e-06,0.005973119976771671,0.00595,2.799119421634799e-06,0.00593313575784843,0.00595,0.3,0.0,0.29409053095964516,0.0
6159,6.159,6.16,-4.39370066671124,4.441777565027804,0.024038449158282127,8.835478231739044,-0.09738436022635855,0.10030519209096256,1,1,-4.39370066671124,4.441777565027804,-6.002925334420475,6.008776003261424,0.0029253344204747123,12.011701337681899,0.005850668840949796,0.0,0.005850668840949796,0.0,-0.005850668840949796,-0.005850668840949796,0.0,0.0,0.0,0.0,0.0,0.0,5.8535951507255715e-06,0.0,5.97295686280838,5.933350873932255,1.855286757557195e-15,6.487865800153259e-16,0.801499941415105,0.0,-6.275,6.275000000000001,0.1436140661634507,0.14361406616345046,8.815960216225765e-09,2.34339120403056e-06,0.00597297164628427,0.00595,2.7979944666878252e-06,0.005933331416169921,0.00595,0.3,0.0,0.29414933115905084,0.0
6169,6.1690000000000005,6.17,-4.393851541159792,4.441486673338233,0.023817566089220588,8.835338214498027,-0.09737261587464296,0.10031447188204035,1,1,-4.393851541159792,4.441486673338233,-6.002896226856652,6.008688680569955,0.0028962268566514737,12.011584907426608,0.005792453713303784,0.0,0.005792453713303784,0.0,-0.005792453713303784,-0.005792453713303784,0.0,0.0,0.0,0.0,0.0,0.0,5.795350905810789e-06,0.0,5.972809522576383,5.933544378375004,1.7338561142388187e-15,7.251144129583054e-16,0.8014999413980363,0.0,-6.275,6.275000000000001,0.1436140661634507,0.14361406616345046,8.817610940550369e-09,2.3440739577849548e-06,0.005972824216185315,0.00595,2.7968630865005118e-06,0.005933525115444975,0.00595,0.3,0.0,0.29420754628669693,0.0
6179,6.179,6.18,-4.394001699458629,4.441199041580062,0.02359867106071656,8.83520074103869,-0.09736096216854645,0.10032360496969206,1,1,-4.394001699458629,4.441199041580062,-6.002867408917928,6.008602226753784,0.002867408917928138,12.011469635671713,0.0057348178358561635,0.0,0.0057348178358561635,0.0,-0.0057348178358561635,-0.0057348178358561635,0.0,0.0,0.0,0.0,0.0,0.0,5.737686200816064e-06,0.0,5.9726630792844535,5.933735945144004,4.491205855567532e-16,7.199102425303749e-16,0.8014999413808958,0.0,-6.275,6.275000000000001,0.1436140661634507,0.14361406616345046,8.819277779936809e-09,2.3447595801965996e-06,0.0059726776833412916,0.00595,2.7957254825450306e-06,0.005933716875112912,0.00595,0.3,0.0,0.29426518216414455,0.0
6189,6.189,6.19,-4.394151140427549,4.440914632774696,0.023381746173573692,8.835065773202246,-0.09734939858441427,0.10033259386737436,1,1,-4.394151140427549,4.440914632774696,-6.0028388777224855,6.008516633167456,0.0028388777224854778,12.011355510889942,0.005677755444971159,0.0,0.005677755444971159,0.0,-0.005677755444971159,-0.005677755444971159,0.0,0.0,0.0,0.0,0.0,0.0,5.68059526922284e-06,0.0,5.972517529769191,5.933925593468014,5.950101522600448e-16,7.034303695085953e-16,0.8014999413636852,0.0,-6.275,6.275000000000001,0.1436140661634507,0.14361406616345046,8.820960664034044e-09,2.3454480027269087e-06,0.005972532044591471,0.00595,2.7945818552943535e-06,0.00593390671442154,0.00595,0.3,0.0,0.29432224455502953,0.0
6199,6.199,6.2,-4.394299862982145,4.4406334103600384,0.02316677368894693,8.834933273342184,-0.09733792459800689,0.10034144104154596,1,1,-4.394299862982145,4.4406334103600384,-6.002810630417181,6.008431891251543,0.0028106304171808816,12.011242521668724,0.00562126083436213,0.0,0.00562126083436213,0.0,-0.00562126083436213,-0.00562126083436213,0.0,0.0,0.0,0.0,0.0,0.0,5.6240724018903835e-06,0.0,5.9723728708409105,5.934113342386354,2.1874863032067537e-15,7.554720737878995e-16,0.8014999413464063,0.0,-6.275,6.275000000000001,0.1436140661634507,0.14361406616345046,8.822659521504748e-09,2.346139157108191e-06,0.005972387296748759,0.00595,2.79343240416674e-06,0.005934094652429036,0.00595,0.3,0.0,0.2943787391656386,0.0
6209,6.2090000000000005,6.21,-4.394447866132116,4.440355338186259,0.022953736027071514,8.834803204318375,-0.0973265396846007,0.1003501489126235,1,1,-4.394447866132116,4.440355338186259,-6.002782664177261,6.008347992531782,0.0027826641772605853,12.011130656709042,0.0055653283545209365,0.0,0.0055653283545209365,0.0,-0.0055653283545209365,-0.0055653283545209365,0.0,0.0,0.0,0.0,0.0,0.0,5.568111946484859e-06,0.0,5.972229099284483,5.934299210750785,1.371298907759666e-15,8.205242041370298e-16,0.8014999413290609,0.0,-6.275,6.275000000000001,0.1436140661634507,0.14361406616345046,8.8243742800377e-09,2.3468329753392087e-06,0.005972243436600537,0.00595,2.7922773274591253e-06,0.005934280708005839,0.00595,0.3,0.0,0.2944346716454799,0.0
6219,6.219,6.22,-4.394595148979586,4.440080380511569,0.02274261576599157,8.834675529491154,-0.09731524331908853,0.10035871985591888,1,1,-4.394595148979586,4.440080380511569,-6.002754976206076,6.008264928618229,0.0027549762060763427,12.011019904824305,0.005509952412152984,0.0,0.005509952412152984,0.0,-0.005509952412152984,-0.005509952412152984,0.0,0.0,0.0,0.0,0.0,0.0,5.51270830691409e-06,0.0,5.9720862118601525,5.934483217227373,1.294103713078698e-15,8.534839501805891e-16,0.8014999413116505,0.0,-6.275,6.275000000000001,0.1436140661634507,0.14361406616345046,8.826104866360179e-09,2.3475293897051615e-06,0.0059721004609094705,0.00595,2.791116822304929e-06,0.005934464899836493,0.00595,0.3,0.0,0.29449004758784786,0.0
6229,6.229,6.23,-4.394741710717453,4.439808501998017,0.022533395640282006,8.83455021271547,-0.09730403497607121,0.10036715620255487,1,1,-4.394741710717453,4.439808501998017,-6.002727563734808,6.008182691204427,0.002727563734809202,12.010910254939235,0.005455127469617889,0.0,0.005455127469617889,0.0,-0.005455127469617889,-0.005455127469617889,0.0,0.0,0.0,0.0,0.0,0.0,5.457855942767952e-06,0.0,5.971944205304337,5.934665380298309,6.817463260588852e-16,8.170547571850761e-16,0.8014999412941769,0.0,-6.275,6.275000000000001,0.1436140661634507,0.14361406616345046,8.827851206250304e-09,2.348228332788789e-06,0.005971958366414326,0.00595,2.789951084618547e-06,0.005934647246421496,0.00595,0.3,0.0,0.2945448725303829,0.0
6239,6.239,6.24,-4.394887550627749,4.439539667707307,0.02232605853977887,8.834427218335057,-0.09729291412995389,0.10037546024036142,1,1,-4.394887550627749,4.439539667707307,-6.002700424022188,6.008101272066564,0.0027004240221879527,12.010801696088752,0.00540084804437571,0.0,0.00540084804437571,0.0,-0.00540084804437571,-0.00540084804437571,0.0,0.0,0.0,0.0,0.0,0.0,5.40354936876432e-06,0.0,5.9718030763304215,5.9348457182637375,3.937822290467352e-16,8.040443311152501e-16,0.8014999412766418,0.0,-6.275,6.275000000000001,0.1436140661634507,0.14361406616345046,8.829613224549382e-09,2.3489297374725904e-06,0.00597181714983076,0.00595,2.7887803090376196e-06,0.0059348277660791204,0.00595,0.3,0.0,0.2945991519556251,0.0
6249,6.2490000000000006,6.25,-4.395032668080034,4.43927384309664,0.022120587508303036,8.834306511176674,-0.0972818802550357,0.10038363421475238,1,1,-4.395032668080034,4.43927384309664,-6.00267355435422,6.008020663062658,0.002673554354219121,12.010694217416878,0.005347108708438692,0.0,0.005347108708438692,0.0,-0.005347108708438692,-0.005347108708438692,0.0,0.0,0.0,0.0,0.0,0.0,5.349783154200537e-06,0.0,5.97166282162954,5.935024249243556,6.92154666914746e-16,7.832276494035284e-16,0.8014999412590469,0.0,-6.275,6.275000000000001,0.1436140661634507,0.14361406616345046,8.831390845174213e-09,2.3496335369366063e-06,0.005971676807852092,0.00595,2.7876046888808404e-06,0.005935006476947206,0.00595,0.3,0.0,0.2946528912915621,0.0
6259,6.259,6.26,-4.395177062529788,4.4390109940145654,0.021916965742388772,8.834188056544352,-0.09727093282559801,0.10039168032957929,1,1,-4.395177062529788,4.4390109940145654,-6.002646952043914,6.007940856131743,0.002646952043914297,12.010587808175657,0.005293904087828456,0.0,0.005293904087828456,0.0,-0.005293904087828456,-0.005293904087828456,0.0,0.0,0.0,0.0,0.0,0.0,5.296551922410343e-06,0.0,5.971523437871336,5.935200991179193,3.290587474811396e-16,7.502679033599691e-16,0.8014999412413937,0.0,-6.275,6.275000000000001,0.1436140661634507,0.14361406616345046,8.833183991129392e-09,2.350339664713926e-06,0.005971537337150083,0.00595,2.7864244161102114e-06,0.005935183396984945,0.00595,0.3,0.0,0.2947060959121723,0.0
6269,6.269,6.2700000000000005,-4.395320733516852,4.438751086696875,0.021715176590011875,8.834071820213726,-0.09726007131598796,0.10039960074797821,1,1,-4.395320733516852,4.438751086696875,-6.002620614431019,6.007861843293058,0.0026206144310192414,12.010482457724077,0.005241228862038603,0.0,0.005241228862038603,0.0,-0.005241228862038603,-0.005241228862038603,0.0,0.0,0.0,0.0,0.0,0.0,5.2438503502261955e-06,0.0,5.971384921704716,5.935375961835373,2.7842311789427754e-16,7.86697096355482e-16,0.801499941223684,0.0,-6.275,6.275000000000001,0.1436140661634507,0.14361406616345046,8.83499258451957e-09,2.3510480546440627e-06,0.005971398734375679,0.00595,2.7852396812644287e-06,0.0059353585439746595,0.00595,0.3,0.0,0.29475877113796217,0.0
6279,6.279,6.28,-4.395463680663859,4.4384940877625025,0.021515203549321793,8.833957768426362,-0.09724929520070563,0.10040739759318046,1,1,-4.395463680663859,4.4384940877625025,-6.002594538881752,6.007783616645254,0.002594538881750985,12.010378155527006,0.005189077763502661,0.0,0.005189077763502661,0.0,-0.005189077763502661,-0.005189077763502661,0.0,0.0,0.0,0.0,0.0,0.0,5.191673167446961e-06,0.0,5.97124726975859,5.935549178801857,2.8336707980081144e-15,8.014422459012849e-16,0.8014999412059193,0.0,-6.275,6.275000000000001,0.1436140661634507,0.14361406616345046,8.836816546561698e-09,2.3517586409195788e-06,0.005971260996159758,0.00595,2.784050673432237e-06,0.005935531935523527,0.00595,0.3,0.0,0.29481092223649813,0.0
6289,6.289,6.29,-4.39560590367471,4.438239964209461,0.021317030267375525,8.833845867884172,-0.09723860395448147,0.10041507294932389,1,1,-4.39560590367471,4.438239964209461,-6.002568722788533,6.007706168365601,0.002568722788534039,12.010274891154134,0.005137445577067314,0.0,0.005137445577067314,0.0,-0.005137445577067314,-0.005137445577067314,0.0,0.0,0.0,0.0,0.0,0.0,5.140015156310881e-06,0.0,5.971110478642595,5.93572065949518,9.75781955236954e-16,8.456776945386935e-16,0.8014999411881014,0.0,-6.275,6.275000000000001,0.1436140661634507,0.14361406616345046,8.838655797597242e-09,2.352471358072766e-06,0.005971124119113851,0.00595,2.782857580196918e-06,0.005935703589065322,0.00595,0.3,0.0,0.2948625544229335,0.0
6299,6.299,6.3,-4.395747402333049,4.4379886834108015,0.021120640538876412,8.833736085743851,-0.09722799705235874,0.10042262886223396,1,1,-4.395747402333049,4.4379886834108015,-6.002543163569735,6.007629490709206,0.002543163569735718,12.010172654278941,0.005086327139470892,0.0,0.005086327139470892,0.0,-0.005086327139470892,-0.005086327139470892,0.0,0.0,0.0,0.0,0.0,0.0,5.088871150973791e-06,0.0,5.970974544947818,5.9358904211603445,6.774095173689432e-16,8.994541222939745e-16,0.8014999411702318,0.0,-6.275,6.275000000000001,0.1436140661634507,0.14361406616345046,8.840510257104391e-09,2.353186141004511e-06,0.0059709880998308675,0.00595,2.7816605876185287e-06,0.0059358735218621285,0.00595,0.3,0.0,0.29491367286053,0.0
6309,6.309,6.3100000000000005,-4.39588817650077,4.4377402131106,0.02092601830491514,8.83362838961137,-0.09721747396976538,0.10043006734019089,1,1,-4.39588817650077,4.4377402131106,-6.002517858669413,6.007553576008241,0.002517858669413897,12.010071434677654,0.005035717338827037,0.0,0.005035717338827037,0.0,-0.005035717338827037,-0.005035717338827037,0.0,0.0,0.0,0.0,0.0,0.0,5.038236036992538e-06,0.0,5.970839465247489,5.936058480872526,1.1589037021697557e-15,7.971054372113429e-16,0.8014999411523123,0.0,-6.275,6.275000000000001,0.1436140661634507,0.14361406616345046,8.8423798437102e-09,2.35390292497319e-06,0.005970852934885792,0.00595,2.7804598801695057e-06,0.005936041751006032,0.00595,0.3,0.0,0.29496428266117375,0.0
6319,6.319,6.32,-4.396028226116539,4.4374945214199695,0.02073314765171519,8.83352274753651,-0.0972070341825923,0.10043739035468652,1,1,-4.396028226116539,4.4374945214199695,-6.002492805557057,6.00747841667117,0.0024928055570567764,12.009971222228227,0.004985611114113512,0.0,0.004985611114113512,0.0,-0.004985611114113512,-0.004985611114113512,0.0,0.0,0.0,0.0,0.0,0.0,4.98810475081353e-06,0.0,5.970705236097669,5.9362248555387405,2.7955068815366246e-15,7.363901155521546e-16,0.8014999411343442,0.0,-6.275,6.275000000000001,0.1436140661634507,0.14361406616345046,8.844264475202738e-09,2.3546216456102164e-06,0.005970718620836374,0.00595,2.779255640703582e-06,0.005936208293420788,0.00595,0.3,0.0,0.2950143888858872,0.0
6329,6.329,6.33,-4.396167551194338,4.437251576813102,0.020542012809381838,8.83341912800744,-0.09719667716726332,0.10044459984115628,1,1,-4.396167551194338,4.437251576813102,-6.002468001727332,6.007404005181999,0.002468001727333302,12.009872006909331,0.004936003454666088,0.0,0.004936003454666088,0.0,-0.004936003454666088,-0.004936003454666088,0.0,0.0,0.0,0.0,0.0,0.0,4.9384722792663725e-06,0.0,5.9705718540379475,5.93638956189951,1.5543122344752192e-15,7.051650929845721e-16,0.8014999411163294,0.0,-6.275,6.275000000000001,0.1436140661634507,0.14361406616345046,8.8461640685432e-09,2.355342238933361e-06,0.005970585154223818,0.00595,2.77804805043802e-06,0.005936373165863489,0.00595,0.3,0.0,0.2950639965453346,0.0
6339,6.339,6.34,-4.396306151822019,4.437011348123342,0.020352598150661372,8.83331749994536,-0.09718640240080845,0.1004516976996983,1,1,-4.396306151822019,4.437011348123342,-6.002443444699838,6.0073303340995166,0.002443444699839148,12.009773778799355,0.004886889399677479,0.0,0.004886889399677479,0.0,-0.004886889399677479,-0.004886889399677479,0.0,0.0,0.0,0.0,0.0,0.0,4.889333659062546e-06,0.0,5.970439315592085,5.936552616530497,1.4007892068512717e-15,6.817463260588852e-16,0.8014999410982694,0.0,-6.275,6.275000000000001,0.1436140661634507,0.14361406616345046,8.848078539877985e-09,2.356064641351193e-06,0.005970452531573437,0.00595,2.7768372888936634e-06,0.005936536384926212,0.00595,0.3,0.0,0.2951131106003232,0.0
6349,6.349,6.3500000000000005,-4.396444028159887,4.436773804539284,0.020164888189698527,8.83321783269917,-0.09717620936092769,0.10045868579578038,1,1,-4.396444028159887,4.436773804539284,-6.002419132018851,6.007257396056552,0.0024191320188506893,12.009676528075403,0.00483826403770126,0.0,0.00483826403770126,0.0,-0.00483826403770126,-0.00483826403770126,0.0,0.0,0.0,0.0,0.0,0.0,4.840683976299085e-06,0.0,5.970307617268684,5.936714035844119,3.91183531964559e-16,7.693498615957139e-16,0.8014999410801656,0.0,-6.275,6.275000000000001,0.1436140661634507,0.14361406616345046,8.850007804550748e-09,2.356788789651978e-06,0.005970320749395321,0.00595,2.775623533883831e-06,0.005936697967037631,0.00595,0.3,0.0,0.2951617359622995,0.0
6359,6.359,6.36,-4.396581180439298,4.436538915600904,0.01997886758080325,8.8331200960402,-0.09716609752606103,0.10046556596092743,1,1,-4.396581180439298,4.436538915600904,-6.00239506125308,6.007185183759241,0.0023950612530807547,12.009580245012321,0.0047901225061607105,0.0,0.0047901225061607105,0.0,-0.0047901225061607105,-0.0047901225061607105,0.0,0.0,0.0,0.0,0.0,0.0,4.792518365967171e-06,0.0,5.970176755561826,5.936873836091182,2.496426324124709e-16,8.664943762504151e-16,0.8014999410620199,0.0,-6.275,6.275000000000001,0.1436140661634507,0.14361406616345046,8.851951777114415e-09,2.3575146210436466e-06,0.005970189804184975,0.00595,2.774406961469911e-06,0.005936857928464638,0.00595,0.3,0.0,0.29520987749384014,0.0
6369,6.369,6.37,-4.396717608961269,4.436306651195721,0.01979452111722635,8.83302426015699,-0.09715606637545116,0.10047233999339433,1,1,-4.396717608961269,4.436306651195721,-6.002371229995431,6.007113689986294,0.0023712299954317118,12.009484919981725,0.004742459990862559,0.0,0.004742459990862559,0.0,-0.004742459990862559,-0.004742459990862559,0.0,0.0,0.0,0.0,0.0,0.0,4.744832011465631e-06,0.0,5.970046726951708,5.937032033362453,7.647420023626506e-16,9.115971866258121e-16,0.8014999410438336,0.0,-6.275,6.275000000000001,0.1436140661634507,0.14361406616345046,8.853910371343187e-09,2.3582420731360294e-06,0.005970059692423958,0.00595,2.773187745948036e-06,0.00593701628531393,0.00595,0.3,0.0,0.29525754000913834,0.0
6379,6.3790000000000004,6.38,-4.39685331409512,4.436076981554988,0.019611833729934247,8.832930295650108,-0.09714611538920587,0.10047900965882817,1,1,-4.39685331409512,4.436076981554988,-6.002347635862758,6.007042907588273,0.0023476358627574356,12.009390543451032,0.0046952717255155565,0.0,0.0046952717255155565,0.0,-0.0046952717255155565,-0.0046952717255155565,0.0,0.0,0.0,0.0,0.0,0.0,4.6976201441192774e-06,0.0,5.969917527905263,5.937188643590232,1.169203622808368e-15,8.517492267046123e-16,0.8014999410256083,0.0,-6.275,6.275000000000001,0.1436140661634507,0.14361406616345046,8.855883500244482e-09,2.3589710839564027e-06,0.0059699304105804984,0.00595,2.771966059784692e-06,0.005937173053533588,0.00595,0.3,0.0,0.2953047282744853,0.0
6389,6.389,6.390000000000001,-4.3969882962771205,4.435849877249912,0.019430790486395733,8.832838173527033,-0.09713624404835836,0.10048557669091324,1,1,-4.3969882962771205,4.435849877249912,-6.002324276495627,6.006972829486881,0.0023242764956270534,12.009297105982508,0.004648552991253847,0.0,0.004648552991253847,0.0,-0.004648552991253847,-0.004648552991253847,0.0,0.0,0.0,0.0,0.0,0.0,4.650878042702034e-06,0.0,5.969789154876768,5.937343682549928,8.27463098040937e-16,8.500145032286355e-16,0.8014999410073457,0.0,-6.275,6.275000000000001,0.1436140661634507,0.14361406616345046,8.857871076070883e-09,2.3597015919561464e-06,0.0059698019551101145,0.00595,2.7707420736544643e-06,0.005937328248914641,0.00595,0.3,0.0,0.295351447008747,0.0
6399,6.399,6.4,-4.397122556009157,4.4356253091879125,0.01925137658937759,8.83274786519707,-0.09712645183492907,0.10049204279199975,1,1,-4.397122556009157,4.4356253091879125,-6.0023011495580825,6.006903448674247,0.0023011495580824715,12.00920459823233,0.0046022991161650696,0.0,0.0046022991161650696,0.0,-0.0046022991161650696,-0.0046022991161650696,0.0,0.0,0.0,0.0,0.0,0.0,4.604601032964806e-06,0.0,5.969661604308448,5.93749716586159,1.1969591984239969e-15,9.037909309839165e-16,0.8014999409890471,0.0,-6.275,6.275000000000001,0.1436140661634507,0.14361406616345046,8.859873010332012e-09,2.3604335360107476e-06,0.005969674322456209,0.00595,2.769515956353441e-06,0.0059374818870926,0.00595,0.3,0.0,0.2953977008838358,0.0
6409,6.409,6.41,-4.397256093857427,4.435403248608904,0.01907357737573845,8.832659342466332,-0.09711673823197764,0.10049840963372664,1,1,-4.397256093857427,4.435403248608904,-6.002278252737411,6.006834758212235,0.00227825273741189,12.009113010949646,0.004556505474823171,0.0,0.004556505474823171,0.0,-0.004556505474823171,-0.004556505474823171,0.0,0.0,0.0,0.0,0.0,0.0,4.558784487168054e-06,0.0,5.969534872631062,5.937649108991439,5.352892472809331e-16,1.0009354456386177e-15,0.8014999409707141,0.0,-6.275,6.275000000000001,0.1436140661634507,0.14361406616345046,8.861889213806417e-09,2.3611668554286797e-06,0.00596954750905066,0.00595,2.7682878747992134e-06,0.005937633983549003,0.00595,0.3,0.0,0.2954434945251778,0.0
6419,6.4190000000000005,6.42,-4.39738891045114,4.435183667081614,0.0188973783152373,8.832572577532755,-0.09710710272366224,0.10050467885762387,1,1,-4.39738891045114,4.435183667081614,-6.0022555837439135,6.006766751231739,0.002255583743912659,12.009022334975652,0.004511167487825854,0.0,0.004511167487825854,0.0,-0.004511167487825854,-0.004511167487825854,0.0,0.0,0.0,0.0,0.0,0.0,4.513423823619019e-06,0.0,5.969408956264488,5.937799527253381,2.662800535624399e-16,1.0356299151581538e-15,0.8014999409523482,0.0,-6.275,6.275000000000001,0.1436140661634507,0.14361406616345046,8.86391959655338e-09,2.361901489962506e-06,0.005969421511314407,0.00595,2.7670579940175522e-06,0.005937784553612919,0.00595,0.3,0.0,0.29548883251217517,0.0
6429,6.429,6.43,-4.397521006481237,4.434966536499935,0.018722765009349107,8.832487542981173,-0.09709754479529153,0.10051085207570198,1,1,-4.397521006481237,4.434966536499935,-6.002233140310668,6.006699420932005,0.0022331403106683467,12.008932561242673,0.00446628062133664,0.0,0.00446628062133664,0.0,-0.00446628062133664,-0.00446628062133664,0.0,0.0,0.0,0.0,0.0,0.0,4.468514506213544e-06,0.0,5.969283851618279,5.937948435810501,1.5447712553573467e-15,1.0564465968698755e-15,0.801499940933951,0.0,-6.275,6.275000000000001,0.1436140661634507,0.14361406616345046,8.865964067924725e-09,2.362637379808879e-06,0.005969296325658015,0.00595,2.765826477111322e-06,0.005937933612462449,0.00595,0.3,0.0,0.2955337193786644,0.0
6439,6.439,6.44,-4.397652382699137,4.434751829079305,0.018549723190083967,8.832404211778442,-0.09708806393337793,0.10051693087103769,1,1,-4.397652382699137,4.434751829079305,-6.002210920193315,6.006632760579947,0.002210920193316035,12.008843680773262,0.004421840386631471,0.0,0.004421840386631471,0.0,-0.004421840386631471,-0.004421840386631471,0.0,0.0,0.0,0.0,0.0,0.0,4.424052043982465e-06,0.0,5.969159555092237,5.9380958496765475,1.6193643648243494e-15,1.0113437864944785e-15,0.8014999409155239,0.0,-6.275,6.275000000000001,0.1436140661634507,0.14361406616345046,8.86802253657659e-09,2.3633744656063207e-06,0.005969171948482232,0.00595,2.764593485249378e-06,0.005938081175126213,0.00595,0.3,0.0,0.29557815961336953,0.0
6449,6.449,6.45,-4.39778303991549,4.434539517353123,0.018378238718816498,8.832322557268613,-0.09707865962568646,0.10052291679833542,1,1,-4.39778303991549,4.434539517353123,-6.002188921169824,6.006566763509475,0.0021889211698251643,12.008755684679299,0.004377842339649845,0.0,0.004377842339649845,0.0,-0.004377842339649845,-0.004377842339649845,0.0,0.0,0.0,0.0,0.0,0.0,4.380031990642507e-06,0.0,5.969036063076951,5.938241783717405,8.6882202278947e-16,1.0156805951844206e-15,0.8014999408970683,0.0,-6.275,6.275000000000001,0.1436140661634507,0.14361406616345046,8.870094910481134e-09,2.364112688464088e-06,0.005969048376178546,0.00595,2.7633591776354828e-06,0.005938227256484808,0.00595,0.3,0.0,0.29562215766035116,0.0
6459,6.4590000000000005,6.46,-4.397912978998948,4.434329574169197,0.0182082975851241,8.832242553168145,-0.0970693313612836,0.10052881138448488,1,1,-4.397912978998948,4.434329574169197,-6.002167141040275,6.006501423120826,0.0021671410402754887,12.0086685641611,0.004334282080550398,0.0,0.004334282080550398,0.0,-0.004334282080550398,-0.004334282080550398,0.0,0.0,0.0,0.0,0.0,0.0,4.336449944151652e-06,0.0,5.96891337195434,5.938386252652538,1.8648277366750676e-15,9.749145934989656e-16,0.8014999408785858,0.0,-6.275,6.275000000000001,0.1436140661634507,0.14361406616345046,8.872181096938249e-09,2.3648519899355265e-06,0.005968925605129716,0.00595,2.762123711508302e-06,0.005938371871272279,0.00595,0.3,0.0,0.29566571791945057,0.0
6469,6.469,6.47,-4.3980422008749605,4.4341219726862215,0.01803988590563055,8.832164173561182,-0.09706007863058752,0.10053461612910264,1,1,-4.3980422008749605,4.4341219726862215,-6.002145577626636,6.006436732879906,0.0021455776266350313,12.008582310506542,0.00429115525327092,0.0,0.00429115525327092,0.0,-0.00429115525327092,-0.00429115525327092,0.0,0.0,0.0,0.0,0.0,0.0,4.2933015462689325e-06,0.0,5.968791478098179,5.93852927105643,1.1949805294592108e-15,1.0243542125643046e-15,0.8014999408600777,0.0,-6.275,6.275000000000001,0.1436140661634507,0.14361406616345046,8.874281002587215e-09,2.3655923120447177e-06,0.005968803631710311,0.00595,2.760887242119203e-06,0.005938515034077545,0.00595,0.3,0.0,0.2957088447467301,0.0
6479,6.479,6.48,-4.398170706524579,4.433916686370297,0.017872989922858906,8.832087392894875,-0.09705090092540836,0.10054033250506578,1,1,-4.398170706524579,4.433916686370297,-6.002124228772547,6.006372686317639,0.002124228772546033,12.008496915090186,0.004248457545092744,0.0,0.004248457545092744,0.0,-0.004248457545092744,-0.004248457545092744,0.0,0.0,0.0,0.0,0.0,0.0,4.2505824821186035e-06,0.0,5.968670377874622,5.938670853360009,1.7321213907628419e-15,1.0113437864944785e-15,0.8014999408415456,0.0,-6.275,6.275000000000001,0.1436140661634507,0.14361406616345046,8.876394533418313e-09,2.366333597288699e-06,0.0059686824522872245,0.00595,2.759649922714491e-06,0.005938656759345828,0.00595,0.3,0.0,0.29575154245490826,0.0
6489,6.489,6.49,-4.398298496983278,4.4337136889914674,0.01770759600409466,8.832012185974746,-0.09704179773899979,0.1005459619590307,1,1,-4.398298496983278,4.4337136889914674,-6.002103092343105,6.006309277029314,0.0021030923431046844,12.008412369372419,0.004206184686209469,0.0,0.004206184686209469,0.0,-0.004206184686209469,-0.004206184686209469,0.0,0.0,0.0,0.0,0.0,0.0,4.208288479758649e-06,0.0,5.96855006764271,5.938811013852068,2.2985086056692694e-16,9.332812300755222e-16,0.8014999408229908,0.0,-6.275,6.275000000000001,0.1436140661634507,0.14361406616345046,8.87852159478443e-09,2.3670757886263593e-06,0.005968562063220184,0.00595,2.7584119045331866e-06,0.005938797061380066,0.00595,0.3,0.0,0.29579381531379145,0.0
6499,6.4990000000000006,6.5,-4.398425573339802,4.433512954620309,0.01754369064025374,8.831938527960112,-0.09703276856609488,0.10055150591194217,1,1,-4.398425573339802,4.433512954620309,-6.002082166224651,6.00624649867395,0.0020821662246497397,12.0083286648986,0.00416433244929998,0.0,0.00416433244929998,0.0,-0.00416433244929998,-0.00416433244929998,0.0,0.0,0.0,0.0,0.0,0.0,4.1664153097535866e-06,0.0,5.968430543754871,5.938949766680633,1.5265566588595902e-15,9.445569326693715e-16,0.8014999408044149,0.0,-6.275,6.275000000000001,0.1436140661634507,0.14361406616345046,8.880662091412598e-09,2.3678188295006465e-06,0.005968442460862256,0.00595,2.7571733367848238e-06,0.0059389359543423025,0.00595,0.3,0.0,0.29583566755070095,0.0
6509,6.509,6.51,-4.398551936735012,4.433314457624533,0.017381260444760738,8.831866394359544,-0.09702381290295159,0.10055696575953343,1,1,-4.398551936735012,4.433314457624533,-6.002061448324553,6.006184344973659,0.002061448324552906,12.008245793298212,0.00412289664910571,0.0,0.00412289664910571,0.0,-0.00412289664910571,-0.00412289664910571,0.0,0.0,0.0,0.0,0.0,0.0,4.1249587847515265e-06,0.0,5.9683118025574124,5.939087125854371,7.346553920761778e-16,9.532305500492555e-16,0.801499940785819,0.0,-6.275,6.275000000000001,0.1436140661634507,0.14361406616345046,8.882815927415513e-09,2.3685626638363454e-06,0.00596832364156034,0.00595,2.7559343666494486e-06,0.005939073452255075,0.00595,0.3,0.0,0.29587710335089523,0.0
6519,6.519,6.5200000000000005,-4.398677588360764,4.433118172665636,0.017220292152436034,8.831795761026399,-0.09701493024739383,0.10056234287281335,1,1,-4.398677588360764,4.433118172665636,-6.002040936571007,6.006122809713018,0.0020409365710056804,12.008163746284024,0.00408187314201211,0.0,0.00408187314201211,0.0,-0.00408187314201211,-0.00408187314201211,0.0,0.0,0.0,0.0,0.0,0.0,4.08391475906542e-06,0.0,5.9681938403910015,5.939223105243938,1.3078188705606397e-15,9.159339953157541e-16,0.8014999407672047,0.0,-6.275,6.275000000000001,0.1436140661634507,0.14361406616345046,8.88498300630302e-09,2.369307236033416e-06,0.005968205601655646,0.00595,2.7546951392531937e-06,0.005939209569002785,0.00595,0.3,0.0,0.2959181268579888,0.0
6529,6.529,6.53,-4.398802529458797,4.432924074695576,0.017060772618389564,8.831726604154372,-0.09700612009884702,0.1005676385985449,1,1,-4.398802529458797,4.432924074695576,-6.002020628912818,6.006061886738451,0.0020206289128168464,12.00808251565127,0.0040412578256342835,0.0,0.0040412578256342835,0.0,-0.0040412578256342835,-0.0040412578256342835,0.0,0.0,0.0,0.0,0.0,0.0,4.043279128258491e-06,0.0,5.968076653591145,5.9393577185833495,9.256833445386511e-16,9.792514021889076e-16,0.8014999407485733,0.0,-6.275,6.275000000000001,0.1436140661634507,0.14361406616345046,8.887163230993546e-09,2.370052490991421e-06,0.005968088337484173,0.00595,2.7534557976838237e-06,0.0059393443183330475,0.00595,0.3,0.0,0.2959587421743667,0.0
6539,6.539,6.54,-4.398926761319629,4.432732138953483,0.016902688816927025,8.831658900273112,-0.09699738195837665,0.10057285425971146,1,1,-4.398926761319629,4.432732138953483,-6.002000523319203,6.00600156995761,0.002000523319203751,12.008002093276813,0.004001046638406746,0.0,0.004001046638406746,0.0,-0.004001046638406746,-0.004001046638406746,0.0,0.0,0.0,0.0,0.0,0.0,4.0030478287338e-06,0.0,5.9679602384886445,5.939490979471304,1.0070069778045365e-15,9.653736143810931e-16,0.8014999407299263,0.0,-6.275,6.275000000000001,0.1436140661634507,0.14361406616345046,8.8893565038255e-09,2.370798374085096e-06,0.005967971845377176,0.00595,2.752216482968528e-06,0.005939477713858037,0.00595,0.3,0.0,0.2959989533615942,0.0
6549,6.549,6.55,-4.399050285281488,4.432542340962403,0.016746027840457423,8.831592626243891,-0.09698871532872522,0.10057799115597538,1,1,-4.399050285281488,4.432542340962403,-6.001980617779588,6.005941853338766,0.0019806177795889113,12.007922471118354,0.003961235559177267,0.0,0.003961235559177267,0.0,-0.003961235559177267,-0.003961235559177267,0.0,0.0,0.0,0.0,0.0,0.0,3.9632168373278666e-06,0.0,5.96784459141006,5.93962290137252,3.853118995741922e-16,9.983333604246525e-16,0.8014999407112648,0.0,-6.275,6.275000000000001,0.1436140661634507,0.14361406616345046,8.891562726568657e-09,2.371544831197662e-06,0.005967856121661616,0.00595,2.750977334073923e-06,0.005939609769055804,0.00595,0.3,0.0,0.2960387644408237,0.0
6559,6.559,6.5600000000000005,-4.399173102729233,4.432354656526073,0.0165907768984197,8.831527759255305,-0.09698011971434856,0.10058305056412697,1,1,-4.399173102729233,4.432354656526073,-6.001960910303403,6.005882730910207,0.0019609103034019526,12.00784364121361,0.003921820606804746,0.0,0.003921820606804746,0.0,-0.003921820606804746,-0.003921820606804746,0.0,0.0,0.0,0.0,0.0,0.0,3.923782170908358e-06,0.0,5.967729708678153,5.939753497619044,1.2481335409653127e-15,9.514958265732787e-16,0.8014999406925905,0.0,-6.275,6.275000000000001,0.1436140661634507,0.14361406616345046,8.893781800435474e-09,2.3722918087008372e-06,0.005967741162660616,0.00595,2.749738487892728e-06,0.005939740497271611,0.00595,0.3,0.0,0.2960781793931962,0.0
6569,6.569,6.57,-4.399295215093314,4.4321690617257286,0.016436923316207164,8.831464276819043,-0.09697159462144611,0.10058803373852371,1,1,-4.399295215093314,4.4321690617257286,-6.001941398919881,6.005824196759642,0.0019413989198806547,12.007765595679523,0.0038827978397611,0.0,0.0038827978397611,0.0,-0.0038827978397611,-0.0038827978397611,0.0,0.0,0.0,0.0,0.0,0.0,3.88473988597577e-06,0.0,5.967615586612329,5.939882781411557,3.9934723551019596e-16,1.0117774673634727e-15,0.8014999406739043,0.0,-6.275,6.275000000000001,0.1436140661634507,0.14361406616345046,8.896013626092377e-09,2.373039253465941e-06,0.005967626964693897,0.00595,2.748500079257088e-06,0.00593986991171921,0.00595,0.3,0.0,0.2961172021602399,0.0
6579,6.579,6.58,-4.3994166238487304,4.43198553291695,0.01628445453410965,8.83140215676568,-0.09696313955799563,0.10059294191151952,1,1,-4.3994166238487304,4.43198553291695,-6.0019220816778684,6.005766245033605,0.001922081677868448,12.007688326711474,0.0038441633557371054,0.0,0.0038441633557371054,0.0,-0.0038441633557371054,-0.0038441633557371054,0.0,0.0,0.0,0.0,0.0,0.0,3.846086078269073e-06,0.0,5.967502221529065,5.940010765820654,8.474124180146703e-16,9.86623976961809e-16,0.8014999406552079,0.0,-6.275,6.275000000000001,0.1436140661634507,0.14361406616345046,8.898258103671023e-09,2.373787112861673e-06,0.00596751352407821,0.00595,2.747262240923032e-06,0.005939998025482152,0.00595,0.3,0.0,0.29615583664426387,0.0
6589,6.589,6.59,-4.399537330514013,4.431804046726529,0.016133358106257933,8.831341377240541,-0.0969547540337859,0.10059777629388311,1,1,-4.399537330514013,4.431804046726529,-6.001902956645626,6.005708869936878,0.0019029566456261193,12.007611826582504,0.0038059132912521654,0.0,0.0038059132912521654,0.0,-0.0038059132912521654,-0.0038059132912521654,0.0,0.0,0.0,0.0,0.0,0.0,3.8078168823752854e-06,0.0,5.967389609742336,5.940137463788123,8.313950249820914e-16,9.259086553026208e-16,0.8014999406365023,0.0,-6.275,6.275000000000001,0.1436140661634507,0.14361406616345046,8.900515132779512e-09,2.374535334769656e-06,0.005967400837127761,0.00595,2.746025103577132e-06,0.005940124851515049,0.00595,0.3,0.0,0.29619408670874875,0.0
6599,6.599,6.6000000000000005,-4.3996573366502165,4.43162458004938,0.015983621699581896,8.831281916699597,-0.09694643756044313,0.10060253807521485,1,1,-4.3996573366502165,4.43162458004938,-6.001884021910635,6.005652065731902,0.0018840219106337486,12.007536087642537,0.0037680438212679556,0.0,0.0037680438212679556,0.0,-0.0037680438212679556,-0.0037680438212679556,0.0,0.0,0.0,0.0,0.0,0.0,3.769928471342927e-06,0.0,5.967277747564022,5.940262888128203,9.21033133658225e-16,8.469787371456761e-16,0.8014999406177891,0.0,-6.275,6.275000000000001,0.1436140661634507,0.14361406616345046,8.902784612513553e-09,2.375283867564454e-06,0.005967288900154623,0.00595,2.7447887958209626e-06,0.005940250402644836,0.00595,0.3,0.0,0.2962319561787329,0.0
6609,6.609,6.61,-4.399776643859931,4.431447110045474,0.015835233092771794,8.831223753905405,-0.09693818965146456,0.100607228424347,1,1,-4.399776643859931,4.431447110045474,-6.001865275579402,6.005595826738209,0.0018652755794033027,12.007461102317611,0.003730551158805919,0.0,0.003730551158805919,0.0,-0.003730551158805919,-0.003730551158805919,0.0,0.0,0.0,0.0,0.0,0.0,3.7324170562993195e-06,0.0,5.967166631304329,5.940387051528842,1.214306433183765e-16,8.677954188573977e-16,0.8014999405990693,0.0,-6.275,6.275000000000001,0.1436140661634507,0.14361406616345046,8.905066441467602e-09,2.3760326601424338e-06,0.005967177709469148,0.00595,2.7435534441955236e-06,0.005940374691572037,0.00595,0.3,0.0,0.29626944884119494,0.0
6619,6.619,6.62,-4.399895253786302,4.431271614136813,0.01568818017525553,8.831166867923116,-0.09693000982224392,0.10061184848973725,1,1,-4.399895253786302,4.431271614136813,-6.001846715777284,6.005540147331852,0.0018467157772841247,12.007386863109136,0.0036934315545685665,0.0,0.0036934315545685665,0.0,-0.0036934315545685665,-0.0036934315545685665,0.0,0.0,0.0,0.0,0.0,0.0,3.6952788860717004e-06,0.0,5.967056257272169,5.940509966552921,6.635317295611287e-16,8.721322275473398e-16,0.8014999405803442,0.0,-6.275,6.275000000000001,0.1436140661634507,0.14361406616345046,8.907360517745965e-09,2.376781661904006e-06,0.005967067261380362,0.00595,2.7423191731634765e-06,0.00594049773087198,0.00595,0.3,0.0,0.2963065684454323,0.0
6629,6.6290000000000004,6.63,-4.400012529127942,4.431098070004425,0.015542770438241593,8.831110599132366,-0.10186490355257372,0.10061639939986183,1,1,-4.400012529127942,4.431098070004425,-6.001828340648282,6.005485021944847,0.0018283406482826337,12.007313362593129,0.0036566812965645405,0.0,0.0036566812965645405,0.0,-0.0036566812965645405,-0.0036566812965645405,0.0,0.0,0.0,0.0,0.0,0.0,3.658510246812098e-06,0.0,5.96694662177557,5.94063164563949,5.793976409762536e-16,9.384854005034526e-16,0.8014999405616152,0.0,-6.275,6.275000000000001,0.1436140661634507,0.14361406616345046,8.909666738973842e-09,2.3775308227558425e-06,0.0059669575521963635,0.00595,2.7410861051246907e-06,0.005940619532996047,0.00595,0.3,0.0,0.2963433187034364,0.0
6639,6.639,6.640000000000001,-4.400124061210742,4.430926455585402,0.015401197187329796,8.831050516796143,-0.10185663559605124,0.10062088226358651,1,1,-4.400124061210742,4.430926455585402,-6.001810148354869,6.005430445064606,0.0018101483548687014,12.007240593419475,0.0036202967097374154,0.0,0.0036202967097374154,0.0,-0.0036202967097374154,-0.0036202967097374154,0.0,0.0,0.0,0.0,0.0,0.0,3.6221074616259454e-06,0.0,5.96683772112204,5.940752101104966,1.97758476261356e-16,1.0117774673634727e-15,0.8014999405428834,0.0,-6.275,6.275000000000001,0.1436140661634507,0.14361406616345046,8.91198500230835e-09,2.3782800931175392e-06,0.005966848578224696,0.00595,2.7398543604117976e-06,0.005940740110272864,0.00595,0.3,0.0,0.2963797032902636,0.0
6649,6.649,6.65,-4.400234934352786,4.430756749069965,0.015260907358589648,8.83099168342275,-0.10184843666264265,0.10062529817054411,1,1,-4.400234934352786,4.430756749069965,-6.001792137077799,6.005376411233397,0.0017921370777989054,12.007168548311196,0.0035842741555981886,0.0,0.0035842741555981886,0.0,-0.0035842741555981886,-0.0035842741555981886,0.0,0.0,0.0,0.0,0.0,0.0,3.5860668902043884e-06,0.0,5.966729551618964,5.940871345144354,1.0512424264419451e-15,1.0438698516690437e-15,0.8014999405241502,0.0,-6.275,6.275000000000001,0.1436140661634507,0.14361406616345046,8.914315204449495e-09,2.379029423939378e-06,0.005966740335772738,0.00595,2.7386240572901954e-06,0.005940859474909523,0.00595,0.3,0.0,0.29641572584440284,0.0
6659,6.659,6.66,-4.400345150269638,4.430588928898557,0.015121889314459569,8.830934079168195,-0.1018403062500925,0.10062964819149561,1,1,-4.400345150269638,4.430588928898557,-6.001774305015931,6.005322915047793,0.0017743050159308993,12.007097220063724,0.0035486100318614256,0.0,0.0035486100318614256,0.0,-0.0035486100318614256,-0.0035486100318614256,0.0,0.0,0.0,0.0,0.0,0.0,3.5503849284602505e-06,0.0,5.966622109573953,5.940989389832417,1.0702074941309689e-15,9.593020822151743e-16,0.8014999405054166,0.0,-6.275,6.275000000000001,0.1436140661634507,0.14361406616345046,8.916657241651104e-09,2.3797787666601414e-06,0.005966632821148064,0.00595,2.7373953119758098e-06,0.005940977638992756,0.00595,0.3,0.0,0.2964513899681395,0.0
6669,6.6690000000000005,6.67,-4.400454710710962,4.430422973758975,0.014984131524006461,8.830877684469936,-0.10183224385843126,0.10063393337868293,1,1,-4.400454710710962,4.430422973758975,-6.001756650386043,6.005269951158128,0.0017566503860422245,12.00702660154417,0.003513300772085034,0.0,0.003513300772085034,0.0,-0.003513300772085034,-0.003513300772085034,0.0,0.0,0.0,0.0,0.0,0.0,3.5150580081676225e-06,0.0,5.966515391295223,5.94110624712486,1.519617764955683e-15,8.625912484294673e-16,0.8014999404866839,0.0,-6.275,6.275000000000001,0.1436140661634507,0.14361406616345046,8.919011009731729e-09,2.380528073255959e-06,0.005966526030658812,0.00595,2.7361682386328746e-06,0.00594109461449012,0.00595,0.3,0.0,0.2964866992279158,0.0
6679,6.679,6.68,-4.400563617459667,4.430258862583518,0.014847622561925178,8.830822480043185,-0.10182424899000231,0.10063815476618249,1,1,-4.400563617459667,4.430258862583518,-6.001739171422656,6.0052175142679705,0.0017391714226571153,12.006956685690627,0.0034783428453136114,0.0,0.0034783428453136114,0.0,-0.0034783428453136114,-0.0034783428453136114,0.0,0.0,0.0,0.0,0.0,0.0,3.480082596605036e-06,0.0,5.966409393091935,5.941221928859488,1.5534448727372308e-15,9.35015953551499e-16,0.8014999404679534,0.0,-6.275,6.275000000000001,0.1436140661634507,0.14361406616345046,8.921376404085488e-09,2.381277296211443e-06,0.0059664199606140325,0.00595,2.73494294936949e-06,0.005941210413251167,0.00595,0.3,0.0,0.2965216571546873,0.0
6689,6.689,6.69,-4.400671872331076,4.430096574546187,0.014712351107555754,8.830768446877263,-0.10181632114947631,0.10064231337024526,1,1,-4.400671872331076,4.430096574546187,-6.001721866377863,6.005165599133588,0.0017218663778626464,12.00688746551145,0.0034437327557253496,0.0,0.0034437327557253496,0.0,-0.0034437327557253496,-0.0034437327557253496,0.0,0.0,0.0,0.0,0.0,0.0,3.4454551962021897e-06,0.0,5.966304111274549,5.941336446757379,1.46150452851046e-15,8.894794623071078e-16,0.8014999404492261,0.0,-6.275,6.275000000000001,0.1436140661634507,0.14361406616345046,8.923753319692876e-09,2.3820263885263503e-06,0.00596631460732404,0.00595,2.7337195542709304e-06,0.005941325047008585,0.00595,0.3,0.0,0.29655626724427553,0.0
6699,6.699,6.7,-4.4007794771720885,4.429936089059898,0.014578305943904635,8.830715566231987,-0.10180845984386955,0.100646410189629,1,1,-4.4007794771720885,4.429936089059898,-6.001704733521142,6.0051142005634235,0.0017047335211408665,12.006818934084565,0.0034094670422824464,0.0,0.0034094670422824464,0.0,-0.0034094670422824464,-0.0034094670422824464,0.0,0.0,0.0,0.0,0.0,0.0,3.411172344190185e-06,0.0,5.966199542155161,5.941449812423998,1.1770217369115252e-15,8.799384831892354e-16,0.8014999404305032,0.0,-6.275,6.275000000000001,0.1436140661634507,0.14361406616345046,8.926141651131545e-09,2.3827753037289038e-06,0.005966209967100757,0.00595,2.7324981613885413e-06,0.005941438527379358,0.00595,0.3,0.0,0.2965905329577184,0.0
6709,6.7090000000000005,6.71,-4.400886433860379,4.42977738577373,0.014445475956675669,8.830663819634108,-0.10180066458256143,0.10065044620592906,1,1,-4.400886433860379,4.42977738577373,-6.001687771139192,6.005063313417578,0.0016877711391929395,12.00675108455677,0.0033755422783850043,0.0,0.0033755422783850043,0.0,-0.0033755422783850043,-0.0033755422783850043,0.0,0.0,0.0,0.0,0.0,0.0,3.3772306122552527e-06,0.0,5.966095682047847,5.941562037350349,2.025835147420954e-15,9.016225266389455e-16,0.801499940411786,0.0,-6.275,6.275000000000001,0.1436140661634507,0.14361406616345046,8.928541292587027e-09,2.3835239958602518e-06,0.00596610603625804,0.00595,2.7312788767486217e-06,0.005941550865865879,0.00595,0.3,0.0,0.2966244577216159,0.0
6719,6.719,6.72,-4.4009927443035854,4.429620444570209,0.014313850133311767,8.830613188873794,-0.1017929348773089,0.10065442238389594,1,1,-4.4009927443035854,4.429620444570209,-6.001670977535764,6.0050129326072925,0.0016709775357641732,12.006683910143057,0.003341955071528362,0.0,0.003341955071528362,0.0,-0.003341955071528362,-0.003341955071528362,0.0,0.0,0.0,0.0,0.0,0.0,3.3436266061959147e-06,0.0,5.965992527268973,5.9416731329140875,1.412064909445121e-15,9.037909309839165e-16,0.8014999403930754,0.0,-6.275,6.275000000000001,0.1436140661634507,0.14361406616345046,8.930952137863412e-09,2.3842724194811242e-06,0.0059660028111120115,0.00595,2.7300618043657466e-06,0.0059416620738570935,0.00595,0.3,0.0,0.29665804492847253,0.0
6729,6.729,6.73,-4.401098410438531,4.4294652455626125,0.014183417562040557,8.830563656001143,-0.10178527024226364,0.1006583396717528,1,1,-4.401098410438531,4.4294652455626125,-6.001654351031482,6.004963053094445,0.0016543510314814824,12.006617404125928,0.0033087020629638435,0.0,0.0033087020629638435,0.0,-0.0033087020629638435,-0.0033087020629638435,0.0,0.0,0.0,0.0,0.0,0.0,3.31035696558356e-06,0.0,5.965890074137525,5.941783110380624,1.1374195584955976e-15,8.786374405822528e-16,0.8014999403743727,0.0,-6.275,6.275000000000001,0.1436140661634507,0.14361406616345046,8.933374080394003e-09,2.3850205296696192e-06,0.005965900287981387,0.00595,2.7288470462516478e-06,0.005941772162629581,0.00595,0.3,0.0,0.296691297937037,0.0
6739,6.739,6.74,-4.401203434230441,4.429311769092311,0.014054167430935127,8.83051520332275,-0.10177767019398654,0.10066219900150053,1,1,-4.401203434230441,4.429311769092311,-6.001637889963682,6.004913669891044,0.0016378899636810829,12.006551559854726,0.003275779927362883,0.0,0.003275779927362883,0.0,-0.003275779927362883,-0.003275779927362883,0.0,0.0,0.0,0.0,0.0,0.0,3.277418363426404e-06,0.0,5.965788318975424,5.941891980904232,7.950928869286666e-16,8.838416110101832e-16,0.8014999403556788,0.0,-6.275,6.275000000000001,0.1436140661634507,0.14361406616345046,8.935807013251914e-09,2.385768282027858e-06,0.005965798463187773,0.00595,2.7276347024374203e-06,0.005941881143348686,0.00595,0.3,0.0,0.296724220072638,0.0
6749,6.7490000000000006,6.75,-4.401307817672175,4.429159995726134,0.013926089026979227,8.83046781339831,-0.1017701342514557,0.10066600128922382,1,1,-4.401307817672175,4.429159995726134,-6.001621592686242,6.004864778058727,0.0016215926862424013,12.00648637074497,0.0032431853724844842,0.0,0.0032431853724844842,0.0,-0.0032431853724844842,-0.0032431853724844842,0.0,0.0,0.0,0.0,0.0,0.0,3.244807505836782e-06,0.0,5.965687258107827,5.941999755529125,7.640880929273702e-16,9.02923569245928e-16,0.8014999403369951,0.0,-6.275,6.275000000000001,0.1436140661634507,0.14361406616345046,8.938250829160624e-09,2.386515632681989e-06,0.005965697333055995,0.00595,2.7264248709579774e-06,0.005941989027069575,0.00595,0.3,0.0,0.2967568146275164,0.0
6759,6.759,6.76,-4.401411562783485,4.429009906253768,0.013799171735141336,8.830421469037253,-0.10176266193609007,0.10066974743538182,1,1,-4.401411562783485,4.429009906253768,-6.001605457569423,6.004816372708269,0.0016054575694228745,12.006421830277691,0.003210915138845997,0.0,0.003210915138845997,0.0,-0.003210915138845997,-0.003210915138845997,0.0,0.0,0.0,0.0,0.0,0.0,3.2125211317017586e-06,0.0,5.965586887863429,5.942106445190537,1.5264550149059197e-15,9.141992718397773e-16,0.8014999403183225,0.0,-6.275,6.275000000000001,0.1436140661634507,0.14361406616345046,8.940705420504498e-09,2.3872625382644224e-06,0.00596559689391438,0.00595,2.7252176478809176e-06,0.005942095824738332,0.00595,0.3,0.0,0.2967890848611549,0.0
6769,6.769,6.7700000000000005,-4.401514671610261,4.428861481685184,0.013673405037461173,8.830376153295445,-0.10175525277174885,0.10067343832509984,1,1,-4.401514671610261,4.428861481685184,-6.001589482999698,6.004768448999096,0.0015894829996989657,12.006357931998794,0.003178965999397166,0.0,0.003178965999397166,0.0,-0.003178965999397166,-0.003178965999397166,0.0,0.0,0.0,0.0,0.0,0.0,3.180556012357015e-06,0.0,5.965487204574765,5.9422120607157884,7.606762442158299e-16,7.88865500700453e-16,0.8014999402996621,0.0,-6.275,6.275000000000001,0.1436140661634507,0.14361406616345046,8.943170679339251e-09,2.3880089559360348e-06,0.0059654971420950624,0.00595,2.7240131273198464e-06,0.005942201547193024,0.00595,0.3,0.0,0.2968210340006036,0.0
6779,6.779,6.78,-4.401617146223813,4.428714703248087,0.01354877851213665,8.8303318494719,-0.101747906284754,0.1006770748284555,1,1,-4.401617146223813,4.428714703248087,-6.001573667379599,6.004721002138796,0.001573667379598298,12.006294669518395,0.003147334759197422,0.0,0.003147334759197422,0.0,-0.003147334759197422,-0.003147334759197422,0.0,0.0,0.0,0.0,0.0,0.0,3.148908951263979e-06,0.0,5.9653882045784865,5.942316612825336,9.35015953551499e-16,7.147060721024445e-16,0.8014999402810149,0.0,-6.275,6.275000000000001,0.1436140661634507,0.14361406616345046,8.945646497402386e-09,2.38875484338173e-06,0.005965398073934273,0.00595,2.7228114014343773e-06,0.005942306205164745,0.00595,0.3,0.0,0.2968526652408033,0.0
6789,6.789,6.79,-4.4017189887201456,4.428569552385405,0.01342528183262992,8.830288541105551,-0.10174062200389328,0.1006806578007527,1,1,-4.4017189887201456,4.428569552385405,-6.001558009127549,6.004674027382644,0.001558009127547777,12.006232036510193,0.003116018255096385,0.0,0.003116018255096385,0.0,-0.003116018255096385,-0.003116018255096385,0.0,0.0,0.0,0.0,0.0,0.0,3.1175767836901694e-06,0.0,5.965289884215652,5.942420112133825,5.043234167952104e-16,7.754213937616328e-16,0.801499940262382,0.0,-6.275,6.275000000000001,0.1436140661634507,0.14361406616345046,8.948132766123573e-09,2.3895001587993332e-06,0.005965299685772615,0.00595,2.7216125604678787e-06,0.005942409809278676,0.00595,0.3,0.0,0.2968839817449044,0.0
6799,6.799,6.8,-4.40182020121925,4.428426010752798,0.013302904766773871,8.830246211972048,-0.10173339946043192,0.10068418808279633,1,1,-4.40182020121925,4.428426010752798,-6.001542506677709,6.004627520033126,0.0015425066777083885,12.006170026710835,0.003085013355417549,0.0,0.003085013355417549,0.0,-0.003085013355417549,-0.003085013355417549,0.0,0.0,0.0,0.0,0.0,0.0,3.0865563763927183e-06,0.0,5.965192239832,5.942522569151119,4.90059381963448e-16,8.27463098040937e-16,0.8014999402437645,0.0,-6.275,6.275000000000001,0.1436140661634507,0.14361406616345046,8.950629376634994e-09,2.3902448608995957e-06,0.005965201973955347,0.00595,2.7204166927230487e-06,0.005942512370055111,0.00595,0.3,0.0,0.29691498664458327,0.0
6809,6.809,6.8100000000000005,-4.401920785864417,4.428284060216192,0.013181637175887495,8.830204846080608,-0.1017262381881276,0.10068766650115857,1,1,-4.401920785864417,4.428284060216192,-6.001527158479822,6.004581475439467,0.0015271584798224325,12.00610863391929,0.0030543169596451074,0.0,0.0030543169596451074,0.0,-0.0030543169596451074,-0.0030543169596451074,0.0,0.0,0.0,0.0,0.0,0.0,3.0558446273050456e-06,0.0,5.965095267778219,5.942623994283325,3.0878077872387166e-16,7.975391180803371e-16,0.8014999402251632,0.0,-6.275,6.275000000000001,0.1436140661634507,0.14361406616345046,8.953136219781633e-09,2.390988908917293e-06,0.005965104934832651,0.00595,2.7192238846174277e-06,0.0059426138979104875,0.00595,0.3,0.0,0.2969456830403557,0.0
6819,6.819,6.82,-4.40202074482154,4.428143682849353,0.013061469013906368,8.830164427670892,-0.1017191377232296,0.10069109386844188,1,1,-4.40202074482154,4.428143682849353,-6.001511962999056,6.004535888997171,0.0015119629990572037,12.006047851996227,0.003023925998113903,0.0,0.003023925998113903,0.0,-0.003023925998113903,-0.003023925998113903,0.0,0.0,0.0,0.0,0.0,0.0,3.0254384652266486e-06,0.0,5.964998964410214,5.9427243978338,2.674076238218248e-15,8.278967789099312e-16,0.8014999402065794,0.0,-6.275,6.275000000000001,0.1436140661634507,0.14361406616345046,8.955653186131536e-09,2.3917322626045654e-06,0.0059650085647599,0.00595,2.7180342206634124e-06,0.005942714403158393,0.00595,0.3,0.0,0.2969760740018869,0.0
6829,6.829,6.83,-4.4021200802784515,4.428004860931477,0.012942390326512676,8.830124941209927,-0.10171209760449301,0.10069447098353446,1,1,-4.4021200802784515,4.428004860931477,-6.001496918715851,6.004490756147554,0.0014969187158513364,12.005987674863405,0.0029938374317024564,0.0,0.0029938374317024564,0.0,-0.0029938374317024564,-0.0029938374317024564,0.0,0.0,0.0,0.0,0.0,0.0,2.9953348495159816e-06,0.0,5.964903326089365,5.942823790004175,1.4372183998467847e-15,8.38305119765792e-16,0.801499940188014,0.0,-6.275,6.275000000000001,0.1436140661634507,0.14361406616345046,8.958180165986007e-09,2.3924748822286977e-06,0.0059649128600979115,0.00595,2.716847783499343e-06,0.005942813896010581,0.00595,0.3,0.0,0.29700616256829837,0.0
6839,6.839,6.84,-4.402218794444254,4.427867576944812,0.01282439125027901,8.830086371389065,-0.10170511737318588,0.10069779863185968,1,1,-4.402218794444254,4.427867576944812,-6.001482024125765,6.004446072377294,0.0014820241257647027,12.005928096503059,0.0029640482515290536,0.0,0.0029640482515290536,0.0,-0.0029640482515290536,-0.0029640482515290536,0.0,0.0,0.0,0.0,0.0,0.0,2.965530769786387e-06,0.0,5.964808349182779,5.942922180895322,6.462048235920947e-16,8.140189911021167e-16,0.8014999401694678,0.0,-6.275,6.275000000000001,0.1436140661634507,0.14361406616345046,8.960717049389784e-09,2.393216728563237e-06,0.005964817817213212,0.00595,2.7156646539028275e-06,0.005942912386577963,0.00595,0.3,0.0,0.29703595174847175,0.0
6849,6.849,6.8500000000000005,-4.4023168895486675,4.427731813572304,0.012707462011818382,8.830048703120973,-0.10169819657309342,0.10070107758562652,1,1,-4.4023168895486675,4.427731813572304,-6.001467277739326,6.004401833217977,0.0014672777393256453,12.005869110957303,0.002934555478650852,0.0,0.002934555478650852,0.0,-0.002934555478650852,-0.002934555478650852,0.0,0.0,0.0,0.0,0.0,0.0,2.9360232456050554e-06,0.0,5.964714030063537,5.943019580508363,1.5057399771478686e-15,7.827939685345342e-16,0.801499940150942,0.0,-6.275,6.275000000000001,0.1436140661634507,0.14361406616345046,8.963263726141151e-09,2.393957762905755e-06,0.00596472343247827,0.00595,2.71448491080184e-06,0.005943009884871586,0.00595,0.3,0.0,0.2970654445213499,0.0
6859,6.859,6.86,-4.4024143678413905,4.427597553695276,0.012591592926942674,8.830011921536666,-0.10169133475052661,0.10070430860406626,1,1,-4.4024143678413905,4.427597553695276,-6.0014526780818835,6.004358034245649,0.0014526780818826524,12.005810712327532,0.0029053561637659864,0.0,0.0029053561637659864,0.0,-0.0029053561637659864,-0.0029053561637659864,0.0,0.0,0.0,0.0,0.0,0.0,2.9068093261949777e-06,0.0,5.964620365110939,5.943115998745628,2.0469737016526324e-16,7.927686285214008e-16,0.8014999401324374,0.0,-6.275,6.275000000000001,0.1436140661634507,0.14361406616345046,8.965820085802004e-09,2.3946979470667487e-06,0.005964629702271757,0.00595,2.7133086312991496e-06,0.00594310640080362,0.00595,0.3,0.0,0.2970946438362348,0.0
6869,6.869,6.87,-4.402511231591467,4.427464780391126,0.012476774399829083,8.829976011982593,-0.10168453145432688,0.10070749243367316,1,1,-4.402511231591467,4.427464780391126,-6.001438223693459,6.004314671080378,0.0014382236934595838,12.005752894773837,0.0028764473869186354,0.0,0.0028764473869186354,0.0,-0.0028764473869186354,-0.0028764473869186354,0.0,0.0,0.0,0.0,0.0,0.0,2.8778860901398686e-06,0.0,5.9645273507107355,5.943211445411631,1.0972125985553305e-15,8.001412032943023e-16,0.801499940113955,0.0,-6.275,6.275000000000001,0.1436140661634507,0.14361406616345046,8.968386017707877e-09,2.3954372433629766e-06,0.005964536622978767,0.00595,2.7121358906767592e-06,0.005943201944188314,0.00595,0.3,0.0,0.29712355261308215,0.0
6879,6.8790000000000004,6.88,-4.402607483086662,4.427333476931051,0.012362996922194558,8.829940960017712,-0.10167778623587032,0.10071062980843315,1,1,-4.402607483086662,4.427333476931051,-6.001423913128603,6.0042717393858105,0.0014239131286037932,12.005695652514413,0.002847826257207024,0.0,0.002847826257207024,0.0,-0.002847826257207024,-0.002847826257207024,0.0,0.0,0.0,0.0,0.0,0.0,2.8492506450920204e-06,0.0,5.96443498325537,5.94330593021402,1.717376241217039e-15,8.808058449272238e-16,0.8014999400954957,0.0,-6.275,6.275000000000001,0.1436140661634507,0.14361406616345046,8.970961410977941e-09,2.396175614615239e-06,0.0059644441909910625,0.00595,2.71096676241811e-06,0.00594329652474296,0.00595,0.3,0.0,0.29715217374279385,0.0
6889,6.889,6.890000000000001,-4.402703124632854,4.427203626777808,0.012250251072476903,8.829906751410661,-0.10167109864907459,0.10071372145005197,1,1,-4.402703124632854,4.427203626777808,-6.001409744956247,6.004229234868742,0.0014097449562475717,12.005638979824989,0.0028194899124943298,0.0,0.0028194899124943298,0.0,-0.0028194899124943298,-0.0028194899124943298,0.0,0.0,0.0,0.0,0.0,0.0,2.820900127483065e-06,0.0,5.964343259144189,5.943399462764525,5.421010862427522e-16,8.517492267046123e-16,0.8014999400770605,0.0,-6.275,6.275000000000001,0.1436140661634507,0.14361406616345046,8.973546154524903e-09,2.3969130241705824e-06,0.005964352402707291,0.00595,2.709801318223626e-06,0.0059433901520888404,0.00595,0.3,0.0,0.2971805100875065,0.0
6899,6.899,6.9,-4.402798158553432,4.427075213583486,0.012138527515026976,8.82987337213692,-0.10166446825039921,0.10071676806818086,1,1,-4.402798158553432,4.427075213583486,-6.001395717759561,6.004187153278684,0.0013957177595615988,12.005582871038245,0.0027914355191224673,0.0,0.0027914355191224673,0.0,-0.0027914355191224673,-0.0027914355191224673,0.0,0.0,0.0,0.0,0.0,0.0,2.792831702237615e-06,0.0,5.964252174783677,5.943492052579895,9.419548474554063e-16,9.35015953551499e-16,0.8014999400586502,0.0,-6.275,6.275000000000001,0.1436140661634507,0.14361406616345046,8.976140137064921e-09,2.397649435862332e-06,0.005964261254533213,0.00595,2.708639628041798e-06,0.00594348283575216,0.00595,0.3,0.0,0.29720856448087846,0.0
6909,6.909,6.91,-4.402892587188704,4.426948221187314,0.012027816999304886,8.82984080837602,-0.10165789459885416,0.10071977036062912,1,1,-4.402892587188704,4.426948221187314,-6.001381830135814,6.004145490407443,0.0013818301358146101,12.005527320543257,0.0027636602716287215,0.0,0.0027636602716287215,0.0,-0.0027636602716287215,-0.0027636602716287215,0.0,0.0,0.0,0.0,0.0,0.0,2.765042562489757e-06,0.0,5.964161726587671,5.943583709082827,5.31118457048653e-16,8.890457814381136e-16,0.8014999400402658,0.0,-6.275,6.275000000000001,0.1436140661634507,0.14361406616345046,8.97874324712744e-09,2.398384814045618e-06,0.005964170742881919,0.00595,2.707481760053643e-06,0.005943574585164976,0.00595,0.3,0.0,0.29723633972837216,0.0
6919,6.9190000000000005,6.92,-4.402986412895316,4.426822633613487,0.01191811035908552,8.829809046508803,-0.10165137725599682,0.10072272901358342,1,1,-4.402986412895316,4.426822633613487,-6.001368080696233,6.004104242088697,0.0013680806962321768,12.00547232278493,0.002736161392465196,0.0,0.002736161392465196,0.0,-0.002736161392465196,-0.002736161392465196,0.0,0.0,0.0,0.0,0.0,0.0,2.7375299293023574e-06,0.0,5.964071910977559,5.943674441602884,7.801495316732063e-16,9.536642309182497e-16,0.801499940021908,0.0,-6.275,6.275000000000001,0.1436140661634507,0.14361406616345046,8.981355373064971e-09,2.3991191235662903e-06,0.0059640808641740345,0.00595,2.7063277807171106e-06,0.005943665409666125,0.00595,0.3,0.0,0.29726383860753575,0.0
6929,6.929,6.93,-4.403079638045674,4.426698435069021,0.011809398511673397,8.829778073114696,-0.10164491578593976,0.10072564470181483,1,1,-4.403079638045674,4.426698435069021,-6.00135446806586,6.0040634041975816,0.0013544680658608144,12.005417872263441,0.0027089361317210597,0.0,0.0027089361317210597,0.0,-0.0027089361317210597,-0.0027089361317210597,0.0,0.0,0.0,0.0,0.0,0.0,2.710291051389171e-06,0.0,5.963982724382504,5.9437642593774065,3.426078865054194e-16,9.298117831235686e-16,0.8014999400035779,0.0,-6.275,6.275000000000001,0.1436140661634507,0.14361406616345046,8.983976403062852e-09,2.3998523297786806e-06,0.005963991614837937,0.00595,2.7051777547759672e-06,0.005943755318502129,0.00595,0.3,0.0,0.29729106386827986,0.0
6939,6.939,6.94,-4.403172265027394,4.426575609941634,0.011701672457119727,8.829747874969028,-0.10163850975535016,0.10072851808888533,1,1,-4.403172265027394,4.426575609941634,-6.001340990883423,6.004022972650271,0.001340990883424098,12.005363963533695,0.0026819817668475494,0.0,0.0026819817668475494,0.0,-0.0026819817668475494,-0.0026819817668475494,0.0,0.0,0.0,0.0,0.0,0.0,2.6833232048397062e-06,0.0,5.963894163239633,5.9438531715524086,1.052977149917922e-15,9.632052100361221e-16,0.8014999399852762,0.0,-6.275,6.275000000000001,0.1436140661634507,0.14361406616345046,8.986606225148931e-09,2.400584398543384e-06,0.005963902991309946,0.00595,2.704031745270896e-06,0.005943844320828099,0.00595,0.3,0.0,0.2973180182331534,0.0
6949,6.949,6.95,-4.403264296242735,4.426454142797646,0.011594923277455482,8.82971843904038,-0.1016321587334515,0.10073134982735099,1,1,-4.403264296242735,4.426454142797646,-6.001327647801193,6.003982943403579,0.0013276478011929882,12.005310591204772,0.0026552956023857166,0.0,0.0026552956023857166,0.0,-0.0026552956023857166,-0.0026552956023857166,0.0,0.0,0.0,0.0,0.0,0.0,2.656623692846836e-06,0.0,5.96380622399424,5.94394118718348,8.352693536828326e-16,9.614704865601453e-16,0.8014999399670037,0.0,-6.275,6.275000000000001,0.1436140661634507,0.14361406616345046,8.989244727203233e-09,2.401315296198391e-06,0.0059638149900345305,0.00595,2.7028898135794677e-06,0.00594393242570862,0.00595,0.3,0.0,0.29734470439761523,0.0
6959,6.9590000000000005,6.96,-4.4033557341080645,4.42633401837991,0.01148914213592267,8.829689752487974,-0.10162586229202547,0.10073414055895596,1,1,-4.4033557341080645,4.42633401837991,-6.001314437484849,6.003943312454545,0.0013144374848481633,12.005257749939394,0.002628874969696875,0.0,0.002628874969696875,0.0,-0.002628874969696875,-0.002628874969696875,0.0,0.0,0.0,0.0,0.0,0.0,2.6301898454371107e-06,0.0,5.9637189030999735,5.94402831523666,3.590911476589881e-16,9.926955091277279e-16,0.8014999399487615,0.0,-6.275,6.275000000000001,0.1436140661634507,0.14361406616345046,8.991891796967547e-09,2.402044989607939e-06,0.005963727607464495,0.00595,2.7017520194072554e-06,0.005944019642118652,0.00595,0.3,0.0,0.2973711250303041,0.0
6969,6.969,6.97,-4.403446581053317,4.426215221605757,0.011384320276219828,8.829661802659075,-0.10161962000541092,0.1007368909148304,1,1,-4.403446581053317,4.426215221605757,-6.001301358613348,6.003904075840043,0.0013013586133476807,12.00520543445339,0.002602717226695741,0.0,0.002602717226695741,0.0,-0.002602717226695741,-0.002602717226695741,0.0,0.0,0.0,0.0,0.0,0.0,2.6040190192037614e-06,0.0,5.9636321970190265,5.944114564589318,1.0193634944390823e-15,9.900934239137626e-16,0.80149993993055,0.0,-6.275,6.275000000000001,0.1436140661634507,0.14361406616345046,8.99454732205499e-09,2.4027734461003392e-06,0.00596364084006117,0.00595,2.7006184208211437e-06,0.005944105978944389,0.00595,0.3,0.0,0.29739728277330524,0.0
6979,6.979,6.98,-4.403536839521474,4.4260977375649775,0.01128044902175196,8.829634577086452,-0.10161343145050711,0.10073960151567612,1,1,-4.403536839521474,4.4260977375649775,-6.001288409878794,6.0038652296363795,0.0012884098787928622,12.005153639515173,0.0025768197575862144,0.0,0.0025768197575862144,0.0,-0.0025768197575862144,-0.0025768197575862144,0.0,0.0,0.0,0.0,0.0,0.0,2.5781085970423564e-06,0.0,5.96354610222232,5.944199944031018,7.085667773007454e-16,1.0451708942760263e-15,0.8014999399123705,0.0,-6.275,6.275000000000001,0.1436140661634507,0.14361406616345046,8.997211189959502e-09,2.403500633510165e-06,0.005963554684294597,0.00595,2.699489074269312e-06,0.005944191444984139,0.00595,0.3,0.0,0.2974231802424148,0.0
6989,6.989,6.99,-4.403626511968042,4.425981551517815,0.011177519774886235,8.829608063485857,-0.101607296206771,0.10074227297195953,1,1,-4.403626511968042,4.425981551517815,-6.0012755899863,6.003826769958899,0.001275589986299508,12.0051023599452,0.002551179972599803,0.0,0.002551179972599803,0.0,-0.002551179972599803,-0.002551179972599803,0.0,0.0,0.0,0.0,0.0,0.0,2.552455987889086e-06,0.0,5.9634606151896845,5.944284462264375,1.1631320906424492e-15,1.1201976846120232e-15,0.8014999398942233,0.0,-6.275,6.275000000000001,0.1436140661634507,0.14361406616345046,8.999883288065314e-09,2.4042265201671495e-06,0.005963469136643703,0.00595,2.6983640345856763e-06,0.005944276048949174,0.00595,0.3,0.0,0.2974488200274013,0.0
6999,6.9990000000000006,7.0,-4.403715600860548,4.425866648892987,0.011075524016219696,8.829582249753535,-0.10160121385621806,0.10074490588408702,1,1,-4.403715600860548,4.425866648892987,-6.001262897653868,6.003788692961605,0.0012628976538682224,12.005051590615473,0.0025257953077366425,0.0,0.0025257953077366425,0.0,-0.0025257953077366425,-0.0025257953077366425,0.0,0.0,0.0,0.0,0.0,0.0,2.5270586264616583e-06,0.0,5.963375732410018,5.944368127905911,1.0156805951844206e-15,1.0859368959614812e-15,0.8014999398761093,0.0,-6.275,6.275000000000001,0.1436140661634507,0.14361406616345046,9.002563503656333e-09,2.4049510748762027e-06,0.005963384193596476,0.00595,2.697243355025414e-06,0.0059443597994645846,0.00595,0.3,0.0,0.29747420469226443,0.0
7009,7.009,7.01,-4.403804108678039,4.4257530152857365,0.010974453303848719,8.829557123963776,-0.10159518398341838,0.10074750084259038,1,1,-4.403804108678039,4.4257530152857365,-6.001250331612255,6.003750994836764,0.0012503316122547403,12.005001326449019,0.002500663224509092,0.0,0.002500663224509092,0.0,-0.002500663224509092,-0.002500663224509092,0.0,0.0,0.0,0.0,0.0,0.0,2.501913973002766e-06,0.0,5.96329145038148,5.944450949486888,1.6349768761081407e-15,1.1102230246251565e-15,0.8014999398580296,0.0,-6.275,6.275000000000001,0.1436140661634507,0.14361406616345046,9.005251723925529e-09,2.4056742669307327e-06,0.00596329985165014,0.00595,2.696127087264966e-06,0.005944442705070121,0.00595,0.3,0.0,0.297499336775492,0.0
7019,7.019,7.0200000000000005,-4.403892037910589,4.425640636455886,0.010874299272648269,8.829532674366476,-0.10158920617550082,0.10075005842829693,1,1,-4.403892037910589,4.425640636455886,-6.001237890604844,6.003713671814531,0.0012378906048438054,12.004951562419375,0.002475781209687886,0.0,0.002475781209687886,0.0,-0.002475781209687886,-0.002475781209687886,0.0,0.0,0.0,0.0,0.0,0.0,2.47701951302611e-06,0.0,5.963207765611637,5.944532935454145,1.0417014473240727e-15,9.965986369486757e-16,0.8014999398399847,0.0,-6.275,6.275000000000001,0.1436140661634507,0.14361406616345046,9.007947835984208e-09,2.4063960661126455e-06,0.005963216107311317,0.00595,2.6950152814464447e-06,0.005944524774221033,0.00595,0.3,0.0,0.2975242187903131,0.0
7029,7.029,7.03,-4.403979391058821,4.425529498325939,0.010775053633558684,8.82950888938476,-0.1015832800221464,0.10075257921250774,1,1,-4.403979391058821,4.425529498325939,-6.001225573387525,6.003676720162576,0.0012255733875257135,12.004902293550101,0.002451146775050806,0.0,0.002451146775050806,0.0,-0.002451146775050806,-0.002451146775050806,0.0,0.0,0.0,0.0,0.0,0.0,2.4523727570649456e-06,0.0,5.963124674617637,5.944614094170934,1.3400738851920835e-15,1.0443035325380379e-15,0.8014999398219752,0.0,-6.275,6.275000000000001,0.1436140661634507,0.14361406616345046,9.010651726871297e-09,2.4071164426723632e-06,0.005963132957096185,0.00595,2.6939079861754147e-06,0.005944606015288887,0.00595,0.3,0.0,0.2975488532249502,0.0
7039,7.039000000000001,7.04,-4.40406617063343,4.425419586979184,0.010676708172876914,8.829485757612614,-0.10157740511558794,0.10075506375716053,1,1,-4.40406617063343,4.425419586979184,-6.0012133787285675,6.003640136185701,0.0012133787285666386,12.004853514914268,0.0024267574571338597,0.0,0.0024267574571338597,0.0,-0.0024267574571338597,-0.0024267574571338597,0.0,0.0,0.0,0.0,0.0,0.0,2.4279712404231384e-06,0.0,5.963042173926355,5.944694433917707,8.94249951866044e-16,1.0820337681405334e-15,0.8014999398040021,0.0,-6.275,6.275000000000001,0.1436140661634507,0.14361406616345046,9.013363283562533e-09,2.407835367353247e-06,0.005963050397530641,0.00595,2.6928052485386544e-06,0.0059446864365623854,0.00595,0.3,0.0,0.2975732425428672,0.0
7049,7.049,7.05,-4.4041523791547155,4.4253108886578305,0.01057925475155752,8.829463267812546,-0.1015715810506071,0.10075751261500177,1,1,-4.4041523791547155,4.4253108886578305,-6.001201305408492,6.003603916225477,0.0012013054084922814,12.00480522163397,0.0024026108169849314,0.0,0.0024026108169849314,0.0,-0.0024026108169849314,-0.0024026108169849314,0.0,0.0,0.0,0.0,0.0,0.0,2.403812522928689e-06,0.0,5.962960260074556,5.944773962892963,1.2895280410976304e-15,1.0902737046514233e-15,0.801499939786066,0.0,-6.275,6.275000000000001,0.1436140661634507,0.14361406616345046,9.016082392979625e-09,2.408552811362732e-06,0.0059629684251504556,0.00595,2.6917071141396852e-06,0.005944766046248179,0.00595,0.3,0.0,0.29759738918301615,0.0
7059,7.059,7.0600000000000005,-4.40423801915213,4.425203389761164,0.010482685304516792,8.829441408913294,-0.10156580742453403,0.10075992632974318,1,1,-4.40423801915213,4.425203389761164,-6.00118935221996,6.00356805665988,0.0011893522199599715,12.00475740887984,0.0023787044399198845,0.0,0.0023787044399198845,0.0,-0.0023787044399198845,-0.0023787044399198845,0.0,0.0,0.0,0.0,0.0,0.0,2.379894188689717e-06,0.0,5.962878929609041,5.944852689214024,7.754213937616328e-16,1.0516761073109393e-15,0.8014999397681677,0.0,-6.275,6.275000000000001,0.1436140661634507,0.14361406616345046,9.018808941999354e-09,2.409268746383428e-06,0.0059628870365014165,0.00595,2.690613627118754e-06,0.005944844852471678,0.00595,0.3,0.0,0.29762129556008116,0.0
7069,7.069,7.07,-4.404323093163821,4.425097076843721,0.010386991839949733,8.829420170007541,-0.10156008383724019,0.100762305436225,1,1,-4.404323093163821,4.425097076843721,-6.0011775179676405,6.003532553902922,0.00117751796764054,12.004710071870562,0.00235503593528109,0.0,0.00235503593528109,0.0,-0.00235503593528109,-0.00235503593528109,0.0,0.0,0.0,0.0,0.0,0.0,2.356213845852866e-06,0.0,5.96279817908679,5.944930620917834,3.831299427020651e-17,9.536642309182497e-16,0.8014999397503078,0.0,-6.275,6.275000000000001,0.1436140661634507,0.14361406616345046,9.021542817462631e-09,2.409983144568682e-06,0.005962806228139482,0.00595,2.6895248301306297e-06,0.005944922863277824,0.00595,0.3,0.0,0.29764496406471985,0.0
7079,7.079,7.08,-4.4044076037362005,4.4249919366134876,0.010292166438643502,8.829399540349687,-0.10155440989113834,0.10076465046057248,1,1,-4.4044076037362005,4.4249919366134876,-6.001165801468099,6.003497404404298,0.0011658014680993034,12.004663205872397,0.0023316029361983596,0.0,0.0023316029361983596,0.0,-0.0023316029361983596,-0.0023316029361983596,0.0,0.0,0.0,0.0,0.0,0.0,2.332769126364118e-06,0.0,5.962718005075101,5.945007765961748,8.117472487375807e-16,9.185360805297194e-16,0.8014999397324869,0.0,-6.275,6.275000000000001,0.1436140661634507,0.14361406616345046,9.02428390618349e-09,2.4106959785336927e-06,0.00596272599663091,0.00595,2.6884407644334196e-06,0.0059450000866318985,0.00595,0.3,0.0,0.29766839706380255,0.0
7089,7.089,7.09,-4.404491553423498,4.424887955930121,0.010198201253311279,8.829379509353618,-0.10154878519117755,0.10076696192034607,1,1,-4.404491553423498,4.424887955930121,-6.001154201549676,6.0034626046490285,0.0011542015496761593,12.004616806198705,0.0023084030993522583,0.0,0.0023084030993522583,0.0,-0.0023084030993522583,-0.0023084030993522583,0.0,0.0,0.0,0.0,0.0,0.0,2.3095576857319872e-06,0.0,5.962638404151736,5.945084132224306,4.0803271135134156e-16,8.83407930141189e-16,0.8014999397147059,0.0,-6.275,6.275000000000001,0.1436140661634507,0.14361406616345046,9.027032094958047e-09,2.4114072213732774e-06,0.005962646338552414,0.00595,2.68736146983084e-06,0.005945076530420288,0.00595,0.3,0.0,0.2976915969006486,0.0
7099,7.099,7.1000000000000005,-4.4045749447873455,4.424785121803183,0.01010508850791858,8.829360066590528,-0.10154320934483763,0.10076924032469597,1,1,-4.4045749447873455,4.424785121803183,-6.001142717052369,6.0034281511571095,0.0011427170523701236,12.004570868209479,0.002285434104739767,0.0,0.002285434104739767,0.0,-0.002285434104739767,-0.002285434104739767,0.0,0.0,0.0,0.0,0.0,0.0,2.2865772027930667e-06,0.0,5.962559372905049,5.945159727506011,6.817463260588852e-16,8.521829075736065e-16,0.8014999396969652,0.0,-6.275,6.275000000000001,0.1436140661634507,0.14361406616345046,9.029787270573391e-09,2.4121168466241206e-06,0.005962567250491278,0.00595,2.686286984767694e-06,0.005945152202451266,0.00595,0.3,0.0,0.2977145658952611,0.0
7109,7.109,7.11,-4.404657780396354,4.424683421390404,0.010012820497025121,8.829341201786757,-0.10153768196212831,0.10077148617450682,1,1,-4.404657780396354,4.424683421390404,-6.001131346827721,6.003394040483164,0.0011313468277212024,12.004525387310885,0.0022626936554422856,0.0,0.0022626936554422856,0.0,-0.0022626936554422856,-0.0022626936554422856,0.0,0.0,0.0,0.0,0.0,0.0,2.2638253794799137e-06,0.0,5.9624809079341174,5.9452345595300855,1.0321604682062002e-15,9.354496344204932e-16,0.8014999396792657,0.0,-6.275,6.275000000000001,0.1436140661634507,0.14361406616345046,9.032549319816431e-09,2.4128248282958634e-06,0.005962488729045504,0.00595,2.6852173462765806e-06,0.005945227110455743,0.00595,0.3,0.0,0.29773730634455864,0.0
7119,7.119,7.12,-4.404740062825703,4.4245828419959645,0.009921389585130669,8.829322904821668,-0.10153220265558094,0.10077369996254248,1,1,-4.404740062825703,4.4245828419959645,-6.0011200897386985,6.003360269216094,0.0011200897386975939,12.004480358954792,0.002240179477395933,0.0,0.002240179477395933,0.0,-0.002240179477395933,-0.002240179477395933,0.0,0.0,0.0,0.0,0.0,0.0,2.2412999405912364e-06,0.0,5.962403005848865,5.945308635943227,1.2342557531574982e-15,9.115971866258121e-16,0.8014999396616079,0.0,-6.275,6.275000000000001,0.1436140661634507,0.14361406616345046,9.035318129482677e-09,2.413531140846678e-06,0.005962410770823924,0.00595,2.684152590057831e-06,0.005945301262088041,0.00595,0.3,0.0,0.29775982052260497,0.0
7129,7.1290000000000004,7.13,-4.404821794656737,4.424483371068791,0.009830788206027119,8.829305165725529,-0.10152677104024566,0.10077588217359046,1,1,-4.404821794656737,4.424483371068791,-6.001108944659582,6.003326833978746,0.0011089446595820007,12.004435778638328,0.002217889319164141,0.0,0.002217889319164141,0.0,-0.002217889319164141,-0.002217889319164141,0.0,0.0,0.0,0.0,0.0,0.0,2.2189986335643737e-06,0.0,5.96232566327019,5.945381964316356,1.1509890263106115e-15,9.168013570537425e-16,0.8014999396439925,0.0,-6.275,6.275000000000001,0.1436140661634507,0.14361406616345046,9.038093586385002e-09,2.414235759189928e-06,0.005962333372446337,0.00595,2.6830927504617464e-06,0.005945374664926627,0.00595,0.3,0.0,0.29778211068083676,0.0
7139,7.139,7.140000000000001,-4.404902978476572,4.42438499620088,0.009741008862154121,8.829287974677452,-0.10152138673368644,0.10077803328459978,1,1,-4.404902978476572,4.42438499620088,-6.001097910475856,6.0032937314275685,0.0010979104758561675,12.004391641903425,0.0021958209517125137,0.0,0.0021958209517125137,0.0,-0.0021958209517125137,-0.0021958209517125137,0.0,0.0,0.0,0.0,0.0,0.0,2.1969192282500394e-06,0.0,5.962248876830083,5.945454552145367,1.0451708942760263e-15,9.558326352632207e-16,0.80149993962642,0.0,-6.275,6.275000000000001,0.1436140661634507,0.14361406616345046,9.040875577362298e-09,2.4149386586897286e-06,0.005962256530543616,0.00595,2.682037860517461e-06,0.005945447326474858,0.00595,0.3,0.0,0.29780417904828843,0.0
7149,7.149,7.15,-4.4049836168777015,4.424287705125637,0.009652044123967585,8.829271322003338,-0.10151604935597358,0.1007801537648162,1,1,-4.4049836168777015,4.424287705125637,-6.001086986084093,6.0032609582522785,0.0010869860840925227,12.004347944336372,0.002173972168185914,0.0,0.002173972168185914,0.0,-0.002173972168185914,-0.002173972168185914,0.0,0.0,0.0,0.0,0.0,0.0,2.1750595166893025e-06,0.0,5.962172643171743,5.94552640685185,7.408378855581869e-16,9.24173931826644e-16,0.8014999396088911,0.0,-6.275,6.275000000000001,0.1436140661634507,0.14361406616345046,9.04366398928813e-09,2.4156398151609446e-06,0.005962180241757833,0.00595,2.680987951952929e-06,0.0059455192541617245,0.00595,0.3,0.0,0.297826027831815,0.0
7159,7.159,7.16,-4.40506371245762,4.424191485716234,0.00956388662930685,8.829255198173854,-0.10151075852968094,0.1007822440759179,1,1,-4.40506371245762,4.424191485716234,-6.001076170391844,6.003228511175532,0.0010761703918440446,12.004304681567376,0.002152340783687782,0.0,0.002152340783687782,0.0,-0.002152340783687782,-0.002152340783687782,0.0,0.0,0.0,0.0,0.0,0.0,2.1534173128927894e-06,0.0,5.9620969589496875,5.945597535783819,1.2439805384249249e-15,9.141992718397773e-16,0.8014999395914064,0.0,-6.275,6.275000000000001,0.1436140661634507,0.14361406616345046,9.046458709079301e-09,2.4163392048558713e-06,0.00596210450274237,0.00595,2.6799430552171267e-06,0.0059455904553425655,0.00595,0.3,0.0,0.2978476592163131,0.0
7169,7.1690000000000005,7.17,-4.405143267818445,4.4240963259839905,0.009476529082772966,8.829239593802434,-0.1015055138798776,0.1007843046721485,1,1,-4.405143267818445,4.4240963259839905,-6.0010654623175315,6.003196386952593,0.0010654623175305744,12.004261849270124,0.0021309246350616436,0.0,0.0021309246350616436,0.0,-0.0021309246350616436,-0.0021309246350616436,0.0,0.0,0.0,0.0,0.0,0.0,2.131990452622087e-06,0.0,5.962021820829864,5.945667946216444,7.849623728795052e-16,9.389190813724468e-16,0.8014999395739664,0.0,-6.275,6.275000000000001,0.1436140661634507,0.14361406616345046,9.049259623704373e-09,2.4170368044664513e-06,0.005962029310162029,0.00595,2.678903199491156e-06,0.005945660937299803,0.00595,0.3,0.0,0.2978690753649393,0.0
7179,7.179,7.18,-4.405222285566548,4.42400221407677,0.00938996425511096,8.829224499643319,-0.10150031503412149,0.10078633600044268,1,1,-4.405222285566548,4.42400221407677,-6.001054860790338,6.003164582371013,0.001054860790337564,12.00421944316135,0.002109721580674787,0.0,0.002109721580674787,0.0,-0.002109721580674787,-0.002109721580674787,0.0,0.0,0.0,0.0,0.0,0.0,2.1107767931733107e-06,0.0,5.961947225489755,5.945737645352744,9.896597430447684e-16,9.913944665207453e-16,0.8014999395565717,0.0,-6.275,6.275000000000001,0.1436140661634507,0.14361406616345046,9.05206662019215e-09,2.4177325911309376e-06,0.00596195466069313,0.00595,2.67786841271489e-06,0.005945730707243643,0.00595,0.3,0.0,0.2978902784193262,0.0
7189,7.189,7.19,-4.405300768312201,4.423909138277395,0.009304184982596997,8.829209906589597,-0.10149516162245631,0.10078833850055674,1,1,-4.405300768312201,4.423909138277395,-6.0010443647501015,6.003133094250306,0.001044364750102389,12.004177459000408,0.0020887295002041044,0.0,0.0020887295002041044,0.0,-0.0020887295002041044,-0.0020887295002041044,0.0,0.0,0.0,0.0,0.0,0.0,2.089774213162838e-06,0.0,5.961873169618482,5.945806640324309,1.7390602846667491e-15,1.0473392986209973e-15,0.8014999395392229,0.0,-6.275,6.275000000000001,0.1436140661634507,0.14361406616345046,9.054879585640072e-09,2.4184265424205717e-06,0.005961880551023629,0.00595,2.6768387216002945e-06,0.005945799772312781,0.00595,0.3,0.0,0.29791127049979693,0.0
7199,7.199,7.2,-4.405378718669211,4.423817087002084,0.009219184166436634,8.829195805671295,-0.10149005327740018,0.10079031260518845,1,1,-4.405378718669211,4.423817087002084,-6.001033973147212,6.003101919441637,0.0010339731472122082,12.004135892588849,0.0020679462944240556,0.0,0.0020679462944240556,0.0,-0.0020679462944240556,-0.0020679462944240556,0.0,0.0,0.0,0.0,0.0,0.0,2.0689806123151657e-06,0.0,5.961799649916903,5.945874938191999,6.626643678231403e-16,1.0824674490095276e-15,0.8014999395219207,0.0,-6.275,6.275000000000001,0.1436140661634507,0.14361406616345046,9.057698407222583e-09,2.4191186363262594e-06,0.005961806977853206,0.00595,2.6758141516580735e-06,0.0059458681395751205,0.00595,0.3,0.0,0.297932053705577,0.0
7209,7.2090000000000005,7.21,-4.405456139254581,4.423726048798903,0.009134954772160864,8.829182188053483,-0.10148498963394315,0.10079225874010278,1,1,-4.405456139254581,4.423726048798903,-6.001023684942498,6.003071054827495,0.0010236849424982708,12.004094739769993,0.0020473698849967437,0.0,0.0020473698849967437,0.0,-0.0020473698849967437,-0.0020473698849967437,0.0,0.0,0.0,0.0,0.0,0.0,2.0483939112528806e-06,0.0,5.961726663097712,5.945942545946616,1.0460382560140147e-15,1.0902737046514233e-15,0.8014999395046652,0.0,-6.275,6.275000000000001,0.1436140661634507,0.14361406616345046,9.060522972199437e-09,2.419808851282995e-06,0.005961733937893367,0.00595,2.674794727202112e-06,0.005945935816028442,0.00595,0.3,0.0,0.29795263011500434,0.0
7219,7.219,7.22,-4.405533032688167,4.423636012346237,0.009051489829035031,8.829169045034405,-0.1014799703295366,0.10079417732425044,1,1,-4.405533032688167,4.423636012346237,-6.001013499107132,6.003040497321396,0.0010134991071319988,12.004053996428528,0.002026998214264079,0.0,0.002026998214264079,0.0,-0.002026998214264079,-0.002026998214264079,0.0,0.0,0.0,0.0,0.0,0.0,2.0280120512887223e-06,0.0,5.96165420588553,5.9460094705096225,2.6420821097345587e-16,1.0807327255335508e-15,0.8014999394874575,0.0,-6.275,6.275000000000001,0.1436140661634507,0.14361406616345046,9.063353167923931e-09,2.4204971661409984e-06,0.005961661427867534,0.00595,2.6737804713872217e-06,0.005946002808601105,0.00595,0.3,0.0,0.297973001785737,0.0
7229,7.229,7.23,-4.40560940159234,4.42354696645128,0.008968782429469968,8.82915636804362,-0.10147499500408802,0.10079606876988473,1,1,-4.40560940159234,4.42354696645128,-6.001003414622521,6.003010243867563,0.0010034146225210705,12.004013658490084,0.002006829245042012,0.0,0.002006829245042012,0.0,-0.002006829245042012,-0.002006829245042012,0.0,0.0,0.0,0.0,0.0,0.0,2.007832994219709e-06,0.0,5.961582275016994,5.946075718733788,6.218983661376853e-16,1.0924421089963943e-15,0.8014999394702976,0.0,-6.275,6.275000000000001,0.1436140661634507,0.14361406616345046,9.066188881851107e-09,2.421183560181256e-06,0.005961589444511139,0.00595,2.6727714062046994e-06,0.005946069124152723,0.00595,0.3,0.0,0.29799317075495907,0.0
7239,7.239,7.24,-4.405685248591665,4.423458900048541,0.00888682572843802,8.829144148640205,-0.10147006329995378,0.1007979334826753,1,1,-4.405685248591665,4.423458900048541,-6.000993430480209,6.002980291440625,0.0009934304802081684,12.003973721920834,0.001986860960416813,0.0,0.001986860960416813,0.0,-0.001986860960416813,-0.001986860960416813,0.0,0.0,0.0,0.0,0.0,0.0,1.9878547221233173e-06,0.0,5.961510867240847,5.946141297403879,2.370499629922307e-15,1.0312931064682118e-15,0.8014999394531863,0.0,-6.275,6.275000000000001,0.1436140661634507,0.14361406616345046,9.069030001545881e-09,2.4218680130955364e-06,0.005961517984571714,0.00595,2.6717675525245175e-06,0.005946134769474833,0.00595,0.3,0.0,0.2980131390395842,0.0
7249,7.2490000000000006,7.25,-4.405760576312568,4.423371802198368,0.008805612942899721,8.829132378510936,-0.10146517486192969,0.10079977186182615,1,1,-4.405760576312568,4.423371802198368,-6.0009835456817715,6.0029506370453145,0.0009835456817715027,12.003934182727086,0.001967091363543378,0.0,0.001967091363543378,0.0,-0.001967091363543378,-0.001967091363543378,0.0,0.0,0.0,0.0,0.0,0.0,1.968075237155689e-06,0.0,5.961439979318023,5.946206213237332,6.938775319294613e-16,1.0386656812411132e-15,0.801499939436124,0.0,-6.275,6.275000000000001,0.1436140661634507,0.14361406616345046,9.071876414691125e-09,2.422550504993054e-06,0.0059614470448089655,0.00595,2.670768930093104e-06,0.00594619975129157,0.00595,0.3,0.0,0.29803290863645765,0.0
7259,7.259,7.26,-4.405835387383036,4.423285662085491,0.008725137351227819,8.829121049468526,-0.10146032933724486,0.10080158430018193,1,1,-4.405835387383036,4.423285662085491,-6.000973759238723,6.002921277716168,0.0009737592387226712,12.00389503695489,0.001947518477445546,0.0,0.001947518477445546,0.0,-0.001947518477445546,-0.001947518477445546,0.0,0.0,0.0,0.0,0.0,0.0,1.948492561351845e-06,0.0,5.961369608021723,5.946270472884887,1.2307863062055446e-15,1.091791587692903e-15,0.8014999394191112,0.0,-6.275,6.275000000000001,0.1436140661634507,0.14361406616345046,9.074728009095671e-09,2.423231016396026e-06,0.005961376621994868,0.00595,2.6697755575644246e-06,0.005946264076260316,0.00595,0.3,0.0,0.29805248152255553,0.0
7269,7.269,7.2700000000000005,-4.40590968443229,4.423200469017582,0.008645392292645937,8.829110153449871,-0.10145552637555233,0.10080337118433647,1,1,-4.40590968443229,4.423200469017582,-6.00096407017241,6.002892210517228,0.0009640701724089595,12.003856280689638,0.0019281403448183957,0.0,0.0019281403448183957,0.0,-0.0019281403448183957,-0.0019281403448183957,0.0,0.0,0.0,0.0,0.0,0.0,1.9291047364278847e-06,0.0,5.961299750137503,5.946334082931265,4.839878497975292e-16,1.1427490897997217e-15,0.8014999394021485,0.0,-6.275,6.275000000000001,0.1436140661634507,0.14361406616345046,9.0775846727023e-09,2.4239095282374517e-06,0.005961306712913736,0.00595,2.668787452515531e-06,0.00594632775097237,0.00595,0.3,0.0,0.29807185965518274,0.0
7279,7.279,7.28,-4.405983470090495,4.423116212423827,0.00856637116666592,8.829099682514322,-0.10145076562892208,0.10080513289474485,1,1,-4.405983470090495,4.423116212423827,-6.000954477513916,6.002863432541749,0.0009544775139165296,12.003817910055664,0.0019089550278325162,0.0,0.0019089550278325162,0.0,-0.0019089550278325162,-0.0019089550278325162,0.0,0.0,0.0,0.0,0.0,0.0,1.90990982358516e-06,0.0,5.961230402463341,5.946397049895804,6.434087678332083e-16,1.177877240188252e-15,0.8014999393852361,0.0,-6.275,6.275000000000001,0.1436140661634507,0.14361406616345046,9.080446293595615e-09,2.424586021854454e-06,0.005961237314362304,0.00595,2.66780463145988e-06,0.005946390781953573,0.00595,0.3,0.0,0.29809104497216865,0.0
7289,7.289000000000001,7.29,-4.406056746988458,4.423032881853521,0.008488067432531388,8.82908962884198,-0.101446046751833,0.10080686980582398,1,1,-4.406056746988458,4.423032881853521,-6.00094498030397,6.00283494091191,0.0009449803039700555,12.00377992121588,0.001889960607940221,0.0,0.001889960607940221,0.0,-0.001889960607940221,-0.001889960607940221,0.0,0.0,0.0,0.0,0.0,0.0,1.89090590331639e-06,0.0,5.961161561809718,5.946459380233099,1.0464702428171144e-15,1.1646499736839289e-15,0.8014999393683747,0.0,-6.275,6.275000000000001,0.1436140661634507,0.14361406616345046,9.083312760009913e-09,2.4252604789816137e-06,0.005961168423149797,0.00595,2.666827109880643e-06,0.005946453175664967,0.00595,0.3,0.0,0.29811003939206093,0.0
7299,7.299,7.3,-4.406129517757332,4.422950466974677,0.008410474608672391,8.829079984732008,-0.10144136940116011,0.10080858228605521,1,1,-4.406129517757332,4.422950466974677,-6.000935577592841,6.0028067327785255,0.0009355775928421295,12.003742310371367,0.0018711551856836924,0.0,0.0018711551856836924,0.0,-0.0018711551856836924,-0.0018711551856836924,0.0,0.0,0.0,0.0,0.0,0.0,1.8720910752137125e-06,0.0,5.961093224999677,5.946521080333642,1.1275702593849246e-15,1.2097527840593258e-15,0.8014999393515646,0.0,-6.275,6.275000000000001,0.1436140661634507,0.14361406616345046,9.086183960336966e-09,2.425932881759856e-06,0.005961100036098002,0.00595,2.665854902224041e-06,0.005946514938503425,0.00595,0.3,0.0,0.2981288448143175,0.0
7309,7.309,7.3100000000000005,-4.406201785028338,4.422868957572652,0.008333586272156968,8.82907074260099,-0.1014367332361743,0.10081027069808846,1,1,-4.406201785028338,4.422868957572652,-6.000926268440252,6.002778805320758,0.0009262684402528976,12.00370507376101,0.0018525368805050334,0.0,0.0018525368805050334,0.0,-0.0018525368805050334,-0.0018525368805050334,0.0,0.0,0.0,0.0,0.0,0.0,1.8534634577786374e-06,0.0,5.961025388868907,5.946582156524441,6.921927833973725e-16,1.1811298467057085e-15,0.8014999393348063,0.0,-6.275,6.275000000000001,0.1436140661634507,0.14361406616345046,9.089059783133746e-09,2.4266032127231243e-06,0.005961032150041337,0.00595,2.6648880219282136e-06,0.005946576076802281,0.00595,0.3,0.0,0.29814746311949614,0.0
7319,7.319,7.32,-4.406273551432477,4.422788343548785,0.008257396058153788,8.829061894981262,-0.10143213791852457,0.10081193539883904,1,1,-4.406273551432477,4.422788343548785,-6.000917051915279,6.0027511557458375,0.0009170519152794654,12.003668207661116,0.0018341038305582109,0.0,0.0018341038305582109,0.0,-0.0018341038305582109,-0.0018341038305582109,0.0,0.0,0.0,0.0,0.0,0.0,1.8350211882338982e-06,0.0,5.960958050265795,5.946642615069654,1.2021633688519273e-15,1.222980050563649e-15,0.8014999393181004,0.0,-6.275,6.275000000000001,0.1436140661634507,0.14361406616345046,9.0919401171301e-09,2.427271454793941e-06,0.005960964761826919,0.00595,2.6639264814476428e-06,0.005946636596831946,0.00595,0.3,0.0,0.298165896169443,0.0
7329,7.329,7.33,-4.406344819600263,4.422708614919059,0.008181897659397919,8.829053434519322,-0.10142758311223465,0.10081357673958735,1,1,-4.406344819600263,4.422708614919059,-6.000907927096261,6.002723781288784,0.0009079270962617514,12.003631708385045,0.001815854192522869,0.0,0.001815854192522869,0.0,-0.001815854192522869,-0.001815854192522869,0.0,0.0,0.0,0.0,0.0,0.0,1.8167624223371718e-06,0.0,5.960891206051496,5.946702462171192,7.797582024515748e-16,1.309065703058998e-15,0.8014999393014469,0.0,-6.275,6.275000000000001,0.1436140661634507,0.14361406616345046,9.094824851236363e-09,2.4279375912900675e-06,0.0059608978683146204,0.00595,2.6629702922664757e-06,0.005946696504800526,0.00595,0.3,0.0,0.29818414580747843,0.0
7339,7.339,7.34,-4.40641559216145,4.422629761812773,0.00810708482566147,8.829045353974223,-0.1014230684836917,0.10081519506607045,1,1,-4.40641559216145,4.422629761812773,-6.00089889307071,6.00269667921213,0.0008988930707101161,12.00359557228284,0.0017977861414199964,0.0,0.0017977861414199964,0.0,-0.0017977861414199964,-0.0017977861414199964,0.0,0.0,0.0,0.0,0.0,0.0,1.7986853341966529e-06,0.0,5.960824853099986,5.94676170396934,7.721899630678576e-16,1.3183898417423734e-15,0.8014999392848466,0.0,-6.275,6.275000000000001,0.1436140661634507,0.14361406616345046,9.097713874550906e-09,2.428601605908963e-06,0.005960831466377138,0.00595,2.6620194649118466e-06,0.005946755806854444,0.00595,0.3,0.0,0.2982022138585813,0.0
7349,7.349,7.3500000000000005,-4.4064858717447635,4.422551774471228,0.008032951363232232,8.82903764621599,-0.10141859370163764,0.1008167907185803,1,1,-4.4064858717447635,4.422551774471228,-6.000889948935215,6.002669846805644,0.0008899489352147683,12.003559795740859,0.0017798978704294257,0.0,0.0017798978704294257,0.0,-0.0017798978704294257,-0.0017798978704294257,0.0,0.0,0.0,0.0,0.0,0.0,1.780788116088463e-06,0.0,5.960758988298132,5.946820346543355,8.927727264060326e-16,1.2769733187534271e-15,0.8014999392682997,0.0,-6.275,6.275000000000001,0.1436140661634507,0.14361406616345046,9.100607076367634e-09,2.4292634827344445e-06,0.00596076555290004,0.00595,2.6610740089716425e-06,0.0059468145090790315,0.00595,0.3,0.0,0.29822010212957184,0.0
7359,7.359,7.36,-4.406555660977655,4.422474643246435,0.007959491134390095,8.82903030422409,-0.10141415843716084,0.10081836403205396,1,1,-4.406555660977655,4.422474643246435,-6.000881093795355,6.002643281386064,0.0008810937953542819,12.003524375181419,0.0017621875907091514,0.0,0.0017621875907091514,0.0,-0.0017621875907091514,-0.0017621875907091514,0.0,0.0,0.0,0.0,0.0,0.0,1.7630689782758772e-06,0.0,5.960693608545733,5.946878395912063,1.0213015058224e-15,1.3092825434934952e-15,0.8014999392518066,0.0,-6.275,6.275000000000001,0.1436140661634507,0.14361406616345046,9.103504346183415e-09,2.4299232062211437e-06,0.005960700124781835,0.00595,2.660133933116704e-06,0.005946872617499133,0.00595,0.3,0.0,0.29823781240929215,0.0
7369,7.369,7.37,-4.406624962486035,4.422398358599833,0.00788669805689901,8.829023321085867,-0.10140976236368338,0.10081991533616164,1,1,-4.406624962486035,4.422398358599833,-6.000872326765608,6.002616980296825,0.0008723267656085554,12.003489307062432,0.0017446535312164422,0.0,0.0017446535312164422,0.0,-0.0017446535312164422,-0.0017446535312164422,0.0,0.0,0.0,0.0,0.0,0.0,1.7455261488303475e-06,0.0,5.960628710755586,5.946935858034459,6.643990912991171e-16,1.274371233539462e-15,0.8014999392353678,0.0,-6.275,6.275000000000001,0.1436140661634507,0.14361406616345046,9.106405573705455e-09,2.4305807612100507e-06,0.005960635178934016,0.00595,2.6591992451163726e-06,0.005946930138079699,0.00595,0.3,0.0,0.2982553464687848,0.0
7379,7.3790000000000004,7.38,-4.406693778894036,4.4223229111010225,0.007814566103493181,8.829016689995058,-0.10140540515695573,0.1008214449554018,1,1,-4.406693778894036,4.4223229111010225,-6.0008636469692656,6.002590940907797,0.0008636469692655524,12.003454587877062,0.001727293938530738,0.0,0.001727293938530738,0.0,-0.001727293938530738,-0.001727293938530738,0.0,0.0,0.0,0.0,0.0,0.0,1.7281578734543114e-06,0.0,5.960564291853527,5.946992738810284,1.1534928557026952e-15,1.2984405217686401e-15,0.8014999392189834,0.0,-6.275,6.275000000000001,0.1436140661634507,0.14361406616345046,9.109310648858606e-09,2.431236132899647e-06,0.005960570712281112,0.00595,2.6582699518429286e-06,0.00594698707672637,0.00595,0.3,0.0,0.29827270606147055,0.0
7389,7.389,7.390000000000001,-4.406762112823765,4.422248291426516,0.007743089301375683,8.829010404250281,-0.10140108649504292,0.100822953209182,1,1,-4.406762112823765,4.422248291426516,-6.000855053538339,6.002565160615018,0.0008550535383395896,12.003420214153357,0.001710107076678303,0.0,0.001710107076678303,0.0,-0.001710107076678303,-0.001710107076678303,0.0,0.0,0.0,0.0,0.0,0.0,1.7109624153057572e-06,0.0,5.960500348778481,5.947049044080617,1.2230478131994293e-15,1.2886827022162706e-15,0.8014999392026542,0.0,-6.275,6.275000000000001,0.1436140661634507,0.14361406616345046,9.112219461792628e-09,2.4318893068681117e-06,0.0059605067217607405,0.00595,2.6573460593071196e-06,0.005947043439286062,0.00595,0.3,0.0,0.298289892923323,0.0
7399,7.399,7.4,-4.4068299668950655,4.422174490358504,0.00767226173171931,8.82900445725357,-0.10139680605831813,0.10082444041190713,1,1,-4.4068299668950655,4.422174490358504,-6.00084654561348,6.002539636840438,0.0008465456134789662,12.003386182453918,0.0016930912269586301,0.0,0.0016930912269586301,0.0,-0.0016930912269586301,-0.0016930912269586301,0.0,0.0,0.0,0.0,0.0,0.0,1.6939380548245404e-06,0.0,5.960436878482518,5.947104779628438,7.553814412625433e-16,1.3084151817555068e-15,0.8014999391863801,0.0,-6.275,6.275000000000001,0.1436140661634507,0.14361406616345046,9.11513190288936e-09,2.432540269055557e-06,0.005960443204323649,0.00595,2.6564275726603805e-06,0.005947099231547545,0.00595,0.3,0.0,0.29830690877304267,0.0
7409,7.409,7.41,-4.40689734372529,4.422101498783629,0.007602077529169637,8.82899884250892,-0.10139256352945131,0.10082590687306492,1,1,-4.40689734372529,4.422101498783629,-6.000838122343887,6.002514367031659,0.0008381223438860275,12.003352489375546,0.0016762446877725669,0.0,0.0016762446877725669,0.0,-0.0016762446877725669,-0.0016762446877725669,0.0,0.0,0.0,0.0,0.0,0.0,1.6770830895604255e-06,0.0,5.960373877930883,5.947159951179213,9.081277396738585e-16,1.3446275343165226e-15,0.8014999391701617,0.0,-6.275,6.275000000000001,0.1436140661634507,0.14361406616345046,9.118047862769866e-09,2.4331890057573666e-06,0.005960380156933768,0.00595,2.6555144962259192e-06,0.005947154459242007,0.00595,0.3,0.0,0.29832375531222877,0.0
7419,7.4190000000000005,7.42,-4.406964245929063,4.422029307691783,0.007532530881360078,8.828993553620847,-0.10138835859339806,0.10082735289730305,1,1,-4.406964245929063,4.422029307691783,-6.000829782887227,6.002489348661678,0.0008297828872256829,12.003319131548905,0.0016595657744521558,0.0,0.0016595657744521558,0.0,-0.0016595657744521558,-0.0016595657744521558,0.0,0.0,0.0,0.0,0.0,0.0,1.6603958340028403e-06,0.0,5.960311344102043,5.94721456440144,4.115589095107612e-16,1.4005723664167746e-15,0.8014999391539993,0.0,-6.275,6.275000000000001,0.1436140661634507,0.14361406616345046,9.120967232301493e-09,2.433835503639739e-06,0.005960317576568241,0.00595,2.654606833492057e-06,0.0059472091280436176,0.00595,0.3,0.0,0.29834043422554923,0.0
7429,7.429,7.43,-4.407030676118072,4.421957908174914,0.0074636160284207165,8.828988584292986,-0.10138419093739165,0.10082877878451885,1,1,-4.407030676118072,4.421957908174914,-6.0008215264095455,6.002464579228638,0.0008215264095463581,12.003286105638184,0.0016430528190921664,0.0,0.0016430528190921664,0.0,-0.0016430528190921664,-0.0016430528190921664,0.0,0.0,0.0,0.0,0.0,0.0,1.6438746194123233e-06,0.0,5.960249273987732,5.947268624907225,1.0096090630185017e-15,1.5040052536718918e-15,0.8014999391378931,0.0,-6.275,6.275000000000001,0.1436140661634507,0.14361406616345046,9.123889902604882e-09,2.4344797497041616e-06,0.005960255460217471,0.00595,2.6537045871410927e-06,0.0059472632435700985,0.00595,0.3,0.0,0.2983569471809093,0.0
7439,7.439,7.44,-4.407096636900838,4.4218872914258425,0.007395327262502249,8.82898392832668,-0.10138006025093044,0.10083018482993034,1,1,-4.407096636900838,4.4218872914258425,-6.000813352085191,6.002440056255575,0.000813352085192065,12.003253408340766,0.001626704170383301,0.0,0.001626704170383301,0.0,-0.001626704170383301,-0.001626704170383301,0.0,0.0,0.0,0.0,0.0,0.0,1.6275177936536474e-06,0.0,5.960187664592983,5.947322138252825,3.8250652645288596e-16,1.502487370630412e-15,0.8014999391218436,0.0,-6.275,6.275000000000001,0.1436140661634507,0.14361406616345046,9.126815765060899e-09,2.4351217313229346e-06,0.005960193804885159,0.00595,2.65280775908705e-06,0.0059473168113832655,0.00595,0.3,0.0,0.2983732958296182,0.0
7449,7.449,7.45,-4.4071621308825035,4.421817448737105,0.007327658927300806,8.82897957961961,-0.10137596622577016,0.10083157132415893,1,1,-4.4071621308825035,4.421817448737105,-6.000805259096723,6.00241577729017,0.0008052590967233542,12.003221036386893,0.001610518193447066,0.0,0.001610518193447066,0.0,-0.001610518193447066,-0.001610518193447066,0.0,0.0,0.0,0.0,0.0,0.0,1.6113237210306068e-06,0.0,5.960126512936162,5.947375109939203,1.4233406120389702e-15,1.412281749879618e-15,0.8014999391058509,0.0,-6.275,6.275000000000001,0.1436140661634507,0.14361406616345046,9.129744711317532e-09,2.4357614362014277e-06,0.005960132607588338,0.00595,2.6519163504423737e-06,0.005947369836989588,0.00595,0.3,0.0,0.29838948180655434,0.0
7459,7.4590000000000005,7.46,-4.407227160664633,4.421748371499794,0.007260605417580113,8.828975532164428,-0.10137190855591116,0.1008329385533055,1,1,-4.407227160664633,4.421748371499794,-6.000797246634836,6.002391739904509,0.0007972466348364904,12.003188986539344,0.001594493269672278,0.0,0.001594493269672278,0.0,-0.001594493269672278,-0.001594493269672278,0.0,0.0,0.0,0.0,0.0,0.0,1.595290782122443e-06,0.0,5.960065816049004,5.947427545412561,1.3444462692658102e-15,1.4621550498139513e-15,0.8014999390899156,0.0,-6.275,6.275000000000001,0.1436140661634507,0.14361406616345046,9.132676633296696e-09,2.436398852391399e-06,0.005960071865357405,0.00595,2.6510303615778777e-06,0.005947422325840716,0.00595,0.3,0.0,0.2984055067303292,0.0
7469,7.469,7.47,-4.407291728845,4.4216800512024275,0.007194161178713632,8.828971780047429,-0.10136788693759002,0.10083428679902501,1,1,-4.407291728845,4.4216800512024275,-6.000789313898276,6.002367941694829,0.0007893138982764114,12.003157255593106,0.0015786277965532064,0.0,0.0015786277965532064,0.0,-0.0015786277965532064,-0.0015786277965532064,0.0,0.0,0.0,0.0,0.0,0.0,1.5794173736219052e-06,0.0,5.96000557097665,5.94747945006489,7.861651596646063e-17,1.493813753250528e-15,0.8014999390740377,0.0,-6.275,6.275000000000001,0.1436140661634507,0.14361406616345046,9.13561142320099e-09,2.4370339682909974e-06,0.005960011575236156,0.00595,2.6501497921116445e-06,0.005947474283334043,0.00595,0.3,0.0,0.2984213722034483,0.0
7479,7.479,7.48,-4.40735583801739,4.42161247942982,0.007128320706215163,8.82896831744721,-0.1013639010692663,0.10083561633860039,1,1,-4.40735583801739,4.42161247942982,-6.000781460093765,6.002344380281294,0.0007814600937647853,12.00312584037506,0.0015629201875293176,0.0,0.0015629201875293176,0.0,-0.0015629201875293176,-0.0015629201875293176,0.0,0.0,0.0,0.0,0.0,0.0,1.563701908174915e-06,0.0,5.959945774777662,5.947530829234494,6.259065260440927e-16,1.412281749879618e-15,0.8014999390582176,0.0,-6.275,6.275000000000001,0.1436140661634507,0.14361406616345046,9.138548973520392e-09,2.4376667726269985e-06,0.005959951734281813,0.00595,2.649274640942334e-06,0.005947525714813215,0.00595,0.3,0.0,0.2984370798124721,0.0
7489,7.489,7.49,-4.407419490771406,4.421545647861974,0.007063078545284096,8.828965138633379,-0.10135995065161468,0.10083692744501688,1,1,-4.407419490771406,4.421545647861974,-6.000773684435914,6.00232105330774,0.0007736844359129691,12.003094737743654,0.0015473688718266193,0.0,0.0015473688718266193,0.0,-0.0015473688718266193,-0.0015473688718266193,0.0,0.0,0.0,0.0,0.0,0.0,1.5481428142218315e-06,0.0,5.959886424524068,5.9475816882065216,9.922618282587337e-16,1.4027407707617456e-15,0.8014999390424555,0.0,-6.275,6.275000000000001,0.1436140661634507,0.14361406616345046,9.14148917703889e-09,2.438297254465906e-06,0.005959892339565054,0.00595,2.6484049062402983e-06,0.005947576625568672,0.00595,0.3,0.0,0.2984526311281748,0.0
7499,7.4990000000000006,7.5,-4.407482689692279,4.42147954827298,0.0069984292903502165,8.828962237965259,-0.10135603538751342,0.10083822038703116,1,1,-4.407482689692279,4.42147954827298,-6.000765986147151,6.002297958441451,0.0007659861471500662,12.003063944588602,0.0015319722943005819,0.0,0.0015319722943005819,0.0,-0.0015319722943005819,-0.0015319722943005819,0.0,0.0,0.0,0.0,0.0,0.0,1.5327385358402932e-06,0.0,5.959827517301374,5.94763203221348,6.765421556309548e-16,1.3376886404126154e-15,0.8014999390267519,0.0,-6.275,6.275000000000001,0.1436140661634507,0.14361406616345046,9.14443192684103e-09,2.4389254032028496e-06,0.005959833388170037,0.00595,2.647540585491992e-06,0.005947627020838166,0.00595,0.3,0.0,0.29846802770570074,0.0
7509,7.509,7.51,-4.407545437360681,4.421414172529935,0.006934367584626955,8.828959609890616,-0.10135215498203232,0.10083949542924214,1,1,-4.407545437360681,4.421414172529935,-6.00075836445764,6.002275093372921,0.0007583644576403259,12.003033457830561,0.0015167289152806227,0.0,0.0015167289152806227,0.0,-0.0015167289152806227,-0.0015167289152806227,0.0,0.0,0.0,0.0,0.0,0.0,1.5174875325896253e-06,0.0,5.959769050208596,5.947681866435769,1.4377715123613417e-15,1.3587221625588342e-15,0.8014999390111067,0.0,-6.275,6.275000000000001,0.1436140661634507,0.14361406616345046,9.147377116318436e-09,2.4395512085527046e-06,0.005959774877194425,0.00595,2.6466816754955326e-06,0.005947676905807279,0.00595,0.3,0.0,0.2984832710847207,0.0
7519,7.519,7.5200000000000005,-4.407607736352542,4.421349512591864,0.006870888119661078,8.828957248944405,-0.10134830914242277,0.10084075283215976,1,1,-4.407607736352542,4.421349512591864,-6.0007508186052085,6.002252455815624,0.0007508186052076482,12.003003274420832,0.0015016372104161364,0.0,0.0015016372104161364,0.0,-0.0015016372104161364,-0.0015016372104161364,0.0,0.0,0.0,0.0,0.0,0.0,1.502388279356794e-06,0.0,5.959711020358274,5.947731196002171,9.71445146547012e-16,1.3951513555543471e-15,0.8014999389955204,0.0,-6.275,6.275000000000001,0.1436140661634507,0.14361406616345046,9.150324639176235e-09,2.4401746605700747e-06,0.0059597168037494085,0.00595,2.6458281723673593e-06,0.005947726285609934,0.00595,0.3,0.0,0.29849836278958525,0.0
7529,7.529,7.53,-4.40766958923887,4.421285560508668,0.006807985634898817,8.82895514974754,-0.10134449757810748,0.10084199285227496,1,1,-4.40766958923887,4.421285560508668,-6.000743347835262,6.002230043505786,0.000743347835261865,12.002973391341047,0.0014866956705240607,0.0,0.0014866956705240607,0.0,-0.0014866956705240607,-0.0014866956705240607,0.0,0.0,0.0,0.0,0.0,0.0,1.4874392662038926e-06,0.0,5.959653424876503,5.947780025990378,1.109438672115999e-15,1.4409046872332354e-15,0.8014999389799933,0.0,-6.275,6.275000000000001,0.1436140661634507,0.14361406616345046,9.153274389439436e-09,2.440795749609324e-06,0.005959659164959723,0.00595,2.6449800715822038e-06,0.00594777516532891,0.00595,0.3,0.0,0.29851330432947737,0.0
7539,7.539000000000001,7.54,-4.407730998585586,4.421222308420068,0.006745654917241328,8.828953307005655,-0.1013407200006694,0.1008432157421213,1,1,-4.407730998585586,4.421222308420068,-6.000735951400719,6.002207854202156,0.0007359514007188039,12.002943805602875,0.0014719028014379542,0.0,0.0014719028014379542,0.0,-0.0014719028014379542,-0.0014719028014379542,0.0,0.0,0.0,0.0,0.0,0.0,1.4726389982171484e-06,0.0,5.959596260902945,5.947828361427479,2.104219576359867e-15,1.4010060472857688e-15,0.8014999389645253,0.0,-6.275,6.275000000000001,0.1436140661634507,0.14361406616345046,9.156226261459222e-09,2.441414466351222e-06,0.005959601957963671,0.00595,2.644137367981969e-06,0.0059478235499963355,0.00595,0.3,0.0,0.29852809719856344,0.0
7549,7.549,7.55,-4.407791966953342,4.4211597485545795,0.006683890800618819,8.828951715507921,-0.10133697612383946,0.1008444217503432,1,1,-4.407791966953342,4.4211597485545795,-6.000728628561929,6.002185885685788,0.0007286285619292343,12.002914514247717,0.0014572571238585816,0.0,0.0014572571238585816,0.0,-0.0014572571238585816,-0.0014572571238585816,0.0,0.0,0.0,0.0,0.0,0.0,1.4579859953574297e-06,0.0,5.959539525590845,5.9478762072904745,1.3182170470211335e-15,1.3897303446919196e-15,0.801499938949117,0.0,-6.275,6.275000000000001,0.1436140661634507,0.14361406616345046,9.159180149919219e-09,2.442030801789623e-06,0.00595954517991314,0.00595,2.6433000557557487e-06,0.0059478714445941935,0.00595,0.3,0.0,0.2985427428761428,0.0
7559,7.559,7.5600000000000005,-4.407852496897363,4.42109787322848,0.0066226881655584435,8.828950370125844,-0.1013332656634866,0.10084561112176121,1,1,-4.407852496897363,4.42109787322848,-6.0007213785866025,6.002164135759809,0.0007213785866033717,12.002885514346412,0.0014427571732059795,0.0,0.0014427571732059795,0.0,-0.0014427571732059795,-0.0014427571732059795,0.0,0.0,0.0,0.0,0.0,0.0,1.4434787923122385e-06,0.0,5.959483216107046,5.947923568506745,1.3140530330524314e-15,1.5120283497482845e-15,0.8014999389337684,0.0,-6.275,6.275000000000001,0.1436140661634507,0.14361406616345046,9.162135949841644e-09,2.442644747231463e-06,0.005959488827973615,0.00595,2.6424681284997754e-06,0.005947918854054806,0.00595,0.3,0.0,0.2985572428267955,0.0
7569,7.569,7.57,-4.407912590967287,4.421036674844808,0.006562041938760199,8.828949265812096,-0.10132958833760641,0.10084678409743197,1,1,-4.407912590967287,4.421036674844808,-6.000714200749737,6.00214260224921,0.0007142007497362712,12.002856802998947,0.0014284014994729996,0.0,0.0014284014994729996,0.0,-0.0014284014994729996,-0.0014284014994729996,0.0,0.0,0.0,0.0,0.0,0.0,1.4291159383491815e-06,0.0,5.959427329632006,5.947970449954557,5.526517286337518e-16,1.4563003580825296e-15,0.8014999389184797,0.0,-6.275,6.275000000000001,0.1436140661634507,0.14361406616345046,9.165093556593434e-09,2.443256294270117e-06,0.005959432899324191,0.00595,2.641641579201881e-06,0.005947965783261333,0.00595,0.3,0.0,0.29857159850052845,0.0
7579,7.579,7.58,-4.407972251706998,4.420976145892354,0.006501947092677707,8.828948397599351,-0.10132594386631055,0.10084794091471144,1,1,-4.407972251706998,4.420976145892354,-6.00070709433354,6.002121283000621,0.0007070943335403257,12.002828377334161,0.0014141886670803057,0.0,0.0014141886670803057,0.0,-0.0014141886670803057,-0.0014141886670803057,0.0,0.0,0.0,0.0,0.0,0.0,1.4148959971708935e-06,0.0,5.959371863359811,5.9480168564635445,1.758142242902494e-15,1.5417354892743873e-15,0.8014999389032512,0.0,-6.275,6.275000000000001,0.1436140661634507,0.14361406616345046,9.16805286589229e-09,2.443865434820924e-06,0.005959377391157589,0.00595,2.6408204002614787e-06,0.005948012237048247,0.00595,0.3,0.0,0.2985858113329212,0.0
7589,7.589,7.59,-4.408031481654483,4.420916278944681,0.00644239864509899,8.828947760599164,-0.10132233197181512,0.10084908180731517,1,1,-4.408031481654483,4.420916278944681,-6.000700058627366,6.002100175882099,0.0007000586273662179,12.002800234509465,0.0014001172547328145,0.0,0.0014001172547328145,0.0,-0.0014001172547328145,-0.0014001172547328145,0.0,0.0,0.0,0.0,0.0,0.0,1.4008175467714066e-06,0.0,5.9593168144981785,5.948062792815186,9.208239165202532e-16,1.5998487257196103e-15,0.801499938888083,0.0,-6.275,6.275000000000001,0.1436140661634507,0.14361406616345046,9.171013773812657e-09,2.4444721610967652e-06,0.0059593223006801635,0.00595,2.640004583511768e-06,0.005948058220201819,0.00595,0.3,0.0,0.2985998827452688,0.0
7599,7.599,7.6000000000000005,-4.408090283341671,4.4208570666591465,0.006383391658737914,8.828947350000817,-0.10131875237842786,0.10085020700537989,1,1,-4.408090283341671,4.4208570666591465,-6.000693092927639,6.002079278782917,0.0006930929276389719,12.002772371710556,0.0013861858552775645,0.0,0.0013861858552775645,0.0,-0.0013861858552775645,-0.0013861858552775645,0.0,0.0,0.0,0.0,0.0,0.0,1.3868791792939488e-06,0.0,5.959262180268471,5.9481082637432685,4.740030254152955e-16,1.6746586756211101e-15,0.8014999388729754,0.0,-6.275,6.275000000000001,0.1436140661634507,0.14361406616345046,9.173976176791637e-09,2.445076465601398e-06,0.005959267625111914,0.00595,2.6391941202241752e-06,0.0059481037374605845,0.00595,0.3,0.0,0.2986138141447241,0.0
7609,7.609,7.61,-4.408148659294294,4.420798501775938,0.006324921240822068,8.828947161070232,-0.10131520481254014,0.1008513167355174,1,1,-4.408148659294294,4.420798501775938,-6.000686196537782,6.002058589613345,0.0006861965377815693,12.002744786151126,0.001372393075563001,0.0,0.001372393075563001,0.0,-0.001372393075563001,-0.001372393075563001,0.0,0.0,0.0,0.0,0.0,0.0,1.3730795008901562e-06,0.0,5.9592079579057025,5.948153273934367,4.250939877881166e-15,1.6386631634945914e-15,0.8014999388579286,0.0,-6.275,6.275000000000001,0.1436140661634507,0.14361406616345046,9.176939971634838e-09,2.445678341122798e-06,0.005959213361686489,0.00595,2.6383890011127954e-06,0.005948148793515826,0.00595,0.3,0.0,0.2986276069244386,0.0
7619,7.619,7.62,-4.408206612031742,4.420740577117118,0.006266982542688204,8.82894718914886,-0.10131168900261306,0.1008524112208789,1,1,-4.408206612031742,4.420740577117118,-6.000679368768149,6.0020381063044494,0.0006793687681501126,12.002717475072599,0.0013587375362996586,0.0,0.0013587375362996586,0.0,-0.0013587375362996586,-0.0013587375362996586,0.0,0.0,0.0,0.0,0.0,0.0,1.35941713158069e-06,0.0,5.959154144658546,5.948197828028316,1.0946105133413653e-15,1.5983308426781306e-15,0.8014999388429426,0.0,-6.275,6.275000000000001,0.1436140661634507,0.14361406616345046,9.179905055522159e-09,2.4462777807553637e-06,0.00595915950765119,0.00595,2.6375892163765792e-06,0.005948193393012017,0.00595,0.3,0.0,0.29864126246370193,0.0
7629,7.6290000000000004,7.63,-4.408264144066919,4.420683285585688,0.006209570759384331,8.828947429652608,-0.10130820467916801,0.10085349068120392,1,1,-4.408264144066919,4.420683285585688,-6.000672608935961,6.002017826807883,0.0006726089359609944,12.002690435743844,0.001345217871922231,0.0,0.001345217871922231,0.0,-0.001345217871922231,-0.001345217871922231,0.0,0.0,0.0,0.0,0.0,0.0,1.345890705117233e-06,0.0,5.95910073778933,5.9482419306186465,3.642919299551295e-16,1.5189672436521917e-15,0.8014999388280176,0.0,-6.275,6.275000000000001,0.1436140661634507,0.14361406616345046,9.182871326013504e-09,2.446874777862168e-06,0.0059591060602669855,0.00595,2.6367947556793505e-06,0.0059482375405473095,0.00595,0.3,0.0,0.2986547821280793,0.0
7639,7.639,7.640000000000001,-4.408321257906115,4.42062662016465,0.006152681129267368,8.828947878070764,-0.10130475157477337,0.10085455533288323,1,1,-4.408321257906115,4.42062662016465,-6.000665916365226,6.00199774909568,0.0006659163652269484,12.002663665460906,0.0013318327304530147,0.0,0.0013318327304530147,0.0,-0.0013318327304530147,-0.0013318327304530147,0.0,0.0,0.0,0.0,0.0,0.0,1.3324988688458673e-06,0.0,5.959047734574053,5.948285586253064,2.694886143666392e-16,1.560383766641138e-15,0.801499938813154,0.0,-6.275,6.275000000000001,0.1436140661634507,0.14361406616345046,9.185838681054432e-09,2.4474693261016022e-06,0.005959053016808506,0.00595,2.636005608178671e-06,0.005948281240673968,0.00595,0.3,0.0,0.29866816726954853,0.0
7649,7.649,7.65,-4.4083779560488665,4.4205705739160965,0.006096308933615013,8.828948529964963,-0.10130132942403419,0.10085560538900723,1,1,-4.4083779560488665,4.4205705739160965,-6.000659290386683,6.00197787116005,0.0006592903866833311,12.002637161546733,0.001318580773366708,0.0,0.001318580773366708,0.0,-0.001318580773366708,-0.001318580773366708,0.0,0.0,0.0,0.0,0.0,0.0,1.3192402835718056e-06,0.0,5.958995132302377,5.948328799433891,6.639052710908679e-16,1.6002824065886045e-15,0.8014999387983517,0.0,-6.275,6.275000000000001,0.1436140661634507,0.14361406616345046,9.188807018981739e-09,2.448061419400733e-06,0.005959000374564044,0.00595,2.635221762534723e-06,0.005948324497898834,0.00595,0.3,0.0,0.2986814192266349,0.0
7659,7.659,7.66,-4.408434240987831,4.420515139980291,0.00604044949623006,8.828949380968123,-0.101297937963582,0.1008566410594236,1,1,-4.408434240987831,4.420515139980291,-6.000652730337728,6.001958191013185,0.0006527303377286131,12.002610921350913,0.0013054606754565586,0.0,0.0013054606754565586,0.0,-0.0013054606754565586,-0.0013054606754565586,0.0,0.0,0.0,0.0,0.0,0.0,1.3061136234254713e-06,0.0,5.958942928277623,5.948371574618511,9.403895305688803e-16,1.719327805127513e-15,0.8014999387836108,0.0,-6.275,6.275000000000001,0.1436140661634507,0.14361406616345046,9.191776238528973e-09,2.448651051968623e-06,0.005958948130835561,0.00595,2.6344432069236314e-06,0.005948367316683765,0.00595,0.3,0.0,0.29869453932454515,0.0
7669,7.6690000000000005,7.67,-4.408490115208659,4.4204603115747805,0.0059850981830607,8.82895042678344,-0.10129457693206056,0.10085766255078926,1,1,-4.408490115208659,4.4204603115747805,-6.0006462355623515,6.001938706687053,0.000646235562350661,12.002584942249404,0.0012924711247018427,0.0,0.0012924711247018427,0.0,-0.0012924711247018427,-0.0012924711247018427,0.0,0.0,0.0,0.0,0.0,0.0,1.2931175757299117e-06,0.0,5.958891119816786,5.948413916219817,1.79464766886326e-15,1.7418792103152114e-15,0.8014999387689317,0.0,-6.275,6.275000000000001,0.1436140661634507,0.14361406616345046,9.194746238831892e-09,2.4492382182896723e-06,0.005958896282938679,0.00595,2.633669929050786e-06,0.00594840970144608,0.00595,0.3,0.0,0.2987075288752999,0.0
7679,7.679,7.68,-4.408545581189873,4.420406081993497,0.005930250401811943,8.828951663183371,-0.10129124607011791,0.10085867006661947,1,1,-4.408545581189873,4.420406081993497,-6.000639805411068,6.001919416233204,0.0006398054110681173,12.002559221644272,0.0012796108221366594,0.0,0.0012796108221366594,0.0,-0.0012796108221366594,-0.0012796108221366594,0.0,0.0,0.0,0.0,0.0,0.0,1.280250840869526e-06,0.0,5.958839704250519,5.948455828606649,8.417965895743743e-16,1.8125691919612663e-15,0.8014999387543144,0.0,-6.275,6.275000000000001,0.1436140661634507,0.14361406616345046,9.197716919433824e-09,2.44982291310363e-06,0.005958844828202683,0.00595,2.6329019161641656e-06,0.005948451656559008,0.00595,0.3,0.0,0.29872038917786514,0.0
7689,7.689,7.69,-4.408600641402749,4.42035244460589,0.005875901601570366,8.828953086008639,-0.10128794512039074,0.10085966380734251,1,1,-4.408600641402749,4.42035244460589,-6.00063343924086,6.001900317722581,0.0006334392408602341,12.002533756963441,0.0012668784817200355,0.0,0.0012668784817200355,0.0,-0.0012668784817200355,-0.0012668784817200355,0.0,0.0,0.0,0.0,0.0,0.0,1.2675121321601065e-06,0.0,5.958788678923124,5.94849731610422,3.968501823816903e-16,1.8433605336598546e-15,0.8014999387397589,0.0,-6.275,6.275000000000001,0.1436140661634507,0.14361406616345046,9.200688180291005e-09,2.4504051314255836e-06,0.005958793763970518,0.00595,2.6321391550498953e-06,0.005948493186352105,0.00595,0.3,0.0,0.2987331215182818,0.0
7699,7.699,7.7,-4.4086552983112,4.4202993928560534,0.005822047272426634,8.828954691167255,-0.10128467382749667,0.10086064397034744,1,1,-4.4086552983112,4.4202993928560534,-6.000627136415104,6.001881409245311,0.0006271364151038128,12.002508545660415,0.0012542728302073194,0.0,0.0012542728302073194,0.0,-0.0012542728302073194,-0.0012542728302073194,0.0,0.0,0.0,0.0,0.0,0.0,1.2549001757201668e-06,0.0,5.958738041192565,5.948538382994556,6.722053469410127e-16,1.8587562045091488e-15,0.8014999387252655,0.0,-6.275,6.275000000000001,0.1436140661634507,0.14361406616345046,9.203659921777803e-09,2.450984868530412e-06,0.0059587430875987805,0.00595,2.631381632061114e-06,0.0059485342951116965,0.00595,0.3,0.0,0.29874572716979453,0.0
7709,7.7090000000000005,7.71,-4.408709554371659,4.42024692026187,0.005768682945105574,8.828956474633529,-0.10128143193802258,0.10086161075003292,1,1,-4.408709554371659,4.42024692026187,-6.000620896303512,6.001862688910534,0.0006208963035110315,12.002483585214046,0.0012417926070228552,0.0,0.0012417926070228552,0.0,-0.0012417926070228552,-0.0012417926070228552,0.0,0.0,0.0,0.0,0.0,0.0,1.242413710343553e-06,0.0,5.958687788430447,5.948579033516924,2.3392746073547244e-15,1.957852283074324e-15,0.8014999387108342,0.0,-6.275,6.275000000000001,0.1436140661634507,0.14361406616345046,9.206632044691918e-09,2.451562119957226e-06,0.005958692796457706,0.00595,2.630629333135737e-06,0.005948574987081302,0.00595,0.3,0.0,0.2987582073929791,0.0
7719,7.719,7.72,-4.408763412032976,4.420195020414164,0.0057158041905940316,8.828958432447141,-0.10127821920050961,0.10086256433785801,1,1,-4.408763412032976,4.420195020414164,-6.000614718282066,6.001844154846201,0.0006147182820672725,12.002458873128267,0.0012294365641339236,0.0,0.0012294365641339236,0.0,-0.0012294365641339236,-0.0012294365641339236,0.0,0.0,0.0,0.0,0.0,0.0,1.2300514873733215e-06,0.0,5.958637918022012,5.948619271868231,1.0026701691145945e-15,1.876537120137911e-15,0.8014999386964652,0.0,-6.275,6.275000000000001,0.1436140661634507,0.14361406616345046,9.209604450259473e-09,2.452136881493829e-06,0.005958642887931178,0.00595,2.6298822437875734e-06,0.005948615266462053,0.00595,0.3,0.0,0.29877056343586794,0.0
7729,7.729,7.73,-4.408816873736306,4.42014368697587,0.005663406619782041,8.828960560712176,-0.10127503536544458,0.10086350492238466,1,1,-4.408816873736306,4.42014368697587,-6.000608601732964,6.001825805198889,0.0006086017329627325,12.002434406931853,0.0012172034659259391,0.0,0.0012172034659259391,0.0,-0.0012172034659259391,-0.0012172034659259391,0.0,0.0,0.0,0.0,0.0,0.0,1.2178122705768735e-06,0.0,5.958588427366131,5.9486591022034725,1.6080886622305002e-15,1.917519962257863e-15,0.8014999386821585,0.0,-6.275,6.275000000000001,0.1436140661634507,0.14361406616345046,9.212577040140074e-09,2.4527091491767142e-06,0.005958593359416705,0.00595,2.629140349119652e-06,0.0059486551374131145,0.00595,0.3,0.0,0.29878279653407597,0.0
7739,7.739,7.74,-4.40886994191501,4.420092913681195,0.00561148588309246,8.828962855596206,-0.10127188018525052,0.10086443268932987,1,1,-4.40886994191501,4.420092913681195,-6.00060254604454,6.001807638133618,0.0006025460445391317,12.002410184178158,0.0012050920890788871,0.0,0.0012050920890788871,0.0,-0.0012050920890788871,-0.0012050920890788871,0.0,0.0,0.0,0.0,0.0,0.0,1.2056948360223304e-06,0.0,5.958539313875291,5.948698528636129,8.222589276130066e-16,1.95590071916385e-15,0.8014999386679142,0.0,-6.275,6.275000000000001,0.1436140661634507,0.14361406616345046,9.21554971643177e-09,2.453278919308827e-06,0.005958544208325411,0.00595,2.628403633855303e-06,0.005948694604052096,0.00595,0.3,0.0,0.29879490791092306,0.0
7749,7.7490000000000006,7.75,-4.408922618994548,4.4200426943348115,0.005560037670131912,8.828965313329359,-0.10126875341426811,0.10086534782160927,1,1,-4.408922618994548,4.4200426943348115,-6.000596550611223,6.0017896518336675,0.000596550611222213,12.00238620244489,0.0011931012224449895,0.0,0.0011931012224449895,0.0,-0.0011931012224449895,-0.0011931012224449895,0.0,0.0,0.0,0.0,0.0,0.0,1.1936979719561383e-06,0.0,5.958490574975592,5.94873755523857,1.2672154992010576e-15,1.895835918808153e-15,0.8014999386537326,0.0,-6.275,6.275000000000001,0.1436140661634507,0.14361406616345046,9.218522381675966e-09,2.453846188424042e-06,0.0059584954320820345,0.00595,2.6276720823181778e-06,0.005948733670455467,0.00595,0.3,0.0,0.2988068987775569,0.0
7759,7.759,7.76,-4.408974907392384,4.419993022811043,0.005509057709329301,8.828967930203426,-0.10126565480875288,0.10086625049937986,1,1,-4.408974907392384,4.419993022811043,-6.000590614833464,6.001771844500392,0.0005906148334640093,12.002362459333856,0.0011812296669275913,0.0,0.0011812296669275913,0.0,-0.0011812296669275913,-0.0011812296669275913,0.0,0.0,0.0,0.0,0.0,0.0,1.181820478681894e-06,0.0,5.958442208106721,5.948776186042475,6.183306633638502e-16,1.9595870065503007e-15,0.8014999386396134,0.0,-6.275,6.275000000000001,0.1436140661634507,0.14361406616345046,9.221494938862263e-09,2.454410953300481e-06,0.005958447028124908,0.00595,2.6269456784766556e-06,0.0059487723406589504,0.00595,0.3,0.0,0.29881877033307436,0.0
7769,7.769,7.7700000000000005,-4.409026809517896,4.419943893053068,0.005458541767585867,8.828970702570963,-0.10126258412685829,0.10086714090008858,1,1,-4.409026809517896,4.419943893053068,-6.000584738117681,6.001754214353042,0.0005847381176806721,12.002338952470723,0.0011694762353612472,0.0,0.0011694762353612472,0.0,-0.0011694762353612472,-0.0011694762353612472,0.0,0.0,0.0,0.0,0.0,0.0,1.1700611684403718e-06,0.0,5.95839421072195,5.948814425039224,1.4693107841523556e-15,2.0124960725675933e-15,0.801499938625557,0.0,-6.275,6.275000000000001,0.1436140661634507,0.14361406616345046,9.224467291433218e-09,2.4549732109649575e-06,0.005958398993905945,0.00595,2.626224405930522e-06,0.005948810618657941,0.00595,0.3,0.0,0.29883052376464075,0.0
7779,7.779,7.78,-4.409078327772274,4.419895299072134,0.005408485649929684,8.828973626844409,-0.1012595411286249,0.10086801919851118,1,1,-4.409078327772274,4.419895299072134,-6.0005789198761965,6.0017367596285895,0.0005789198761965153,12.002315679504786,0.0011578397523930059,0.0,0.0011578397523930059,0.0,-0.0011578397523930059,-0.0011578397523930059,0.0,0.0,0.0,0.0,0.0,0.0,1.1584188652907476e-06,0.0,5.958346580288119,5.948852276180291,1.7251824968589347e-15,1.9736816347926123e-15,0.8014999386115633,0.0,-6.275,6.275000000000001,0.1436140661634507,0.14361406616345046,9.227439343289065e-09,2.45553295867077e-06,0.0059583513268906246,0.00595,2.625508247924291e-06,0.005948848508407891,0.00595,0.3,0.0,0.29884216024760896,0.0
7789,7.789000000000001,7.79,-4.409129464548437,4.41984723494677,0.0053588851991666075,8.828976699495207,-0.10125652557596926,0.1008688855667994,1,1,-4.409129464548437,4.41984723494677,-6.000573159527182,6.001719478581547,0.0005731595271827317,12.00229263810873,0.0011463190543648737,0.0,0.0011463190543648737,0.0,-0.0011463190543648737,-0.0011463190543648737,0.0,0.0,0.0,0.0,0.0,0.0,1.1468924049930048e-06,0.0,5.958299314285614,5.948889743377661,1.042568809062061e-15,1.9639238152402427e-15,0.8014999385976325,0.0,-6.275,6.275000000000001,0.1436140661634507,0.14361406616345046,9.23041099879232e-09,2.4560901939110263e-06,0.0059583040245579835,0.00595,2.624797187356087e-06,0.005948886013824708,0.00595,0.3,0.0,0.2988536809456371,0.0
7799,7.799,7.8,-4.409180222230947,4.419799694822025,0.0053097362955392136,8.828979917052973,-0.10125353723267394,0.10086974017451955,1,1,-4.409180222230947,4.419799694822025,-6.000567456494599,6.001702369483796,0.0005674564945987726,12.002269825978395,0.001134912989197447,0.0,0.001134912989197447,0.0,-0.001134912989197447,-0.001134912989197447,0.0,0.0,0.0,0.0,0.0,0.0,1.1354806348915081e-06,0.0,5.958252410208356,5.948926830504188,2.361826012542423e-15,1.900172727498095e-15,0.8014999385837644,0.0,-6.275,6.275000000000001,0.1436140661634507,0.14361406616345046,9.23338216277237e-09,2.4566449144030987e-06,0.00595825708440059,0.00595,2.6240912068109524e-06,0.005948923138785151,0.00595,0.3,0.0,0.29886508701080444,0.0
7809,7.809,7.8100000000000005,-4.409230603195917,4.419752672908699,0.005261034856391067,8.828983276104616,-0.10125057586437364,0.10087058318869552,1,1,-4.409230603195917,4.419752672908699,-6.000561810208137,6.001685430624412,0.0005618102081372811,12.00224724083255,0.0011236204162747034,0.0,0.0011236204162747034,0.0,-0.0011236204162747034,-0.0011236204162747034,0.0,0.0,0.0,0.0,0.0,0.0,1.1241824137997372e-06,0.0,5.958205865563784,5.948963541394008,7.863066141667978e-16,1.8620088110266053e-15,0.8014999385699594,0.0,-6.275,6.275000000000001,0.1436140661634507,0.14361406616345046,9.236352740529948e-09,2.457197118099727e-06,0.005958210503924529,0.00595,2.6233902885341996e-06,0.0059489598871272,0.00595,0.3,0.0,0.29887637958372715,0.0
7819,7.819,7.82,-4.409280609810941,4.419706163482595,0.005212776835826993,8.828986773293536,-0.10124764123854685,0.10087141477384709,1,1,-4.409280609810941,4.419706163482595,-6.0005562201031655,6.001668660309495,0.0005562201031645841,12.00222488041266,0.0011124402063299411,0.0,0.0011124402063299411,0.0,-0.0011124402063299411,-0.0011124402063299411,0.0,0.0,0.0,0.0,0.0,0.0,1.112996611886168e-06,0.0,5.958159677872833,5.948999879842901,1.0911410663894117e-15,1.883042333172824e-15,0.8014999385562173,0.0,-6.275,6.275000000000001,0.1436140661634507,0.14361406616345046,9.23932263784158e-09,2.457746803173477e-06,0.00595816428064939,0.00595,2.622694414466942e-06,0.0059489962626504585,0.00595,0.3,0.0,0.29888755979367193,0.0
7829,7.829,7.83,-4.409330244435005,4.419660160883771,0.005164958224382676,8.828990405318777,-0.10124473312449978,0.10087223509203352,1,1,-4.409330244435005,4.419660160883771,-6.0005506856206665,6.0016520568619995,0.0005506856206665134,12.002202742482666,0.0011013712413328485,0.0,0.0011013712413328485,0.0,-0.0011013712413328485,-0.0011013712413328485,0.0,0.0,0.0,0.0,0.0,0.0,1.1019221105612882e-06,0.0,5.9581138446699144,5.949035849608685,1.2497581501581465e-15,1.8756697583999227e-15,0.8014999385425382,0.0,-6.275,6.275000000000001,0.1436140661634507,0.14361406616345046,9.242291760963917e-09,2.4582939680189574e-06,0.0059581184121082365,0.00595,2.622003566243869e-06,0.005949032269116527,0.00595,0.3,0.0,0.298898628758669,0.0
7839,7.839,7.84,-4.409379509418416,4.419614659515809,0.005117575048696477,8.828994168934226,-0.10124185129335994,0.10087304430289157,1,1,-4.409379509418416,4.419614659515809,-6.000545206207189,6.001635618621567,0.0005452062071888975,12.002180824828756,0.001090412414377702,0.0,0.001090412414377702,0.0,-0.001090412414377702,-0.001090412414377702,0.0,0.0,0.0,0.0,0.0,0.0,1.0909578023657364e-06,0.0,5.9580683635029,5.949071454411585,1.4406878467987383e-15,1.8500825871292648e-15,0.8014999385289221,0.0,-6.275,6.275000000000001,0.1436140661634507,0.14361406616345046,9.24526001663805e-09,2.4588386112461614e-06,0.005958072895847592,0.00595,2.6213177252021326e-06,0.00594906791024937,0.00595,0.3,0.0,0.29890958758562414,0.0
7849,7.849,7.8500000000000005,-4.409428407102727,4.419569653845087,0.0050706233711799165,8.828998060947814,-0.10123899551806093,0.10087384256367071,1,1,-4.409428407102727,4.419569653845087,-6.000539781314787,6.001619343944359,0.0005397813147860475,12.002159125259146,0.0010795626295726731,0.0,0.0010795626295726731,0.0,-0.0010795626295726731,-0.0010795626295726731,0.0,0.0,0.0,0.0,0.0,0.0,1.0801025908595552e-06,0.0,5.9580232319330895,5.949106697934605,1.5308934675495323e-15,1.854853076688201e-15,0.801499938515369,0.0,-6.275,6.275000000000001,0.1436140661634507,0.14361406616345046,9.248227312093707e-09,2.4593807316826867e-06,0.005958027729427422,0.00595,2.620636872403548e-06,0.005949103189735694,0.00595,0.3,0.0,0.29892043737042917,0.0
7859,7.859,7.86,-4.409476939820664,4.419525138400057,0.005024099289696604,8.829002078220721,-0.10123616557333348,0.10087463002927455,1,1,-4.409476939820664,4.419525138400057,-6.000534410400966,6.001603231202895,0.0005344104009648021,12.002137641603861,0.0010688208019302393,0.0,0.0010688208019302393,0.0,-0.0010688208019302393,-0.0010688208019302393,0.0,0.0,0.0,0.0,0.0,0.0,1.069355390512548e-06,0.0,5.957978447535204,5.949141583823885,1.0555792351318871e-15,1.9118821109609385e-15,0.8014999385018792,0.0,-6.275,6.275000000000001,0.1436140661634507,0.14361406616345046,9.251193555053414e-09,2.459920328371514e-06,0.005957982910421099,0.00595,2.6199609886257137e-06,0.005949138111225317,0.00595,0.3,0.0,0.29893117919807166,0.0
7869,7.869,7.87,-4.409525109896056,4.419481107770542,0.004977998937242933,8.829006217666599,-0.10123336123569388,0.10087540685229768,1,1,-4.409525109896056,4.419481107770542,-6.0005290929286295,6.001587278785888,0.0005290929286294599,12.002116371714518,0.001058185857258686,0.0,0.001058185857258686,0.0,-0.001058185857258686,-0.001058185857258686,0.0,0.0,0.0,0.0,0.0,0.0,1.058715126595725e-06,0.0,5.9579340078973475,5.949176115689092,4.863917293018369e-16,1.9866920608624383e-15,0.8014999384884524,0.0,-6.275,6.275000000000001,0.1436140661634507,0.14361406616345046,9.254158653736581e-09,2.460457400555464e-06,0.005957938436415395,0.00595,2.6192900543842156e-06,0.005949172678331527,0.00595,0.3,0.0,0.2989418141427433,0.0
7879,7.8790000000000004,7.88,-4.409572919643775,4.41943755660703,0.004932318481627451,8.829010476250804,-0.10123058228342918,0.10087617318306014,1,1,-4.409572919643775,4.41943755660703,-6.000523828366027,6.001571485098082,0.0005238283660276011,12.002095313464109,0.0010476567320546828,0.0,0.0010476567320546828,0.0,-0.0010476567320546828,-0.0010476567320546828,0.0,0.0,0.0,0.0,0.0,0.0,1.0481807350738268e-06,0.0,5.957889910620995,5.949210297103747,9.454242944073599e-16,1.9786689647860456e-15,0.8014999384750887,0.0,-6.275,6.275000000000001,0.1436140661634507,0.14361406616345046,9.257122516863502e-09,2.4609919476905215e-06,0.005957894305010445,0.00595,2.618624049934848e-06,0.005949206894631452,0.00595,0.3,0.0,0.2989523432679473,0.0
7889,7.889,7.890000000000001,-4.409620371369663,4.41939447961998,0.004887054125158219,8.829014850989644,-0.10122782849659118,0.10087692916964569,1,1,-4.409620371369663,4.41939447961998,-6.000518616186699,6.001555848560096,0.0005186161866985728,12.002074464746794,0.001037232373396935,0.0,0.001037232373396935,0.0,-0.001037232373396935,-0.001037232373396935,0.0,0.0,0.0,0.0,0.0,0.0,1.0377511624989224e-06,0.0,5.957846153320953,5.949244131605616,1.0434361708000495e-15,1.9543828361223703e-15,0.8014999384617882,0.0,-6.275,6.275000000000001,0.1436140661634507,0.14361406616345046,9.26008505365931e-09,2.4615239694436133e-06,0.005957850513819725,0.00595,2.6179629552780527e-06,0.005949240763666411,0.00595,0.3,0.0,0.298962767626605,0.0
7899,7.899,7.9,-4.409667467370476,4.41935187157914,0.00484220210433195,8.829019338949617,-0.10122509965698134,0.10087767495793709,1,1,-4.409667467370476,4.41935187157914,-6.000513455869421,6.0015403676082615,0.0005134558694201985,12.002053823477683,0.0010269117388408907,0.0,0.0010269117388408907,0.0,-0.0010269117388408907,-0.0010269117388408907,0.0,0.0,0.0,0.0,0.0,0.0,1.0274253659050643e-06,0.0,5.957802733625346,5.949277622697031,5.642247397920873e-16,1.8815244501313444e-15,0.8014999384485508,0.0,-6.275,6.275000000000001,0.1436140661634507,0.14361406616345046,9.263046173857835e-09,2.4620534656548617e-06,0.005957807060470032,0.00595,2.6173067501811253e-06,0.005949274288942269,0.00595,0.3,0.0,0.298973088261161,0.0
7909,7.909,7.91,-4.40971420993382,4.41930972731287,0.0047977586895249225,8.829023937246689,-0.10122239554813978,0.10087841069164855,1,1,-4.40971420993382,4.41930972731287,-6.000508346898157,6.001525040694472,0.0005083468981572636,12.002033387592629,0.001016693796314493,0.0,0.001016693796314493,0.0,-0.001016693796314493,-0.001016693796314493,0.0,0.0,0.0,0.0,0.0,0.0,1.0172023127039872e-06,0.0,5.957759649175591,5.949310773845266,6.329614634617738e-16,1.853118353212224e-15,0.8014999384353766,0.0,-6.275,6.275000000000001,0.1436140661634507,0.14361406616345046,9.266005787705431e-09,2.462580436393094e-06,0.005957763942601448,0.00595,2.6166554141848765e-06,0.005949307473929787,0.00595,0.3,0.0,0.29898330620368735,0.0
7919,7.9190000000000005,7.92,-4.409760601338096,4.4192680417074675,0.0047537201846856725,8.829028643045564,-0.10121971595533713,0.1008791365123618,1,1,-4.409760601338096,4.4192680417074675,-6.000503288762007,6.001509866286022,0.0005032887620073367,12.00201315504803,0.0010065775240149745,0.0,0.0010065775240149745,0.0,-0.0010065775240149745,-0.0010065775240149745,0.0,0.0,0.0,0.0,0.0,0.0,1.0070809805818518e-06,0.0,5.957716897626354,5.94934358848287,1.0148132334464322e-15,1.855286757557195e-15,0.8014999384222654,0.0,-6.275,6.275000000000001,0.1436140661634507,0.14361406616345046,9.268963805964694e-09,2.463104881909217e-06,0.005957721157867322,0.00595,2.6160089265903074e-06,0.005949340322064971,0.00595,0.3,0.0,0.29899342247598687,0.0
7929,7.929,7.930000000000001,-4.409806643852444,4.419226809706512,0.004710082927033898,8.829033453558957,-0.10121706066555908,0.10087985255956083,1,1,-4.409806643852444,4.419226809706512,-6.000498280955153,6.00149484286546,0.000498280955153696,12.001993123820613,0.0009965619103066746,0.0,0.0009965619103066746,0.0,-0.0009965619103066746,-0.0009965619103066746,0.0,0.0,0.0,0.0,0.0,0.0,9.970603573970116e-07,0.0,5.957674476645538,5.9493760700080145,1.6393162258969245e-15,1.7251824968589347e-15,0.8014999384092174,0.0,-6.275,6.275000000000001,0.1436140661634507,0.14361406616345046,9.27192013991813e-09,2.463626802636211e-06,0.005957678703934234,0.00595,2.6153672664741555e-06,0.0059493728367494185,0.00595,0.3,0.0,0.29900343808969504,0.0
7939,7.939,7.94,-4.4098523397366876,4.419186026310209,0.004666843286760702,8.829038366046897,-0.10121442946749715,0.10088055897066073,1,1,-4.4098523397366876,4.419186026310209,-6.000493322976809,6.00147996893043,0.000493322976810262,12.00197329190724,0.0009866459536198764,0.0,0.0009866459536198764,0.0,-0.0009866459536198764,-0.0009866459536198764,0.0,0.0,0.0,0.0,0.0,0.0,9.871394410787972e-07,0.0,5.957632383914251,5.949408221784834,2.159730727591125e-15,1.7392771251012462e-15,0.8014999383962325,0.0,-6.275,6.275000000000001,0.1436140661634507,0.14361406616345046,9.27487470137177e-09,2.46414619920912e-06,0.005957636578481966,0.00595,2.6147304127333018e-06,0.005949405021350648,0.00595,0.3,0.0,0.29901335404638185,0.0
7949,7.949,7.95,-4.409897691241287,4.419145686574743,0.0046239976667279414,8.829043377816031,-0.10121182215153818,0.10088125588104568,1,1,-4.409897691241287,4.419145686574743,-6.000488414331175,6.001465242993526,0.000488414331175413,12.001953657324702,0.0009768286623506478,0.0,0.0009768286623506478,0.0,-0.0009768286623506478,-0.0009768286623506478,0.0,0.0,0.0,0.0,0.0,0.0,9.773172395273095e-07,0.0,5.957590617126763,5.9494400471437645,8.006062243823449e-16,1.7091363047061492e-15,0.8014999383833107,0.0,-6.275,6.275000000000001,0.1436140661634507,0.14361406616345046,9.277827402658671e-09,2.4646630724428426e-06,0.005957594779203483,0.00595,2.6140983440381406e-06,0.00594943687920245,0.00595,0.3,0.0,0.29902317133765105,0.0
7959,7.9590000000000005,7.96,-4.409942700607285,4.41910578561164,0.004581542502177349,8.829048486218925,-0.10120923850975155,0.10088194342409568,1,1,-4.409942700607285,4.41910578561164,-6.000483554527381,6.001450663582142,0.0004835545273804698,12.001934218109524,0.0009671090547616809,0.0,0.0009671090547616809,0.0,-0.0009671090547616809,-0.0009671090547616809,0.0,0.0,0.0,0.0,0.0,0.0,9.675927705142086e-07,0.0,5.957549173990499,5.949471549381869,6.123573870198129e-16,1.7405781677082288e-15,0.801499938370452,0.0,-6.275,6.275000000000001,0.1436140661634507,0.14361406616345046,9.280778156642398e-09,2.4651774233410172e-06,0.0059575533038048875,0.00595,2.61347103887255e-06,0.005949468413605213,0.00595,0.3,0.0,0.29903289094524005,0.0
7969,7.969,7.97,-4.409987370066263,4.419066318587134,0.004539474260435661,8.829053688653397,-0.10120667833587893,0.1008826217312217,1,1,-4.409987370066263,4.419066318587134,-6.000478743079443,6.001436229238326,0.00047874307944173466,12.001914972317769,0.0009574861588841172,0.0,0.0009574861588841172,0.0,-0.0009574861588841172,-0.0009574861588841172,0.0,0.0,0.0,0.0,0.0,0.0,9.579650615844891e-07,0.0,5.957508052225982,5.949502731763177,3.97928455323545e-16,1.813653394133752e-15,0.8014999383576562,0.0,-6.275,6.275000000000001,0.1436140661634507,0.14361406616345046,9.283726876720404e-09,2.4656892530782542e-06,0.0059575121500053995,0.00595,2.6128484755405523e-06,0.005949499627826254,0.00595,0.3,0.0,0.2990425138411177,0.0
7979,7.979,7.98,-4.410031701840294,4.419027280721549,0.004497789440627287,8.829058982561843,-0.10120414142532314,0.10088329093189546,1,1,-4.410031701840294,4.419027280721549,-6.000473979506211,6.0014219385186305,0.00047397950620986506,12.001895918024841,0.0009479590124203499,0.0,0.0009479590124203499,0.0,-0.0009479590124203499,-0.0009479590124203499,0.0,0.0,0.0,0.0,0.0,0.0,9.48433149959235e-07,0.0,5.957467249566818,5.9495335975190065,1.1397243351450766e-15,1.7854641376491287e-15,0.8014999383449235,0.0,-6.275,6.275000000000001,0.1436140661634507,0.14361406616345046,9.286673476827353e-09,2.4661985630179056e-06,0.005957471315537317,0.00595,2.6122306321552102e-06,0.005949530525100148,0.00595,0.3,0.0,0.2990520409875814,0.0
7989,7.989,7.99,-4.410075698141902,4.418988667288676,0.004456484573386987,8.829064365430577,-0.10120162757513734,0.10088395115367743,1,1,-4.410075698141902,4.418988667288676,-6.000469263331324,6.001407789993971,0.00046926333132368825,12.001877053325295,0.0009385266626477929,0.0,0.0009385266626477929,0.0,-0.0009385266626477929,-0.0009385266626477929,0.0,0.0,0.0,0.0,0.0,0.0,9.389960824393404e-07,0.0,5.9574267637596625,5.949564149848292,3.895326647503604e-16,1.8597319864643858e-15,0.8014999383322536,0.0,-6.275,6.275000000000001,0.1436140661634507,0.14361406616345046,9.289617871438371e-09,2.4667053546854137e-06,0.005957430798145989,0.00595,2.6116174866697153e-06,0.005949561108629051,0.00595,0.3,0.0,0.29906147333735406,0.0
7999,7.9990000000000006,8.0,-4.410119361174014,4.418950473615165,0.004415556220575212,8.829069834789179,-0.10119913658401286,0.10088460252225151,1,1,-4.410119361174014,4.418950473615165,-6.000464594083161,6.001393782249486,0.0004645940831622397,12.001858376332647,0.0009291881663236089,0.0,0.0009291881663236089,0.0,-0.0009291881663236089,-0.0009291881663236089,0.0,0.0,0.0,0.0,0.0,0.0,9.296529153101892e-07,0.0,5.957386592564176,5.949594391917903,9.26342336171615e-16,1.849540486043022e-15,0.8014999383196468,0.0,-6.275,6.275000000000001,0.1436140661634507,0.14361406616345046,9.292559975572238e-09,2.4672096297882984e-06,0.005957390595589781,0.00595,2.611009016864063e-06,0.00594959138158303,0.00595,0.3,0.0,0.29907081183367823,0.0
