step,u_start,u_end,p_b,p_a,midpoint,spread,slope_b,slope_a,pre_p_b,pre_p_a,q_b,q_a,mu,Sigma,Q_B_quote,Q_A_quote,Q_B_post,Q_A_post,I_quote,I_post,requested_sell,requested_buy,executed_sell,executed_buy,unfilled_sell,unfilled_buy,due_bid,due_ask,mass_bid,mass_ask,budget_error,ledger_error,positivity_load,min_density,source_centroid_b,source_centroid_a,source_std_b,source_std_a,matched_volume,boundary_flux_bid,cancelled_bid,external_bid,boundary_flux_ask,cancelled_ask,external_ask
0,0.0,0.002,-4.339936670917782,4.3399366709177825,4.440892098500626e-16,8.679873341835563,-0.10089009591238887,0.10089009591238887,-4.339936670917782,4.3399366709177825,-6.0,6.0,0.0,12.0,0.0,0.0,0.0,0.0,0.0,0.0,0.0,0.0,0.0,0.0,0.0,0.0,0.0,0.0,6.002352215115238,6.002352215115238,1.0894063429134349e-15,0.0,0.40299976361793394,0.0,-6.249999999999999,6.25,0.1707825127659933,0.1707825127659935,2.2997988024280912e-08,4.72763231769012e-06,0.01200470442982146,0.012,4.727632317689246e-06,0.012004704429821456,0.012
1,0.002,0.004,-4.339936670728096,4.339936670728097,4.440892098500626e-16,8.679873341456194,-0.10089009591348119,0.10089009591348119,-4.339936670728096,4.339936670728097,-6.0,6.0,0.0,12.0,0.0,0.0,0.0,0.0,0.0,0.0,0.0,0.0,0.0,0.0,0.0,0.0,0.0,0.0,6.002352215319322,6.002352215319321,1.6202317265623378e-15,0.0,0.40299976361793444,0.0,-6.249999999999999,6.25,0.1707825127659933,0.1707825127659935,2.2997992027336476e-08,4.727632307095225e-06,0.012004704430230474,0.012,4.727632307095498e-06,0.012004704430230474,0.012
2,0.004,0.006,-4.3399366705388065,4.339936670538807,4.440892098500626e-16,8.679873341077613,-0.1008900959145706,0.1008900959145706,-4.3399366705388065,4.339936670538807,-6.0,6.0,0.0,12.0,0.0,0.0,0.0,0.0,0.0,0.0,0.0,0.0,0.0,0.0,0.0,0.0,0.0,0.0,6.002352215522984,6.002352215522985,2.7842311789427754e-15,0.0,0.402999763617935,0.0,-6.249999999999999,6.25,0.1707825127659933,0.1707825127659935,2.2997996023141143e-08,4.72763229652258e-06,0.012004704430638643,0.012,4.727632296521733e-06,0.012004704430638643,0.012
3,0.006,0.008,-4.339936670349913,4.339936670349914,4.440892098500626e-16,8.679873340699828,-0.10089009591565737,0.10089009591565737,-4.339936670349913,4.339936670349914,-6.0,6.0,0.0,12.0,0.0,0.0,0.0,0.0,0.0,0.0,0.0,0.0,0.0,0.0,0.0,0.0,0.0,0.0,6.002352215726224,6.002352215726223,2.562186574017744e-15,0.0,0.4029997636179355,0.0,-6.249999999999999,6.25,0.1707825127659933,0.1707825127659935,2.2998000011707817e-08,4.727632285969966e-06,0.012004704431045968,0.012,4.727632285970173e-06,0.01200470443104597,0.012
4,0.008,0.01,-4.339936670161414,4.339936670161415,4.440892098500626e-16,8.679873340322828,-0.10089009591674136,0.10089009591674136,-4.339936670161414,4.339936670161415,-6.0,6.0,0.0,12.0,0.0,0.0,0.0,0.0,0.0,0.0,0.0,0.0,0.0,0.0,0.0,0.0,0.0,0.0,6.002352215929044,6.002352215929043,9.818534874028728e-16,0.0,0.40299976361793605,0.0,-6.249999999999999,6.25,0.1707825127659933,0.1707825127659935,2.299800399304933e-08,4.727632275441822e-06,0.012004704431452448,0.012,4.7276322754408185e-06,0.012004704431452445,0.012
5,0.01,0.012,-4.3399366699733095,4.33993666997331,4.440892098500626e-16,8.67987333994662,-0.100890095917823,0.100890095917823,-4.3399366699733095,4.33993666997331,-6.0,6.0,0.0,12.0,0.0,0.0,0.0,0.0,0.0,0.0,0.0,0.0,0.0,0.0,0.0,0.0,0.0,0.0,6.002352216131442,6.002352216131442,7.840950111415168e-16,0.0,0.40299976361793655,0.0,-6.249999999999999,6.25,0.1707825127659933,0.1707825127659935,2.2998007967178513e-08,4.7276322649359295e-06,0.012004704431858087,0.012,4.727632264935888e-06,0.012004704431858085,0.012
6,0.012,0.014,-4.3399366697855974,4.339936669785599,8.881784197001252e-16,8.679873339571197,-0.10089009591890186,0.10089009591890186,-4.3399366697855974,4.339936669785599,-6.0,6.0,0.0,12.0,0.0,0.0,0.0,0.0,0.0,0.0,0.0,0.0,0.0,0.0,0.0,0.0,0.0,0.0,6.002352216333421,6.002352216333421,7.563394355258879e-16,0.0,0.4029997636179371,0.0,-6.249999999999999,6.25,0.1707825127659933,0.1707825127659935,2.2998011934108165e-08,4.7276322544522865e-06,0.012004704432262883,0.012,4.727632254453162e-06,0.012004704432262885,0.012
7,0.014,0.016,-4.339936669598278,4.33993666959828,8.881784197001252e-16,8.679873339196558,-0.10089009591997794,0.10089009591997794,-4.339936669598278,4.33993666959828,-6.0,6.0,0.0,12.0,0.0,0.0,0.0,0.0,0.0,0.0,0.0,0.0,0.0,0.0,0.0,0.0,0.0,0.0,6.002352216534983,6.002352216534983,1.0651202142497596e-15,0.0,0.4029997636179376,0.0,-6.249999999999999,6.25,0.1707825127659933,0.1707825127659935,2.2998015893851075e-08,4.727632243993115e-06,0.012004704432666841,0.012,4.727632243992641e-06,0.012004704432666841,0.012
8,0.016,0.018000000000000002,-4.33993666941135,4.339936669411352,8.881784197001252e-16,8.679873338822702,-0.10089009592105125,0.10089009592105125,-4.33993666941135,4.339936669411352,-6.0,6.0,0.0,12.0,0.0,0.0,0.0,0.0,0.0,0.0,0.0,0.0,0.0,0.0,0.0,0.0,0.0,0.0,6.002352216736126,6.002352216736125,1.5317608292875207e-15,0.0,0.4029997636179381,0.0,-6.249999999999999,6.25,0.1707825127659933,0.1707825127659935,2.2998019846419998e-08,4.727632233556194e-06,0.012004704433069965,0.012,4.7276322335565445e-06,0.012004704433069965,0.012
9,0.018000000000000002,0.02,-4.339936669224813,4.339936669224814,4.440892098500626e-16,8.679873338449628,-0.1008900959221222,0.1008900959221222,-4.339936669224813,4.339936669224814,-6.0,6.0,0.0,12.0,0.0,0.0,0.0,0.0,0.0,0.0,0.0,0.0,0.0,0.0,0.0,0.0,0.0,0.0,6.002352216936853,6.0023522169368535,1.222980050563649e-15,0.0,0.40299976361793866,0.0,-6.249999999999999,6.25,0.1707825127659933,0.1707825127659935,2.299802379182768e-08,4.727632223143742e-06,0.012004704433472253,0.012,4.727632223142653e-06,0.012004704433472251,0.012
10,0.02,0.022,-4.339936669038666,4.339936669038667,4.440892098500626e-16,8.679873338077332,-0.10089009592319051,0.10089009592319051,-4.339936669038666,4.339936669038667,-6.0,6.0,0.0,12.0,0.0,0.0,0.0,0.0,0.0,0.0,0.0,0.0,0.0,0.0,0.0,0.0,0.0,0.0,6.002352217137165,6.002352217137165,1.3374717999781183e-15,0.0,0.40299976361793916,0.0,-6.249999999999999,6.25,0.1707825127659933,0.1707825127659935,2.2998027730086828e-08,4.7276322127513206e-06,0.012004704433873704,0.012,4.727632212750965e-06,0.012004704433873708,0.012
11,0.022,0.024,-4.339936668852908,4.339936668852909,4.440892098500626e-16,8.679873337705818,-0.10089009592425618,0.10089009592425618,-4.339936668852908,4.339936668852909,-6.0,6.0,0.0,12.0,0.0,0.0,0.0,0.0,0.0,0.0,0.0,0.0,0.0,0.0,0.0,0.0,0.0,0.0,6.002352217337061,6.002352217337062,5.967448757360216e-16,0.0,0.40299976361793965,0.0,-6.249999999999999,6.25,0.1707825127659933,0.1707825127659935,2.2998031661210146e-08,4.7276322023811496e-06,0.01200470443427433,0.012,4.7276322023814824e-06,0.01200470443427433,0.012
12,0.024,0.026000000000000002,-4.339936668667538,4.339936668667539,4.440892098500626e-16,8.679873337335078,-0.10089009592531922,0.10089009592531922,-4.339936668667538,4.339936668667539,-6.0,6.0,0.0,12.0,0.0,0.0,0.0,0.0,0.0,0.0,0.0,0.0,0.0,0.0,0.0,0.0,0.0,0.0,6.002352217536544,6.002352217536544,1.0061396160665481e-15,0.0,0.4029997636179402,0.0,-6.249999999999999,6.25,0.1707825127659933,0.1707825127659935,2.299803558521031e-08,4.727632192033228e-06,0.012004704434674123,0.012,4.727632192034203e-06,0.012004704434674123,0.012
13,0.026000000000000002,0.028,-4.339936668482555,4.339936668482556,4.440892098500626e-16,8.679873336965112,-0.10089009592637949,0.10089009592637949,-4.339936668482555,4.339936668482556,-6.0,6.0,0.0,12.0,0.0,0.0,0.0,0.0,0.0,0.0,0.0,0.0,0.0,0.0,0.0,0.0,0.0,0.0,6.002352217735613,6.002352217735613,8.673617379884035e-17,0.0,0.4029997636179407,0.0,-6.249999999999999,6.25,0.1707825127659933,0.1707825127659935,2.299803950209994e-08,4.727632181707557e-06,0.012004704435073087,0.012,4.727632181706909e-06,0.012004704435073087,0.012
14,0.028,0.03,-4.339936668297959,4.33993666829796,4.440892098500626e-16,8.679873336595918,-0.10089009592743711,0.10089009592743711,-4.339936668297959,4.33993666829796,-6.0,6.0,0.0,12.0,0.0,0.0,0.0,0.0,0.0,0.0,0.0,0.0,0.0,0.0,0.0,0.0,0.0,0.0,6.002352217934268,6.00235221793427,1.4519635493925875e-15,0.0,0.4029997636179412,0.0,-6.249999999999999,6.25,0.1707825127659933,0.1707825127659935,2.2998043411891697e-08,4.727632171404136e-06,0.012004704435471225,0.012,4.727632171404039e-06,0.012004704435471227,0.012
15,0.03,0.032,-4.339936668113749,4.33993666811375,4.440892098500626e-16,8.679873336227498,-0.10089009592849224,0.10089009592849224,-4.339936668113749,4.33993666811375,-6.0,6.0,0.0,12.0,0.0,0.0,0.0,0.0,0.0,0.0,0.0,0.0,0.0,0.0,0.0,0.0,0.0,0.0,6.002352218132514,6.002352218132514,1.1830814106161824e-15,0.0,0.4029997636179417,0.0,-6.249999999999999,6.25,0.1707825127659933,0.1707825127659935,2.299804731459817e-08,4.727632161122963e-06,0.012004704435868535,0.012,4.727632161123374e-06,0.012004704435868539,0.012
16,0.032,0.034,-4.339936667929924,4.3399366679299245,4.440892098500626e-16,8.679873335859849,-0.10089009592954473,0.10089009592954473,-4.339936667929924,4.3399366679299245,-6.0,6.0,0.0,12.0,0.0,0.0,0.0,0.0,0.0,0.0,0.0,0.0,0.0,0.0,0.0,0.0,0.0,0.0,6.0023522183303495,6.002352218330349,8.968520370800093e-16,0.0,0.40299976361794226,0.0,-6.249999999999999,6.25,0.1707825127659933,0.1707825127659935,2.2998051210231945e-08,4.727632150866262e-06,0.012004704436265027,0.012,4.727632150867134e-06,0.012004704436265027,0.012
17,0.034,0.036000000000000004,-4.339936667746483,4.339936667746484,4.440892098500626e-16,8.679873335492967,-0.10089009593059473,0.10089009593059473,-4.339936667746483,4.339936667746484,-6.0,6.0,0.0,12.0,0.0,0.0,0.0,0.0,0.0,0.0,0.0,0.0,0.0,0.0,0.0,0.0,0.0,0.0,6.002352218527774,6.002352218527774,5.342948306008566e-16,0.0,0.40299976361794276,0.0,-6.249999999999999,6.25,0.1707825127659933,0.1707825127659935,2.2998055098805592e-08,4.727632140631809e-06,0.012004704436660699,0.012,4.727632140630877e-06,0.012004704436660697,0.012
18,0.036000000000000004,0.038,-4.339936667563425,4.339936667563426,4.440892098500626e-16,8.67987333512685,-0.10089009593164236,0.10089009593164236,-4.339936667563425,4.339936667563426,-6.0,6.0,0.0,12.0,0.0,0.0,0.0,0.0,0.0,0.0,0.0,0.0,0.0,0.0,0.0,0.0,0.0,0.0,6.0023522187247895,6.0023522187247895,1.5265566588595902e-16,0.0,0.40299976361794326,0.0,-6.249999999999999,6.25,0.1707825127659933,0.1707825127659935,2.299805898033165e-08,4.727632130417386e-06,0.012004704437055548,0.012,4.7276321304168255e-06,0.012004704437055548,0.012
19,0.038,0.04,-4.33993666738075,4.339936667380751,8.881784197001252e-16,8.679873334761501,-0.1008900959326868,0.1008900959326868,-4.33993666738075,4.339936667380751,-6.0,6.0,0.0,12.0,0.0,0.0,0.0,0.0,0.0,0.0,0.0,0.0,0.0,0.0,0.0,0.0,0.0,0.0,6.002352218921398,6.002352218921397,6.158268339717665e-16,0.0,0.40299976361794376,0.0,-6.249999999999999,6.25,0.1707825127659933,0.1707825127659935,2.299806285482263e-08,4.727632120225212e-06,0.01200470443744958,0.012,4.727632120224979e-06,0.01200470443744958,0.012
20,0.04,0.042,-4.339936667198456,4.339936667198458,8.881784197001252e-16,8.679873334396914,-0.10089009593372902,0.10089009593372902,-4.339936667198456,4.339936667198458,-6.0,6.0,0.0,12.0,0.0,0.0,0.0,0.0,0.0,0.0,0.0,0.0,0.0,0.0,0.0,0.0,0.0,0.0,6.002352219117597,6.002352219117597,1.0356299151581538e-15,0.0,0.40299976361794426,0.0,-6.249999999999999,6.25,0.1707825127659933,0.1707825127659935,2.299806672229104e-08,4.7276321100530675e-06,0.012004704437842795,0.012,4.727632110053115e-06,0.012004704437842793,0.012
21,0.042,0.044,-4.339936667016544,4.339936667016546,8.881784197001252e-16,8.67987333403309,-0.10089009593476861,0.10089009593476861,-4.339936667016544,4.339936667016546,-6.0,6.0,0.0,12.0,0.0,0.0,0.0,0.0,0.0,0.0,0.0,0.0,0.0,0.0,0.0,0.0,0.0,0.0,6.0023522193133925,6.002352219313391,1.2542050731312315e-15,0.0,0.40299976361794476,0.0,-6.249999999999999,6.25,0.1707825127659933,0.1707825127659935,2.2998070582749355e-08,4.727632099903172e-06,0.012004704438235194,0.012,4.727632099903456e-06,0.012004704438235193,0.012
22,0.044,0.046,-4.339936666835012,4.339936666835014,8.881784197001252e-16,8.679873333670026,-0.10089009593580583,0.10089009593580583,-4.339936666835012,4.339936666835014,-6.0,6.0,0.0,12.0,0.0,0.0,0.0,0.0,0.0,0.0,0.0,0.0,0.0,0.0,0.0,0.0,0.0,0.0,6.00235221950878,6.00235221950878,9.228728892196614e-16,0.0,0.40299976361794526,0.0,-6.249999999999999,6.25,0.1707825127659933,0.1707825127659935,2.299807443621002e-08,4.727632089777747e-06,0.012004704438626786,0.012,4.727632089778222e-06,0.012004704438626782,0.012
23,0.046,0.048,-4.33993666665386,4.339936666653861,4.440892098500626e-16,8.679873333307722,-0.10089009593684028,0.10089009593684028,-4.33993666665386,4.339936666653861,-6.0,6.0,0.0,12.0,0.0,0.0,0.0,0.0,0.0,0.0,0.0,0.0,0.0,0.0,0.0,0.0,0.0,0.0,6.0023522197037655,6.002352219703764,1.5300261058115439e-15,0.0,0.4029997636179458,0.0,-6.249999999999999,6.25,0.1707825127659933,0.1707825127659935,2.2998078282685474e-08,4.72763207967235e-06,0.01200470443901756,0.012,4.727632079672972e-06,0.01200470443901756,0.012
24,0.048,0.05,-4.339936666473085,4.339936666473087,8.881784197001252e-16,8.679873332946173,-0.10089009593787224,0.10089009593787224,-4.339936666473085,4.339936666473087,-6.0,6.0,0.0,12.0,0.0,0.0,0.0,0.0,0.0,0.0,0.0,0.0,0.0,0.0,0.0,0.0,0.0,0.0,6.002352219898345,6.002352219898344,4.718447854656915e-16,0.0,0.4029997636179463,0.0,-6.249999999999999,6.25,0.1707825127659933,0.1707825127659935,2.299808212218813e-08,4.727632069589202e-06,0.012004704439407531,0.012,4.727632069589927e-06,0.012004704439407527,0.012
25,0.05,0.052000000000000005,-4.339936666292689,4.339936666292691,8.881784197001252e-16,8.67987333258538,-0.10089009593890169,0.10089009593890169,-4.339936666292689,4.339936666292691,-6.0,6.0,0.0,12.0,0.0,0.0,0.0,0.0,0.0,0.0,0.0,0.0,0.0,0.0,0.0,0.0,0.0,0.0,6.00235222009252,6.002352220092522,1.5404344466674047e-15,0.0,0.4029997636179468,0.0,-6.249999999999999,6.25,0.1707825127659933,0.1707825127659935,2.2998085954730377e-08,4.727632059526082e-06,0.012004704439796688,0.012,4.727632059526865e-06,0.012004704439796688,0.012
26,0.052000000000000005,0.054,-4.339936666112671,4.3399366661126715,4.440892098500626e-16,8.679873332225341,-0.10089009593992823,0.10089009593992823,-4.339936666112671,4.3399366661126715,-6.0,6.0,0.0,12.0,0.0,0.0,0.0,0.0,0.0,0.0,0.0,0.0,0.0,0.0,0.0,0.0,0.0,0.0,6.002352220286295,6.002352220286295,1.6688039838896884e-15,0.0,0.4029997636179473,0.0,-6.249999999999999,6.25,0.1707825127659933,0.1707825127659935,2.2998089780324573e-08,4.727632049487432e-06,0.012004704440185041,0.012,4.727632049488229e-06,0.012004704440185043,0.012
27,0.054,0.056,-4.339936665933028,4.3399366659330285,4.440892098500626e-16,8.679873331866055,-0.10089009594095283,0.10089009594095283,-4.339936665933028,4.3399366659330285,-6.0,6.0,0.0,12.0,0.0,0.0,0.0,0.0,0.0,0.0,0.0,0.0,0.0,0.0,0.0,0.0,0.0,0.0,6.002352220479669,6.002352220479671,2.699229728619912e-15,0.0,0.4029997636179478,0.0,-6.249999999999999,6.25,0.1707825127659933,0.1707825127659935,2.299809359898308e-08,4.727632039471031e-06,0.01200470444057259,0.012,4.727632039471797e-06,0.01200470444057259,0.012
28,0.056,0.058,-4.33993666575376,4.339936665753761,4.440892098500626e-16,8.679873331507522,-0.10089009594197451,0.10089009594197451,-4.33993666575376,4.339936665753761,-6.0,6.0,0.0,12.0,0.0,0.0,0.0,0.0,0.0,0.0,0.0,0.0,0.0,0.0,0.0,0.0,0.0,0.0,6.002352220672642,6.002352220672642,1.7503359872605984e-15,0.0,0.4029997636179483,0.0,-6.249999999999999,6.25,0.1707825127659933,0.1707825127659935,2.299809741071822e-08,4.727632029474658e-06,0.012004704440959338,0.012,4.727632029475348e-06,0.012004704440959342,0.012
29,0.058,0.06,-4.339936665574867,4.339936665574869,8.881784197001252e-16,8.679873331149736,-0.10089009594299397,0.10089009594299397,-4.339936665574867,4.339936665574869,-6.0,6.0,0.0,12.0,0.0,0.0,0.0,0.0,0.0,0.0,0.0,0.0,0.0,0.0,0.0,0.0,0.0,0.0,6.002352220865215,6.002352220865214,8.205242041370298e-16,0.0,0.4029997636179488,0.0,-6.249999999999999,6.25,0.1707825127659933,0.1707825127659935,2.2998101215542285e-08,4.7276320195005334e-06,0.012004704441345285,0.012,4.727632019501104e-06,0.012004704441345285,0.012
30,0.06,0.062,-4.3399366653963485,4.339936665396349,4.440892098500626e-16,8.679873330792699,-0.10089009594401094,0.10089009594401094,-4.3399366653963485,4.339936665396349,-6.0,6.0,0.0,12.0,0.0,0.0,0.0,0.0,0.0,0.0,0.0,0.0,0.0,0.0,0.0,0.0,0.0,0.0,6.0023522210573885,6.002352221057389,1.0581813203458523e-15,0.0,0.4029997636179493,0.0,-6.249999999999999,6.25,0.1707825127659933,0.1707825127659935,2.299810501346757e-08,4.727632009548659e-06,0.01200470444173043,0.012,4.727632009549065e-06,0.012004704441730428,0.012
31,0.062,0.064,-4.339936665218202,4.339936665218204,8.881784197001252e-16,8.679873330436406,-0.10089009594502527,0.10089009594502527,-4.339936665218202,4.339936665218204,-6.0,6.0,0.0,12.0,0.0,0.0,0.0,0.0,0.0,0.0,0.0,0.0,0.0,0.0,0.0,0.0,0.0,0.0,6.002352221249166,6.002352221249166,1.222980050563649e-15,0.0,0.40299976361794976,0.0,-6.249999999999999,6.25,0.1707825127659933,0.1707825127659935,2.2998108804506328e-08,4.727631999619032e-06,0.012004704442114777,0.012,4.727631999619231e-06,0.012004704442114779,0.012
32,0.064,0.066,-4.339936665040429,4.3399366650404305,8.881784197001252e-16,8.67987333008086,-0.10089009594603682,0.10089009594603682,-4.339936665040429,4.3399366650404305,-6.0,6.0,0.0,12.0,0.0,0.0,0.0,0.0,0.0,0.0,0.0,0.0,0.0,0.0,0.0,0.0,0.0,0.0,6.002352221440544,6.002352221440544,3.191891195797325e-16,0.0,0.40299976361795026,0.0,-6.249999999999999,6.25,0.1707825127659933,0.1707825127659935,2.2998112588670807e-08,4.7276319897072125e-06,0.012004704442498331,0.012,4.727631989707159e-06,0.012004704442498331,0.012
33,0.066,0.068,-4.3399366648630275,4.339936664863028,4.440892098500626e-16,8.679873329726057,-0.10089009594704615,0.10089009594704615,-4.3399366648630275,4.339936664863028,-6.0,6.0,0.0,12.0,0.0,0.0,0.0,0.0,0.0,0.0,0.0,0.0,0.0,0.0,0.0,0.0,0.0,0.0,6.002352221631527,6.002352221631527,2.0816681711721685e-17,0.0,0.40299976361795076,0.0,-6.249999999999999,6.25,0.1707825127659933,0.1707825127659935,2.2998116365973213e-08,4.727631979817642e-06,0.01200470444288109,0.012,4.727631979817293e-06,0.01200470444288109,0.012
34,0.068,0.07,-4.339936664685996,4.339936664685998,8.881784197001252e-16,8.679873329371993,-0.10089009594805298,0.10089009594805298,-4.339936664685996,4.339936664685998,-6.0,6.0,0.0,12.0,0.0,0.0,0.0,0.0,0.0,0.0,0.0,0.0,0.0,0.0,0.0,0.0,0.0,0.0,6.002352221822114,6.002352221822114,3.400058012914542e-16,0.0,0.40299976361795126,0.0,-6.249999999999999,6.25,0.1707825127659933,0.1707825127659935,2.299812013642576e-08,4.72763196995032e-06,0.012004704443263053,0.012,4.72763196994963e-06,0.012004704443263053,0.012
35,0.07,0.07200000000000001,-4.339936664509335,4.339936664509336,4.440892098500626e-16,8.679873329018672,-0.10089009594905732,0.10089009594905732,-4.339936664509335,4.339936664509336,-6.0,6.0,0.0,12.0,0.0,0.0,0.0,0.0,0.0,0.0,0.0,0.0,0.0,0.0,0.0,0.0,0.0,0.0,6.002352222012306,6.002352222012305,1.0026701691145945e-15,0.0,0.40299976361795176,0.0,-6.249999999999999,6.25,0.1707825127659933,0.1707825127659935,2.2998123900040615e-08,4.727631960105246e-06,0.012004704443644227,0.012,4.7276319601041725e-06,0.012004704443644227,0.012
36,0.07200000000000001,0.074,-4.3399366643330435,4.339936664333044,4.440892098500626e-16,8.679873328666087,-0.10089009595005916,0.10089009595005916,-4.3399366643330435,4.339936664333044,-6.0,6.0,0.0,12.0,0.0,0.0,0.0,0.0,0.0,0.0,0.0,0.0,0.0,0.0,0.0,0.0,0.0,0.0,6.002352222202103,6.002352222202102,5.0133508455729725e-16,0.0,0.40299976361795226,0.0,-6.249999999999999,6.25,0.1707825127659933,0.1707825127659935,2.2998127656829938e-08,4.727631950277979e-06,0.01200470444402461,0.012,4.727631950278699e-06,0.012004704444024608,0.012
37,0.074,0.076,-4.33993666415712,4.339936664157121,4.440892098500626e-16,8.67987332831424,-0.10089009595105863,0.10089009595105863,-4.33993666415712,4.339936664157121,-6.0,6.0,0.0,12.0,0.0,0.0,0.0,0.0,0.0,0.0,0.0,0.0,0.0,0.0,0.0,0.0,0.0,0.0,6.002352222391507,6.002352222391508,9.593020822151743e-16,0.0,0.40299976361795276,0.0,-6.249999999999999,6.25,0.1707825127659933,0.1707825127659935,2.2998131406805858e-08,4.727631940475181e-06,0.012004704444404206,0.012,4.72763194047543e-06,0.012004704444404204,0.012
38,0.076,0.078,-4.339936663981564,4.3399366639815655,8.881784197001252e-16,8.67987332796313,-0.10089009595205534,0.10089009595205534,-4.339936663981564,4.3399366639815655,-6.0,6.0,0.0,12.0,0.0,0.0,0.0,0.0,0.0,0.0,0.0,0.0,0.0,0.0,0.0,0.0,0.0,0.0,6.0023522225805195,6.00235222258052,1.682681771697503e-16,0.0,0.4029997636179532,0.0,-6.249999999999999,6.25,0.1707825127659933,0.1707825127659935,2.2998135149980496e-08,4.72763193069241e-06,0.012004704444783014,0.012,4.727631930692144e-06,0.012004704444783017,0.012
39,0.078,0.08,-4.339936663806376,4.339936663806377,4.440892098500626e-16,8.679873327612754,-0.10089009595304982,0.10089009595304982,-4.339936663806376,4.339936663806377,-6.0,6.0,0.0,12.0,0.0,0.0,0.0,0.0,0.0,0.0,0.0,0.0,0.0,0.0,0.0,0.0,0.0,0.0,6.002352222769141,6.002352222769141,5.585809592645319e-16,0.0,0.4029997636179537,0.0,-6.249999999999999,6.25,0.1707825127659933,0.1707825127659935,2.299813888636593e-08,4.727631920929668e-06,0.01200470444516104,0.012,4.727631920928843e-06,0.012004704445161041,0.012
40,0.08,0.082,-4.339936663631553,4.339936663631554,4.440892098500626e-16,8.679873327263106,-0.1008900959540418,0.1008900959540418,-4.339936663631553,4.339936663631554,-6.0,6.0,0.0,12.0,0.0,0.0,0.0,0.0,0.0,0.0,0.0,0.0,0.0,0.0,0.0,0.0,0.0,0.0,6.002352222957372,6.002352222957373,1.3617579286417936e-15,0.0,0.4029997636179542,0.0,-6.249999999999999,6.25,0.1707825127659933,0.1707825127659935,2.2998142615974248e-08,4.7276319111891735e-06,0.012004704445538283,0.012,4.727631911189967e-06,0.012004704445538283,0.012
41,0.082,0.084,-4.339936663457095,4.339936663457097,8.881784197001252e-16,8.679873326914192,-0.10089009595503129,0.10089009595503129,-4.339936663457095,4.339936663457097,-6.0,6.0,0.0,12.0,0.0,0.0,0.0,0.0,0.0,0.0,0.0,0.0,0.0,0.0,0.0,0.0,0.0,0.0,6.002352223145213,6.002352223145213,4.649058915617843e-16,0.0,0.4029997636179547,0.0,-6.249999999999999,6.25,0.1707825127659933,0.1707825127659935,2.2998146338817492e-08,4.727631901470926e-06,0.012004704445914744,0.012,4.727631901471075e-06,0.012004704445914744,0.012
42,0.084,0.08600000000000001,-4.339936663283003,4.339936663283004,4.440892098500626e-16,8.679873326566007,-0.10089009595601856,0.10089009595601856,-4.339936663283003,4.339936663283004,-6.0,6.0,0.0,12.0,0.0,0.0,0.0,0.0,0.0,0.0,0.0,0.0,0.0,0.0,0.0,0.0,0.0,0.0,6.002352223332663,6.002352223332664,1.2385925618474403e-15,0.0,0.40299976361795514,0.0,-6.249999999999999,6.25,0.1707825127659933,0.1707825127659935,2.2998150054907697e-08,4.727631891772707e-06,0.012004704446290424,0.012,4.727631891772166e-06,0.012004704446290424,0.012
43,0.08600000000000001,0.088,-4.339936663109274,4.339936663109276,8.881784197001252e-16,8.67987332621855,-0.10089009595700318,0.10089009595700318,-4.339936663109274,4.339936663109276,-6.0,6.0,0.0,12.0,0.0,0.0,0.0,0.0,0.0,0.0,0.0,0.0,0.0,0.0,0.0,0.0,0.0,0.0,6.002352223519726,6.002352223519727,6.938893903907228e-16,0.0,0.40299976361795564,0.0,-6.249999999999999,6.25,0.1707825127659933,0.1707825127659935,2.2998153764256852e-08,4.727631882094514e-06,0.012004704446665326,0.012,4.727631882095462e-06,0.012004704446665326,0.012
44,0.088,0.09,-4.339936662935909,4.33993666293591,8.881784197001252e-16,8.679873325871819,-0.10089009595798559,0.10089009595798559,-4.339936662935909,4.33993666293591,-6.0,6.0,0.0,12.0,0.0,0.0,0.0,0.0,0.0,0.0,0.0,0.0,0.0,0.0,0.0,0.0,0.0,0.0,6.002352223706402,6.002352223706402,8.430756093247282e-16,0.0,0.40299976361795614,0.0,-6.249999999999999,6.25,0.1707825127659933,0.1707825127659935,2.299815746687697e-08,4.72763187243857e-06,0.012004704447039454,0.012,4.727631872438743e-06,0.012004704447039454,0.012
45,0.09,0.092,-4.339936662762906,4.339936662762907,4.440892098500626e-16,8.679873325525811,-0.10089009595896536,0.10089009595896536,-4.339936662762906,4.339936662762907,-6.0,6.0,0.0,12.0,0.0,0.0,0.0,0.0,0.0,0.0,0.0,0.0,0.0,0.0,0.0,0.0,0.0,0.0,6.00235222389269,6.00235222389269,5.204170427930421e-16,0.0,0.4029997636179566,0.0,-6.249999999999999,6.25,0.1707825127659933,0.1707825127659935,2.2998161162780003e-08,4.727631862802652e-06,0.012004704447412803,0.012,4.727631862802006e-06,0.012004704447412803,0.012
46,0.092,0.094,-4.339936662590264,4.339936662590265,4.440892098500626e-16,8.67987332518053,-0.10089009595994278,0.10089009595994278,-4.339936662590264,4.339936662590265,-6.0,6.0,0.0,12.0,0.0,0.0,0.0,0.0,0.0,0.0,0.0,0.0,0.0,0.0,0.0,0.0,0.0,0.0,6.002352224078593,6.002352224078594,7.806255641895632e-16,0.0,0.4029997636179571,0.0,-6.249999999999999,6.25,0.1707825127659933,0.1707825127659935,2.2998164851977904e-08,4.727631853188983e-06,0.012004704447785381,0.012,4.727631853189695e-06,0.012004704447785381,0.012
47,0.094,0.096,-4.339936662417983,4.339936662417984,4.440892098500626e-16,8.679873324835967,-0.10089009596091783,0.10089009596091783,-4.339936662417983,4.339936662417984,-6.0,6.0,0.0,12.0,0.0,0.0,0.0,0.0,0.0,0.0,0.0,0.0,0.0,0.0,0.0,0.0,0.0,0.0,6.002352224264112,6.002352224264111,1.2784912017949068e-15,0.0,0.4029997636179576,0.0,-6.249999999999999,6.25,0.1707825127659933,0.1707825127659935,2.2998168534482593e-08,4.72763184359756e-06,0.012004704448157186,0.012,4.727631843597369e-06,0.012004704448157188,0.012
48,0.096,0.098,-4.339936662246062,4.339936662246063,4.440892098500626e-16,8.679873324492124,-0.10089009596189052,0.10089009596189052,-4.339936662246062,4.339936662246063,-6.0,6.0,0.0,12.0,0.0,0.0,0.0,0.0,0.0,0.0,0.0,0.0,0.0,0.0,0.0,0.0,0.0,0.0,6.002352224449246,6.002352224449244,7.962380754733545e-16,0.0,0.40299976361795803,0.0,-6.249999999999999,6.25,0.1707825127659933,0.1707825127659935,2.2998172210305983e-08,4.727631834023944e-06,0.012004704448528225,0.012,4.727631834025026e-06,0.012004704448528221,0.012
49,0.098,0.1,-4.339936662074501,4.339936662074502,4.440892098500626e-16,8.679873324149003,-0.10089009596286072,0.10089009596286072,-4.339936662074501,4.339936662074502,-6.0,6.0,0.0,12.0,0.0,0.0,0.0,0.0,0.0,0.0,0.0,0.0,0.0,0.0,0.0,0.0,0.0,0.0,6.002352224633995,6.002352224633996,1.6670692604137116e-15,0.0,0.40299976361795853,0.0,-6.249999999999999,6.25,0.1707825127659933,0.1707825127659935,2.299817587945995e-08,4.727631824470355e-06,0.012004704448898491,0.012,4.727631824470446e-06,0.01200470444889849,0.012
50,0.1,0.10200000000000001,-4.339936661903298,4.339936661903299,4.440892098500626e-16,8.679873323806596,-0.10089009596382842,0.10089009596382842,-4.339936661903298,4.339936661903299,-6.0,6.0,0.0,12.0,0.0,0.0,0.0,0.0,0.0,0.0,0.0,0.0,0.0,0.0,0.0,0.0,0.0,0.0,6.002352224818363,6.002352224818363,6.696032617270475e-16,0.0,0.402999763617959,0.0,-6.249999999999999,6.25,0.1707825127659933,0.1707825127659935,2.2998179541956355e-08,4.727631814939014e-06,0.01200470444926799,0.012,4.727631814938072e-06,0.012004704449267992,0.012
51,0.10200000000000001,0.10400000000000001,-4.339936661732453,4.339936661732454,8.881784197001252e-16,8.679873323464907,-0.1008900959647939,0.1008900959647939,-4.339936661732453,4.339936661732454,-6.0,6.0,0.0,12.0,0.0,0.0,0.0,0.0,0.0,0.0,0.0,0.0,0.0,0.0,0.0,0.0,0.0,0.0,6.002352225002348,6.002352225002348,2.3245294578089215e-16,0.0,0.40299976361795947,0.0,-6.249999999999999,6.25,0.1707825127659933,0.1707825127659935,2.2998183197807052e-08,4.727631805427699e-06,0.012004704449636725,0.012,4.727631805427901e-06,0.012004704449636727,0.012
52,0.10400000000000001,0.106,-4.339936661561965,4.339936661561966,4.440892098500626e-16,8.679873323123932,-0.10089009596575688,0.10089009596575688,-4.339936661561965,4.339936661561966,-6.0,6.0,0.0,12.0,0.0,0.0,0.0,0.0,0.0,0.0,0.0,0.0,0.0,0.0,0.0,0.0,0.0,0.0,6.002352225185952,6.002352225185953,1.0408340855860843e-15,0.0,0.4029997636179599,0.0,-6.249999999999999,6.25,0.1707825127659933,0.1707825127659935,2.2998186847023856e-08,4.727631795938631e-06,0.012004704450004696,0.012,4.727631795937714e-06,0.012004704450004696,0.012
53,0.106,0.108,-4.3399366613918335,4.339936661391834,4.440892098500626e-16,8.679873322783667,-0.10089009596671736,0.10089009596671736,-4.3399366613918335,4.339936661391834,-6.0,6.0,0.0,12.0,0.0,0.0,0.0,0.0,0.0,0.0,0.0,0.0,0.0,0.0,0.0,0.0,0.0,0.0,6.002352225369176,6.002352225369177,2.949029909160572e-17,0.0,0.4029997636179604,0.0,-6.249999999999999,6.25,0.1707825127659933,0.1707825127659935,2.2998190489618574e-08,4.727631786467369e-06,0.012004704450371904,0.012,4.727631786467512e-06,0.012004704450371906,0.012
54,0.108,0.11,-4.339936661222057,4.339936661222058,4.440892098500626e-16,8.679873322444116,-0.10089009596767562,0.10089009596767562,-4.339936661222057,4.339936661222058,-6.0,6.0,0.0,12.0,0.0,0.0,0.0,0.0,0.0,0.0,0.0,0.0,0.0,0.0,0.0,0.0,0.0,0.0,6.002352225552022,6.002352225552022,1.1969591984239969e-15,0.0,0.40299976361796086,0.0,-6.249999999999999,6.25,0.1707825127659933,0.1707825127659935,2.2998194125602986e-08,4.727631777018355e-06,0.012004704450738353,0.012,4.727631777017294e-06,0.012004704450738354,0.012
55,0.11,0.112,-4.339936661052636,4.339936661052637,4.440892098500626e-16,8.679873322105273,-0.10089009596863166,0.10089009596863166,-4.339936661052636,4.339936661052637,-6.0,6.0,0.0,12.0,0.0,0.0,0.0,0.0,0.0,0.0,0.0,0.0,0.0,0.0,0.0,0.0,0.0,0.0,6.002352225734487,6.002352225734487,1.9255430583342559e-16,0.0,0.40299976361796136,0.0,-6.249999999999999,6.25,0.1707825127659933,0.1707825127659935,2.299819775498884e-08,4.727631767587146e-06,0.012004704451104043,0.012,4.72763176758706e-06,0.012004704451104043,0.012
56,0.112,0.114,-4.339936660883569,4.339936660883571,8.881784197001252e-16,8.67987332176714,-0.1008900959695852,0.1008900959695852,-4.339936660883569,4.339936660883571,-6.0,6.0,0.0,12.0,0.0,0.0,0.0,0.0,0.0,0.0,0.0,0.0,0.0,0.0,0.0,0.0,0.0,0.0,6.0023522259165745,6.002352225916576,1.1830814106161824e-15,0.0,0.4029997636179618,0.0,-6.249999999999999,6.25,0.1707825127659933,0.1707825127659935,2.2998201377787894e-08,4.727631758178184e-06,0.012004704451468973,0.012,4.727631758179029e-06,0.012004704451468973,0.012
57,0.114,0.116,-4.339936660714856,4.339936660714857,4.440892098500626e-16,8.679873321429714,-0.10089009597053666,0.10089009597053666,-4.339936660714856,4.339936660714857,-6.0,6.0,0.0,12.0,0.0,0.0,0.0,0.0,0.0,0.0,0.0,0.0,0.0,0.0,0.0,0.0,0.0,0.0,6.002352226098285,6.002352226098285,1.7763568394002505e-15,0.0,0.4029997636179623,0.0,-6.249999999999999,6.25,0.1707825127659933,0.1707825127659935,2.2998204994011855e-08,4.727631748791469e-06,0.012004704451833149,0.012,4.727631748790984e-06,0.012004704451833152,0.012
58,0.116,0.11800000000000001,-4.339936660546495,4.3399366605464955,4.440892098500626e-16,8.679873321092991,-0.10089009597148563,0.10089009597148563,-4.339936660546495,4.3399366605464955,-6.0,6.0,0.0,12.0,0.0,0.0,0.0,0.0,0.0,0.0,0.0,0.0,0.0,0.0,0.0,0.0,0.0,0.0,6.002352226279619,6.002352226279619,1.9081958235744878e-16,0.0,0.40299976361796275,0.0,-6.249999999999999,6.25,0.1707825127659933,0.1707825127659935,2.299820860367244e-08,4.7276317394225605e-06,0.012004704452196572,0.012,4.727631739422922e-06,0.01200470445219657,0.012
59,0.11800000000000001,0.12,-4.339936660378486,4.339936660378487,4.440892098500626e-16,8.679873320756972,-0.10089009597243223,0.10089009597243223,-4.339936660378486,4.339936660378487,-6.0,6.0,0.0,12.0,0.0,0.0,0.0,0.0,0.0,0.0,0.0,0.0,0.0,0.0,0.0,0.0,0.0,0.0,6.002352226460578,6.002352226460579,1.5074747006238454e-15,0.0,0.40299976361796325,0.0,-6.249999999999999,6.25,0.1707825127659933,0.1707825127659935,2.2998212206781303e-08,4.7276317300736774e-06,0.012004704452559238,0.012,4.727631730072624e-06,0.012004704452559238,0.012
60,0.12,0.122,-4.339936660210828,4.339936660210829,4.440892098500626e-16,8.679873320421656,-0.10089009597337634,0.10089009597337634,-4.339936660210828,4.339936660210829,-6.0,6.0,0.0,12.0,0.0,0.0,0.0,0.0,0.0,0.0,0.0,0.0,0.0,0.0,0.0,0.0,0.0,0.0,6.002352226641162,6.002352226641163,2.3592239273284576e-16,0.0,0.4029997636179637,0.0,-6.249999999999999,6.25,0.1707825127659933,0.1707825127659935,2.2998215803350122e-08,4.727631720744821e-06,0.012004704452921157,0.012,4.727631720744529e-06,0.012004704452921159,0.012
61,0.122,0.124,-4.33993666004352,4.339936660043521,4.440892098500626e-16,8.67987332008704,-0.10089009597431808,0.10089009597431808,-4.33993666004352,4.339936660043521,-6.0,6.0,0.0,12.0,0.0,0.0,0.0,0.0,0.0,0.0,0.0,0.0,0.0,0.0,0.0,0.0,0.0,0.0,6.0023522268213725,6.0023522268213725,7.927686285214008e-16,0.0,0.40299976361796414,0.0,-6.249999999999999,6.25,0.1707825127659933,0.1707825127659935,2.2998219393390535e-08,4.727631711438211e-06,0.012004704453282325,0.012,4.72763171143864e-06,0.012004704453282326,0.012
62,0.124,0.126,-4.339936659876562,4.339936659876564,8.881784197001252e-16,8.679873319753126,-0.10089009597525747,0.10089009597525747,-4.339936659876562,4.339936659876564,-6.0,6.0,0.0,12.0,0.0,0.0,0.0,0.0,0.0,0.0,0.0,0.0,0.0,0.0,0.0,0.0,0.0,0.0,6.002352227001208,6.002352227001208,7.268491364342822e-16,0.0,0.40299976361796463,0.0,-6.249999999999999,6.25,0.1707825127659933,0.1707825127659935,2.2998222976914154e-08,4.727631702151626e-06,0.012004704453642746,0.012,4.727631702152735e-06,0.012004704453642746,0.012
63,0.126,0.128,-4.339936659709953,4.339936659709955,8.881784197001252e-16,8.679873319419908,-0.10089009597619464,0.10089009597619464,-4.339936659709953,4.339936659709955,-6.0,6.0,0.0,12.0,0.0,0.0,0.0,0.0,0.0,0.0,0.0,0.0,0.0,0.0,0.0,0.0,0.0,0.0,6.002352227180672,6.002352227180673,5.290906601729262e-16,0.0,0.4029997636179651,0.0,-6.249999999999999,6.25,0.1707825127659933,0.1707825127659935,2.2998226553932583e-08,4.727631692885068e-06,0.012004704454002417,0.012,4.727631692884593e-06,0.012004704454002417,0.012
64,0.128,0.13,-4.339936659543693,4.339936659543694,4.440892098500626e-16,8.679873319087388,-0.10089009597712972,0.10089009597712972,-4.339936659543693,4.339936659543694,-6.0,6.0,0.0,12.0,0.0,0.0,0.0,0.0,0.0,0.0,0.0,0.0,0.0,0.0,0.0,0.0,0.0,0.0,6.002352227359765,6.002352227359764,1.016547956922409e-15,0.0,0.4029997636179655,0.0,-6.249999999999999,6.25,0.1707825127659933,0.1707825127659935,2.2998230124457396e-08,4.727631683636316e-06,0.012004704454361343,0.012,4.727631683636435e-06,0.012004704454361345,0.012
65,0.13,0.132,-4.33993665937778,4.339936659377781,4.440892098500626e-16,8.679873318755561,-0.10089009597806231,0.10089009597806231,-4.33993665937778,4.339936659377781,-6.0,6.0,0.0,12.0,0.0,0.0,0.0,0.0,0.0,0.0,0.0,0.0,0.0,0.0,0.0,0.0,0.0,0.0,6.002352227538486,6.002352227538485,1.5612511283791264e-16,0.0,0.402999763617966,0.0,-6.249999999999999,6.25,0.1707825127659933,0.1707825127659935,2.2998233688500163e-08,4.727631674409809e-06,0.012004704454719529,0.012,4.727631674410482e-06,0.012004704454719527,0.012
66,0.132,0.134,-4.3399366592122135,4.339936659212214,4.440892098500626e-16,8.679873318424427,-0.10089009597899268,0.10089009597899268,-4.3399366592122135,4.339936659212214,-6.0,6.0,0.0,12.0,0.0,0.0,0.0,0.0,0.0,0.0,0.0,0.0,0.0,0.0,0.0,0.0,0.0,0.0,6.0023522277168375,6.002352227716837,5.741934705483231e-16,0.0,0.40299976361796647,0.0,-6.249999999999999,6.25,0.1707825127659933,0.1707825127659935,2.29982372460724e-08,4.727631665201108e-06,0.012004704455076972,0.012,4.727631665200072e-06,0.01200470445507697,0.012
67,0.134,0.136,-4.339936659046993,4.3399366590469945,8.881784197001252e-16,8.679873318093987,-0.10089009597992069,0.10089009597992069,-4.339936659046993,4.3399366590469945,-6.0,6.0,0.0,12.0,0.0,0.0,0.0,0.0,0.0,0.0,0.0,0.0,0.0,0.0,0.0,0.0,0.0,0.0,6.002352227894818,6.002352227894819,1.2420620087993939e-15,0.0,0.4029997636179669,0.0,-6.249999999999999,6.25,0.1707825127659933,0.1707825127659935,2.2998240797185643e-08,4.727631656012432e-06,0.012004704455433675,0.012,4.727631656011866e-06,0.012004704455433673,0.012
68,0.136,0.138,-4.339936658882118,4.339936658882119,4.440892098500626e-16,8.679873317764237,-0.10089009598084647,0.10089009598084647,-4.339936658882118,4.339936658882119,-6.0,6.0,0.0,12.0,0.0,0.0,0.0,0.0,0.0,0.0,0.0,0.0,0.0,0.0,0.0,0.0,0.0,0.0,6.002352228072431,6.00235222807243,1.1622647289044608e-15,0.0,0.40299976361796735,0.0,-6.249999999999999,6.25,0.1707825127659933,0.1707825127659935,2.2998244341851377e-08,4.727631646846002e-06,0.012004704455789635,0.012,4.727631646845865e-06,0.012004704455789638,0.012
69,0.138,0.14,-4.339936658717588,4.339936658717589,4.440892098500626e-16,8.679873317435177,-0.1008900959817699,0.1008900959817699,-4.339936658717588,4.339936658717589,-6.0,6.0,0.0,12.0,0.0,0.0,0.0,0.0,0.0,0.0,0.0,0.0,0.0,0.0,0.0,0.0,0.0,0.0,6.002352228249675,6.002352228249675,9.593020822151743e-16,0.0,0.40299976361796785,0.0,-6.249999999999999,6.25,0.1707825127659933,0.1707825127659935,2.2998247880081094e-08,4.727631637699599e-06,0.012004704456144863,0.012,4.727631637699847e-06,0.012004704456144861,0.012
70,0.14,0.14200000000000002,-4.339936658553401,4.339936658553403,8.881784197001252e-16,8.679873317106804,-0.10089009598269097,0.10089009598269097,-4.339936658553401,4.339936658553403,-6.0,6.0,0.0,12.0,0.0,0.0,0.0,0.0,0.0,0.0,0.0,0.0,0.0,0.0,0.0,0.0,0.0,0.0,6.002352228426554,6.002352228426554,1.1483869410966463e-15,0.0,0.4029997636179683,0.0,-6.249999999999999,6.25,0.1707825127659933,0.1707825127659935,2.2998251411886247e-08,4.7276316285709995e-06,0.01200470445649935,0.012,4.727631628571593e-06,0.01200470445649935,0.012
71,0.14200000000000002,0.14400000000000002,-4.339936658389558,4.3399366583895596,8.881784197001252e-16,8.679873316779117,-0.10089009598360968,0.10089009598360968,-4.339936658389558,4.3399366583895596,-6.0,6.0,0.0,12.0,0.0,0.0,0.0,0.0,0.0,0.0,0.0,0.0,0.0,0.0,0.0,0.0,0.0,0.0,6.0023522286030655,6.002352228603065,1.052977149917922e-15,0.0,0.40299976361796874,0.0,-6.249999999999999,6.25,0.1707825127659933,0.1707825127659935,2.2998254937278266e-08,4.727631619460206e-06,0.012004704456853109,0.012,4.7276316194611034e-06,0.012004704456853109,0.012
72,0.14400000000000002,0.146,-4.3399366582260575,4.339936658226058,4.440892098500626e-16,8.679873316452117,-0.1008900959845263,0.1008900959845263,-4.3399366582260575,4.339936658226058,-6.0,6.0,0.0,12.0,0.0,0.0,0.0,0.0,0.0,0.0,0.0,0.0,0.0,0.0,0.0,0.0,0.0,0.0,6.002352228779212,6.002352228779212,1.3097162243624894e-15,0.0,0.4029997636179692,0.0,-6.249999999999999,6.25,0.1707825127659933,0.1707825127659935,2.2998258456268582e-08,4.727631610371657e-06,0.01200470445720613,0.012,4.727631610370598e-06,0.012004704457206129,0.012
73,0.146,0.148,-4.339936658062898,4.3399366580629,8.881784197001252e-16,8.679873316125798,-0.10089009598544058,0.10089009598544058,-4.339936658062898,4.3399366580629,-6.0,6.0,0.0,12.0,0.0,0.0,0.0,0.0,0.0,0.0,0.0,0.0,0.0,0.0,0.0,0.0,0.0,0.0,6.002352228954992,6.002352228954992,6.29704621779581e-16,0.0,0.40299976361796963,0.0,-6.249999999999999,6.25,0.1707825127659933,0.1707825127659935,2.299826196886858e-08,4.7276316013009136e-06,0.012004704457558423,0.012,4.727631601300075e-06,0.012004704457558423,0.012
74,0.148,0.15,-4.33993665790008,4.339936657900082,8.881784197001252e-16,8.679873315800162,-0.10089009598635262,0.10089009598635262,-4.33993665790008,4.339936657900082,-6.0,6.0,0.0,12.0,0.0,0.0,0.0,0.0,0.0,0.0,0.0,0.0,0.0,0.0,0.0,0.0,0.0,0.0,6.002352229130409,6.002352229130408,6.678685382510707e-16,0.0,0.4029997636179701,0.0,-6.249999999999999,6.25,0.1707825127659933,0.1707825127659935,2.2998265475089656e-08,4.727631592252416e-06,0.012004704457909984,0.012,4.727631592251757e-06,0.012004704457909984,0.012
75,0.15,0.152,-4.339936657737603,4.339936657737604,4.440892098500626e-16,8.679873315475206,-0.10089009598726245,0.10089009598726245,-4.339936657737603,4.339936657737604,-6.0,6.0,0.0,12.0,0.0,0.0,0.0,0.0,0.0,0.0,0.0,0.0,0.0,0.0,0.0,0.0,0.0,0.0,6.002352229305462,6.002352229305462,5.672545766444159e-16,0.0,0.4029997636179705,0.0,-6.249999999999999,6.25,0.1707825127659933,0.1707825127659935,2.2998268974943166e-08,4.727631583221723e-06,0.012004704458260818,0.012,4.727631583221204e-06,0.012004704458260816,0.012
76,0.152,0.154,-4.339936657575464,4.339936657575466,8.881784197001252e-16,8.67987331515093,-0.10089009598817006,0.10089009598817006,-4.339936657575464,4.339936657575466,-6.0,6.0,0.0,12.0,0.0,0.0,0.0,0.0,0.0,0.0,0.0,0.0,0.0,0.0,0.0,0.0,0.0,0.0,6.002352229480152,6.002352229480152,3.3480163086352377e-16,0.0,0.402999763617971,0.0,-6.249999999999999,6.25,0.1707825127659933,0.1707825127659935,2.299827246844043e-08,4.727631574211055e-06,0.012004704458610923,0.012,4.727631574210633e-06,0.012004704458610923,0.012
77,0.154,0.156,-4.3399366574136655,4.339936657413666,4.440892098500626e-16,8.679873314827333,-0.10089009598907558,0.10089009598907558,-4.3399366574136655,4.339936657413666,-6.0,6.0,0.0,12.0,0.0,0.0,0.0,0.0,0.0,0.0,0.0,0.0,0.0,0.0,0.0,0.0,0.0,0.0,6.002352229654481,6.002352229654481,3.642919299551295e-17,0.0,0.40299976361797146,0.0,-6.249999999999999,6.25,0.1707825127659933,0.1707825127659935,2.2998275955592783e-08,4.727631565220413e-06,0.012004704458960305,0.012,4.727631565220048e-06,0.012004704458960304,0.012
78,0.156,0.158,-4.3399366572522045,4.339936657252205,4.440892098500626e-16,8.679873314504409,-0.10089009598997875,0.10089009598997875,-4.3399366572522045,4.339936657252205,-6.0,6.0,0.0,12.0,0.0,0.0,0.0,0.0,0.0,0.0,0.0,0.0,0.0,0.0,0.0,0.0,0.0,0.0,6.00235222982845,6.002352229828451,1.4346163146328195e-15,0.0,0.4029997636179719,0.0,-6.249999999999999,6.25,0.1707825127659933,0.1707825127659935,2.2998279436411526e-08,4.727631556247573e-06,0.012004704459308962,0.012,4.727631556247225e-06,0.012004704459308962,0.012
79,0.158,0.16,-4.339936657091081,4.339936657091082,4.440892098500626e-16,8.679873314182164,-0.10089009599087984,0.10089009599087984,-4.339936657091081,4.339936657091082,-6.0,6.0,0.0,12.0,0.0,0.0,0.0,0.0,0.0,0.0,0.0,0.0,0.0,0.0,0.0,0.0,0.0,0.0,6.002352230002057,6.002352230002057,1.4641066137244252e-15,0.0,0.40299976361797235,0.0,-6.249999999999999,6.25,0.1707825127659933,0.1707825127659935,2.2998282910907936e-08,4.72763154729476e-06,0.0120047044596569,0.012,4.727631547294387e-06,0.0120047044596569,0.012
80,0.16,0.162,-4.339936656930294,4.339936656930295,4.440892098500626e-16,8.67987331386059,-0.10089009599177828,0.10089009599177828,-4.339936656930294,4.339936656930295,-6.0,6.0,0.0,12.0,0.0,0.0,0.0,0.0,0.0,0.0,0.0,0.0,0.0,0.0,0.0,0.0,0.0,0.0,6.002352230175305,6.002352230175305,2.1510571102112408e-16,0.0,0.4029997636179728,0.0,-6.249999999999999,6.25,0.1707825127659933,0.1707825127659935,2.299828637909328e-08,4.727631538361971e-06,0.012004704460004114,0.012,4.727631538361532e-06,0.012004704460004114,0.012
81,0.162,0.164,-4.339936656769844,4.3399366567698445,4.440892098500626e-16,8.679873313539687,-0.10089009599267479,0.10089009599267479,-4.339936656769844,4.3399366567698445,-6.0,6.0,0.0,12.0,0.0,0.0,0.0,0.0,0.0,0.0,0.0,0.0,0.0,0.0,0.0,0.0,0.0,0.0,6.002352230348194,6.002352230348193,6.279698983036042e-16,0.0,0.40299976361797324,0.0,-6.249999999999999,6.25,0.1707825127659933,0.1707825127659935,2.299828984097878e-08,4.727631529446987e-06,0.01200470446035061,0.012,4.727631529446441e-06,0.012004704460350608,0.012
82,0.164,0.166,-4.339936656609728,4.339936656609729,4.440892098500626e-16,8.679873313219456,-0.10089009599356893,0.10089009599356893,-4.339936656609728,4.339936656609729,-6.0,6.0,0.0,12.0,0.0,0.0,0.0,0.0,0.0,0.0,0.0,0.0,0.0,0.0,0.0,0.0,0.0,0.0,6.002352230520725,6.002352230520724,4.562322741819003e-16,0.0,0.4029997636179737,0.0,-6.249999999999999,6.25,0.1707825127659933,0.1707825127659935,2.299829329657568e-08,4.727631520549807e-06,0.012004704460696389,0.012,4.727631520549114e-06,0.012004704460696385,0.012
83,0.166,0.168,-4.3399366564499475,4.339936656449948,4.440892098500626e-16,8.679873312899897,-0.100890095994461,0.100890095994461,-4.3399366564499475,4.339936656449948,-6.0,6.0,0.0,12.0,0.0,0.0,0.0,0.0,0.0,0.0,0.0,0.0,0.0,0.0,0.0,0.0,0.0,0.0,6.002352230692899,6.002352230692899,7.962380754733545e-16,0.0,0.4029997636179741,0.0,-6.249999999999999,6.25,0.1707825127659933,0.1707825127659935,2.2998296745895166e-08,4.727631511674872e-06,0.012004704461041451,0.012,4.727631511673991e-06,0.01200470446104145,0.012
84,0.168,0.17,-4.339936656290501,4.339936656290502,4.440892098500626e-16,8.679873312581002,-0.10089009599535098,0.10089009599535098,-4.339936656290501,4.339936656290502,-6.0,6.0,0.0,12.0,0.0,0.0,0.0,0.0,0.0,0.0,0.0,0.0,0.0,0.0,0.0,0.0,0.0,0.0,6.002352230864716,6.002352230864716,3.972516759986888e-16,0.0,0.40299976361797457,0.0,-6.249999999999999,6.25,0.1707825127659933,0.1707825127659935,2.2998300188948425e-08,4.72763150281774e-06,0.012004704461385797,0.012,4.727631502816632e-06,0.012004704461385797,0.012
85,0.17,0.17200000000000001,-4.339936656131387,4.339936656131388,4.440892098500626e-16,8.679873312262774,-0.10089009599623847,0.10089009599623847,-4.339936656131387,4.339936656131388,-6.0,6.0,0.0,12.0,0.0,0.0,0.0,0.0,0.0,0.0,0.0,0.0,0.0,0.0,0.0,0.0,0.0,0.0,6.002352231036177,6.002352231036175,1.6323747908941755e-15,0.0,0.402999763617975,0.0,-6.249999999999999,6.25,0.1707825127659933,0.1707825127659935,2.299830362574663e-08,4.727631493980634e-06,0.01200470446172943,0.012,4.727631493981477e-06,0.012004704461729432,0.012
86,0.17200000000000001,0.17400000000000002,-4.339936655972607,4.339936655972608,4.440892098500626e-16,8.679873311945215,-0.10089009599712373,0.10089009599712373,-4.339936655972607,4.339936655972608,-6.0,6.0,0.0,12.0,0.0,0.0,0.0,0.0,0.0,0.0,0.0,0.0,0.0,0.0,0.0,0.0,0.0,0.0,6.002352231207283,6.002352231207282,9.26342336171615e-16,0.0,0.40299976361797546,0.0,-6.249999999999999,6.25,0.1707825127659933,0.1707825127659935,2.2998307056300914e-08,4.727631485163552e-06,0.012004704462072352,0.012,4.7276314851640856e-06,0.01200470446207235,0.012
87,0.17400000000000002,0.176,-4.339936655814157,4.339936655814159,8.881784197001252e-16,8.679873311628317,-0.10089009599800705,0.10089009599800705,-4.339936655814157,4.339936655814159,-6.0,6.0,0.0,12.0,0.0,0.0,0.0,0.0,0.0,0.0,0.0,0.0,0.0,0.0,0.0,0.0,0.0,0.0,6.002352231378033,6.002352231378033,7.979727989493313e-16,0.0,0.40299976361797585,0.0,-6.249999999999999,6.25,0.1707825127659933,0.1707825127659935,2.29983104806224e-08,4.727631476366494e-06,0.012004704462414565,0.012,4.7276314763666785e-06,0.012004704462414563,0.012
88,0.176,0.178,-4.33993665565604,4.339936655656041,4.440892098500626e-16,8.679873311312083,-0.10089009599888829,0.10089009599888829,-4.33993665565604,4.339936655656041,-6.0,6.0,0.0,12.0,0.0,0.0,0.0,0.0,0.0,0.0,0.0,0.0,0.0,0.0,0.0,0.0,0.0,0.0,6.002352231548431,6.0023522315484295,1.4779844015322396e-15,0.0,0.4029997636179763,0.0,-6.249999999999999,6.25,0.1707825127659933,0.1707825127659935,2.2998313898722202e-08,4.7276314675850196e-06,0.012004704462756066,0.012,4.727631467584815e-06,0.012004704462756066,0.012
89,0.178,0.18,-4.339936655498253,4.339936655498254,4.440892098500626e-16,8.679873310996506,-0.10089009599976717,0.10089009599976717,-4.339936655498253,4.339936655498254,-6.0,6.0,0.0,12.0,0.0,0.0,0.0,0.0,0.0,0.0,0.0,0.0,0.0,0.0,0.0,0.0,0.0,0.0,6.002352231718476,6.002352231718476,1.547373340571312e-15,0.0,0.40299976361797674,0.0,-6.249999999999999,6.25,0.1707825127659933,0.1707825127659935,2.29983173106114e-08,4.727631458823569e-06,0.012004704463096863,0.012,4.727631458822934e-06,0.01200470446309686,0.012
90,0.18,0.182,-4.339936655340796,4.3399366553407965,4.440892098500626e-16,8.679873310681593,-0.10089009600064397,0.10089009600064397,-4.339936655340796,4.3399366553407965,-6.0,6.0,0.0,12.0,0.0,0.0,0.0,0.0,0.0,0.0,0.0,0.0,0.0,0.0,0.0,0.0,0.0,0.0,6.0023522318881675,6.0023522318881675,6.002143226879753e-16,0.0,0.4029997636179772,0.0,-6.249999999999999,6.25,0.1707825127659933,0.1707825127659935,2.2998320716301056e-08,4.727631450082144e-06,0.01200470446343695,0.012,4.727631450081038e-06,0.012004704463436952,0.012
91,0.182,0.184,-4.339936655183667,4.339936655183668,4.440892098500626e-16,8.679873310367334,-0.10089009600151855,0.10089009600151855,-4.339936655183667,4.339936655183668,-6.0,6.0,0.0,12.0,0.0,0.0,0.0,0.0,0.0,0.0,0.0,0.0,0.0,0.0,0.0,0.0,0.0,0.0,6.002352232057509,6.002352232057509,9.645062526431047e-16,0.0,0.4029997636179776,0.0,-6.249999999999999,6.25,0.1707825127659933,0.1707825127659935,2.2998324115802224e-08,4.727631441360742e-06,0.012004704463776335,0.012,4.727631441361346e-06,0.012004704463776335,0.012
92,0.184,0.186,-4.339936655026867,4.339936655026868,4.440892098500626e-16,8.679873310053736,-0.10089009600239104,0.10089009600239104,-4.339936655026867,4.339936655026868,-6.0,6.0,0.0,12.0,0.0,0.0,0.0,0.0,0.0,0.0,0.0,0.0,0.0,0.0,0.0,0.0,0.0,0.0,6.002352232226499,6.0023522322264995,8.621575675604731e-16,0.0,0.40299976361797807,0.0,-6.249999999999999,6.25,0.1707825127659933,0.1707825127659935,2.2998327509125935e-08,4.727631432657143e-06,0.012004704464115019,0.012,4.7276314326571976e-06,0.012004704464115019,0.012
93,0.186,0.188,-4.339936654870395,4.339936654870397,8.881784197001252e-16,8.679873309740792,-0.10089009600326132,0.10089009600326132,-4.339936654870395,4.339936654870397,-6.0,6.0,0.0,12.0,0.0,0.0,0.0,0.0,0.0,0.0,0.0,0.0,0.0,0.0,0.0,0.0,0.0,0.0,6.002352232395139,6.002352232395141,1.025221574302293e-15,0.0,0.4029997636179785,0.0,-6.249999999999999,6.25,0.1707825127659933,0.1707825127659935,2.299833089628319e-08,4.727631423971349e-06,0.012004704464452997,0.012,4.727631423970813e-06,0.012004704464453,0.012
94,0.188,0.19,-4.33993665471425,4.3399366547142515,8.881784197001252e-16,8.679873309428501,-0.10089009600412938,0.10089009600412938,-4.33993665471425,4.3399366547142515,-6.0,6.0,0.0,12.0,0.0,0.0,0.0,0.0,0.0,0.0,0.0,0.0,0.0,0.0,0.0,0.0,0.0,0.0,6.002352232563429,6.00235223256343,1.366962099069724e-15,0.0,0.4029997636179789,0.0,-6.249999999999999,6.25,0.1707825127659933,0.1707825127659935,2.2998334277284983e-08,4.727631415305578e-06,0.012004704464790277,0.012,4.727631415306632e-06,0.01200470446479028,0.012
95,0.19,0.192,-4.339936654558431,4.339936654558433,8.881784197001252e-16,8.679873309116864,-0.10089009600499507,0.10089009600499507,-4.339936654558431,4.339936654558433,-6.0,6.0,0.0,12.0,0.0,0.0,0.0,0.0,0.0,0.0,0.0,0.0,0.0,0.0,0.0,0.0,0.0,0.0,6.002352232731372,6.002352232731372,8.465450562766819e-16,0.0,0.40299976361797935,0.0,-6.249999999999999,6.25,0.1707825127659933,0.1707825127659935,2.2998337652142273e-08,4.727631406657611e-06,0.012004704465126859,0.012,4.727631406657995e-06,0.01200470446512686,0.012
96,0.192,0.194,-4.339936654402939,4.33993665440294,4.440892098500626e-16,8.679873308805877,-0.10089009600585896,0.10089009600585896,-4.339936654402939,4.33993665440294,-6.0,6.0,0.0,12.0,0.0,0.0,0.0,0.0,0.0,0.0,0.0,0.0,0.0,0.0,0.0,0.0,0.0,0.0,6.002352232898967,6.002352232898966,5.637851296924623e-16,0.0,0.4029997636179798,0.0,-6.249999999999999,6.25,0.1707825127659933,0.1707825127659935,2.2998341020866033e-08,4.7276313980274464e-06,0.012004704465462743,0.012,4.727631398027121e-06,0.012004704465462743,0.012
97,0.194,0.196,-4.33993665424777,4.339936654247772,8.881784197001252e-16,8.679873308495543,-0.10089009600672064,0.10089009600672064,-4.33993665424777,4.339936654247772,-6.0,6.0,0.0,12.0,0.0,0.0,0.0,0.0,0.0,0.0,0.0,0.0,0.0,0.0,0.0,0.0,0.0,0.0,6.002352233066213,6.002352233066213,1.3287981825982342e-15,0.0,0.40299976361798023,0.0,-6.249999999999999,6.25,0.1707825127659933,0.1707825127659935,2.2998344383467177e-08,4.727631389417306e-06,0.012004704465797933,0.012,4.727631389416232e-06,0.012004704465797931,0.012
98,0.196,0.198,-4.339936654092927,4.339936654092928,4.440892098500626e-16,8.679873308185854,-0.10089009600758009,0.10089009600758009,-4.339936654092927,4.339936654092928,-6.0,6.0,0.0,12.0,0.0,0.0,0.0,0.0,0.0,0.0,0.0,0.0,0.0,0.0,0.0,0.0,0.0,0.0,6.002352233233115,6.002352233233114,1.3877787807814457e-15,0.0,0.4029997636179806,0.0,-6.249999999999999,6.25,0.1707825127659933,0.1707825127659935,2.2998347739956624e-08,4.727631380824969e-06,0.012004704466132426,0.012,4.727631380825325e-06,0.012004704466132426,0.012
99,0.198,0.2,-4.339936653938407,4.339936653938408,4.440892098500626e-16,8.679873307876814,-0.10089009600843746,0.10089009600843746,-4.339936653938407,4.339936653938408,-6.0,6.0,0.0,12.0,0.0,0.0,0.0,0.0,0.0,0.0,0.0,0.0,0.0,0.0,0.0,0.0,0.0,0.0,6.0023522333996695,6.002352233399669,1.6306400674181987e-16,0.0,0.40299976361798107,0.0,-6.249999999999999,6.25,0.1707825127659933,0.1707825127659935,2.299835109034528e-08,4.727631372250435e-06,0.012004704466466228,0.012,4.727631372249963e-06,0.012004704466466226,0.012
100,0.2,0.202,-4.33993665378421,4.3399366537842115,8.881784197001252e-16,8.679873307568421,-0.10089009600929288,0.10089009600929288,-4.33993665378421,4.3399366537842115,-6.0,6.0,0.0,12.0,0.0,0.0,0.0,0.0,0.0,0.0,0.0,0.0,0.0,0.0,0.0,0.0,0.0,0.0,6.002352233565879,6.0023522335658805,2.0088097851811426e-15,0.0,0.4029997636179815,0.0,-6.249999999999999,6.25,0.1707825127659933,0.1707825127659935,2.2998354434644004e-08,4.727631363693704e-06,0.012004704466799338,0.012,4.727631363694585e-06,0.012004704466799337,0.012
101,0.202,0.20400000000000001,-4.339936653630335,4.339936653630336,4.440892098500626e-16,8.67987330726067,-0.10089009601014609,0.10089009601014609,-4.339936653630335,4.339936653630336,-6.0,6.0,0.0,12.0,0.0,0.0,0.0,0.0,0.0,0.0,0.0,0.0,0.0,0.0,0.0,0.0,0.0,0.0,6.002352233731744,6.002352233731745,9.679756995950584e-16,0.0,0.4029997636179819,0.0,-6.249999999999999,6.25,0.1707825127659933,0.1707825127659935,2.299835777286366e-08,4.7276313551569965e-06,0.012004704467131757,0.012,4.727631355156969e-06,0.012004704467131762,0.012
102,0.20400000000000001,0.20600000000000002,-4.339936653476782,4.339936653476784,8.881784197001252e-16,8.679873306953565,-0.10089009601099708,0.10089009601099708,-4.339936653476782,4.339936653476784,-6.0,6.0,0.0,12.0,0.0,0.0,0.0,0.0,0.0,0.0,0.0,0.0,0.0,0.0,0.0,0.0,0.0,0.0,6.002352233897266,6.002352233897266,1.1136924715771102e-15,0.0,0.40299976361798234,0.0,-6.249999999999999,6.25,0.1707825127659933,0.1707825127659935,2.2998361105015073e-08,4.727631346638092e-06,0.012004704467463488,0.012,4.727631346637118e-06,0.01200470446746349,0.012
103,0.20600000000000002,0.20800000000000002,-4.33993665332355,4.3399366533235515,8.881784197001252e-16,8.679873306647101,-0.10089009601184612,0.10089009601184612,-4.33993665332355,4.3399366533235515,-6.0,6.0,0.0,12.0,0.0,0.0,0.0,0.0,0.0,0.0,0.0,0.0,0.0,0.0,0.0,0.0,0.0,0.0,6.002352234062446,6.002352234062446,6.956241138666996e-16,0.0,0.4029997636179828,0.0,-6.249999999999999,6.25,0.1707825127659933,0.1707825127659935,2.2998364431109084e-08,4.72763133813699e-06,0.012004704467794532,0.012,4.72763133813725e-06,0.012004704467794532,0.012
104,0.20800000000000002,0.21,-4.339936653170638,4.33993665317064,8.881784197001252e-16,8.679873306341278,-0.10089009601269308,0.10089009601269308,-4.339936653170638,4.33993665317064,-6.0,6.0,0.0,12.0,0.0,0.0,0.0,0.0,0.0,0.0,0.0,0.0,0.0,0.0,0.0,0.0,0.0,0.0,6.002352234227282,6.002352234227282,8.656270145124267e-16,0.0,0.4029997636179832,0.0,-6.249999999999999,6.25,0.1707825127659933,0.1707825127659935,2.2998367751156484e-08,4.727631329653692e-06,0.012004704468124891,0.012,4.727631329652926e-06,0.012004704468124891,0.012
105,0.21,0.212,-4.3399366530180465,4.339936653018047,4.440892098500626e-16,8.679873306036093,-0.10089009601353796,0.10089009601353796,-4.3399366530180465,4.339936653018047,-6.0,6.0,0.0,12.0,0.0,0.0,0.0,0.0,0.0,0.0,0.0,0.0,0.0,0.0,0.0,0.0,0.0,0.0,6.002352234391779,6.002352234391778,1.2993078835066285e-15,0.0,0.4029997636179836,0.0,-6.249999999999999,6.25,0.1707825127659933,0.1707825127659935,2.2998371065168036e-08,4.727631321190416e-06,0.012004704468454565,0.012,4.727631321190806e-06,0.012004704468454565,0.012
106,0.212,0.214,-4.339936652865773,4.339936652865775,8.881784197001252e-16,8.679873305731547,-0.10089009601438076,0.10089009601438076,-4.339936652865773,4.339936652865775,-6.0,6.0,0.0,12.0,0.0,0.0,0.0,0.0,0.0,0.0,0.0,0.0,0.0,0.0,0.0,0.0,0.0,0.0,6.002352234555932,6.002352234555934,1.6792123247455493e-15,0.0,0.402999763617984,0.0,-6.249999999999999,6.25,0.1707825127659933,0.1707825127659935,2.2998374373154527e-08,4.727631312744943e-06,0.012004704468783557,0.012,4.72763131274423e-06,0.012004704468783555,0.012
107,0.214,0.216,-4.339936652713818,4.33993665271382,8.881784197001252e-16,8.679873305427638,-0.10089009601522134,0.10089009601522134,-4.339936652713818,4.33993665271382,-6.0,6.0,0.0,12.0,0.0,0.0,0.0,0.0,0.0,0.0,0.0,0.0,0.0,0.0,0.0,0.0,0.0,0.0,6.002352234719748,6.002352234719749,8.500145032286355e-16,0.0,0.40299976361798445,0.0,-6.249999999999999,6.25,0.1707825127659933,0.1707825127659935,2.2998377675126694e-08,4.727631304317273e-06,0.012004704469111865,0.012,4.727631304317637e-06,0.012004704469111867,0.012
108,0.216,0.218,-4.339936652562181,4.339936652562182,4.440892098500626e-16,8.679873305124364,-0.1008900960160597,0.1008900960160597,-4.339936652562181,4.339936652562182,-6.0,6.0,0.0,12.0,0.0,0.0,0.0,0.0,0.0,0.0,0.0,0.0,0.0,0.0,0.0,0.0,0.0,0.0,6.002352234883223,6.0023522348832214,2.6506574712925612e-15,0.0,0.4029997636179849,0.0,-6.249999999999999,6.25,0.1707825127659933,0.1707825127659935,2.2998380971095256e-08,4.727631295909625e-06,0.012004704469439496,0.012,4.727631295908808e-06,0.012004704469439497,0.012
109,0.218,0.22,-4.339936652410861,4.339936652410862,4.440892098500626e-16,8.679873304821722,-0.10089009601689611,0.10089009601689611,-4.339936652410861,4.339936652410862,-6.0,6.0,0.0,12.0,0.0,0.0,0.0,0.0,0.0,0.0,0.0,0.0,0.0,0.0,0.0,0.0,0.0,0.0,6.002352235046359,6.002352235046359,1.1310397063368782e-15,0.0,0.4029997636179853,0.0,-6.249999999999999,6.25,0.1707825127659933,0.1707825127659935,2.2998384261070922e-08,4.727631287519781e-06,0.012004704469766446,0.012,4.727631287519962e-06,0.012004704469766442,0.012
110,0.22,0.222,-4.339936652259857,4.339936652259858,8.881784197001252e-16,8.679873304519715,-0.10089009601773058,0.10089009601773058,-4.339936652259857,4.339936652259858,-6.0,6.0,0.0,12.0,0.0,0.0,0.0,0.0,0.0,0.0,0.0,0.0,0.0,0.0,0.0,0.0,0.0,0.0,6.002352235209159,6.00235223520916,1.556046957951196e-15,0.0,0.40299976361798573,0.0,-6.249999999999999,6.25,0.1707825127659933,0.1707825127659935,2.2998387545064384e-08,4.7276312791477386e-06,0.01200470447009272,0.012,4.72763127914666e-06,0.012004704470092718,0.012
111,0.222,0.224,-4.339936652109168,4.339936652109169,4.440892098500626e-16,8.679873304218336,-0.10089009601856297,0.10089009601856297,-4.339936652109168,4.339936652109169,-6.0,6.0,0.0,12.0,0.0,0.0,0.0,0.0,0.0,0.0,0.0,0.0,0.0,0.0,0.0,0.0,0.0,0.0,6.00235223537162,6.002352235371621,4.9439619065339e-16,0.0,0.4029997636179861,0.0,-6.249999999999999,6.25,0.1707825127659933,0.1707825127659935,2.2998390823086297e-08,4.727631270791278e-06,0.012004704470418319,0.012,4.7276312707911216e-06,0.01200470447041832,0.012
112,0.224,0.226,-4.339936651958795,4.339936651958796,4.440892098500626e-16,8.679873303917592,-0.10089009601939328,0.10089009601939328,-4.339936651958795,4.339936651958796,-6.0,6.0,0.0,12.0,0.0,0.0,0.0,0.0,0.0,0.0,0.0,0.0,0.0,0.0,0.0,0.0,0.0,0.0,6.0023522355337455,6.002352235533746,3.0531133177191805e-16,0.0,0.40299976361798656,0.0,-6.249999999999999,6.25,0.1707825127659933,0.1707825127659935,2.2998394095147335e-08,4.72763126245484e-06,0.01200470447074324,0.012,4.727631262455567e-06,0.012004704470743241,0.012
113,0.226,0.228,-4.339936651808736,4.3399366518087374,8.881784197001252e-16,8.679873303617473,-0.10089009602022164,0.10089009602022164,-4.339936651808736,4.3399366518087374,-6.0,6.0,0.0,12.0,0.0,0.0,0.0,0.0,0.0,0.0,0.0,0.0,0.0,0.0,0.0,0.0,0.0,0.0,6.002352235695535,6.0023522356955334,2.2516710718178956e-15,0.0,0.40299976361798695,0.0,-6.249999999999999,6.25,0.1707825127659933,0.1707825127659935,2.2998397361258105e-08,4.727631254136205e-06,0.01200470447106749,0.012,4.727631254135556e-06,0.012004704471067494,0.012
114,0.228,0.23,-4.339936651658991,4.3399366516589915,4.440892098500626e-16,8.679873303317983,-0.10089009602104779,0.10089009602104779,-4.339936651658991,4.3399366516589915,-6.0,6.0,0.0,12.0,0.0,0.0,0.0,0.0,0.0,0.0,0.0,0.0,0.0,0.0,0.0,0.0,0.0,0.0,6.002352235856989,6.002352235856988,7.008282842946301e-16,0.0,0.4029997636179874,0.0,-6.249999999999999,6.25,0.1707825127659933,0.1707825127659935,2.2998400621429236e-08,4.727631245835372e-06,0.01200470447139107,0.012,4.7276312458355286e-06,0.012004704471391067,0.012
115,0.23,0.232,-4.339936651509558,4.33993665150956,8.881784197001252e-16,8.679873303019118,-0.10089009602187171,0.10089009602187171,-4.339936651509558,4.33993665150956,-6.0,6.0,0.0,12.0,0.0,0.0,0.0,0.0,0.0,0.0,0.0,0.0,0.0,0.0,0.0,0.0,0.0,0.0,6.002352236018109,6.002352236018109,1.1934897514720433e-15,0.0,0.4029997636179878,0.0,-6.249999999999999,6.25,0.1707825127659933,0.1707825127659935,2.299840387567132e-08,4.727631237552341e-06,0.012004704471713978,0.012,4.727631237553265e-06,0.012004704471713977,0.012
116,0.232,0.234,-4.339936651360438,4.339936651360439,4.440892098500626e-16,8.679873302720878,-0.10089009602269369,0.10089009602269369,-4.339936651360438,4.339936651360439,-6.0,6.0,0.0,12.0,0.0,0.0,0.0,0.0,0.0,0.0,0.0,0.0,0.0,0.0,0.0,0.0,0.0,0.0,6.002352236178894,6.002352236178895,7.8236028766554e-16,0.0,0.40299976361798817,0.0,-6.249999999999999,6.25,0.1707825127659933,0.1707825127659935,2.299840712399493e-08,4.727631229287112e-06,0.012004704472036219,0.012,4.727631229286544e-06,0.012004704472036219,0.012
117,0.234,0.23600000000000002,-4.33993665121163,4.339936651211631,4.440892098500626e-16,8.67987330242326,-0.10089009602351401,0.10089009602351401,-4.33993665121163,4.339936651211631,-6.0,6.0,0.0,12.0,0.0,0.0,0.0,0.0,0.0,0.0,0.0,0.0,0.0,0.0,0.0,0.0,0.0,0.0,6.002352236339348,6.0023522363393464,1.6757428777935957e-15,0.0,0.4029997636179886,0.0,-6.249999999999999,6.25,0.1707825127659933,0.1707825127659935,2.299841036641063e-08,4.727631221039685e-06,0.01200470447235779,0.012,4.727631221039808e-06,0.01200470447235779,0.012
118,0.23600000000000002,0.23800000000000002,-4.339936651063133,4.339936651063134,4.440892098500626e-16,8.679873302126268,-0.10089009602433197,0.10089009602433197,-4.339936651063133,4.339936651063134,-6.0,6.0,0.0,12.0,0.0,0.0,0.0,0.0,0.0,0.0,0.0,0.0,0.0,0.0,0.0,0.0,0.0,0.0,6.002352236499468,6.002352236499468,1.177877240188252e-15,0.0,0.402999763617989,0.0,-6.249999999999999,6.25,0.1707825127659933,0.1707825127659935,2.2998413602928942e-08,4.7276312128100595e-06,0.012004704472678696,0.012,4.7276312128108346e-06,0.012004704472678693,0.012
119,0.23800000000000002,0.24,-4.339936650914946,4.3399366509149475,8.881784197001252e-16,8.679873301829893,-0.10089009602514826,0.10089009602514826,-4.339936650914946,4.3399366509149475,-6.0,6.0,0.0,12.0,0.0,0.0,0.0,0.0,0.0,0.0,0.0,0.0,0.0,0.0,0.0,0.0,0.0,0.0,6.002352236659258,6.002352236659257,6.852157730108388e-16,0.0,0.40299976361798945,0.0,-6.249999999999999,6.25,0.1707825127659933,0.1707825127659935,2.2998416833560414e-08,4.727631204600457e-06,0.012004704472998937,0.012,4.727631204599625e-06,0.012004704472998937,0.012
120,0.24,0.242,-4.3399366507670685,4.33993665076707,8.881784197001252e-16,8.679873301534139,-0.10089009602596205,0.10089009602596205,-4.3399366507670685,4.33993665076707,-6.0,6.0,0.0,12.0,0.0,0.0,0.0,0.0,0.0,0.0,0.0,0.0,0.0,0.0,0.0,0.0,0.0,0.0,6.002352236818716,6.002352236818715,3.920475055707584e-16,0.0,0.40299976361798984,0.0,-6.249999999999999,6.25,0.1707825127659933,0.1707825127659935,2.299842005831553e-08,4.727631196406436e-06,0.012004704473318514,0.012,4.727631196406179e-06,0.012004704473318514,0.012
121,0.242,0.244,-4.3399366506195,4.339936650619502,8.881784197001252e-16,8.679873301239002,-0.1008900960267739,0.1008900960267739,-4.3399366506195,4.339936650619502,-6.0,6.0,0.0,12.0,0.0,0.0,0.0,0.0,0.0,0.0,0.0,0.0,0.0,0.0,0.0,0.0,0.0,0.0,6.002352236977842,6.002352236977843,1.474514954580286e-15,0.0,0.4029997636179902,0.0,-6.249999999999999,6.25,0.1707825127659933,0.1707825127659935,2.2998423277204784e-08,4.727631188227996e-06,0.012004704473637431,0.012,4.7276311882282766e-06,0.01200470447363743,0.012
122,0.244,0.246,-4.339936650472241,4.339936650472242,4.440892098500626e-16,8.679873300944482,-0.10089009602758395,0.10089009602758395,-4.339936650472241,4.339936650472242,-6.0,6.0,0.0,12.0,0.0,0.0,0.0,0.0,0.0,0.0,0.0,0.0,0.0,0.0,0.0,0.0,0.0,0.0,6.00235223713664,6.002352237136641,4.128641872824801e-16,0.0,0.40299976361799067,0.0,-6.249999999999999,6.25,0.1707825127659933,0.1707825127659935,2.2998426490238634e-08,4.727631180069578e-06,0.012004704473955683,0.012,4.727631180070357e-06,0.012004704473955685,0.012
123,0.246,0.248,-4.339936650325289,4.339936650325291,8.881784197001252e-16,8.67987330065058,-0.10089009602839191,0.10089009602839191,-4.339936650325289,4.339936650325291,-6.0,6.0,0.0,12.0,0.0,0.0,0.0,0.0,0.0,0.0,0.0,0.0,0.0,0.0,0.0,0.0,0.0,0.0,6.002352237295109,6.002352237295109,1.0443035325380379e-15,0.0,0.40299976361799106,0.0,-6.249999999999999,6.25,0.1707825127659933,0.1707825127659935,2.2998429697427533e-08,4.727631171928962e-06,0.01200470447427328,0.012,4.727631171927982e-06,0.012004704474273282,0.012
124,0.248,0.25,-4.339936650178645,4.339936650178647,8.881784197001252e-16,8.679873300357292,-0.1008900960291978,0.1008900960291978,-4.339936650178645,4.339936650178647,-6.0,6.0,0.0,12.0,0.0,0.0,0.0,0.0,0.0,0.0,0.0,0.0,0.0,0.0,0.0,0.0,0.0,0.0,6.00235223745325,6.00235223745325,3.677613769070831e-16,0.0,0.40299976361799145,0.0,-6.249999999999999,6.25,0.1707825127659933,0.1707825127659935,2.2998432898781913e-08,4.727631163806148e-06,0.012004704474590218,0.012,4.72763116380559e-06,0.012004704474590218,0.012
125,0.25,0.252,-4.339936650032307,4.339936650032309,8.881784197001252e-16,8.679873300064616,-0.10089009603000187,0.10089009603000187,-4.339936650032307,4.339936650032309,-6.0,6.0,0.0,12.0,0.0,0.0,0.0,0.0,0.0,0.0,0.0,0.0,0.0,0.0,0.0,0.0,0.0,0.0,6.002352237611063,6.0023522376110625,6.765421556309548e-16,0.0,0.40299976361799184,0.0,-6.249999999999999,6.25,0.1707825127659933,0.1707825127659935,2.2998436094312184e-08,4.727631155701135e-06,0.0120047044749065,0.012,4.727631155700962e-06,0.0120047044749065,0.012
126,0.252,0.254,-4.339936649886275,4.339936649886276,4.440892098500626e-16,8.679873299772552,-0.10089009603080387,0.10089009603080387,-4.339936649886275,4.339936649886276,-6.0,6.0,0.0,12.0,0.0,0.0,0.0,0.0,0.0,0.0,0.0,0.0,0.0,0.0,0.0,0.0,0.0,0.0,6.002352237768549,6.002352237768549,6.227657278756737e-16,0.0,0.4029997636179923,0.0,-6.249999999999999,6.25,0.1707825127659933,0.1707825127659935,2.2998439284028735e-08,4.7276311476117025e-06,0.012004704475222125,0.012,4.727631147611877e-06,0.012004704475222125,0.012
127,0.254,0.256,-4.339936649740548,4.339936649740549,4.440892098500626e-16,8.679873299481098,-0.10089009603160393,0.10089009603160393,-4.339936649740548,4.339936649740549,-6.0,6.0,0.0,12.0,0.0,0.0,0.0,0.0,0.0,0.0,0.0,0.0,0.0,0.0,0.0,0.0,0.0,0.0,6.0023522379257095,6.002352237925709,5.30825383648903e-16,0.0,0.40299976361799267,0.0,-6.249999999999999,6.25,0.1707825127659933,0.1707825127659935,2.2998442467941943e-08,4.727631139542292e-06,0.012004704475537099,0.012,4.727631139542776e-06,0.012004704475537099,0.012
128,0.256,0.258,-4.339936649595126,4.339936649595128,8.881784197001252e-16,8.679873299190254,-0.10089009603240218,0.10089009603240218,-4.339936649595126,4.339936649595128,-6.0,6.0,0.0,12.0,0.0,0.0,0.0,0.0,0.0,0.0,0.0,0.0,0.0,0.0,0.0,0.0,0.0,0.0,6.002352238082544,6.002352238082544,1.007874339542525e-15,0.0,0.40299976361799306,0.0,-6.249999999999999,6.25,0.1707825127659933,0.1707825127659935,2.2998445646062176e-08,4.727631131488463e-06,0.012004704475851419,0.012,4.727631131489218e-06,0.012004704475851417,0.012
129,0.258,0.26,-4.339936649450008,4.339936649450009,4.440892098500626e-16,8.679873298900016,-0.1008900960331982,0.1008900960331982,-4.339936649450008,4.339936649450009,-6.0,6.0,0.0,12.0,0.0,0.0,0.0,0.0,0.0,0.0,0.0,0.0,0.0,0.0,0.0,0.0,0.0,0.0,6.0023522382390535,6.002352238239053,9.62771529167128e-16,0.0,0.40299976361799345,0.0,-6.249999999999999,6.25,0.1707825127659933,0.1707825127659935,2.2998448818399762e-08,4.727631123452436e-06,0.012004704476165088,0.012,4.727631123453424e-06,0.012004704476165088,0.012
130,0.26,0.262,-4.339936649305193,4.339936649305194,4.440892098500626e-16,8.679873298610389,-0.1008900960339923,0.1008900960339923,-4.339936649305193,4.339936649305194,-6.0,6.0,0.0,12.0,0.0,0.0,0.0,0.0,0.0,0.0,0.0,0.0,0.0,0.0,0.0,0.0,0.0,0.0,6.002352238395239,6.002352238395237,9.454242944073599e-16,0.0,0.4029997636179939,0.0,-6.249999999999999,6.25,0.1707825127659933,0.1707825127659935,2.2998451984965017e-08,4.727631115434208e-06,0.012004704476478107,0.012,4.727631115433173e-06,0.012004704476478105,0.012
131,0.262,0.264,-4.339936649160681,4.339936649160682,8.881784197001252e-16,8.679873298321363,-0.10089009603478444,0.10089009603478444,-4.339936649160681,4.339936649160682,-6.0,6.0,0.0,12.0,0.0,0.0,0.0,0.0,0.0,0.0,0.0,0.0,0.0,0.0,0.0,0.0,0.0,0.0,6.0023522385511,6.002352238551101,1.9550333574258616e-15,0.0,0.4029997636179943,0.0,-6.249999999999999,6.25,0.1707825127659933,0.1707825127659935,2.2998455145768267e-08,4.727631107431563e-06,0.012004704476790477,0.012,4.7276311074306855e-06,0.012004704476790475,0.012
132,0.264,0.266,-4.339936649016471,4.3399366490164715,4.440892098500626e-16,8.679873298032941,-0.1008900960355745,0.1008900960355745,-4.339936649016471,4.3399366490164715,-6.0,6.0,0.0,12.0,0.0,0.0,0.0,0.0,0.0,0.0,0.0,0.0,0.0,0.0,0.0,0.0,0.0,0.0,6.0023522387066395,6.0023522387066395,6.349087922075114e-16,0.0,0.40299976361799467,0.0,-6.249999999999999,6.25,0.1707825127659933,0.1707825127659935,2.2998458300819773e-08,4.727631099446717e-06,0.0120047044771022,0.012,4.727631099445962e-06,0.012004704477102201,0.012
133,0.266,0.268,-4.339936648872562,4.3399366488725635,8.881784197001252e-16,8.679873297745125,-0.10089009603636262,0.10089009603636262,-4.339936648872562,4.3399366488725635,-6.0,6.0,0.0,12.0,0.0,0.0,0.0,0.0,0.0,0.0,0.0,0.0,0.0,0.0,0.0,0.0,0.0,0.0,6.002352238861856,6.002352238861857,4.666406150377611e-16,0.0,0.40299976361799505,0.0,-6.249999999999999,6.25,0.1707825127659933,0.1707825127659935,2.299846145012982e-08,4.7276310914796736e-06,0.012004704477413279,0.012,4.727631091479001e-06,0.012004704477413279,0.012
134,0.268,0.27,-4.339936648728954,4.339936648728956,8.881784197001252e-16,8.67987329745791,-0.10089009603714894,0.10089009603714894,-4.339936648728954,4.339936648728956,-6.0,6.0,0.0,12.0,0.0,0.0,0.0,0.0,0.0,0.0,0.0,0.0,0.0,0.0,0.0,0.0,0.0,0.0,6.002352239016751,6.002352239016751,4.597017211338539e-16,0.0,0.40299976361799544,0.0,-6.249999999999999,6.25,0.1707825127659933,0.1707825127659935,2.2998464593708647e-08,4.72763108353043e-06,0.012004704477723711,0.012,4.727631083529804e-06,0.012004704477723713,0.012
135,0.27,0.272,-4.339936648585646,4.339936648585648,8.881784197001252e-16,8.679873297171294,-0.10089009603793317,0.10089009603793317,-4.339936648585646,4.339936648585648,-6.0,6.0,0.0,12.0,0.0,0.0,0.0,0.0,0.0,0.0,0.0,0.0,0.0,0.0,0.0,0.0,0.0,0.0,6.0023522391713255,6.002352239171324,2.0088097851811426e-15,0.0,0.40299976361799583,0.0,-6.249999999999999,6.25,0.1707825127659933,0.1707825127659935,2.2998467731566486e-08,4.727631075598988e-06,0.012004704478033503,0.012,4.727631075598371e-06,0.012004704478033503,0.012
136,0.272,0.274,-4.339936648442638,4.33993664844264,8.881784197001252e-16,8.679873296885278,-0.10089009603871574,0.10089009603871574,-4.339936648442638,4.33993664844264,-6.0,6.0,0.0,12.0,0.0,0.0,0.0,0.0,0.0,0.0,0.0,0.0,0.0,0.0,0.0,0.0,0.0,0.0,6.002352239325579,6.00235223932558,1.9897278269453977e-15,0.0,0.4029997636179963,0.0,-6.249999999999999,6.25,0.1707825127659933,0.1707825127659935,2.2998470863713553e-08,4.7276310676853475e-06,0.01200470447834265,0.012,4.727631067684701e-06,0.012004704478342648,0.012
137,0.274,0.276,-4.339936648299929,4.33993664829993,4.440892098500626e-16,8.679873296599858,-0.10089009603949622,0.10089009603949622,-4.339936648299929,4.33993664829993,-6.0,6.0,0.0,12.0,0.0,0.0,0.0,0.0,0.0,0.0,0.0,0.0,0.0,0.0,0.0,0.0,0.0,0.0,6.002352239479514,6.002352239479514,8.829742492721948e-16,0.0,0.40299976361799666,0.0,-6.249999999999999,6.25,0.1707825127659933,0.1707825127659935,2.2998473990160052e-08,4.727631059787286e-06,0.012004704478651158,0.012,4.727631059786575e-06,0.01200470447865116,0.012
138,0.276,0.278,-4.339936648157519,4.3399366481575194,4.440892098500626e-16,8.679873296315037,-0.10089009604027463,0.10089009604027463,-4.339936648157519,4.3399366481575194,-6.0,6.0,0.0,12.0,0.0,0.0,0.0,0.0,0.0,0.0,0.0,0.0,0.0,0.0,0.0,0.0,0.0,0.0,6.0023522396331295,6.002352239633129,8.673617379884035e-16,0.0,0.40299976361799705,0.0,-6.249999999999999,6.25,0.1707825127659933,0.1707825127659935,2.2998477110916147e-08,4.727631051904806e-06,0.012004704478959028,0.012,4.727631051903991e-06,0.012004704478959028,0.012
139,0.278,0.28,-4.339936648015406,4.3399366480154065,4.440892098500626e-16,8.679873296030813,-0.10089009604105137,0.10089009604105137,-4.339936648015406,4.3399366480154065,-6.0,6.0,0.0,12.0,0.0,0.0,0.0,0.0,0.0,0.0,0.0,0.0,0.0,0.0,0.0,0.0,0.0,0.0,6.002352239786426,6.002352239786426,6.279698983036042e-16,0.0,0.40299976361799744,0.0,-6.249999999999999,6.25,0.1707825127659933,0.1707825127659935,2.2998480225992006e-08,4.727631044042346e-06,0.012004704479266258,0.012,4.727631044041392e-06,0.012004704479266257,0.012
140,0.28,0.28200000000000003,-4.339936647873589,4.33993664787359,4.440892098500626e-16,8.679873295747178,-0.10089009604182575,0.10089009604182575,-4.339936647873589,4.33993664787359,-6.0,6.0,0.0,12.0,0.0,0.0,0.0,0.0,0.0,0.0,0.0,0.0,0.0,0.0,0.0,0.0,0.0,0.0,6.002352239939406,6.002352239939408,1.618497003086361e-15,0.0,0.40299976361799783,0.0,-6.249999999999999,6.25,0.1707825127659933,0.1707825127659935,2.299848333539777e-08,4.727631036195467e-06,0.012004704479572853,0.012,4.7276310361965555e-06,0.012004704479572853,0.012
141,0.28200000000000003,0.28400000000000003,-4.3399366477320696,4.33993664773207,4.440892098500626e-16,8.67987329546414,-0.10089009604259846,0.10089009604259846,-4.3399366477320696,4.33993664773207,-6.0,6.0,0.0,12.0,0.0,0.0,0.0,0.0,0.0,0.0,0.0,0.0,0.0,0.0,0.0,0.0,0.0,0.0,6.00235224009207,6.002352240092069,2.1180973641676815e-15,0.0,0.4029997636179982,0.0,-6.249999999999999,6.25,0.1707825127659933,0.1707825127659935,2.299848643914357e-08,4.727631028366388e-06,0.012004704479878813,0.012,4.727631028367263e-06,0.012004704479878815,0.012
142,0.28400000000000003,0.28600000000000003,-4.339936647590846,4.3399366475908465,4.440892098500626e-16,8.679873295181693,-0.10089009604336951,0.10089009604336951,-4.339936647590846,4.3399366475908465,-6.0,6.0,0.0,12.0,0.0,0.0,0.0,0.0,0.0,0.0,0.0,0.0,0.0,0.0,0.0,0.0,0.0,0.0,6.0023522402444165,6.002352240244418,2.3678975447083417e-15,0.0,0.4029997636179986,0.0,-6.249999999999999,6.25,0.1707825127659933,0.1707825127659935,2.2998489537239513e-08,4.7276310205506685e-06,0.01200470448018414,0.012,4.727631020551293e-06,0.012004704480184139,0.012
143,0.28600000000000003,0.28800000000000003,-4.3399366474499175,4.339936647449918,4.440892098500626e-16,8.679873294899835,-0.10089009604413834,0.10089009604413834,-4.3399366474499175,4.339936647449918,-6.0,6.0,0.0,12.0,0.0,0.0,0.0,0.0,0.0,0.0,0.0,0.0,0.0,0.0,0.0,0.0,0.0,0.0,6.002352240396449,6.002352240396448,1.788499903732088e-15,0.0,0.402999763617999,0.0,-6.249999999999999,6.25,0.1707825127659933,0.1707825127659935,2.299849262969568e-08,4.72763101275275e-06,0.012004704480488834,0.012,4.7276310127530865e-06,0.012004704480488836,0.012
144,0.28800000000000003,0.29,-4.339936647309283,4.339936647309284,4.440892098500626e-16,8.679873294618567,-0.10089009604490537,0.10089009604490537,-4.339936647309283,4.339936647309284,-6.0,6.0,0.0,12.0,0.0,0.0,0.0,0.0,0.0,0.0,0.0,0.0,0.0,0.0,0.0,0.0,0.0,0.0,6.002352240548165,6.002352240548165,5.0133508455729725e-16,0.0,0.4029997636179994,0.0,-6.249999999999999,6.25,0.1707825127659933,0.1707825127659935,2.2998495716522148e-08,4.727631004972632e-06,0.012004704480792898,0.012,4.727631004972643e-06,0.012004704480792897,0.012
145,0.29,0.292,-4.339936647168943,4.339936647168944,4.440892098500626e-16,8.679873294337888,-0.10089009604567045,0.10089009604567045,-4.339936647168943,4.339936647168944,-6.0,6.0,0.0,12.0,0.0,0.0,0.0,0.0,0.0,0.0,0.0,0.0,0.0,0.0,0.0,0.0,0.0,0.0,6.002352240699566,6.002352240699566,5.2562121322097255e-16,0.0,0.4029997636179998,0.0,-6.249999999999999,6.25,0.1707825127659933,0.1707825127659935,2.299849879772897e-08,4.727630997210314e-06,0.01200470448109633,0.012,4.727630997209964e-06,0.01200470448109633,0.012
146,0.292,0.294,-4.339936647028896,4.339936647028898,8.881784197001252e-16,8.679873294057794,-0.10089009604643373,0.10089009604643373,-4.339936647028896,4.339936647028898,-6.0,6.0,0.0,12.0,0.0,0.0,0.0,0.0,0.0,0.0,0.0,0.0,0.0,0.0,0.0,0.0,0.0,0.0,6.002352240850655,6.002352240850655,4.614364446098307e-16,0.0,0.40299976361800016,0.0,-6.249999999999999,6.25,0.1707825127659933,0.1707825127659935,2.299850187332619e-08,4.727630989463576e-06,0.012004704481399132,0.012,4.727630989462828e-06,0.012004704481399132,0.012
147,0.294,0.296,-4.339936646889143,4.339936646889144,4.440892098500626e-16,8.679873293778286,-0.10089009604719534,0.10089009604719534,-4.339936646889143,4.339936646889144,-6.0,6.0,0.0,12.0,0.0,0.0,0.0,0.0,0.0,0.0,0.0,0.0,0.0,0.0,0.0,0.0,0.0,0.0,6.0023522410014305,6.00235224100143,9.783840404509192e-16,0.0,0.40299976361800055,0.0,-6.249999999999999,6.25,0.1707825127659933,0.1707825127659935,2.2998504943323822e-08,4.727630981734638e-06,0.012004704481701309,0.012,4.727630981735675e-06,0.01200470448170131,0.012
148,0.296,0.298,-4.339936646749681,4.339936646749682,4.440892098500626e-16,8.679873293499362,-0.10089009604795474,0.10089009604795474,-4.339936646749681,4.339936646749682,-6.0,6.0,0.0,12.0,0.0,0.0,0.0,0.0,0.0,0.0,0.0,0.0,0.0,0.0,0.0,0.0,0.0,0.0,6.002352241151894,6.002352241151893,4.891920202254596e-16,0.0,0.40299976361800094,0.0,-6.249999999999999,6.25,0.1707825127659933,0.1707825127659935,2.2998508007731867e-08,4.727630974021279e-06,0.012004704482002861,0.012,4.727630974021846e-06,0.01200470448200286,0.012
149,0.298,0.3,-4.339936646610511,4.339936646610512,4.440892098500626e-16,8.679873293221021,-0.10089009604871219,0.10089009604871219,-4.339936646610511,4.339936646610512,-6.0,6.0,0.0,12.0,0.0,0.0,0.0,0.0,0.0,0.0,0.0,0.0,0.0,0.0,0.0,0.0,0.0,0.0,6.002352241302046,6.002352241302045,4.215378046623641e-16,0.0,0.4029997636180013,0.0,-6.249999999999999,6.25,0.1707825127659933,0.1707825127659935,2.299851106656031e-08,4.727630966323501e-06,0.012004704482303789,0.012,4.727630966323559e-06,0.012004704482303787,0.012
150,0.3,0.302,-4.339936646471632,4.3399366464716325,4.440892098500626e-16,8.679873292943263,-0.10089009604946797,0.10089009604946797,-4.339936646471632,4.3399366464716325,-6.0,6.0,0.0,12.0,0.0,0.0,0.0,0.0,0.0,0.0,0.0,0.0,0.0,0.0,0.0,0.0,0.0,0.0,6.002352241451886,6.002352241451887,1.48318857196017e-15,0.0,0.40299976361800166,0.0,-6.249999999999999,6.25,0.1707825127659933,0.1707825127659935,2.2998514119819117e-08,4.7276309586435216e-06,0.012004704482604092,0.012,4.727630958643036e-06,0.01200470448260409,0.012
151,0.302,0.304,-4.339936646333042,4.339936646333044,8.881784197001252e-16,8.679873292666086,-0.10089009605022167,0.10089009605022167,-4.339936646333042,4.339936646333044,-6.0,6.0,0.0,12.0,0.0,0.0,0.0,0.0,0.0,0.0,0.0,0.0,0.0,0.0,0.0,0.0,0.0,0.0,6.002352241601416,6.0023522416014155,1.6514567491299204e-15,0.0,0.40299976361800205,0.0,-6.249999999999999,6.25,0.1707825127659933,0.1707825127659935,2.2998517167518247e-08,4.727630950983564e-06,0.012004704482903772,0.012,4.727630950982497e-06,0.012004704482903774,0.012
152,0.304,0.306,-4.339936646194743,4.339936646194745,8.881784197001252e-16,8.679873292389487,-0.10089009605097371,0.10089009605097371,-4.339936646194743,4.339936646194745,-6.0,6.0,0.0,12.0,0.0,0.0,0.0,0.0,0.0,0.0,0.0,0.0,0.0,0.0,0.0,0.0,0.0,0.0,6.002352241750636,6.0023522417506365,9.8879238130678e-16,0.0,0.40299976361800244,0.0,-6.249999999999999,6.25,0.1707825127659933,0.1707825127659935,2.299852020966762e-08,4.727630943334744e-06,0.012004704483202833,0.012,4.7276309433352814e-06,0.012004704483202832,0.012
153,0.306,0.308,-4.339936646056733,4.339936646056734,4.440892098500626e-16,8.679873292113466,-0.10089009605172367,0.10089009605172367,-4.339936646056733,4.339936646056734,-6.0,6.0,0.0,12.0,0.0,0.0,0.0,0.0,0.0,0.0,0.0,0.0,0.0,0.0,0.0,0.0,0.0,0.0,6.002352241899548,6.002352241899548,8.066464163292153e-16,0.0,0.4029997636180028,0.0,-6.249999999999999,6.25,0.1707825127659933,0.1707825127659935,2.2998523246277162e-08,4.727630935703724e-06,0.012004704483501272,0.012,4.727630935703609e-06,0.012004704483501273,0.012
154,0.308,0.31,-4.339936645919011,4.339936645919012,4.440892098500626e-16,8.679873291838025,-0.10089009605247168,0.10089009605247168,-4.339936645919011,4.339936645919012,-6.0,6.0,0.0,12.0,0.0,0.0,0.0,0.0,0.0,0.0,0.0,0.0,0.0,0.0,0.0,0.0,0.0,0.0,6.0023522420481505,6.0023522420481505,1.9081958235744878e-16,0.0,0.4029997636180032,0.0,-6.249999999999999,6.25,0.1707825127659933,0.1707825127659935,2.299852627735677e-08,4.727630928090504e-06,0.012004704483799094,0.012,4.727630928089699e-06,0.012004704483799096,0.012
155,0.31,0.312,-4.339936645781577,4.339936645781579,8.881784197001252e-16,8.679873291563156,-0.1008900960532183,0.1008900960532183,-4.339936645781577,4.339936645781579,-6.0,6.0,0.0,12.0,0.0,0.0,0.0,0.0,0.0,0.0,0.0,0.0,0.0,0.0,0.0,0.0,0.0,0.0,6.002352242196445,6.002352242196444,1.0685896612017132e-15,0.0,0.4029997636180036,0.0,-6.249999999999999,6.25,0.1707825127659933,0.1707825127659935,2.2998529302916318e-08,4.727630920492864e-06,0.012004704484096301,0.012,4.727630920493553e-06,0.012004704484096301,0.012
156,0.312,0.314,-4.339936645644431,4.339936645644432,4.440892098500626e-16,8.679873291288864,-0.10089009605396285,0.10089009605396285,-4.339936645644431,4.339936645644432,-6.0,6.0,0.0,12.0,0.0,0.0,0.0,0.0,0.0,0.0,0.0,0.0,0.0,0.0,0.0,0.0,0.0,0.0,6.002352242344433,6.002352242344433,5.915407053080912e-16,0.0,0.402999763618004,0.0,-6.249999999999999,6.25,0.1707825127659933,0.1707825127659935,2.2998532322965668e-08,4.7276309129108016e-06,0.01200470448439289,0.012,4.7276309129107296e-06,0.01200470448439289,0.012
157,0.314,0.316,-4.339936645507571,4.3399366455075725,8.881784197001252e-16,8.679873291015143,-0.10089009605470572,0.10089009605470572,-4.339936645507571,4.3399366455075725,-6.0,6.0,0.0,12.0,0.0,0.0,0.0,0.0,0.0,0.0,0.0,0.0,0.0,0.0,0.0,0.0,0.0,0.0,6.0023522424921145,6.002352242492115,1.609823385706477e-15,0.0,0.4029997636180043,0.0,-6.249999999999999,6.25,0.1707825127659933,0.1707825127659935,2.2998535337514674e-08,4.72763090534876e-06,0.012004704484688865,0.012,4.727630905347891e-06,0.012004704484688865,0.012
158,0.316,0.318,-4.339936645370997,4.339936645370998,4.440892098500626e-16,8.679873290741995,-0.10089009605544624,0.10089009605544624,-4.339936645370997,4.339936645370998,-6.0,6.0,0.0,12.0,0.0,0.0,0.0,0.0,0.0,0.0,0.0,0.0,0.0,0.0,0.0,0.0,0.0,0.0,6.002352242639489,6.002352242639488,2.4424906541753444e-15,0.0,0.4029997636180047,0.0,-6.249999999999999,6.25,0.1707825127659933,0.1707825127659935,2.299853834657316e-08,4.727630897800077e-06,0.012004704484984228,0.012,4.727630897800594e-06,0.012004704484984231,0.012
159,0.318,0.32,-4.339936645234709,4.339936645234711,8.881784197001252e-16,8.67987329046942,-0.10089009605618537,0.10089009605618537,-4.339936645234709,4.339936645234711,-6.0,6.0,0.0,12.0,0.0,0.0,0.0,0.0,0.0,0.0,0.0,0.0,0.0,0.0,0.0,0.0,0.0,0.0,6.002352242786559,6.002352242786559,8.586881206085195e-16,0.0,0.4029997636180051,0.0,-6.249999999999999,6.25,0.1707825127659933,0.1707825127659935,2.2998541350150945e-08,4.727630890269194e-06,0.012004704485278978,0.012,4.727630890268842e-06,0.012004704485278976,0.012
160,0.32,0.322,-4.339936645098706,4.339936645098708,8.881784197001252e-16,8.679873290197413,-0.10089009605692242,0.10089009605692242,-4.339936645098706,4.339936645098708,-6.0,6.0,0.0,12.0,0.0,0.0,0.0,0.0,0.0,0.0,0.0,0.0,0.0,0.0,0.0,0.0,0.0,0.0,6.002352242933325,6.002352242933325,8.673617379884035e-16,0.0,0.4029997636180055,0.0,-6.249999999999999,6.25,0.1707825127659933,0.1707825127659935,2.299854434825781e-08,4.72763088275389e-06,0.012004704485573118,0.012,4.727630882754852e-06,0.012004704485573118,0.012
161,0.322,0.324,-4.339936644962987,4.339936644962989,8.881784197001252e-16,8.679873289925975,-0.10089009605765781,0.10089009605765781,-4.339936644962987,4.339936644962989,-6.0,6.0,0.0,12.0,0.0,0.0,0.0,0.0,0.0,0.0,0.0,0.0,0.0,0.0,0.0,0.0,0.0,0.0,6.002352243079786,6.002352243079786,6.418476861114186e-16,0.0,0.4029997636180058,0.0,-6.249999999999999,6.25,0.1707825127659933,0.1707825127659935,2.299854734090355e-08,4.727630875254164e-06,0.01200470448586665,0.012,4.727630875254185e-06,0.01200470448586665,0.012
162,0.324,0.326,-4.339936644827552,4.339936644827553,4.440892098500626e-16,8.679873289655106,-0.10089009605839139,0.10089009605839139,-4.339936644827552,4.339936644827553,-6.0,6.0,0.0,12.0,0.0,0.0,0.0,0.0,0.0,0.0,0.0,0.0,0.0,0.0,0.0,0.0,0.0,0.0,6.0023522432259435,6.0023522432259435,1.214306433183765e-16,0.0,0.4029997636180062,0.0,-6.249999999999999,6.25,0.1707825127659933,0.1707825127659935,2.2998550328097906e-08,4.727630867772238e-06,0.01200470448615957,0.012,4.727630867771282e-06,0.01200470448615957,0.012
163,0.326,0.328,-4.3399366446924,4.339936644692401,4.440892098500626e-16,8.679873289384801,-0.1008900960591233,0.1008900960591233,-4.3399366446924,4.339936644692401,-6.0,6.0,0.0,12.0,0.0,0.0,0.0,0.0,0.0,0.0,0.0,0.0,0.0,0.0,0.0,0.0,0.0,0.0,6.002352243371799,6.002352243371799,6.626643678231403e-16,0.0,0.4029997636180066,0.0,-6.249999999999999,6.25,0.1707825127659933,0.1707825127659935,2.2998553309850637e-08,4.727630860305891e-06,0.012004704486451887,0.012,4.727630860306142e-06,0.012004704486451887,0.012
164,0.328,0.33,-4.33993664455753,4.339936644557531,4.440892098500626e-16,8.679873289115061,-0.10089009605985327,0.10089009605985327,-4.33993664455753,4.339936644557531,-6.0,6.0,0.0,12.0,0.0,0.0,0.0,0.0,0.0,0.0,0.0,0.0,0.0,0.0,0.0,0.0,0.0,0.0,6.002352243517353,6.002352243517351,9.54097911787244e-16,0.0,0.40299976361800693,0.0,-6.249999999999999,6.25,0.1707825127659933,0.1707825127659935,2.299855628617146e-08,4.727630852855122e-06,0.012004704486743598,0.012,4.727630852854326e-06,0.012004704486743598,0.012
165,0.33,0.332,-4.339936644422942,4.339936644422943,4.440892098500626e-16,8.679873288845886,-0.1008900960605813,0.1008900960605813,-4.339936644422942,4.339936644422943,-6.0,6.0,0.0,12.0,0.0,0.0,0.0,0.0,0.0,0.0,0.0,0.0,0.0,0.0,0.0,0.0,0.0,0.0,6.002352243662603,6.002352243662604,1.4259426972529354e-15,0.0,0.4029997636180073,0.0,-6.249999999999999,6.25,0.1707825127659933,0.1707825127659935,2.29985592570701e-08,4.727630845422153e-06,0.012004704487034706,0.012,4.727630845422493e-06,0.012004704487034702,0.012
166,0.332,0.334,-4.339936644288636,4.3399366442886365,4.440892098500626e-16,8.679873288577273,-0.1008900960613078,0.1008900960613078,-4.339936644288636,4.3399366442886365,-6.0,6.0,0.0,12.0,0.0,0.0,0.0,0.0,0.0,0.0,0.0,0.0,0.0,0.0,0.0,0.0,0.0,0.0,6.002352243807554,6.002352243807554,7.407269242420966e-16,0.0,0.4029997636180077,0.0,-6.249999999999999,6.25,0.1707825127659933,0.1707825127659935,2.2998562222556232e-08,4.727630838002542e-06,0.012004704487325206,0.012,4.7276308380017615e-06,0.012004704487325208,0.012
167,0.334,0.336,-4.33993664415461,4.339936644154611,4.440892098500626e-16,8.67987328830922,-0.10089009606203223,0.10089009606203223,-4.33993664415461,4.339936644154611,-6.0,6.0,0.0,12.0,0.0,0.0,0.0,0.0,0.0,0.0,0.0,0.0,0.0,0.0,0.0,0.0,0.0,0.0,6.002352243952205,6.002352243952204,1.0928757898653885e-15,0.0,0.40299976361800804,0.0,-6.249999999999999,6.25,0.1707825127659933,0.1707825127659935,2.2998565182639534e-08,4.727630830598509e-06,0.012004704487615108,0.012,4.727630830598794e-06,0.012004704487615108,0.012
168,0.336,0.338,-4.339936644020865,4.339936644020866,4.440892098500626e-16,8.67987328804173,-0.10089009606275498,0.10089009606275498,-4.339936644020865,4.339936644020866,-6.0,6.0,0.0,12.0,0.0,0.0,0.0,0.0,0.0,0.0,0.0,0.0,0.0,0.0,0.0,0.0,0.0,0.0,6.0023522440965555,6.002352244096555,3.5735303605122226e-16,0.0,0.40299976361800843,0.0,-6.249999999999999,6.25,0.1707825127659933,0.1707825127659935,2.299856813732967e-08,4.727630823212276e-06,0.01200470448790441,0.012,4.727630823211371e-06,0.01200470448790441,0.012
169,0.338,0.34,-4.339936643887399,4.3399366438874,4.440892098500626e-16,8.6798732877748,-0.10089009606347579,0.10089009606347579,-4.339936643887399,4.3399366438874,-6.0,6.0,0.0,12.0,0.0,0.0,0.0,0.0,0.0,0.0,0.0,0.0,0.0,0.0,0.0,0.0,0.0,0.0,6.0023522442406065,6.0023522442406065,6.505213034913027e-16,0.0,0.4029997636180088,0.0,-6.249999999999999,6.25,0.1707825127659933,0.1707825127659935,2.2998571086636282e-08,4.72763081584162e-06,0.01200470448819311,0.012,4.72763081584171e-06,0.012004704488193109,0.012
170,0.34,0.342,-4.339936643754212,4.339936643754213,4.440892098500626e-16,8.679873287508425,-0.10089009606419494,0.10089009606419494,-4.339936643754212,4.339936643754213,-6.0,6.0,0.0,12.0,0.0,0.0,0.0,0.0,0.0,0.0,0.0,0.0,0.0,0.0,0.0,0.0,0.0,0.0,6.00235224438436,6.00235224438436,2.1163626406917047e-16,0.0,0.40299976361800915,0.0,-6.249999999999999,6.25,0.1707825127659933,0.1707825127659935,2.2998574030568995e-08,4.7276308084865436e-06,0.012004704488481214,0.012,4.727630808487593e-06,0.012004704488481214,0.012
171,0.342,0.34400000000000003,-4.339936643621304,4.3399366436213045,4.440892098500626e-16,8.679873287242607,-0.10089009606491228,0.10089009606491228,-4.339936643621304,4.3399366436213045,-6.0,6.0,0.0,12.0,0.0,0.0,0.0,0.0,0.0,0.0,0.0,0.0,0.0,0.0,0.0,0.0,0.0,0.0,6.002352244527815,6.002352244527813,2.2083029849184754e-15,0.0,0.40299976361800954,0.0,-6.249999999999999,6.25,0.1707825127659933,0.1707825127659935,2.2998576969137422e-08,4.727630801147045e-06,0.01200470448876872,0.012,4.727630801146798e-06,0.01200470448876872,0.012
172,0.34400000000000003,0.34600000000000003,-4.339936643488673,4.339936643488675,8.881784197001252e-16,8.679873286977347,-0.10089009606562782,0.10089009606562782,-4.339936643488673,4.339936643488675,-6.0,6.0,0.0,12.0,0.0,0.0,0.0,0.0,0.0,0.0,0.0,0.0,0.0,0.0,0.0,0.0,0.0,0.0,6.002352244670973,6.002352244670973,1.8561541192951836e-15,0.0,0.40299976361800993,0.0,-6.249999999999999,6.25,0.1707825127659933,0.1707825127659935,2.299857990235114e-08,4.727630793823125e-06,0.012004704489055629,0.012,4.727630793823767e-06,0.012004704489055627,0.012
173,0.34600000000000003,0.34800000000000003,-4.339936643356319,4.339936643356321,8.881784197001252e-16,8.67987328671264,-0.10089009606634156,0.10089009606634156,-4.339936643356319,4.339936643356321,-6.0,6.0,0.0,12.0,0.0,0.0,0.0,0.0,0.0,0.0,0.0,0.0,0.0,0.0,0.0,0.0,0.0,0.0,6.002352244813835,6.002352244813834,9.037909309839165e-16,0.0,0.40299976361801026,0.0,-6.249999999999999,6.25,0.1707825127659933,0.1707825127659935,2.2998582830219736e-08,4.727630786514783e-06,0.012004704489341947,0.012,4.727630786514059e-06,0.012004704489341947,0.012
174,0.34800000000000003,0.35000000000000003,-4.3399366432242426,4.339936643224244,8.881784197001252e-16,8.679873286448487,-0.10089009606705376,0.10089009606705376,-4.3399366432242426,4.339936643224244,-6.0,6.0,0.0,12.0,0.0,0.0,0.0,0.0,0.0,0.0,0.0,0.0,0.0,0.0,0.0,0.0,0.0,0.0,6.002352244956401,6.002352244956402,1.932481952238163e-15,0.0,0.40299976361801065,0.0,-6.249999999999999,6.25,0.1707825127659933,0.1707825127659935,2.299858575275276e-08,4.7276307792242395e-06,0.012004704489627671,0.012,4.727630779224334e-06,0.012004704489627668,0.012
175,0.35000000000000003,0.352,-4.339936643092442,4.339936643092444,8.881784197001252e-16,8.679873286184886,-0.10089009606776417,0.10089009606776417,-4.339936643092442,4.339936643092444,-6.0,6.0,0.0,12.0,0.0,0.0,0.0,0.0,0.0,0.0,0.0,0.0,0.0,0.0,0.0,0.0,0.0,0.0,6.002352245098671,6.002352245098671,1.1674688993323912e-15,0.0,0.402999763618011,0.0,-6.249999999999999,6.25,0.1707825127659933,0.1707825127659935,2.2998588669959757e-08,4.727630771947054e-06,0.012004704489912801,0.012,4.7276307719479326e-06,0.012004704489912803,0.012
176,0.352,0.354,-4.339936642960917,4.339936642960919,8.881784197001252e-16,8.679873285921836,-0.10089009606847263,0.10089009606847263,-4.339936642960917,4.339936642960919,-6.0,6.0,0.0,12.0,0.0,0.0,0.0,0.0,0.0,0.0,0.0,0.0,0.0,0.0,0.0,0.0,0.0,0.0,6.0023522452406475,6.0023522452406475,4.458239333260394e-16,0.0,0.4029997636180114,0.0,-6.249999999999999,6.25,0.1707825127659933,0.1707825127659935,2.2998591581850256e-08,4.7276307646876676e-06,0.012004704490197343,0.012,4.727630764687074e-06,0.012004704490197343,0.012
177,0.354,0.356,-4.3399366428296675,4.339936642829668,4.440892098500626e-16,8.679873285659337,-0.10089009606917942,0.10089009606917942,-4.3399366428296675,4.339936642829668,-6.0,6.0,0.0,12.0,0.0,0.0,0.0,0.0,0.0,0.0,0.0,0.0,0.0,0.0,0.0,0.0,0.0,0.0,6.002352245382329,6.00235224538233,5.620504062164855e-16,0.0,0.4029997636180117,0.0,-6.249999999999999,6.25,0.1707825127659933,0.1707825127659935,2.2998594488433766e-08,4.727630757443858e-06,0.012004704490481294,0.012,4.727630757443979e-06,0.012004704490481296,0.012
178,0.356,0.358,-4.339936642698691,4.339936642698693,8.881784197001252e-16,8.679873285397385,-0.10089009606988428,0.10089009606988428,-4.339936642698691,4.339936642698693,-6.0,6.0,0.0,12.0,0.0,0.0,0.0,0.0,0.0,0.0,0.0,0.0,0.0,0.0,0.0,0.0,0.0,0.0,6.002352245523717,6.002352245523716,1.708702623837155e-15,0.0,0.4029997636180121,0.0,-6.249999999999999,6.25,0.1707825127659933,0.1707825127659935,2.2998597389719763e-08,4.727630750213407e-06,0.012004704490764658,0.012,4.727630750214207e-06,0.012004704490764658,0.012
179,0.358,0.36,-4.33993664256799,4.339936642567991,4.440892098500626e-16,8.67987328513598,-0.1008900960705876,0.1008900960705876,-4.33993664256799,4.339936642567991,-6.0,6.0,0.0,12.0,0.0,0.0,0.0,0.0,0.0,0.0,0.0,0.0,0.0,0.0,0.0,0.0,0.0,0.0,6.002352245664812,6.002352245664813,1.6289053439422219e-15,0.0,0.40299976361801243,0.0,-6.249999999999999,6.25,0.1707825127659933,0.1707825127659935,2.2998600285717737e-08,4.7276307430007535e-06,0.012004704491047435,0.012,4.727630742999978e-06,0.012004704491047432,0.012
180,0.36,0.362,-4.339936642437561,4.3399366424375625,8.881784197001252e-16,8.679873284875123,-0.10089009607128913,0.10089009607128913,-4.339936642437561,4.3399366424375625,-6.0,6.0,0.0,12.0,0.0,0.0,0.0,0.0,0.0,0.0,0.0,0.0,0.0,0.0,0.0,0.0,0.0,0.0,6.002352245805615,6.002352245805615,9.645062526431047e-16,0.0,0.4029997636180128,0.0,-6.249999999999999,6.25,0.1707825127659933,0.1707825127659935,2.2998603176437137e-08,4.727630735803678e-06,0.012004704491329624,0.012,4.727630735803512e-06,0.012004704491329626,0.012
181,0.362,0.364,-4.339936642307405,4.339936642307406,4.440892098500626e-16,8.67987328461481,-0.10089009607198884,0.10089009607198884,-4.339936642307405,4.339936642307406,-6.0,6.0,0.0,12.0,0.0,0.0,0.0,0.0,0.0,0.0,0.0,0.0,0.0,0.0,0.0,0.0,0.0,0.0,6.002352245946128,6.002352245946127,1.160530005428484e-15,0.0,0.40299976361801315,0.0,-6.249999999999999,6.25,0.1707825127659933,0.1707825127659935,2.299860606188742e-08,4.72763072862218e-06,0.01200470449161123,0.012,4.7276307286225895e-06,0.01200470449161123,0.012
182,0.364,0.366,-4.339936642177521,4.3399366421775225,8.881784197001252e-16,8.679873284355043,-0.1008900960726869,0.1008900960726869,-4.339936642177521,4.3399366421775225,-6.0,6.0,0.0,12.0,0.0,0.0,0.0,0.0,0.0,0.0,0.0,0.0,0.0,0.0,0.0,0.0,0.0,0.0,6.002352246086347,6.002352246086347,8.656270145124267e-16,0.0,0.40299976361801354,0.0,-6.249999999999999,6.25,0.1707825127659933,0.1707825127659935,2.299860894207799e-08,4.72763072145404e-06,0.012004704491892254,0.012,4.72763072145499e-06,0.012004704491892252,0.012
183,0.366,0.368,-4.339936642047909,4.33993664204791,4.440892098500626e-16,8.67987328409582,-0.100890096073383,0.100890096073383,-4.339936642047909,4.33993664204791,-6.0,6.0,0.0,12.0,0.0,0.0,0.0,0.0,0.0,0.0,0.0,0.0,0.0,0.0,0.0,0.0,0.0,0.0,6.002352246226277,6.002352246226277,5.377642775528102e-17,0.0,0.4029997636180139,0.0,-6.249999999999999,6.25,0.1707825127659933,0.1707825127659935,2.2998611817018263e-08,4.727630714303698e-06,0.012004704492172695,0.012,4.7276307143029325e-06,0.012004704492172695,0.012
184,0.368,0.37,-4.339936641918567,4.339936641918569,8.881784197001252e-16,8.679873283837136,-0.10089009607407773,0.10089009607407773,-4.339936641918567,4.339936641918569,-6.0,6.0,0.0,12.0,0.0,0.0,0.0,0.0,0.0,0.0,0.0,0.0,0.0,0.0,0.0,0.0,0.0,0.0,6.002352246365916,6.002352246365916,5.186823193170653e-16,0.0,0.4029997636180142,0.0,-6.249999999999999,6.25,0.1707825127659933,0.1707825127659935,2.299861468671764e-08,4.727630707168934e-06,0.012004704492452554,0.012,4.72763070716864e-06,0.012004704492452552,0.012
185,0.37,0.372,-4.339936641789496,4.339936641789497,4.440892098500626e-16,8.679873283578992,-0.10089009607477051,0.10089009607477051,-4.339936641789496,4.339936641789497,-6.0,6.0,0.0,12.0,0.0,0.0,0.0,0.0,0.0,0.0,0.0,0.0,0.0,0.0,0.0,0.0,0.0,0.0,6.002352246505266,6.002352246505267,7.997075224253081e-16,0.0,0.4029997636180146,0.0,-6.249999999999999,6.25,0.1707825127659933,0.1707825127659935,2.299861755118549e-08,4.7276307000475264e-06,0.012004704492731832,0.012,4.7276307000476696e-06,0.012004704492731832,0.012
186,0.372,0.374,-4.339936641660695,4.339936641660696,4.440892098500626e-16,8.679873283321392,-0.1008900960754619,0.1008900960754619,-4.339936641660695,4.339936641660696,-6.0,6.0,0.0,12.0,0.0,0.0,0.0,0.0,0.0,0.0,0.0,0.0,0.0,0.0,0.0,0.0,0.0,0.0,6.002352246644329,6.002352246644328,9.818534874028728e-16,0.0,0.40299976361801493,0.0,-6.249999999999999,6.25,0.1707825127659933,0.1707825127659935,2.2998620410431182e-08,4.727630692943917e-06,0.012004704493010531,0.012,4.727630692944462e-06,0.012004704493010533,0.012
187,0.374,0.376,-4.339936641532163,4.339936641532164,4.440892098500626e-16,8.679873283064328,-0.10089009607615135,0.10089009607615135,-4.339936641532163,4.339936641532164,-6.0,6.0,0.0,12.0,0.0,0.0,0.0,0.0,0.0,0.0,0.0,0.0,0.0,0.0,0.0,0.0,0.0,0.0,6.002352246783103,6.002352246783103,1.2802259252708836e-15,0.0,0.40299976361801526,0.0,-6.249999999999999,6.25,0.1707825127659933,0.1707825127659935,2.299862326446404e-08,4.727630685853665e-06,0.012004704493288658,0.012,4.727630685854578e-06,0.012004704493288656,0.012
188,0.376,0.378,-4.3399366414039,4.339936641403901,8.881784197001252e-16,8.679873282807801,-0.10089009607683885,0.10089009607683885,-4.3399366414039,4.339936641403901,-6.0,6.0,0.0,12.0,0.0,0.0,0.0,0.0,0.0,0.0,0.0,0.0,0.0,0.0,0.0,0.0,0.0,0.0,6.002352246921589,6.00235224692159,7.945033519973776e-16,0.0,0.40299976361801565,0.0,-6.249999999999999,6.25,0.1707825127659933,0.1707825127659935,2.299862611329341e-08,4.72763067878121e-06,0.012004704493566207,0.012,4.727630678780237e-06,0.012004704493566207,0.012
189,0.378,0.38,-4.339936641275904,4.339936641275906,8.881784197001252e-16,8.67987328255181,-0.10089009607752483,0.10089009607752483,-4.339936641275904,4.339936641275906,-6.0,6.0,0.0,12.0,0.0,0.0,0.0,0.0,0.0,0.0,0.0,0.0,0.0,0.0,0.0,0.0,0.0,0.0,6.002352247059789,6.00235224705979,8.847089727481716e-17,0.0,0.402999763618016,0.0,-6.249999999999999,6.25,0.1707825127659933,0.1707825127659935,2.2998628956928584e-08,4.727630671722112e-06,0.012004704493843178,0.012,4.727630671721439e-06,0.01200470449384318,0.012
190,0.38,0.382,-4.339936641148177,4.339936641148178,4.440892098500626e-16,8.679873282296356,-0.10089009607820915,0.10089009607820915,-4.339936641148177,4.339936641148178,-6.0,6.0,0.0,12.0,0.0,0.0,0.0,0.0,0.0,0.0,0.0,0.0,0.0,0.0,0.0,0.0,0.0,0.0,6.002352247197702,6.002352247197702,5.100087019371813e-16,0.0,0.40299976361801637,0.0,-6.249999999999999,6.25,0.1707825127659933,0.1707825127659935,2.299863179537887e-08,4.727630664676372e-06,0.012004704494119577,0.012,4.727630664675963e-06,0.012004704494119578,0.012
191,0.382,0.384,-4.339936641020716,4.339936641020718,8.881784197001252e-16,8.679873282041434,-0.10089009607889207,0.10089009607889207,-4.339936641020716,4.339936641020718,-6.0,6.0,0.0,12.0,0.0,0.0,0.0,0.0,0.0,0.0,0.0,0.0,0.0,0.0,0.0,0.0,0.0,0.0,6.002352247335329,6.002352247335329,8.153200337090993e-16,0.0,0.4029997636180167,0.0,-6.249999999999999,6.25,0.1707825127659933,0.1707825127659935,2.299863462865355e-08,4.727630657648428e-06,0.012004704494395406,0.012,4.727630657648252e-06,0.012004704494395406,0.012
192,0.384,0.386,-4.339936640893522,4.339936640893524,8.881784197001252e-16,8.679873281787046,-0.10089009607957292,0.10089009607957292,-4.339936640893522,4.339936640893524,-6.0,6.0,0.0,12.0,0.0,0.0,0.0,0.0,0.0,0.0,0.0,0.0,0.0,0.0,0.0,0.0,0.0,0.0,6.002352247472672,6.002352247472672,6.245004513516506e-17,0.0,0.40299976361801704,0.0,-6.249999999999999,6.25,0.1707825127659933,0.1707825127659935,2.2998637456761865e-08,4.727630650633843e-06,0.012004704494670658,0.012,4.727630650633863e-06,0.012004704494670658,0.012
193,0.386,0.388,-4.339936640766594,4.339936640766595,4.440892098500626e-16,8.67987328153319,-0.10089009608025196,0.10089009608025196,-4.339936640766594,4.339936640766595,-6.0,6.0,0.0,12.0,0.0,0.0,0.0,0.0,0.0,0.0,0.0,0.0,0.0,0.0,0.0,0.0,0.0,0.0,6.00235224760973,6.002352247609732,2.1285057050235423e-15,0.0,0.40299976361801737,0.0,-6.249999999999999,6.25,0.1707825127659933,0.1707825127659935,2.299864027971308e-08,4.727630643637053e-06,0.012004704494945345,0.012,4.727630643637237e-06,0.012004704494945345,0.012
194,0.388,0.39,-4.339936640639931,4.339936640639932,4.440892098500626e-16,8.679873281279864,-0.10089009608092975,0.10089009608092975,-4.339936640639931,4.339936640639932,-6.0,6.0,0.0,12.0,0.0,0.0,0.0,0.0,0.0,0.0,0.0,0.0,0.0,0.0,0.0,0.0,0.0,0.0,6.002352247746504,6.002352247746504,1.7225804116449694e-15,0.0,0.40299976361801776,0.0,-6.249999999999999,6.25,0.1707825127659933,0.1707825127659935,2.2998643097516417e-08,4.7276306366536215e-06,0.01200470449521946,0.012,4.727630636653935e-06,0.012004704495219462,0.012
195,0.39,0.392,-4.339936640513534,4.3399366405135344,4.440892098500626e-16,8.679873281027067,-0.1008900960816056,0.1008900960816056,-4.339936640513534,4.3399366405135344,-6.0,6.0,0.0,12.0,0.0,0.0,0.0,0.0,0.0,0.0,0.0,0.0,0.0,0.0,0.0,0.0,0.0,0.0,6.002352247882996,6.002352247882995,9.402201239794294e-16,0.0,0.4029997636180181,0.0,-6.249999999999999,6.25,0.1707825127659933,0.1707825127659935,2.2998645910181095e-08,4.727630629685766e-06,0.01200470449549301,0.012,4.727630629686175e-06,0.01200470449549301,0.012
196,0.392,0.394,-4.339936640387399,4.339936640387401,8.881784197001252e-16,8.6798732807748,-0.10089009608227978,0.10089009608227978,-4.339936640387399,4.339936640387401,-6.0,6.0,0.0,12.0,0.0,0.0,0.0,0.0,0.0,0.0,0.0,0.0,0.0,0.0,0.0,0.0,0.0,0.0,6.0023522480192035,6.0023522480192035,5.360295540768334e-16,0.0,0.4029997636180184,0.0,-6.249999999999999,6.25,0.1707825127659933,0.1707825127659935,2.2998648717716295e-08,4.727630622733488e-06,0.01200470449576599,0.012,4.727630622733958e-06,0.01200470449576599,0.012
197,0.394,0.396,-4.339936640261529,4.339936640261531,8.881784197001252e-16,8.67987328052306,-0.10089009608295244,0.10089009608295244,-4.339936640261529,4.339936640261531,-6.0,6.0,0.0,12.0,0.0,0.0,0.0,0.0,0.0,0.0,0.0,0.0,0.0,0.0,0.0,0.0,0.0,0.0,6.002352248155129,6.0023522481551295,8.205242041370298e-16,0.0,0.40299976361801876,0.0,-6.249999999999999,6.25,0.1707825127659933,0.1707825127659935,2.2998651520131223e-08,4.727630615796786e-06,0.012004704496038408,0.012,4.727630615797285e-06,0.012004704496038406,0.012
198,0.396,0.398,-4.339936640135922,4.339936640135924,8.881784197001252e-16,8.679873280271845,-0.10089009608362329,0.10089009608362329,-4.339936640135922,4.339936640135924,-6.0,6.0,0.0,12.0,0.0,0.0,0.0,0.0,0.0,0.0,0.0,0.0,0.0,0.0,0.0,0.0,0.0,0.0,6.002352248290774,6.002352248290774,9.749145934989656e-16,0.0,0.40299976361801915,0.0,-6.249999999999999,6.25,0.1707825127659933,0.1707825127659935,2.2998654317435022e-08,4.727630608871221e-06,0.012004704496310257,0.012,4.727630608871713e-06,0.012004704496310258,0.012
199,0.398,0.4,-4.339936640010578,4.339936640010579,8.881784197001252e-16,8.679873280021157,-0.10089009608429234,0.10089009608429234,-4.339936640010578,4.339936640010579,-6.0,6.0,0.0,12.0,0.0,0.0,0.0,0.0,0.0,0.0,0.0,0.0,0.0,0.0,0.0,0.0,0.0,0.0,6.002352248426137,6.002352248426136,1.3634926521177704e-15,0.0,0.4029997636180195,0.0,-6.249999999999999,6.25,0.1707825127659933,0.1707825127659935,2.2998657109636847e-08,4.727630601963452e-06,0.012004704496581548,0.012,4.727630601963906e-06,0.012004704496581548,0.012
200,0.4,0.402,-4.3399366398854955,4.339936639885496,4.440892098500626e-16,8.679873279770991,-0.10089009608495986,0.10089009608495986,-4.3399366398854955,4.339936639885496,-6.0,6.0,0.0,12.0,0.0,0.0,0.0,0.0,0.0,0.0,0.0,0.0,0.0,0.0,0.0,0.0,0.0,0.0,6.00235224856122,6.00235224856122,1.0443035325380379e-15,0.0,0.4029997636180198,0.0,-6.249999999999999,6.25,0.1707825127659933,0.1707825127659935,2.299865989674584e-08,4.727630595069041e-06,0.012004704496852273,0.012,4.727630595069421e-06,0.012004704496852273,0.012
201,0.402,0.404,-4.3399366397606745,4.339936639760676,8.881784197001252e-16,8.67987327952135,-0.10089009608562571,0.10089009608562571,-4.3399366397606745,4.339936639760676,-6.0,6.0,0.0,12.0,0.0,0.0,0.0,0.0,0.0,0.0,0.0,0.0,0.0,0.0,0.0,0.0,0.0,0.0,6.002352248696023,6.002352248696024,1.0946105133413653e-15,0.0,0.40299976361802015,0.0,-6.249999999999999,6.25,0.1707825127659933,0.1707825127659935,2.299866267877111e-08,4.727630588192426e-06,0.012004704497122438,0.012,4.7276305881927e-06,0.01200470449712244,0.012
202,0.404,0.406,-4.3399366396361145,4.339936639636115,4.440892098500626e-16,8.679873279272229,-0.10089009608629018,0.10089009608629018,-4.3399366396361145,4.339936639636115,-6.0,6.0,0.0,12.0,0.0,0.0,0.0,0.0,0.0,0.0,0.0,0.0,0.0,0.0,0.0,0.0,0.0,0.0,6.002352248830547,6.0023522488305465,1.2108369862318114e-15,0.0,0.4029997636180205,0.0,-6.249999999999999,6.25,0.1707825127659933,0.1707825127659935,2.2998665455721754e-08,4.727630581329167e-06,0.012004704497392046,0.012,4.727630581329301e-06,0.012004704497392047,0.012
203,0.406,0.40800000000000003,-4.339936639511815,4.339936639511817,8.881784197001252e-16,8.679873279023631,-0.10089009608695271,0.10089009608695271,-4.339936639511815,4.339936639511817,-6.0,6.0,0.0,12.0,0.0,0.0,0.0,0.0,0.0,0.0,0.0,0.0,0.0,0.0,0.0,0.0,0.0,0.0,6.002352248964792,6.002352248964792,5.429684479807406e-16,0.0,0.40299976361802087,0.0,-6.249999999999999,6.25,0.1707825127659933,0.1707825127659935,2.2998668227606875e-08,4.727630574479265e-06,0.012004704497661094,0.012,4.7276305744792246e-06,0.012004704497661093,0.012
204,0.40800000000000003,0.41000000000000003,-4.339936639387775,4.339936639387776,4.440892098500626e-16,8.679873278775553,-0.1008900960876137,0.1008900960876137,-4.339936639387775,4.339936639387776,-6.0,6.0,0.0,12.0,0.0,0.0,0.0,0.0,0.0,0.0,0.0,0.0,0.0,0.0,0.0,0.0,0.0,0.0,6.0023522490987595,6.00235224909876,1.3235940121703038e-15,0.0,0.4029997636180212,0.0,-6.249999999999999,6.25,0.1707825127659933,0.1707825127659935,2.299867099443551e-08,4.72763056764716e-06,0.012004704497929584,0.012,4.727630567646912e-06,0.012004704497929584,0.012
205,0.41000000000000003,0.41200000000000003,-4.339936639263995,4.339936639263996,4.440892098500626e-16,8.679873278527992,-0.1008900960882729,0.1008900960882729,-4.339936639263995,4.339936639263996,-6.0,6.0,0.0,12.0,0.0,0.0,0.0,0.0,0.0,0.0,0.0,0.0,0.0,0.0,0.0,0.0,0.0,0.0,6.002352249232448,6.002352249232449,9.402201239794294e-16,0.0,0.40299976361802153,0.0,-6.249999999999999,6.25,0.1707825127659933,0.1707825127659935,2.2998673756216743e-08,4.72763056082841e-06,0.012004704498197518,0.012,4.727630560827922e-06,0.012004704498197521,0.012
206,0.41200000000000003,0.41400000000000003,-4.339936639140474,4.339936639140475,4.440892098500626e-16,8.679873278280947,-0.10089009608893057,0.10089009608893057,-4.339936639140474,4.339936639140475,-6.0,6.0,0.0,12.0,0.0,0.0,0.0,0.0,0.0,0.0,0.0,0.0,0.0,0.0,0.0,0.0,0.0,0.0,6.002352249365861,6.0023522493658605,1.106753577673203e-15,0.0,0.40299976361802187,0.0,-6.249999999999999,6.25,0.1707825127659933,0.1707825127659935,2.2998676512959605e-08,4.727630554023017e-06,0.012004704498464898,0.012,4.727630554022255e-06,0.012004704498464898,0.012
207,0.41400000000000003,0.41600000000000004,-4.3399366390172105,4.339936639017211,4.440892098500626e-16,8.679873278034421,-0.10089009608958657,0.10089009608958657,-4.3399366390172105,4.339936639017211,-6.0,6.0,0.0,12.0,0.0,0.0,0.0,0.0,0.0,0.0,0.0,0.0,0.0,0.0,0.0,0.0,0.0,0.0,6.002352249498998,6.002352249498998,8.101158632811689e-16,0.0,0.4029997636180222,0.0,-6.249999999999999,6.25,0.1707825127659933,0.1707825127659935,2.2998679264673103e-08,4.727630547233199e-06,0.012004704498731722,0.012,4.727630547232131e-06,0.01200470449873172,0.012
208,0.41600000000000004,0.418,-4.339936638894204,4.339936638894206,8.881784197001252e-16,8.67987327778841,-0.10089009609024105,0.10089009609024105,-4.339936638894204,4.339936638894206,-6.0,6.0,0.0,12.0,0.0,0.0,0.0,0.0,0.0,0.0,0.0,0.0,0.0,0.0,0.0,0.0,0.0,0.0,6.0023522496318575,6.0023522496318575,5.065392549852277e-16,0.0,0.40299976361802253,0.0,-6.249999999999999,6.25,0.1707825127659933,0.1707825127659935,2.299868201136626e-08,4.7276305404567385e-06,0.012004704498997995,0.012,4.727630540457551e-06,0.012004704498997995,0.012
209,0.418,0.42,-4.339936638771456,4.339936638771457,4.440892098500626e-16,8.679873277542914,-0.100890096090894,0.100890096090894,-4.339936638771456,4.339936638771457,-6.0,6.0,0.0,12.0,0.0,0.0,0.0,0.0,0.0,0.0,0.0,0.0,0.0,0.0,0.0,0.0,0.0,0.0,6.002352249764444,6.002352249764442,1.1587952819525071e-15,0.0,0.40299976361802287,0.0,-6.249999999999999,6.25,0.1707825127659933,0.1707825127659935,2.2998684753048056e-08,4.727630533695854e-06,0.012004704499263715,0.012,4.727630533696292e-06,0.012004704499263715,0.012
210,0.42,0.422,-4.339936638648964,4.3399366386489655,8.881784197001252e-16,8.67987327729793,-0.10089009609154515,0.10089009609154515,-4.339936638648964,4.3399366386489655,-6.0,6.0,0.0,12.0,0.0,0.0,0.0,0.0,0.0,0.0,0.0,0.0,0.0,0.0,0.0,0.0,0.0,0.0,6.002352249896754,6.002352249896754,1.3652273755937472e-15,0.0,0.4029997636180232,0.0,-6.249999999999999,6.25,0.1707825127659933,0.1707825127659935,2.2998687489727467e-08,4.727630526948325e-06,0.012004704499528888,0.012,4.727630526948357e-06,0.012004704499528885,0.012
211,0.422,0.424,-4.339936638526728,4.339936638526729,4.440892098500626e-16,8.679873277053456,-0.10089009609219463,0.10089009609219463,-4.339936638526728,4.339936638526729,-6.0,6.0,0.0,12.0,0.0,0.0,0.0,0.0,0.0,0.0,0.0,0.0,0.0,0.0,0.0,0.0,0.0,0.0,6.00235225002879,6.002352250028792,1.0026701691145945e-15,0.0,0.40299976361802353,0.0,-6.249999999999999,6.25,0.1707825127659933,0.1707825127659935,2.2998690221413456e-08,4.727630520218592e-06,0.012004704499793508,0.012,4.727630520218185e-06,0.012004704499793508,0.012
212,0.424,0.426,-4.3399366384047475,4.339936638404749,8.881784197001252e-16,8.679873276809497,-0.10089009609284244,0.10089009609284244,-4.3399366384047475,4.339936638404749,-6.0,6.0,0.0,12.0,0.0,0.0,0.0,0.0,0.0,0.0,0.0,0.0,0.0,0.0,0.0,0.0,0.0,0.0,6.002352250160553,6.002352250160553,1.7034984534092246e-15,0.0,0.40299976361802387,0.0,-6.249999999999999,6.25,0.1707825127659933,0.1707825127659935,2.2998692948114965e-08,4.727630513502215e-06,0.01200470450005758,0.012,4.727630513501335e-06,0.012004704500057582,0.012
213,0.426,0.428,-4.339936638283023,4.339936638283024,4.440892098500626e-16,8.679873276566045,-0.10089009609348887,0.10089009609348887,-4.339936638283023,4.339936638283024,-6.0,6.0,0.0,12.0,0.0,0.0,0.0,0.0,0.0,0.0,0.0,0.0,0.0,0.0,0.0,0.0,0.0,0.0,6.002352250292043,6.002352250292043,3.5041414214731503e-16,0.0,0.4029997636180242,0.0,-6.249999999999999,6.25,0.1707825127659933,0.1707825127659935,2.2998695669840916e-08,4.727630506799193e-06,0.012004704500321105,0.012,4.727630506800029e-06,0.012004704500321105,0.012
214,0.428,0.43,-4.339936638161551,4.339936638161553,8.881784197001252e-16,8.679873276323104,-0.10089009609413363,0.10089009609413363,-4.339936638161551,4.339936638161553,-6.0,6.0,0.0,12.0,0.0,0.0,0.0,0.0,0.0,0.0,0.0,0.0,0.0,0.0,0.0,0.0,0.0,0.0,6.002352250423261,6.002352250423261,6.591949208711867e-17,0.0,0.40299976361802453,0.0,-6.249999999999999,6.25,0.1707825127659933,0.1707825127659935,2.2998698386600226e-08,4.727630500109528e-06,0.012004704500584086,0.012,4.727630500109825e-06,0.012004704500584086,0.012
215,0.43,0.432,-4.339936638040334,4.339936638040336,8.881784197001252e-16,8.67987327608067,-0.10089009609477645,0.10089009609477645,-4.339936638040334,4.339936638040336,-6.0,6.0,0.0,12.0,0.0,0.0,0.0,0.0,0.0,0.0,0.0,0.0,0.0,0.0,0.0,0.0,0.0,0.0,6.002352250554207,6.002352250554206,7.8236028766554e-16,0.0,0.40299976361802486,0.0,-6.249999999999999,6.25,0.1707825127659933,0.1707825127659935,2.2998701098401793e-08,4.7276304934354374e-06,0.01200470450084652,0.012,4.727630493435165e-06,0.012004704500846522,0.012
216,0.432,0.434,-4.339936637919371,4.339936637919372,4.440892098500626e-16,8.679873275838744,-0.10089009609541788,0.10089009609541788,-4.339936637919371,4.339936637919372,-6.0,6.0,0.0,12.0,0.0,0.0,0.0,0.0,0.0,0.0,0.0,0.0,0.0,0.0,0.0,0.0,0.0,0.0,6.002352250684881,6.002352250684882,1.3548190347378863e-15,0.0,0.4029997636180252,0.0,-6.249999999999999,6.25,0.1707825127659933,0.1707825127659935,2.2998703805254487e-08,4.727630486776924e-06,0.012004704501108413,0.012,4.727630486776047e-06,0.012004704501108411,0.012
217,0.434,0.436,-4.339936637798661,4.339936637798662,4.440892098500626e-16,8.679873275597323,-0.10089009609605792,0.10089009609605792,-4.339936637798661,4.339936637798662,-6.0,6.0,0.0,12.0,0.0,0.0,0.0,0.0,0.0,0.0,0.0,0.0,0.0,0.0,0.0,0.0,0.0,0.0,6.002352250815285,6.002352250815285,6.192962809237201e-16,0.0,0.40299976361802553,0.0,-6.249999999999999,6.25,0.1707825127659933,0.1707825127659935,2.2998706507167186e-08,4.727630480131764e-06,0.012004704501369761,0.012,4.7276304801324724e-06,0.012004704501369763,0.012
218,0.436,0.438,-4.3399366376782025,4.339936637678203,4.440892098500626e-16,8.679873275356407,-0.1008900960966963,0.1008900960966963,-4.3399366376782025,4.339936637678203,-6.0,6.0,0.0,12.0,0.0,0.0,0.0,0.0,0.0,0.0,0.0,0.0,0.0,0.0,0.0,0.0,0.0,0.0,6.002352250945419,6.0023522509454175,1.375635716449608e-15,0.0,0.40299976361802586,0.0,-6.249999999999999,6.25,0.1707825127659933,0.1707825127659935,2.299870920414873e-08,4.727630473499962e-06,0.01200470450163057,0.012,4.7276304734999995e-06,0.01200470450163057,0.012
219,0.438,0.44,-4.3399366375579955,4.339936637557997,8.881784197001252e-16,8.679873275115993,-0.10089009609733302,0.10089009609733302,-4.3399366375579955,4.339936637557997,-6.0,6.0,0.0,12.0,0.0,0.0,0.0,0.0,0.0,0.0,0.0,0.0,0.0,0.0,0.0,0.0,0.0,0.0,6.002352251075283,6.0023522510752825,8.569533971325427e-16,0.0,0.4029997636180262,0.0,-6.249999999999999,6.25,0.1707825127659933,0.1707825127659935,2.2998711896207965e-08,4.727630466883734e-06,0.012004704501890838,0.012,4.7276304668830704e-06,0.012004704501890836,0.012
220,0.44,0.442,-4.339936637438041,4.339936637438042,4.440892098500626e-16,8.679873274876083,-0.10089009609796806,0.10089009609796806,-4.339936637438041,4.339936637438042,-6.0,6.0,0.0,12.0,0.0,0.0,0.0,0.0,0.0,0.0,0.0,0.0,0.0,0.0,0.0,0.0,0.0,0.0,6.002352251204878,6.0023522512048775,1.3530843112619095e-16,0.0,0.40299976361802653,0.0,-6.249999999999999,6.25,0.1707825127659933,0.1707825127659935,2.2998714583353696e-08,4.727630460283082e-06,0.012004704502150566,0.012,4.7276304602839045e-06,0.012004704502150564,0.012
221,0.442,0.444,-4.339936637318337,4.3399366373183375,4.440892098500626e-16,8.679873274636673,-0.100890096098602,0.100890096098602,-4.339936637318337,4.3399366373183375,-6.0,6.0,0.0,12.0,0.0,0.0,0.0,0.0,0.0,0.0,0.0,0.0,0.0,0.0,0.0,0.0,0.0,0.0,6.002352251334205,6.002352251334205,9.835882108788496e-16,0.0,0.40299976361802686,0.0,-6.249999999999999,6.25,0.1707825127659933,0.1707825127659935,2.299871726559473e-08,4.727630453695785e-06,0.012004704502409756,0.012,4.7276304536958415e-06,0.012004704502409754,0.012
222,0.444,0.446,-4.339936637198882,4.339936637198884,8.881784197001252e-16,8.679873274397766,-0.100890096099234,0.100890096099234,-4.339936637198882,4.339936637198884,-6.0,6.0,0.0,12.0,0.0,0.0,0.0,0.0,0.0,0.0,0.0,0.0,0.0,0.0,0.0,0.0,0.0,0.0,6.002352251463264,6.002352251463265,6.609296443471635e-16,0.0,0.4029997636180272,0.0,-6.249999999999999,6.25,0.1707825127659933,0.1707825127659935,2.299871994293986e-08,4.7276304471218434e-06,0.01200470450266841,0.012,4.727630447121101e-06,0.01200470450266841,0.012
223,0.446,0.448,-4.339936637079678,4.3399366370796795,8.881784197001252e-16,8.679873274159357,-0.1008900960998646,0.1008900960998646,-4.339936637079678,4.3399366370796795,-6.0,6.0,0.0,12.0,0.0,0.0,0.0,0.0,0.0,0.0,0.0,0.0,0.0,0.0,0.0,0.0,0.0,0.0,6.002352251592054,6.002352251592054,1.994931997373328e-15,0.0,0.40299976361802753,0.0,-6.249999999999999,6.25,0.1707825127659933,0.1707825127659935,2.2998722615397852e-08,4.7276304405612565e-06,0.012004704502926527,0.012,4.727630440561903e-06,0.012004704502926528,0.012
224,0.448,0.45,-4.339936636960723,4.339936636960724,4.440892098500626e-16,8.679873273921448,-0.10089009610049327,0.10089009610049327,-4.339936636960723,4.339936636960724,-6.0,6.0,0.0,12.0,0.0,0.0,0.0,0.0,0.0,0.0,0.0,0.0,0.0,0.0,0.0,0.0,0.0,0.0,6.00235225172058,6.00235225172058,1.0113437864944785e-15,0.0,0.40299976361802786,0.0,-6.249999999999999,6.25,0.1707825127659933,0.1707825127659935,2.2998725282977467e-08,4.727630434014025e-06,0.012004704503184107,0.012,4.727630434013808e-06,0.012004704503184107,0.012
225,0.45,0.452,-4.339936636842016,4.339936636842018,8.881784197001252e-16,8.679873273684034,-0.10089009610112082,0.10089009610112082,-4.339936636842016,4.339936636842018,-6.0,6.0,0.0,12.0,0.0,0.0,0.0,0.0,0.0,0.0,0.0,0.0,0.0,0.0,0.0,0.0,0.0,0.0,6.002352251848838,6.002352251848839,7.997075224253081e-16,0.0,0.4029997636180282,0.0,-6.249999999999999,6.25,0.1707825127659933,0.1707825127659935,2.2998727945687446e-08,4.727630427484589e-06,0.012004704503441158,0.012,4.727630427485696e-06,0.012004704503441158,0.012
226,0.452,0.454,-4.339936636723558,4.339936636723559,4.440892098500626e-16,8.679873273447118,-0.10089009610174643,0.10089009610174643,-4.339936636723558,4.339936636723559,-6.0,6.0,0.0,12.0,0.0,0.0,0.0,0.0,0.0,0.0,0.0,0.0,0.0,0.0,0.0,0.0,0.0,0.0,6.002352251976831,6.0023522519768315,3.9898639947466563e-17,0.0,0.4029997636180285,0.0,-6.249999999999999,6.25,0.1707825127659933,0.1707825127659935,2.2998730603536515e-08,4.7276304209685086e-06,0.012004704503697675,0.012,4.727630420968687e-06,0.012004704503697677,0.012
227,0.454,0.456,-4.339936636605348,4.339936636605349,4.440892098500626e-16,8.679873273210696,-0.10089009610237079,0.10089009610237079,-4.339936636605348,4.339936636605349,-6.0,6.0,0.0,12.0,0.0,0.0,0.0,0.0,0.0,0.0,0.0,0.0,0.0,0.0,0.0,0.0,0.0,0.0,6.002352252104558,6.002352252104558,1.2715523078909996e-15,0.0,0.4029997636180288,0.0,-6.249999999999999,6.25,0.1707825127659933,0.1707825127659935,2.299873325653338e-08,4.727630414465782e-06,0.01200470450395366,0.012,4.727630414465001e-06,0.012004704503953663,0.012
228,0.456,0.458,-4.339936636487384,4.339936636487385,4.440892098500626e-16,8.67987327297477,-0.10089009610299321,0.10089009610299321,-4.339936636487384,4.339936636487385,-6.0,6.0,0.0,12.0,0.0,0.0,0.0,0.0,0.0,0.0,0.0,0.0,0.0,0.0,0.0,0.0,0.0,0.0,6.002352252232022,6.002352252232022,1.3062467774105357e-15,0.0,0.40299976361802914,0.0,-6.249999999999999,6.25,0.1707825127659933,0.1707825127659935,2.2998735904686752e-08,4.7276304079764114e-06,0.012004704504209117,0.012,4.727630407976857e-06,0.012004704504209117,0.012
229,0.458,0.46,-4.339936636369667,4.339936636369669,8.881784197001252e-16,8.679873272739336,-0.10089009610361438,0.10089009610361438,-4.339936636369667,4.339936636369669,-6.0,6.0,0.0,12.0,0.0,0.0,0.0,0.0,0.0,0.0,0.0,0.0,0.0,0.0,0.0,0.0,0.0,0.0,6.00235225235922,6.002352252359222,1.1050188541972261e-15,0.0,0.40299976361802947,0.0,-6.249999999999999,6.25,0.1707825127659933,0.1707825127659935,2.2998738548005295e-08,4.727630401502616e-06,0.012004704504464043,0.012,4.727630401502036e-06,0.012004704504464043,0.012
230,0.46,0.462,-4.3399366362521965,4.339936636252197,4.440892098500626e-16,8.679873272504395,-0.10089009610423388,0.10089009610423388,-4.3399366362521965,4.339936636252197,-6.0,6.0,0.0,12.0,0.0,0.0,0.0,0.0,0.0,0.0,0.0,0.0,0.0,0.0,0.0,0.0,0.0,0.0,6.002352252486155,6.002352252486156,1.394717674685353e-15,0.0,0.4029997636180298,0.0,-6.249999999999999,6.25,0.1707825127659933,0.1707825127659935,2.2998741186497673e-08,4.727630395042174e-06,0.01200470450471844,0.012,4.727630395042759e-06,0.012004704504718444,0.012
231,0.462,0.464,-4.339936636134971,4.339936636134972,4.440892098500626e-16,8.679873272269944,-0.100890096104852,0.100890096104852,-4.339936636134971,4.339936636134972,-6.0,6.0,0.0,12.0,0.0,0.0,0.0,0.0,0.0,0.0,0.0,0.0,0.0,0.0,0.0,0.0,0.0,0.0,6.002352252612829,6.002352252612829,1.3201245652183502e-15,0.0,0.4029997636180301,0.0,-6.249999999999999,6.25,0.1707825127659933,0.1707825127659935,2.2998743820172547e-08,4.727630388592867e-06,0.01200470450497231,0.012,4.727630388592363e-06,0.012004704504972312,0.012
232,0.464,0.466,-4.339936636017991,4.339936636017993,8.881784197001252e-16,8.679873272035984,-0.10089009610546859,0.10089009610546859,-4.339936636017991,4.339936636017993,-6.0,6.0,0.0,12.0,0.0,0.0,0.0,0.0,0.0,0.0,0.0,0.0,0.0,0.0,0.0,0.0,0.0,0.0,6.002352252739239,6.002352252739238,9.52363188311267e-16,0.0,0.4029997636180304,0.0,-6.249999999999999,6.25,0.1707825127659933,0.1707825127659935,2.2998746449038547e-08,4.727630382161355e-06,0.012004704505225656,0.012,4.727630382161952e-06,0.012004704505225656,0.012
233,0.466,0.468,-4.339936635901256,4.339936635901257,4.440892098500626e-16,8.679873271802514,-0.10089009610608365,0.10089009610608365,-4.339936635901256,4.339936635901257,-6.0,6.0,0.0,12.0,0.0,0.0,0.0,0.0,0.0,0.0,0.0,0.0,0.0,0.0,0.0,0.0,0.0,0.0,6.0023522528653865,6.002352252865386,2.0990154059319366e-16,0.0,0.40299976361803075,0.0,-6.249999999999999,6.25,0.1707825127659933,0.1707825127659935,2.29987490731043e-08,4.727630375738758e-06,0.012004704505478477,0.012,4.727630375738201e-06,0.012004704505478475,0.012
234,0.468,0.47000000000000003,-4.339936635784764,4.339936635784765,4.440892098500626e-16,8.67987327156953,-0.10089009610669719,0.10089009610669719,-4.339936635784764,4.339936635784765,-6.0,6.0,0.0,12.0,0.0,0.0,0.0,0.0,0.0,0.0,0.0,0.0,0.0,0.0,0.0,0.0,0.0,0.0,6.0023522529912725,6.0023522529912725,9.003214840319629e-16,0.0,0.4029997636180311,0.0,-6.249999999999999,6.25,0.1707825127659933,0.1707825127659935,2.2998751692378402e-08,4.727630369333954e-06,0.012004704505730773,0.012,4.727630369334435e-06,0.012004704505730771,0.012
235,0.47000000000000003,0.47200000000000003,-4.339936635668516,4.339936635668518,8.881784197001252e-16,8.679873271337033,-0.10089009610730906,0.10089009610730906,-4.339936635668516,4.339936635668518,-6.0,6.0,0.0,12.0,0.0,0.0,0.0,0.0,0.0,0.0,0.0,0.0,0.0,0.0,0.0,0.0,0.0,0.0,6.002352253116899,6.0023522531169,1.4190038033490282e-15,0.0,0.40299976361803136,0.0,-6.249999999999999,6.25,0.1707825127659933,0.1707825127659935,2.299875430686945e-08,4.727630362942506e-06,0.012004704505982546,0.012,4.72763036294177e-06,0.012004704505982546,0.012
236,0.47200000000000003,0.47400000000000003,-4.339936635552511,4.339936635552513,8.881784197001252e-16,8.679873271105023,-0.10089009610791941,0.10089009610791941,-4.339936635552511,4.339936635552513,-6.0,6.0,0.0,12.0,0.0,0.0,0.0,0.0,0.0,0.0,0.0,0.0,0.0,0.0,0.0,0.0,0.0,0.0,6.0023522532422655,6.0023522532422655,5.325601071248798e-16,0.0,0.4029997636180317,0.0,-6.249999999999999,6.25,0.1707825127659933,0.1707825127659935,2.299875691658601e-08,4.727630356564413e-06,0.012004704506233798,0.012,4.72763035656465e-06,0.012004704506233801,0.012
237,0.47400000000000003,0.47600000000000003,-4.339936635436748,4.33993663543675,8.881784197001252e-16,8.679873270873498,-0.10089009610852837,0.10089009610852837,-4.339936635436748,4.33993663543675,-6.0,6.0,0.0,12.0,0.0,0.0,0.0,0.0,0.0,0.0,0.0,0.0,0.0,0.0,0.0,0.0,0.0,0.0,6.0023522533673725,6.002352253367372,8.881784197001252e-16,0.0,0.402999763618032,0.0,-6.249999999999999,6.25,0.1707825127659933,0.1707825127659935,2.2998759521536654e-08,4.727630350199673e-06,0.012004704506484531,0.012,4.7276303501986305e-06,0.012004704506484531,0.012
238,0.47600000000000003,0.47800000000000004,-4.339936635321228,4.339936635321229,4.440892098500626e-16,8.679873270642457,-0.10089009610913552,0.10089009610913552,-4.339936635321228,4.339936635321229,-6.0,6.0,0.0,12.0,0.0,0.0,0.0,0.0,0.0,0.0,0.0,0.0,0.0,0.0,0.0,0.0,0.0,0.0,6.0023522534922185,6.002352253492218,1.0720591081536668e-15,0.0,0.40299976361803236,0.0,-6.249999999999999,6.25,0.1707825127659933,0.1707825127659935,2.299876212172991e-08,4.727630343848288e-06,0.012004704506734744,0.012,4.727630343848155e-06,0.012004704506734742,0.012
239,0.47800000000000004,0.48,-4.339936635205949,4.339936635205951,8.881784197001252e-16,8.6798732704119,-0.10089009610974142,0.10089009610974142,-4.339936635205949,4.339936635205951,-6.0,6.0,0.0,12.0,0.0,0.0,0.0,0.0,0.0,0.0,0.0,0.0,0.0,0.0,0.0,0.0,0.0,0.0,6.002352253616806,6.002352253616807,9.072603779358701e-16,0.0,0.40299976361803264,0.0,-6.249999999999999,6.25,0.1707825127659933,0.1707825127659935,2.2998764717174313e-08,4.7276303375124775e-06,0.012004704506984437,0.012,4.727630337513222e-06,0.012004704506984435,0.012
240,0.48,0.482,-4.339936635090911,4.339936635090913,8.881784197001252e-16,8.679873270181824,-0.10089009611034594,0.10089009611034594,-4.339936635090911,4.339936635090913,-6.0,6.0,0.0,12.0,0.0,0.0,0.0,0.0,0.0,0.0,0.0,0.0,0.0,0.0,0.0,0.0,0.0,0.0,6.002352253741137,6.002352253741138,4.996003610813204e-16,0.0,0.40299976361803297,0.0,-6.249999999999999,6.25,0.1707825127659933,0.1707825127659935,2.2998767307878392e-08,4.727630331190021e-06,0.012004704507233612,0.012,4.727630331189392e-06,0.012004704507233614,0.012
241,0.482,0.484,-4.339936634976114,4.339936634976115,4.440892098500626e-16,8.679873269952228,-0.10089009611094879,0.10089009611094879,-4.339936634976114,4.339936634976115,-6.0,6.0,0.0,12.0,0.0,0.0,0.0,0.0,0.0,0.0,0.0,0.0,0.0,0.0,0.0,0.0,0.0,0.0,6.00235225386521,6.002352253865209,1.2906342661267445e-15,0.0,0.4029997636180333,0.0,-6.249999999999999,6.25,0.1707825127659933,0.1707825127659935,2.2998769893850634e-08,4.727630324878698e-06,0.012004704507482275,0.012,4.7276303248788845e-06,0.012004704507482275,0.012
242,0.484,0.486,-4.339936634861557,4.339936634861558,4.440892098500626e-16,8.679873269723114,-0.10089009611155011,0.10089009611155011,-4.339936634861557,4.339936634861558,-6.0,6.0,0.0,12.0,0.0,0.0,0.0,0.0,0.0,0.0,0.0,0.0,0.0,0.0,0.0,0.0,0.0,0.0,6.0023522539890255,6.002352253989025,6.938893903907228e-17,0.0,0.4029997636180336,0.0,-6.249999999999999,6.25,0.1707825127659933,0.1707825127659935,2.2998772475099513e-08,4.7276303185851705e-06,0.01200470450773042,0.012,4.72763031858614e-06,0.012004704507730418,0.012
243,0.486,0.488,-4.339936634747239,4.33993663474724,8.881784197001252e-16,8.679873269494479,-0.10089009611215005,0.10089009611215005,-4.339936634747239,4.33993663474724,-6.0,6.0,0.0,12.0,0.0,0.0,0.0,0.0,0.0,0.0,0.0,0.0,0.0,0.0,0.0,0.0,0.0,0.0,6.0023522541125836,6.0023522541125836,1.1483869410966463e-15,0.0,0.4029997636180339,0.0,-6.249999999999999,6.25,0.1707825127659933,0.1707825127659935,2.2998775051633524e-08,4.727630312302776e-06,0.012004704507978052,0.012,4.727630312302278e-06,0.01200470450797805,0.012
244,0.488,0.49,-4.33993663463316,4.339936634633161,4.440892098500626e-16,8.67987326926632,-0.10089009611274846,0.10089009611274846,-4.33993663463316,4.339936634633161,-6.0,6.0,0.0,12.0,0.0,0.0,0.0,0.0,0.0,0.0,0.0,0.0,0.0,0.0,0.0,0.0,0.0,0.0,6.0023522542358885,6.0023522542358885,1.6792123247455493e-15,0.0,0.40299976361803425,0.0,-6.249999999999999,6.25,0.1707825127659933,0.1707825127659935,2.2998777623461114e-08,4.727630306033736e-06,0.012004704508225168,0.012,4.727630306033959e-06,0.012004704508225168,0.012
245,0.49,0.492,-4.3399366345193195,4.33993663451932,4.440892098500626e-16,8.67987326903864,-0.10089009611334507,0.10089009611334507,-4.3399366345193195,4.33993663451932,-6.0,6.0,0.0,12.0,0.0,0.0,0.0,0.0,0.0,0.0,0.0,0.0,0.0,0.0,0.0,0.0,0.0,0.0,6.002352254358936,6.002352254358936,4.597017211338539e-16,0.0,0.4029997636180345,0.0,-6.249999999999999,6.25,0.1707825127659933,0.1707825127659935,2.2998780190590704e-08,4.72763029977583e-06,0.012004704508471777,0.012,4.727630299776742e-06,0.012004704508471777,0.012
246,0.492,0.494,-4.339936634405717,4.339936634405718,4.440892098500626e-16,8.679873268811434,-0.1008900961139407,0.1008900961139407,-4.339936634405717,4.339936634405718,-6.0,6.0,0.0,12.0,0.0,0.0,0.0,0.0,0.0,0.0,0.0,0.0,0.0,0.0,0.0,0.0,0.0,0.0,6.002352254481728,6.002352254481728,4.683753385137379e-16,0.0,0.40299976361803486,0.0,-6.249999999999999,6.25,0.1707825127659933,0.1707825127659935,2.299878275303075e-08,4.727630293535718e-06,0.012004704508717871,0.012,4.727630293535068e-06,0.012004704508717871,0.012
247,0.494,0.496,-4.339936634292353,4.3399366342923535,4.440892098500626e-16,8.679873268584707,-0.10089009611453481,0.10089009611453481,-4.339936634292353,4.3399366342923535,-6.0,6.0,0.0,12.0,0.0,0.0,0.0,0.0,0.0,0.0,0.0,0.0,0.0,0.0,0.0,0.0,0.0,0.0,6.002352254604268,6.002352254604267,7.754213937616328e-16,0.0,0.40299976361803513,0.0,-6.249999999999999,6.25,0.1707825127659933,0.1707825127659935,2.299878531078964e-08,4.727630287304519e-06,0.012004704508963458,0.012,4.727630287304496e-06,0.012004704508963456,0.012
248,0.496,0.498,-4.3399366341792245,4.339936634179225,4.440892098500626e-16,8.679873268358449,-0.10089009611512711,0.10089009611512711,-4.3399366341792245,4.339936634179225,-6.0,6.0,0.0,12.0,0.0,0.0,0.0,0.0,0.0,0.0,0.0,0.0,0.0,0.0,0.0,0.0,0.0,0.0,6.002352254726552,6.002352254726553,1.4849232954361469e-15,0.0,0.40299976361803547,0.0,-6.249999999999999,6.25,0.1707825127659933,0.1707825127659935,2.2998787863875775e-08,4.727630281091115e-06,0.012004704509208534,0.012,4.727630281091688e-06,0.012004704509208533,0.012
249,0.498,0.5,-4.339936634066333,4.339936634066334,8.881784197001252e-16,8.679873268132667,-0.10089009611571831,0.10089009611571831,-4.339936634066333,4.339936634066334,-6.0,6.0,0.0,12.0,0.0,0.0,0.0,0.0,0.0,0.0,0.0,0.0,0.0,0.0,0.0,0.0,0.0,0.0,6.002352254848584,6.002352254848583,9.8879238130678e-16,0.0,0.4029997636180358,0.0,-6.249999999999999,6.25,0.1707825127659933,0.1707825127659935,2.2998790412297548e-08,4.727630274891064e-06,0.012004704509453103,0.012,4.727630274889982e-06,0.012004704509453104,0.012
250,0.5,0.502,-4.339936633953678,4.339936633953679,4.440892098500626e-16,8.679873267907357,-0.1008900961163077,0.1008900961163077,-4.339936633953678,4.339936633953679,-6.0,6.0,0.0,12.0,0.0,0.0,0.0,0.0,0.0,0.0,0.0,0.0,0.0,0.0,0.0,0.0,0.0,0.0,6.002352254970363,6.002352254970361,4.510281037539698e-16,0.0,0.4029997636180361,0.0,-6.249999999999999,6.25,0.1707825127659933,0.1707825127659935,2.299879295606331e-08,4.727630268704367e-06,0.012004704509697168,0.012,4.7276302687038195e-06,0.012004704509697166,0.012
251,0.502,0.504,-4.3399366338412575,4.339936633841259,8.881784197001252e-16,8.679873267682517,-0.10089009611689584,0.10089009611689584,-4.3399366338412575,4.339936633841259,-6.0,6.0,0.0,12.0,0.0,0.0,0.0,0.0,0.0,0.0,0.0,0.0,0.0,0.0,0.0,0.0,0.0,0.0,6.002352255091888,6.002352255091888,1.2975731600306517e-15,0.0,0.4029997636180364,0.0,-6.249999999999999,6.25,0.1707825127659933,0.1707825127659935,2.2998795495181417e-08,4.727630262531024e-06,0.012004704509940727,0.012,4.72763026253098e-06,0.012004704509940723,0.012
252,0.504,0.506,-4.339936633729073,4.339936633729074,8.881784197001252e-16,8.679873267458147,-0.10089009611748218,0.10089009611748218,-4.339936633729073,4.339936633729074,-6.0,6.0,0.0,12.0,0.0,0.0,0.0,0.0,0.0,0.0,0.0,0.0,0.0,0.0,0.0,0.0,0.0,0.0,6.002352255213163,6.002352255213163,2.0816681711721685e-17,0.0,0.4029997636180367,0.0,-6.249999999999999,6.25,0.1707825127659933,0.1707825127659935,2.2998798029660213e-08,4.727630256371034e-06,0.012004704510183775,0.012,4.727630256371462e-06,0.012004704510183775,0.012
253,0.506,0.508,-4.339936633617123,4.339936633617124,4.440892098500626e-16,8.679873267234246,-0.10089009611806754,0.10089009611806754,-4.339936633617123,4.339936633617124,-6.0,6.0,0.0,12.0,0.0,0.0,0.0,0.0,0.0,0.0,0.0,0.0,0.0,0.0,0.0,0.0,0.0,0.0,6.002352255334187,6.002352255334186,7.407269242420966e-16,0.0,0.402999763618037,0.0,-6.249999999999999,6.25,0.1707825127659933,0.1707825127659935,2.2998800559508016e-08,4.727630250224397e-06,0.012004704510426326,0.012,4.727630250225268e-06,0.012004704510426326,0.012
254,0.508,0.51,-4.339936633505406,4.339936633505408,8.881784197001252e-16,8.679873267010814,-0.10089009611865138,0.10089009611865138,-4.339936633505406,4.339936633505408,-6.0,6.0,0.0,12.0,0.0,0.0,0.0,0.0,0.0,0.0,0.0,0.0,0.0,0.0,0.0,0.0,0.0,0.0,6.002352255454959,6.002352255454958,7.979727989493313e-16,0.0,0.4029997636180373,0.0,-6.249999999999999,6.25,0.1707825127659933,0.1707825127659935,2.299880308473313e-08,4.727630244091115e-06,0.012004704510668374,0.012,4.727630244090175e-06,0.012004704510668372,0.012
255,0.51,0.512,-4.339936633393924,4.3399366333939255,8.881784197001252e-16,8.67987326678785,-0.10089009611923341,0.10089009611923341,-4.339936633393924,4.3399366333939255,-6.0,6.0,0.0,12.0,0.0,0.0,0.0,0.0,0.0,0.0,0.0,0.0,0.0,0.0,0.0,0.0,0.0,0.0,6.002352255575481,6.002352255575482,1.5838025335668249e-15,0.0,0.40299976361803763,0.0,-6.249999999999999,6.25,0.1707825127659933,0.1707825127659935,2.299880560534386e-08,4.727630237971186e-06,0.012004704510909918,0.012,4.727630237970626e-06,0.012004704510909915,0.012
256,0.512,0.514,-4.339936633282674,4.339936633282676,8.881784197001252e-16,8.67987326656535,-0.10089009611981406,0.10089009611981406,-4.339936633282674,4.339936633282676,-6.0,6.0,0.0,12.0,0.0,0.0,0.0,0.0,0.0,0.0,0.0,0.0,0.0,0.0,0.0,0.0,0.0,0.0,6.0023522556957545,6.0023522556957545,7.892991815694472e-16,0.0,0.4029997636180379,0.0,-6.249999999999999,6.25,0.1707825127659933,0.1707825127659935,2.2998808121348473e-08,4.727630231862389e-06,0.012004704511150962,0.012,4.727630231862179e-06,0.012004704511150963,0.012
257,0.514,0.516,-4.339936633171657,4.339936633171659,8.881784197001252e-16,8.679873266343316,-0.10089009612039318,0.10089009612039318,-4.339936633171657,4.339936633171659,-6.0,6.0,0.0,12.0,0.0,0.0,0.0,0.0,0.0,0.0,0.0,0.0,0.0,0.0,0.0,0.0,0.0,0.0,6.002352255815778,6.002352255815778,5.238864897449957e-16,0.0,0.40299976361803824,0.0,-6.249999999999999,6.25,0.1707825127659933,0.1707825127659935,2.2998810632755243e-08,4.727630225766946e-06,0.012004704511391509,0.012,4.7276302257670545e-06,0.012004704511391509,0.012
258,0.516,0.518,-4.339936633060873,4.339936633060874,4.440892098500626e-16,8.679873266121746,-0.10089009612097119,0.10089009612097119,-4.339936633060873,4.339936633060874,-6.0,6.0,0.0,12.0,0.0,0.0,0.0,0.0,0.0,0.0,0.0,0.0,0.0,0.0,0.0,0.0,0.0,0.0,6.002352255935553,6.002352255935553,3.122502256758253e-16,0.0,0.4029997636180385,0.0,-6.249999999999999,6.25,0.1707825127659933,0.1707825127659935,2.2998813139572408e-08,4.7276302196826364e-06,0.012004704511631555,0.012,4.727630219683032e-06,0.012004704511631555,0.012
259,0.518,0.52,-4.3399366329503195,4.33993663295032,4.440892098500626e-16,8.679873265900639,-0.10089009612154753,0.10089009612154753,-4.3399366329503195,4.33993663295032,-6.0,6.0,0.0,12.0,0.0,0.0,0.0,0.0,0.0,0.0,0.0,0.0,0.0,0.0,0.0,0.0,0.0,0.0,6.0023522560550795,6.0023522560550795,2.5847379792054426e-16,0.0,0.40299976361803885,0.0,-6.249999999999999,6.25,0.1707825127659933,0.1707825127659935,2.2998815641808213e-08,4.7276302136161196e-06,0.012004704511871106,0.012,4.7276302136167735e-06,0.012004704511871106,0.012
260,0.52,0.522,-4.339936632839997,4.339936632839998,4.440892098500626e-16,8.679873265679994,-0.10089009612212263,0.10089009612212263,-4.339936632839997,4.339936632839998,-6.0,6.0,0.0,12.0,0.0,0.0,0.0,0.0,0.0,0.0,0.0,0.0,0.0,0.0,0.0,0.0,0.0,0.0,6.002352256174358,6.002352256174358,4.544975507059235e-16,0.0,0.40299976361803913,0.0,-6.249999999999999,6.25,0.1707825127659933,0.1707825127659935,2.299881813947088e-08,4.727630207560736e-06,0.01200470451211016,0.012,4.727630207561617e-06,0.012004704512110158,0.012
261,0.522,0.524,-4.339936632729906,4.3399366327299065,4.440892098500626e-16,8.679873265459811,-0.10089009612269648,0.10089009612269648,-4.339936632729906,4.3399366327299065,-6.0,6.0,0.0,12.0,0.0,0.0,0.0,0.0,0.0,0.0,0.0,0.0,0.0,0.0,0.0,0.0,0.0,0.0,6.002352256293392,6.002352256293389,1.502270530195915e-15,0.0,0.4029997636180394,0.0,-6.249999999999999,6.25,0.1707825127659933,0.1707825127659935,2.2998820632568614e-08,4.727630201518706e-06,0.012004704512348717,0.012,4.7276302015197835e-06,0.012004704512348717,0.012
262,0.524,0.526,-4.339936632620044,4.339936632620046,8.881784197001252e-16,8.67987326524009,-0.10089009612326866,0.10089009612326866,-4.339936632620044,4.339936632620046,-6.0,6.0,0.0,12.0,0.0,0.0,0.0,0.0,0.0,0.0,0.0,0.0,0.0,0.0,0.0,0.0,0.0,0.0,6.002352256412176,6.002352256412177,2.0573820425084932e-15,0.0,0.40299976361803974,0.0,-6.249999999999999,6.25,0.1707825127659933,0.1707825127659935,2.29988231211096e-08,4.727630195487808e-06,0.012004704512586784,0.012,4.727630195486832e-06,0.012004704512586778,0.012
263,0.526,0.528,-4.339936632510413,4.339936632510414,4.440892098500626e-16,8.679873265020827,-0.10089009612383931,0.10089009612383931,-4.339936632510413,4.339936632510414,-6.0,6.0,0.0,12.0,0.0,0.0,0.0,0.0,0.0,0.0,0.0,0.0,0.0,0.0,0.0,0.0,0.0,0.0,6.002352256530717,6.002352256530716,1.2195106036116954e-15,0.0,0.40299976361804,0.0,-6.249999999999999,6.25,0.1707825127659933,0.1707825127659935,2.2998825605102024e-08,4.727630189470263e-06,0.012004704512824352,0.012,4.727630189469423e-06,0.012004704512824354,0.012
264,0.528,0.53,-4.3399366324010105,4.339936632401011,4.440892098500626e-16,8.679873264802023,-0.10089009612440858,0.10089009612440858,-4.3399366324010105,4.339936632401011,-6.0,6.0,0.0,12.0,0.0,0.0,0.0,0.0,0.0,0.0,0.0,0.0,0.0,0.0,0.0,0.0,0.0,0.0,6.00235225664901,6.00235225664901,1.016547956922409e-15,0.0,0.40299976361804035,0.0,-6.249999999999999,6.25,0.1707825127659933,0.1707825127659935,2.2998828084554046e-08,4.727630183466072e-06,0.012004704513061433,0.012,4.727630183465337e-06,0.012004704513061432,0.012
265,0.53,0.532,-4.3399366322918365,4.339936632291838,8.881784197001252e-16,8.679873264583675,-0.1008900961249766,0.1008900961249766,-4.3399366322918365,4.339936632291838,-6.0,6.0,0.0,12.0,0.0,0.0,0.0,0.0,0.0,0.0,0.0,0.0,0.0,0.0,0.0,0.0,0.0,0.0,6.002352256767058,6.002352256767058,2.1510571102112408e-16,0.0,0.40299976361804063,0.0,-6.249999999999999,6.25,0.1707825127659933,0.1707825127659935,2.299883055947382e-08,4.727630177475233e-06,0.01200470451329802,0.012,4.727630177474573e-06,0.01200470451329802,0.012
266,0.532,0.534,-4.339936632182892,4.3399366321828925,4.440892098500626e-16,8.679873264365785,-0.10089009612554309,0.10089009612554309,-4.339936632182892,4.3399366321828925,-6.0,6.0,0.0,12.0,0.0,0.0,0.0,0.0,0.0,0.0,0.0,0.0,0.0,0.0,0.0,0.0,0.0,0.0,6.002352256884863,6.002352256884863,8.153200337090993e-17,0.0,0.4029997636180409,0.0,-6.249999999999999,6.25,0.1707825127659933,0.1707825127659935,2.299883302986947e-08,4.727630171497747e-06,0.012004704513534118,0.012,4.727630171497133e-06,0.012004704513534118,0.012
267,0.534,0.536,-4.339936632074173,4.339936632074175,8.881784197001252e-16,8.679873264148348,-0.10089009612610819,0.10089009612610819,-4.339936632074173,4.339936632074175,-6.0,6.0,0.0,12.0,0.0,0.0,0.0,0.0,0.0,0.0,0.0,0.0,0.0,0.0,0.0,0.0,0.0,0.0,6.002352257002424,6.002352257002425,1.6479873021779667e-15,0.0,0.40299976361804124,0.0,-6.249999999999999,6.25,0.1707825127659933,0.1707825127659935,2.2998835495749127e-08,4.727630165533614e-06,0.012004704513769726,0.012,4.7276301655330144e-06,0.012004704513769726,0.012
268,0.536,0.538,-4.339936631965683,4.339936631965685,8.881784197001252e-16,8.679873263931368,-0.10089009612667205,0.10089009612667205,-4.339936631965683,4.339936631965685,-6.0,6.0,0.0,12.0,0.0,0.0,0.0,0.0,0.0,0.0,0.0,0.0,0.0,0.0,0.0,0.0,0.0,0.0,6.002352257119741,6.00235225711974,1.7295193055488767e-15,0.0,0.4029997636180415,0.0,-6.249999999999999,6.25,0.1707825127659933,0.1707825127659935,2.2998837957120894e-08,4.727630159582833e-06,0.012004704514004847,0.012,4.727630159582219e-06,0.012004704514004849,0.012
269,0.538,0.54,-4.3399366318574195,4.339936631857421,8.881784197001252e-16,8.67987326371484,-0.10089009612723424,0.10089009612723424,-4.3399366318574195,4.339936631857421,-6.0,6.0,0.0,12.0,0.0,0.0,0.0,0.0,0.0,0.0,0.0,0.0,0.0,0.0,0.0,0.0,0.0,0.0,6.002352257236814,6.002352257236814,6.019490461639521e-16,0.0,0.4029997636180418,0.0,-6.249999999999999,6.25,0.1707825127659933,0.1707825127659935,2.299884041399286e-08,4.727630153643186e-06,0.01200470451423948,0.012,4.727630153642526e-06,0.01200470451423948,0.012
270,0.54,0.542,-4.339936631749382,4.339936631749384,8.881784197001252e-16,8.679873263498767,-0.10089009612779504,0.10089009612779504,-4.339936631749382,4.339936631749384,-6.0,6.0,0.0,12.0,0.0,0.0,0.0,0.0,0.0,0.0,0.0,0.0,0.0,0.0,0.0,0.0,0.0,0.0,6.002352257353646,6.002352257353646,6.557254739192331e-16,0.0,0.40299976361804213,0.0,-6.249999999999999,6.25,0.1707825127659933,0.1707825127659935,2.299884286637311e-08,4.72763014771689e-06,0.012004704514473628,0.012,4.727630147716156e-06,0.012004704514473628,0.012
271,0.542,0.544,-4.339936631641571,4.339936631641573,8.881784197001252e-16,8.679873263283143,-0.10089009612835431,0.10089009612835431,-4.339936631641571,4.339936631641573,-6.0,6.0,0.0,12.0,0.0,0.0,0.0,0.0,0.0,0.0,0.0,0.0,0.0,0.0,0.0,0.0,0.0,0.0,6.002352257470235,6.002352257470235,6.817463260588852e-16,0.0,0.4029997636180424,0.0,-6.249999999999999,6.25,0.1707825127659933,0.1707825127659935,2.2998845314269704e-08,4.727630141803947e-06,0.012004704514707292,0.012,4.727630141803108e-06,0.012004704514707292,0.012
272,0.544,0.546,-4.339936631533986,4.339936631533987,4.440892098500626e-16,8.679873263067972,-0.10089009612891248,0.10089009612891248,-4.339936631533986,4.339936631533987,-6.0,6.0,0.0,12.0,0.0,0.0,0.0,0.0,0.0,0.0,0.0,0.0,0.0,0.0,0.0,0.0,0.0,0.0,6.0023522575865815,6.002352257586582,7.4593109467002705e-16,0.0,0.4029997636180427,0.0,-6.249999999999999,6.25,0.1707825127659933,0.1707825127659935,2.299884775769069e-08,4.727630135904357e-06,0.012004704514940468,0.012,4.727630135903383e-06,0.012004704514940468,0.012
273,0.546,0.548,-4.339936631426625,4.3399366314266254,4.440892098500626e-16,8.67987326285325,-0.10089009612946953,0.10089009612946953,-4.339936631426625,4.3399366314266254,-6.0,6.0,0.0,12.0,0.0,0.0,0.0,0.0,0.0,0.0,0.0,0.0,0.0,0.0,0.0,0.0,0.0,0.0,6.002352257702689,6.0023522577026895,4.666406150377611e-16,0.0,0.402999763618043,0.0,-6.249999999999999,6.25,0.1707825127659933,0.1707825127659935,2.2998850196644097e-08,4.727630130015899e-06,0.012004704515173163,0.012,4.72763013001698e-06,0.012004704515173164,0.012
274,0.548,0.55,-4.339936631319488,4.339936631319489,4.440892098500626e-16,8.679873262638978,-0.10089009613002478,0.10089009613002478,-4.339936631319488,4.339936631319489,-6.0,6.0,0.0,12.0,0.0,0.0,0.0,0.0,0.0,0.0,0.0,0.0,0.0,0.0,0.0,0.0,0.0,0.0,6.002352257818555,6.002352257818554,1.4797191250082165e-15,0.0,0.4029997636180433,0.0,-6.249999999999999,6.25,0.1707825127659933,0.1707825127659935,2.2998852631137956e-08,4.727630124140794e-06,0.012004704515405376,0.012,4.72763012414168e-06,0.01200470451540538,0.012
275,0.55,0.552,-4.339936631212575,4.339936631212577,8.881784197001252e-16,8.679873262425152,-0.10089009613057864,0.10089009613057864,-4.339936631212575,4.339936631212577,-6.0,6.0,0.0,12.0,0.0,0.0,0.0,0.0,0.0,0.0,0.0,0.0,0.0,0.0,0.0,0.0,0.0,0.0,6.002352257934181,6.002352257934181,5.100087019371813e-16,0.0,0.40299976361804357,0.0,-6.249999999999999,6.25,0.1707825127659933,0.1707825127659935,2.2998855061180276e-08,4.72763011827904e-06,0.01200470451563711,0.012,4.727630118279702e-06,0.012004704515637109,0.012
276,0.552,0.554,-4.3399366311058865,4.339936631105888,8.881784197001252e-16,8.679873262211775,-0.10089009613113098,0.10089009613113098,-4.3399366311058865,4.339936631105888,-6.0,6.0,0.0,12.0,0.0,0.0,0.0,0.0,0.0,0.0,0.0,0.0,0.0,0.0,0.0,0.0,0.0,0.0,6.002352258049568,6.002352258049567,6.574601973952099e-16,0.0,0.40299976361804385,0.0,-6.249999999999999,6.25,0.1707825127659933,0.1707825127659935,2.2998857486779045e-08,4.727630112428419e-06,0.012004704515868362,0.012,4.727630112428827e-06,0.012004704515868362,0.012
277,0.554,0.556,-4.3399366309994205,4.339936630999422,8.881784197001252e-16,8.679873261998843,-0.1008900961316822,0.1008900961316822,-4.3399366309994205,4.339936630999422,-6.0,6.0,0.0,12.0,0.0,0.0,0.0,0.0,0.0,0.0,0.0,0.0,0.0,0.0,0.0,0.0,0.0,0.0,6.002352258164715,6.002352258164716,2.1180973641676815e-15,0.0,0.4029997636180442,0.0,-6.249999999999999,6.25,0.1707825127659933,0.1707825127659935,2.2998859907942244e-08,4.72763010659115e-06,0.012004704516099135,0.012,4.727630106591274e-06,0.012004704516099134,0.012
278,0.556,0.558,-4.3399366308931775,4.339936630893178,4.440892098500626e-16,8.679873261786355,-0.10089009613223204,0.10089009613223204,-4.3399366308931775,4.339936630893178,-6.0,6.0,0.0,12.0,0.0,0.0,0.0,0.0,0.0,0.0,0.0,0.0,0.0,0.0,0.0,0.0,0.0,0.0,6.0023522582796245,6.002352258279623,2.7026991755718655e-15,0.0,0.40299976361804446,0.0,-6.249999999999999,6.25,0.1707825127659933,0.1707825127659935,2.299886232467784e-08,4.727630100767234e-06,0.012004704516329429,0.012,4.727630100767044e-06,0.012004704516329432,0.012
279,0.558,0.56,-4.339936630787156,4.339936630787157,8.881784197001252e-16,8.679873261574313,-0.10089009613278063,0.10089009613278063,-4.339936630787156,4.339936630787157,-6.0,6.0,0.0,12.0,0.0,0.0,0.0,0.0,0.0,0.0,0.0,0.0,0.0,0.0,0.0,0.0,0.0,0.0,6.002352258394296,6.0023522583942945,8.569533971325427e-16,0.0,0.40299976361804474,0.0,-6.249999999999999,6.25,0.1707825127659933,0.1707825127659935,2.299886473699378e-08,4.727630094954449e-06,0.012004704516559248,0.012,4.727630094953916e-06,0.012004704516559246,0.012
280,0.56,0.562,-4.339936630681357,4.339936630681358,4.440892098500626e-16,8.679873261362715,-0.10089009613332783,0.10089009613332783,-4.339936630681357,4.339936630681358,-6.0,6.0,0.0,12.0,0.0,0.0,0.0,0.0,0.0,0.0,0.0,0.0,0.0,0.0,0.0,0.0,0.0,0.0,6.002352258508729,6.002352258508729,1.2611439670351388e-15,0.0,0.402999763618045,0.0,-6.249999999999999,6.25,0.1707825127659933,0.1707825127659935,2.2998867144898002e-08,4.727630089157237e-06,0.012004704516788593,0.012,4.727630089156331e-06,0.012004704516788589,0.012
281,0.562,0.5640000000000001,-4.339936630575778,4.33993663057578,8.881784197001252e-16,8.679873261151558,-0.10089009613387337,0.10089009613387337,-4.339936630575778,4.33993663057578,-6.0,6.0,0.0,12.0,0.0,0.0,0.0,0.0,0.0,0.0,0.0,0.0,0.0,0.0,0.0,0.0,0.0,0.0,6.002352258622924,6.002352258622927,1.4883927423881005e-15,0.0,0.40299976361804535,0.0,-6.249999999999999,6.25,0.1707825127659933,0.1707825127659935,2.2998869548398423e-08,4.727630083371156e-06,0.012004704517017458,0.012,4.72763008337207e-06,0.01200470451701746,0.012
282,0.5640000000000001,0.5660000000000001,-4.3399366304704206,4.339936630470421,4.440892098500626e-16,8.679873260940841,-0.1008900961344178,0.1008900961344178,-4.3399366304704206,4.339936630470421,-6.0,6.0,0.0,12.0,0.0,0.0,0.0,0.0,0.0,0.0,0.0,0.0,0.0,0.0,0.0,0.0,0.0,0.0,6.0023522587368845,6.002352258736885,1.1761425167122752e-15,0.0,0.4029997636180456,0.0,-6.249999999999999,6.25,0.1707825127659933,0.1707825127659935,2.299887194750297e-08,4.727630077596207e-06,0.012004704517245848,0.012,4.72763007759669e-06,0.012004704517245854,0.012
283,0.5660000000000001,0.5680000000000001,-4.339936630365283,4.339936630365284,4.440892098500626e-16,8.679873260730567,-0.10089009613496097,0.10089009613496097,-4.339936630365283,4.339936630365284,-6.0,6.0,0.0,12.0,0.0,0.0,0.0,0.0,0.0,0.0,0.0,0.0,0.0,0.0,0.0,0.0,0.0,0.0,6.0023522588506095,6.002352258850609,1.3062467774105357e-15,0.0,0.4029997636180459,0.0,-6.249999999999999,6.25,0.1707825127659933,0.1707825127659935,2.299887434221952e-08,4.72763007183461e-06,0.01200470451747377,0.012,4.727630071834632e-06,0.01200470451747377,0.012
284,0.5680000000000001,0.5700000000000001,-4.3399366302603655,4.339936630260367,8.881784197001252e-16,8.679873260520733,-0.10089009613550262,0.10089009613550262,-4.3399366302603655,4.339936630260367,-6.0,6.0,0.0,12.0,0.0,0.0,0.0,0.0,0.0,0.0,0.0,0.0,0.0,0.0,0.0,0.0,0.0,0.0,6.0023522589640965,6.002352258964097,1.1362438767648086e-15,0.0,0.4029997636180462,0.0,-6.249999999999999,6.25,0.1707825127659933,0.1707825127659935,2.2998876732555965e-08,4.727630066084145e-06,0.012004704517701218,0.012,4.7276300660836765e-06,0.012004704517701217,0.012
285,0.5700000000000001,0.5720000000000001,-4.339936630155668,4.339936630155669,4.440892098500626e-16,8.679873260311336,-0.10089009613604288,0.10089009613604288,-4.339936630155668,4.339936630155669,-6.0,6.0,0.0,12.0,0.0,0.0,0.0,0.0,0.0,0.0,0.0,0.0,0.0,0.0,0.0,0.0,0.0,0.0,6.002352259077351,6.002352259077348,2.2898349882893854e-15,0.0,0.40299976361804646,0.0,-6.249999999999999,6.25,0.1707825127659933,0.1707825127659935,2.299887911852017e-08,4.7276300603470316e-06,0.012004704517928193,0.012,4.727630060346044e-06,0.012004704517928195,0.012
286,0.5720000000000001,0.5740000000000001,-4.339936630051188,4.33993663005119,8.881784197001252e-16,8.679873260102378,-0.1008900961365819,0.1008900961365819,-4.339936630051188,4.33993663005119,-6.0,6.0,0.0,12.0,0.0,0.0,0.0,0.0,0.0,0.0,0.0,0.0,0.0,0.0,0.0,0.0,0.0,0.0,6.002352259190367,6.002352259190368,2.1562612806391712e-15,0.0,0.40299976361804674,0.0,-6.249999999999999,6.25,0.1707825127659933,0.1707825127659935,2.299888150011999e-08,4.72763005462105e-06,0.012004704518154701,0.012,4.727630054621734e-06,0.012004704518154698,0.012
287,0.5740000000000001,0.5760000000000001,-4.339936629946927,4.339936629946929,8.881784197001252e-16,8.679873259893856,-0.10089009613711952,0.10089009613711952,-4.339936629946927,4.339936629946929,-6.0,6.0,0.0,12.0,0.0,0.0,0.0,0.0,0.0,0.0,0.0,0.0,0.0,0.0,0.0,0.0,0.0,0.0,6.002352259303152,6.002352259303152,1.0390993621101074e-15,0.0,0.40299976361804707,0.0,-6.249999999999999,6.25,0.1707825127659933,0.1707825127659935,2.2998883877363257e-08,4.727630048908419e-06,0.012004704518380734,0.012,4.727630048908527e-06,0.012004704518380736,0.012
288,0.5760000000000001,0.578,-4.339936629842884,4.339936629842886,8.881784197001252e-16,8.67987325968577,-0.10089009613765576,0.10089009613765576,-4.339936629842884,4.339936629842886,-6.0,6.0,0.0,12.0,0.0,0.0,0.0,0.0,0.0,0.0,0.0,0.0,0.0,0.0,0.0,0.0,0.0,0.0,6.002352259415704,6.002352259415703,1.0946105133413653e-15,0.0,0.40299976361804735,0.0,-6.249999999999999,6.25,0.1707825127659933,0.1707825127659935,2.2998886250257813e-08,4.727630043206921e-06,0.012004704518606305,0.012,4.727630043206421e-06,0.012004704518606305,0.012
289,0.578,0.58,-4.33993662973906,4.339936629739061,4.440892098500626e-16,8.679873259478121,-0.10089009613819061,0.10089009613819061,-4.33993662973906,4.339936629739061,-6.0,6.0,0.0,12.0,0.0,0.0,0.0,0.0,0.0,0.0,0.0,0.0,0.0,0.0,0.0,0.0,0.0,0.0,6.002352259528021,6.002352259528021,6.591949208711867e-16,0.0,0.4029997636180476,0.0,-6.249999999999999,6.25,0.1707825127659933,0.1707825127659935,2.2998888618811464e-08,4.7276300375187745e-06,0.012004704518831408,0.012,4.727630037519859e-06,0.012004704518831406,0.012
290,0.58,0.582,-4.339936629635451,4.339936629635453,8.881784197001252e-16,8.679873259270904,-0.10089009613872421,0.10089009613872421,-4.339936629635451,4.339936629635453,-6.0,6.0,0.0,12.0,0.0,0.0,0.0,0.0,0.0,0.0,0.0,0.0,0.0,0.0,0.0,0.0,0.0,0.0,6.002352259640105,6.002352259640105,1.1431827706687159e-15,0.0,0.4029997636180479,0.0,-6.249999999999999,6.25,0.1707825127659933,0.1707825127659935,2.2998890983032e-08,4.727630031843979e-06,0.012004704519056043,0.012,4.727630031844399e-06,0.012004704519056043,0.012
291,0.582,0.584,-4.33993662953206,4.339936629532061,4.440892098500626e-16,8.67987325906412,-0.10089009613925656,0.10089009613925656,-4.33993662953206,4.339936629532061,-6.0,6.0,0.0,12.0,0.0,0.0,0.0,0.0,0.0,0.0,0.0,0.0,0.0,0.0,0.0,0.0,0.0,0.0,6.002352259751959,6.002352259751959,1.0130785099704553e-15,0.0,0.4029997636180482,0.0,-6.249999999999999,6.25,0.1707825127659933,0.1707825127659935,2.2998893342927213e-08,4.727630026178094e-06,0.01200470451928021,0.012,4.727630026177821e-06,0.012004704519280209,0.012
292,0.584,0.586,-4.339936629428884,4.339936629428886,8.881784197001252e-16,8.67987325885777,-0.10089009613978753,0.10089009613978753,-4.339936629428884,4.339936629428886,-6.0,6.0,0.0,12.0,0.0,0.0,0.0,0.0,0.0,0.0,0.0,0.0,0.0,0.0,0.0,0.0,0.0,0.0,6.00235225986358,6.002352259863579,8.621575675604731e-16,0.0,0.40299976361804846,0.0,-6.249999999999999,6.25,0.1707825127659933,0.1707825127659935,2.2998895698504872e-08,4.727630020527782e-06,0.012004704519503917,0.012,4.727630020526785e-06,0.012004704519503919,0.012
293,0.586,0.588,-4.3399366293259245,4.339936629325925,4.440892098500626e-16,8.679873258651849,-0.10089009614031724,0.10089009614031724,-4.3399366293259245,4.339936629325925,-6.0,6.0,0.0,12.0,0.0,0.0,0.0,0.0,0.0,0.0,0.0,0.0,0.0,0.0,0.0,0.0,0.0,0.0,6.00235225997497,6.00235225997497,1.214306433183765e-15,0.0,0.40299976361804873,0.0,-6.249999999999999,6.25,0.1707825127659933,0.1707825127659935,2.2998898049772745e-08,4.727630014890821e-06,0.012004704519727159,0.012,4.727630014891293e-06,0.012004704519727159,0.012
294,0.588,0.59,-4.33993662922318,4.339936629223181,4.440892098500626e-16,8.67987325844636,-0.10089009614084543,0.10089009614084543,-4.33993662922318,4.339936629223181,-6.0,6.0,0.0,12.0,0.0,0.0,0.0,0.0,0.0,0.0,0.0,0.0,0.0,0.0,0.0,0.0,0.0,0.0,6.002352260086128,6.002352260086127,1.618497003086361e-15,0.0,0.402999763618049,0.0,-6.249999999999999,6.25,0.1707825127659933,0.1707825127659935,2.299890039673856e-08,4.72763000926055e-06,0.012004704519949939,0.012,4.727630009260242e-06,0.012004704519949939,0.012
295,0.59,0.592,-4.3399366291206505,4.339936629120651,4.440892098500626e-16,8.679873258241301,-0.10089009614137265,0.10089009614137265,-4.3399366291206505,4.339936629120651,-6.0,6.0,0.0,12.0,0.0,0.0,0.0,0.0,0.0,0.0,0.0,0.0,0.0,0.0,0.0,0.0,0.0,0.0,6.002352260197056,6.002352260197057,1.2802259252708836e-15,0.0,0.4029997636180493,0.0,-6.249999999999999,6.25,0.1707825127659933,0.1707825127659935,2.2998902739410064e-08,4.7276300036436315e-06,0.012004704520172256,0.012,4.727630003644734e-06,0.012004704520172254,0.012
296,0.592,0.594,-4.339936629018335,4.339936629018337,8.881784197001252e-16,8.679873258036672,-0.1008900961418982,0.1008900961418982,-4.339936629018335,4.339936629018337,-6.0,6.0,0.0,12.0,0.0,0.0,0.0,0.0,0.0,0.0,0.0,0.0,0.0,0.0,0.0,0.0,0.0,0.0,6.002352260307756,6.002352260307754,1.6219664500383146e-15,0.0,0.40299976361804957,0.0,-6.249999999999999,6.25,0.1707825127659933,0.1707825127659935,2.2998905077794966e-08,4.727629998040064e-06,0.012004704520394111,0.012,4.727629998040328e-06,0.012004704520394113,0.012
297,0.594,0.596,-4.3399366289162336,4.339936628916235,8.881784197001252e-16,8.679873257832469,-0.1008900961424225,0.1008900961424225,-4.3399366289162336,4.339936628916235,-6.0,6.0,0.0,12.0,0.0,0.0,0.0,0.0,0.0,0.0,0.0,0.0,0.0,0.0,0.0,0.0,0.0,0.0,6.002352260418225,6.002352260418224,5.603156827405087e-16,0.0,0.40299976361804984,0.0,-6.249999999999999,6.25,0.1707825127659933,0.1707825127659935,2.2998907411900962e-08,4.727629992449847e-06,0.01200470452061551,0.012,4.727629992449245e-06,0.012004704520615509,0.012
298,0.596,0.598,-4.339936628814346,4.339936628814347,4.440892098500626e-16,8.679873257628692,-0.10089009614294583,0.10089009614294583,-4.339936628814346,4.339936628814347,-6.0,6.0,0.0,12.0,0.0,0.0,0.0,0.0,0.0,0.0,0.0,0.0,0.0,0.0,0.0,0.0,0.0,0.0,6.002352260528465,6.002352260528465,8.638922910364499e-16,0.0,0.4029997636180501,0.0,-6.249999999999999,6.25,0.1707825127659933,0.1707825127659935,2.2998909741735757e-08,4.727629986872982e-06,0.01200470452083645,0.012,4.727629986873705e-06,0.012004704520836447,0.012
299,0.598,0.6,-4.339936628712671,4.339936628712673,8.881784197001252e-16,8.679873257425344,-0.10089009614346736,0.10089009614346736,-4.339936628712671,4.339936628712673,-6.0,6.0,0.0,12.0,0.0,0.0,0.0,0.0,0.0,0.0,0.0,0.0,0.0,0.0,0.0,0.0,0.0,0.0,6.002352260638478,6.002352260638478,1.0234868508263162e-15,0.0,0.4029997636180504,0.0,-6.249999999999999,6.25,0.1707825127659933,0.1707825127659935,2.2998912067307013e-08,4.727629981305028e-06,0.01200470452105693,0.012,4.7276299813048265e-06,0.01200470452105693,0.012
300,0.6,0.602,-4.339936628611209,4.339936628611211,8.881784197001252e-16,8.67987325722242,-0.10089009614398792,0.10089009614398792,-4.339936628611209,4.339936628611211,-6.0,6.0,0.0,12.0,0.0,0.0,0.0,0.0,0.0,0.0,0.0,0.0,0.0,0.0,0.0,0.0,0.0,0.0,6.002352260748262,6.002352260748262,2.255140518769849e-16,0.0,0.4029997636180507,0.0,-6.249999999999999,6.25,0.1707825127659933,0.1707825127659935,2.29989143886224e-08,4.727629975750424e-06,0.012004704521276957,0.012,4.7276299757514904e-06,0.012004704521276955,0.012
301,0.602,0.604,-4.339936628509959,4.33993662850996,4.440892098500626e-16,8.67987325701992,-0.10089009614450722,0.10089009614450722,-4.339936628509959,4.33993662850996,-6.0,6.0,0.0,12.0,0.0,0.0,0.0,0.0,0.0,0.0,0.0,0.0,0.0,0.0,0.0,0.0,0.0,0.0,6.002352260857819,6.002352260857819,1.717376241217039e-16,0.0,0.40299976361805095,0.0,-6.249999999999999,6.25,0.1707825127659933,0.1707825127659935,2.2998916705689568e-08,4.727629970209173e-06,0.012004704521496525,0.012,4.727629970209257e-06,0.012004704521496525,0.012
302,0.604,0.606,-4.33993662840892,4.339936628408922,8.881784197001252e-16,8.679873256817842,-0.10089009614502514,0.10089009614502514,-4.33993662840892,4.339936628408922,-6.0,6.0,0.0,12.0,0.0,0.0,0.0,0.0,0.0,0.0,0.0,0.0,0.0,0.0,0.0,0.0,0.0,0.0,6.002352260967149,6.002352260967149,3.0531133177191805e-16,0.0,0.40299976361805123,0.0,-6.249999999999999,6.25,0.1707825127659933,0.1707825127659935,2.299891901851616e-08,4.72762996467683e-06,0.012004704521715637,0.012,4.727629964675906e-06,0.01200470452171564,0.012
303,0.606,0.608,-4.339936628308093,4.339936628308095,8.881784197001252e-16,8.679873256616188,-0.10089009614554167,0.10089009614554167,-4.339936628308093,4.339936628308095,-6.0,6.0,0.0,12.0,0.0,0.0,0.0,0.0,0.0,0.0,0.0,0.0,0.0,0.0,0.0,0.0,0.0,0.0,6.002352261076251,6.002352261076253,1.4762496780562628e-15,0.0,0.4029997636180515,0.0,-6.249999999999999,6.25,0.1707825127659933,0.1707825127659935,2.299892132710978e-08,4.72762995916006e-06,0.012004704521934298,0.012,4.727629959160318e-06,0.012004704521934298,0.012
304,0.608,0.61,-4.339936628207477,4.339936628207479,8.881784197001252e-16,8.679873256414956,-0.1008900961460571,0.1008900961460571,-4.339936628207477,4.339936628207479,-6.0,6.0,0.0,12.0,0.0,0.0,0.0,0.0,0.0,0.0,0.0,0.0,0.0,0.0,0.0,0.0,0.0,0.0,6.0023522611851305,6.0023522611851305,1.609823385706477e-15,0.0,0.4029997636180518,0.0,-6.249999999999999,6.25,0.1707825127659933,0.1707825127659935,2.2998923631478056e-08,4.727629953652199e-06,0.012004704522152503,0.012,4.727629953651391e-06,0.012004704522152507,0.012
305,0.61,0.612,-4.339936628107071,4.339936628107073,8.881784197001252e-16,8.679873256214144,-0.10089009614657113,0.10089009614657113,-4.339936628107071,4.339936628107073,-6.0,6.0,0.0,12.0,0.0,0.0,0.0,0.0,0.0,0.0,0.0,0.0,0.0,0.0,0.0,0.0,0.0,0.0,6.002352261293781,6.002352261293781,1.1032841307212493e-15,0.0,0.40299976361805206,0.0,-6.249999999999999,6.25,0.1707825127659933,0.1707825127659935,2.2998925931628575e-08,4.7276299481599106e-06,0.01200470452237026,0.012,4.727629948160228e-06,0.01200470452237026,0.012
306,0.612,0.614,-4.339936628006875,4.3399366280068765,8.881784197001252e-16,8.679873256013751,-0.10089009614708377,0.10089009614708377,-4.339936628006875,4.3399366280068765,-6.0,6.0,0.0,12.0,0.0,0.0,0.0,0.0,0.0,0.0,0.0,0.0,0.0,0.0,0.0,0.0,0.0,0.0,6.0023522614022085,6.0023522614022085,1.5959455978986625e-16,0.0,0.40299976361805234,0.0,-6.249999999999999,6.25,0.1707825127659933,0.1707825127659935,2.2998928227568914e-08,4.727629942676533e-06,0.012004704522587563,0.012,4.727629942675726e-06,0.012004704522587563,0.012
307,0.614,0.616,-4.339936627906889,4.33993662790689,4.440892098500626e-16,8.679873255813778,-0.10089009614759531,0.10089009614759531,-4.339936627906889,4.33993662790689,-6.0,6.0,0.0,12.0,0.0,0.0,0.0,0.0,0.0,0.0,0.0,0.0,0.0,0.0,0.0,0.0,0.0,0.0,6.002352261510411,6.00235226151041,8.222589276130066e-16,0.0,0.4029997636180526,0.0,-6.249999999999999,6.25,0.1707825127659933,0.1707825127659935,2.299893051930664e-08,4.727629937206504e-06,0.012004704522804418,0.012,4.7276299372067674e-06,0.012004704522804418,0.012
308,0.616,0.618,-4.339936627807111,4.339936627807112,4.440892098500626e-16,8.679873255614222,-0.1008900961481056,0.1008900961481056,-4.339936627807111,4.339936627807112,-6.0,6.0,0.0,12.0,0.0,0.0,0.0,0.0,0.0,0.0,0.0,0.0,0.0,0.0,0.0,0.0,0.0,0.0,6.002352261618388,6.00235226161839,2.1736085153989393e-15,0.0,0.4029997636180529,0.0,-6.249999999999999,6.25,0.1707825127659933,0.1707825127659935,2.299893280684933e-08,4.727629931745387e-06,0.012004704523020823,0.012,4.7276299317444705e-06,0.01200470452302082,0.012
309,0.618,0.62,-4.339936627707542,4.3399366277075435,8.881784197001252e-16,8.679873255415085,-0.10089009614861463,0.10089009614861463,-4.339936627707542,4.3399366277075435,-6.0,6.0,0.0,12.0,0.0,0.0,0.0,0.0,0.0,0.0,0.0,0.0,0.0,0.0,0.0,0.0,0.0,0.0,6.002352261726144,6.002352261726144,1.1501216645726231e-15,0.0,0.4029997636180532,0.0,-6.249999999999999,6.25,0.1707825127659933,0.1707825127659935,2.299893509020451e-08,4.72762992629762e-06,0.012004704523236777,0.012,4.727629926297717e-06,0.01200470452323678,0.012
310,0.62,0.622,-4.339936627608181,4.339936627608183,8.881784197001252e-16,8.679873255216364,-0.10089009614912214,0.10089009614912214,-4.339936627608181,4.339936627608183,-6.0,6.0,0.0,12.0,0.0,0.0,0.0,0.0,0.0,0.0,0.0,0.0,0.0,0.0,0.0,0.0,0.0,0.0,6.002352261833675,6.002352261833676,5.533767888366015e-16,0.0,0.40299976361805345,0.0,-6.249999999999999,6.25,0.1707825127659933,0.1707825127659935,2.2998937369379712e-08,4.727629920863203e-06,0.012004704523452288,0.012,4.727629920864285e-06,0.012004704523452288,0.012
311,0.622,0.624,-4.3399366275090285,4.339936627509029,4.440892098500626e-16,8.679873255018059,-0.10089009614962868,0.10089009614962868,-4.3399366275090285,4.339936627509029,-6.0,6.0,0.0,12.0,0.0,0.0,0.0,0.0,0.0,0.0,0.0,0.0,0.0,0.0,0.0,0.0,0.0,0.0,6.002352261940984,6.002352261940983,1.3877787807814457e-15,0.0,0.4029997636180537,0.0,-6.249999999999999,6.25,0.1707825127659933,0.1707825127659935,2.2998939644382452e-08,4.727629915437697e-06,0.012004704523667349,0.012,4.727629915437515e-06,0.012004704523667352,0.012
312,0.624,0.626,-4.339936627410083,4.339936627410084,4.440892098500626e-16,8.679873254820166,-0.10089009615013356,0.10089009615013356,-4.339936627410083,4.339936627410084,-6.0,6.0,0.0,12.0,0.0,0.0,0.0,0.0,0.0,0.0,0.0,0.0,0.0,0.0,0.0,0.0,0.0,0.0,6.00235226204807,6.0023522620480705,1.5248219353836134e-15,0.0,0.40299976361805395,0.0,-6.249999999999999,6.25,0.1707825127659933,0.1707825127659935,2.2998941915220232e-08,4.727629910027761e-06,0.012004704523881967,0.012,4.727629910028508e-06,0.012004704523881965,0.012
313,0.626,0.628,-4.339936627311344,4.339936627311346,8.881784197001252e-16,8.67987325462269,-0.1008900961506376,0.1008900961506376,-4.339936627311344,4.339936627311346,-6.0,6.0,0.0,12.0,0.0,0.0,0.0,0.0,0.0,0.0,0.0,0.0,0.0,0.0,0.0,0.0,0.0,0.0,6.0023522621549334,6.002352262154933,2.230854390106174e-15,0.0,0.40299976361805423,0.0,-6.249999999999999,6.25,0.1707825127659933,0.1707825127659935,2.2998944181900542e-08,4.727629904626736e-06,0.01200470452409614,0.012,4.727629904626163e-06,0.01200470452409614,0.012
314,0.628,0.63,-4.339936627212812,4.339936627212813,4.440892098500626e-16,8.679873254425626,-0.10089009615114011,0.10089009615114011,-4.339936627212812,4.339936627212813,-6.0,6.0,0.0,12.0,0.0,0.0,0.0,0.0,0.0,0.0,0.0,0.0,0.0,0.0,0.0,0.0,0.0,0.0,6.002352262261578,6.002352262261576,1.5439038936193583e-15,0.0,0.4029997636180545,0.0,-6.249999999999999,6.25,0.1707825127659933,0.1707825127659935,2.299894644443086e-08,4.727629899239061e-06,0.012004704524309868,0.012,4.727629899239361e-06,0.012004704524309864,0.012
315,0.63,0.632,-4.3399366271144855,4.339936627114486,4.440892098500626e-16,8.679873254228973,-0.10089009615164138,0.10089009615164138,-4.3399366271144855,4.339936627114486,-6.0,6.0,0.0,12.0,0.0,0.0,0.0,0.0,0.0,0.0,0.0,0.0,0.0,0.0,0.0,0.0,0.0,0.0,6.002352262367999,6.0023522623679995,1.3548190347378863e-15,0.0,0.4029997636180548,0.0,-6.249999999999999,6.25,0.1707825127659933,0.1707825127659935,2.299894870281865e-08,4.727629893862516e-06,0.012004704524523156,0.012,4.72762989386144e-06,0.012004704524523152,0.012
316,0.632,0.634,-4.339936627016365,4.339936627016366,4.440892098500626e-16,8.679873254032731,-0.10089009615214181,0.10089009615214181,-4.339936627016365,4.339936627016366,-6.0,6.0,0.0,12.0,0.0,0.0,0.0,0.0,0.0,0.0,0.0,0.0,0.0,0.0,0.0,0.0,0.0,0.0,6.002352262474201,6.0023522624742,1.1587952819525071e-15,0.0,0.40299976361805506,0.0,-6.249999999999999,6.25,0.1707825127659933,0.1707825127659935,2.299895095707136e-08,4.727629888497102e-06,0.012004704524735997,0.012,4.727629888496843e-06,0.012004704524736,0.012
317,0.634,0.636,-4.339936626918449,4.33993662691845,4.440892098500626e-16,8.679873253836899,-0.10089009615264058,0.10089009615264058,-4.339936626918449,4.33993662691845,-6.0,6.0,0.0,12.0,0.0,0.0,0.0,0.0,0.0,0.0,0.0,0.0,0.0,0.0,0.0,0.0,0.0,0.0,6.002352262580182,6.002352262580182,5.360295540768334e-16,0.0,0.4029997636180553,0.0,-6.249999999999999,6.25,0.1707825127659933,0.1707825127659935,2.2998953207196423e-08,4.727629883145038e-06,0.0120047045249484,0.012,4.727629883145568e-06,0.012004704524948399,0.012
318,0.636,0.638,-4.339936626820738,4.33993662682074,8.881784197001252e-16,8.679873253641478,-0.1008900961531381,0.1008900961531381,-4.339936626820738,4.33993662682074,-6.0,6.0,0.0,12.0,0.0,0.0,0.0,0.0,0.0,0.0,0.0,0.0,0.0,0.0,0.0,0.0,0.0,0.0,6.002352262685943,6.002352262685943,3.642919299551295e-16,0.0,0.40299976361805556,0.0,-6.249999999999999,6.25,0.1707825127659933,0.1707825127659935,2.2998955453201278e-08,4.727629877801883e-06,0.012004704525160363,0.012,4.7276298778009545e-06,0.012004704525160363,0.012
319,0.638,0.64,-4.339936626723232,4.339936626723233,4.440892098500626e-16,8.679873253446466,-0.10089009615363478,0.10089009615363478,-4.339936626723232,4.339936626723233,-6.0,6.0,0.0,12.0,0.0,0.0,0.0,0.0,0.0,0.0,0.0,0.0,0.0,0.0,0.0,0.0,0.0,0.0,6.0023522627914865,6.0023522627914865,2.411265631607762e-16,0.0,0.40299976361805584,0.0,-6.249999999999999,6.25,0.1707825127659933,0.1707825127659935,2.2998957695093308e-08,4.727629872469858e-06,0.012004704525371886,0.012,4.727629872469663e-06,0.012004704525371886,0.012
320,0.64,0.642,-4.339936626625929,4.3399366266259305,8.881784197001252e-16,8.67987325325186,-0.10089009615412994,0.10089009615412994,-4.339936626625929,4.3399366266259305,-6.0,6.0,0.0,12.0,0.0,0.0,0.0,0.0,0.0,0.0,0.0,0.0,0.0,0.0,0.0,0.0,0.0,0.0,6.002352262896811,6.002352262896811,3.920475055707584e-16,0.0,0.4029997636180561,0.0,-6.249999999999999,6.25,0.1707825127659933,0.1707825127659935,2.2998959932879945e-08,4.727629867151184e-06,0.012004704525582973,0.012,4.727629867151695e-06,0.012004704525582973,0.012
321,0.642,0.644,-4.3399366265288295,4.339936626528831,8.881784197001252e-16,8.67987325305766,-0.10089009615462372,0.10089009615462372,-4.3399366265288295,4.339936626528831,-6.0,6.0,0.0,12.0,0.0,0.0,0.0,0.0,0.0,0.0,0.0,0.0,0.0,0.0,0.0,0.0,0.0,0.0,6.002352263001917,6.002352263001916,7.945033519973776e-16,0.0,0.40299976361805634,0.0,-6.249999999999999,6.25,0.1707825127659933,0.1707825127659935,2.2998962166568543e-08,4.727629861841418e-06,0.012004704525793622,0.012,4.727629861840388e-06,0.012004704525793622,0.012
322,0.644,0.646,-4.339936626431934,4.339936626431935,4.440892098500626e-16,8.679873252863867,-0.10089009615511652,0.10089009615511652,-4.339936626431934,4.339936626431935,-6.0,6.0,0.0,12.0,0.0,0.0,0.0,0.0,0.0,0.0,0.0,0.0,0.0,0.0,0.0,0.0,0.0,0.0,6.002352263106805,6.002352263106805,6.609296443471635e-16,0.0,0.4029997636180566,0.0,-6.249999999999999,6.25,0.1707825127659933,0.1707825127659935,2.29989643961665e-08,4.727629856545003e-06,0.012004704526003834,0.012,4.727629856544624e-06,0.012004704526003832,0.012
323,0.646,0.648,-4.33993662633524,4.339936626335241,4.440892098500626e-16,8.679873252670482,-0.10089009615560793,0.10089009615560793,-4.33993662633524,4.339936626335241,-6.0,6.0,0.0,12.0,0.0,0.0,0.0,0.0,0.0,0.0,0.0,0.0,0.0,0.0,0.0,0.0,0.0,0.0,6.002352263211476,6.002352263211477,7.962380754733545e-16,0.0,0.4029997636180569,0.0,-6.249999999999999,6.25,0.1707825127659933,0.1707825127659935,2.2998966621681154e-08,4.727629851261938e-06,0.01200470452621361,0.012,4.727629851262183e-06,0.01200470452621361,0.012
324,0.648,0.65,-4.339936626238749,4.3399366262387495,4.440892098500626e-16,8.679873252477499,-0.10089009615609809,0.10089009615609809,-4.339936626238749,4.3399366262387495,-6.0,6.0,0.0,12.0,0.0,0.0,0.0,0.0,0.0,0.0,0.0,0.0,0.0,0.0,0.0,0.0,0.0,0.0,6.00235226331593,6.002352263315931,3.122502256758253e-17,0.0,0.40299976361805717,0.0,-6.249999999999999,6.25,0.1707825127659933,0.1707825127659935,2.299896884311986e-08,4.7276298459877836e-06,0.012004704526422952,0.012,4.727629845988624e-06,0.012004704526422954,0.012
325,0.65,0.652,-4.3399366261424595,4.33993662614246,4.440892098500626e-16,8.67987325228492,-0.100890096156587,0.100890096156587,-4.3399366261424595,4.33993662614246,-6.0,6.0,0.0,12.0,0.0,0.0,0.0,0.0,0.0,0.0,0.0,0.0,0.0,0.0,0.0,0.0,0.0,0.0,6.002352263420168,6.0023522634201685,2.96637714392034e-16,0.0,0.4029997636180574,0.0,-6.249999999999999,6.25,0.1707825127659933,0.1707825127659935,2.2998971060489952e-08,4.727629840724758e-06,0.01200470452663186,0.012,4.727629840723946e-06,0.012004704526631861,0.012
326,0.652,0.654,-4.339936626046371,4.339936626046372,4.440892098500626e-16,8.679873252092744,-0.10089009615707495,0.10089009615707495,-4.339936626046371,4.339936626046372,-6.0,6.0,0.0,12.0,0.0,0.0,0.0,0.0,0.0,0.0,0.0,0.0,0.0,0.0,0.0,0.0,0.0,0.0,6.002352263524189,6.00235226352419,1.8388068845354155e-16,0.0,0.40299976361805767,0.0,-6.249999999999999,6.25,0.1707825127659933,0.1707825127659935,2.299897327379875e-08,4.727629835472861e-06,0.012004704526840335,0.012,4.727629835472591e-06,0.012004704526840337,0.012
327,0.654,0.656,-4.339936625950483,4.339936625950485,8.881784197001252e-16,8.679873251900968,-0.1008900961575615,0.1008900961575615,-4.339936625950483,4.339936625950485,-6.0,6.0,0.0,12.0,0.0,0.0,0.0,0.0,0.0,0.0,0.0,0.0,0.0,0.0,0.0,0.0,0.0,0.0,6.002352263627996,6.002352263627996,5.169475958410885e-16,0.0,0.40299976361805795,0.0,-6.249999999999999,6.25,0.1707825127659933,0.1707825127659935,2.299897548305355e-08,4.727629830232094e-06,0.012004704527048379,0.012,4.727629830232338e-06,0.01200470452704838,0.012
328,0.656,0.658,-4.339936625854796,4.339936625854798,8.881784197001252e-16,8.679873251709594,-0.10089009615804695,0.10089009615804695,-4.339936625854796,4.339936625854798,-6.0,6.0,0.0,12.0,0.0,0.0,0.0,0.0,0.0,0.0,0.0,0.0,0.0,0.0,0.0,0.0,0.0,0.0,6.002352263731588,6.002352263731588,4.787836793695988e-16,0.0,0.4029997636180582,0.0,-6.249999999999999,6.25,0.1707825127659933,0.1707825127659935,2.2998977688261663e-08,4.727629825002458e-06,0.012004704527255992,0.012,4.727629825003188e-06,0.012004704527255992,0.012
329,0.658,0.66,-4.33993662575931,4.339936625759311,4.440892098500626e-16,8.679873251518622,-0.100890096158531,0.100890096158531,-4.33993662575931,4.339936625759311,-6.0,6.0,0.0,12.0,0.0,0.0,0.0,0.0,0.0,0.0,0.0,0.0,0.0,0.0,0.0,0.0,0.0,0.0,6.002352263834964,6.002352263834965,7.4593109467002705e-16,0.0,0.40299976361805845,0.0,-6.249999999999999,6.25,0.1707825127659933,0.1707825127659935,2.2998979889430367e-08,4.72762981978617e-06,0.012004704527463177,0.012,4.7276298197851395e-06,0.012004704527463177,0.012
330,0.66,0.662,-4.339936625664023,4.3399366256640235,4.440892098500626e-16,8.679873251328047,-0.10089009615901368,0.10089009615901368,-4.339936625664023,4.3399366256640235,-6.0,6.0,0.0,12.0,0.0,0.0,0.0,0.0,0.0,0.0,0.0,0.0,0.0,0.0,0.0,0.0,0.0,0.0,6.002352263938127,6.002352263938127,6.401129626354418e-16,0.0,0.4029997636180587,0.0,-6.249999999999999,6.25,0.1707825127659933,0.1707825127659935,2.2998982086566917e-08,4.727629814578791e-06,0.012004704527669927,0.012,4.727629814578193e-06,0.012004704527669928,0.012
331,0.662,0.664,-4.339936625568934,4.339936625568936,8.881784197001252e-16,8.67987325113787,-0.10089009615949537,0.10089009615949537,-4.339936625568934,4.339936625568936,-6.0,6.0,0.0,12.0,0.0,0.0,0.0,0.0,0.0,0.0,0.0,0.0,0.0,0.0,0.0,0.0,0.0,0.0,6.002352264041076,6.002352264041076,7.979727989493313e-16,0.0,0.402999763618059,0.0,-6.249999999999999,6.25,0.1707825127659933,0.1707825127659935,2.2998984279678584e-08,4.727629809382543e-06,0.012004704527876253,0.012,4.72762980938235e-06,0.012004704527876253,0.012
332,0.664,0.666,-4.339936625474046,4.339936625474047,4.440892098500626e-16,8.679873250948091,-0.10089009615997624,0.10089009615997624,-4.339936625474046,4.339936625474047,-6.0,6.0,0.0,12.0,0.0,0.0,0.0,0.0,0.0,0.0,0.0,0.0,0.0,0.0,0.0,0.0,0.0,0.0,6.002352264143811,6.002352264143812,8.690964614643804e-16,0.0,0.4029997636180592,0.0,-6.249999999999999,6.25,0.1707825127659933,0.1707825127659935,2.2998986468772602e-08,4.7276298041996435e-06,0.012004704528082152,0.012,4.727629804199829e-06,0.012004704528082152,0.012
333,0.666,0.668,-4.339936625379354,4.339936625379356,8.881784197001252e-16,8.67987325075871,-0.10089009616045544,0.10089009616045544,-4.339936625379354,4.339936625379356,-6.0,6.0,0.0,12.0,0.0,0.0,0.0,0.0,0.0,0.0,0.0,0.0,0.0,0.0,0.0,0.0,0.0,0.0,6.002352264246334,6.002352264246334,5.707240235963695e-16,0.0,0.4029997636180595,0.0,-6.249999999999999,6.25,0.1707825127659933,0.1707825127659935,2.2998988653856214e-08,4.727629799027874e-06,0.012004704528287622,0.012,4.72762979902841e-06,0.012004704528287623,0.012
334,0.668,0.67,-4.339936625284862,4.339936625284863,4.440892098500626e-16,8.679873250569724,-0.10089009616093353,0.10089009616093353,-4.339936625284862,4.339936625284863,-6.0,6.0,0.0,12.0,0.0,0.0,0.0,0.0,0.0,0.0,0.0,0.0,0.0,0.0,0.0,0.0,0.0,0.0,6.002352264348644,6.002352264348645,6.869504964868156e-16,0.0,0.4029997636180598,0.0,-6.249999999999999,6.25,0.1707825127659933,0.1707825127659935,2.2998990834936622e-08,4.727629793865012e-06,0.01200470452849267,0.012,4.727629793865873e-06,0.01200470452849267,0.012
335,0.67,0.672,-4.339936625190567,4.3399366251905676,4.440892098500626e-16,8.679873250381135,-0.10089009616141051,0.10089009616141051,-4.339936625190567,4.3399366251905676,-6.0,6.0,0.0,12.0,0.0,0.0,0.0,0.0,0.0,0.0,0.0,0.0,0.0,0.0,0.0,0.0,0.0,0.0,6.002352264450743,6.002352264450742,1.4137996329210978e-15,0.0,0.40299976361806,0.0,-6.249999999999999,6.25,0.1707825127659933,0.1707825127659935,2.2998993012021036e-08,4.727629788715501e-06,0.012004704528697289,0.012,4.727629788714438e-06,0.01200470452869729,0.012
336,0.672,0.674,-4.339936625096469,4.3399366250964695,4.440892098500626e-16,8.679873250192937,-0.10089009616188624,0.10089009616188624,-4.339936625096469,4.3399366250964695,-6.0,6.0,0.0,12.0,0.0,0.0,0.0,0.0,0.0,0.0,0.0,0.0,0.0,0.0,0.0,0.0,0.0,0.0,6.002352264552629,6.00235226455263,1.2923689896027213e-15,0.0,0.4029997636180603,0.0,-6.249999999999999,6.25,0.1707825127659933,0.1707825127659935,2.2998995185116653e-08,4.727629783574899e-06,0.012004704528901487,0.012,4.727629783574106e-06,0.012004704528901485,0.012
337,0.674,0.676,-4.339936625002567,4.339936625002569,8.881784197001252e-16,8.679873250005135,-0.10089009616236086,0.10089009616236086,-4.339936625002567,4.339936625002569,-6.0,6.0,0.0,12.0,0.0,0.0,0.0,0.0,0.0,0.0,0.0,0.0,0.0,0.0,0.0,0.0,0.0,0.0,6.002352264654306,6.002352264654305,1.052977149917922e-15,0.0,0.4029997636180605,0.0,-6.249999999999999,6.25,0.1707825127659933,0.1707825127659935,2.2998997354230646e-08,4.7276297784476456e-06,0.012004704529105258,0.012,4.727629778447096e-06,0.01200470452910526,0.012
338,0.676,0.678,-4.339936624908862,4.339936624908864,8.881784197001252e-16,8.679873249817726,-0.10089009616283423,0.10089009616283423,-4.339936624908862,4.339936624908864,-6.0,6.0,0.0,12.0,0.0,0.0,0.0,0.0,0.0,0.0,0.0,0.0,0.0,0.0,0.0,0.0,0.0,0.0,6.00235226475577,6.00235226475577,5.84601811404184e-16,0.0,0.4029997636180608,0.0,-6.249999999999999,6.25,0.1707825127659933,0.1707825127659935,2.2998999519370186e-08,4.727629773329302e-06,0.01200470452930861,0.012,4.727629773328968e-06,0.012004704529308609,0.012
339,0.678,0.68,-4.339936624815353,4.339936624815355,8.881784197001252e-16,8.679873249630708,-0.10089009616330663,0.10089009616330663,-4.339936624815353,4.339936624815355,-6.0,6.0,0.0,12.0,0.0,0.0,0.0,0.0,0.0,0.0,0.0,0.0,0.0,0.0,0.0,0.0,0.0,0.0,6.002352264857026,6.002352264857026,8.916478666520788e-16,0.0,0.40299976361806106,0.0,-6.249999999999999,6.25,0.1707825127659933,0.1707825127659935,2.2999001680542428e-08,4.727629768222086e-06,0.01200470452951154,0.012,4.727629768221942e-06,0.01200470452951154,0.012
340,0.68,0.682,-4.33993662472204,4.339936624722041,4.440892098500626e-16,8.679873249444082,-0.10089009616377764,0.10089009616377764,-4.33993662472204,4.339936624722041,-6.0,6.0,0.0,12.0,0.0,0.0,0.0,0.0,0.0,0.0,0.0,0.0,0.0,0.0,0.0,0.0,0.0,0.0,6.002352264958072,6.002352264958072,1.5612511283791264e-16,0.0,0.4029997636180613,0.0,-6.249999999999999,6.25,0.1707825127659933,0.1707825127659935,2.2999003837754506e-08,4.7276297631282195e-06,0.012004704529714052,0.012,4.727629763128238e-06,0.012004704529714052,0.012
341,0.682,0.684,-4.339936624628922,4.339936624628923,4.440892098500626e-16,8.679873249257845,-0.1008900961642474,0.1008900961642474,-4.339936624628922,4.339936624628923,-6.0,6.0,0.0,12.0,0.0,0.0,0.0,0.0,0.0,0.0,0.0,0.0,0.0,0.0,0.0,0.0,0.0,0.0,6.0023522650589065,6.0023522650589065,1.0130785099704553e-15,0.0,0.40299976361806156,0.0,-6.249999999999999,6.25,0.1707825127659933,0.1707825127659935,2.299900599101356e-08,4.727629758043262e-06,0.012004704529916144,0.012,4.727629758043417e-06,0.012004704529916144,0.012
342,0.684,0.686,-4.339936624535998,4.339936624535999,4.440892098500626e-16,8.679873249071996,-0.10089009616471606,0.10089009616471606,-4.339936624535998,4.339936624535999,-6.0,6.0,0.0,12.0,0.0,0.0,0.0,0.0,0.0,0.0,0.0,0.0,0.0,0.0,0.0,0.0,0.0,0.0,6.002352265159534,6.002352265159534,4.683753385137379e-17,0.0,0.4029997636180618,0.0,-6.249999999999999,6.25,0.1707825127659933,0.1707825127659935,2.2999008140326703e-08,4.727629752969434e-06,0.012004704530117814,0.012,4.7276297529696975e-06,0.012004704530117814,0.012
343,0.686,0.6880000000000001,-4.339936624443268,4.339936624443269,4.440892098500626e-16,8.679873248886537,-0.10089009616518374,0.10089009616518374,-4.339936624443268,4.339936624443269,-6.0,6.0,0.0,12.0,0.0,0.0,0.0,0.0,0.0,0.0,0.0,0.0,0.0,0.0,0.0,0.0,0.0,0.0,6.002352265259953,6.002352265259953,6.765421556309548e-16,0.0,0.40299976361806206,0.0,-6.249999999999999,6.25,0.1707825127659933,0.1707825127659935,2.299901028570103e-08,4.727629747906733e-06,0.012004704530319068,0.012,4.727629747907081e-06,0.012004704530319066,0.012
344,0.6880000000000001,0.6900000000000001,-4.339936624350733,4.3399366243507345,8.881784197001252e-16,8.679873248701467,-0.10089009616565017,0.10089009616565017,-4.339936624350733,4.3399366243507345,-6.0,6.0,0.0,12.0,0.0,0.0,0.0,0.0,0.0,0.0,0.0,0.0,0.0,0.0,0.0,0.0,0.0,0.0,6.002352265360162,6.002352265360163,9.037909309839165e-16,0.0,0.4029997636180623,0.0,-6.249999999999999,6.25,0.1707825127659933,0.1707825127659935,2.2999012427143654e-08,4.727629742855163e-06,0.012004704530519906,0.012,4.727629742855566e-06,0.012004704530519906,0.012
345,0.6900000000000001,0.6920000000000001,-4.339936624258391,4.339936624258392,4.440892098500626e-16,8.679873248516785,-0.10089009616611522,0.10089009616611522,-4.339936624258391,4.339936624258392,-6.0,6.0,0.0,12.0,0.0,0.0,0.0,0.0,0.0,0.0,0.0,0.0,0.0,0.0,0.0,0.0,0.0,0.0,6.002352265460166,6.002352265460165,1.1397133237167623e-15,0.0,0.40299976361806256,0.0,-6.249999999999999,6.25,0.1707825127659933,0.1707825127659935,2.299901456466163e-08,4.72762973781472e-06,0.012004704530720325,0.012,4.727629737815153e-06,0.012004704530720327,0.012
346,0.6920000000000001,0.6940000000000001,-4.339936624166242,4.339936624166243,4.440892098500626e-16,8.679873248332484,-0.10089009616657929,0.10089009616657929,-4.339936624166242,4.339936624166243,-6.0,6.0,0.0,12.0,0.0,0.0,0.0,0.0,0.0,0.0,0.0,0.0,0.0,0.0,0.0,0.0,0.0,0.0,6.002352265559963,6.00235226555996,9.194034422677078e-16,0.0,0.4029997636180628,0.0,-6.249999999999999,6.25,0.1707825127659933,0.1707825127659935,2.2999016698262034e-08,4.727629732785407e-06,0.012004704530920332,0.012,4.727629732785843e-06,0.01200470453092033,0.012
347,0.6940000000000001,0.6960000000000001,-4.339936624074286,4.339936624074287,4.440892098500626e-16,8.679873248148574,-0.10089009616704225,0.10089009616704225,-4.339936624074286,4.339936624074287,-6.0,6.0,0.0,12.0,0.0,0.0,0.0,0.0,0.0,0.0,0.0,0.0,0.0,0.0,0.0,0.0,0.0,0.0,6.00235226565955,6.00235226565955,2.0088097851811426e-15,0.0,0.40299976361806306,0.0,-6.249999999999999,6.25,0.1707825127659933,0.1707825127659935,2.299901882795192e-08,4.727629727767222e-06,0.012004704531119926,0.012,4.727629727767635e-06,0.01200470453111992,0.012
348,0.6960000000000001,0.6980000000000001,-4.3399366239825214,4.339936623982523,8.881784197001252e-16,8.679873247965045,-0.10089009616750397,0.10089009616750397,-4.3399366239825214,4.339936623982523,-6.0,6.0,0.0,12.0,0.0,0.0,0.0,0.0,0.0,0.0,0.0,0.0,0.0,0.0,0.0,0.0,0.0,0.0,6.002352265758933,6.002352265758934,1.7919693506840417e-15,0.0,0.4029997636180633,0.0,-6.249999999999999,6.25,0.1707825127659933,0.1707825127659935,2.2999020953738336e-08,4.727629722760166e-06,0.0120047045313191,0.012,4.727629722760529e-06,0.0120047045313191,0.012
349,0.6980000000000001,0.7000000000000001,-4.339936623890949,4.339936623890951,8.881784197001252e-16,8.6798732477819,-0.10089009616796457,0.10089009616796457,-4.339936623890949,4.339936623890951,-6.0,6.0,0.0,12.0,0.0,0.0,0.0,0.0,0.0,0.0,0.0,0.0,0.0,0.0,0.0,0.0,0.0,0.0,6.00235226585811,6.002352265858111,1.5265566588595902e-16,0.0,0.40299976361806356,0.0,-6.249999999999999,6.25,0.1707825127659933,0.1707825127659935,2.2999023075628303e-08,4.7276297177620175e-06,0.012004704531517868,0.012,4.7276297177623055e-06,0.012004704531517868,0.012
350,0.7000000000000001,0.7020000000000001,-4.339936623799569,4.33993662379957,4.440892098500626e-16,8.67987324759914,-0.10089009616842393,0.10089009616842393,-4.339936623799569,4.33993662379957,-6.0,6.0,0.0,12.0,0.0,0.0,0.0,0.0,0.0,0.0,0.0,0.0,0.0,0.0,0.0,0.0,0.0,0.0,6.002352265957081,6.0023522659570805,1.6375789613221059e-15,0.0,0.4029997636180638,0.0,-6.249999999999999,6.25,0.1707825127659933,0.1707825127659935,2.2999025193628838e-08,4.727629712774998e-06,0.01200470453171622,0.012,4.727629712775183e-06,0.012004704531716223,0.012
351,0.7020000000000001,0.704,-4.33993662370838,4.339936623708381,4.440892098500626e-16,8.679873247416761,-0.10089009616888217,0.10089009616888217,-4.33993662370838,4.339936623708381,-6.0,6.0,0.0,12.0,0.0,0.0,0.0,0.0,0.0,0.0,0.0,0.0,0.0,0.0,0.0,0.0,0.0,0.0,6.002352266055847,6.002352266055847,8.89913143176102e-16,0.0,0.40299976361806406,0.0,-6.249999999999999,6.25,0.1707825127659933,0.1707825127659935,2.2999027307746957e-08,4.7276297077991075e-06,0.012004704531914162,0.012,4.7276297077991634e-06,0.01200470453191416,0.012
352,0.704,0.706,-4.339936623617381,4.3399366236173815,4.440892098500626e-16,8.679873247234763,-0.1008900961693393,0.1008900961693393,-4.339936623617381,4.3399366236173815,-6.0,6.0,0.0,12.0,0.0,0.0,0.0,0.0,0.0,0.0,0.0,0.0,0.0,0.0,0.0,0.0,0.0,0.0,6.002352266154409,6.00235226615441,1.2125717097077882e-15,0.0,0.4029997636180643,0.0,-6.249999999999999,6.25,0.1707825127659933,0.1707825127659935,2.299902941798963e-08,4.727629702834345e-06,0.012004704532111693,0.012,4.727629702834246e-06,0.012004704532111693,0.012
353,0.706,0.708,-4.339936623526572,4.339936623526573,4.440892098500626e-16,8.679873247053145,-0.10089009616979533,0.10089009616979533,-4.339936623526572,4.339936623526573,-6.0,6.0,0.0,12.0,0.0,0.0,0.0,0.0,0.0,0.0,0.0,0.0,0.0,0.0,0.0,0.0,0.0,0.0,6.0023522662527675,6.002352266252767,1.1171619185290638e-15,0.0,0.40299976361806455,0.0,-6.249999999999999,6.25,0.1707825127659933,0.1707825127659935,2.2999031524363852e-08,4.727629697880711e-06,0.012004704532308818,0.012,4.727629697880431e-06,0.012004704532308818,0.012
354,0.708,0.71,-4.339936623435953,4.339936623435954,4.440892098500626e-16,8.679873246871907,-0.10089009617024997,0.10089009617024997,-4.339936623435953,4.339936623435954,-6.0,6.0,0.0,12.0,0.0,0.0,0.0,0.0,0.0,0.0,0.0,0.0,0.0,0.0,0.0,0.0,0.0,0.0,6.002352266350921,6.00235226635092,2.931682674400804e-16,0.0,0.4029997636180648,0.0,-6.249999999999999,6.25,0.1707825127659933,0.1707825127659935,2.299903362687659e-08,4.727629692938205e-06,0.012004704532505534,0.012,4.727629692937718e-06,0.012004704532505532,0.012
355,0.71,0.712,-4.339936623345523,4.339936623345525,8.881784197001252e-16,8.679873246691049,-0.10089009617070377,0.10089009617070377,-4.339936623345523,4.339936623345525,-6.0,6.0,0.0,12.0,0.0,0.0,0.0,0.0,0.0,0.0,0.0,0.0,0.0,0.0,0.0,0.0,0.0,0.0,6.002352266448871,6.002352266448871,5.429684479807406e-16,0.0,0.40299976361806505,0.0,-6.249999999999999,6.25,0.1707825127659933,0.1707825127659935,2.2999035725534804e-08,4.727629688004607e-06,0.01200470453270184,0.012,4.7276296880038874e-06,0.01200470453270184,0.012
356,0.712,0.714,-4.339936623255284,4.339936623255285,8.881784197001252e-16,8.679873246510569,-0.10089009617115646,0.10089009617115646,-4.339936623255284,4.339936623255285,-6.0,6.0,0.0,12.0,0.0,0.0,0.0,0.0,0.0,0.0,0.0,0.0,0.0,0.0,0.0,0.0,0.0,0.0,6.002352266546619,6.002352266546618,8.187894806610529e-16,0.0,0.4029997636180653,0.0,-6.249999999999999,6.25,0.1707825127659933,0.1707825127659935,2.299903782034542e-08,4.727629683082138e-06,0.012004704532897743,0.012,4.727629683081158e-06,0.012004704532897743,0.012
357,0.714,0.716,-4.339936623165232,4.339936623165234,8.881784197001252e-16,8.679873246330466,-0.10089009617160777,0.10089009617160777,-4.339936623165232,4.339936623165234,-6.0,6.0,0.0,12.0,0.0,0.0,0.0,0.0,0.0,0.0,0.0,0.0,0.0,0.0,0.0,0.0,0.0,0.0,6.002352266644163,6.002352266644164,9.488937413593135e-16,0.0,0.4029997636180655,0.0,-6.249999999999999,6.25,0.1707825127659933,0.1707825127659935,2.2999039911315385e-08,4.727629678168576e-06,0.012004704533093238,0.012,4.727629678169532e-06,0.012004704533093236,0.012
358,0.716,0.718,-4.339936623075369,4.339936623075371,8.881784197001252e-16,8.67987324615074,-0.10089009617205824,0.10089009617205824,-4.339936623075369,4.339936623075371,-6.0,6.0,0.0,12.0,0.0,0.0,0.0,0.0,0.0,0.0,0.0,0.0,0.0,0.0,0.0,0.0,0.0,0.0,6.002352266741507,6.002352266741507,1.412064909445121e-15,0.0,0.4029997636180658,0.0,-6.249999999999999,6.25,0.1707825127659933,0.1707825127659935,2.2999041998451607e-08,4.727629673268363e-06,0.012004704533288326,0.012,4.727629673269007e-06,0.012004704533288328,0.012
359,0.718,0.72,-4.339936622985694,4.339936622985695,4.440892098500626e-16,8.67987324597139,-0.10089009617250733,0.10089009617250733,-4.339936622985694,4.339936622985695,-6.0,6.0,0.0,12.0,0.0,0.0,0.0,0.0,0.0,0.0,0.0,0.0,0.0,0.0,0.0,0.0,0.0,0.0,6.002352266838648,6.002352266838647,1.2091022627558345e-15,0.0,0.402999763618066,0.0,-6.249999999999999,6.25,0.1707825127659933,0.1707825127659935,2.2999044081761004e-08,4.7276296683792775e-06,0.012004704533483014,0.012,4.727629668379585e-06,0.012004704533483014,0.012
360,0.72,0.722,-4.3399366228962055,4.339936622896207,8.881784197001252e-16,8.679873245792413,-0.1008900961729553,0.1008900961729553,-4.3399366228962055,4.339936622896207,-6.0,6.0,0.0,12.0,0.0,0.0,0.0,0.0,0.0,0.0,0.0,0.0,0.0,0.0,0.0,0.0,0.0,0.0,6.0023522669355875,6.002352266935588,1.0772632785815972e-15,0.0,0.4029997636180663,0.0,-6.249999999999999,6.25,0.1707825127659933,0.1707825127659935,2.2999046161250464e-08,4.727629663499101e-06,0.012004704533677297,0.012,4.727629663499045e-06,0.012004704533677295,0.012
361,0.722,0.724,-4.339936622806905,4.339936622806906,4.440892098500626e-16,8.679873245613813,-0.1008900961734023,0.1008900961734023,-4.339936622806905,4.339936622806906,-6.0,6.0,0.0,12.0,0.0,0.0,0.0,0.0,0.0,0.0,0.0,0.0,0.0,0.0,0.0,0.0,0.0,0.0,6.002352267032327,6.002352267032326,1.4883927423881005e-15,0.0,0.4029997636180665,0.0,-6.249999999999999,6.25,0.1707825127659933,0.1707825127659935,2.299904823692686e-08,4.727629658630051e-06,0.012004704533871174,0.012,4.7276296586296064e-06,0.012004704533871176,0.012
362,0.724,0.726,-4.339936622717791,4.339936622717793,8.881784197001252e-16,8.679873245435584,-0.10089009617384792,0.10089009617384792,-4.339936622717791,4.339936622717793,-6.0,6.0,0.0,12.0,0.0,0.0,0.0,0.0,0.0,0.0,0.0,0.0,0.0,0.0,0.0,0.0,0.0,0.0,6.002352267128867,6.002352267128865,8.552186736565659e-16,0.0,0.4029997636180667,0.0,-6.249999999999999,6.25,0.1707825127659933,0.1707825127659935,2.2999050308797073e-08,4.72762965377213e-06,0.012004704534064653,0.012,4.72762965377127e-06,0.012004704534064653,0.012
363,0.726,0.728,-4.339936622628864,4.339936622628865,4.440892098500626e-16,8.679873245257728,-0.10089009617429284,0.10089009617429284,-4.339936622628864,4.339936622628865,-6.0,6.0,0.0,12.0,0.0,0.0,0.0,0.0,0.0,0.0,0.0,0.0,0.0,0.0,0.0,0.0,0.0,0.0,6.002352267225205,6.002352267225203,7.7021722333370235e-16,0.0,0.402999763618067,0.0,-6.249999999999999,6.25,0.1707825127659933,0.1707825127659935,2.2999052376867963e-08,4.727629648923116e-06,0.012004704534257733,0.012,4.727629648924037e-06,0.01200470453425773,0.012
364,0.728,0.73,-4.339936622540122,4.339936622540123,4.440892098500626e-16,8.679873245080245,-0.10089009617473652,0.10089009617473652,-4.339936622540122,4.339936622540123,-6.0,6.0,0.0,12.0,0.0,0.0,0.0,0.0,0.0,0.0,0.0,0.0,0.0,0.0,0.0,0.0,0.0,0.0,6.002352267321344,6.002352267321344,1.6323747908941755e-15,0.0,0.4029997636180672,0.0,-6.249999999999999,6.25,0.1707825127659933,0.1707825127659935,2.2999054441146363e-08,4.727629644085231e-06,0.012004704534450409,0.012,4.727629644085685e-06,0.012004704534450406,0.012
365,0.73,0.732,-4.339936622451566,4.339936622451567,8.881784197001252e-16,8.679873244903133,-0.10089009617517894,0.10089009617517894,-4.339936622451566,4.339936622451567,-6.0,6.0,0.0,12.0,0.0,0.0,0.0,0.0,0.0,0.0,0.0,0.0,0.0,0.0,0.0,0.0,0.0,0.0,6.002352267417283,6.002352267417283,8.118505867571457e-16,0.0,0.40299976361806744,0.0,-6.249999999999999,6.25,0.1707825127659933,0.1707825127659935,2.299905650163912e-08,4.727629639256253e-06,0.012004704534642687,0.012,4.727629639256215e-06,0.012004704534642687,0.012
366,0.732,0.734,-4.3399366223631946,4.339936622363196,8.881784197001252e-16,8.67987324472639,-0.10089009617562011,0.10089009617562011,-4.3399366223631946,4.339936622363196,-6.0,6.0,0.0,12.0,0.0,0.0,0.0,0.0,0.0,0.0,0.0,0.0,0.0,0.0,0.0,0.0,0.0,0.0,6.002352267513025,6.002352267513025,7.684824998577255e-16,0.0,0.4029997636180677,0.0,-6.249999999999999,6.25,0.1707825127659933,0.1707825127659935,2.2999058558353043e-08,4.727629634438401e-06,0.012004704534834567,0.012,4.7276296344378466e-06,0.012004704534834567,0.012
367,0.734,0.736,-4.339936622275008,4.33993662227501,8.881784197001252e-16,8.679873244550018,-0.1008900961760606,0.1008900961760606,-4.339936622275008,4.33993662227501,-6.0,6.0,0.0,12.0,0.0,0.0,0.0,0.0,0.0,0.0,0.0,0.0,0.0,0.0,0.0,0.0,0.0,0.0,6.002352267608568,6.0023522676085665,1.6202317265623378e-15,0.0,0.40299976361806794,0.0,-6.249999999999999,6.25,0.1707825127659933,0.1707825127659935,2.2999060611294952e-08,4.7276296296339e-06,0.01200470453502605,0.012,4.7276296296328014e-06,0.01200470453502605,0.012
368,0.736,0.738,-4.339936622187007,4.339936622187008,8.881784197001252e-16,8.679873244374015,-0.10089009617649997,0.10089009617649997,-4.339936622187007,4.339936622187008,-6.0,6.0,0.0,12.0,0.0,0.0,0.0,0.0,0.0,0.0,0.0,0.0,0.0,0.0,0.0,0.0,0.0,0.0,6.0023522677039125,6.002352267703913,1.798908244587949e-15,0.0,0.40299976361806816,0.0,-6.249999999999999,6.25,0.1707825127659933,0.1707825127659935,2.2999062660471637e-08,4.727629624836084e-06,0.012004704535217136,0.012,4.727629624836638e-06,0.012004704535217132,0.012
369,0.738,0.74,-4.339936622099189,4.339936622099191,8.881784197001252e-16,8.67987324419838,-0.10089009617693809,0.10089009617693809,-4.339936622099189,4.339936622099191,-6.0,6.0,0.0,12.0,0.0,0.0,0.0,0.0,0.0,0.0,0.0,0.0,0.0,0.0,0.0,0.0,0.0,0.0,6.00235226779906,6.0023522677990595,1.4051260155412137e-15,0.0,0.40299976361806844,0.0,-6.249999999999999,6.25,0.1707825127659933,0.1707825127659935,2.2999064705889895e-08,4.727629620051617e-06,0.012004704535407824,0.012,4.727629620051576e-06,0.012004704535407827,0.012
370,0.74,0.742,-4.339936622011555,4.339936622011557,8.881784197001252e-16,8.679873244023112,-0.1008900961773751,0.1008900961773751,-4.339936622011555,4.339936622011557,-6.0,6.0,0.0,12.0,0.0,0.0,0.0,0.0,0.0,0.0,0.0,0.0,0.0,0.0,0.0,0.0,0.0,0.0,6.00235226789401,6.002352267894011,1.1969591984239969e-15,0.0,0.40299976361806866,0.0,-6.249999999999999,6.25,0.1707825127659933,0.1707825127659935,2.299906674755649e-08,4.727629615273837e-06,0.012004704535598121,0.012,4.727629615273176e-06,0.01200470453559812,0.012
371,0.742,0.744,-4.339936621924104,4.339936621924105,4.440892098500626e-16,8.67987324384821,-0.10089009617781086,0.10089009617781086,-4.339936621924104,4.339936621924105,-6.0,6.0,0.0,12.0,0.0,0.0,0.0,0.0,0.0,0.0,0.0,0.0,0.0,0.0,0.0,0.0,0.0,0.0,6.0023522679887655,6.002352267988765,1.609823385706477e-15,0.0,0.4029997636180689,0.0,-6.249999999999999,6.25,0.1707825127659933,0.1707825127659935,2.299906878547818e-08,4.727629610509405e-06,0.01200470453578802,0.012,4.72762961051032e-06,0.012004704535788021,0.012
372,0.744,0.746,-4.339936621836836,4.339936621836837,4.440892098500626e-16,8.679873243673672,-0.10089009617824565,0.10089009617824565,-4.339936621836836,4.339936621836837,-6.0,6.0,0.0,12.0,0.0,0.0,0.0,0.0,0.0,0.0,0.0,0.0,0.0,0.0,0.0,0.0,0.0,0.0,6.002352268083321,6.002352268083321,1.9290125052862095e-15,0.0,0.4029997636180691,0.0,-6.249999999999999,6.25,0.1707825127659933,0.1707825127659935,2.2999070819661715e-08,4.7276296057516596e-06,0.01200470453597753,0.012,4.727629605751904e-06,0.01200470453597753,0.012
373,0.746,0.748,-4.33993662174975,4.339936621749752,8.881784197001252e-16,8.679873243499502,-0.10089009617867947,0.10089009617867947,-4.33993662174975,4.339936621749752,-6.0,6.0,0.0,12.0,0.0,0.0,0.0,0.0,0.0,0.0,0.0,0.0,0.0,0.0,0.0,0.0,0.0,0.0,6.002352268177685,6.002352268177684,2.1111584702637742e-15,0.0,0.4029997636180694,0.0,-6.249999999999999,6.25,0.1707825127659933,0.1707825127659935,2.299907285011385e-08,4.727629601007263e-06,0.012004704536166642,0.012,4.7276296010068105e-06,0.012004704536166642,0.012
374,0.748,0.75,-4.339936621662847,4.339936621662848,4.440892098500626e-16,8.679873243325694,-0.10089009617911204,0.10089009617911204,-4.339936621662847,4.339936621662848,-6.0,6.0,0.0,12.0,0.0,0.0,0.0,0.0,0.0,0.0,0.0,0.0,0.0,0.0,0.0,0.0,0.0,0.0,6.002352268271849,6.002352268271849,1.3513495877859327e-15,0.0,0.4029997636180696,0.0,-6.249999999999999,6.25,0.1707825127659933,0.1707825127659935,2.2999074876841294e-08,4.727629596271772e-06,0.012004704536355368,0.012,4.72762959627282e-06,0.012004704536355368,0.012
375,0.75,0.752,-4.3399366215761255,4.339936621576126,4.440892098500626e-16,8.679873243152251,-0.10089009617954364,0.10089009617954364,-4.3399366215761255,4.339936621576126,-6.0,6.0,0.0,12.0,0.0,0.0,0.0,0.0,0.0,0.0,0.0,0.0,0.0,0.0,0.0,0.0,0.0,0.0,6.00235226836582,6.00235226836582,1.0581813203458523e-16,0.0,0.40299976361806983,0.0,-6.249999999999999,6.25,0.1707825127659933,0.1707825127659935,2.2999076899850763e-08,4.727629591547409e-06,0.0120047045365437,0.012,4.727629591547711e-06,0.012004704536543698,0.012
376,0.752,0.754,-4.339936621489585,4.339936621489586,4.440892098500626e-16,8.67987324297917,-0.10089009617997427,0.10089009617997427,-4.339936621489585,4.339936621489586,-6.0,6.0,0.0,12.0,0.0,0.0,0.0,0.0,0.0,0.0,0.0,0.0,0.0,0.0,0.0,0.0,0.0,0.0,6.002352268459597,6.002352268459598,1.1553258350005535e-15,0.0,0.40299976361807005,0.0,-6.249999999999999,6.25,0.1707825127659933,0.1707825127659935,2.2999078919148963e-08,4.727629586834174e-06,0.01200470453673164,0.012,4.727629586833704e-06,0.01200470453673164,0.012
377,0.754,0.756,-4.339936621403226,4.3399366214032264,4.440892098500626e-16,8.679873242806451,-0.10089009618040351,0.10089009618040351,-4.339936621403226,4.3399366214032264,-6.0,6.0,0.0,12.0,0.0,0.0,0.0,0.0,0.0,0.0,0.0,0.0,0.0,0.0,0.0,0.0,0.0,0.0,6.002352268553179,6.00235226855318,3.122502256758253e-17,0.0,0.40299976361807033,0.0,-6.249999999999999,6.25,0.1707825127659933,0.1707825127659935,2.2999080934742586e-08,4.727629582129845e-06,0.012004704536919195,0.012,4.727629582130799e-06,0.012004704536919195,0.012
378,0.756,0.758,-4.3399366213170465,4.339936621317047,4.440892098500626e-16,8.679873242634095,-0.10089009618083206,0.10089009618083206,-4.3399366213170465,4.339936621317047,-6.0,6.0,0.0,12.0,0.0,0.0,0.0,0.0,0.0,0.0,0.0,0.0,0.0,0.0,0.0,0.0,0.0,0.0,6.002352268646567,6.002352268646568,2.7755575615628914e-16,0.0,0.40299976361807055,0.0,-6.249999999999999,6.25,0.1707825127659933,0.1707825127659935,2.2999082946638304e-08,4.727629577436644e-06,0.012004704537106357,0.012,4.727629577436776e-06,0.012004704537106359,0.012
379,0.758,0.76,-4.339936621231048,4.3399366212310495,8.881784197001252e-16,8.679873242462097,-0.10089009618125935,0.10089009618125935,-4.339936621231048,4.3399366212310495,-6.0,6.0,0.0,12.0,0.0,0.0,0.0,0.0,0.0,0.0,0.0,0.0,0.0,0.0,0.0,0.0,0.0,0.0,6.002352268739762,6.00235226873976,2.5413698923060224e-15,0.0,0.40299976361807077,0.0,-6.249999999999999,6.25,0.1707825127659933,0.1707825127659935,2.2999084954842785e-08,4.72762957275235e-06,0.012004704537293135,0.012,4.7276295727516346e-06,0.012004704537293135,0.012
380,0.76,0.762,-4.339936621145229,4.33993662114523,4.440892098500626e-16,8.679873242290459,-0.10089009618168554,0.10089009618168554,-4.339936621145229,4.33993662114523,-6.0,6.0,0.0,12.0,0.0,0.0,0.0,0.0,0.0,0.0,0.0,0.0,0.0,0.0,0.0,0.0,0.0,0.0,6.002352268832763,6.002352268832762,4.510281037539698e-16,0.0,0.402999763618071,0.0,-6.249999999999999,6.25,0.1707825127659933,0.1707825127659935,2.299908695936269e-08,4.727629568079183e-06,0.012004704537479524,0.012,4.727629568079817e-06,0.01200470453747952,0.012
381,0.762,0.764,-4.339936621059589,4.339936621059591,8.881784197001252e-16,8.67987324211918,-0.10089009618211076,0.10089009618211076,-4.339936621059589,4.339936621059591,-6.0,6.0,0.0,12.0,0.0,0.0,0.0,0.0,0.0,0.0,0.0,0.0,0.0,0.0,0.0,0.0,0.0,0.0,6.0023522689255735,6.002352268925573,1.2732870313669764e-15,0.0,0.4029997636180712,0.0,-6.249999999999999,6.25,0.1707825127659933,0.1707825127659935,2.2999088960204657e-08,4.7276295634171434e-06,0.012004704537665526,0.012,4.72762956341688e-06,0.012004704537665525,0.012
382,0.764,0.766,-4.339936620974129,4.339936620974131,8.881784197001252e-16,8.67987324194826,-0.10089009618253472,0.10089009618253472,-4.339936620974129,4.339936620974131,-6.0,6.0,0.0,12.0,0.0,0.0,0.0,0.0,0.0,0.0,0.0,0.0,0.0,0.0,0.0,0.0,0.0,0.0,6.002352269018188,6.002352269018189,1.8561541192951836e-15,0.0,0.4029997636180715,0.0,-6.249999999999999,6.25,0.1707825127659933,0.1707825127659935,2.2999090957375322e-08,4.72762955876401e-06,0.012004704537851145,0.012,4.727629558765045e-06,0.012004704537851145,0.012
383,0.766,0.768,-4.339936620888848,4.339936620888849,4.440892098500626e-16,8.679873241777695,-0.10089009618295772,0.10089009618295772,-4.339936620888848,4.339936620888849,-6.0,6.0,0.0,12.0,0.0,0.0,0.0,0.0,0.0,0.0,0.0,0.0,0.0,0.0,0.0,0.0,0.0,0.0,6.002352269110614,6.002352269110614,8.291978215169138e-16,0.0,0.4029997636180717,0.0,-6.249999999999999,6.25,0.1707825127659933,0.1707825127659935,2.2999092950881307e-08,4.7276295541197846e-06,0.012004704538036376,0.012,4.727629554119872e-06,0.012004704538036377,0.012
384,0.768,0.77,-4.339936620803744,4.339936620803745,4.440892098500626e-16,8.679873241607488,-0.10089009618337988,0.10089009618337988,-4.339936620803744,4.339936620803745,-6.0,6.0,0.0,12.0,0.0,0.0,0.0,0.0,0.0,0.0,0.0,0.0,0.0,0.0,0.0,0.0,0.0,0.0,6.002352269202847,6.002352269202847,4.2847669856627135e-16,0.0,0.40299976361807194,0.0,-6.249999999999999,6.25,0.1707825127659933,0.1707825127659935,2.2999094940729204e-08,4.727629549484465e-06,0.012004704538221228,0.012,4.727629549483581e-06,0.012004704538221228,0.012
385,0.77,0.772,-4.339936620718819,4.33993662071882,4.440892098500626e-16,8.67987324143764,-0.10089009618380065,0.10089009618380065,-4.339936620718819,4.33993662071882,-6.0,6.0,0.0,12.0,0.0,0.0,0.0,0.0,0.0,0.0,0.0,0.0,0.0,0.0,0.0,0.0,0.0,0.0,6.002352269294889,6.002352269294889,3.139849491518021e-16,0.0,0.40299976361807216,0.0,-6.249999999999999,6.25,0.1707825127659933,0.1707825127659935,2.299909692692562e-08,4.727629544862493e-06,0.012004704538405693,0.012,4.7276295448628325e-06,0.012004704538405693,0.012
386,0.772,0.774,-4.339936620634071,4.339936620634072,4.440892098500626e-16,8.679873241268144,-0.1008900961842206,0.1008900961842206,-4.339936620634071,4.339936620634072,-6.0,6.0,0.0,12.0,0.0,0.0,0.0,0.0,0.0,0.0,0.0,0.0,0.0,0.0,0.0,0.0,0.0,0.0,6.002352269386741,6.002352269386741,3.0184188481996443e-16,0.0,0.4029997636180724,0.0,-6.249999999999999,6.25,0.1707825127659933,0.1707825127659935,2.2999098909477154e-08,4.727629540247207e-06,0.012004704538589778,0.012,4.727629540246525e-06,0.012004704538589778,0.012
387,0.774,0.776,-4.3399366205495005,4.339936620549502,8.881784197001252e-16,8.679873241099003,-0.10089009618463929,0.10089009618463929,-4.3399366205495005,4.339936620549502,-6.0,6.0,0.0,12.0,0.0,0.0,0.0,0.0,0.0,0.0,0.0,0.0,0.0,0.0,0.0,0.0,0.0,0.0,6.0023522694784015,6.0023522694784015,3.7643499428696714e-16,0.0,0.4029997636180726,0.0,-6.249999999999999,6.25,0.1707825127659933,0.1707825127659935,2.299910088839035e-08,4.727629535645268e-06,0.01200470453877348,0.012,4.727629535645761e-06,0.01200470453877348,0.012
388,0.776,0.778,-4.339936620465107,4.339936620465108,8.881784197001252e-16,8.679873240930215,-0.10089009618505715,0.10089009618505715,-4.339936620465107,4.339936620465108,-6.0,6.0,0.0,12.0,0.0,0.0,0.0,0.0,0.0,0.0,0.0,0.0,0.0,0.0,0.0,0.0,0.0,0.0,6.002352269569873,6.002352269569873,3.3306690738754696e-16,0.0,0.4029997636180729,0.0,-6.249999999999999,6.25,0.1707825127659933,0.1707825127659935,2.2999102863671797e-08,4.7276295310522365e-06,0.012004704538956803,0.012,4.727629531051658e-06,0.012004704538956803,0.012
389,0.778,0.78,-4.33993662038089,4.3399366203808905,4.440892098500626e-16,8.67987324076178,-0.10089009618547348,0.10089009618547348,-4.33993662038089,4.3399366203808905,-6.0,6.0,0.0,12.0,0.0,0.0,0.0,0.0,0.0,0.0,0.0,0.0,0.0,0.0,0.0,0.0,0.0,0.0,6.002352269661156,6.002352269661156,6.505213034913027e-16,0.0,0.4029997636180731,0.0,-6.249999999999999,6.25,0.1707825127659933,0.1707825127659935,2.299910483532803e-08,4.727629526468111e-06,0.012004704539139746,0.012,4.727629526468657e-06,0.012004704539139746,0.012
390,0.78,0.782,-4.339936620296848,4.339936620296849,4.440892098500626e-16,8.679873240593697,-0.1008900961858894,0.1008900961858894,-4.339936620296848,4.339936620296849,-6.0,6.0,0.0,12.0,0.0,0.0,0.0,0.0,0.0,0.0,0.0,0.0,0.0,0.0,0.0,0.0,0.0,0.0,6.002352269752248,6.002352269752248,3.122502256758253e-16,0.0,0.4029997636180733,0.0,-6.249999999999999,6.25,0.1707825127659933,0.1707825127659935,2.2999106803365583e-08,4.727629521892891e-06,0.01200470453932231,0.012,4.727629521892318e-06,0.012004704539322312,0.012
391,0.782,0.784,-4.339936620212983,4.339936620212984,4.440892098500626e-16,8.679873240425966,-0.1008900961863042,0.1008900961863042,-4.339936620212983,4.339936620212984,-6.0,6.0,0.0,12.0,0.0,0.0,0.0,0.0,0.0,0.0,0.0,0.0,0.0,0.0,0.0,0.0,0.0,0.0,6.002352269843152,6.002352269843153,9.957312752106873e-16,0.0,0.40299976361807355,0.0,-6.249999999999999,6.25,0.1707825127659933,0.1707825127659935,2.2999108767790998e-08,4.727629517328799e-06,0.012004704539504496,0.012,4.7276295173293015e-06,0.012004704539504496,0.012
392,0.784,0.786,-4.3399366201292935,4.339936620129294,4.440892098500626e-16,8.679873240258587,-0.1008900961867179,0.1008900961867179,-4.3399366201292935,4.339936620129294,-6.0,6.0,0.0,12.0,0.0,0.0,0.0,0.0,0.0,0.0,0.0,0.0,0.0,0.0,0.0,0.0,0.0,0.0,6.002352269933868,6.002352269933869,1.4051260155412137e-16,0.0,0.40299976361807377,0.0,-6.249999999999999,6.25,0.1707825127659933,0.1707825127659935,2.2999110728610778e-08,4.727629512773614e-06,0.012004704539686304,0.012,4.727629512772946e-06,0.012004704539686306,0.012
393,0.786,0.788,-4.339936620045778,4.339936620045779,4.440892098500626e-16,8.679873240091556,-0.10089009618713035,0.10089009618713035,-4.339936620045778,4.339936620045779,-6.0,6.0,0.0,12.0,0.0,0.0,0.0,0.0,0.0,0.0,0.0,0.0,0.0,0.0,0.0,0.0,0.0,0.0,6.002352270024396,6.002352270024396,1.1102230246251565e-15,0.0,0.402999763618074,0.0,-6.249999999999999,6.25,0.1707825127659933,0.1707825127659935,2.299911268583144e-08,4.7276295082295546e-06,0.012004704539867735,0.012,4.727629508229914e-06,0.012004704539867737,0.012
394,0.788,0.79,-4.339936619962438,4.3399366199624385,4.440892098500626e-16,8.679873239924877,-0.10089009618754197,0.10089009618754197,-4.339936619962438,4.3399366199624385,-6.0,6.0,0.0,12.0,0.0,0.0,0.0,0.0,0.0,0.0,0.0,0.0,0.0,0.0,0.0,0.0,0.0,0.0,6.002352270114736,6.002352270114736,8.673617379884035e-17,0.0,0.4029997636180742,0.0,-6.249999999999999,6.25,0.1707825127659933,0.1707825127659935,2.2999114639459463e-08,4.727629503694401e-06,0.01200470454004879,0.012,4.727629503693542e-06,0.012004704540048792,0.012
395,0.79,0.792,-4.339936619879271,4.339936619879273,8.881784197001252e-16,8.679873239758544,-0.10089009618795233,0.10089009618795233,-4.339936619879271,4.339936619879273,-6.0,6.0,0.0,12.0,0.0,0.0,0.0,0.0,0.0,0.0,0.0,0.0,0.0,0.0,0.0,0.0,0.0,0.0,6.002352270204889,6.00235227020489,5.516420653606247e-16,0.0,0.40299976361807444,0.0,-6.249999999999999,6.25,0.1707825127659933,0.1707825127659935,2.2999116589501335e-08,4.727629499170375e-06,0.012004704540229472,0.012,4.727629499170494e-06,0.012004704540229472,0.012
396,0.792,0.794,-4.339936619796279,4.339936619796281,8.881784197001252e-16,8.67987323959256,-0.100890096188362,0.100890096188362,-4.339936619796279,4.339936619796281,-6.0,6.0,0.0,12.0,0.0,0.0,0.0,0.0,0.0,0.0,0.0,0.0,0.0,0.0,0.0,0.0,0.0,0.0,6.002352270294856,6.002352270294856,8.031769693772617e-16,0.0,0.40299976361807466,0.0,-6.249999999999999,6.25,0.1707825127659933,0.1707825127659935,2.2999118535963523e-08,4.727629494655255e-06,0.012004704540409777,0.012,4.727629494656327e-06,0.01200470454040978,0.012
397,0.794,0.796,-4.339936619713461,4.339936619713462,4.440892098500626e-16,8.679873239426922,-0.10089009618877015,0.10089009618877015,-4.339936619713461,4.339936619713462,-6.0,6.0,0.0,12.0,0.0,0.0,0.0,0.0,0.0,0.0,0.0,0.0,0.0,0.0,0.0,0.0,0.0,0.0,6.002352270384635,6.002352270384637,1.106753577673203e-15,0.0,0.4029997636180749,0.0,-6.249999999999999,6.25,0.1707825127659933,0.1707825127659935,2.2999120478852482e-08,4.727629490149042e-06,0.012004704540589712,0.012,4.7276294901488215e-06,0.012004704540589712,0.012
398,0.796,0.798,-4.339936619630815,4.339936619630817,8.881784197001252e-16,8.679873239261632,-0.10089009618917774,0.10089009618917774,-4.339936619630815,4.339936619630817,-6.0,6.0,0.0,12.0,0.0,0.0,0.0,0.0,0.0,0.0,0.0,0.0,0.0,0.0,0.0,0.0,0.0,0.0,6.00235227047423,6.002352270474229,1.6306400674181987e-15,0.0,0.4029997636180751,0.0,-6.249999999999999,6.25,0.1707825127659933,0.1707825127659935,2.2999122418174666e-08,4.727629485653954e-06,0.01200470454076927,0.012,4.727629485654638e-06,0.012004704540769273,0.012
399,0.798,0.8,-4.339936619548342,4.339936619548344,8.881784197001252e-16,8.679873239096686,-0.10089009618958408,0.10089009618958408,-4.339936619548342,4.339936619548344,-6.0,6.0,0.0,12.0,0.0,0.0,0.0,0.0,0.0,0.0,0.0,0.0,0.0,0.0,0.0,0.0,0.0,0.0,6.002352270563637,6.002352270563639,1.897787482718627e-15,0.0,0.4029997636180753,0.0,-6.249999999999999,6.25,0.1707825127659933,0.1707825127659935,2.2999124353936505e-08,4.7276294811699935e-06,0.01200470454094846,0.012,4.727629481169338e-06,0.012004704540948458,0.012
400,0.8,0.802,-4.339936619466042,4.339936619466044,8.881784197001252e-16,8.679873238932085,-0.10089009618998945,0.10089009618998945,-4.339936619466042,4.339936619466044,-6.0,6.0,0.0,12.0,0.0,0.0,0.0,0.0,0.0,0.0,0.0,0.0,0.0,0.0,0.0,0.0,0.0,0.0,6.00235227065286,6.00235227065286,2.0539125955565396e-15,0.0,0.40299976361807555,0.0,-6.249999999999999,6.25,0.1707825127659933,0.1707825127659935,2.299912628614443e-08,4.727629476692718e-06,0.012004704541127275,0.012,4.727629476692919e-06,0.012004704541127278,0.012
401,0.802,0.804,-4.339936619383914,4.3399366193839155,8.881784197001252e-16,8.67987323876783,-0.10089009619039399,0.10089009619039399,-4.339936619383914,4.3399366193839155,-6.0,6.0,0.0,12.0,0.0,0.0,0.0,0.0,0.0,0.0,0.0,0.0,0.0,0.0,0.0,0.0,0.0,0.0,6.002352270741899,6.002352270741899,7.095019016745141e-16,0.0,0.40299976361807577,0.0,-6.249999999999999,6.25,0.1707825127659933,0.1707825127659935,2.2999128214804843e-08,4.727629472224349e-06,0.01200470454130572,0.012,4.727629472225381e-06,0.01200470454130572,0.012
402,0.804,0.806,-4.339936619301958,4.339936619301959,4.440892098500626e-16,8.679873238603918,-0.10089009619079742,0.10089009619079742,-4.339936619301958,4.339936619301959,-6.0,6.0,0.0,12.0,0.0,0.0,0.0,0.0,0.0,0.0,0.0,0.0,0.0,0.0,0.0,0.0,0.0,0.0,6.002352270830752,6.0023522708307535,1.3461454173580023e-15,0.0,0.402999763618076,0.0,-6.249999999999999,6.25,0.1707825127659933,0.1707825127659935,2.2999130139924157e-08,4.727629467764886e-06,0.012004704541483798,0.012,4.7276294677645045e-06,0.012004704541483798,0.012
403,0.806,0.808,-4.339936619220173,4.339936619220174,4.440892098500626e-16,8.679873238440347,-0.10089009619119987,0.10089009619119987,-4.339936619220173,4.339936619220174,-6.0,6.0,0.0,12.0,0.0,0.0,0.0,0.0,0.0,0.0,0.0,0.0,0.0,0.0,0.0,0.0,0.0,0.0,6.002352270919422,6.002352270919422,1.1206313654810174e-15,0.0,0.4029997636180762,0.0,-6.249999999999999,6.25,0.1707825127659933,0.1707825127659935,2.2999132061508752e-08,4.727629463316549e-06,0.012004704541661504,0.012,4.727629463316951e-06,0.012004704541661507,0.012
404,0.808,0.81,-4.339936619138559,4.33993661913856,4.440892098500626e-16,8.679873238277118,-0.10089009619160094,0.10089009619160094,-4.339936619138559,4.33993661913856,-6.0,6.0,0.0,12.0,0.0,0.0,0.0,0.0,0.0,0.0,0.0,0.0,0.0,0.0,0.0,0.0,0.0,0.0,6.002352271007909,6.002352271007908,4.961309141293668e-16,0.0,0.40299976361807643,0.0,-6.249999999999999,6.25,0.1707825127659933,0.1707825127659935,2.299913397956501e-08,4.727629458879338e-06,0.012004704541838844,0.012,4.72762945887828e-06,0.012004704541838844,0.012
405,0.81,0.812,-4.339936619057116,4.3399366190571165,4.440892098500626e-16,8.679873238114233,-0.10089009619200145,0.10089009619200145,-4.339936619057116,4.3399366190571165,-6.0,6.0,0.0,12.0,0.0,0.0,0.0,0.0,0.0,0.0,0.0,0.0,0.0,0.0,0.0,0.0,0.0,0.0,6.002352271096211,6.0023522710962105,4.5102810375396984e-17,0.0,0.40299976361807666,0.0,-6.249999999999999,6.25,0.1707825127659933,0.1707825127659935,2.2999135894099292e-08,4.727629454453253e-06,0.012004704542015817,0.012,4.727629454452931e-06,0.012004704542015816,0.012
406,0.812,0.8140000000000001,-4.339936618975842,4.339936618975844,8.881784197001252e-16,8.679873237951686,-0.10089009619240086,0.10089009619240086,-4.339936618975842,4.339936618975844,-6.0,6.0,0.0,12.0,0.0,0.0,0.0,0.0,0.0,0.0,0.0,0.0,0.0,0.0,0.0,0.0,0.0,0.0,6.002352271184332,6.002352271184332,1.700029006457271e-15,0.0,0.4029997636180769,0.0,-6.249999999999999,6.25,0.1707825127659933,0.1707825127659935,2.299913780511797e-08,4.727629450033854e-06,0.012004704542192423,0.012,4.727629450034243e-06,0.012004704542192421,0.012
407,0.8140000000000001,0.8160000000000001,-4.339936618894739,4.339936618894741,8.881784197001252e-16,8.67987323778948,-0.10089009619279915,0.10089009619279915,-4.339936618894739,4.339936618894741,-6.0,6.0,0.0,12.0,0.0,0.0,0.0,0.0,0.0,0.0,0.0,0.0,0.0,0.0,0.0,0.0,0.0,0.0,6.002352271272269,6.002352271272268,1.366962099069724e-15,0.0,0.4029997636180771,0.0,-6.249999999999999,6.25,0.1707825127659933,0.1707825127659935,2.2999139712627375e-08,4.7276294456233614e-06,0.012004704542368664,0.012,4.727629445624437e-06,0.012004704542368664,0.012
408,0.8160000000000001,0.8180000000000001,-4.339936618813805,4.339936618813807,8.881784197001252e-16,8.679873237627612,-0.10089009619319647,0.10089009619319647,-4.339936618813805,4.339936618813807,-6.0,6.0,0.0,12.0,0.0,0.0,0.0,0.0,0.0,0.0,0.0,0.0,0.0,0.0,0.0,0.0,0.0,0.0,6.0023522713600235,6.0023522713600235,5.082739784612045e-16,0.0,0.4029997636180773,0.0,-6.249999999999999,6.25,0.1707825127659933,0.1707825127659935,2.2999141616633843e-08,4.727629441223994e-06,0.012004704542544539,0.012,4.727629441223513e-06,0.012004704542544535,0.012
409,0.8180000000000001,0.8200000000000001,-4.3399366187330415,4.339936618733042,4.440892098500626e-16,8.679873237466083,-0.10089009619359268,0.10089009619359268,-4.3399366187330415,4.339936618733042,-6.0,6.0,0.0,12.0,0.0,0.0,0.0,0.0,0.0,0.0,0.0,0.0,0.0,0.0,0.0,0.0,0.0,0.0,6.002352271447597,6.002352271447598,1.1206313654810174e-15,0.0,0.40299976361807754,0.0,-6.249999999999999,6.25,0.1707825127659933,0.1707825127659935,2.2999143517143703e-08,4.727629436833533e-06,0.012004704542720046,0.012,4.727629436833691e-06,0.012004704542720046,0.012
410,0.8200000000000001,0.8220000000000001,-4.3399366186524455,4.339936618652447,8.881784197001252e-16,8.679873237304893,-0.10089009619398806,0.10089009619398806,-4.3399366186524455,4.339936618652447,-6.0,6.0,0.0,12.0,0.0,0.0,0.0,0.0,0.0,0.0,0.0,0.0,0.0,0.0,0.0,0.0,0.0,0.0,6.002352271534988,6.002352271534988,1.304512053934559e-15,0.0,0.40299976361807777,0.0,-6.249999999999999,6.25,0.1707825127659933,0.1707825127659935,2.299914541416326e-08,4.727629432451977e-06,0.012004704542895194,0.012,4.727629432452751e-06,0.012004704542895196,0.012
411,0.8220000000000001,0.8240000000000001,-4.339936618572019,4.33993661857202,4.440892098500626e-16,8.67987323714404,-0.1008900961943826,0.1008900961943826,-4.339936618572019,4.33993661857202,-6.0,6.0,0.0,12.0,0.0,0.0,0.0,0.0,0.0,0.0,0.0,0.0,0.0,0.0,0.0,0.0,0.0,0.0,6.0023522716221995,6.002352271622199,5.568462357885551e-16,0.0,0.402999763618078,0.0,-6.249999999999999,6.25,0.1707825127659933,0.1707825127659935,2.2999147307698817e-08,4.727629428081547e-06,0.012004704543069978,0.012,4.727629428080693e-06,0.012004704543069978,0.012
412,0.8240000000000001,0.8260000000000001,-4.33993661849176,4.339936618491762,8.881784197001252e-16,8.679873236983521,-0.10089009619477604,0.10089009619477604,-4.33993661849176,4.339936618491762,-6.0,6.0,0.0,12.0,0.0,0.0,0.0,0.0,0.0,0.0,0.0,0.0,0.0,0.0,0.0,0.0,0.0,0.0,6.0023522717092295,6.00235227170923,1.5907414274707321e-15,0.0,0.4029997636180782,0.0,-6.249999999999999,6.25,0.1707825127659933,0.1707825127659935,2.2999149197756664e-08,4.727629423720022e-06,0.012004704543244399,0.012,4.727629423719737e-06,0.012004704543244397,0.012
413,0.8260000000000001,0.8280000000000001,-4.339936618411669,4.339936618411671,8.881784197001252e-16,8.67987323682334,-0.10089009619516823,0.10089009619516823,-4.339936618411669,4.339936618411671,-6.0,6.0,0.0,12.0,0.0,0.0,0.0,0.0,0.0,0.0,0.0,0.0,0.0,0.0,0.0,0.0,0.0,0.0,6.002352271796079,6.002352271796079,1.0720591081536668e-15,0.0,0.40299976361807843,0.0,-6.249999999999999,6.25,0.1707825127659933,0.1707825127659935,2.2999151084343072e-08,4.7276294193674035e-06,0.01200470454341846,0.012,4.727629419367663e-06,0.012004704543418461,0.012
414,0.8280000000000001,0.8300000000000001,-4.339936618331746,4.339936618331747,8.881784197001252e-16,8.679873236663493,-0.10089009619555958,0.10089009619555958,-4.339936618331746,4.339936618331747,-6.0,6.0,0.0,12.0,0.0,0.0,0.0,0.0,0.0,0.0,0.0,0.0,0.0,0.0,0.0,0.0,0.0,0.0,6.002352271882749,6.002352271882749,3.2959746043559335e-16,0.0,0.40299976361807865,0.0,-6.249999999999999,6.25,0.1707825127659933,0.1707825127659935,2.2999152967464315e-08,4.727629415023691e-06,0.012004704543592159,0.012,4.727629415024471e-06,0.012004704543592159,0.012
415,0.8300000000000001,0.8320000000000001,-4.33993661825199,4.339936618251991,4.440892098500626e-16,8.67987323650398,-0.10089009619595024,0.10089009619595024,-4.33993661825199,4.339936618251991,-6.0,6.0,0.0,12.0,0.0,0.0,0.0,0.0,0.0,0.0,0.0,0.0,0.0,0.0,0.0,0.0,0.0,0.0,6.00235227196924,6.00235227196924,4.718447854656915e-16,0.0,0.4029997636180789,0.0,-6.249999999999999,6.25,0.1707825127659933,0.1707825127659935,2.2999154847126656e-08,4.727629410691103e-06,0.012004704543765498,0.012,4.72762941069016e-06,0.0120047045437655,0.012
416,0.8320000000000001,0.834,-4.3399366181724,4.339936618172402,8.881784197001252e-16,8.679873236344802,-0.10089009619633979,0.10089009619633979,-4.3399366181724,4.339936618172402,-6.0,6.0,0.0,12.0,0.0,0.0,0.0,0.0,0.0,0.0,0.0,0.0,0.0,0.0,0.0,0.0,0.0,0.0,6.0023522720555516,6.002352272055551,6.47051856539349e-16,0.0,0.40299976361807904,0.0,-6.249999999999999,6.25,0.1707825127659933,0.1707825127659935,2.2999156723336315e-08,4.7276294063652e-06,0.012004704543938479,0.012,4.727629406364731e-06,0.01200470454393848,0.012
417,0.834,0.836,-4.3399366180929775,4.339936618092978,4.440892098500626e-16,8.679873236185955,-0.10089009619672809,0.10089009619672809,-4.3399366180929775,4.339936618092978,-6.0,6.0,0.0,12.0,0.0,0.0,0.0,0.0,0.0,0.0,0.0,0.0,0.0,0.0,0.0,0.0,0.0,0.0,6.0023522721416835,6.0023522721416835,5.238864897449957e-16,0.0,0.40299976361807927,0.0,-6.249999999999999,6.25,0.1707825127659933,0.1707825127659935,2.2999158596099553e-08,4.727629402052644e-06,0.012004704544111103,0.012,4.7276294020526245e-06,0.012004704544111101,0.012
418,0.836,0.838,-4.33993661801372,4.339936618013722,8.881784197001252e-16,8.679873236027442,-0.1008900961971157,0.1008900961971157,-4.33993661801372,4.339936618013722,-6.0,6.0,0.0,12.0,0.0,0.0,0.0,0.0,0.0,0.0,0.0,0.0,0.0,0.0,0.0,0.0,0.0,0.0,6.002352272227637,6.002352272227638,4.475586568020162e-16,0.0,0.4029997636180795,0.0,-6.249999999999999,6.25,0.1707825127659933,0.1707825127659935,2.2999160465422573e-08,4.727629397744552e-06,0.012004704544283366,0.012,4.727629397744959e-06,0.012004704544283366,0.012
419,0.838,0.84,-4.3399366179346295,4.33993661793463,4.440892098500626e-16,8.679873235869259,-0.1008900961975022,0.1008900961975022,-4.3399366179346295,4.33993661793463,-6.0,6.0,0.0,12.0,0.0,0.0,0.0,0.0,0.0,0.0,0.0,0.0,0.0,0.0,0.0,0.0,0.0,0.0,6.002352272313413,6.002352272313413,9.003214840319629e-16,0.0,0.4029997636180797,0.0,-6.249999999999999,6.25,0.1707825127659933,0.1707825127659935,2.2999162331311595e-08,4.727629393449806e-06,0.012004704544455274,0.012,4.727629393450616e-06,0.012004704544455276,0.012
420,0.84,0.842,-4.339936617855703,4.339936617855705,8.881784197001252e-16,8.679873235711408,-0.10089009619788786,0.10089009619788786,-4.339936617855703,4.339936617855705,-6.0,6.0,0.0,12.0,0.0,0.0,0.0,0.0,0.0,0.0,0.0,0.0,0.0,0.0,0.0,0.0,0.0,0.0,6.002352272399011,6.002352272399012,9.384854005034526e-16,0.0,0.40299976361807993,0.0,-6.249999999999999,6.25,0.1707825127659933,0.1707825127659935,2.2999164193772825e-08,4.727629389163966e-06,0.012004704544626826,0.012,4.727629389162935e-06,0.012004704544626826,0.012
421,0.842,0.844,-4.339936617776942,4.339936617776944,8.881784197001252e-16,8.679873235553886,-0.10089009619827255,0.10089009619827255,-4.339936617776942,4.339936617776944,-6.0,6.0,0.0,12.0,0.0,0.0,0.0,0.0,0.0,0.0,0.0,0.0,0.0,0.0,0.0,0.0,0.0,0.0,6.002352272484432,6.0023522724844325,2.498001805406602e-16,0.0,0.40299976361808015,0.0,-6.249999999999999,6.25,0.1707825127659933,0.1707825127659935,2.299916605281244e-08,4.727629384884811e-06,0.012004704544798022,0.012,4.727629384884136e-06,0.012004704544798022,0.012
422,0.844,0.846,-4.3399366176983465,4.339936617698347,4.440892098500626e-16,8.679873235396695,-0.10089009619865613,0.10089009619865613,-4.3399366176983465,4.339936617698347,-6.0,6.0,0.0,12.0,0.0,0.0,0.0,0.0,0.0,0.0,0.0,0.0,0.0,0.0,0.0,0.0,0.0,0.0,6.002352272569675,6.002352272569675,9.17668718791731e-16,0.0,0.4029997636180804,0.0,-6.249999999999999,6.25,0.1707825127659933,0.1707825127659935,2.2999167908436632e-08,4.72762938061456e-06,0.012004704544968863,0.012,4.727629380614218e-06,0.012004704544968865,0.012
423,0.846,0.848,-4.339936617619915,4.339936617619916,4.440892098500626e-16,8.679873235239832,-0.1008900961990386,0.1008900961990386,-4.339936617619915,4.339936617619916,-6.0,6.0,0.0,12.0,0.0,0.0,0.0,0.0,0.0,0.0,0.0,0.0,0.0,0.0,0.0,0.0,0.0,0.0,6.002352272654743,6.002352272654743,7.077671781985373e-16,0.0,0.40299976361808054,0.0,-6.249999999999999,6.25,0.1707825127659933,0.1707825127659935,2.299916976065156e-08,4.727629376355435e-06,0.01200470454513935,0.012,4.7276293763554024e-06,0.01200470454513935,0.012
424,0.848,0.85,-4.339936617541647,4.339936617541649,8.881784197001252e-16,8.679873235083296,-0.10089009619942038,0.10089009619942038,-4.339936617541647,4.339936617541649,-6.0,6.0,0.0,12.0,0.0,0.0,0.0,0.0,0.0,0.0,0.0,0.0,0.0,0.0,0.0,0.0,0.0,0.0,6.002352272739635,6.002352272739634,6.938893903907228e-16,0.0,0.40299976361808076,0.0,-6.249999999999999,6.25,0.1707825127659933,0.1707825127659935,2.299917160946338e-08,4.727629372105215e-06,0.012004704545309487,0.012,4.727629372105469e-06,0.012004704545309487,0.012
425,0.85,0.852,-4.339936617463543,4.339936617463544,4.440892098500626e-16,8.679873234927086,-0.10089009619980133,0.10089009619980133,-4.339936617463543,4.339936617463544,-6.0,6.0,0.0,12.0,0.0,0.0,0.0,0.0,0.0,0.0,0.0,0.0,0.0,0.0,0.0,0.0,0.0,0.0,6.00235227282435,6.00235227282435,1.0911410663894117e-15,0.0,0.402999763618081,0.0,-6.249999999999999,6.25,0.1707825127659933,0.1707825127659935,2.2999173454878248e-08,4.7276293678639e-06,0.012004704545479269,0.012,4.727629367864416e-06,0.012004704545479267,0.012
426,0.852,0.854,-4.339936617385602,4.339936617385604,8.881784197001252e-16,8.679873234771206,-0.10089009620018116,0.10089009620018116,-4.339936617385602,4.339936617385604,-6.0,6.0,0.0,12.0,0.0,0.0,0.0,0.0,0.0,0.0,0.0,0.0,0.0,0.0,0.0,0.0,0.0,0.0,6.00235227290889,6.002352272908888,1.925543058334256e-15,0.0,0.4029997636180812,0.0,-6.249999999999999,6.25,0.1707825127659933,0.1707825127659935,2.299917529690229e-08,4.72762936363149e-06,0.0120047045456487,0.012,4.727629363632247e-06,0.0120047045456487,0.012
427,0.854,0.856,-4.339936617307824,4.339936617307826,8.881784197001252e-16,8.67987323461565,-0.10089009620055989,0.10089009620055989,-4.339936617307824,4.339936617307826,-6.0,6.0,0.0,12.0,0.0,0.0,0.0,0.0,0.0,0.0,0.0,0.0,0.0,0.0,0.0,0.0,0.0,0.0,6.002352272993254,6.002352272993254,1.7937040741600185e-15,0.0,0.40299976361808143,0.0,-6.249999999999999,6.25,0.1707825127659933,0.1707825127659935,2.2999177135541626e-08,4.727629359407986e-06,0.01200470454581778,0.012,4.727629359408958e-06,0.012004704545817776,0.012
428,0.856,0.858,-4.33993661723021,4.339936617230211,4.440892098500626e-16,8.67987323446042,-0.10089009620093792,0.10089009620093792,-4.33993661723021,4.339936617230211,-6.0,6.0,0.0,12.0,0.0,0.0,0.0,0.0,0.0,0.0,0.0,0.0,0.0,0.0,0.0,0.0,0.0,0.0,6.0023522730774435,6.002352273077443,1.0581813203458523e-15,0.0,0.4029997636180816,0.0,-6.249999999999999,6.25,0.1707825127659933,0.1707825127659935,2.2999178970802388e-08,4.727629355193385e-06,0.012004704545986507,0.012,4.727629355192331e-06,0.012004704545986507,0.012
429,0.858,0.86,-4.339936617152756,4.339936617152758,8.881784197001252e-16,8.679873234305514,-0.10089009620131498,0.10089009620131498,-4.339936617152756,4.339936617152758,-6.0,6.0,0.0,12.0,0.0,0.0,0.0,0.0,0.0,0.0,0.0,0.0,0.0,0.0,0.0,0.0,0.0,0.0,6.002352273161459,6.002352273161459,1.0477729794899915e-15,0.0,0.4029997636180818,0.0,-6.249999999999999,6.25,0.1707825127659933,0.1707825127659935,2.299918080269065e-08,4.727629350989911e-06,0.012004704546154887,0.012,4.727629350989026e-06,0.012004704546154885,0.012
430,0.86,0.862,-4.339936617075466,4.339936617075467,4.440892098500626e-16,8.679873234150932,-0.10089009620169107,0.10089009620169107,-4.339936617075466,4.339936617075467,-6.0,6.0,0.0,12.0,0.0,0.0,0.0,0.0,0.0,0.0,0.0,0.0,0.0,0.0,0.0,0.0,0.0,0.0,6.0023522732453,6.002352273245299,7.546047120499111e-16,0.0,0.40299976361808204,0.0,-6.249999999999999,6.25,0.1707825127659933,0.1707825127659935,2.2999182631212544e-08,4.727629346793121e-06,0.012004704546322917,0.012,4.727629346792384e-06,0.012004704546322917,0.012
431,0.862,0.864,-4.339936616998337,4.3399366169983375,4.440892098500626e-16,8.679873233996673,-0.10089009620206604,0.10089009620206604,-4.339936616998337,4.3399366169983375,-6.0,6.0,0.0,12.0,0.0,0.0,0.0,0.0,0.0,0.0,0.0,0.0,0.0,0.0,0.0,0.0,0.0,0.0,6.002352273328968,6.002352273328967,2.5673907444456745e-16,0.0,0.40299976361808226,0.0,-6.249999999999999,6.25,0.1707825127659933,0.1707825127659935,2.299918445637411e-08,4.727629342607456e-06,0.0120047045464906,0.012,4.7276293426068426e-06,0.012004704546490599,0.012
432,0.864,0.866,-4.339936616921369,4.33993661692137,4.440892098500626e-16,8.679873233842738,-0.10089009620244005,0.10089009620244005,-4.339936616921369,4.33993661692137,-6.0,6.0,0.0,12.0,0.0,0.0,0.0,0.0,0.0,0.0,0.0,0.0,0.0,0.0,0.0,0.0,0.0,0.0,6.002352273412463,6.002352273412462,7.73686670285656e-16,0.0,0.40299976361808243,0.0,-6.249999999999999,6.25,0.1707825127659933,0.1707825127659935,2.2999186278181438e-08,4.727629338428475e-06,0.012004704546657936,0.012,4.727629338427963e-06,0.012004704546657932,0.012
433,0.866,0.868,-4.339936616844562,4.339936616844563,4.440892098500626e-16,8.679873233689126,-0.10089009620281336,0.10089009620281336,-4.339936616844562,4.339936616844563,-6.0,6.0,0.0,12.0,0.0,0.0,0.0,0.0,0.0,0.0,0.0,0.0,0.0,0.0,0.0,0.0,0.0,0.0,6.0023522734957835,6.0023522734957835,5.568462357885551e-16,0.0,0.40299976361808265,0.0,-6.249999999999999,6.25,0.1707825127659933,0.1707825127659935,2.2999188096640593e-08,4.727629334258399e-06,0.012004704546824924,0.012,4.727629334257966e-06,0.012004704546824924,0.012
434,0.868,0.87,-4.339936616767916,4.3399366167679165,4.440892098500626e-16,8.679873233535833,-0.1008900962031857,0.1008900962031857,-4.339936616767916,4.3399366167679165,-6.0,6.0,0.0,12.0,0.0,0.0,0.0,0.0,0.0,0.0,0.0,0.0,0.0,0.0,0.0,0.0,0.0,0.0,6.002352273578931,6.002352273578931,9.107298248878237e-16,0.0,0.4029997636180829,0.0,-6.249999999999999,6.25,0.1707825127659933,0.1707825127659935,2.299918991175761e-08,4.727629330099448e-06,0.012004704546991566,0.012,4.72762933009907e-06,0.012004704546991566,0.012
435,0.87,0.872,-4.339936616691429,4.33993661669143,4.440892098500626e-16,8.67987323338286,-0.10089009620355693,0.10089009620355693,-4.339936616691429,4.33993661669143,-6.0,6.0,0.0,12.0,0.0,0.0,0.0,0.0,0.0,0.0,0.0,0.0,0.0,0.0,0.0,0.0,0.0,0.0,6.0023522736619075,6.002352273661909,1.7052331768852014e-15,0.0,0.4029997636180831,0.0,-6.249999999999999,6.25,0.1707825127659933,0.1707825127659935,2.2999191723538542e-08,4.727629325949403e-06,0.012004704547157862,0.012,4.727629325949056e-06,0.012004704547157862,0.012
436,0.872,0.874,-4.339936616615103,4.3399366166151045,8.881784197001252e-16,8.679873233230207,-0.10089009620392761,0.10089009620392761,-4.339936616615103,4.3399366166151045,-6.0,6.0,0.0,12.0,0.0,0.0,0.0,0.0,0.0,0.0,0.0,0.0,0.0,0.0,0.0,0.0,0.0,0.0,6.002352273744712,6.002352273744712,1.35828848168984e-15,0.0,0.40299976361808326,0.0,-6.249999999999999,6.25,0.1707825127659933,0.1707825127659935,2.29991935319894e-08,4.72762932180604e-06,0.012004704547323814,0.012,4.727629321805704e-06,0.012004704547323818,0.012
437,0.874,0.876,-4.339936616538936,4.339936616538938,8.881784197001252e-16,8.679873233077874,-0.10089009620429704,0.10089009620429704,-4.339936616538936,4.339936616538938,-6.0,6.0,0.0,12.0,0.0,0.0,0.0,0.0,0.0,0.0,0.0,0.0,0.0,0.0,0.0,0.0,0.0,0.0,6.002352273827345,6.002352273827345,3.452099717193846e-16,0.0,0.4029997636180835,0.0,-6.249999999999999,6.25,0.1707825127659933,0.1707825127659935,2.299919533711622e-08,4.7276293176738035e-06,0.012004704547489425,0.012,4.7276293176734545e-06,0.012004704547489425,0.012
438,0.876,0.878,-4.339936616462929,4.33993661646293,4.440892098500626e-16,8.67987323292586,-0.10089009620466549,0.10089009620466549,-4.339936616462929,4.33993661646293,-6.0,6.0,0.0,12.0,0.0,0.0,0.0,0.0,0.0,0.0,0.0,0.0,0.0,0.0,0.0,0.0,0.0,0.0,6.002352273909807,6.002352273909807,3.139849491518021e-16,0.0,0.4029997636180837,0.0,-6.249999999999999,6.25,0.1707825127659933,0.1707825127659935,2.2999197138924993e-08,4.727629313550472e-06,0.012004704547654689,0.012,4.727629313550086e-06,0.012004704547654689,0.012
439,0.878,0.88,-4.339936616387081,4.339936616387082,4.440892098500626e-16,8.679873232774163,-0.10089009620503298,0.10089009620503298,-4.339936616387081,4.339936616387082,-6.0,6.0,0.0,12.0,0.0,0.0,0.0,0.0,0.0,0.0,0.0,0.0,0.0,0.0,0.0,0.0,0.0,0.0,6.0023522739920985,6.0023522739920985,6.210310043996969e-16,0.0,0.40299976361808393,0.0,-6.249999999999999,6.25,0.1707825127659933,0.1707825127659935,2.2999198937421716e-08,4.727629309436043e-06,0.012004704547819612,0.012,4.727629309435599e-06,0.012004704547819612,0.012
440,0.88,0.882,-4.339936616311391,4.339936616311393,8.881784197001252e-16,8.679873232622784,-0.1008900962053999,0.1008900962053999,-4.339936616311391,4.339936616311393,-6.0,6.0,0.0,12.0,0.0,0.0,0.0,0.0,0.0,0.0,0.0,0.0,0.0,0.0,0.0,0.0,0.0,0.0,6.002352274074219,6.002352274074219,3.1051550219984847e-16,0.0,0.4029997636180841,0.0,-6.249999999999999,6.25,0.1707825127659933,0.1707825127659935,2.2999200732612376e-08,4.727629305328299e-06,0.012004704547984196,0.012,4.727629305327774e-06,0.012004704547984196,0.012
441,0.882,0.884,-4.3399366162358595,4.339936616235861,8.881784197001252e-16,8.67987323247172,-0.100890096205766,0.100890096205766,-4.3399366162358595,4.339936616235861,-6.0,6.0,0.0,12.0,0.0,0.0,0.0,0.0,0.0,0.0,0.0,0.0,0.0,0.0,0.0,0.0,0.0,0.0,6.002352274156168,6.002352274156168,7.129713486264677e-16,0.0,0.4029997636180843,0.0,-6.249999999999999,6.25,0.1707825127659933,0.1707825127659935,2.299920252450295e-08,4.72762930123168e-06,0.012004704548148436,0.012,4.727629301231051e-06,0.012004704548148436,0.012
442,0.884,0.886,-4.339936616160486,4.339936616160488,8.881784197001252e-16,8.679873232320974,-0.10089009620613071,0.10089009620613071,-4.339936616160486,4.339936616160488,-6.0,6.0,0.0,12.0,0.0,0.0,0.0,0.0,0.0,0.0,0.0,0.0,0.0,0.0,0.0,0.0,0.0,0.0,6.00235227423795,6.00235227423795,1.1986939218999737e-15,0.0,0.40299976361808454,0.0,-6.249999999999999,6.25,0.1707825127659933,0.1707825127659935,2.29992043130994e-08,4.727629297143966e-06,0.012004704548312336,0.012,4.72762929714321e-06,0.012004704548312336,0.012
443,0.886,0.888,-4.339936616085271,4.3399366160852715,4.440892098500626e-16,8.679873232170543,-0.10089009620649458,0.10089009620649458,-4.339936616085271,4.3399366160852715,-6.0,6.0,0.0,12.0,0.0,0.0,0.0,0.0,0.0,0.0,0.0,0.0,0.0,0.0,0.0,0.0,0.0,0.0,6.00235227431956,6.002352274319561,7.927686285214008e-16,0.0,0.4029997636180847,0.0,-6.249999999999999,6.25,0.1707825127659933,0.1707825127659935,2.2999206098407685e-08,4.727629293062935e-06,0.012004704548475898,0.012,4.7276292930620305e-06,0.0120047045484759,0.012
444,0.888,0.89,-4.339936616010212,4.339936616010213,4.440892098500626e-16,8.679873232020427,-0.10089009620685749,0.10089009620685749,-4.339936616010212,4.339936616010213,-6.0,6.0,0.0,12.0,0.0,0.0,0.0,0.0,0.0,0.0,0.0,0.0,0.0,0.0,0.0,0.0,0.0,0.0,6.002352274401002,6.002352274401003,4.735795089416683e-16,0.0,0.4029997636180849,0.0,-6.249999999999999,6.25,0.1707825127659933,0.1707825127659935,2.2999207880433732e-08,4.72762928899303e-06,0.01200470454863912,0.012,4.7276292889919524e-06,0.012004704548639122,0.012
445,0.89,0.892,-4.3399366159353105,4.339936615935311,4.440892098500626e-16,8.679873231870623,-0.10089009620721984,0.10089009620721984,-4.3399366159353105,4.339936615935311,-6.0,6.0,0.0,12.0,0.0,0.0,0.0,0.0,0.0,0.0,0.0,0.0,0.0,0.0,0.0,0.0,0.0,0.0,6.002352274482275,6.002352274482276,4.978656376053436e-16,0.0,0.40299976361808515,0.0,-6.249999999999999,6.25,0.1707825127659933,0.1707825127659935,2.2999209659183486e-08,4.727629284929808e-06,0.012004704548802004,0.012,4.727629284930756e-06,0.012004704548802007,0.012
446,0.892,0.894,-4.339936615860566,4.339936615860567,4.440892098500626e-16,8.679873231721132,-0.10089009620758108,0.10089009620758108,-4.339936615860566,4.339936615860567,-6.0,6.0,0.0,12.0,0.0,0.0,0.0,0.0,0.0,0.0,0.0,0.0,0.0,0.0,0.0,0.0,0.0,0.0,6.00235227456338,6.002352274563379,1.7676832220203664e-15,0.0,0.4029997636180853,0.0,-6.249999999999999,6.25,0.1707825127659933,0.1707825127659935,2.299921143466287e-08,4.7276292808777105e-06,0.01200470454896455,0.012,4.727629280878442e-06,0.012004704548964552,0.012
447,0.894,0.896,-4.339936615785977,4.3399366157859784,8.881784197001252e-16,8.679873231571955,-0.10089009620794134,0.10089009620794134,-4.339936615785977,4.3399366157859784,-6.0,6.0,0.0,12.0,0.0,0.0,0.0,0.0,0.0,0.0,0.0,0.0,0.0,0.0,0.0,0.0,0.0,0.0,6.002352274644316,6.002352274644317,1.0564465968698755e-15,0.0,0.40299976361808554,0.0,-6.249999999999999,6.25,0.1707825127659933,0.1707825127659935,2.2999213206877797e-08,4.7276292768322964e-06,0.01200470454912676,0.012,4.72762927683279e-06,0.01200470454912676,0.012
448,0.896,0.898,-4.339936615711544,4.3399366157115455,8.881784197001252e-16,8.67987323142309,-0.10089009620830092,0.10089009620830092,-4.339936615711544,4.3399366157115455,-6.0,6.0,0.0,12.0,0.0,0.0,0.0,0.0,0.0,0.0,0.0,0.0,0.0,0.0,0.0,0.0,0.0,0.0,6.002352274725086,6.0023522747250855,9.055256544598933e-16,0.0,0.4029997636180857,0.0,-6.249999999999999,6.25,0.1707825127659933,0.1707825127659935,2.299921497583416e-08,4.727629272795787e-06,0.012004704549288633,0.012,4.727629272796019e-06,0.012004704549288635,0.012
449,0.898,0.9,-4.339936615637267,4.339936615637268,4.440892098500626e-16,8.679873231274534,-0.10089009620865938,0.10089009620865938,-4.339936615637267,4.339936615637268,-6.0,6.0,0.0,12.0,0.0,0.0,0.0,0.0,0.0,0.0,0.0,0.0,0.0,0.0,0.0,0.0,0.0,0.0,6.002352274805688,6.002352274805688,5.516420653606247e-16,0.0,0.4029997636180859,0.0,-6.249999999999999,6.25,0.1707825127659933,0.1707825127659935,2.2999216741537838e-08,4.727629268768182e-06,0.012004704549450173,0.012,4.72762926876813e-06,0.01200470454945017,0.012
450,0.9,0.902,-4.339936615563145,4.339936615563147,8.881784197001252e-16,8.679873231126292,-0.10089009620901701,0.10089009620901701,-4.339936615563145,4.339936615563147,-6.0,6.0,0.0,12.0,0.0,0.0,0.0,0.0,0.0,0.0,0.0,0.0,0.0,0.0,0.0,0.0,0.0,0.0,6.002352274886124,6.002352274886123,1.2299189444675562e-15,0.0,0.40299976361808615,0.0,-6.249999999999999,6.25,0.1707825127659933,0.1707825127659935,2.2999218503994738e-08,4.727629264751702e-06,0.012004704549611375,0.012,4.727629264751343e-06,0.012004704549611375,0.012
451,0.902,0.904,-4.3399366154891785,4.339936615489179,4.440892098500626e-16,8.679873230978359,-0.10089009620937367,0.10089009620937367,-4.3399366154891785,4.339936615489179,-6.0,6.0,0.0,12.0,0.0,0.0,0.0,0.0,0.0,0.0,0.0,0.0,0.0,0.0,0.0,0.0,0.0,0.0,6.002352274966391,6.002352274966391,8.847089727481716e-16,0.0,0.4029997636180863,0.0,-6.249999999999999,6.25,0.1707825127659933,0.1707825127659935,2.2999220263210718e-08,4.727629260741904e-06,0.012004704549772247,0.012,4.7276292607412175e-06,0.012004704549772245,0.012
452,0.904,0.906,-4.3399366154153665,4.339936615415368,8.881784197001252e-16,8.679873230830735,-0.10089009620972963,0.10089009620972963,-4.3399366154153665,4.339936615415368,-6.0,6.0,0.0,12.0,0.0,0.0,0.0,0.0,0.0,0.0,0.0,0.0,0.0,0.0,0.0,0.0,0.0,0.0,6.002352275046493,6.002352275046493,2.0990154059319366e-16,0.0,0.40299976361808654,0.0,-6.249999999999999,6.25,0.1707825127659933,0.1707825127659935,2.299922201919162e-08,4.727629256738791e-06,0.012004704549932781,0.012,4.7276292567377535e-06,0.012004704549932781,0.012
453,0.906,0.908,-4.339936615341709,4.33993661534171,4.440892098500626e-16,8.67987323068342,-0.10089009621008463,0.10089009621008463,-4.339936615341709,4.33993661534171,-6.0,6.0,0.0,12.0,0.0,0.0,0.0,0.0,0.0,0.0,0.0,0.0,0.0,0.0,0.0,0.0,0.0,0.0,6.002352275126429,6.002352275126429,6.938893903907228e-17,0.0,0.4029997636180867,0.0,-6.249999999999999,6.25,0.1707825127659933,0.1707825127659935,2.2999223771943316e-08,4.727629252746802e-06,0.012004704550092987,0.012,4.727629252747612e-06,0.012004704550092987,0.012
454,0.908,0.91,-4.339936615268205,4.339936615268207,8.881784197001252e-16,8.679873230536412,-0.10089009621043865,0.10089009621043865,-4.339936615268205,4.339936615268207,-6.0,6.0,0.0,12.0,0.0,0.0,0.0,0.0,0.0,0.0,0.0,0.0,0.0,0.0,0.0,0.0,0.0,0.0,6.002352275206199,6.002352275206199,4.145989107584569e-16,0.0,0.4029997636180869,0.0,-6.249999999999999,6.25,0.1707825127659933,0.1707825127659935,2.2999225521471637e-08,4.727629248763717e-06,0.012004704550252859,0.012,4.727629248764132e-06,0.012004704550252859,0.012
455,0.91,0.912,-4.339936615194856,4.339936615194857,4.440892098500626e-16,8.679873230389713,-0.10089009621079198,0.10089009621079198,-4.339936615194856,4.339936615194857,-6.0,6.0,0.0,12.0,0.0,0.0,0.0,0.0,0.0,0.0,0.0,0.0,0.0,0.0,0.0,0.0,0.0,0.0,6.002352275285805,6.002352275285805,5.342948306008566e-16,0.0,0.40299976361808715,0.0,-6.249999999999999,6.25,0.1707825127659933,0.1707825127659935,2.299922726778241e-08,4.7276292447873155e-06,0.0120047045504124,0.012,4.727629244787313e-06,0.0120047045504124,0.012
456,0.912,0.914,-4.339936615121659,4.33993661512166,4.440892098500626e-16,8.67987323024332,-0.10089009621114434,0.10089009621114434,-4.339936615121659,4.33993661512166,-6.0,6.0,0.0,12.0,0.0,0.0,0.0,0.0,0.0,0.0,0.0,0.0,0.0,0.0,0.0,0.0,0.0,0.0,6.0023522753652445,6.002352275365246,1.1397133237167623e-15,0.0,0.4029997636180873,0.0,-6.249999999999999,6.25,0.1707825127659933,0.1707825127659935,2.2999229010881458e-08,4.7276292408220375e-06,0.012004704550571609,0.012,4.727629240821596e-06,0.012004704550571609,0.012
457,0.914,0.916,-4.339936615048615,4.339936615048617,8.881784197001252e-16,8.679873230097233,-0.10089009621149558,0.10089009621149558,-4.339936615048615,4.339936615048617,-6.0,6.0,0.0,12.0,0.0,0.0,0.0,0.0,0.0,0.0,0.0,0.0,0.0,0.0,0.0,0.0,0.0,0.0,6.002352275444521,6.002352275444521,1.2542050731312315e-15,0.0,0.40299976361808754,0.0,-6.249999999999999,6.25,0.1707825127659933,0.1707825127659935,2.2999230750774578e-08,4.727629236863443e-06,0.012004704550730489,0.012,4.7276292368625404e-06,0.012004704550730492,0.012
458,0.916,0.918,-4.339936614975724,4.339936614975726,8.881784197001252e-16,8.67987322995145,-0.100890096211846,0.100890096211846,-4.339936614975724,4.339936614975726,-6.0,6.0,0.0,12.0,0.0,0.0,0.0,0.0,0.0,0.0,0.0,0.0,0.0,0.0,0.0,0.0,0.0,0.0,6.002352275523631,6.002352275523632,1.3357370765021415e-15,0.0,0.4029997636180877,0.0,-6.249999999999999,6.25,0.1707825127659933,0.1707825127659935,2.2999232487467565e-08,4.727629232915974e-06,0.01200470455088904,0.012,4.727629232916808e-06,0.01200470455088904,0.012
459,0.918,0.92,-4.339936614902986,4.339936614902988,8.881784197001252e-16,8.679873229805974,-0.10089009621219558,0.10089009621219558,-4.339936614902986,4.339936614902988,-6.0,6.0,0.0,12.0,0.0,0.0,0.0,0.0,0.0,0.0,0.0,0.0,0.0,0.0,0.0,0.0,0.0,0.0,6.00235227560258,6.00235227560258,1.797173521111972e-15,0.0,0.4029997636180879,0.0,-6.249999999999999,6.25,0.1707825127659933,0.1707825127659935,2.2999234220966218e-08,4.727629228975188e-06,0.012004704551047261,0.012,4.727629228975516e-06,0.012004704551047263,0.012
460,0.92,0.922,-4.339936614830401,4.3399366148304015,4.440892098500626e-16,8.679873229660803,-0.10089009621254419,0.10089009621254419,-4.339936614830401,4.3399366148304015,-6.0,6.0,0.0,12.0,0.0,0.0,0.0,0.0,0.0,0.0,0.0,0.0,0.0,0.0,0.0,0.0,0.0,0.0,6.002352275681363,6.002352275681362,1.6167622796103842e-15,0.0,0.4029997636180881,0.0,-6.249999999999999,6.25,0.1707825127659933,0.1707825127659935,2.2999235951276308e-08,4.727629225041085e-06,0.01200470455120516,0.012,4.727629225040886e-06,0.01200470455120516,0.012
461,0.922,0.924,-4.339936614757966,4.339936614757967,4.440892098500626e-16,8.679873229515934,-0.10089009621289238,0.10089009621289238,-4.339936614757966,4.339936614757967,-6.0,6.0,0.0,12.0,0.0,0.0,0.0,0.0,0.0,0.0,0.0,0.0,0.0,0.0,0.0,0.0,0.0,0.0,6.002352275759984,6.002352275759983,5.0306980803327406e-17,0.0,0.4029997636180883,0.0,-6.249999999999999,6.25,0.1707825127659933,0.1707825127659935,2.2999237678403606e-08,4.727629221118106e-06,0.012004704551362726,0.012,4.7276292211173575e-06,0.012004704551362724,0.012
462,0.924,0.926,-4.3399366146856835,4.339936614685684,4.440892098500626e-16,8.679873229371367,-0.10089009621323947,0.10089009621323947,-4.3399366146856835,4.339936614685684,-6.0,6.0,0.0,12.0,0.0,0.0,0.0,0.0,0.0,0.0,0.0,0.0,0.0,0.0,0.0,0.0,0.0,0.0,6.002352275838441,6.002352275838443,2.067790383364354e-15,0.0,0.4029997636180885,0.0,-6.249999999999999,6.25,0.1707825127659933,0.1707825127659935,2.299923940235386e-08,4.727629217204031e-06,0.012004704551519968,0.012,4.727629217204932e-06,0.012004704551519967,0.012
463,0.926,0.928,-4.339936614613552,4.339936614613553,4.440892098500626e-16,8.679873229227105,-0.10089009621358558,0.10089009621358558,-4.339936614613552,4.339936614613553,-6.0,6.0,0.0,12.0,0.0,0.0,0.0,0.0,0.0,0.0,0.0,0.0,0.0,0.0,0.0,0.0,0.0,0.0,6.0023522759167385,6.002352275916738,2.076464000744238e-15,0.0,0.4029997636180887,0.0,-6.249999999999999,6.25,0.1707825127659933,0.1707825127659935,2.299924112313282e-08,4.727629213296639e-06,0.012004704551676883,0.012,4.727629213296947e-06,0.012004704551676884,0.012
464,0.928,0.93,-4.33993661454157,4.339936614541572,8.881784197001252e-16,8.679873229083142,-0.10089009621393086,0.10089009621393086,-4.33993661454157,4.339936614541572,-6.0,6.0,0.0,12.0,0.0,0.0,0.0,0.0,0.0,0.0,0.0,0.0,0.0,0.0,0.0,0.0,0.0,0.0,6.002352275994871,6.0023522759948715,9.141992718397773e-16,0.0,0.40299976361808887,0.0,-6.249999999999999,6.25,0.1707825127659933,0.1707825127659935,2.2999242840746223e-08,4.72762920939815e-06,0.012004704551833476,0.012,4.7276292093978436e-06,0.012004704551833474,0.012
465,0.93,0.932,-4.339936614469741,4.3399366144697415,4.440892098500626e-16,8.679873228939481,-0.1008900962142753,0.1008900962142753,-4.339936614469741,4.3399366144697415,-6.0,6.0,0.0,12.0,0.0,0.0,0.0,0.0,0.0,0.0,0.0,0.0,0.0,0.0,0.0,0.0,0.0,0.0,6.002352276072841,6.002352276072841,1.5785983631388945e-15,0.0,0.4029997636180891,0.0,-6.249999999999999,6.25,0.1707825127659933,0.1707825127659935,2.299924455519979e-08,4.727629205508566e-06,0.012004704551989742,0.012,4.727629205507622e-06,0.012004704551989744,0.012
466,0.932,0.934,-4.33993661439806,4.339936614398061,4.440892098500626e-16,8.679873228796122,-0.10089009621461892,0.10089009621461892,-4.33993661439806,4.339936614398061,-6.0,6.0,0.0,12.0,0.0,0.0,0.0,0.0,0.0,0.0,0.0,0.0,0.0,0.0,0.0,0.0,0.0,0.0,6.002352276150653,6.00235227615065,1.8544193958192068e-15,0.0,0.40299976361808926,0.0,-6.249999999999999,6.25,0.1707825127659933,0.1707825127659935,2.299924626649925e-08,4.727629201627884e-06,0.012004704552145681,0.012,4.7276292016285025e-06,0.012004704552145683,0.012
467,0.934,0.936,-4.33993661432653,4.339936614326531,4.440892098500626e-16,8.679873228653062,-0.10089009621496156,0.10089009621496156,-4.33993661432653,4.339936614326531,-6.0,6.0,0.0,12.0,0.0,0.0,0.0,0.0,0.0,0.0,0.0,0.0,0.0,0.0,0.0,0.0,0.0,0.0,6.0023522762283,6.002352276228298,1.2524703496552547e-15,0.0,0.4029997636180895,0.0,-6.249999999999999,6.25,0.1707825127659933,0.1707825127659935,2.299924797465029e-08,4.727629197753886e-06,0.012004704552301305,0.012,4.727629197753825e-06,0.0120047045523013,0.012
468,0.936,0.9380000000000001,-4.33993661425515,4.3399366142551505,4.440892098500626e-16,8.6798732285103,-0.10089009621530337,0.10089009621530337,-4.33993661425515,4.3399366142551505,-6.0,6.0,0.0,12.0,0.0,0.0,0.0,0.0,0.0,0.0,0.0,0.0,0.0,0.0,0.0,0.0,0.0,0.0,6.002352276305787,6.002352276305787,1.5144135945277526e-15,0.0,0.40299976361808965,0.0,-6.249999999999999,6.25,0.1707825127659933,0.1707825127659935,2.2999249679658614e-08,4.7276291938887914e-06,0.0120047045524566,0.012,4.727629193888027e-06,0.012004704552456596,0.012
469,0.9380000000000001,0.9400000000000001,-4.339936614183918,4.3399366141839195,8.881784197001252e-16,8.679873228367837,-0.10089009621564421,0.10089009621564421,-4.339936614183918,4.3399366141839195,-6.0,6.0,0.0,12.0,0.0,0.0,0.0,0.0,0.0,0.0,0.0,0.0,0.0,0.0,0.0,0.0,0.0,0.0,6.002352276383114,6.002352276383114,4.85722573273506e-16,0.0,0.40299976361808987,0.0,-6.249999999999999,6.25,0.1707825127659933,0.1707825127659935,2.2999251381529908e-08,4.727629190030379e-06,0.012004704552611574,0.012,4.727629190031113e-06,0.012004704552611574,0.012
470,0.9400000000000001,0.9420000000000001,-4.339936614112836,4.339936614112837,4.440892098500626e-16,8.679873228225674,-0.10089009621598435,0.10089009621598435,-4.339936614112836,4.339936614112837,-6.0,6.0,0.0,12.0,0.0,0.0,0.0,0.0,0.0,0.0,0.0,0.0,0.0,0.0,0.0,0.0,0.0,0.0,6.0023522764602815,6.0023522764602815,7.320533068622126e-16,0.0,0.40299976361809003,0.0,-6.249999999999999,6.25,0.1707825127659933,0.1707825127659935,2.2999253080269836e-08,4.72762918618087e-06,0.012004704552766227,0.012,4.727629186180859e-06,0.012004704552766227,0.012
471,0.9420000000000001,0.9440000000000001,-4.339936614041902,4.339936614041903,8.881784197001252e-16,8.679873228083805,-0.10089009621632353,0.10089009621632353,-4.339936614041902,4.339936614041903,-6.0,6.0,0.0,12.0,0.0,0.0,0.0,0.0,0.0,0.0,0.0,0.0,0.0,0.0,0.0,0.0,0.0,0.0,6.002352276537287,6.002352276537289,1.042568809062061e-15,0.0,0.40299976361809026,0.0,-6.249999999999999,6.25,0.1707825127659933,0.1707825127659935,2.2999254775884083e-08,4.7276291823402655e-06,0.012004704552920563,0.012,4.727629182339488e-06,0.012004704552920563,0.012
472,0.9440000000000001,0.9460000000000001,-4.339936613971116,4.339936613971117,4.440892098500626e-16,8.679873227942235,-0.100890096216662,0.100890096216662,-4.339936613971116,4.339936613971117,-6.0,6.0,0.0,12.0,0.0,0.0,0.0,0.0,0.0,0.0,0.0,0.0,0.0,0.0,0.0,0.0,0.0,0.0,6.002352276614136,6.002352276614136,1.2871648191747909e-15,0.0,0.4029997636180904,0.0,-6.249999999999999,6.25,0.1707825127659933,0.1707825127659935,2.299925646837829e-08,4.727629178506343e-06,0.012004704553074575,0.012,4.727629178506998e-06,0.012004704553074579,0.012
473,0.9460000000000001,0.9480000000000001,-4.339936613900479,4.3399366139004805,8.881784197001252e-16,8.67987322780096,-0.10089009621699979,0.10089009621699979,-4.339936613900479,4.3399366139004805,-6.0,6.0,0.0,12.0,0.0,0.0,0.0,0.0,0.0,0.0,0.0,0.0,0.0,0.0,0.0,0.0,0.0,0.0,6.002352276690824,6.002352276690824,2.6194324487249787e-16,0.0,0.4029997636180906,0.0,-6.249999999999999,6.25,0.1707825127659933,0.1707825127659935,2.2999258157758112e-08,4.727629174681323e-06,0.012004704553228272,0.012,4.727629174681169e-06,0.012004704553228272,0.012
474,0.9480000000000001,0.9500000000000001,-4.339936613829989,4.33993661382999,4.440892098500626e-16,8.679873227659979,-0.10089009621733647,0.10089009621733647,-4.339936613829989,4.33993661382999,-6.0,6.0,0.0,12.0,0.0,0.0,0.0,0.0,0.0,0.0,0.0,0.0,0.0,0.0,0.0,0.0,0.0,0.0,6.002352276767353,6.002352276767353,3.712308238590367e-16,0.0,0.4029997636180908,0.0,-6.249999999999999,6.25,0.1707825127659933,0.1707825127659935,2.2999259844029163e-08,4.727629170867428e-06,0.012004704553381648,0.012,4.7276291708664436e-06,0.012004704553381648,0.012
475,0.9500000000000001,0.9520000000000001,-4.339936613759647,4.339936613759648,4.440892098500626e-16,8.679873227519295,-0.10089009621767231,0.10089009621767231,-4.339936613759647,4.339936613759648,-6.0,6.0,0.0,12.0,0.0,0.0,0.0,0.0,0.0,0.0,0.0,0.0,0.0,0.0,0.0,0.0,0.0,0.0,6.002352276843725,6.002352276843724,9.679756995950584e-16,0.0,0.402999763618091,0.0,-6.249999999999999,6.25,0.1707825127659933,0.1707825127659935,2.2999261527197098e-08,4.7276291670624355e-06,0.012004704553534706,0.012,4.727629167062819e-06,0.012004704553534706,0.012
476,0.9520000000000001,0.9540000000000001,-4.339936613689452,4.339936613689453,4.440892098500626e-16,8.679873227378906,-0.10089009621800718,0.10089009621800718,-4.339936613689452,4.339936613689453,-6.0,6.0,0.0,12.0,0.0,0.0,0.0,0.0,0.0,0.0,0.0,0.0,0.0,0.0,0.0,0.0,0.0,0.0,6.002352276919937,6.002352276919937,6.800116025829084e-16,0.0,0.4029997636180912,0.0,-6.249999999999999,6.25,0.1707825127659933,0.1707825127659935,2.299926320726751e-08,4.727629163261906e-06,0.01200470455368745,0.012,4.727629163261416e-06,0.012004704553687448,0.012
477,0.9540000000000001,0.9560000000000001,-4.339936613619404,4.339936613619405,4.440892098500626e-16,8.679873227238808,-0.1008900962183415,0.1008900962183415,-4.339936613619404,4.339936613619405,-6.0,6.0,0.0,12.0,0.0,0.0,0.0,0.0,0.0,0.0,0.0,0.0,0.0,0.0,0.0,0.0,0.0,0.0,6.002352276995992,6.002352276995992,6.938893903907228e-18,0.0,0.40299976361809137,0.0,-6.249999999999999,6.25,0.1707825127659933,0.1707825127659935,2.2999264884246007e-08,4.727629159470279e-06,0.012004704553839875,0.012,4.727629159471114e-06,0.012004704553839875,0.012
478,0.9560000000000001,0.9580000000000001,-4.339936613549502,4.3399366135495026,4.440892098500626e-16,8.679873227099005,-0.10089009621867484,0.10089009621867484,-4.339936613549502,4.3399366135495026,-6.0,6.0,0.0,12.0,0.0,0.0,0.0,0.0,0.0,0.0,0.0,0.0,0.0,0.0,0.0,0.0,0.0,0.0,6.002352277071889,6.002352277071889,3.642919299551295e-16,0.0,0.4029997636180916,0.0,-6.249999999999999,6.25,0.1707825127659933,0.1707825127659935,2.299926655813819e-08,4.7276291556875555e-06,0.012004704553991982,0.012,4.727629155687474e-06,0.012004704553991982,0.012
479,0.9580000000000001,0.96,-4.339936613479746,4.339936613479747,4.440892098500626e-16,8.679873226959494,-0.10089009621900735,0.10089009621900735,-4.339936613479746,4.339936613479747,-6.0,6.0,0.0,12.0,0.0,0.0,0.0,0.0,0.0,0.0,0.0,0.0,0.0,0.0,0.0,0.0,0.0,0.0,6.0023522771476285,6.002352277147629,4.891920202254596e-16,0.0,0.40299976361809176,0.0,-6.249999999999999,6.25,0.1707825127659933,0.1707825127659935,2.2999268228949646e-08,4.727629151911514e-06,0.01200470455414378,0.012,4.727629151910495e-06,0.01200470455414378,0.012
480,0.96,0.962,-4.339936613410136,4.339936613410138,8.881784197001252e-16,8.679873226820273,-0.10089009621933875,0.10089009621933875,-4.339936613410136,4.339936613410138,-6.0,6.0,0.0,12.0,0.0,0.0,0.0,0.0,0.0,0.0,0.0,0.0,0.0,0.0,0.0,0.0,0.0,0.0,6.002352277223212,6.00235227722321,2.5587171270657905e-15,0.0,0.4029997636180919,0.0,-6.249999999999999,6.25,0.1707825127659933,0.1707825127659935,2.2999269896685942e-08,4.727629148144376e-06,0.012004704554295257,0.012,4.727629148144619e-06,0.012004704554295259,0.012
481,0.962,0.964,-4.339936613340672,4.339936613340673,4.440892098500626e-16,8.679873226681345,-0.10089009621966974,0.10089009621966974,-4.339936613340672,4.339936613340673,-6.0,6.0,0.0,12.0,0.0,0.0,0.0,0.0,0.0,0.0,0.0,0.0,0.0,0.0,0.0,0.0,0.0,0.0,6.0023522772986375,6.0023522772986375,1.2611439670351388e-15,0.0,0.40299976361809214,0.0,-6.249999999999999,6.25,0.1707825127659933,0.1707825127659935,2.2999271561352643e-08,4.727629144386141e-06,0.012004704554446423,0.012,4.7276291443854035e-06,0.01200470455444642,0.012
482,0.964,0.966,-4.339936613271353,4.339936613271354,8.881784197001252e-16,8.679873226542707,-0.10089009621999975,0.10089009621999975,-4.339936613271353,4.339936613271354,-6.0,6.0,0.0,12.0,0.0,0.0,0.0,0.0,0.0,0.0,0.0,0.0,0.0,0.0,0.0,0.0,0.0,0.0,6.002352277373909,6.002352277373908,1.2073675392798577e-15,0.0,0.4029997636180923,0.0,-6.249999999999999,6.25,0.1707825127659933,0.1707825127659935,2.2999273222955315e-08,4.727629140634588e-06,0.012004704554597274,0.012,4.72762914063507e-06,0.012004704554597276,0.012
483,0.966,0.968,-4.339936613202179,4.33993661320218,8.881784197001252e-16,8.679873226404359,-0.10089009622032893,0.10089009622032893,-4.339936613202179,4.33993661320218,-6.0,6.0,0.0,12.0,0.0,0.0,0.0,0.0,0.0,0.0,0.0,0.0,0.0,0.0,0.0,0.0,0.0,0.0,6.002352277449023,6.002352277449023,8.291978215169138e-16,0.0,0.4029997636180925,0.0,-6.249999999999999,6.25,0.1707825127659933,0.1707825127659935,2.2999274881499493e-08,4.727629136894159e-06,0.012004704554747817,0.012,4.727629136893619e-06,0.012004704554747815,0.012
484,0.968,0.97,-4.339936613133149,4.339936613133151,8.881784197001252e-16,8.6798732262663,-0.10089009622065742,0.10089009622065742,-4.339936613133149,4.339936613133151,-6.0,6.0,0.0,12.0,0.0,0.0,0.0,0.0,0.0,0.0,0.0,0.0,0.0,0.0,0.0,0.0,0.0,0.0,6.00235227752398,6.002352277523981,1.6479873021779667e-15,0.0,0.4029997636180927,0.0,-6.249999999999999,6.25,0.1707825127659933,0.1707825127659935,2.2999276536990726e-08,4.727629133160412e-06,0.012004704554898046,0.012,4.727629133161049e-06,0.012004704554898046,0.012
485,0.97,0.972,-4.339936613064265,4.339936613064266,4.440892098500626e-16,8.679873226128532,-0.10089009622098494,0.10089009622098494,-4.339936613064265,4.339936613064266,-6.0,6.0,0.0,12.0,0.0,0.0,0.0,0.0,0.0,0.0,0.0,0.0,0.0,0.0,0.0,0.0,0.0,0.0,6.002352277598783,6.002352277598783,8.933825901280557e-16,0.0,0.40299976361809287,0.0,-6.249999999999999,6.25,0.1707825127659933,0.1707825127659935,2.2999278189434524e-08,4.7276291294333475e-06,0.01200470455504796,0.012,4.72762912943292e-06,0.012004704555047962,0.012
486,0.972,0.974,-4.3399366129955235,4.339936612995525,8.881784197001252e-16,8.679873225991049,-0.10089009622131162,0.10089009622131162,-4.3399366129955235,4.339936612995525,-6.0,6.0,0.0,12.0,0.0,0.0,0.0,0.0,0.0,0.0,0.0,0.0,0.0,0.0,0.0,0.0,0.0,0.0,6.002352277673432,6.002352277673431,4.683753385137379e-16,0.0,0.40299976361809303,0.0,-6.249999999999999,6.25,0.1707825127659933,0.1707825127659935,2.299927983883641e-08,4.7276291257151854e-06,0.012004704555197566,0.012,4.7276291257158936e-06,0.012004704555197566,0.012
487,0.974,0.976,-4.339936612926927,4.339936612926928,4.440892098500626e-16,8.679873225853854,-0.10089009622163747,0.10089009622163747,-4.339936612926927,4.339936612926928,-6.0,6.0,0.0,12.0,0.0,0.0,0.0,0.0,0.0,0.0,0.0,0.0,0.0,0.0,0.0,0.0,0.0,0.0,6.002352277747926,6.002352277747926,1.4172690798730514e-15,0.0,0.40299976361809325,0.0,-6.249999999999999,6.25,0.1707825127659933,0.1707825127659935,2.2999281485201896e-08,4.7276291220059265e-06,0.012004704555346864,0.012,4.7276291220055276e-06,0.012004704555346862,0.012
488,0.976,0.978,-4.339936612858473,4.339936612858474,4.440892098500626e-16,8.679873225716946,-0.10089009622196235,0.10089009622196235,-4.339936612858473,4.339936612858474,-6.0,6.0,0.0,12.0,0.0,0.0,0.0,0.0,0.0,0.0,0.0,0.0,0.0,0.0,0.0,0.0,0.0,0.0,6.002352277822265,6.002352277822265,5.672545766444159e-16,0.0,0.4029997636180934,0.0,-6.249999999999999,6.25,0.1707825127659933,0.1707825127659935,2.2999283128536476e-08,4.727629118305571e-06,0.012004704555495852,0.012,4.7276291183062645e-06,0.012004704555495852,0.012
489,0.978,0.98,-4.339936612790162,4.339936612790163,4.440892098500626e-16,8.679873225580327,-0.10089009622228681,0.10089009622228681,-4.339936612790162,4.339936612790163,-6.0,6.0,0.0,12.0,0.0,0.0,0.0,0.0,0.0,0.0,0.0,0.0,0.0,0.0,0.0,0.0,0.0,0.0,6.00235227789645,6.00235227789645,2.1337098754514727e-16,0.0,0.4029997636180936,0.0,-6.249999999999999,6.25,0.1707825127659933,0.1707825127659935,2.299928476884563e-08,4.727629114611896e-06,0.012004704555644528,0.012,4.727629114611442e-06,0.012004704555644528,0.012
490,0.98,0.982,-4.339936612721995,4.339936612721996,4.440892098500626e-16,8.679873225443991,-0.1008900962226103,0.1008900962226103,-4.339936612721995,4.339936612721996,-6.0,6.0,0.0,12.0,0.0,0.0,0.0,0.0,0.0,0.0,0.0,0.0,0.0,0.0,0.0,0.0,0.0,0.0,6.002352277970482,6.002352277970481,7.199102425303749e-16,0.0,0.4029997636180938,0.0,-6.249999999999999,6.25,0.1707825127659933,0.1707825127659935,2.2999286406134836e-08,4.727629110922685e-06,0.012004704555792901,0.012,4.727629110923281e-06,0.012004704555792901,0.012
491,0.982,0.984,-4.339936612653969,4.339936612653971,8.881784197001252e-16,8.67987322530794,-0.10089009622293296,0.10089009622293296,-4.339936612653969,4.339936612653971,-6.0,6.0,0.0,12.0,0.0,0.0,0.0,0.0,0.0,0.0,0.0,0.0,0.0,0.0,0.0,0.0,0.0,0.0,6.00235227804436,6.00235227804436,4.475586568020162e-16,0.0,0.402999763618094,0.0,-6.249999999999999,6.25,0.1707825127659933,0.1707825127659935,2.299928804040957e-08,4.727629107244596e-06,0.012004704555940965,0.012,4.727629107244002e-06,0.012004704555940963,0.012
492,0.984,0.986,-4.3399366125860865,4.339936612586087,4.440892098500626e-16,8.679873225172173,-0.10089009622325493,0.10089009622325493,-4.3399366125860865,4.339936612586087,-6.0,6.0,0.0,12.0,0.0,0.0,0.0,0.0,0.0,0.0,0.0,0.0,0.0,0.0,0.0,0.0,0.0,0.0,6.002352278118085,6.002352278118086,7.320533068622126e-16,0.0,0.40299976361809414,0.0,-6.249999999999999,6.25,0.1707825127659933,0.1707825127659935,2.2999289671675282e-08,4.7276291035731885e-06,0.01200470455608872,0.012,4.727629103573605e-06,0.01200470455608872,0.012
493,0.986,0.988,-4.339936612518345,4.339936612518347,8.881784197001252e-16,8.679873225036692,-0.10089009622357592,0.10089009622357592,-4.339936612518345,4.339936612518347,-6.0,6.0,0.0,12.0,0.0,0.0,0.0,0.0,0.0,0.0,0.0,0.0,0.0,0.0,0.0,0.0,0.0,0.0,6.002352278191658,6.002352278191658,7.077671781985373e-16,0.0,0.40299976361809436,0.0,-6.249999999999999,6.25,0.1707825127659933,0.1707825127659935,2.2999291299937424e-08,4.727629099910684e-06,0.012004704556236171,0.012,4.727629099909869e-06,0.012004704556236171,0.012
494,0.988,0.99,-4.339936612450746,4.339936612450748,8.881784197001252e-16,8.679873224901494,-0.10089009622389608,0.10089009622389608,-4.339936612450746,4.339936612450748,-6.0,6.0,0.0,12.0,0.0,0.0,0.0,0.0,0.0,0.0,0.0,0.0,0.0,0.0,0.0,0.0,0.0,0.0,6.002352278265078,6.002352278265078,5.221517662690189e-16,0.0,0.40299976361809453,0.0,-6.249999999999999,6.25,0.1707825127659933,0.1707825127659935,2.2999292925201436e-08,4.727629096254863e-06,0.012004704556383316,0.012,4.727629096255015e-06,0.012004704556383318,0.012
495,0.99,0.992,-4.339936612383289,4.33993661238329,4.440892098500626e-16,8.679873224766578,-0.10089009622421555,0.10089009622421555,-4.339936612383289,4.33993661238329,-6.0,6.0,0.0,12.0,0.0,0.0,0.0,0.0,0.0,0.0,0.0,0.0,0.0,0.0,0.0,0.0,0.0,0.0,6.002352278338345,6.002352278338345,2.949029909160572e-16,0.0,0.4029997636180947,0.0,-6.249999999999999,6.25,0.1707825127659933,0.1707825127659935,2.2999294547472745e-08,4.727629092610163e-06,0.012004704556530155,0.012,4.727629092611263e-06,0.012004704556530155,0.012
496,0.992,0.994,-4.339936612315971,4.339936612315973,8.881784197001252e-16,8.679873224631944,-0.10089009622453404,0.10089009622453404,-4.339936612315971,4.339936612315973,-6.0,6.0,0.0,12.0,0.0,0.0,0.0,0.0,0.0,0.0,0.0,0.0,0.0,0.0,0.0,0.0,0.0,0.0,6.002352278411462,6.002352278411462,5.117434254131581e-16,0.0,0.40299976361809486,0.0,-6.249999999999999,6.25,0.1707825127659933,0.1707825127659935,2.2999296166756767e-08,4.7276290889699255e-06,0.01200470455667669,0.012,4.7276290889697315e-06,0.01200470455667669,0.012
497,0.994,0.996,-4.3399366122487955,4.339936612248796,4.440892098500626e-16,8.679873224497591,-0.1008900962248517,0.1008900962248517,-4.3399366122487955,4.339936612248796,-6.0,6.0,0.0,12.0,0.0,0.0,0.0,0.0,0.0,0.0,0.0,0.0,0.0,0.0,0.0,0.0,0.0,0.0,6.002352278484427,6.002352278484427,1.1275702593849246e-16,0.0,0.4029997636180951,0.0,-6.249999999999999,6.25,0.1707825127659933,0.1707825127659935,2.2999297783058923e-08,4.72762908533859e-06,0.012004704556822924,0.012,4.7276290853393026e-06,0.012004704556822924,0.012
498,0.996,0.998,-4.33993661218176,4.339936612181761,4.440892098500626e-16,8.679873224363522,-0.10089009622516867,0.10089009622516867,-4.33993661218176,4.339936612181761,-6.0,6.0,0.0,12.0,0.0,0.0,0.0,0.0,0.0,0.0,0.0,0.0,0.0,0.0,0.0,0.0,0.0,0.0,6.00235227855724,6.00235227855724,5.984795992119984e-16,0.0,0.40299976361809525,0.0,-6.249999999999999,6.25,0.1707825127659933,0.1707825127659935,2.2999299396384598e-08,4.727629081713936e-06,0.012004704556968853,0.012,4.727629081713314e-06,0.012004704556968853,0.012
499,0.998,1.0,-4.339936612114864,4.339936612114866,8.881784197001252e-16,8.67987322422973,-0.10089009622548481,0.10089009622548481,-4.339936612114864,4.339936612114866,-6.0,6.0,0.0,12.0,0.0,0.0,0.0,0.0,0.0,0.0,0.0,0.0,0.0,0.0,0.0,0.0,0.0,0.0,6.002352278629903,6.002352278629903,1.0408340855860843e-15,0.0,0.4029997636180954,0.0,-6.249999999999999,6.25,0.1707825127659933,0.1707825127659935,2.2999301006739186e-08,4.727629078098186e-06,0.01200470455711448,0.012,4.727629078098428e-06,0.01200470455711448,0.012
