step,u_start,u_end,p_b,p_a,midpoint,spread,slope_b,slope_a,crossings_b,crossings_a,pre_p_b,pre_p_a,q_b,q_a,mu,Sigma,Q_B_quote,Q_A_quote,Q_B_post,Q_A_post,I_quote,I_post,requested_sell,requested_buy,executed_sell,executed_buy,unfilled_sell,unfilled_buy,due_bid,due_ask,mass_bid,mass_ask,budget_error,ledger_error,positivity_load,min_density,source_centroid_b,source_centroid_a,source_std_b,source_std_a,matched_volume,boundary_flux_bid,cancelled_bid,external_bid,boundary_flux_ask,cancelled_ask,external_ask,cumulative_buy,cumulative_sell,cumulative_completed_bid,cumulative_completed_ask
0,0,0,-4.365439996139249,4.3654399961392505,8.881784197001252e-16,8.7308799922785,-0.10093419189346531,0.10093419189346531,1,1,-4.365439996139249,4.3654399961392505,-6.0,6.0,0.0,12.0,0,0,0,0,0,0,0,0,0,0,0,0,0,0,6.0024080202442915,6.002408020244292,0,0,0,0,0,0,0,0,0,0,0,0,0,0,0,0,0,0,0
9,0.009000000000000001,0.01,-4.365439995190372,4.365439995190374,8.881784197001252e-16,8.730879990380746,-0.10093419189887126,0.10093419189887126,1,1,-4.365439995190372,4.365439995190374,-6.0,6.0,0.0,12.0,0.0,0.0,0.0,0.0,0.0,0.0,0.0,0.0,0.0,0.0,0.0,0.0,0.0,0.0,6.002408021263846,6.002408021263845,9.107298248878237e-16,0.0,0.8014999395229355,0.0,-6.25,6.250000000000001,0.15811388300841892,0.15811388300841886,1.0955546301557927e-08,2.4190781892908222e-06,0.006002408021162365,0.006,2.419078189290769e-06,0.006002408021162365,0.006,0.0,0.0,0.0,0.0
19,0.019,0.02,-4.365439994251367,4.365439994251369,8.881784197001252e-16,8.730879988502736,-0.10093419190421116,0.10093419190421116,1,1,-4.365439994251367,4.365439994251369,-6.0,6.0,0.0,12.0,0.0,0.0,0.0,0.0,0.0,0.0,0.0,0.0,0.0,0.0,0.0,0.0,0.0,0.0,6.002408022272888,6.00240802227289,2.0365653607967715e-15,0.0,0.8014999395229362,0.0,-6.25,6.250000000000001,0.15811388300841892,0.15811388300841886,1.0955556057618399e-08,2.419078163100739e-06,0.006002408022172456,0.006,2.4190781631006075e-06,0.006002408022172456,0.006,0.0,0.0,0.0,0.0
29,0.029,0.03,-4.365439993322128,4.365439993322131,1.3322676295501878e-15,8.730879986644258,-0.10093419190948555,0.10093419190948555,1,1,-4.365439993322128,4.365439993322131,-6.0,6.0,0.0,12.0,0.0,0.0,0.0,0.0,0.0,0.0,0.0,0.0,0.0,0.0,0.0,0.0,0.0,0.0,6.002408023271533,6.002408023271532,1.1544584732625651e-15,0.0,0.8014999395229369,0.0,-6.25,6.250000000000001,0.15811388300841892,0.15811388300841886,1.0955565725775452e-08,2.419078137191001e-06,0.0060024080231721325,0.006,2.4190781371902225e-06,0.006002408023172133,0.006,0.0,0.0,0.0,0.0
39,0.039,0.04,-4.365439992402557,4.365439992402559,8.881784197001252e-16,8.730879984805116,-0.10093419191469527,0.10093419191469527,1,1,-4.365439992402557,4.365439992402559,-6.0,6.0,0.0,12.0,0.0,0.0,0.0,0.0,0.0,0.0,0.0,0.0,0.0,0.0,0.0,0.0,0.0,0.0,6.002408024259882,6.002408024259882,1.0148132334464322e-16,0.0,0.8014999395229375,0.0,-6.25,6.250000000000001,0.15811388300841892,0.15811388300841886,1.0955575306805285e-08,2.4190781115571628e-06,0.006002408024161507,0.006,2.4190781115573936e-06,0.006002408024161508,0.006,0.0,0.0,0.0,0.0
49,0.049,0.05,-4.365439991492551,4.365439991492552,8.881784197001252e-16,8.730879982985103,-0.10093419191984115,0.10093419191984115,1,1,-4.365439991492551,4.365439991492552,-6.0,6.0,0.0,12.0,0.0,0.0,0.0,0.0,0.0,0.0,0.0,0.0,0.0,0.0,0.0,0.0,0.0,0.0,6.002408025238044,6.002408025238043,5.152128723651117e-16,0.0,0.8014999395229381,0.0,-6.25,6.250000000000001,0.15811388300841892,0.15811388300841886,1.0955584801477411e-08,2.41907808619922e-06,0.006002408025140683,0.006,2.4190780861998995e-06,0.006002408025140683,0.006,0.0,0.0,0.0,0.0
59,0.059000000000000004,0.06,-4.365439990592011,4.365439990592013,8.881784197001252e-16,8.730879981184025,-0.10093419192492376,0.10093419192492376,1,1,-4.365439990592011,4.365439990592013,-6.0,6.0,0.0,12.0,0.0,0.0,0.0,0.0,0.0,0.0,0.0,0.0,0.0,0.0,0.0,0.0,0.0,0.0,6.002408026206123,6.002408026206123,4.371503159461554e-16,0.0,0.8014999395229387,0.0,-6.25,6.250000000000001,0.15811388300841892,0.15811388300841886,1.0955594210554714e-08,2.4190780611127267e-06,0.006002408026109765,0.006,2.4190780611133e-06,0.006002408026109765,0.006,0.0,0.0,0.0,0.0
69,0.069,0.07,-4.36543998970084,4.365439989700842,8.881784197001252e-16,8.730879979401681,-0.10093419192994307,0.10093419192994307,1,1,-4.36543998970084,4.365439989700842,-6.0,6.0,0.0,12.0,0.0,0.0,0.0,0.0,0.0,0.0,0.0,0.0,0.0,0.0,0.0,0.0,0.0,0.0,6.002408027164222,6.002408027164222,1.0755285551056204e-15,0.0,0.8014999395229394,0.0,-6.25,6.250000000000001,0.15811388300841892,0.15811388300841886,1.0955603534793508e-08,2.419078036297679e-06,0.0060024080270688574,0.006,2.419078036297595e-06,0.006002408027068859,0.006,0.0,0.0,0.0,0.0
79,0.079,0.08,-4.365439988818939,4.365439988818941,8.881784197001252e-16,8.73087997763788,-0.10093419193490216,0.10093419193490216,1,1,-4.365439988818939,4.365439988818941,-6.0,6.0,0.0,12.0,0.0,0.0,0.0,0.0,0.0,0.0,0.0,0.0,0.0,0.0,0.0,0.0,0.0,0.0,6.002408028112446,6.0024080281124474,1.3686968225457008e-15,0.0,0.80149993952294,0.0,-6.25,6.250000000000001,0.15811388300841892,0.15811388300841886,1.0955612774943587e-08,2.4190780117496316e-06,0.006002408028018065,0.006,2.419078011750564e-06,0.006002408028018065,0.006,0.0,0.0,0.0,0.0
89,0.089,0.09,-4.365439987946212,4.365439987946215,1.3322676295501878e-15,8.730879975892428,-0.10093419193979936,0.10093419193979936,1,1,-4.365439987946212,4.365439987946215,-6.0,6.0,0.0,12.0,0.0,0.0,0.0,0.0,0.0,0.0,0.0,0.0,0.0,0.0,0.0,0.0,0.0,0.0,6.002408029050897,6.002408029050896,9.454242944073599e-17,0.0,0.8014999395229406,0.0,-6.25,6.250000000000001,0.15811388300841892,0.15811388300841886,1.095562193174828e-08,2.4190779874619185e-06,0.006002408028957488,0.006,2.4190779874611046e-06,0.006002408028957488,0.006,0.0,0.0,0.0,0.0
99,0.099,0.1,-4.365439987082565,4.365439987082567,8.881784197001252e-16,8.730879974165132,-0.10093419194463688,0.10093419194463688,1,1,-4.365439987082565,4.365439987082567,-6.0,6.0,0.0,12.0,0.0,0.0,0.0,0.0,0.0,0.0,0.0,0.0,0.0,0.0,0.0,0.0,0.0,0.0,6.002408029979673,6.002408029979674,1.7329887525008303e-15,0.0,0.8014999395229412,0.0,-6.25,6.250000000000001,0.15811388300841892,0.15811388300841886,1.095563100594451e-08,2.4190779634389766e-06,0.006002408029887226,0.006,2.4190779634380986e-06,0.006002408029887226,0.006,0.0,0.0,0.0,0.0
109,0.109,0.11,-4.365439986227902,4.365439986227904,8.881784197001252e-16,8.730879972455806,-0.10093419194941528,0.10093419194941528,1,1,-4.365439986227902,4.365439986227904,-6.0,6.0,0.0,12.0,0.0,0.0,0.0,0.0,0.0,0.0,0.0,0.0,0.0,0.0,0.0,0.0,0.0,0.0,6.002408030898875,6.0024080308988745,1.0364972768961422e-15,0.0,0.8014999395229417,0.0,-6.25,6.250000000000001,0.15811388300841892,0.15811388300841886,1.0955639998262845e-08,2.419077939676361e-06,0.006002408030807383,0.006,2.419077939677106e-06,0.006002408030807383,0.006,0.0,0.0,0.0,0.0
119,0.11900000000000001,0.12,-4.36543998538213,4.365439985382132,8.881784197001252e-16,8.730879970764262,-0.10093419195413428,0.10093419195413428,1,1,-4.36543998538213,4.365439985382132,-6.0,6.0,0.0,12.0,0.0,0.0,0.0,0.0,0.0,0.0,0.0,0.0,0.0,0.0,0.0,0.0,0.0,0.0,6.002408031808604,6.002408031808604,3.0097452308197603e-16,0.0,0.8014999395229424,0.0,-6.25,6.250000000000001,0.15811388300841892,0.15811388300841886,1.0955648909427546e-08,2.4190779161674053e-06,0.006002408031718055,0.006,2.419077916167023e-06,0.006002408031718054,0.006,0.0,0.0,0.0,0.0
129,0.129,0.13,-4.365439984545157,4.365439984545159,8.881784197001252e-16,8.730879969090315,-0.10093419195879555,0.10093419195879555,1,1,-4.365439984545157,4.365439984545159,-6.0,6.0,0.0,12.0,0.0,0.0,0.0,0.0,0.0,0.0,0.0,0.0,0.0,0.0,0.0,0.0,0.0,0.0,6.002408032708955,6.002408032708954,1.2906342661267445e-15,0.0,0.801499939522943,0.0,-6.25,6.250000000000001,0.15811388300841892,0.15811388300841886,1.0955657740156625e-08,2.419077892907665e-06,0.006002408032619338,0.006,2.4190778929078505e-06,0.0060024080326193385,0.006,0.0,0.0,0.0,0.0
139,0.139,0.14,-4.36543998371689,4.365439983716892,1.3322676295501878e-15,8.730879967433783,-0.10093419196339937,0.10093419196339937,1,1,-4.36543998371689,4.365439983716892,-6.0,6.0,0.0,12.0,0.0,0.0,0.0,0.0,0.0,0.0,0.0,0.0,0.0,0.0,0.0,0.0,0.0,0.0,6.002408033600024,6.002408033600024,1.2498682644412895e-15,0.0,0.8014999395229435,0.0,-6.25,6.250000000000001,0.15811388300841892,0.15811388300841886,1.0955666491161901e-08,2.4190778699060177e-06,0.0060024080335113325,0.006,2.41907786990625e-06,0.0060024080335113325,0.006,0.0,0.0,0.0,0.0
149,0.149,0.15,-4.36543998289724,4.365439982897242,8.881784197001252e-16,8.730879965794482,-0.10093419196794712,0.10093419196794712,1,1,-4.36543998289724,4.365439982897242,-6.0,6.0,0.0,12.0,0.0,0.0,0.0,0.0,0.0,0.0,0.0,0.0,0.0,0.0,0.0,0.0,0.0,0.0,6.002408034481909,6.00240803448191,8.205242041370298e-16,0.0,0.8014999395229441,0.0,-6.25,6.250000000000001,0.15811388300841892,0.15811388300841886,1.0955675163149039e-08,2.419077847146916e-06,0.006002408034394131,0.006,2.419077847146678e-06,0.006002408034394131,0.006,0.0,0.0,0.0,0.0
159,0.159,0.16,-4.365439982086118,4.365439982086119,8.881784197001252e-16,8.730879964172237,-0.1009341919724388,0.1009341919724388,1,1,-4.365439982086118,4.365439982086119,-6.0,6.0,0.0,12.0,0.0,0.0,0.0,0.0,0.0,0.0,0.0,0.0,0.0,0.0,0.0,0.0,0.0,0.0,6.002408035354702,6.002408035354703,1.2004286453759505e-15,0.0,0.8014999395229446,0.0,-6.25,6.250000000000001,0.15811388300841892,0.15811388300841886,1.0955683756817616e-08,2.4190778246303554e-06,0.00600240803526783,0.006,2.419077824631355e-06,0.006002408035267831,0.006,0.0,0.0,0.0,0.0
169,0.169,0.17,-4.3654399812834335,4.365439981283435,8.881784197001252e-16,8.730879962566869,-0.10093419197687442,0.10093419197687442,1,1,-4.3654399812834335,4.365439981283435,-6.0,6.0,0.0,12.0,0.0,0.0,0.0,0.0,0.0,0.0,0.0,0.0,0.0,0.0,0.0,0.0,0.0,0.0,6.0024080362185,6.0024080362185,7.73686670285656e-16,0.0,0.8014999395229452,0.0,-6.25,6.250000000000001,0.15811388300841892,0.15811388300841886,1.0955692272861162e-08,2.4190778023563324e-06,0.006002408036132522,0.006,2.4190778023558402e-06,0.006002408036132523,0.006,0.0,0.0,0.0,0.0
179,0.179,0.18,-4.3654399804891,4.365439980489102,8.881784197001252e-16,8.730879960978202,-0.10093419198125592,0.10093419198125592,1,1,-4.3654399804891,4.365439980489102,-6.0,6.0,0.0,12.0,0.0,0.0,0.0,0.0,0.0,0.0,0.0,0.0,0.0,0.0,0.0,0.0,0.0,0.0,6.002408037073394,6.002408037073395,2.402592014227878e-15,0.0,0.8014999395229457,0.0,-6.25,6.250000000000001,0.15811388300841892,0.15811388300841886,1.095570071196721e-08,2.4190777803204018e-06,0.006002408036988303,0.006,2.4190777803201337e-06,0.006002408036988301,0.006,0.0,0.0,0.0,0.0
189,0.189,0.19,-4.36543997970303,4.365439979703032,8.881784197001252e-16,8.730879959406062,-0.10093419198558357,0.10093419198558357,1,1,-4.36543997970303,4.365439979703032,-6.0,6.0,0.0,12.0,0.0,0.0,0.0,0.0,0.0,0.0,0.0,0.0,0.0,0.0,0.0,0.0,0.0,0.0,6.0024080379194755,6.0024080379194755,6.626643678231403e-16,0.0,0.8014999395229463,0.0,-6.25,6.250000000000001,0.15811388300841892,0.15811388300841886,1.0955709074817364e-08,2.4190777585247804e-06,0.006002408037835261,0.006,2.4190777585242353e-06,0.006002408037835262,0.006,0.0,0.0,0.0,0.0
199,0.199,0.2,-4.365439978925139,4.36543997892514,8.881784197001252e-16,8.730879957850279,-0.10093419198985848,0.10093419198985848,1,1,-4.365439978925139,4.36543997892514,-6.0,6.0,0.0,12.0,0.0,0.0,0.0,0.0,0.0,0.0,0.0,0.0,0.0,0.0,0.0,0.0,0.0,0.0,6.002408038756835,6.002408038756837,3.217912047936977e-15,0.0,0.8014999395229468,0.0,-6.25,6.250000000000001,0.15811388300841892,0.15811388300841886,1.095571736208732e-08,2.419077736958361e-06,0.006002408038673488,0.006,2.419077736959263e-06,0.006002408038673488,0.006,0.0,0.0,0.0,0.0
209,0.209,0.21,-4.36543997815534,4.365439978155342,8.881784197001252e-16,8.730879956310682,-0.10093419199407982,0.10093419199407982,1,1,-4.36543997815534,4.365439978155342,-6.0,6.0,0.0,12.0,0.0,0.0,0.0,0.0,0.0,0.0,0.0,0.0,0.0,0.0,0.0,0.0,0.0,0.0,6.002408039585564,6.002408039585564,6.852157730108388e-17,0.0,0.8014999395229474,0.0,-6.25,6.250000000000001,0.15811388300841892,0.15811388300841886,1.095572557444694e-08,2.4190777156255817e-06,0.006002408039503078,0.006,2.4190777156252175e-06,0.006002408039503077,0.006,0.0,0.0,0.0,0.0
219,0.219,0.22,-4.36543997739355,4.365439977393552,8.881784197001252e-16,8.730879954787103,-0.10093419199824982,0.10093419199824982,1,1,-4.36543997739355,4.365439977393552,-6.0,6.0,0.0,12.0,0.0,0.0,0.0,0.0,0.0,0.0,0.0,0.0,0.0,0.0,0.0,0.0,0.0,0.0,6.00240804040575,6.00240804040575,2.246466901389965e-16,0.0,0.8014999395229478,0.0,-6.25,6.250000000000001,0.15811388300841892,0.15811388300841886,1.0955733712560284e-08,2.4190776945197763e-06,0.006002408040324113,0.006,2.419077694519878e-06,0.006002408040324113,0.006,0.0,0.0,0.0,0.0
229,0.229,0.23,-4.365439976639686,4.365439976639688,8.881784197001252e-16,8.730879953279373,-0.1009341920023682,0.1009341920023682,1,1,-4.365439976639686,4.365439976639688,-6.0,6.0,0.0,12.0,0.0,0.0,0.0,0.0,0.0,0.0,0.0,0.0,0.0,0.0,0.0,0.0,0.0,0.0,6.002408041217481,6.00240804121748,2.5673907444456745e-16,0.0,0.8014999395229484,0.0,-6.25,6.250000000000001,0.15811388300841892,0.15811388300841886,1.095574177708567e-08,2.419077673645382e-06,0.006002408041136686,0.006,2.4190776736454646e-06,0.006002408041136685,0.006,0.0,0.0,0.0,0.0
239,0.23900000000000002,0.24,-4.365439975893664,4.365439975893666,8.881784197001252e-16,8.73087995178733,-0.10093419200643633,0.10093419200643633,1,1,-4.365439975893664,4.365439975893666,-6.0,6.0,0.0,12.0,0.0,0.0,0.0,0.0,0.0,0.0,0.0,0.0,0.0,0.0,0.0,0.0,0.0,0.0,6.002408042020845,6.002408042020843,3.1858196636314062e-15,0.0,0.801499939522949,0.0,-6.25,6.250000000000001,0.15811388300841892,0.15811388300841886,1.095574976867572e-08,2.4190776529890724e-06,0.006002408041940882,0.006,2.419077652988655e-06,0.006002408041940884,0.006,0.0,0.0,0.0,0.0
249,0.249,0.25,-4.365439975155404,4.3654399751554065,1.3322676295501878e-15,8.730879950310811,-0.1009341920104534,0.1009341920104534,1,1,-4.365439975155404,4.3654399751554065,-6.0,6.0,0.0,12.0,0.0,0.0,0.0,0.0,0.0,0.0,0.0,0.0,0.0,0.0,0.0,0.0,0.0,0.0,6.002408042815927,6.0024080428159285,4.98732999343332e-16,0.0,0.8014999395229494,0.0,-6.25,6.250000000000001,0.15811388300841892,0.15811388300841886,1.09557576879774e-08,2.4190776325619462e-06,0.00600240804273679,0.006,2.4190776325627717e-06,0.0060024080427367905,0.006,0.0,0.0,0.0,0.0
259,0.259,0.26,-4.365439974424826,4.365439974424827,8.881784197001252e-16,8.730879948849653,-0.10093419201442189,0.10093419201442189,1,1,-4.365439974424826,4.365439974424827,-6.0,6.0,0.0,12.0,0.0,0.0,0.0,0.0,0.0,0.0,0.0,0.0,0.0,0.0,0.0,0.0,0.0,0.0,6.002408043602814,6.002408043602815,1.8596235662471372e-15,0.0,0.80149993952295,0.0,-6.25,6.250000000000001,0.15811388300841892,0.15811388300841886,1.0955765535632084e-08,2.419077612348456e-06,0.006002408043524493,0.006,2.419077612347831e-06,0.006002408043524494,0.006,0.0,0.0,0.0,0.0
269,0.269,0.27,-4.365439973701847,4.365439973701849,8.881784197001252e-16,8.730879947403697,-0.10093419201834125,0.10093419201834125,1,1,-4.365439973701847,4.365439973701849,-6.0,6.0,0.0,12.0,0.0,0.0,0.0,0.0,0.0,0.0,0.0,0.0,0.0,0.0,0.0,0.0,0.0,0.0,6.00240804438159,6.002408044381591,8.023096076392733e-16,0.0,0.8014999395229504,0.0,-6.25,6.250000000000001,0.15811388300841892,0.15811388300841886,1.0955773312275577e-08,2.4190775923552595e-06,0.006002408044304074,0.006,2.4190775923549346e-06,0.006002408044304076,0.006,0.0,0.0,0.0,0.0
279,0.279,0.28,-4.365439972986391,4.365439972986393,8.881784197001252e-16,8.730879945972784,-0.10093419202221232,0.10093419202221232,1,1,-4.365439972986391,4.365439972986393,-6.0,6.0,0.0,12.0,0.0,0.0,0.0,0.0,0.0,0.0,0.0,0.0,0.0,0.0,0.0,0.0,0.0,0.0,6.002408045152339,6.002408045152338,4.761815941556335e-16,0.0,0.801499939522951,0.0,-6.25,6.250000000000001,0.15811388300841892,0.15811388300841886,1.0955781018538187e-08,2.4190775725756917e-06,0.006002408045075623,0.006,2.4190775725752012e-06,0.006002408045075622,0.006,0.0,0.0,0.0,0.0
289,0.289,0.29,-4.365439972278379,4.365439972278381,8.881784197001252e-16,8.73087994455676,-0.10093419202603565,0.10093419202603565,1,1,-4.365439972278379,4.365439972278381,-6.0,6.0,0.0,12.0,0.0,0.0,0.0,0.0,0.0,0.0,0.0,0.0,0.0,0.0,0.0,0.0,0.0,0.0,6.002408045915141,6.002408045915141,1.8682971836270212e-15,0.0,0.8014999395229514,0.0,-6.25,6.250000000000001,0.15811388300841892,0.15811388300841886,1.0955788655044751e-08,2.419077553007528e-06,0.006002408045839216,0.006,2.4190775530086305e-06,0.006002408045839218,0.006,0.0,0.0,0.0,0.0
299,0.299,0.3,-4.365439971577733,4.365439971577735,8.881784197001252e-16,8.730879943155468,-0.1009341920298118,0.1009341920298118,1,1,-4.365439971577733,4.365439971577735,-6.0,6.0,0.0,12.0,0.0,0.0,0.0,0.0,0.0,0.0,0.0,0.0,0.0,0.0,0.0,0.0,0.0,0.0,6.002408046670081,6.002408046670081,8.205242041370298e-16,0.0,0.8014999395229518,0.0,-6.25,6.250000000000001,0.15811388300841892,0.15811388300841886,1.0955796222414692e-08,2.4190775336529857e-06,0.00600240804659494,0.006,2.4190775336530022e-06,0.006002408046594939,0.006,0.0,0.0,0.0,0.0
309,0.309,0.31,-4.365439970884377,4.3654399708843785,8.881784197001252e-16,8.730879941768755,-0.10093419203354104,0.10093419203354104,1,1,-4.365439970884377,4.3654399708843785,-6.0,6.0,0.0,12.0,0.0,0.0,0.0,0.0,0.0,0.0,0.0,0.0,0.0,0.0,0.0,0.0,0.0,0.0,6.002408047417241,6.002408047417241,1.046905617752003e-15,0.0,0.8014999395229524,0.0,-6.25,6.250000000000001,0.15811388300841892,0.15811388300841886,1.0955803721262065e-08,2.419077514500959e-06,0.006002408047342872,0.006,2.419077514501655e-06,0.0060024080473428726,0.006,0.0,0.0,0.0,0.0
319,0.319,0.32,-4.365439970198235,4.365439970198237,8.881784197001252e-16,8.730879940396472,-0.10093419203722476,0.10093419203722476,1,1,-4.365439970198235,4.365439970198237,-6.0,6.0,0.0,12.0,0.0,0.0,0.0,0.0,0.0,0.0,0.0,0.0,0.0,0.0,0.0,0.0,0.0,0.0,6.0024080481566955,6.0024080481566955,2.5760643618255585e-16,0.0,0.8014999395229528,0.0,-6.25,6.250000000000001,0.15811388300841892,0.15811388300841886,1.0955811152195595e-08,2.4190774955581046e-06,0.006002408048083094,0.006,2.41907749555903e-06,0.006002408048083094,0.006,0.0,0.0,0.0,0.0
329,0.329,0.33,-4.365439969519232,4.365439969519234,8.881784197001252e-16,8.730879939038466,-0.10093419204086268,0.10093419204086268,1,1,-4.365439969519232,4.365439969519234,-6.0,6.0,0.0,12.0,0.0,0.0,0.0,0.0,0.0,0.0,0.0,0.0,0.0,0.0,0.0,0.0,0.0,0.0,6.00240804888853,6.00240804888853,4.388850394221322e-16,0.0,0.8014999395229533,0.0,-6.25,6.250000000000001,0.15811388300841892,0.15811388300841886,1.0955818515818728e-08,2.419077476817758e-06,0.0060024080488156875,0.006,2.4190774768184654e-06,0.0060024080488156875,0.006,0.0,0.0,0.0,0.0
339,0.339,0.34,-4.365439968847293,4.365439968847295,8.881784197001252e-16,8.730879937694588,-0.10093419204445592,0.10093419204445592,1,1,-4.365439968847293,4.365439968847295,-6.0,6.0,0.0,12.0,0.0,0.0,0.0,0.0,0.0,0.0,0.0,0.0,0.0,0.0,0.0,0.0,0.0,0.0,6.00240804961282,6.002408049612821,2.5925442348473382e-15,0.0,0.8014999395229537,0.0,-6.25,6.250000000000001,0.15811388300841892,0.15811388300841886,1.0955825812729674e-08,2.419077458277696e-06,0.006002408049540728,0.006,2.419077458277741e-06,0.006002408049540727,0.006,0.0,0.0,0.0,0.0
349,0.34900000000000003,0.35000000000000003,-4.365439968182346,4.365439968182348,8.881784197001252e-16,8.730879936364694,-0.10093419204800502,0.10093419204800502,1,1,-4.365439968182346,4.365439968182348,-6.0,6.0,0.0,12.0,0.0,0.0,0.0,0.0,0.0,0.0,0.0,0.0,0.0,0.0,0.0,0.0,0.0,0.0,6.0024080503296435,6.002408050329644,2.3262641812848983e-15,0.0,0.8014999395229542,0.0,-6.25,6.250000000000001,0.15811388300841892,0.15811388300841886,1.0955833043521447e-08,2.419077439937914e-06,0.006002408050258294,0.006,2.4190774399368564e-06,0.006002408050258294,0.006,0.0,0.0,0.0,0.0
359,0.359,0.36,-4.365439967524318,4.36543996752432,8.881784197001252e-16,8.730879935048637,-0.10093419205151027,0.10093419205151027,1,1,-4.365439967524318,4.36543996752432,-6.0,6.0,0.0,12.0,0.0,0.0,0.0,0.0,0.0,0.0,0.0,0.0,0.0,0.0,0.0,0.0,0.0,0.0,6.002408051039077,6.002408051039077,1.5031378919339033e-15,0.0,0.8014999395229547,0.0,-6.25,6.250000000000001,0.15811388300841892,0.15811388300841886,1.0955840208781914e-08,2.4190774217939676e-06,0.006002408050968465,0.006,2.419077421793592e-06,0.006002408050968463,0.006,0.0,0.0,0.0,0.0
369,0.369,0.37,-4.365439966873136,4.365439966873137,8.881784197001252e-16,8.730879933746273,-0.10093419205497223,0.10093419205497223,1,1,-4.365439966873136,4.365439966873137,-6.0,6.0,0.0,12.0,0.0,0.0,0.0,0.0,0.0,0.0,0.0,0.0,0.0,0.0,0.0,0.0,0.0,0.0,6.002408051741199,6.002408051741199,2.0816681711721685e-16,0.0,0.8014999395229552,0.0,-6.25,6.250000000000001,0.15811388300841892,0.15811388300841886,1.0955847309093842e-08,2.419077403845854e-06,0.006002408051671314,0.006,2.4190774038457265e-06,0.006002408051671314,0.006,0.0,0.0,0.0,0.0
379,0.379,0.38,-4.365439966228728,4.365439966228731,1.3322676295501878e-15,8.730879932457459,-0.1009341920583906,0.1009341920583906,1,1,-4.365439966228728,4.365439966228731,-6.0,6.0,0.0,12.0,0.0,0.0,0.0,0.0,0.0,0.0,0.0,0.0,0.0,0.0,0.0,0.0,0.0,0.0,6.002408052436084,6.002408052436085,2.0669230216263657e-15,0.0,0.8014999395229556,0.0,-6.25,6.250000000000001,0.15811388300841892,0.15811388300841886,1.0955854345034926e-08,2.419077386091349e-06,0.006002408052366918,0.006,2.4190773860910397e-06,0.006002408052366918,0.006,0.0,0.0,0.0,0.0
389,0.389,0.39,-4.365439965591027,4.365439965591029,8.881784197001252e-16,8.730879931182056,-0.1009341920617679,0.1009341920617679,1,1,-4.365439965591027,4.365439965591029,-6.0,6.0,0.0,12.0,0.0,0.0,0.0,0.0,0.0,0.0,0.0,0.0,0.0,0.0,0.0,0.0,0.0,0.0,6.002408053123804,6.002408053123803,8.352693536828326e-16,0.0,0.801499939522956,0.0,-6.25,6.250000000000001,0.15811388300841892,0.15811388300841886,1.0955861317177847e-08,2.4190773685282283e-06,0.0060024080530553525,0.006,2.4190773685273114e-06,0.0060024080530553525,0.006,0.0,0.0,0.0,0.0
399,0.399,0.4,-4.36543996495996,4.365439964959963,1.3322676295501878e-15,8.730879929919922,-0.10093419206510301,0.10093419206510301,1,1,-4.36543996495996,4.365439964959963,-6.0,6.0,0.0,12.0,0.0,0.0,0.0,0.0,0.0,0.0,0.0,0.0,0.0,0.0,0.0,0.0,0.0,0.0,6.0024080538044355,6.002408053804435,1.3166551182663966e-15,0.0,0.8014999395229564,0.0,-6.25,6.250000000000001,0.15811388300841892,0.15811388300841886,1.0955868226090309e-08,2.419077351152048e-06,0.0060024080537366895,0.006,2.419077351152321e-06,0.0060024080537366895,0.006,0.0,0.0,0.0,0.0
409,0.40900000000000003,0.41000000000000003,-4.365439964335461,4.365439964335462,8.881784197001252e-16,8.730879928670923,-0.10093419206839704,0.10093419206839704,1,1,-4.365439964335461,4.365439964335462,-6.0,6.0,0.0,12.0,0.0,0.0,0.0,0.0,0.0,0.0,0.0,0.0,0.0,0.0,0.0,0.0,0.0,0.0,6.002408054478051,6.0024080544780505,1.0755285551056204e-15,0.0,0.8014999395229568,0.0,-6.25,6.250000000000001,0.15811388300841892,0.15811388300841886,1.0955875072335079e-08,2.4190773339628047e-06,0.006002408054411003,0.006,2.419077333963848e-06,0.006002408054411003,0.006,0.0,0.0,0.0,0.0
419,0.419,0.42,-4.365439963717458,4.36543996371746,8.881784197001252e-16,8.730879927434918,-0.10093419207165,0.10093419207165,1,1,-4.365439963717458,4.36543996371746,-6.0,6.0,0.0,12.0,0.0,0.0,0.0,0.0,0.0,0.0,0.0,0.0,0.0,0.0,0.0,0.0,0.0,0.0,6.002408055144723,6.0024080551447225,8.491471414906471e-16,0.0,0.8014999395229573,0.0,-6.25,6.250000000000001,0.15811388300841892,0.15811388300841886,1.095588185647003e-08,2.419077316958274e-06,0.006002408055078365,0.006,2.419077316957452e-06,0.006002408055078366,0.006,0.0,0.0,0.0,0.0
429,0.429,0.43,-4.365439963105886,4.365439963105889,1.3322676295501878e-15,8.730879926211774,-0.10093419207486298,0.10093419207486298,1,1,-4.365439963105886,4.365439963105889,-6.0,6.0,0.0,12.0,0.0,0.0,0.0,0.0,0.0,0.0,0.0,0.0,0.0,0.0,0.0,0.0,0.0,0.0,6.002408055804523,6.002408055804522,9.809861256648844e-16,0.0,0.8014999395229577,0.0,-6.25,6.250000000000001,0.15811388300841892,0.15811388300841886,1.0955888579048182e-08,2.419077300136233e-06,0.006002408055738849,0.006,2.4190773001353526e-06,0.006002408055738849,0.006,0.0,0.0,0.0,0.0
439,0.439,0.44,-4.365439962500679,4.36543996250068,8.881784197001252e-16,8.730879925001359,-0.10093419207803628,0.10093419207803628,1,1,-4.365439962500679,4.36543996250068,-6.0,6.0,0.0,12.0,0.0,0.0,0.0,0.0,0.0,0.0,0.0,0.0,0.0,0.0,0.0,0.0,0.0,0.0,6.0024080564575195,6.00240805645752,1.164866814118426e-15,0.0,0.8014999395229582,0.0,-6.25,6.250000000000001,0.15811388300841892,0.15811388300841886,1.0955895240617746e-08,2.4190772834944573e-06,0.006002408056392524,0.006,2.41907728349533e-06,0.006002408056392523,0.006,0.0,0.0,0.0,0.0
449,0.449,0.45,-4.365439961901767,4.36543996190177,1.3322676295501878e-15,8.730879923803538,-0.10093419208117071,0.10093419208117071,1,1,-4.365439961901767,4.36543996190177,-6.0,6.0,0.0,12.0,0.0,0.0,0.0,0.0,0.0,0.0,0.0,0.0,0.0,0.0,0.0,0.0,0.0,0.0,6.002408057103787,6.0024080571037866,1.1796119636642288e-15,0.0,0.8014999395229585,0.0,-6.25,6.250000000000001,0.15811388300841892,0.15811388300841886,1.095590184172216e-08,2.4190772670285027e-06,0.006002408057039462,0.006,2.4190772670285023e-06,0.006002408057039462,0.006,0.0,0.0,0.0,0.0
459,0.459,0.46,-4.365439961309089,4.36543996130909,8.881784197001252e-16,8.730879922618179,-0.10093419208426574,0.10093419208426574,1,1,-4.365439961309089,4.36543996130909,-6.0,6.0,0.0,12.0,0.0,0.0,0.0,0.0,0.0,0.0,0.0,0.0,0.0,0.0,0.0,0.0,0.0,0.0,6.0024080577433905,6.002408057743391,6.678685382510707e-16,0.0,0.801499939522959,0.0,-6.25,6.250000000000001,0.15811388300841892,0.15811388300841886,1.0955908382900135e-08,2.419077250742807e-06,0.006002408057679728,0.006,2.419077250743751e-06,0.006002408057679728,0.006,0.0,0.0,0.0,0.0
469,0.46900000000000003,0.47000000000000003,-4.3654399607225765,4.365439960722579,1.3322676295501878e-15,8.730879921445155,-0.10093419208732274,0.10093419208732274,1,1,-4.3654399607225765,4.365439960722579,-6.0,6.0,0.0,12.0,0.0,0.0,0.0,0.0,0.0,0.0,0.0,0.0,0.0,0.0,0.0,0.0,0.0,0.0,6.002408058376403,6.002408058376402,1.6531914726058972e-15,0.0,0.8014999395229594,0.0,-6.25,6.250000000000001,0.15811388300841892,0.15811388300841886,1.095591486468569e-08,2.4190772346284854e-06,0.0060024080583133965,0.006,2.4190772346277535e-06,0.006002408058313397,0.006,0.0,0.0,0.0,0.0
479,0.47900000000000004,0.48,-4.365439960142168,4.36543996014217,8.881784197001252e-16,8.730879920284337,-0.10093419209034199,0.10093419209034199,1,1,-4.365439960142168,4.36543996014217,-6.0,6.0,0.0,12.0,0.0,0.0,0.0,0.0,0.0,0.0,0.0,0.0,0.0,0.0,0.0,0.0,0.0,0.0,6.002408059002889,6.002408059002889,3.5735303605122226e-16,0.0,0.8014999395229597,0.0,-6.25,6.250000000000001,0.15811388300841892,0.15811388300841886,1.0955921287608185e-08,2.4190772186921953e-06,0.006002408058940531,0.006,2.419077218691612e-06,0.006002408058940531,0.006,0.0,0.0,0.0,0.0
489,0.489,0.49,-4.365439959567798,4.365439959567801,1.3322676295501878e-15,8.7308799191356,-0.10093419209332377,0.10093419209332377,1,1,-4.365439959567798,4.365439959567801,-6.0,6.0,0.0,12.0,0.0,0.0,0.0,0.0,0.0,0.0,0.0,0.0,0.0,0.0,0.0,0.0,0.0,0.0,6.0024080596229155,6.0024080596229155,1.205632815803881e-16,0.0,0.8014999395229602,0.0,-6.25,6.250000000000001,0.15811388300841892,0.15811388300841886,1.0955927652192383e-08,2.419077202922832e-06,0.006002408059561201,0.006,2.419077202922004e-06,0.006002408059561201,0.006,0.0,0.0,0.0,0.0
499,0.499,0.5,-4.3654399589994055,4.365439958999407,8.881784197001252e-16,8.730879917998813,-0.10093419209626864,0.10093419209626864,1,1,-4.3654399589994055,4.365439958999407,-6.0,6.0,0.0,12.0,0.0,0.0,0.0,0.0,0.0,0.0,0.0,0.0,0.0,0.0,0.0,0.0,0.0,0.0,6.002408060236552,6.002408060236554,2.138914045879403e-15,0.0,0.8014999395229605,0.0,-6.25,6.250000000000001,0.15811388300841892,0.15811388300841886,1.0955933958958464e-08,2.4190771873226126e-06,0.006002408060175474,0.006,2.4190771873233707e-06,0.006002408060175474,0.006,0.0,0.0,0.0,0.0
509,0.509,0.51,-4.3654399584369274,4.365439958436929,8.881784197001252e-16,8.730879916873857,-0.10093419209917659,0.10093419209917659,1,1,-4.3654399584369274,4.365439958436929,-6.0,6.0,0.0,12.0,0.0,0.0,0.0,0.0,0.0,0.0,0.0,0.0,0.0,0.0,0.0,0.0,0.0,0.0,6.002408060843863,6.002408060843863,6.2363308961366215e-16,0.0,0.801499939522961,0.0,-6.25,6.250000000000001,0.15811388300841892,0.15811388300841886,1.0955940208422081e-08,2.419077171893754e-06,0.006002408060783415,0.006,2.419077171893491e-06,0.0060024080607834155,0.006,0.0,0.0,0.0,0.0
519,0.519,0.52,-4.365439957880302,4.365439957880303,8.881784197001252e-16,8.730879915760605,-0.10093419210204929,0.10093419210204929,1,1,-4.365439957880302,4.365439957880303,-6.0,6.0,0.0,12.0,0.0,0.0,0.0,0.0,0.0,0.0,0.0,0.0,0.0,0.0,0.0,0.0,0.0,0.0,6.002408061444914,6.002408061444913,7.832276494035284e-16,0.0,0.8014999395229613,0.0,-6.25,6.250000000000001,0.15811388300841892,0.15811388300841886,1.0955946401094383e-08,2.4190771566273715e-06,0.006002408061385088,0.006,2.4190771566279246e-06,0.006002408061385088,0.006,0.0,0.0,0.0,0.0
529,0.529,0.53,-4.365439957329468,4.36543995732947,8.881784197001252e-16,8.730879914658939,-0.10093419210488619,0.10093419210488619,1,1,-4.365439957329468,4.36543995732947,-6.0,6.0,0.0,12.0,0.0,0.0,0.0,0.0,0.0,0.0,0.0,0.0,0.0,0.0,0.0,0.0,0.0,0.0,6.002408062039767,6.002408062039769,3.755676325489787e-15,0.0,0.8014999395229616,0.0,-6.25,6.250000000000001,0.15811388300841892,0.15811388300841886,1.0955952537482074e-08,2.4190771415279034e-06,0.0060024080619805594,0.006,2.4190771415288914e-06,0.006002408061980557,0.006,0.0,0.0,0.0,0.0
539,0.539,0.54,-4.365439956784367,4.3654399567843685,8.881784197001252e-16,8.730879913568735,-0.10093419210768784,0.10093419210768784,1,1,-4.365439956784367,4.3654399567843685,-6.0,6.0,0.0,12.0,0.0,0.0,0.0,0.0,0.0,0.0,0.0,0.0,0.0,0.0,0.0,0.0,0.0,0.0,6.002408062628489,6.002408062628488,5.108760636751697e-16,0.0,0.8014999395229621,0.0,-6.25,6.250000000000001,0.15811388300841892,0.15811388300841886,1.0955958618087426e-08,2.4190771265886846e-06,0.006002408062569891,0.006,2.4190771265897303e-06,0.00600240806256989,0.006,0.0,0.0,0.0,0.0
549,0.549,0.55,-4.365439956244938,4.36543995624494,1.3322676295501878e-15,8.730879912489879,-0.10093419211045507,0.10093419211045507,1,1,-4.365439956244938,4.36543995624494,-6.0,6.0,0.0,12.0,0.0,0.0,0.0,0.0,0.0,0.0,0.0,0.0,0.0,0.0,0.0,0.0,0.0,0.0,6.002408063211142,6.002408063211142,4.0852737859253807e-16,0.0,0.8014999395229624,0.0,-6.25,6.250000000000001,0.15811388300841892,0.15811388300841886,1.0955964643408333e-08,2.4190771118097118e-06,0.006002408063153148,0.006,2.4190771118104415e-06,0.006002408063153148,0.006,0.0,0.0,0.0,0.0
559,0.559,0.56,-4.365439955711122,4.365439955711124,8.881784197001252e-16,8.730879911422246,-0.10093419211318733,0.10093419211318733,1,1,-4.365439955711122,4.365439955711124,-6.0,6.0,0.0,12.0,0.0,0.0,0.0,0.0,0.0,0.0,0.0,0.0,0.0,0.0,0.0,0.0,0.0,0.0,6.002408063787789,6.00240806378779,1.4580350815585064e-15,0.0,0.8014999395229627,0.0,-6.25,6.250000000000001,0.15811388300841892,0.15811388300841886,1.0955970613938354e-08,2.419077097190983e-06,0.006002408063730393,0.006,2.4190770971910247e-06,0.006002408063730392,0.006,0.0,0.0,0.0,0.0
569,0.5690000000000001,0.5700000000000001,-4.365439955182861,4.365439955182863,8.881784197001252e-16,8.730879910365724,-0.10093419211588628,0.10093419211588628,1,1,-4.365439955182861,4.365439955182863,-6.0,6.0,0.0,12.0,0.0,0.0,0.0,0.0,0.0,0.0,0.0,0.0,0.0,0.0,0.0,0.0,0.0,0.0,6.002408064358493,6.002408064358493,1.6080886622305002e-15,0.0,0.8014999395229632,0.0,-6.25,6.250000000000001,0.15811388300841892,0.15811388300841886,1.0955976530166722e-08,2.419077082725833e-06,0.006002408064301687,0.006,2.4190770827248187e-06,0.006002408064301687,0.006,0.0,0.0,0.0,0.0
579,0.579,0.58,-4.365439954660098,4.3654399546601,8.881784197001252e-16,8.730879909320198,-0.10093419211855165,0.10093419211855165,1,1,-4.365439954660098,4.3654399546601,-6.0,6.0,0.0,12.0,0.0,0.0,0.0,0.0,0.0,0.0,0.0,0.0,0.0,0.0,0.0,0.0,0.0,0.0,6.002408064923312,6.00240806492331,7.936359902593892e-16,0.0,0.8014999395229635,0.0,-6.25,6.250000000000001,0.15811388300841892,0.15811388300841886,1.0955982392578415e-08,2.4190770684187e-06,0.0060024080648670925,0.006,2.4190770684184848e-06,0.006002408064867092,0.006,0.0,0.0,0.0,0.0
589,0.589,0.59,-4.365439954142774,4.365439954142776,8.881784197001252e-16,8.73087990828555,-0.10093419212118371,0.10093419212118371,1,1,-4.365439954142774,4.365439954142776,-6.0,6.0,0.0,12.0,0.0,0.0,0.0,0.0,0.0,0.0,0.0,0.0,0.0,0.0,0.0,0.0,0.0,0.0,6.002408065482307,6.002408065482307,1.2342557531574982e-15,0.0,0.8014999395229638,0.0,-6.25,6.250000000000001,0.15811388300841892,0.15811388300841886,1.0955988201654165e-08,2.41907705426514e-06,0.006002408065426668,0.006,2.4190770542653617e-06,0.006002408065426667,0.006,0.0,0.0,0.0,0.0
599,0.599,0.6,-4.365439953630834,4.365439953630836,8.881784197001252e-16,8.73087990726167,-0.1009341921237833,0.1009341921237833,1,1,-4.365439953630834,4.365439953630836,-6.0,6.0,0.0,12.0,0.0,0.0,0.0,0.0,0.0,0.0,0.0,0.0,0.0,0.0,0.0,0.0,0.0,0.0,6.002408066035543,6.0024080660355414,2.316723202167026e-15,0.0,0.8014999395229642,0.0,-6.25,6.250000000000001,0.15811388300841892,0.15811388300841886,1.095599395787051e-08,2.4190770402607095e-06,0.006002408065980476,0.006,2.4190770402610085e-06,0.006002408065980478,0.006,0.0,0.0,0.0,0.0
609,0.609,0.61,-4.365439953124221,4.365439953124223,1.3322676295501878e-15,8.730879906248443,-0.10093419212635041,0.10093419212635041,1,1,-4.365439953124221,4.365439953124223,-6.0,6.0,0.0,12.0,0.0,0.0,0.0,0.0,0.0,0.0,0.0,0.0,0.0,0.0,0.0,0.0,0.0,0.0,6.002408066583073,6.002408066583073,4.562322741819003e-16,0.0,0.8014999395229645,0.0,-6.25,6.250000000000001,0.15811388300841892,0.15811388300841886,1.0955999661699824e-08,2.419077026407626e-06,0.006002408066528575,0.006,2.4190770264076458e-06,0.006002408066528575,0.006,0.0,0.0,0.0,0.0
619,0.619,0.62,-4.36543995262288,4.365439952622882,8.881784197001252e-16,8.730879905245763,-0.10093419212888616,0.10093419212888616,1,1,-4.36543995262288,4.365439952622882,-6.0,6.0,0.0,12.0,0.0,0.0,0.0,0.0,0.0,0.0,0.0,0.0,0.0,0.0,0.0,0.0,0.0,0.0,6.002408067124961,6.002408067124961,9.341485918135106e-16,0.0,0.8014999395229648,0.0,-6.25,6.250000000000001,0.15811388300841892,0.15811388300841886,1.0956005313610351e-08,2.4190770127036657e-06,0.006002408067071024,0.006,2.4190770127030525e-06,0.006002408067071024,0.006,0.0,0.0,0.0,0.0
629,0.629,0.63,-4.365439952126756,4.365439952126758,8.881784197001252e-16,8.730879904253515,-0.10093419213138999,0.10093419213138999,1,1,-4.365439952126756,4.365439952126758,-6.0,6.0,0.0,12.0,0.0,0.0,0.0,0.0,0.0,0.0,0.0,0.0,0.0,0.0,0.0,0.0,0.0,0.0,6.002408067661261,6.002408067661261,8.265957363029486e-16,0.0,0.8014999395229652,0.0,-6.25,6.250000000000001,0.15811388300841892,0.15811388300841886,1.095601091406624e-08,2.419076999144385e-06,0.006002408067607881,0.006,2.419076999145009e-06,0.006002408067607881,0.006,0.0,0.0,0.0,0.0
639,0.639,0.64,-4.365439951635795,4.365439951635797,8.881784197001252e-16,8.730879903271592,-0.10093419213386301,0.10093419213386301,1,1,-4.365439951635795,4.365439951635797,-6.0,6.0,0.0,12.0,0.0,0.0,0.0,0.0,0.0,0.0,0.0,0.0,0.0,0.0,0.0,0.0,0.0,0.0,6.002408068192033,6.002408068192032,1.214306433183765e-15,0.0,0.8014999395229655,0.0,-6.25,6.250000000000001,0.15811388300841892,0.15811388300841886,1.0956016463527586e-08,2.4190769857342222e-06,0.006002408068139204,0.006,2.419076985733515e-06,0.006002408068139203,0.006,0.0,0.0,0.0,0.0
649,0.649,0.65,-4.365439951149944,4.365439951149946,8.881784197001252e-16,8.73087990229989,-0.1009341921363055,0.1009341921363055,1,1,-4.365439951149944,4.365439951149946,-6.0,6.0,0.0,12.0,0.0,0.0,0.0,0.0,0.0,0.0,0.0,0.0,0.0,0.0,0.0,0.0,0.0,0.0,6.002408068717334,6.002408068717333,7.190428807923865e-16,0.0,0.8014999395229658,0.0,-6.25,6.250000000000001,0.15811388300841892,0.15811388300841886,1.0956021962450458e-08,2.419076972466513e-06,0.006002408068665048,0.006,2.41907697246635e-06,0.006002408068665048,0.006,0.0,0.0,0.0,0.0
659,0.659,0.66,-4.365439950669148,4.36543995066915,8.881784197001252e-16,8.730879901338298,-0.10093419213871746,0.10093419213871746,1,1,-4.365439950669148,4.36543995066915,-6.0,6.0,0.0,12.0,0.0,0.0,0.0,0.0,0.0,0.0,0.0,0.0,0.0,0.0,0.0,0.0,0.0,0.0,6.0024080692372195,6.00240806923722,2.36876490644633e-15,0.0,0.8014999395229662,0.0,-6.25,6.250000000000001,0.15811388300841892,0.15811388300841886,1.0956027411286935e-08,2.4190769593412546e-06,0.006002408069185474,0.006,2.419076959341293e-06,0.0060024080691854715,0.006,0.0,0.0,0.0,0.0
669,0.669,0.67,-4.365439950193356,4.365439950193358,8.881784197001252e-16,8.730879900386714,-0.10093419214109917,0.10093419214109917,1,1,-4.365439950193356,4.365439950193358,-6.0,6.0,0.0,12.0,0.0,0.0,0.0,0.0,0.0,0.0,0.0,0.0,0.0,0.0,0.0,0.0,0.0,0.0,6.002408069751746,6.002408069751745,1.5378323614534395e-15,0.0,0.8014999395229665,0.0,-6.25,6.250000000000001,0.15811388300841892,0.15811388300841886,1.0956032810485142e-08,2.4190769463606644e-06,0.0060024080697005325,0.006,2.4190769463605657e-06,0.006002408069700533,0.006,0.0,0.0,0.0,0.0
679,0.679,0.68,-4.365439949722516,4.365439949722518,8.881784197001252e-16,8.730879899445034,-0.10093419214345145,0.10093419214345145,1,1,-4.365439949722516,4.365439949722518,-6.0,6.0,0.0,12.0,0.0,0.0,0.0,0.0,0.0,0.0,0.0,0.0,0.0,0.0,0.0,0.0,0.0,0.0,6.002408070260967,6.002408070260968,6.036837696399289e-16,0.0,0.8014999395229668,0.0,-6.25,6.250000000000001,0.15811388300841892,0.15811388300841886,1.095603816048928e-08,2.4190769335158582e-06,0.006002408070210281,0.006,2.4190769335152852e-06,0.006002408070210283,0.006,0.0,0.0,0.0,0.0
689,0.6890000000000001,0.6900000000000001,-4.365439949256575,4.365439949256577,8.881784197001252e-16,8.730879898513152,-0.10093419214577487,0.10093419214577487,1,1,-4.365439949256575,4.365439949256577,-6.0,6.0,0.0,12.0,0.0,0.0,0.0,0.0,0.0,0.0,0.0,0.0,0.0,0.0,0.0,0.0,0.0,0.0,6.00240807076494,6.00240807076494,3.2959746043559335e-17,0.0,0.8014999395229672,0.0,-6.25,6.250000000000001,0.15811388300841892,0.15811388300841886,1.095604346173966e-08,2.419076920811274e-06,0.006002408070714777,0.006,2.419076920812113e-06,0.006002408070714777,0.006,0.0,0.0,0.0,0.0
699,0.6990000000000001,0.7000000000000001,-4.365439948795483,4.365439948795486,1.3322676295501878e-15,8.73087989759097,-0.10093419214806942,0.10093419214806942,1,1,-4.365439948795483,4.365439948795486,-6.0,6.0,0.0,12.0,0.0,0.0,0.0,0.0,0.0,0.0,0.0,0.0,0.0,0.0,0.0,0.0,0.0,0.0,6.002408071263718,6.002408071263717,1.9420229313560355e-15,0.0,0.8014999395229675,0.0,-6.25,6.250000000000001,0.15811388300841892,0.15811388300841886,1.0956048714672743e-08,2.419076908240248e-06,0.00600240807121407,0.006,2.419076908239948e-06,0.006002408071214073,0.006,0.0,0.0,0.0,0.0
709,0.709,0.71,-4.365439948339191,4.365439948339192,8.881784197001252e-16,8.730879896678383,-0.10093419215033428,0.10093419215033428,1,1,-4.365439948339191,4.365439948339192,-6.0,6.0,0.0,12.0,0.0,0.0,0.0,0.0,0.0,0.0,0.0,0.0,0.0,0.0,0.0,0.0,0.0,0.0,6.002408071757353,6.002408071757351,2.2967738821932926e-15,0.0,0.8014999395229678,0.0,-6.25,6.250000000000001,0.15811388300841892,0.15811388300841886,1.0956053919721157e-08,2.4190768958005567e-06,0.006002408071708218,0.006,2.419076895801009e-06,0.006002408071708219,0.006,0.0,0.0,0.0,0.0
719,0.719,0.72,-4.365439947887646,4.365439947887648,8.881784197001252e-16,8.730879895775294,-0.10093419215257166,0.10093419215257166,1,1,-4.365439947887646,4.365439947887648,-6.0,6.0,0.0,12.0,0.0,0.0,0.0,0.0,0.0,0.0,0.0,0.0,0.0,0.0,0.0,0.0,0.0,0.0,6.002408072245899,6.002408072245899,6.184289191857317e-16,0.0,0.801499939522968,0.0,-6.25,6.250000000000001,0.15811388300841892,0.15811388300841886,1.0956059077313754e-08,2.4190768834988587e-06,0.0060024080721972715,0.006,2.419076883499738e-06,0.0060024080721972715,0.006,0.0,0.0,0.0,0.0
729,0.729,0.73,-4.365439947440801,4.3654399474408025,8.881784197001252e-16,8.730879894881603,-0.10093419215478155,0.10093419215478155,1,1,-4.365439947440801,4.3654399474408025,-6.0,6.0,0.0,12.0,0.0,0.0,0.0,0.0,0.0,0.0,0.0,0.0,0.0,0.0,0.0,0.0,0.0,0.0,6.002408072729408,6.002408072729409,9.75781955236954e-16,0.0,0.8014999395229684,0.0,-6.25,6.250000000000001,0.15811388300841892,0.15811388300841886,1.0956064187875616e-08,2.4190768713284903e-06,0.006002408072681282,0.006,2.4190768713294733e-06,0.006002408072681282,0.006,0.0,0.0,0.0,0.0
739,0.739,0.74,-4.365439946998606,4.365439946998608,8.881784197001252e-16,8.730879893997214,-0.1009341921569637,0.1009341921569637,1,1,-4.365439946998606,4.365439946998608,-6.0,6.0,0.0,12.0,0.0,0.0,0.0,0.0,0.0,0.0,0.0,0.0,0.0,0.0,0.0,0.0,0.0,0.0,6.002408073207934,6.002408073207935,6.080205783298709e-16,0.0,0.8014999395229687,0.0,-6.25,6.250000000000001,0.15811388300841892,0.15811388300841886,1.0956069251828108e-08,2.4190768592916693e-06,0.006002408073160305,0.006,2.419076859292435e-06,0.006002408073160305,0.006,0.0,0.0,0.0,0.0
749,0.749,0.75,-4.365439946561013,4.365439946561015,8.881784197001252e-16,8.730879893122028,-0.10093419215911892,0.10093419215911892,1,1,-4.365439946561013,4.365439946561015,-6.0,6.0,0.0,12.0,0.0,0.0,0.0,0.0,0.0,0.0,0.0,0.0,0.0,0.0,0.0,0.0,0.0,0.0,6.002408073681526,6.002408073681526,1.3183898417423734e-15,0.0,0.8014999395229689,0.0,-6.25,6.250000000000001,0.15811388300841892,0.15811388300841886,1.0956074269588893e-08,2.4190768473795112e-06,0.0060024080736343875,0.006,2.419076847379742e-06,0.0060024080736343875,0.006,0.0,0.0,0.0,0.0
759,0.759,0.76,-4.3654399461279745,4.365439946127976,8.881784197001252e-16,8.73087989225595,-0.10093419216124694,0.10093419216124694,1,1,-4.3654399461279745,4.365439946127976,-6.0,6.0,0.0,12.0,0.0,0.0,0.0,0.0,0.0,0.0,0.0,0.0,0.0,0.0,0.0,0.0,0.0,0.0,6.002408074150237,6.002408074150235,2.086872341600099e-15,0.0,0.8014999395229693,0.0,-6.25,6.250000000000001,0.15811388300841892,0.15811388300841886,1.0956079241571974e-08,2.4190768355964537e-06,0.006002408074103584,0.006,2.419076835595835e-06,0.006002408074103584,0.006,0.0,0.0,0.0,0.0
769,0.769,0.77,-4.365439945699443,4.365439945699445,1.3322676295501878e-15,8.730879891398889,-0.10093419216334831,0.10093419216334831,1,1,-4.365439945699443,4.365439945699445,-6.0,6.0,0.0,12.0,0.0,0.0,0.0,0.0,0.0,0.0,0.0,0.0,0.0,0.0,0.0,0.0,0.0,0.0,6.002408074614116,6.002408074614116,1.0139458717084437e-15,0.0,0.8014999395229696,0.0,-6.25,6.250000000000001,0.15811388300841892,0.15811388300841886,1.0956084168187725e-08,2.419076823940275e-06,0.006002408074567943,0.006,2.4190768239407137e-06,0.006002408074567943,0.006,0.0,0.0,0.0,0.0
779,0.779,0.78,-4.365439945275371,4.365439945275373,8.881784197001252e-16,8.730879890550744,-0.10093419216542415,0.10093419216542415,1,1,-4.365439945275371,4.365439945275373,-6.0,6.0,0.0,12.0,0.0,0.0,0.0,0.0,0.0,0.0,0.0,0.0,0.0,0.0,0.0,0.0,0.0,0.0,6.002408075073212,6.002408075073212,8.387388006347862e-16,0.0,0.8014999395229698,0.0,-6.25,6.250000000000001,0.15811388300841892,0.15811388300841886,1.095608904984292e-08,2.4190768124087514e-06,0.006002408075027515,0.006,2.4190768124077168e-06,0.006002408075027516,0.006,0.0,0.0,0.0,0.0
789,0.789,0.79,-4.365439944855712,4.365439944855714,8.881784197001252e-16,8.730879889711426,-0.10093419216747335,0.10093419216747335,1,1,-4.365439944855712,4.365439944855714,-6.0,6.0,0.0,12.0,0.0,0.0,0.0,0.0,0.0,0.0,0.0,0.0,0.0,0.0,0.0,0.0,0.0,0.0,6.0024080755275735,6.002408075527575,1.384309333829492e-15,0.0,0.8014999395229702,0.0,-6.25,6.250000000000001,0.15811388300841892,0.15811388300841886,1.0956093886940763e-08,2.41907680100188e-06,0.00600240807548235,0.006,2.4190768010012852e-06,0.006002408075482349,0.006,0.0,0.0,0.0,0.0
799,0.799,0.8,-4.365439944440421,4.365439944440424,1.3322676295501878e-15,8.730879888880846,-0.10093419216949812,0.10093419216949812,1,1,-4.365439944440421,4.365439944440424,-6.0,6.0,0.0,12.0,0.0,0.0,0.0,0.0,0.0,0.0,0.0,0.0,0.0,0.0,0.0,0.0,0.0,0.0,6.002408075977254,6.002408075977254,1.2117043479697998e-15,0.0,0.8014999395229704,0.0,-6.25,6.250000000000001,0.15811388300841892,0.15811388300841886,1.0956098679880915e-08,2.4190767897152183e-06,0.006002408075932495,0.006,2.419076789714758e-06,0.0060024080759324945,0.006,0.0,0.0,0.0,0.0
809,0.809,0.81,-4.365439944029453,4.365439944029455,8.881784197001252e-16,8.730879888058908,-0.10093419217149624,0.10093419217149624,1,1,-4.365439944029453,4.365439944029455,-6.0,6.0,0.0,12.0,0.0,0.0,0.0,0.0,0.0,0.0,0.0,0.0,0.0,0.0,0.0,0.0,0.0,0.0,6.002408076422298,6.002408076422298,9.948639134726989e-16,0.0,0.8014999395229707,0.0,-6.25,6.250000000000001,0.15811388300841892,0.15811388300841886,1.095610342905953e-08,2.419076778548763e-06,0.006002408076377999,0.006,2.419076778548135e-06,0.006002408076378002,0.006,0.0,0.0,0.0,0.0
819,0.8190000000000001,0.8200000000000001,-4.3654399436227616,4.365439943622763,8.881784197001252e-16,8.730879887245525,-0.1009341921734705,0.1009341921734705,1,1,-4.3654399436227616,4.365439943622763,-6.0,6.0,0.0,12.0,0.0,0.0,0.0,0.0,0.0,0.0,0.0,0.0,0.0,0.0,0.0,0.0,0.0,0.0,6.0024080768627535,6.002408076862753,2.7755575615628914e-17,0.0,0.8014999395229709,0.0,-6.25,6.250000000000001,0.15811388300841892,0.15811388300841886,1.0956108134869286e-08,2.419076767506953e-06,0.006002408076818912,0.006,2.4190767675058565e-06,0.006002408076818912,0.006,0.0,0.0,0.0,0.0
829,0.8290000000000001,0.8300000000000001,-4.365439943220303,4.365439943220305,8.881784197001252e-16,8.730879886440608,-0.10093419217542032,0.10093419217542032,1,1,-4.365439943220303,4.365439943220305,-6.0,6.0,0.0,12.0,0.0,0.0,0.0,0.0,0.0,0.0,0.0,0.0,0.0,0.0,0.0,0.0,0.0,0.0,6.002408077298667,6.002408077298667,9.8879238130678e-16,0.0,0.8014999395229713,0.0,-6.25,6.250000000000001,0.15811388300841892,0.15811388300841886,1.0956112797699416e-08,2.4190767565809035e-06,0.006002408077255279,0.006,2.419076756581262e-06,0.006002408077255279,0.006,0.0,0.0,0.0,0.0
839,0.839,0.84,-4.365439942822033,4.365439942822035,8.881784197001252e-16,8.730879885644068,-0.1009341921773449,0.1009341921773449,1,1,-4.365439942822033,4.365439942822035,-6.0,6.0,0.0,12.0,0.0,0.0,0.0,0.0,0.0,0.0,0.0,0.0,0.0,0.0,0.0,0.0,0.0,0.0,6.002408077730088,6.002408077730088,4.458239333260394e-16,0.0,0.8014999395229715,0.0,-6.25,6.250000000000001,0.15811388300841892,0.15811388300841886,1.0956117417935716e-08,2.4190767457728334e-06,0.006002408077687147,0.006,2.4190767457721308e-06,0.006002408077687147,0.006,0.0,0.0,0.0,0.0
849,0.849,0.85,-4.365439942427908,4.365439942427909,8.881784197001252e-16,8.730879884855817,-0.10093419217924615,0.10093419217924615,1,1,-4.365439942427908,4.365439942427909,-6.0,6.0,0.0,12.0,0.0,0.0,0.0,0.0,0.0,0.0,0.0,0.0,0.0,0.0,0.0,0.0,0.0,0.0,6.002408078157062,6.002408078157062,8.179221189230645e-16,0.0,0.8014999395229718,0.0,-6.25,6.250000000000001,0.15811388300841892,0.15811388300841886,1.095612199596061e-08,2.4190767350782987e-06,0.006002408078114563,0.006,2.4190767350784626e-06,0.006002408078114563,0.006,0.0,0.0,0.0,0.0
859,0.859,0.86,-4.365439942037884,4.365439942037887,1.3322676295501878e-15,8.730879884075772,-0.10093419218112354,0.10093419218112354,1,1,-4.365439942037884,4.365439942037887,-6.0,6.0,0.0,12.0,0.0,0.0,0.0,0.0,0.0,0.0,0.0,0.0,0.0,0.0,0.0,0.0,0.0,0.0,6.002408078579633,6.002408078579634,1.0677222994637248e-15,0.0,0.801499939522972,0.0,-6.25,6.250000000000001,0.15811388300841892,0.15811388300841886,1.0956126532153154e-08,2.419076724501738e-06,0.006002408078537574,0.006,2.4190767245024783e-06,0.006002408078537573,0.006,0.0,0.0,0.0,0.0
869,0.869,0.87,-4.365439941651921,4.365439941651923,8.881784197001252e-16,8.730879883303844,-0.10093419218297761,0.10093419218297761,1,1,-4.365439941651921,4.365439941651923,-6.0,6.0,0.0,12.0,0.0,0.0,0.0,0.0,0.0,0.0,0.0,0.0,0.0,0.0,0.0,0.0,0.0,0.0,6.002408078997849,6.002408078997849,5.299580219109146e-16,0.0,0.8014999395229723,0.0,-6.25,6.250000000000001,0.15811388300841892,0.15811388300841886,1.0956131026889067e-08,2.4190767140364875e-06,0.006002408078956222,0.006,2.419076714037516e-06,0.006002408078956223,0.006,0.0,0.0,0.0,0.0
879,0.879,0.88,-4.365439941269975,4.365439941269977,8.881784197001252e-16,8.730879882539952,-0.10093419218480809,0.10093419218480809,1,1,-4.365439941269975,4.365439941269977,-6.0,6.0,0.0,12.0,0.0,0.0,0.0,0.0,0.0,0.0,0.0,0.0,0.0,0.0,0.0,0.0,0.0,0.0,6.002408079411752,6.002408079411753,2.1545265571631944e-15,0.0,0.8014999395229726,0.0,-6.25,6.250000000000001,0.15811388300841892,0.15811388300841886,1.095613548054077e-08,2.419076703682545e-06,0.006002408079370556,0.006,2.419076703683576e-06,0.006002408079370555,0.006,0.0,0.0,0.0,0.0
889,0.889,0.89,-4.365439940892004,4.3654399408920055,8.881784197001252e-16,8.73087988178401,-0.10093419218661581,0.10093419218661581,1,1,-4.365439940892004,4.3654399408920055,-6.0,6.0,0.0,12.0,0.0,0.0,0.0,0.0,0.0,0.0,0.0,0.0,0.0,0.0,0.0,0.0,0.0,0.0,6.0024080798213895,6.0024080798213895,2.1163626406917047e-16,0.0,0.8014999395229728,0.0,-6.25,6.250000000000001,0.15811388300841892,0.15811388300841886,1.095613989347741e-08,2.419076693439908e-06,0.006002408079780617,0.006,2.419076693440658e-06,0.006002408079780617,0.006,0.0,0.0,0.0,0.0
899,0.899,0.9,-4.365439940517966,4.365439940517969,1.3322676295501878e-15,8.730879881035936,-0.10093419218840077,0.10093419218840077,1,1,-4.365439940517966,4.365439940517969,-6.0,6.0,0.0,12.0,0.0,0.0,0.0,0.0,0.0,0.0,0.0,0.0,0.0,0.0,0.0,0.0,0.0,0.0,6.002408080226803,6.002408080226802,8.708311849403572e-16,0.0,0.801499939522973,0.0,-6.25,6.250000000000001,0.15811388300841892,0.15811388300841886,1.0956144266064878e-08,2.4190766833085746e-06,0.00600240808018645,0.006,2.419076683308763e-06,0.00600240808018645,0.006,0.0,0.0,0.0,0.0
909,0.909,0.91,-4.365439940147822,4.365439940147824,8.881784197001252e-16,8.730879880295646,-0.10093419219016408,0.10093419219016408,1,1,-4.365439940147822,4.365439940147824,-6.0,6.0,0.0,12.0,0.0,0.0,0.0,0.0,0.0,0.0,0.0,0.0,0.0,0.0,0.0,0.0,0.0,0.0,6.002408080628038,6.002408080628037,5.299580219109146e-16,0.0,0.8014999395229734,0.0,-6.25,6.250000000000001,0.15811388300841892,0.15811388300841886,1.0956148598665849e-08,2.419076673284101e-06,0.006002408080588101,0.006,2.4190766732834492e-06,0.0060024080805881,0.006,0.0,0.0,0.0,0.0
919,0.919,0.92,-4.365439939781531,4.365439939781533,8.881784197001252e-16,8.730879879563064,-0.10093419219190519,0.10093419219190519,1,1,-4.365439939781531,4.365439939781533,-6.0,6.0,0.0,12.0,0.0,0.0,0.0,0.0,0.0,0.0,0.0,0.0,0.0,0.0,0.0,0.0,0.0,0.0,6.002408081025135,6.002408081025136,8.465450562766819e-16,0.0,0.8014999395229736,0.0,-6.25,6.250000000000001,0.15811388300841892,0.15811388300841886,1.0956152891639811e-08,2.4190766633709267e-06,0.00600240808098561,0.006,2.4190766633713778e-06,0.00600240808098561,0.006,0.0,0.0,0.0,0.0
929,0.929,0.93,-4.365439939419051,4.365439939419053,8.881784197001252e-16,8.730879878838104,-0.10093419219362437,0.10093419219362437,1,1,-4.365439939419051,4.365439939419053,-6.0,6.0,0.0,12.0,0.0,0.0,0.0,0.0,0.0,0.0,0.0,0.0,0.0,0.0,0.0,0.0,0.0,0.0,6.002408081418139,6.002408081418139,1.1223660889569942e-15,0.0,0.8014999395229738,0.0,-6.25,6.250000000000001,0.15811388300841892,0.15811388300841886,1.095615714534308e-08,2.4190766535557254e-06,0.006002408081379022,0.006,2.419076653554786e-06,0.0060024080813790215,0.006,0.0,0.0,0.0,0.0
939,0.9390000000000001,0.9400000000000001,-4.365439939060345,4.365439939060347,8.881784197001252e-16,8.730879878120692,-0.10093419219532218,0.10093419219532218,1,1,-4.365439939060345,4.365439939060347,-6.0,6.0,0.0,12.0,0.0,0.0,0.0,0.0,0.0,0.0,0.0,0.0,0.0,0.0,0.0,0.0,0.0,0.0,6.002408081807091,6.002408081807092,1.0816000872715392e-15,0.0,0.801499939522974,0.0,-6.25,6.250000000000001,0.15811388300841892,0.15811388300841886,1.0956161360128836e-08,2.4190766438518186e-06,0.0060024080817683775,0.006,2.4190766438514366e-06,0.006002408081768377,0.006,0.0,0.0,0.0,0.0
949,0.9490000000000001,0.9500000000000001,-4.365439938705372,4.365439938705374,8.881784197001252e-16,8.730879877410747,-0.10093419219699806,0.10093419219699806,1,1,-4.365439938705372,4.365439938705374,-6.0,6.0,0.0,12.0,0.0,0.0,0.0,0.0,0.0,0.0,0.0,0.0,0.0,0.0,0.0,0.0,0.0,0.0,6.002408082192034,6.0024080821920345,1.0174153186603974e-15,0.0,0.8014999395229743,0.0,-6.25,6.250000000000001,0.15811388300841892,0.15811388300841886,1.095616553634715e-08,2.419076634254763e-06,0.006002408082153719,0.006,2.419076634254669e-06,0.006002408082153719,0.006,0.0,0.0,0.0,0.0
959,0.9590000000000001,0.96,-4.365439938354094,4.365439938354096,8.881784197001252e-16,8.73087987670819,-0.10093419219865452,0.10093419219865452,1,1,-4.365439938354094,4.365439938354096,-6.0,6.0,0.0,12.0,0.0,0.0,0.0,0.0,0.0,0.0,0.0,0.0,0.0,0.0,0.0,0.0,0.0,0.0,6.002408082573009,6.002408082573009,7.840950111415168e-16,0.0,0.8014999395229745,0.0,-6.25,6.250000000000001,0.15811388300841892,0.15811388300841886,1.0956169674345007e-08,2.4190766247556743e-06,0.006002408082535088,0.006,2.4190766247556006e-06,0.006002408082535089,0.006,0.0,0.0,0.0,0.0
969,0.969,0.97,-4.365439938006473,4.365439938006475,8.881784197001252e-16,8.730879876012947,-0.10093419220028932,0.10093419220028932,1,1,-4.365439938006473,4.365439938006475,-6.0,6.0,0.0,12.0,0.0,0.0,0.0,0.0,0.0,0.0,0.0,0.0,0.0,0.0,0.0,0.0,0.0,0.0,6.002408082950056,6.002408082950054,1.7433970933566911e-15,0.0,0.8014999395229748,0.0,-6.25,6.250000000000001,0.15811388300841892,0.15811388300841886,1.0956173774466337e-08,2.419076615358991e-06,0.0060024080829125265,0.006,2.419076615358673e-06,0.0060024080829125265,0.006,0.0,0.0,0.0,0.0
979,0.979,0.98,-4.365439937662469,4.3654399376624715,1.3322676295501878e-15,8.730879875324941,-0.1009341922019033,0.1009341922019033,1,1,-4.365439937662469,4.3654399376624715,-6.0,6.0,0.0,12.0,0.0,0.0,0.0,0.0,0.0,0.0,0.0,0.0,0.0,0.0,0.0,0.0,0.0,0.0,6.002408083323215,6.002408083323214,1.46150452851046e-15,0.0,0.801499939522975,0.0,-6.25,6.250000000000001,0.15811388300841892,0.15811388300841886,1.0956177837052033e-08,2.4190766060691525e-06,0.0060024080832860715,0.006,2.4190766060683267e-06,0.0060024080832860715,0.006,0.0,0.0,0.0,0.0
989,0.989,0.99,-4.365439937322046,4.365439937322048,8.881784197001252e-16,8.730879874644094,-0.10093419220349731,0.10093419220349731,1,1,-4.365439937322046,4.365439937322048,-6.0,6.0,0.0,12.0,0.0,0.0,0.0,0.0,0.0,0.0,0.0,0.0,0.0,0.0,0.0,0.0,0.0,0.0,6.002408083692526,6.002408083692526,1.0885389811754465e-15,0.0,0.8014999395229753,0.0,-6.25,6.250000000000001,0.15811388300841892,0.15811388300841886,1.0956181862439987e-08,2.419076596870613e-06,0.006002408083655768,0.006,2.419076596871239e-06,0.006002408083655768,0.006,0.0,0.0,0.0,0.0
999,0.999,1.0,-4.365439936985167,4.365439936985169,8.881784197001252e-16,8.730879873970336,-0.1009341922050716,0.1009341922050716,1,1,-4.365439936985167,4.365439936985169,-6.0,6.0,0.0,12.0,0.0,0.0,0.0,0.0,0.0,0.0,0.0,0.0,0.0,0.0,0.0,0.0,0.0,0.0,6.002408084058031,6.002408084058032,4.839878497975292e-16,0.0,0.8014999395229755,0.0,-6.25,6.250000000000001,0.15811388300841892,0.15811388300841886,1.0956185850965114e-08,2.419076587774473e-06,0.00600240808402165,0.006,2.419076587774072e-06,0.0060024080840216515,0.006,0.0,0.0,0.0,0.0
1009,1.0090000000000001,1.01,-4.365439936651794,4.3654399366517955,8.881784197001252e-16,8.73087987330359,-0.10093419220662592,0.10093419220662592,1,1,-4.365439936651794,4.3654399366517955,-6.0,6.0,0.0,12.0,0.0,0.0,0.0,0.0,0.0,0.0,0.0,0.0,0.0,0.0,0.0,0.0,0.0,0.0,6.002408084419768,6.002408084419768,1.5404344466674047e-15,0.0,0.8014999395229757,0.0,-6.25,6.250000000000001,0.15811388300841892,0.15811388300841886,1.095618980295937e-08,2.419076578776289e-06,0.006002408084383761,0.006,2.4190765787768243e-06,0.006002408084383762,0.006,0.0,0.0,0.0,0.0
1019,1.0190000000000001,1.02,-4.3654399363218905,4.365439936321892,8.881784197001252e-16,8.730879872643783,-0.1009341922081608,0.1009341922081608,1,1,-4.3654399363218905,4.365439936321892,-6.0,6.0,0.0,12.0,0.0,0.0,0.0,0.0,0.0,0.0,0.0,0.0,0.0,0.0,0.0,0.0,0.0,0.0,6.002408084777774,6.002408084777773,2.0712598303163077e-15,0.0,0.8014999395229759,0.0,-6.25,6.250000000000001,0.15811388300841892,0.15811388300841886,1.095619371875178e-08,2.4190765698738384e-06,0.006002408084742141,0.006,2.4190765698728356e-06,0.006002408084742141,0.006,0.0,0.0,0.0,0.0
1029,1.029,1.03,-4.365439935995422,4.365439935995424,8.881784197001252e-16,8.730879871990846,-0.10093419220967681,0.10093419220967681,1,1,-4.365439935995422,4.365439935995424,-6.0,6.0,0.0,12.0,0.0,0.0,0.0,0.0,0.0,0.0,0.0,0.0,0.0,0.0,0.0,0.0,0.0,0.0,6.002408085132092,6.0024080851320925,2.0322285521068295e-15,0.0,0.8014999395229762,0.0,-6.25,6.250000000000001,0.15811388300841892,0.15811388300841886,1.0956197598668475e-08,2.4190765610671196e-06,0.006002408085096825,0.006,2.4190765610665466e-06,0.0060024080850968236,0.006,0.0,0.0,0.0,0.0
1039,1.039,1.04,-4.365439935672351,4.365439935672352,8.881784197001252e-16,8.730879871344703,-0.10093419221117395,0.10093419221117395,1,1,-4.365439935672351,4.365439935672352,-6.0,6.0,0.0,12.0,0.0,0.0,0.0,0.0,0.0,0.0,0.0,0.0,0.0,0.0,0.0,0.0,0.0,0.0,6.002408085482756,6.002408085482756,5.793976409762536e-16,0.0,0.8014999395229764,0.0,-6.25,6.250000000000001,0.15811388300841892,0.15811388300841886,1.0956201443032704e-08,2.4190765523516893e-06,0.006002408085447853,0.006,2.419076552351296e-06,0.006002408085447853,0.006,0.0,0.0,0.0,0.0
1049,1.049,1.05,-4.365439935352643,4.3654399353526445,8.881784197001252e-16,8.730879870705287,-0.10093419221265165,0.10093419221265165,1,1,-4.365439935352643,4.3654399353526445,-6.0,6.0,0.0,12.0,0.0,0.0,0.0,0.0,0.0,0.0,0.0,0.0,0.0,0.0,0.0,0.0,0.0,0.0,6.002408085829804,6.002408085829803,1.074661193367632e-15,0.0,0.8014999395229766,0.0,-6.25,6.250000000000001,0.15811388300841892,0.15811388300841886,1.095620525216485e-08,2.419076543734207e-06,0.0060024080857952605,0.006,2.419076543733745e-06,0.0060024080857952605,0.006,0.0,0.0,0.0,0.0
1059,1.059,1.06,-4.365439935036263,4.365439935036265,8.881784197001252e-16,8.730879870072528,-0.10093419221411076,0.10093419221411076,1,1,-4.365439935036263,4.365439935036265,-6.0,6.0,0.0,12.0,0.0,0.0,0.0,0.0,0.0,0.0,0.0,0.0,0.0,0.0,0.0,0.0,0.0,0.0,6.002408086173275,6.002408086173273,2.177077962350893e-16,0.0,0.8014999395229768,0.0,-6.25,6.250000000000001,0.15811388300841892,0.15811388300841886,1.0956209026382488e-08,2.4190765352057883e-06,0.006002408086139087,0.006,2.4190765352050116e-06,0.006002408086139086,0.006,0.0,0.0,0.0,0.0
1069,1.069,1.07,-4.3654399347231765,4.365439934723178,8.881784197001252e-16,8.730879869446355,-0.10093419221555266,0.10093419221555266,1,1,-4.3654399347231765,4.365439934723178,-6.0,6.0,0.0,12.0,0.0,0.0,0.0,0.0,0.0,0.0,0.0,0.0,0.0,0.0,0.0,0.0,0.0,0.0,6.002408086513204,6.002408086513203,1.2559397966072083e-15,0.0,0.8014999395229769,0.0,-6.25,6.250000000000001,0.15811388300841892,0.15811388300841886,1.0956212766000373e-08,2.419076526770873e-06,0.006002408086479369,0.006,2.4190765267717576e-06,0.0060024080864793695,0.006,0.0,0.0,0.0,0.0
1079,1.079,1.08,-4.365439934413348,4.36543993441335,8.881784197001252e-16,8.730879868826698,-0.10093419221697542,0.10093419221697542,1,1,-4.365439934413348,4.36543993441335,-6.0,6.0,0.0,12.0,0.0,0.0,0.0,0.0,0.0,0.0,0.0,0.0,0.0,0.0,0.0,0.0,0.0,0.0,6.002408086849629,6.002408086849629,1.1787446019262404e-15,0.0,0.8014999395229772,0.0,-6.25,6.250000000000001,0.15811388300841892,0.15811388300841886,1.0956216471330486e-08,2.419076518425017e-06,0.006002408086816143,0.006,2.419076518425101e-06,0.006002408086816142,0.006,0.0,0.0,0.0,0.0
1089,1.089,1.09,-4.365439934106745,4.365439934106747,8.881784197001252e-16,8.730879868213492,-0.10093419221838068,0.10093419221838068,1,1,-4.365439934106745,4.365439934106747,-6.0,6.0,0.0,12.0,0.0,0.0,0.0,0.0,0.0,0.0,0.0,0.0,0.0,0.0,0.0,0.0,0.0,0.0,6.002408087182585,6.002408087182584,8.647596527744383e-16,0.0,0.8014999395229774,0.0,-6.25,6.250000000000001,0.15811388300841892,0.15811388300841886,1.0956220142682044e-08,2.4190765101659985e-06,0.006002408087149444,0.006,2.4190765101650414e-06,0.006002408087149445,0.006,0.0,0.0,0.0,0.0
1099,1.099,1.1,-4.365439933803334,4.365439933803335,8.881784197001252e-16,8.730879867606669,-0.10093419221976818,0.10093419221976818,1,1,-4.365439933803334,4.365439933803335,-6.0,6.0,0.0,12.0,0.0,0.0,0.0,0.0,0.0,0.0,0.0,0.0,0.0,0.0,0.0,0.0,0.0,0.0,6.002408087512109,6.002408087512108,1.1483869410966463e-15,0.0,0.8014999395229776,0.0,-6.25,6.250000000000001,0.15811388300841892,0.15811388300841886,1.0956223780361544e-08,2.4190765020026977e-06,0.006002408087479309,0.006,2.4190765020026817e-06,0.006002408087479309,0.006,0.0,0.0,0.0,0.0
1109,1.109,1.11,-4.3654399335030805,4.365439933503083,1.3322676295501878e-15,8.730879867006163,-0.10093419222113875,0.10093419222113875,1,1,-4.3654399335030805,4.365439933503083,-6.0,6.0,0.0,12.0,0.0,0.0,0.0,0.0,0.0,0.0,0.0,0.0,0.0,0.0,0.0,0.0,0.0,0.0,6.0024080878382335,6.002408087838235,1.394717674685353e-15,0.0,0.8014999395229778,0.0,-6.25,6.250000000000001,0.15811388300841892,0.15811388300841886,1.0956227384672762e-08,2.419076493921789e-06,0.006002408087805774,0.006,2.4190764939224786e-06,0.006002408087805775,0.006,0.0,0.0,0.0,0.0
1119,1.119,1.12,-4.365439933205953,4.3654399332059555,1.3322676295501878e-15,8.730879866411907,-0.10093419222249128,0.10093419222249128,1,1,-4.365439933205953,4.3654399332059555,-6.0,6.0,0.0,12.0,0.0,0.0,0.0,0.0,0.0,0.0,0.0,0.0,0.0,0.0,0.0,0.0,0.0,0.0,6.0024080881609985,6.0024080881609985,1.5716594692349872e-15,0.0,0.801499939522978,0.0,-6.25,6.250000000000001,0.15811388300841892,0.15811388300841886,1.0956230955916792e-08,2.419076485927713e-06,0.006002408088128873,0.006,2.4190764859266523e-06,0.006002408088128874,0.006,0.0,0.0,0.0,0.0
1129,1.129,1.1300000000000001,-4.365439932911919,4.3654399329119205,8.881784197001252e-16,8.73087986582384,-0.10093419222382743,0.10093419222382743,1,1,-4.365439932911919,4.3654399329119205,-6.0,6.0,0.0,12.0,0.0,0.0,0.0,0.0,0.0,0.0,0.0,0.0,0.0,0.0,0.0,0.0,0.0,0.0,6.0024080884804345,6.002408088480434,7.650130529057719e-16,0.0,0.8014999395229782,0.0,-6.25,6.250000000000001,0.15811388300841892,0.15811388300841886,1.0956234494392065e-08,2.419076478022686e-06,0.00600240808844864,0.006,2.4190764780218643e-06,0.00600240808844864,0.006,0.0,0.0,0.0,0.0
1139,1.139,1.1400000000000001,-4.365439932620944,4.365439932620947,1.3322676295501878e-15,8.730879865241892,-0.10093419222514666,0.10093419222514666,1,1,-4.365439932620944,4.365439932620947,-6.0,6.0,0.0,12.0,0.0,0.0,0.0,0.0,0.0,0.0,0.0,0.0,0.0,0.0,0.0,0.0,0.0,0.0,6.002408088796578,6.002408088796578,7.008282842946301e-16,0.0,0.8014999395229784,0.0,-6.25,6.250000000000001,0.15811388300841892,0.15811388300841886,1.0956238000394377e-08,2.4190764701978256e-06,0.0060024080887651115,0.006,2.4190764701970125e-06,0.006002408088765112,0.006,0.0,0.0,0.0,0.0
1149,1.149,1.1500000000000001,-4.3654399323329995,4.365439932333001,8.881784197001252e-16,8.730879864666,-0.1009341922264495,0.1009341922264495,1,1,-4.3654399323329995,4.365439932333001,-6.0,6.0,0.0,12.0,0.0,0.0,0.0,0.0,0.0,0.0,0.0,0.0,0.0,0.0,0.0,0.0,0.0,0.0,6.002408089109462,6.002408089109462,4.692427002517263e-16,0.0,0.8014999395229786,0.0,-6.25,6.250000000000001,0.15811388300841892,0.15811388300841886,1.0956241474216894e-08,2.419076462464232e-06,0.006002408089078319,0.006,2.419076462463199e-06,0.00600240808907832,0.006,0.0,0.0,0.0,0.0
1159,1.159,1.16,-4.365439932048052,4.365439932048054,8.881784197001252e-16,8.730879864096107,-0.1009341922277357,0.1009341922277357,1,1,-4.365439932048052,4.365439932048054,-6.0,6.0,0.0,12.0,0.0,0.0,0.0,0.0,0.0,0.0,0.0,0.0,0.0,0.0,0.0,0.0,0.0,0.0,6.00240808941912,6.00240808941912,2.862293735361732e-17,0.0,0.8014999395229788,0.0,-6.25,6.250000000000001,0.15811388300841892,0.15811388300841886,1.0956244916150203e-08,2.419076454810801e-06,0.006002408089388299,0.006,2.4190764548115416e-06,0.006002408089388299,0.006,0.0,0.0,0.0,0.0
1169,1.169,1.17,-4.365439931766071,4.365439931766073,8.881784197001252e-16,8.730879863532143,-0.10093419222900579,0.10093419222900579,1,1,-4.365439931766071,4.365439931766073,-6.0,6.0,0.0,12.0,0.0,0.0,0.0,0.0,0.0,0.0,0.0,0.0,0.0,0.0,0.0,0.0,0.0,0.0,6.002408089725585,6.002408089725586,1.5456386170953351e-15,0.0,0.8014999395229789,0.0,-6.25,6.250000000000001,0.15811388300841892,0.15811388300841886,1.0956248326482308e-08,2.4190764472375305e-06,0.006002408089695082,0.006,2.4190764472376004e-06,0.006002408089695081,0.006,0.0,0.0,0.0,0.0
1179,1.179,1.18,-4.365439931487025,4.365439931487027,1.3322676295501878e-15,8.730879862974053,-0.10093419223025979,0.10093419223025979,1,1,-4.365439931487025,4.365439931487027,-6.0,6.0,0.0,12.0,0.0,0.0,0.0,0.0,0.0,0.0,0.0,0.0,0.0,0.0,0.0,0.0,0.0,0.0,6.002408090028891,6.002408090028891,1.0390993621101074e-15,0.0,0.8014999395229792,0.0,-6.25,6.250000000000001,0.15811388300841892,0.15811388300841886,1.0956251705498668e-08,2.4190764397444188e-06,0.006002408089998702,0.006,2.419076439743595e-06,0.006002408089998703,0.006,0.0,0.0,0.0,0.0
1189,1.189,1.19,-4.365439931210884,4.365439931210886,8.881784197001252e-16,8.73087986242177,-0.10093419223149824,0.10093419223149824,1,1,-4.365439931210884,4.365439931210886,-6.0,6.0,0.0,12.0,0.0,0.0,0.0,0.0,0.0,0.0,0.0,0.0,0.0,0.0,0.0,0.0,0.0,0.0,6.0024080903290695,6.002408090329069,6.557254739192331e-16,0.0,0.8014999395229794,0.0,-6.25,6.250000000000001,0.15811388300841892,0.15811388300841886,1.0956255053482212e-08,2.4190764323336847e-06,0.006002408090299192,0.006,2.4190764323339664e-06,0.006002408090299191,0.006,0.0,0.0,0.0,0.0
1199,1.199,1.2,-4.365439930937617,4.36543993093762,1.3322676295501878e-15,8.730879861875238,-0.10093419223272088,0.10093419223272088,1,1,-4.365439930937617,4.36543993093762,-6.0,6.0,0.0,12.0,0.0,0.0,0.0,0.0,0.0,0.0,0.0,0.0,0.0,0.0,0.0,0.0,0.0,0.0,6.0024080906261545,6.0024080906261545,9.662409761190816e-16,0.0,0.8014999395229795,0.0,-6.25,6.250000000000001,0.15811388300841892,0.15811388300841886,1.0956258370713361e-08,2.419076425000885e-06,0.006002408090596584,0.006,2.4190764249998333e-06,0.006002408090596583,0.006,0.0,0.0,0.0,0.0
1209,1.209,1.21,-4.365439930667196,4.365439930667198,8.881784197001252e-16,8.730879861334394,-0.10093419223392852,0.10093419223392852,1,1,-4.365439930667196,4.365439930667198,-6.0,6.0,0.0,12.0,0.0,0.0,0.0,0.0,0.0,0.0,0.0,0.0,0.0,0.0,0.0,0.0,0.0,0.0,6.0024080909201745,6.0024080909201745,5.906733435701028e-16,0.0,0.8014999395229797,0.0,-6.25,6.250000000000001,0.15811388300841892,0.15811388300841886,1.095626165747006e-08,2.419076417748239e-06,0.006002408090890909,0.006,2.4190764177478566e-06,0.006002408090890909,0.006,0.0,0.0,0.0,0.0
1219,1.219,1.22,-4.365439930399589,4.3654399303995906,8.881784197001252e-16,8.73087986079918,-0.10093419223512007,0.10093419223512007,1,1,-4.365439930399589,4.3654399303995906,-6.0,6.0,0.0,12.0,0.0,0.0,0.0,0.0,0.0,0.0,0.0,0.0,0.0,0.0,0.0,0.0,0.0,0.0,6.002408091211164,6.002408091211165,4.2500725161431774e-17,0.0,0.8014999395229799,0.0,-6.25,6.250000000000001,0.15811388300841892,0.15811388300841886,1.0956264914027784e-08,2.4190764105713034e-06,0.0060024080911822006,0.006,2.4190764105713746e-06,0.006002408091182201,0.006,0.0,0.0,0.0,0.0
1229,1.229,1.23,-4.365439930134768,4.36543993013477,1.3322676295501878e-15,8.730879860269539,-0.10093419223629718,0.10093419223629718,1,1,-4.365439930134768,4.36543993013477,-6.0,6.0,0.0,12.0,0.0,0.0,0.0,0.0,0.0,0.0,0.0,0.0,0.0,0.0,0.0,0.0,0.0,0.0,6.002408091499153,6.002408091499152,2.4407559306993676e-15,0.0,0.80149993952298,0.0,-6.25,6.250000000000001,0.15811388300841892,0.15811388300841886,1.0956268140659563e-08,2.419076403476738e-06,0.006002408091470489,0.006,2.4190764034770497e-06,0.00600240809147049,0.006,0.0,0.0,0.0,0.0
1239,1.239,1.24,-4.365439929872704,4.365439929872706,1.3322676295501878e-15,8.73087985974541,-0.10093419223745986,0.10093419223745986,1,1,-4.365439929872704,4.365439929872706,-6.0,6.0,0.0,12.0,0.0,0.0,0.0,0.0,0.0,0.0,0.0,0.0,0.0,0.0,0.0,0.0,0.0,0.0,6.002408091784174,6.002408091784173,8.925152283900673e-16,0.0,0.8014999395229803,0.0,-6.25,6.250000000000001,0.15811388300841892,0.15811388300841886,1.0956271337636016e-08,2.419076396453439e-06,0.006002408091755805,0.006,2.4190763964537786e-06,0.006002408091755805,0.006,0.0,0.0,0.0,0.0
1249,1.249,1.25,-4.365439929613368,4.36543992961337,8.881784197001252e-16,8.730879859226738,-0.100934192238607,0.100934192238607,1,1,-4.365439929613368,4.36543992961337,-6.0,6.0,0.0,12.0,0.0,0.0,0.0,0.0,0.0,0.0,0.0,0.0,0.0,0.0,0.0,0.0,0.0,0.0,6.002408092066255,6.002408092066256,1.4996684449819497e-15,0.0,0.8014999395229804,0.0,-6.25,6.250000000000001,0.15811388300841892,0.15811388300841886,1.0956274505225355e-08,2.4190763895036247e-06,0.006002408092038179,0.006,2.4190763895037826e-06,0.006002408092038179,0.006,0.0,0.0,0.0,0.0
1259,1.2590000000000001,1.26,-4.365439929356731,4.365439929356734,1.3322676295501878e-15,8.730879858713465,-0.10093419223974054,0.10093419223974054,1,1,-4.365439929356731,4.365439929356734,-6.0,6.0,0.0,12.0,0.0,0.0,0.0,0.0,0.0,0.0,0.0,0.0,0.0,0.0,0.0,0.0,0.0,0.0,6.00240809234543,6.002408092345428,2.4572358037211472e-15,0.0,0.8014999395229806,0.0,-6.25,6.250000000000001,0.15811388300841892,0.15811388300841886,1.0956277643693418e-08,2.4190763826295135e-06,0.006002408092317642,0.006,2.4190763826292815e-06,0.006002408092317643,0.006,0.0,0.0,0.0,0.0
1269,1.2690000000000001,1.27,-4.3654399291027675,4.365439929102769,8.881784197001252e-16,8.730879858205537,-0.10093419224085964,0.10093419224085964,1,1,-4.3654399291027675,4.365439929102769,-6.0,6.0,0.0,12.0,0.0,0.0,0.0,0.0,0.0,0.0,0.0,0.0,0.0,0.0,0.0,0.0,0.0,0.0,6.0024080926217245,6.002408092621725,1.8561541192951836e-16,0.0,0.8014999395229807,0.0,-6.25,6.250000000000001,0.15811388300841892,0.15811388300841886,1.0956280753303678e-08,2.4190763758311047e-06,0.006002408092594224,0.006,2.419076375830276e-06,0.006002408092594225,0.006,0.0,0.0,0.0,0.0
1279,1.2790000000000001,1.28,-4.365439928851447,4.3654399288514485,8.881784197001252e-16,8.730879857702895,-0.10093419224196404,0.10093419224196404,1,1,-4.365439928851447,4.3654399288514485,-6.0,6.0,0.0,12.0,0.0,0.0,0.0,0.0,0.0,0.0,0.0,0.0,0.0,0.0,0.0,0.0,0.0,0.0,6.0024080928951715,6.002408092895171,1.7546727959505404e-15,0.0,0.8014999395229809,0.0,-6.25,6.250000000000001,0.15811388300841892,0.15811388300841886,1.095628383431728e-08,2.4190763691061756e-06,0.0060024080928679545,0.006,2.419076369106765e-06,0.0060024080928679545,0.006,0.0,0.0,0.0,0.0
1289,1.289,1.29,-4.3654399286027425,4.365439928602744,8.881784197001252e-16,8.730879857205487,-0.10093419224305511,0.10093419224305511,1,1,-4.3654399286027425,4.365439928602744,-6.0,6.0,0.0,12.0,0.0,0.0,0.0,0.0,0.0,0.0,0.0,0.0,0.0,0.0,0.0,0.0,0.0,0.0,6.0024080931657995,6.002408093165799,9.13331910101789e-16,0.0,0.801499939522981,0.0,-6.25,6.250000000000001,0.15811388300841892,0.15811388300841886,1.0956286886993048e-08,2.419076362450283e-06,0.006002408093138862,0.006,2.419076362449868e-06,0.006002408093138863,0.006,0.0,0.0,0.0,0.0
1299,1.299,1.3,-4.3654399283566265,4.365439928356629,1.3322676295501878e-15,8.730879856713255,-0.1009341922441323,0.1009341922441323,1,1,-4.3654399283566265,4.365439928356629,-6.0,6.0,0.0,12.0,0.0,0.0,0.0,0.0,0.0,0.0,0.0,0.0,0.0,0.0,0.0,0.0,0.0,0.0,6.002408093433637,6.002408093433635,1.4693107841523556e-15,0.0,0.8014999395229813,0.0,-6.25,6.250000000000001,0.15811388300841892,0.15811388300841886,1.0956289911587497e-08,2.4190763558700872e-06,0.0060024080934069765,0.006,2.4190763558706865e-06,0.0060024080934069765,0.006,0.0,0.0,0.0,0.0
1309,1.309,1.31,-4.365439928113074,4.365439928113076,8.881784197001252e-16,8.73087985622615,-0.10093419224519617,0.10093419224519617,1,1,-4.365439928113074,4.365439928113076,-6.0,6.0,0.0,12.0,0.0,0.0,0.0,0.0,0.0,0.0,0.0,0.0,0.0,0.0,0.0,0.0,0.0,0.0,6.002408093698711,6.002408093698712,9.97465998686664e-16,0.0,0.8014999395229814,0.0,-6.25,6.250000000000001,0.15811388300841892,0.15811388300841886,1.0956292908354885e-08,2.4190763493544845e-06,0.006002408093672326,0.006,2.4190763493536773e-06,0.006002408093672327,0.006,0.0,0.0,0.0,0.0
1319,1.319,1.32,-4.365439927872056,4.365439927872059,1.3322676295501878e-15,8.730879855744114,-0.10093419224624589,0.10093419224624589,1,1,-4.365439927872056,4.365439927872059,-6.0,6.0,0.0,12.0,0.0,0.0,0.0,0.0,0.0,0.0,0.0,0.0,0.0,0.0,0.0,0.0,0.0,0.0,6.002408093961055,6.002408093961052,2.310651670001107e-15,0.0,0.8014999395229816,0.0,-6.25,6.250000000000001,0.15811388300841892,0.15811388300841886,1.0956295877547194e-08,2.4190763429123542e-06,0.006002408093934942,0.006,2.4190763429121632e-06,0.006002408093934943,0.006,0.0,0.0,0.0,0.0
1329,1.329,1.33,-4.365439927633548,4.36543992763355,8.881784197001252e-16,8.730879855267098,-0.10093419224728284,0.10093419224728284,1,1,-4.365439927633548,4.36543992763355,-6.0,6.0,0.0,12.0,0.0,0.0,0.0,0.0,0.0,0.0,0.0,0.0,0.0,0.0,0.0,0.0,0.0,0.0,6.002408094220692,6.0024080942206925,4.2847669856627135e-16,0.0,0.8014999395229817,0.0,-6.25,6.250000000000001,0.15811388300841892,0.15811388300841886,1.0956298819414175e-08,2.419076336537034e-06,0.00600240809419485,0.006,2.4190763365372624e-06,0.00600240809419485,0.006,0.0,0.0,0.0,0.0
1339,1.339,1.34,-4.365439927397523,4.365439927397524,8.881784197001252e-16,8.730879854795047,-0.10093419224830591,0.10093419224830591,1,1,-4.365439927397523,4.365439927397524,-6.0,6.0,0.0,12.0,0.0,0.0,0.0,0.0,0.0,0.0,0.0,0.0,0.0,0.0,0.0,0.0,0.0,0.0,6.002408094477652,6.002408094477652,4.570996359198887e-16,0.0,0.8014999395229819,0.0,-6.25,6.250000000000001,0.15811388300841892,0.15811388300841886,1.0956301734203368e-08,2.4190763302263015e-06,0.006002408094452075,0.006,2.4190763302267547e-06,0.006002408094452076,0.006,0.0,0.0,0.0,0.0
1349,1.349,1.35,-4.365439927163955,4.365439927163957,8.881784197001252e-16,8.730879854327911,-0.10093419224931705,0.10093419224931705,1,1,-4.365439927163955,4.365439927163957,-6.0,6.0,0.0,12.0,0.0,0.0,0.0,0.0,0.0,0.0,0.0,0.0,0.0,0.0,0.0,0.0,0.0,0.0,6.0024080947319645,6.0024080947319645,3.668940151690947e-16,0.0,0.801499939522982,0.0,-6.25,6.250000000000001,0.15811388300841892,0.15811388300841886,1.0956304622160096e-08,2.4190763239912577e-06,0.006002408094706651,0.006,2.419076323991742e-06,0.006002408094706651,0.006,0.0,0.0,0.0,0.0
1359,1.359,1.36,-4.365439926932818,4.36543992693282,8.881784197001252e-16,8.730879853865638,-0.10093419225031514,0.10093419225031514,1,1,-4.365439926932818,4.36543992693282,-6.0,6.0,0.0,12.0,0.0,0.0,0.0,0.0,0.0,0.0,0.0,0.0,0.0,0.0,0.0,0.0,0.0,0.0,6.002408094983654,6.002408094983654,6.600622826091751e-16,0.0,0.8014999395229822,0.0,-6.25,6.250000000000001,0.15811388300841892,0.15811388300841886,1.0956307483527516e-08,2.419076317818578e-06,0.0060024080949586025,0.006,2.4190763178189024e-06,0.006002408094958602,0.006,0.0,0.0,0.0,0.0
1369,1.369,1.37,-4.365439926704088,4.36543992670409,8.881784197001252e-16,8.730879853408178,-0.10093419225130046,0.10093419225130046,1,1,-4.365439926704088,4.36543992670409,-6.0,6.0,0.0,12.0,0.0,0.0,0.0,0.0,0.0,0.0,0.0,0.0,0.0,0.0,0.0,0.0,0.0,0.0,6.002408095232749,6.002408095232748,9.48026379621325e-16,0.0,0.8014999395229824,0.0,-6.25,6.250000000000001,0.15811388300841892,0.15811388300841886,1.0956310318546617e-08,2.4190763117127016e-06,0.006002408095207954,0.006,2.4190763117126757e-06,0.006002408095207954,0.006,0.0,0.0,0.0,0.0
1379,1.379,1.3800000000000001,-4.365439926477738,4.365439926477741,1.3322676295501878e-15,8.730879852955479,-0.10093419225227329,0.10093419225227329,1,1,-4.365439926477738,4.365439926477741,-6.0,6.0,0.0,12.0,0.0,0.0,0.0,0.0,0.0,0.0,0.0,0.0,0.0,0.0,0.0,0.0,0.0,0.0,6.002408095479273,6.002408095479275,9.896597430447684e-16,0.0,0.8014999395229825,0.0,-6.25,6.250000000000001,0.15811388300841892,0.15811388300841886,1.0956313127456248e-08,2.4190763056714068e-06,0.006002408095454737,0.006,2.4190763056708422e-06,0.006002408095454736,0.006,0.0,0.0,0.0,0.0
1389,1.389,1.3900000000000001,-4.365439926253747,4.365439926253749,8.881784197001252e-16,8.730879852507496,-0.10093419225323419,0.10093419225323419,1,1,-4.365439926253747,4.365439926253749,-6.0,6.0,0.0,12.0,0.0,0.0,0.0,0.0,0.0,0.0,0.0,0.0,0.0,0.0,0.0,0.0,0.0,0.0,6.002408095723259,6.002408095723259,1.1267028976469362e-15,0.0,0.8014999395229826,0.0,-6.25,6.250000000000001,0.15811388300841892,0.15811388300841886,1.0956315910493129e-08,2.419076299696912e-06,0.006002408095698974,0.006,2.419076299697842e-06,0.006002408095698975,0.006,0.0,0.0,0.0,0.0
1399,1.399,1.4000000000000001,-4.365439926032086,4.365439926032088,8.881784197001252e-16,8.730879852064174,-0.10093419225418232,0.10093419225418232,1,1,-4.365439926032086,4.365439926032088,-6.0,6.0,0.0,12.0,0.0,0.0,0.0,0.0,0.0,0.0,0.0,0.0,0.0,0.0,0.0,0.0,0.0,0.0,6.002408095964728,6.002408095964728,5.724587470723463e-16,0.0,0.8014999395229828,0.0,-6.25,6.250000000000001,0.15811388300841892,0.15811388300841886,1.095631866789188e-08,2.419076293784775e-06,0.006002408095940694,0.006,2.4190762937847944e-06,0.006002408095940693,0.006,0.0,0.0,0.0,0.0
1409,1.409,1.41,-4.365439925812733,4.365439925812735,8.881784197001252e-16,8.730879851625469,-0.1009341922551188,0.1009341922551188,1,1,-4.365439925812733,4.365439925812735,-6.0,6.0,0.0,12.0,0.0,0.0,0.0,0.0,0.0,0.0,0.0,0.0,0.0,0.0,0.0,0.0,0.0,0.0,6.002408096203706,6.002408096203706,2.0877397033380873e-15,0.0,0.8014999395229829,0.0,-6.25,6.250000000000001,0.15811388300841892,0.15811388300841886,1.0956321399885036e-08,2.4190762879394353e-06,0.006002408096179921,0.006,2.41907628793836e-06,0.0060024080961799215,0.006,0.0,0.0,0.0,0.0
1419,1.419,1.42,-4.365439925595664,4.365439925595666,8.881784197001252e-16,8.73087985119133,-0.10093419225604361,0.10093419225604361,1,1,-4.365439925595664,4.365439925595666,-6.0,6.0,0.0,12.0,0.0,0.0,0.0,0.0,0.0,0.0,0.0,0.0,0.0,0.0,0.0,0.0,0.0,0.0,6.002408096440222,6.002408096440222,1.97758476261356e-16,0.0,0.801499939522983,0.0,-6.25,6.250000000000001,0.15811388300841892,0.15811388300841886,1.0956324106703048e-08,2.4190762821542294e-06,0.006002408096416681,0.006,2.4190762821540977e-06,0.006002408096416681,0.006,0.0,0.0,0.0,0.0
1429,1.429,1.43,-4.365439925380856,4.365439925380858,8.881784197001252e-16,8.730879850761713,-0.10093419225695621,0.10093419225695621,1,1,-4.365439925380856,4.365439925380858,-6.0,6.0,0.0,12.0,0.0,0.0,0.0,0.0,0.0,0.0,0.0,0.0,0.0,0.0,0.0,0.0,0.0,0.0,6.002408096674299,6.002408096674298,5.637851296924623e-17,0.0,0.8014999395229833,0.0,-6.25,6.250000000000001,0.15811388300841892,0.15811388300841886,1.095632678857433e-08,2.4190762764291566e-06,0.0060024080966510004,0.006,2.419076276429788e-06,0.006002408096650999,0.006,0.0,0.0,0.0,0.0
1439,1.439,1.44,-4.365439925168283,4.3654399251682845,8.881784197001252e-16,8.730879850336567,-0.10093419225785799,0.10093419225785799,1,1,-4.365439925168283,4.3654399251682845,-6.0,6.0,0.0,12.0,0.0,0.0,0.0,0.0,0.0,0.0,0.0,0.0,0.0,0.0,0.0,0.0,0.0,0.0,6.002408096905961,6.002408096905961,4.692427002517263e-16,0.0,0.8014999395229834,0.0,-6.25,6.250000000000001,0.15811388300841892,0.15811388300841886,1.0956329445725257e-08,2.419076270768656e-06,0.006002408096882903,0.006,2.4190762707676507e-06,0.006002408096882903,0.006,0.0,0.0,0.0,0.0
1449,1.449,1.45,-4.365439924957923,4.365439924957926,1.3322676295501878e-15,8.730879849915848,-0.10093419225874756,0.10093419225874756,1,1,-4.365439924957923,4.365439924957926,-6.0,6.0,0.0,12.0,0.0,0.0,0.0,0.0,0.0,0.0,0.0,0.0,0.0,0.0,0.0,0.0,0.0,0.0,6.002408097135236,6.002408097135235,7.034303695085953e-16,0.0,0.8014999395229835,0.0,-6.25,6.250000000000001,0.15811388300841892,0.15811388300841886,1.095633207838019e-08,2.4190762651660647e-06,0.006002408097112416,0.006,2.4190762651654654e-06,0.006002408097112415,0.006,0.0,0.0,0.0,0.0
1459,1.459,1.46,-4.365439924749754,4.365439924749756,8.881784197001252e-16,8.73087984949951,-0.10093419225962685,0.10093419225962685,1,1,-4.365439924749754,4.365439924749756,-6.0,6.0,0.0,12.0,0.0,0.0,0.0,0.0,0.0,0.0,0.0,0.0,0.0,0.0,0.0,0.0,0.0,0.0,6.002408097362146,6.002408097362146,7.754213937616328e-16,0.0,0.8014999395229836,0.0,-6.25,6.250000000000001,0.15811388300841892,0.15811388300841886,1.0956334686761492e-08,2.419076259623601e-06,0.006002408097339561,0.006,2.419076259623232e-06,0.00600240809733956,0.006,0.0,0.0,0.0,0.0
1469,1.469,1.47,-4.365439924543752,4.365439924543754,8.881784197001252e-16,8.730879849087506,-0.10093419226049422,0.10093419226049422,1,1,-4.365439924543752,4.365439924543754,-6.0,6.0,0.0,12.0,0.0,0.0,0.0,0.0,0.0,0.0,0.0,0.0,0.0,0.0,0.0,0.0,0.0,0.0,6.0024080975867165,6.002408097586717,1.493596912816031e-15,0.0,0.8014999395229838,0.0,-6.25,6.250000000000001,0.15811388300841892,0.15811388300841886,1.0956337271089539e-08,2.4190762541412647e-06,0.0060024080975643644,0.006,2.4190762541409504e-06,0.006002408097564366,0.006,0.0,0.0,0.0,0.0
1479,1.479,1.48,-4.365439924339895,4.3654399243398965,8.881784197001252e-16,8.730879848679791,-0.10093419226135047,0.10093419226135047,1,1,-4.365439924339895,4.3654399243398965,-6.0,6.0,0.0,12.0,0.0,0.0,0.0,0.0,0.0,0.0,0.0,0.0,0.0,0.0,0.0,0.0,0.0,0.0,6.002408097808973,6.002408097808972,1.065987575987748e-15,0.0,0.8014999395229839,0.0,-6.25,6.250000000000001,0.15811388300841892,0.15811388300841886,1.0956339831582751e-08,2.419076248721274e-06,0.006002408097786851,0.006,2.4190762487208416e-06,0.006002408097786851,0.006,0.0,0.0,0.0,0.0
1489,1.489,1.49,-4.36543992413816,4.365439924138162,8.881784197001252e-16,8.730879848276322,-0.10093419226219619,0.10093419226219619,1,1,-4.36543992413816,4.365439924138162,-6.0,6.0,0.0,12.0,0.0,0.0,0.0,0.0,0.0,0.0,0.0,0.0,0.0,0.0,0.0,0.0,0.0,0.0,6.002408098028937,6.002408098028937,1.4302795059428774e-15,0.0,0.801499939522984,0.0,-6.25,6.250000000000001,0.15811388300841892,0.15811388300841886,1.0956342368457599e-08,2.419076243354746e-06,0.0060024080980070425,0.006,2.4190762433540235e-06,0.006002408098007042,0.006,0.0,0.0,0.0,0.0
1499,1.499,1.5,-4.365439923938525,4.365439923938527,8.881784197001252e-16,8.730879847877052,-0.10093419226303135,0.10093419226303135,1,1,-4.365439923938525,4.365439923938527,-6.0,6.0,0.0,12.0,0.0,0.0,0.0,0.0,0.0,0.0,0.0,0.0,0.0,0.0,0.0,0.0,0.0,0.0,6.002408098246633,6.002408098246633,2.0296264668928643e-16,0.0,0.8014999395229842,0.0,-6.25,6.250000000000001,0.15811388300841892,0.15811388300841886,1.0956344881928623e-08,2.41907623804834e-06,0.0060024080982249645,0.006,2.419076238049378e-06,0.0060024080982249645,0.006,0.0,0.0,0.0,0.0
1509,1.5090000000000001,1.51,-4.365439923740969,4.365439923740971,8.881784197001252e-16,8.73087984748194,-0.10093419226385486,0.10093419226385486,1,1,-4.365439923740969,4.365439923740971,-6.0,6.0,0.0,12.0,0.0,0.0,0.0,0.0,0.0,0.0,0.0,0.0,0.0,0.0,0.0,0.0,0.0,0.0,6.002408098462084,6.002408098462084,2.7842311789427754e-16,0.0,0.8014999395229843,0.0,-6.25,6.250000000000001,0.15811388300841892,0.15811388300841886,1.0956347372208452e-08,2.419076232799835e-06,0.006002408098440638,0.006,2.4190762328002437e-06,0.006002408098440638,0.006,0.0,0.0,0.0,0.0
1519,1.5190000000000001,1.52,-4.365439923545471,4.365439923545472,8.881784197001252e-16,8.730879847090943,-0.10093419226466921,0.10093419226466921,1,1,-4.365439923545471,4.365439923545472,-6.0,6.0,0.0,12.0,0.0,0.0,0.0,0.0,0.0,0.0,0.0,0.0,0.0,0.0,0.0,0.0,0.0,0.0,6.002408098675313,6.002408098675315,1.1267028976469362e-15,0.0,0.8014999395229845,0.0,-6.25,6.250000000000001,0.15811388300841892,0.15811388300841886,1.0956349839507817e-08,2.419076227602567e-06,0.00600240809865409,0.006,2.4190762276021796e-06,0.00600240809865409,0.006,0.0,0.0,0.0,0.0
1529,1.5290000000000001,1.53,-4.365439923352007,4.3654399233520085,8.881784197001252e-16,8.730879846704015,-0.10093419226547273,0.10093419226547273,1,1,-4.365439923352007,4.3654399233520085,-6.0,6.0,0.0,12.0,0.0,0.0,0.0,0.0,0.0,0.0,0.0,0.0,0.0,0.0,0.0,0.0,0.0,0.0,6.002408098886344,6.0024080988863435,2.085137618124122e-15,0.0,0.8014999395229846,0.0,-6.25,6.250000000000001,0.15811388300841892,0.15811388300841886,1.0956352284035568e-08,2.4190762224631976e-06,0.006002408098865339,0.006,2.419076222464067e-06,0.00600240809886534,0.006,0.0,0.0,0.0,0.0
1539,1.539,1.54,-4.365439923160557,4.36543992316056,1.3322676295501878e-15,8.730879846321116,-0.10093419226626599,0.10093419226626599,1,1,-4.365439923160557,4.36543992316056,-6.0,6.0,0.0,12.0,0.0,0.0,0.0,0.0,0.0,0.0,0.0,0.0,0.0,0.0,0.0,0.0,0.0,0.0,6.0024080990952,6.0024080990952005,4.475586568020162e-16,0.0,0.8014999395229847,0.0,-6.25,6.250000000000001,0.15811388300841892,0.15811388300841886,1.0956354705998697e-08,2.4190762173817237e-06,0.006002408099074412,0.006,2.4190762173814662e-06,0.006002408099074412,0.006,0.0,0.0,0.0,0.0
1549,1.549,1.55,-4.365439922971102,4.365439922971103,8.881784197001252e-16,8.730879845942205,-0.10093419226704897,0.10093419226704897,1,1,-4.365439922971102,4.365439922971103,-6.0,6.0,0.0,12.0,0.0,0.0,0.0,0.0,0.0,0.0,0.0,0.0,0.0,0.0,0.0,0.0,0.0,0.0,6.002408099301903,6.002408099301903,7.346553920761778e-16,0.0,0.8014999395229848,0.0,-6.25,6.250000000000001,0.15811388300841892,0.15811388300841886,1.0956357105602346e-08,2.419076212351484e-06,0.006002408099281328,0.006,2.419076212352156e-06,0.006002408099281328,0.006,0.0,0.0,0.0,0.0
1559,1.559,1.56,-4.365439922783619,4.3654399227836205,8.881784197001252e-16,8.73087984556724,-0.10093419226782252,0.10093419226782252,1,1,-4.365439922783619,4.3654399227836205,-6.0,6.0,0.0,12.0,0.0,0.0,0.0,0.0,0.0,0.0,0.0,0.0,0.0,0.0,0.0,0.0,0.0,0.0,6.002408099506472,6.0024080995064715,1.1787446019262404e-15,0.0,0.8014999395229849,0.0,-6.25,6.250000000000001,0.15811388300841892,0.15811388300841886,1.0956359483049825e-08,2.4190762073746965e-06,0.00600240809948611,0.006,2.419076207373916e-06,0.00600240809948611,0.006,0.0,0.0,0.0,0.0
1569,1.569,1.57,-4.365439922598087,4.365439922598089,8.881784197001252e-16,8.730879845196176,-0.1009341922685858,0.1009341922685858,1,1,-4.365439922598087,4.365439922598089,-6.0,6.0,0.0,12.0,0.0,0.0,0.0,0.0,0.0,0.0,0.0,0.0,0.0,0.0,0.0,0.0,0.0,0.0,6.0024080997089335,6.002408099708934,4.7704895589362195e-17,0.0,0.801499939522985,0.0,-6.25,6.250000000000001,0.15811388300841892,0.15811388300841886,1.0956361838542628e-08,2.4190762024535808e-06,0.006002408099688781,0.006,2.4190762024534075e-06,0.006002408099688782,0.006,0.0,0.0,0.0,0.0
1579,1.579,1.58,-4.365439922414488,4.36543992241449,8.881784197001252e-16,8.730879844828978,-0.10093419226933964,0.10093419226933964,1,1,-4.365439922414488,4.36543992241449,-6.0,6.0,0.0,12.0,0.0,0.0,0.0,0.0,0.0,0.0,0.0,0.0,0.0,0.0,0.0,0.0,0.0,0.0,6.0024080999093075,6.002408099909307,1.777224201138239e-15,0.0,0.8014999395229851,0.0,-6.25,6.250000000000001,0.15811388300841892,0.15811388300841886,1.0956364172280454e-08,2.419076197583695e-06,0.006002408099889362,0.006,2.4190761975839693e-06,0.006002408099889364,0.006,0.0,0.0,0.0,0.0
1589,1.589,1.59,-4.3654399222328,4.3654399222328015,8.881784197001252e-16,8.730879844465601,-0.10093419227008266,0.10093419227008266,1,1,-4.3654399222328,4.3654399222328015,-6.0,6.0,0.0,12.0,0.0,0.0,0.0,0.0,0.0,0.0,0.0,0.0,0.0,0.0,0.0,0.0,0.0,0.0,6.0024081001076155,6.002408100107613,2.1935578353726726e-15,0.0,0.8014999395229853,0.0,-6.25,6.250000000000001,0.15811388300841892,0.15811388300841886,1.0956366484461217e-08,2.419076192767257e-06,0.006002408100087876,0.006,2.4190761927678217e-06,0.006002408100087877,0.006,0.0,0.0,0.0,0.0
1599,1.599,1.6,-4.365439922053003,4.365439922053006,1.3322676295501878e-15,8.73087984410601,-0.10093419227081818,0.10093419227081818,1,1,-4.365439922053003,4.365439922053006,-6.0,6.0,0.0,12.0,0.0,0.0,0.0,0.0,0.0,0.0,0.0,0.0,0.0,0.0,0.0,0.0,0.0,0.0,6.002408100303878,6.002408100303878,5.993469609499869e-16,0.0,0.8014999395229854,0.0,-6.25,6.250000000000001,0.15811388300841892,0.15811388300841886,1.0956368775281065e-08,2.4190761880020467e-06,0.006002408100284342,0.006,2.4190761880027447e-06,0.006002408100284342,0.006,0.0,0.0,0.0,0.0
1609,1.609,1.61,-4.36543992187508,4.3654399218750815,8.881784197001252e-16,8.730879843750161,-0.10093419227154343,0.10093419227154343,1,1,-4.36543992187508,4.3654399218750815,-6.0,6.0,0.0,12.0,0.0,0.0,0.0,0.0,0.0,0.0,0.0,0.0,0.0,0.0,0.0,0.0,0.0,0.0,6.002408100498116,6.0024081004981165,1.3643600138557588e-15,0.0,0.8014999395229856,0.0,-6.25,6.250000000000001,0.15811388300841892,0.15811388300841886,1.0956371044934386e-08,2.4190761832836205e-06,0.006002408100478783,0.006,2.419076183284297e-06,0.006002408100478783,0.006,0.0,0.0,0.0,0.0
1619,1.619,1.62,-4.365439921699008,4.36543992169901,8.881784197001252e-16,8.730879843398018,-0.10093419227225953,0.10093419227225953,1,1,-4.365439921699008,4.36543992169901,-6.0,6.0,0.0,12.0,0.0,0.0,0.0,0.0,0.0,0.0,0.0,0.0,0.0,0.0,0.0,0.0,0.0,0.0,6.002408100690353,6.002408100690354,1.6939574742913521e-15,0.0,0.8014999395229857,0.0,-6.25,6.250000000000001,0.15811388300841892,0.15811388300841886,1.0956373293613837e-08,2.4190761786208595e-06,0.006002408100671219,0.006,2.41907617862136e-06,0.006002408100671218,0.006,0.0,0.0,0.0,0.0
1629,1.629,1.6300000000000001,-4.365439921524771,4.365439921524772,8.881784197001252e-16,8.730879843049543,-0.10093419227296646,0.10093419227296646,1,1,-4.365439921524771,4.365439921524772,-6.0,6.0,0.0,12.0,0.0,0.0,0.0,0.0,0.0,0.0,0.0,0.0,0.0,0.0,0.0,0.0,0.0,0.0,6.002408100880608,6.002408100880606,8.543513119185775e-16,0.0,0.8014999395229858,0.0,-6.25,6.250000000000001,0.15811388300841892,0.15811388300841886,1.0956375521510357e-08,2.4190761740093216e-06,0.0060024081008616705,0.006,2.4190761740094936e-06,0.0060024081008616705,0.006,0.0,0.0,0.0,0.0
1639,1.639,1.6400000000000001,-4.365439921352346,4.3654399213523485,1.3322676295501878e-15,8.730879842704695,-0.10093419227366424,0.10093419227366424,1,1,-4.365439921352346,4.3654399213523485,-6.0,6.0,0.0,12.0,0.0,0.0,0.0,0.0,0.0,0.0,0.0,0.0,0.0,0.0,0.0,0.0,0.0,0.0,6.002408101068899,6.002408101068899,1.0581813203458523e-16,0.0,0.8014999395229859,0.0,-6.25,6.250000000000001,0.15811388300841892,0.15811388300841886,1.095637772881317e-08,2.419076169444564e-06,0.006002408101050158,0.006,2.4190761694442566e-06,0.006002408101050158,0.006,0.0,0.0,0.0,0.0
1649,1.649,1.6500000000000001,-4.365439921181718,4.36543992118172,8.881784197001252e-16,8.730879842363438,-0.10093419227435368,0.10093419227435368,1,1,-4.365439921181718,4.36543992118172,-6.0,6.0,0.0,12.0,0.0,0.0,0.0,0.0,0.0,0.0,0.0,0.0,0.0,0.0,0.0,0.0,0.0,0.0,6.00240810125525,6.002408101255251,1.2967057982926633e-15,0.0,0.801499939522986,0.0,-6.25,6.250000000000001,0.15811388300841892,0.15811388300841886,1.095637991570981e-08,2.419076164926586e-06,0.006002408101236702,0.006,2.419076164925649e-06,0.006002408101236701,0.006,0.0,0.0,0.0,0.0
1659,1.659,1.6600000000000001,-4.365439921012865,4.365439921012867,8.881784197001252e-16,8.730879842025733,-0.10093419227503342,0.10093419227503342,1,1,-4.365439921012865,4.365439921012867,-6.0,6.0,0.0,12.0,0.0,0.0,0.0,0.0,0.0,0.0,0.0,0.0,0.0,0.0,0.0,0.0,0.0,0.0,6.002408101439681,6.00240810143968,7.042977312465837e-16,0.0,0.8014999395229861,0.0,-6.25,6.250000000000001,0.15811388300841892,0.15811388300841886,1.0956382082386143e-08,2.4190761604598273e-06,0.006002408101421323,0.006,2.4190761604603317e-06,0.006002408101421323,0.006,0.0,0.0,0.0,0.0
1669,1.669,1.67,-4.3654399208457715,4.365439920845773,8.881784197001252e-16,8.730879841691545,-0.10093419227570483,0.10093419227570483,1,1,-4.3654399208457715,4.365439920845773,-6.0,6.0,0.0,12.0,0.0,0.0,0.0,0.0,0.0,0.0,0.0,0.0,0.0,0.0,0.0,0.0,0.0,0.0,6.002408101622208,6.002408101622208,8.066464163292153e-16,0.0,0.8014999395229863,0.0,-6.25,6.250000000000001,0.15811388300841892,0.15811388300841886,1.0956384229026356e-08,2.419076156039845e-06,0.00600240810160404,0.006,2.4190761560394236e-06,0.00600240810160404,0.006,0.0,0.0,0.0,0.0
1679,1.679,1.68,-4.3654399206804175,4.365439920680419,8.881784197001252e-16,8.730879841360837,-0.1009341922763679,0.1009341922763679,1,1,-4.3654399206804175,4.365439920680419,-6.0,6.0,0.0,12.0,0.0,0.0,0.0,0.0,0.0,0.0,0.0,0.0,0.0,0.0,0.0,0.0,0.0,0.0,6.002408101802853,6.002408101802854,7.311859451242242e-16,0.0,0.8014999395229864,0.0,-6.25,6.250000000000001,0.15811388300841892,0.15811388300841886,1.0956386355813004e-08,2.4190761516688594e-06,0.006002408101784873,0.006,2.4190761516695857e-06,0.006002408101784873,0.006,0.0,0.0,0.0,0.0
1689,1.689,1.69,-4.365439920516786,4.3654399205167875,8.881784197001252e-16,8.730879841033573,-0.10093419227702266,0.10093419227702266,1,1,-4.365439920516786,4.3654399205167875,-6.0,6.0,0.0,12.0,0.0,0.0,0.0,0.0,0.0,0.0,0.0,0.0,0.0,0.0,0.0,0.0,0.0,0.0,6.002408101981636,6.0024081019816355,5.039371697712625e-16,0.0,0.8014999395229865,0.0,-6.25,6.250000000000001,0.15811388300841892,0.15811388300841886,1.0956388462926995e-08,2.4190761473424277e-06,0.006002408101963841,0.006,2.4190761473419364e-06,0.006002408101963841,0.006,0.0,0.0,0.0,0.0
1699,1.699,1.7,-4.3654399203548575,4.365439920354859,8.881784197001252e-16,8.730879840709717,-0.10093419227766909,0.10093419227766909,1,1,-4.3654399203548575,4.365439920354859,-6.0,6.0,0.0,12.0,0.0,0.0,0.0,0.0,0.0,0.0,0.0,0.0,0.0,0.0,0.0,0.0,0.0,0.0,6.002408102158576,6.002408102158576,7.476658181460039e-16,0.0,0.8014999395229866,0.0,-6.25,6.250000000000001,0.15811388300841892,0.15811388300841886,1.0956390550547629e-08,2.4190761430649893e-06,0.006002408102140965,0.006,2.4190761430653573e-06,0.006002408102140965,0.006,0.0,0.0,0.0,0.0
1709,1.709,1.71,-4.365439920194615,4.365439920194617,8.881784197001252e-16,8.730879840389232,-0.10093419227830663,0.10093419227830663,1,1,-4.365439920194615,4.365439920194617,-6.0,6.0,0.0,12.0,0.0,0.0,0.0,0.0,0.0,0.0,0.0,0.0,0.0,0.0,0.0,0.0,0.0,0.0,6.002408102333691,6.002408102333692,1.4372183998467847e-15,0.0,0.8014999395229867,0.0,-6.25,6.250000000000001,0.15811388300841892,0.15811388300841886,1.0956392618852596e-08,2.419076138829882e-06,0.006002408102316261,0.006,2.4190761388309667e-06,0.00600240810231626,0.006,0.0,0.0,0.0,0.0
1719,1.719,1.72,-4.365439920036041,4.365439920036044,1.3322676295501878e-15,8.730879840072085,-0.10093419227893641,0.10093419227893641,1,1,-4.365439920036041,4.365439920036044,-6.0,6.0,0.0,12.0,0.0,0.0,0.0,0.0,0.0,0.0,0.0,0.0,0.0,0.0,0.0,0.0,0.0,0.0,6.002408102507001,6.002408102507001,8.690964614643804e-16,0.0,0.8014999395229867,0.0,-6.25,6.250000000000001,0.15811388300841892,0.15811388300841886,1.095639466801799e-08,2.4190761346393255e-06,0.00600240810248975,0.006,2.419076134638765e-06,0.00600240810248975,0.006,0.0,0.0,0.0,0.0
1729,1.729,1.73,-4.365439919879119,4.365439919879121,8.881784197001252e-16,8.73087983975824,-0.10093419227955813,0.10093419227955813,1,1,-4.365439919879119,4.365439919879121,-6.0,6.0,0.0,12.0,0.0,0.0,0.0,0.0,0.0,0.0,0.0,0.0,0.0,0.0,0.0,0.0,0.0,0.0,6.0024081026785225,6.0024081026785225,6.722053469410127e-16,0.0,0.8014999395229868,0.0,-6.25,6.250000000000001,0.15811388300841892,0.15811388300841886,1.0956396698218345e-08,2.419076130497759e-06,0.00600240810266145,0.006,2.4190761304976326e-06,0.0060024081026614495,0.006,0.0,0.0,0.0,0.0
1739,1.739,1.74,-4.365439919723831,4.3654399197238325,8.881784197001252e-16,8.730879839447663,-0.10093419228017181,0.10093419228017181,1,1,-4.365439919723831,4.3654399197238325,-6.0,6.0,0.0,12.0,0.0,0.0,0.0,0.0,0.0,0.0,0.0,0.0,0.0,0.0,0.0,0.0,0.0,0.0,6.0024081028482765,6.002408102848276,4.9439619065339e-16,0.0,0.8014999395229869,0.0,-6.25,6.250000000000001,0.15811388300841892,0.15811388300841886,1.0956398709626606e-08,2.4190761264007405e-06,0.0060024081028313804,0.006,2.41907612640091e-06,0.00600240810283138,0.006,0.0,0.0,0.0,0.0
1749,1.749,1.75,-4.365439919570159,4.365439919570162,1.3322676295501878e-15,8.730879839140322,-0.10093419228077771,0.10093419228077771,1,1,-4.365439919570159,4.365439919570162,-6.0,6.0,0.0,12.0,0.0,0.0,0.0,0.0,0.0,0.0,0.0,0.0,0.0,0.0,0.0,0.0,0.0,0.0,6.002408103016279,6.00240810301628,5.386316392907986e-16,0.0,0.801499939522987,0.0,-6.25,6.250000000000001,0.15811388300841892,0.15811388300841886,1.0956400702414192e-08,2.4190761223438274e-06,0.0060024081029995575,0.006,2.419076122344155e-06,0.0060024081029995575,0.006,0.0,0.0,0.0,0.0
1759,1.7590000000000001,1.76,-4.365439919418089,4.36543991941809,8.881784197001252e-16,8.730879838836179,-0.10093419228137585,0.10093419228137585,1,1,-4.365439919418089,4.36543991941809,-6.0,6.0,0.0,12.0,0.0,0.0,0.0,0.0,0.0,0.0,0.0,0.0,0.0,0.0,0.0,0.0,0.0,0.0,6.00240810318255,6.0024081031825505,1.111090386363145e-15,0.0,0.8014999395229871,0.0,-6.25,6.250000000000001,0.15811388300841892,0.15811388300841886,1.0956402676750972e-08,2.41907611832924e-06,0.006002408103166002,0.006,2.4190761183295884e-06,0.006002408103166001,0.006,0.0,0.0,0.0,0.0
1769,1.7690000000000001,1.77,-4.3654399192676,4.365439919267603,1.3322676295501878e-15,8.730879838535202,-0.10093419228196593,0.10093419228196593,1,1,-4.3654399192676,4.365439919267603,-6.0,6.0,0.0,12.0,0.0,0.0,0.0,0.0,0.0,0.0,0.0,0.0,0.0,0.0,0.0,0.0,0.0,0.0,6.002408103347108,6.002408103347108,1.6731407925796304e-15,0.0,0.8014999395229873,0.0,-6.25,6.250000000000001,0.15811388300841892,0.15811388300841886,1.0956404632805297e-08,2.4190761143614173e-06,0.006002408103330728,0.006,2.419076114361651e-06,0.0060024081033307275,0.006,0.0,0.0,0.0,0.0
1779,1.7790000000000001,1.78,-4.36543991911868,4.365439919118682,8.881784197001252e-16,8.730879838237362,-0.10093419228254935,0.10093419228254935,1,1,-4.36543991911868,4.365439919118682,-6.0,6.0,0.0,12.0,0.0,0.0,0.0,0.0,0.0,0.0,0.0,0.0,0.0,0.0,0.0,0.0,0.0,0.0,6.002408103509968,6.002408103509968,9.254749744336266e-16,0.0,0.8014999395229874,0.0,-6.25,6.250000000000001,0.15811388300841892,0.15811388300841886,1.0956406570744011e-08,2.4190761104336968e-06,0.006002408103493756,0.006,2.4190761104336824e-06,0.006002408103493756,0.006,0.0,0.0,0.0,0.0
1789,1.7890000000000001,1.79,-4.36543991897131,4.365439918971312,8.881784197001252e-16,8.730879837942622,-0.10093419228312472,0.10093419228312472,1,1,-4.36543991897131,4.365439918971312,-6.0,6.0,0.0,12.0,0.0,0.0,0.0,0.0,0.0,0.0,0.0,0.0,0.0,0.0,0.0,0.0,0.0,0.0,6.002408103671147,6.002408103671147,2.0903417885520525e-16,0.0,0.8014999395229875,0.0,-6.25,6.250000000000001,0.15811388300841892,0.15811388300841886,1.0956408490732459e-08,2.419076106552739e-06,0.006002408103655104,0.006,2.4190761065523428e-06,0.006002408103655104,0.006,0.0,0.0,0.0,0.0
1799,1.799,1.8,-4.365439918825475,4.365439918825476,8.881784197001252e-16,8.730879837650951,-0.10093419228369288,0.10093419228369288,1,1,-4.365439918825475,4.365439918825476,-6.0,6.0,0.0,12.0,0.0,0.0,0.0,0.0,0.0,0.0,0.0,0.0,0.0,0.0,0.0,0.0,0.0,0.0,6.002408103830666,6.002408103830665,4.501607420159814e-16,0.0,0.8014999395229876,0.0,-6.25,6.250000000000001,0.15811388300841892,0.15811388300841886,1.0956410392934505e-08,2.4190761027096613e-06,0.006002408103814788,0.006,2.4190761027087503e-06,0.006002408103814788,0.006,0.0,0.0,0.0,0.0
1809,1.809,1.81,-4.365439918681157,4.365439918681159,8.881784197001252e-16,8.730879837362316,-0.1009341922842541,0.1009341922842541,1,1,-4.365439918681157,4.365439918681159,-6.0,6.0,0.0,12.0,0.0,0.0,0.0,0.0,0.0,0.0,0.0,0.0,0.0,0.0,0.0,0.0,0.0,0.0,6.002408103988539,6.002408103988539,1.0408340855860843e-15,0.0,0.8014999395229876,0.0,-6.25,6.250000000000001,0.15811388300841892,0.15811388300841886,1.0956412277512539e-08,2.4190760989066825e-06,0.006002408103972825,0.006,2.419076098907347e-06,0.006002408103972825,0.006,0.0,0.0,0.0,0.0
1819,1.819,1.82,-4.3654399185383435,4.365439918538345,8.881784197001252e-16,8.730879837076689,-0.10093419228480727,0.10093419228480727,1,1,-4.3654399185383435,4.365439918538345,-6.0,6.0,0.0,12.0,0.0,0.0,0.0,0.0,0.0,0.0,0.0,0.0,0.0,0.0,0.0,0.0,0.0,0.0,6.002408104144784,6.002408104144784,6.522560269672795e-16,0.0,0.8014999395229877,0.0,-6.25,6.250000000000001,0.15811388300841892,0.15811388300841886,1.0956414144627501e-08,2.419076095146022e-06,0.006002408104129232,0.006,2.4190760951459112e-06,0.006002408104129233,0.006,0.0,0.0,0.0,0.0
1829,1.829,1.83,-4.3654399183970165,4.365439918397018,8.881784197001252e-16,8.730879836794035,-0.10093419228535377,0.10093419228535377,1,1,-4.3654399183970165,4.365439918397018,-6.0,6.0,0.0,12.0,0.0,0.0,0.0,0.0,0.0,0.0,0.0,0.0,0.0,0.0,0.0,0.0,0.0,0.0,6.002408104299418,6.002408104299419,7.24247051220317e-16,0.0,0.8014999395229878,0.0,-6.25,6.250000000000001,0.15811388300841892,0.15811388300841886,1.095641599443888e-08,2.419076091427679e-06,0.006002408104284026,0.006,2.419076091426664e-06,0.0060024081042840275,0.006,0.0,0.0,0.0,0.0
1839,1.839,1.84,-4.365439918257161,4.365439918257163,8.881784197001252e-16,8.730879836514324,-0.1009341922858939,0.1009341922858939,1,1,-4.365439918257161,4.365439918257163,-6.0,6.0,0.0,12.0,0.0,0.0,0.0,0.0,0.0,0.0,0.0,0.0,0.0,0.0,0.0,0.0,0.0,0.0,6.002408104452458,6.002408104452458,4.3107878378023656e-16,0.0,0.8014999395229879,0.0,-6.25,6.250000000000001,0.15811388300841892,0.15811388300841886,1.0956417827104741e-08,2.41907608774277e-06,0.006002408104437225,0.006,2.419076087742944e-06,0.006002408104437225,0.006,0.0,0.0,0.0,0.0
1849,1.849,1.85,-4.365439918118763,4.365439918118764,8.881784197001252e-16,8.730879836237527,-0.10093419228642542,0.10093419228642542,1,1,-4.365439918118763,4.365439918118764,-6.0,6.0,0.0,12.0,0.0,0.0,0.0,0.0,0.0,0.0,0.0,0.0,0.0,0.0,0.0,0.0,0.0,0.0,6.002408104603919,6.002408104603919,1.4510961876545991e-15,0.0,0.801499939522988,0.0,-6.25,6.250000000000001,0.15811388300841892,0.15811388300841886,1.0956419642781725e-08,2.4190760841046174e-06,0.006002408104588844,0.006,2.419076084103633e-06,0.006002408104588845,0.006,0.0,0.0,0.0,0.0
1859,1.859,1.86,-4.365439917981805,4.365439917981807,1.3322676295501878e-15,8.730879835963613,-0.10093419228695139,0.10093419228695139,1,1,-4.365439917981805,4.365439917981807,-6.0,6.0,0.0,12.0,0.0,0.0,0.0,0.0,0.0,0.0,0.0,0.0,0.0,0.0,0.0,0.0,0.0,0.0,6.002408104753819,6.002408104753819,5.403663627667754e-16,0.0,0.8014999395229881,0.0,-6.25,6.250000000000001,0.15811388300841892,0.15811388300841886,1.0956421441625064e-08,2.419076080502117e-06,0.006002408104738899,0.006,2.4190760805020694e-06,0.006002408104738899,0.006,0.0,0.0,0.0,0.0
1869,1.869,1.87,-4.365439917846274,4.365439917846276,8.881784197001252e-16,8.73087983569255,-0.10093419228747097,0.10093419228747097,1,1,-4.365439917846274,4.365439917846276,-6.0,6.0,0.0,12.0,0.0,0.0,0.0,0.0,0.0,0.0,0.0,0.0,0.0,0.0,0.0,0.0,0.0,0.0,6.002408104902174,6.002408104902173,1.4320142294188543e-15,0.0,0.8014999395229881,0.0,-6.25,6.250000000000001,0.15811388300841892,0.15811388300841886,1.0956423223788606e-08,2.4190760769397092e-06,0.006002408104887406,0.006,2.419076076940474e-06,0.006002408104887408,0.006,0.0,0.0,0.0,0.0
1879,1.879,1.8800000000000001,-4.365439917712154,4.3654399177121554,8.881784197001252e-16,8.73087983542431,-0.10093419228798334,0.10093419228798334,1,1,-4.365439917712154,4.3654399177121554,-6.0,6.0,0.0,12.0,0.0,0.0,0.0,0.0,0.0,0.0,0.0,0.0,0.0,0.0,0.0,0.0,0.0,0.0,6.002408105048998,6.002408105048999,1.822327011513636e-15,0.0,0.8014999395229883,0.0,-6.25,6.250000000000001,0.15811388300841892,0.15811388300841886,1.0956424989424806e-08,2.419076073415173e-06,0.006002408105034383,0.006,2.4190760734144056e-06,0.006002408105034383,0.006,0.0,0.0,0.0,0.0
1889,1.889,1.8900000000000001,-4.3654399175794305,4.365439917579432,8.881784197001252e-16,8.730879835158863,-0.10093419228848877,0.10093419228848877,1,1,-4.3654399175794305,4.365439917579432,-6.0,6.0,0.0,12.0,0.0,0.0,0.0,0.0,0.0,0.0,0.0,0.0,0.0,0.0,0.0,0.0,0.0,0.0,6.002408105194308,6.002408105194308,1.132774429812855e-15,0.0,0.8014999395229884,0.0,-6.25,6.250000000000001,0.15811388300841892,0.15811388300841886,1.0956426738684753e-08,2.4190760699262858e-06,0.006002408105179845,0.006,2.419076069926085e-06,0.006002408105179846,0.006,0.0,0.0,0.0,0.0
1899,1.899,1.9000000000000001,-4.365439917448089,4.365439917448091,8.881784197001252e-16,8.73087983489618,-0.10093419228898809,0.10093419228898809,1,1,-4.365439917448089,4.365439917448091,-6.0,6.0,0.0,12.0,0.0,0.0,0.0,0.0,0.0,0.0,0.0,0.0,0.0,0.0,0.0,0.0,0.0,0.0,6.0024081053381195,6.002408105338119,1.2004286453759505e-15,0.0,0.8014999395229885,0.0,-6.25,6.250000000000001,0.15811388300841892,0.15811388300841886,1.0956428471718187e-08,2.4190760664730468e-06,0.006002408105323804,0.006,2.4190760664732916e-06,0.006002408105323806,0.006,0.0,0.0,0.0,0.0
1909,1.909,1.9100000000000001,-4.365439917318116,4.365439917318118,8.881784197001252e-16,8.730879834636234,-0.10093419228948103,0.10093419228948103,1,1,-4.365439917318116,4.365439917318118,-6.0,6.0,0.0,12.0,0.0,0.0,0.0,0.0,0.0,0.0,0.0,0.0,0.0,0.0,0.0,0.0,0.0,0.0,6.002408105480448,6.002408105480448,1.0347625534201654e-15,0.0,0.8014999395229885,0.0,-6.25,6.250000000000001,0.15811388300841892,0.15811388300841886,1.0956430188673489e-08,2.419076063062117e-06,0.006002408105466281,0.006,2.4190760630626863e-06,0.006002408105466282,0.006,0.0,0.0,0.0,0.0
1919,1.919,1.92,-4.365439917189495,4.365439917189498,1.3322676295501878e-15,8.730879834378992,-0.1009341922899673,0.1009341922899673,1,1,-4.365439917189495,4.365439917189498,-6.0,6.0,0.0,12.0,0.0,0.0,0.0,0.0,0.0,0.0,0.0,0.0,0.0,0.0,0.0,0.0,0.0,0.0,6.00240810562131,6.00240810562131,1.4944642745540193e-15,0.0,0.8014999395229886,0.0,-6.25,6.250000000000001,0.15811388300841892,0.15811388300841886,1.0956431889697713e-08,2.419076059682393e-06,0.00600240810560729,0.006,2.419076059683167e-06,0.006002408105607291,0.006,0.0,0.0,0.0,0.0
1929,1.929,1.93,-4.365439917062215,4.365439917062218,1.3322676295501878e-15,8.730879834124433,-0.10093419229044776,0.10093419229044776,1,1,-4.365439917062215,4.365439917062218,-6.0,6.0,0.0,12.0,0.0,0.0,0.0,0.0,0.0,0.0,0.0,0.0,0.0,0.0,0.0,0.0,0.0,0.0,6.002408105760718,6.002408105760718,8.023096076392733e-16,0.0,0.8014999395229887,0.0,-6.25,6.250000000000001,0.15811388300841892,0.15811388300841886,1.0956433574936593e-08,2.4190760563427547e-06,0.006002408105746843,0.006,2.4190760563436165e-06,0.0060024081057468434,0.006,0.0,0.0,0.0,0.0
1939,1.939,1.94,-4.3654399169362605,4.365439916936262,8.881784197001252e-16,8.730879833872523,-0.10093419229092182,0.10093419229092182,1,1,-4.3654399169362605,4.365439916936262,-6.0,6.0,0.0,12.0,0.0,0.0,0.0,0.0,0.0,0.0,0.0,0.0,0.0,0.0,0.0,0.0,0.0,0.0,6.00240810589869,6.002408105898688,7.129713486264677e-16,0.0,0.8014999395229888,0.0,-6.25,6.250000000000001,0.15811388300841892,0.15811388300841886,1.0956435244534548e-08,2.419076053038761e-06,0.006002408105884957,0.006,2.419076053039593e-06,0.006002408105884956,0.006,0.0,0.0,0.0,0.0
1949,1.949,1.95,-4.365439916811617,4.365439916811619,8.881784197001252e-16,8.730879833623236,-0.1009341922913895,0.1009341922913895,1,1,-4.365439916811617,4.365439916811619,-6.0,6.0,0.0,12.0,0.0,0.0,0.0,0.0,0.0,0.0,0.0,0.0,0.0,0.0,0.0,0.0,0.0,0.0,6.0024081060352374,6.0024081060352374,1.2073675392798577e-15,0.0,0.8014999395229888,0.0,-6.25,6.250000000000001,0.15811388300841892,0.15811388300841886,1.09564368986347e-08,2.419076049770411e-06,0.006002408106021648,0.006,2.419076049771096e-06,0.006002408106021647,0.006,0.0,0.0,0.0,0.0
1959,1.959,1.96,-4.365439916688271,4.365439916688273,8.881784197001252e-16,8.730879833376544,-0.10093419229185163,0.10093419229185163,1,1,-4.365439916688271,4.365439916688273,-6.0,6.0,0.0,12.0,0.0,0.0,0.0,0.0,0.0,0.0,0.0,0.0,0.0,0.0,0.0,0.0,0.0,0.0,6.002408106170378,6.002408106170378,4.98732999343332e-16,0.0,0.8014999395229889,0.0,-6.25,6.250000000000001,0.15811388300841892,0.15811388300841886,1.0956438537378885e-08,2.4190760465377033e-06,0.006002408106156927,0.006,2.419076046538127e-06,0.006002408106156928,0.006,0.0,0.0,0.0,0.0
1969,1.969,1.97,-4.365439916566211,4.3654399165662126,8.881784197001252e-16,8.730879833132423,-0.10093419229230766,0.10093419229230766,1,1,-4.365439916566211,4.3654399165662126,-6.0,6.0,0.0,12.0,0.0,0.0,0.0,0.0,0.0,0.0,0.0,0.0,0.0,0.0,0.0,0.0,0.0,0.0,6.002408106304125,6.002408106304124,3.408731630294426e-16,0.0,0.801499939522989,0.0,-6.25,6.250000000000001,0.15811388300841892,0.15811388300841886,1.095644016090766e-08,2.419076043331755e-06,0.006002408106290813,0.006,2.4190760433318026e-06,0.006002408106290812,0.006,0.0,0.0,0.0,0.0
1979,1.979,1.98,-4.365439916445421,4.365439916445423,8.881784197001252e-16,8.730879832890844,-0.10093419229275785,0.10093419229275785,1,1,-4.365439916445421,4.365439916445423,-6.0,6.0,0.0,12.0,0.0,0.0,0.0,0.0,0.0,0.0,0.0,0.0,0.0,0.0,0.0,0.0,0.0,0.0,6.0024081064364925,6.002408106436492,1.5785983631388945e-16,0.0,0.8014999395229891,0.0,-6.25,6.250000000000001,0.15811388300841892,0.15811388300841886,1.095644176936032e-08,2.4190760401681087e-06,0.006002408106423318,0.006,2.419076040167667e-06,0.006002408106423316,0.006,0.0,0.0,0.0,0.0
1989,1.989,1.99,-4.365439916325889,4.365439916325891,8.881784197001252e-16,8.73087983265178,-0.10093419229320194,0.10093419229320194,1,1,-4.365439916325889,4.365439916325891,-6.0,6.0,0.0,12.0,0.0,0.0,0.0,0.0,0.0,0.0,0.0,0.0,0.0,0.0,0.0,0.0,0.0,0.0,6.0024081065674935,6.002408106567494,1.64625257870199e-15,0.0,0.8014999395229891,0.0,-6.25,6.250000000000001,0.15811388300841892,0.15811388300841886,1.0956443362874903e-08,2.419076037035661e-06,0.006002408106554456,0.006,2.4190760370346174e-06,0.006002408106554454,0.006,0.0,0.0,0.0,0.0
1999,1.999,2.0,-4.3654399162076025,4.365439916207604,8.881784197001252e-16,8.730879832415207,-0.1009341922936402,0.1009341922936402,1,1,-4.3654399162076025,4.365439916207604,-6.0,6.0,0.0,12.0,0.0,0.0,0.0,0.0,0.0,0.0,0.0,0.0,0.0,0.0,0.0,0.0,0.0,0.0,6.002408106697146,6.002408106697146,1.366962099069724e-15,0.0,0.8014999395229893,0.0,-6.25,6.250000000000001,0.15811388300841892,0.15811388300841886,1.095644494158821e-08,2.419076033934411e-06,0.006002408106684241,0.006,2.419076033934875e-06,0.00600240810668424,0.006,0.0,0.0,0.0,0.0
2009,2.009,2.0100000000000002,-4.365439916090548,4.3654399160905495,8.881784197001252e-16,8.730879832181097,-0.10093419229407319,0.10093419229407319,1,1,-4.365439916090548,4.3654399160905495,-6.0,6.0,0.0,12.0,0.0,0.0,0.0,0.0,0.0,0.0,0.0,0.0,0.0,0.0,0.0,0.0,0.0,0.0,6.00240810682546,6.00240810682546,1.2177758801357186e-15,0.0,0.8014999395229894,0.0,-6.25,6.250000000000001,0.15811388300841892,0.15811388300841886,1.0956446505635802e-08,2.4190760308687982e-06,0.006002408106812688,0.006,2.419076030868439e-06,0.006002408106812687,0.006,0.0,0.0,0.0,0.0
2019,2.019,2.02,-4.3654399159747115,4.365439915974713,8.881784197001252e-16,8.730879831949425,-0.10093419229450035,0.10093419229450035,1,1,-4.3654399159747115,4.365439915974713,-6.0,6.0,0.0,12.0,0.0,0.0,0.0,0.0,0.0,0.0,0.0,0.0,0.0,0.0,0.0,0.0,0.0,0.0,6.002408106952451,6.002408106952451,5.819997261902188e-16,0.0,0.8014999395229894,0.0,-6.25,6.250000000000001,0.15811388300841892,0.15811388300841886,1.0956448055152027e-08,2.4190760278388225e-06,0.00600240810693981,0.006,2.4190760278397504e-06,0.006002408106939812,0.006,0.0,0.0,0.0,0.0
2029,2.029,2.0300000000000002,-4.365439915860081,4.365439915860083,8.881784197001252e-16,8.730879831720165,-0.10093419229492223,0.10093419229492223,1,1,-4.365439915860081,4.365439915860083,-6.0,6.0,0.0,12.0,0.0,0.0,0.0,0.0,0.0,0.0,0.0,0.0,0.0,0.0,0.0,0.0,0.0,0.0,6.002408107078132,6.002408107078132,5.26488574958961e-16,0.0,0.8014999395229895,0.0,-6.25,6.250000000000001,0.15811388300841892,0.15811388300841886,1.0956449590270017e-08,2.4190760248444822e-06,0.006002408107065624,0.006,2.4190760248443687e-06,0.006002408107065623,0.006,0.0,0.0,0.0,0.0
2039,2.039,2.04,-4.365439915746646,4.365439915746648,8.881784197001252e-16,8.730879831493294,-0.10093419229533829,0.10093419229533829,1,1,-4.365439915746646,4.365439915746648,-6.0,6.0,0.0,12.0,0.0,0.0,0.0,0.0,0.0,0.0,0.0,0.0,0.0,0.0,0.0,0.0,0.0,0.0,6.002408107202517,6.00240810720252,2.355754480376504e-15,0.0,0.8014999395229896,0.0,-6.25,6.250000000000001,0.15811388300841892,0.15811388300841886,1.0956451111121712e-08,2.4190760218746746e-06,0.006002408107190137,0.006,2.4190760218756326e-06,0.006002408107190137,0.006,0.0,0.0,0.0,0.0
2049,2.049,2.05,-4.365439915634391,4.3654399156343935,1.3322676295501878e-15,8.730879831268783,-0.1009341922957499,0.1009341922957499,1,1,-4.365439915634391,4.3654399156343935,-6.0,6.0,0.0,12.0,0.0,0.0,0.0,0.0,0.0,0.0,0.0,0.0,0.0,0.0,0.0,0.0,0.0,0.0,6.002408107325621,6.002408107325621,3.5388358909926865e-16,0.0,0.8014999395229896,0.0,-6.25,6.250000000000001,0.15811388300841892,0.15811388300841886,1.0956452617837853e-08,2.419076018940501e-06,0.006002408107313367,0.006,2.4190760189402026e-06,0.006002408107313367,0.006,0.0,0.0,0.0,0.0
2059,2.059,2.06,-4.3654399155233055,4.365439915523308,1.3322676295501878e-15,8.730879831046614,-0.10093419229615513,0.10093419229615513,1,1,-4.3654399155233055,4.365439915523308,-6.0,6.0,0.0,12.0,0.0,0.0,0.0,0.0,0.0,0.0,0.0,0.0,0.0,0.0,0.0,0.0,0.0,0.0,6.0024081074474545,6.002408107447454,5.924080670460796e-16,0.0,0.8014999395229897,0.0,-6.25,6.250000000000001,0.15811388300841892,0.15811388300841886,1.0956454110548012e-08,2.4190760160330784e-06,0.006002408107435327,0.006,2.4190760160336387e-06,0.006002408107435326,0.006,0.0,0.0,0.0,0.0
2069,2.069,2.07,-4.365439915413377,4.365439915413379,8.881784197001252e-16,8.730879830826757,-0.10093419229655537,0.10093419229655537,1,1,-4.365439915413377,4.365439915413379,-6.0,6.0,0.0,12.0,0.0,0.0,0.0,0.0,0.0,0.0,0.0,0.0,0.0,0.0,0.0,0.0,0.0,0.0,6.00240810756803,6.002408107568032,4.77048955893622e-16,0.0,0.8014999395229898,0.0,-6.25,6.250000000000001,0.15811388300841892,0.15811388300841886,1.0956455589380586e-08,2.4190760131612877e-06,0.006002408107556028,0.006,2.419076013160382e-06,0.00600240810755603,0.006,0.0,0.0,0.0,0.0
2079,2.079,2.08,-4.365439915304593,4.365439915304596,1.3322676295501878e-15,8.73087983060919,-0.10093419229695089,0.10093419229695089,1,1,-4.365439915304593,4.365439915304596,-6.0,6.0,0.0,12.0,0.0,0.0,0.0,0.0,0.0,0.0,0.0,0.0,0.0,0.0,0.0,0.0,0.0,0.0,6.002408107687365,6.002408107687364,1.605486577016535e-15,0.0,0.8014999395229898,0.0,-6.25,6.250000000000001,0.15811388300841892,0.15811388300841886,1.0956457054462823e-08,2.419076010320688e-06,0.006002408107675486,0.006,2.419076010320431e-06,0.006002408107675484,0.006,0.0,0.0,0.0,0.0
2089,2.089,2.09,-4.3654399151969425,4.365439915196945,1.3322676295501878e-15,8.730879830393889,-0.10093419229734113,0.10093419229734113,1,1,-4.3654399151969425,4.365439915196945,-6.0,6.0,0.0,12.0,0.0,0.0,0.0,0.0,0.0,0.0,0.0,0.0,0.0,0.0,0.0,0.0,0.0,0.0,6.002408107805467,6.002408107805468,1.1345091532888318e-15,0.0,0.8014999395229899,0.0,-6.25,6.250000000000001,0.15811388300841892,0.15811388300841886,1.0956458505920813e-08,2.419076007506836e-06,0.006002408107793713,0.006,2.419076007507126e-06,0.006002408107793713,0.006,0.0,0.0,0.0,0.0
2099,2.099,2.1,-4.365439915090413,4.365439915090414,8.881784197001252e-16,8.730879830180827,-0.10093419229772582,0.10093419229772582,1,1,-4.365439915090413,4.365439915090414,-6.0,6.0,0.0,12.0,0.0,0.0,0.0,0.0,0.0,0.0,0.0,0.0,0.0,0.0,0.0,0.0,0.0,0.0,6.002408107922353,6.002408107922353,1.074661193367632e-15,0.0,0.80149993952299,0.0,-6.25,6.250000000000001,0.15811388300841892,0.15811388300841886,1.0956459943879518e-08,2.4190760047241726e-06,0.0060024081079107176,0.006,2.4190760047249074e-06,0.006002408107910719,0.006,0.0,0.0,0.0,0.0
2109,2.109,2.11,-4.365439914984993,4.365439914984995,8.881784197001252e-16,8.730879829969988,-0.10093419229810607,0.10093419229810607,1,1,-4.365439914984993,4.365439914984995,-6.0,6.0,0.0,12.0,0.0,0.0,0.0,0.0,0.0,0.0,0.0,0.0,0.0,0.0,0.0,0.0,0.0,0.0,6.002408108038033,6.002408108038032,2.6107588313450947e-16,0.0,0.80149993952299,0.0,-6.25,6.250000000000001,0.15811388300841892,0.15811388300841886,1.0956461368462762e-08,2.4190760019704765e-06,0.006002408108026518,0.006,2.419076001971554e-06,0.006002408108026517,0.006,0.0,0.0,0.0,0.0
2119,2.119,2.12,-4.365439914880671,4.365439914880673,8.881784197001252e-16,8.730879829761344,-0.10093419229848105,0.10093419229848105,1,1,-4.365439914880671,4.365439914880673,-6.0,6.0,0.0,12.0,0.0,0.0,0.0,0.0,0.0,0.0,0.0,0.0,0.0,0.0,0.0,0.0,0.0,0.0,6.002408108152519,6.00240810815252,2.645453300864631e-15,0.0,0.8014999395229901,0.0,-6.25,6.250000000000001,0.15811388300841892,0.15811388300841886,1.0956462779793269e-08,2.4190759992501874e-06,0.0060024081081411235,0.006,2.4190759992492874e-06,0.006002408108141122,0.006,0.0,0.0,0.0,0.0
2129,2.129,2.13,-4.3654399147774345,4.365439914777437,1.3322676295501878e-15,8.730879829554873,-0.10093419229885103,0.10093419229885103,1,1,-4.3654399147774345,4.365439914777437,-6.0,6.0,0.0,12.0,0.0,0.0,0.0,0.0,0.0,0.0,0.0,0.0,0.0,0.0,0.0,0.0,0.0,0.0,6.002408108265826,6.002408108265826,2.035697999058783e-15,0.0,0.8014999395229901,0.0,-6.25,6.250000000000001,0.15811388300841892,0.15811388300841886,1.0956464177992638e-08,2.419075996554423e-06,0.006002408108254547,0.006,2.4190759965536656e-06,0.006002408108254546,0.006,0.0,0.0,0.0,0.0
2139,2.1390000000000002,2.14,-4.3654399146752745,4.365439914675276,8.881784197001252e-16,8.73087982935055,-0.1009341922992163,0.1009341922992163,1,1,-4.3654399146752745,4.365439914675276,-6.0,6.0,0.0,12.0,0.0,0.0,0.0,0.0,0.0,0.0,0.0,0.0,0.0,0.0,0.0,0.0,0.0,0.0,6.002408108377963,6.0024081083779635,1.1015494072452725e-15,0.0,0.8014999395229903,0.0,-6.25,6.250000000000001,0.15811388300841892,0.15811388300841886,1.095646556318138e-08,2.419075993889844e-06,0.0060024081083668015,0.006,2.4190759938891304e-06,0.0060024081083668015,0.006,0.0,0.0,0.0,0.0
2149,2.149,2.15,-4.365439914574178,4.365439914574179,8.881784197001252e-16,8.730879829148357,-0.10093419229957712,0.10093419229957712,1,1,-4.365439914574178,4.365439914574179,-6.0,6.0,0.0,12.0,0.0,0.0,0.0,0.0,0.0,0.0,0.0,0.0,0.0,0.0,0.0,0.0,0.0,0.0,6.002408108488943,6.002408108488943,1.0330278299441886e-15,0.0,0.8014999395229904,0.0,-6.25,6.250000000000001,0.15811388300841892,0.15811388300841886,1.0956466935478914e-08,2.419075991252008e-06,0.0060024081084778975,0.006,2.4190759912512407e-06,0.0060024081084778975,0.006,0.0,0.0,0.0,0.0
2159,2.1590000000000003,2.16,-4.365439914474134,4.365439914474136,8.881784197001252e-16,8.73087982894827,-0.10093419229993322,0.10093419229993322,1,1,-4.365439914474134,4.365439914474136,-6.0,6.0,0.0,12.0,0.0,0.0,0.0,0.0,0.0,0.0,0.0,0.0,0.0,0.0,0.0,0.0,0.0,0.0,6.002408108598781,6.0024081085987815,9.749145934989656e-16,0.0,0.8014999395229904,0.0,-6.25,6.250000000000001,0.15811388300841892,0.15811388300841886,1.0956468295003584e-08,2.4190759886453552e-06,0.006002408108587848,0.006,2.419075988644437e-06,0.006002408108587848,0.006,0.0,0.0,0.0,0.0
2169,2.169,2.17,-4.365439914375132,4.365439914375134,8.881784197001252e-16,8.730879828750266,-0.10093419230028461,0.10093419230028461,1,1,-4.365439914375132,4.365439914375134,-6.0,6.0,0.0,12.0,0.0,0.0,0.0,0.0,0.0,0.0,0.0,0.0,0.0,0.0,0.0,0.0,0.0,0.0,6.002408108707485,6.002408108707484,9.211381657436846e-16,0.0,0.8014999395229905,0.0,-6.25,6.250000000000001,0.15811388300841892,0.15811388300841886,1.0956469641872663e-08,2.4190759860632236e-06,0.006002408108696664,0.006,2.4190759860642786e-06,0.006002408108696664,0.006,0.0,0.0,0.0,0.0
2179,2.179,2.18,-4.365439914277162,4.3654399142771645,1.3322676295501878e-15,8.730879828554325,-0.10093419230063155,0.10093419230063155,1,1,-4.365439914277162,4.3654399142771645,-6.0,6.0,0.0,12.0,0.0,0.0,0.0,0.0,0.0,0.0,0.0,0.0,0.0,0.0,0.0,0.0,0.0,0.0,6.002408108815066,6.002408108815067,5.906733435701028e-16,0.0,0.8014999395229905,0.0,-6.25,6.250000000000001,0.15811388300841892,0.15811388300841886,1.095647097620237e-08,2.4190759835100532e-06,0.006002408108804359,0.006,2.4190759835107656e-06,0.006002408108804359,0.006,0.0,0.0,0.0,0.0
2189,2.189,2.19,-4.365439914180212,4.365439914180214,8.881784197001252e-16,8.730879828360425,-0.10093419230097433,0.10093419230097433,1,1,-4.365439914180212,4.365439914180214,-6.0,6.0,0.0,12.0,0.0,0.0,0.0,0.0,0.0,0.0,0.0,0.0,0.0,0.0,0.0,0.0,0.0,0.0,6.002408108921539,6.002408108921541,1.7746221159242737e-15,0.0,0.8014999395229906,0.0,-6.25,6.250000000000001,0.15811388300841892,0.15811388300841886,1.0956472298107865e-08,2.419075980985844e-06,0.006002408108910942,0.006,2.4190759809861187e-06,0.006002408108910942,0.006,0.0,0.0,0.0,0.0
2199,2.199,2.2,-4.365439914084272,4.3654399140842735,8.881784197001252e-16,8.730879828168545,-0.1009341923013124,0.1009341923013124,1,1,-4.365439914084272,4.3654399140842735,-6.0,6.0,0.0,12.0,0.0,0.0,0.0,0.0,0.0,0.0,0.0,0.0,0.0,0.0,0.0,0.0,0.0,0.0,6.002408109026916,6.0024081090269155,8.422082475867398e-16,0.0,0.8014999395229906,0.0,-6.25,6.250000000000001,0.15811388300841892,0.15811388300841886,1.0956473607703276e-08,2.419075978488373e-06,0.006002408109016429,0.006,2.419075978488117e-06,0.006002408109016428,0.006,0.0,0.0,0.0,0.0
2209,2.209,2.21,-4.36543991398933,4.3654399139893325,1.3322676295501878e-15,8.730879827978661,-0.10093419230164491,0.10093419230164491,1,1,-4.36543991398933,4.3654399139893325,-6.0,6.0,0.0,12.0,0.0,0.0,0.0,0.0,0.0,0.0,0.0,0.0,0.0,0.0,0.0,0.0,0.0,0.0,6.0024081091312045,6.002408109131205,1.0321604682062002e-15,0.0,0.8014999395229907,0.0,-6.25,6.250000000000001,0.15811388300841892,0.15811388300841886,1.0956474905101691e-08,2.4190759760154206e-06,0.006002408109120825,0.006,2.4190759760145397e-06,0.006002408109120825,0.006,0.0,0.0,0.0,0.0
2219,2.219,2.22,-4.365439913895377,4.36543991389538,1.3322676295501878e-15,8.730879827790758,-0.10093419230197465,0.10093419230197465,1,1,-4.365439913895377,4.36543991389538,-6.0,6.0,0.0,12.0,0.0,0.0,0.0,0.0,0.0,0.0,0.0,0.0,0.0,0.0,0.0,0.0,0.0,0.0,6.002408109234417,6.002408109234419,1.2134390714457766e-15,0.0,0.8014999395229908,0.0,-6.25,6.250000000000001,0.15811388300841892,0.15811388300841886,1.0956476190415186e-08,2.419075973569205e-06,0.006002408109224144,0.006,2.4190759735698285e-06,0.006002408109224144,0.006,0.0,0.0,0.0,0.0
2229,2.229,2.23,-4.365439913802404,4.365439913802406,8.881784197001252e-16,8.73087982760481,-0.10093419230229939,0.10093419230229939,1,1,-4.365439913802404,4.365439913802406,-6.0,6.0,0.0,12.0,0.0,0.0,0.0,0.0,0.0,0.0,0.0,0.0,0.0,0.0,0.0,0.0,0.0,0.0,6.0024081093365655,6.0024081093365655,1.1943571132100317e-15,0.0,0.8014999395229908,0.0,-6.25,6.250000000000001,0.15811388300841892,0.15811388300841886,1.0956477463754816e-08,2.419075971147506e-06,0.006002408109326399,0.006,2.419075971147322e-06,0.006002408109326398,0.006,0.0,0.0,0.0,0.0
2239,2.239,2.24,-4.365439913710398,4.3654399137104,8.881784197001252e-16,8.730879827420798,-0.10093419230262024,0.10093419230262024,1,1,-4.365439913710398,4.3654399137104,-6.0,6.0,0.0,12.0,0.0,0.0,0.0,0.0,0.0,0.0,0.0,0.0,0.0,0.0,0.0,0.0,0.0,0.0,6.002408109437662,6.002408109437659,3.805115944555126e-15,0.0,0.8014999395229909,0.0,-6.25,6.250000000000001,0.15811388300841892,0.15811388300841886,1.0956478725230636e-08,2.419075968752544e-06,0.0060024081094276,0.006,2.419075968751461e-06,0.0060024081094276005,0.006,0.0,0.0,0.0,0.0
2249,2.249,2.25,-4.365439913619351,4.365439913619353,8.881784197001252e-16,8.730879827238704,-0.1009341923029361,0.1009341923029361,1,1,-4.365439913619351,4.365439913619353,-6.0,6.0,0.0,12.0,0.0,0.0,0.0,0.0,0.0,0.0,0.0,0.0,0.0,0.0,0.0,0.0,0.0,0.0,6.002408109537714,6.002408109537714,4.874572967494828e-16,0.0,0.8014999395229909,0.0,-6.25,6.250000000000001,0.15811388300841892,0.15811388300841886,1.09564799749517e-08,2.419075966386537e-06,0.006002408109527755,0.006,2.419075966386686e-06,0.006002408109527755,0.006,0.0,0.0,0.0,0.0
2259,2.259,2.2600000000000002,-4.3654399135292525,4.365439913529254,8.881784197001252e-16,8.730879827058507,-0.10093419230324918,0.10093419230324918,1,1,-4.3654399135292525,4.365439913529254,-6.0,6.0,0.0,12.0,0.0,0.0,0.0,0.0,0.0,0.0,0.0,0.0,0.0,0.0,0.0,0.0,0.0,0.0,6.002408109636734,6.002408109636735,1.6566609195578508e-16,0.0,0.801499939522991,0.0,-6.25,6.250000000000001,0.15811388300841892,0.15811388300841886,1.0956481213026085e-08,2.419075964042823e-06,0.006002408109626879,0.006,2.4190759640418946e-06,0.006002408109626879,0.006,0.0,0.0,0.0,0.0
2269,2.269,2.27,-4.365439913440092,4.365439913440094,8.881784197001252e-16,8.730879826880185,-0.10093419230355699,0.10093419230355699,1,1,-4.365439913440092,4.365439913440094,-6.0,6.0,0.0,12.0,0.0,0.0,0.0,0.0,0.0,0.0,0.0,0.0,0.0,0.0,0.0,0.0,0.0,0.0,6.002408109734734,6.002408109734735,3.3566899260151217e-16,0.0,0.801499939522991,0.0,-6.25,6.250000000000001,0.15811388300841892,0.15811388300841886,1.0956482439560884e-08,2.419075961730284e-06,0.00600240810972498,0.006,2.4190759617304103e-06,0.006002408109724981,0.006,0.0,0.0,0.0,0.0
2279,2.279,2.2800000000000002,-4.36543991335186,4.365439913351862,8.881784197001252e-16,8.730879826703722,-0.10093419230386119,0.10093419230386119,1,1,-4.36543991335186,4.365439913351862,-6.0,6.0,0.0,12.0,0.0,0.0,0.0,0.0,0.0,0.0,0.0,0.0,0.0,0.0,0.0,0.0,0.0,0.0,6.002408109831723,6.002408109831723,9.896597430447684e-16,0.0,0.8014999395229911,0.0,-6.25,6.250000000000001,0.15811388300841892,0.15811388300841886,1.0956483654662218e-08,2.419075959435596e-06,0.00600240810982207,0.006,2.4190759594366895e-06,0.00600240810982207,0.006,0.0,0.0,0.0,0.0
2289,2.289,2.29,-4.365439913264547,4.36543991326455,1.3322676295501878e-15,8.730879826529097,-0.10093419230416179,0.10093419230416179,1,1,-4.365439913264547,4.36543991326455,-6.0,6.0,0.0,12.0,0.0,0.0,0.0,0.0,0.0,0.0,0.0,0.0,0.0,0.0,0.0,0.0,0.0,0.0,6.0024081099277105,6.0024081099277105,9.046582927219049e-16,0.0,0.8014999395229911,0.0,-6.25,6.250000000000001,0.15811388300841892,0.15811388300841886,1.0956484858435259e-08,2.4190759571676403e-06,0.006002408109918158,0.006,2.419075957167394e-06,0.006002408109918158,0.006,0.0,0.0,0.0,0.0
2299,2.299,2.3000000000000003,-4.365439913178144,4.365439913178146,8.881784197001252e-16,8.73087982635629,-0.10093419230445794,0.10093419230445794,1,1,-4.365439913178144,4.365439913178146,-6.0,6.0,0.0,12.0,0.0,0.0,0.0,0.0,0.0,0.0,0.0,0.0,0.0,0.0,0.0,0.0,0.0,0.0,6.00240811002271,6.00240811002271,9.566999970012091e-16,0.0,0.8014999395229913,0.0,-6.25,6.250000000000001,0.15811388300841892,0.15811388300841886,1.0956486050984213e-08,2.419075954921975e-06,0.006002408110013255,0.006,2.4190759549225227e-06,0.0060024081100132545,0.006,0.0,0.0,0.0,0.0
2309,2.309,2.31,-4.36543991309264,4.365439913092643,1.3322676295501878e-15,8.730879826185284,-0.10093419230475048,0.10093419230475048,1,1,-4.36543991309264,4.365439913092643,-6.0,6.0,0.0,12.0,0.0,0.0,0.0,0.0,0.0,0.0,0.0,0.0,0.0,0.0,0.0,0.0,0.0,0.0,6.002408110116729,6.002408110116731,1.528291382335567e-15,0.0,0.8014999395229913,0.0,-6.25,6.250000000000001,0.15811388300841892,0.15811388300841886,1.0956487232412351e-08,2.4190759527008205e-06,0.006002408110107371,0.006,2.419075952699856e-06,0.006002408110107372,0.006,0.0,0.0,0.0,0.0
2319,2.319,2.32,-4.365439913008028,4.3654399130080295,8.881784197001252e-16,8.730879826016057,-0.10093419230503942,0.10093419230503942,1,1,-4.365439913008028,4.3654399130080295,-6.0,6.0,0.0,12.0,0.0,0.0,0.0,0.0,0.0,0.0,0.0,0.0,0.0,0.0,0.0,0.0,0.0,0.0,6.002408110209778,6.002408110209778,5.499073418846478e-16,0.0,0.8014999395229914,0.0,-6.25,6.250000000000001,0.15811388300841892,0.15811388300841886,1.095648840282201e-08,2.4190759505063953e-06,0.006002408110200516,0.006,2.4190759505060557e-06,0.006002408110200517,0.006,0.0,0.0,0.0,0.0
2329,2.329,2.33,-4.365439912924296,4.365439912924297,8.881784197001252e-16,8.730879825848593,-0.10093419230532363,0.10093419230532363,1,1,-4.365439912924296,4.365439912924297,-6.0,6.0,0.0,12.0,0.0,0.0,0.0,0.0,0.0,0.0,0.0,0.0,0.0,0.0,0.0,0.0,0.0,0.0,6.002408110301868,6.002408110301868,6.678685382510707e-17,0.0,0.8014999395229914,0.0,-6.25,6.250000000000001,0.15811388300841892,0.15811388300841886,1.0956489562314595e-08,2.4190759483320384e-06,0.006002408110292702,0.006,2.4190759483322388e-06,0.006002408110292702,0.006,0.0,0.0,0.0,0.0
2339,2.339,2.34,-4.3654399128414365,4.365439912841438,8.881784197001252e-16,8.730879825682875,-0.10093419230560507,0.10093419230560507,1,1,-4.3654399128414365,4.365439912841438,-6.0,6.0,0.0,12.0,0.0,0.0,0.0,0.0,0.0,0.0,0.0,0.0,0.0,0.0,0.0,0.0,0.0,0.0,6.002408110393009,6.002408110393009,1.2065001775418693e-15,0.0,0.8014999395229915,0.0,-6.25,6.250000000000001,0.15811388300841892,0.15811388300841886,1.0956490710990593e-08,2.41907594618441e-06,0.006002408110383937,0.006,2.4190759461850674e-06,0.006002408110383937,0.006,0.0,0.0,0.0,0.0
2349,2.349,2.35,-4.36543991275944,4.365439912759442,8.881784197001252e-16,8.730879825518882,-0.10093419230588263,0.10093419230588263,1,1,-4.36543991275944,4.365439912759442,-6.0,6.0,0.0,12.0,0.0,0.0,0.0,0.0,0.0,0.0,0.0,0.0,0.0,0.0,0.0,0.0,0.0,0.0,6.002408110483209,6.002408110483208,1.5040052536718918e-15,0.0,0.8014999395229915,0.0,-6.25,6.250000000000001,0.15811388300841892,0.15811388300841886,1.0956491848949588e-08,2.4190759440568476e-06,0.00600240811047423,0.006,2.41907594405788e-06,0.006002408110474229,0.006,0.0,0.0,0.0,0.0
2359,2.359,2.36,-4.365439912678298,4.3654399126782995,8.881784197001252e-16,8.730879825356597,-0.10093419230615658,0.10093419230615658,1,1,-4.365439912678298,4.3654399126782995,-6.0,6.0,0.0,12.0,0.0,0.0,0.0,0.0,0.0,0.0,0.0,0.0,0.0,0.0,0.0,0.0,0.0,0.0,6.002408110572478,6.002408110572478,9.332812300755222e-16,0.0,0.8014999395229916,0.0,-6.25,6.250000000000001,0.15811388300841892,0.15811388300841886,1.0956492976290251e-08,2.4190759419515718e-06,0.006002408110563594,0.006,2.419075941950677e-06,0.006002408110563593,0.006,0.0,0.0,0.0,0.0
2369,2.369,2.37,-4.365439912598,4.365439912598002,8.881784197001252e-16,8.730879825196002,-0.1009341923064272,0.1009341923064272,1,1,-4.365439912598,4.365439912598002,-6.0,6.0,0.0,12.0,0.0,0.0,0.0,0.0,0.0,0.0,0.0,0.0,0.0,0.0,0.0,0.0,0.0,0.0,6.002408110660828,6.002408110660828,1.0009354456386177e-15,0.0,0.8014999395229916,0.0,-6.25,6.250000000000001,0.15811388300841892,0.15811388300841886,1.0956494093110366e-08,2.4190759398685814e-06,0.006002408110652033,0.006,2.4190759398678987e-06,0.006002408110652033,0.006,0.0,0.0,0.0,0.0
2379,2.379,2.38,-4.365439912518539,4.365439912518542,1.3322676295501878e-15,8.730879825037082,-0.10093419230669365,0.10093419230669365,1,1,-4.365439912518539,4.365439912518542,-6.0,6.0,0.0,12.0,0.0,0.0,0.0,0.0,0.0,0.0,0.0,0.0,0.0,0.0,0.0,0.0,0.0,0.0,6.002408110748266,6.002408110748266,2.1250362580715887e-16,0.0,0.8014999395229917,0.0,-6.25,6.250000000000001,0.15811388300841892,0.15811388300841886,1.0956495199506826e-08,2.419075937810096e-06,0.006002408110739562,0.006,2.419075937809545e-06,0.006002408110739562,0.006,0.0,0.0,0.0,0.0
2389,2.3890000000000002,2.39,-4.365439912439906,4.365439912439909,1.3322676295501878e-15,8.730879824879814,-0.10093419230695705,0.10093419230695705,1,1,-4.365439912439906,4.365439912439909,-6.0,6.0,0.0,12.0,0.0,0.0,0.0,0.0,0.0,0.0,0.0,0.0,0.0,0.0,0.0,0.0,0.0,0.0,6.002408110834802,6.002408110834801,6.2363308961366215e-16,0.0,0.8014999395229917,0.0,-6.25,6.250000000000001,0.15811388300841892,0.15811388300841886,1.0956496295575654e-08,2.419075935773895e-06,0.006002408110826188,0.006,2.419075935773396e-06,0.006002408110826188,0.006,0.0,0.0,0.0,0.0
2399,2.399,2.4,-4.365439912362092,4.365439912362095,1.3322676295501878e-15,8.730879824724187,-0.10093419230721684,0.10093419230721684,1,1,-4.365439912362092,4.365439912362095,-6.0,6.0,0.0,12.0,0.0,0.0,0.0,0.0,0.0,0.0,0.0,0.0,0.0,0.0,0.0,0.0,0.0,0.0,6.002408110920445,6.002408110920444,1.4996684449819497e-15,0.0,0.8014999395229917,0.0,-6.25,6.250000000000001,0.15811388300841892,0.15811388300841886,1.0956497381411991e-08,2.4190759337621976e-06,0.006002408110911922,0.006,2.419075933761672e-06,0.006002408110911921,0.006,0.0,0.0,0.0,0.0
2409,2.4090000000000003,2.41,-4.365439912285089,4.36543991228509,8.881784197001252e-16,8.730879824570179,-0.10093419230747275,0.10093419230747275,1,1,-4.365439912285089,4.36543991228509,-6.0,6.0,0.0,12.0,0.0,0.0,0.0,0.0,0.0,0.0,0.0,0.0,0.0,0.0,0.0,0.0,0.0,0.0,6.002408111005206,6.002408111005206,1.1518563880486e-15,0.0,0.8014999395229918,0.0,-6.25,6.250000000000001,0.15811388300841892,0.15811388300841886,1.0956498457110125e-08,2.419075931768342e-06,0.006002408110996769,0.006,2.419075931767711e-06,0.006002408110996768,0.006,0.0,0.0,0.0,0.0
2419,2.419,2.42,-4.365439912208887,4.365439912208889,8.881784197001252e-16,8.730879824417777,-0.10093419230772588,0.10093419230772588,1,1,-4.365439912208887,4.365439912208889,-6.0,6.0,0.0,12.0,0.0,0.0,0.0,0.0,0.0,0.0,0.0,0.0,0.0,0.0,0.0,0.0,0.0,0.0,6.002408111089092,6.002408111089091,2.426878142891553e-15,0.0,0.8014999395229918,0.0,-6.25,6.250000000000001,0.15811388300841892,0.15811388300841886,1.0956499522763482e-08,2.4190759297945483e-06,0.006002408111080742,0.006,2.4190759297937348e-06,0.0060024081110807434,0.006,0.0,0.0,0.0,0.0
2429,2.4290000000000003,2.43,-4.365439912133479,4.365439912133481,8.881784197001252e-16,8.73087982426696,-0.1009341923079754,0.1009341923079754,1,1,-4.365439912133479,4.365439912133481,-6.0,6.0,0.0,12.0,0.0,0.0,0.0,0.0,0.0,0.0,0.0,0.0,0.0,0.0,0.0,0.0,0.0,0.0,6.002408111172112,6.002408111172112,6.912873051767576e-16,0.0,0.8014999395229919,0.0,-6.25,6.250000000000001,0.15811388300841892,0.15811388300841886,1.0956500578464642e-08,2.419075927843036e-06,0.00600240811116385,0.006,2.419075927841963e-06,0.006002408111163849,0.006,0.0,0.0,0.0,0.0
2439,2.439,2.44,-4.365439912058857,4.365439912058859,8.881784197001252e-16,8.730879824117716,-0.10093419230822215,0.10093419230822215,1,1,-4.365439912058857,4.365439912058859,-6.0,6.0,0.0,12.0,0.0,0.0,0.0,0.0,0.0,0.0,0.0,0.0,0.0,0.0,0.0,0.0,0.0,0.0,6.002408111254277,6.002408111254276,3.3931191190106347e-15,0.0,0.8014999395229919,0.0,-6.25,6.250000000000001,0.15811388300841892,0.15811388300841886,1.0956501624305346e-08,2.4190759259115837e-06,0.0060024081112461,0.006,2.419075925912395e-06,0.006002408111246101,0.006,0.0,0.0,0.0,0.0
2449,2.449,2.45,-4.365439911985012,4.365439911985014,8.881784197001252e-16,8.730879823970026,-0.10093419230846473,0.10093419230846473,1,1,-4.365439911985012,4.365439911985014,-6.0,6.0,0.0,12.0,0.0,0.0,0.0,0.0,0.0,0.0,0.0,0.0,0.0,0.0,0.0,0.0,0.0,0.0,6.002408111335594,6.002408111335596,1.9029916531465574e-15,0.0,0.801499939522992,0.0,-6.25,6.250000000000001,0.15811388300841892,0.15811388300841886,1.09565026603765e-08,2.4190759240024117e-06,0.006002408111327501,0.006,2.4190759240028115e-06,0.0060024081113275,0.006,0.0,0.0,0.0,0.0
2459,2.459,2.46,-4.3654399119119365,4.365439911911938,8.881784197001252e-16,8.730879823823875,-0.1009341923087051,0.1009341923087051,1,1,-4.3654399119119365,4.365439911911938,-6.0,6.0,0.0,12.0,0.0,0.0,0.0,0.0,0.0,0.0,0.0,0.0,0.0,0.0,0.0,0.0,0.0,0.0,6.002408111416073,6.002408111416074,1.0070069778045365e-15,0.0,0.801499939522992,0.0,-6.25,6.250000000000001,0.15811388300841892,0.15811388300841886,1.0956503686768195e-08,2.419075922111078e-06,0.006002408111408062,0.006,2.4190759221109913e-06,0.0060024081114080615,0.006,0.0,0.0,0.0,0.0
2469,2.469,2.47,-4.365439911839622,4.365439911839624,8.881784197001252e-16,8.730879823679246,-0.10093419230894185,0.10093419230894185,1,1,-4.365439911839622,4.365439911839624,-6.0,6.0,0.0,12.0,0.0,0.0,0.0,0.0,0.0,0.0,0.0,0.0,0.0,0.0,0.0,0.0,0.0,0.0,6.002408111495722,6.002408111495722,1.3444106938820255e-16,0.0,0.8014999395229921,0.0,-6.25,6.250000000000001,0.15811388300841892,0.15811388300841886,1.095650470356969e-08,2.419075920244244e-06,0.006002408111487794,0.006,2.4190759202435962e-06,0.006002408111487794,0.006,0.0,0.0,0.0,0.0
2479,2.479,2.48,-4.3654399117680605,4.365439911768062,8.881784197001252e-16,8.730879823536123,-0.10093419230917555,0.10093419230917555,1,1,-4.3654399117680605,4.365439911768062,-6.0,6.0,0.0,12.0,0.0,0.0,0.0,0.0,0.0,0.0,0.0,0.0,0.0,0.0,0.0,0.0,0.0,0.0,6.002408111574549,6.00240811157455,1.0729264698916552e-15,0.0,0.8014999395229921,0.0,-6.25,6.250000000000001,0.15811388300841892,0.15811388300841886,1.095650571086944e-08,2.4190759183952467e-06,0.006002408111566704,0.006,2.419075918396185e-06,0.006002408111566703,0.006,0.0,0.0,0.0,0.0
2489,2.489,2.49,-4.365439911697244,4.365439911697246,8.881784197001252e-16,8.73087982339449,-0.1009341923094062,0.1009341923094062,1,1,-4.365439911697244,4.365439911697246,-6.0,6.0,0.0,12.0,0.0,0.0,0.0,0.0,0.0,0.0,0.0,0.0,0.0,0.0,0.0,0.0,0.0,0.0,6.002408111652564,6.0024081116525645,2.0599841277224584e-15,0.0,0.8014999395229921,0.0,-6.25,6.250000000000001,0.15811388300841892,0.15811388300841886,1.0956506708755096e-08,2.4190759165663065e-06,0.0060024081116447974,0.006,2.4190759165665377e-06,0.0060024081116447974,0.006,0.0,0.0,0.0,0.0
2499,2.499,2.5,-4.365439911627166,4.365439911627168,8.881784197001252e-16,8.730879823254334,-0.10093419230963407,0.10093419230963407,1,1,-4.365439911627166,4.365439911627168,-6.0,6.0,0.0,12.0,0.0,0.0,0.0,0.0,0.0,0.0,0.0,0.0,0.0,0.0,0.0,0.0,0.0,0.0,6.002408111729771,6.002408111729771,2.2282523048922087e-15,0.0,0.8014999395229923,0.0,-6.25,6.250000000000001,0.15811388300841892,0.15811388300841886,1.0956507697313515e-08,2.4190759147574227e-06,0.006002408111722087,0.006,2.4190759147568743e-06,0.006002408111722088,0.006,0.0,0.0,0.0,0.0
2509,2.509,2.5100000000000002,-4.365439911557818,4.36543991155782,8.881784197001252e-16,8.730879823115638,-0.10093419230985806,0.10093419230985806,1,1,-4.365439911557818,4.36543991155782,-6.0,6.0,0.0,12.0,0.0,0.0,0.0,0.0,0.0,0.0,0.0,0.0,0.0,0.0,0.0,0.0,0.0,0.0,6.002408111806185,6.002408111806185,1.1267028976469362e-15,0.0,0.8014999395229923,0.0,-6.25,6.250000000000001,0.15811388300841892,0.15811388300841886,1.095650867663076e-08,2.4190759129663745e-06,0.006002408111798579,0.006,2.4190759129671944e-06,0.00600240811179858,0.006,0.0,0.0,0.0,0.0
2519,2.519,2.52,-4.365439911489192,4.365439911489194,8.881784197001252e-16,8.730879822978386,-0.1009341923100801,0.1009341923100801,1,1,-4.365439911489192,4.365439911489194,-6.0,6.0,0.0,12.0,0.0,0.0,0.0,0.0,0.0,0.0,0.0,0.0,0.0,0.0,0.0,0.0,0.0,0.0,6.00240811188181,6.00240811188181,1.7269172203349115e-15,0.0,0.8014999395229924,0.0,-6.25,6.250000000000001,0.15811388300841892,0.15811388300841886,1.0956509646792123e-08,2.4190759111931606e-06,0.006002408111874283,0.006,2.419075911193058e-06,0.006002408111874284,0.006,0.0,0.0,0.0,0.0
2529,2.529,2.5300000000000002,-4.365439911421281,4.365439911421283,8.881784197001252e-16,8.730879822842564,-0.10093419231029882,0.10093419231029882,1,1,-4.365439911421281,4.365439911421283,-6.0,6.0,0.0,12.0,0.0,0.0,0.0,0.0,0.0,0.0,0.0,0.0,0.0,0.0,0.0,0.0,0.0,0.0,6.002408111956655,6.002408111956655,4.761815941556335e-16,0.0,0.8014999395229924,0.0,-6.25,6.250000000000001,0.15811388300841892,0.15811388300841886,1.0956510607882103e-08,2.419075909442222e-06,0.006002408111949206,0.006,2.4190759094411263e-06,0.006002408111949205,0.006,0.0,0.0,0.0,0.0
2539,2.539,2.54,-4.365439911354077,4.365439911354079,8.881784197001252e-16,8.730879822708156,-0.1009341923105142,0.1009341923105142,1,1,-4.365439911354077,4.365439911354079,-6.0,6.0,0.0,12.0,0.0,0.0,0.0,0.0,0.0,0.0,0.0,0.0,0.0,0.0,0.0,0.0,0.0,0.0,6.002408112030729,6.002408112030728,9.115971866258121e-16,0.0,0.8014999395229924,0.0,-6.25,6.250000000000001,0.15811388300841892,0.15811388300841886,1.0956511559984446e-08,2.4190759077091167e-06,0.006002408112023357,0.006,2.4190759077091786e-06,0.006002408112023354,0.006,0.0,0.0,0.0,0.0
2549,2.549,2.5500000000000003,-4.365439911287574,4.3654399112875755,8.881784197001252e-16,8.73087982257515,-0.10093419231072737,0.10093419231072737,1,1,-4.365439911287574,4.3654399112875755,-6.0,6.0,0.0,12.0,0.0,0.0,0.0,0.0,0.0,0.0,0.0,0.0,0.0,0.0,0.0,0.0,0.0,0.0,6.002408112104036,6.002408112104036,5.204170427930421e-16,0.0,0.8014999395229925,0.0,-6.25,6.250000000000001,0.15811388300841892,0.15811388300841886,1.0956512503182133e-08,2.419075905996065e-06,0.00600240811209674,0.006,2.419075905994994e-06,0.006002408112096739,0.006,0.0,0.0,0.0,0.0
2559,2.559,2.56,-4.365439911221762,4.365439911221764,8.881784197001252e-16,8.730879822443526,-0.10093419231093775,0.10093419231093775,1,1,-4.365439911221762,4.365439911221764,-6.0,6.0,0.0,12.0,0.0,0.0,0.0,0.0,0.0,0.0,0.0,0.0,0.0,0.0,0.0,0.0,0.0,0.0,6.002408112176589,6.002408112176591,1.1744077932362984e-15,0.0,0.8014999395229925,0.0,-6.25,6.250000000000001,0.15811388300841892,0.15811388300841886,1.0956513437557388e-08,2.419075904298625e-06,0.006002408112169368,0.006,2.4190759042985733e-06,0.006002408112169368,0.006,0.0,0.0,0.0,0.0
2569,2.569,2.57,-4.3654399111566375,4.365439911156639,8.881784197001252e-16,8.730879822313277,-0.10093419231114537,0.10093419231114537,1,1,-4.3654399111566375,4.365439911156639,-6.0,6.0,0.0,12.0,0.0,0.0,0.0,0.0,0.0,0.0,0.0,0.0,0.0,0.0,0.0,0.0,0.0,0.0,6.002408112248395,6.0024081122483945,1.046905617752003e-15,0.0,0.8014999395229925,0.0,-6.25,6.250000000000001,0.15811388300841892,0.15811388300841886,1.0956514363191684e-08,2.4190759026234572e-06,0.006002408112241247,0.006,2.4190759026243568e-06,0.006002408112241247,0.006,0.0,0.0,0.0,0.0
2579,2.579,2.58,-4.36543991109219,4.365439911092192,8.881784197001252e-16,8.730879822184383,-0.10093419231134937,0.10093419231134937,1,1,-4.36543991109219,4.365439911092192,-6.0,6.0,0.0,12.0,0.0,0.0,0.0,0.0,0.0,0.0,0.0,0.0,0.0,0.0,0.0,0.0,0.0,0.0,6.002408112319459,6.0024081123194595,1.9307472287621863e-15,0.0,0.8014999395229926,0.0,-6.25,6.250000000000001,0.15811388300841892,0.15811388300841886,1.0956515280165763e-08,2.4190759009639007e-06,0.006002408112312386,0.006,2.4190759009634632e-06,0.006002408112312385,0.006,0.0,0.0,0.0,0.0
2589,2.589,2.59,-4.365439911028415,4.3654399110284166,8.881784197001252e-16,8.730879822056831,-0.10093419231155143,0.10093419231155143,1,1,-4.365439911028415,4.3654399110284166,-6.0,6.0,0.0,12.0,0.0,0.0,0.0,0.0,0.0,0.0,0.0,0.0,0.0,0.0,0.0,0.0,0.0,0.0,6.00240811238979,6.00240811238979,6.114900252818245e-16,0.0,0.8014999395229926,0.0,-6.25,6.250000000000001,0.15811388300841892,0.15811388300841886,1.0956516188559624e-08,2.4190758993243948e-06,0.0060024081123827904,0.006,2.4190758993247742e-06,0.00600240811238279,0.006,0.0,0.0,0.0,0.0
2599,2.599,2.6,-4.3654399109653035,4.365439910965305,8.881784197001252e-16,8.730879821930609,-0.10093419231175127,0.10093419231175127,1,1,-4.3654399109653035,4.365439910965305,-6.0,6.0,0.0,12.0,0.0,0.0,0.0,0.0,0.0,0.0,0.0,0.0,0.0,0.0,0.0,0.0,0.0,0.0,6.0024081124593955,6.002408112459395,3.5041414214731503e-16,0.0,0.8014999395229927,0.0,-6.25,6.250000000000001,0.15811388300841892,0.15811388300841886,1.0956517088452545e-08,2.419075897698278e-06,0.006002408112452467,0.006,2.4190758976971873e-06,0.0060024081124524665,0.006,0.0,0.0,0.0,0.0
2609,2.609,2.61,-4.365439910902849,4.365439910902852,1.3322676295501878e-15,8.7308798218057,-0.10093419231194722,0.10093419231194722,1,1,-4.365439910902849,4.365439910902852,-6.0,6.0,0.0,12.0,0.0,0.0,0.0,0.0,0.0,0.0,0.0,0.0,0.0,0.0,0.0,0.0,0.0,0.0,6.002408112528283,6.002408112528283,5.377642775528102e-17,0.0,0.8014999395229927,0.0,-6.25,6.250000000000001,0.15811388300841892,0.15811388300841886,1.0956517979923071e-08,2.41907589608999e-06,0.006002408112521426,0.006,2.4190758960895844e-06,0.006002408112521426,0.006,0.0,0.0,0.0,0.0
2619,2.619,2.62,-4.365439910841046,4.365439910841048,8.881784197001252e-16,8.730879821682095,-0.10093419231214179,0.10093419231214179,1,1,-4.365439910841046,4.365439910841048,-6.0,6.0,0.0,12.0,0.0,0.0,0.0,0.0,0.0,0.0,0.0,0.0,0.0,0.0,0.0,0.0,0.0,0.0,6.002408112596459,6.002408112596459,2.054779957294528e-15,0.0,0.8014999395229927,0.0,-6.25,6.250000000000001,0.15811388300841892,0.15811388300841886,1.0956518863049047e-08,2.4190758944995316e-06,0.006002408112589673,0.006,2.419075894499745e-06,0.006002408112589675,0.006,0.0,0.0,0.0,0.0
2629,2.629,2.63,-4.365439910779887,4.365439910779889,8.881784197001252e-16,8.730879821559776,-0.10093419231233303,0.10093419231233303,1,1,-4.365439910779887,4.365439910779889,-6.0,6.0,0.0,12.0,0.0,0.0,0.0,0.0,0.0,0.0,0.0,0.0,0.0,0.0,0.0,0.0,0.0,0.0,6.002408112663934,6.002408112663934,4.354155924701786e-16,0.0,0.8014999395229928,0.0,-6.25,6.250000000000001,0.15811388300841892,0.15811388300841886,1.0956519737907599e-08,2.4190758929246805e-06,0.006002408112657218,0.006,2.4190758929254488e-06,0.006002408112657218,0.006,0.0,0.0,0.0,0.0
2639,2.6390000000000002,2.64,-4.365439910719365,4.365439910719367,8.881784197001252e-16,8.730879821438732,-0.10093419231252176,0.10093419231252176,1,1,-4.365439910719365,4.365439910719367,-6.0,6.0,0.0,12.0,0.0,0.0,0.0,0.0,0.0,0.0,0.0,0.0,0.0,0.0,0.0,0.0,0.0,0.0,6.002408112730712,6.002408112730713,1.3157877565284082e-15,0.0,0.8014999395229928,0.0,-6.25,6.250000000000001,0.15811388300841892,0.15811388300841886,1.0956520604575154e-08,2.419075891369878e-06,0.006002408112724064,0.006,2.419075891368916e-06,0.006002408112724064,0.006,0.0,0.0,0.0,0.0
2649,2.649,2.65,-4.3654399106594735,4.365439910659475,8.881784197001252e-16,8.730879821318949,-0.10093419231270856,0.10093419231270856,1,1,-4.3654399106594735,4.365439910659475,-6.0,6.0,0.0,12.0,0.0,0.0,0.0,0.0,0.0,0.0,0.0,0.0,0.0,0.0,0.0,0.0,0.0,0.0,6.002408112796801,6.002408112796802,5.984795992119984e-16,0.0,0.8014999395229928,0.0,-6.25,6.250000000000001,0.15811388300841892,0.15811388300841886,1.0956521463127441e-08,2.4190758898262408e-06,0.006002408112790223,0.006,2.419075889825706e-06,0.006002408112790223,0.006,0.0,0.0,0.0,0.0
2659,2.6590000000000003,2.66,-4.365439910600205,4.365439910600207,8.881784197001252e-16,8.730879821200412,-0.1009341923128923,0.1009341923128923,1,1,-4.365439910600205,4.365439910600207,-6.0,6.0,0.0,12.0,0.0,0.0,0.0,0.0,0.0,0.0,0.0,0.0,0.0,0.0,0.0,0.0,0.0,0.0,6.002408112862209,6.002408112862209,9.43689570931383e-16,0.0,0.8014999395229929,0.0,-6.25,6.250000000000001,0.15811388300841892,0.15811388300841886,1.0956522313639505e-08,2.4190758883048713e-06,0.006002408112855699,0.006,2.4190758883047002e-06,0.006002408112855699,0.006,0.0,0.0,0.0,0.0
2669,2.669,2.67,-4.365439910541555,4.365439910541557,8.881784197001252e-16,8.730879821083112,-0.1009341923130741,0.1009341923130741,1,1,-4.365439910541555,4.365439910541557,-6.0,6.0,0.0,12.0,0.0,0.0,0.0,0.0,0.0,0.0,0.0,0.0,0.0,0.0,0.0,0.0,0.0,0.0,6.0024081129269415,6.0024081129269415,2.96637714392034e-16,0.0,0.8014999395229929,0.0,-6.25,6.250000000000001,0.15811388300841892,0.15811388300841886,1.09565231561857e-08,2.4190758867968867e-06,0.006002408112920498,0.006,2.4190758867970176e-06,0.006002408112920499,0.006,0.0,0.0,0.0,0.0
2679,2.6790000000000003,2.68,-4.3654399104835155,4.365439910483517,8.881784197001252e-16,8.730879820967033,-0.10093419231325285,0.10093419231325285,1,1,-4.3654399104835155,4.365439910483517,-6.0,6.0,0.0,12.0,0.0,0.0,0.0,0.0,0.0,0.0,0.0,0.0,0.0,0.0,0.0,0.0,0.0,0.0,6.002408112991007,6.002408112991006,1.3409412469300719e-15,0.0,0.8014999395229929,0.0,-6.25,6.250000000000001,0.15811388300841892,0.15811388300841886,1.0956523990839708e-08,2.4190758853067275e-06,0.00600240811298463,0.006,2.419075885307098e-06,0.00600240811298463,0.006,0.0,0.0,0.0,0.0
2689,2.689,2.69,-4.365439910426081,4.365439910426082,8.881784197001252e-16,8.730879820852163,-0.10093419231342965,0.10093419231342965,1,1,-4.365439910426081,4.365439910426082,-6.0,6.0,0.0,12.0,0.0,0.0,0.0,0.0,0.0,0.0,0.0,0.0,0.0,0.0,0.0,0.0,0.0,0.0,6.002408113054411,6.002408113054411,1.289766904388756e-15,0.0,0.801499939522993,0.0,-6.25,6.250000000000001,0.15811388300841892,0.15811388300841886,1.0956524817674538e-08,2.419075883827732e-06,0.006002408113048101,0.006,2.419075883828281e-06,0.006002408113048102,0.006,0.0,0.0,0.0,0.0
2699,2.699,2.7,-4.365439910369243,4.365439910369246,1.3322676295501878e-15,8.73087982073849,-0.10093419231360395,0.10093419231360395,1,1,-4.365439910369243,4.365439910369246,-6.0,6.0,0.0,12.0,0.0,0.0,0.0,0.0,0.0,0.0,0.0,0.0,0.0,0.0,0.0,0.0,0.0,0.0,6.002408113117163,6.002408113117163,1.5005358067199381e-16,0.0,0.801499939522993,0.0,-6.25,6.250000000000001,0.15811388300841892,0.15811388300841886,1.0956525636762531e-08,2.419075882373223e-06,0.006002408113110916,0.006,2.419075882373889e-06,0.006002408113110917,0.006,0.0,0.0,0.0,0.0
2709,2.709,2.71,-4.3654399103129995,4.365439910313001,8.881784197001252e-16,8.730879820626,-0.10093419231377604,0.10093419231377604,1,1,-4.3654399103129995,4.365439910313001,-6.0,6.0,0.0,12.0,0.0,0.0,0.0,0.0,0.0,0.0,0.0,0.0,0.0,0.0,0.0,0.0,0.0,0.0,6.002408113179266,6.002408113179266,5.603156827405087e-16,0.0,0.801499939522993,0.0,-6.25,6.250000000000001,0.15811388300841892,0.15811388300841886,1.0956526448175374e-08,2.4190758809254343e-06,0.0060024081131730845,0.006,2.419075880926158e-06,0.0060024081131730845,0.006,0.0,0.0,0.0,0.0
2719,2.719,2.72,-4.365439910257341,4.365439910257343,8.881784197001252e-16,8.730879820514684,-0.10093419231394563,0.10093419231394563,1,1,-4.365439910257341,4.365439910257343,-6.0,6.0,0.0,12.0,0.0,0.0,0.0,0.0,0.0,0.0,0.0,0.0,0.0,0.0,0.0,0.0,0.0,0.0,6.002408113240729,6.002408113240729,1.3791051634015616e-16,0.0,0.8014999395229931,0.0,-6.25,6.250000000000001,0.15811388300841892,0.15811388300841886,1.0956527251984096e-08,2.4190758794976904e-06,0.006002408113234611,0.006,2.4190758794984112e-06,0.006002408113234611,0.006,0.0,0.0,0.0,0.0
2729,2.729,2.73,-4.365439910202262,4.365439910202264,8.881784197001252e-16,8.730879820404526,-0.10093419231411299,0.10093419231411299,1,1,-4.365439910202262,4.365439910202264,-6.0,6.0,0.0,12.0,0.0,0.0,0.0,0.0,0.0,0.0,0.0,0.0,0.0,0.0,0.0,0.0,0.0,0.0,6.002408113301557,6.002408113301558,1.9550333574258616e-15,0.0,0.8014999395229931,0.0,-6.25,6.250000000000001,0.15811388300841892,0.15811388300841886,1.0956528048259077e-08,2.419075878083328e-06,0.006002408113295503,0.006,2.4190758780839873e-06,0.006002408113295502,0.006,0.0,0.0,0.0,0.0
2739,2.739,2.74,-4.3654399101477575,4.365439910147759,8.881784197001252e-16,8.730879820295517,-0.10093419231427869,0.10093419231427869,1,1,-4.3654399101477575,4.365439910147759,-6.0,6.0,0.0,12.0,0.0,0.0,0.0,0.0,0.0,0.0,0.0,0.0,0.0,0.0,0.0,0.0,0.0,0.0,6.002408113361758,6.002408113361759,4.562322741819003e-16,0.0,0.8014999395229931,0.0,-6.25,6.250000000000001,0.15811388300841892,0.15811388300841886,1.0956528837070063e-08,2.419075876686788e-06,0.0060024081133557665,0.006,2.4190758766873266e-06,0.0060024081133557665,0.006,0.0,0.0,0.0,0.0
2749,2.749,2.75,-4.36543991009382,4.365439910093822,8.881784197001252e-16,8.730879820187642,-0.1009341923144419,0.1009341923144419,1,1,-4.36543991009382,4.365439910093822,-6.0,6.0,0.0,12.0,0.0,0.0,0.0,0.0,0.0,0.0,0.0,0.0,0.0,0.0,0.0,0.0,0.0,0.0,6.002408113421339,6.002408113421339,9.775166787129308e-16,0.0,0.8014999395229933,0.0,-6.25,6.250000000000001,0.15811388300841892,0.15811388300841886,1.0956529618486154e-08,2.419075875303629e-06,0.006002408113415408,0.006,2.419075875303989e-06,0.006002408113415408,0.006,0.0,0.0,0.0,0.0
2759,2.759,2.7600000000000002,-4.365439910040445,4.365439910040447,8.881784197001252e-16,8.730879820080892,-0.1009341923146026,0.1009341923146026,1,1,-4.365439910040445,4.365439910040447,-6.0,6.0,0.0,12.0,0.0,0.0,0.0,0.0,0.0,0.0,0.0,0.0,0.0,0.0,0.0,0.0,0.0,0.0,6.002408113480304,6.002408113480303,9.115971866258121e-16,0.0,0.8014999395229933,0.0,-6.25,6.250000000000001,0.15811388300841892,0.15811388300841886,1.0956530392575827e-08,2.41907587393385e-06,0.0060024081134744355,0.006,2.4190758739339736e-06,0.0060024081134744355,0.006,0.0,0.0,0.0,0.0
2769,2.769,2.77,-4.365439909987626,4.365439909987628,8.881784197001252e-16,8.730879819975254,-0.10093419231476164,0.10093419231476164,1,1,-4.365439909987626,4.365439909987628,-6.0,6.0,0.0,12.0,0.0,0.0,0.0,0.0,0.0,0.0,0.0,0.0,0.0,0.0,0.0,0.0,0.0,0.0,6.002408113538663,6.002408113538662,1.8969201209806386e-15,0.0,0.8014999395229933,0.0,-6.25,6.250000000000001,0.15811388300841892,0.15811388300841886,1.095653115940693e-08,2.419075872577451e-06,0.006002408113532854,0.006,2.419075872577281e-06,0.006002408113532851,0.006,0.0,0.0,0.0,0.0
2779,2.779,2.7800000000000002,-4.365439909935357,4.365439909935359,1.3322676295501878e-15,8.730879819870715,-0.1009341923149179,0.1009341923149179,1,1,-4.365439909935357,4.365439909935359,-6.0,6.0,0.0,12.0,0.0,0.0,0.0,0.0,0.0,0.0,0.0,0.0,0.0,0.0,0.0,0.0,0.0,0.0,6.0024081135964185,6.0024081135964185,1.4137996329210978e-15,0.0,0.8014999395229934,0.0,-6.25,6.250000000000001,0.15811388300841892,0.15811388300841886,1.0956531919046697e-08,2.4190758712410928e-06,0.006002408113590669,0.006,2.4190758712405727e-06,0.00600240811359067,0.006,0.0,0.0,0.0,0.0
2789,2.789,2.79,-4.365439909883633,4.3654399098836345,8.881784197001252e-16,8.730879819767267,-0.1009341923150725,0.1009341923150725,1,1,-4.365439909883633,4.3654399098836345,-6.0,6.0,0.0,12.0,0.0,0.0,0.0,0.0,0.0,0.0,0.0,0.0,0.0,0.0,0.0,0.0,0.0,0.0,6.002408113653577,6.002408113653579,1.2038980923279041e-15,0.0,0.8014999395229934,0.0,-6.25,6.250000000000001,0.15811388300841892,0.15811388300841886,1.0956532671561737e-08,2.419075869915893e-06,0.006002408113647888,0.006,2.419075869914966e-06,0.006002408113647888,0.006,0.0,0.0,0.0,0.0
2799,2.799,2.8000000000000003,-4.365439909832447,4.365439909832449,8.881784197001252e-16,8.730879819664896,-0.1009341923152246,0.1009341923152246,1,1,-4.365439909832447,4.365439909832449,-6.0,6.0,0.0,12.0,0.0,0.0,0.0,0.0,0.0,0.0,0.0,0.0,0.0,0.0,0.0,0.0,0.0,0.0,6.002408113710149,6.002408113710146,3.174543961037557e-15,0.0,0.8014999395229934,0.0,-6.25,6.250000000000001,0.15811388300841892,0.15811388300841886,1.0956533417018065e-08,2.4190758686062926e-06,0.006002408113704517,0.006,2.4190758686071235e-06,0.006002408113704518,0.006,0.0,0.0,0.0,0.0
2809,2.809,2.81,-4.365439909781795,4.365439909781797,8.881784197001252e-16,8.730879819563592,-0.10093419231537504,0.10093419231537504,1,1,-4.365439909781795,4.365439909781797,-6.0,6.0,0.0,12.0,0.0,0.0,0.0,0.0,0.0,0.0,0.0,0.0,0.0,0.0,0.0,0.0,0.0,0.0,6.002408113766134,6.002408113766133,1.6046192152785466e-16,0.0,0.8014999395229934,0.0,-6.25,6.250000000000001,0.15811388300841892,0.15811388300841886,1.0956534155481087e-08,2.419075867307849e-06,0.006002408113760562,0.006,2.4190758673081625e-06,0.006002408113760561,0.006,0.0,0.0,0.0,0.0
2819,2.819,2.82,-4.365439909731671,4.3654399097316725,8.881784197001252e-16,8.730879819463343,-0.10093419231552381,0.10093419231552381,1,1,-4.365439909731671,4.3654399097316725,-6.0,6.0,0.0,12.0,0.0,0.0,0.0,0.0,0.0,0.0,0.0,0.0,0.0,0.0,0.0,0.0,0.0,0.0,6.002408113821544,6.002408113821542,1.3652273755937472e-15,0.0,0.8014999395229935,0.0,-6.25,6.250000000000001,0.15811388300841892,0.15811388300841886,1.0956534887015608e-08,2.4190758660250037e-06,0.006002408113816028,0.006,2.4190758660247446e-06,0.006002408113816028,0.006,0.0,0.0,0.0,0.0
2829,2.829,2.83,-4.365439909682068,4.3654399096820695,8.881784197001252e-16,8.730879819364137,-0.10093419231566952,0.10093419231566952,1,1,-4.365439909682068,4.3654399096820695,-6.0,6.0,0.0,12.0,0.0,0.0,0.0,0.0,0.0,0.0,0.0,0.0,0.0,0.0,0.0,0.0,0.0,0.0,6.002408113876381,6.002408113876381,5.212844045310305e-16,0.0,0.8014999395229935,0.0,-6.25,6.250000000000001,0.15811388300841892,0.15811388300841886,1.0956535611685848e-08,2.4190758647577556e-06,0.006002408113870922,0.006,2.41907586475687e-06,0.006002408113870922,0.006,0.0,0.0,0.0,0.0
2839,2.839,2.84,-4.365439909632983,4.365439909632984,8.881784197001252e-16,8.730879819265967,-0.10093419231581469,0.10093419231581469,1,1,-4.365439909632983,4.365439909632984,-6.0,6.0,0.0,12.0,0.0,0.0,0.0,0.0,0.0,0.0,0.0,0.0,0.0,0.0,0.0,0.0,0.0,0.0,6.002408113930653,6.002408113930653,9.072603779358701e-16,0.0,0.8014999395229935,0.0,-6.25,6.250000000000001,0.15811388300841892,0.15811388300841886,1.0956536329555434e-08,2.419075863501664e-06,0.006002408113925252,0.006,2.419075863502318e-06,0.006002408113925253,0.006,0.0,0.0,0.0,0.0
2849,2.849,2.85,-4.365439909584408,4.36543990958441,8.881784197001252e-16,8.730879819168818,-0.10093419231595707,0.10093419231595707,1,1,-4.365439909584408,4.36543990958441,-6.0,6.0,0.0,12.0,0.0,0.0,0.0,0.0,0.0,0.0,0.0,0.0,0.0,0.0,0.0,0.0,0.0,0.0,6.002408113984366,6.002408113984367,6.349087922075114e-16,0.0,0.8014999395229936,0.0,-6.25,6.250000000000001,0.15811388300841892,0.15811388300841886,1.0956537040687418e-08,2.4190758622589475e-06,0.00600240811397902,0.006,2.4190758622588683e-06,0.00600240811397902,0.006,0.0,0.0,0.0,0.0
2859,2.859,2.86,-4.36543990953634,4.365439909536342,8.881784197001252e-16,8.730879819072682,-0.10093419231609724,0.10093419231609724,1,1,-4.36543990953634,4.365439909536342,-6.0,6.0,0.0,12.0,0.0,0.0,0.0,0.0,0.0,0.0,0.0,0.0,0.0,0.0,0.0,0.0,0.0,0.0,6.002408114037525,6.002408114037524,1.6046192152785466e-15,0.0,0.8014999395229936,0.0,-6.25,6.250000000000001,0.15811388300841892,0.15811388300841886,1.0956537745144269e-08,2.419075861027387e-06,0.006002408114032232,0.006,2.419075861026521e-06,0.006002408114032232,0.006,0.0,0.0,0.0,0.0
2869,2.869,2.87,-4.365439909488773,4.365439909488774,8.881784197001252e-16,8.730879818977547,-0.10093419231623657,0.10093419231623657,1,1,-4.365439909488773,4.365439909488774,-6.0,6.0,0.0,12.0,0.0,0.0,0.0,0.0,0.0,0.0,0.0,0.0,0.0,0.0,0.0,0.0,0.0,0.0,6.002408114090134,6.0024081140901355,2.0018708912772354e-15,0.0,0.8014999395229936,0.0,-6.25,6.250000000000001,0.15811388300841892,0.15811388300841886,1.0956538442987893e-08,2.419075859813642e-06,0.006002408114084897,0.006,2.419075859814157e-06,0.006002408114084897,0.006,0.0,0.0,0.0,0.0
2879,2.879,2.88,-4.365439909441701,4.365439909441703,8.881784197001252e-16,8.730879818883404,-0.1009341923163734,0.1009341923163734,1,1,-4.365439909441701,4.365439909441703,-6.0,6.0,0.0,12.0,0.0,0.0,0.0,0.0,0.0,0.0,0.0,0.0,0.0,0.0,0.0,0.0,0.0,0.0,6.002408114142201,6.002408114142201,1.837939522797427e-15,0.0,0.8014999395229936,0.0,-6.25,6.250000000000001,0.15811388300841892,0.15811388300841886,1.0956539134279624e-08,2.4190758586110514e-06,0.006002408114137018,0.006,2.4190758586106753e-06,0.006002408114137017,0.006,0.0,0.0,0.0,0.0
2889,2.8890000000000002,2.89,-4.3654399093951195,4.365439909395121,8.881784197001252e-16,8.73087981879024,-0.10093419231650802,0.10093419231650802,1,1,-4.3654399093951195,4.365439909395121,-6.0,6.0,0.0,12.0,0.0,0.0,0.0,0.0,0.0,0.0,0.0,0.0,0.0,0.0,0.0,0.0,0.0,0.0,6.002408114193731,6.002408114193731,2.2898349882893854e-16,0.0,0.8014999395229937,0.0,-6.25,6.250000000000001,0.15811388300841892,0.15811388300841886,1.0956539819080237e-08,2.419075857421835e-06,0.006002408114188602,0.006,2.4190758574227366e-06,0.006002408114188602,0.006,0.0,0.0,0.0,0.0
2899,2.899,2.9,-4.365439909349023,4.365439909349025,8.881784197001252e-16,8.730879818698048,-0.10093419231664125,0.10093419231664125,1,1,-4.365439909349023,4.365439909349025,-6.0,6.0,0.0,12.0,0.0,0.0,0.0,0.0,0.0,0.0,0.0,0.0,0.0,0.0,0.0,0.0,0.0,0.0,6.00240811424473,6.00240811424473,7.32920668600201e-16,0.0,0.8014999395229937,0.0,-6.25,6.250000000000001,0.15811388300841892,0.15811388300841886,1.095654049744995e-08,2.4190758562459923e-06,0.006002408114239653,0.006,2.4190758562459004e-06,0.006002408114239653,0.006,0.0,0.0,0.0,0.0
2909,2.9090000000000003,2.91,-4.365439909303407,4.36543990930341,1.3322676295501878e-15,8.730879818606816,-0.10093419231677281,0.10093419231677281,1,1,-4.365439909303407,4.36543990930341,-6.0,6.0,0.0,12.0,0.0,0.0,0.0,0.0,0.0,0.0,0.0,0.0,0.0,0.0,0.0,0.0,0.0,0.0,6.002408114295201,6.0024081142952,1.970645868709653e-15,0.0,0.8014999395229937,0.0,-6.25,6.250000000000001,0.15811388300841892,0.15811388300841886,1.0956541169448434e-08,2.4190758550768615e-06,0.006002408114290178,0.006,2.4190758550779457e-06,0.006002408114290178,0.006,0.0,0.0,0.0,0.0
2919,2.919,2.92,-4.365439909258267,4.365439909258269,8.881784197001252e-16,8.730879818516536,-0.10093419231690243,0.10093419231690243,1,1,-4.365439909258267,4.365439909258269,-6.0,6.0,0.0,12.0,0.0,0.0,0.0,0.0,0.0,0.0,0.0,0.0,0.0,0.0,0.0,0.0,0.0,0.0,6.002408114345154,6.002408114345153,7.754213937616328e-16,0.0,0.8014999395229937,0.0,-6.25,6.250000000000001,0.15811388300841892,0.15811388300841886,1.0956541835134812e-08,2.4190758539277647e-06,0.006002408114340182,0.006,2.4190758539277546e-06,0.006002408114340182,0.006,0.0,0.0,0.0,0.0
2929,2.9290000000000003,2.93,-4.365439909213596,4.365439909213598,8.881784197001252e-16,8.730879818427194,-0.10093419231703038,0.10093419231703038,1,1,-4.365439909213596,4.365439909213598,-6.0,6.0,0.0,12.0,0.0,0.0,0.0,0.0,0.0,0.0,0.0,0.0,0.0,0.0,0.0,0.0,0.0,0.0,6.002408114394591,6.002408114394589,2.777292285038868e-15,0.0,0.8014999395229938,0.0,-6.25,6.250000000000001,0.15811388300841892,0.15811388300841886,1.0956542494567663e-08,2.4190758527853795e-06,0.0060024081143896695,0.006,2.4190758527864454e-06,0.006002408114389671,0.006,0.0,0.0,0.0,0.0
2939,2.939,2.94,-4.365439909169392,4.365439909169393,8.881784197001252e-16,8.730879818338785,-0.10093419231715639,0.10093419231715639,1,1,-4.365439909169392,4.365439909169393,-6.0,6.0,0.0,12.0,0.0,0.0,0.0,0.0,0.0,0.0,0.0,0.0,0.0,0.0,0.0,0.0,0.0,0.0,6.002408114443517,6.002408114443518,1.7937040741600185e-15,0.0,0.8014999395229938,0.0,-6.25,6.250000000000001,0.15811388300841892,0.15811388300841886,1.0956543147805039e-08,2.4190758516585863e-06,0.006002408114438647,0.006,2.419075851658459e-06,0.006002408114438646,0.006,0.0,0.0,0.0,0.0
2949,2.949,2.95,-4.365439909125647,4.365439909125649,8.881784197001252e-16,8.730879818251296,-0.10093419231728074,0.10093419231728074,1,1,-4.365439909125647,4.365439909125649,-6.0,6.0,0.0,12.0,0.0,0.0,0.0,0.0,0.0,0.0,0.0,0.0,0.0,0.0,0.0,0.0,0.0,0.0,6.002408114491939,6.002408114491939,2.1510571102112408e-15,0.0,0.8014999395229938,0.0,-6.25,6.250000000000001,0.15811388300841892,0.15811388300841886,1.0956543794904449e-08,2.419075850545165e-06,0.006002408114487119,0.006,2.4190758505460153e-06,0.006002408114487121,0.006,0.0,0.0,0.0,0.0
2959,2.959,2.96,-4.365439909082358,4.365439909082361,1.3322676295501878e-15,8.73087981816472,-0.10093419231740397,0.10093419231740397,1,1,-4.365439909082358,4.365439909082361,-6.0,6.0,0.0,12.0,0.0,0.0,0.0,0.0,0.0,0.0,0.0,0.0,0.0,0.0,0.0,0.0,0.0,0.0,6.002408114539861,6.00240811453986,4.865899350114944e-16,0.0,0.8014999395229938,0.0,-6.25,6.250000000000001,0.15811388300841892,0.15811388300841886,1.095654443592289e-08,2.4190758494451143e-06,0.006002408114535091,0.006,2.419075849444674e-06,0.00600240811453509,0.006,0.0,0.0,0.0,0.0
2969,2.969,2.97,-4.365439909039521,4.365439909039523,8.881784197001252e-16,8.730879818079044,-0.10093419231752498,0.10093419231752498,1,1,-4.365439909039521,4.365439909039523,-6.0,6.0,0.0,12.0,0.0,0.0,0.0,0.0,0.0,0.0,0.0,0.0,0.0,0.0,0.0,0.0,0.0,0.0,6.002408114587288,6.002408114587289,9.35015953551499e-16,0.0,0.8014999395229939,0.0,-6.25,6.250000000000001,0.15811388300841892,0.15811388300841886,1.0956545070916818e-08,2.4190758483539936e-06,0.006002408114582568,0.006,2.419075848354435e-06,0.006002408114582569,0.006,0.0,0.0,0.0,0.0
2979,2.979,2.98,-4.365439908997129,4.365439908997131,8.881784197001252e-16,8.73087981799426,-0.10093419231764433,0.10093419231764433,1,1,-4.365439908997129,4.365439908997131,-6.0,6.0,0.0,12.0,0.0,0.0,0.0,0.0,0.0,0.0,0.0,0.0,0.0,0.0,0.0,0.0,0.0,0.0,6.002408114634227,6.002408114634227,6.87817858224804e-16,0.0,0.8014999395229939,0.0,-6.25,6.250000000000001,0.15811388300841892,0.15811388300841886,1.0956545699942193e-08,2.4190758472740228e-06,0.006002408114629555,0.006,2.419075847273078e-06,0.006002408114629556,0.006,0.0,0.0,0.0,0.0
2989,2.989,2.99,-4.36543990895518,4.365439908955182,8.881784197001252e-16,8.730879817910361,-0.1009341923177623,0.1009341923177623,1,1,-4.36543990895518,4.365439908955182,-6.0,6.0,0.0,12.0,0.0,0.0,0.0,0.0,0.0,0.0,0.0,0.0,0.0,0.0,0.0,0.0,0.0,0.0,6.002408114680684,6.002408114680682,1.8110513089197866e-15,0.0,0.8014999395229939,0.0,-6.25,6.250000000000001,0.15811388300841892,0.15811388300841886,1.0956546323054445e-08,2.419075846202981e-06,0.006002408114676058,0.006,2.419075846202823e-06,0.006002408114676059,0.006,0.0,0.0,0.0,0.0
2999,2.999,3.0,-4.365439908913667,4.365439908913669,8.881784197001252e-16,8.730879817827336,-0.10093419231787859,0.10093419231787859,1,1,-4.365439908913667,4.365439908913669,-6.0,6.0,0.0,12.0,0.0,0.0,0.0,0.0,0.0,0.0,0.0,0.0,0.0,0.0,0.0,0.0,0.0,0.0,6.002408114726657,6.002408114726657,2.0044729764912006e-15,0.0,0.8014999395229939,0.0,-6.25,6.250000000000001,0.15811388300841892,0.15811388300841886,1.095654694030851e-08,2.4190758451453087e-06,0.006002408114722081,0.006,2.4190758451458906e-06,0.006002408114722082,0.006,0.0,0.0,0.0,0.0
3009,3.009,3.0100000000000002,-4.365439908872587,4.365439908872589,8.881784197001252e-16,8.730879817745176,-0.10093419231799322,0.10093419231799322,1,1,-4.365439908872587,4.365439908872589,-6.0,6.0,0.0,12.0,0.0,0.0,0.0,0.0,0.0,0.0,0.0,0.0,0.0,0.0,0.0,0.0,0.0,0.0,6.002408114772159,6.002408114772159,1.680947048221526e-15,0.0,0.801499939522994,0.0,-6.25,6.250000000000001,0.15811388300841892,0.15811388300841886,1.0956547551758812e-08,2.4190758440987847e-06,0.00600240811476763,0.006,2.41907584409784e-06,0.0060024081147676284,0.006,0.0,0.0,0.0,0.0
3019,3.019,3.02,-4.365439908831935,4.365439908831937,8.881784197001252e-16,8.730879817663872,-0.10093419231810646,0.10093419231810646,1,1,-4.365439908831935,4.365439908831937,-6.0,6.0,0.0,12.0,0.0,0.0,0.0,0.0,0.0,0.0,0.0,0.0,0.0,0.0,0.0,0.0,0.0,0.0,6.0024081148171895,6.0024081148171895,2.224782857940255e-15,0.0,0.801499939522994,0.0,-6.25,6.250000000000001,0.15811388300841892,0.15811388300841886,1.0956548157459279e-08,2.4190758430634093e-06,0.006002408114812709,0.006,2.419075843063112e-06,0.006002408114812709,0.006,0.0,0.0,0.0,0.0
3029,3.029,3.0300000000000002,-4.365439908791707,4.365439908791709,8.881784197001252e-16,8.730879817583416,-0.10093419231821804,0.10093419231821804,1,1,-4.365439908791707,4.365439908791709,-6.0,6.0,0.0,12.0,0.0,0.0,0.0,0.0,0.0,0.0,0.0,0.0,0.0,0.0,0.0,0.0,0.0,0.0,6.002408114861758,6.0024081148617565,4.874572967494828e-16,0.0,0.801499939522994,0.0,-6.25,6.250000000000001,0.15811388300841892,0.15811388300841886,1.0956548757463346e-08,2.4190758420436223e-06,0.006002408114857322,0.006,2.4190758420439272e-06,0.006002408114857321,0.006,0.0,0.0,0.0,0.0
3039,3.039,3.04,-4.365439908751897,4.3654399087519,1.3322676295501878e-15,8.730879817503798,-0.10093419231832795,0.10093419231832795,1,1,-4.365439908751897,4.3654399087519,-6.0,6.0,0.0,12.0,0.0,0.0,0.0,0.0,0.0,0.0,0.0,0.0,0.0,0.0,0.0,0.0,0.0,0.0,6.002408114905864,6.002408114905865,8.239936510889834e-16,0.0,0.801499939522994,0.0,-6.25,6.250000000000001,0.15811388300841892,0.15811388300841886,1.095654935182396e-08,2.419075841028321e-06,0.0060024081149014745,0.006,2.4190758410291834e-06,0.006002408114901475,0.006,0.0,0.0,0.0,0.0
3049,3.049,3.0500000000000003,-4.365439908712503,4.365439908712505,8.881784197001252e-16,8.730879817425008,-0.10093419231843648,0.10093419231843648,1,1,-4.365439908712503,4.365439908712505,-6.0,6.0,0.0,12.0,0.0,0.0,0.0,0.0,0.0,0.0,0.0,0.0,0.0,0.0,0.0,0.0,0.0,0.0,6.002408114949517,6.002408114949518,2.720913772069622e-15,0.0,0.8014999395229941,0.0,-6.25,6.250000000000001,0.15811388300841892,0.15811388300841886,1.0956549940593578e-08,2.4190758400241674e-06,0.006002408114945173,0.006,2.4190758400233217e-06,0.0060024081149451704,0.006,0.0,0.0,0.0,0.0
3059,3.059,3.06,-4.365439908673519,4.365439908673521,8.881784197001252e-16,8.73087981734704,-0.10093419231854417,0.10093419231854417,1,1,-4.365439908673519,4.365439908673521,-6.0,6.0,0.0,12.0,0.0,0.0,0.0,0.0,0.0,0.0,0.0,0.0,0.0,0.0,0.0,0.0,0.0,0.0,6.002408114992719,6.002408114992719,4.215378046623641e-16,0.0,0.8014999395229941,0.0,-6.25,6.250000000000001,0.15811388300841892,0.15811388300841886,1.0956550523824177e-08,2.419075839035601e-06,0.006002408114988419,0.006,2.419075839035223e-06,0.006002408114988419,0.006,0.0,0.0,0.0,0.0
3069,3.069,3.0700000000000003,-4.365439908634941,4.365439908634943,8.881784197001252e-16,8.730879817269884,-0.1009341923186502,0.1009341923186502,1,1,-4.365439908634941,4.365439908634943,-6.0,6.0,0.0,12.0,0.0,0.0,0.0,0.0,0.0,0.0,0.0,0.0,0.0,0.0,0.0,0.0,0.0,0.0,6.002408115035477,6.002408115035477,2.1918231118966958e-15,0.0,0.8014999395229941,0.0,-6.25,6.250000000000001,0.15811388300841892,0.15811388300841886,1.0956551101567263e-08,2.4190758380559606e-06,0.0060024081150312205,0.006,2.4190758380560063e-06,0.00600240811503122,0.006,0.0,0.0,0.0,0.0
3079,3.079,3.08,-4.365439908596764,4.365439908596767,1.3322676295501878e-15,8.730879817193532,-0.10093419231875456,0.10093419231875456,1,1,-4.365439908596764,4.365439908596767,-6.0,6.0,0.0,12.0,0.0,0.0,0.0,0.0,0.0,0.0,0.0,0.0,0.0,0.0,0.0,0.0,0.0,0.0,6.002408115077792,6.002408115077792,1.6870185803874449e-15,0.0,0.8014999395229941,0.0,-6.25,6.250000000000001,0.15811388300841892,0.15811388300841886,1.0956551673873864e-08,2.4190758370830247e-06,0.00600240811507358,0.006,2.4190758370834507e-06,0.006002408115073578,0.006,0.0,0.0,0.0,0.0
3089,3.089,3.09,-4.365439908558987,4.365439908558988,8.881784197001252e-16,8.730879817117975,-0.10093419231885725,0.10093419231885725,1,1,-4.365439908558987,4.365439908558988,-6.0,6.0,0.0,12.0,0.0,0.0,0.0,0.0,0.0,0.0,0.0,0.0,0.0,0.0,0.0,0.0,0.0,0.0,6.002408115119671,6.00240811511967,1.9350840374521283e-15,0.0,0.8014999395229941,0.0,-6.25,6.250000000000001,0.15811388300841892,0.15811388300841886,1.095655224079454e-08,2.4190758361234545e-06,0.006002408115115502,0.006,2.419075836124218e-06,0.006002408115115503,0.006,0.0,0.0,0.0,0.0
3099,3.099,3.1,-4.365439908521601,4.365439908521604,1.3322676295501878e-15,8.730879817043206,-0.10093419231895856,0.10093419231895856,1,1,-4.365439908521601,4.365439908521604,-6.0,6.0,0.0,12.0,0.0,0.0,0.0,0.0,0.0,0.0,0.0,0.0,0.0,0.0,0.0,0.0,0.0,0.0,6.002408115161117,6.002408115161117,6.782768791069316e-16,0.0,0.8014999395229943,0.0,-6.25,6.250000000000001,0.15811388300841892,0.15811388300841886,1.0956552802379391e-08,2.4190758351728095e-06,0.006002408115156992,0.006,2.4190758351738674e-06,0.0060024081151569915,0.006,0.0,0.0,0.0,0.0
3109,3.109,3.11,-4.365439908484606,4.365439908484609,1.3322676295501878e-15,8.730879816969214,-0.10093419231905848,0.10093419231905848,1,1,-4.365439908484606,4.365439908484609,-6.0,6.0,0.0,12.0,0.0,0.0,0.0,0.0,0.0,0.0,0.0,0.0,0.0,0.0,0.0,0.0,0.0,0.0,6.002408115202137,6.002408115202138,1.3791051634015616e-16,0.0,0.8014999395229943,0.0,-6.25,6.250000000000001,0.15811388300841892,0.15811388300841886,1.0956553358678055e-08,2.419075834233309e-06,0.006002408115198053,0.006,2.4190758342323984e-06,0.006002408115198055,0.006,0.0,0.0,0.0,0.0
3119,3.119,3.12,-4.365439908447997,4.365439908447999,8.881784197001252e-16,8.730879816895996,-0.10093419231915701,0.10093419231915701,1,1,-4.365439908447997,4.365439908447999,-6.0,6.0,0.0,12.0,0.0,0.0,0.0,0.0,0.0,0.0,0.0,0.0,0.0,0.0,0.0,0.0,0.0,0.0,6.0024081152427335,6.0024081152427335,5.074066167232161e-16,0.0,0.8014999395229943,0.0,-6.25,6.250000000000001,0.15811388300841892,0.15811388300841886,1.0956553909739716e-08,2.4190758333071733e-06,0.006002408115238693,0.006,2.4190758333064724e-06,0.006002408115238693,0.006,0.0,0.0,0.0,0.0
3129,3.129,3.13,-4.365439908411768,4.36543990841177,8.881784197001252e-16,8.730879816823538,-0.10093419231925443,0.10093419231925443,1,1,-4.365439908411768,4.36543990841177,-6.0,6.0,0.0,12.0,0.0,0.0,0.0,0.0,0.0,0.0,0.0,0.0,0.0,0.0,0.0,0.0,0.0,0.0,6.002408115282911,6.002408115282909,1.3340023530261647e-15,0.0,0.8014999395229943,0.0,-6.25,6.250000000000001,0.15811388300841892,0.15811388300841886,1.0956554455613102e-08,2.4190758323877406e-06,0.006002408115278911,0.006,2.4190758323872074e-06,0.006002408115278911,0.006,0.0,0.0,0.0,0.0
3139,3.1390000000000002,3.14,-4.365439908375918,4.36543990837592,8.881784197001252e-16,8.730879816751838,-0.10093419231935047,0.10093419231935047,1,1,-4.365439908375918,4.36543990837592,-6.0,6.0,0.0,12.0,0.0,0.0,0.0,0.0,0.0,0.0,0.0,0.0,0.0,0.0,0.0,0.0,0.0,0.0,6.002408115322673,6.002408115322675,1.7321213907628419e-15,0.0,0.8014999395229943,0.0,-6.25,6.250000000000001,0.15811388300841892,0.15811388300841886,1.0956554996346503e-08,2.4190758314794515e-06,0.006002408115318715,0.006,2.419075831479045e-06,0.006002408115318715,0.006,0.0,0.0,0.0,0.0
3149,3.149,3.15,-4.3654399083404405,4.365439908340442,8.881784197001252e-16,8.730879816680883,-0.10093419231944539,0.10093419231944539,1,1,-4.3654399083404405,4.365439908340442,-6.0,6.0,0.0,12.0,0.0,0.0,0.0,0.0,0.0,0.0,0.0,0.0,0.0,0.0,0.0,0.0,0.0,0.0,6.002408115362027,6.002408115362027,8.205242041370298e-16,0.0,0.8014999395229944,0.0,-6.25,6.250000000000001,0.15811388300841892,0.15811388300841886,1.0956555531987755e-08,2.419075830575644e-06,0.006002408115358109,0.006,2.4190758305753235e-06,0.006002408115358109,0.006,0.0,0.0,0.0,0.0
3159,3.1590000000000003,3.16,-4.3654399083053335,4.365439908305335,8.881784197001252e-16,8.730879816610669,-0.1009341923195392,0.1009341923195392,1,1,-4.3654399083053335,4.365439908305335,-6.0,6.0,0.0,12.0,0.0,0.0,0.0,0.0,0.0,0.0,0.0,0.0,0.0,0.0,0.0,0.0,0.0,0.0,6.002408115400972,6.002408115400971,1.4016565685892601e-15,0.0,0.8014999395229944,0.0,-6.25,6.250000000000001,0.15811388300841892,0.15811388300841886,1.0956556062584261e-08,2.4190758296829798e-06,0.006002408115397096,0.006,2.419075829682704e-06,0.006002408115397096,0.006,0.0,0.0,0.0,0.0
3169,3.169,3.17,-4.3654399082705915,4.365439908270593,8.881784197001252e-16,8.730879816541185,-0.10093419231963108,0.10093419231963108,1,1,-4.3654399082705915,4.365439908270593,-6.0,6.0,0.0,12.0,0.0,0.0,0.0,0.0,0.0,0.0,0.0,0.0,0.0,0.0,0.0,0.0,0.0,0.0,6.002408115439518,6.0024081154395175,4.935288289154016e-16,0.0,0.8014999395229944,0.0,-6.25,6.250000000000001,0.15811388300841892,0.15811388300841886,1.0956556588182991e-08,2.4190758288058987e-06,0.006002408115435681,0.006,2.419075828805628e-06,0.006002408115435682,0.006,0.0,0.0,0.0,0.0
3179,3.1790000000000003,3.18,-4.365439908236212,4.365439908236214,8.881784197001252e-16,8.730879816472426,-0.10093419231972212,0.10093419231972212,1,1,-4.365439908236212,4.365439908236214,-6.0,6.0,0.0,12.0,0.0,0.0,0.0,0.0,0.0,0.0,0.0,0.0,0.0,0.0,0.0,0.0,0.0,0.0,6.002408115477665,6.002408115477665,1.7694179454963432e-15,0.0,0.8014999395229944,0.0,-6.25,6.250000000000001,0.15811388300841892,0.15811388300841886,1.095655710883048e-08,2.419075827933298e-06,0.006002408115473869,0.006,2.4190758279329927e-06,0.006002408115473867,0.006,0.0,0.0,0.0,0.0
3189,3.189,3.19,-4.36543990820219,4.365439908202192,8.881784197001252e-16,8.730879816404382,-0.10093419231981149,0.10093419231981149,1,1,-4.36543990820219,4.365439908202192,-6.0,6.0,0.0,12.0,0.0,0.0,0.0,0.0,0.0,0.0,0.0,0.0,0.0,0.0,0.0,0.0,0.0,0.0,6.0024081155154185,6.0024081155154185,9.835882108788496e-16,0.0,0.8014999395229944,0.0,-6.25,6.250000000000001,0.15811388300841892,0.15811388300841886,1.0956557624572832e-08,2.4190758270718398e-06,0.00600240811551166,0.006,2.41907582707146e-06,0.006002408115511661,0.006,0.0,0.0,0.0,0.0
3199,3.1990000000000003,3.2,-4.365439908168523,4.365439908168525,8.881784197001252e-16,8.730879816337048,-0.1009341923199003,0.1009341923199003,1,1,-4.365439908168523,4.365439908168525,-6.0,6.0,0.0,12.0,0.0,0.0,0.0,0.0,0.0,0.0,0.0,0.0,0.0,0.0,0.0,0.0,0.0,0.0,6.002408115552782,6.002408115552783,1.560383766641138e-15,0.0,0.8014999395229945,0.0,-6.25,6.250000000000001,0.15811388300841892,0.15811388300841886,1.0956558135455735e-08,2.419075826217082e-06,0.006002408115549063,0.006,2.419075826216588e-06,0.006002408115549062,0.006,0.0,0.0,0.0,0.0
3209,3.209,3.21,-4.365439908135206,4.365439908135209,1.3322676295501878e-15,8.730879816270416,-0.10093419231998718,0.10093419231998718,1,1,-4.365439908135206,4.365439908135209,-6.0,6.0,0.0,12.0,0.0,0.0,0.0,0.0,0.0,0.0,0.0,0.0,0.0,0.0,0.0,0.0,0.0,0.0,6.00240811558976,6.002408115589761,9.30679144861557e-16,0.0,0.8014999395229945,0.0,-6.25,6.250000000000001,0.15811388300841892,0.15811388300841886,1.0956558641524455e-08,2.4190758253756855e-06,0.0060024081155860805,0.006,2.419075825375039e-06,0.0060024081155860805,0.006,0.0,0.0,0.0,0.0
3219,3.219,3.22,-4.365439908102238,4.36543990810224,8.881784197001252e-16,8.730879816204478,-0.1009341923200735,0.1009341923200735,1,1,-4.365439908102238,4.36543990810224,-6.0,6.0,0.0,12.0,0.0,0.0,0.0,0.0,0.0,0.0,0.0,0.0,0.0,0.0,0.0,0.0,0.0,0.0,6.002408115626357,6.002408115626358,1.1483869410966463e-15,0.0,0.8014999395229945,0.0,-6.25,6.250000000000001,0.15811388300841892,0.15811388300841886,1.0956559142823837e-08,2.4190758245387687e-06,0.006002408115622716,0.006,2.4190758245379305e-06,0.006002408115622716,0.006,0.0,0.0,0.0,0.0
3229,3.229,3.23,-4.365439908069612,4.365439908069614,8.881784197001252e-16,8.730879816139225,-0.10093419232015816,0.10093419232015816,1,1,-4.365439908069612,4.365439908069614,-6.0,6.0,0.0,12.0,0.0,0.0,0.0,0.0,0.0,0.0,0.0,0.0,0.0,0.0,0.0,0.0,0.0,0.0,6.002408115662578,6.002408115662578,1.474514954580286e-17,0.0,0.8014999395229945,0.0,-6.25,6.250000000000001,0.15811388300841892,0.15811388300841886,1.095655963939832e-08,2.4190758237152125e-06,0.006002408115658973,0.006,2.4190758237141453e-06,0.006002408115658974,0.006,0.0,0.0,0.0,0.0
3239,3.239,3.24,-4.3654399080373265,4.365439908037328,8.881784197001252e-16,8.730879816074655,-0.1009341923202417,0.1009341923202417,1,1,-4.3654399080373265,4.365439908037328,-6.0,6.0,0.0,12.0,0.0,0.0,0.0,0.0,0.0,0.0,0.0,0.0,0.0,0.0,0.0,0.0,0.0,0.0,6.002408115698424,6.002408115698424,7.919012667834124e-16,0.0,0.8014999395229945,0.0,-6.25,6.250000000000001,0.15811388300841892,0.15811388300841886,1.0956560131291932e-08,2.419075822896135e-06,0.0060024081156948555,0.006,2.419075822897021e-06,0.006002408115694855,0.006,0.0,0.0,0.0,0.0
3249,3.249,3.25,-4.365439908005377,4.365439908005379,8.881784197001252e-16,8.730879816010756,-0.10093419232032441,0.10093419232032441,1,1,-4.365439908005377,4.365439908005379,-6.0,6.0,0.0,12.0,0.0,0.0,0.0,0.0,0.0,0.0,0.0,0.0,0.0,0.0,0.0,0.0,0.0,0.0,6.0024081157339,6.0024081157339,2.940356291780688e-16,0.0,0.8014999395229946,0.0,-6.25,6.250000000000001,0.15811388300841892,0.15811388300841886,1.0956560618548297e-08,2.419075822090418e-06,0.006002408115730369,0.006,2.4190758220909993e-06,0.006002408115730368,0.006,0.0,0.0,0.0,0.0
3259,3.259,3.2600000000000002,-4.3654399079737605,4.365439907973763,1.3322676295501878e-15,8.730879815947524,-0.10093419232040601,0.10093419232040601,1,1,-4.3654399079737605,4.365439907973763,-6.0,6.0,0.0,12.0,0.0,0.0,0.0,0.0,0.0,0.0,0.0,0.0,0.0,0.0,0.0,0.0,0.0,0.0,6.0024081157690095,6.002408115769011,5.785302792382652e-16,0.0,0.8014999395229946,0.0,-6.25,6.250000000000001,0.15811388300841892,0.15811388300841886,1.0956561101210636e-08,2.419075821289179e-06,0.006002408115765516,0.006,2.419075821289418e-06,0.006002408115765516,0.006,0.0,0.0,0.0,0.0
3269,3.269,3.27,-4.365439907942474,4.365439907942476,8.881784197001252e-16,8.73087981588495,-0.10093419232048595,0.10093419232048595,1,1,-4.365439907942474,4.365439907942476,-6.0,6.0,0.0,12.0,0.0,0.0,0.0,0.0,0.0,0.0,0.0,0.0,0.0,0.0,0.0,0.0,0.0,0.0,6.002408115803758,6.002408115803759,9.39352762241441e-16,0.0,0.8014999395229946,0.0,-6.25,6.250000000000001,0.15811388300841892,0.15811388300841886,1.0956561579321773e-08,2.4190758204968583e-06,0.0060024081158003,0.006,2.419075820496719e-06,0.0060024081158003,0.006,0.0,0.0,0.0,0.0
3279,3.279,3.2800000000000002,-4.365439907911513,4.365439907911515,8.881784197001252e-16,8.730879815823029,-0.10093419232056505,0.10093419232056505,1,1,-4.365439907911513,4.365439907911515,-6.0,6.0,0.0,12.0,0.0,0.0,0.0,0.0,0.0,0.0,0.0,0.0,0.0,0.0,0.0,0.0,0.0,0.0,6.002408115838147,6.002408115838147,1.6748755160556072e-15,0.0,0.8014999395229946,0.0,-6.25,6.250000000000001,0.15811388300841892,0.15811388300841886,1.0956562052924142e-08,2.4190758197156767e-06,0.006002408115834725,0.006,2.419075819715122e-06,0.0060024081158347245,0.006,0.0,0.0,0.0,0.0
3289,3.289,3.29,-4.365439907880875,4.365439907880877,1.3322676295501878e-15,8.730879815761753,-0.10093419232064305,0.10093419232064305,1,1,-4.365439907880875,4.365439907880877,-6.0,6.0,0.0,12.0,0.0,0.0,0.0,0.0,0.0,0.0,0.0,0.0,0.0,0.0,0.0,0.0,0.0,0.0,6.002408115872182,6.002408115872183,1.884777056648801e-15,0.0,0.8014999395229946,0.0,-6.25,6.250000000000001,0.15811388300841892,0.15811388300841886,1.0956562522059785e-08,2.419075818938972e-06,0.006002408115868796,0.006,2.4190758189379657e-06,0.006002408115868795,0.006,0.0,0.0,0.0,0.0
3299,3.299,3.3000000000000003,-4.365439907850556,4.365439907850559,1.3322676295501878e-15,8.730879815701115,-0.10093419232072048,0.10093419232072048,1,1,-4.365439907850556,4.365439907850559,-6.0,6.0,0.0,12.0,0.0,0.0,0.0,0.0,0.0,0.0,0.0,0.0,0.0,0.0,0.0,0.0,0.0,0.0,6.002408115905867,6.002408115905866,1.5751289161869408e-15,0.0,0.8014999395229946,0.0,-6.25,6.250000000000001,0.15811388300841892,0.15811388300841886,1.0956562986770348e-08,2.419075818173406e-06,0.006002408115902515,0.006,2.419075818174132e-06,0.006002408115902515,0.006,0.0,0.0,0.0,0.0
3309,3.309,3.31,-4.365439907820553,4.365439907820555,8.881784197001252e-16,8.730879815641108,-0.10093419232079626,0.10093419232079626,1,1,-4.365439907820553,4.365439907820555,-6.0,6.0,0.0,12.0,0.0,0.0,0.0,0.0,0.0,0.0,0.0,0.0,0.0,0.0,0.0,0.0,0.0,0.0,6.002408115939203,6.002408115939203,1.0373646386341306e-15,0.0,0.8014999395229947,0.0,-6.25,6.250000000000001,0.15811388300841892,0.15811388300841886,1.095656344709711e-08,2.419075817416757e-06,0.006002408115935884,0.006,2.41907581741696e-06,0.006002408115935885,0.006,0.0,0.0,0.0,0.0
3319,3.319,3.3200000000000003,-4.365439907790862,4.365439907790864,8.881784197001252e-16,8.730879815581726,-0.1009341923208712,0.1009341923208712,1,1,-4.365439907790862,4.365439907790864,-6.0,6.0,0.0,12.0,0.0,0.0,0.0,0.0,0.0,0.0,0.0,0.0,0.0,0.0,0.0,0.0,0.0,0.0,6.002408115972195,6.0024081159721945,1.1449174941446927e-15,0.0,0.8014999395229947,0.0,-6.25,6.250000000000001,0.15811388300841892,0.15811388300841886,1.0956563903080958e-08,2.419075816666804e-06,0.006002408115968912,0.006,2.4190758166664495e-06,0.006002408115968911,0.006,0.0,0.0,0.0,0.0
3329,3.329,3.33,-4.365439907761481,4.365439907761483,8.881784197001252e-16,8.730879815522965,-0.10093419232094558,0.10093419232094558,1,1,-4.365439907761481,4.365439907761483,-6.0,6.0,0.0,12.0,0.0,0.0,0.0,0.0,0.0,0.0,0.0,0.0,0.0,0.0,0.0,0.0,0.0,0.0,6.0024081160048475,6.002408116004848,7.606762442158299e-16,0.0,0.8014999395229947,0.0,-6.25,6.250000000000001,0.15811388300841892,0.15811388300841886,1.0956564354762407e-08,2.4190758159257684e-06,0.006002408116001598,0.006,2.4190758159248205e-06,0.006002408116001598,0.006,0.0,0.0,0.0,0.0
3339,3.339,3.34,-4.365439907732407,4.365439907732409,8.881784197001252e-16,8.730879815464816,-0.10093419232101775,0.10093419232101775,1,1,-4.365439907732407,4.365439907732409,-6.0,6.0,0.0,12.0,0.0,0.0,0.0,0.0,0.0,0.0,0.0,0.0,0.0,0.0,0.0,0.0,0.0,0.0,6.002408116037163,6.002408116037163,1.4259426972529354e-15,0.0,0.8014999395229947,0.0,-6.25,6.250000000000001,0.15811388300841892,0.15811388300841886,1.0956564802181602e-08,2.419075815191429e-06,0.006002408116033946,0.006,2.4190758151920735e-06,0.006002408116033945,0.006,0.0,0.0,0.0,0.0
3349,3.349,3.35,-4.365439907703634,4.365439907703636,8.881784197001252e-16,8.73087981540727,-0.10093419232109047,0.10093419232109047,1,1,-4.365439907703634,4.365439907703636,-6.0,6.0,0.0,12.0,0.0,0.0,0.0,0.0,0.0,0.0,0.0,0.0,0.0,0.0,0.0,0.0,0.0,0.0,6.0024081160691445,6.002408116069143,1.8041124150158794e-15,0.0,0.8014999395229947,0.0,-6.25,6.250000000000001,0.15811388300841892,0.15811388300841886,1.0956565245378308e-08,2.419075814466005e-06,0.0060024081160659605,0.006,2.4190758144659875e-06,0.006002408116065961,0.006,0.0,0.0,0.0,0.0
3359,3.359,3.36,-4.365439907675162,4.365439907675164,8.881784197001252e-16,8.730879815350326,-0.10093419232116069,0.10093419232116069,1,1,-4.365439907675162,4.365439907675164,-6.0,6.0,0.0,12.0,0.0,0.0,0.0,0.0,0.0,0.0,0.0,0.0,0.0,0.0,0.0,0.0,0.0,0.0,6.0024081161007965,6.002408116100796,8.387388006347862e-16,0.0,0.8014999395229947,0.0,-6.25,6.250000000000001,0.15811388300841892,0.15811388300841886,1.0956565684391938e-08,2.4190758137472767e-06,0.006002408116097645,0.006,2.419075813746563e-06,0.006002408116097645,0.006,0.0,0.0,0.0,0.0
3369,3.369,3.37,-4.365439907646987,4.365439907646989,8.881784197001252e-16,8.730879815293976,-0.10093419232123091,0.10093419232123091,1,1,-4.365439907646987,4.365439907646989,-6.0,6.0,0.0,12.0,0.0,0.0,0.0,0.0,0.0,0.0,0.0,0.0,0.0,0.0,0.0,0.0,0.0,0.0,6.002408116132121,6.00240811613212,2.1805474093028465e-15,0.0,0.8014999395229948,0.0,-6.25,6.250000000000001,0.15811388300841892,0.15811388300841886,1.0956566119261532e-08,2.4190758130330234e-06,0.006002408116129003,0.006,2.4190758130337997e-06,0.006002408116129004,0.006,0.0,0.0,0.0,0.0
3379,3.379,3.38,-4.3654399076191055,4.365439907619107,8.881784197001252e-16,8.730879815238213,-0.10093419232129974,0.10093419232129974,1,1,-4.3654399076191055,4.365439907619107,-6.0,6.0,0.0,12.0,0.0,0.0,0.0,0.0,0.0,0.0,0.0,0.0,0.0,0.0,0.0,0.0,0.0,0.0,6.002408116163123,6.0024081161631235,6.74807432154978e-16,0.0,0.8014999395229948,0.0,-6.25,6.250000000000001,0.15811388300841892,0.15811388300841886,1.0956566550025772e-08,2.4190758123321256e-06,0.006002408116160036,0.006,2.4190758123321388e-06,0.006002408116160037,0.006,0.0,0.0,0.0,0.0
3389,3.3890000000000002,3.39,-4.365439907591513,4.365439907591516,1.3322676295501878e-15,8.73087981518303,-0.10093419232136747,0.10093419232136747,1,1,-4.365439907591513,4.365439907591516,-6.0,6.0,0.0,12.0,0.0,0.0,0.0,0.0,0.0,0.0,0.0,0.0,0.0,0.0,0.0,0.0,0.0,0.0,6.002408116193806,6.002408116193805,5.377642775528102e-16,0.0,0.8014999395229948,0.0,-6.25,6.250000000000001,0.15811388300841892,0.15811388300841886,1.0956566976722985e-08,2.419075811635702e-06,0.006002408116190751,0.006,2.419075811634919e-06,0.006002408116190751,0.006,0.0,0.0,0.0,0.0
3399,3.399,3.4,-4.36543990756421,4.365439907564212,8.881784197001252e-16,8.730879815128421,-0.10093419232143436,0.10093419232143436,1,1,-4.36543990756421,4.365439907564212,-6.0,6.0,0.0,12.0,0.0,0.0,0.0,0.0,0.0,0.0,0.0,0.0,0.0,0.0,0.0,0.0,0.0,0.0,6.002408116224171,6.002408116224168,2.5951463200613034e-15,0.0,0.8014999395229948,0.0,-6.25,6.250000000000001,0.15811388300841892,0.15811388300841886,1.0956567399391147e-08,2.4190758109481932e-06,0.006002408116221148,0.006,2.419075810948801e-06,0.006002408116221148,0.006,0.0,0.0,0.0,0.0
3409,3.4090000000000003,3.41,-4.365439907537191,4.365439907537192,8.881784197001252e-16,8.730879815074383,-0.10093419232150014,0.10093419232150014,1,1,-4.365439907537191,4.365439907537192,-6.0,6.0,0.0,12.0,0.0,0.0,0.0,0.0,0.0,0.0,0.0,0.0,0.0,0.0,0.0,0.0,0.0,0.0,6.002408116254223,6.002408116254223,7.225123277443402e-16,0.0,0.8014999395229948,0.0,-6.25,6.250000000000001,0.15811388300841892,0.15811388300841886,1.095656781806788e-08,2.4190758102695987e-06,0.006002408116251232,0.006,2.4190758102693446e-06,0.0060024081162512325,0.006,0.0,0.0,0.0,0.0
3419,3.419,3.42,-4.365439907510453,4.365439907510455,8.881784197001252e-16,8.730879815020907,-0.10093419232156564,0.10093419232156564,1,1,-4.365439907510453,4.365439907510455,-6.0,6.0,0.0,12.0,0.0,0.0,0.0,0.0,0.0,0.0,0.0,0.0,0.0,0.0,0.0,0.0,0.0,0.0,6.0024081162839655,6.002408116283965,1.8344700758454735e-15,0.0,0.8014999395229948,0.0,-6.25,6.250000000000001,0.15811388300841892,0.15811388300841886,1.0956568232790463e-08,2.4190758095932573e-06,0.0060024081162810055,0.006,2.419075809594329e-06,0.0060024081162810055,0.006,0.0,0.0,0.0,0.0
3429,3.4290000000000003,3.43,-4.365439907483994,4.365439907483996,8.881784197001252e-16,8.73087981496799,-0.10093419232162976,0.10093419232162976,1,1,-4.365439907483994,4.365439907483996,-6.0,6.0,0.0,12.0,0.0,0.0,0.0,0.0,0.0,0.0,0.0,0.0,0.0,0.0,0.0,0.0,0.0,0.0,6.002408116313401,6.0024081163134015,5.984795992119984e-16,0.0,0.8014999395229948,0.0,-6.25,6.250000000000001,0.15811388300841892,0.15811388300841886,1.0956568643595825e-08,2.4190758089258292e-06,0.0060024081163104715,0.006,2.4190758089259745e-06,0.0060024081163104715,0.006,0.0,0.0,0.0,0.0
3439,3.439,3.44,-4.3654399074578105,4.365439907457812,8.881784197001252e-16,8.730879814915623,-0.10093419232169332,0.10093419232169332,1,1,-4.3654399074578105,4.365439907457812,-6.0,6.0,0.0,12.0,0.0,0.0,0.0,0.0,0.0,0.0,0.0,0.0,0.0,0.0,0.0,0.0,0.0,0.0,6.002408116342532,6.002408116342531,2.345346139520643e-15,0.0,0.8014999395229949,0.0,-6.25,6.250000000000001,0.15811388300841892,0.15811388300841886,1.0956569050520564e-08,2.4190758082673145e-06,0.006002408116339633,0.006,2.419075808266502e-06,0.006002408116339633,0.006,0.0,0.0,0.0,0.0
3449,3.4490000000000003,3.45,-4.3654399074319,4.3654399074319015,8.881784197001252e-16,8.730879814863801,-0.10093419232175577,0.10093419232175577,1,1,-4.3654399074319,4.3654399074319015,-6.0,6.0,0.0,12.0,0.0,0.0,0.0,0.0,0.0,0.0,0.0,0.0,0.0,0.0,0.0,0.0,0.0,0.0,6.002408116371363,6.002408116371364,1.8110513089197866e-15,0.0,0.8014999395229949,0.0,-6.25,6.250000000000001,0.15811388300841892,0.15811388300841886,1.0956569453600935e-08,2.4190758076154925e-06,0.006002408116368493,0.006,2.4190758076159114e-06,0.006002408116368493,0.006,0.0,0.0,0.0,0.0
3459,3.459,3.46,-4.36543990740626,4.3654399074062615,8.881784197001252e-16,8.730879814812521,-0.10093419232181738,0.10093419232181738,1,1,-4.36543990740626,4.3654399074062615,-6.0,6.0,0.0,12.0,0.0,0.0,0.0,0.0,0.0,0.0,0.0,0.0,0.0,0.0,0.0,0.0,0.0,0.0,6.002408116399897,6.002408116399897,5.516420653606247e-16,0.0,0.8014999395229949,0.0,-6.25,6.250000000000001,0.15811388300841892,0.15811388300841886,1.0956569852872859e-08,2.419075806968143e-06,0.006002408116397058,0.006,2.419075806967541e-06,0.006002408116397058,0.006,0.0,0.0,0.0,0.0
3469,3.469,3.47,-4.365439907380886,4.365439907380888,8.881784197001252e-16,8.730879814761774,-0.10093419232187817,0.10093419232187817,1,1,-4.365439907380886,4.365439907380888,-6.0,6.0,0.0,12.0,0.0,0.0,0.0,0.0,0.0,0.0,0.0,0.0,0.0,0.0,0.0,0.0,0.0,0.0,6.0024081164281355,6.002408116428137,1.2160411566597418e-15,0.0,0.8014999395229949,0.0,-6.25,6.250000000000001,0.15811388300841892,0.15811388300841886,1.0956570248371923e-08,2.419075806329706e-06,0.006002408116425326,0.006,2.419075806330273e-06,0.006002408116425325,0.006,0.0,0.0,0.0,0.0
3479,3.479,3.48,-4.365439907355777,4.365439907355779,1.3322676295501878e-15,8.730879814711557,-0.10093419232193784,0.10093419232193784,1,1,-4.365439907355777,4.365439907355779,-6.0,6.0,0.0,12.0,0.0,0.0,0.0,0.0,0.0,0.0,0.0,0.0,0.0,0.0,0.0,0.0,0.0,0.0,6.002408116456083,6.002408116456084,1.7564075194265172e-15,0.0,0.8014999395229949,0.0,-6.25,6.250000000000001,0.15811388300841892,0.15811388300841886,1.0956570640133391e-08,2.4190758056979607e-06,0.006002408116453303,0.006,2.419075805697446e-06,0.006002408116453304,0.006,0.0,0.0,0.0,0.0
3489,3.489,3.49,-4.36543990733093,4.365439907330932,8.881784197001252e-16,8.730879814661861,-0.10093419232199696,0.10093419232199696,1,1,-4.36543990733093,4.365439907330932,-6.0,6.0,0.0,12.0,0.0,0.0,0.0,0.0,0.0,0.0,0.0,0.0,0.0,0.0,0.0,0.0,0.0,0.0,6.002408116483743,6.0024081164837435,1.1856834958301476e-15,0.0,0.8014999395229949,0.0,-6.25,6.250000000000001,0.15811388300841892,0.15811388300841886,1.0956571028192199e-08,2.419075805072907e-06,0.0060024081164809905,0.006,2.4190758050735005e-06,0.00600240811648099,0.006,0.0,0.0,0.0,0.0
3499,3.499,3.5,-4.3654399073063415,4.365439907306343,8.881784197001252e-16,8.730879814612685,-0.10093419232205497,0.10093419232205497,1,1,-4.3654399073063415,4.365439907306343,-6.0,6.0,0.0,12.0,0.0,0.0,0.0,0.0,0.0,0.0,0.0,0.0,0.0,0.0,0.0,0.0,0.0,0.0,6.002408116511117,6.002408116511119,1.1683362610703796e-15,0.0,0.8014999395229949,0.0,-6.25,6.250000000000001,0.15811388300841892,0.15811388300841886,1.0956571412582963e-08,2.4190758044567656e-06,0.006002408116508391,0.006,2.4190758044562168e-06,0.006002408116508393,0.006,0.0,0.0,0.0,0.0
3509,3.509,3.5100000000000002,-4.365439907282009,4.365439907282011,8.881784197001252e-16,8.73087981456402,-0.1009341923221127,0.1009341923221127,1,1,-4.365439907282009,4.365439907282011,-6.0,6.0,0.0,12.0,0.0,0.0,0.0,0.0,0.0,0.0,0.0,0.0,0.0,0.0,0.0,0.0,0.0,0.0,6.002408116538209,6.002408116538209,3.0357660829594124e-17,0.0,0.801499939522995,0.0,-6.25,6.250000000000001,0.15811388300841892,0.15811388300841886,1.0956571793339976e-08,2.4190758038450944e-06,0.006002408116535512,0.006,2.419075803845594e-06,0.006002408116535513,0.006,0.0,0.0,0.0,0.0
3519,3.519,3.52,-4.36543990725793,4.365439907257933,1.3322676295501878e-15,8.730879814515863,-0.10093419232216932,0.10093419232216932,1,1,-4.36543990725793,4.365439907257933,-6.0,6.0,0.0,12.0,0.0,0.0,0.0,0.0,0.0,0.0,0.0,0.0,0.0,0.0,0.0,0.0,0.0,0.0,6.002408116565022,6.002408116565023,2.925611142234885e-15,0.0,0.801499939522995,0.0,-6.25,6.250000000000001,0.15811388300841892,0.15811388300841886,1.0956572170497215e-08,2.419075803237894e-06,0.0060024081165623525,0.006,2.419075803237192e-06,0.006002408116562352,0.006,0.0,0.0,0.0,0.0
3529,3.529,3.5300000000000002,-4.365439907234103,4.365439907234105,8.881784197001252e-16,8.730879814468208,-0.10093419232222511,0.10093419232222511,1,1,-4.365439907234103,4.365439907234105,-6.0,6.0,0.0,12.0,0.0,0.0,0.0,0.0,0.0,0.0,0.0,0.0,0.0,0.0,0.0,0.0,0.0,0.0,6.002408116591557,6.002408116591557,6.271025365656158e-16,0.0,0.801499939522995,0.0,-6.25,6.250000000000001,0.15811388300841892,0.15811388300841886,1.0956572544088346e-08,2.4190758026418248e-06,0.006002408116588916,0.006,2.4190758026421123e-06,0.0060024081165889155,0.006,0.0,0.0,0.0,0.0
3539,3.539,3.54,-4.365439907210524,4.365439907210526,8.881784197001252e-16,8.73087981442105,-0.10093419232228035,0.10093419232228035,1,1,-4.365439907210524,4.365439907210526,-6.0,6.0,0.0,12.0,0.0,0.0,0.0,0.0,0.0,0.0,0.0,0.0,0.0,0.0,0.0,0.0,0.0,0.0,6.0024081166178185,6.0024081166178185,9.072603779358701e-16,0.0,0.801499939522995,0.0,-6.25,6.250000000000001,0.15811388300841892,0.15811388300841886,1.095657291414672e-08,2.4190758020480055e-06,0.006002408116615205,0.006,2.4190758020470327e-06,0.006002408116615204,0.006,0.0,0.0,0.0,0.0
3549,3.549,3.5500000000000003,-4.36543990718719,4.365439907187192,1.3322676295501878e-15,8.730879814374383,-0.10093419232233475,0.10093419232233475,1,1,-4.36543990718719,4.365439907187192,-6.0,6.0,0.0,12.0,0.0,0.0,0.0,0.0,0.0,0.0,0.0,0.0,0.0,0.0,0.0,0.0,0.0,0.0,6.002408116643809,6.00240811664381,5.854691731421724e-16,0.0,0.801499939522995,0.0,-6.25,6.250000000000001,0.15811388300841892,0.15811388300841886,1.095657328070539e-08,2.4190758014653168e-06,0.006002408116641222,0.006,2.4190758014652757e-06,0.0060024081166412235,0.006,0.0,0.0,0.0,0.0
3559,3.559,3.56,-4.3654399071641,4.3654399071641015,8.881784197001252e-16,8.730879814328201,-0.10093419232238748,0.10093419232238748,1,1,-4.3654399071641,4.3654399071641015,-6.0,6.0,0.0,12.0,0.0,0.0,0.0,0.0,0.0,0.0,0.0,0.0,0.0,0.0,0.0,0.0,0.0,0.0,6.002408116669532,6.0024081166695336,2.1241688963336003e-15,0.0,0.801499939522995,0.0,-6.25,6.250000000000001,0.15811388300841892,0.15811388300841886,1.0956573643797089e-08,2.4190758008848773e-06,0.006002408116666973,0.006,2.4190758008857395e-06,0.006002408116666971,0.006,0.0,0.0,0.0,0.0
3569,3.569,3.5700000000000003,-4.3654399071412495,4.365439907141251,8.881784197001252e-16,8.7308798142825,-0.1009341923224405,0.1009341923224405,1,1,-4.3654399071412495,4.365439907141251,-6.0,6.0,0.0,12.0,0.0,0.0,0.0,0.0,0.0,0.0,0.0,0.0,0.0,0.0,0.0,0.0,0.0,0.0,6.0024081166949905,6.0024081166949905,1.0113437864944785e-15,0.0,0.801499939522995,0.0,-6.25,6.250000000000001,0.15811388300841892,0.15811388300841886,1.0956574003454255e-08,2.4190758003089067e-06,0.006002408116692456,0.006,2.4190758003084235e-06,0.006002408116692456,0.006,0.0,0.0,0.0,0.0
3579,3.579,3.58,-4.365439907118638,4.36543990711864,8.881784197001252e-16,8.730879814237278,-0.10093419232249295,0.10093419232249295,1,1,-4.365439907118638,4.36543990711864,-6.0,6.0,0.0,12.0,0.0,0.0,0.0,0.0,0.0,0.0,0.0,0.0,0.0,0.0,0.0,0.0,0.0,0.0,6.002408116720185,6.0024081167201855,1.3973197598993181e-15,0.0,0.8014999395229951,0.0,-6.25,6.250000000000001,0.15811388300841892,0.15811388300841886,1.0956574359709032e-08,2.419075799741846e-06,0.006002408116717677,0.006,2.41907579974221e-06,0.006002408116717676,0.006,0.0,0.0,0.0,0.0
3589,3.589,3.59,-4.365439907096262,4.365439907096264,8.881784197001252e-16,8.730879814192527,-0.1009341923225443,0.1009341923225443,1,1,-4.365439907096262,4.365439907096264,-6.0,6.0,0.0,12.0,0.0,0.0,0.0,0.0,0.0,0.0,0.0,0.0,0.0,0.0,0.0,0.0,0.0,0.0,6.002408116745119,6.00240811674512,2.4043267377038546e-15,0.0,0.8014999395229951,0.0,-6.25,6.250000000000001,0.15811388300841892,0.15811388300841886,1.0956574712593258e-08,2.4190757991792536e-06,0.006002408116742638,0.006,2.4190757991782164e-06,0.006002408116742635,0.006,0.0,0.0,0.0,0.0
3599,3.599,3.6,-4.365439907074119,4.365439907074121,8.881784197001252e-16,8.73087981414824,-0.10093419232259482,0.10093419232259482,1,1,-4.365439907074119,4.365439907074121,-6.0,6.0,0.0,12.0,0.0,0.0,0.0,0.0,0.0,0.0,0.0,0.0,0.0,0.0,0.0,0.0,0.0,0.0,6.0024081167697965,6.002408116769796,2.179680047564858e-15,0.0,0.8014999395229951,0.0,-6.25,6.250000000000001,0.15811388300841892,0.15811388300841886,1.095657506213848e-08,2.41907579862113e-06,0.0060024081167673405,0.006,2.4190757986208844e-06,0.006002408116767342,0.006,0.0,0.0,0.0,0.0
3609,3.609,3.61,-4.365439907052207,4.365439907052209,8.881784197001252e-16,8.730879814104416,-0.1009341923226445,0.1009341923226445,1,1,-4.365439907052207,4.365439907052209,-6.0,6.0,0.0,12.0,0.0,0.0,0.0,0.0,0.0,0.0,0.0,0.0,0.0,0.0,0.0,0.0,0.0,0.0,6.0024081167942205,6.00240811679422,9.532305500492555e-16,0.0,0.8014999395229951,0.0,-6.25,6.250000000000001,0.15811388300841892,0.15811388300841886,1.0956575408375955e-08,2.419075798076356e-06,0.006002408116791789,0.006,2.4190757980768754e-06,0.006002408116791788,0.006,0.0,0.0,0.0,0.0
3619,3.619,3.62,-4.365439907030523,4.365439907030526,1.3322676295501878e-15,8.730879814061048,-0.10093419232269363,0.10093419232269363,1,1,-4.365439907030523,4.365439907030526,-6.0,6.0,0.0,12.0,0.0,0.0,0.0,0.0,0.0,0.0,0.0,0.0,0.0,0.0,0.0,0.0,0.0,0.0,6.00240811681839,6.00240811681839,1.497933721505973e-15,0.0,0.8014999395229951,0.0,-6.25,6.250000000000001,0.15811388300841892,0.15811388300841886,1.095657575133665e-08,2.41907579753383e-06,0.006002408116815984,0.006,2.419075797532866e-06,0.006002408116815985,0.006,0.0,0.0,0.0,0.0
3629,3.629,3.63,-4.3654399070090655,4.365439907009067,8.881784197001252e-16,8.730879814018133,-0.1009341923227422,0.1009341923227422,1,1,-4.3654399070090655,4.365439907009067,-6.0,6.0,0.0,12.0,0.0,0.0,0.0,0.0,0.0,0.0,0.0,0.0,0.0,0.0,0.0,0.0,0.0,0.0,6.002408116842311,6.002408116842311,6.591949208711867e-16,0.0,0.8014999395229951,0.0,-6.25,6.250000000000001,0.15811388300841892,0.15811388300841886,1.0956576091051245e-08,2.4190757969979917e-06,0.00600240811683993,0.006,2.4190757969977385e-06,0.00600240811683993,0.006,0.0,0.0,0.0,0.0
3639,3.6390000000000002,3.64,-4.365439906987831,4.365439906987833,8.881784197001252e-16,8.730879813975664,-0.10093419232278966,0.10093419232278966,1,1,-4.365439906987831,4.365439906987833,-6.0,6.0,0.0,12.0,0.0,0.0,0.0,0.0,0.0,0.0,0.0,0.0,0.0,0.0,0.0,0.0,0.0,0.0,6.002408116865985,6.002408116865985,8.161873954470877e-16,0.0,0.8014999395229951,0.0,-6.25,6.250000000000001,0.15811388300841892,0.15811388300841886,1.0956576427550138e-08,2.4190757964644003e-06,0.006002408116863629,0.006,2.4190757964648315e-06,0.006002408116863628,0.006,0.0,0.0,0.0,0.0
3649,3.649,3.65,-4.365439906966818,4.36543990696682,8.881784197001252e-16,8.730879813933639,-0.10093419232283685,0.10093419232283685,1,1,-4.365439906966818,4.36543990696682,-6.0,6.0,0.0,12.0,0.0,0.0,0.0,0.0,0.0,0.0,0.0,0.0,0.0,0.0,0.0,0.0,0.0,0.0,6.002408116889416,6.0024081168894154,6.279698983036042e-16,0.0,0.8014999395229951,0.0,-6.25,6.250000000000001,0.15811388300841892,0.15811388300841886,1.0956576760863442e-08,2.4190757959397172e-06,0.006002408116887084,0.006,2.419075795940806e-06,0.006002408116887084,0.006,0.0,0.0,0.0,0.0
3659,3.6590000000000003,3.66,-4.365439906946024,4.365439906946026,8.881784197001252e-16,8.73087981389205,-0.10093419232288348,0.10093419232288348,1,1,-4.365439906946024,4.365439906946026,-6.0,6.0,0.0,12.0,0.0,0.0,0.0,0.0,0.0,0.0,0.0,0.0,0.0,0.0,0.0,0.0,0.0,0.0,6.002408116912604,6.002408116912605,3.443426099813962e-16,0.0,0.8014999395229951,0.0,-6.25,6.250000000000001,0.15811388300841892,0.15811388300841886,1.0956577091021e-08,2.419075795419501e-06,0.0060024081169102956,0.006,2.419075795419001e-06,0.006002408116910296,0.006,0.0,0.0,0.0,0.0
3669,3.669,3.67,-4.365439906925447,4.365439906925449,8.881784197001252e-16,8.730879813850896,-0.10093419232292927,0.10093419232292927,1,1,-4.365439906925447,4.365439906925449,-6.0,6.0,0.0,12.0,0.0,0.0,0.0,0.0,0.0,0.0,0.0,0.0,0.0,0.0,0.0,0.0,0.0,0.0,6.002408116935554,6.002408116935554,1.7607443281164592e-16,0.0,0.8014999395229953,0.0,-6.25,6.250000000000001,0.15811388300841892,0.15811388300841886,1.0956577418052368e-08,2.419075794905972e-06,0.006002408116933269,0.006,2.4190757949060783e-06,0.006002408116933269,0.006,0.0,0.0,0.0,0.0
3679,3.6790000000000003,3.68,-4.365439906905085,4.365439906905086,8.881784197001252e-16,8.730879813810171,-0.10093419232297396,0.10093419232297396,1,1,-4.365439906905085,4.365439906905086,-6.0,6.0,0.0,12.0,0.0,0.0,0.0,0.0,0.0,0.0,0.0,0.0,0.0,0.0,0.0,0.0,0.0,0.0,6.002408116958264,6.002408116958264,1.1223660889569942e-15,0.0,0.8014999395229953,0.0,-6.25,6.250000000000001,0.15811388300841892,0.15811388300841886,1.0956577741986835e-08,2.419075794394689e-06,0.006002408116956005,0.006,2.4190757943953754e-06,0.006002408116956005,0.006,0.0,0.0,0.0,0.0
3689,3.689,3.69,-4.365439906884934,4.365439906884936,1.3322676295501878e-15,8.73087981376987,-0.10093419232301892,0.10093419232301892,1,1,-4.365439906884934,4.365439906884936,-6.0,6.0,0.0,12.0,0.0,0.0,0.0,0.0,0.0,0.0,0.0,0.0,0.0,0.0,0.0,0.0,0.0,0.0,6.002408116980743,6.002408116980742,1.734723475976807e-18,0.0,0.8014999395229953,0.0,-6.25,6.250000000000001,0.15811388300841892,0.15811388300841886,1.0956578062853421e-08,2.4190757938923132e-06,0.006002408116978506,0.006,2.4190757938913345e-06,0.006002408116978505,0.006,0.0,0.0,0.0,0.0
3699,3.6990000000000003,3.7,-4.365439906864993,4.365439906864996,1.3322676295501878e-15,8.730879813729988,-0.10093419232306305,0.10093419232306305,1,1,-4.365439906864993,4.365439906864996,-6.0,6.0,0.0,12.0,0.0,0.0,0.0,0.0,0.0,0.0,0.0,0.0,0.0,0.0,0.0,0.0,0.0,0.0,6.0024081170029895,6.0024081170029895,8.968520370800093e-16,0.0,0.8014999395229953,0.0,-6.25,6.250000000000001,0.15811388300841892,0.15811388300841886,1.0956578380680872e-08,2.419075793394403e-06,0.006002408117000775,0.006,2.4190757933939546e-06,0.006002408117000776,0.006,0.0,0.0,0.0,0.0
3709,3.709,3.71,-4.3654399068452605,4.365439906845262,8.881784197001252e-16,8.730879813690523,-0.10093419232310552,0.10093419232310552,1,1,-4.3654399068452605,4.365439906845262,-6.0,6.0,0.0,12.0,0.0,0.0,0.0,0.0,0.0,0.0,0.0,0.0,0.0,0.0,0.0,0.0,0.0,0.0,6.002408117025006,6.002408117025006,6.331740687315346e-16,0.0,0.8014999395229953,0.0,-6.25,6.250000000000001,0.15811388300841892,0.15811388300841886,1.0956578695497672e-08,2.4190757929009594e-06,0.006002408117022813,0.006,2.4190757929010153e-06,0.006002408117022814,0.006,0.0,0.0,0.0,0.0
3719,3.719,3.72,-4.365439906825734,4.365439906825736,8.881784197001252e-16,8.73087981365147,-0.10093419232314826,0.10093419232314826,1,1,-4.365439906825734,4.365439906825736,-6.0,6.0,0.0,12.0,0.0,0.0,0.0,0.0,0.0,0.0,0.0,0.0,0.0,0.0,0.0,0.0,0.0,0.0,6.0024081170467944,6.0024081170467944,7.37257477290143e-16,0.0,0.8014999395229953,0.0,-6.25,6.250000000000001,0.15811388300841892,0.15811388300841886,1.0956579007332038e-08,2.4190757924142013e-06,0.0060024081170446265,0.006,2.419075792414738e-06,0.006002408117044626,0.006,0.0,0.0,0.0,0.0
3729,3.729,3.73,-4.36543990680641,4.3654399068064125,1.3322676295501878e-15,8.730879813612823,-0.10093419232319045,0.10093419232319045,1,1,-4.36543990680641,4.3654399068064125,-6.0,6.0,0.0,12.0,0.0,0.0,0.0,0.0,0.0,0.0,0.0,0.0,0.0,0.0,0.0,0.0,0.0,0.0,6.002408117068359,6.0024081170683585,1.4502288259166107e-15,0.0,0.8014999395229953,0.0,-6.25,6.250000000000001,0.15811388300841892,0.15811388300841886,1.095657931621193e-08,2.4190757919296883e-06,0.0060024081170662125,0.006,2.4190757919306806e-06,0.006002408117066213,0.006,0.0,0.0,0.0,0.0
3739,3.739,3.74,-4.365439906787288,4.36543990678729,8.881784197001252e-16,8.730879813574578,-0.10093419232323153,0.10093419232323153,1,1,-4.365439906787288,4.36543990678729,-6.0,6.0,0.0,12.0,0.0,0.0,0.0,0.0,0.0,0.0,0.0,0.0,0.0,0.0,0.0,0.0,0.0,0.0,6.002408117089701,6.0024081170897015,2.0469737016526324e-15,0.0,0.8014999395229953,0.0,-6.25,6.250000000000001,0.15811388300841892,0.15811388300841886,1.0956579622165044e-08,2.4190757914496405e-06,0.0060024081170875765,0.006,2.419075791448844e-06,0.006002408117087575,0.006,0.0,0.0,0.0,0.0
3749,3.749,3.75,-4.365439906768365,4.365439906768367,1.3322676295501878e-15,8.730879813536731,-0.10093419232327233,0.10093419232327233,1,1,-4.365439906768365,4.365439906768367,-6.0,6.0,0.0,12.0,0.0,0.0,0.0,0.0,0.0,0.0,0.0,0.0,0.0,0.0,0.0,0.0,0.0,0.0,6.0024081171108215,6.002408117110821,1.79283671242203e-15,0.0,0.8014999395229953,0.0,-6.25,6.250000000000001,0.15811388300841892,0.15811388300841886,1.0956579925218825e-08,2.4190757909807192e-06,0.00600240811710872,0.006,2.4190757909803296e-06,0.00600240811710872,0.006,0.0,0.0,0.0,0.0
3759,3.759,3.7600000000000002,-4.365439906749639,4.365439906749641,8.881784197001252e-16,8.73087981349928,-0.10093419232331285,0.10093419232331285,1,1,-4.365439906749639,4.365439906749641,-6.0,6.0,0.0,12.0,0.0,0.0,0.0,0.0,0.0,0.0,0.0,0.0,0.0,0.0,0.0,0.0,0.0,0.0,6.002408117131725,6.002408117131726,1.4172690798730514e-15,0.0,0.8014999395229954,0.0,-6.25,6.250000000000001,0.15811388300841892,0.15811388300841886,1.095658022540046e-08,2.4190757905140418e-06,0.006002408117129645,0.006,2.419075790514036e-06,0.006002408117129644,0.006,0.0,0.0,0.0,0.0
3769,3.769,3.77,-4.365439906731109,4.365439906731111,8.881784197001252e-16,8.73087981346222,-0.10093419232335199,0.10093419232335199,1,1,-4.365439906731109,4.365439906731111,-6.0,6.0,0.0,12.0,0.0,0.0,0.0,0.0,0.0,0.0,0.0,0.0,0.0,0.0,0.0,0.0,0.0,0.0,6.002408117152413,6.002408117152413,2.1527918336872176e-15,0.0,0.8014999395229954,0.0,-6.25,6.250000000000001,0.15811388300841892,0.15811388300841886,1.0956580522736884e-08,2.419075790051829e-06,0.006002408117150354,0.006,2.419075790052183e-06,0.006002408117150355,0.006,0.0,0.0,0.0,0.0
3779,3.779,3.7800000000000002,-4.365439906712772,4.365439906712774,8.881784197001252e-16,8.730879813425545,-0.10093419232339113,0.10093419232339113,1,1,-4.365439906712772,4.365439906712774,-6.0,6.0,0.0,12.0,0.0,0.0,0.0,0.0,0.0,0.0,0.0,0.0,0.0,0.0,0.0,0.0,0.0,0.0,6.002408117172887,6.002408117172887,1.334869714764153e-15,0.0,0.8014999395229954,0.0,-6.25,6.250000000000001,0.15811388300841892,0.15811388300841886,1.0956580817254788e-08,2.4190757895940805e-06,0.00600240811717085,0.006,2.4190757895947713e-06,0.00600240811717085,0.006,0.0,0.0,0.0,0.0
3789,3.789,3.79,-4.3654399066946254,4.365439906694627,8.881784197001252e-16,8.730879813389253,-0.10093419232342998,0.10093419232342998,1,1,-4.3654399066946254,4.365439906694627,-6.0,6.0,0.0,12.0,0.0,0.0,0.0,0.0,0.0,0.0,0.0,0.0,0.0,0.0,0.0,0.0,0.0,0.0,6.00240811719315,6.002408117193152,1.0434361708000495e-15,0.0,0.8014999395229954,0.0,-6.25,6.250000000000001,0.15811388300841892,0.15811388300841886,1.0956581108980606e-08,2.4190757891407964e-06,0.006002408117191133,0.006,2.4190757891418e-06,0.006002408117191134,0.006,0.0,0.0,0.0,0.0
3799,3.799,3.8000000000000003,-4.365439906676668,4.36543990667667,8.881784197001252e-16,8.730879813353338,-0.10093419232346801,0.10093419232346801,1,1,-4.365439906676668,4.36543990667667,-6.0,6.0,0.0,12.0,0.0,0.0,0.0,0.0,0.0,0.0,0.0,0.0,0.0,0.0,0.0,0.0,0.0,0.0,6.002408117213206,6.002408117213204,2.1241688963336003e-15,0.0,0.8014999395229954,0.0,-6.25,6.250000000000001,0.15811388300841892,0.15811388300841886,1.095658139794054e-08,2.419075788694196e-06,0.006002408117211209,0.006,2.4190757886932703e-06,0.00600240811721121,0.006,0.0,0.0,0.0,0.0
3809,3.809,3.81,-4.365439906658898,4.3654399066589,1.3322676295501878e-15,8.730879813317799,-0.10093419232350548,0.10093419232350548,1,1,-4.365439906658898,4.3654399066589,-6.0,6.0,0.0,12.0,0.0,0.0,0.0,0.0,0.0,0.0,0.0,0.0,0.0,0.0,0.0,0.0,0.0,0.0,6.002408117233053,6.002408117233053,1.7954387976359953e-16,0.0,0.8014999395229954,0.0,-6.25,6.250000000000001,0.15811388300841892,0.15811388300841886,1.0956581684160533e-08,2.4190757882498393e-06,0.006002408117231077,0.006,2.419075788249181e-06,0.006002408117231077,0.006,0.0,0.0,0.0,0.0
3819,3.819,3.8200000000000003,-4.365439906641313,4.365439906641315,8.881784197001252e-16,8.730879813282629,-0.1009341923235424,0.1009341923235424,1,1,-4.365439906641313,4.365439906641315,-6.0,6.0,0.0,12.0,0.0,0.0,0.0,0.0,0.0,0.0,0.0,0.0,0.0,0.0,0.0,0.0,0.0,0.0,6.0024081172526955,6.0024081172526955,1.1119577481011333e-15,0.0,0.8014999395229954,0.0,-6.25,6.250000000000001,0.15811388300841892,0.15811388300841886,1.0956581967666302e-08,2.419075787814387e-06,0.006002408117250739,0.006,2.4190757878139735e-06,0.006002408117250741,0.006,0.0,0.0,0.0,0.0
3829,3.829,3.83,-4.365439906623911,4.365439906623913,8.881784197001252e-16,8.730879813247824,-0.1009341923235782,0.1009341923235782,1,1,-4.365439906623911,4.365439906623913,-6.0,6.0,0.0,12.0,0.0,0.0,0.0,0.0,0.0,0.0,0.0,0.0,0.0,0.0,0.0,0.0,0.0,0.0,6.002408117272136,6.002408117272136,1.2984405217686401e-15,0.0,0.8014999395229954,0.0,-6.25,6.250000000000001,0.15811388300841892,0.15811388300841886,1.0956582248483318e-08,2.419075787378957e-06,0.0060024081172702,0.006,2.4190757873787662e-06,0.0060024081172702,0.006,0.0,0.0,0.0,0.0
3839,3.839,3.84,-4.365439906606691,4.365439906606693,8.881784197001252e-16,8.730879813213384,-0.10093419232361456,0.10093419232361456,1,1,-4.365439906606691,4.365439906606693,-6.0,6.0,0.0,12.0,0.0,0.0,0.0,0.0,0.0,0.0,0.0,0.0,0.0,0.0,0.0,0.0,0.0,0.0,6.002408117291375,6.002408117291374,9.367506770274758e-16,0.0,0.8014999395229954,0.0,-6.25,6.250000000000001,0.15811388300841892,0.15811388300841886,1.0956582526636823e-08,2.4190757869479903e-06,0.006002408117289459,0.006,2.4190757869479996e-06,0.00600240811728946,0.006,0.0,0.0,0.0,0.0
3849,3.849,3.85,-4.365439906589651,4.3654399065896525,8.881784197001252e-16,8.730879813179303,-0.10093419232364981,0.10093419232364981,1,1,-4.365439906589651,4.3654399065896525,-6.0,6.0,0.0,12.0,0.0,0.0,0.0,0.0,0.0,0.0,0.0,0.0,0.0,0.0,0.0,0.0,0.0,0.0,6.0024081173104165,6.002408117310416,1.726049858596923e-16,0.0,0.8014999395229954,0.0,-6.25,6.250000000000001,0.15811388300841892,0.15811388300841886,1.0956582802151812e-08,2.4190757865237064e-06,0.006002408117308521,0.006,2.4190757865238944e-06,0.00600240811730852,0.006,0.0,0.0,0.0,0.0
3859,3.859,3.86,-4.365439906572788,4.36543990657279,8.881784197001252e-16,8.730879813145577,-0.10093419232368506,0.10093419232368506,1,1,-4.365439906572788,4.36543990657279,-6.0,6.0,0.0,12.0,0.0,0.0,0.0,0.0,0.0,0.0,0.0,0.0,0.0,0.0,0.0,0.0,0.0,0.0,6.002408117329259,6.00240811732926,1.8561541192951836e-16,0.0,0.8014999395229955,0.0,-6.25,6.250000000000001,0.15811388300841892,0.15811388300841886,1.095658307505306e-08,2.419075786106106e-06,0.006002408117327383,0.006,2.4190757861064503e-06,0.006002408117327385,0.006,0.0,0.0,0.0,0.0
3869,3.869,3.87,-4.3654399065561,4.3654399065561025,1.3322676295501878e-15,8.730879813112203,-0.10093419232371892,0.10093419232371892,1,1,-4.3654399065561,4.3654399065561025,-6.0,6.0,0.0,12.0,0.0,0.0,0.0,0.0,0.0,0.0,0.0,0.0,0.0,0.0,0.0,0.0,0.0,0.0,6.00240811734791,6.002408117347908,2.661065812148422e-15,0.0,0.8014999395229955,0.0,-6.25,6.250000000000001,0.15811388300841892,0.15811388300841886,1.0956583345365109e-08,2.4190757856885272e-06,0.006002408117346054,0.006,2.4190757856890067e-06,0.006002408117346055,0.006,0.0,0.0,0.0,0.0
3879,3.879,3.88,-4.365439906539587,4.365439906539589,8.881784197001252e-16,8.730879813079175,-0.10093419232375223,0.10093419232375223,1,1,-4.365439906539587,4.365439906539589,-6.0,6.0,0.0,12.0,0.0,0.0,0.0,0.0,0.0,0.0,0.0,0.0,0.0,0.0,0.0,0.0,0.0,0.0,6.002408117366367,6.002408117366367,5.065392549852277e-16,0.0,0.8014999395229955,0.0,-6.25,6.250000000000001,0.15811388300841892,0.15811388300841886,1.0956583613112273e-08,2.419075785277631e-06,0.006002408117364529,0.006,2.419075785278224e-06,0.00600240811736453,0.006,0.0,0.0,0.0,0.0
3889,3.8890000000000002,3.89,-4.365439906523245,4.365439906523247,8.881784197001252e-16,8.730879813046492,-0.10093419232378553,0.10093419232378553,1,1,-4.365439906523245,4.365439906523247,-6.0,6.0,0.0,12.0,0.0,0.0,0.0,0.0,0.0,0.0,0.0,0.0,0.0,0.0,0.0,0.0,0.0,0.0,6.0024081173846335,6.002408117384634,8.109832250191573e-16,0.0,0.8014999395229955,0.0,-6.25,6.250000000000001,0.15811388300841892,0.15811388300841886,1.0956583878318636e-08,2.419075784871197e-06,0.006002408117382815,0.006,2.4190757848718824e-06,0.006002408117382815,0.006,0.0,0.0,0.0,0.0
3899,3.899,3.9,-4.365439906507074,4.365439906507077,1.3322676295501878e-15,8.730879813014152,-0.10093419232381884,0.10093419232381884,1,1,-4.365439906507074,4.365439906507077,-6.0,6.0,0.0,12.0,0.0,0.0,0.0,0.0,0.0,0.0,0.0,0.0,0.0,0.0,0.0,0.0,0.0,0.0,6.002408117402712,6.002408117402713,3.382710778154774e-17,0.0,0.8014999395229955,0.0,-6.25,6.250000000000001,0.15811388300841892,0.15811388300841886,1.0956584141008066e-08,2.419075784469225e-06,0.006002408117400913,0.006,2.419075784469982e-06,0.0060024081174009135,0.006,0.0,0.0,0.0,0.0
3909,3.9090000000000003,3.91,-4.365439906491072,4.365439906491074,8.881784197001252e-16,8.730879812982145,-0.10093419232385104,0.10093419232385104,1,1,-4.365439906491072,4.365439906491074,-6.0,6.0,0.0,12.0,0.0,0.0,0.0,0.0,0.0,0.0,0.0,0.0,0.0,0.0,0.0,0.0,0.0,0.0,6.002408117420604,6.002408117420604,1.726049858596923e-15,0.0,0.8014999395229955,0.0,-6.25,6.250000000000001,0.15811388300841892,0.15811388300841886,1.0956584401204205e-08,2.4190757840694945e-06,0.0060024081174188245,0.006,2.4190757840703013e-06,0.006002408117418821,0.006,0.0,0.0,0.0,0.0
3919,3.919,3.92,-4.3654399064752365,4.365439906475238,8.881784197001252e-16,8.730879812950475,-0.10093419232388323,0.10093419232388323,1,1,-4.3654399064752365,4.365439906475238,-6.0,6.0,0.0,12.0,0.0,0.0,0.0,0.0,0.0,0.0,0.0,0.0,0.0,0.0,0.0,0.0,0.0,0.0,6.0024081174383115,6.0024081174383115,1.2108369862318114e-15,0.0,0.8014999395229955,0.0,-6.25,6.250000000000001,0.15811388300841892,0.15811388300841886,1.0956584658930478e-08,2.4190757836764454e-06,0.006002408117436549,0.006,2.4190757836772827e-06,0.00600240811743655,0.006,0.0,0.0,0.0,0.0
3929,3.9290000000000003,3.93,-4.3654399064595655,4.365439906459567,8.881784197001252e-16,8.730879812919133,-0.1009341923239146,0.1009341923239146,1,1,-4.3654399064595655,4.365439906459567,-6.0,6.0,0.0,12.0,0.0,0.0,0.0,0.0,0.0,0.0,0.0,0.0,0.0,0.0,0.0,0.0,0.0,0.0,6.002408117455836,6.002408117455835,9.879250195687916e-16,0.0,0.8014999395229955,0.0,-6.25,6.250000000000001,0.15811388300841892,0.15811388300841886,1.095658491421009e-08,2.419075783287858e-06,0.006002408117454091,0.006,2.4190757832887046e-06,0.0060024081174540915,0.006,0.0,0.0,0.0,0.0
3939,3.939,3.94,-4.365439906444058,4.3654399064440605,1.3322676295501878e-15,8.73087981288812,-0.1009341923239454,0.1009341923239454,1,1,-4.365439906444058,4.3654399064440605,-6.0,6.0,0.0,12.0,0.0,0.0,0.0,0.0,0.0,0.0,0.0,0.0,0.0,0.0,0.0,0.0,0.0,0.0,6.002408117473179,6.00240811747318,5.533767888366015e-16,0.0,0.8014999395229955,0.0,-6.25,6.250000000000001,0.15811388300841892,0.15811388300841886,1.0956585167066032e-08,2.4190757829037315e-06,0.006002408117471453,0.006,2.419075782904567e-06,0.006002408117471453,0.006,0.0,0.0,0.0,0.0
3949,3.9490000000000003,3.95,-4.365439906428713,4.365439906428715,8.881784197001252e-16,8.730879812857427,-0.10093419232397594,0.10093419232397594,1,1,-4.365439906428713,4.365439906428715,-6.0,6.0,0.0,12.0,0.0,0.0,0.0,0.0,0.0,0.0,0.0,0.0,0.0,0.0,0.0,0.0,0.0,0.0,6.002408117490344,6.0024081174903445,3.859759734048396e-16,0.0,0.8014999395229955,0.0,-6.25,6.250000000000001,0.15811388300841892,0.15811388300841886,1.095658541752108e-08,2.4190757825218463e-06,0.006002408117488635,0.006,2.4190757825226505e-06,0.006002408117488636,0.006,0.0,0.0,0.0,0.0
3959,3.959,3.96,-4.365439906413527,4.3654399064135285,8.881784197001252e-16,8.730879812827055,-0.10093419232400619,0.10093419232400619,1,1,-4.365439906413527,4.3654399064135285,-6.0,6.0,0.0,12.0,0.0,0.0,0.0,0.0,0.0,0.0,0.0,0.0,0.0,0.0,0.0,0.0,0.0,0.0,6.002408117507331,6.002408117507331,6.357761539454998e-16,0.0,0.8014999395229955,0.0,-6.25,6.250000000000001,0.15811388300841892,0.15811388300841886,1.0956585665597804e-08,2.419075782144421e-06,0.0060024081175056405,0.006,2.419075782145175e-06,0.0060024081175056405,0.006,0.0,0.0,0.0,0.0
3969,3.969,3.97,-4.3654399063985,4.365439906398501,8.881784197001252e-16,8.730879812797001,-0.10093419232403561,0.10093419232403561,1,1,-4.3654399063985,4.365439906398501,-6.0,6.0,0.0,12.0,0.0,0.0,0.0,0.0,0.0,0.0,0.0,0.0,0.0,0.0,0.0,0.0,0.0,0.0,6.002408117524144,6.002408117524143,6.331740687315346e-17,0.0,0.8014999395229956,0.0,-6.25,6.250000000000001,0.15811388300841892,0.15811388300841886,1.0956585911318558e-08,2.419075781771457e-06,0.006002408117522471,0.006,2.41907578177214e-06,0.00600240811752247,0.006,0.0,0.0,0.0,0.0
3979,3.979,3.98,-4.365439906383628,4.365439906383631,1.3322676295501878e-15,8.73087981276726,-0.10093419232406531,0.10093419232406531,1,1,-4.365439906383628,4.365439906383631,-6.0,6.0,0.0,12.0,0.0,0.0,0.0,0.0,0.0,0.0,0.0,0.0,0.0,0.0,0.0,0.0,0.0,0.0,6.002408117540782,6.002408117540782,3.3219954564955856e-16,0.0,0.8014999395229956,0.0,-6.25,6.250000000000001,0.15811388300841892,0.15811388300841886,1.0956586154705486e-08,2.4190757814007325e-06,0.006002408117539126,0.006,2.4190757814013255e-06,0.006002408117539126,0.006,0.0,0.0,0.0,0.0
3989,3.989,3.99,-4.365439906368913,4.365439906368914,8.881784197001252e-16,8.730879812737827,-0.1009341923240939,0.1009341923240939,1,1,-4.365439906368913,4.365439906368914,-6.0,6.0,0.0,12.0,0.0,0.0,0.0,0.0,0.0,0.0,0.0,0.0,0.0,0.0,0.0,0.0,0.0,0.0,6.002408117557249,6.002408117557249,3.41740524767431e-16,0.0,0.8014999395229956,0.0,-6.25,6.250000000000001,0.15811388300841892,0.15811388300841886,1.095658639578054e-08,2.419075781036689e-06,0.00600240811755561,0.006,2.419075781037172e-06,0.006002408117555611,0.006,0.0,0.0,0.0,0.0
3999,3.999,4.0,-4.36543990635435,4.365439906354352,8.881784197001252e-16,8.730879812708702,-0.10093419232412221,0.10093419232412221,1,1,-4.36543990635435,4.365439906354352,-6.0,6.0,0.0,12.0,0.0,0.0,0.0,0.0,0.0,0.0,0.0,0.0,0.0,0.0,0.0,0.0,0.0,0.0,6.0024081175735455,6.0024081175735455,1.190887666258078e-15,0.0,0.8014999395229956,0.0,-6.25,6.250000000000001,0.15811388300841892,0.15811388300841886,1.0956586634565452e-08,2.4190757806748854e-06,0.006002408117571924,0.006,2.4190757806752395e-06,0.006002408117571925,0.006,0.0,0.0,0.0,0.0
4009,4.009,4.01,-4.365439906339939,4.365439906339941,8.881784197001252e-16,8.73087981267988,-0.10093419232414996,0.10093419232414996,1,1,-4.365439906339939,4.365439906339941,-6.0,6.0,0.0,12.0,0.0,0.0,0.0,0.0,0.0,0.0,0.0,0.0,0.0,0.0,0.0,0.0,0.0,0.0,6.002408117589675,6.002408117589675,4.397524011601206e-16,0.0,0.8014999395229956,0.0,-6.25,6.250000000000001,0.15811388300841892,0.15811388300841886,1.0956586871081762e-08,2.419075780319762e-06,0.00600240811758807,0.006,2.419075780319968e-06,0.00600240811758807,0.006,0.0,0.0,0.0,0.0
4019,4.019,4.0200000000000005,-4.365439906325679,4.365439906325681,8.881784197001252e-16,8.73087981265136,-0.10093419232417744,0.10093419232417744,1,1,-4.365439906325679,4.365439906325681,-6.0,6.0,0.0,12.0,0.0,0.0,0.0,0.0,0.0,0.0,0.0,0.0,0.0,0.0,0.0,0.0,0.0,0.0,6.002408117605637,6.002408117605636,1.6349768761081407e-15,0.0,0.8014999395229956,0.0,-6.25,6.250000000000001,0.15811388300841892,0.15811388300841886,1.0956587105350807e-08,2.4190757799646576e-06,0.00600240811760405,0.006,2.4190757799646966e-06,0.00600240811760405,0.006,0.0,0.0,0.0,0.0
4029,4.029,4.03,-4.365439906311567,4.365439906311569,8.881784197001252e-16,8.730879812623137,-0.10093419232420464,0.10093419232420464,1,1,-4.365439906311567,4.365439906311569,-6.0,6.0,0.0,12.0,0.0,0.0,0.0,0.0,0.0,0.0,0.0,0.0,0.0,0.0,0.0,0.0,0.0,0.0,6.002408117621435,6.002408117621435,5.473052566706826e-16,0.0,0.8014999395229956,0.0,-6.25,6.250000000000001,0.15811388300841892,0.15811388300841886,1.0956587337393723e-08,2.4190757796162327e-06,0.0060024081176198625,0.006,2.4190757796160866e-06,0.006002408117619863,0.006,0.0,0.0,0.0,0.0
4039,4.039,4.04,-4.365439906297603,4.365439906297604,8.881784197001252e-16,8.730879812595207,-0.10093419232423129,0.10093419232423129,1,1,-4.365439906297603,4.365439906297604,-6.0,6.0,0.0,12.0,0.0,0.0,0.0,0.0,0.0,0.0,0.0,0.0,0.0,0.0,0.0,0.0,0.0,0.0,6.002408117637069,6.002408117637071,7.86697096355482e-16,0.0,0.8014999395229956,0.0,-6.25,6.250000000000001,0.15811388300841892,0.15811388300841886,1.0956587567231456e-08,2.4190757792700474e-06,0.006002408117635513,0.006,2.419075779269697e-06,0.006002408117635513,0.006,0.0,0.0,0.0,0.0
4049,4.049,4.05,-4.3654399062837825,4.365439906283785,1.3322676295501878e-15,8.730879812567569,-0.10093419232425821,0.10093419232425821,1,1,-4.3654399062837825,4.365439906283785,-6.0,6.0,0.0,12.0,0.0,0.0,0.0,0.0,0.0,0.0,0.0,0.0,0.0,0.0,0.0,0.0,0.0,0.0,6.002408117652543,6.002408117652543,8.586881206085195e-16,0.0,0.8014999395229956,0.0,-6.25,6.250000000000001,0.15811388300841892,0.15811388300841886,1.0956587794884751e-08,2.4190757789283213e-06,0.0060024081176510025,0.006,2.4190757789277483e-06,0.006002408117651002,0.006,0.0,0.0,0.0,0.0
4059,4.059,4.0600000000000005,-4.365439906270108,4.36543990627011,8.881784197001252e-16,8.730879812540218,-0.10093419232428402,0.10093419232428402,1,1,-4.365439906270108,4.36543990627011,-6.0,6.0,0.0,12.0,0.0,0.0,0.0,0.0,0.0,0.0,0.0,0.0,0.0,0.0,0.0,0.0,0.0,0.0,6.002408117667856,6.002408117667857,1.897787482718627e-15,0.0,0.8014999395229956,0.0,-6.25,6.250000000000001,0.15811388300841892,0.15811388300841886,1.0956588020374161e-08,2.4190757785888334e-06,0.006002408117666333,0.006,2.4190757785880203e-06,0.006002408117666332,0.006,0.0,0.0,0.0,0.0
4069,4.069,4.07,-4.365439906256575,4.365439906256577,8.881784197001252e-16,8.730879812513152,-0.100934192324309,0.100934192324309,1,1,-4.365439906256575,4.365439906256577,-6.0,6.0,0.0,12.0,0.0,0.0,0.0,0.0,0.0,0.0,0.0,0.0,0.0,0.0,0.0,0.0,0.0,0.0,6.002408117683013,6.002408117683012,1.2654807757250808e-15,0.0,0.8014999395229956,0.0,-6.25,6.250000000000001,0.15811388300841892,0.15811388300841886,1.0956588243720052e-08,2.4190757782538052e-06,0.006002408117681504,0.006,2.419075778252733e-06,0.006002408117681505,0.006,0.0,0.0,0.0,0.0
4079,4.079,4.08,-4.365439906243184,4.365439906243186,8.881784197001252e-16,8.73087981248637,-0.10093419232433454,0.10093419232433454,1,1,-4.365439906243184,4.365439906243186,-6.0,6.0,0.0,12.0,0.0,0.0,0.0,0.0,0.0,0.0,0.0,0.0,0.0,0.0,0.0,0.0,0.0,0.0,6.002408117698011,6.002408117698011,7.953707137353661e-16,0.0,0.8014999395229956,0.0,-6.25,6.250000000000001,0.15811388300841892,0.15811388300841886,1.0956588464942598e-08,2.4190757779187944e-06,0.006002408117696519,0.006,2.419075777919666e-06,0.006002408117696518,0.006,0.0,0.0,0.0,0.0
4089,4.089,4.09,-4.365439906229931,4.365439906229934,1.3322676295501878e-15,8.730879812459865,-0.10093419232435952,0.10093419232435952,1,1,-4.365439906229931,4.365439906229934,-6.0,6.0,0.0,12.0,0.0,0.0,0.0,0.0,0.0,0.0,0.0,0.0,0.0,0.0,0.0,0.0,0.0,0.0,6.002408117712855,6.002408117712856,4.926614671774132e-16,0.0,0.8014999395229956,0.0,-6.25,6.250000000000001,0.15811388300841892,0.15811388300841886,1.0956588684061781e-08,2.4190757775949034e-06,0.006002408117711378,0.006,2.4190757775954806e-06,0.006002408117711378,0.006,0.0,0.0,0.0,0.0
4099,4.099,4.1,-4.365439906216817,4.36543990621682,1.3322676295501878e-15,8.730879812433638,-0.10093419232438366,0.10093419232438366,1,1,-4.365439906216817,4.36543990621682,-6.0,6.0,0.0,12.0,0.0,0.0,0.0,0.0,0.0,0.0,0.0,0.0,0.0,0.0,0.0,0.0,0.0,0.0,6.002408117727548,6.002408117727548,5.464378949326942e-16,0.0,0.8014999395229957,0.0,-6.25,6.250000000000001,0.15811388300841892,0.15811388300841886,1.0956588901097409e-08,2.4190757772688097e-06,0.006002408117726085,0.006,2.4190757772690752e-06,0.006002408117726085,0.006,0.0,0.0,0.0,0.0
4109,4.109,4.11,-4.36543990620384,4.365439906203843,1.3322676295501878e-15,8.730879812407682,-0.10093419232440809,0.10093419232440809,1,1,-4.36543990620384,4.365439906203843,-6.0,6.0,0.0,12.0,0.0,0.0,0.0,0.0,0.0,0.0,0.0,0.0,0.0,0.0,0.0,0.0,0.0,0.0,6.002408117742087,6.002408117742086,1.4242079737769586e-15,0.0,0.8014999395229957,0.0,-6.25,6.250000000000001,0.15811388300841892,0.15811388300841886,1.095658911606909e-08,2.419075776949395e-06,0.006002408117740638,0.006,2.419075776949331e-06,0.00600240811774064,0.006,0.0,0.0,0.0,0.0
4119,4.119,4.12,-4.365439906190998,4.365439906191001,1.3322676295501878e-15,8.730879812382,-0.10093419232443168,0.10093419232443168,1,1,-4.365439906190998,4.365439906191001,-6.0,6.0,0.0,12.0,0.0,0.0,0.0,0.0,0.0,0.0,0.0,0.0,0.0,0.0,0.0,0.0,0.0,0.0,6.0024081177564765,6.002408117756476,5.134781488891349e-16,0.0,0.8014999395229957,0.0,-6.25,6.250000000000001,0.15811388300841892,0.15811388300841886,1.0956589328996265e-08,2.4190757766299973e-06,0.0060024081177550434,0.006,2.419075776629587e-06,0.0060024081177550434,0.006,0.0,0.0,0.0,0.0
4129,4.1290000000000004,4.13,-4.36543990617829,4.365439906178293,1.3322676295501878e-15,8.730879812356584,-0.10093419232445555,0.10093419232445555,1,1,-4.36543990617829,4.365439906178293,-6.0,6.0,0.0,12.0,0.0,0.0,0.0,0.0,0.0,0.0,0.0,0.0,0.0,0.0,0.0,0.0,0.0,0.0,6.002408117770717,6.002408117770716,1.7199783264310042e-15,0.0,0.8014999395229957,0.0,-6.25,6.250000000000001,0.15811388300841892,0.15811388300841886,1.095658953989818e-08,2.419075776317278e-06,0.0060024081177693,0.006,2.419075776316504e-06,0.0060024081177693,0.006,0.0,0.0,0.0,0.0
4139,4.139,4.14,-4.365439906165714,4.365439906165717,1.3322676295501878e-15,8.73087981233143,-0.10093419232447776,0.10093419232447776,1,1,-4.365439906165714,4.365439906165717,-6.0,6.0,0.0,12.0,0.0,0.0,0.0,0.0,0.0,0.0,0.0,0.0,0.0,0.0,0.0,0.0,0.0,0.0,6.002408117784811,6.002408117784811,4.744468706796567e-16,0.0,0.8014999395229957,0.0,-6.25,6.250000000000001,0.15811388300841892,0.15811388300841886,1.0956589748793912e-08,2.4190757760045757e-06,0.006002408117783408,0.006,2.4190757760056413e-06,0.006002408117783409,0.006,0.0,0.0,0.0,0.0
4149,4.149,4.15,-4.36543990615327,4.365439906153272,8.881784197001252e-16,8.730879812306542,-0.10093419232450107,0.10093419232450107,1,1,-4.36543990615327,4.365439906153272,-6.0,6.0,0.0,12.0,0.0,0.0,0.0,0.0,0.0,0.0,0.0,0.0,0.0,0.0,0.0,0.0,0.0,0.0,6.00240811779876,6.002408117798761,1.0356299151581538e-15,0.0,0.8014999395229957,0.0,-6.25,6.250000000000001,0.15811388300841892,0.15811388300841886,1.0956589955702357e-08,2.4190757756985516e-06,0.006002408117797372,0.006,2.41907577569922e-06,0.006002408117797372,0.006,0.0,0.0,0.0,0.0
4159,4.159,4.16,-4.3654399061409555,4.365439906140957,8.881784197001252e-16,8.730879812281913,-0.100934192324523,0.100934192324523,1,1,-4.3654399061409555,4.365439906140957,-6.0,6.0,0.0,12.0,0.0,0.0,0.0,0.0,0.0,0.0,0.0,0.0,0.0,0.0,0.0,0.0,0.0,0.0,6.002408117812565,6.002408117812565,1.8067145002298446e-15,0.0,0.8014999395229957,0.0,-6.25,6.250000000000001,0.15811388300841892,0.15811388300841886,1.0956590160642237e-08,2.4190757753947645e-06,0.006002408117811191,0.006,2.4190757753950186e-06,0.006002408117811192,0.006,0.0,0.0,0.0,0.0
4169,4.1690000000000005,4.17,-4.365439906128769,4.3654399061287705,8.881784197001252e-16,8.73087981225754,-0.10093419232454465,0.10093419232454465,1,1,-4.365439906128769,4.3654399061287705,-6.0,6.0,0.0,12.0,0.0,0.0,0.0,0.0,0.0,0.0,0.0,0.0,0.0,0.0,0.0,0.0,0.0,0.0,6.002408117826227,6.002408117826228,8.291978215169138e-16,0.0,0.8014999395229957,0.0,-6.25,6.250000000000001,0.15811388300841892,0.15811388300841886,1.0956590363632091e-08,2.419075775090994e-06,0.006002408117824868,0.006,2.4190757750908178e-06,0.006002408117824868,0.006,0.0,0.0,0.0,0.0
4179,4.179,4.18,-4.365439906116709,4.365439906116711,8.881784197001252e-16,8.73087981223342,-0.1009341923245663,0.1009341923245663,1,1,-4.365439906116709,4.365439906116711,-6.0,6.0,0.0,12.0,0.0,0.0,0.0,0.0,0.0,0.0,0.0,0.0,0.0,0.0,0.0,0.0,0.0,0.0,6.0024081178397495,6.002408117839748,1.124100812432971e-15,0.0,0.8014999395229957,0.0,-6.25,6.250000000000001,0.15811388300841892,0.15811388300841886,1.09565905646903e-08,2.4190757747939014e-06,0.006002408117838403,0.006,2.419075774793278e-06,0.006002408117838403,0.006,0.0,0.0,0.0,0.0
4189,4.189,4.19,-4.3654399061047755,4.365439906104777,8.881784197001252e-16,8.730879812209553,-0.10093419232458795,0.10093419232458795,1,1,-4.3654399061047755,4.365439906104777,-6.0,6.0,0.0,12.0,0.0,0.0,0.0,0.0,0.0,0.0,0.0,0.0,0.0,0.0,0.0,0.0,0.0,0.0,6.00240811785313,6.00240811785313,5.585809592645319e-16,0.0,0.8014999395229957,0.0,-6.25,6.250000000000001,0.15811388300841892,0.15811388300841886,1.095659076383506e-08,2.4190757745012655e-06,0.006002408117851798,0.006,2.419075774500179e-06,0.0060024081178517985,0.006,0.0,0.0,0.0,0.0
4199,4.199,4.2,-4.365439906092966,4.365439906092968,8.881784197001252e-16,8.730879812185934,-0.10093419232460876,0.10093419232460876,1,1,-4.365439906092966,4.365439906092968,-6.0,6.0,0.0,12.0,0.0,0.0,0.0,0.0,0.0,0.0,0.0,0.0,0.0,0.0,0.0,0.0,0.0,0.0,6.0024081178663735,6.002408117866374,1.020884765612351e-15,0.0,0.8014999395229957,0.0,-6.25,6.250000000000001,0.15811388300841892,0.15811388300841886,1.0956590961084407e-08,2.419075774206425e-06,0.006002408117865056,0.006,2.4190757742070803e-06,0.006002408117865056,0.006,0.0,0.0,0.0,0.0
4209,4.2090000000000005,4.21,-4.36543990608128,4.365439906081281,8.881784197001252e-16,8.730879812162561,-0.10093419232462958,0.10093419232462958,1,1,-4.36543990608128,4.365439906081281,-6.0,6.0,0.0,12.0,0.0,0.0,0.0,0.0,0.0,0.0,0.0,0.0,0.0,0.0,0.0,0.0,0.0,0.0,6.002408117879481,6.00240811787948,1.43982048506075e-16,0.0,0.8014999395229957,0.0,-6.25,6.250000000000001,0.15811388300841892,0.15811388300841886,1.0956591156456204e-08,2.4190757739227034e-06,0.006002408117878177,0.006,2.419075773922863e-06,0.006002408117878175,0.006,0.0,0.0,0.0,0.0
4219,4.219,4.22,-4.3654399060697155,4.365439906069717,8.881784197001252e-16,8.730879812139433,-0.10093419232465067,0.10093419232465067,1,1,-4.3654399060697155,4.365439906069717,-6.0,6.0,0.0,12.0,0.0,0.0,0.0,0.0,0.0,0.0,0.0,0.0,0.0,0.0,0.0,0.0,0.0,0.0,6.002408117892453,6.002408117892453,1.1761425167122752e-15,0.0,0.8014999395229957,0.0,-6.25,6.250000000000001,0.15811388300841892,0.15811388300841886,1.0956591349968148e-08,2.4190757736345564e-06,0.006002408117891161,0.006,2.419075773634205e-06,0.00600240811789116,0.006,0.0,0.0,0.0,0.0
4229,4.229,4.23,-4.365439906058271,4.365439906058273,8.881784197001252e-16,8.730879812116545,-0.10093419232467038,0.10093419232467038,1,1,-4.365439906058271,4.365439906058273,-6.0,6.0,0.0,12.0,0.0,0.0,0.0,0.0,0.0,0.0,0.0,0.0,0.0,0.0,0.0,0.0,0.0,0.0,6.00240811790529,6.00240811790529,2.905661822261152e-16,0.0,0.8014999395229957,0.0,-6.25,6.250000000000001,0.15811388300841892,0.15811388300841886,1.0956591541637775e-08,2.419075773353086e-06,0.006002408117904012,0.006,2.4190757733522085e-06,0.006002408117904012,0.006,0.0,0.0,0.0,0.0
4239,4.239,4.24,-4.365439906046946,4.365439906046949,1.3322676295501878e-15,8.730879812093896,-0.10093419232468981,0.10093419232468981,1,1,-4.365439906046946,4.365439906046949,-6.0,6.0,0.0,12.0,0.0,0.0,0.0,0.0,0.0,0.0,0.0,0.0,0.0,0.0,0.0,0.0,0.0,0.0,6.0024081179179944,6.002408117917995,7.337880303381894e-16,0.0,0.8014999395229957,0.0,-6.25,6.250000000000001,0.15811388300841892,0.15811388300841886,1.0956591731482448e-08,2.419075773073852e-06,0.006002408117916731,0.006,2.4190757730746528e-06,0.006002408117916731,0.006,0.0,0.0,0.0,0.0
4249,4.249,4.25,-4.36543990603574,4.365439906035742,8.881784197001252e-16,8.730879812071482,-0.10093419232470952,0.10093419232470952,1,1,-4.36543990603574,4.365439906035742,-6.0,6.0,0.0,12.0,0.0,0.0,0.0,0.0,0.0,0.0,0.0,0.0,0.0,0.0,0.0,0.0,0.0,0.0,6.002408117930569,6.002408117930569,1.1622647289044608e-16,0.0,0.8014999395229958,0.0,-6.25,6.250000000000001,0.15811388300841892,0.15811388300841886,1.0956591919519384e-08,2.4190757727968535e-06,0.006002408117929318,0.006,2.419075772797097e-06,0.006002408117929318,0.006,0.0,0.0,0.0,0.0
4259,4.259,4.26,-4.36543990602465,4.365439906024652,8.881784197001252e-16,8.730879812049302,-0.10093419232472894,0.10093419232472894,1,1,-4.36543990602465,4.365439906024652,-6.0,6.0,0.0,12.0,0.0,0.0,0.0,0.0,0.0,0.0,0.0,0.0,0.0,0.0,0.0,0.0,0.0,0.0,6.002408117943013,6.0024081179430135,5.238864897449957e-16,0.0,0.8014999395229958,0.0,-6.25,6.250000000000001,0.15811388300841892,0.15811388300841886,1.0956592105765623e-08,2.419075772524311e-06,0.006002408117941774,0.006,2.419075772523982e-06,0.006002408117941775,0.006,0.0,0.0,0.0,0.0
4269,4.269,4.2700000000000005,-4.365439906013676,4.365439906013678,8.881784197001252e-16,8.730879812027354,-0.10093419232474782,0.10093419232474782,1,1,-4.365439906013676,4.365439906013678,-6.0,6.0,0.0,12.0,0.0,0.0,0.0,0.0,0.0,0.0,0.0,0.0,0.0,0.0,0.0,0.0,0.0,0.0,6.00240811795533,6.00240811795533,7.173081573164097e-16,0.0,0.8014999395229958,0.0,-6.25,6.250000000000001,0.15811388300841892,0.15811388300841886,1.0956592290238059e-08,2.419075772251784e-06,0.006002408117954103,0.006,2.419075772250867e-06,0.006002408117954103,0.006,0.0,0.0,0.0,0.0
4279,4.279,4.28,-4.365439906002816,4.365439906002818,8.881784197001252e-16,8.730879812005634,-0.10093419232476641,0.10093419232476641,1,1,-4.365439906002816,4.365439906002818,-6.0,6.0,0.0,12.0,0.0,0.0,0.0,0.0,0.0,0.0,0.0,0.0,0.0,0.0,0.0,0.0,0.0,0.0,6.0024081179675175,6.00240811796752,9.341485918135106e-16,0.0,0.8014999395229958,0.0,-6.25,6.250000000000001,0.15811388300841892,0.15811388300841886,1.0956592472953415e-08,2.4190757719837125e-06,0.006002408117966304,0.006,2.419075771984414e-06,0.006002408117966306,0.006,0.0,0.0,0.0,0.0
4289,4.289,4.29,-4.365439905992069,4.365439905992072,1.3322676295501878e-15,8.730879811984142,-0.10093419232478473,0.10093419232478473,1,1,-4.365439905992069,4.365439905992072,-6.0,6.0,0.0,12.0,0.0,0.0,0.0,0.0,0.0,0.0,0.0,0.0,0.0,0.0,0.0,0.0,0.0,0.0,6.002408117979581,6.002408117979581,7.537373503119227e-16,0.0,0.8014999395229958,0.0,-6.25,6.250000000000001,0.15811388300841892,0.15811388300841886,1.0956592653928273e-08,2.4190757717178762e-06,0.006002408117978381,0.006,2.41907577171796e-06,0.0060024081179783795,0.006,0.0,0.0,0.0,0.0
4299,4.299,4.3,-4.365439905981435,4.365439905981437,8.881784197001252e-16,8.730879811962872,-0.10093419232480333,0.10093419232480333,1,1,-4.365439905981435,4.365439905981437,-6.0,6.0,0.0,12.0,0.0,0.0,0.0,0.0,0.0,0.0,0.0,0.0,0.0,0.0,0.0,0.0,0.0,0.0,6.00240811799152,6.00240811799152,8.933825901280557e-17,0.0,0.8014999395229958,0.0,-6.25,6.250000000000001,0.15811388300841892,0.15811388300841886,1.095659283317905e-08,2.419075771458716e-06,0.006002408117990332,0.006,2.419075771458168e-06,0.006002408117990331,0.006,0.0,0.0,0.0,0.0
4309,4.309,4.3100000000000005,-4.365439905970911,4.365439905970914,1.3322676295501878e-15,8.730879811941826,-0.10093419232482054,0.10093419232482054,1,1,-4.365439905970911,4.365439905970914,-6.0,6.0,0.0,12.0,0.0,0.0,0.0,0.0,0.0,0.0,0.0,0.0,0.0,0.0,0.0,0.0,0.0,0.0,6.002408118003336,6.002408118003334,9.71445146547012e-16,0.0,0.8014999395229958,0.0,-6.25,6.250000000000001,0.15811388300841892,0.15811388300841886,1.0956593010722014e-08,2.4190757711995704e-06,0.006002408118002159,0.006,2.419075771200596e-06,0.006002408118002159,0.006,0.0,0.0,0.0,0.0
4319,4.319,4.32,-4.365439905960497,4.3654399059605,1.3322676295501878e-15,8.730879811920996,-0.1009341923248383,0.1009341923248383,1,1,-4.365439905960497,4.3654399059605,-6.0,6.0,0.0,12.0,0.0,0.0,0.0,0.0,0.0,0.0,0.0,0.0,0.0,0.0,0.0,0.0,0.0,0.0,6.002408118015029,6.002408118015029,1.3964523981613297e-15,0.0,0.8014999395229958,0.0,-6.25,6.250000000000001,0.15811388300841892,0.15811388300841886,1.0956593186573282e-08,2.4190757709426594e-06,0.006002408118013864,0.006,2.4190757709430245e-06,0.006002408118013863,0.006,0.0,0.0,0.0,0.0
4329,4.329,4.33,-4.3654399059501925,4.365439905950194,8.881784197001252e-16,8.730879811900387,-0.10093419232485523,0.10093419232485523,1,1,-4.3654399059501925,4.365439905950194,-6.0,6.0,0.0,12.0,0.0,0.0,0.0,0.0,0.0,0.0,0.0,0.0,0.0,0.0,0.0,0.0,0.0,0.0,6.002408118026601,6.002408118026601,7.971054372113429e-16,0.0,0.8014999395229958,0.0,-6.25,6.250000000000001,0.15811388300841892,0.15811388300841886,1.0956593360748817e-08,2.4190757706879837e-06,0.006002408118025449,0.006,2.4190757706876733e-06,0.00600240811802545,0.006,0.0,0.0,0.0,0.0
4339,4.339,4.34,-4.3654399059399935,4.365439905939995,8.881784197001252e-16,8.730879811879989,-0.10093419232487244,0.10093419232487244,1,1,-4.3654399059399935,4.365439905939995,-6.0,6.0,0.0,12.0,0.0,0.0,0.0,0.0,0.0,0.0,0.0,0.0,0.0,0.0,0.0,0.0,0.0,0.0,6.002408118038054,6.002408118038055,1.3192572034803618e-15,0.0,0.8014999395229958,0.0,-6.25,6.250000000000001,0.15811388300841892,0.15811388300841886,1.0956593533264433e-08,2.419075770435542e-06,0.006002408118036913,0.006,2.419075770434542e-06,0.006002408118036914,0.006,0.0,0.0,0.0,0.0
4349,4.349,4.3500000000000005,-4.365439905929902,4.365439905929904,8.881784197001252e-16,8.730879811859806,-0.1009341923248891,0.1009341923248891,1,1,-4.365439905929902,4.365439905929904,-6.0,6.0,0.0,12.0,0.0,0.0,0.0,0.0,0.0,0.0,0.0,0.0,0.0,0.0,0.0,0.0,0.0,0.0,6.002408118049389,6.002408118049388,6.496539417533143e-16,0.0,0.8014999395229958,0.0,-6.25,6.250000000000001,0.15811388300841892,0.15811388300841886,1.09565937041358e-08,2.419075770189776e-06,0.00600240811804826,0.006,2.4190757701902934e-06,0.006002408118048259,0.006,0.0,0.0,0.0,0.0
4359,4.359,4.36,-4.365439905919915,4.365439905919918,1.3322676295501878e-15,8.730879811839834,-0.10093419232490575,0.10093419232490575,1,1,-4.365439905919915,4.365439905919918,-6.0,6.0,0.0,12.0,0.0,0.0,0.0,0.0,0.0,0.0,0.0,0.0,0.0,0.0,0.0,0.0,0.0,0.0,6.002408118060607,6.002408118060607,1.4051260155412137e-16,0.0,0.8014999395229958,0.0,-6.25,6.250000000000001,0.15811388300841892,0.15811388300841886,1.0956593873378442e-08,2.4190757699440237e-06,0.00600240811805949,0.006,2.4190757699438238e-06,0.00600240811805949,0.006,0.0,0.0,0.0,0.0
4369,4.369,4.37,-4.3654399059100335,4.365439905910035,8.881784197001252e-16,8.730879811820069,-0.10093419232492185,0.10093419232492185,1,1,-4.3654399059100335,4.365439905910035,-6.0,6.0,0.0,12.0,0.0,0.0,0.0,0.0,0.0,0.0,0.0,0.0,0.0,0.0,0.0,0.0,0.0,0.0,6.00240811807171,6.002408118071709,7.216449660063518e-16,0.0,0.8014999395229958,0.0,-6.25,6.250000000000001,0.15811388300841892,0.15811388300841886,1.0956594041007737e-08,2.4190757697049465e-06,0.0060024081180706035,0.006,2.4190757697040156e-06,0.006002408118070603,0.006,0.0,0.0,0.0,0.0
4379,4.3790000000000004,4.38,-4.365439905900254,4.3654399059002555,8.881784197001252e-16,8.73087981180051,-0.10093419232493822,0.10093419232493822,1,1,-4.365439905900254,4.3654399059002555,-6.0,6.0,0.0,12.0,0.0,0.0,0.0,0.0,0.0,0.0,0.0,0.0,0.0,0.0,0.0,0.0,0.0,0.0,6.002408118082696,6.002408118082696,1.1917550279960665e-15,0.0,0.8014999395229958,0.0,-6.25,6.250000000000001,0.15811388300841892,0.15811388300841886,1.0956594207038913e-08,2.4190757694614423e-06,0.0060024081180816025,0.006,2.419075769461987e-06,0.0060024081180816025,0.006,0.0,0.0,0.0,0.0
4389,4.389,4.39,-4.365439905890576,4.365439905890578,8.881784197001252e-16,8.730879811781154,-0.10093419232495376,0.10093419232495376,1,1,-4.365439905890576,4.365439905890578,-6.0,6.0,0.0,12.0,0.0,0.0,0.0,0.0,0.0,0.0,0.0,0.0,0.0,0.0,0.0,0.0,0.0,0.0,6.00240811809357,6.00240811809357,5.629177679544739e-16,0.0,0.8014999395229958,0.0,-6.25,6.250000000000001,0.15811388300841892,0.15811388300841886,1.0956594371487066e-08,2.4190757692246127e-06,0.006002408118092489,0.006,2.4190757692243993e-06,0.006002408118092489,0.006,0.0,0.0,0.0,0.0
4399,4.399,4.4,-4.365439905881,4.365439905881002,8.881784197001252e-16,8.730879811762001,-0.10093419232496903,0.10093419232496903,1,1,-4.365439905881,4.365439905881002,-6.0,6.0,0.0,12.0,0.0,0.0,0.0,0.0,0.0,0.0,0.0,0.0,0.0,0.0,0.0,0.0,0.0,0.0,6.0024081181043325,6.0024081181043325,4.85722573273506e-17,0.0,0.8014999395229958,0.0,-6.25,6.250000000000001,0.15811388300841892,0.15811388300841886,1.0956594534367147e-08,2.4190757689877967e-06,0.006002408118103261,0.006,2.4190757689868116e-06,0.006002408118103261,0.006,0.0,0.0,0.0,0.0
4409,4.409,4.41,-4.365439905871523,4.365439905871525,8.881784197001252e-16,8.730879811743048,-0.1009341923249843,0.1009341923249843,1,1,-4.365439905871523,4.365439905871525,-6.0,6.0,0.0,12.0,0.0,0.0,0.0,0.0,0.0,0.0,0.0,0.0,0.0,0.0,0.0,0.0,0.0,0.0,6.0024081181149835,6.002408118114983,5.403663627667754e-16,0.0,0.8014999395229958,0.0,-6.25,6.250000000000001,0.15811388300841892,0.15811388300841886,1.0956594695693966e-08,2.419075768755435e-06,0.006002408118113923,0.006,2.419075768755885e-06,0.006002408118113923,0.006,0.0,0.0,0.0,0.0
4419,4.4190000000000005,4.42,-4.365439905862145,4.365439905862147,1.3322676295501878e-15,8.730879811724293,-0.10093419232500012,0.10093419232500012,1,1,-4.365439905862145,4.365439905862147,-6.0,6.0,0.0,12.0,0.0,0.0,0.0,0.0,0.0,0.0,0.0,0.0,0.0,0.0,0.0,0.0,0.0,0.0,6.002408118125524,6.002408118125525,6.314393452555578e-16,0.0,0.8014999395229959,0.0,-6.25,6.250000000000001,0.15811388300841892,0.15811388300841886,1.0956594855482192e-08,2.4190757685253066e-06,0.0060024081181244745,0.006,2.419075768524959e-06,0.006002408118124476,0.006,0.0,0.0,0.0,0.0
4429,4.429,4.43,-4.365439905852865,4.365439905852867,8.881784197001252e-16,8.730879811705732,-0.10093419232501455,0.10093419232501455,1,1,-4.365439905852865,4.365439905852867,-6.0,6.0,0.0,12.0,0.0,0.0,0.0,0.0,0.0,0.0,0.0,0.0,0.0,0.0,0.0,0.0,0.0,0.0,6.002408118135957,6.002408118135956,9.783840404509192e-16,0.0,0.8014999395229959,0.0,-6.25,6.250000000000001,0.15811388300841892,0.15811388300841886,1.0956595013746365e-08,2.4190757683018525e-06,0.006002408118134918,0.006,2.4190757683029143e-06,0.006002408118134918,0.006,0.0,0.0,0.0,0.0
4439,4.439,4.44,-4.365439905843681,4.365439905843683,8.881784197001252e-16,8.730879811687364,-0.1009341923250287,0.1009341923250287,1,1,-4.365439905843681,4.365439905843683,-6.0,6.0,0.0,12.0,0.0,0.0,0.0,0.0,0.0,0.0,0.0,0.0,0.0,0.0,0.0,0.0,0.0,0.0,6.002408118146281,6.002408118146281,8.595554823465079e-16,0.0,0.8014999395229959,0.0,-6.25,6.250000000000001,0.15811388300841892,0.15811388300841886,1.0956595170500883e-08,2.4190757680739706e-06,0.006002408118145253,0.006,2.419075768074208e-06,0.006002408118145253,0.006,0.0,0.0,0.0,0.0
4449,4.449,4.45,-4.365439905834593,4.365439905834595,8.881784197001252e-16,8.730879811669189,-0.10093419232504286,0.10093419232504286,1,1,-4.365439905834593,4.365439905834595,-6.0,6.0,0.0,12.0,0.0,0.0,0.0,0.0,0.0,0.0,0.0,0.0,0.0,0.0,0.0,0.0,0.0,0.0,6.002408118156499,6.002408118156499,9.662409761190816e-16,0.0,0.8014999395229959,0.0,-6.25,6.250000000000001,0.15811388300841892,0.15811388300841886,1.095659532576001e-08,2.4190757678505423e-06,0.006002408118155482,0.006,2.419075767849943e-06,0.006002408118155483,0.006,0.0,0.0,0.0,0.0
4459,4.4590000000000005,4.46,-4.365439905825601,4.365439905825602,8.881784197001252e-16,8.730879811651203,-0.10093419232505757,0.10093419232505757,1,1,-4.365439905825601,4.365439905825602,-6.0,6.0,0.0,12.0,0.0,0.0,0.0,0.0,0.0,0.0,0.0,0.0,0.0,0.0,0.0,0.0,0.0,0.0,6.002408118166612,6.00240811816661,1.1258355359089478e-15,0.0,0.8014999395229959,0.0,-6.25,6.250000000000001,0.15811388300841892,0.15811388300841886,1.0956595479537881e-08,2.4190757676271272e-06,0.006002408118165606,0.006,2.4190757676278985e-06,0.006002408118165605,0.006,0.0,0.0,0.0,0.0
4469,4.469,4.47,-4.365439905816701,4.365439905816703,8.881784197001252e-16,8.730879811633404,-0.10093419232507117,0.10093419232507117,1,1,-4.365439905816701,4.365439905816703,-6.0,6.0,0.0,12.0,0.0,0.0,0.0,0.0,0.0,0.0,0.0,0.0,0.0,0.0,0.0,0.0,0.0,0.0,6.002408118176621,6.002408118176621,1.2715523078909996e-15,0.0,0.8014999395229959,0.0,-6.25,6.250000000000001,0.15811388300841892,0.15811388300841886,1.0956595631848494e-08,2.419075767408165e-06,0.006002408118175624,0.006,2.4190757674080744e-06,0.006002408118175624,0.006,0.0,0.0,0.0,0.0
4479,4.479,4.48,-4.365439905807895,4.3654399058078965,8.881784197001252e-16,8.730879811615791,-0.10093419232508477,0.10093419232508477,1,1,-4.365439905807895,4.3654399058078965,-6.0,6.0,0.0,12.0,0.0,0.0,0.0,0.0,0.0,0.0,0.0,0.0,0.0,0.0,0.0,0.0,0.0,0.0,6.0024081181865245,6.0024081181865245,8.76902717106276e-16,0.0,0.8014999395229959,0.0,-6.25,6.250000000000001,0.15811388300841892,0.15811388300841886,1.0956595782705713e-08,2.4190757671892154e-06,0.006002408118185539,0.006,2.4190757671882502e-06,0.006002408118185539,0.006,0.0,0.0,0.0,0.0
4489,4.489,4.49,-4.36543990579918,4.365439905799182,8.881784197001252e-16,8.730879811598362,-0.10093419232509837,0.10093419232509837,1,1,-4.36543990579918,4.365439905799182,-6.0,6.0,0.0,12.0,0.0,0.0,0.0,0.0,0.0,0.0,0.0,0.0,0.0,0.0,0.0,0.0,0.0,0.0,6.002408118196328,6.002408118196327,1.2984405217686401e-15,0.0,0.8014999395229959,0.0,-6.25,6.250000000000001,0.15811388300841892,0.15811388300841886,1.0956595932123285e-08,2.4190757669813802e-06,0.006002408118195352,0.006,2.4190757669817487e-06,0.006002408118195352,0.006,0.0,0.0,0.0,0.0
4499,4.499,4.5,-4.365439905790556,4.3654399057905575,8.881784197001252e-16,8.730879811581113,-0.10093419232511142,0.10093419232511142,1,1,-4.365439905790556,4.3654399057905575,-6.0,6.0,0.0,12.0,0.0,0.0,0.0,0.0,0.0,0.0,0.0,0.0,0.0,0.0,0.0,0.0,0.0,0.0,6.00240811820603,6.002408118206028,1.0607834055598175e-15,0.0,0.8014999395229959,0.0,-6.25,6.250000000000001,0.15811388300841892,0.15811388300841886,1.0956596080114815e-08,2.4190757667668962e-06,0.006002408118205064,0.006,2.4190757667663656e-06,0.006002408118205064,0.006,0.0,0.0,0.0,0.0
4509,4.509,4.51,-4.365439905782022,4.365439905782024,8.881784197001252e-16,8.730879811564046,-0.10093419232512474,0.10093419232512474,1,1,-4.365439905782022,4.365439905782024,-6.0,6.0,0.0,12.0,0.0,0.0,0.0,0.0,0.0,0.0,0.0,0.0,0.0,0.0,0.0,0.0,0.0,0.0,6.00240811821563,6.00240811821563,2.168404344971009e-17,0.0,0.8014999395229959,0.0,-6.25,6.250000000000001,0.15811388300841892,0.15811388300841886,1.095659622669379e-08,2.4190757665590856e-06,0.006002408118214674,0.006,2.419075766559864e-06,0.006002408118214674,0.006,0.0,0.0,0.0,0.0
4519,4.519,4.5200000000000005,-4.365439905773577,4.365439905773579,8.881784197001252e-16,8.730879811547156,-0.1009341923251375,0.1009341923251375,1,1,-4.365439905773577,4.365439905773579,-6.0,6.0,0.0,12.0,0.0,0.0,0.0,0.0,0.0,0.0,0.0,0.0,0.0,0.0,0.0,0.0,0.0,0.0,6.002408118225133,6.002408118225133,1.0044048925905713e-15,0.0,0.8014999395229959,0.0,-6.25,6.250000000000001,0.15811388300841892,0.15811388300841886,1.0956596371873568e-08,2.419075766351287e-06,0.006002408118224186,0.006,2.419075766351142e-06,0.006002408118224186,0.006,0.0,0.0,0.0,0.0
4529,4.529,4.53,-4.3654399057652205,4.365439905765222,8.881784197001252e-16,8.730879811530443,-0.10093419232515055,0.10093419232515055,1,1,-4.3654399057652205,4.365439905765222,-6.0,6.0,0.0,12.0,0.0,0.0,0.0,0.0,0.0,0.0,0.0,0.0,0.0,0.0,0.0,0.0,0.0,0.0,6.002408118234536,6.002408118234538,7.797582024515748e-16,0.0,0.8014999395229959,0.0,-6.25,6.250000000000001,0.15811388300841892,0.15811388300841886,1.0956596515667374e-08,2.4190757661479413e-06,0.006002408118233601,0.006,2.419075766146861e-06,0.006002408118233602,0.006,0.0,0.0,0.0,0.0
4539,4.539,4.54,-4.365439905756951,4.365439905756952,8.881784197001252e-16,8.730879811513903,-0.10093419232516249,0.10093419232516249,1,1,-4.365439905756951,4.365439905756952,-6.0,6.0,0.0,12.0,0.0,0.0,0.0,0.0,0.0,0.0,0.0,0.0,0.0,0.0,0.0,0.0,0.0,0.0,6.002408118243843,6.002408118243845,8.89913143176102e-16,0.0,0.8014999395229959,0.0,-6.25,6.250000000000001,0.15811388300841892,0.15811388300841886,1.0956596658088326e-08,2.4190757659468277e-06,0.006002408118242917,0.006,2.419075765947021e-06,0.006002408118242919,0.006,0.0,0.0,0.0,0.0
4549,4.549,4.55,-4.365439905748767,4.365439905748769,8.881784197001252e-16,8.730879811497536,-0.10093419232517498,0.10093419232517498,1,1,-4.365439905748767,4.365439905748769,-6.0,6.0,0.0,12.0,0.0,0.0,0.0,0.0,0.0,0.0,0.0,0.0,0.0,0.0,0.0,0.0,0.0,0.0,6.002408118253054,6.002408118253054,2.0903417885520525e-16,0.0,0.8014999395229959,0.0,-6.25,6.250000000000001,0.15811388300841892,0.15811388300841886,1.0956596799149406e-08,2.419075765745726e-06,0.006002408118252138,0.006,2.4190757657449603e-06,0.006002408118252137,0.006,0.0,0.0,0.0,0.0
4559,4.559,4.5600000000000005,-4.3654399057406685,4.36543990574067,8.881784197001252e-16,8.730879811481339,-0.10093419232518719,0.10093419232518719,1,1,-4.3654399057406685,4.36543990574067,-6.0,6.0,0.0,12.0,0.0,0.0,0.0,0.0,0.0,0.0,0.0,0.0,0.0,0.0,0.0,0.0,0.0,0.0,6.002408118262171,6.002408118262171,5.169475958410885e-16,0.0,0.8014999395229959,0.0,-6.25,6.250000000000001,0.15811388300841892,0.15811388300841886,1.0956596938863477e-08,2.4190757655490767e-06,0.006002408118261263,0.006,2.419075765549561e-06,0.0060024081182612635,0.006,0.0,0.0,0.0,0.0
4569,4.569,4.57,-4.3654399057326545,4.365439905732656,8.881784197001252e-16,8.73087981146531,-0.10093419232519857,0.10093419232519857,1,1,-4.3654399057326545,4.365439905732656,-6.0,6.0,0.0,12.0,0.0,0.0,0.0,0.0,0.0,0.0,0.0,0.0,0.0,0.0,0.0,0.0,0.0,0.0,6.002408118271192,6.002408118271191,2.7000970903579002e-15,0.0,0.8014999395229959,0.0,-6.25,6.250000000000001,0.15811388300841892,0.15811388300841886,1.0956597077243288e-08,2.4190757653568795e-06,0.0060024081182702945,0.006,2.4190757653563823e-06,0.006002408118270295,0.006,0.0,0.0,0.0,0.0
4579,4.579,4.58,-4.365439905724724,4.365439905724727,1.3322676295501878e-15,8.730879811449451,-0.10093419232520967,0.10093419232520967,1,1,-4.365439905724724,4.365439905724727,-6.0,6.0,0.0,12.0,0.0,0.0,0.0,0.0,0.0,0.0,0.0,0.0,0.0,0.0,0.0,0.0,0.0,0.0,6.002408118280122,6.002408118280121,1.240327285323417e-15,0.0,0.8014999395229959,0.0,-6.25,6.250000000000001,0.15811388300841892,0.15811388300841886,1.0956597214301457e-08,2.4190757651602535e-06,0.006002408118279232,0.006,2.4190757651609828e-06,0.006002408118279233,0.006,0.0,0.0,0.0,0.0
4589,4.589,4.59,-4.365439905716877,4.365439905716879,8.881784197001252e-16,8.730879811433756,-0.10093419232522216,0.10093419232522216,1,1,-4.365439905716877,4.365439905716879,-6.0,6.0,0.0,12.0,0.0,0.0,0.0,0.0,0.0,0.0,0.0,0.0,0.0,0.0,0.0,0.0,0.0,0.0,6.002408118288958,6.002408118288958,1.1301723445988898e-15,0.0,0.8014999395229959,0.0,-6.25,6.250000000000001,0.15811388300841892,0.15811388300841886,1.0956597350050494e-08,2.4190757649680786e-06,0.006002408118288078,0.006,2.419075764967804e-06,0.00600240811828808,0.006,0.0,0.0,0.0,0.0
4599,4.599,4.6000000000000005,-4.365439905709111,4.365439905709113,1.3322676295501878e-15,8.730879811418223,-0.10093419232523326,0.10093419232523326,1,1,-4.365439905709111,4.365439905709113,-6.0,6.0,0.0,12.0,0.0,0.0,0.0,0.0,0.0,0.0,0.0,0.0,0.0,0.0,0.0,0.0,0.0,0.0,6.002408118297704,6.002408118297704,9.367506770274758e-16,0.0,0.8014999395229959,0.0,-6.25,6.250000000000001,0.15811388300841892,0.15811388300841886,1.0956597484502789e-08,2.4190757647803567e-06,0.006002408118296832,0.006,2.4190757647812867e-06,0.006002408118296834,0.006,0.0,0.0,0.0,0.0
4609,4.609,4.61,-4.365439905701426,4.365439905701428,8.881784197001252e-16,8.730879811402854,-0.10093419232524437,0.10093419232524437,1,1,-4.365439905701426,4.365439905701428,-6.0,6.0,0.0,12.0,0.0,0.0,0.0,0.0,0.0,0.0,0.0,0.0,0.0,0.0,0.0,0.0,0.0,0.0,6.0024081183063585,6.0024081183063585,9.402201239794294e-16,0.0,0.8014999395229959,0.0,-6.25,6.250000000000001,0.15811388300841892,0.15811388300841886,1.0956597617670615e-08,2.4190757645948658e-06,0.006002408118305497,0.006,2.419075764594769e-06,0.006002408118305496,0.006,0.0,0.0,0.0,0.0
4619,4.619,4.62,-4.365439905693822,4.365439905693823,8.881784197001252e-16,8.730879811387645,-0.10093419232525519,0.10093419232525519,1,1,-4.365439905693822,4.365439905693823,-6.0,6.0,0.0,12.0,0.0,0.0,0.0,0.0,0.0,0.0,0.0,0.0,0.0,0.0,0.0,0.0,0.0,0.0,6.002408118314924,6.002408118314924,1.7104373473131318e-15,0.0,0.8014999395229959,0.0,-6.25,6.250000000000001,0.15811388300841892,0.15811388300841886,1.0956597749566132e-08,2.419075764407166e-06,0.006002408118314072,0.006,2.4190757644082517e-06,0.006002408118314074,0.006,0.0,0.0,0.0,0.0
4629,4.6290000000000004,4.63,-4.365439905686295,4.365439905686298,1.3322676295501878e-15,8.730879811372592,-0.10093419232526574,0.10093419232526574,1,1,-4.365439905686295,4.365439905686298,-6.0,6.0,0.0,12.0,0.0,0.0,0.0,0.0,0.0,0.0,0.0,0.0,0.0,0.0,0.0,0.0,0.0,0.0,6.002408118323402,6.002408118323402,1.6479873021779667e-17,0.0,0.8014999395229959,0.0,-6.25,6.250000000000001,0.15811388300841892,0.15811388300841886,1.0956597880201382e-08,2.4190757642239174e-06,0.006002408118322558,0.006,2.4190757642239547e-06,0.006002408118322558,0.006,0.0,0.0,0.0,0.0
4639,4.639,4.64,-4.365439905678849,4.36543990567885,8.881784197001252e-16,8.730879811357699,-0.10093419232527628,0.10093419232527628,1,1,-4.365439905678849,4.36543990567885,-6.0,6.0,0.0,12.0,0.0,0.0,0.0,0.0,0.0,0.0,0.0,0.0,0.0,0.0,0.0,0.0,0.0,0.0,6.002408118331792,6.002408118331791,2.4745830384809153e-15,0.0,0.801499939522996,0.0,-6.25,6.250000000000001,0.15811388300841892,0.15811388300841886,1.0956598009588301e-08,2.4190757640429e-06,0.006002408118330955,0.006,2.419075764041878e-06,0.006002408118330956,0.006,0.0,0.0,0.0,0.0
4649,4.649,4.65,-4.3654399056714785,4.365439905671481,1.3322676295501878e-15,8.730879811342959,-0.10093419232528655,0.10093419232528655,1,1,-4.3654399056714785,4.365439905671481,-6.0,6.0,0.0,12.0,0.0,0.0,0.0,0.0,0.0,0.0,0.0,0.0,0.0,0.0,0.0,0.0,0.0,0.0,6.002408118340095,6.002408118340095,4.380176776841438e-16,0.0,0.801499939522996,0.0,-6.25,6.250000000000001,0.15811388300841892,0.15811388300841886,1.0956598137738705e-08,2.4190757638618934e-06,0.006002408118339269,0.006,2.419075763862022e-06,0.006002408118339268,0.006,0.0,0.0,0.0,0.0
4659,4.659,4.66,-4.365439905664187,4.365439905664188,8.881784197001252e-16,8.730879811328375,-0.10093419232529766,0.10093419232529766,1,1,-4.365439905664187,4.365439905664188,-6.0,6.0,0.0,12.0,0.0,0.0,0.0,0.0,0.0,0.0,0.0,0.0,0.0,0.0,0.0,0.0,0.0,0.0,6.002408118348313,6.002408118348314,3.641184576075318e-15,0.0,0.801499939522996,0.0,-6.25,6.250000000000001,0.15811388300841892,0.15811388300841886,1.0956598264664306e-08,2.4190757636831182e-06,0.006002408118347494,0.006,2.4190757636821657e-06,0.006002408118347493,0.006,0.0,0.0,0.0,0.0
4669,4.6690000000000005,4.67,-4.36543990565697,4.365439905656972,8.881784197001252e-16,8.730879811313942,-0.10093419232530737,0.10093419232530737,1,1,-4.36543990565697,4.365439905656972,-6.0,6.0,0.0,12.0,0.0,0.0,0.0,0.0,0.0,0.0,0.0,0.0,0.0,0.0,0.0,0.0,0.0,0.0,6.002408118356445,6.0024081183564455,5.35162192338845e-16,0.0,0.801499939522996,0.0,-6.25,6.250000000000001,0.15811388300841892,0.15811388300841886,1.0956598390376701e-08,2.4190757635087938e-06,0.006002408118355636,0.006,2.419075763508971e-06,0.006002408118355635,0.006,0.0,0.0,0.0,0.0
4679,4.679,4.68,-4.365439905649829,4.365439905649831,8.881784197001252e-16,8.73087981129966,-0.10093419232531736,0.10093419232531736,1,1,-4.365439905649829,4.365439905649831,-6.0,6.0,0.0,12.0,0.0,0.0,0.0,0.0,0.0,0.0,0.0,0.0,0.0,0.0,0.0,0.0,0.0,0.0,6.002408118364493,6.002408118364492,1.7676832220203664e-15,0.0,0.801499939522996,0.0,-6.25,6.250000000000001,0.15811388300841892,0.15811388300841886,1.0956598514887386e-08,2.4190757633367004e-06,0.006002408118363692,0.006,2.4190757633357763e-06,0.006002408118363693,0.006,0.0,0.0,0.0,0.0
4689,4.689,4.69,-4.365439905642762,4.365439905642764,8.881784197001252e-16,8.730879811285526,-0.10093419232532735,0.10093419232532735,1,1,-4.365439905642762,4.365439905642764,-6.0,6.0,0.0,12.0,0.0,0.0,0.0,0.0,0.0,0.0,0.0,0.0,0.0,0.0,0.0,0.0,0.0,0.0,6.002408118372459,6.002408118372459,1.1718057080223332e-15,0.0,0.801499939522996,0.0,-6.25,6.250000000000001,0.15811388300841892,0.15811388300841886,1.095659863820774e-08,2.419075763162397e-06,0.0060024081183716665,0.006,2.4190757631625813e-06,0.006002408118371665,0.006,0.0,0.0,0.0,0.0
4699,4.699,4.7,-4.365439905635769,4.365439905635771,8.881784197001252e-16,8.73087981127154,-0.10093419232533707,0.10093419232533707,1,1,-4.365439905635769,4.365439905635771,-6.0,6.0,0.0,12.0,0.0,0.0,0.0,0.0,0.0,0.0,0.0,0.0,0.0,0.0,0.0,0.0,0.0,0.0,6.002408118380343,6.002408118380343,1.3634926521177704e-15,0.0,0.801499939522996,0.0,-6.25,6.250000000000001,0.15811388300841892,0.15811388300841886,1.0956598760349039e-08,2.419075762992545e-06,0.006002408118379557,0.006,2.4190757629916073e-06,0.006002408118379557,0.006,0.0,0.0,0.0,0.0
4709,4.7090000000000005,4.71,-4.365439905628849,4.36543990562885,8.881784197001252e-16,8.730879811257699,-0.1009341923253465,0.1009341923253465,1,1,-4.365439905628849,4.36543990562885,-6.0,6.0,0.0,12.0,0.0,0.0,0.0,0.0,0.0,0.0,0.0,0.0,0.0,0.0,0.0,0.0,0.0,0.0,6.002408118388144,6.002408118388145,1.1943571132100317e-15,0.0,0.801499939522996,0.0,-6.25,6.250000000000001,0.15811388300841892,0.15811388300841886,1.095659888132246e-08,2.419075762822703e-06,0.0060024081183873675,0.006,2.4190757628228533e-06,0.0060024081183873675,0.006,0.0,0.0,0.0,0.0
4719,4.719,4.72,-4.365439905622001,4.365439905622003,8.881784197001252e-16,8.730879811244003,-0.10093419232535539,0.10093419232535539,1,1,-4.365439905622001,4.365439905622003,-6.0,6.0,0.0,12.0,0.0,0.0,0.0,0.0,0.0,0.0,0.0,0.0,0.0,0.0,0.0,0.0,0.0,0.0,6.002408118395866,6.002408118395866,1.4944642745540193e-15,0.0,0.801499939522996,0.0,-6.25,6.250000000000001,0.15811388300841892,0.15811388300841886,1.0956599001139062e-08,2.4190757626550913e-06,0.0060024081183950966,0.006,2.4190757626540994e-06,0.0060024081183950966,0.006,0.0,0.0,0.0,0.0
4729,4.729,4.73,-4.365439905615224,4.365439905615226,8.881784197001252e-16,8.73087981123045,-0.10093419232536455,0.10093419232536455,1,1,-4.365439905615224,4.365439905615226,-6.0,6.0,0.0,12.0,0.0,0.0,0.0,0.0,0.0,0.0,0.0,0.0,0.0,0.0,0.0,0.0,0.0,0.0,6.0024081184035065,6.002408118403507,1.2325210296815214e-15,0.0,0.801499939522996,0.0,-6.25,6.250000000000001,0.15811388300841892,0.15811388300841886,1.0956599119809812e-08,2.4190757624919303e-06,0.006002408118402747,0.006,2.419075762492007e-06,0.0060024081184027476,0.006,0.0,0.0,0.0,0.0
4739,4.739,4.74,-4.365439905608517,4.365439905608519,8.881784197001252e-16,8.730879811217036,-0.1009341923253737,0.1009341923253737,1,1,-4.365439905608517,4.365439905608519,-6.0,6.0,0.0,12.0,0.0,0.0,0.0,0.0,0.0,0.0,0.0,0.0,0.0,0.0,0.0,0.0,0.0,0.0,6.002408118411071,6.0024081184110685,1.3721662694976544e-15,0.0,0.801499939522996,0.0,-6.25,6.250000000000001,0.15811388300841892,0.15811388300841886,1.0956599237345568e-08,2.4190757623265585e-06,0.006002408118410318,0.006,2.4190757623254735e-06,0.006002408118410317,0.006,0.0,0.0,0.0,0.0
4749,4.749,4.75,-4.365439905601881,4.3654399056018836,1.3322676295501878e-15,8.730879811203764,-0.10093419232538259,0.10093419232538259,1,1,-4.365439905601881,4.3654399056018836,-6.0,6.0,0.0,12.0,0.0,0.0,0.0,0.0,0.0,0.0,0.0,0.0,0.0,0.0,0.0,0.0,0.0,0.0,6.002408118418555,6.002408118418556,1.0694570229397016e-15,0.0,0.801499939522996,0.0,-6.25,6.250000000000001,0.15811388300841892,0.15811388300841886,1.0956599353757091e-08,2.4190757621634174e-06,0.006002408118417809,0.006,2.4190757621633806e-06,0.00600240811841781,0.006,0.0,0.0,0.0,0.0
4759,4.759,4.76,-4.365439905595315,4.365439905595316,8.881784197001252e-16,8.730879811190631,-0.10093419232539175,0.10093419232539175,1,1,-4.365439905595315,4.365439905595316,-6.0,6.0,0.0,12.0,0.0,0.0,0.0,0.0,0.0,0.0,0.0,0.0,0.0,0.0,0.0,0.0,0.0,0.0,6.0024081184259614,6.002408118425962,1.650589387391932e-15,0.0,0.801499939522996,0.0,-6.25,6.250000000000001,0.15811388300841892,0.15811388300841886,1.0956599469055034e-08,2.4190757620047267e-06,0.006002408118425225,0.006,2.419075762005729e-06,0.0060024081184252235,0.006,0.0,0.0,0.0,0.0
4769,4.769,4.7700000000000005,-4.365439905588816,4.365439905588818,8.881784197001252e-16,8.730879811177633,-0.10093419232540035,0.10093419232540035,1,1,-4.365439905588816,4.365439905588818,-6.0,6.0,0.0,12.0,0.0,0.0,0.0,0.0,0.0,0.0,0.0,0.0,0.0,0.0,0.0,0.0,0.0,0.0,6.002408118433293,6.002408118433294,2.1588633658531364e-15,0.0,0.801499939522996,0.0,-6.25,6.250000000000001,0.15811388300841892,0.15811388300841886,1.0956599583249955e-08,2.419075761846045e-06,0.006002408118432563,0.006,2.419075761845857e-06,0.006002408118432562,0.006,0.0,0.0,0.0,0.0
4779,4.779,4.78,-4.365439905582385,4.365439905582387,8.881784197001252e-16,8.730879811164773,-0.10093419232540812,0.10093419232540812,1,1,-4.365439905582385,4.365439905582387,-6.0,6.0,0.0,12.0,0.0,0.0,0.0,0.0,0.0,0.0,0.0,0.0,0.0,0.0,0.0,0.0,0.0,0.0,6.002408118440548,6.002408118440549,9.662409761190816e-16,0.0,0.801499939522996,0.0,-6.25,6.250000000000001,0.15811388300841892,0.15811388300841886,1.0956599696352314e-08,2.419075761689594e-06,0.0060024081184398255,0.006,2.4190757616904258e-06,0.006002408118439827,0.006,0.0,0.0,0.0,0.0
4789,4.789,4.79,-4.365439905576022,4.365439905576023,8.881784197001252e-16,8.730879811152045,-0.10093419232541756,0.10093419232541756,1,1,-4.365439905576022,4.365439905576023,-6.0,6.0,0.0,12.0,0.0,0.0,0.0,0.0,0.0,0.0,0.0,0.0,0.0,0.0,0.0,0.0,0.0,0.0,6.002408118447729,6.002408118447729,6.175615574477433e-16,0.0,0.801499939522996,0.0,-6.25,6.250000000000001,0.15811388300841892,0.15811388300841886,1.0956599808372467e-08,2.4190757615353726e-06,0.006002408118447015,0.006,2.4190757615349944e-06,0.006002408118447014,0.006,0.0,0.0,0.0,0.0
4799,4.799,4.8,-4.3654399055697235,4.365439905569726,1.3322676295501878e-15,8.730879811139449,-0.1009341923254245,0.1009341923254245,1,1,-4.3654399055697235,4.365439905569726,-6.0,6.0,0.0,12.0,0.0,0.0,0.0,0.0,0.0,0.0,0.0,0.0,0.0,0.0,0.0,0.0,0.0,0.0,6.002408118454836,6.002408118454836,1.4311468676808659e-15,0.0,0.801499939522996,0.0,-6.25,6.250000000000001,0.15811388300841892,0.15811388300841886,1.0956599919320681e-08,2.4190757613811605e-06,0.0060024081184541275,0.006,2.419075761381784e-06,0.00600240811845413,0.006,0.0,0.0,0.0,0.0
4809,4.809,4.8100000000000005,-4.365439905563492,4.365439905563494,8.881784197001252e-16,8.730879811126986,-0.1009341923254331,0.1009341923254331,1,1,-4.365439905563492,4.365439905563494,-6.0,6.0,0.0,12.0,0.0,0.0,0.0,0.0,0.0,0.0,0.0,0.0,0.0,0.0,0.0,0.0,0.0,0.0,6.002408118461869,6.002408118461869,1.491862189340054e-16,0.0,0.801499939522996,0.0,-6.25,6.250000000000001,0.15811388300841892,0.15811388300841886,1.0956600029207117e-08,2.4190757612313987e-06,0.006002408118461169,0.006,2.4190757612307935e-06,0.006002408118461169,0.006,0.0,0.0,0.0,0.0
4819,4.819,4.82,-4.365439905557325,4.365439905557327,8.881784197001252e-16,8.730879811114653,-0.10093419232544115,0.10093419232544115,1,1,-4.365439905557325,4.365439905557327,-6.0,6.0,0.0,12.0,0.0,0.0,0.0,0.0,0.0,0.0,0.0,0.0,0.0,0.0,0.0,0.0,0.0,0.0,6.0024081184688285,6.002408118468829,2.7755575615628914e-17,0.0,0.801499939522996,0.0,-6.25,6.250000000000001,0.15811388300841892,0.15811388300841886,1.0956600138041851e-08,2.419075761081646e-06,0.006002408118468136,0.006,2.4190757610820236e-06,0.006002408118468137,0.006,0.0,0.0,0.0,0.0
4829,4.829,4.83,-4.365439905551223,4.3654399055512245,8.881784197001252e-16,8.730879811102447,-0.10093419232544865,0.10093419232544865,1,1,-4.365439905551223,4.3654399055512245,-6.0,6.0,0.0,12.0,0.0,0.0,0.0,0.0,0.0,0.0,0.0,0.0,0.0,0.0,0.0,0.0,0.0,0.0,6.002408118475717,6.002408118475718,9.063930161978817e-16,0.0,0.801499939522996,0.0,-6.25,6.250000000000001,0.15811388300841892,0.15811388300841886,1.0956600245834859e-08,2.4190757609341223e-06,0.006002408118475032,0.006,2.4190757609332537e-06,0.006002408118475032,0.006,0.0,0.0,0.0,0.0
4839,4.839,4.84,-4.365439905545184,4.365439905545186,8.881784197001252e-16,8.73087981109037,-0.1009341923254567,0.1009341923254567,1,1,-4.365439905545184,4.365439905545186,-6.0,6.0,0.0,12.0,0.0,0.0,0.0,0.0,0.0,0.0,0.0,0.0,0.0,0.0,0.0,0.0,0.0,0.0,6.002408118482536,6.002408118482536,6.938893903907228e-18,0.0,0.801499939522996,0.0,-6.25,6.250000000000001,0.15811388300841892,0.15811388300841886,1.0956600352596023e-08,2.4190757607843877e-06,0.006002408118481857,0.006,2.419075760784484e-06,0.006002408118481857,0.006,0.0,0.0,0.0,0.0
4849,4.849,4.8500000000000005,-4.3654399055392075,4.36543990553921,1.3322676295501878e-15,8.730879811078417,-0.10093419232546363,0.10093419232546363,1,1,-4.3654399055392075,4.36543990553921,-6.0,6.0,0.0,12.0,0.0,0.0,0.0,0.0,0.0,0.0,0.0,0.0,0.0,0.0,0.0,0.0,0.0,0.0,6.002408118489282,6.002408118489282,7.832276494035284e-16,0.0,0.801499939522996,0.0,-6.25,6.250000000000001,0.15811388300841892,0.15811388300841886,1.095660045833513e-08,2.4190757606368824e-06,0.00600240811848861,0.006,2.4190757606379344e-06,0.00600240811848861,0.006,0.0,0.0,0.0,0.0
4859,4.859,4.86,-4.365439905533295,4.365439905533297,8.881784197001252e-16,8.730879811066592,-0.10093419232547113,0.10093419232547113,1,1,-4.365439905533295,4.365439905533297,-6.0,6.0,0.0,12.0,0.0,0.0,0.0,0.0,0.0,0.0,0.0,0.0,0.0,0.0,0.0,0.0,0.0,0.0,6.00240811849596,6.002408118495961,6.080205783298709e-16,0.0,0.801499939522996,0.0,-6.25,6.250000000000001,0.15811388300841892,0.15811388300841886,1.095660056306188e-08,2.419075760496047e-06,0.006002408118495294,0.006,2.419075760495826e-06,0.006002408118495295,0.006,0.0,0.0,0.0,0.0
4869,4.869,4.87,-4.365439905527443,4.365439905527444,8.881784197001252e-16,8.730879811054887,-0.10093419232547807,0.10093419232547807,1,1,-4.365439905527443,4.365439905527444,-6.0,6.0,0.0,12.0,0.0,0.0,0.0,0.0,0.0,0.0,0.0,0.0,0.0,0.0,0.0,0.0,0.0,0.0,6.002408118502569,6.002408118502568,5.247538514829841e-16,0.0,0.801499939522996,0.0,-6.25,6.250000000000001,0.15811388300841892,0.15811388300841886,1.095660066678588e-08,2.419075760353e-06,0.00600240811850191,0.006,2.419075760353717e-06,0.00600240811850191,0.006,0.0,0.0,0.0,0.0
4879,4.8790000000000004,4.88,-4.365439905521652,4.3654399055216535,8.881784197001252e-16,8.730879811043305,-0.10093419232548584,0.10093419232548584,1,1,-4.365439905521652,4.3654399055216535,-6.0,6.0,0.0,12.0,0.0,0.0,0.0,0.0,0.0,0.0,0.0,0.0,0.0,0.0,0.0,0.0,0.0,0.0,6.002408118509107,6.002408118509109,8.387388006347862e-16,0.0,0.801499939522996,0.0,-6.25,6.250000000000001,0.15811388300841892,0.15811388300841886,1.095660076951665e-08,2.419075760212182e-06,0.006002408118508457,0.006,2.4190757602116087e-06,0.006002408118508458,0.006,0.0,0.0,0.0,0.0
4889,4.889,4.89,-4.36543990551592,4.365439905515923,1.3322676295501878e-15,8.730879811031844,-0.10093419232549222,0.10093419232549222,1,1,-4.36543990551592,4.365439905515923,-6.0,6.0,0.0,12.0,0.0,0.0,0.0,0.0,0.0,0.0,0.0,0.0,0.0,0.0,0.0,0.0,0.0,0.0,6.00240811851558,6.00240811851558,5.507747036226363e-16,0.0,0.801499939522996,0.0,-6.25,6.250000000000001,0.15811388300841892,0.15811388300841886,1.0956600871263608e-08,2.419075760073593e-06,0.0060024081185149365,0.006,2.419075760073941e-06,0.006002408118514936,0.006,0.0,0.0,0.0,0.0
4899,4.899,4.9,-4.36543990551025,4.365439905510252,8.881784197001252e-16,8.730879811020502,-0.10093419232549916,0.10093419232549916,1,1,-4.36543990551025,4.365439905510252,-6.0,6.0,0.0,12.0,0.0,0.0,0.0,0.0,0.0,0.0,0.0,0.0,0.0,0.0,0.0,0.0,0.0,0.0,6.002408118521987,6.002408118521988,9.71445146547012e-17,0.0,0.801499939522996,0.0,-6.25,6.250000000000001,0.15811388300841892,0.15811388300841886,1.0956600972036104e-08,2.4190757599372336e-06,0.006002408118521349,0.006,2.4190757599362735e-06,0.00600240811852135,0.006,0.0,0.0,0.0,0.0
4909,4.909,4.91,-4.365439905504638,4.3654399055046404,1.3322676295501878e-15,8.730879811009277,-0.10093419232550638,0.10093419232550638,1,1,-4.365439905504638,4.3654399055046404,-6.0,6.0,0.0,12.0,0.0,0.0,0.0,0.0,0.0,0.0,0.0,0.0,0.0,0.0,0.0,0.0,0.0,0.0,6.002408118528328,6.002408118528327,4.666406150377611e-16,0.0,0.801499939522996,0.0,-6.25,6.250000000000001,0.15811388300841892,0.15811388300841886,1.0956601071843384e-08,2.419075759796441e-06,0.006002408118527696,0.006,2.419075759796385e-06,0.006002408118527696,0.006,0.0,0.0,0.0,0.0
4919,4.9190000000000005,4.92,-4.365439905499085,4.365439905499087,8.881784197001252e-16,8.730879810998172,-0.10093419232551276,0.10093419232551276,1,1,-4.365439905499085,4.365439905499087,-6.0,6.0,0.0,12.0,0.0,0.0,0.0,0.0,0.0,0.0,0.0,0.0,0.0,0.0,0.0,0.0,0.0,0.0,6.002408118534601,6.002408118534602,1.0156805951844206e-15,0.0,0.801499939522996,0.0,-6.25,6.250000000000001,0.15811388300841892,0.15811388300841886,1.095660117069461e-08,2.419075759664539e-06,0.006002408118533977,0.006,2.419075759665379e-06,0.006002408118533978,0.006,0.0,0.0,0.0,0.0
4929,4.929,4.93,-4.36543990549359,4.3654399054935915,8.881784197001252e-16,8.730879810987181,-0.10093419232551942,0.10093419232551942,1,1,-4.36543990549359,4.3654399054935915,-6.0,6.0,0.0,12.0,0.0,0.0,0.0,0.0,0.0,0.0,0.0,0.0,0.0,0.0,0.0,0.0,0.0,0.0,6.00240811854081,6.002408118540812,1.0408340855860843e-16,0.0,0.8014999395229961,0.0,-6.25,6.250000000000001,0.15811388300841892,0.15811388300841886,1.0956601268598861e-08,2.4190757595304244e-06,0.006002408118540192,0.006,2.419075759529932e-06,0.006002408118540193,0.006,0.0,0.0,0.0,0.0
4939,4.939,4.94,-4.365439905488151,4.365439905488153,8.881784197001252e-16,8.730879810976305,-0.10093419232552608,0.10093419232552608,1,1,-4.365439905488151,4.365439905488153,-6.0,6.0,0.0,12.0,0.0,0.0,0.0,0.0,0.0,0.0,0.0,0.0,0.0,0.0,0.0,0.0,0.0,0.0,6.002408118546955,6.002408118546956,6.245004513516506e-16,0.0,0.8014999395229961,0.0,-6.25,6.250000000000001,0.15811388300841892,0.15811388300841886,1.0956601365565132e-08,2.4190757594007593e-06,0.006002408118546344,0.006,2.419075759401146e-06,0.0060024081185463445,0.006,0.0,0.0,0.0,0.0
4949,4.949,4.95,-4.36543990548277,4.365439905482773,1.3322676295501878e-15,8.730879810965543,-0.10093419232553219,0.10093419232553219,1,1,-4.36543990548277,4.365439905482773,-6.0,6.0,0.0,12.0,0.0,0.0,0.0,0.0,0.0,0.0,0.0,0.0,0.0,0.0,0.0,0.0,0.0,0.0,6.0024081185530385,6.0024081185530385,2.134577237189461e-15,0.0,0.8014999395229961,0.0,-6.25,6.250000000000001,0.15811388300841892,0.15811388300841886,1.0956601461602331e-08,2.4190757592733224e-06,0.0060024081185524325,0.006,2.41907575927236e-06,0.006002408118552432,0.006,0.0,0.0,0.0,0.0
4959,4.9590000000000005,4.96,-4.365439905477445,4.365439905477447,8.881784197001252e-16,8.730879810954892,-0.1009341923255383,0.1009341923255383,1,1,-4.365439905477445,4.365439905477447,-6.0,6.0,0.0,12.0,0.0,0.0,0.0,0.0,0.0,0.0,0.0,0.0,0.0,0.0,0.0,0.0,0.0,0.0,6.002408118559057,6.002408118559057,4.9439619065339e-16,0.0,0.8014999395229961,0.0,-6.25,6.250000000000001,0.15811388300841892,0.15811388300841886,1.0956601556719279e-08,2.4190757591414533e-06,0.006002408118558458,0.006,2.419075759141354e-06,0.006002408118558457,0.006,0.0,0.0,0.0,0.0
4969,4.969,4.97,-4.365439905472176,4.3654399054721775,8.881784197001252e-16,8.730879810944353,-0.10093419232554468,0.10093419232554468,1,1,-4.365439905472176,4.3654399054721775,-6.0,6.0,0.0,12.0,0.0,0.0,0.0,0.0,0.0,0.0,0.0,0.0,0.0,0.0,0.0,0.0,0.0,0.0,6.002408118565014,6.002408118565015,5.26488574958961e-16,0.0,0.8014999395229961,0.0,-6.25,6.250000000000001,0.15811388300841892,0.15811388300841886,1.0956601650924721e-08,2.4190757590140325e-06,0.006002408118564421,0.006,2.4190757590147885e-06,0.006002408118564422,0.006,0.0,0.0,0.0,0.0
4979,4.979,4.98,-4.36543990546696,4.365439905466963,1.3322676295501878e-15,8.730879810933924,-0.10093419232555079,0.10093419232555079,1,1,-4.36543990546696,4.365439905466963,-6.0,6.0,0.0,12.0,0.0,0.0,0.0,0.0,0.0,0.0,0.0,0.0,0.0,0.0,0.0,0.0,0.0,0.0,6.002408118570909,6.0024081185709095,6.25367813089639e-16,0.0,0.8014999395229961,0.0,-6.25,6.250000000000001,0.15811388300841892,0.15811388300841886,1.0956601744227313e-08,2.41907575888884e-06,0.006002408118570322,0.006,2.4190757588882227e-06,0.006002408118570322,0.006,0.0,0.0,0.0,0.0
4989,4.989,4.99,-4.3654399054618,4.365439905461802,8.881784197001252e-16,8.730879810923602,-0.10093419232555717,0.10093419232555717,1,1,-4.3654399054618,4.365439905461802,-6.0,6.0,0.0,12.0,0.0,0.0,0.0,0.0,0.0,0.0,0.0,0.0,0.0,0.0,0.0,0.0,0.0,0.0,6.002408118576744,6.002408118576744,7.8236028766554e-16,0.0,0.8014999395229961,0.0,-6.25,6.250000000000001,0.15811388300841892,0.15811388300841886,1.0956601836635635e-08,2.4190757587636555e-06,0.006002408118576164,0.006,2.419075758763878e-06,0.0060024081185761635,0.006,0.0,0.0,0.0,0.0
4999,4.999,5.0,-4.365439905456694,4.365439905456696,8.881784197001252e-16,8.73087981091339,-0.10093419232556272,0.10093419232556272,1,1,-4.365439905456694,4.365439905456696,-6.0,6.0,0.0,12.0,0.0,0.0,0.0,0.0,0.0,0.0,0.0,0.0,0.0,0.0,0.0,0.0,0.0,0.0,6.002408118582519,6.002408118582519,7.745540320236444e-16,0.0,0.8014999395229961,0.0,-6.25,6.250000000000001,0.15811388300841892,0.15811388300841886,1.0956601928158187e-08,2.4190757586362583e-06,0.006002408118581944,0.006,2.4190757586373125e-06,0.006002408118581944,0.006,0.0,0.0,0.0,0.0
5009,5.009,5.01,-4.36543990545164,4.365439905451642,8.881784197001252e-16,8.730879810903282,-0.100934192325568,0.100934192325568,1,1,-4.36543990545164,4.365439905451642,-6.0,6.0,0.0,12.0,0.0,0.0,0.0,0.0,0.0,0.0,0.0,0.0,0.0,0.0,0.0,0.0,0.0,0.0,6.0024081185882325,6.002408118588234,4.0072112295064244e-16,0.0,0.8014999395229961,0.0,-6.25,6.250000000000001,0.15811388300841892,0.15811388300841886,1.0956602018803378e-08,2.419075758517751e-06,0.006002408118587664,0.006,2.419075758517408e-06,0.006002408118587666,0.006,0.0,0.0,0.0,0.0
5019,5.019,5.0200000000000005,-4.36543990544664,4.3654399054466415,8.881784197001252e-16,8.730879810893281,-0.10093419232557382,0.10093419232557382,1,1,-4.36543990544664,4.3654399054466415,-6.0,6.0,0.0,12.0,0.0,0.0,0.0,0.0,0.0,0.0,0.0,0.0,0.0,0.0,0.0,0.0,0.0,0.0,6.0024081185938885,6.002408118593889,7.4593109467002705e-16,0.0,0.8014999395229961,0.0,-6.25,6.250000000000001,0.15811388300841892,0.15811388300841886,1.0956602108579551e-08,2.4190757583970304e-06,0.006002408118593326,0.006,2.4190757583975043e-06,0.006002408118593327,0.006,0.0,0.0,0.0,0.0
5029,5.029,5.03,-4.365439905441691,4.365439905441693,8.881784197001252e-16,8.730879810883383,-0.1009341923255791,0.1009341923255791,1,1,-4.365439905441691,4.365439905441693,-6.0,6.0,0.0,12.0,0.0,0.0,0.0,0.0,0.0,0.0,0.0,0.0,0.0,0.0,0.0,0.0,0.0,0.0,6.002408118599487,6.002408118599485,1.1501216645726231e-15,0.0,0.8014999395229961,0.0,-6.25,6.250000000000001,0.15811388300841892,0.15811388300841886,1.0956602197494969e-08,2.419075758276317e-06,0.006002408118598929,0.006,2.41907575827538e-06,0.006002408118598928,0.006,0.0,0.0,0.0,0.0
5039,5.039,5.04,-4.365439905436794,4.365439905436796,8.881784197001252e-16,8.73087981087359,-0.10093419232558465,0.10093419232558465,1,1,-4.365439905436794,4.365439905436796,-6.0,6.0,0.0,12.0,0.0,0.0,0.0,0.0,0.0,0.0,0.0,0.0,0.0,0.0,0.0,0.0,0.0,0.0,6.002408118605026,6.002408118605026,1.0495077029659683e-15,0.0,0.8014999395229961,0.0,-6.25,6.250000000000001,0.15811388300841892,0.15811388300841886,1.0956602285557808e-08,2.4190757581556116e-06,0.006002408118604474,0.006,2.4190757581554756e-06,0.006002408118604473,0.006,0.0,0.0,0.0,0.0
5049,5.049,5.05,-4.365439905431948,4.36543990543195,8.881784197001252e-16,8.730879810863899,-0.1009341923255902,0.1009341923255902,1,1,-4.365439905431948,4.36543990543195,-6.0,6.0,0.0,12.0,0.0,0.0,0.0,0.0,0.0,0.0,0.0,0.0,0.0,0.0,0.0,0.0,0.0,0.0,6.002408118610509,6.002408118610507,1.4085954624931674e-15,0.0,0.8014999395229961,0.0,-6.25,6.250000000000001,0.15811388300841892,0.15811388300841886,1.0956602372776175e-08,2.419075758043795e-06,0.006002408118609962,0.006,2.4190757580444533e-06,0.006002408118609963,0.006,0.0,0.0,0.0,0.0
5059,5.059,5.0600000000000005,-4.365439905427153,4.365439905427155,8.881784197001252e-16,8.730879810854308,-0.10093419232559547,0.10093419232559547,1,1,-4.365439905427153,4.365439905427155,-6.0,6.0,0.0,12.0,0.0,0.0,0.0,0.0,0.0,0.0,0.0,0.0,0.0,0.0,0.0,0.0,0.0,0.0,6.002408118615933,6.002408118615934,9.462916561453483e-16,0.0,0.8014999395229961,0.0,-6.25,6.250000000000001,0.15811388300841892,0.15811388300841886,1.0956602459158099e-08,2.419075757925325e-06,0.006002408118615393,0.006,2.419075757924549e-06,0.006002408118615394,0.006,0.0,0.0,0.0,0.0
5069,5.069,5.07,-4.365439905422408,4.365439905422409,8.881784197001252e-16,8.730879810844817,-0.10093419232560047,0.10093419232560047,1,1,-4.365439905422408,4.365439905422409,-6.0,6.0,0.0,12.0,0.0,0.0,0.0,0.0,0.0,0.0,0.0,0.0,0.0,0.0,0.0,0.0,0.0,0.0,6.002408118621304,6.002408118621304,1.0755285551056204e-15,0.0,0.8014999395229961,0.0,-6.25,6.250000000000001,0.15811388300841892,0.15811388300841886,1.0956602544711533e-08,2.4190757578090824e-06,0.0060024081186207685,0.006,2.419075757809086e-06,0.0060024081186207685,0.006,0.0,0.0,0.0,0.0
5079,5.079,5.08,-4.365439905417712,4.3654399054177135,8.881784197001252e-16,8.730879810835425,-0.10093419232560547,0.10093419232560547,1,1,-4.365439905417712,4.3654399054177135,-6.0,6.0,0.0,12.0,0.0,0.0,0.0,0.0,0.0,0.0,0.0,0.0,0.0,0.0,0.0,0.0,0.0,0.0,6.002408118626618,6.002408118626618,5.117434254131581e-16,0.0,0.8014999395229961,0.0,-6.25,6.250000000000001,0.15811388300841892,0.15811388300841886,1.0956602629444353e-08,2.4190757576950675e-06,0.006002408118626089,0.006,2.4190757576958434e-06,0.006002408118626089,0.006,0.0,0.0,0.0,0.0
5089,5.089,5.09,-4.365439905413065,4.3654399054130675,1.3322676295501878e-15,8.730879810826131,-0.10093419232561046,0.10093419232561046,1,1,-4.365439905413065,4.3654399054130675,-6.0,6.0,0.0,12.0,0.0,0.0,0.0,0.0,0.0,0.0,0.0,0.0,0.0,0.0,0.0,0.0,0.0,0.0,6.002408118631877,6.002408118631877,5.091413401991929e-16,0.0,0.8014999395229961,0.0,-6.25,6.250000000000001,0.15811388300841892,0.15811388300841886,1.0956602713364366e-08,2.41907575758328e-06,0.006002408118631354,0.006,2.4190757575826006e-06,0.006002408118631353,0.006,0.0,0.0,0.0,0.0
5099,5.099,5.1000000000000005,-4.365439905408467,4.3654399054084685,8.881784197001252e-16,8.730879810816935,-0.10093419232561518,0.10093419232561518,1,1,-4.365439905408467,4.3654399054084685,-6.0,6.0,0.0,12.0,0.0,0.0,0.0,0.0,0.0,0.0,0.0,0.0,0.0,0.0,0.0,0.0,0.0,0.0,6.002408118637082,6.002408118637082,1.190887666258078e-15,0.0,0.8014999395229961,0.0,-6.25,6.250000000000001,0.15811388300841892,0.15811388300841886,1.0956602796479302e-08,2.4190757574715e-06,0.006002408118636565,0.006,2.4190757574715783e-06,0.006002408118636564,0.006,0.0,0.0,0.0,0.0
5109,5.109,5.11,-4.365439905403917,4.365439905403918,8.881784197001252e-16,8.730879810807835,-0.1009341923256199,0.1009341923256199,1,1,-4.365439905403917,4.365439905403918,-6.0,6.0,0.0,12.0,0.0,0.0,0.0,0.0,0.0,0.0,0.0,0.0,0.0,0.0,0.0,0.0,0.0,0.0,6.002408118642233,6.002408118642234,1.169203622808368e-15,0.0,0.8014999395229961,0.0,-6.25,6.250000000000001,0.15811388300841892,0.15811388300841886,1.0956602878796816e-08,2.4190757573597267e-06,0.006002408118641721,0.006,2.419075757360556e-06,0.006002408118641722,0.006,0.0,0.0,0.0,0.0
5119,5.119,5.12,-4.365439905399413,4.365439905399415,1.3322676295501878e-15,8.730879810798829,-0.10093419232562462,0.10093419232562462,1,1,-4.365439905399413,4.365439905399415,-6.0,6.0,0.0,12.0,0.0,0.0,0.0,0.0,0.0,0.0,0.0,0.0,0.0,0.0,0.0,0.0,0.0,0.0,6.002408118647332,6.002408118647332,3.174543961037557e-16,0.0,0.8014999395229961,0.0,-6.25,6.250000000000001,0.15811388300841892,0.15811388300841886,1.0956602960324495e-08,2.4190757572524013e-06,0.006002408118646825,0.006,2.419075757251754e-06,0.006002408118646825,0.006,0.0,0.0,0.0,0.0
5129,5.1290000000000004,5.13,-4.365439905394957,4.365439905394958,8.881784197001252e-16,8.730879810789915,-0.10093419232562933,0.10093419232562933,1,1,-4.365439905394957,4.365439905394958,-6.0,6.0,0.0,12.0,0.0,0.0,0.0,0.0,0.0,0.0,0.0,0.0,0.0,0.0,0.0,0.0,0.0,0.0,6.002408118652378,6.002408118652378,4.796510411075872e-16,0.0,0.8014999395229961,0.0,-6.25,6.250000000000001,0.15811388300841892,0.15811388300841886,1.0956603041069856e-08,2.419075757145083e-06,0.0060024081186518755,0.006,2.419075757145173e-06,0.0060024081186518755,0.006,0.0,0.0,0.0,0.0
5139,5.139,5.14,-4.365439905390547,4.365439905390549,8.881784197001252e-16,8.730879810781095,-0.1009341923256335,0.1009341923256335,1,1,-4.365439905390547,4.365439905390549,-6.0,6.0,0.0,12.0,0.0,0.0,0.0,0.0,0.0,0.0,0.0,0.0,0.0,0.0,0.0,0.0,0.0,0.0,6.002408118657371,6.002408118657371,3.3566899260151217e-16,0.0,0.8014999395229961,0.0,-6.25,6.250000000000001,0.15811388300841892,0.15811388300841886,1.0956603121040339e-08,2.4190757570399917e-06,0.006002408118656874,0.006,2.4190757570408116e-06,0.006002408118656874,0.006,0.0,0.0,0.0,0.0
5149,5.149,5.15,-4.365439905386183,4.365439905386185,8.881784197001252e-16,8.730879810772368,-0.1009341923256385,0.1009341923256385,1,1,-4.365439905386183,4.365439905386185,-6.0,6.0,0.0,12.0,0.0,0.0,0.0,0.0,0.0,0.0,0.0,0.0,0.0,0.0,0.0,0.0,0.0,0.0,6.002408118662313,6.002408118662313,1.0269562977782698e-15,0.0,0.8014999395229961,0.0,-6.25,6.250000000000001,0.15811388300841892,0.15811388300841886,1.095660320024332e-08,2.419075756932687e-06,0.006002408118661821,0.006,2.41907575693201e-06,0.00600240811866182,0.006,0.0,0.0,0.0,0.0
5159,5.159,5.16,-4.365439905381865,4.3654399053818675,1.3322676295501878e-15,8.730879810763732,-0.10093419232564266,0.10093419232564266,1,1,-4.365439905381865,4.3654399053818675,-6.0,6.0,0.0,12.0,0.0,0.0,0.0,0.0,0.0,0.0,0.0,0.0,0.0,0.0,0.0,0.0,0.0,0.0,6.002408118667205,6.002408118667204,7.771561172376096e-16,0.0,0.8014999395229961,0.0,-6.25,6.250000000000001,0.15811388300841892,0.15811388300841886,1.09566032786861e-08,2.419075756827609e-06,0.006002408118666717,0.006,2.419075756827649e-06,0.006002408118666717,0.006,0.0,0.0,0.0,0.0
5169,5.1690000000000005,5.17,-4.365439905377592,4.365439905377594,8.881784197001252e-16,8.730879810755185,-0.1009341923256471,0.1009341923256471,1,1,-4.365439905377592,4.365439905377594,-6.0,6.0,0.0,12.0,0.0,0.0,0.0,0.0,0.0,0.0,0.0,0.0,0.0,0.0,0.0,0.0,0.0,0.0,6.002408118672045,6.0024081186720455,1.3600232051658168e-15,0.0,0.8014999395229961,0.0,-6.25,6.250000000000001,0.15811388300841892,0.15811388300841886,1.0956603356375912e-08,2.4190757567269787e-06,0.006002408118671563,0.006,2.4190757567277288e-06,0.006002408118671562,0.006,0.0,0.0,0.0,0.0
5179,5.179,5.18,-4.365439905373363,4.365439905373366,1.3322676295501878e-15,8.730879810746728,-0.10093419232565098,0.10093419232565098,1,1,-4.365439905373363,4.365439905373366,-6.0,6.0,0.0,12.0,0.0,0.0,0.0,0.0,0.0,0.0,0.0,0.0,0.0,0.0,0.0,0.0,0.0,0.0,6.002408118676835,6.002408118676835,1.205632815803881e-16,0.0,0.8014999395229961,0.0,-6.25,6.250000000000001,0.15811388300841892,0.15811388300841886,1.0956603433319928e-08,2.419075756624135e-06,0.0060024081186763585,0.006,2.419075756623368e-06,0.0060024081186763585,0.006,0.0,0.0,0.0,0.0
5189,5.189,5.19,-4.365439905369179,4.365439905369181,8.881784197001252e-16,8.73087981073836,-0.10093419232565543,0.10093419232565543,1,1,-4.365439905369179,4.365439905369181,-6.0,6.0,0.0,12.0,0.0,0.0,0.0,0.0,0.0,0.0,0.0,0.0,0.0,0.0,0.0,0.0,0.0,0.0,6.002408118681576,6.0024081186815765,1.1770098784502636e-15,0.0,0.8014999395229961,0.0,-6.25,6.250000000000001,0.15811388300841892,0.15811388300841886,1.0956603509525246e-08,2.419075756525738e-06,0.006002408118681105,0.006,2.4190757565256682e-06,0.006002408118681104,0.006,0.0,0.0,0.0,0.0
5199,5.199,5.2,-4.365439905365038,4.36543990536504,8.881784197001252e-16,8.730879810730078,-0.10093419232565931,0.10093419232565931,1,1,-4.365439905365038,4.36543990536504,-6.0,6.0,0.0,12.0,0.0,0.0,0.0,0.0,0.0,0.0,0.0,0.0,0.0,0.0,0.0,0.0,0.0,0.0,6.002408118686269,6.002408118686269,1.0304257447302234e-15,0.0,0.8014999395229961,0.0,-6.25,6.250000000000001,0.15811388300841892,0.15811388300841886,1.0956603584998894e-08,2.4190757564251275e-06,0.006002408118685801,0.006,2.419075756425748e-06,0.006002408118685801,0.006,0.0,0.0,0.0,0.0
5209,5.2090000000000005,5.21,-4.36543990536094,4.365439905360943,1.3322676295501878e-15,8.730879810721884,-0.10093419232566347,0.10093419232566347,1,1,-4.36543990536094,4.365439905360943,-6.0,6.0,0.0,12.0,0.0,0.0,0.0,0.0,0.0,0.0,0.0,0.0,0.0,0.0,0.0,0.0,0.0,0.0,6.002408118690912,6.002408118690911,3.625572064791527e-16,0.0,0.8014999395229961,0.0,-6.25,6.250000000000001,0.15811388300841892,0.15811388300841886,1.0956603659747842e-08,2.4190757563245233e-06,0.00600240811869045,0.006,2.4190757563236077e-06,0.006002408118690449,0.006,0.0,0.0,0.0,0.0
5219,5.219,5.22,-4.365439905356886,4.3654399053568875,8.881784197001252e-16,8.730879810713773,-0.10093419232566708,0.10093419232566708,1,1,-4.365439905356886,4.3654399053568875,-6.0,6.0,0.0,12.0,0.0,0.0,0.0,0.0,0.0,0.0,0.0,0.0,0.0,0.0,0.0,0.0,0.0,0.0,6.002408118695507,6.002408118695509,1.8041124150158794e-15,0.0,0.8014999395229961,0.0,-6.25,6.250000000000001,0.15811388300841892,0.15811388300841886,1.0956603733778989e-08,2.4190757562239254e-06,0.006002408118695051,0.006,2.4190757562236874e-06,0.006002408118695051,0.006,0.0,0.0,0.0,0.0
5229,5.229,5.23,-4.365439905352873,4.365439905352875,8.881784197001252e-16,8.730879810705748,-0.10093419232567069,0.10093419232567069,1,1,-4.365439905352873,4.365439905352875,-6.0,6.0,0.0,12.0,0.0,0.0,0.0,0.0,0.0,0.0,0.0,0.0,0.0,0.0,0.0,0.0,0.0,0.0,6.002408118700056,6.002408118700055,2.489328188026718e-16,0.0,0.8014999395229961,0.0,-6.25,6.250000000000001,0.15811388300841892,0.15811388300841886,1.0956603807099171e-08,2.4190757561322155e-06,0.006002408118699603,0.006,2.419075756132649e-06,0.006002408118699602,0.006,0.0,0.0,0.0,0.0
5239,5.239,5.24,-4.365439905348902,4.365439905348904,8.881784197001252e-16,8.730879810697806,-0.1009341923256743,0.1009341923256743,1,1,-4.365439905348902,4.365439905348904,-6.0,6.0,0.0,12.0,0.0,0.0,0.0,0.0,0.0,0.0,0.0,0.0,0.0,0.0,0.0,0.0,0.0,0.0,6.002408118704558,6.002408118704556,1.3704315460216776e-15,0.0,0.8014999395229961,0.0,-6.25,6.250000000000001,0.15811388300841892,0.15811388300841886,1.095660387971516e-08,2.419075756036071e-06,0.006002408118704109,0.006,2.41907575603717e-06,0.006002408118704109,0.006,0.0,0.0,0.0,0.0
5249,5.249,5.25,-4.365439905344973,4.365439905344974,8.881784197001252e-16,8.730879810689947,-0.10093419232567874,0.10093419232567874,1,1,-4.365439905344973,4.365439905344974,-6.0,6.0,0.0,12.0,0.0,0.0,0.0,0.0,0.0,0.0,0.0,0.0,0.0,0.0,0.0,0.0,0.0,0.0,6.0024081187090115,6.002408118709013,6.704706234650359e-16,0.0,0.8014999395229961,0.0,-6.25,6.250000000000001,0.15811388300841892,0.15811388300841886,1.0956603951633662e-08,2.419075755939933e-06,0.006002408118708568,0.006,2.4190757559394706e-06,0.00600240811870857,0.006,0.0,0.0,0.0,0.0
5259,5.259,5.26,-4.365439905341084,4.365439905341086,8.881784197001252e-16,8.73087981068217,-0.10093419232568207,0.10093419232568207,1,1,-4.365439905341084,4.365439905341086,-6.0,6.0,0.0,12.0,0.0,0.0,0.0,0.0,0.0,0.0,0.0,0.0,0.0,0.0,0.0,0.0,0.0,0.0,6.0024081187134195,6.0024081187134195,9.688430613330468e-16,0.0,0.8014999395229961,0.0,-6.25,6.250000000000001,0.15811388300841892,0.15811388300841886,1.0956604022861318e-08,2.4190757558438003e-06,0.00600240811871298,0.006,2.4190757558439913e-06,0.006002408118712981,0.006,0.0,0.0,0.0,0.0
5269,5.269,5.2700000000000005,-4.365439905337237,4.365439905337238,8.881784197001252e-16,8.730879810674475,-0.10093419232568568,0.10093419232568568,1,1,-4.365439905337237,4.365439905337238,-6.0,6.0,0.0,12.0,0.0,0.0,0.0,0.0,0.0,0.0,0.0,0.0,0.0,0.0,0.0,0.0,0.0,0.0,6.002408118717783,6.002408118717783,7.806255641895632e-18,0.0,0.8014999395229961,0.0,-6.25,6.250000000000001,0.15811388300841892,0.15811388300841886,1.0956604093404712e-08,2.419075755754336e-06,0.006002408118717349,0.006,2.4190757557551736e-06,0.006002408118717349,0.006,0.0,0.0,0.0,0.0
5279,5.279,5.28,-4.365439905333428,4.365439905333431,1.3322676295501878e-15,8.73087981066686,-0.10093419232568901,0.10093419232568901,1,1,-4.365439905333428,4.365439905333431,-6.0,6.0,0.0,12.0,0.0,0.0,0.0,0.0,0.0,0.0,0.0,0.0,0.0,0.0,0.0,0.0,0.0,0.0,6.002408118722101,6.002408118722102,9.384854005034526e-16,0.0,0.8014999395229961,0.0,-6.25,6.250000000000001,0.15811388300841892,0.15811388300841886,1.0956604163270363e-08,2.4190757556626564e-06,0.006002408118721671,0.006,2.419075755661915e-06,0.006002408118721671,0.006,0.0,0.0,0.0,0.0
5289,5.289,5.29,-4.36543990532966,4.365439905329662,8.881784197001252e-16,8.730879810659323,-0.10093419232569234,0.10093419232569234,1,1,-4.36543990532966,4.365439905329662,-6.0,6.0,0.0,12.0,0.0,0.0,0.0,0.0,0.0,0.0,0.0,0.0,0.0,0.0,0.0,0.0,0.0,0.0,6.0024081187263745,6.002408118726375,4.683753385137379e-17,0.0,0.8014999395229961,0.0,-6.25,6.250000000000001,0.15811388300841892,0.15811388300841886,1.0956604232464724e-08,2.419075755573204e-06,0.006002408118725949,0.006,2.419075755573097e-06,0.00600240811872595,0.006,0.0,0.0,0.0,0.0
5299,5.299,5.3,-4.365439905325932,4.365439905325934,8.881784197001252e-16,8.730879810651865,-0.10093419232569567,0.10093419232569567,1,1,-4.365439905325932,4.365439905325934,-6.0,6.0,0.0,12.0,0.0,0.0,0.0,0.0,0.0,0.0,0.0,0.0,0.0,0.0,0.0,0.0,0.0,0.0,6.002408118730604,6.002408118730604,8.907805049140904e-16,0.0,0.8014999395229961,0.0,-6.25,6.250000000000001,0.15811388300841892,0.15811388300841886,1.0956604300994201e-08,2.4190757554837567e-06,0.0060024081187301835,0.006,2.419075755484279e-06,0.006002408118730183,0.006,0.0,0.0,0.0,0.0
5309,5.309,5.3100000000000005,-4.3654399053222415,4.365439905322243,8.881784197001252e-16,8.730879810644485,-0.10093419232569928,0.10093419232569928,1,1,-4.3654399053222415,4.365439905322243,-6.0,6.0,0.0,12.0,0.0,0.0,0.0,0.0,0.0,0.0,0.0,0.0,0.0,0.0,0.0,0.0,0.0,0.0,6.002408118734791,6.00240811873479,9.540979117872439e-17,0.0,0.8014999395229961,0.0,-6.25,6.250000000000001,0.15811388300841892,0.15811388300841886,1.0956604368865122e-08,2.419075755394316e-06,0.006002408118734375,0.006,2.4190757553932406e-06,0.006002408118734374,0.006,0.0,0.0,0.0,0.0
5319,5.319,5.32,-4.36543990531859,4.365439905318592,8.881784197001252e-16,8.730879810637182,-0.10093419232570233,0.10093419232570233,1,1,-4.36543990531859,4.365439905318592,-6.0,6.0,0.0,12.0,0.0,0.0,0.0,0.0,0.0,0.0,0.0,0.0,0.0,0.0,0.0,0.0,0.0,0.0,6.002408118738933,6.002408118738932,2.3332030751888055e-16,0.0,0.8014999395229961,0.0,-6.25,6.250000000000001,0.15811388300841892,0.15811388300841886,1.0956604436083764e-08,2.4190757553048803e-06,0.006002408118738521,0.006,2.419075755304423e-06,0.006002408118738521,0.006,0.0,0.0,0.0,0.0
5329,5.329,5.33,-4.365439905314977,4.365439905314979,8.881784197001252e-16,8.730879810629956,-0.10093419232570566,0.10093419232570566,1,1,-4.365439905314977,4.365439905314979,-6.0,6.0,0.0,12.0,0.0,0.0,0.0,0.0,0.0,0.0,0.0,0.0,0.0,0.0,0.0,0.0,0.0,0.0,6.002408118743033,6.002408118743032,1.304512053934559e-15,0.0,0.8014999395229961,0.0,-6.25,6.250000000000001,0.15811388300841892,0.15811388300841886,1.0956604502656345e-08,2.4190757552176715e-06,0.006002408118742625,0.006,2.4190757552178256e-06,0.006002408118742625,0.006,0.0,0.0,0.0,0.0
5339,5.339,5.34,-4.365439905311401,4.365439905311403,8.881784197001252e-16,8.730879810622804,-0.10093419232570872,0.10093419232570872,1,1,-4.365439905311401,4.365439905311403,-6.0,6.0,0.0,12.0,0.0,0.0,0.0,0.0,0.0,0.0,0.0,0.0,0.0,0.0,0.0,0.0,0.0,0.0,6.002408118747091,6.00240811874709,1.1319070680748666e-15,0.0,0.8014999395229963,0.0,-6.25,6.250000000000001,0.15811388300841892,0.15811388300841886,1.0956604568589024e-08,2.4190757551326882e-06,0.006002408118746687,0.006,2.4190757551334484e-06,0.006002408118746687,0.006,0.0,0.0,0.0,0.0
5349,5.349,5.3500000000000005,-4.365439905307863,4.3654399053078645,8.881784197001252e-16,8.730879810615727,-0.10093419232571177,0.10093419232571177,1,1,-4.365439905307863,4.3654399053078645,-6.0,6.0,0.0,12.0,0.0,0.0,0.0,0.0,0.0,0.0,0.0,0.0,0.0,0.0,0.0,0.0,0.0,0.0,6.002408118751106,6.002408118751107,9.150666335777657e-16,0.0,0.8014999395229963,0.0,-6.25,6.250000000000001,0.15811388300841892,0.15811388300841886,1.0956604633887902e-08,2.4190757550477105e-06,0.006002408118750707,0.006,2.419075755046851e-06,0.006002408118750706,0.006,0.0,0.0,0.0,0.0
5359,5.359,5.36,-4.3654399053043615,4.365439905304363,8.881784197001252e-16,8.730879810608725,-0.10093419232571482,0.10093419232571482,1,1,-4.3654399053043615,4.365439905304363,-6.0,6.0,0.0,12.0,0.0,0.0,0.0,0.0,0.0,0.0,0.0,0.0,0.0,0.0,0.0,0.0,0.0,0.0,6.002408118755081,6.002408118755081,1.433748952894831e-15,0.0,0.8014999395229963,0.0,-6.25,6.250000000000001,0.15811388300841892,0.15811388300841886,1.0956604698559021e-08,2.4190757549649596e-06,0.006002408118754685,0.006,2.4190757549646945e-06,0.006002408118754685,0.006,0.0,0.0,0.0,0.0
5369,5.369,5.37,-4.365439905300897,4.3654399053008985,8.881784197001252e-16,8.730879810601795,-0.10093419232571788,0.10093419232571788,1,1,-4.365439905300897,4.3654399053008985,-6.0,6.0,0.0,12.0,0.0,0.0,0.0,0.0,0.0,0.0,0.0,0.0,0.0,0.0,0.0,0.0,0.0,0.0,6.002408118759014,6.002408118759012,1.0763959168436088e-15,0.0,0.8014999395229963,0.0,-6.25,6.250000000000001,0.15811388300841892,0.15811388300841886,1.0956604762608367e-08,2.419075754882214e-06,0.006002408118758622,0.006,2.4190757548825382e-06,0.006002408118758622,0.006,0.0,0.0,0.0,0.0
5379,5.3790000000000004,5.38,-4.3654399052974675,4.365439905297469,8.881784197001252e-16,8.730879810594937,-0.10093419232572065,0.10093419232572065,1,1,-4.3654399052974675,4.365439905297469,-6.0,6.0,0.0,12.0,0.0,0.0,0.0,0.0,0.0,0.0,0.0,0.0,0.0,0.0,0.0,0.0,0.0,0.0,6.002408118762906,6.002408118762908,6.7914424084492e-16,0.0,0.8014999395229963,0.0,-6.25,6.250000000000001,0.15811388300841892,0.15811388300841886,1.0956604826041869e-08,2.4190757547994735e-06,0.006002408118762519,0.006,2.4190757548003815e-06,0.00600240811876252,0.006,0.0,0.0,0.0,0.0
5389,5.389,5.39,-4.365439905294075,4.365439905294076,8.881784197001252e-16,8.730879810588151,-0.1009341923257237,0.1009341923257237,1,1,-4.365439905294075,4.365439905294076,-6.0,6.0,0.0,12.0,0.0,0.0,0.0,0.0,0.0,0.0,0.0,0.0,0.0,0.0,0.0,0.0,0.0,0.0,6.002408118766758,6.002408118766758,6.47051856539349e-16,0.0,0.8014999395229963,0.0,-6.25,6.250000000000001,0.15811388300841892,0.15811388300841886,1.09566048888654e-08,2.4190757547167383e-06,0.006002408118766374,0.006,2.4190757547160048e-06,0.006002408118766375,0.006,0.0,0.0,0.0,0.0
5399,5.399,5.4,-4.3654399052907165,4.365439905290718,8.881784197001252e-16,8.730879810581435,-0.10093419232572592,0.10093419232572592,1,1,-4.3654399052907165,4.365439905290718,-6.0,6.0,0.0,12.0,0.0,0.0,0.0,0.0,0.0,0.0,0.0,0.0,0.0,0.0,0.0,0.0,0.0,0.0,6.00240811877057,6.002408118770571,1.128437621122913e-15,0.0,0.8014999395229963,0.0,-6.25,6.250000000000001,0.15811388300841892,0.15811388300841886,1.0956604951084772e-08,2.419075754636229e-06,0.006002408118770192,0.006,2.4190757546360686e-06,0.006002408118770191,0.006,0.0,0.0,0.0,0.0
5409,5.409,5.41,-4.365439905287394,4.365439905287396,8.881784197001252e-16,8.73087981057479,-0.10093419232572898,0.10093419232572898,1,1,-4.365439905287394,4.365439905287396,-6.0,6.0,0.0,12.0,0.0,0.0,0.0,0.0,0.0,0.0,0.0,0.0,0.0,0.0,0.0,0.0,0.0,0.0,6.002408118774344,6.002408118774344,1.0087417012805133e-15,0.0,0.8014999395229963,0.0,-6.25,6.250000000000001,0.15811388300841892,0.15811388300841886,1.0956605012705759e-08,2.4190757545601664e-06,0.006002408118773968,0.006,2.4190757545605734e-06,0.006002408118773967,0.006,0.0,0.0,0.0,0.0
5419,5.4190000000000005,5.42,-4.365439905284106,4.3654399052841075,8.881784197001252e-16,8.730879810568213,-0.10093419232573175,0.10093419232573175,1,1,-4.365439905284106,4.3654399052841075,-6.0,6.0,0.0,12.0,0.0,0.0,0.0,0.0,0.0,0.0,0.0,0.0,0.0,0.0,0.0,0.0,0.0,0.0,6.002408118778078,6.002408118778079,1.3340023530261647e-15,0.0,0.8014999395229963,0.0,-6.25,6.250000000000001,0.15811388300841892,0.15811388300841886,1.095660507373406e-08,2.4190757544796678e-06,0.006002408118777706,0.006,2.4190757544806376e-06,0.006002408118777706,0.006,0.0,0.0,0.0,0.0
5429,5.429,5.43,-4.3654399052808515,4.365439905280854,1.3322676295501878e-15,8.730879810561706,-0.10093419232573453,0.10093419232573453,1,1,-4.3654399052808515,4.365439905280854,-6.0,6.0,0.0,12.0,0.0,0.0,0.0,0.0,0.0,0.0,0.0,0.0,0.0,0.0,0.0,0.0,0.0,0.0,6.002408118781773,6.002408118781775,1.622833811776303e-15,0.0,0.8014999395229963,0.0,-6.25,6.250000000000001,0.15811388300841892,0.15811388300841886,1.0956605134175334e-08,2.4190757543991746e-06,0.006002408118781406,0.006,2.419075754398481e-06,0.006002408118781405,0.006,0.0,0.0,0.0,0.0
5439,5.439,5.44,-4.365439905277632,4.3654399052776345,1.3322676295501878e-15,8.730879810555265,-0.10093419232573703,0.10093419232573703,1,1,-4.365439905277632,4.3654399052776345,-6.0,6.0,0.0,12.0,0.0,0.0,0.0,0.0,0.0,0.0,0.0,0.0,0.0,0.0,0.0,0.0,0.0,0.0,6.002408118785432,6.002408118785431,1.867429821889033e-15,0.0,0.8014999395229963,0.0,-6.25,6.250000000000001,0.15811388300841892,0.15811388300841886,1.0956605194035177e-08,2.419075754323127e-06,0.006002408118785067,0.006,2.4190757543229857e-06,0.006002408118785067,0.006,0.0,0.0,0.0,0.0
5449,5.449,5.45,-4.365439905274446,4.365439905274448,8.881784197001252e-16,8.730879810548894,-0.10093419232573925,0.10093419232573925,1,1,-4.365439905274446,4.365439905274448,-6.0,6.0,0.0,12.0,0.0,0.0,0.0,0.0,0.0,0.0,0.0,0.0,0.0,0.0,0.0,0.0,0.0,0.0,6.0024081187890514,6.0024081187890514,1.1848161340921592e-15,0.0,0.8014999395229963,0.0,-6.25,6.250000000000001,0.15811388300841892,0.15811388300841886,1.0956605253319142e-08,2.419075754247085e-06,0.0060024081187886906,0.006,2.4190757542474905e-06,0.0060024081187886906,0.006,0.0,0.0,0.0,0.0
5459,5.4590000000000005,5.46,-4.365439905271293,4.365439905271295,8.881784197001252e-16,8.730879810542588,-0.10093419232574202,0.10093419232574202,1,1,-4.365439905271293,4.365439905271295,-6.0,6.0,0.0,12.0,0.0,0.0,0.0,0.0,0.0,0.0,0.0,0.0,0.0,0.0,0.0,0.0,0.0,0.0,6.0024081187926335,6.0024081187926335,1.3114509478384662e-15,0.0,0.8014999395229963,0.0,-6.25,6.250000000000001,0.15811388300841892,0.15811388300841886,1.0956605312032723e-08,2.419075754173269e-06,0.006002408118792278,0.006,2.419075754174216e-06,0.006002408118792276,0.006,0.0,0.0,0.0,0.0
5469,5.469,5.47,-4.365439905268173,4.3654399052681745,8.881784197001252e-16,8.730879810536347,-0.10093419232574424,0.10093419232574424,1,1,-4.365439905268173,4.3654399052681745,-6.0,6.0,0.0,12.0,0.0,0.0,0.0,0.0,0.0,0.0,0.0,0.0,0.0,0.0,0.0,0.0,0.0,0.0,6.002408118796179,6.002408118796179,2.957703526540456e-16,0.0,0.8014999395229963,0.0,-6.25,6.250000000000001,0.15811388300841892,0.15811388300841886,1.0956605370181363e-08,2.419075754099457e-06,0.006002408118795826,0.006,2.4190757540987206e-06,0.006002408118795826,0.006,0.0,0.0,0.0,0.0
5479,5.479,5.48,-4.365439905265085,4.365439905265087,8.881784197001252e-16,8.730879810530173,-0.10093419232574702,0.10093419232574702,1,1,-4.365439905265085,4.365439905265087,-6.0,6.0,0.0,12.0,0.0,0.0,0.0,0.0,0.0,0.0,0.0,0.0,0.0,0.0,0.0,0.0,0.0,0.0,6.002408118799688,6.002408118799687,2.0296264668928643e-16,0.0,0.8014999395229963,0.0,-6.25,6.250000000000001,0.15811388300841892,0.15811388300841886,1.0956605427770453e-08,2.4190757540234304e-06,0.006002408118799339,0.006,2.4190757540232254e-06,0.006002408118799338,0.006,0.0,0.0,0.0,0.0
5489,5.489,5.49,-4.365439905262029,4.365439905262032,1.3322676295501878e-15,8.730879810524062,-0.10093419232574868,0.10093419232574868,1,1,-4.365439905262029,4.365439905262032,-6.0,6.0,0.0,12.0,0.0,0.0,0.0,0.0,0.0,0.0,0.0,0.0,0.0,0.0,0.0,0.0,0.0,0.0,6.002408118803161,6.002408118803161,7.37257477290143e-16,0.0,0.8014999395229963,0.0,-6.25,6.250000000000001,0.15811388300841892,0.15811388300841886,1.0956605484805336e-08,2.4190757539518493e-06,0.006002408118802815,0.006,2.419075753952171e-06,0.0060024081188028156,0.006,0.0,0.0,0.0,0.0
5499,5.4990000000000006,5.5,-4.365439905259006,4.365439905259008,8.881784197001252e-16,8.730879810518013,-0.10093419232575118,0.10093419232575118,1,1,-4.365439905259006,4.365439905259008,-6.0,6.0,0.0,12.0,0.0,0.0,0.0,0.0,0.0,0.0,0.0,0.0,0.0,0.0,0.0,0.0,0.0,0.0,6.002408118806597,6.002408118806597,1.3357370765021415e-16,0.0,0.8014999395229963,0.0,-6.25,6.250000000000001,0.15811388300841892,0.15811388300841886,1.0956605541291296e-08,2.4190757538780524e-06,0.0060024081188062555,0.006,2.4190757538788965e-06,0.0060024081188062555,0.006,0.0,0.0,0.0,0.0
5509,5.509,5.51,-4.3654399052560136,4.365439905256016,1.3322676295501878e-15,8.730879810512029,-0.1009341923257534,0.1009341923257534,1,1,-4.3654399052560136,4.365439905256016,-6.0,6.0,0.0,12.0,0.0,0.0,0.0,0.0,0.0,0.0,0.0,0.0,0.0,0.0,0.0,0.0,0.0,0.0,6.002408118809999,6.002408118809999,1.0364972768961422e-15,0.0,0.8014999395229963,0.0,-6.25,6.250000000000001,0.15811388300841892,0.15811388300841886,1.0956605597233586e-08,2.419075753804261e-06,0.00600240811880966,0.006,2.4190757538034013e-06,0.006002408118809662,0.006,0.0,0.0,0.0,0.0
5519,5.519,5.5200000000000005,-4.365439905253053,4.365439905253055,8.881784197001252e-16,8.730879810506108,-0.10093419232575562,0.10093419232575562,1,1,-4.365439905253053,4.365439905253055,-6.0,6.0,0.0,12.0,0.0,0.0,0.0,0.0,0.0,0.0,0.0,0.0,0.0,0.0,0.0,0.0,0.0,0.0,6.002408118813365,6.0024081188133644,1.0972125985553305e-15,0.0,0.8014999395229963,0.0,-6.25,6.250000000000001,0.15811388300841892,0.15811388300841886,1.0956605652637385e-08,2.419075753734915e-06,0.00600240811881303,0.006,2.4190757537345676e-06,0.0060024081188130305,0.006,0.0,0.0,0.0,0.0
5529,5.529,5.53,-4.365439905250123,4.365439905250126,1.3322676295501878e-15,8.730879810500248,-0.10093419232575784,0.10093419232575784,1,1,-4.365439905250123,4.365439905250126,-6.0,6.0,0.0,12.0,0.0,0.0,0.0,0.0,0.0,0.0,0.0,0.0,0.0,0.0,0.0,0.0,0.0,0.0,6.002408118816696,6.002408118816697,1.1900203045200897e-15,0.0,0.8014999395229963,0.0,-6.25,6.250000000000001,0.15811388300841892,0.15811388300841886,1.0956605707507842e-08,2.4190757536655734e-06,0.0060024081188163655,0.006,2.419075753665734e-06,0.0060024081188163655,0.006,0.0,0.0,0.0,0.0
5539,5.539,5.54,-4.365439905247224,4.365439905247226,8.881784197001252e-16,8.73087981049445,-0.10093419232575951,0.10093419232575951,1,1,-4.365439905247224,4.365439905247226,-6.0,6.0,0.0,12.0,0.0,0.0,0.0,0.0,0.0,0.0,0.0,0.0,0.0,0.0,0.0,0.0,0.0,0.0,6.002408118819994,6.002408118819993,1.3201245652183502e-15,0.0,0.8014999395229963,0.0,-6.25,6.250000000000001,0.15811388300841892,0.15811388300841886,1.0956605761850047e-08,2.419075753596237e-06,0.006002408118819665,0.006,2.4190757535968998e-06,0.006002408118819666,0.006,0.0,0.0,0.0,0.0
5549,5.549,5.55,-4.365439905244355,4.365439905244357,8.881784197001252e-16,8.730879810488712,-0.10093419232576173,0.10093419232576173,1,1,-4.365439905244355,4.365439905244357,-6.0,6.0,0.0,12.0,0.0,0.0,0.0,0.0,0.0,0.0,0.0,0.0,0.0,0.0,0.0,0.0,0.0,0.0,6.002408118823257,6.002408118823258,1.1830814106161824e-15,0.0,0.8014999395229963,0.0,-6.25,6.250000000000001,0.15811388300841892,0.15811388300841886,1.0956605815669044e-08,2.4190757535269048e-06,0.006002408118822932,0.006,2.4190757535258456e-06,0.006002408118822932,0.006,0.0,0.0,0.0,0.0
5559,5.559,5.5600000000000005,-4.365439905241516,4.365439905241518,8.881784197001252e-16,8.730879810483033,-0.10093419232576395,0.10093419232576395,1,1,-4.365439905241516,4.365439905241518,-6.0,6.0,0.0,12.0,0.0,0.0,0.0,0.0,0.0,0.0,0.0,0.0,0.0,0.0,0.0,0.0,0.0,0.0,6.0024081188264855,6.002408118826485,1.680947048221526e-15,0.0,0.8014999395229963,0.0,-6.25,6.250000000000001,0.15811388300841892,0.15811388300841886,1.0956605868969835e-08,2.419075753459798e-06,0.006002408118826164,0.006,2.4190757534592323e-06,0.006002408118826165,0.006,0.0,0.0,0.0,0.0
5569,5.569,5.57,-4.3654399052387065,4.365439905238708,8.881784197001252e-16,8.730879810477415,-0.10093419232576561,0.10093419232576561,1,1,-4.3654399052387065,4.365439905238708,-6.0,6.0,0.0,12.0,0.0,0.0,0.0,0.0,0.0,0.0,0.0,0.0,0.0,0.0,0.0,0.0,0.0,0.0,6.002408118829681,6.00240811882968,1.0278236595162582e-15,0.0,0.8014999395229963,0.0,-6.25,6.250000000000001,0.15811388300841892,0.15811388300841886,1.0956605921757365e-08,2.4190757533926958e-06,0.006002408118829362,0.006,2.4190757533926187e-06,0.006002408118829363,0.006,0.0,0.0,0.0,0.0
5579,5.579,5.58,-4.365439905235926,4.365439905235927,8.881784197001252e-16,8.730879810471853,-0.10093419232576728,0.10093419232576728,1,1,-4.365439905235926,4.365439905235927,-6.0,6.0,0.0,12.0,0.0,0.0,0.0,0.0,0.0,0.0,0.0,0.0,0.0,0.0,0.0,0.0,0.0,0.0,6.002408118832845,6.002408118832844,4.81385764583564e-16,0.0,0.8014999395229963,0.0,-6.25,6.250000000000001,0.15811388300841892,0.15811388300841886,1.0956605974036543e-08,2.419075753325598e-06,0.00600240811883253,0.006,2.4190757533260055e-06,0.00600240811883253,0.006,0.0,0.0,0.0,0.0
5589,5.589,5.59,-4.365439905233174,4.365439905233176,8.881784197001252e-16,8.73087981046635,-0.10093419232576922,0.10093419232576922,1,1,-4.365439905233174,4.365439905233176,-6.0,6.0,0.0,12.0,0.0,0.0,0.0,0.0,0.0,0.0,0.0,0.0,0.0,0.0,0.0,0.0,0.0,0.0,6.002408118835974,6.002408118835976,1.0677222994637248e-15,0.0,0.8014999395229963,0.0,-6.25,6.250000000000001,0.15811388300841892,0.15811388300841886,1.095660602581222e-08,2.419075753258505e-06,0.0060024081188356625,0.006,2.4190757532593923e-06,0.0060024081188356625,0.006,0.0,0.0,0.0,0.0
5599,5.599,5.6000000000000005,-4.365439905230452,4.3654399052304536,8.881784197001252e-16,8.730879810460905,-0.10093419232577172,0.10093419232577172,1,1,-4.365439905230452,4.3654399052304536,-6.0,6.0,0.0,12.0,0.0,0.0,0.0,0.0,0.0,0.0,0.0,0.0,0.0,0.0,0.0,0.0,0.0,0.0,6.002408118839072,6.002408118839074,1.6219664500383146e-15,0.0,0.8014999395229963,0.0,-6.25,6.250000000000001,0.15811388300841892,0.15811388300841886,1.0956606077089208e-08,2.4190757531936367e-06,0.006002408118838764,0.006,2.4190757531927786e-06,0.006002408118838763,0.006,0.0,0.0,0.0,0.0
5609,5.609,5.61,-4.365439905227757,4.365439905227759,8.881784197001252e-16,8.730879810455516,-0.10093419232577311,0.10093419232577311,1,1,-4.365439905227757,4.365439905227759,-6.0,6.0,0.0,12.0,0.0,0.0,0.0,0.0,0.0,0.0,0.0,0.0,0.0,0.0,0.0,0.0,0.0,0.0,6.002408118842138,6.002408118842137,5.238864897449957e-16,0.0,0.8014999395229963,0.0,-6.25,6.250000000000001,0.15811388300841892,0.15811388300841886,1.0956606127872273e-08,2.419075753128773e-06,0.006002408118841832,0.006,2.419075753128386e-06,0.006002408118841832,0.006,0.0,0.0,0.0,0.0
5619,5.619,5.62,-4.365439905225091,4.365439905225093,1.3322676295501878e-15,8.730879810450183,-0.10093419232577477,0.10093419232577477,1,1,-4.365439905225091,4.365439905225093,-6.0,6.0,0.0,12.0,0.0,0.0,0.0,0.0,0.0,0.0,0.0,0.0,0.0,0.0,0.0,0.0,0.0,0.0,6.002408118845172,6.002408118845175,1.7390602846667491e-15,0.0,0.8014999395229963,0.0,-6.25,6.250000000000001,0.15811388300841892,0.15811388300841886,1.0956606178166135e-08,2.419075753066134e-06,0.0060024081188448705,0.006,2.4190757530662133e-06,0.0060024081188448705,0.006,0.0,0.0,0.0,0.0
5629,5.6290000000000004,5.63,-4.365439905222453,4.365439905222455,8.881784197001252e-16,8.730879810444907,-0.10093419232577644,0.10093419232577644,1,1,-4.365439905222453,4.365439905222455,-6.0,6.0,0.0,12.0,0.0,0.0,0.0,0.0,0.0,0.0,0.0,0.0,0.0,0.0,0.0,0.0,0.0,0.0,6.002408118848177,6.002408118848176,4.172009959724221e-16,0.0,0.8014999395229963,0.0,-6.25,6.250000000000001,0.15811388300841892,0.15811388300841886,1.0956606227975469e-08,2.4190757530034994e-06,0.006002408118847877,0.006,2.4190757530040406e-06,0.006002408118847877,0.006,0.0,0.0,0.0,0.0
5639,5.639,5.64,-4.365439905219842,4.365439905219843,8.881784197001252e-16,8.730879810439685,-0.10093419232577838,0.10093419232577838,1,1,-4.365439905219842,4.365439905219843,-6.0,6.0,0.0,12.0,0.0,0.0,0.0,0.0,0.0,0.0,0.0,0.0,0.0,0.0,0.0,0.0,0.0,0.0,6.002408118851148,6.002408118851148,4.9439619065339e-17,0.0,0.8014999395229963,0.0,-6.25,6.250000000000001,0.15811388300841892,0.15811388300841886,1.0956606277304907e-08,2.4190757529408694e-06,0.006002408118850852,0.006,2.4190757529418684e-06,0.006002408118850852,0.006,0.0,0.0,0.0,0.0
5649,5.649,5.65,-4.365439905217258,4.36543990521726,8.881784197001252e-16,8.730879810434518,-0.10093419232577949,0.10093419232577949,1,1,-4.365439905217258,4.36543990521726,-6.0,6.0,0.0,12.0,0.0,0.0,0.0,0.0,0.0,0.0,0.0,0.0,0.0,0.0,0.0,0.0,0.0,0.0,6.002408118854089,6.002408118854088,1.4320142294188543e-15,0.0,0.8014999395229963,0.0,-6.25,6.250000000000001,0.15811388300841892,0.15811388300841886,1.0956606326159035e-08,2.419075752878243e-06,0.0060024081188537965,0.006,2.4190757528774753e-06,0.0060024081188537965,0.006,0.0,0.0,0.0,0.0
5659,5.659,5.66,-4.365439905214702,4.3654399052147035,8.881784197001252e-16,8.730879810429405,-0.10093419232578116,0.10093419232578116,1,1,-4.365439905214702,4.3654399052147035,-6.0,6.0,0.0,12.0,0.0,0.0,0.0,0.0,0.0,0.0,0.0,0.0,0.0,0.0,0.0,0.0,0.0,0.0,6.002408118857001,6.002408118857,6.990935608186533e-16,0.0,0.8014999395229963,0.0,-6.25,6.250000000000001,0.15811388300841892,0.15811388300841886,1.09566063745424e-08,2.419075752820062e-06,0.00600240811885671,0.006,2.4190757528197436e-06,0.006002408118856711,0.006,0.0,0.0,0.0,0.0
5669,5.6690000000000005,5.67,-4.365439905212171,4.365439905212173,8.881784197001252e-16,8.730879810424344,-0.10093419232578255,0.10093419232578255,1,1,-4.365439905212171,4.365439905212173,-6.0,6.0,0.0,12.0,0.0,0.0,0.0,0.0,0.0,0.0,0.0,0.0,0.0,0.0,0.0,0.0,0.0,0.0,6.002408118859881,6.002408118859882,7.467984564080155e-16,0.0,0.8014999395229963,0.0,-6.25,6.250000000000001,0.15811388300841892,0.15811388300841886,1.0956606422459498e-08,2.4190757527574444e-06,0.006002408118859595,0.006,2.4190757527575714e-06,0.006002408118859595,0.006,0.0,0.0,0.0,0.0
5679,5.679,5.68,-4.3654399052096675,4.36543990520967,1.3322676295501878e-15,8.730879810419339,-0.10093419232578449,0.10093419232578449,1,1,-4.3654399052096675,4.36543990520967,-6.0,6.0,0.0,12.0,0.0,0.0,0.0,0.0,0.0,0.0,0.0,0.0,0.0,0.0,0.0,0.0,0.0,0.0,6.002408118862733,6.002408118862732,1.3235940121703038e-15,0.0,0.8014999395229963,0.0,-6.25,6.250000000000001,0.15811388300841892,0.15811388300841886,1.0956606469914788e-08,2.419075752699272e-06,0.0060024081188624475,0.006,2.4190757526998398e-06,0.006002408118862449,0.006,0.0,0.0,0.0,0.0
5689,5.689,5.69,-4.36543990520719,4.365439905207192,8.881784197001252e-16,8.730879810414383,-0.10093419232578671,0.10093419232578671,1,1,-4.36543990520719,4.365439905207192,-6.0,6.0,0.0,12.0,0.0,0.0,0.0,0.0,0.0,0.0,0.0,0.0,0.0,0.0,0.0,0.0,0.0,0.0,6.002408118865554,6.002408118865554,6.999609225566417e-16,0.0,0.8014999395229963,0.0,-6.25,6.250000000000001,0.15811388300841892,0.15811388300841886,1.0956606516912689e-08,2.419075752641103e-06,0.006002408118865273,0.006,2.419075752642108e-06,0.0060024081188652725,0.006,0.0,0.0,0.0,0.0
5699,5.699,5.7,-4.365439905204739,4.365439905204741,8.881784197001252e-16,8.73087981040948,-0.10093419232578754,0.10093419232578754,1,1,-4.365439905204739,4.365439905204741,-6.0,6.0,0.0,12.0,0.0,0.0,0.0,0.0,0.0,0.0,0.0,0.0,0.0,0.0,0.0,0.0,0.0,0.0,6.002408118868346,6.002408118868345,8.387388006347862e-16,0.0,0.8014999395229963,0.0,-6.25,6.250000000000001,0.15811388300841892,0.15811388300841886,1.0956606563457573e-08,2.419075752582939e-06,0.006002408118868068,0.006,2.419075752582156e-06,0.006002408118868068,0.006,0.0,0.0,0.0,0.0
5709,5.7090000000000005,5.71,-4.3654399052023125,4.365439905202314,8.881784197001252e-16,8.730879810404627,-0.10093419232578893,0.10093419232578893,1,1,-4.3654399052023125,4.365439905202314,-6.0,6.0,0.0,12.0,0.0,0.0,0.0,0.0,0.0,0.0,0.0,0.0,0.0,0.0,0.0,0.0,0.0,0.0,6.00240811887111,6.00240811887111,6.323067069935462e-16,0.0,0.8014999395229963,0.0,-6.25,6.250000000000001,0.15811388300841892,0.15811388300841886,1.0956606609553776e-08,2.419075752524779e-06,0.006002408118870836,0.006,2.4190757525244243e-06,0.006002408118870835,0.006,0.0,0.0,0.0,0.0
5719,5.719,5.72,-4.365439905199912,4.3654399051999135,8.881784197001252e-16,8.730879810399825,-0.10093419232579032,0.10093419232579032,1,1,-4.365439905199912,4.3654399051999135,-6.0,6.0,0.0,12.0,0.0,0.0,0.0,0.0,0.0,0.0,0.0,0.0,0.0,0.0,0.0,0.0,0.0,0.0,6.002408118873845,6.002408118873846,1.343543332144037e-15,0.0,0.8014999395229963,0.0,-6.25,6.250000000000001,0.15811388300841892,0.15811388300841886,1.0956606655205583e-08,2.4190757524666224e-06,0.006002408118873574,0.006,2.4190757524666927e-06,0.006002408118873573,0.006,0.0,0.0,0.0,0.0
5729,5.729,5.73,-4.365439905197536,4.365439905197538,8.881784197001252e-16,8.730879810395074,-0.10093419232579198,0.10093419232579198,1,1,-4.365439905197536,4.365439905197538,-6.0,6.0,0.0,12.0,0.0,0.0,0.0,0.0,0.0,0.0,0.0,0.0,0.0,0.0,0.0,0.0,0.0,0.0,6.002408118876551,6.002408118876552,3.0791341698588326e-16,0.0,0.8014999395229963,0.0,-6.25,6.250000000000001,0.15811388300841892,0.15811388300841886,1.0956606700417249e-08,2.4190757524084698e-06,0.006002408118876283,0.006,2.4190757524089615e-06,0.006002408118876283,0.006,0.0,0.0,0.0,0.0
5739,5.739,5.74,-4.365439905195185,4.365439905195187,8.881784197001252e-16,8.730879810390372,-0.10093419232579309,0.10093419232579309,1,1,-4.365439905195185,4.365439905195187,-6.0,6.0,0.0,12.0,0.0,0.0,0.0,0.0,0.0,0.0,0.0,0.0,0.0,0.0,0.0,0.0,0.0,0.0,6.002408118879231,6.002408118879231,1.9255430583342559e-16,0.0,0.8014999395229963,0.0,-6.25,6.250000000000001,0.15811388300841892,0.15811388300841886,1.0956606745192983e-08,2.4190757523547624e-06,0.006002408118878965,0.006,2.4190757523556704e-06,0.006002408118878965,0.006,0.0,0.0,0.0,0.0
5749,5.7490000000000006,5.75,-4.365439905192859,4.3654399051928605,8.881784197001252e-16,8.73087981038572,-0.10093419232579448,0.10093419232579448,1,1,-4.365439905192859,4.3654399051928605,-6.0,6.0,0.0,12.0,0.0,0.0,0.0,0.0,0.0,0.0,0.0,0.0,0.0,0.0,0.0,0.0,0.0,0.0,6.002408118881883,6.002408118881881,9.913944665207453e-16,0.0,0.8014999395229963,0.0,-6.25,6.250000000000001,0.15811388300841892,0.15811388300841886,1.0956606789536957e-08,2.4190757523010588e-06,0.006002408118881618,0.006,2.4190757523001592e-06,0.006002408118881619,0.006,0.0,0.0,0.0,0.0
5759,5.759,5.76,-4.365439905190556,4.365439905190558,1.3322676295501878e-15,8.730879810381115,-0.10093419232579559,0.10093419232579559,1,1,-4.365439905190556,4.365439905190558,-6.0,6.0,0.0,12.0,0.0,0.0,0.0,0.0,0.0,0.0,0.0,0.0,0.0,0.0,0.0,0.0,0.0,0.0,6.002408118884507,6.002408118884506,9.272096979096034e-16,0.0,0.8014999395229963,0.0,-6.25,6.250000000000001,0.15811388300841892,0.15811388300841886,1.09566068334533e-08,2.419075752242918e-06,0.006002408118884245,0.006,2.419075752242428e-06,0.006002408118884245,0.006,0.0,0.0,0.0,0.0
5769,5.769,5.7700000000000005,-4.3654399051882775,4.36543990518828,1.3322676295501878e-15,8.730879810376557,-0.1009341923257967,0.1009341923257967,1,1,-4.3654399051882775,4.36543990518828,-6.0,6.0,0.0,12.0,0.0,0.0,0.0,0.0,0.0,0.0,0.0,0.0,0.0,0.0,0.0,0.0,0.0,0.0,6.002408118887104,6.002408118887104,8.803721640582296e-16,0.0,0.8014999395229963,0.0,-6.25,6.250000000000001,0.15811388300841892,0.15811388300841886,1.0956606876946111e-08,2.419075752189222e-06,0.006002408118886845,0.006,2.419075752189137e-06,0.0060024081188868456,0.006,0.0,0.0,0.0,0.0
5779,5.779,5.78,-4.365439905186023,4.365439905186025,8.881784197001252e-16,8.730879810372048,-0.10093419232579809,0.10093419232579809,1,1,-4.365439905186023,4.365439905186025,-6.0,6.0,0.0,12.0,0.0,0.0,0.0,0.0,0.0,0.0,0.0,0.0,0.0,0.0,0.0,0.0,0.0,0.0,6.002408118889672,6.002408118889673,8.907805049140904e-16,0.0,0.8014999395229963,0.0,-6.25,6.250000000000001,0.15811388300841892,0.15811388300841886,1.0956606920019434e-08,2.41907575213553e-06,0.006002408118889417,0.006,2.4190757521358463e-06,0.006002408118889417,0.006,0.0,0.0,0.0,0.0
5789,5.789,5.79,-4.365439905183792,4.365439905183795,1.3322676295501878e-15,8.730879810367586,-0.10093419232579892,0.10093419232579892,1,1,-4.365439905183792,4.365439905183795,-6.0,6.0,0.0,12.0,0.0,0.0,0.0,0.0,0.0,0.0,0.0,0.0,0.0,0.0,0.0,0.0,0.0,0.0,6.002408118892217,6.002408118892216,9.13331910101789e-16,0.0,0.8014999395229963,0.0,-6.25,6.250000000000001,0.15811388300841892,0.15811388300841886,1.0956606962677284e-08,2.419075752081841e-06,0.006002408118891963,0.006,2.4190757520825556e-06,0.006002408118891964,0.006,0.0,0.0,0.0,0.0
5799,5.799,5.8,-4.365439905181585,4.365439905181587,8.881784197001252e-16,8.730879810363172,-0.10093419232579975,0.10093419232579975,1,1,-4.365439905181585,4.365439905181587,-6.0,6.0,0.0,12.0,0.0,0.0,0.0,0.0,0.0,0.0,0.0,0.0,0.0,0.0,0.0,0.0,0.0,0.0,6.002408118894735,6.002408118894735,8.135853102331225e-16,0.0,0.8014999395229963,0.0,-6.25,6.250000000000001,0.15811388300841892,0.15811388300841886,1.0956607004923648e-08,2.4190757520281566e-06,0.006002408118894484,0.006,2.419075752029265e-06,0.0060024081188944835,0.006,0.0,0.0,0.0,0.0
5809,5.809,5.8100000000000005,-4.3654399051794,4.365439905179402,8.881784197001252e-16,8.730879810358802,-0.10093419232580142,0.10093419232580142,1,1,-4.3654399051794,4.365439905179402,-6.0,6.0,0.0,12.0,0.0,0.0,0.0,0.0,0.0,0.0,0.0,0.0,0.0,0.0,0.0,0.0,0.0,0.0,6.002408118897225,6.002408118897225,7.346553920761778e-16,0.0,0.8014999395229963,0.0,-6.25,6.250000000000001,0.15811388300841892,0.15811388300841886,1.0956607046762455e-08,2.4190757519789165e-06,0.006002408118896978,0.006,2.419075751978195e-06,0.006002408118896976,0.006,0.0,0.0,0.0,0.0
5819,5.819,5.82,-4.365439905177238,4.36543990517724,8.881784197001252e-16,8.730879810354478,-0.10093419232580281,0.10093419232580281,1,1,-4.365439905177238,4.36543990517724,-6.0,6.0,0.0,12.0,0.0,0.0,0.0,0.0,0.0,0.0,0.0,0.0,0.0,0.0,0.0,0.0,0.0,0.0,6.002408118899691,6.002408118899691,1.1405806854547507e-15,0.0,0.8014999395229963,0.0,-6.25,6.250000000000001,0.15811388300841892,0.15811388300841886,1.0956607088197606e-08,2.419075751925239e-06,0.006002408118899445,0.006,2.419075751924904e-06,0.006002408118899447,0.006,0.0,0.0,0.0,0.0
5829,5.829,5.83,-4.365439905175099,4.365439905175101,1.3322676295501878e-15,8.7308798103502,-0.10093419232580336,0.10093419232580336,1,1,-4.365439905175099,4.365439905175101,-6.0,6.0,0.0,12.0,0.0,0.0,0.0,0.0,0.0,0.0,0.0,0.0,0.0,0.0,0.0,0.0,0.0,0.0,6.002408118902131,6.00240811890213,4.996003610813204e-16,0.0,0.8014999395229963,0.0,-6.25,6.250000000000001,0.15811388300841892,0.15811388300841886,1.0956607129232972e-08,2.4190757518782263e-06,0.006002408118901887,0.006,2.4190757518782746e-06,0.006002408118901887,0.006,0.0,0.0,0.0,0.0
5839,5.839,5.84,-4.365439905172982,4.365439905172984,8.881784197001252e-16,8.730879810345966,-0.1009341923258042,0.1009341923258042,1,1,-4.365439905172982,4.365439905172984,-6.0,6.0,0.0,12.0,0.0,0.0,0.0,0.0,0.0,0.0,0.0,0.0,0.0,0.0,0.0,0.0,0.0,0.0,6.002408118904546,6.002408118904546,2.123301534595612e-15,0.0,0.8014999395229963,0.0,-6.25,6.250000000000001,0.15811388300841892,0.15811388300841886,1.0956607169872379e-08,2.4190757518223357e-06,0.006002408118904305,0.006,2.4190757518227634e-06,0.006002408118904303,0.006,0.0,0.0,0.0,0.0
5849,5.849,5.8500000000000005,-4.365439905170887,4.365439905170889,8.881784197001252e-16,8.730879810341776,-0.10093419232580558,0.10093419232580558,1,1,-4.365439905170887,4.365439905170889,-6.0,6.0,0.0,12.0,0.0,0.0,0.0,0.0,0.0,0.0,0.0,0.0,0.0,0.0,0.0,0.0,0.0,0.0,6.002408118906935,6.002408118906934,7.233796894823286e-16,0.0,0.8014999395229963,0.0,-6.25,6.250000000000001,0.15811388300841892,0.15811388300841886,1.0956607210119614e-08,2.41907575177311e-06,0.006002408118906697,0.006,2.4190757517739138e-06,0.006002408118906697,0.006,0.0,0.0,0.0,0.0
5859,5.859,5.86,-4.365439905168814,4.365439905168816,8.881784197001252e-16,8.73087981033763,-0.1009341923258067,0.1009341923258067,1,1,-4.365439905168814,4.365439905168816,-6.0,6.0,0.0,12.0,0.0,0.0,0.0,0.0,0.0,0.0,0.0,0.0,0.0,0.0,0.0,0.0,0.0,0.0,6.0024081189093,6.0024081189093,9.289444213855802e-16,0.0,0.8014999395229963,0.0,-6.25,6.250000000000001,0.15811388300841892,0.15811388300841886,1.0956607249978439e-08,2.419075751723888e-06,0.006002408118909066,0.006,2.4190757517228436e-06,0.006002408118909064,0.006,0.0,0.0,0.0,0.0
5869,5.869,5.87,-4.365439905166762,4.365439905166764,8.881784197001252e-16,8.730879810333526,-0.1009341923258078,0.1009341923258078,1,1,-4.365439905166762,4.365439905166764,-6.0,6.0,0.0,12.0,0.0,0.0,0.0,0.0,0.0,0.0,0.0,0.0,0.0,0.0,0.0,0.0,0.0,0.0,6.0024081189116405,6.0024081189116405,2.7668839441830073e-16,0.0,0.8014999395229963,0.0,-6.25,6.250000000000001,0.15811388300841892,0.15811388300841886,1.0956607289452568e-08,2.4190757516768895e-06,0.0060024081189114075,0.006,2.419075751676214e-06,0.0060024081189114075,0.006,0.0,0.0,0.0,0.0
5879,5.8790000000000004,5.88,-4.365439905164733,4.365439905164735,8.881784197001252e-16,8.730879810329467,-0.10093419232580836,0.10093419232580836,1,1,-4.365439905164733,4.365439905164735,-6.0,6.0,0.0,12.0,0.0,0.0,0.0,0.0,0.0,0.0,0.0,0.0,0.0,0.0,0.0,0.0,0.0,0.0,6.002408118913956,6.002408118913958,1.4268100589909238e-15,0.0,0.8014999395229963,0.0,-6.25,6.250000000000001,0.15811388300841892,0.15811388300841886,1.0956607328545688e-08,2.419075751632115e-06,0.006002408118913727,0.006,2.4190757516318053e-06,0.006002408118913728,0.006,0.0,0.0,0.0,0.0
5889,5.889,5.89,-4.365439905162724,4.3654399051627255,8.881784197001252e-16,8.73087981032545,-0.10093419232580919,0.10093419232580919,1,1,-4.365439905162724,4.3654399051627255,-6.0,6.0,0.0,12.0,0.0,0.0,0.0,0.0,0.0,0.0,0.0,0.0,0.0,0.0,0.0,0.0,0.0,0.0,6.002408118916249,6.002408118916249,8.205242041370298e-16,0.0,0.8014999395229963,0.0,-6.25,6.250000000000001,0.15811388300841892,0.15811388300841886,1.095660736726145e-08,2.419075751582903e-06,0.006002408118916022,0.006,2.4190757515829553e-06,0.006002408118916021,0.006,0.0,0.0,0.0,0.0
5899,5.899,5.9,-4.365439905160735,4.365439905160738,1.3322676295501878e-15,8.730879810321472,-0.1009341923258103,0.1009341923258103,1,1,-4.365439905160735,4.365439905160738,-6.0,6.0,0.0,12.0,0.0,0.0,0.0,0.0,0.0,0.0,0.0,0.0,0.0,0.0,0.0,0.0,0.0,0.0,6.002408118918518,6.0024081189185186,1.124100812432971e-15,0.0,0.8014999395229963,0.0,-6.25,6.250000000000001,0.15811388300841892,0.15811388300841886,1.0956607405603466e-08,2.4190757515314743e-06,0.0060024081189182935,0.006,2.419075751531885e-06,0.006002408118918293,0.006,0.0,0.0,0.0,0.0
5909,5.909,5.91,-4.365439905158768,4.3654399051587705,1.3322676295501878e-15,8.73087981031754,-0.10093419232581086,0.10093419232581086,1,1,-4.365439905158768,4.3654399051587705,-6.0,6.0,0.0,12.0,0.0,0.0,0.0,0.0,0.0,0.0,0.0,0.0,0.0,0.0,0.0,0.0,0.0,0.0,6.002408118920764,6.002408118920763,5.715913853343579e-16,0.0,0.8014999395229963,0.0,-6.25,6.250000000000001,0.15811388300841892,0.15811388300841886,1.095660744357532e-08,2.41907575148671e-06,0.00600240811892054,0.006,2.419075751487476e-06,0.00600240811892054,0.006,0.0,0.0,0.0,0.0
5919,5.9190000000000005,5.92,-4.365439905156822,4.365439905156824,8.881784197001252e-16,8.730879810313645,-0.10093419232581197,0.10093419232581197,1,1,-4.365439905156822,4.365439905156824,-6.0,6.0,0.0,12.0,0.0,0.0,0.0,0.0,0.0,0.0,0.0,0.0,0.0,0.0,0.0,0.0,0.0,0.0,6.002408118922985,6.002408118922986,1.8145207558717402e-15,0.0,0.8014999395229963,0.0,-6.25,6.250000000000001,0.15811388300841892,0.15811388300841886,1.0956607481180557e-08,2.419075751441949e-06,0.006002408118922766,0.006,2.419075751440847e-06,0.006002408118922763,0.006,0.0,0.0,0.0,0.0
5929,5.929,5.93,-4.365439905154895,4.365439905154897,8.881784197001252e-16,8.730879810309792,-0.10093419232581252,0.10093419232581252,1,1,-4.365439905154895,4.365439905154897,-6.0,6.0,0.0,12.0,0.0,0.0,0.0,0.0,0.0,0.0,0.0,0.0,0.0,0.0,0.0,0.0,0.0,0.0,6.002408118925185,6.002408118925185,4.675079767757495e-16,0.0,0.8014999395229963,0.0,-6.25,6.250000000000001,0.15811388300841892,0.15811388300841886,1.0956607518422688e-08,2.419075751397191e-06,0.006002408118924966,0.006,2.4190757513964378e-06,0.006002408118924967,0.006,0.0,0.0,0.0,0.0
5939,5.939,5.94,-4.365439905152988,4.365439905152991,1.3322676295501878e-15,8.730879810305979,-0.1009341923258128,0.1009341923258128,1,1,-4.365439905152988,4.365439905152991,-6.0,6.0,0.0,12.0,0.0,0.0,0.0,0.0,0.0,0.0,0.0,0.0,0.0,0.0,0.0,0.0,0.0,0.0,6.002408118927362,6.002408118927363,6.505213034913027e-17,0.0,0.8014999395229963,0.0,-6.25,6.250000000000001,0.15811388300841892,0.15811388300841886,1.0956607555305194e-08,2.419075751352437e-06,0.006002408118927145,0.006,2.419075751352029e-06,0.006002408118927147,0.006,0.0,0.0,0.0,0.0
5949,5.949,5.95,-4.365439905151102,4.365439905151104,8.881784197001252e-16,8.730879810302206,-0.10093419232581419,0.10093419232581419,1,1,-4.365439905151102,4.365439905151104,-6.0,6.0,0.0,12.0,0.0,0.0,0.0,0.0,0.0,0.0,0.0,0.0,0.0,0.0,0.0,0.0,0.0,0.0,6.002408118929516,6.002408118929516,5.238864897449957e-16,0.0,0.8014999395229963,0.0,-6.25,6.250000000000001,0.15811388300841892,0.15811388300841886,1.0956607591831524e-08,2.4190757513076856e-06,0.006002408118929301,0.006,2.41907575130762e-06,0.006002408118929302,0.006,0.0,0.0,0.0,0.0
5959,5.9590000000000005,5.96,-4.365439905149235,4.365439905149238,1.3322676295501878e-15,8.730879810298472,-0.10093419232581502,0.10093419232581502,1,1,-4.365439905149235,4.365439905149238,-6.0,6.0,0.0,12.0,0.0,0.0,0.0,0.0,0.0,0.0,0.0,0.0,0.0,0.0,0.0,0.0,0.0,0.0,6.002408118931648,6.002408118931648,1.700029006457271e-15,0.0,0.8014999395229963,0.0,-6.25,6.250000000000001,0.15811388300841892,0.15811388300841886,1.0956607628005087e-08,2.4190757512629377e-06,0.006002408118931436,0.006,2.419075751263211e-06,0.006002408118931437,0.006,0.0,0.0,0.0,0.0
5969,5.969,5.97,-4.3654399051473884,4.36543990514739,8.881784197001252e-16,8.730879810294779,-0.10093419232581613,0.10093419232581613,1,1,-4.3654399051473884,4.36543990514739,-6.0,6.0,0.0,12.0,0.0,0.0,0.0,0.0,0.0,0.0,0.0,0.0,0.0,0.0,0.0,0.0,0.0,0.0,6.002408118933758,6.002408118933758,4.909267437014364e-16,0.0,0.8014999395229963,0.0,-6.25,6.250000000000001,0.15811388300841892,0.15811388300841886,1.0956607663829269e-08,2.419075751218193e-06,0.006002408118933547,0.006,2.4190757512188022e-06,0.006002408118933547,0.006,0.0,0.0,0.0,0.0
5979,5.979,5.98,-4.365439905145561,4.365439905145562,8.881784197001252e-16,8.730879810291123,-0.10093419232581613,0.10093419232581613,1,1,-4.365439905145561,4.365439905145562,-6.0,6.0,0.0,12.0,0.0,0.0,0.0,0.0,0.0,0.0,0.0,0.0,0.0,0.0,0.0,0.0,0.0,0.0,6.002408118935847,6.002408118935846,8.8557633448616e-16,0.0,0.8014999395229963,0.0,-6.25,6.250000000000001,0.15811388300841892,0.15811388300841886,1.0956607699307416e-08,2.4190757511734513e-06,0.006002408118935638,0.006,2.419075751174393e-06,0.006002408118935638,0.006,0.0,0.0,0.0,0.0
5989,5.989,5.99,-4.365439905143751,4.365439905143753,8.881784197001252e-16,8.730879810287504,-0.10093419232581669,0.10093419232581669,1,1,-4.365439905143751,4.365439905143753,-6.0,6.0,0.0,12.0,0.0,0.0,0.0,0.0,0.0,0.0,0.0,0.0,0.0,0.0,0.0,0.0,0.0,0.0,6.002408118937912,6.002408118937913,5.160802341031001e-16,0.0,0.8014999395229963,0.0,-6.25,6.250000000000001,0.15811388300841892,0.15811388300841886,1.0956607734442847e-08,2.4190757511287127e-06,0.006002408118937706,0.006,2.419075751127764e-06,0.006002408118937708,0.006,0.0,0.0,0.0,0.0
5999,5.9990000000000006,6.0,-4.365439905141961,4.365439905141963,8.881784197001252e-16,8.730879810283923,-0.10093419232581696,0.10093419232581696,1,1,-4.365439905141961,4.365439905141963,-6.0,6.0,0.0,12.0,0.0,0.0,0.0,0.0,0.0,0.0,0.0,0.0,0.0,0.0,0.0,0.0,0.0,0.0,6.002408118939957,6.002408118939957,1.726049858596923e-16,0.0,0.8014999395229963,0.0,-6.25,6.250000000000001,0.15811388300841892,0.15811388300841886,1.0956607769238845e-08,2.419075751088418e-06,0.006002408118939754,0.006,2.419075751087796e-06,0.006002408118939754,0.006,0.0,0.0,0.0,0.0
6009,6.009,6.01,-4.36543990514019,4.3654399051401915,8.881784197001252e-16,8.730879810280381,-0.1009341923258189,0.1009341923258189,1,1,-4.36543990514019,4.3654399051401915,-6.0,6.0,0.0,12.0,0.0,0.0,0.0,0.0,0.0,0.0,0.0,0.0,0.0,0.0,0.0,0.0,0.0,0.0,6.002408118941982,6.002408118941982,1.5439038936193583e-16,0.0,0.8014999395229963,0.0,-6.25,6.250000000000001,0.15811388300841892,0.15811388300841886,1.0956607803698666e-08,2.4190757510459063e-06,0.00600240811894178,0.006,2.4190757510456073e-06,0.00600240811894178,0.006,0.0,0.0,0.0,0.0
6019,6.019,6.0200000000000005,-4.3654399051384365,4.365439905138438,8.881784197001252e-16,8.730879810276875,-0.10093419232581918,0.10093419232581918,1,1,-4.3654399051384365,4.365439905138438,-6.0,6.0,0.0,12.0,0.0,0.0,0.0,0.0,0.0,0.0,0.0,0.0,0.0,0.0,0.0,0.0,0.0,0.0,6.002408118943985,6.002408118943984,1.345278055620014e-15,0.0,0.8014999395229963,0.0,-6.25,6.250000000000001,0.15811388300841892,0.15811388300841886,1.0956607837825534e-08,2.4190757510056176e-06,0.006002408118943784,0.006,2.419075751005639e-06,0.006002408118943784,0.006,0.0,0.0,0.0,0.0
6029,6.029,6.03,-4.365439905136702,4.3654399051367045,1.3322676295501878e-15,8.730879810273407,-0.10093419232581946,0.10093419232581946,1,1,-4.365439905136702,4.3654399051367045,-6.0,6.0,0.0,12.0,0.0,0.0,0.0,0.0,0.0,0.0,0.0,0.0,0.0,0.0,0.0,0.0,0.0,0.0,6.002408118945968,6.002408118945967,1.491862189340054e-16,0.0,0.8014999395229963,0.0,-6.25,6.250000000000001,0.15811388300841892,0.15811388300841886,1.0956607871622648e-08,2.4190757509653323e-06,0.006002408118945771,0.006,2.4190757509656715e-06,0.006002408118945769,0.006,0.0,0.0,0.0,0.0
6039,6.039,6.04,-4.365439905134986,4.365439905134988,8.881784197001252e-16,8.730879810269974,-0.1009341923258203,0.1009341923258203,1,1,-4.365439905134986,4.365439905134988,-6.0,6.0,0.0,12.0,0.0,0.0,0.0,0.0,0.0,0.0,0.0,0.0,0.0,0.0,0.0,0.0,0.0,0.0,6.00240811894793,6.00240811894793,1.1275702593849246e-16,0.0,0.8014999395229963,0.0,-6.25,6.250000000000001,0.15811388300841892,0.15811388300841886,1.0956607905093162e-08,2.41907575092505e-06,0.0060024081189477335,0.006,2.4190757509257034e-06,0.0060024081189477335,0.006,0.0,0.0,0.0,0.0
6049,6.049,6.05,-4.365439905133287,4.365439905133289,8.881784197001252e-16,8.730879810266575,-0.1009341923258203,0.1009341923258203,1,1,-4.365439905133287,4.365439905133289,-6.0,6.0,0.0,12.0,0.0,0.0,0.0,0.0,0.0,0.0,0.0,0.0,0.0,0.0,0.0,0.0,0.0,0.0,6.002408118949871,6.002408118949871,5.316927453868914e-16,0.0,0.8014999395229963,0.0,-6.25,6.250000000000001,0.15811388300841892,0.15811388300841886,1.0956607938240213e-08,2.41907575088255e-06,0.006002408118949678,0.006,2.419075750883515e-06,0.006002408118949679,0.006,0.0,0.0,0.0,0.0
6059,6.059,6.0600000000000005,-4.3654399051316055,4.365439905131607,8.881784197001252e-16,8.730879810263213,-0.10093419232582113,0.10093419232582113,1,1,-4.3654399051316055,4.365439905131607,-6.0,6.0,0.0,12.0,0.0,0.0,0.0,0.0,0.0,0.0,0.0,0.0,0.0,0.0,0.0,0.0,0.0,0.0,6.002408118951793,6.0024081189517915,1.46150452851046e-15,0.0,0.8014999395229963,0.0,-6.25,6.250000000000001,0.15811388300841892,0.15811388300841886,1.0956607971066899e-08,2.4190757508444937e-06,0.006002408118951601,0.006,2.4190757508435467e-06,0.006002408118951601,0.006,0.0,0.0,0.0,0.0
6069,6.069,6.07,-4.365439905129942,4.365439905129945,1.3322676295501878e-15,8.730879810259886,-0.10093419232582196,0.10093419232582196,1,1,-4.365439905129942,4.365439905129945,-6.0,6.0,0.0,12.0,0.0,0.0,0.0,0.0,0.0,0.0,0.0,0.0,0.0,0.0,0.0,0.0,0.0,0.0,6.002408118953695,6.002408118953694,1.0026701691145945e-15,0.0,0.8014999395229963,0.0,-6.25,6.250000000000001,0.15811388300841892,0.15811388300841886,1.09566080035763e-08,2.4190757508064403e-06,0.006002408118953506,0.006,2.419075750805799e-06,0.006002408118953506,0.006,0.0,0.0,0.0,0.0
6079,6.079,6.08,-4.365439905128296,4.365439905128298,8.881784197001252e-16,8.730879810256594,-0.10093419232582251,0.10093419232582251,1,1,-4.365439905128296,4.365439905128298,-6.0,6.0,0.0,12.0,0.0,0.0,0.0,0.0,0.0,0.0,0.0,0.0,0.0,0.0,0.0,0.0,0.0,0.0,6.002408118955576,6.002408118955576,1.708702623837155e-15,0.0,0.8014999395229963,0.0,-6.25,6.250000000000001,0.15811388300841892,0.15811388300841886,1.0956608035771456e-08,2.419075750763949e-06,0.00600240811895539,0.006,2.4190757507636105e-06,0.00600240811895539,0.006,0.0,0.0,0.0,0.0
6089,6.089,6.09,-4.365439905126667,4.36543990512667,1.3322676295501878e-15,8.730879810253338,-0.10093419232582307,0.10093419232582307,1,1,-4.365439905126667,4.36543990512667,-6.0,6.0,0.0,12.0,0.0,0.0,0.0,0.0,0.0,0.0,0.0,0.0,0.0,0.0,0.0,0.0,0.0,0.0,6.00240811895744,6.002408118957439,6.626643678231403e-16,0.0,0.8014999395229963,0.0,-6.25,6.250000000000001,0.15811388300841892,0.15811388300841886,1.0956608067655384e-08,2.4190757507259015e-06,0.0060024081189572545,0.006,2.4190757507258634e-06,0.0060024081189572545,0.006,0.0,0.0,0.0,0.0
6099,6.099,6.1000000000000005,-4.365439905125055,4.365439905125057,8.881784197001252e-16,8.730879810250112,-0.10093419232582279,0.10093419232582279,1,1,-4.365439905125055,4.365439905125057,-6.0,6.0,0.0,12.0,0.0,0.0,0.0,0.0,0.0,0.0,0.0,0.0,0.0,0.0,0.0,0.0,0.0,0.0,6.002408118959283,6.002408118959283,1.4111975477071326e-15,0.0,0.8014999395229964,0.0,-6.25,6.250000000000001,0.15811388300841892,0.15811388300841886,1.0956608099231067e-08,2.4190757506878566e-06,0.006002408118959101,0.006,2.4190757506881158e-06,0.006002408118959099,0.006,0.0,0.0,0.0,0.0
6109,6.109,6.11,-4.36543990512346,4.365439905123463,1.3322676295501878e-15,8.730879810246922,-0.10093419232582362,0.10093419232582362,1,1,-4.36543990512346,4.365439905123463,-6.0,6.0,0.0,12.0,0.0,0.0,0.0,0.0,0.0,0.0,0.0,0.0,0.0,0.0,0.0,0.0,0.0,0.0,6.0024081189611085,6.002408118961108,4.839878497975292e-16,0.0,0.8014999395229964,0.0,-6.25,6.250000000000001,0.15811388300841892,0.15811388300841886,1.0956608130501465e-08,2.4190757506498146e-06,0.006002408118960927,0.006,2.419075750650368e-06,0.006002408118960927,0.006,0.0,0.0,0.0,0.0
6119,6.119,6.12,-4.365439905121882,4.3654399051218835,8.881784197001252e-16,8.730879810243765,-0.10093419232582418,0.10093419232582418,1,1,-4.365439905121882,4.3654399051218835,-6.0,6.0,0.0,12.0,0.0,0.0,0.0,0.0,0.0,0.0,0.0,0.0,0.0,0.0,0.0,0.0,0.0,0.0,6.002408118962913,6.002408118962915,1.4719128693663208e-15,0.0,0.8014999395229964,0.0,-6.25,6.250000000000001,0.15811388300841892,0.15811388300841886,1.0956608161469511e-08,2.4190757506117757e-06,0.0060024081189627345,0.006,2.4190757506126206e-06,0.0060024081189627345,0.006,0.0,0.0,0.0,0.0
6129,6.1290000000000004,6.13,-4.365439905120319,4.365439905120322,1.3322676295501878e-15,8.73087981024064,-0.10093419232582473,0.10093419232582473,1,1,-4.365439905120319,4.365439905120322,-6.0,6.0,0.0,12.0,0.0,0.0,0.0,0.0,0.0,0.0,0.0,0.0,0.0,0.0,0.0,0.0,0.0,0.0,6.002408118964702,6.002408118964699,1.5508427875232655e-15,0.0,0.8014999395229964,0.0,-6.25,6.250000000000001,0.15811388300841892,0.15811388300841886,1.0956608192138104e-08,2.4190757505759593e-06,0.006002408118964523,0.006,2.419075750574873e-06,0.006002408118964523,0.006,0.0,0.0,0.0,0.0
6139,6.139,6.140000000000001,-4.365439905118774,4.365439905118776,8.881784197001252e-16,8.73087981023755,-0.10093419232582557,0.10093419232582557,1,1,-4.365439905118774,4.365439905118776,-6.0,6.0,0.0,12.0,0.0,0.0,0.0,0.0,0.0,0.0,0.0,0.0,0.0,0.0,0.0,0.0,0.0,0.0,6.00240811896647,6.0024081189664695,7.251144129583054e-16,0.0,0.8014999395229964,0.0,-6.25,6.250000000000001,0.15811388300841892,0.15811388300841886,1.0956608222510118e-08,2.419075750537926e-06,0.006002408118966293,0.006,2.4190757505371254e-06,0.006002408118966293,0.006,0.0,0.0,0.0,0.0
6149,6.149,6.15,-4.365439905117245,4.365439905117246,8.881784197001252e-16,8.730879810234491,-0.10093419232582584,0.10093419232582584,1,1,-4.365439905117245,4.365439905117246,-6.0,6.0,0.0,12.0,0.0,0.0,0.0,0.0,0.0,0.0,0.0,0.0,0.0,0.0,0.0,0.0,0.0,0.0,6.002408118968219,6.00240811896822,1.214306433183765e-16,0.0,0.8014999395229964,0.0,-6.25,6.250000000000001,0.15811388300841892,0.15811388300841886,1.0956608252588399e-08,2.419075750502115e-06,0.006002408118968045,0.006,2.4190757505015983e-06,0.006002408118968046,0.006,0.0,0.0,0.0,0.0
6159,6.159,6.16,-4.36543990511573,4.365439905115733,1.3322676295501878e-15,8.730879810231464,-0.10093419232582529,0.10093419232582529,1,1,-4.36543990511573,4.365439905115733,-6.0,6.0,0.0,12.0,0.0,0.0,0.0,0.0,0.0,0.0,0.0,0.0,0.0,0.0,0.0,0.0,0.0,0.0,6.002408118969953,6.002408118969952,7.901665433074356e-16,0.0,0.8014999395229964,0.0,-6.25,6.250000000000001,0.15811388300841892,0.15811388300841886,1.095660828237577e-08,2.419075750466307e-06,0.00600240811896978,0.006,2.419075750466071e-06,0.006002408118969779,0.006,0.0,0.0,0.0,0.0
6169,6.1690000000000005,6.17,-4.365439905114233,4.3654399051142345,8.881784197001252e-16,8.730879810228467,-0.10093419232582557,0.10093419232582557,1,1,-4.365439905114233,4.3654399051142345,-6.0,6.0,0.0,12.0,0.0,0.0,0.0,0.0,0.0,0.0,0.0,0.0,0.0,0.0,0.0,0.0,0.0,0.0,6.002408118971666,6.002408118971665,9.367506770274758e-17,0.0,0.8014999395229964,0.0,-6.25,6.250000000000001,0.15811388300841892,0.15811388300841886,1.095660831187502e-08,2.4190757504305017e-06,0.006002408118971496,0.006,2.4190757504305436e-06,0.006002408118971495,0.006,0.0,0.0,0.0,0.0
6179,6.179,6.18,-4.36543990511275,4.365439905112752,8.881784197001252e-16,8.730879810225503,-0.10093419232582612,0.10093419232582612,1,1,-4.36543990511275,4.365439905112752,-6.0,6.0,0.0,12.0,0.0,0.0,0.0,0.0,0.0,0.0,0.0,0.0,0.0,0.0,0.0,0.0,0.0,0.0,6.002408118973363,6.002408118973363,1.0842021724855044e-16,0.0,0.8014999395229964,0.0,-6.25,6.250000000000001,0.15811388300841892,0.15811388300841886,1.0956608341088922e-08,2.4190757503969194e-06,0.006002408118973194,0.006,2.419075750397237e-06,0.006002408118973194,0.006,0.0,0.0,0.0,0.0
6189,6.189,6.19,-4.365439905111284,4.365439905111286,8.881784197001252e-16,8.73087981022257,-0.10093419232582668,0.10093419232582668,1,1,-4.365439905111284,4.365439905111286,-6.0,6.0,0.0,12.0,0.0,0.0,0.0,0.0,0.0,0.0,0.0,0.0,0.0,0.0,0.0,0.0,0.0,0.0,6.002408118975042,6.002408118975042,1.3964523981613297e-16,0.0,0.8014999395229964,0.0,-6.25,6.250000000000001,0.15811388300841892,0.15811388300841886,1.095660837002021e-08,2.419075750361119e-06,0.006002408118974875,0.006,2.41907575036171e-06,0.006002408118974875,0.006,0.0,0.0,0.0,0.0
6199,6.199,6.2,-4.365439905109833,4.3654399051098345,8.881784197001252e-16,8.730879810219667,-0.10093419232582723,0.10093419232582723,1,1,-4.365439905109833,4.3654399051098345,-6.0,6.0,0.0,12.0,0.0,0.0,0.0,0.0,0.0,0.0,0.0,0.0,0.0,0.0,0.0,0.0,0.0,0.0,6.002408118976703,6.002408118976703,1.93421667571414e-16,0.0,0.8014999395229964,0.0,-6.25,6.250000000000001,0.15811388300841892,0.15811388300841886,1.0956608398671602e-08,2.419075750329763e-06,0.006002408118976538,0.006,2.419075750330624e-06,0.006002408118976538,0.006,0.0,0.0,0.0,0.0
6209,6.2090000000000005,6.21,-4.365439905108396,4.365439905108398,1.3322676295501878e-15,8.730879810216795,-0.10093419232582779,0.10093419232582779,1,1,-4.365439905108396,4.365439905108398,-6.0,6.0,0.0,12.0,0.0,0.0,0.0,0.0,0.0,0.0,0.0,0.0,0.0,0.0,0.0,0.0,0.0,0.0,6.002408118978349,6.002408118978347,6.29704621779581e-16,0.0,0.8014999395229964,0.0,-6.25,6.250000000000001,0.15811388300841892,0.15811388300841886,1.0956608427045783e-08,2.4190757502939676e-06,0.006002408118978184,0.006,2.4190757502928762e-06,0.006002408118978183,0.006,0.0,0.0,0.0,0.0
6219,6.219,6.22,-4.3654399051069745,4.365439905106976,8.881784197001252e-16,8.73087981021395,-0.10093419232582751,0.10093419232582751,1,1,-4.3654399051069745,4.365439905106976,-6.0,6.0,0.0,12.0,0.0,0.0,0.0,0.0,0.0,0.0,0.0,0.0,0.0,0.0,0.0,0.0,0.0,0.0,6.002408118979975,6.002408118979975,1.2281842209915794e-15,0.0,0.8014999395229964,0.0,-6.25,6.250000000000001,0.15811388300841892,0.15811388300841886,1.0956608455145416e-08,2.419075750258175e-06,0.006002408118979814,0.006,2.419075750257349e-06,0.006002408118979815,0.006,0.0,0.0,0.0,0.0
6229,6.229,6.23,-4.365439905105568,4.36543990510557,1.3322676295501878e-15,8.730879810211139,-0.10093419232582806,0.10093419232582806,1,1,-4.365439905105568,4.36543990510557,-6.0,6.0,0.0,12.0,0.0,0.0,0.0,0.0,0.0,0.0,0.0,0.0,0.0,0.0,0.0,0.0,0.0,0.0,6.002408118981586,6.002408118981586,4.44956571588051e-16,0.0,0.8014999395229964,0.0,-6.25,6.250000000000001,0.15811388300841892,0.15811388300841886,1.095660848297314e-08,2.419075750226826e-06,0.006002408118981426,0.006,2.419075750226263e-06,0.006002408118981425,0.006,0.0,0.0,0.0,0.0
6239,6.239,6.24,-4.365439905104176,4.365439905104178,8.881784197001252e-16,8.730879810208354,-0.10093419232582806,0.10093419232582806,1,1,-4.365439905104176,4.365439905104178,-6.0,6.0,0.0,12.0,0.0,0.0,0.0,0.0,0.0,0.0,0.0,0.0,0.0,0.0,0.0,0.0,0.0,0.0,6.002408118983181,6.002408118983181,5.672545766444159e-16,0.0,0.8014999395229964,0.0,-6.25,6.250000000000001,0.15811388300841892,0.15811388300841886,1.0956608510531569e-08,2.419075750195479e-06,0.006002408118983022,0.006,2.4190757501951765e-06,0.006002408118983022,0.006,0.0,0.0,0.0,0.0
6249,6.2490000000000006,6.25,-4.365439905102798,4.365439905102801,1.3322676295501878e-15,8.7308798102056,-0.10093419232582834,0.10093419232582834,1,1,-4.365439905102798,4.365439905102801,-6.0,6.0,0.0,12.0,0.0,0.0,0.0,0.0,0.0,0.0,0.0,0.0,0.0,0.0,0.0,0.0,0.0,0.0,6.002408118984759,6.002408118984759,1.0720591081536668e-15,0.0,0.8014999395229964,0.0,-6.25,6.250000000000001,0.15811388300841892,0.15811388300841886,1.0956608537823285e-08,2.4190757501619143e-06,0.006002408118984601,0.006,2.41907575016187e-06,0.006002408118984601,0.006,0.0,0.0,0.0,0.0
6259,6.259,6.26,-4.365439905101436,4.365439905101438,8.881784197001252e-16,8.730879810202874,-0.1009341923258289,0.1009341923258289,1,1,-4.365439905101436,4.365439905101438,-6.0,6.0,0.0,12.0,0.0,0.0,0.0,0.0,0.0,0.0,0.0,0.0,0.0,0.0,0.0,0.0,0.0,0.0,6.00240811898632,6.00240811898632,9.13331910101789e-16,0.0,0.8014999395229964,0.0,-6.25,6.250000000000001,0.15811388300841892,0.15811388300841886,1.0956608564850854e-08,2.4190757501350134e-06,0.0060024081189861645,0.006,2.4190757501352243e-06,0.006002408118986164,0.006,0.0,0.0,0.0,0.0
6269,6.269,6.2700000000000005,-4.365439905100088,4.365439905100089,8.881784197001252e-16,8.730879810200177,-0.10093419232582945,0.10093419232582945,1,1,-4.365439905100088,4.365439905100089,-6.0,6.0,0.0,12.0,0.0,0.0,0.0,0.0,0.0,0.0,0.0,0.0,0.0,0.0,0.0,0.0,0.0,0.0,6.002408118987866,6.002408118987866,7.467984564080155e-16,0.0,0.8014999395229964,0.0,-6.25,6.250000000000001,0.15811388300841892,0.15811388300841886,1.0956608591616813e-08,2.419075750099233e-06,0.006002408118987711,0.006,2.4190757500996972e-06,0.006002408118987712,0.006,0.0,0.0,0.0,0.0
6279,6.279,6.28,-4.365439905098753,4.3654399050987545,8.881784197001252e-16,8.730879810197507,-0.10093419232582973,0.10093419232582973,1,1,-4.365439905098753,4.3654399050987545,-6.0,6.0,0.0,12.0,0.0,0.0,0.0,0.0,0.0,0.0,0.0,0.0,0.0,0.0,0.0,0.0,0.0,0.0,6.002408118989395,6.002408118989394,5.585809592645319e-16,0.0,0.8014999395229964,0.0,-6.25,6.250000000000001,0.15811388300841892,0.15811388300841886,1.0956608618123679e-08,2.4190757500678962e-06,0.006002408118989242,0.006,2.419075750068611e-06,0.006002408118989242,0.006,0.0,0.0,0.0,0.0
6289,6.289,6.29,-4.365439905097431,4.365439905097434,1.3322676295501878e-15,8.730879810194864,-0.10093419232582945,0.10093419232582945,1,1,-4.365439905097431,4.365439905097434,-6.0,6.0,0.0,12.0,0.0,0.0,0.0,0.0,0.0,0.0,0.0,0.0,0.0,0.0,0.0,0.0,0.0,0.0,6.002408118990909,6.002408118990909,3.5735303605122226e-16,0.0,0.8014999395229964,0.0,-6.25,6.250000000000001,0.15811388300841892,0.15811388300841886,1.0956608644373936e-08,2.419075750034341e-06,0.006002408118990757,0.006,2.4190757500353045e-06,0.006002408118990758,0.006,0.0,0.0,0.0,0.0
6299,6.299,6.3,-4.365439905096125,4.365439905096126,8.881784197001252e-16,8.730879810192251,-0.10093419232582973,0.10093419232582973,1,1,-4.365439905096125,4.365439905096126,-6.0,6.0,0.0,12.0,0.0,0.0,0.0,0.0,0.0,0.0,0.0,0.0,0.0,0.0,0.0,0.0,0.0,0.0,6.002408118992406,6.002408118992406,7.511352650979575e-16,0.0,0.8014999395229964,0.0,-6.25,6.250000000000001,0.15811388300841892,0.15811388300841886,1.0956608670370054e-08,2.4190757500052293e-06,0.006002408118992258,0.006,2.4190757500042184e-06,0.006002408118992257,0.006,0.0,0.0,0.0,0.0
6309,6.309,6.3100000000000005,-4.365439905094831,4.365439905094833,8.881784197001252e-16,8.730879810189665,-0.10093419232582973,0.10093419232582973,1,1,-4.365439905094831,4.365439905094833,-6.0,6.0,0.0,12.0,0.0,0.0,0.0,0.0,0.0,0.0,0.0,0.0,0.0,0.0,0.0,0.0,0.0,0.0,6.00240811899389,6.002408118993888,1.878705524482882e-15,0.0,0.8014999395229964,0.0,-6.25,6.250000000000001,0.15811388300841892,0.15811388300841886,1.0956608696114477e-08,2.41907574997834e-06,0.006002408118993742,0.006,2.419075749977573e-06,0.006002408118993742,0.006,0.0,0.0,0.0,0.0
6319,6.319,6.32,-4.365439905093551,4.365439905093553,1.3322676295501878e-15,8.730879810187105,-0.10093419232583001,0.10093419232583001,1,1,-4.365439905093551,4.365439905093553,-6.0,6.0,0.0,12.0,0.0,0.0,0.0,0.0,0.0,0.0,0.0,0.0,0.0,0.0,0.0,0.0,0.0,0.0,6.002408118995357,6.002408118995356,3.5128150388530344e-16,0.0,0.8014999395229964,0.0,-6.25,6.250000000000001,0.15811388300841892,0.15811388300841886,1.0956608721609621e-08,2.419075749944792e-06,0.006002408118995211,0.006,2.4190757499442663e-06,0.00600240811899521,0.006,0.0,0.0,0.0,0.0
6329,6.329,6.33,-4.365439905092284,4.365439905092287,1.3322676295501878e-15,8.730879810184572,-0.10093419232582973,0.10093419232582973,1,1,-4.365439905092284,4.365439905092287,-6.0,6.0,0.0,12.0,0.0,0.0,0.0,0.0,0.0,0.0,0.0,0.0,0.0,0.0,0.0,0.0,0.0,0.0,6.002408118996809,6.0024081189968115,1.1587952819525071e-15,0.0,0.8014999395229964,0.0,-6.25,6.250000000000001,0.15811388300841892,0.15811388300841886,1.0956608746857887e-08,2.419075749915687e-06,0.006002408118996664,0.006,2.4190757499154002e-06,0.006002408118996666,0.006,0.0,0.0,0.0,0.0
6339,6.339,6.34,-4.365439905091032,4.3654399050910335,8.881784197001252e-16,8.730879810182065,-0.10093419232583029,0.10093419232583029,1,1,-4.365439905091032,4.3654399050910335,-6.0,6.0,0.0,12.0,0.0,0.0,0.0,0.0,0.0,0.0,0.0,0.0,0.0,0.0,0.0,0.0,0.0,0.0,6.002408118998246,6.002408118998246,8.699638232023688e-16,0.0,0.8014999395229964,0.0,-6.25,6.250000000000001,0.15811388300841892,0.15811388300841886,1.0956608771861646e-08,2.4190757498888042e-06,0.006002408118998103,0.006,2.419075749888755e-06,0.006002408118998102,0.006,0.0,0.0,0.0,0.0
6349,6.349,6.3500000000000005,-4.365439905089791,4.365439905089793,8.881784197001252e-16,8.730879810179584,-0.10093419232583029,0.10093419232583029,1,1,-4.365439905089791,4.365439905089793,-6.0,6.0,0.0,12.0,0.0,0.0,0.0,0.0,0.0,0.0,0.0,0.0,0.0,0.0,0.0,0.0,0.0,0.0,6.002408118999669,6.002408118999668,5.767955557622884e-16,0.0,0.8014999395229964,0.0,-6.25,6.250000000000001,0.15811388300841892,0.15811388300841886,1.0956608796623248e-08,2.419075749855263e-06,0.006002408118999527,0.006,2.4190757498554485e-06,0.006002408118999525,0.006,0.0,0.0,0.0,0.0
6359,6.359,6.36,-4.365439905088564,4.365439905088566,8.881784197001252e-16,8.73087981017713,-0.10093419232583029,0.10093419232583029,1,1,-4.365439905088564,4.365439905088566,-6.0,6.0,0.0,12.0,0.0,0.0,0.0,0.0,0.0,0.0,0.0,0.0,0.0,0.0,0.0,0.0,0.0,0.0,6.002408119001076,6.002408119001076,6.262351748276274e-16,0.0,0.8014999395229964,0.0,-6.25,6.250000000000001,0.15811388300841892,0.15811388300841886,1.095660882114502e-08,2.4190757498261645e-06,0.006002408119000936,0.006,2.4190757498265825e-06,0.006002408119000936,0.006,0.0,0.0,0.0,0.0
6369,6.369,6.37,-4.365439905087349,4.365439905087351,8.881784197001252e-16,8.7308798101747,-0.10093419232583056,0.10093419232583056,1,1,-4.365439905087349,4.365439905087351,-6.0,6.0,0.0,12.0,0.0,0.0,0.0,0.0,0.0,0.0,0.0,0.0,0.0,0.0,0.0,0.0,0.0,0.0,6.002408119002469,6.00240811900247,8.196568423990414e-16,0.0,0.8014999395229964,0.0,-6.25,6.250000000000001,0.15811388300841892,0.15811388300841886,1.0956608845429273e-08,2.419075749799289e-06,0.0060024081190023304,0.006,2.4190757497999374e-06,0.0060024081190023304,0.006,0.0,0.0,0.0,0.0
6379,6.3790000000000004,6.38,-4.365439905086148,4.365439905086149,8.881784197001252e-16,8.730879810172297,-0.10093419232583056,0.10093419232583056,1,1,-4.365439905086148,4.365439905086149,-6.0,6.0,0.0,12.0,0.0,0.0,0.0,0.0,0.0,0.0,0.0,0.0,0.0,0.0,0.0,0.0,0.0,0.0,6.0024081190038485,6.002408119003848,4.744468706796567e-16,0.0,0.8014999395229964,0.0,-6.25,6.250000000000001,0.15811388300841892,0.15811388300841886,1.095660886947829e-08,2.4190757497724156e-06,0.00600240811900371,0.006,2.419075749773292e-06,0.006002408119003711,0.006,0.0,0.0,0.0,0.0
6389,6.389,6.390000000000001,-4.3654399050849575,4.36543990508496,1.3322676295501878e-15,8.730879810169917,-0.10093419232583029,0.10093419232583029,1,1,-4.3654399050849575,4.36543990508496,-6.0,6.0,0.0,12.0,0.0,0.0,0.0,0.0,0.0,0.0,0.0,0.0,0.0,0.0,0.0,0.0,0.0,0.0,6.002408119005212,6.002408119005212,1.1796119636642288e-16,0.0,0.8014999395229964,0.0,-6.25,6.250000000000001,0.15811388300841892,0.15811388300841886,1.0956608893294332e-08,2.4190757497433238e-06,0.0060024081190050765,0.006,2.419075749744426e-06,0.0060024081190050765,0.006,0.0,0.0,0.0,0.0
6399,6.399,6.4,-4.3654399050837815,4.365439905083783,8.881784197001252e-16,8.730879810167565,-0.10093419232583056,0.10093419232583056,1,1,-4.3654399050837815,4.365439905083783,-6.0,6.0,0.0,12.0,0.0,0.0,0.0,0.0,0.0,0.0,0.0,0.0,0.0,0.0,0.0,0.0,0.0,0.0,6.002408119006563,6.002408119006562,6.288372600415926e-16,0.0,0.8014999395229964,0.0,-6.25,6.250000000000001,0.15811388300841892,0.15811388300841886,1.0956608916879639e-08,2.4190757497186747e-06,0.006002408119006429,0.006,2.4190757497177807e-06,0.006002408119006427,0.006,0.0,0.0,0.0,0.0
6409,6.409,6.41,-4.365439905082617,4.365439905082619,8.881784197001252e-16,8.730879810165236,-0.10093419232583084,0.10093419232583084,1,1,-4.365439905082617,4.365439905082619,-6.0,6.0,0.0,12.0,0.0,0.0,0.0,0.0,0.0,0.0,0.0,0.0,0.0,0.0,0.0,0.0,0.0,0.0,6.0024081190078995,6.002408119007899,2.463307335887066e-16,0.0,0.8014999395229964,0.0,-6.25,6.250000000000001,0.15811388300841892,0.15811388300841886,1.0956608940236434e-08,2.4190757496873667e-06,0.006002408119007766,0.006,2.4190757496866946e-06,0.006002408119007765,0.006,0.0,0.0,0.0,0.0
6419,6.4190000000000005,6.42,-4.365439905081464,4.365439905081467,1.3322676295501878e-15,8.730879810162932,-0.1009341923258314,0.1009341923258314,1,1,-4.365439905081464,4.365439905081467,-6.0,6.0,0.0,12.0,0.0,0.0,0.0,0.0,0.0,0.0,0.0,0.0,0.0,0.0,0.0,0.0,0.0,0.0,6.002408119009221,6.00240811900922,1.0451708942760263e-15,0.0,0.8014999395229964,0.0,-6.25,6.250000000000001,0.15811388300841892,0.15811388300841886,1.0956608963366913e-08,2.4190757496605018e-06,0.006002408119009089,0.006,2.419075749660049e-06,0.00600240811900909,0.006,0.0,0.0,0.0,0.0
6429,6.429,6.43,-4.365439905080324,4.365439905080326,8.881784197001252e-16,8.73087981016065,-0.10093419232583112,0.10093419232583112,1,1,-4.365439905080324,4.365439905080326,-6.0,6.0,0.0,12.0,0.0,0.0,0.0,0.0,0.0,0.0,0.0,0.0,0.0,0.0,0.0,0.0,0.0,0.0,6.0024081190105285,6.002408119010532,1.205632815803881e-15,0.0,0.8014999395229964,0.0,-6.25,6.250000000000001,0.15811388300841892,0.15811388300841886,1.0956608986273253e-08,2.4190757496314185e-06,0.006002408119010399,0.006,2.4190757496311834e-06,0.0060024081190104,0.006,0.0,0.0,0.0,0.0
6439,6.439,6.44,-4.365439905079195,4.365439905079198,1.3322676295501878e-15,8.730879810158392,-0.10093419232583112,0.10093419232583112,1,1,-4.365439905079195,4.365439905079198,-6.0,6.0,0.0,12.0,0.0,0.0,0.0,0.0,0.0,0.0,0.0,0.0,0.0,0.0,0.0,0.0,0.0,0.0,6.002408119011825,6.002408119011825,7.693498615957139e-16,0.0,0.8014999395229964,0.0,-6.25,6.250000000000001,0.15811388300841892,0.15811388300841886,1.0956609008957611e-08,2.419075749608998e-06,0.006002408119011695,0.006,2.419075749608979e-06,0.006002408119011695,0.006,0.0,0.0,0.0,0.0
6449,6.449,6.45,-4.3654399050780786,4.36543990507808,8.881784197001252e-16,8.730879810156159,-0.10093419232583112,0.10093419232583112,1,1,-4.3654399050780786,4.36543990507808,-6.0,6.0,0.0,12.0,0.0,0.0,0.0,0.0,0.0,0.0,0.0,0.0,0.0,0.0,0.0,0.0,0.0,0.0,6.002408119013107,6.002408119013107,3.2786273695961654e-16,0.0,0.8014999395229964,0.0,-6.25,6.250000000000001,0.15811388300841892,0.15811388300841886,1.0956609031422126e-08,2.419075749579919e-06,0.006002408119012979,0.006,2.419075749580113e-06,0.006002408119012979,0.006,0.0,0.0,0.0,0.0
6459,6.4590000000000005,6.46,-4.365439905076974,4.365439905076975,8.881784197001252e-16,8.730879810153949,-0.10093419232583112,0.10093419232583112,1,1,-4.365439905076974,4.365439905076975,-6.0,6.0,0.0,12.0,0.0,0.0,0.0,0.0,0.0,0.0,0.0,0.0,0.0,0.0,0.0,0.0,0.0,0.0,6.002408119014376,6.002408119014375,1.6453852169640015e-15,0.0,0.8014999395229964,0.0,-6.25,6.250000000000001,0.15811388300841892,0.15811388300841886,1.0956609053668912e-08,2.4190757495552825e-06,0.006002408119014249,0.006,2.419075749555688e-06,0.006002408119014249,0.006,0.0,0.0,0.0,0.0
6469,6.469,6.47,-4.365439905075879,4.365439905075881,8.881784197001252e-16,8.73087981015176,-0.10093419232583084,0.10093419232583084,1,1,-4.365439905075879,4.365439905075881,-6.0,6.0,0.0,12.0,0.0,0.0,0.0,0.0,0.0,0.0,0.0,0.0,0.0,0.0,0.0,0.0,0.0,0.0,6.00240811901563,6.00240811901563,6.045511313779173e-16,0.0,0.8014999395229964,0.0,-6.25,6.250000000000001,0.15811388300841892,0.15811388300841886,1.0956609075700062e-08,2.419075749530648e-06,0.006002408119015506,0.006,2.419075749531263e-06,0.006002408119015505,0.006,0.0,0.0,0.0,0.0
6479,6.479,6.48,-4.365439905074798,4.365439905074799,8.881784197001252e-16,8.730879810149597,-0.10093419232583084,0.10093419232583084,1,1,-4.365439905074798,4.365439905074799,-6.0,6.0,0.0,12.0,0.0,0.0,0.0,0.0,0.0,0.0,0.0,0.0,0.0,0.0,0.0,0.0,0.0,0.0,6.002408119016872,6.002408119016873,1.0885389811754465e-15,0.0,0.8014999395229964,0.0,-6.25,6.250000000000001,0.15811388300841892,0.15811388300841886,1.0956609097517655e-08,2.4190757495037947e-06,0.0060024081190167495,0.006,2.419075749504618e-06,0.0060024081190167495,0.006,0.0,0.0,0.0,0.0
6489,6.489,6.49,-4.3654399050737265,4.365439905073728,8.881784197001252e-16,8.730879810147455,-0.1009341923258314,0.1009341923258314,1,1,-4.3654399050737265,4.365439905073728,-6.0,6.0,0.0,12.0,0.0,0.0,0.0,0.0,0.0,0.0,0.0,0.0,0.0,0.0,0.0,0.0,0.0,0.0,6.002408119018103,6.002408119018103,1.0729264698916552e-15,0.0,0.8014999395229964,0.0,-6.25,6.250000000000001,0.15811388300841892,0.15811388300841886,1.0956609119123744e-08,2.4190757494813848e-06,0.00600240811901798,0.006,2.4190757494824135e-06,0.006002408119017979,0.006,0.0,0.0,0.0,0.0
6499,6.4990000000000006,6.5,-4.365439905072667,4.365439905072669,8.881784197001252e-16,8.730879810145336,-0.1009341923258314,0.1009341923258314,1,1,-4.365439905072667,4.365439905072669,-6.0,6.0,0.0,12.0,0.0,0.0,0.0,0.0,0.0,0.0,0.0,0.0,0.0,0.0,0.0,0.0,0.0,0.0,6.002408119019319,6.00240811901932,5.637851296924623e-16,0.0,0.8014999395229964,0.0,-6.25,6.250000000000001,0.15811388300841892,0.15811388300841886,1.0956609140520365e-08,2.4190757494545355e-06,0.006002408119019197,0.006,2.4190757494535475e-06,0.006002408119019199,0.006,0.0,0.0,0.0,0.0
6509,6.509,6.51,-4.365439905071619,4.365439905071621,8.881784197001252e-16,8.73087981014324,-0.1009341923258314,0.1009341923258314,1,1,-4.365439905071619,4.365439905071621,-6.0,6.0,0.0,12.0,0.0,0.0,0.0,0.0,0.0,0.0,0.0,0.0,0.0,0.0,0.0,0.0,0.0,0.0,6.002408119020523,6.002408119020523,8.491471414906471e-16,0.0,0.8014999395229964,0.0,-6.25,6.250000000000001,0.15811388300841892,0.15811388300841886,1.0956609161709536e-08,2.419075749429909e-06,0.006002408119020404,0.006,2.419075749429123e-06,0.006002408119020403,0.006,0.0,0.0,0.0,0.0
6519,6.519,6.5200000000000005,-4.3654399050705806,4.365439905070582,8.881784197001252e-16,8.730879810141163,-0.10093419232583167,0.10093419232583167,1,1,-4.3654399050705806,4.365439905070582,-6.0,6.0,0.0,12.0,0.0,0.0,0.0,0.0,0.0,0.0,0.0,0.0,0.0,0.0,0.0,0.0,0.0,0.0,6.002408119021716,6.002408119021714,1.2776238400569184e-15,0.0,0.8014999395229964,0.0,-6.25,6.250000000000001,0.15811388300841892,0.15811388300841886,1.0956609182693252e-08,2.419075749405284e-06,0.006002408119021596,0.006,2.419075749404698e-06,0.006002408119021596,0.006,0.0,0.0,0.0,0.0
6529,6.529,6.53,-4.365439905069554,4.365439905069556,8.881784197001252e-16,8.73087981013911,-0.10093419232583112,0.10093419232583112,1,1,-4.365439905069554,4.365439905069556,-6.0,6.0,0.0,12.0,0.0,0.0,0.0,0.0,0.0,0.0,0.0,0.0,0.0,0.0,0.0,0.0,0.0,0.0,6.0024081190228955,6.0024081190228955,7.251144129583054e-16,0.0,0.8014999395229964,0.0,-6.25,6.250000000000001,0.15811388300841892,0.15811388300841886,1.0956609203473496e-08,2.4190757493828816e-06,0.006002408119022778,0.006,2.4190757493824933e-06,0.006002408119022777,0.006,0.0,0.0,0.0,0.0
6539,6.539,6.54,-4.365439905068537,4.365439905068539,8.881784197001252e-16,8.730879810137075,-0.10093419232583084,0.10093419232583084,1,1,-4.365439905068537,4.365439905068539,-6.0,6.0,0.0,12.0,0.0,0.0,0.0,0.0,0.0,0.0,0.0,0.0,0.0,0.0,0.0,0.0,0.0,0.0,6.002408119024063,6.0024081190240635,1.0538445116559103e-15,0.0,0.8014999395229964,0.0,-6.25,6.250000000000001,0.15811388300841892,0.15811388300841886,1.0956609224052226e-08,2.41907574935604e-06,0.006002408119023946,0.006,2.419075749355848e-06,0.006002408119023946,0.006,0.0,0.0,0.0,0.0
6549,6.549,6.55,-4.365439905067531,4.365439905067533,8.881784197001252e-16,8.730879810135065,-0.10093419232583112,0.10093419232583112,1,1,-4.365439905067531,4.365439905067533,-6.0,6.0,0.0,12.0,0.0,0.0,0.0,0.0,0.0,0.0,0.0,0.0,0.0,0.0,0.0,0.0,0.0,0.0,6.002408119025218,6.002408119025218,1.3634926521177704e-15,0.0,0.8014999395229964,0.0,-6.25,6.250000000000001,0.15811388300841892,0.15811388300841886,1.0956609244431378e-08,2.4190757493336415e-06,0.006002408119025102,0.006,2.4190757493336436e-06,0.006002408119025103,0.006,0.0,0.0,0.0,0.0
6559,6.559,6.5600000000000005,-4.365439905066537,4.3654399050665385,8.881784197001252e-16,8.730879810133075,-0.1009341923258314,0.1009341923258314,1,1,-4.365439905066537,4.3654399050665385,-6.0,6.0,0.0,12.0,0.0,0.0,0.0,0.0,0.0,0.0,0.0,0.0,0.0,0.0,0.0,0.0,0.0,0.0,6.002408119026361,6.002408119026361,7.754213937616328e-16,0.0,0.8014999395229964,0.0,-6.25,6.250000000000001,0.15811388300841892,0.15811388300841886,1.0956609264612877e-08,2.4190757493112442e-06,0.006002408119026247,0.006,2.419075749311439e-06,0.006002408119026247,0.006,0.0,0.0,0.0,0.0
6569,6.569,6.57,-4.365439905065552,4.3654399050655535,8.881784197001252e-16,8.730879810131105,-0.10093419232583056,0.10093419232583056,1,1,-4.365439905065552,4.3654399050655535,-6.0,6.0,0.0,12.0,0.0,0.0,0.0,0.0,0.0,0.0,0.0,0.0,0.0,0.0,0.0,0.0,0.0,0.0,6.002408119027492,6.002408119027492,1.734723475976807e-16,0.0,0.8014999395229964,0.0,-6.25,6.250000000000001,0.15811388300841892,0.15811388300841886,1.095660928459863e-08,2.4190757492888495e-06,0.006002408119027379,0.006,2.4190757492892345e-06,0.006002408119027379,0.006,0.0,0.0,0.0,0.0
6579,6.579,6.58,-4.365439905064577,4.365439905064579,8.881784197001252e-16,8.730879810129156,-0.10093419232583029,0.10093419232583029,1,1,-4.365439905064577,4.365439905064579,-6.0,6.0,0.0,12.0,0.0,0.0,0.0,0.0,0.0,0.0,0.0,0.0,0.0,0.0,0.0,0.0,0.0,0.0,6.002408119028612,6.002408119028612,1.3235940121703038e-15,0.0,0.8014999395229964,0.0,-6.25,6.250000000000001,0.15811388300841892,0.15811388300841886,1.0956609304390516e-08,2.4190757492642356e-06,0.0060024081190285005,0.006,2.4190757492648095e-06,0.006002408119028502,0.006,0.0,0.0,0.0,0.0
6589,6.589,6.59,-4.365439905063613,4.365439905063615,8.881784197001252e-16,8.730879810127227,-0.10093419232583056,0.10093419232583056,1,1,-4.365439905063613,4.365439905063615,-6.0,6.0,0.0,12.0,0.0,0.0,0.0,0.0,0.0,0.0,0.0,0.0,0.0,0.0,0.0,0.0,0.0,0.0,6.00240811902972,6.002408119029721,1.6002824065886045e-15,0.0,0.8014999395229964,0.0,-6.25,6.250000000000001,0.15811388300841892,0.15811388300841886,1.0956609323990408e-08,2.4190757492418443e-06,0.00600240811902961,0.006,2.4190757492426053e-06,0.006002408119029609,0.006,0.0,0.0,0.0,0.0
6599,6.599,6.6000000000000005,-4.365439905062659,4.365439905062661,8.881784197001252e-16,8.73087981012532,-0.10093419232583112,0.10093419232583112,1,1,-4.365439905062659,4.365439905062661,-6.0,6.0,0.0,12.0,0.0,0.0,0.0,0.0,0.0,0.0,0.0,0.0,0.0,0.0,0.0,0.0,0.0,0.0,6.002408119030817,6.002408119030818,9.653736143810931e-16,0.0,0.8014999395229964,0.0,-6.25,6.250000000000001,0.15811388300841892,0.15811388300841886,1.0956609343400153e-08,2.4190757492194542e-06,0.006002408119030708,0.006,2.419075749220401e-06,0.006002408119030708,0.006,0.0,0.0,0.0,0.0
6609,6.609,6.61,-4.365439905061715,4.3654399050617165,8.881784197001252e-16,8.730879810123431,-0.10093419232583112,0.10093419232583112,1,1,-4.365439905061715,4.3654399050617165,-6.0,6.0,0.0,12.0,0.0,0.0,0.0,0.0,0.0,0.0,0.0,0.0,0.0,0.0,0.0,0.0,0.0,0.0,6.002408119031902,6.002408119031902,5.707240235963695e-16,0.0,0.8014999395229964,0.0,-6.25,6.250000000000001,0.15811388300841892,0.15811388300841886,1.0956609362621582e-08,2.4190757491970663e-06,0.006002408119031794,0.006,2.4190757491959758e-06,0.006002408119031794,0.006,0.0,0.0,0.0,0.0
6619,6.619,6.62,-4.36543990506078,4.365439905060782,8.881784197001252e-16,8.730879810121563,-0.10093419232583056,0.10093419232583056,1,1,-4.36543990506078,4.365439905060782,-6.0,6.0,0.0,12.0,0.0,0.0,0.0,0.0,0.0,0.0,0.0,0.0,0.0,0.0,0.0,0.0,0.0,0.0,6.002408119032977,6.002408119032977,5.473052566706826e-16,0.0,0.8014999395229964,0.0,-6.25,6.250000000000001,0.15811388300841892,0.15811388300841886,1.0956609381656514e-08,2.41907574917468e-06,0.006002408119032869,0.006,2.419075749173771e-06,0.006002408119032869,0.006,0.0,0.0,0.0,0.0
6629,6.6290000000000004,6.63,-4.365439905059856,4.365439905059858,8.881784197001252e-16,8.730879810119713,-0.10093419232583084,0.10093419232583084,1,1,-4.365439905059856,4.365439905059858,-6.0,6.0,0.0,12.0,0.0,0.0,0.0,0.0,0.0,0.0,0.0,0.0,0.0,0.0,0.0,0.0,0.0,0.0,6.00240811903404,6.00240811903404,7.615436059538183e-16,0.0,0.8014999395229964,0.0,-6.25,6.250000000000001,0.15811388300841892,0.15811388300841886,1.0956609400506742e-08,2.419075749154516e-06,0.0060024081190339345,0.006,2.419075749153787e-06,0.006002408119033934,0.006,0.0,0.0,0.0,0.0
6639,6.639,6.640000000000001,-4.36543990505894,4.365439905058942,8.881784197001252e-16,8.730879810117882,-0.10093419232583056,0.10093419232583056,1,1,-4.36543990505894,4.365439905058942,-6.0,6.0,0.0,12.0,0.0,0.0,0.0,0.0,0.0,0.0,0.0,0.0,0.0,0.0,0.0,0.0,0.0,0.0,6.002408119035092,6.002408119035092,9.6710833785707e-16,0.0,0.8014999395229964,0.0,-6.25,6.250000000000001,0.15811388300841892,0.15811388300841886,1.0956609419174048e-08,2.419075749132133e-06,0.0060024081190349875,0.006,2.419075749131583e-06,0.006002408119034987,0.006,0.0,0.0,0.0,0.0
6649,6.649,6.65,-4.365439905058034,4.365439905058037,1.3322676295501878e-15,8.730879810116072,-0.10093419232583001,0.10093419232583001,1,1,-4.365439905058034,4.365439905058037,-6.0,6.0,0.0,12.0,0.0,0.0,0.0,0.0,0.0,0.0,0.0,0.0,0.0,0.0,0.0,0.0,0.0,0.0,6.002408119036133,6.002408119036133,6.149594722337781e-16,0.0,0.8014999395229964,0.0,-6.25,6.250000000000001,0.15811388300841892,0.15811388300841886,1.0956609437660193e-08,2.419075749109752e-06,0.006002408119036029,0.006,2.4190757491093785e-06,0.006002408119036029,0.006,0.0,0.0,0.0,0.0
6659,6.659,6.66,-4.365439905057138,4.365439905057141,1.3322676295501878e-15,8.730879810114278,-0.10093419232583001,0.10093419232583001,1,1,-4.365439905057138,4.365439905057141,-6.0,6.0,0.0,12.0,0.0,0.0,0.0,0.0,0.0,0.0,0.0,0.0,0.0,0.0,0.0,0.0,0.0,0.0,6.002408119037163,6.002408119037163,4.3021142204224816e-16,0.0,0.8014999395229964,0.0,-6.25,6.250000000000001,0.15811388300841892,0.15811388300841886,1.0956609455966924e-08,2.4190757490873726e-06,0.006002408119037061,0.006,2.419075749087174e-06,0.006002408119037061,0.006,0.0,0.0,0.0,0.0
6669,6.6690000000000005,6.67,-4.365439905056252,4.365439905056253,8.881784197001252e-16,8.730879810112505,-0.10093419232583001,0.10093419232583001,1,1,-4.365439905056252,4.365439905056253,-6.0,6.0,0.0,12.0,0.0,0.0,0.0,0.0,0.0,0.0,0.0,0.0,0.0,0.0,0.0,0.0,0.0,0.0,6.002408119038183,6.002408119038183,2.0365653607967715e-15,0.0,0.8014999395229964,0.0,-6.25,6.250000000000001,0.15811388300841892,0.15811388300841886,1.0956609474095972e-08,2.4190757490694354e-06,0.006002408119038081,0.006,2.4190757490694104e-06,0.006002408119038083,0.006,0.0,0.0,0.0,0.0
6679,6.679,6.68,-4.365439905055374,4.365439905055377,1.3322676295501878e-15,8.73087981011075,-0.10093419232583001,0.10093419232583001,1,1,-4.365439905055374,4.365439905055377,-6.0,6.0,0.0,12.0,0.0,0.0,0.0,0.0,0.0,0.0,0.0,0.0,0.0,0.0,0.0,0.0,0.0,0.0,6.002408119039192,6.002408119039194,9.861902960928148e-16,0.0,0.8014999395229964,0.0,-6.25,6.250000000000001,0.15811388300841892,0.15811388300841886,1.0956609492049049e-08,2.419075749047059e-06,0.006002408119039093,0.006,2.419075749047206e-06,0.0060024081190390936,0.006,0.0,0.0,0.0,0.0
6689,6.689,6.69,-4.365439905054506,4.365439905054508,8.881784197001252e-16,8.730879810109014,-0.10093419232582973,0.10093419232582973,1,1,-4.365439905054506,4.365439905054508,-6.0,6.0,0.0,12.0,0.0,0.0,0.0,0.0,0.0,0.0,0.0,0.0,0.0,0.0,0.0,0.0,0.0,0.0,6.002408119040191,6.002408119040191,8.370040771588094e-16,0.0,0.8014999395229964,0.0,-6.25,6.250000000000001,0.15811388300841892,0.15811388300841886,1.095660950982785e-08,2.419075749026905e-06,0.006002408119040093,0.006,2.419075749027222e-06,0.006002408119040092,0.006,0.0,0.0,0.0,0.0
6699,6.699,6.7,-4.3654399050536465,4.365439905053649,1.3322676295501878e-15,8.730879810107297,-0.10093419232583001,0.10093419232583001,1,1,-4.3654399050536465,4.365439905053649,-6.0,6.0,0.0,12.0,0.0,0.0,0.0,0.0,0.0,0.0,0.0,0.0,0.0,0.0,0.0,0.0,0.0,0.0,6.00240811904118,6.00240811904118,1.93421667571414e-16,0.0,0.8014999395229964,0.0,-6.25,6.250000000000001,0.15811388300841892,0.15811388300841886,1.0956609527434057e-08,2.419075749004532e-06,0.006002408119041082,0.006,2.4190757490050177e-06,0.0060024081190410816,0.006,0.0,0.0,0.0,0.0
6709,6.7090000000000005,6.71,-4.3654399050527966,4.365439905052798,8.881784197001252e-16,8.730879810105595,-0.10093419232583001,0.10093419232583001,1,1,-4.3654399050527966,4.365439905052798,-6.0,6.0,0.0,12.0,0.0,0.0,0.0,0.0,0.0,0.0,0.0,0.0,0.0,0.0,0.0,0.0,0.0,0.0,6.002408119042158,6.002408119042158,5.715913853343579e-16,0.0,0.8014999395229964,0.0,-6.25,6.250000000000001,0.15811388300841892,0.15811388300841886,1.0956609544869332e-08,2.419075748988822e-06,0.006002408119042062,0.006,2.419075748989474e-06,0.006002408119042062,0.006,0.0,0.0,0.0,0.0
6719,6.719,6.72,-4.3654399050519554,4.365439905051957,8.881784197001252e-16,8.730879810103913,-0.10093419232582945,0.10093419232582945,1,1,-4.3654399050519554,4.365439905051957,-6.0,6.0,0.0,12.0,0.0,0.0,0.0,0.0,0.0,0.0,0.0,0.0,0.0,0.0,0.0,0.0,0.0,0.0,6.002408119043128,6.002408119043127,4.501607420159814e-16,0.0,0.8014999395229964,0.0,-6.25,6.250000000000001,0.15811388300841892,0.15811388300841886,1.0956609562135324e-08,2.419075748966452e-06,0.006002408119043031,0.006,2.41907574896727e-06,0.006002408119043031,0.006,0.0,0.0,0.0,0.0
6729,6.729,6.73,-4.365439905051122,4.365439905051124,8.881784197001252e-16,8.730879810102246,-0.10093419232582918,0.10093419232582918,1,1,-4.365439905051122,4.365439905051124,-6.0,6.0,0.0,12.0,0.0,0.0,0.0,0.0,0.0,0.0,0.0,0.0,0.0,0.0,0.0,0.0,0.0,0.0,6.002408119044086,6.002408119044086,3.452099717193846e-16,0.0,0.8014999395229964,0.0,-6.25,6.250000000000001,0.15811388300841892,0.15811388300841886,1.0956609579233669e-08,2.4190757489485244e-06,0.006002408119043991,0.006,2.4190757489495065e-06,0.006002408119043991,0.006,0.0,0.0,0.0,0.0
6739,6.739,6.74,-4.365439905050298,4.3654399050503,8.881784197001252e-16,8.730879810100598,-0.10093419232582918,0.10093419232582918,1,1,-4.365439905050298,4.3654399050503,-6.0,6.0,0.0,12.0,0.0,0.0,0.0,0.0,0.0,0.0,0.0,0.0,0.0,0.0,0.0,0.0,0.0,0.0,6.002408119045033,6.002408119045034,1.1362438767648086e-15,0.0,0.8014999395229964,0.0,-6.25,6.250000000000001,0.15811388300841892,0.15811388300841886,1.0956609596165978e-08,2.4190757489305986e-06,0.00600240811904494,0.006,2.4190757489295225e-06,0.0060024081190449404,0.006,0.0,0.0,0.0,0.0
6749,6.7490000000000006,6.75,-4.365439905049483,4.3654399050494845,8.881784197001252e-16,8.730879810098967,-0.1009341923258289,0.1009341923258289,1,1,-4.365439905049483,4.3654399050494845,-6.0,6.0,0.0,12.0,0.0,0.0,0.0,0.0,0.0,0.0,0.0,0.0,0.0,0.0,0.0,0.0,0.0,0.0,6.002408119045972,6.002408119045973,7.268491364342822e-16,0.0,0.8014999395229964,0.0,-6.25,6.250000000000001,0.15811388300841892,0.15811388300841886,1.0956609612933859e-08,2.419075748912674e-06,0.006002408119045879,0.006,2.419075748911759e-06,0.006002408119045879,0.006,0.0,0.0,0.0,0.0
6759,6.759,6.76,-4.365439905048675,4.365439905048677,8.881784197001252e-16,8.730879810097353,-0.1009341923258289,0.1009341923258289,1,1,-4.365439905048675,4.365439905048677,-6.0,6.0,0.0,12.0,0.0,0.0,0.0,0.0,0.0,0.0,0.0,0.0,0.0,0.0,0.0,0.0,0.0,0.0,6.002408119046901,6.002408119046901,8.413408858487514e-17,0.0,0.8014999395229964,0.0,-6.25,6.250000000000001,0.15811388300841892,0.15811388300841886,1.0956609629538892e-08,2.4190757488925313e-06,0.006002408119046809,0.006,2.419075748891775e-06,0.006002408119046809,0.006,0.0,0.0,0.0,0.0
6769,6.769,6.7700000000000005,-4.365439905047877,4.365439905047879,8.881784197001252e-16,8.730879810095756,-0.1009341923258289,0.1009341923258289,1,1,-4.365439905047877,4.365439905047879,-6.0,6.0,0.0,12.0,0.0,0.0,0.0,0.0,0.0,0.0,0.0,0.0,0.0,0.0,0.0,0.0,0.0,0.0,6.002408119047821,6.002408119047821,8.734332701543224e-16,0.0,0.8014999395229964,0.0,-6.25,6.250000000000001,0.15811388300841892,0.15811388300841886,1.095660964598265e-08,2.4190757488723893e-06,0.006002408119047729,0.006,2.419075748871791e-06,0.006002408119047729,0.006,0.0,0.0,0.0,0.0
6779,6.779,6.78,-4.3654399050470865,4.365439905047089,1.3322676295501878e-15,8.730879810094176,-0.10093419232582862,0.10093419232582862,1,1,-4.3654399050470865,4.365439905047089,-6.0,6.0,0.0,12.0,0.0,0.0,0.0,0.0,0.0,0.0,0.0,0.0,0.0,0.0,0.0,0.0,0.0,0.0,6.002408119048731,6.002408119048731,9.298117831235686e-16,0.0,0.8014999395229964,0.0,-6.25,6.250000000000001,0.15811388300841892,0.15811388300841886,1.0956609662266687e-08,2.4190757488544694e-06,0.00600240811904864,0.006,2.4190757488540273e-06,0.00600240811904864,0.006,0.0,0.0,0.0,0.0
6789,6.789,6.79,-4.365439905046305,4.365439905046307,8.881784197001252e-16,8.730879810092611,-0.10093419232582806,0.10093419232582806,1,1,-4.365439905046305,4.365439905046307,-6.0,6.0,0.0,12.0,0.0,0.0,0.0,0.0,0.0,0.0,0.0,0.0,0.0,0.0,0.0,0.0,0.0,0.0,6.002408119049631,6.0024081190496315,9.020562075079397e-17,0.0,0.8014999395229964,0.0,-6.25,6.250000000000001,0.15811388300841892,0.15811388300841886,1.095660967839255e-08,2.4190757488365513e-06,0.006002408119049541,0.006,2.4190757488362637e-06,0.006002408119049542,0.006,0.0,0.0,0.0,0.0
6799,6.799,6.8,-4.365439905045531,4.365439905045534,1.3322676295501878e-15,8.730879810091064,-0.10093419232582806,0.10093419232582806,1,1,-4.365439905045531,4.365439905045534,-6.0,6.0,0.0,12.0,0.0,0.0,0.0,0.0,0.0,0.0,0.0,0.0,0.0,0.0,0.0,0.0,0.0,0.0,6.002408119050522,6.002408119050521,1.2663481374630692e-16,0.0,0.8014999395229964,0.0,-6.25,6.250000000000001,0.15811388300841892,0.15811388300841886,1.095660969436176e-08,2.4190757488186344e-06,0.0060024081190504334,0.006,2.4190757488185e-06,0.006002408119050433,0.006,0.0,0.0,0.0,0.0
6809,6.809,6.8100000000000005,-4.3654399050447665,4.365439905044768,8.881784197001252e-16,8.730879810089535,-0.10093419232582779,0.10093419232582779,1,1,-4.3654399050447665,4.365439905044768,-6.0,6.0,0.0,12.0,0.0,0.0,0.0,0.0,0.0,0.0,0.0,0.0,0.0,0.0,0.0,0.0,0.0,0.0,6.002408119051404,6.002408119051404,1.5265566588595902e-16,0.0,0.8014999395229964,0.0,-6.25,6.250000000000001,0.15811388300841892,0.15811388300841886,1.095660971017583e-08,2.4190757488029393e-06,0.006002408119051316,0.006,2.4190757488029567e-06,0.006002408119051316,0.006,0.0,0.0,0.0,0.0
6819,6.819,6.82,-4.365439905044009,4.365439905044011,8.881784197001252e-16,8.73087981008802,-0.10093419232582806,0.10093419232582806,1,1,-4.365439905044009,4.365439905044011,-6.0,6.0,0.0,12.0,0.0,0.0,0.0,0.0,0.0,0.0,0.0,0.0,0.0,0.0,0.0,0.0,0.0,0.0,6.0024081190522764,6.0024081190522764,7.138387103644561e-16,0.0,0.8014999395229964,0.0,-6.25,6.250000000000001,0.15811388300841892,0.15811388300841886,1.0956609725836255e-08,2.419075748782805e-06,0.00600240811905219,0.006,2.419075748782973e-06,0.006002408119052189,0.006,0.0,0.0,0.0,0.0
6829,6.829,6.83,-4.365439905043259,4.365439905043261,8.881784197001252e-16,8.73087981008652,-0.10093419232582779,0.10093419232582779,1,1,-4.365439905043259,4.365439905043261,-6.0,6.0,0.0,12.0,0.0,0.0,0.0,0.0,0.0,0.0,0.0,0.0,0.0,0.0,0.0,0.0,0.0,0.0,6.0024081190531415,6.0024081190531415,1.0720591081536668e-15,0.0,0.8014999395229964,0.0,-6.25,6.250000000000001,0.15811388300841892,0.15811388300841886,1.0956609741344522e-08,2.4190757487648923e-06,0.006002408119053055,0.006,2.419075748765209e-06,0.0060024081190530555,0.006,0.0,0.0,0.0,0.0
6839,6.839,6.84,-4.365439905042517,4.3654399050425186,8.881784197001252e-16,8.730879810085035,-0.10093419232582751,0.10093419232582751,1,1,-4.365439905042517,4.3654399050425186,-6.0,6.0,0.0,12.0,0.0,0.0,0.0,0.0,0.0,0.0,0.0,0.0,0.0,0.0,0.0,0.0,0.0,0.0,6.002408119053996,6.002408119053995,7.034303695085953e-16,0.0,0.8014999395229964,0.0,-6.25,6.250000000000001,0.15811388300841892,0.15811388300841886,1.0956609756702094e-08,2.4190757487469814e-06,0.006002408119053911,0.006,2.4190757487474456e-06,0.006002408119053911,0.006,0.0,0.0,0.0,0.0
6849,6.849,6.8500000000000005,-4.365439905041783,4.365439905041785,8.881784197001252e-16,8.730879810083568,-0.10093419232582751,0.10093419232582751,1,1,-4.365439905041783,4.365439905041785,-6.0,6.0,0.0,12.0,0.0,0.0,0.0,0.0,0.0,0.0,0.0,0.0,0.0,0.0,0.0,0.0,0.0,0.0,6.0024081190548415,6.0024081190548415,1.0599160438218291e-15,0.0,0.8014999395229964,0.0,-6.25,6.250000000000001,0.15811388300841892,0.15811388300841886,1.0956609771910432e-08,2.4190757487335123e-06,0.006002408119054756,0.006,2.419075748734123e-06,0.006002408119054757,0.006,0.0,0.0,0.0,0.0
6859,6.859,6.86,-4.365439905041057,4.365439905041058,8.881784197001252e-16,8.730879810082115,-0.10093419232582723,0.10093419232582723,1,1,-4.365439905041057,4.365439905041058,-6.0,6.0,0.0,12.0,0.0,0.0,0.0,0.0,0.0,0.0,0.0,0.0,0.0,0.0,0.0,0.0,0.0,0.0,6.002408119055679,6.002408119055679,7.32920668600201e-16,0.0,0.8014999395229964,0.0,-6.25,6.250000000000001,0.15811388300841892,0.15811388300841886,1.095660978697097e-08,2.419075748715604e-06,0.006002408119055596,0.006,2.4190757487163594e-06,0.006002408119055596,0.006,0.0,0.0,0.0,0.0
6869,6.869,6.87,-4.365439905040337,4.365439905040339,8.881784197001252e-16,8.730879810080676,-0.10093419232582695,0.10093419232582695,1,1,-4.365439905040337,4.365439905040339,-6.0,6.0,0.0,12.0,0.0,0.0,0.0,0.0,0.0,0.0,0.0,0.0,0.0,0.0,0.0,0.0,0.0,0.0,6.002408119056508,6.002408119056508,1.3010426069826053e-16,0.0,0.8014999395229964,0.0,-6.25,6.250000000000001,0.15811388300841892,0.15811388300841886,1.0956609801885138e-08,2.419075748697697e-06,0.006002408119056425,0.006,2.419075748698596e-06,0.006002408119056425,0.006,0.0,0.0,0.0,0.0
6879,6.8790000000000004,6.88,-4.365439905039626,4.3654399050396275,8.881784197001252e-16,8.730879810079253,-0.1009341923258264,0.1009341923258264,1,1,-4.365439905039626,4.3654399050396275,-6.0,6.0,0.0,12.0,0.0,0.0,0.0,0.0,0.0,0.0,0.0,0.0,0.0,0.0,0.0,0.0,0.0,0.0,6.0024081190573275,6.0024081190573275,7.979727989493313e-16,0.0,0.8014999395229964,0.0,-6.25,6.250000000000001,0.15811388300841892,0.15811388300841886,1.0956609816654352e-08,2.4190757486842323e-06,0.006002408119057247,0.006,2.4190757486852733e-06,0.006002408119057247,0.006,0.0,0.0,0.0,0.0
6889,6.889,6.890000000000001,-4.365439905038921,4.365439905038923,8.881784197001252e-16,8.730879810077845,-0.1009341923258264,0.1009341923258264,1,1,-4.365439905038921,4.365439905038923,-6.0,6.0,0.0,12.0,0.0,0.0,0.0,0.0,0.0,0.0,0.0,0.0,0.0,0.0,0.0,0.0,0.0,0.0,6.002408119058138,6.002408119058139,8.40473524110763e-16,0.0,0.8014999395229964,0.0,-6.25,6.250000000000001,0.15811388300841892,0.15811388300841886,1.0956609831280008e-08,2.419075748666328e-06,0.006002408119058058,0.006,2.4190757486652893e-06,0.006002408119058059,0.006,0.0,0.0,0.0,0.0
6899,6.899,6.9,-4.365439905038224,4.365439905038226,8.881784197001252e-16,8.73087981007645,-0.10093419232582612,0.10093419232582612,1,1,-4.365439905038224,4.365439905038226,-6.0,6.0,0.0,12.0,0.0,0.0,0.0,0.0,0.0,0.0,0.0,0.0,0.0,0.0,0.0,0.0,0.0,0.0,6.002408119058941,6.002408119058942,8.925152283900673e-16,0.0,0.8014999395229964,0.0,-6.25,6.250000000000001,0.15811388300841892,0.15811388300841886,1.0956609845763493e-08,2.419075748648425e-06,0.0060024081190588625,0.006,2.4190757486475257e-06,0.006002408119058863,0.006,0.0,0.0,0.0,0.0
6909,6.909,6.91,-4.365439905037535,4.365439905037537,8.881784197001252e-16,8.730879810075072,-0.10093419232582612,0.10093419232582612,1,1,-4.365439905037535,4.365439905037537,-6.0,6.0,0.0,12.0,0.0,0.0,0.0,0.0,0.0,0.0,0.0,0.0,0.0,0.0,0.0,0.0,0.0,0.0,6.002408119059737,6.002408119059738,9.566999970012091e-16,0.0,0.8014999395229964,0.0,-6.25,6.250000000000001,0.15811388300841892,0.15811388300841886,1.0956609860106179e-08,2.4190757486349642e-06,0.006002408119059659,0.006,2.419075748634203e-06,0.00600240811905966,0.006,0.0,0.0,0.0,0.0
6919,6.9190000000000005,6.92,-4.365439905036853,4.365439905036855,8.881784197001252e-16,8.730879810073708,-0.10093419232582529,0.10093419232582529,1,1,-4.365439905036853,4.365439905036855,-6.0,6.0,0.0,12.0,0.0,0.0,0.0,0.0,0.0,0.0,0.0,0.0,0.0,0.0,0.0,0.0,0.0,0.0,6.002408119060524,6.002408119060523,1.025221574302293e-15,0.0,0.8014999395229964,0.0,-6.25,6.250000000000001,0.15811388300841892,0.15811388300841886,1.0956609874309428e-08,2.419075748617064e-06,0.006002408119060446,0.006,2.4190757486164396e-06,0.0060024081190604445,0.006,0.0,0.0,0.0,0.0
6929,6.929,6.93,-4.365439905036178,4.36543990503618,8.881784197001252e-16,8.730879810072357,-0.10093419232582529,0.10093419232582529,1,1,-4.365439905036178,4.36543990503618,-6.0,6.0,0.0,12.0,0.0,0.0,0.0,0.0,0.0,0.0,0.0,0.0,0.0,0.0,0.0,0.0,0.0,0.0,6.002408119061303,6.002408119061303,2.185751579730777e-16,0.0,0.8014999395229964,0.0,-6.25,6.250000000000001,0.15811388300841892,0.15811388300841886,1.0956609888374583e-08,2.419075748603606e-06,0.006002408119061225,0.006,2.4190757486031166e-06,0.006002408119061226,0.006,0.0,0.0,0.0,0.0
6939,6.939,6.94,-4.36543990503551,4.365439905035512,8.881784197001252e-16,8.730879810071022,-0.10093419232582501,0.10093419232582501,1,1,-4.36543990503551,4.365439905035512,-6.0,6.0,0.0,12.0,0.0,0.0,0.0,0.0,0.0,0.0,0.0,0.0,0.0,0.0,0.0,0.0,0.0,0.0,6.002408119062074,6.002408119062075,1.4727802311043092e-15,0.0,0.8014999395229964,0.0,-6.25,6.250000000000001,0.15811388300841892,0.15811388300841886,1.0956609902302982e-08,2.419075748585708e-06,0.006002408119061997,0.006,2.419075748585353e-06,0.006002408119061996,0.006,0.0,0.0,0.0,0.0
6949,6.949,6.95,-4.365439905034849,4.365439905034851,8.881784197001252e-16,8.7308798100697,-0.10093419232582473,0.10093419232582473,1,1,-4.365439905034849,4.365439905034851,-6.0,6.0,0.0,12.0,0.0,0.0,0.0,0.0,0.0,0.0,0.0,0.0,0.0,0.0,0.0,0.0,0.0,0.0,6.002408119062835,6.002408119062835,1.2862974574368025e-15,0.0,0.8014999395229964,0.0,-6.25,6.250000000000001,0.15811388300841892,0.15811388300841886,1.0956609916095942e-08,2.419075748570032e-06,0.00600240811906276,0.006,2.41907574856981e-06,0.0060024081190627595,0.006,0.0,0.0,0.0,0.0
6959,6.9590000000000005,6.96,-4.3654399050341945,4.365439905034197,1.3322676295501878e-15,8.73087981006839,-0.10093419232582473,0.10093419232582473,1,1,-4.3654399050341945,4.365439905034197,-6.0,6.0,0.0,12.0,0.0,0.0,0.0,0.0,0.0,0.0,0.0,0.0,0.0,0.0,0.0,0.0,0.0,0.0,6.002408119063591,6.002408119063588,1.3903808659954109e-15,0.0,0.8014999395229964,0.0,-6.25,6.250000000000001,0.15811388300841892,0.15811388300841886,1.0956609929754775e-08,2.419075748554357e-06,0.006002408119063515,0.006,2.419075748554267e-06,0.006002408119063515,0.006,0.0,0.0,0.0,0.0
6969,6.969,6.97,-4.365439905033548,4.36543990503355,8.881784197001252e-16,8.730879810067098,-0.10093419232582446,0.10093419232582446,1,1,-4.365439905033548,4.36543990503355,-6.0,6.0,0.0,12.0,0.0,0.0,0.0,0.0,0.0,0.0,0.0,0.0,0.0,0.0,0.0,0.0,0.0,0.0,6.002408119064338,6.002408119064338,2.723515857283587e-16,0.0,0.8014999395229964,0.0,-6.25,6.250000000000001,0.15811388300841892,0.15811388300841886,1.0956609943280775e-08,2.419075748540904e-06,0.0060024081190642635,0.006,2.4190757485409444e-06,0.0060024081190642635,0.006,0.0,0.0,0.0,0.0
6979,6.979,6.98,-4.365439905032907,4.3654399050329085,8.881784197001252e-16,8.730879810065815,-0.10093419232582473,0.10093419232582473,1,1,-4.365439905032907,4.3654399050329085,-6.0,6.0,0.0,12.0,0.0,0.0,0.0,0.0,0.0,0.0,0.0,0.0,0.0,0.0,0.0,0.0,0.0,0.0,6.002408119065077,6.002408119065078,1.0399667238480959e-15,0.0,0.8014999395229964,0.0,-6.25,6.250000000000001,0.15811388300841892,0.15811388300841886,1.0956609956675224e-08,2.419075748527452e-06,0.006002408119065003,0.006,2.4190757485276214e-06,0.006002408119065003,0.006,0.0,0.0,0.0,0.0
6989,6.989,6.99,-4.3654399050322725,4.365439905032274,8.881784197001252e-16,8.730879810064547,-0.1009341923258239,0.1009341923258239,1,1,-4.3654399050322725,4.365439905032274,-6.0,6.0,0.0,12.0,0.0,0.0,0.0,0.0,0.0,0.0,0.0,0.0,0.0,0.0,0.0,0.0,0.0,0.0,6.002408119065809,6.002408119065809,1.797173521111972e-15,0.0,0.8014999395229964,0.0,-6.25,6.250000000000001,0.15811388300841892,0.15811388300841886,1.0956609969939396e-08,2.4190757485140016e-06,0.0060024081190657354,0.006,2.419075748514299e-06,0.006002408119065735,0.006,0.0,0.0,0.0,0.0
6999,6.9990000000000006,7.0,-4.3654399050316455,4.365439905031647,8.881784197001252e-16,8.730879810063293,-0.10093419232582418,0.10093419232582418,1,1,-4.3654399050316455,4.365439905031647,-6.0,6.0,0.0,12.0,0.0,0.0,0.0,0.0,0.0,0.0,0.0,0.0,0.0,0.0,0.0,0.0,0.0,0.0,6.0024081190665335,6.002408119066533,1.6653345369377348e-15,0.0,0.8014999395229964,0.0,-6.25,6.250000000000001,0.15811388300841892,0.15811388300841886,1.0956609983074546e-08,2.419075748496111e-06,0.00600240811906646,0.006,2.4190757484965353e-06,0.0060024081190664606,0.006,0.0,0.0,0.0,0.0
7009,7.009,7.01,-4.365439905031025,4.365439905031026,8.881784197001252e-16,8.730879810062051,-0.1009341923258239,0.1009341923258239,1,1,-4.365439905031025,4.365439905031026,-6.0,6.0,0.0,12.0,0.0,0.0,0.0,0.0,0.0,0.0,0.0,0.0,0.0,0.0,0.0,0.0,0.0,0.0,6.0024081190672485,6.00240811906725,2.5500435096859064e-16,0.0,0.8014999395229964,0.0,-6.25,6.250000000000001,0.15811388300841892,0.15811388300841886,1.0956609996081927e-08,2.419075748482663e-06,0.006002408119067178,0.006,2.4190757484832128e-06,0.006002408119067179,0.006,0.0,0.0,0.0,0.0
7019,7.019,7.0200000000000005,-4.36543990503041,4.365439905030412,8.881784197001252e-16,8.730879810060822,-0.10093419232582362,0.10093419232582362,1,1,-4.36543990503041,4.365439905030412,-6.0,6.0,0.0,12.0,0.0,0.0,0.0,0.0,0.0,0.0,0.0,0.0,0.0,0.0,0.0,0.0,0.0,0.0,6.002408119067958,6.002408119067959,4.81385764583564e-16,0.0,0.8014999395229964,0.0,-6.25,6.250000000000001,0.15811388300841892,0.15811388300841886,1.0956610008962767e-08,2.419075748469216e-06,0.006002408119067888,0.006,2.41907574846989e-06,0.006002408119067888,0.006,0.0,0.0,0.0,0.0
7029,7.029,7.03,-4.3654399050298025,4.365439905029804,8.881784197001252e-16,8.730879810059607,-0.10093419232582335,0.10093419232582335,1,1,-4.3654399050298025,4.365439905029804,-6.0,6.0,0.0,12.0,0.0,0.0,0.0,0.0,0.0,0.0,0.0,0.0,0.0,0.0,0.0,0.0,0.0,0.0,6.002408119068661,6.002408119068659,5.655198531684391e-16,0.0,0.8014999395229964,0.0,-6.25,6.250000000000001,0.15811388300841892,0.15811388300841886,1.0956610021718294e-08,2.4190757484535497e-06,0.006002408119068591,0.006,2.4190757484543467e-06,0.006002408119068589,0.006,0.0,0.0,0.0,0.0
7039,7.039000000000001,7.04,-4.3654399050292,4.365439905029202,8.881784197001252e-16,8.730879810058402,-0.10093419232582307,0.10093419232582307,1,1,-4.3654399050292,4.365439905029202,-6.0,6.0,0.0,12.0,0.0,0.0,0.0,0.0,0.0,0.0,0.0,0.0,0.0,0.0,0.0,0.0,0.0,0.0,6.002408119069355,6.002408119069354,1.0443035325380379e-15,0.0,0.8014999395229964,0.0,-6.25,6.250000000000001,0.15811388300841892,0.15811388300841886,1.0956610034349717e-08,2.419075748440105e-06,0.006002408119069285,0.006,2.419075748441024e-06,0.006002408119069285,0.006,0.0,0.0,0.0,0.0
7049,7.049,7.05,-4.365439905028605,4.365439905028607,8.881784197001252e-16,8.730879810057212,-0.10093419232582307,0.10093419232582307,1,1,-4.365439905028605,4.365439905028607,-6.0,6.0,0.0,12.0,0.0,0.0,0.0,0.0,0.0,0.0,0.0,0.0,0.0,0.0,0.0,0.0,0.0,0.0,6.002408119070042,6.00240811907004,1.7937040741600185e-15,0.0,0.8014999395229964,0.0,-6.25,6.250000000000001,0.15811388300841892,0.15811388300841886,1.0956610046858233e-08,2.4190757484266615e-06,0.006002408119069974,0.006,2.4190757484277016e-06,0.006002408119069973,0.006,0.0,0.0,0.0,0.0
7059,7.059,7.0600000000000005,-4.365439905028016,4.365439905028018,8.881784197001252e-16,8.730879810056035,-0.10093419232582279,0.10093419232582279,1,1,-4.365439905028016,4.365439905028018,-6.0,6.0,0.0,12.0,0.0,0.0,0.0,0.0,0.0,0.0,0.0,0.0,0.0,0.0,0.0,0.0,0.0,0.0,6.002408119070722,6.002408119070722,6.904199434387692e-16,0.0,0.8014999395229964,0.0,-6.25,6.250000000000001,0.15811388300841892,0.15811388300841886,1.0956610059245034e-08,2.419075748413219e-06,0.006002408119070655,0.006,2.4190757484121586e-06,0.006002408119070653,0.006,0.0,0.0,0.0,0.0
7069,7.069,7.07,-4.365439905027433,4.365439905027435,8.881784197001252e-16,8.730879810054867,-0.10093419232582224,0.10093419232582224,1,1,-4.365439905027433,4.365439905027435,-6.0,6.0,0.0,12.0,0.0,0.0,0.0,0.0,0.0,0.0,0.0,0.0,0.0,0.0,0.0,0.0,0.0,0.0,6.0024081190713945,6.002408119071396,3.894454203567932e-16,0.0,0.8014999395229964,0.0,-6.25,6.250000000000001,0.15811388300841892,0.15811388300841886,1.0956610071511297e-08,2.419075748401998e-06,0.006002408119071328,0.006,2.419075748401056e-06,0.006002408119071329,0.006,0.0,0.0,0.0,0.0
7079,7.079,7.08,-4.365439905026856,4.365439905026858,8.881784197001252e-16,8.730879810053715,-0.10093419232582168,0.10093419232582168,1,1,-4.365439905026856,4.365439905026858,-6.0,6.0,0.0,12.0,0.0,0.0,0.0,0.0,0.0,0.0,0.0,0.0,0.0,0.0,0.0,0.0,0.0,0.0,6.002408119072061,6.0024081190720615,5.80265002714242e-16,0.0,0.8014999395229964,0.0,-6.25,6.250000000000001,0.15811388300841892,0.15811388300841886,1.0956610083658183e-08,2.419075748384117e-06,0.006002408119071995,0.006,2.4190757483832925e-06,0.006002408119071995,0.006,0.0,0.0,0.0,0.0
7089,7.089,7.09,-4.365439905026285,4.365439905026288,1.3322676295501878e-15,8.730879810052574,-0.1009341923258214,0.1009341923258214,1,1,-4.365439905026285,4.365439905026288,-6.0,6.0,0.0,12.0,0.0,0.0,0.0,0.0,0.0,0.0,0.0,0.0,0.0,0.0,0.0,0.0,0.0,0.0,6.00240811907272,6.002408119072721,1.672273430841642e-15,0.0,0.8014999395229964,0.0,-6.25,6.250000000000001,0.15811388300841892,0.15811388300841886,1.0956610095686854e-08,2.4190757483728986e-06,0.006002408119072656,0.006,2.4190757483721905e-06,0.006002408119072655,0.006,0.0,0.0,0.0,0.0
7099,7.099,7.1000000000000005,-4.365439905025721,4.365439905025723,8.881784197001252e-16,8.730879810051444,-0.1009341923258214,0.1009341923258214,1,1,-4.365439905025721,4.365439905025723,-6.0,6.0,0.0,12.0,0.0,0.0,0.0,0.0,0.0,0.0,0.0,0.0,0.0,0.0,0.0,0.0,0.0,0.0,6.0024081190733725,6.002408119073373,9.948639134726989e-16,0.0,0.8014999395229964,0.0,-6.25,6.250000000000001,0.15811388300841892,0.15811388300841886,1.0956610107598445e-08,2.419075748359461e-06,0.006002408119073308,0.006,2.4190757483588675e-06,0.006002408119073308,0.006,0.0,0.0,0.0,0.0
7109,7.109,7.11,-4.365439905025162,4.3654399050251635,8.881784197001252e-16,8.730879810050325,-0.10093419232582168,0.10093419232582168,1,1,-4.365439905025162,4.3654399050251635,-6.0,6.0,0.0,12.0,0.0,0.0,0.0,0.0,0.0,0.0,0.0,0.0,0.0,0.0,0.0,0.0,0.0,0.0,6.002408119074019,6.002408119074019,1.2117043479697998e-15,0.0,0.8014999395229964,0.0,-6.25,6.250000000000001,0.15811388300841892,0.15811388300841886,1.0956610119394091e-08,2.419075748348244e-06,0.0060024081190739546,0.006,2.4190757483477654e-06,0.006002408119073956,0.006,0.0,0.0,0.0,0.0
7119,7.119,7.12,-4.365439905024609,4.365439905024611,8.881784197001252e-16,8.73087981004922,-0.10093419232582113,0.10093419232582113,1,1,-4.365439905024609,4.365439905024611,-6.0,6.0,0.0,12.0,0.0,0.0,0.0,0.0,0.0,0.0,0.0,0.0,0.0,0.0,0.0,0.0,0.0,0.0,6.0024081190746585,6.0024081190746585,1.227316859253591e-15,0.0,0.8014999395229964,0.0,-6.25,6.250000000000001,0.15811388300841892,0.15811388300841886,1.0956610131074917e-08,2.4190757483348084e-06,0.006002408119074594,0.006,2.419075748334443e-06,0.006002408119074594,0.006,0.0,0.0,0.0,0.0
7129,7.1290000000000004,7.13,-4.365439905024061,4.365439905024064,1.3322676295501878e-15,8.730879810048126,-0.1009341923258214,0.1009341923258214,1,1,-4.365439905024061,4.365439905024064,-6.0,6.0,0.0,12.0,0.0,0.0,0.0,0.0,0.0,0.0,0.0,0.0,0.0,0.0,0.0,0.0,0.0,0.0,6.002408119075291,6.002408119075292,1.8856444183867893e-15,0.0,0.8014999395229964,0.0,-6.25,6.250000000000001,0.15811388300841892,0.15811388300841886,1.095661014264203e-08,2.419075748321374e-06,0.006002408119075227,0.006,2.41907574832112e-06,0.006002408119075227,0.006,0.0,0.0,0.0,0.0
7139,7.139,7.140000000000001,-4.36543990502352,4.365439905023522,8.881784197001252e-16,8.730879810047043,-0.10093419232582085,0.10093419232582085,1,1,-4.36543990502352,4.365439905023522,-6.0,6.0,0.0,12.0,0.0,0.0,0.0,0.0,0.0,0.0,0.0,0.0,0.0,0.0,0.0,0.0,0.0,0.0,6.002408119075916,6.002408119075916,1.0191500421363742e-15,0.0,0.8014999395229964,0.0,-6.25,6.250000000000001,0.15811388300841892,0.15811388300841886,1.095661015409653e-08,2.419075748312381e-06,0.006002408119075855,0.006,2.4190757483122383e-06,0.006002408119075854,0.006,0.0,0.0,0.0,0.0
7149,7.149,7.15,-4.365439905022984,4.365439905022986,8.881784197001252e-16,8.73087981004597,-0.10093419232582085,0.10093419232582085,1,1,-4.365439905022984,4.365439905022986,-6.0,6.0,0.0,12.0,0.0,0.0,0.0,0.0,0.0,0.0,0.0,0.0,0.0,0.0,0.0,0.0,0.0,0.0,6.002408119076536,6.002408119076536,3.720981855970251e-16,0.0,0.8014999395229964,0.0,-6.25,6.250000000000001,0.15811388300841892,0.15811388300841886,1.0956610165439507e-08,2.419075748296728e-06,0.006002408119076475,0.006,2.4190757482966953e-06,0.006002408119076475,0.006,0.0,0.0,0.0,0.0
7159,7.159,7.16,-4.365439905022454,4.3654399050224555,8.881784197001252e-16,8.73087981004491,-0.10093419232582002,0.10093419232582002,1,1,-4.365439905022454,4.3654399050224555,-6.0,6.0,0.0,12.0,0.0,0.0,0.0,0.0,0.0,0.0,0.0,0.0,0.0,0.0,0.0,0.0,0.0,0.0,6.002408119077149,6.002408119077149,6.245004513516506e-16,0.0,0.8014999395229964,0.0,-6.25,6.250000000000001,0.15811388300841892,0.15811388300841886,1.095661017667204e-08,2.419075748285517e-06,0.006002408119077088,0.006,2.419075748285593e-06,0.0060024081190770875,0.006,0.0,0.0,0.0,0.0
7169,7.1690000000000005,7.17,-4.365439905021929,4.365439905021931,8.881784197001252e-16,8.73087981004386,-0.10093419232582002,0.10093419232582002,1,1,-4.365439905021929,4.365439905021931,-6.0,6.0,0.0,12.0,0.0,0.0,0.0,0.0,0.0,0.0,0.0,0.0,0.0,0.0,0.0,0.0,0.0,0.0,6.0024081190777565,6.0024081190777565,8.94249951866044e-16,0.0,0.8014999395229964,0.0,-6.25,6.250000000000001,0.15811388300841892,0.15811388300841886,1.0956610187795198e-08,2.4190757482720864e-06,0.006002408119077696,0.006,2.4190757482722702e-06,0.006002408119077695,0.006,0.0,0.0,0.0,0.0
7179,7.179,7.18,-4.365439905021409,4.365439905021411,8.881784197001252e-16,8.73087981004282,-0.10093419232581974,0.10093419232581974,1,1,-4.365439905021409,4.365439905021411,-6.0,6.0,0.0,12.0,0.0,0.0,0.0,0.0,0.0,0.0,0.0,0.0,0.0,0.0,0.0,0.0,0.0,0.0,6.002408119078357,6.002408119078357,2.5673907444456745e-16,0.0,0.8014999395229964,0.0,-6.25,6.250000000000001,0.15811388300841892,0.15811388300841886,1.0956610198810036e-08,2.4190757482608776e-06,0.0060024081190782974,0.006,2.419075748261168e-06,0.0060024081190782974,0.006,0.0,0.0,0.0,0.0
7189,7.189,7.19,-4.365439905020895,4.365439905020897,8.881784197001252e-16,8.730879810041792,-0.10093419232581974,0.10093419232581974,1,1,-4.365439905020895,4.365439905020897,-6.0,6.0,0.0,12.0,0.0,0.0,0.0,0.0,0.0,0.0,0.0,0.0,0.0,0.0,0.0,0.0,0.0,0.0,6.002408119078951,6.002408119078952,3.5995512126518747e-16,0.0,0.8014999395229964,0.0,-6.25,6.250000000000001,0.15811388300841892,0.15811388300841886,1.0956610209717605e-08,2.4190757482496697e-06,0.006002408119078892,0.006,2.4190757482500657e-06,0.0060024081190788925,0.006,0.0,0.0,0.0,0.0
7199,7.199,7.2,-4.365439905020386,4.365439905020388,8.881784197001252e-16,8.730879810040774,-0.10093419232581946,0.10093419232581946,1,1,-4.365439905020386,4.365439905020388,-6.0,6.0,0.0,12.0,0.0,0.0,0.0,0.0,0.0,0.0,0.0,0.0,0.0,0.0,0.0,0.0,0.0,0.0,6.002408119079539,6.00240811907954,8.023096076392733e-16,0.0,0.8014999395229964,0.0,-6.25,6.250000000000001,0.15811388300841892,0.15811388300841886,1.0956610220518945e-08,2.419075748236242e-06,0.0060024081190794805,0.006,2.419075748236743e-06,0.006002408119079482,0.006,0.0,0.0,0.0,0.0
7209,7.2090000000000005,7.21,-4.365439905019882,4.365439905019884,8.881784197001252e-16,8.730879810039767,-0.10093419232581918,0.10093419232581918,1,1,-4.365439905019882,4.365439905019884,-6.0,6.0,0.0,12.0,0.0,0.0,0.0,0.0,0.0,0.0,0.0,0.0,0.0,0.0,0.0,0.0,0.0,0.0,6.002408119080122,6.00240811908012,1.087671619437458e-15,0.0,0.8014999395229964,0.0,-6.25,6.250000000000001,0.15811388300841892,0.15811388300841886,1.095661023121508e-08,2.419075748225036e-06,0.006002408119080064,0.006,2.419075748225641e-06,0.006002408119080063,0.006,0.0,0.0,0.0,0.0
7219,7.219,7.22,-4.365439905019384,4.365439905019387,1.3322676295501878e-15,8.730879810038772,-0.10093419232581863,0.10093419232581863,1,1,-4.365439905019384,4.365439905019387,-6.0,6.0,0.0,12.0,0.0,0.0,0.0,0.0,0.0,0.0,0.0,0.0,0.0,0.0,0.0,0.0,0.0,0.0,6.002408119080697,6.002408119080697,4.891920202254596e-16,0.0,0.8014999395229964,0.0,-6.25,6.250000000000001,0.15811388300841892,0.15811388300841886,1.0956610241807027e-08,2.419075748213831e-06,0.00600240811908064,0.006,2.4190757482145386e-06,0.00600240811908064,0.006,0.0,0.0,0.0,0.0
7229,7.229,7.23,-4.365439905018891,4.365439905018894,1.3322676295501878e-15,8.730879810037784,-0.10093419232581835,0.10093419232581835,1,1,-4.365439905018891,4.365439905018894,-6.0,6.0,0.0,12.0,0.0,0.0,0.0,0.0,0.0,0.0,0.0,0.0,0.0,0.0,0.0,0.0,0.0,0.0,6.0024081190812675,6.002408119081268,1.0321604682062002e-16,0.0,0.8014999395229964,0.0,-6.25,6.250000000000001,0.15811388300841892,0.15811388300841886,1.09566102522958e-08,2.4190757482026268e-06,0.006002408119081211,0.006,2.4190757482034365e-06,0.006002408119081212,0.006,0.0,0.0,0.0,0.0
7239,7.239,7.24,-4.365439905018404,4.365439905018405,8.881784197001252e-16,8.730879810036809,-0.10093419232581807,0.10093419232581807,1,1,-4.365439905018404,4.365439905018405,-6.0,6.0,0.0,12.0,0.0,0.0,0.0,0.0,0.0,0.0,0.0,0.0,0.0,0.0,0.0,0.0,0.0,0.0,6.002408119081832,6.002408119081832,6.895525817007808e-16,0.0,0.8014999395229964,0.0,-6.25,6.250000000000001,0.15811388300841892,0.15811388300841886,1.0956610262682395e-08,2.419075748191424e-06,0.0060024081190817756,0.006,2.419075748192334e-06,0.0060024081190817756,0.006,0.0,0.0,0.0,0.0
7249,7.2490000000000006,7.25,-4.3654399050179205,4.365439905017923,1.3322676295501878e-15,8.730879810035844,-0.10093419232581724,0.10093419232581724,1,1,-4.3654399050179205,4.365439905017923,-6.0,6.0,0.0,12.0,0.0,0.0,0.0,0.0,0.0,0.0,0.0,0.0,0.0,0.0,0.0,0.0,0.0,0.0,6.00240811908239,6.00240811908239,1.2689502226770344e-15,0.0,0.8014999395229964,0.0,-6.25,6.250000000000001,0.15811388300841892,0.15811388300841886,1.0956610272967802e-08,2.419075748180222e-06,0.006002408119082333,0.006,2.419075748181232e-06,0.006002408119082334,0.006,0.0,0.0,0.0,0.0
7259,7.259,7.26,-4.3654399050174435,4.365439905017445,8.881784197001252e-16,8.730879810034889,-0.10093419232581696,0.10093419232581696,1,1,-4.3654399050174435,4.365439905017445,-6.0,6.0,0.0,12.0,0.0,0.0,0.0,0.0,0.0,0.0,0.0,0.0,0.0,0.0,0.0,0.0,0.0,0.0,6.002408119082943,6.002408119082942,8.205242041370298e-16,0.0,0.8014999395229964,0.0,-6.25,6.250000000000001,0.15811388300841892,0.15811388300841886,1.0956610283153e-08,2.4190757481690207e-06,0.0060024081190828875,0.006,2.41907574817013e-06,0.0060024081190828875,0.006,0.0,0.0,0.0,0.0
7269,7.269,7.2700000000000005,-4.365439905016971,4.365439905016973,8.881784197001252e-16,8.730879810033944,-0.10093419232581696,0.10093419232581696,1,1,-4.365439905016971,4.365439905016973,-6.0,6.0,0.0,12.0,0.0,0.0,0.0,0.0,0.0,0.0,0.0,0.0,0.0,0.0,0.0,0.0,0.0,0.0,6.00240811908349,6.00240811908349,6.38378239159465e-16,0.0,0.8014999395229964,0.0,-6.25,6.250000000000001,0.15811388300841892,0.15811388300841886,1.0956610293238955e-08,2.4190757481578204e-06,0.006002408119083435,0.006,2.419075748156807e-06,0.006002408119083435,0.006,0.0,0.0,0.0,0.0
7279,7.279,7.28,-4.365439905016504,4.365439905016506,8.881784197001252e-16,8.73087981003301,-0.10093419232581669,0.10093419232581669,1,1,-4.365439905016504,4.365439905016506,-6.0,6.0,0.0,12.0,0.0,0.0,0.0,0.0,0.0,0.0,0.0,0.0,0.0,0.0,0.0,0.0,0.0,0.0,6.002408119084031,6.002408119084031,1.1995612836379621e-15,0.0,0.8014999395229964,0.0,-6.25,6.250000000000001,0.15811388300841892,0.15811388300841886,1.0956610303226635e-08,2.419075748146621e-06,0.006002408119083976,0.006,2.419075748145705e-06,0.006002408119083975,0.006,0.0,0.0,0.0,0.0
7289,7.289000000000001,7.29,-4.365439905016041,4.365439905016043,8.881784197001252e-16,8.730879810032084,-0.10093419232581696,0.10093419232581696,1,1,-4.365439905016041,4.365439905016043,-6.0,6.0,0.0,12.0,0.0,0.0,0.0,0.0,0.0,0.0,0.0,0.0,0.0,0.0,0.0,0.0,0.0,0.0,6.002408119084565,6.002408119084564,9.063930161978817e-16,0.0,0.8014999395229964,0.0,-6.25,6.250000000000001,0.15811388300841892,0.15811388300841886,1.0956610313116987e-08,2.4190757481354227e-06,0.006002408119084513,0.006,2.419075748134603e-06,0.006002408119084511,0.006,0.0,0.0,0.0,0.0
7299,7.299,7.3,-4.365439905015584,4.365439905015585,8.881784197001252e-16,8.730879810031169,-0.10093419232581613,0.10093419232581613,1,1,-4.365439905015584,4.365439905015585,-6.0,6.0,0.0,12.0,0.0,0.0,0.0,0.0,0.0,0.0,0.0,0.0,0.0,0.0,0.0,0.0,0.0,0.0,6.0024081190850955,6.002408119085094,1.2437967322753707e-15,0.0,0.8014999395229964,0.0,-6.25,6.250000000000001,0.15811388300841892,0.15811388300841886,1.0956610322910956e-08,2.4190757481242254e-06,0.006002408119085042,0.006,2.4190757481235003e-06,0.006002408119085042,0.006,0.0,0.0,0.0,0.0
7309,7.309,7.3100000000000005,-4.36543990501513,4.3654399050151325,1.3322676295501878e-15,8.730879810030263,-0.10093419232581585,0.10093419232581585,1,1,-4.36543990501513,4.3654399050151325,-6.0,6.0,0.0,12.0,0.0,0.0,0.0,0.0,0.0,0.0,0.0,0.0,0.0,0.0,0.0,0.0,0.0,0.0,6.00240811908562,6.00240811908562,1.8821749714348357e-16,0.0,0.8014999395229964,0.0,-6.25,6.250000000000001,0.15811388300841892,0.15811388300841886,1.0956610332609471e-08,2.419075748115249e-06,0.006002408119085568,0.006,2.4190757481146188e-06,0.006002408119085568,0.006,0.0,0.0,0.0,0.0
7319,7.319,7.32,-4.365439905014681,4.365439905014683,8.881784197001252e-16,8.730879810029364,-0.10093419232581585,0.10093419232581585,1,1,-4.365439905014681,4.365439905014683,-6.0,6.0,0.0,12.0,0.0,0.0,0.0,0.0,0.0,0.0,0.0,0.0,0.0,0.0,0.0,0.0,0.0,0.0,6.002408119086139,6.002408119086138,1.0495077029659683e-15,0.0,0.8014999395229964,0.0,-6.25,6.250000000000001,0.15811388300841892,0.15811388300841886,1.0956610342213462e-08,2.419075748106274e-06,0.006002408119086087,0.006,2.4190757481057368e-06,0.006002408119086088,0.006,0.0,0.0,0.0,0.0
7329,7.329,7.33,-4.365439905014238,4.36543990501424,8.881784197001252e-16,8.730879810028478,-0.10093419232581585,0.10093419232581585,1,1,-4.365439905014238,4.36543990501424,-6.0,6.0,0.0,12.0,0.0,0.0,0.0,0.0,0.0,0.0,0.0,0.0,0.0,0.0,0.0,0.0,0.0,0.0,6.0024081190866525,6.0024081190866525,1.2568071583451967e-15,0.0,0.8014999395229964,0.0,-6.25,6.250000000000001,0.15811388300841892,0.15811388300841886,1.0956610351723842e-08,2.4190757480972995e-06,0.006002408119086601,0.006,2.4190757480968552e-06,0.0060024081190866,0.006,0.0,0.0,0.0,0.0
7339,7.339,7.34,-4.365439905013798,4.3654399050138,8.881784197001252e-16,8.730879810027599,-0.10093419232581557,0.10093419232581557,1,1,-4.365439905013798,4.3654399050138,-6.0,6.0,0.0,12.0,0.0,0.0,0.0,0.0,0.0,0.0,0.0,0.0,0.0,0.0,0.0,0.0,0.0,0.0,6.0024081190871605,6.0024081190871605,8.760353553682876e-16,0.0,0.8014999395229964,0.0,-6.25,6.250000000000001,0.15811388300841892,0.15811388300841886,1.0956610361141517e-08,2.4190757480861055e-06,0.006002408119087111,0.006,2.4190757480857527e-06,0.006002408119087111,0.006,0.0,0.0,0.0,0.0
7349,7.349,7.3500000000000005,-4.365439905013364,4.365439905013366,8.881784197001252e-16,8.73087981002673,-0.1009341923258153,0.1009341923258153,1,1,-4.365439905013364,4.365439905013366,-6.0,6.0,0.0,12.0,0.0,0.0,0.0,0.0,0.0,0.0,0.0,0.0,0.0,0.0,0.0,0.0,0.0,0.0,6.002408119087662,6.002408119087665,1.2429293705373823e-15,0.0,0.8014999395229964,0.0,-6.25,6.250000000000001,0.15811388300841892,0.15811388300841886,1.0956610370467387e-08,2.419075748077133e-06,0.006002408119087614,0.006,2.419075748076871e-06,0.006002408119087614,0.006,0.0,0.0,0.0,0.0
7359,7.359,7.36,-4.365439905012933,4.365439905012935,8.881784197001252e-16,8.730879810025868,-0.10093419232581502,0.10093419232581502,1,1,-4.365439905012933,4.365439905012935,-6.0,6.0,0.0,12.0,0.0,0.0,0.0,0.0,0.0,0.0,0.0,0.0,0.0,0.0,0.0,0.0,0.0,0.0,6.002408119088162,6.0024081190881615,7.24247051220317e-16,0.0,0.8014999395229964,0.0,-6.25,6.250000000000001,0.15811388300841892,0.15811388300841886,1.095661037970234e-08,2.4190757480659406e-06,0.0060024081190881125,0.006,2.4190757480657687e-06,0.0060024081190881125,0.006,0.0,0.0,0.0,0.0
7369,7.369,7.37,-4.365439905012508,4.36543990501251,8.881784197001252e-16,8.730879810025018,-0.10093419232581446,0.10093419232581446,1,1,-4.365439905012508,4.36543990501251,-6.0,6.0,0.0,12.0,0.0,0.0,0.0,0.0,0.0,0.0,0.0,0.0,0.0,0.0,0.0,0.0,0.0,0.0,6.0024081190886545,6.0024081190886545,1.1006820455072841e-15,0.0,0.8014999395229964,0.0,-6.25,6.250000000000001,0.15811388300841892,0.15811388300841886,1.0956610388847256e-08,2.4190757480569697e-06,0.006002408119088605,0.006,2.419075748056887e-06,0.006002408119088606,0.006,0.0,0.0,0.0,0.0
7379,7.3790000000000004,7.38,-4.365439905012087,4.365439905012089,8.881784197001252e-16,8.730879810024176,-0.10093419232581446,0.10093419232581446,1,1,-4.365439905012087,4.365439905012089,-6.0,6.0,0.0,12.0,0.0,0.0,0.0,0.0,0.0,0.0,0.0,0.0,0.0,0.0,0.0,0.0,0.0,0.0,6.002408119089142,6.002408119089141,5.958775139980332e-16,0.0,0.8014999395229964,0.0,-6.25,6.250000000000001,0.15811388300841892,0.15811388300841886,1.095661039790301e-08,2.4190757480479996e-06,0.0060024081190890935,0.006,2.419075748048005e-06,0.006002408119089093,0.006,0.0,0.0,0.0,0.0
7389,7.389,7.390000000000001,-4.3654399050116695,4.365439905011672,1.3322676295501878e-15,8.730879810023342,-0.10093419232581391,0.10093419232581391,1,1,-4.3654399050116695,4.365439905011672,-6.0,6.0,0.0,12.0,0.0,0.0,0.0,0.0,0.0,0.0,0.0,0.0,0.0,0.0,0.0,0.0,0.0,0.0,6.002408119089625,6.002408119089626,1.6861512186494565e-15,0.0,0.8014999395229964,0.0,-6.25,6.250000000000001,0.15811388300841892,0.15811388300841886,1.0956610406870463e-08,2.4190757480345894e-06,0.006002408119089576,0.006,2.4190757480346826e-06,0.006002408119089576,0.006,0.0,0.0,0.0,0.0
7399,7.399,7.4,-4.365439905011257,4.365439905011259,8.881784197001252e-16,8.730879810022516,-0.10093419232581391,0.10093419232581391,1,1,-4.365439905011257,4.365439905011259,-6.0,6.0,0.0,12.0,0.0,0.0,0.0,0.0,0.0,0.0,0.0,0.0,0.0,0.0,0.0,0.0,0.0,0.0,6.002408119090102,6.002408119090103,4.865899350114944e-16,0.0,0.8014999395229964,0.0,-6.25,6.250000000000001,0.15811388300841892,0.15811388300841886,1.0956610415750475e-08,2.4190757480300624e-06,0.0060024081190900545,0.006,2.4190757480302416e-06,0.006002408119090055,0.006,0.0,0.0,0.0,0.0
7409,7.409,7.41,-4.365439905010849,4.365439905010851,1.3322676295501878e-15,8.730879810021701,-0.10093419232581391,0.10093419232581391,1,1,-4.365439905010849,4.365439905010851,-6.0,6.0,0.0,12.0,0.0,0.0,0.0,0.0,0.0,0.0,0.0,0.0,0.0,0.0,0.0,0.0,0.0,0.0,6.002408119090575,6.002408119090576,8.786374405822528e-16,0.0,0.8014999395229964,0.0,-6.25,6.250000000000001,0.15811388300841892,0.15811388300841886,1.0956610424543885e-08,2.419075748016654e-06,0.006002408119090528,0.006,2.419075748016919e-06,0.006002408119090528,0.006,0.0,0.0,0.0,0.0
7419,7.4190000000000005,7.42,-4.3654399050104455,4.365439905010447,8.881784197001252e-16,8.730879810020893,-0.10093419232581335,0.10093419232581335,1,1,-4.3654399050104455,4.365439905010447,-6.0,6.0,0.0,12.0,0.0,0.0,0.0,0.0,0.0,0.0,0.0,0.0,0.0,0.0,0.0,0.0,0.0,0.0,6.002408119091044,6.002408119091044,1.37997252513955e-15,0.0,0.8014999395229964,0.0,-6.25,6.250000000000001,0.15811388300841892,0.15811388300841886,1.0956610433251544e-08,2.4190757480099073e-06,0.0060024081190909965,0.006,2.4190757480102575e-06,0.006002408119090996,0.006,0.0,0.0,0.0,0.0
7429,7.429,7.43,-4.365439905010045,4.365439905010048,1.3322676295501878e-15,8.730879810020092,-0.10093419232581335,0.10093419232581335,1,1,-4.365439905010045,4.365439905010048,-6.0,6.0,0.0,12.0,0.0,0.0,0.0,0.0,0.0,0.0,0.0,0.0,0.0,0.0,0.0,0.0,0.0,0.0,6.0024081190915055,6.002408119091505,8.005748841632965e-16,0.0,0.8014999395229964,0.0,-6.25,6.250000000000001,0.15811388300841892,0.15811388300841886,1.0956610441874275e-08,2.4190757479987214e-06,0.00600240811909146,0.006,2.4190757479991555e-06,0.00600240811909146,0.006,0.0,0.0,0.0,0.0
7439,7.439,7.44,-4.36543990500965,4.3654399050096515,8.881784197001252e-16,8.730879810019301,-0.1009341923258128,0.1009341923258128,1,1,-4.36543990500965,4.3654399050096515,-6.0,6.0,0.0,12.0,0.0,0.0,0.0,0.0,0.0,0.0,0.0,0.0,0.0,0.0,0.0,0.0,0.0,0.0,6.002408119091965,6.002408119091964,5.629177679544739e-16,0.0,0.8014999395229964,0.0,-6.25,6.250000000000001,0.15811388300841892,0.15811388300841886,1.0956610450412903e-08,2.419075747989756e-06,0.006002408119091919,0.006,2.4190757479902735e-06,0.006002408119091918,0.006,0.0,0.0,0.0,0.0
7449,7.449,7.45,-4.365439905009258,4.365439905009261,1.3322676295501878e-15,8.730879810018518,-0.10093419232581224,0.10093419232581224,1,1,-4.365439905009258,4.365439905009261,-6.0,6.0,0.0,12.0,0.0,0.0,0.0,0.0,0.0,0.0,0.0,0.0,0.0,0.0,0.0,0.0,0.0,0.0,6.002408119092418,6.002408119092418,1.033895191682177e-15,0.0,0.8014999395229964,0.0,-6.25,6.250000000000001,0.15811388300841892,0.15811388300841886,1.0956610458868244e-08,2.419075747980792e-06,0.006002408119092373,0.006,2.419075747981392e-06,0.006002408119092371,0.006,0.0,0.0,0.0,0.0
7459,7.4590000000000005,7.46,-4.365439905008872,4.3654399050088735,8.881784197001252e-16,8.730879810017745,-0.10093419232581224,0.10093419232581224,1,1,-4.365439905008872,4.3654399050088735,-6.0,6.0,0.0,12.0,0.0,0.0,0.0,0.0,0.0,0.0,0.0,0.0,0.0,0.0,0.0,0.0,0.0,0.0,6.002408119092866,6.002408119092867,1.5014031684579265e-15,0.0,0.8014999395229964,0.0,-6.25,6.250000000000001,0.15811388300841892,0.15811388300841886,1.0956610467241103e-08,2.419075747971828e-06,0.006002408119092821,0.006,2.41907574797251e-06,0.006002408119092821,0.006,0.0,0.0,0.0,0.0
7469,7.469,7.47,-4.365439905008488,4.365439905008491,1.3322676295501878e-15,8.73087981001698,-0.10093419232581141,0.10093419232581141,1,1,-4.365439905008488,4.365439905008491,-6.0,6.0,0.0,12.0,0.0,0.0,0.0,0.0,0.0,0.0,0.0,0.0,0.0,0.0,0.0,0.0,0.0,0.0,6.00240811909331,6.002408119093311,1.0720591081536668e-15,0.0,0.8014999395229964,0.0,-6.25,6.250000000000001,0.15811388300841892,0.15811388300841886,1.0956610475532282e-08,2.419075747965086e-06,0.006002408119093266,0.006,2.419075747965849e-06,0.0060024081190932655,0.006,0.0,0.0,0.0,0.0
7479,7.479,7.48,-4.36543990500811,4.365439905008111,8.881784197001252e-16,8.730879810016221,-0.10093419232581086,0.10093419232581086,1,1,-4.36543990500811,4.365439905008111,-6.0,6.0,0.0,12.0,0.0,0.0,0.0,0.0,0.0,0.0,0.0,0.0,0.0,0.0,0.0,0.0,0.0,0.0,6.00240811909375,6.002408119093751,6.435824095873954e-16,0.0,0.8014999395229964,0.0,-6.25,6.250000000000001,0.15811388300841892,0.15811388300841886,1.095661048374257e-08,2.4190757479539036e-06,0.006002408119093705,0.006,2.4190757479547464e-06,0.006002408119093707,0.006,0.0,0.0,0.0,0.0
7489,7.489,7.49,-4.365439905007734,4.365439905007736,8.881784197001252e-16,8.73087981001547,-0.10093419232581058,0.10093419232581058,1,1,-4.365439905007734,4.365439905007736,-6.0,6.0,0.0,12.0,0.0,0.0,0.0,0.0,0.0,0.0,0.0,0.0,0.0,0.0,0.0,0.0,0.0,0.0,6.002408119094185,6.002408119094185,6.7914424084492e-16,0.0,0.8014999395229964,0.0,-6.25,6.250000000000001,0.15811388300841892,0.15811388300841886,1.0956610491872759e-08,2.4190757479449424e-06,0.0060024081190941415,0.006,2.419075747945865e-06,0.006002408119094142,0.006,0.0,0.0,0.0,0.0
7499,7.4990000000000006,7.5,-4.365439905007364,4.365439905007365,8.881784197001252e-16,8.730879810014729,-0.10093419232581058,0.10093419232581058,1,1,-4.365439905007364,4.365439905007365,-6.0,6.0,0.0,12.0,0.0,0.0,0.0,0.0,0.0,0.0,0.0,0.0,0.0,0.0,0.0,0.0,0.0,0.0,6.002408119094615,6.002408119094614,2.3765711620882257e-16,0.0,0.8014999395229964,0.0,-6.25,6.250000000000001,0.15811388300841892,0.15811388300841886,1.0956610499923618e-08,2.4190757479404226e-06,0.006002408119094573,0.006,2.419075747941424e-06,0.006002408119094572,0.006,0.0,0.0,0.0,0.0
7509,7.509,7.51,-4.365439905006996,4.3654399050069985,1.3322676295501878e-15,8.730879810013995,-0.1009341923258103,0.1009341923258103,1,1,-4.365439905006996,4.3654399050069985,-6.0,6.0,0.0,12.0,0.0,0.0,0.0,0.0,0.0,0.0,0.0,0.0,0.0,0.0,0.0,0.0,0.0,0.0,6.002408119095041,6.002408119095041,2.0729945537922845e-16,0.0,0.8014999395229964,0.0,-6.25,6.250000000000001,0.15811388300841892,0.15811388300841886,1.095661050789592e-08,2.419075747931463e-06,0.0060024081190949985,0.006,2.419075747932542e-06,0.0060024081190949985,0.006,0.0,0.0,0.0,0.0
7519,7.519,7.5200000000000005,-4.365439905006633,4.365439905006634,8.881784197001252e-16,8.730879810013267,-0.1009341923258103,0.1009341923258103,1,1,-4.365439905006633,4.365439905006634,-6.0,6.0,0.0,12.0,0.0,0.0,0.0,0.0,0.0,0.0,0.0,0.0,0.0,0.0,0.0,0.0,0.0,0.0,6.002408119095463,6.002408119095464,1.5352302762394743e-15,0.0,0.8014999395229964,0.0,-6.25,6.250000000000001,0.15811388300841892,0.15811388300841886,1.0956610515790426e-08,2.419075747922504e-06,0.00600240811909542,0.006,2.4190757479214398e-06,0.006002408119095421,0.006,0.0,0.0,0.0,0.0
7529,7.529,7.53,-4.365439905006273,4.3654399050062755,1.3322676295501878e-15,8.73087981001255,-0.10093419232581058,0.10093419232581058,1,1,-4.365439905006273,4.3654399050062755,-6.0,6.0,0.0,12.0,0.0,0.0,0.0,0.0,0.0,0.0,0.0,0.0,0.0,0.0,0.0,0.0,0.0,0.0,6.002408119095882,6.0024081190958825,1.0816000872715392e-15,0.0,0.8014999395229964,0.0,-6.25,6.250000000000001,0.15811388300841892,0.15811388300841886,1.0956610523607887e-08,2.419075747913546e-06,0.006002408119095839,0.006,2.419075747912558e-06,0.006002408119095841,0.006,0.0,0.0,0.0,0.0
7539,7.539000000000001,7.54,-4.365439905005918,4.365439905005919,8.881784197001252e-16,8.730879810011837,-0.10093419232580975,0.10093419232580975,1,1,-4.365439905005918,4.365439905005919,-6.0,6.0,0.0,12.0,0.0,0.0,0.0,0.0,0.0,0.0,0.0,0.0,0.0,0.0,0.0,0.0,0.0,0.0,6.002408119096294,6.002408119096294,1.1509890263106115e-15,0.0,0.8014999395229964,0.0,-6.25,6.250000000000001,0.15811388300841892,0.15811388300841886,1.0956610531349057e-08,2.419075747904588e-06,0.006002408119096253,0.006,2.4190757479036762e-06,0.006002408119096254,0.006,0.0,0.0,0.0,0.0
7549,7.549,7.55,-4.365439905005565,4.365439905005567,8.881784197001252e-16,8.730879810011132,-0.10093419232580947,0.10093419232580947,1,1,-4.365439905005565,4.365439905005567,-6.0,6.0,0.0,12.0,0.0,0.0,0.0,0.0,0.0,0.0,0.0,0.0,0.0,0.0,0.0,0.0,0.0,0.0,6.002408119096703,6.002408119096703,1.93421667571414e-15,0.0,0.8014999395229964,0.0,-6.25,6.250000000000001,0.15811388300841892,0.15811388300841886,1.095661053901467e-08,2.419075747897852e-06,0.00600240811909666,0.006,2.4190757478970147e-06,0.006002408119096662,0.006,0.0,0.0,0.0,0.0
7559,7.559,7.5600000000000005,-4.365439905005216,4.365439905005218,8.881784197001252e-16,8.730879810010434,-0.10093419232580919,0.10093419232580919,1,1,-4.365439905005216,4.365439905005218,-6.0,6.0,0.0,12.0,0.0,0.0,0.0,0.0,0.0,0.0,0.0,0.0,0.0,0.0,0.0,0.0,0.0,0.0,6.002408119097106,6.002408119097106,5.80265002714242e-16,0.0,0.8014999395229964,0.0,-6.25,6.250000000000001,0.15811388300841892,0.15811388300841886,1.0956610546605463e-08,2.419075747888896e-06,0.006002408119097065,0.006,2.419075747888133e-06,0.006002408119097065,0.006,0.0,0.0,0.0,0.0
7569,7.569,7.57,-4.365439905004871,4.365439905004873,8.881784197001252e-16,8.730879810009744,-0.10093419232580919,0.10093419232580919,1,1,-4.365439905004871,4.365439905004873,-6.0,6.0,0.0,12.0,0.0,0.0,0.0,0.0,0.0,0.0,0.0,0.0,0.0,0.0,0.0,0.0,0.0,0.0,6.002408119097506,6.002408119097506,7.814929259275516e-16,0.0,0.8014999395229964,0.0,-6.25,6.250000000000001,0.15811388300841892,0.15811388300841886,1.095661055412216e-08,2.4190757478821607e-06,0.006002408119097466,0.006,2.4190757478814717e-06,0.006002408119097466,0.006,0.0,0.0,0.0,0.0
7579,7.579,7.58,-4.365439905004529,4.365439905004531,8.881784197001252e-16,8.73087981000906,-0.10093419232580864,0.10093419232580864,1,1,-4.365439905004529,4.365439905004531,-6.0,6.0,0.0,12.0,0.0,0.0,0.0,0.0,0.0,0.0,0.0,0.0,0.0,0.0,0.0,0.0,0.0,0.0,6.002408119097902,6.002408119097902,5.169475958410885e-16,0.0,0.8014999395229964,0.0,-6.25,6.250000000000001,0.15811388300841892,0.15811388300841886,1.095661056156548e-08,2.4190757478754264e-06,0.006002408119097863,0.006,2.4190757478748106e-06,0.0060024081190978625,0.006,0.0,0.0,0.0,0.0
7589,7.589,7.59,-4.365439905004192,4.365439905004194,8.881784197001252e-16,8.730879810008386,-0.10093419232580891,0.10093419232580891,1,1,-4.365439905004192,4.365439905004194,-6.0,6.0,0.0,12.0,0.0,0.0,0.0,0.0,0.0,0.0,0.0,0.0,0.0,0.0,0.0,0.0,0.0,0.0,6.002408119098295,6.002408119098295,4.0766001685454967e-17,0.0,0.8014999395229964,0.0,-6.25,6.250000000000001,0.15811388300841892,0.15811388300841886,1.0956610568936135e-08,2.4190757478642523e-06,0.0060024081190982554,0.006,2.419075747863708e-06,0.0060024081190982554,0.006,0.0,0.0,0.0,0.0
7599,7.599,7.6000000000000005,-4.365439905003857,4.365439905003859,8.881784197001252e-16,8.730879810007716,-0.10093419232580864,0.10093419232580864,1,1,-4.365439905003857,4.365439905003859,-6.0,6.0,0.0,12.0,0.0,0.0,0.0,0.0,0.0,0.0,0.0,0.0,0.0,0.0,0.0,0.0,0.0,0.0,6.002408119098682,6.002408119098683,4.40619762898109e-16,0.0,0.8014999395229964,0.0,-6.25,6.250000000000001,0.15811388300841892,0.15811388300841886,1.0956610576234833e-08,2.4190757478597398e-06,0.006002408119098643,0.006,2.419075747859267e-06,0.006002408119098644,0.006,0.0,0.0,0.0,0.0
7609,7.609,7.61,-4.365439905003526,4.3654399050035275,8.881784197001252e-16,8.730879810007053,-0.10093419232580836,0.10093419232580836,1,1,-4.365439905003526,4.3654399050035275,-6.0,6.0,0.0,12.0,0.0,0.0,0.0,0.0,0.0,0.0,0.0,0.0,0.0,0.0,0.0,0.0,0.0,0.0,6.002408119099067,6.002408119099065,9.384854005034526e-16,0.0,0.8014999395229964,0.0,-6.25,6.250000000000001,0.15811388300841892,0.15811388300841886,1.0956610583462269e-08,2.4190757478530076e-06,0.006002408119099027,0.006,2.419075747852606e-06,0.006002408119099027,0.006,0.0,0.0,0.0,0.0
7619,7.619,7.62,-4.365439905003198,4.365439905003201,1.3322676295501878e-15,8.7308798100064,-0.10093419232580808,0.10093419232580808,1,1,-4.365439905003198,4.365439905003201,-6.0,6.0,0.0,12.0,0.0,0.0,0.0,0.0,0.0,0.0,0.0,0.0,0.0,0.0,0.0,0.0,0.0,0.0,6.002408119099447,6.002408119099446,3.4954678040932663e-16,0.0,0.8014999395229964,0.0,-6.25,6.250000000000001,0.15811388300841892,0.15811388300841886,1.0956610590619133e-08,2.419075747841835e-06,0.006002408119099408,0.006,2.4190757478415036e-06,0.006002408119099408,0.006,0.0,0.0,0.0,0.0
7629,7.6290000000000004,7.63,-4.365439905002874,4.3654399050028765,1.3322676295501878e-15,8.73087981000575,-0.10093419232580808,0.10093419232580808,1,1,-4.365439905002874,4.3654399050028765,-6.0,6.0,0.0,12.0,0.0,0.0,0.0,0.0,0.0,0.0,0.0,0.0,0.0,0.0,0.0,0.0,0.0,0.0,6.002408119099822,6.0024081190998215,7.363901155521546e-16,0.0,0.8014999395229964,0.0,-6.25,6.250000000000001,0.15811388300841892,0.15811388300841886,1.0956610597706116e-08,2.4190757478373247e-06,0.006002408119099785,0.006,2.419075747837063e-06,0.006002408119099784,0.006,0.0,0.0,0.0,0.0
7639,7.639,7.640000000000001,-4.365439905002553,4.365439905002556,1.3322676295501878e-15,8.73087981000511,-0.10093419232580753,0.10093419232580753,1,1,-4.365439905002553,4.365439905002556,-6.0,6.0,0.0,12.0,0.0,0.0,0.0,0.0,0.0,0.0,0.0,0.0,0.0,0.0,0.0,0.0,0.0,0.0,6.002408119100194,6.002408119100194,2.3418766925686896e-16,0.0,0.8014999395229964,0.0,-6.25,6.250000000000001,0.15811388300841892,0.15811388300841886,1.0956610604723891e-08,2.4190757478305946e-06,0.006002408119100157,0.006,2.4190757478304015e-06,0.006002408119100157,0.006,0.0,0.0,0.0,0.0
7649,7.649,7.65,-4.365439905002236,4.365439905002238,8.881784197001252e-16,8.730879810004474,-0.10093419232580725,0.10093419232580725,1,1,-4.365439905002236,4.365439905002238,-6.0,6.0,0.0,12.0,0.0,0.0,0.0,0.0,0.0,0.0,0.0,0.0,0.0,0.0,0.0,0.0,0.0,0.0,6.002408119100562,6.002408119100562,2.680147770384167e-16,0.0,0.8014999395229964,0.0,-6.25,6.250000000000001,0.15811388300841892,0.15811388300841886,1.0956610611673132e-08,2.419075747821645e-06,0.006002408119100526,0.006,2.4190757478215195e-06,0.006002408119100526,0.006,0.0,0.0,0.0,0.0
7659,7.659,7.66,-4.365439905001922,4.3654399050019235,8.881784197001252e-16,8.730879810003845,-0.10093419232580697,0.10093419232580697,1,1,-4.365439905001922,4.3654399050019235,-6.0,6.0,0.0,12.0,0.0,0.0,0.0,0.0,0.0,0.0,0.0,0.0,0.0,0.0,0.0,0.0,0.0,0.0,6.002408119100927,6.0024081191009255,1.6670692604137116e-15,0.0,0.8014999395229964,0.0,-6.25,6.250000000000001,0.15811388300841892,0.15811388300841886,1.0956610618554502e-08,2.419075747814916e-06,0.0060024081191008905,0.006,2.4190757478148585e-06,0.0060024081191008905,0.006,0.0,0.0,0.0,0.0
7669,7.6690000000000005,7.67,-4.365439905001611,4.365439905001613,8.881784197001252e-16,8.730879810003223,-0.10093419232580697,0.10093419232580697,1,1,-4.365439905001611,4.365439905001613,-6.0,6.0,0.0,12.0,0.0,0.0,0.0,0.0,0.0,0.0,0.0,0.0,0.0,0.0,0.0,0.0,0.0,0.0,6.002408119101287,6.002408119101286,1.2915016278647329e-15,0.0,0.8014999395229964,0.0,-6.25,6.250000000000001,0.15811388300841892,0.15811388300841886,1.0956610625368662e-08,2.4190757478081877e-06,0.006002408119101252,0.006,2.419075747808197e-06,0.006002408119101251,0.006,0.0,0.0,0.0,0.0
7679,7.679,7.68,-4.365439905001303,4.365439905001305,1.3322676295501878e-15,8.730879810002609,-0.10093419232580697,0.10093419232580697,1,1,-4.365439905001303,4.365439905001305,-6.0,6.0,0.0,12.0,0.0,0.0,0.0,0.0,0.0,0.0,0.0,0.0,0.0,0.0,0.0,0.0,0.0,0.0,6.002408119101645,6.002408119101645,8.560860353945543e-16,0.0,0.8014999395229964,0.0,-6.25,6.250000000000001,0.15811388300841892,0.15811388300841886,1.0956610632116263e-08,2.4190757477992396e-06,0.006002408119101609,0.006,2.4190757477993154e-06,0.006002408119101609,0.006,0.0,0.0,0.0,0.0
7689,7.689,7.69,-4.365439905000999,4.365439905001001,8.881784197001252e-16,8.730879810002,-0.10093419232580614,0.10093419232580614,1,1,-4.365439905000999,4.365439905001001,-6.0,6.0,0.0,12.0,0.0,0.0,0.0,0.0,0.0,0.0,0.0,0.0,0.0,0.0,0.0,0.0,0.0,0.0,6.002408119101998,6.002408119101998,5.525094270986131e-16,0.0,0.8014999395229964,0.0,-6.25,6.250000000000001,0.15811388300841892,0.15811388300841886,1.0956610638797952e-08,2.419075747792513e-06,0.0060024081191019625,0.006,2.419075747792654e-06,0.0060024081191019625,0.006,0.0,0.0,0.0,0.0
7699,7.699,7.7,-4.365439905000697,4.365439905000699,8.881784197001252e-16,8.730879810001396,-0.10093419232580586,0.10093419232580586,1,1,-4.365439905000697,4.365439905000699,-6.0,6.0,0.0,12.0,0.0,0.0,0.0,0.0,0.0,0.0,0.0,0.0,0.0,0.0,0.0,0.0,0.0,0.0,6.0024081191023475,6.002408119102348,6.96491475604688e-16,0.0,0.8014999395229964,0.0,-6.25,6.250000000000001,0.15811388300841892,0.15811388300841886,1.0956610645414371e-08,2.4190757477880067e-06,0.006002408119102312,0.006,2.419075747788213e-06,0.006002408119102312,0.006,0.0,0.0,0.0,0.0
7709,7.7090000000000005,7.71,-4.365439905000399,4.365439905000401,8.881784197001252e-16,8.7308798100008,-0.10093419232580586,0.10093419232580586,1,1,-4.365439905000399,4.365439905000401,-6.0,6.0,0.0,12.0,0.0,0.0,0.0,0.0,0.0,0.0,0.0,0.0,0.0,0.0,0.0,0.0,0.0,0.0,6.002408119102694,6.002408119102694,1.6653345369377348e-16,0.0,0.8014999395229964,0.0,-6.25,6.250000000000001,0.15811388300841892,0.15811388300841886,1.0956610651966155e-08,2.4190757477835017e-06,0.006002408119102659,0.006,2.4190757477837724e-06,0.006002408119102659,0.006,0.0,0.0,0.0,0.0
7719,7.719,7.72,-4.3654399050001045,4.365439905000106,8.881784197001252e-16,8.73087981000021,-0.10093419232580558,0.10093419232580558,1,1,-4.3654399050001045,4.365439905000106,-6.0,6.0,0.0,12.0,0.0,0.0,0.0,0.0,0.0,0.0,0.0,0.0,0.0,0.0,0.0,0.0,0.0,0.0,6.002408119103036,6.002408119103037,5.238864897449957e-16,0.0,0.8014999395229964,0.0,-6.25,6.250000000000001,0.15811388300841892,0.15811388300841886,1.0956610658453924e-08,2.419075747774556e-06,0.0060024081191030025,0.006,2.4190757477748904e-06,0.006002408119103002,0.006,0.0,0.0,0.0,0.0
7729,7.729,7.73,-4.365439904999812,4.365439904999814,8.881784197001252e-16,8.730879809999626,-0.10093419232580503,0.10093419232580503,1,1,-4.365439904999812,4.365439904999814,-6.0,6.0,0.0,12.0,0.0,0.0,0.0,0.0,0.0,0.0,0.0,0.0,0.0,0.0,0.0,0.0,0.0,0.0,6.002408119103375,6.002408119103375,8.673617379884035e-18,0.0,0.8014999395229964,0.0,-6.25,6.250000000000001,0.15811388300841892,0.15811388300841886,1.0956610664878307e-08,2.419075747765611e-06,0.006002408119103342,0.006,2.4190757477660084e-06,0.006002408119103342,0.006,0.0,0.0,0.0,0.0
7739,7.739,7.74,-4.365439904999524,4.365439904999525,8.881784197001252e-16,8.730879809999049,-0.10093419232580503,0.10093419232580503,1,1,-4.365439904999524,4.365439904999525,-6.0,6.0,0.0,12.0,0.0,0.0,0.0,0.0,0.0,0.0,0.0,0.0,0.0,0.0,0.0,0.0,0.0,0.0,6.00240811910371,6.002408119103709,1.4424225702747151e-15,0.0,0.8014999395229964,0.0,-6.25,6.250000000000001,0.15811388300841892,0.15811388300841886,1.0956610671239916e-08,2.4190757477633284e-06,0.0060024081191036764,0.006,2.4190757477637883e-06,0.0060024081191036764,0.006,0.0,0.0,0.0,0.0
7749,7.7490000000000006,7.75,-4.3654399049992385,4.36543990499924,8.881784197001252e-16,8.730879809998479,-0.1009341923258042,0.1009341923258042,1,1,-4.3654399049992385,4.36543990499924,-6.0,6.0,0.0,12.0,0.0,0.0,0.0,0.0,0.0,0.0,0.0,0.0,0.0,0.0,0.0,0.0,0.0,0.0,6.002408119104041,6.00240811910404,1.0920084281274e-15,0.0,0.8014999395229964,0.0,-6.25,6.250000000000001,0.15811388300841892,0.15811388300841886,1.0956610677539365e-08,2.419075747752164e-06,0.0060024081191040095,0.006,2.419075747752686e-06,0.006002408119104009,0.006,0.0,0.0,0.0,0.0
7759,7.759,7.76,-4.365439904998956,4.365439904998958,8.881784197001252e-16,8.730879809997914,-0.1009341923258042,0.1009341923258042,1,1,-4.365439904998956,4.365439904998958,-6.0,6.0,0.0,12.0,0.0,0.0,0.0,0.0,0.0,0.0,0.0,0.0,0.0,0.0,0.0,0.0,0.0,0.0,6.00240811910437,6.002408119104371,7.511352650979575e-16,0.0,0.8014999395229964,0.0,-6.25,6.250000000000001,0.15811388300841892,0.15811388300841886,1.0956610683777248e-08,2.4190757477476616e-06,0.006002408119104338,0.006,2.419075747748245e-06,0.006002408119104337,0.006,0.0,0.0,0.0,0.0
7769,7.769,7.7700000000000005,-4.365439904998676,4.365439904998678,8.881784197001252e-16,8.730879809997354,-0.10093419232580364,0.10093419232580364,1,1,-4.365439904998676,4.365439904998678,-6.0,6.0,0.0,12.0,0.0,0.0,0.0,0.0,0.0,0.0,0.0,0.0,0.0,0.0,0.0,0.0,0.0,0.0,6.002408119104696,6.002408119104695,1.3600232051658168e-15,0.0,0.8014999395229964,0.0,-6.25,6.250000000000001,0.15811388300841892,0.15811388300841886,1.0956610689954174e-08,2.41907574774316e-06,0.006002408119104663,0.006,2.4190757477438043e-06,0.006002408119104663,0.006,0.0,0.0,0.0,0.0
7779,7.779,7.78,-4.3654399049984,4.365439904998402,8.881784197001252e-16,8.730879809996802,-0.10093419232580364,0.10093419232580364,1,1,-4.3654399049984,4.365439904998402,-6.0,6.0,0.0,12.0,0.0,0.0,0.0,0.0,0.0,0.0,0.0,0.0,0.0,0.0,0.0,0.0,0.0,0.0,6.0024081191050165,6.0024081191050165,9.6710833785707e-16,0.0,0.8014999395229964,0.0,-6.25,6.250000000000001,0.15811388300841892,0.15811388300841886,1.095661069607073e-08,2.419075747734218e-06,0.006002408119104984,0.006,2.4190757477349223e-06,0.006002408119104985,0.006,0.0,0.0,0.0,0.0
7789,7.789000000000001,7.79,-4.3654399049981265,4.365439904998128,8.881784197001252e-16,8.730879809996255,-0.10093419232580308,0.10093419232580308,1,1,-4.3654399049981265,4.365439904998128,-6.0,6.0,0.0,12.0,0.0,0.0,0.0,0.0,0.0,0.0,0.0,0.0,0.0,0.0,0.0,0.0,0.0,0.0,6.002408119105335,6.002408119105336,6.366435156834882e-16,0.0,0.8014999395229964,0.0,-6.25,6.250000000000001,0.15811388300841892,0.15811388300841886,1.0956610702127505e-08,2.4190757477297177e-06,0.0060024081191053045,0.006,2.4190757477304813e-06,0.0060024081191053045,0.006,0.0,0.0,0.0,0.0
7799,7.799,7.8,-4.365439904997856,4.365439904997857,8.881784197001252e-16,8.730879809995713,-0.10093419232580336,0.10093419232580336,1,1,-4.365439904997856,4.365439904997857,-6.0,6.0,0.0,12.0,0.0,0.0,0.0,0.0,0.0,0.0,0.0,0.0,0.0,0.0,0.0,0.0,0.0,0.0,6.00240811910565,6.00240811910565,1.19522447494802e-15,0.0,0.8014999395229964,0.0,-6.25,6.250000000000001,0.15811388300841892,0.15811388300841886,1.0956610708125076e-08,2.419075747720777e-06,0.006002408119105619,0.006,2.4190757477215997e-06,0.0060024081191056185,0.006,0.0,0.0,0.0,0.0
7809,7.809,7.8100000000000005,-4.365439904997587,4.36543990499759,1.3322676295501878e-15,8.730879809995177,-0.10093419232580253,0.10093419232580253,1,1,-4.365439904997587,4.36543990499759,-6.0,6.0,0.0,12.0,0.0,0.0,0.0,0.0,0.0,0.0,0.0,0.0,0.0,0.0,0.0,0.0,0.0,0.0,6.002408119105962,6.0024081191059615,8.751679936302992e-16,0.0,0.8014999395229964,0.0,-6.25,6.250000000000001,0.15811388300841892,0.15811388300841886,1.0956610714064026e-08,2.419075747718498e-06,0.006002408119105932,0.006,2.4190757477193792e-06,0.006002408119105931,0.006,0.0,0.0,0.0,0.0
7819,7.819,7.82,-4.365439904997323,4.3654399049973245,8.881784197001252e-16,8.730879809994647,-0.10093419232580253,0.10093419232580253,1,1,-4.365439904997323,4.3654399049973245,-6.0,6.0,0.0,12.0,0.0,0.0,0.0,0.0,0.0,0.0,0.0,0.0,0.0,0.0,0.0,0.0,0.0,0.0,6.002408119106271,6.002408119106271,1.2195106036116954e-15,0.0,0.8014999395229964,0.0,-6.25,6.250000000000001,0.15811388300841892,0.15811388300841886,1.0956610719944914e-08,2.4190757477117784e-06,0.0060024081191062395,0.006,2.4190757477127177e-06,0.006002408119106238,0.006,0.0,0.0,0.0,0.0
7829,7.829,7.83,-4.36543990499706,4.3654399049970625,1.3322676295501878e-15,8.730879809994121,-0.10093419232580225,0.10093419232580225,1,1,-4.36543990499706,4.3654399049970625,-6.0,6.0,0.0,12.0,0.0,0.0,0.0,0.0,0.0,0.0,0.0,0.0,0.0,0.0,0.0,0.0,0.0,0.0,6.002408119106576,6.002408119106575,6.513886652292911e-16,0.0,0.8014999395229964,0.0,-6.25,6.250000000000001,0.15811388300841892,0.15811388300841886,1.0956610725768314e-08,2.4190757477050597e-06,0.006002408119106545,0.006,2.4190757477060567e-06,0.006002408119106545,0.006,0.0,0.0,0.0,0.0
7839,7.839,7.84,-4.3654399049968005,4.365439904996802,8.881784197001252e-16,8.730879809993603,-0.10093419232580225,0.10093419232580225,1,1,-4.3654399049968005,4.365439904996802,-6.0,6.0,0.0,12.0,0.0,0.0,0.0,0.0,0.0,0.0,0.0,0.0,0.0,0.0,0.0,0.0,0.0,0.0,6.002408119106879,6.002408119106878,9.6710833785707e-16,0.0,0.8014999395229964,0.0,-6.25,6.250000000000001,0.15811388300841892,0.15811388300841886,1.0956610731534779e-08,2.4190757476983415e-06,0.0060024081191068475,0.006,2.419075747699395e-06,0.0060024081191068475,0.006,0.0,0.0,0.0,0.0
7849,7.849,7.8500000000000005,-4.365439904996543,4.3654399049965456,1.3322676295501878e-15,8.730879809993088,-0.1009341923258017,0.1009341923258017,1,1,-4.365439904996543,4.3654399049965456,-6.0,6.0,0.0,12.0,0.0,0.0,0.0,0.0,0.0,0.0,0.0,0.0,0.0,0.0,0.0,0.0,0.0,0.0,6.002408119107177,6.0024081191071765,1.3877787807814457e-15,0.0,0.8014999395229964,0.0,-6.25,6.250000000000001,0.15811388300841892,0.15811388300841886,1.0956610737244863e-08,2.4190757476938446e-06,0.006002408119107147,0.006,2.419075747694954e-06,0.006002408119107148,0.006,0.0,0.0,0.0,0.0
7859,7.859,7.86,-4.365439904996289,4.365439904996291,8.881784197001252e-16,8.73087980999258,-0.10093419232580142,0.10093419232580142,1,1,-4.365439904996289,4.365439904996291,-6.0,6.0,0.0,12.0,0.0,0.0,0.0,0.0,0.0,0.0,0.0,0.0,0.0,0.0,0.0,0.0,0.0,0.0,6.002408119107474,6.002408119107474,1.5829351718288365e-15,0.0,0.8014999395229964,0.0,-6.25,6.250000000000001,0.15811388300841892,0.15811388300841886,1.0956610742899115e-08,2.419075747689348e-06,0.006002408119107443,0.006,2.419075747688293e-06,0.006002408119107444,0.006,0.0,0.0,0.0,0.0
7869,7.869,7.87,-4.365439904996037,4.365439904996039,1.3322676295501878e-15,8.730879809992075,-0.10093419232580114,0.10093419232580114,1,1,-4.365439904996037,4.365439904996039,-6.0,6.0,0.0,12.0,0.0,0.0,0.0,0.0,0.0,0.0,0.0,0.0,0.0,0.0,0.0,0.0,0.0,0.0,6.002408119107766,6.002408119107766,1.1362438767648086e-16,0.0,0.8014999395229964,0.0,-6.25,6.250000000000001,0.15811388300841892,0.15811388300841886,1.0956610748498078e-08,2.419075747682631e-06,0.006002408119107737,0.006,2.4190757476816316e-06,0.006002408119107737,0.006,0.0,0.0,0.0,0.0
7879,7.8790000000000004,7.88,-4.365439904995788,4.36543990499579,8.881784197001252e-16,8.730879809991578,-0.10093419232580114,0.10093419232580114,1,1,-4.365439904995788,4.36543990499579,-6.0,6.0,0.0,12.0,0.0,0.0,0.0,0.0,0.0,0.0,0.0,0.0,0.0,0.0,0.0,0.0,0.0,0.0,6.002408119108056,6.002408119108057,4.163336342344337e-16,0.0,0.8014999395229964,0.0,-6.25,6.250000000000001,0.15811388300841892,0.15811388300841886,1.0956610754042289e-08,2.419075747675915e-06,0.006002408119108026,0.006,2.41907574767497e-06,0.006002408119108027,0.006,0.0,0.0,0.0,0.0
7889,7.889,7.890000000000001,-4.365439904995541,4.365439904995543,8.881784197001252e-16,8.730879809991084,-0.10093419232580059,0.10093419232580059,1,1,-4.365439904995541,4.365439904995543,-6.0,6.0,0.0,12.0,0.0,0.0,0.0,0.0,0.0,0.0,0.0,0.0,0.0,0.0,0.0,0.0,0.0,0.0,6.002408119108343,6.002408119108342,1.0633854907737827e-15,0.0,0.8014999395229964,0.0,-6.25,6.250000000000001,0.15811388300841892,0.15811388300841886,1.0956610759532281e-08,2.41907574767142e-06,0.006002408119108315,0.006,2.4190757476705296e-06,0.006002408119108314,0.006,0.0,0.0,0.0,0.0
7899,7.899,7.9,-4.365439904995297,4.3654399049952985,8.881784197001252e-16,8.730879809990595,-0.10093419232580031,0.10093419232580031,1,1,-4.365439904995297,4.3654399049952985,-6.0,6.0,0.0,12.0,0.0,0.0,0.0,0.0,0.0,0.0,0.0,0.0,0.0,0.0,0.0,0.0,0.0,0.0,6.002408119108627,6.002408119108628,1.205632815803881e-16,0.0,0.8014999395229964,0.0,-6.25,6.250000000000001,0.15811388300841892,0.15811388300841886,1.0956610764968582e-08,2.419075747666926e-06,0.006002408119108599,0.006,2.4190757476660886e-06,0.0060024081191086,0.006,0.0,0.0,0.0,0.0
7909,7.909,7.91,-4.365439904995055,4.365439904995057,8.881784197001252e-16,8.730879809990112,-0.10093419232580003,0.10093419232580003,1,1,-4.365439904995055,4.365439904995057,-6.0,6.0,0.0,12.0,0.0,0.0,0.0,0.0,0.0,0.0,0.0,0.0,0.0,0.0,0.0,0.0,0.0,0.0,6.002408119108908,6.0024081191089085,1.3634926521177704e-15,0.0,0.8014999395229964,0.0,-6.25,6.250000000000001,0.15811388300841892,0.15811388300841886,1.095661077035171e-08,2.4190757476602114e-06,0.006002408119108881,0.006,2.419075747659427e-06,0.006002408119108881,0.006,0.0,0.0,0.0,0.0
7919,7.9190000000000005,7.92,-4.365439904994816,4.365439904994818,8.881784197001252e-16,8.730879809989634,-0.10093419232580003,0.10093419232580003,1,1,-4.365439904994816,4.365439904994818,-6.0,6.0,0.0,12.0,0.0,0.0,0.0,0.0,0.0,0.0,0.0,0.0,0.0,0.0,0.0,0.0,0.0,0.0,6.0024081191091865,6.002408119109187,6.982261990806649e-16,0.0,0.8014999395229964,0.0,-6.25,6.250000000000001,0.15811388300841892,0.15811388300841886,1.0956610775682185e-08,2.4190757476579384e-06,0.006002408119109158,0.006,2.4190757476572066e-06,0.006002408119109158,0.006,0.0,0.0,0.0,0.0
7929,7.929,7.930000000000001,-4.36543990499458,4.365439904994582,8.881784197001252e-16,8.730879809989162,-0.10093419232579948,0.10093419232579948,1,1,-4.36543990499458,4.365439904994582,-6.0,6.0,0.0,12.0,0.0,0.0,0.0,0.0,0.0,0.0,0.0,0.0,0.0,0.0,0.0,0.0,0.0,0.0,6.002408119109463,6.002408119109462,9.853229343548264e-16,0.0,0.8014999395229964,0.0,-6.25,6.250000000000001,0.15811388300841892,0.15811388300841886,1.0956610780960521e-08,2.419075747651225e-06,0.006002408119109436,0.006,2.4190757476505455e-06,0.006002408119109433,0.006,0.0,0.0,0.0,0.0
7939,7.939,7.94,-4.3654399049943455,4.365439904994347,8.881784197001252e-16,8.730879809988693,-0.10093419232580003,0.10093419232580003,1,1,-4.3654399049943455,4.365439904994347,-6.0,6.0,0.0,12.0,0.0,0.0,0.0,0.0,0.0,0.0,0.0,0.0,0.0,0.0,0.0,0.0,0.0,0.0,6.0024081191097345,6.0024081191097345,5.048045315092509e-16,0.0,0.8014999395229964,0.0,-6.25,6.250000000000001,0.15811388300841892,0.15811388300841886,1.0956610786187219e-08,2.4190757476445117e-06,0.006002408119109708,0.006,2.419075747643884e-06,0.006002408119109708,0.006,0.0,0.0,0.0,0.0
7949,7.949,7.95,-4.365439904994114,4.3654399049941155,8.881784197001252e-16,8.73087980998823,-0.1009341923257992,0.1009341923257992,1,1,-4.365439904994114,4.3654399049941155,-6.0,6.0,0.0,12.0,0.0,0.0,0.0,0.0,0.0,0.0,0.0,0.0,0.0,0.0,0.0,0.0,0.0,0.0,6.002408119110004,6.0024081191100045,1.5499754257852771e-15,0.0,0.8014999395229964,0.0,-6.25,6.250000000000001,0.15811388300841892,0.15811388300841886,1.0956610791362787e-08,2.41907574764002e-06,0.006002408119109976,0.006,2.419075747639443e-06,0.006002408119109976,0.006,0.0,0.0,0.0,0.0
7959,7.9590000000000005,7.96,-4.365439904993885,4.365439904993886,8.881784197001252e-16,8.730879809987771,-0.1009341923257992,0.1009341923257992,1,1,-4.365439904993885,4.365439904993886,-6.0,6.0,0.0,12.0,0.0,0.0,0.0,0.0,0.0,0.0,0.0,0.0,0.0,0.0,0.0,0.0,0.0,0.0,6.002408119110271,6.002408119110273,9.376180387654642e-16,0.0,0.8014999395229964,0.0,-6.25,6.250000000000001,0.15811388300841892,0.15811388300841886,1.0956610796487722e-08,2.4190757476377485e-06,0.006002408119110243,0.006,2.4190757476372225e-06,0.006002408119110245,0.006,0.0,0.0,0.0,0.0
7969,7.969,7.97,-4.365439904993658,4.36543990499366,8.881784197001252e-16,8.730879809987318,-0.1009341923257992,0.1009341923257992,1,1,-4.365439904993658,4.36543990499366,-6.0,6.0,0.0,12.0,0.0,0.0,0.0,0.0,0.0,0.0,0.0,0.0,0.0,0.0,0.0,0.0,0.0,0.0,6.002408119110536,6.002408119110537,1.2169085183977302e-15,0.0,0.8014999395229964,0.0,-6.25,6.250000000000001,0.15811388300841892,0.15811388300841886,1.0956610801562515e-08,2.4190757476288166e-06,0.0060024081191105095,0.006,2.419075747628341e-06,0.00600240811911051,0.006,0.0,0.0,0.0,0.0
7979,7.979,7.98,-4.3654399049934325,4.365439904993435,1.3322676295501878e-15,8.730879809986867,-0.10093419232579864,0.10093419232579864,1,1,-4.3654399049934325,4.365439904993435,-6.0,6.0,0.0,12.0,0.0,0.0,0.0,0.0,0.0,0.0,0.0,0.0,0.0,0.0,0.0,0.0,0.0,0.0,6.002408119110798,6.0024081191107985,1.1726730697603216e-15,0.0,0.8014999395229964,0.0,-6.25,6.250000000000001,0.15811388300841892,0.15811388300841886,1.0956610806587653e-08,2.4190757476221055e-06,0.006002408119110771,0.006,2.4190757476216795e-06,0.006002408119110773,0.006,0.0,0.0,0.0,0.0
7989,7.989,7.99,-4.36543990499321,4.365439904993212,8.881784197001252e-16,8.730879809986423,-0.10093419232579864,0.10093419232579864,1,1,-4.36543990499321,4.365439904993212,-6.0,6.0,0.0,12.0,0.0,0.0,0.0,0.0,0.0,0.0,0.0,0.0,0.0,0.0,0.0,0.0,0.0,0.0,6.002408119111056,6.002408119111057,9.063930161978817e-16,0.0,0.8014999395229964,0.0,-6.25,6.250000000000001,0.15811388300841892,0.15811388300841886,1.0956610811563621e-08,2.4190757476176154e-06,0.006002408119111031,0.006,2.419075747617239e-06,0.006002408119111032,0.006,0.0,0.0,0.0,0.0
7999,7.9990000000000006,8.0,-4.36543990499299,4.365439904992992,8.881784197001252e-16,8.730879809985982,-0.10093419232579781,0.10093419232579781,1,1,-4.36543990499299,4.365439904992992,-6.0,6.0,0.0,12.0,0.0,0.0,0.0,0.0,0.0,0.0,0.0,0.0,0.0,0.0,0.0,0.0,0.0,0.0,6.002408119111312,6.002408119111312,6.42715047849407e-16,0.0,0.8014999395229964,0.0,-6.25,6.250000000000001,0.15811388300841892,0.15811388300841886,1.0956610816490896e-08,2.4190757476153466e-06,0.0060024081191112875,0.006,2.4190757476150184e-06,0.006002408119111287,0.006,0.0,0.0,0.0,0.0
