x,rho_B,rho_A,phi,rho
-1.00000000000000000e+01,9.90842180555632890e-01,5.62675873596295582e-08,9.90842124288045523e-01,9.90842236823220257e-01
-9.98750000000000071e+00,9.90726989367534117e-01,5.69753464805410313e-08,9.90726932392187676e-01,9.90727046342880557e-01
-9.97499999999999964e+00,9.90610349252657785e-01,5.76920081152574281e-08,9.90610291560649614e-01,9.90610406944665955e-01
-9.96250000000000036e+00,9.90492241985748922e-01,5.84176842436170378e-08,9.90492183568064677e-01,9.90492300403433168e-01
-9.94999999999999929e+00,9.90372649112306491e-01,5.91524882539915205e-08,9.90372589959818250e-01,9.90372708264794732e-01
-9.93750000000000000e+00,9.90251551945701025e-01,5.98965349610022500e-08,9.90251492049166071e-01,9.90251611842235979e-01
-9.92500000000000071e+00,9.90128931564253634e-01,6.06499406234610869e-08,9.90128870914313008e-01,9.90128992214194259e-01
-9.91249999999999964e+00,9.90004768808280255e-01,6.14128229625357082e-08,9.90004707395457317e-01,9.90004830221103194e-01
-9.90000000000000036e+00,9.89879044277097830e-01,6.21853011801434772e-08,9.89878982091796700e-01,9.89879106462398961e-01
-9.88749999999999929e+00,9.89751738325992392e-01,6.29674959775777375e-08,9.89751675358496397e-01,9.89751801293488387e-01
-9.87500000000000000e+00,9.89622831063150077e-01,6.37595295743667370e-08,9.89622767303620532e-01,9.89622894822679622e-01
-9.86250000000000071e+00,9.89492302346548946e-01,6.45615257273715078e-08,9.89492237785023265e-01,9.89492366908074628e-01
-9.84999999999999964e+00,9.89360131780811392e-01,6.53736097501227411e-08,9.89360066407201644e-01,9.89360197154421139e-01
-9.83750000000000036e+00,9.89226298714017571e-01,6.61959085324009606e-08,9.89226232518109039e-01,9.89226364909926104e-01
-9.82499999999999929e+00,9.89090782234478660e-01,6.70285505600641070e-08,9.89090715205928062e-01,9.89090849263029259e-01
-9.81250000000000000e+00,9.88953561167468798e-01,6.78716659351227753e-08,9.88953493295802843e-01,9.88953629039134752e-01
-9.80000000000000071e+00,9.88814614071917175e-01,6.87253863960697993e-08,9.88814545346530793e-01,9.88814682797303557e-01
-9.78749999999999964e+00,9.88673919237057497e-01,6.95898453384642113e-08,9.88673849647212166e-01,9.88673988826902828e-01
-9.77500000000000036e+00,9.88531454679035582e-01,7.04651778357742742e-08,9.88531384213857778e-01,9.88531525144213385e-01
-9.76249999999999929e+00,9.88387198137474221e-01,7.13515206604838222e-08,9.88387126785953529e-01,9.88387269488994913e-01
-9.75000000000000000e+00,9.88241127071995407e-01,7.22490123054622404e-08,9.88241054822983078e-01,9.88241199321007735e-01
-9.73750000000000071e+00,9.88093218658698036e-01,7.31577930056051372e-08,9.88093145500904990e-01,9.88093291816491082e-01
-9.72499999999999964e+00,9.87943449786591543e-01,7.40780047597459882e-08,9.87943375708586813e-01,9.87943523864596274e-01
-9.71250000000000036e+00,9.87791797053985010e-01,7.50097913528432780e-08,9.87791722044193632e-01,9.87791872063776388e-01
-9.69999999999999929e+00,9.87638236764830313e-01,7.59532983784481940e-08,9.87638160811531884e-01,9.87638312718128741e-01
-9.68750000000000000e+00,9.87482744925019973e-01,7.69086732614527952e-08,9.87482668016346765e-01,9.87482821833693181e-01
-9.67500000000000071e+00,9.87325297238637489e-01,7.78760652811264098e-08,9.87325219362572226e-01,9.87325375114702752e-01
-9.66249999999999964e+00,9.87165869104161819e-01,7.88556255944404211e-08,9.87165790248536235e-01,9.87165947959787404e-01
-9.65000000000000036e+00,9.87004435610622344e-01,7.98475072596864312e-08,9.87004355763115071e-01,9.87004515458129617e-01
-9.63749999999999929e+00,9.86840971533707312e-01,8.08518652603929380e-08,9.86840890681841998e-01,9.86841052385572626e-01
-9.62500000000000000e+00,9.86675451331822218e-01,8.18688565295406304e-08,9.86675369462965635e-01,9.86675533200678800e-01
-9.61250000000000071e+00,9.86507849142098769e-01,8.28986399740845483e-08,9.86507766243458817e-01,9.86507932040738722e-01
-9.59999999999999964e+00,9.86338138776353679e-01,8.39413764997831592e-08,9.86338054834977163e-01,9.86338222717730195e-01
-9.58750000000000036e+00,9.86166293716997266e-01,8.49972290363397651e-08,9.86166208719768234e-01,9.86166378714226299e-01
-9.57499999999999929e+00,9.85992287112889110e-01,8.60663625628616528e-08,9.85992201046526517e-01,9.85992373179251702e-01
-9.56250000000000000e+00,9.85816091775143399e-01,8.71489441336372256e-08,9.85816004626199227e-01,9.85816178924087572e-01
-9.55000000000000071e+00,9.85637680172880337e-01,8.82451429042395600e-08,9.85637591927737478e-01,9.85637768418023197e-01
-9.53749999999999964e+00,9.85457024428923800e-01,8.93551301579569971e-08,9.85456935073793616e-01,9.85457113784053984e-01
-9.52500000000000036e+00,9.85274096315446379e-01,9.04790793325558631e-08,9.85274005836367039e-01,9.85274186794525719e-01
-9.51249999999999929e+00,9.85088867249558131e-01,9.16171660473817384e-08,9.85088775632392055e-01,9.85088958866724207e-01
-9.50000000000000000e+00,9.84901308288840704e-01,9.27695681307989179e-08,9.84901215519272566e-01,9.84901401058408843e-01
-9.48750000000000071e+00,9.84711390126824959e-01,9.39364656479776843e-08,9.84711296190359353e-01,9.84711484063290565e-01
-9.47499999999999964e+00,9.84519083088411517e-01,9.51180409290293278e-08,9.84518987970370629e-01,9.84519178206452406e-01
-9.46250000000000036e+00,9.84324357125234584e-01,9.63144785974951334e-08,9.84324260810755969e-01,9.84324453439713198e-01
-9.44999999999999929e+00,9.84127181810966034e-01,9.75259655991953037e-08,9.84127084285000397e-01,9.84127279336931671e-01
-9.43750000000000000e+00,9.83927526336561997e-01,9.87526912314382814e-08,9.83927427583870751e-01,9.83927625089253244e-01
-9.42500000000000071e+00,9.83725359505448260e-01,9.99948471726000928e-08,9.83725259510601080e-01,9.83725459500295440e-01
-9.41249999999999964e+00,9.83520649728646279e-01,1.01252627512073884e-07,9.83520548476018774e-01,9.83520750981273784e-01
-9.40000000000000036e+00,9.83313365019837016e-01,1.02526228780596336e-07,9.83313262493608287e-01,9.83313467546065745e-01
-9.38749999999999929e+00,9.83103472990362715e-01,1.03815849980957171e-07,9.83103369174512687e-01,9.83103576806212742e-01
-9.37500000000000000e+00,9.82890940844166949e-01,1.05121692619092332e-07,9.82890835722474376e-01,9.82891045965859522e-01
-9.36250000000000071e+00,9.82675735372669501e-01,1.06443960735570979e-07,9.82675628928708744e-01,9.82675841816630258e-01
-9.34999999999999964e+00,9.82457822949577508e-01,1.07782860937476665e-07,9.82457715166716539e-01,9.82457930732438478e-01
-9.33750000000000036e+00,9.82237169525631559e-01,1.09138602430689566e-07,9.82237060387029182e-01,9.82237278664233937e-01
-9.32499999999999929e+00,9.82013740623285170e-01,1.10511397052576672e-07,9.82013630111888136e-01,9.82013851134682203e-01
-9.31250000000000000e+00,9.81787501331317869e-01,1.11901459305090231e-07,9.81787389429858548e-01,9.81787613232777190e-01
-9.30000000000000071e+00,9.81558416299380010e-01,1.13309006388285496e-07,9.81558302990373610e-01,9.81558529608386410e-01
-9.28749999999999964e+00,9.81326449732469186e-01,1.14734258234258102e-07,9.81326334998210981e-01,9.81326564466727391e-01
-9.27500000000000036e+00,9.81091565385337483e-01,1.16177437541508261e-07,9.81091449207899924e-01,9.81091681562775042e-01
-9.26249999999999929e+00,9.80853726556827676e-01,1.17638769809739325e-07,9.80853608918057840e-01,9.80853844195597513e-01
-9.25000000000000000e+00,9.80612896084139041e-01,1.19118483375090899e-07,9.80612776965655630e-01,9.80613015202622451e-01
-9.23750000000000071e+00,9.80369036337020106e-01,1.20616809445818265e-07,9.80368915720210676e-01,9.80369156953829535e-01
-9.22499999999999964e+00,9.80122109211889359e-01,1.22133982138418539e-07,9.80121987077907209e-01,9.80122231345871509e-01
-9.21250000000000036e+00,9.79872076125881120e-01,1.23670238514211241e-07,9.79871952455642625e-01,9.79872199796119614e-01
-9.19999999999999929e+00,9.79618898010816919e-01,1.25225818616381099e-07,9.79618772784998315e-01,9.79619023236635522e-01
-9.18750000000000000e+00,9.79362535307101267e-01,1.26800965507483409e-07,9.79362408506135762e-01,9.79362662108066773e-01
-9.17500000000000071e+00,9.79102947957540048e-01,1.28395925307424864e-07,9.79102819561614712e-01,9.79103076353465385e-01
-9.16249999999999964e+00,9.78840095401081856e-01,1.30010947231919346e-07,9.78839965390134625e-01,9.78840225412029086e-01
-9.15000000000000036e+00,9.78573936566479952e-01,1.31646283631427918e-07,9.78573804920196300e-01,9.78574068212763604e-01
-9.13749999999999929e+00,9.78304429865874847e-01,1.33302190030590581e-07,9.78304296563684783e-01,9.78304563168064911e-01
-9.12500000000000000e+00,9.78031533188296276e-01,1.34978925168150704e-07,9.78031398209371128e-01,9.78031668167221424e-01
-9.11250000000000071e+00,9.77755203893083236e-01,1.36676751037385120e-07,9.77755067216332208e-01,9.77755340569834264e-01
-9.09999999999999964e+00,9.77475398803221096e-01,1.38395932927040353e-07,9.77475260407288160e-01,9.77475537199154032e-01
-9.08750000000000036e+00,9.77192074198595328e-01,1.40136739462783927e-07,9.77191934061855894e-01,9.77192214335334763e-01
-9.07499999999999929e+00,9.76905185809159970e-01,1.41899442649179214e-07,9.76905043909717330e-01,9.76905327708602611e-01
-9.06250000000000000e+00,9.76614688808020492e-01,1.43684317912184832e-07,9.76614545123702604e-01,9.76614832492338381e-01
-9.05000000000000071e+00,9.76320537804429511e-01,1.45491644142192264e-07,9.76320392312785335e-01,9.76320683296073688e-01
-9.03749999999999964e+00,9.76022686836694242e-01,1.47321703737602202e-07,9.76022539514990517e-01,9.76022834158397967e-01
-9.02500000000000036e+00,9.75721089364995020e-01,1.49174782648949224e-07,9.75720940190212382e-01,9.75721238539777658e-01
-9.01249999999999929e+00,9.75415698264113229e-01,1.51051170423583841e-07,9.75415547212942768e-01,9.75415849315283690e-01
-9.00000000000000000e+00,9.75106465816068080e-01,1.52951160250912893e-07,9.75106312864907787e-01,9.75106618767228372e-01
-8.98750000000000071e+00,9.74793343702660353e-01,1.54875049008212680e-07,9.74793188827611345e-01,9.74793498577709361e-01
-8.97499999999999964e+00,9.74476282997922771e-01,1.56823137307016033e-07,9.74476126174785517e-01,9.74476439821060025e-01
-8.96250000000000036e+00,9.74155234160475336e-01,1.58795729540082485e-07,9.74155075364745771e-01,9.74155392956204902e-01
-8.94999999999999929e+00,9.73830147025783743e-01,1.60793133928962271e-07,9.73829986232649825e-01,9.73830307818917662e-01
-8.93750000000000000e+00,9.73500970798322096e-01,1.62815662572154330e-07,9.73500807982659477e-01,9.73501133613984715e-01
-8.92500000000000071e+00,9.73167654043634922e-01,1.64863631493874337e-07,9.73167489180003398e-01,9.73167818907266446e-01
-8.91249999999999964e+00,9.72830144680301268e-01,1.66937360693433200e-07,9.72829977742940555e-01,9.72830311617661980e-01
-8.90000000000000036e+00,9.72488389971796430e-01,1.69037174195236835e-07,9.72488220934622283e-01,9.72488559008970577e-01
-8.88749999999999929e+00,9.72142336518251771e-01,1.71163400099417584e-07,9.72142165354851651e-01,9.72142507681651891e-01
-8.87500000000000000e+00,9.71791930248111280e-01,1.73316370633098213e-07,9.71791756931740691e-01,9.71792103564481868e-01
-8.86250000000000071e+00,9.71437116409682333e-01,1.75496422202305132e-07,9.71436940913260161e-01,9.71437291906104505e-01
-8.84999999999999964e+00,9.71077839562580758e-01,1.77703895444531735e-07,9.71077661858685270e-01,9.71078017266476246e-01
-8.83750000000000036e+00,9.70714043569068208e-01,1.79939135281962598e-07,9.70713863629932949e-01,9.70714223508203466e-01
-8.82499999999999929e+00,9.70345671585280622e-01,1.82202490975370598e-07,9.70345489382789639e-01,9.70345853787771606e-01
-8.81250000000000000e+00,9.69972666052346000e-01,1.84494316178687045e-07,9.69972481558029842e-01,9.69972850546662158e-01
-8.80000000000000071e+00,9.69594968687391034e-01,1.86814968994263008e-07,9.69594781872422096e-01,9.69595155502359973e-01
-8.78749999999999964e+00,9.69212520474433847e-01,1.89164812028822671e-07,9.69212331309621811e-01,9.69212709639245884e-01
-8.77500000000000036e+00,9.68825261655163250e-01,1.91544212450120282e-07,9.68825070110950759e-01,9.68825453199375741e-01
-8.76249999999999929e+00,9.68433131719600770e-01,1.93953542044313293e-07,9.68432937766058766e-01,9.68433325673142775e-01
-8.75000000000000000e+00,9.68036069396646215e-01,1.96393177274051962e-07,9.68035873003468939e-01,9.68036265789823491e-01
-8.73750000000000071e+00,9.67634012644503771e-01,1.98863499337304675e-07,9.67633813781004437e-01,9.67634211508003106e-01
-8.72499999999999964e+00,9.67226898640987764e-01,2.01364894226920169e-07,9.67226697276093561e-01,9.67227100005881968e-01
-8.71250000000000036e+00,9.66814663773707172e-01,2.03897752790938314e-07,9.66814459875954380e-01,9.66814867671459965e-01
-8.69999999999999929e+00,9.66397243630125136e-01,2.06462470793663595e-07,9.66397037167654349e-01,9.66397450092595922e-01
-8.68750000000000000e+00,9.65974572987494895e-01,2.09059448977501171e-07,9.65974363928045920e-01,9.65974782046943869e-01
-8.67500000000000071e+00,9.65546585802668722e-01,2.11689093125576238e-07,9.65546374113575578e-01,9.65546797491761866e-01
-8.66249999999999964e+00,9.65113215201778174e-01,2.14351814125137391e-07,9.65113000849964098e-01,9.65113429553592250e-01
-8.65000000000000036e+00,9.64674393469785230e-01,2.17048028031757325e-07,9.64674176421757235e-01,9.64674610517813225e-01
-8.63749999999999929e+00,9.64230052039901309e-01,2.19778156134345283e-07,9.64229832261745190e-01,9.64230271818057427e-01
-8.62500000000000000e+00,9.63780121482874286e-01,2.22542625020970947e-07,9.63779898940249291e-01,9.63780344025499280e-01
-8.61250000000000071e+00,9.63324531496138947e-01,2.25341866645522642e-07,9.63324306154272336e-01,9.63324756838005558e-01
-8.59999999999999964e+00,9.62863210892832999e-01,2.28176318395199692e-07,9.62862982716514604e-01,9.62863439069151394e-01
-8.58750000000000036e+00,9.62396087590673854e-01,2.31046423158853898e-07,9.62395856544250750e-01,9.62396318637096959e-01
-8.57499999999999929e+00,9.61923088600694864e-01,2.33952629396194693e-07,9.61922854648065484e-01,9.61923322553324245e-01
-8.56250000000000000e+00,9.61444140015841664e-01,2.36895391207858570e-07,9.61443903120450472e-01,9.61444376911232856e-01
-8.55000000000000071e+00,9.60959166999423409e-01,2.39875168406366064e-07,9.60958927124255013e-01,9.60959406874591804e-01
-8.53749999999999964e+00,9.60468093773419684e-01,2.42892426587967324e-07,9.60467850880993068e-01,9.60468336665846301e-01
-8.52500000000000036e+00,9.59970843606639757e-01,2.45947637205390991e-07,9.59970597659002500e-01,9.59971089554277013e-01
-8.51249999999999929e+00,9.59467338802733383e-01,2.49041277641512776e-07,9.59467089761455783e-01,9.59467587844010983e-01
-8.50000000000000000e+00,9.58957500688050635e-01,2.52173831283944014e-07,9.58957248514219374e-01,9.58957752861881896e-01
-8.48750000000000071e+00,9.58441249599348732e-01,2.55345787600565031e-07,9.58440994253561107e-01,9.58441504945136358e-01
-8.47499999999999964e+00,9.57918504871344778e-01,2.58557642216004178e-07,9.57918246313702593e-01,9.57918763428986964e-01
-8.46250000000000036e+00,9.57389184824111616e-01,2.61809896989078658e-07,9.57388923014214632e-01,9.57389446634008601e-01
-8.44999999999999929e+00,9.56853206750314711e-01,2.65103060091214537e-07,9.56852941647254651e-01,9.56853471853374771e-01
-8.43750000000000000e+00,9.56310486902289814e-01,2.68437646085845596e-07,9.56310218464643702e-01,9.56310755339935925e-01
-8.42500000000000071e+00,9.55760940478956433e-01,2.71814176008818147e-07,9.55760668664780377e-01,9.55761212293132489e-01
-8.41249999999999964e+00,9.55204481612567657e-01,2.75233177449802812e-07,9.55204206379390186e-01,9.55204756845745129e-01
-8.40000000000000036e+00,9.54641023355293772e-01,2.78695184634729778e-07,9.54640744660109175e-01,9.54641302050478369e-01
-8.38749999999999929e+00,9.54070477665635464e-01,2.82200738509266174e-07,9.54070195464896909e-01,9.54070759866374019e-01
-8.37500000000000000e+00,9.53492755394668268e-01,2.85750386823336034e-07,9.53492469644281471e-01,9.53493041145055065e-01
-8.36250000000000071e+00,9.52907766272111711e-01,2.89344684216710699e-07,9.52907476927427499e-01,9.52908055616795924e-01
-8.34999999999999964e+00,9.52315418892225152e-01,2.92984192305671036e-07,9.52315125908032800e-01,9.52315711876417503e-01
-8.33750000000000036e+00,9.51715620699525644e-01,2.96669479770759627e-07,9.51715324030045884e-01,9.51715917369005404e-01
-8.32499999999999929e+00,9.51108277974324956e-01,3.00401122445641673e-07,9.51107977573202534e-01,9.51108578375447378e-01
-8.31250000000000000e+00,9.50493295818086836e-01,3.04179703407076142e-07,9.50492991638383411e-01,9.50493599997790262e-01
-8.30000000000000071e+00,9.49870578138598209e-01,3.08005813066026346e-07,9.49870270132785133e-01,9.49870886144411286e-01
-8.28749999999999964e+00,9.49240027634954409e-01,3.11880049259911401e-07,9.49239715754905178e-01,9.49240339515003639e-01
-8.27500000000000036e+00,9.48601545782356781e-01,3.15803017346017612e-07,9.48601229979339489e-01,9.48601861585374073e-01
-8.26249999999999929e+00,9.47955032816716670e-01,3.19775330296090977e-07,9.47954713041386343e-01,9.47955352592046996e-01
-8.25000000000000000e+00,9.47300387719067882e-01,3.23797608792110464e-07,9.47300063921459046e-01,9.47300711516676719e-01
-8.23750000000000071e+00,9.46637508199781985e-01,3.27870481323275082e-07,9.46637180329300665e-01,9.46637836070263305e-01
-8.22499999999999964e+00,9.45966290682585309e-01,3.31994584284204702e-07,9.45965958688001041e-01,9.45966622677169577e-01
-8.21250000000000036e+00,9.45286630288375562e-01,3.36170562074376427e-07,9.45286294117813508e-01,9.45286966458937616e-01
-8.19999999999999929e+00,9.44598420818833051e-01,3.40399067198817116e-07,9.44598080419765895e-01,9.44598761217900207e-01
-8.18750000000000000e+00,9.43901554739828175e-01,3.44680760370054339e-07,9.43901210059067797e-01,9.43901899420588553e-01
-8.17500000000000071e+00,9.43195923164618200e-01,3.49016310611357828e-07,9.43195574148307569e-01,9.43196272180928830e-01
-8.16249999999999964e+00,9.42481415836833758e-01,3.53406395361274149e-07,9.42481062430438388e-01,9.42481769243229128e-01
-8.15000000000000036e+00,9.41757921113251517e-01,3.57851700579475956e-07,9.41757563261550912e-01,9.41758278964952122e-01
-8.13749999999999929e+00,9.41025325946348690e-01,3.62352920853948935e-07,9.41024963593427799e-01,9.41025688299269580e-01
-8.12500000000000000e+00,9.40283515866640163e-01,3.66910759509517365e-07,9.40283148955880610e-01,9.40283882777399715e-01
-8.11250000000000071e+00,9.39532374964791694e-01,3.71525928717744900e-07,9.39532003438863006e-01,9.39532746490720383e-01
-8.09999999999999964e+00,9.38771785873509068e-01,3.76199149608210662e-07,9.38771409674359458e-01,9.38772162072658678e-01
-8.08750000000000036e+00,9.38001629749199428e-01,3.80931152381185109e-07,9.38001248818047029e-01,9.38002010680351828e-01
-8.07499999999999929e+00,9.37221786253401357e-01,3.85722676421730301e-07,9.37221400530724891e-01,9.37222171976077822e-01
-8.06250000000000000e+00,9.36432133533982247e-01,3.90574470415224549e-07,9.36431742959511815e-01,9.36432524108452680e-01
-8.05000000000000071e+00,9.35632548206097980e-01,3.95487292464351112e-07,9.35632152718805510e-01,9.35632943693390451e-01
-8.03749999999999964e+00,9.34822905332914122e-01,4.00461910207551045e-07,9.34822504871003934e-01,9.34823305794824311e-01
-8.02500000000000036e+00,9.34003078406084875e-01,4.05499100938966345e-07,9.34002672906983911e-01,9.34003483905185838e-01
-8.01249999999999929e+00,9.33172939325984774e-01,4.10599651729898338e-07,9.33172528726333050e-01,9.33173349925636497e-01
-8.00000000000000000e+00,9.32332358381693593e-01,4.15764359551783939e-07,9.32331942617333986e-01,9.32332774146053200e-01
-7.98749999999999982e+00,9.31481204230728776e-01,4.20994031400728664e-07,9.31480783236697363e-01,9.31481625224760190e-01
-7.97499999999999964e+00,9.30619343878522409e-01,4.26289484423599452e-07,9.30618917589038031e-01,9.30619770168006788e-01
-7.96250000000000036e+00,9.29746642657640954e-01,4.31651546045703437e-07,9.29746211006094891e-01,9.29747074309187016e-01
-7.94999999999999929e+00,9.28862964206743191e-01,4.37081054100079701e-07,9.28862527125689064e-01,9.28863401287797319e-01
-7.93750000000000000e+00,9.27968170449273377e-01,4.42578856958406625e-07,9.27967727870416370e-01,9.27968613028130385e-01
-7.92499999999999982e+00,9.27062121571886277e-01,4.48145813663566939e-07,9.27061673426072597e-01,9.27062569717699958e-01
-7.91249999999999964e+00,9.26144676002601530e-01,4.53782794063872797e-07,9.26144222219807411e-01,9.26145129785395649e-01
-7.90000000000000036e+00,9.25215690388682455e-01,4.59490678948978569e-07,9.25215230898003504e-01,9.25216149879361405e-01
-7.88749999999999929e+00,9.24275019574236634e-01,4.65270360187511937e-07,9.24274554303876394e-01,9.24275484844596873e-01
-7.87500000000000000e+00,9.23322516577535723e-01,4.71122740866423741e-07,9.23322045454794904e-01,9.23322987700276543e-01
-7.86249999999999982e+00,9.22358032568048491e-01,4.77048735432102546e-07,9.22357555519313088e-01,9.22358509616783895e-01
-7.84999999999999964e+00,9.21381416843186196e-01,4.83049269833256667e-07,9.21380933793916390e-01,9.21381899892456002e-01
-7.83750000000000036e+00,9.20392516804754868e-01,4.89125281665592793e-07,9.20392027679473257e-01,9.20393005930036479e-01
-7.82499999999999929e+00,9.19391177935111603e-01,4.95277720318323147e-07,9.19390682657391323e-01,9.19391673212831884e-01
-7.81250000000000000e+00,9.18377243773020768e-01,5.01507547122502608e-07,9.18376742265473611e-01,9.18377745280567925e-01
-7.79999999999999982e+00,9.17350555889206776e-01,5.07815735501245131e-07,9.17350048073471314e-01,9.17351063704942238e-01
-7.78749999999999964e+00,9.16310953861598776e-01,5.14203271121819636e-07,9.16310439658327702e-01,9.16311468064869850e-01
-7.77500000000000036e+00,9.15258275250264930e-01,5.20671152049660813e-07,9.15257754579112848e-01,9.15258795921417012e-01
-7.76249999999999929e+00,9.14192355572030602e-01,5.27220388904324307e-07,9.14191828351641700e-01,9.14192882792419503e-01
-7.75000000000000000e+00,9.13113028274777472e-01,5.33852005017391333e-07,9.13112494422772425e-01,9.13113562126782519e-01
-7.73749999999999982e+00,9.12020124711419244e-01,5.40567036592372727e-07,9.12019584144382667e-01,9.12020665278455822e-01
-7.72499999999999964e+00,9.10913474113550725e-01,5.47366532866614844e-07,9.10912926747017848e-01,9.10914021480083602e-01
-7.71250000000000036e+00,9.09792903564764610e-01,5.54251556275242148e-07,9.09792349313208293e-01,9.09793457816320927e-01
-7.69999999999999929e+00,9.08658237973632654e-01,5.61223182617172075e-07,9.08657676750450061e-01,9.08658799196815248e-01
-7.68750000000000000e+00,9.07509300046347889e-01,5.68282501223202364e-07,9.07508731763846721e-01,9.07509868328849056e-01
-7.67499999999999982e+00,9.06345910259021448e-01,5.75430615126228469e-07,9.06345334828406290e-01,9.06346485689636605e-01
-7.66249999999999964e+00,9.05167886829632340e-01,5.82668641233591791e-07,9.05167304160991115e-01,9.05168469498273565e-01
-7.65000000000000036e+00,9.03975045689622947e-01,5.89997710501595462e-07,9.03974455691912482e-01,9.03975635687333412e-01
-7.63749999999999929e+00,9.02767200455138141e-01,5.97418968112225593e-07,9.02766603036170068e-01,9.02767797874106215e-01
-7.62500000000000000e+00,9.01544162397903026e-01,6.04933573652080633e-07,9.01543557464329348e-01,9.01544767331476704e-01
-7.61249999999999982e+00,9.00305740415732414e-01,6.12542701293565587e-07,9.00305127873031075e-01,9.00306352958433753e-01
-7.59999999999999964e+00,8.99051741002672267e-01,6.20247539978356702e-07,8.99051120755132271e-01,8.99052361250212262e-01
-7.58750000000000036e+00,8.97781968218762993e-01,6.28049293603171677e-07,8.97781340169469422e-01,8.97782596268056565e-01
-7.57499999999999929e+00,8.96496223659423608e-01,6.35949181207889540e-07,8.96495587710242403e-01,8.96496859608604812e-01
-7.56250000000000000e+00,8.95194306424451081e-01,6.43948437166018604e-07,8.95193662476013952e-01,8.95194950372888210e-01
-7.54999999999999982e+00,8.93876013086628451e-01,6.52048311377578151e-07,8.93875361038317107e-01,8.93876665134939796e-01
-7.53749999999999964e+00,8.92541137659939698e-01,6.60250069464394163e-07,8.92540477409870192e-01,8.92541797910009205e-01
-7.52500000000000036e+00,8.91189471567383595e-01,6.68554992967852077e-07,8.91188803012390673e-01,8.91190140122376517e-01
-7.51249999999999929e+00,8.89820803608383004e-01,6.76964379549148081e-07,8.89820126644003451e-01,8.89821480572762558e-01
-7.50000000000000000e+00,8.88434919925785049e-01,6.85479543192042120e-07,8.88434234446241811e-01,8.88435605405328288e-01
-7.48749999999999982e+00,8.87031603972444516e-01,6.94101814408179001e-07,8.87030909870630158e-01,8.87032298074258874e-01
-7.47499999999999964e+00,8.85610636477388802e-01,7.02832540444979392e-07,8.85609933644848302e-01,8.85611339309929302e-01
-7.46250000000000036e+00,8.84171795411555661e-01,7.11673085496146995e-07,8.84171083738470198e-01,8.84172507084641124e-01
-7.44999999999999929e+00,8.82714855953101063e-01,7.20624830914834865e-07,8.82714135328270144e-01,8.82715576577931982e-01
-7.43750000000000000e+00,8.81239590452270960e-01,7.29689175429474387e-07,8.81238860763095544e-01,8.81240320141446376e-01
-7.42499999999999982e+00,8.79745768395828964e-01,7.38867535362338993e-07,8.79745029528293587e-01,8.79746507263364341e-01
-7.41249999999999964e+00,8.78233156371039603e-01,7.48161344850842851e-07,8.78232408209694726e-01,8.78233904532384480e-01
-7.40000000000000036e+00,8.76701518029196825e-01,7.57572056071624491e-07,8.76700760457140738e-01,8.76702275601252912e-01
-7.38749999999999929e+00,8.75150614048693098e-01,7.67101139467461002e-07,8.75149846947553600e-01,8.75151381149832597e-01
-7.37500000000000000e+00,8.73580202097626768e-01,7.76750083977017353e-07,8.73579425347542737e-01,8.73580978847710798e-01
-7.36249999999999982e+00,8.71990036795935008e-01,7.86520397267505381e-07,8.71989250275537753e-01,8.71990823316332264e-01
-7.34999999999999964e+00,8.70379869677054163e-01,7.96413605970256042e-07,8.70379073263448211e-01,8.70380666090660116e-01
-7.33750000000000036e+00,8.68749449149096353e-01,8.06431255919254260e-07,8.68748642717840469e-01,8.68750255580352237e-01
-7.32499999999999929e+00,8.67098520455536592e-01,8.16574912392688382e-07,8.67097703880624238e-01,8.67099337030448947e-01
-7.31250000000000000e+00,8.65426825635408070e-01,8.26846160357516953e-07,8.65425998789247752e-01,8.65427652481568388e-01
-7.29999999999999982e+00,8.63734103482993731e-01,8.37246604717133006e-07,8.63733266236389019e-01,8.63734940729598444e-01
-7.28749999999999964e+00,8.62020089507013365e-01,8.47777870562129009e-07,8.62019241729142793e-01,8.62020937284883937e-01
-7.27500000000000036e+00,8.60284515889296442e-01,8.58441603424216382e-07,8.60283657447692973e-01,8.60285374330899910e-01
-7.26249999999999929e+00,8.58527111442933477e-01,8.69239469533353247e-07,8.58526242203463963e-01,8.58527980682402991e-01
-7.25000000000000000e+00,8.56747601569904926e-01,8.80173156078084672e-07,8.56746721396748900e-01,8.56748481743060952e-01
-7.23749999999999982e+00,8.54945708218172395e-01,8.91244371469179443e-07,8.54944816973800981e-01,8.54946599462543810e-01
-7.22499999999999964e+00,8.53121149838233506e-01,9.02454845606568589e-07,8.53120247383387875e-01,8.53122052293079136e-01
-7.21250000000000036e+00,8.51273641339129750e-01,9.13806330149640893e-07,8.51272727532799589e-01,8.51274555145459910e-01
-7.19999999999999929e+00,8.49402894043898904e-01,9.25300598790954078e-07,8.49401968743300095e-01,8.49403819344497713e-01
-7.18750000000000000e+00,8.47508615644470331e-01,9.36939447533365348e-07,8.47507678705022749e-01,8.47509552583917913e-01
-7.17499999999999982e+00,8.45590510155990072e-01,9.48724694970671827e-07,8.45589561431295156e-01,8.45591458880684987e-01
-7.16249999999999964e+00,8.43648277870573060e-01,9.60658182571764706e-07,8.43647317212390502e-01,8.43649238528755618e-01
-7.15000000000000036e+00,8.41681615310473474e-01,9.72741774968356802e-07,8.41680642568698456e-01,8.41682588052248493e-01
-7.13749999999999929e+00,8.39690215180664556e-01,9.84977360246348020e-07,8.39689230203304326e-01,8.39691200158024786e-01
-7.12500000000000000e+00,8.37673766320825131e-01,9.97366850240827982e-07,8.37672768953974911e-01,8.37674763687675350e-01
-7.11249999999999982e+00,8.35631953656717941e-01,1.00991218083481660e-06,8.35630943744537058e-01,8.35632963568898823e-01
-7.09999999999999964e+00,8.33564458150960141e-01,1.02261531226174485e-06,8.33563435535647934e-01,8.33565480766272349e-01
-7.08750000000000036e+00,8.31470956753172952e-01,1.03547822941173910e-06,8.31469921274943569e-01,8.31471992231402335e-01
-7.07499999999999929e+00,8.29351122349503034e-01,1.04850294214177773e-06,8.29350073846560898e-01,8.29352170852445170e-01
-7.06250000000000000e+00,8.27204623711512710e-01,1.06169148558971986e-06,8.27203562020027094e-01,8.27205685402998325e-01
-7.04999999999999982e+00,8.25031125444422253e-01,1.07504592049231355e-06,8.25030050398501746e-01,8.25032200490342760e-01
-7.03749999999999964e+00,8.22830287934705584e-01,1.08856833350718390e-06,8.22829199366372110e-01,8.22831376503039058e-01
-7.02500000000000036e+00,8.20601767297024276e-01,1.10226083753887235e-06,8.20600665036186783e-01,8.20602869557861769e-01
-7.01249999999999929e+00,8.18345215320494201e-01,1.11612557206899529e-06,8.18344099194922125e-01,8.18346331446066277e-01
-7.00000000000000000e+00,8.16060279414278833e-01,1.13016470349052712e-06,8.16059149249575344e-01,8.16061409578982322e-01
-6.98749999999999982e+00,8.13746602552493536e-01,1.14438042544631737e-06,8.13745458172068115e-01,8.13747746932918958e-01
-6.97499999999999964e+00,8.11403823218421527e-01,1.15877495917184555e-06,8.11402664443462318e-01,8.11404981993380736e-01
-6.96250000000000036e+00,8.09031575348025611e-01,1.17335055384228845e-06,8.09030401997471782e-01,8.09032748698579440e-01
-6.94999999999999929e+00,8.06629488272749273e-01,1.18810948692397150e-06,8.06628300163262368e-01,8.06630676382236178e-01
-6.93750000000000000e+00,8.04197186661600449e-01,1.20305406453021170e-06,8.04195983607535969e-01,8.04198389715664930e-01
-6.92499999999999982e+00,8.01734290462503552e-01,1.21818662178166731e-06,8.01733072275881753e-01,8.01735508649125350e-01
-6.91249999999999964e+00,7.99240414842916636e-01,1.23350952317119854e-06,7.99239181333393445e-01,7.99241648352439826e-01
-6.90000000000000036e+00,7.96715170129700501e-01,1.24902516293331748e-06,7.96713921104537537e-01,7.96716419154863464e-01
-6.88749999999999929e+00,7.94158161748230618e-01,1.26473596541830855e-06,7.94156897012265217e-01,7.94159426484196018e-01
-6.87500000000000000e+00,7.91568990160745778e-01,1.28064438547101918e-06,7.91567709516360352e-01,7.91570270805131204e-01
-6.86249999999999982e+00,7.88947250803917255e-01,1.29675290881445106e-06,7.88945954051008425e-01,7.88948547556826085e-01
-6.84999999999999964e+00,7.86292534025636591e-01,1.31306405243815174e-06,7.86291220961584103e-01,7.86293847089689080e-01
-6.83750000000000036e+00,7.83604425021006468e-01,1.32958036499149301e-06,7.83603095440641439e-01,7.83605754601371496e-01
-6.82499999999999929e+00,7.80882503767525216e-01,1.34630442718191896e-06,7.80881157463098052e-01,7.80883850071952379e-01
-6.81250000000000000e+00,7.78126344959460092e-01,1.36323885217816728e-06,7.78124981720607956e-01,7.78127708198312229e-01
-6.79999999999999982e+00,7.75335517941389218e-01,1.38038628601859932e-06,7.75334137555103164e-01,7.75336898327675272e-01
-6.78749999999999964e+00,7.72509586640913182e-01,1.39774940802464215e-06,7.72508188891505188e-01,7.72510984390321176e-01
-6.77500000000000036e+00,7.69648109500517208e-01,1.41533093121942949e-06,7.69646694169585976e-01,7.69649524831448439e-01
-6.76249999999999929e+00,7.66750639408575685e-01,1.43313360275173540e-06,7.66749206274972894e-01,7.66752072542178476e-01
-6.75000000000000000e+00,7.63816723629492600e-01,1.45116020432520203e-06,7.63815272469288264e-01,7.63818174789696935e-01
-6.73749999999999982e+00,7.60845903732957907e-01,1.46941355263300243e-06,7.60844434319405294e-01,7.60847373146510519e-01
-6.72499999999999964e+00,7.57837715522318711e-01,1.48789649979794980e-06,7.57836227625818926e-01,7.57839203418818497e-01
-6.71250000000000036e+00,7.54791688962046958e-01,1.50661193381813672e-06,7.54790182350113192e-01,7.54793195573980724e-01
-6.69999999999999929e+00,7.51707348104295070e-01,1.52556277901821124e-06,7.51705822541516078e-01,7.51708873667074062e-01
-6.68750000000000000e+00,7.48584211014529544e-01,1.54475199650628615e-06,7.48582666262533003e-01,7.48585755766526084e-01
-6.67499999999999982e+00,7.45421789696225412e-01,1.56418258463663750e-06,7.45420225513640733e-01,7.45423353878810091e-01
-6.66249999999999964e+00,7.42219590014617903e-01,1.58385757947819536e-06,7.42218006157038479e-01,7.42221173872197326e-01
-6.65000000000000036e+00,7.38977111619492089e-01,1.60378005528892714e-06,7.38975507839436774e-01,7.38978715399547403e-01
-6.63749999999999929e+00,7.35693847867001205e-01,1.62395312499621666e-06,7.35692223913876231e-01,7.35695471820126179e-01
-6.62500000000000000e+00,7.32369285740504861e-01,1.64437994068324214e-06,7.32367641360564203e-01,7.32370930120445518e-01
-6.61249999999999982e+00,7.29002905770406384e-01,1.66506369408151630e-06,7.29001240706712350e-01,7.29004570834100418e-01
-6.59999999999999964e+00,7.25594181952986750e-01,1.68600761706959226e-06,7.25592495945369675e-01,7.25595867960603824e-01
-6.58750000000000036e+00,7.22142581668214323e-01,1.70721498217804131e-06,7.22140874453232162e-01,7.22144288883196483e-01
-6.57499999999999929e+00,7.18647565596521876e-01,1.72868910310081453e-06,7.18645836907418789e-01,7.18649294285624962e-01
-6.56250000000000000e+00,7.15108587634538440e-01,1.75043333521298973e-06,7.15106837201203271e-01,7.15110338067873608e-01
-6.54999999999999982e+00,7.11525094809756675e-01,1.77245107609507601e-06,7.11523322358680543e-01,7.11526867260832807e-01
-6.53749999999999964e+00,7.07896527194131986e-01,1.79474576606388507e-06,7.07894732448365871e-01,7.07898321939898101e-01
-6.52500000000000036e+00,7.04222317816592502e-01,1.81732088871007716e-06,7.04220500495703838e-01,7.04224135137481166e-01
-6.51249999999999929e+00,7.00501892574447060e-01,1.84017997144250129e-06,7.00500052394475659e-01,7.00503732754418462e-01
-6.50000000000000000e+00,6.96734670143683288e-01,1.86332658603933547e-06,6.96732806817097261e-01,6.96736533470269315e-01
-6.48749999999999982e+00,6.92920061888131045e-01,1.88676434920620555e-06,6.92918175123781843e-01,6.92921948652480246e-01
-6.47499999999999964e+00,6.89057471767489882e-01,1.91049692314129454e-06,6.89055561270566774e-01,6.89059382264412990e-01
-6.46250000000000036e+00,6.85146296244195097e-01,1.93452801610755693e-06,6.85144361716178985e-01,6.85148230772211209e-01
-6.44999999999999929e+00,6.81185924189113168e-01,1.95886138301216741e-06,6.81183965327730179e-01,6.81187883050496157e-01
-6.43750000000000000e+00,6.77175736786054028e-01,1.98350082599320465e-06,6.77173753285227997e-01,6.77177720286880058e-01
-6.42499999999999982e+00,6.73115107435076299e-01,2.00845019501376702e-06,6.73113098984881253e-01,6.73117115885271344e-01
-6.41249999999999964e+00,6.69003401654582941e-01,2.03371338846352732e-06,6.69001367941194469e-01,6.69005435367971413e-01
-6.40000000000000036e+00,6.64839976982180447e-01,2.05929435376785366e-06,6.64837917687826629e-01,6.64842036276534265e-01
-6.38749999999999929e+00,6.60624182874292587e-01,2.08519708800462690e-06,6.60622097677204589e-01,6.60626268071380585e-01
-6.37500000000000000e+00,6.56355360604513827e-01,2.11142563852876355e-06,6.56353249178875275e-01,6.56357472030152378e-01
-6.36249999999999982e+00,6.52032843160678999e-01,2.13798410360464911e-06,6.52030705176575354e-01,6.52034981144782644e-01
-6.34999999999999964e+00,6.47655955140643114e-01,2.16487663304648904e-06,6.47653790264010043e-01,6.47658120017276184e-01
-6.33750000000000036e+00,6.43224012646748888e-01,2.19210742886671460e-06,6.43221820539319977e-01,6.43226204754177799e-01
-6.32499999999999929e+00,6.38736323178963672e-01,2.21968074593258162e-06,6.38734103498217687e-01,6.38738542859709657e-01
-6.31250000000000000e+00,6.34192185526679109e-01,2.24760089263097193e-06,6.34189937925786484e-01,6.34194433127571733e-01
-6.29999999999999982e+00,6.29590889659141006e-01,2.27587223154161558e-06,6.29588613786909446e-01,6.29593165531372567e-01
-6.28749999999999964e+00,6.24931716614508970e-01,2.30449918011873974e-06,6.24929412115328820e-01,6.24934021113689120e-01
-6.27500000000000036e+00,6.20213938387515817e-01,2.33348621138129340e-06,6.20211604901304447e-01,6.20216271873727187e-01
-6.26249999999999929e+00,6.15436817815714465e-01,2.36283785461189401e-06,6.15434454977859868e-01,6.15439180653569062e-01
-6.25000000000000000e+00,6.10599608464297505e-01,2.39255869606450438e-06,6.10597215905601454e-01,6.10602001022993557e-01
-6.23749999999999982e+00,6.05701554509461615e-01,2.42265337968107344e-06,6.05699131856081929e-01,6.05703977162841301e-01
-6.22499999999999964e+00,6.00741890620311358e-01,2.45312660781714870e-06,6.00739437493703510e-01,6.00744343746919207e-01
-6.21250000000000036e+00,5.95719841839273956e-01,2.48398314197661586e-06,5.95717357856132002e-01,5.95722325822415910e-01
-6.19999999999999929e+00,5.90634623461008812e-01,2.51522780355572373e-06,5.90632108233205222e-01,5.90637138688812402e-01
-6.18750000000000000e+00,5.85485440909799815e-01,2.54686547459640398e-06,5.85482894044325186e-01,5.85487987775274443e-01
-6.17499999999999982e+00,5.80271489615396208e-01,2.57890109854912802e-06,5.80268910714297648e-01,5.80274068516494768e-01
-6.16249999999999964e+00,5.74991954887300816e-01,2.61133968104531980e-06,5.74989343547619769e-01,5.74994566226981862e-01
-6.15000000000000036e+00,5.69646011787471318e-01,2.64418629067948184e-06,5.69643367601180617e-01,5.69648655973762019e-01
-6.13749999999999929e+00,5.64232825001420801e-01,2.67744605980120622e-06,5.64230147555361050e-01,5.64235502447480552e-01
-6.12500000000000000e+00,5.58751548707702383e-01,2.71112418531707634e-06,5.58748837583517122e-01,5.58754259831887645e-01
-6.11249999999999982e+00,5.53201326445742048e-01,2.74522592950272711e-06,5.53198581219812580e-01,5.53204071671671516e-01
-6.09999999999999964e+00,5.47581290982020130e-01,2.77975662082507301e-06,5.47578511225399356e-01,5.47584070738640905e-01
-6.08750000000000036e+00,5.41890564174561273e-01,2.81472165477487666e-06,5.41887749452906520e-01,5.41893378896216027e-01
-6.07499999999999929e+00,5.36128256835723294e-01,2.85012649470984009e-06,5.36125406709228591e-01,5.36131106962217996e-01
-6.06250000000000000e+00,5.30293468593262096e-01,2.88597667270822379e-06,5.30290582616589345e-01,5.30296354569934847e-01
-6.04999999999999982e+00,5.24385287749642881e-01,2.92227779043328326e-06,5.24382365471852463e-01,5.24388210027433299e-01
-6.03749999999999964e+00,5.18402791139588981e-01,2.95903552000852375e-06,5.18399832104068925e-01,5.18405750175109037e-01
-6.02500000000000036e+00,5.12345043985833914e-01,2.99625560490396447e-06,5.12342047730228956e-01,5.12348040241438873e-01
-6.01249999999999929e+00,5.06211099753058891e-01,3.03394386083360636e-06,5.06208065809198082e-01,5.06214133696919699e-01
-6.00000000000000000e+00,5.00000000000000000e-01,3.07210617666410490e-06,4.99996927893823329e-01,5.00003072106176671e-01
-5.98749999999999982e+00,4.93788900246940610e-01,3.11074851533495584e-06,4.93785789498425276e-01,4.93792010995455943e-01
-5.97499999999999964e+00,4.87654956014166141e-01,3.14987691479020002e-06,4.87651806137251342e-01,4.87658105891080940e-01
-5.96249999999999947e+00,4.81597208860410630e-01,3.18949748892185509e-06,4.81594019362921733e-01,4.81600398357899528e-01
-5.95000000000000018e+00,4.75614712250357063e-01,3.22961642852523142e-06,4.75611482633928551e-01,4.75617941866785576e-01
-5.93750000000000000e+00,4.69706531406737904e-01,3.27024000226626999e-06,4.69703261166735664e-01,4.69709801646740144e-01
-5.92499999999999982e+00,4.63871743164276373e-01,3.31137455766101826e-06,4.63868431789718705e-01,4.63875054538834042e-01
-5.91249999999999964e+00,4.58109435825438671e-01,3.35302652206745028e-06,4.58106082798916625e-01,4.58112788851960717e-01
-5.89999999999999947e+00,4.52418709017979537e-01,3.39520240368974110e-06,4.52415313815575870e-01,4.52422104220383203e-01
-5.88750000000000018e+00,4.46798673554257897e-01,3.43790879259519551e-06,4.46795235645465305e-01,4.46802111463050489e-01
-5.87500000000000000e+00,4.41248451292297672e-01,3.48115236174397286e-06,4.41244970139935910e-01,4.41251932444659434e-01
-5.86249999999999982e+00,4.35767174998578866e-01,3.52493986803173166e-06,4.35763650058710816e-01,4.35770699938446915e-01
-5.84999999999999964e+00,4.30353988212528737e-01,3.56927815334542270e-06,4.30350418934375367e-01,4.30357557490682108e-01
-5.83749999999999947e+00,4.25008045112698851e-01,3.61417414563232680e-06,4.25004430938553224e-01,4.25011659286844479e-01
-5.82500000000000018e+00,4.19728510384603737e-01,3.65963485998257432e-06,4.19724850749743750e-01,4.19732170019463724e-01
-5.81250000000000000e+00,4.14514559090200185e-01,3.70566739972527869e-06,4.14510853422800474e-01,4.14518264757599897e-01
-5.79999999999999982e+00,4.09365376538990855e-01,3.75227895753842905e-06,4.09361624260033308e-01,4.09369128817948402e-01
-5.78749999999999964e+00,4.04280158160726100e-01,3.79947681657277212e-06,4.04276358683909542e-01,4.04283957637542657e-01
-5.77499999999999947e+00,3.99258109379688308e-01,3.84726835158980054e-06,3.99254262111336744e-01,3.99261956648039873e-01
-5.76250000000000018e+00,3.94298445490538385e-01,3.89566103011408699e-06,3.94294549829508290e-01,3.94302341151568481e-01
-5.75000000000000000e+00,3.89400391535702439e-01,3.94466241360011144e-06,3.89396446873288837e-01,3.89404336198116041e-01
-5.73749999999999982e+00,3.84563182184285202e-01,3.99428015861373916e-06,3.84559187904126576e-01,3.84567176464443827e-01
-5.72499999999999964e+00,3.79786061612484127e-01,4.04452201802858400e-06,3.79782017090466106e-01,3.79790106134502148e-01
-5.71249999999999947e+00,3.75068283385490697e-01,4.09539584223739004e-06,3.75064187989648468e-01,3.75072378781332927e-01
-5.70000000000000018e+00,3.70409110340858994e-01,4.14690958037868522e-06,3.70404963431278600e-01,3.70413257250439387e-01
-5.68750000000000000e+00,3.65807814473320891e-01,4.19907128157886789e-06,3.65803615402039317e-01,3.65812013544602466e-01
-5.67499999999999982e+00,3.61263676821036051e-01,4.25188909620987459e-06,3.61259424931939854e-01,3.61267928710132247e-01
-5.66249999999999964e+00,3.56775987353251112e-01,4.30537127716270676e-06,3.56771681981973954e-01,3.56780292724528270e-01
-5.64999999999999947e+00,3.52344044859356553e-01,4.35952618113694187e-06,3.52339685333175390e-01,3.52348404385537717e-01
-5.63750000000000018e+00,3.47967156839321057e-01,4.41436226994649649e-06,3.47962742477051112e-01,3.47971571201591001e-01
-5.62500000000000000e+00,3.43644639395486118e-01,4.46988811184182024e-06,3.43640169507374249e-01,3.43649109283597987e-01
-5.61249999999999982e+00,3.39375817125707135e-01,4.52611238284867702e-06,3.39371291013324305e-01,3.39380343238089965e-01
-5.59999999999999964e+00,3.35160023017819553e-01,4.58304386812380857e-06,3.35155439973951419e-01,3.35164606061687687e-01
-5.58749999999999947e+00,3.30996598345416837e-01,4.64069146332761068e-06,3.30991957653953506e-01,3.31001239036880168e-01
-5.57500000000000018e+00,3.26884892564923701e-01,4.69906417601410913e-06,3.26880193500747707e-01,3.26889591629099696e-01
-5.56250000000000000e+00,3.22824263213946028e-01,4.75817112703843032e-06,3.22819505042818977e-01,3.22829021385073078e-01
-5.54999999999999982e+00,3.18814075810886610e-01,4.81802155198192570e-06,3.18809257789334610e-01,3.18818893832438610e-01
-5.53749999999999964e+00,3.14853703755804903e-01,4.87862480259526780e-06,3.14848825131002319e-01,3.14858582380607488e-01
-5.52499999999999947e+00,3.10942528232509841e-01,4.93999034825965399e-06,3.10937588242161556e-01,3.10947468222858125e-01
-5.51250000000000018e+00,3.07079938111868955e-01,5.00212777746643585e-06,3.07074935984091468e-01,3.07084940239646442e-01
-5.50000000000000000e+00,3.03265329856316712e-01,5.06504679931535527e-06,3.03260264809517399e-01,3.03270394903116025e-01
-5.48749999999999982e+00,2.99498107425552662e-01,5.12875724503158474e-06,2.99492978668307652e-01,2.99503236182797672e-01
-5.47499999999999964e+00,2.95777682183407442e-01,5.19326906950189776e-06,2.95772488914337939e-01,2.95782875452476945e-01
-5.46249999999999947e+00,2.92103472805867737e-01,5.25859235283010852e-06,2.92098214213514895e-01,2.92108731398220578e-01
-5.45000000000000018e+00,2.88474905190243380e-01,5.32473730191212883e-06,2.88469580452941465e-01,2.88480229927545295e-01
-5.43750000000000000e+00,2.84891412365461505e-01,5.39171425203083455e-06,2.84886020651209493e-01,2.84896804079713517e-01
-5.42499999999999982e+00,2.81352434403477791e-01,5.45953366847094835e-06,2.81346974869809308e-01,2.81357893937146275e-01
-5.41249999999999964e+00,2.77857418331785622e-01,5.52820614815427829e-06,2.77851890125637491e-01,2.77862946537933753e-01
-5.39999999999999947e+00,2.74405818047013084e-01,5.59774242129548007e-06,2.74400220304591769e-01,2.74411415789434399e-01
-5.38750000000000018e+00,2.70997094229593616e-01,5.66815335307869432e-06,2.70991426076240549e-01,2.71002762382946683e-01
-5.37500000000000000e+00,2.67630714259495139e-01,5.73944994535527512e-06,2.67624974809549776e-01,2.67636453709440503e-01
-5.36249999999999982e+00,2.64306152132998629e-01,5.81164333836281879e-06,2.64300340489660279e-01,2.64311963776336978e-01
-5.34999999999999964e+00,2.61022888380507911e-01,5.88474481246587245e-06,2.61017003635695466e-01,2.61028773125320357e-01
-5.33749999999999947e+00,2.57780409985381875e-01,5.95876578991848008e-06,2.57774451219591971e-01,2.57786368751171779e-01
-5.32500000000000018e+00,2.54578210303774644e-01,6.03371783664895540e-06,2.54572176585938004e-01,2.54584244021611283e-01
-5.31250000000000000e+00,2.51415788985470456e-01,6.10961266406710122e-06,2.51409679372806394e-01,2.51421898598134519e-01
-5.29999999999999982e+00,2.48292651895704708e-01,6.18646213089411065e-06,2.48286465433573827e-01,2.48298838357835588e-01
-5.28749999999999964e+00,2.45208311037952986e-01,6.26427824501553889e-06,2.45202046759707970e-01,2.45214575316198002e-01
-5.27499999999999947e+00,2.42162284477681095e-01,6.34307316535752355e-06,2.42155941404515740e-01,2.42168627550846449e-01
-5.26250000000000018e+00,2.39154096267042066e-01,6.42285920378666690e-06,2.39147673407838268e-01,2.39160519126245863e-01
-5.25000000000000000e+00,2.36183276370507345e-01,6.50364882703381023e-06,2.36176772721680306e-01,2.36189780019334383e-01
-5.23749999999999982e+00,2.33249360591424121e-01,6.58545465864195393e-06,2.33242775136765473e-01,2.33255946046082768e-01
-5.22499999999999964e+00,2.30351890499482820e-01,6.66828948093873371e-06,2.30345222210001893e-01,2.30358558788963746e-01
-5.21249999999999947e+00,2.27490413359086624e-01,6.75216623703365065e-06,2.27483661192849601e-01,2.27497165525323647e-01
-5.19999999999999929e+00,2.24664482058610643e-01,6.83709803284048178e-06,2.24657644960577801e-01,2.24671319156643484e-01
-5.18750000000000000e+00,2.21873655040539935e-01,6.92309813912512706e-06,2.21866731942400808e-01,2.21880578138679063e-01
-5.17499999999999982e+00,2.19117496232474590e-01,7.01017999357916384e-06,2.19110486052481013e-01,2.19124506412468167e-01
-5.16249999999999964e+00,2.16395574978993560e-01,7.09835720291953140e-06,2.16388476621790643e-01,2.16402673336196477e-01
-5.14999999999999947e+00,2.13707465974363214e-01,7.18764354501457521e-06,2.13700278330818200e-01,2.13714653617908229e-01
-5.13749999999999929e+00,2.11052749196082606e-01,7.27805297103688957e-06,2.11045471143111563e-01,2.11060027249053650e-01
-5.12500000000000000e+00,2.08431009839254194e-01,7.36959960764324156e-06,2.08423640239646546e-01,2.08438379438861843e-01
-5.11249999999999982e+00,2.05841838251769188e-01,7.46229775918185514e-06,2.05834375954009996e-01,2.05849300549528380e-01
-5.09999999999999964e+00,2.03284829870299472e-01,7.55616190992751671e-06,2.03277273708389550e-01,2.03292386032209393e-01
-5.08749999999999947e+00,2.00759585157083226e-01,7.65120672634473537e-06,2.00751933950356870e-01,2.00767236363809581e-01
-5.07499999999999929e+00,1.98265709537496282e-01,7.74744705937943207e-06,1.98257962090436890e-01,1.98273456984555674e-01
-5.06250000000000000e+00,1.95802813338399495e-01,7.84489794677946260e-06,1.95794968440452716e-01,1.95810658236346274e-01
-5.04999999999999982e+00,1.93370511727250560e-01,7.94357461544424293e-06,1.93362568152635111e-01,1.93378455301866009e-01
-5.03749999999999964e+00,1.90968424651974389e-01,8.04349248380403172e-06,1.90960381159490572e-01,1.90976468144458206e-01
-5.02499999999999947e+00,1.88596176781578362e-01,8.14466716422902588e-06,1.88588032114414134e-01,1.88604321448742590e-01
-5.01249999999999929e+00,1.86253397447506353e-01,8.24711446546887133e-06,1.86245150333040871e-01,1.86261644561971834e-01
-5.00000000000000000e+00,1.83939720585721167e-01,8.35085039512282963e-06,1.83931369735326034e-01,1.83948071436116301e-01
-4.98749999999999982e+00,1.81654784679505604e-01,8.45589116214096293e-06,1.81646328788343470e-01,1.81663240570667739e-01
-4.97499999999999964e+00,1.79398232702975724e-01,8.56225317935684211e-06,1.79389670449796368e-01,1.79406794956155080e-01
-4.96249999999999947e+00,1.77169712065294249e-01,8.66995306605203387e-06,1.77161042112228190e-01,1.77178382018360309e-01
-4.94999999999999929e+00,1.74968874555577553e-01,8.77900765055293606e-06,1.74960095547926991e-01,1.74977653563228114e-01
-4.93750000000000000e+00,1.72795376288487262e-01,8.88943397286026949e-06,1.72786486854514393e-01,1.72804265722460132e-01
-4.92499999999999982e+00,1.70648877650496800e-01,9.00124928731155488e-06,1.70639876401209478e-01,1.70657878899784121e-01
-4.91249999999999964e+00,1.68529043246827076e-01,9.11447106527718317e-06,1.68519928775761801e-01,1.68538157717892351e-01
-4.89999999999999947e+00,1.66435541849039692e-01,9.22911699789029601e-06,1.66426312732041809e-01,1.66444770966037575e-01
-4.88749999999999929e+00,1.64368046343281948e-01,9.34520499881109634e-06,1.64358701138283131e-01,1.64377391548280766e-01
-4.87500000000000000e+00,1.62326233679174869e-01,9.46275320702592984e-06,1.62316770925967857e-01,1.62335696432381882e-01
-4.86249999999999982e+00,1.60309784819335305e-01,9.58177998968148082e-06,1.60300203039345612e-01,1.60319366599324997e-01
-4.84999999999999964e+00,1.58318384689526553e-01,9.70230394495471980e-06,1.58308682385581601e-01,1.58328086993471506e-01
-4.83749999999999947e+00,1.56351722129426801e-01,9.82434390495884990e-06,1.56341897785521849e-01,1.56361546473331753e-01
-4.82499999999999929e+00,1.54409489844009817e-01,9.94791893868589420e-06,1.54399541925071132e-01,1.54419437762948503e-01
-4.81250000000000000e+00,1.52491384355529641e-01,1.00730483549863053e-05,1.52481311307174655e-01,1.52501457403884627e-01
-4.79999999999999982e+00,1.50597105956101013e-01,1.01997517055859611e-05,1.50586906204395438e-01,1.50607305707806588e-01
-4.78749999999999964e+00,1.48726358660870223e-01,1.03280487881411873e-05,1.48716030612082079e-01,1.48736686709658367e-01
-4.77499999999999947e+00,1.46878850161766328e-01,1.04579596493321404e-05,1.46868392202117004e-01,1.46889308121415652e-01
-4.76249999999999929e+00,1.45054291781827549e-01,1.05895045879951678e-05,1.45043702277239561e-01,1.45064881286415537e-01
-4.75000000000000000e+00,1.43252398430095046e-01,1.07227041582945819e-05,1.43241675725936740e-01,1.43263121134253352e-01
-4.73749999999999982e+00,1.41472888557066384e-01,1.08575791729342412e-05,1.41462030977893449e-01,1.41483746136239319e-01
-4.72499999999999964e+00,1.39715484110703614e-01,1.09941507064096067e-05,1.39704489959997208e-01,1.39726478261410020e-01
-4.71249999999999947e+00,1.37979910492986496e-01,1.11324400983006246e-05,1.37968778052888208e-01,1.37991042933084784e-01
-4.69999999999999929e+00,1.36265896517006213e-01,1.12724689566061051e-05,1.36254624048049611e-01,1.36277168985962815e-01
-4.68750000000000000e+00,1.34573174364591930e-01,1.14142591611200725e-05,1.34561760105430805e-01,1.34584588623753054e-01
-4.67499999999999982e+00,1.32901479544463269e-01,1.15578328668504542e-05,1.32889921711596415e-01,1.32913037377330123e-01
-4.66249999999999964e+00,1.31250550850903591e-01,1.17032125074808976e-05,1.31238847638396106e-01,1.31262254063411077e-01
-4.64999999999999947e+00,1.29620130322945670e-01,1.18504207988760044e-05,1.29608279902146795e-01,1.29631980743744546e-01
-4.63749999999999929e+00,1.28009963204064936e-01,1.19994807426307828e-05,1.27997963723322311e-01,1.28021962684807561e-01
-4.62500000000000000e+00,1.26419797902373232e-01,1.21504156296647307e-05,1.26407647486743574e-01,1.26431948318002890e-01
-4.61249999999999982e+00,1.24849385951306749e-01,1.23032490438610263e-05,1.24837082702262889e-01,1.24861689200350609e-01
-4.59999999999999964e+00,1.23298481970803189e-01,1.24580048657516021e-05,1.23286023965937436e-01,1.23310939975668943e-01
-4.58749999999999947e+00,1.21766843628960286e-01,1.26147072762484596e-05,1.21754228921684041e-01,1.21779458336236532e-01
-4.57499999999999929e+00,1.20254231604170980e-01,1.27733807604220300e-05,1.20241458223410563e-01,1.20267004984931397e-01
-4.56250000000000000e+00,1.18760409547729068e-01,1.29340501113270601e-05,1.18747475497617744e-01,1.18773343597840392e-01
-4.54999999999999982e+00,1.17285144046898798e-01,1.30967404338765156e-05,1.17272047306464927e-01,1.17298240787332669e-01
-4.53749999999999964e+00,1.15828204588444353e-01,1.32614771487643122e-05,1.15814943111295587e-01,1.15841466065593118e-01
-4.52499999999999947e+00,1.14389363522611157e-01,1.34282859964372878e-05,1.14375935236614726e-01,1.14402791808607587e-01
-4.51249999999999929e+00,1.12968396027555346e-01,1.35971930411172443e-05,1.12954798834514231e-01,1.12981993220596461e-01
-4.50000000000000000e+00,1.11565080074214909e-01,1.37682246748735791e-05,1.11551311849540036e-01,1.11578848298889782e-01
-4.48749999999999982e+00,1.10179196391616899e-01,1.39414076217470327e-05,1.10165254983995153e-01,1.10193137799238644e-01
-4.47499999999999964e+00,1.08810528432616405e-01,1.41167689419254241e-05,1.08796411663674486e-01,1.08824645201558323e-01
-4.46249999999999947e+00,1.07458862340060232e-01,1.42943360359717798e-05,1.07444568004024257e-01,1.07473156676096207e-01
-4.44999999999999929e+00,1.06123986913371451e-01,1.44741366491057854e-05,1.06109512776722342e-01,1.06138461050020561e-01
-4.43750000000000000e+00,1.04805693575548906e-01,1.46561988755390719e-05,1.04791037376673363e-01,1.04820349774424448e-01
-4.42499999999999982e+00,1.03503776340576295e-01,1.48405511628649294e-05,1.03488935789413428e-01,1.03518616891739162e-01
-4.41249999999999964e+00,1.02218031781236965e-01,1.50272223165033467e-05,1.02203004558920466e-01,1.02233059003553464e-01
-4.39999999999999947e+00,1.00948258997327650e-01,1.52162415042018394e-05,1.00933042755823446e-01,1.00963475238831854e-01
-4.38749999999999929e+00,9.96942595842675028e-02,1.54076382605930221e-05,9.96788519460069106e-02,9.97096672225280950e-02
-4.37500000000000000e+00,9.84558376020970294e-02,1.56014424918095021e-05,9.84402361596052183e-02,9.84714390445888405e-02
-4.36249999999999982e+00,9.72327995448617477e-02,1.57976844801567121e-05,9.72170018603815966e-02,9.72485972293418988e-02
-4.34999999999999964e+00,9.60249543103770253e-02,1.59963948888446129e-05,9.60089579154881773e-02,9.60409507052658734e-02
-4.33749999999999947e+00,9.48321131703675768e-02,1.61976047667788115e-05,9.48159155656008029e-02,9.48483107751343507e-02
-4.32499999999999929e+00,9.36540897409784412e-02,1.64013455534120777e-05,9.36376883954250228e-02,9.36704910865318596e-02
-4.31250000000000000e+00,9.24906999536521390e-02,1.66076490836568574e-05,9.24740923045684754e-02,9.25073076027358027e-02
-4.29999999999999982e+00,9.13417620263673041e-02,1.68165475928594840e-05,9.13249454787744414e-02,9.13585785739601669e-02
-4.28749999999999964e+00,9.02070964352353483e-02,1.70280737218370561e-05,9.01900683615135118e-02,9.02241245089571847e-02
-4.27499999999999947e+00,8.90865258864491638e-02,1.72422605219775517e-05,8.90692836259271842e-02,8.91037681469711434e-02
-4.26249999999999929e+00,8.79798752885806862e-02,1.74591414604042290e-05,8.79624161471202759e-02,8.79973344300410965e-02
-4.25000000000000000e+00,8.68869717252225698e-02,1.76787504252049905e-05,8.68692929747973686e-02,8.69046504756477711e-02
-4.23749999999999982e+00,8.58076444279693429e-02,1.79011217307273898e-05,8.57897433062386194e-02,8.58255455497000663e-02
-4.22499999999999964e+00,8.47417247497350146e-02,1.81262901229403598e-05,8.47235984596120678e-02,8.47598510398579613e-02
-4.21249999999999947e+00,8.36890461384012102e-02,1.83542907848632640e-05,8.36706918476163436e-02,8.37074004291860768e-02
-4.19999999999999929e+00,8.26494441107932104e-02,1.85851593420633670e-05,8.26308589514511416e-02,8.26680292701352792e-02
-4.18750000000000000e+00,8.16227562269792040e-02,1.88189318682224642e-05,8.16039372951109787e-02,8.16415751588474292e-02
-4.17499999999999982e+00,8.06088220648883691e-02,1.90556448907733878e-05,8.05897664199975994e-02,8.06278777097791388e-02
-4.16249999999999964e+00,7.96074831952450906e-02,1.92953353966075384e-05,7.95881878598484888e-02,7.96267785306416925e-02
-4.14999999999999947e+00,7.86185831568137622e-02,1.95380408378540724e-05,7.85990451159759018e-02,7.86381211976516226e-02
-4.13749999999999929e+00,7.76419674319514391e-02,1.97837991377319440e-05,7.76221836328137016e-02,7.76617512310891767e-02
-4.12500000000000000e+00,7.66774834224642349e-02,2.00326486964755343e-05,7.66574507737677602e-02,7.66975160711607096e-02
-4.11249999999999982e+00,7.57249804257632692e-02,2.02846283973346908e-05,7.57046957973659396e-02,7.57452650541605987e-02
-4.09999999999999964e+00,7.47843096113175038e-02,2.05397776126503620e-05,7.47637698337048490e-02,7.48048493889301586e-02
-4.08749999999999947e+00,7.38553239973983588e-02,2.07981362100065135e-05,7.38345258611883548e-02,7.38761221336083629e-02
-4.07499999999999929e+00,7.29378784281136394e-02,2.10597445584595774e-05,7.29168186835551790e-02,7.29589381726720998e-02
-4.06250000000000000e+00,7.20318295507266365e-02,2.13246435348462864e-05,7.20105049071917969e-02,7.20531541942614762e-02
-4.04999999999999982e+00,7.11370357932567671e-02,2.15928745301706374e-05,7.11154429187265957e-02,7.11586286677869384e-02
-4.03749999999999964e+00,7.02533573423590324e-02,2.18644794560714088e-05,7.02314928629029639e-02,7.02752218218151009e-02
-4.02499999999999947e+00,6.93806561214775908e-02,2.21395007513708220e-05,6.93585166207262155e-02,6.94027956222289660e-02
-4.01249999999999929e+00,6.85187957692711819e-02,2.24179813887057633e-05,6.84963777878824787e-02,6.85412137506598851e-02
-4.00000000000000000e+00,6.76676416183063512e-02,2.26999648812424271e-05,6.76449416534251058e-02,6.76903415831875965e-02
-3.98749999999999982e+00,6.68270606740151984e-02,2.29854952894752191e-05,6.68040751787257192e-02,6.68500461693046777e-02
-3.97499999999999964e+00,6.59969215939150838e-02,2.32746172281113892e-05,6.59736469766869782e-02,6.60201962111431895e-02
-3.96249999999999947e+00,6.51770946670857942e-02,2.35673758730420246e-05,6.51535272912127511e-02,6.52006620429588374e-02
-3.94999999999999929e+00,6.43674517939020613e-02,2.38638169684009852e-05,6.43435879769336666e-02,6.43913156108704560e-02
-3.93750000000000000e+00,6.35678664660177806e-02,2.41639868337125675e-05,6.35437024791840749e-02,6.35920304528514863e-02
-3.92499999999999982e+00,6.27782137465986018e-02,2.44679323711289300e-05,6.27537458142274768e-02,6.28026816789697268e-02
-3.91249999999999964e+00,6.19983702508005857e-02,2.47757010727587208e-05,6.19735945497278257e-02,6.20231459518733458e-02
-3.89999999999999947e+00,6.12282141264909249e-02,2.50873410280876854e-05,6.12031267854628372e-02,6.12533014675190127e-02
-3.88749999999999929e+00,6.04676250352082917e-02,2.54029009314928389e-05,6.04422221342768018e-02,6.04930279361397816e-02
-3.87500000000000000e+00,5.97164841333598095e-02,2.57224300898511391e-05,5.96907617032699581e-02,5.97422065634496610e-02
-3.86249999999999982e+00,5.89746740536512409e-02,2.60459784302436677e-05,5.89486280752209990e-02,5.90007200320814829e-02
-3.84999999999999964e+00,5.82420788867484551e-02,2.63735965077569259e-05,5.82157052902406991e-02,5.82684524832562112e-02
-3.83749999999999947e+00,5.75185841631661587e-02,2.67053355133820164e-05,5.74918788276527759e-02,5.75452894986795416e-02
-3.82499999999999929e+00,5.68040768353818282e-02,2.70412472820134566e-05,5.67770355880998154e-02,5.68311180826638410e-02
-3.81250000000000000e+00,5.60984452601718669e-02,2.73813843005485550e-05,5.60710638758713173e-02,5.61258266444724166e-02
-3.79999999999999982e+00,5.54015791811669350e-02,2.77257997160884692e-05,5.53738533814508438e-02,5.54293049808830263e-02
-3.78749999999999964e+00,5.47133697116244377e-02,2.80745473442426556e-05,5.46852951642801954e-02,5.47414442589686800e-02
-3.77499999999999947e+00,5.40337093174146077e-02,2.84276816775374874e-05,5.40052816357370694e-02,5.40621369990921460e-02
-3.76249999999999929e+00,5.33624918002180565e-02,2.87852578939309519e-05,5.33337065423241247e-02,5.33912770581119883e-02
-3.75000000000000000e+00,5.26996122809321663e-02,2.91473318654344054e-05,5.26704649490667351e-02,5.27287596127975974e-02
-3.73749999999999982e+00,5.20449671832833236e-02,2.95139601668425390e-05,5.20154532231164798e-02,5.20744811434501673e-02
-3.72499999999999964e+00,5.13984542176431775e-02,2.98852000845734105e-05,5.13685690175586032e-02,5.14283394177277517e-02
-3.71249999999999947e+00,5.07599723650455012e-02,3.02611096256194144e-05,5.07297112554198834e-02,5.07902334746711190e-02
-3.69999999999999929e+00,5.01294218614018322e-02,3.06417475266110664e-05,5.00987801138752242e-02,5.01600636089284402e-02
-3.68750000000000000e+00,4.95067041819131498e-02,3.10271732629948798e-05,4.94756770086501527e-02,4.95377313551761470e-02
-3.67499999999999982e+00,4.88917220256750232e-02,3.14174470583263062e-05,4.88603045786166965e-02,4.89231394727333499e-02
-3.66249999999999964e+00,4.82843793004743838e-02,3.18126298936799397e-05,4.82525666705807058e-02,4.83161919303680618e-02
-3.64999999999999947e+00,4.76845811077747858e-02,3.22127835171777630e-05,4.76523683242576074e-02,4.77167938912919642e-02
-3.63749999999999929e+00,4.70922337278883024e-02,3.26179704536375104e-05,4.70596157574346627e-02,4.71248516983419422e-02
-3.62500000000000000e+00,4.65072446053317462e-02,3.30282540143424068e-05,4.64742163513174045e-02,4.65402728593460879e-02
-3.61249999999999982e+00,4.59295223343644463e-02,3.34436983069335498e-05,4.58960786360575121e-02,4.59629660326713804e-02
-3.59999999999999964e+00,4.53589766447062351e-02,3.38643682454269491e-05,4.53251122764608064e-02,4.53928410129516638e-02
-3.58749999999999947e+00,4.47955183874323148e-02,3.42903295603562847e-05,4.47612280578719574e-02,4.48298087169926723e-02
-3.57499999999999929e+00,4.42390595210436152e-02,3.47216488090435816e-05,4.42043378722345726e-02,4.42737811698526579e-02
-3.56250000000000000e+00,4.36895130977101934e-02,3.51583933859990393e-05,4.36543547043241956e-02,4.37246714910961912e-02
-3.54999999999999982e+00,4.31467932496852474e-02,3.56006315334513661e-05,4.31111926181517932e-02,4.31823938812187016e-02
-3.53749999999999964e+00,4.26108151758883974e-02,3.60484323520109004e-05,4.25747667435363852e-02,4.26468636082404096e-02
-3.52499999999999947e+00,4.20814951286551595e-02,3.65018658114665432e-05,4.20449932628436940e-02,4.21179969944666249e-02
-3.51249999999999929e+00,4.15587504006512468e-02,3.69610027617187854e-05,4.15217893978895303e-02,4.15957114034129632e-02
-3.50000000000000000e+00,4.10424993119494000e-02,3.74259149438502923e-05,4.10050733970055495e-02,4.10799252268932505e-02
-3.48749999999999982e+00,4.05326611972666173e-02,3.78966750013353957e-05,4.04947645222652822e-02,4.05705578722679525e-02
-3.47499999999999964e+00,4.00291563933602573e-02,3.83733564913909048e-05,3.99907830368688641e-02,4.00675297498516506e-02
-3.46249999999999947e+00,3.95319062265803087e-02,3.88560338964693939e-05,3.94930501926838359e-02,3.95707622604767814e-02
-3.44999999999999929e+00,3.90408330005765497e-02,3.93447826358973480e-05,3.90014882179406525e-02,3.90801777832124470e-02
-3.43750000000000000e+00,3.85558599841583569e-02,3.98396790776597482e-05,3.85160203050806949e-02,3.85956996632360189e-02
-3.42499999999999982e+00,3.80769113993051633e-02,4.03408005503324898e-05,3.80365705987548292e-02,3.81172521998554975e-02
-3.41249999999999964e+00,3.76039124093261873e-02,4.08482253551652869e-05,3.75630641839710191e-02,3.76447606346813554e-02
-3.39999999999999947e+00,3.71367891071669176e-02,4.13620327783161888e-05,3.70954270743885997e-02,3.71781511399452355e-02
-3.38749999999999929e+00,3.66754685038610320e-02,4.18823031032403384e-05,3.66335862007577950e-02,3.67173508069642690e-02
-3.37500000000000000e+00,3.62198785171257281e-02,4.24091176232345776e-05,3.61774693995024904e-02,3.62622876347489659e-02
-3.36249999999999982e+00,3.57699479600986081e-02,4.29425586541394721e-05,3.57270054014444671e-02,3.58128905187527491e-02
-3.34999999999999964e+00,3.53256065302147773e-02,4.34827095472014588e-05,3.52821238206675741e-02,3.53690892397619805e-02
-3.33749999999999947e+00,3.48867847982217982e-02,4.40296547020964591e-05,3.48427551435196992e-02,3.49308144529238973e-02
-3.32499999999999929e+00,3.44534141973312572e-02,4.45834795801176124e-05,3.44088307177511377e-02,3.44979976769113766e-02
-3.31250000000000000e+00,3.40254270125050981e-02,4.51442707175289537e-05,3.39802827417875694e-02,3.40705712832226268e-02
-3.29999999999999982e+00,3.36027563698748782e-02,4.57121157390866348e-05,3.35570442541357900e-02,3.36484684856139665e-02
-3.28749999999999964e+00,3.31853362262927859e-02,4.62871033717306555e-05,3.31390491229210521e-02,3.32316233296645197e-02
-3.27499999999999947e+00,3.27731013590121523e-02,4.68693234584483545e-05,3.27262320355537067e-02,3.28199706824705978e-02
-3.26249999999999929e+00,3.23659873554962493e-02,4.74588669723127328e-05,3.23185284885239357e-02,3.24134462224685629e-02
-3.25000000000000000e+00,3.19639306033537851e-02,4.80558260306973475e-05,3.19158747773230847e-02,3.20119864293844855e-02
-3.23749999999999982e+00,3.15668682803991879e-02,4.86602939096695969e-05,3.15182079864895215e-02,3.16155285743088543e-02
-3.22499999999999964e+00,3.11747383448367013e-02,4.92723650585654541e-05,3.11254659797781351e-02,3.12240107098952675e-02
-3.21249999999999947e+00,3.07874795255660902e-02,4.98921351147471183e-05,3.07375873904513416e-02,3.08373716606808387e-02
-3.19999999999999929e+00,3.04050313126089621e-02,5.05197009185467092e-05,3.03545116116904143e-02,3.04555510135275098e-02
-3.18750000000000000e+00,3.00273339476539725e-02,5.11551605283979549e-05,2.99761787871255757e-02,3.00784891081823692e-02
-3.17499999999999982e+00,2.96543284147193602e-02,5.17986132361577438e-05,2.96025298014832017e-02,2.97061270279555187e-02
-3.16249999999999964e+00,2.92859564309317505e-02,5.24501595826208750e-05,2.92335062713491300e-02,2.93384065905143709e-02
-3.14999999999999947e+00,2.89221604374192177e-02,5.31099013732294698e-05,2.88690505360459891e-02,2.89752703387924464e-02
-3.13749999999999929e+00,2.85628835903176184e-02,5.37779416939804678e-05,2.85091056486236373e-02,2.86166615320115995e-02
-3.12500000000000000e+00,2.82080697518886751e-02,5.44543849275332250e-05,2.81536153669611419e-02,2.82625241368162083e-02
-3.11249999999999982e+00,2.78576634817481981e-02,5.51393367695192081e-05,2.78025241449786804e-02,2.79128028185177159e-02
-3.09999999999999964e+00,2.75116100282036050e-02,5.58329042450573886e-05,2.74557771239585489e-02,2.75674429324486610e-02
-3.08749999999999947e+00,2.71698553196987221e-02,5.65351957254767805e-05,2.71133201239732446e-02,2.72263905154241995e-02
-3.07499999999999929e+00,2.68323459563650432e-02,5.72463209452499301e-05,2.67750996354197933e-02,2.68895922773102931e-02
-3.06250000000000000e+00,2.64990292016779004e-02,5.79663910191393158e-05,2.64410628106587602e-02,2.65569955926970407e-02
-3.04999999999999982e+00,2.61698529742161907e-02,5.86955184595589825e-05,2.61111574557566332e-02,2.62285484926757483e-02
-3.03749999999999964e+00,2.58447658395246846e-02,5.94338171941550218e-05,2.57853320223305309e-02,2.59041996567188383e-02
-3.02499999999999947e+00,2.55237170020771835e-02,6.01814025836066883e-05,2.54635355994935753e-02,2.55838984046607917e-02
-3.01249999999999929e+00,2.52066562973396677e-02,6.09383914396519511e-05,2.51457179059000162e-02,2.52675946887793192e-02
-3.00000000000000000e+00,2.48935341839319722e-02,6.17049020433397806e-05,2.48318292818886337e-02,2.49552390859753108e-02
-2.98749999999999982e+00,2.45843017358867814e-02,6.24810541635114719e-05,2.45218206817232713e-02,2.46467827900502916e-02
-2.97499999999999964e+00,2.42789106350049730e-02,6.32669690755150111e-05,2.42156436659294594e-02,2.43421776040804866e-02
-2.96249999999999947e+00,2.39773131633057128e-02,6.40627695801542662e-05,2.39132503937255596e-02,2.40413759328858660e-02
-2.94999999999999929e+00,2.36794621955704436e-02,6.48685800228770211e-05,2.36145936155475675e-02,2.37443307755933197e-02
-2.93750000000000000e+00,2.33853111919794902e-02,6.56845263132044884e-05,2.33196266656662855e-02,2.34509957182926949e-02
-2.92499999999999982e+00,2.30948141908400503e-02,6.65107359444046047e-05,2.30283034548956454e-02,2.31613249267844552e-02
-2.91249999999999964e+00,2.28079258014046923e-02,6.73473380134133109e-05,2.27405784633912776e-02,2.28752731394181071e-02
-2.89999999999999947e+00,2.25246011967788901e-02,6.81944632410058215e-05,2.24564067335378849e-02,2.25927956600198952e-02
-2.88749999999999929e+00,2.22447961069167435e-02,6.90522439922223297e-05,2.21757438629245213e-02,2.23138483509089658e-02
-2.87500000000000000e+00,2.19684668117037067e-02,6.99208142970505190e-05,2.18985459974066557e-02,2.20383876260007577e-02
-2.86249999999999982e+00,2.16955701341251771e-02,7.08003098713676059e-05,2.16247698242538096e-02,2.17663704439965446e-02
-2.84999999999999964e+00,2.14260634335200831e-02,7.16908681381465886e-05,2.13543725653819357e-02,2.14977543016582305e-02
-2.83749999999999947e+00,2.11599045989181410e-02,7.25926282489283432e-05,2.10873119706692126e-02,2.12324972271670694e-02
-2.82499999999999929e+00,2.08970520424599411e-02,7.35057311055647283e-05,2.08235463113543781e-02,2.09705577735655041e-02
-2.81250000000000000e+00,2.06374646928987743e-02,7.44303193822349235e-05,2.05630343735165380e-02,2.07118950122810105e-02
-2.79999999999999982e+00,2.03811019891831022e-02,7.53665375477382518e-05,2.03057354516353629e-02,2.04564685267308415e-02
-2.78749999999999964e+00,2.01279238741189186e-02,7.63145318880679605e-05,2.00516093422308493e-02,2.02042384060069878e-02
-2.77499999999999947e+00,1.98778907881106415e-02,7.72744505292682898e-05,1.98006163375813726e-02,1.99551652386399103e-02
-2.76249999999999929e+00,1.96309636629798910e-02,7.82464434605797905e-05,1.95527172195193097e-02,1.97092101064404723e-02
-2.75000000000000000e+00,1.93871039158610044e-02,7.92306625578756277e-05,1.93078732533031282e-02,1.94663345784188806e-02
-2.73749999999999982e+00,1.91462734431723236e-02,8.02272616073921647e-05,1.90660461815649329e-02,1.92265007047797143e-02
-2.72499999999999964e+00,1.89084346146625344e-02,8.12363963297586231e-05,1.88271982183327753e-02,1.89896710109922935e-02
-2.71249999999999947e+00,1.86735502675307932e-02,8.22582244043283553e-05,1.85912920431264665e-02,1.87558084919351199e-02
-2.69999999999999929e+00,1.84415837006199901e-02,8.32929054938167697e-05,1.83582907951261726e-02,1.85248766061138076e-02
-2.68750000000000000e+00,1.82124986686821172e-02,8.43406012692493238e-05,1.81281580674128688e-02,1.82968392699513656e-02
-2.67499999999999982e+00,1.79862593767148270e-02,8.54014754352224728e-05,1.79008579012796057e-02,1.80716608521500482e-02
-2.66249999999999964e+00,1.77628304743684753e-02,8.64756937554831838e-05,1.76763547806129927e-02,1.78493061681239580e-02
-2.64999999999999947e+00,1.75421770504225021e-02,8.75634240788293735e-05,1.74546136263436721e-02,1.76297404745013320e-02
-2.63749999999999929e+00,1.73242646273304990e-02,8.86648363653368810e-05,1.72355997909651622e-02,1.74129294636958358e-02
-2.62500000000000000e+00,1.71090591558330160e-02,8.97801027129164846e-05,1.70192790531201003e-02,1.71988392585459317e-02
-2.61249999999999982e+00,1.68965270096372716e-02,9.09093973842040135e-05,1.68056176122530661e-02,1.69874364070214771e-02
-2.59999999999999964e+00,1.66866349801630329e-02,9.20528968337895972e-05,1.65945820833292429e-02,1.67786878769968228e-02
-2.58749999999999947e+00,1.64793502713536689e-02,9.32107797357885337e-05,1.63861394916178793e-02,1.65725610510894586e-02
-2.57499999999999929e+00,1.62746404945517016e-02,9.43832270117598210e-05,1.61802572675399416e-02,1.63690237215634617e-02
-2.56250000000000000e+00,1.60724736634380340e-02,9.55704218589758744e-05,1.59769032415790595e-02,1.61680440852970085e-02
-2.54999999999999982e+00,1.58728181890339694e-02,9.67725497790469146e-05,1.57760456392549223e-02,1.59695907388130165e-02
-2.53749999999999964e+00,1.56756428747654372e-02,9.79897986069063940e-05,1.55776530761585312e-02,1.57736326733723432e-02
-2.52499999999999947e+00,1.54809169115884323e-02,9.92223585401599839e-05,1.53816945530482717e-02,1.55801392701285929e-02
-2.51249999999999929e+00,1.52886098731750339e-02,1.00470422168804776e-04,1.51881394510062287e-02,1.53890802953438391e-02
-2.50000000000000000e+00,1.50986917111592504e-02,1.01734184505322084e-04,1.49969575266539288e-02,1.52004258956645721e-02
-2.48749999999999982e+00,1.49111327504418481e-02,1.03013843015148165e-04,1.48081189074267001e-02,1.50141465934569961e-02
-2.47499999999999964e+00,1.47259036845536397e-02,1.04309597647528831e-04,1.46215940869061107e-02,1.48302132822011688e-02
-2.46249999999999947e+00,1.45429755710762242e-02,1.05621650866761458e-04,1.44373539202094624e-02,1.46485972219429859e-02
-2.44999999999999929e+00,1.43623198271197045e-02,1.06950207683830743e-04,1.42553696194358745e-02,1.44692700348035344e-02
-2.43750000000000000e+00,1.41839082248565503e-02,1.08295475688442513e-04,1.40756127491681073e-02,1.42922037005449934e-02
-2.42499999999999982e+00,1.40077128871109041e-02,1.09657665081459453e-04,1.38980552220294446e-02,1.41173705521923636e-02
-2.41249999999999964e+00,1.38337062830027821e-02,1.11036988707745828e-04,1.37226692942950361e-02,1.39447432717105281e-02
-2.39999999999999947e+00,1.36618612236462725e-02,1.12433662089424301e-04,1.35494275615568489e-02,1.37742948857356960e-02
-2.38749999999999929e+00,1.34921508579012323e-02,1.13847903459552094e-04,1.33783029544416801e-02,1.36059987613607845e-02
-2.37500000000000000e+00,1.33245486681777426e-02,1.15279933796220814e-04,1.32092687343815223e-02,1.34398286019739629e-02
-2.36249999999999982e+00,1.31590284662926500e-02,1.16729976857084033e-04,1.30422984894355658e-02,1.32757584431497343e-02
-2.34999999999999964e+00,1.29955643893776666e-02,1.18198259214320360e-04,1.28773661301633466e-02,1.31137626485919867e-02
-2.33749999999999947e+00,1.28341308958382048e-02,1.19685010290035158e-04,1.27144458855481691e-02,1.29538159061282406e-02
-2.32499999999999929e+00,1.26747027613624604e-02,1.21190462392108608e-04,1.25535122989703513e-02,1.27958932237545696e-02
-2.31250000000000000e+00,1.25172550749800739e-02,1.22714850750494742e-04,1.23945402242295784e-02,1.26399699257305695e-02
-2.29999999999999982e+00,1.23617632351696941e-02,1.24258413553975924e-04,1.22375048216157179e-02,1.24860216487236702e-02
-2.28749999999999964e+00,1.22082029460150107e-02,1.25821391987380841e-04,1.20823815540276290e-02,1.23340243380023924e-02
-2.27499999999999947e+00,1.20565502134084256e-02,1.27404030269269420e-04,1.19291461831391565e-02,1.21839542436776947e-02
-2.26249999999999929e+00,1.19067813413019277e-02,1.29006575690092851e-04,1.17777747656118356e-02,1.20357879169920197e-02
-2.25000000000000000e+00,1.17588729280045535e-02,1.30629278650833770e-04,1.16282436493537200e-02,1.18895022066553870e-02
-2.23749999999999982e+00,1.16128018625257824e-02,1.32272392702131213e-04,1.14805294698236519e-02,1.17450742552279129e-02
-2.22499999999999964e+00,1.14685453209644600e-02,1.33936174583898878e-04,1.13346091463805611e-02,1.16024814955483589e-02
-2.21249999999999947e+00,1.13260807629424753e-02,1.35620884265440526e-04,1.11904598786770355e-02,1.14617016472079152e-02
-2.19999999999999929e+00,1.11853859280827903e-02,1.37326784986071268e-04,1.10480591430967192e-02,1.13227127130688613e-02
-2.18750000000000000e+00,1.10464388325312215e-02,1.39054143296249568e-04,1.09073846892349720e-02,1.11854929758274709e-02
-2.17499999999999982e+00,1.09092177655213812e-02,1.40803229099225783e-04,1.07684145364221554e-02,1.10500209946206070e-02
-2.16249999999999964e+00,1.07737012859823802e-02,1.42574315693215378e-04,1.06311269702891644e-02,1.09162756016755961e-02
-2.14999999999999947e+00,1.06398682191885790e-02,1.44367679814101749e-04,1.04955005393744770e-02,1.07842358990026810e-02
-2.13749999999999929e+00,1.05076976534510067e-02,1.46183601678677157e-04,1.03615140517723300e-02,1.06538812551296835e-02
-2.12500000000000000e+00,1.03771689368498711e-02,1.48022365028427691e-04,1.02291465718214441e-02,1.05251913018782981e-02
-2.11249999999999982e+00,1.02482616740076238e-02,1.49884257173867736e-04,1.00983774168337554e-02,1.03981459311814923e-02
-2.09999999999999964e+00,1.01209557229021904e-02,1.51769569039433388e-04,9.96918615386275728e-03,1.02727252919416236e-02
-2.08749999999999947e+00,9.99523119171970460e-03,1.53678595208939022e-04,9.84155259651076607e-03,1.01489097869286431e-02
-2.07499999999999929e+00,9.87106843574638189e-03,1.55611633971607333e-04,9.71545680177477410e-03,1.00266800697179897e-02
-2.06250000000000000e+00,9.74844805429899743e-03,1.57568987368677995e-04,9.59087906693031900e-03,9.90601704166767585e-03
-2.04999999999999982e+00,9.62735088769346020e-03,1.59550961240601631e-04,9.46779992645285784e-03,9.78690184893406256e-03
-2.03749999999999964e+00,9.50775801425112269e-03,1.61557865274828349e-04,9.34620014897629380e-03,9.66931587952595158e-03
-2.02499999999999947e+00,9.38965074734219619e-03,1.63590013054196285e-04,9.22606073428799967e-03,9.55324076039639272e-03
-2.01249999999999929e+00,9.27301063246593373e-03,1.65647722105930113e-04,9.10736291036000345e-03,9.43865835457186400e-03
-2.00000000000000000e+00,9.15781944436708933e-03,1.67731313951255927e-04,8.99008813041583289e-03,9.32555075831834578e-03
-1.98749999999999893e+00,9.04405918418814056e-03,1.69841114155638910e-04,8.87421807003250206e-03,9.21390029834377906e-03
-1.97499999999999964e+00,8.93171207665701718e-03,1.71977452379652832e-04,8.75973462427736410e-03,9.10368952903667025e-03
-1.96250000000000036e+00,8.82076056730958166e-03,1.74140662430491926e-04,8.64661990487908955e-03,8.99490122974007378e-03
-1.94999999999999929e+00,8.71118731974674862e-03,1.76331082314128037e-04,8.53485623743262083e-03,8.88751840206087641e-03
-1.93750000000000000e+00,8.60297521292569152e-03,1.78549054288123789e-04,8.42442615863756711e-03,8.78152426721381593e-03
-1.92499999999999893e+00,8.49610733848452614e-03,1.80794924915113239e-04,8.31531241356941314e-03,8.67690226339963913e-03
-1.91249999999999964e+00,8.39056699810047935e-03,1.83069045116950491e-04,8.20749795298352826e-03,8.57363604321743043e-03
-1.90000000000000036e+00,8.28633770088062736e-03,1.85371770229544110e-04,8.10096593065108388e-03,8.47170947111017085e-03
-1.88749999999999929e+00,8.18340316078520688e-03,1.87703460058378249e-04,7.99569970072682920e-03,8.37110662084358456e-03
-1.87500000000000000e+00,8.08174729408293706e-03,1.90064478934731841e-04,7.89168281514820470e-03,8.27181177301766941e-03
-1.86249999999999893e+00,7.98135421683779725e-03,1.92455195772608478e-04,7.78889902106518883e-03,8.17380941261040654e-03
-1.84999999999999964e+00,7.88220824242724313e-03,1.94875984126377402e-04,7.68733225830086579e-03,8.07708422655362135e-03
-1.83750000000000036e+00,7.78429387909104504e-03,1.97327222249144344e-04,7.58696665684190086e-03,7.98162110134018922e-03
-1.82499999999999929e+00,7.68759582751071032e-03,1.99809293151853389e-04,7.48778653435885726e-03,7.88740512066256338e-03
-1.81250000000000000e+00,7.59209897841897283e-03,2.02322584663132258e-04,7.38977639375584024e-03,7.79442156308210541e-03
-1.79999999999999893e+00,7.49778841023884465e-03,2.04867489489893567e-04,7.29292092074895065e-03,7.70265589972873865e-03
-1.78749999999999964e+00,7.40464938675219984e-03,2.07444405278693487e-04,7.19720498147350621e-03,7.61209379203089346e-03
-1.77500000000000036e+00,7.31266735479711022e-03,2.10053734677867075e-04,7.10261362011924309e-03,7.52272108947497735e-03
-1.76249999999999929e+00,7.22182794199393262e-03,2.12695885400442141e-04,7.00913205659349069e-03,7.43452382739437454e-03
-1.75000000000000000e+00,7.13211695449962775e-03,2.15371270287843765e-04,6.91674568421178377e-03,7.34748822478747173e-03
-1.73749999999999893e+00,7.04352037478985470e-03,2.18080307374404520e-04,6.82544006741545028e-03,7.26160068216425911e-03
-1.72499999999999964e+00,6.95602435946880877e-03,2.20823419952679954e-04,6.73520093951612917e-03,7.17684777942148838e-03
-1.71250000000000036e+00,6.86961523710607168e-03,2.23601036639591727e-04,6.64601420046647979e-03,7.09321627374566357e-03
-1.69999999999999929e+00,6.78427950610046085e-03,2.26413591443398694e-04,6.55786591465706229e-03,7.01069309754385941e-03
-1.68750000000000000e+00,6.70000383257041403e-03,2.29261523831510313e-04,6.47074230873890405e-03,6.92926535640192402e-03
-1.67499999999999893e+00,6.61677504827045890e-03,2.32145278799157189e-04,6.38462976947130195e-03,6.84892032706961584e-03
-1.66249999999999964e+00,6.53458014853373990e-03,2.35065306938919282e-04,6.29951484159482072e-03,6.76964545547265907e-03
-1.65000000000000036e+00,6.45340629023993632e-03,2.38022064511134667e-04,6.21538422572880198e-03,6.69142835475107067e-03
-1.63749999999999929e+00,6.37324078980852898e-03,2.41016013515189982e-04,6.13222477629333899e-03,6.61425680332371896e-03
-1.62500000000000000e+00,6.29407112121699915e-03,2.44047621761707498e-04,6.05002349945529122e-03,6.53811874297870708e-03
-1.61249999999999893e+00,6.21588491404353582e-03,2.47117362945644444e-04,5.96876755109789110e-03,6.46300227698918053e-03
-1.59999999999999964e+00,6.13866995153421798e-03,2.50225716720305416e-04,5.88844423481391273e-03,6.38889566825452324e-03
-1.58750000000000036e+00,6.06241416869404953e-03,2.53373168772292137e-04,5.80904099992175706e-03,6.31578733746634199e-03
-1.57499999999999929e+00,5.98710565040180571e-03,2.56560210897391642e-04,5.73054543950441385e-03,6.24366586129919757e-03
-1.56250000000000000e+00,5.91273262954830885e-03,2.59787341077419222e-04,5.65294528847088990e-03,6.17251997062572780e-03
-1.54999999999999893e+00,5.83928348519771601e-03,2.63055063558032096e-04,5.57622842163968402e-03,6.10233854875574799e-03
-1.53749999999999964e+00,5.76674674077181076e-03,2.66363888927515131e-04,5.50038285184429546e-03,6.03311062969932605e-03
-1.52500000000000036e+00,5.69511106225668862e-03,2.69714334196564573e-04,5.42539672806012421e-03,5.96482539645325303e-03
-1.51249999999999929e+00,5.62436525643182725e-03,2.73106922879070809e-04,5.35125833355275683e-03,5.89747217931089768e-03
-1.50000000000000000e+00,5.55449826912115304e-03,2.76542185073916813e-04,5.27795608404723650e-03,5.83104045419506958e-03
-1.48749999999999893e+00,5.48549918346573438e-03,2.80020657547810491e-04,5.20547852591792416e-03,5.76551984101354460e-03
-1.47499999999999964e+00,5.41735721821807580e-03,2.83542883819151996e-04,5.13381433439892391e-03,5.70090010203722769e-03
-1.46250000000000036e+00,5.35006172605746386e-03,2.87109414242962704e-04,5.06295231181450121e-03,5.63717114030042651e-03
-1.44999999999999929e+00,5.28360219192632301e-03,2.90720806096878058e-04,4.99288138582944501e-03,5.57432299802320102e-03
-1.43750000000000000e+00,5.21796823138725215e-03,2.94377623668221576e-04,4.92359060771903074e-03,5.51234585505547357e-03
-1.42499999999999893e+00,5.15314958900036594e-03,2.98080438342179766e-04,4.85506915065818650e-03,5.45123002734254538e-03
-1.41249999999999964e+00,5.08913613672093423e-03,3.01829828691077713e-04,4.78730630802985668e-03,5.39096596541201178e-03
-1.40000000000000036e+00,5.02591787231679212e-03,3.05626380564786150e-04,4.72029149175200603e-03,5.33154425288157822e-03
-1.38749999999999929e+00,4.96348491780550152e-03,3.09470687182260154e-04,4.65401423062324158e-03,5.27295560498776145e-03
-1.37500000000000000e+00,4.90182751791091390e-03,3.13363349224228787e-04,4.58846416868668484e-03,5.21519086713514296e-03
-1.36249999999999893e+00,4.84093603853883760e-03,3.17304974927056969e-04,4.52363106361178095e-03,5.15824101346589424e-03
-1.34999999999999964e+00,4.78080096527175227e-03,3.21296180177778942e-04,4.45950478509397376e-03,5.10209714544953077e-03
-1.33750000000000036e+00,4.72141290188210581e-03,3.25337588610335852e-04,4.39607531327176979e-03,5.04675049049244182e-03
-1.32499999999999929e+00,4.66276256886415889e-03,3.29429831703018149e-04,4.33333273716114079e-03,4.99219240056717698e-03
-1.31250000000000000e+00,4.60484080198406923e-03,3.33573548877133671e-04,4.27126725310693518e-03,4.93841435086120328e-03
-1.29999999999999893e+00,4.54763855084790343e-03,3.37769387596922465e-04,4.20986916325098107e-03,4.88540793844482579e-03
-1.28749999999999964e+00,4.49114687748755799e-03,3.42018003470719891e-04,4.14912887401683826e-03,4.83316488095827772e-03
-1.27500000000000036e+00,4.43535695496412915e-03,3.46320060353400613e-04,4.08903689461072826e-03,4.78167701531753003e-03
-1.26249999999999929e+00,4.38026006598870969e-03,3.50676230450105791e-04,4.02958383553860423e-03,4.73093629643881516e-03
-1.25000000000000000e+00,4.32584760156031704e-03,3.55087194421274514e-04,3.97076040713904236e-03,4.68093479598159171e-03
-1.23749999999999893e+00,4.27211105962066549e-03,3.59553641489002737e-04,3.91255741813166264e-03,4.63166470110966833e-03
-1.22499999999999964e+00,4.21904204372576530e-03,3.64076269544730518e-04,3.85496577418103495e-03,4.58311831327049609e-03
-1.21250000000000036e+00,4.16663226173390449e-03,3.68655785258293570e-04,3.79797647647561092e-03,4.53528804699219849e-03
-1.19999999999999929e+00,4.11487352451001161e-03,3.73292904188339927e-04,3.74158062032167163e-03,4.48816642869835115e-03
-1.18750000000000000e+00,4.06375774464610550e-03,3.77988350894135363e-04,3.68576939375197003e-03,4.44174609554024054e-03
-1.17499999999999893e+00,4.01327693519757268e-03,3.82742859048781968e-04,3.63053407614879076e-03,4.39601979424635459e-03
-1.16249999999999964e+00,3.96342320843524713e-03,3.87557171553850677e-04,3.57586603688139640e-03,4.35098037998909743e-03
-1.15000000000000036e+00,3.91418877461288672e-03,3.92432040655465823e-04,3.52175673395742090e-03,4.30662081526835255e-03
-1.13749999999999929e+00,3.86556594075003175e-03,3.97368228061843276e-04,3.46819771268818853e-03,4.26293416881187541e-03
-1.12500000000000000e+00,3.81754710942998083e-03,4.02366505062306623e-04,3.41518060436767426e-03,4.21991361449228740e-03
-1.11249999999999893e+00,3.77012477761263110e-03,4.07427652647807679e-04,3.36269712496482364e-03,4.17755243026043856e-03
-1.09999999999999964e+00,3.72329153546216906e-03,4.12552461632952300e-04,3.31073907382921665e-03,4.13584399709512104e-03
-1.08750000000000036e+00,3.67704006518921808e-03,4.17741732779571516e-04,3.25929833240964657e-03,4.09478179796878960e-03
-1.07499999999999929e+00,3.63136313990744227e-03,4.22996276921840412e-04,3.20836686298560207e-03,4.05435941682928246e-03
-1.06250000000000000e+00,3.58625362250434947e-03,4.28316915092970241e-04,3.15793670741137912e-03,4.01457053759731938e-03
-1.04999999999999893e+00,3.54170446452605620e-03,4.33704478653501634e-04,3.10799998587255478e-03,3.97540894317955761e-03
-1.03749999999999964e+00,3.49770870507600537e-03,4.39159809421200476e-04,3.05854889565480501e-03,3.93686851449720574e-03
-1.02500000000000036e+00,3.45425946972726609e-03,4.44683759802598955e-04,3.00957570992466724e-03,3.89894322952986493e-03
-1.01249999999999929e+00,3.41134996944841059e-03,4.50277192926183559e-04,2.96107277652222708e-03,3.86162716237459409e-03
-1.00000000000000000e+00,3.36897349954273350e-03,4.55940982777258122e-04,2.91303251676547532e-03,3.82491448231999168e-03
-9.87499999999998934e-01,3.32712343860058378e-03,4.61676014334511553e-04,2.86544742426607206e-03,3.78879945293509549e-03
-9.74999999999999645e-01,3.28579324746480642e-03,4.67483183708291075e-04,2.81831006375651534e-03,3.75327643117309749e-03
-9.62500000000000355e-01,3.24497646820894351e-03,4.73363398280626986e-04,2.77161306992831664e-03,3.71833986648957039e-03
-9.49999999999999289e-01,3.20466672312818852e-03,4.79317576847010363e-04,2.72534914628117832e-03,3.68398429997519872e-03
-9.37500000000000000e-01,3.16485771374287348e-03,4.85346649759954443e-04,2.67951106398291910e-03,3.65020436350282787e-03
-9.24999999999998934e-01,3.12554321981427762e-03,4.91451559074369761e-04,2.63409166073990796e-03,3.61699477888864727e-03
-9.12499999999999645e-01,3.08671709837275059e-03,4.97633258694755651e-04,2.58908383967799494e-03,3.58435035706750624e-03
-9.00000000000000355e-01,3.04837328275781895e-03,5.03892714524255226e-04,2.54448056823356351e-03,3.55226599728207439e-03
-8.87499999999999289e-01,3.01050578167027681e-03,5.10230904615577839e-04,2.50027487705469908e-03,3.52073668628585454e-03
-8.75000000000000000e-01,2.97310867823604710e-03,5.16648819323818512e-04,2.45645985891222848e-03,3.48975749755986572e-03
-8.62499999999998934e-01,2.93617612908162341e-03,5.23147461461209696e-04,2.41302866762041360e-03,3.45932359054283321e-03
-8.49999999999999645e-01,2.89970236342107068e-03,5.29727846453805070e-04,2.36997451696726539e-03,3.42943020987487596e-03
-8.37500000000000355e-01,2.86368168215429255e-03,5.36391002500148412e-04,2.32729067965414425e-03,3.40007268465444086e-03
-8.24999999999999289e-01,2.82810845697655184e-03,5.43137970731929478e-04,2.28497048624462257e-03,3.37124642770848110e-03
-8.12500000000000000e-01,2.79297712949904981e-03,5.49969805376659114e-04,2.24300732412239081e-03,3.34294693487570882e-03
-7.99999999999998934e-01,2.75828221038038317e-03,5.56887573922402166e-04,2.20139463645798112e-03,3.31516978430278523e-03
-7.87499999999999645e-01,2.72401827846886248e-03,5.63892357284566056e-04,2.16012592118429653e-03,3.28791063575342843e-03
-7.75000000000000355e-01,2.69017997995541023e-03,5.70985249974803751e-04,2.11919472998060637e-03,3.26116522993021409e-03
-7.62499999999999289e-01,2.65676202753703560e-03,5.78167360272029422e-04,2.07859466726500628e-03,3.23492938780906491e-03
-7.50000000000000000e-01,2.62375919959069231e-03,5.85439810395587215e-04,2.03831938919510521e-03,3.20919900998627942e-03
-7.37499999999998934e-01,2.59116633935735970e-03,5.92803736680606853e-04,1.99836260267675274e-03,3.18397007603796666e-03
-7.24999999999999645e-01,2.55897835413632568e-03,6.00260289755550421e-04,1.95871806438077537e-03,3.15923864389187599e-03
-7.12500000000000355e-01,2.52719021448940704e-03,6.07810634722007344e-04,1.91937957976739959e-03,3.13500084921141450e-03
-6.99999999999999289e-01,2.49579695345510631e-03,6.15455951336741042e-04,1.88034100211836516e-03,3.11125290479184746e-03
-6.87500000000000000e-01,2.46479366577252593e-03,6.23197434196024760e-04,1.84159623157650106e-03,3.08799109996855080e-03
-6.74999999999998934e-01,2.43417550711487940e-03,6.31036292922307904e-04,1.80313921419257149e-03,3.06521180003718752e-03
-6.62499999999999645e-01,2.40393769333259281e-03,6.38973752353212210e-04,1.76496394097938060e-03,3.04291144568580481e-03
-6.50000000000000355e-01,2.37407549970573882e-03,6.47011052732923892e-04,1.72706444697281504e-03,3.02108655243866261e-03
-6.37499999999999289e-01,2.34458426020580334e-03,6.55149449905980579e-04,1.68943481029982276e-03,2.99973371011178370e-03
-6.25000000000000000e-01,2.31545936676662290e-03,6.63390215513495751e-04,1.65206915125312714e-03,2.97884958228011865e-03
-6.12499999999998934e-01,2.28669626856433479e-03,6.71734637191863946e-04,1.61496163137247084e-03,2.95843090575619895e-03
-5.99999999999999645e-01,2.25829047130633297e-03,6.80184018773946934e-04,1.57810645253238604e-03,2.93847449008028012e-03
-5.87500000000000355e-01,2.23023753652900085e-03,6.88739680492808540e-04,1.54149785603619220e-03,2.91897721702180949e-03
-5.74999999999999289e-01,2.20253308090420088e-03,6.97402959188000039e-04,1.50513012171620084e-03,2.89993604009220092e-03
-5.62500000000000000e-01,2.17517277555438456e-03,7.06175208514440815e-04,1.46899756703994374e-03,2.88134798406882537e-03
-5.49999999999998934e-01,2.14815234537616816e-03,7.15057799153937857e-04,1.43309454622223042e-03,2.86321014453010591e-03
-5.37499999999999645e-01,2.12146756837237015e-03,7.24052119029347779e-04,1.39741544934302237e-03,2.84551968740171793e-03
-5.25000000000000355e-01,2.09511427499228971e-03,7.33159573521451513e-04,1.36195470147083830e-03,2.82827384851374111e-03
-5.12499999999999289e-01,2.06908834748021665e-03,7.42381585688544070e-04,1.32670676179167269e-03,2.81146993316876061e-03
-5.00000000000000000e-01,2.04338571923203330e-03,7.51719596488786184e-04,1.29166612274324711e-03,2.79510531572081927e-03
-4.87499999999998934e-01,2.01800237415977746e-03,7.61175065005366435e-04,1.25682730915441113e-03,2.77917743916514378e-03
-4.74999999999999645e-01,1.99293434606414525e-03,7.70749468674475141e-04,1.22218487738967011e-03,2.76368381473862060e-03
-4.62500000000000355e-01,1.96817771801474162e-03,7.80444303516166123e-04,1.18773341449857550e-03,2.74862202153090774e-03
-4.49999999999999289e-01,1.94372862173806341e-03,7.90261084368109289e-04,1.15346753736995412e-03,2.73398970610617270e-03
-4.37500000000000000e-01,1.91958323701308178e-03,8.00201345122282049e-04,1.11938189189079973e-03,2.71978458213536362e-03
-4.24999999999998934e-01,1.89573779107430219e-03,8.10266638964653998e-04,1.08547115210964819e-03,2.70600443003895640e-03
-4.12499999999999645e-01,1.87218855802229016e-03,8.20458538617863022e-04,1.05173001940442714e-03,2.69264709664015318e-03
-3.99999999999998579e-01,1.84893185824146276e-03,8.30778636586968476e-04,1.01815322165449418e-03,2.67971049482843135e-03
-3.87499999999999289e-01,1.82596405782517002e-03,8.41228545408271352e-04,9.84735512416898663e-04,2.66719260323344115e-03
-3.75000000000000000e-01,1.80328156800786525e-03,8.51809897901286989e-04,9.51471670106578257e-04,2.65509146590915245e-03
-3.62499999999998934e-01,1.78088084460436332e-03,8.62524347423871936e-04,9.18356497180491385e-04,2.64340519202823504e-03
-3.49999999999999645e-01,1.75875838745606422e-03,8.73373568130559838e-04,8.85384819325504380e-04,2.63213195558662395e-03
-3.37499999999998579e-01,1.73691073988402377e-03,8.84359255234161965e-04,8.52551484649861804e-04,2.62126999511818563e-03
-3.24999999999999289e-01,1.71533448814886573e-03,8.95483125270635748e-04,8.19851362878229982e-04,2.61081761341950148e-03
-3.12500000000000000e-01,1.69402626091735582e-03,9.06746916367307605e-04,7.87279344550048210e-04,2.60077317728466331e-03
-2.99999999999998934e-01,1.67298272873563449e-03,9.18152388514454428e-04,7.54830340221180067e-04,2.59113511725008903e-03
-2.87499999999999645e-01,1.65220060350899098e-03,9.29701323840300504e-04,7.22499279668690477e-04,2.58190192734929127e-03
-2.74999999999998579e-01,1.63167663798807110e-03,9.41395526889490298e-04,6.90281111098580802e-04,2.57307216487756129e-03
-2.62499999999999289e-01,1.61140762526151165e-03,9.53236824905039125e-04,6.58170800356472525e-04,2.56464445016655078e-03
-2.50000000000000000e-01,1.59139039825483344e-03,9.65227068113854651e-04,6.26163330140978793e-04,2.55661746636868820e-03
-2.37499999999998934e-01,1.57162182923558887e-03,9.77368130015834414e-04,5.94253699219754461e-04,2.54898995925142329e-03
-2.24999999999999645e-01,1.55209882932465454e-03,9.89661907676598349e-04,5.62436921648056193e-04,2.54176073700125311e-03
-2.12499999999998579e-01,1.53281834801356895e-03,1.00211032202392127e-03,5.30708025989647678e-04,2.53492867003749043e-03
-1.99999999999999289e-01,1.51377737268790637e-03,1.01471531814786788e-03,4.99062054540038488e-04,2.52849269083577424e-03
-1.87500000000000000e-01,1.49497292815653016e-03,1.02747886560472946e-03,4.67494062551800701e-04,2.52245179376125962e-03
-1.74999999999998934e-01,1.47640207618672200e-03,1.04040295872476576e-03,4.35999117461956243e-04,2.51680503491148776e-03
-1.62499999999999645e-01,1.45806191504508384e-03,1.05348961692381705e-03,4.04572298121266783e-04,2.51155153196890111e-03
-1.49999999999998579e-01,1.43994957904411891e-03,1.06674088501885578e-03,3.73208694025263131e-04,2.50669046406297447e-03
-1.37499999999999289e-01,1.42206223809448248e-03,1.08015883354747812e-03,3.41903404547004358e-04,2.50222107164196038e-03
-1.25000000000000000e-01,1.40439709726275638e-03,1.09374555909144255e-03,3.10651538171313833e-04,2.49814265635419893e-03
-1.12499999999998934e-01,1.38695139633474300e-03,1.10750318460425953e-03,2.79448211730483473e-04,2.49445458093900275e-03
-9.99999999999996447e-02,1.36972240938418419e-03,1.12143385974290168e-03,2.48288549641282512e-04,2.49115626912708565e-03
-8.74999999999985789e-02,1.35270744434681095e-03,1.13553976120370540e-03,2.17167683143105550e-04,2.48824720555051657e-03
-7.49999999999992895e-02,1.33590384259972398e-03,1.14982309306246909e-03,1.86080749537254888e-04,2.48572693566219329e-03
-6.25000000000000000e-02,1.31930897854596078e-03,1.16428608711885689e-03,1.55022891427103893e-04,2.48359506566481767e-03
-4.99999999999989342e-02,1.30292025920424786e-03,1.17893100324511732e-03,1.23989255959130540e-04,2.48185126244936539e-03
-3.74999999999996447e-02,1.28673512380384999e-03,1.19376012973918672e-03,9.29749940646632748e-05,2.48049525354303649e-03
-2.49999999999985789e-02,1.27075104338442700e-03,1.20877578368225368e-03,6.19752597021733156e-05,2.47952682706668089e-03
-1.24999999999992895e-02,1.25496552040089819e-03,1.22398031130079260e-03,3.09852091001055867e-05,2.47894583170169078e-03
0.00000000000000000e+00,1.23937608833317925e-03,1.23937608833317925e-03,0.00000000000000000e+00,2.47875217666635849e-03
1.25000000000010658e-02,1.22398031130079021e-03,1.25496552040090035e-03,-3.09852091001101403e-05,2.47894583170169078e-03
2.50000000000003553e-02,1.20877578368225173e-03,1.27075104338442916e-03,-6.19752597021774355e-05,2.47952682706668089e-03
3.75000000000014211e-02,1.19376012973918455e-03,1.28673512380385216e-03,-9.29749940646676116e-05,2.48049525354303649e-03
5.00000000000007105e-02,1.17893100324511536e-03,1.30292025920425024e-03,-1.23989255959134877e-04,2.48185126244936539e-03
6.25000000000000000e-02,1.16428608711885689e-03,1.31930897854596078e-03,-1.55022891427103893e-04,2.48359506566481767e-03
7.50000000000010658e-02,1.14982309306246692e-03,1.33590384259972637e-03,-1.86080749537259442e-04,2.48572693566219329e-03
8.75000000000003553e-02,1.13553976120370345e-03,1.35270744434681334e-03,-2.17167683143109887e-04,2.48824720555051657e-03
1.00000000000001421e-01,1.12143385974289972e-03,1.36972240938418657e-03,-2.48288549641286849e-04,2.49115626912708651e-03
1.12500000000000711e-01,1.10750318460425758e-03,1.38695139633474560e-03,-2.79448211730488026e-04,2.49445458093900318e-03
1.25000000000000000e-01,1.09374555909144255e-03,1.40439709726275638e-03,-3.10651538171313833e-04,2.49814265635419893e-03
1.37500000000001066e-01,1.08015883354747638e-03,1.42206223809448508e-03,-3.41903404547008695e-04,2.50222107164196125e-03
1.50000000000000355e-01,1.06674088501885404e-03,1.43994957904412151e-03,-3.73208694025267467e-04,2.50669046406297533e-03
1.62500000000001421e-01,1.05348961692381510e-03,1.45806191504508644e-03,-4.04572298121271337e-04,2.51155153196890154e-03
1.75000000000000711e-01,1.04040295872476381e-03,1.47640207618672460e-03,-4.35999117461960796e-04,2.51680503491148819e-03
1.87500000000000000e-01,1.02747886560472946e-03,1.49497292815653016e-03,-4.67494062551800701e-04,2.52245179376125962e-03
2.00000000000001066e-01,1.01471531814786614e-03,1.51377737268790897e-03,-4.99062054540042824e-04,2.52849269083577511e-03
2.12500000000000355e-01,1.00211032202391953e-03,1.53281834801357155e-03,-5.30708025989652015e-04,2.53492867003749130e-03
2.25000000000001421e-01,9.89661907676596614e-04,1.55209882932465714e-03,-5.62436921648060530e-04,2.54176073700125398e-03
2.37500000000000711e-01,9.77368130015832679e-04,1.57162182923559169e-03,-5.94253699219759015e-04,2.54898995925142459e-03
2.50000000000000000e-01,9.65227068113854651e-04,1.59139039825483344e-03,-6.26163330140978793e-04,2.55661746636868820e-03
2.62500000000001066e-01,9.53236824905037390e-04,1.61140762526151447e-03,-6.58170800356477079e-04,2.56464445016655208e-03
2.75000000000000355e-01,9.41395526889488672e-04,1.63167663798807392e-03,-6.90281111098585247e-04,2.57307216487756259e-03
2.87500000000001421e-01,9.29701323840298878e-04,1.65220060350899402e-03,-7.22499279668695140e-04,2.58190192734929300e-03
3.00000000000000711e-01,9.18152388514452801e-04,1.67298272873563753e-03,-7.54830340221184729e-04,2.59113511725009033e-03
3.12500000000000000e-01,9.06746916367307605e-04,1.69402626091735582e-03,-7.87279344550048210e-04,2.60077317728466331e-03
3.25000000000001066e-01,8.95483125270634121e-04,1.71533448814886877e-03,-8.19851362878234644e-04,2.61081761341950278e-03
3.37500000000000355e-01,8.84359255234160339e-04,1.73691073988402681e-03,-8.52551484649866466e-04,2.62126999511818736e-03
3.50000000000001421e-01,8.73373568130558211e-04,1.75875838745606747e-03,-8.85384819325509258e-04,2.63213195558662568e-03
3.62500000000000711e-01,8.62524347423870418e-04,1.78088084460436657e-03,-9.18356497180496155e-04,2.64340519202823677e-03
3.75000000000000000e-01,8.51809897901286989e-04,1.80328156800786525e-03,-9.51471670106578257e-04,2.65509146590915245e-03
3.87500000000001066e-01,8.41228545408269834e-04,1.82596405782517327e-03,-9.84735512416903434e-04,2.66719260323344289e-03
4.00000000000000355e-01,8.30778636586966958e-04,1.84893185824146601e-03,-1.01815322165449895e-03,2.67971049482843308e-03
4.12500000000001421e-01,8.20458538617861613e-04,1.87218855802229341e-03,-1.05173001940443191e-03,2.69264709664015492e-03
4.25000000000000711e-01,8.10266638964652589e-04,1.89573779107430566e-03,-1.08547115210965318e-03,2.70600443003895814e-03
4.37500000000000000e-01,8.00201345122282049e-04,1.91958323701308178e-03,-1.11938189189079973e-03,2.71978458213536362e-03
4.50000000000001066e-01,7.90261084368107879e-04,1.94372862173806688e-03,-1.15346753736995889e-03,2.73398970610617487e-03
4.62500000000000355e-01,7.80444303516166123e-04,1.96817771801474162e-03,-1.18773341449857550e-03,2.74862202153090774e-03
4.75000000000001421e-01,7.70749468674473731e-04,1.99293434606414872e-03,-1.22218487738967509e-03,2.76368381473862234e-03
4.87500000000000711e-01,7.61175065005365134e-04,2.01800237415978093e-03,-1.25682730915441590e-03,2.77917743916514595e-03
5.00000000000000000e-01,7.51719596488786184e-04,2.04338571923203330e-03,-1.29166612274324711e-03,2.79510531572081927e-03
5.12500000000001066e-01,7.42381585688542769e-04,2.06908834748022012e-03,-1.32670676179167746e-03,2.81146993316876278e-03
5.25000000000000355e-01,7.33159573521451513e-04,2.09511427499228971e-03,-1.36195470147083830e-03,2.82827384851374111e-03
5.37500000000001421e-01,7.24052119029346478e-04,2.12146756837237405e-03,-1.39741544934302757e-03,2.84551968740172053e-03
5.50000000000000711e-01,7.15057799153936556e-04,2.14815234537617163e-03,-1.43309454622223519e-03,2.86321014453010808e-03
5.62500000000000000e-01,7.06175208514440815e-04,2.17517277555438456e-03,-1.46899756703994374e-03,2.88134798406882537e-03
5.75000000000001066e-01,6.97402959187998846e-04,2.20253308090420478e-03,-1.50513012171620605e-03,2.89993604009220352e-03
5.87500000000000355e-01,6.88739680492808540e-04,2.23023753652900085e-03,-1.54149785603619220e-03,2.91897721702180949e-03
6.00000000000001421e-01,6.80184018773945741e-04,2.25829047130633731e-03,-1.57810645253239146e-03,2.93847449008028316e-03
6.12500000000000711e-01,6.71734637191862753e-04,2.28669626856433869e-03,-1.61496163137247583e-03,2.95843090575620155e-03
6.25000000000000000e-01,6.63390215513495751e-04,2.31545936676662290e-03,-1.65206915125312714e-03,2.97884958228011865e-03
6.37500000000001066e-01,6.55149449905979386e-04,2.34458426020580767e-03,-1.68943481029982818e-03,2.99973371011178717e-03
6.50000000000000355e-01,6.47011052732923892e-04,2.37407549970573882e-03,-1.72706444697281504e-03,3.02108655243866261e-03
6.62500000000001421e-01,6.38973752353211126e-04,2.40393769333259715e-03,-1.76496394097938603e-03,3.04291144568580828e-03
6.75000000000000711e-01,6.31036292922306711e-04,2.43417550711488373e-03,-1.80313921419257691e-03,3.06521180003719055e-03
6.87500000000000000e-01,6.23197434196024760e-04,2.46479366577252593e-03,-1.84159623157650106e-03,3.08799109996855080e-03
7.00000000000001066e-01,6.15455951336739957e-04,2.49579695345511065e-03,-1.88034100211837080e-03,3.11125290479185050e-03
7.12500000000000355e-01,6.07810634722007344e-04,2.52719021448940704e-03,-1.91937957976739959e-03,3.13500084921141450e-03
7.25000000000001421e-01,6.00260289755549445e-04,2.55897835413633002e-03,-1.95871806438078057e-03,3.15923864389187946e-03
7.37500000000000711e-01,5.92803736680605877e-04,2.59116633935736447e-03,-1.99836260267675838e-03,3.18397007603797057e-03
7.50000000000000000e-01,5.85439810395587215e-04,2.62375919959069231e-03,-2.03831938919510521e-03,3.20919900998627942e-03
7.62500000000001066e-01,5.78167360272028338e-04,2.65676202753703994e-03,-2.07859466726501149e-03,3.23492938780906838e-03
7.75000000000000355e-01,5.70985249974803751e-04,2.69017997995541023e-03,-2.11919472998060637e-03,3.26116522993021409e-03
7.87500000000001421e-01,5.63892357284565080e-04,2.72401827846886725e-03,-2.16012592118430217e-03,3.28791063575343233e-03
8.00000000000000711e-01,5.56887573922401082e-04,2.75828221038038838e-03,-2.20139463645798719e-03,3.31516978430278957e-03
8.12500000000000000e-01,5.49969805376659114e-04,2.79297712949904981e-03,-2.24300732412239081e-03,3.34294693487570882e-03
8.25000000000001066e-01,5.43137970731928502e-04,2.82810845697655661e-03,-2.28497048624462821e-03,3.37124642770848500e-03
8.37500000000000355e-01,5.36391002500148412e-04,2.86368168215429255e-03,-2.32729067965414425e-03,3.40007268465444086e-03
8.50000000000001421e-01,5.29727846453804095e-04,2.89970236342107588e-03,-2.36997451696727189e-03,3.42943020987487987e-03
8.62500000000000711e-01,5.23147461461208720e-04,2.93617612908162861e-03,-2.41302866762042011e-03,3.45932359054283711e-03
8.75000000000000000e-01,5.16648819323818512e-04,2.97310867823604710e-03,-2.45645985891222848e-03,3.48975749755986572e-03
8.87500000000001066e-01,5.10230904615576863e-04,3.01050578167028201e-03,-2.50027487705470515e-03,3.52073668628585888e-03
9.00000000000000355e-01,5.03892714524255226e-04,3.04837328275781895e-03,-2.54448056823356351e-03,3.55226599728207439e-03
9.12500000000001421e-01,4.97633258694754675e-04,3.08671709837275623e-03,-2.58908383967800144e-03,3.58435035706751101e-03
9.25000000000000711e-01,4.91451559074368893e-04,3.12554321981428325e-03,-2.63409166073991447e-03,3.61699477888865204e-03
9.37500000000000000e-01,4.85346649759954443e-04,3.16485771374287348e-03,-2.67951106398291910e-03,3.65020436350282787e-03
9.50000000000001066e-01,4.79317576847009495e-04,3.20466672312819415e-03,-2.72534914628118482e-03,3.68398429997520349e-03
9.62500000000000355e-01,4.73363398280626986e-04,3.24497646820894351e-03,-2.77161306992831664e-03,3.71833986648957039e-03
9.75000000000001421e-01,4.67483183708290262e-04,3.28579324746481206e-03,-2.81831006375652185e-03,3.75327643117310226e-03
9.87500000000000711e-01,4.61676014334510740e-04,3.32712343860058941e-03,-2.86544742426607857e-03,3.78879945293510026e-03
1.00000000000000000e+00,4.55940982777258122e-04,3.36897349954273350e-03,-2.91303251676547532e-03,3.82491448231999168e-03
1.01250000000000107e+00,4.50277192926182746e-04,3.41134996944841666e-03,-2.96107277652223402e-03,3.86162716237459930e-03
1.02500000000000036e+00,4.44683759802598955e-04,3.45425946972726609e-03,-3.00957570992466724e-03,3.89894322952986493e-03
1.03750000000000142e+00,4.39159809421199717e-04,3.49770870507601144e-03,-3.05854889565481194e-03,3.93686851449721095e-03
1.05000000000000071e+00,4.33704478653500875e-04,3.54170446452606270e-03,-3.10799998587256172e-03,3.97540894317956368e-03
1.06250000000000000e+00,4.28316915092970241e-04,3.58625362250434947e-03,-3.15793670741137912e-03,4.01457053759731938e-03
1.07500000000000107e+00,4.22996276921839653e-04,3.63136313990744877e-03,-3.20836686298560901e-03,4.05435941682928853e-03
1.08750000000000036e+00,4.17741732779571516e-04,3.67704006518921808e-03,-3.25929833240964657e-03,4.09478179796878960e-03
1.10000000000000142e+00,4.12552461632951541e-04,3.72329153546217557e-03,-3.31073907382922403e-03,4.13584399709512711e-03
1.11250000000000071e+00,4.07427652647806974e-04,3.77012477761263804e-03,-3.36269712496483101e-03,4.17755243026044464e-03
1.12500000000000000e+00,4.02366505062306623e-04,3.81754710942998083e-03,-3.41518060436767426e-03,4.21991361449228740e-03
1.13750000000000107e+00,3.97368228061842571e-04,3.86556594075003869e-03,-3.46819771268819591e-03,4.26293416881188148e-03
1.15000000000000036e+00,3.92432040655465823e-04,3.91418877461288672e-03,-3.52175673395742090e-03,4.30662081526835255e-03
1.16250000000000142e+00,3.87557171553849973e-04,3.96342320843525494e-03,-3.57586603688140508e-03,4.35098037998910524e-03
1.17500000000000071e+00,3.82742859048781317e-04,4.01327693519758048e-03,-3.63053407614879900e-03,4.39601979424636153e-03
1.18750000000000000e+00,3.77988350894135363e-04,4.06375774464610550e-03,-3.68576939375197003e-03,4.44174609554024054e-03
1.20000000000000107e+00,3.73292904188339276e-04,4.11487352451001855e-03,-3.74158062032167943e-03,4.48816642869835809e-03
1.21250000000000036e+00,3.68655785258293570e-04,4.16663226173390449e-03,-3.79797647647561092e-03,4.53528804699219849e-03
1.22500000000000142e+00,3.64076269544729868e-04,4.21904204372577224e-03,-3.85496577418104232e-03,4.58311831327050216e-03
1.23750000000000071e+00,3.59553641489002086e-04,4.27211105962067329e-03,-3.91255741813167131e-03,4.63166470110967527e-03
1.25000000000000000e+00,3.55087194421274514e-04,4.32584760156031704e-03,-3.97076040713904236e-03,4.68093479598159171e-03
1.26250000000000107e+00,3.50676230450105194e-04,4.38026006598871750e-03,-4.02958383553861203e-03,4.73093629643882296e-03
1.27500000000000036e+00,3.46320060353400613e-04,4.43535695496412915e-03,-4.08903689461072826e-03,4.78167701531753003e-03
1.28750000000000142e+00,3.42018003470719240e-04,4.49114687748756666e-03,-4.14912887401684780e-03,4.83316488095828552e-03
1.30000000000000071e+00,3.37769387596921868e-04,4.54763855084791210e-03,-4.20986916325099061e-03,4.88540793844483359e-03
1.31250000000000000e+00,3.33573548877133671e-04,4.60484080198406923e-03,-4.27126725310693518e-03,4.93841435086120328e-03
1.32500000000000107e+00,3.29429831703017552e-04,4.66276256886416756e-03,-4.33333273716115033e-03,4.99219240056718479e-03
1.33750000000000036e+00,3.25337588610335852e-04,4.72141290188210581e-03,-4.39607531327176979e-03,5.04675049049244182e-03
1.35000000000000142e+00,3.21296180177778399e-04,4.78080096527176094e-03,-4.45950478509398243e-03,5.10209714544953945e-03
1.36250000000000071e+00,3.17304974927056426e-04,4.84093603853884627e-03,-4.52363106361178963e-03,5.15824101346590291e-03
1.37500000000000000e+00,3.13363349224228787e-04,4.90182751791091390e-03,-4.58846416868668484e-03,5.21519086713514296e-03
1.38750000000000107e+00,3.09470687182259612e-04,4.96348491780551019e-03,-4.65401423062325025e-03,5.27295560498777013e-03
1.40000000000000036e+00,3.05626380564786150e-04,5.02591787231679212e-03,-4.72029149175200603e-03,5.33154425288157822e-03
1.41250000000000142e+00,3.01829828691077171e-04,5.08913613672094291e-03,-4.78730630802986536e-03,5.39096596541202046e-03
1.42500000000000071e+00,2.98080438342179224e-04,5.15314958900037461e-03,-4.85506915065819517e-03,5.45123002734255405e-03
1.43750000000000000e+00,2.94377623668221576e-04,5.21796823138725215e-03,-4.92359060771903074e-03,5.51234585505547357e-03
1.45000000000000107e+00,2.90720806096877516e-04,5.28360219192633256e-03,-4.99288138582945542e-03,5.57432299802320969e-03
1.46250000000000036e+00,2.87109414242962704e-04,5.35006172605746386e-03,-5.06295231181450121e-03,5.63717114030042651e-03
1.47500000000000142e+00,2.83542883819151508e-04,5.41735721821808534e-03,-5.13381433439893346e-03,5.70090010203723723e-03
1.48750000000000071e+00,2.80020657547810003e-04,5.48549918346574392e-03,-5.20547852591793370e-03,5.76551984101355414e-03
1.50000000000000000e+00,2.76542185073916813e-04,5.55449826912115304e-03,-5.27795608404723650e-03,5.83104045419506958e-03
1.51250000000000107e+00,2.73106922879070321e-04,5.62436525643183680e-03,-5.35125833355276637e-03,5.89747217931090723e-03
1.52500000000000036e+00,2.69714334196564573e-04,5.69511106225668862e-03,-5.42539672806012421e-03,5.96482539645325303e-03
1.53750000000000142e+00,2.66363888927514643e-04,5.76674674077182117e-03,-5.50038285184430674e-03,6.03311062969933559e-03
1.55000000000000071e+00,2.63055063558031608e-04,5.83928348519772641e-03,-5.57622842163969443e-03,6.10233854875575840e-03
1.56250000000000000e+00,2.59787341077419222e-04,5.91273262954830885e-03,-5.65294528847088990e-03,6.17251997062572780e-03
1.57500000000000107e+00,2.56560210897391209e-04,5.98710565040181612e-03,-5.73054543950442512e-03,6.24366586129920711e-03
1.58750000000000036e+00,2.53373168772292137e-04,6.06241416869404953e-03,-5.80904099992175706e-03,6.31578733746634199e-03
1.60000000000000142e+00,2.50225716720304983e-04,6.13866995153422926e-03,-5.88844423481392400e-03,6.38889566825453451e-03
1.61250000000000071e+00,2.47117362945644011e-04,6.21588491404354623e-03,-5.96876755109790238e-03,6.46300227698919007e-03
1.62500000000000000e+00,2.44047621761707498e-04,6.29407112121699915e-03,-6.05002349945529122e-03,6.53811874297870708e-03
1.63750000000000107e+00,2.41016013515189548e-04,6.37324078980854025e-03,-6.13222477629335114e-03,6.61425680332372937e-03
1.65000000000000036e+00,2.38022064511134667e-04,6.45340629023993632e-03,-6.21538422572880198e-03,6.69142835475107067e-03
1.66250000000000142e+00,2.35065306938918875e-04,6.53458014853375204e-03,-6.29951484159483287e-03,6.76964545547267121e-03
1.67500000000000071e+00,2.32145278799156783e-04,6.61677504827047017e-03,-6.38462976947131323e-03,6.84892032706962712e-03
1.68750000000000000e+00,2.29261523831510313e-04,6.70000383257041403e-03,-6.47074230873890405e-03,6.92926535640192402e-03
1.70000000000000107e+00,2.26413591443398287e-04,6.78427950610047299e-03,-6.55786591465707443e-03,7.01069309754387155e-03
1.71250000000000036e+00,2.23601036639591727e-04,6.86961523710607168e-03,-6.64601420046647979e-03,7.09321627374566357e-03
1.72500000000000142e+00,2.20823419952679548e-04,6.95602435946882178e-03,-6.73520093951614218e-03,7.17684777942150139e-03
1.73750000000000071e+00,2.18080307374404113e-04,7.04352037478986771e-03,-6.82544006741546330e-03,7.26160068216427212e-03
1.75000000000000000e+00,2.15371270287843765e-04,7.13211695449962775e-03,-6.91674568421178377e-03,7.34748822478747173e-03
1.76250000000000107e+00,2.12695885400441761e-04,7.22182794199394563e-03,-7.00913205659350370e-03,7.43452382739438755e-03
1.77500000000000036e+00,2.10053734677867075e-04,7.31266735479711022e-03,-7.10261362011924309e-03,7.52272108947497735e-03
1.78750000000000142e+00,2.07444405278693107e-04,7.40464938675221285e-03,-7.19720498147352009e-03,7.61209379203090560e-03
1.80000000000000071e+00,2.04867489489893214e-04,7.49778841023885853e-03,-7.29292092074896540e-03,7.70265589972875166e-03
1.81250000000000000e+00,2.02322584663132258e-04,7.59209897841897283e-03,-7.38977639375584024e-03,7.79442156308210541e-03
1.82500000000000107e+00,1.99809293151853037e-04,7.68759582751072333e-03,-7.48778653435887027e-03,7.88740512066257553e-03
1.83750000000000036e+00,1.97327222249144344e-04,7.78429387909104504e-03,-7.58696665684190086e-03,7.98162110134018922e-03
1.85000000000000142e+00,1.94875984126377050e-04,7.88220824242725701e-03,-7.68733225830087966e-03,8.07708422655363349e-03
1.86250000000000071e+00,1.92455195772608126e-04,7.98135421683781113e-03,-7.78889902106520270e-03,8.17380941261041868e-03
1.87500000000000000e+00,1.90064478934731841e-04,8.08174729408293706e-03,-7.89168281514820470e-03,8.27181177301766941e-03
1.88750000000000107e+00,1.87703460058377924e-04,8.18340316078522076e-03,-7.99569970072684308e-03,8.37110662084359844e-03
1.90000000000000036e+00,1.85371770229544110e-04,8.28633770088062736e-03,-8.10096593065108388e-03,8.47170947111017085e-03
1.91250000000000142e+00,1.83069045116950166e-04,8.39056699810049496e-03,-8.20749795298354561e-03,8.57363604321744431e-03
1.92500000000000071e+00,1.80794924915112914e-04,8.49610733848454175e-03,-8.31531241356942875e-03,8.67690226339965474e-03
1.93750000000000000e+00,1.78549054288123789e-04,8.60297521292569152e-03,-8.42442615863756711e-03,8.78152426721381593e-03
1.95000000000000107e+00,1.76331082314127712e-04,8.71118731974676423e-03,-8.53485623743263644e-03,8.88751840206089203e-03
1.96250000000000036e+00,1.74140662430491926e-04,8.82076056730958166e-03,-8.64661990487908955e-03,8.99490122974007378e-03
1.97500000000000142e+00,1.71977452379652534e-04,8.93171207665703279e-03,-8.75973462427737971e-03,9.10368952903668587e-03
1.98750000000000071e+00,1.69841114155638612e-04,9.04405918418815617e-03,-8.87421807003251767e-03,9.21390029834379468e-03
2.00000000000000000e+00,1.67731313951255927e-04,9.15781944436708933e-03,-8.99008813041583289e-03,9.32555075831834578e-03
2.01250000000000107e+00,1.65647722105929842e-04,9.27301063246595107e-03,-9.10736291036002080e-03,9.43865835457188135e-03
2.02500000000000036e+00,1.63590013054195987e-04,9.38965074734220487e-03,-9.22606073428800834e-03,9.55324076039640140e-03
2.03750000000000142e+00,1.61557865274828050e-04,9.50775801425114003e-03,-9.34620014897631114e-03,9.66931587952596892e-03
2.05000000000000071e+00,1.59550961240601631e-04,9.62735088769346888e-03,-9.46779992645286651e-03,9.78690184893407124e-03
2.06250000000000000e+00,1.57568987368677995e-04,9.74844805429899743e-03,-9.59087906693031900e-03,9.90601704166767585e-03
2.07500000000000107e+00,1.55611633971607034e-04,9.87106843574639924e-03,-9.71545680177479144e-03,1.00266800697180070e-02
2.08750000000000036e+00,1.53678595208938751e-04,9.99523119171971501e-03,-9.84155259651077648e-03,1.01489097869286535e-02
2.10000000000000142e+00,1.51769569039433117e-04,1.01209557229022078e-02,-9.96918615386277462e-03,1.02727252919416409e-02
2.11250000000000071e+00,1.49884257173867736e-04,1.02482616740076325e-02,-1.00983774168337641e-02,1.03981459311815010e-02
2.12500000000000000e+00,1.48022365028427691e-04,1.03771689368498711e-02,-1.02291465718214441e-02,1.05251913018782981e-02
2.13750000000000107e+00,1.46183601678676886e-04,1.05076976534510241e-02,-1.03615140517723473e-02,1.06538812551297008e-02
2.15000000000000036e+00,1.44367679814101505e-04,1.06398682191885877e-02,-1.04955005393744857e-02,1.07842358990026897e-02
2.16250000000000142e+00,1.42574315693215134e-04,1.07737012859823993e-02,-1.06311269702891835e-02,1.09162756016756152e-02
2.17500000000000071e+00,1.40803229099225783e-04,1.09092177655213916e-02,-1.07684145364221658e-02,1.10500209946206174e-02
2.18750000000000000e+00,1.39054143296249568e-04,1.10464388325312215e-02,-1.09073846892349720e-02,1.11854929758274709e-02
2.20000000000000107e+00,1.37326784986071024e-04,1.11853859280828093e-02,-1.10480591430967383e-02,1.13227127130688804e-02
2.21250000000000036e+00,1.35620884265440282e-04,1.13260807629424858e-02,-1.11904598786770459e-02,1.14617016472079256e-02
2.22500000000000142e+00,1.33936174583898634e-04,1.14685453209644808e-02,-1.13346091463805820e-02,1.16024814955483797e-02
2.23750000000000071e+00,1.32272392702131213e-04,1.16128018625257928e-02,-1.14805294698236623e-02,1.17450742552279233e-02
2.25000000000000000e+00,1.30629278650833770e-04,1.17588729280045535e-02,-1.16282436493537200e-02,1.18895022066553870e-02
2.26250000000000107e+00,1.29006575690092607e-04,1.19067813413019502e-02,-1.17777747656118582e-02,1.20357879169920422e-02
2.27500000000000036e+00,1.27404030269269176e-04,1.20565502134084377e-02,-1.19291461831391686e-02,1.21839542436777068e-02
2.28750000000000142e+00,1.25821391987380625e-04,1.22082029460150333e-02,-1.20823815540276533e-02,1.23340243380024132e-02
2.30000000000000071e+00,1.24258413553975924e-04,1.23617632351697045e-02,-1.22375048216157283e-02,1.24860216487236806e-02
2.31250000000000000e+00,1.22714850750494742e-04,1.25172550749800739e-02,-1.23945402242295784e-02,1.26399699257305695e-02
2.32500000000000107e+00,1.21190462392108391e-04,1.26747027613624830e-02,-1.25535122989703738e-02,1.27958932237545921e-02
2.33750000000000036e+00,1.19685010290034954e-04,1.28341308958382170e-02,-1.27144458855481812e-02,1.29538159061282528e-02
2.35000000000000142e+00,1.18198259214320157e-04,1.29955643893776909e-02,-1.28773661301633709e-02,1.31137626485920110e-02
2.36250000000000071e+00,1.16729976857084033e-04,1.31590284662926622e-02,-1.30422984894355779e-02,1.32757584431497464e-02
2.37500000000000000e+00,1.15279933796220814e-04,1.33245486681777426e-02,-1.32092687343815223e-02,1.34398286019739629e-02
2.38750000000000107e+00,1.13847903459551891e-04,1.34921508579012549e-02,-1.33783029544417027e-02,1.36059987613608071e-02
2.40000000000000036e+00,1.12433662089424097e-04,1.36618612236462846e-02,-1.35494275615568611e-02,1.37742948857357082e-02
2.41250000000000142e+00,1.11036988707745624e-04,1.38337062830028064e-02,-1.37226692942950604e-02,1.39447432717105524e-02
2.42500000000000071e+00,1.09657665081459453e-04,1.40077128871109163e-02,-1.38980552220294568e-02,1.41173705521923758e-02
2.43750000000000000e+00,1.08295475688442513e-04,1.41839082248565503e-02,-1.40756127491681073e-02,1.42922037005449934e-02
2.45000000000000107e+00,1.06950207683830553e-04,1.43623198271197305e-02,-1.42553696194359005e-02,1.44692700348035604e-02
2.46250000000000036e+00,1.05621650866761268e-04,1.45429755710762380e-02,-1.44373539202094763e-02,1.46485972219429997e-02
2.47500000000000142e+00,1.04309597647528641e-04,1.47259036845536657e-02,-1.46215940869061367e-02,1.48302132822011948e-02
2.48750000000000071e+00,1.03013843015148165e-04,1.49111327504418620e-02,-1.48081189074267140e-02,1.50141465934570100e-02
2.50000000000000000e+00,1.01734184505322084e-04,1.50986917111592504e-02,-1.49969575266539288e-02,1.52004258956645721e-02
2.51250000000000107e+00,1.00470422168804586e-04,1.52886098731750616e-02,-1.51881394510062565e-02,1.53890802953438668e-02
2.52500000000000036e+00,9.92223585401598077e-05,1.54809169115884462e-02,-1.53816945530482856e-02,1.55801392701286068e-02
2.53750000000000142e+00,9.79897986069062178e-05,1.56756428747654650e-02,-1.55776530761585590e-02,1.57736326733723710e-02
2.55000000000000071e+00,9.67725497790469146e-05,1.58728181890339833e-02,-1.57760456392549361e-02,1.59695907388130304e-02
2.56250000000000000e+00,9.55704218589758744e-05,1.60724736634380340e-02,-1.59769032415790595e-02,1.61680440852970085e-02
2.57500000000000107e+00,9.43832270117596583e-05,1.62746404945517294e-02,-1.61802572675399693e-02,1.63690237215634894e-02
2.58750000000000036e+00,9.32107797357883711e-05,1.64793502713536828e-02,-1.63861394916178932e-02,1.65725610510894725e-02
2.60000000000000142e+00,9.20528968337894346e-05,1.66866349801630641e-02,-1.65945820833292741e-02,1.67786878769968541e-02
2.61250000000000071e+00,9.09093973842040135e-05,1.68965270096372855e-02,-1.68056176122530800e-02,1.69874364070214910e-02
2.62500000000000000e+00,8.97801027129164846e-05,1.71090591558330160e-02,-1.70192790531201003e-02,1.71988392585459317e-02
2.63750000000000107e+00,8.86648363653367184e-05,1.73242646273305267e-02,-1.72355997909651899e-02,1.74129294636958636e-02
2.65000000000000036e+00,8.75634240788292109e-05,1.75421770504225194e-02,-1.74546136263436895e-02,1.76297404745013493e-02
2.66250000000000142e+00,8.64756937554830347e-05,1.77628304743685066e-02,-1.76763547806130239e-02,1.78493061681239892e-02
2.67500000000000071e+00,8.54014754352224728e-05,1.79862593767148408e-02,-1.79008579012796196e-02,1.80716608521500621e-02
2.68750000000000000e+00,8.43406012692493238e-05,1.82124986686821172e-02,-1.81281580674128688e-02,1.82968392699513656e-02
2.70000000000000107e+00,8.32929054938166206e-05,1.84415837006200213e-02,-1.83582907951262038e-02,1.85248766061138388e-02
2.71250000000000036e+00,8.22582244043282062e-05,1.86735502675308106e-02,-1.85912920431264839e-02,1.87558084919351373e-02
2.72500000000000142e+00,8.12363963297584875e-05,1.89084346146625656e-02,-1.88271982183328065e-02,1.89896710109923247e-02
2.73750000000000071e+00,8.02272616073921647e-05,1.91462734431723410e-02,-1.90660461815649503e-02,1.92265007047797316e-02
2.75000000000000000e+00,7.92306625578756277e-05,1.93871039158610044e-02,-1.93078732533031282e-02,1.94663345784188806e-02
2.76250000000000107e+00,7.82464434605796550e-05,1.96309636629799257e-02,-1.95527172195193444e-02,1.97092101064405070e-02
2.77500000000000036e+00,7.72744505292681543e-05,1.98778907881106588e-02,-1.98006163375813900e-02,1.99551652386399277e-02
2.78750000000000142e+00,7.63145318880678250e-05,2.01279238741189533e-02,-2.00516093422308840e-02,2.02042384060070225e-02
2.80000000000000071e+00,7.53665375477382518e-05,2.03811019891831230e-02,-2.03057354516353837e-02,2.04564685267308623e-02
2.81250000000000000e+00,7.44303193822349235e-05,2.06374646928987743e-02,-2.05630343735165380e-02,2.07118950122810105e-02
2.82500000000000107e+00,7.35057311055645928e-05,2.08970520424599758e-02,-2.08235463113544128e-02,2.09705577735655388e-02
2.83750000000000036e+00,7.25926282489282212e-05,2.11599045989181583e-02,-2.10873119706692300e-02,2.12324972271670867e-02
2.85000000000000142e+00,7.16908681381464531e-05,2.14260634335201212e-02,-2.13543725653819738e-02,2.14977543016582687e-02
2.86250000000000071e+00,7.08003098713676059e-05,2.16955701341251944e-02,-2.16247698242538269e-02,2.17663704439965619e-02
2.87500000000000000e+00,6.99208142970505190e-05,2.19684668117037067e-02,-2.18985459974066557e-02,2.20383876260007577e-02
2.88750000000000107e+00,6.90522439922222077e-05,2.22447961069167817e-02,-2.21757438629245594e-02,2.23138483509090040e-02
2.90000000000000036e+00,6.81944632410056995e-05,2.25246011967789109e-02,-2.24564067335379057e-02,2.25927956600199160e-02
2.91250000000000142e+00,6.73473380134131889e-05,2.28079258014047340e-02,-2.27405784633913192e-02,2.28752731394181487e-02
2.92500000000000071e+00,6.65107359444046047e-05,2.30948141908400711e-02,-2.30283034548956662e-02,2.31613249267844760e-02
2.93750000000000000e+00,6.56845263132044884e-05,2.33853111919794902e-02,-2.33196266656662855e-02,2.34509957182926949e-02
2.95000000000000107e+00,6.48685800228768992e-05,2.36794621955704852e-02,-2.36145936155476091e-02,2.37443307755933614e-02
2.96250000000000036e+00,6.40627695801541578e-05,2.39773131633057371e-02,-2.39132503937255839e-02,2.40413759328858903e-02
2.97500000000000142e+00,6.32669690755149026e-05,2.42789106350050181e-02,-2.42156436659295045e-02,2.43421776040805317e-02
2.98750000000000071e+00,6.24810541635114719e-05,2.45843017358868023e-02,-2.45218206817232921e-02,2.46467827900503124e-02
3.00000000000000000e+00,6.17049020433397806e-05,2.48935341839319722e-02,-2.48318292818886337e-02,2.49552390859753108e-02
3.01250000000000107e+00,6.09383914396518427e-05,2.52066562973397128e-02,-2.51457179059000613e-02,2.52675946887793643e-02
3.02500000000000036e+00,6.01814025836065798e-05,2.55237170020772078e-02,-2.54635355994935995e-02,2.55838984046608160e-02
3.03750000000000142e+00,5.94338171941549134e-05,2.58447658395247297e-02,-2.57853320223305760e-02,2.59041996567188834e-02
3.05000000000000071e+00,5.86955184595589825e-05,2.61698529742162150e-02,-2.61111574557566575e-02,2.62285484926757725e-02
3.06250000000000000e+00,5.79663910191393158e-05,2.64990292016779004e-02,-2.64410628106587602e-02,2.65569955926970407e-02
3.07500000000000107e+00,5.72463209452498284e-05,2.68323459563650918e-02,-2.67750996354198419e-02,2.68895922773103417e-02
3.08750000000000036e+00,5.65351957254766788e-05,2.71698553196987463e-02,-2.71133201239732689e-02,2.72263905154242238e-02
3.10000000000000142e+00,5.58329042450572869e-05,2.75116100282036535e-02,-2.74557771239585975e-02,2.75674429324487096e-02
3.11250000000000071e+00,5.51393367695192081e-05,2.78576634817482224e-02,-2.78025241449787047e-02,2.79128028185177401e-02
3.12500000000000000e+00,5.44543849275332250e-05,2.82080697518886751e-02,-2.81536153669611419e-02,2.82625241368162083e-02
3.13750000000000107e+00,5.37779416939803730e-05,2.85628835903176705e-02,-2.85091056486236893e-02,2.86166615320116516e-02
3.15000000000000036e+00,5.31099013732293750e-05,2.89221604374192420e-02,-2.88690505360460134e-02,2.89752703387924707e-02
3.16250000000000142e+00,5.24501595826207801e-05,2.92859564309318025e-02,-2.92335062713491821e-02,2.93384065905144230e-02
3.17500000000000071e+00,5.17986132361577438e-05,2.96543284147193879e-02,-2.96025298014832294e-02,2.97061270279555464e-02
3.18750000000000000e+00,5.11551605283979549e-05,3.00273339476539725e-02,-2.99761787871255757e-02,3.00784891081823692e-02
3.20000000000000107e+00,5.05197009185466212e-05,3.04050313126090141e-02,-3.03545116116904663e-02,3.04555510135275619e-02
3.21250000000000036e+00,4.98921351147470302e-05,3.07874795255661179e-02,-3.07375873904513694e-02,3.08373716606808665e-02
3.22500000000000142e+00,4.92723650585653660e-05,3.11747383448367568e-02,-3.11254659797781906e-02,3.12240107098953230e-02
3.23750000000000071e+00,4.86602939096695969e-05,3.15668682803992157e-02,-3.15182079864895492e-02,3.16155285743088821e-02
3.25000000000000000e+00,4.80558260306973475e-05,3.19639306033537851e-02,-3.19158747773230847e-02,3.20119864293844855e-02
3.26250000000000107e+00,4.74588669723126447e-05,3.23659873554963048e-02,-3.23185284885239912e-02,3.24134462224686185e-02
3.27500000000000036e+00,4.68693234584482732e-05,3.27731013590121800e-02,-3.27262320355537345e-02,3.28199706824706255e-02
3.28750000000000142e+00,4.62871033717305742e-05,3.31853362262928483e-02,-3.31390491229211145e-02,3.32316233296645822e-02
3.30000000000000071e+00,4.57121157390866348e-05,3.36027563698749060e-02,-3.35570442541358177e-02,3.36484684856139943e-02
3.31250000000000000e+00,4.51442707175289537e-05,3.40254270125050981e-02,-3.39802827417875694e-02,3.40705712832226268e-02
3.32500000000000107e+00,4.45834795801175311e-05,3.44534141973313196e-02,-3.44088307177512001e-02,3.44979976769114391e-02
3.33750000000000036e+00,4.40296547020963778e-05,3.48867847982218329e-02,-3.48427551435197339e-02,3.49308144529239320e-02
3.35000000000000142e+00,4.34827095472013842e-05,3.53256065302148398e-02,-3.52821238206676366e-02,3.53690892397620429e-02
3.36250000000000071e+00,4.29425586541394721e-05,3.57699479600986428e-02,-3.57270054014445018e-02,3.58128905187527838e-02
3.37500000000000000e+00,4.24091176232345776e-05,3.62198785171257281e-02,-3.61774693995024904e-02,3.62622876347489659e-02
3.38750000000000107e+00,4.18823031032402638e-05,3.66754685038611014e-02,-3.66335862007578644e-02,3.67173508069643384e-02
3.40000000000000036e+00,4.13620327783161142e-05,3.71367891071669523e-02,-3.70954270743886344e-02,3.71781511399452702e-02
3.41250000000000142e+00,4.08482253551652123e-05,3.76039124093262497e-02,-3.75630641839710816e-02,3.76447606346814179e-02
3.42500000000000071e+00,4.03408005503324898e-05,3.80769113993051911e-02,-3.80365705987548569e-02,3.81172521998555253e-02
3.43750000000000000e+00,3.98396790776597482e-05,3.85558599841583569e-02,-3.85160203050806949e-02,3.85956996632360189e-02
3.45000000000000107e+00,3.93447826358972802e-05,3.90408330005766191e-02,-3.90014882179407218e-02,3.90801777832125163e-02
3.46250000000000036e+00,3.88560338964693194e-05,3.95319062265803434e-02,-3.94930501926838706e-02,3.95707622604768161e-02
3.47500000000000142e+00,3.83733564913908370e-05,4.00291563933603267e-02,-3.99907830368689335e-02,4.00675297498517199e-02
3.48750000000000071e+00,3.78966750013353957e-05,4.05326611972666589e-02,-4.04947645222653238e-02,4.05705578722679941e-02
3.50000000000000000e+00,3.74259149438502923e-05,4.10424993119494000e-02,-4.10050733970055495e-02,4.10799252268932505e-02
3.51250000000000107e+00,3.69610027617187244e-05,4.15587504006513161e-02,-4.15217893978895997e-02,4.15957114034130326e-02
3.52500000000000036e+00,3.65018658114664823e-05,4.20814951286552011e-02,-4.20449932628437356e-02,4.21179969944666666e-02
3.53750000000000142e+00,3.60484323520108326e-05,4.26108151758884737e-02,-4.25747667435364616e-02,4.26468636082404859e-02
3.55000000000000071e+00,3.56006315334513661e-05,4.31467932496852891e-02,-4.31111926181518348e-02,4.31823938812187433e-02
3.56250000000000000e+00,3.51583933859990393e-05,4.36895130977101934e-02,-4.36543547043241956e-02,4.37246714910961912e-02
3.57500000000000107e+00,3.47216488090435206e-05,4.42390595210436985e-02,-4.42043378722346558e-02,4.42737811698527411e-02
3.58750000000000036e+00,3.42903295603562238e-05,4.47955183874323565e-02,-4.47612280578719990e-02,4.48298087169927140e-02
3.60000000000000142e+00,3.38643682454268881e-05,4.53589766447063183e-02,-4.53251122764608896e-02,4.53928410129517471e-02
3.61250000000000071e+00,3.34436983069335498e-05,4.59295223343644879e-02,-4.58960786360575537e-02,4.59629660326714221e-02
3.62500000000000000e+00,3.30282540143424068e-05,4.65072446053317462e-02,-4.64742163513174045e-02,4.65402728593460879e-02
3.63750000000000107e+00,3.26179704536374494e-05,4.70922337278883857e-02,-4.70596157574347460e-02,4.71248516983420254e-02
3.65000000000000036e+00,3.22127835171777087e-05,4.76845811077748274e-02,-4.76523683242576490e-02,4.77167938912920059e-02
3.66250000000000142e+00,3.18126298936798854e-05,4.82843793004744740e-02,-4.82525666705807960e-02,4.83161919303681520e-02
3.67500000000000071e+00,3.14174470583263062e-05,4.88917220256750648e-02,-4.88603045786167381e-02,4.89231394727333915e-02
3.68750000000000000e+00,3.10271732629948798e-05,4.95067041819131498e-02,-4.94756770086501527e-02,4.95377313551761470e-02
3.70000000000000107e+00,3.06417475266110122e-05,5.01294218614019224e-02,-5.00987801138753144e-02,5.01600636089285304e-02
3.71250000000000036e+00,3.02611096256193601e-05,5.07599723650455428e-02,-5.07297112554199250e-02,5.07902334746711606e-02
3.72500000000000142e+00,2.98852000845733596e-05,5.13984542176432677e-02,-5.13685690175586934e-02,5.14283394177278419e-02
3.73750000000000071e+00,2.95139601668425390e-05,5.20449671832833721e-02,-5.20154532231165284e-02,5.20744811434502158e-02
3.75000000000000000e+00,2.91473318654344054e-05,5.26996122809321663e-02,-5.26704649490667351e-02,5.27287596127975974e-02
3.76250000000000107e+00,2.87852578939309010e-05,5.33624918002181467e-02,-5.33337065423242149e-02,5.33912770581120785e-02
3.77500000000000036e+00,2.84276816775374366e-05,5.40337093174146563e-02,-5.40052816357371179e-02,5.40621369990921946e-02
3.78750000000000142e+00,2.80745473442426047e-05,5.47133697116245418e-02,-5.46852951642802995e-02,5.47414442589687841e-02
3.80000000000000071e+00,2.77257997160884692e-05,5.54015791811669836e-02,-5.53738533814508924e-02,5.54293049808830748e-02
3.81250000000000000e+00,2.73813843005485550e-05,5.60984452601718669e-02,-5.60710638758713173e-02,5.61258266444724166e-02
3.82500000000000107e+00,2.70412472820134091e-05,5.68040768353819323e-02,-5.67770355880999195e-02,5.68311180826639450e-02
3.83750000000000036e+00,2.67053355133819690e-05,5.75185841631662143e-02,-5.74918788276528314e-02,5.75452894986795971e-02
3.85000000000000142e+00,2.63735965077568785e-05,5.82420788867485592e-02,-5.82157052902408031e-02,5.82684524832563153e-02
3.86250000000000071e+00,2.60459784302436677e-05,5.89746740536512895e-02,-5.89486280752210476e-02,5.90007200320815314e-02
3.87500000000000000e+00,2.57224300898511391e-05,5.97164841333598095e-02,-5.96907617032699581e-02,5.97422065634496610e-02
3.88750000000000107e+00,2.54029009314927915e-05,6.04676250352084027e-02,-6.04422221342769128e-02,6.04930279361398926e-02
3.90000000000000036e+00,2.50873410280876413e-05,6.12282141264909735e-02,-6.12031267854628858e-02,6.12533014675190612e-02
3.91250000000000142e+00,2.47757010727586767e-05,6.19983702508006967e-02,-6.19735945497279367e-02,6.20231459518734568e-02
3.92500000000000071e+00,2.44679323711289300e-05,6.27782137465986573e-02,-6.27537458142275323e-02,6.28026816789697823e-02
3.93750000000000000e+00,2.41639868337125675e-05,6.35678664660177806e-02,-6.35437024791840749e-02,6.35920304528514863e-02
3.95000000000000107e+00,2.38638169684009412e-05,6.43674517939021723e-02,-6.43435879769337776e-02,6.43913156108705670e-02
3.96250000000000036e+00,2.35673758730419839e-05,6.51770946670858498e-02,-6.51535272912128066e-02,6.52006620429588929e-02
3.97500000000000142e+00,2.32746172281113452e-05,6.59969215939151949e-02,-6.59736469766870892e-02,6.60201962111433005e-02
3.98750000000000071e+00,2.29854952894752191e-05,6.68270606740152540e-02,-6.68040751787257747e-02,6.68500461693047332e-02
4.00000000000000000e+00,2.26999648812424271e-05,6.76676416183063512e-02,-6.76449416534251058e-02,6.76903415831875965e-02
4.01250000000000107e+00,2.24179813887057226e-05,6.85187957692712929e-02,-6.84963777878825897e-02,6.85412137506599961e-02
4.02500000000000036e+00,2.21395007513707847e-05,6.93806561214776463e-02,-6.93585166207262710e-02,6.94027956222290215e-02
4.03750000000000142e+00,2.18644794560713715e-05,7.02533573423591573e-02,-7.02314928629030888e-02,7.02752218218152258e-02
4.05000000000000071e+00,2.15928745301706374e-05,7.11370357932568365e-02,-7.11154429187266651e-02,7.11586286677870078e-02
4.06250000000000000e+00,2.13246435348462864e-05,7.20318295507266365e-02,-7.20105049071917969e-02,7.20531541942614762e-02
4.07500000000000107e+00,2.10597445584595401e-05,7.29378784281137643e-02,-7.29168186835553039e-02,7.29589381726722247e-02
4.08750000000000036e+00,2.07981362100064762e-05,7.38553239973984282e-02,-7.38345258611884242e-02,7.38761221336084323e-02
4.10000000000000142e+00,2.05397776126503247e-05,7.47843096113176287e-02,-7.47637698337049739e-02,7.48048493889302835e-02
4.11250000000000071e+00,2.02846283973346908e-05,7.57249804257633385e-02,-7.57046957973660090e-02,7.57452650541606681e-02
4.12500000000000000e+00,2.00326486964755343e-05,7.66774834224642349e-02,-7.66574507737677602e-02,7.66975160711607096e-02
4.13750000000000107e+00,1.97837991377319067e-05,7.76419674319515779e-02,-7.76221836328138404e-02,7.76617512310893154e-02
4.15000000000000036e+00,1.95380408378540385e-05,7.86185831568138316e-02,-7.85990451159759712e-02,7.86381211976516920e-02
4.16250000000000142e+00,1.92953353966075045e-05,7.96074831952452433e-02,-7.95881878598486414e-02,7.96267785306418452e-02
4.17500000000000071e+00,1.90556448907733878e-05,8.06088220648884385e-02,-8.05897664199976688e-02,8.06278777097792082e-02
4.18750000000000000e+00,1.88189318682224642e-05,8.16227562269792040e-02,-8.16039372951109787e-02,8.16415751588474292e-02
4.20000000000000107e+00,1.85851593420633331e-05,8.26494441107933631e-02,-8.26308589514512942e-02,8.26680292701354319e-02
4.21250000000000036e+00,1.83542907848632301e-05,8.36890461384012796e-02,-8.36706918476164130e-02,8.37074004291861462e-02
4.22500000000000142e+00,1.81262901229403260e-05,8.47417247497351672e-02,-8.47235984596122205e-02,8.47598510398581140e-02
4.23750000000000071e+00,1.79011217307273898e-05,8.58076444279694261e-02,-8.57897433062387027e-02,8.58255455497001496e-02
4.25000000000000000e+00,1.76787504252049905e-05,8.68869717252225698e-02,-8.68692929747973686e-02,8.69046504756477711e-02
4.26250000000000107e+00,1.74591414604041985e-05,8.79798752885808388e-02,-8.79624161471204286e-02,8.79973344300412491e-02
4.27500000000000036e+00,1.72422605219775212e-05,8.90865258864492471e-02,-8.90692836259272674e-02,8.91037681469712267e-02
4.28750000000000142e+00,1.70280737218370290e-05,9.02070964352355148e-02,-9.01900683615136783e-02,9.02241245089573513e-02
4.30000000000000071e+00,1.68165475928594840e-05,9.13417620263673874e-02,-9.13249454787745246e-02,9.13585785739602502e-02
4.31250000000000000e+00,1.66076490836568574e-05,9.24906999536521390e-02,-9.24740923045684754e-02,9.25073076027358027e-02
4.32500000000000107e+00,1.64013455534120472e-05,9.36540897409786077e-02,-9.36376883954251893e-02,9.36704910865320262e-02
4.33750000000000036e+00,1.61976047667787844e-05,9.48321131703676601e-02,-9.48159155656008862e-02,9.48483107751344340e-02
4.35000000000000142e+00,1.59963948888445824e-05,9.60249543103771919e-02,-9.60089579154883438e-02,9.60409507052660399e-02
4.36250000000000071e+00,1.57976844801567121e-05,9.72327995448618310e-02,-9.72170018603816799e-02,9.72485972293419820e-02
4.37500000000000000e+00,1.56014424918095021e-05,9.84558376020970294e-02,-9.84402361596052183e-02,9.84714390445888405e-02
4.38750000000000107e+00,1.54076382605929950e-05,9.96942595842676693e-02,-9.96788519460070771e-02,9.97096672225282615e-02
4.40000000000000036e+00,1.52162415042018123e-05,1.00948258997327733e-01,-1.00933042755823529e-01,1.00963475238831937e-01
4.41250000000000142e+00,1.50272223165033196e-05,1.02218031781237145e-01,-1.02203004558920646e-01,1.02233059003553645e-01
4.42500000000000071e+00,1.48405511628649294e-05,1.03503776340576392e-01,-1.03488935789413525e-01,1.03518616891739260e-01
4.43750000000000000e+00,1.46561988755390719e-05,1.04805693575548906e-01,-1.04791037376673363e-01,1.04820349774424448e-01
4.45000000000000107e+00,1.44741366491057583e-05,1.06123986913371646e-01,-1.06109512776722537e-01,1.06138461050020755e-01
4.46250000000000036e+00,1.42943360359717544e-05,1.07458862340060329e-01,-1.07444568004024354e-01,1.07473156676096304e-01
4.47500000000000142e+00,1.41167689419253987e-05,1.08810528432616585e-01,-1.08796411663674666e-01,1.08824645201558504e-01
4.48750000000000071e+00,1.39414076217470327e-05,1.10179196391616996e-01,-1.10165254983995251e-01,1.10193137799238741e-01
4.50000000000000000e+00,1.37682246748735791e-05,1.11565080074214909e-01,-1.11551311849540036e-01,1.11578848298889782e-01
4.51250000000000107e+00,1.35971930411172205e-05,1.12968396027555540e-01,-1.12954798834514425e-01,1.12981993220596655e-01
4.52500000000000036e+00,1.34282859964372641e-05,1.14389363522611254e-01,-1.14375935236614823e-01,1.14402791808607684e-01
4.53750000000000142e+00,1.32614771487642885e-05,1.15828204588444561e-01,-1.15814943111295796e-01,1.15841466065593326e-01
4.55000000000000071e+00,1.30967404338765156e-05,1.17285144046898909e-01,-1.17272047306465038e-01,1.17298240787332780e-01
4.56250000000000000e+00,1.29340501113270601e-05,1.18760409547729068e-01,-1.18747475497617744e-01,1.18773343597840392e-01
4.57500000000000107e+00,1.27733807604220063e-05,1.20254231604171202e-01,-1.20241458223410785e-01,1.20267004984931619e-01
4.58750000000000036e+00,1.26147072762484376e-05,1.21766843628960397e-01,-1.21754228921684152e-01,1.21779458336236643e-01
4.60000000000000142e+00,1.24580048657515801e-05,1.23298481970803411e-01,-1.23286023965937658e-01,1.23310939975669165e-01
4.61250000000000071e+00,1.23032490438610263e-05,1.24849385951306860e-01,-1.24837082702263000e-01,1.24861689200350720e-01
4.62500000000000000e+00,1.21504156296647307e-05,1.26419797902373232e-01,-1.26407647486743574e-01,1.26431948318002890e-01
4.63750000000000107e+00,1.19994807426307624e-05,1.28009963204065158e-01,-1.27997963723322533e-01,1.28021962684807783e-01
4.65000000000000036e+00,1.18504207988759840e-05,1.29620130322945809e-01,-1.29608279902146933e-01,1.29631980743744685e-01
4.66250000000000142e+00,1.17032125074808756e-05,1.31250550850903813e-01,-1.31238847638396328e-01,1.31262254063411299e-01
4.67500000000000071e+00,1.15578328668504542e-05,1.32901479544463380e-01,-1.32889921711596526e-01,1.32913037377330234e-01
4.68750000000000000e+00,1.14142591611200725e-05,1.34573174364591930e-01,-1.34561760105430805e-01,1.34584588623753054e-01
4.70000000000000107e+00,1.12724689566060848e-05,1.36265896517006435e-01,-1.36254624048049833e-01,1.36277168985963038e-01
4.71250000000000036e+00,1.11324400983006043e-05,1.37979910492986607e-01,-1.37968778052888319e-01,1.37991042933084895e-01
4.72500000000000142e+00,1.09941507064095881e-05,1.39715484110703864e-01,-1.39704489959997458e-01,1.39726478261410270e-01
4.73750000000000071e+00,1.08575791729342412e-05,1.41472888557066523e-01,-1.41462030977893588e-01,1.41483746136239458e-01
4.75000000000000000e+00,1.07227041582945819e-05,1.43252398430095046e-01,-1.43241675725936740e-01,1.43263121134253352e-01
4.76250000000000107e+00,1.05895045879951475e-05,1.45054291781827799e-01,-1.45043702277239811e-01,1.45064881286415787e-01
4.77500000000000036e+00,1.04579596493321218e-05,1.46878850161766467e-01,-1.46868392202117143e-01,1.46889308121415790e-01
4.78750000000000142e+00,1.03280487881411686e-05,1.48726358660870500e-01,-1.48716030612082356e-01,1.48736686709658644e-01
4.80000000000000071e+00,1.01997517055859611e-05,1.50597105956101152e-01,-1.50586906204395576e-01,1.50607305707806727e-01
4.81250000000000000e+00,1.00730483549863053e-05,1.52491384355529641e-01,-1.52481311307174655e-01,1.52501457403884627e-01
4.82500000000000107e+00,9.94791893868587557e-06,1.54409489844010095e-01,-1.54399541925071410e-01,1.54419437762948780e-01
4.83750000000000036e+00,9.82434390495883126e-06,1.56351722129426940e-01,-1.56341897785521988e-01,1.56361546473331892e-01
4.85000000000000142e+00,9.70230394495470286e-06,1.58318384689526831e-01,-1.58308682385581878e-01,1.58328086993471784e-01
4.86250000000000071e+00,9.58177998968148082e-06,1.60309784819335444e-01,-1.60300203039345751e-01,1.60319366599325136e-01
4.87500000000000000e+00,9.46275320702592984e-06,1.62326233679174869e-01,-1.62316770925967857e-01,1.62335696432381882e-01
4.88750000000000107e+00,9.34520499881108109e-06,1.64368046343282226e-01,-1.64358701138283408e-01,1.64377391548281043e-01
4.90000000000000036e+00,9.22911699789027907e-06,1.66435541849039831e-01,-1.66426312732041948e-01,1.66444770966037714e-01
4.91250000000000142e+00,9.11447106527716623e-06,1.68529043246827381e-01,-1.68519928775762107e-01,1.68538157717892656e-01
4.92500000000000071e+00,9.00124928731155488e-06,1.70648877650496966e-01,-1.70639876401209645e-01,1.70657878899784288e-01
4.93750000000000000e+00,8.88943397286026949e-06,1.72795376288487262e-01,-1.72786486854514393e-01,1.72804265722460132e-01
4.95000000000000107e+00,8.77900765055292081e-06,1.74968874555577858e-01,-1.74960095547927297e-01,1.74977653563228419e-01
4.96250000000000036e+00,8.66995306605201862e-06,1.77169712065294416e-01,-1.77161042112228356e-01,1.77178382018360475e-01
4.97500000000000142e+00,8.56225317935682686e-06,1.79398232702976057e-01,-1.79389670449796701e-01,1.79406794956155413e-01
4.98750000000000071e+00,8.45589116214096293e-06,1.81654784679505771e-01,-1.81646328788343636e-01,1.81663240570667905e-01
5.00000000000000000e+00,8.35085039512282963e-06,1.83939720585721167e-01,-1.83931369735326034e-01,1.83948071436116301e-01
5.01250000000000107e+00,8.24711446546885608e-06,1.86253397447506686e-01,-1.86245150333041204e-01,1.86261644561972167e-01
5.02500000000000036e+00,8.14466716422901063e-06,1.88596176781578528e-01,-1.88588032114414300e-01,1.88604321448742757e-01
5.03750000000000142e+00,8.04349248380401648e-06,1.90968424651974722e-01,-1.90960381159490905e-01,1.90976468144458539e-01
5.05000000000000071e+00,7.94357461544424293e-06,1.93370511727250727e-01,-1.93362568152635278e-01,1.93378455301866176e-01
5.06250000000000000e+00,7.84489794677946260e-06,1.95802813338399495e-01,-1.95794968440452716e-01,1.95810658236346274e-01
5.07500000000000107e+00,7.74744705937941852e-06,1.98265709537496643e-01,-1.98257962090437251e-01,1.98273456984556035e-01
5.08750000000000036e+00,7.65120672634472182e-06,2.00759585157083392e-01,-2.00751933950357037e-01,2.00767236363809748e-01
5.10000000000000142e+00,7.55616190992750316e-06,2.03284829870299832e-01,-2.03277273708389911e-01,2.03292386032209754e-01
5.11250000000000071e+00,7.46229775918185514e-06,2.05841838251769355e-01,-2.05834375954010163e-01,2.05849300549528547e-01
5.12500000000000000e+00,7.36959960764324156e-06,2.08431009839254194e-01,-2.08423640239646546e-01,2.08438379438861843e-01
5.13750000000000107e+00,7.27805297103687686e-06,2.11052749196082967e-01,-2.11045471143111923e-01,2.11060027249054011e-01
5.15000000000000036e+00,7.18764354501456251e-06,2.13707465974363409e-01,-2.13700278330818394e-01,2.13714653617908423e-01
5.16250000000000142e+00,7.09835720291951870e-06,2.16395574978993949e-01,-2.16388476621791032e-01,2.16402673336196866e-01
5.17500000000000071e+00,7.01017999357916384e-06,2.19117496232474784e-01,-2.19110486052481207e-01,2.19124506412468362e-01
5.18750000000000000e+00,6.92309813912512706e-06,2.21873655040539935e-01,-2.21866731942400808e-01,2.21880578138679063e-01
5.20000000000000107e+00,6.83709803284046908e-06,2.24664482058611031e-01,-2.24657644960578190e-01,2.24671319156643873e-01
5.21250000000000036e+00,6.75216623703363879e-06,2.27490413359086818e-01,-2.27483661192849795e-01,2.27497165525323841e-01
5.22500000000000142e+00,6.66828948093872185e-06,2.30351890499483236e-01,-2.30345222210002309e-01,2.30358558788964163e-01
5.23750000000000071e+00,6.58545465864195393e-06,2.33249360591424343e-01,-2.33242775136765695e-01,2.33255946046082990e-01
5.25000000000000000e+00,6.50364882703381023e-06,2.36183276370507345e-01,-2.36176772721680306e-01,2.36189780019334383e-01
5.26250000000000107e+00,6.42285920378665589e-06,2.39154096267042288e-01,-2.39147673407838490e-01,2.39160519126246085e-01
5.27500000000000036e+00,6.34307316535751254e-06,2.42162284477681317e-01,-2.42155941404515962e-01,2.42168627550846671e-01
5.28750000000000142e+00,6.26427824501552788e-06,2.45208311037953403e-01,-2.45202046759708386e-01,2.45214575316198419e-01
5.30000000000000071e+00,6.18646213089411065e-06,2.48292651895704930e-01,-2.48286465433574050e-01,2.48298838357835810e-01
5.31250000000000000e+00,6.10961266406710122e-06,2.51415788985470456e-01,-2.51409679372806394e-01,2.51421898598134519e-01
5.32500000000000107e+00,6.03371783664894438e-06,2.54578210303774866e-01,-2.54572176585938226e-01,2.54584244021611505e-01
5.33750000000000036e+00,5.95876578991846907e-06,2.57780409985382097e-01,-2.57774451219592193e-01,2.57786368751172001e-01
5.35000000000000142e+00,5.88474481246586144e-06,2.61022888380508411e-01,-2.61017003635695966e-01,2.61028773125320857e-01
5.36250000000000071e+00,5.81164333836281879e-06,2.64306152132998851e-01,-2.64300340489660501e-01,2.64311963776337200e-01
5.37500000000000000e+00,5.73944994535527512e-06,2.67630714259495139e-01,-2.67624974809549776e-01,2.67636453709440503e-01
5.38750000000000107e+00,5.66815335307868416e-06,2.70997094229593838e-01,-2.70991426076240771e-01,2.71002762382946905e-01
5.40000000000000036e+00,5.59774242129546990e-06,2.74405818047013306e-01,-2.74400220304591991e-01,2.74411415789434621e-01
5.41250000000000142e+00,5.52820614815426813e-06,2.77857418331786121e-01,-2.77851890125637990e-01,2.77862946537934252e-01
5.42500000000000071e+00,5.45953366847094835e-06,2.81352434403478069e-01,-2.81346974869809585e-01,2.81357893937146553e-01
5.43750000000000000e+00,5.39171425203083455e-06,2.84891412365461505e-01,-2.84886020651209493e-01,2.84896804079713517e-01
5.45000000000000107e+00,5.32473730191211951e-06,2.88474905190243658e-01,-2.88469580452941743e-01,2.88480229927545573e-01
5.46250000000000036e+00,5.25859235283009921e-06,2.92103472805868014e-01,-2.92098214213515173e-01,2.92108731398220856e-01
5.47500000000000142e+00,5.19326906950188844e-06,2.95777682183407942e-01,-2.95772488914338438e-01,2.95782875452477445e-01
5.48750000000000071e+00,5.12875724503158474e-06,2.99498107425552884e-01,-2.99492978668307874e-01,2.99503236182797894e-01
5.50000000000000000e+00,5.06504679931535527e-06,3.03265329856316712e-01,-3.03260264809517399e-01,3.03270394903116025e-01
5.51250000000000107e+00,5.00212777746642738e-06,3.07079938111869233e-01,-3.07074935984091746e-01,3.07084940239646720e-01
5.52500000000000036e+00,4.93999034825964552e-06,3.10942528232510118e-01,-3.10937588242161833e-01,3.10947468222858403e-01
5.53750000000000142e+00,4.87862480259525849e-06,3.14853703755805459e-01,-3.14848825131002874e-01,3.14858582380608043e-01
5.55000000000000071e+00,4.81802155198192570e-06,3.18814075810886888e-01,-3.18809257789334888e-01,3.18818893832438888e-01
5.56250000000000000e+00,4.75817112703843032e-06,3.22824263213946028e-01,-3.22819505042818977e-01,3.22829021385073078e-01
5.57500000000000107e+00,4.69906417601410066e-06,3.26884892564923979e-01,-3.26880193500747984e-01,3.26889591629099974e-01
5.58750000000000036e+00,4.64069146332760221e-06,3.30996598345417115e-01,-3.30991957653953783e-01,3.31001239036880446e-01
5.60000000000000142e+00,4.58304386812380095e-06,3.35160023017820108e-01,-3.35155439973951974e-01,3.35164606061688242e-01
5.61250000000000071e+00,4.52611238284867702e-06,3.39375817125707413e-01,-3.39371291013324583e-01,3.39380343238090243e-01
5.62500000000000000e+00,4.46988811184182024e-06,3.43644639395486118e-01,-3.43640169507374249e-01,3.43649109283597987e-01
5.63750000000000107e+00,4.41436226994648802e-06,3.47967156839321390e-01,-3.47962742477051445e-01,3.47971571201591334e-01
5.65000000000000036e+00,4.35952618113693340e-06,3.52344044859356831e-01,-3.52339685333175667e-01,3.52348404385537994e-01
5.66250000000000142e+00,4.30537127716269914e-06,3.56775987353251722e-01,-3.56771681981974564e-01,3.56780292724528880e-01
5.67500000000000071e+00,4.25188909620987459e-06,3.61263676821036328e-01,-3.61259424931940132e-01,3.61267928710132524e-01
5.68750000000000000e+00,4.19907128157886789e-06,3.65807814473320891e-01,-3.65803615402039317e-01,3.65812013544602466e-01
5.70000000000000107e+00,4.14690958037867844e-06,3.70409110340859327e-01,-3.70404963431278933e-01,3.70413257250439720e-01
5.71250000000000036e+00,4.09539584223738242e-06,3.75068283385491030e-01,-3.75064187989648801e-01,3.75072378781333260e-01
5.72500000000000142e+00,4.04452201802857722e-06,3.79786061612484793e-01,-3.79782017090466772e-01,3.79790106134502814e-01
5.73750000000000071e+00,3.99428015861373916e-06,3.84563182184285535e-01,-3.84559187904126909e-01,3.84567176464444160e-01
5.75000000000000000e+00,3.94466241360011144e-06,3.89400391535702439e-01,-3.89396446873288837e-01,3.89404336198116041e-01
5.76250000000000107e+00,3.89566103011407937e-06,3.94298445490538718e-01,-3.94294549829508623e-01,3.94302341151568814e-01
5.77500000000000036e+00,3.84726835158979377e-06,3.99258109379688642e-01,-3.99254262111337077e-01,3.99261956648040206e-01
5.78750000000000142e+00,3.79947681657276534e-06,4.04280158160726821e-01,-4.04276358683910264e-01,4.04283957637543379e-01
5.80000000000000071e+00,3.75227895753842905e-06,4.09365376538991188e-01,-4.09361624260033641e-01,4.09369128817948735e-01
5.81250000000000000e+00,3.70566739972527869e-06,4.14514559090200185e-01,-4.14510853422800474e-01,4.14518264757599897e-01
5.82500000000000107e+00,3.65963485998256754e-06,4.19728510384604125e-01,-4.19724850749744138e-01,4.19732170019464113e-01
5.83750000000000036e+00,3.61417414563232044e-06,4.25008045112699240e-01,-4.25004430938553612e-01,4.25011659286844867e-01
5.85000000000000142e+00,3.56927815334541635e-06,4.30353988212529515e-01,-4.30350418934376144e-01,4.30357557490682885e-01
5.86250000000000071e+00,3.52493986803173166e-06,4.35767174998579254e-01,-4.35763650058711205e-01,4.35770699938447303e-01
5.87500000000000000e+00,3.48115236174397286e-06,4.41248451292297672e-01,-4.41244970139935910e-01,4.41251932444659434e-01
5.88750000000000107e+00,3.43790879259518958e-06,4.46798673554258285e-01,-4.46795235645465694e-01,4.46802111463050877e-01
5.90000000000000036e+00,3.39520240368973517e-06,4.52418709017979925e-01,-4.52415313815576259e-01,4.52422104220383592e-01
5.91250000000000142e+00,3.35302652206744435e-06,4.58109435825439448e-01,-4.58106082798917402e-01,4.58112788851961494e-01
5.92500000000000071e+00,3.31137455766101826e-06,4.63871743164276762e-01,-4.63868431789719093e-01,4.63875054538834430e-01
5.93750000000000000e+00,3.27024000226626999e-06,4.69706531406737904e-01,-4.69703261166735664e-01,4.69709801646740144e-01
5.95000000000000107e+00,3.22961642852522549e-06,4.75614712250357508e-01,-4.75611482633928995e-01,4.75617941866786020e-01
5.96250000000000036e+00,3.18949748892184916e-06,4.81597208860411075e-01,-4.81594019362922177e-01,4.81600398357899973e-01
5.97500000000000142e+00,3.14987691479019451e-06,4.87654956014167029e-01,-4.87651806137252231e-01,4.87658105891081828e-01
5.98750000000000071e+00,3.11074851533495584e-06,4.93788900246941054e-01,-4.93785789498425720e-01,4.93792010995456387e-01
6.00000000000000000e+00,3.07210617666410490e-06,5.00000000000000000e-01,-4.99996927893823329e-01,5.00003072106176671e-01
6.01249999999999929e+00,3.03394386083360636e-06,5.06211099753058891e-01,-5.06208065809198082e-01,5.06214133696919699e-01
6.02500000000000213e+00,2.99625560490395897e-06,5.12345043985834692e-01,-5.12342047730229733e-01,5.12348040241439651e-01
6.03750000000000142e+00,2.95903552000851825e-06,5.18402791139589869e-01,-5.18399832104069813e-01,5.18405750175109925e-01
6.05000000000000071e+00,2.92227779043328326e-06,5.24385287749643325e-01,-5.24382365471852907e-01,5.24388210027433743e-01
6.06250000000000000e+00,2.88597667270822379e-06,5.30293468593262096e-01,-5.30290582616589345e-01,5.30296354569934847e-01
6.07499999999999929e+00,2.85012649470984009e-06,5.36128256835723294e-01,-5.36125406709228591e-01,5.36131106962217996e-01
6.08750000000000213e+00,2.81472165477487200e-06,5.41890564174562162e-01,-5.41887749452907408e-01,5.41893378896216915e-01
6.10000000000000142e+00,2.77975662082506835e-06,5.47581290982020796e-01,-5.47578511225400022e-01,5.47584070738641571e-01
6.11250000000000071e+00,2.74522592950272711e-06,5.53201326445742492e-01,-5.53198581219813024e-01,5.53204071671671960e-01
6.12500000000000000e+00,2.71112418531707634e-06,5.58751548707702383e-01,-5.58748837583517122e-01,5.58754259831887645e-01
6.13749999999999929e+00,2.67744605980120622e-06,5.64232825001420801e-01,-5.64230147555361050e-01,5.64235502447480552e-01
6.15000000000000213e+00,2.64418629067947718e-06,5.69646011787471984e-01,-5.69643367601181283e-01,5.69648655973762685e-01
6.16250000000000142e+00,2.61133968104531514e-06,5.74991954887301482e-01,-5.74989343547620435e-01,5.74994566226982529e-01
6.17500000000000071e+00,2.57890109854912802e-06,5.80271489615396652e-01,-5.80268910714298092e-01,5.80274068516495212e-01
6.18750000000000000e+00,2.54686547459640398e-06,5.85485440909799815e-01,-5.85482894044325186e-01,5.85487987775274443e-01
6.19999999999999929e+00,2.51522780355572373e-06,5.90634623461008812e-01,-5.90632108233205222e-01,5.90637138688812402e-01
6.21250000000000213e+00,2.48398314197661120e-06,5.95719841839274622e-01,-5.95717357856132668e-01,5.95722325822416576e-01
6.22500000000000142e+00,2.45312660781714446e-06,6.00741890620312025e-01,-6.00739437493704176e-01,6.00744343746919873e-01
6.23750000000000071e+00,2.42265337968107344e-06,6.05701554509461948e-01,-6.05699131856082262e-01,6.05703977162841634e-01
6.25000000000000000e+00,2.39255869606450438e-06,6.10599608464297505e-01,-6.10597215905601454e-01,6.10602001022993557e-01
6.26249999999999929e+00,2.36283785461189401e-06,6.15436817815714465e-01,-6.15434454977859868e-01,6.15439180653569062e-01
6.27500000000000213e+00,2.33348621138128917e-06,6.20213938387516595e-01,-6.20211604901305225e-01,6.20216271873727965e-01
6.28750000000000142e+00,2.30449918011873593e-06,6.24931716614509636e-01,-6.24929412115329486e-01,6.24934021113689786e-01
6.30000000000000071e+00,2.27587223154161558e-06,6.29590889659141340e-01,-6.29588613786909779e-01,6.29593165531372900e-01
6.31250000000000000e+00,2.24760089263097193e-06,6.34192185526679109e-01,-6.34189937925786484e-01,6.34194433127571733e-01
6.32499999999999929e+00,2.21968074593258162e-06,6.38736323178963672e-01,-6.38734103498217687e-01,6.38738542859709657e-01
6.33750000000000213e+00,2.19210742886671079e-06,6.43224012646749443e-01,-6.43221820539320532e-01,6.43226204754178355e-01
6.35000000000000142e+00,2.16487663304648523e-06,6.47655955140643780e-01,-6.47653790264010709e-01,6.47658120017276850e-01
6.36250000000000071e+00,2.13798410360464911e-06,6.52032843160679221e-01,-6.52030705176575576e-01,6.52034981144782866e-01
6.37500000000000000e+00,2.11142563852876355e-06,6.56355360604513827e-01,-6.56353249178875275e-01,6.56357472030152378e-01
6.38749999999999929e+00,2.08519708800462690e-06,6.60624182874292587e-01,-6.60622097677204589e-01,6.60626268071380585e-01
6.40000000000000213e+00,2.05929435376785027e-06,6.64839976982181113e-01,-6.64837917687827296e-01,6.64842036276534931e-01
6.41250000000000142e+00,2.03371338846352393e-06,6.69003401654583496e-01,-6.69001367941195024e-01,6.69005435367971968e-01
6.42500000000000071e+00,2.00845019501376702e-06,6.73115107435076521e-01,-6.73113098984881475e-01,6.73117115885271566e-01
6.43750000000000000e+00,1.98350082599320465e-06,6.77175736786054028e-01,-6.77173753285227997e-01,6.77177720286880058e-01
6.44999999999999929e+00,1.95886138301216741e-06,6.81185924189113168e-01,-6.81183965327730179e-01,6.81187883050496157e-01
6.46250000000000213e+00,1.93452801610755355e-06,6.85146296244195652e-01,-6.85144361716179540e-01,6.85148230772211764e-01
6.47500000000000142e+00,1.91049692314129115e-06,6.89057471767490437e-01,-6.89055561270567329e-01,6.89059382264413545e-01
6.48750000000000071e+00,1.88676434920620555e-06,6.92920061888131267e-01,-6.92918175123782065e-01,6.92921948652480468e-01
6.50000000000000000e+00,1.86332658603933547e-06,6.96734670143683288e-01,-6.96732806817097261e-01,6.96736533470269315e-01
6.51249999999999929e+00,1.84017997144250129e-06,7.00501892574447060e-01,-7.00500052394475659e-01,7.00503732754418462e-01
6.52500000000000213e+00,1.81732088871007377e-06,7.04222317816593169e-01,-7.04220500495704504e-01,7.04224135137481833e-01
6.53750000000000142e+00,1.79474576606388190e-06,7.07896527194132430e-01,-7.07894732448366315e-01,7.07898321939898545e-01
6.55000000000000071e+00,1.77245107609507601e-06,7.11525094809756897e-01,-7.11523322358680765e-01,7.11526867260833029e-01
6.56250000000000000e+00,1.75043333521298973e-06,7.15108587634538440e-01,-7.15106837201203271e-01,7.15110338067873608e-01
6.57499999999999929e+00,1.72868910310081453e-06,7.18647565596521876e-01,-7.18645836907418789e-01,7.18649294285624962e-01
6.58750000000000213e+00,1.70721498217803835e-06,7.22142581668214878e-01,-7.22140874453232717e-01,7.22144288883197039e-01
6.60000000000000142e+00,1.68600761706958929e-06,7.25594181952987194e-01,-7.25592495945370120e-01,7.25595867960604268e-01
6.61250000000000071e+00,1.66506369408151630e-06,7.29002905770406606e-01,-7.29001240706712572e-01,7.29004570834100640e-01
6.62500000000000000e+00,1.64437994068324214e-06,7.32369285740504861e-01,-7.32367641360564203e-01,7.32370930120445518e-01
6.63749999999999929e+00,1.62395312499621666e-06,7.35693847867001205e-01,-7.35692223913876231e-01,7.35695471820126179e-01
6.65000000000000213e+00,1.60378005528892439e-06,7.38977111619492533e-01,-7.38975507839437218e-01,7.38978715399547847e-01
6.66250000000000142e+00,1.58385757947819261e-06,7.42219590014618347e-01,-7.42218006157038923e-01,7.42221173872197770e-01
6.67500000000000071e+00,1.56418258463663750e-06,7.45421789696225634e-01,-7.45420225513640955e-01,7.45423353878810313e-01
6.68750000000000000e+00,1.54475199650628615e-06,7.48584211014529544e-01,-7.48582666262533003e-01,7.48585755766526084e-01
6.69999999999999929e+00,1.52556277901821124e-06,7.51707348104295070e-01,-7.51705822541516078e-01,7.51708873667074062e-01
6.71250000000000213e+00,1.50661193381813397e-06,7.54791688962047402e-01,-7.54790182350113636e-01,7.54793195573981168e-01
6.72500000000000142e+00,1.48789649979794705e-06,7.57837715522319044e-01,-7.57836227625819259e-01,7.57839203418818830e-01
6.73750000000000071e+00,1.46941355263300243e-06,7.60845903732958129e-01,-7.60844434319405516e-01,7.60847373146510741e-01
6.75000000000000000e+00,1.45116020432520203e-06,7.63816723629492600e-01,-7.63815272469288264e-01,7.63818174789696935e-01
6.76249999999999929e+00,1.43313360275173540e-06,7.66750639408575685e-01,-7.66749206274972894e-01,7.66752072542178476e-01
6.77500000000000213e+00,1.41533093121942695e-06,7.69648109500517652e-01,-7.69646694169586421e-01,7.69649524831448884e-01
6.78750000000000142e+00,1.39774940802463961e-06,7.72509586640913515e-01,-7.72508188891505521e-01,7.72510984390321509e-01
6.80000000000000071e+00,1.38038628601859932e-06,7.75335517941389329e-01,-7.75334137555103275e-01,7.75336898327675383e-01
6.81250000000000000e+00,1.36323885217816728e-06,7.78126344959460092e-01,-7.78124981720607956e-01,7.78127708198312229e-01
6.82499999999999929e+00,1.34630442718191896e-06,7.80882503767525216e-01,-7.80881157463098052e-01,7.80883850071952379e-01
6.83750000000000213e+00,1.32958036499149068e-06,7.83604425021006801e-01,-7.83603095440641773e-01,7.83605754601371829e-01
6.85000000000000142e+00,1.31306405243814941e-06,7.86292534025637035e-01,-7.86291220961584547e-01,7.86293847089689524e-01
6.86250000000000071e+00,1.29675290881445106e-06,7.88947250803917366e-01,-7.88945954051008536e-01,7.88948547556826196e-01
6.87500000000000000e+00,1.28064438547101918e-06,7.91568990160745778e-01,-7.91567709516360352e-01,7.91570270805131204e-01
6.88749999999999929e+00,1.26473596541830855e-06,7.94158161748230618e-01,-7.94156897012265217e-01,7.94159426484196018e-01
6.90000000000000213e+00,1.24902516293331536e-06,7.96715170129700834e-01,-7.96713921104537870e-01,7.96716419154863797e-01
6.91250000000000142e+00,1.23350952317119621e-06,7.99240414842916969e-01,-7.99239181333393778e-01,7.99241648352440159e-01
6.92500000000000071e+00,1.21818662178166731e-06,8.01734290462503774e-01,-8.01733072275881975e-01,8.01735508649125572e-01
6.93750000000000000e+00,1.20305406453021170e-06,8.04197186661600449e-01,-8.04195983607535969e-01,8.04198389715664930e-01
6.94999999999999929e+00,1.18810948692397150e-06,8.06629488272749273e-01,-8.06628300163262368e-01,8.06630676382236178e-01
6.96250000000000213e+00,1.17335055384228634e-06,8.09031575348025944e-01,-8.09030401997472115e-01,8.09032748698579773e-01
6.97500000000000142e+00,1.15877495917184364e-06,8.11403823218421749e-01,-8.11402664443462540e-01,8.11404981993380958e-01
6.98750000000000071e+00,1.14438042544631737e-06,8.13746602552493647e-01,-8.13745458172068226e-01,8.13747746932919069e-01
7.00000000000000000e+00,1.13016470349052712e-06,8.16060279414278833e-01,-8.16059149249575344e-01,8.16061409578982322e-01
7.01249999999999929e+00,1.11612557206899529e-06,8.18345215320494201e-01,-8.18344099194922125e-01,8.18346331446066277e-01
7.02500000000000213e+00,1.10226083753887044e-06,8.20601767297024609e-01,-8.20600665036187116e-01,8.20602869557862102e-01
7.03750000000000142e+00,1.08856833350718199e-06,8.22830287934705917e-01,-8.22829199366372444e-01,8.22831376503039391e-01
7.05000000000000071e+00,1.07504592049231355e-06,8.25031125444422475e-01,-8.25030050398501968e-01,8.25032200490342982e-01
7.06250000000000000e+00,1.06169148558971986e-06,8.27204623711512710e-01,-8.27203562020027094e-01,8.27205685402998325e-01
7.07499999999999929e+00,1.04850294214177773e-06,8.29351122349503034e-01,-8.29350073846560898e-01,8.29352170852445170e-01
7.08750000000000213e+00,1.03547822941173720e-06,8.31470956753173174e-01,-8.31469921274943791e-01,8.31471992231402557e-01
7.10000000000000142e+00,1.02261531226174294e-06,8.33564458150960474e-01,-8.33563435535648267e-01,8.33565480766272682e-01
7.11250000000000071e+00,1.00991218083481660e-06,8.35631953656718052e-01,-8.35630943744537169e-01,8.35632963568898934e-01
7.12500000000000000e+00,9.97366850240827982e-07,8.37673766320825131e-01,-8.37672768953974911e-01,8.37674763687675350e-01
7.13749999999999929e+00,9.84977360246348020e-07,8.39690215180664556e-01,-8.39689230203304326e-01,8.39691200158024786e-01
7.15000000000000213e+00,9.72741774968355108e-07,8.41681615310473696e-01,-8.41680642568698678e-01,8.41682588052248715e-01
7.16250000000000142e+00,9.60658182571763012e-07,8.43648277870573393e-01,-8.43647317212390835e-01,8.43649238528755951e-01
7.17500000000000071e+00,9.48724694970671827e-07,8.45590510155990183e-01,-8.45589561431295267e-01,8.45591458880685098e-01
7.18750000000000000e+00,9.36939447533365348e-07,8.47508615644470331e-01,-8.47507678705022749e-01,8.47509552583917913e-01
7.19999999999999929e+00,9.25300598790954078e-07,8.49402894043898904e-01,-8.49401968743300095e-01,8.49403819344497713e-01
7.21250000000000213e+00,9.13806330149639199e-07,8.51273641339129972e-01,-8.51272727532799811e-01,8.51274555145460132e-01
7.22500000000000142e+00,9.02454845606567001e-07,8.53121149838233839e-01,-8.53120247383388208e-01,8.53122052293079469e-01
7.23750000000000071e+00,8.91244371469179443e-07,8.54945708218172395e-01,-8.54944816973800981e-01,8.54946599462543810e-01
7.25000000000000000e+00,8.80173156078084672e-07,8.56747601569904926e-01,-8.56746721396748900e-01,8.56748481743060952e-01
7.26249999999999929e+00,8.69239469533353247e-07,8.58527111442933477e-01,-8.58526242203463963e-01,8.58527980682402991e-01
7.27500000000000213e+00,8.58441603424214794e-07,8.60284515889296664e-01,-8.60283657447693195e-01,8.60285374330900132e-01
7.28750000000000142e+00,8.47777870562127527e-07,8.62020089507013587e-01,-8.62019241729143015e-01,8.62020937284884159e-01
7.30000000000000071e+00,8.37246604717133006e-07,8.63734103482993731e-01,-8.63733266236389019e-01,8.63734940729598444e-01
7.31250000000000000e+00,8.26846160357516953e-07,8.65426825635408070e-01,-8.65425998789247752e-01,8.65427652481568388e-01
7.32499999999999929e+00,8.16574912392688382e-07,8.67098520455536592e-01,-8.67097703880624238e-01,8.67099337030448947e-01
7.33750000000000213e+00,8.06431255919252778e-07,8.68749449149096575e-01,-8.68748642717840691e-01,8.68750255580352460e-01
7.35000000000000142e+00,7.96413605970254665e-07,8.70379869677054385e-01,-8.70379073263448433e-01,8.70380666090660338e-01
7.36250000000000071e+00,7.86520397267505381e-07,8.71990036795935008e-01,-8.71989250275537753e-01,8.71990823316332264e-01
7.37500000000000000e+00,7.76750083977017353e-07,8.73580202097626768e-01,-8.73579425347542737e-01,8.73580978847710798e-01
7.38749999999999929e+00,7.67101139467461002e-07,8.75150614048693098e-01,-8.75149846947553600e-01,8.75151381149832597e-01
7.40000000000000213e+00,7.57572056071623220e-07,8.76701518029197047e-01,-8.76700760457140960e-01,8.76702275601253134e-01
7.41250000000000142e+00,7.48161344850841580e-07,8.78233156371039825e-01,-8.78232408209694948e-01,8.78233904532384702e-01
7.42500000000000071e+00,7.38867535362338993e-07,8.79745768395828964e-01,-8.79745029528293587e-01,8.79746507263364341e-01
7.43750000000000000e+00,7.29689175429474387e-07,8.81239590452270960e-01,-8.81238860763095544e-01,8.81240320141446376e-01
7.44999999999999929e+00,7.20624830914834865e-07,8.82714855953101063e-01,-8.82714135328270144e-01,8.82715576577931982e-01
7.46250000000000213e+00,7.11673085496145724e-07,8.84171795411555883e-01,-8.84171083738470420e-01,8.84172507084641346e-01
7.47500000000000142e+00,7.02832540444978121e-07,8.85610636477388913e-01,-8.85609933644848413e-01,8.85611339309929413e-01
7.48750000000000071e+00,6.94101814408179001e-07,8.87031603972444627e-01,-8.87030909870630269e-01,8.87032298074258985e-01
7.50000000000000000e+00,6.85479543192042120e-07,8.88434919925785049e-01,-8.88434234446241811e-01,8.88435605405328288e-01
7.51249999999999929e+00,6.76964379549148081e-07,8.89820803608383004e-01,-8.89820126644003451e-01,8.89821480572762558e-01
7.52500000000000213e+00,6.68554992967850912e-07,8.91189471567383817e-01,-8.91188803012390895e-01,8.91190140122376739e-01
7.53750000000000142e+00,6.60250069464392998e-07,8.92541137659939920e-01,-8.92540477409870414e-01,8.92541797910009427e-01
7.55000000000000071e+00,6.52048311377578151e-07,8.93876013086628562e-01,-8.93875361038317218e-01,8.93876665134939907e-01
7.56250000000000000e+00,6.43948437166018604e-07,8.95194306424451081e-01,-8.95193662476013952e-01,8.95194950372888210e-01
7.57499999999999929e+00,6.35949181207889540e-07,8.96496223659423608e-01,-8.96495587710242403e-01,8.96496859608604812e-01
7.58750000000000213e+00,6.28049293603170619e-07,8.97781968218763216e-01,-8.97781340169469644e-01,8.97782596268056787e-01
7.60000000000000142e+00,6.20247539978355537e-07,8.99051741002672489e-01,-8.99051120755132493e-01,8.99052361250212484e-01
7.61250000000000071e+00,6.12542701293565587e-07,9.00305740415732525e-01,-9.00305127873031186e-01,9.00306352958433864e-01
7.62500000000000000e+00,6.04933573652080633e-07,9.01544162397903026e-01,-9.01543557464329348e-01,9.01544767331476704e-01
7.63749999999999929e+00,5.97418968112225593e-07,9.02767200455138141e-01,-9.02766603036170068e-01,9.02767797874106215e-01
7.65000000000000213e+00,5.89997710501594403e-07,9.03975045689623169e-01,-9.03974455691912704e-01,9.03975635687333634e-01
7.66250000000000142e+00,5.82668641233590838e-07,9.05167886829632451e-01,-9.05167304160991226e-01,9.05168469498273676e-01
7.67500000000000071e+00,5.75430615126228469e-07,9.06345910259021559e-01,-9.06345334828406402e-01,9.06346485689636716e-01
7.68750000000000000e+00,5.68282501223202364e-07,9.07509300046347889e-01,-9.07508731763846721e-01,9.07509868328849056e-01
7.69999999999999929e+00,5.61223182617172075e-07,9.08658237973632654e-01,-9.08657676750450061e-01,9.08658799196815248e-01
7.71250000000000213e+00,5.54251556275241195e-07,9.09792903564764832e-01,-9.09792349313208515e-01,9.09793457816321149e-01
7.72500000000000142e+00,5.47366532866613785e-07,9.10913474113550947e-01,-9.10912926747018070e-01,9.10914021480083824e-01
7.73750000000000071e+00,5.40567036592372727e-07,9.12020124711419355e-01,-9.12019584144382778e-01,9.12020665278455933e-01
7.75000000000000000e+00,5.33852005017391333e-07,9.13113028274777472e-01,-9.13112494422772425e-01,9.13113562126782519e-01
7.76249999999999929e+00,5.27220388904324307e-07,9.14192355572030602e-01,-9.14191828351641700e-01,9.14192882792419503e-01
7.77500000000000213e+00,5.20671152049659860e-07,9.15258275250265152e-01,-9.15257754579113070e-01,9.15258795921417234e-01
7.78750000000000142e+00,5.14203271121818789e-07,9.16310953861598887e-01,-9.16310439658327813e-01,9.16311468064869961e-01
7.80000000000000071e+00,5.07815735501245131e-07,9.17350555889206776e-01,-9.17350048073471314e-01,9.17351063704942238e-01
7.81250000000000000e+00,5.01507547122502608e-07,9.18377243773020768e-01,-9.18376742265473611e-01,9.18377745280567925e-01
7.82499999999999929e+00,4.95277720318323147e-07,9.19391177935111603e-01,-9.19390682657391323e-01,9.19391673212831884e-01
7.83750000000000213e+00,4.89125281665591946e-07,9.20392516804755090e-01,-9.20392027679473479e-01,9.20393005930036701e-01
7.85000000000000142e+00,4.83049269833255820e-07,9.21381416843186307e-01,-9.21380933793916501e-01,9.21381899892456113e-01
7.86250000000000071e+00,4.77048735432102546e-07,9.22358032568048603e-01,-9.22357555519313199e-01,9.22358509616784006e-01
7.87500000000000000e+00,4.71122740866423741e-07,9.23322516577535723e-01,-9.23322045454794904e-01,9.23322987700276543e-01
7.88749999999999929e+00,4.65270360187511937e-07,9.24275019574236634e-01,-9.24274554303876394e-01,9.24275484844596873e-01
7.90000000000000213e+00,4.59490678948977722e-07,9.25215690388682677e-01,-9.25215230898003727e-01,9.25216149879361627e-01
7.91250000000000142e+00,4.53782794063871950e-07,9.26144676002601752e-01,-9.26144222219807634e-01,9.26145129785395871e-01
7.92500000000000071e+00,4.48145813663566939e-07,9.27062121571886388e-01,-9.27061673426072708e-01,9.27062569717700069e-01
7.93750000000000000e+00,4.42578856958406625e-07,9.27968170449273377e-01,-9.27967727870416370e-01,9.27968613028130385e-01
7.94999999999999929e+00,4.37081054100079701e-07,9.28862964206743191e-01,-9.28862527125689064e-01,9.28863401287797319e-01
7.96250000000000213e+00,4.31651546045702642e-07,9.29746642657641065e-01,-9.29746211006095002e-01,9.29747074309187127e-01
7.97500000000000142e+00,4.26289484423598710e-07,9.30619343878522409e-01,-9.30618917589038031e-01,9.30619770168006788e-01
7.98750000000000071e+00,4.20994031400728664e-07,9.31481204230728776e-01,-9.31480783236697363e-01,9.31481625224760190e-01
8.00000000000000000e+00,4.15764359551783939e-07,9.32332358381693593e-01,-9.32331942617333986e-01,9.32332774146053200e-01
8.01249999999999929e+00,4.10599651729898338e-07,9.33172939325984774e-01,-9.33172528726333050e-01,9.33173349925636497e-01
8.02500000000000213e+00,4.05499100938965604e-07,9.34003078406085097e-01,-9.34002672906984133e-01,9.34003483905186060e-01
8.03750000000000142e+00,4.00461910207550356e-07,9.34822905332914234e-01,-9.34822504871004045e-01,9.34823305794824422e-01
8.05000000000000071e+00,3.95487292464351112e-07,9.35632548206097980e-01,-9.35632152718805510e-01,9.35632943693390451e-01
8.06250000000000000e+00,3.90574470415224549e-07,9.36432133533982247e-01,-9.36431742959511815e-01,9.36432524108452680e-01
8.07499999999999929e+00,3.85722676421730301e-07,9.37221786253401357e-01,-9.37221400530724891e-01,9.37222171976077822e-01
8.08750000000000213e+00,3.80931152381184474e-07,9.38001629749199539e-01,-9.38001248818047140e-01,9.38002010680351939e-01
8.10000000000000142e+00,3.76199149608209973e-07,9.38771785873509179e-01,-9.38771409674359569e-01,9.38772162072658789e-01
8.11250000000000071e+00,3.71525928717744900e-07,9.39532374964791694e-01,-9.39532003438863006e-01,9.39532746490720383e-01
8.12500000000000000e+00,3.66910759509517365e-07,9.40283515866640163e-01,-9.40283148955880610e-01,9.40283882777399715e-01
8.13749999999999929e+00,3.62352920853948935e-07,9.41025325946348690e-01,-9.41024963593427799e-01,9.41025688299269580e-01
8.15000000000000213e+00,3.57851700579475321e-07,9.41757921113251628e-01,-9.41757563261551023e-01,9.41758278964952233e-01
8.16250000000000142e+00,3.53406395361273566e-07,9.42481415836833869e-01,-9.42481062430438499e-01,9.42481769243229239e-01
8.17500000000000071e+00,3.49016310611357828e-07,9.43195923164618200e-01,-9.43195574148307569e-01,9.43196272180928830e-01
8.18750000000000000e+00,3.44680760370054339e-07,9.43901554739828175e-01,-9.43901210059067797e-01,9.43901899420588553e-01
8.19999999999999929e+00,3.40399067198817116e-07,9.44598420818833051e-01,-9.44598080419765895e-01,9.44598761217900207e-01
8.21250000000000213e+00,3.36170562074375792e-07,9.45286630288375673e-01,-9.45286294117813619e-01,9.45286966458937727e-01
8.22500000000000142e+00,3.31994584284204120e-07,9.45966290682585420e-01,-9.45965958688001152e-01,9.45966622677169688e-01
8.23750000000000071e+00,3.27870481323275082e-07,9.46637508199781985e-01,-9.46637180329300665e-01,9.46637836070263305e-01
8.25000000000000000e+00,3.23797608792110464e-07,9.47300387719067882e-01,-9.47300063921459046e-01,9.47300711516676719e-01
8.26249999999999929e+00,3.19775330296090977e-07,9.47955032816716670e-01,-9.47954713041386343e-01,9.47955352592046996e-01
8.27500000000000213e+00,3.15803017346017083e-07,9.48601545782356892e-01,-9.48601229979339600e-01,9.48601861585374184e-01
8.28750000000000142e+00,3.11880049259910819e-07,9.49240027634954520e-01,-9.49239715754905289e-01,9.49240339515003750e-01
8.30000000000000071e+00,3.08005813066026346e-07,9.49870578138598209e-01,-9.49870270132785133e-01,9.49870886144411286e-01
8.31250000000000000e+00,3.04179703407076142e-07,9.50493295818086836e-01,-9.50492991638383411e-01,9.50493599997790262e-01
8.32499999999999929e+00,3.00401122445641673e-07,9.51108277974324956e-01,-9.51107977573202534e-01,9.51108578375447378e-01
8.33750000000000213e+00,2.96669479770759098e-07,9.51715620699525644e-01,-9.51715324030045884e-01,9.51715917369005404e-01
8.35000000000000142e+00,2.92984192305670507e-07,9.52315418892225263e-01,-9.52315125908032911e-01,9.52315711876417614e-01
8.36250000000000071e+00,2.89344684216710699e-07,9.52907766272111711e-01,-9.52907476927427499e-01,9.52908055616795924e-01
8.37500000000000000e+00,2.85750386823336034e-07,9.53492755394668268e-01,-9.53492469644281471e-01,9.53493041145055065e-01
8.38749999999999929e+00,2.82200738509266174e-07,9.54070477665635464e-01,-9.54070195464896909e-01,9.54070759866374019e-01
8.40000000000000213e+00,2.78695184634729302e-07,9.54641023355293883e-01,-9.54640744660109286e-01,9.54641302050478480e-01
8.41250000000000142e+00,2.75233177449802335e-07,9.55204481612567768e-01,-9.55204206379390297e-01,9.55204756845745240e-01
8.42500000000000071e+00,2.71814176008818147e-07,9.55760940478956433e-01,-9.55760668664780377e-01,9.55761212293132489e-01
8.43750000000000000e+00,2.68437646085845596e-07,9.56310486902289814e-01,-9.56310218464643702e-01,9.56310755339935925e-01
8.44999999999999929e+00,2.65103060091214537e-07,9.56853206750314711e-01,-9.56852941647254651e-01,9.56853471853374771e-01
8.46250000000000213e+00,2.61809896989078182e-07,9.57389184824111728e-01,-9.57388923014214743e-01,9.57389446634008712e-01
8.47500000000000142e+00,2.58557642216003702e-07,9.57918504871344889e-01,-9.57918246313702704e-01,9.57918763428987075e-01
8.48750000000000071e+00,2.55345787600565031e-07,9.58441249599348732e-01,-9.58440994253561107e-01,9.58441504945136358e-01
8.50000000000000000e+00,2.52173831283944014e-07,9.58957500688050635e-01,-9.58957248514219374e-01,9.58957752861881896e-01
8.51249999999999929e+00,2.49041277641512776e-07,9.59467338802733383e-01,-9.59467089761455783e-01,9.59467587844010983e-01
8.52500000000000213e+00,2.45947637205390514e-07,9.59970843606639868e-01,-9.59970597659002611e-01,9.59971089554277124e-01
8.53750000000000142e+00,2.42892426587966900e-07,9.60468093773419684e-01,-9.60467850880993068e-01,9.60468336665846301e-01
8.55000000000000071e+00,2.39875168406366064e-07,9.60959166999423409e-01,-9.60958927124255013e-01,9.60959406874591804e-01
8.56250000000000000e+00,2.36895391207858570e-07,9.61444140015841664e-01,-9.61443903120450472e-01,9.61444376911232856e-01
8.57499999999999929e+00,2.33952629396194693e-07,9.61923088600694864e-01,-9.61922854648065484e-01,9.61923322553324245e-01
8.58750000000000213e+00,2.31046423158853501e-07,9.62396087590673854e-01,-9.62395856544250750e-01,9.62396318637096959e-01
8.60000000000000142e+00,2.28176318395199295e-07,9.62863210892833110e-01,-9.62862982716514715e-01,9.62863439069151505e-01
8.61250000000000071e+00,2.25341866645522642e-07,9.63324531496138947e-01,-9.63324306154272336e-01,9.63324756838005558e-01
8.62500000000000000e+00,2.22542625020970947e-07,9.63780121482874286e-01,-9.63779898940249291e-01,9.63780344025499280e-01
8.63749999999999929e+00,2.19778156134345283e-07,9.64230052039901309e-01,-9.64229832261745190e-01,9.64230271818057427e-01
8.65000000000000213e+00,2.17048028031756954e-07,9.64674393469785230e-01,-9.64674176421757235e-01,9.64674610517813225e-01
8.66250000000000142e+00,2.14351814125136994e-07,9.65113215201778285e-01,-9.65113000849964209e-01,9.65113429553592361e-01
8.67500000000000071e+00,2.11689093125576238e-07,9.65546585802668722e-01,-9.65546374113575578e-01,9.65546797491761866e-01
8.68750000000000000e+00,2.09059448977501171e-07,9.65974572987494895e-01,-9.65974363928045920e-01,9.65974782046943869e-01
8.69999999999999929e+00,2.06462470793663595e-07,9.66397243630125136e-01,-9.66397037167654349e-01,9.66397450092595922e-01
8.71250000000000213e+00,2.03897752790937943e-07,9.66814663773707283e-01,-9.66814459875954491e-01,9.66814867671460076e-01
8.72500000000000142e+00,2.01364894226919798e-07,9.67226898640987875e-01,-9.67226697276093672e-01,9.67227100005882079e-01
8.73750000000000071e+00,1.98863499337304675e-07,9.67634012644503771e-01,-9.67633813781004437e-01,9.67634211508003106e-01
8.75000000000000000e+00,1.96393177274051962e-07,9.68036069396646215e-01,-9.68035873003468939e-01,9.68036265789823491e-01
8.76249999999999929e+00,1.93953542044313293e-07,9.68433131719600770e-01,-9.68432937766058766e-01,9.68433325673142775e-01
8.77500000000000213e+00,1.91544212450119938e-07,9.68825261655163361e-01,-9.68825070110950870e-01,9.68825453199375852e-01
8.78750000000000142e+00,1.89164812028822327e-07,9.69212520474433958e-01,-9.69212331309621922e-01,9.69212709639245995e-01
8.80000000000000071e+00,1.86814968994263008e-07,9.69594968687391034e-01,-9.69594781872422096e-01,9.69595155502359973e-01
8.81250000000000000e+00,1.84494316178687045e-07,9.69972666052346000e-01,-9.69972481558029842e-01,9.69972850546662158e-01
8.82499999999999929e+00,1.82202490975370598e-07,9.70345671585280622e-01,-9.70345489382789639e-01,9.70345853787771606e-01
8.83750000000000213e+00,1.79939135281962280e-07,9.70714043569068319e-01,-9.70713863629933060e-01,9.70714223508203577e-01
8.85000000000000142e+00,1.77703895444531418e-07,9.71077839562580758e-01,-9.71077661858685270e-01,9.71078017266476246e-01
8.86250000000000071e+00,1.75496422202305132e-07,9.71437116409682333e-01,-9.71436940913260161e-01,9.71437291906104505e-01
8.87500000000000000e+00,1.73316370633098213e-07,9.71791930248111280e-01,-9.71791756931740691e-01,9.71792103564481868e-01
8.88749999999999929e+00,1.71163400099417584e-07,9.72142336518251771e-01,-9.72142165354851651e-01,9.72142507681651891e-01
8.90000000000000213e+00,1.69037174195236544e-07,9.72488389971796430e-01,-9.72488220934622283e-01,9.72488559008970577e-01
8.91250000000000142e+00,1.66937360693432909e-07,9.72830144680301268e-01,-9.72829977742940555e-01,9.72830311617661980e-01
8.92500000000000071e+00,1.64863631493874337e-07,9.73167654043634922e-01,-9.73167489180003398e-01,9.73167818907266446e-01
8.93750000000000000e+00,1.62815662572154330e-07,9.73500970798322096e-01,-9.73500807982659477e-01,9.73501133613984715e-01
8.94999999999999929e+00,1.60793133928962271e-07,9.73830147025783743e-01,-9.73829986232649825e-01,9.73830307818917662e-01
8.96250000000000213e+00,1.58795729540082194e-07,9.74155234160475336e-01,-9.74155075364745771e-01,9.74155392956204902e-01
8.97500000000000142e+00,1.56823137307015769e-07,9.74476282997922882e-01,-9.74476126174785628e-01,9.74476439821060136e-01
8.98750000000000071e+00,1.54875049008212680e-07,9.74793343702660353e-01,-9.74793188827611345e-01,9.74793498577709361e-01
9.00000000000000000e+00,1.52951160250912893e-07,9.75106465816068080e-01,-9.75106312864907787e-01,9.75106618767228372e-01
9.01249999999999929e+00,1.51051170423583841e-07,9.75415698264113229e-01,-9.75415547212942768e-01,9.75415849315283690e-01
9.02500000000000213e+00,1.49174782648948960e-07,9.75721089364995020e-01,-9.75720940190212382e-01,9.75721238539777658e-01
9.03750000000000142e+00,1.47321703737601937e-07,9.76022686836694353e-01,-9.76022539514990628e-01,9.76022834158398078e-01
9.05000000000000071e+00,1.45491644142192264e-07,9.76320537804429511e-01,-9.76320392312785335e-01,9.76320683296073688e-01
9.06250000000000000e+00,1.43684317912184832e-07,9.76614688808020492e-01,-9.76614545123702604e-01,9.76614832492338381e-01
9.07499999999999929e+00,1.41899442649179214e-07,9.76905185809159970e-01,-9.76905043909717330e-01,9.76905327708602611e-01
9.08750000000000213e+00,1.40136739462783663e-07,9.77192074198595328e-01,-9.77191934061855894e-01,9.77192214335334763e-01
9.10000000000000142e+00,1.38395932927040115e-07,9.77475398803221096e-01,-9.77475260407288160e-01,9.77475537199154032e-01
9.11250000000000071e+00,1.36676751037385120e-07,9.77755203893083236e-01,-9.77755067216332208e-01,9.77755340569834264e-01
9.12500000000000000e+00,1.34978925168150704e-07,9.78031533188296276e-01,-9.78031398209371128e-01,9.78031668167221424e-01
9.13749999999999929e+00,1.33302190030590581e-07,9.78304429865874847e-01,-9.78304296563684783e-01,9.78304563168064911e-01
9.15000000000000213e+00,1.31646283631427679e-07,9.78573936566479952e-01,-9.78573804920196300e-01,9.78574068212763604e-01
9.16250000000000142e+00,1.30010947231919108e-07,9.78840095401081856e-01,-9.78839965390134625e-01,9.78840225412029086e-01
9.17500000000000071e+00,1.28395925307424864e-07,9.79102947957540048e-01,-9.79102819561614712e-01,9.79103076353465385e-01
9.18750000000000000e+00,1.26800965507483409e-07,9.79362535307101267e-01,-9.79362408506135762e-01,9.79362662108066773e-01
9.20000000000000284e+00,1.25225818616380649e-07,9.79618898010816919e-01,-9.79618772784998315e-01,9.79619023236635522e-01
9.21250000000000213e+00,1.23670238514211029e-07,9.79872076125881120e-01,-9.79871952455642625e-01,9.79872199796119614e-01
9.22500000000000142e+00,1.22133982138418327e-07,9.80122109211889359e-01,-9.80121987077907209e-01,9.80122231345871509e-01
9.23750000000000071e+00,1.20616809445818265e-07,9.80369036337020106e-01,-9.80368915720210676e-01,9.80369156953829535e-01
9.25000000000000000e+00,1.19118483375090899e-07,9.80612896084139041e-01,-9.80612776965655630e-01,9.80613015202622451e-01
9.26250000000000284e+00,1.17638769809738915e-07,9.80853726556827676e-01,-9.80853608918057840e-01,9.80853844195597513e-01
9.27500000000000213e+00,1.16177437541508063e-07,9.81091565385337483e-01,-9.81091449207899924e-01,9.81091681562775042e-01
9.28750000000000142e+00,1.14734258234257903e-07,9.81326449732469186e-01,-9.81326334998210981e-01,9.81326564466727391e-01
9.30000000000000071e+00,1.13309006388285496e-07,9.81558416299380010e-01,-9.81558302990373610e-01,9.81558529608386410e-01
9.31250000000000000e+00,1.11901459305090231e-07,9.81787501331317869e-01,-9.81787389429858548e-01,9.81787613232777190e-01
9.32500000000000284e+00,1.10511397052576275e-07,9.82013740623285170e-01,-9.82013630111888136e-01,9.82013851134682203e-01
9.33750000000000213e+00,1.09138602430689368e-07,9.82237169525631559e-01,-9.82237060387029182e-01,9.82237278664233937e-01
9.35000000000000142e+00,1.07782860937476467e-07,9.82457822949577508e-01,-9.82457715166716539e-01,9.82457930732438478e-01
9.36250000000000071e+00,1.06443960735570979e-07,9.82675735372669501e-01,-9.82675628928708744e-01,9.82675841816630258e-01
9.37500000000000000e+00,1.05121692619092332e-07,9.82890940844166949e-01,-9.82890835722474376e-01,9.82891045965859522e-01
9.38750000000000284e+00,1.03815849980956800e-07,9.83103472990362826e-01,-9.83103369174512798e-01,9.83103576806212853e-01
9.40000000000000213e+00,1.02526228780596151e-07,9.83313365019837016e-01,-9.83313262493608287e-01,9.83313467546065745e-01
9.41250000000000142e+00,1.01252627512073712e-07,9.83520649728646390e-01,-9.83520548476018885e-01,9.83520750981273895e-01
9.42500000000000071e+00,9.99948471726000928e-08,9.83725359505448260e-01,-9.83725259510601080e-01,9.83725459500295440e-01
9.43750000000000000e+00,9.87526912314382814e-08,9.83927526336561997e-01,-9.83927427583870751e-01,9.83927625089253244e-01
9.45000000000000284e+00,9.75259655991949463e-08,9.84127181810966034e-01,-9.84127084285000397e-01,9.84127279336931671e-01
9.46250000000000213e+00,9.63144785974949614e-08,9.84324357125234584e-01,-9.84324260810755969e-01,9.84324453439713198e-01
9.47500000000000142e+00,9.51180409290291690e-08,9.84519083088411628e-01,-9.84518987970370740e-01,9.84519178206452517e-01
9.48750000000000071e+00,9.39364656479776843e-08,9.84711390126824959e-01,-9.84711296190359353e-01,9.84711484063290565e-01
9.50000000000000000e+00,9.27695681307989179e-08,9.84901308288840704e-01,-9.84901215519272566e-01,9.84901401058408843e-01
9.51250000000000284e+00,9.16171660473814075e-08,9.85088867249558242e-01,-9.85088775632392166e-01,9.85088958866724318e-01
9.52500000000000213e+00,9.04790793325557043e-08,9.85274096315446379e-01,-9.85274005836367039e-01,9.85274186794525719e-01
9.53750000000000142e+00,8.93551301579568383e-08,9.85457024428923800e-01,-9.85456935073793616e-01,9.85457113784053984e-01
9.55000000000000071e+00,8.82451429042395600e-08,9.85637680172880337e-01,-9.85637591927737478e-01,9.85637768418023197e-01
9.56250000000000000e+00,8.71489441336372256e-08,9.85816091775143399e-01,-9.85816004626199227e-01,9.85816178924087572e-01
9.57500000000000284e+00,8.60663625628613484e-08,9.85992287112889110e-01,-9.85992201046526517e-01,9.85992373179251702e-01
9.58750000000000213e+00,8.49972290363396195e-08,9.86166293716997266e-01,-9.86166208719768234e-01,9.86166378714226299e-01
9.60000000000000142e+00,8.39413764997830136e-08,9.86338138776353790e-01,-9.86338054834977274e-01,9.86338222717730306e-01
9.61250000000000071e+00,8.28986399740845483e-08,9.86507849142098769e-01,-9.86507766243458817e-01,9.86507932040738722e-01
9.62500000000000000e+00,8.18688565295406304e-08,9.86675451331822218e-01,-9.86675369462965635e-01,9.86675533200678800e-01
9.63750000000000284e+00,8.08518652603926468e-08,9.86840971533707423e-01,-9.86840890681842109e-01,9.86841052385572737e-01
9.65000000000000213e+00,7.98475072596862988e-08,9.87004435610622344e-01,-9.87004355763115071e-01,9.87004515458129617e-01
9.66250000000000142e+00,7.88556255944402755e-08,9.87165869104161819e-01,-9.87165790248536235e-01,9.87165947959787404e-01
9.67500000000000071e+00,7.78760652811264098e-08,9.87325297238637489e-01,-9.87325219362572226e-01,9.87325375114702752e-01
9.68750000000000000e+00,7.69086732614527952e-08,9.87482744925019973e-01,-9.87482668016346765e-01,9.87482821833693181e-01
9.70000000000000284e+00,7.59532983784479293e-08,9.87638236764830313e-01,-9.87638160811531884e-01,9.87638312718128741e-01
9.71250000000000213e+00,7.50097913528431457e-08,9.87791797053985010e-01,-9.87791722044193632e-01,9.87791872063776388e-01
9.72500000000000142e+00,7.40780047597458559e-08,9.87943449786591543e-01,-9.87943375708586813e-01,9.87943523864596274e-01
9.73750000000000071e+00,7.31577930056051372e-08,9.88093218658698036e-01,-9.88093145500904990e-01,9.88093291816491082e-01
9.75000000000000000e+00,7.22490123054622404e-08,9.88241127071995407e-01,-9.88241054822983078e-01,9.88241199321007735e-01
9.76250000000000284e+00,7.13515206604835708e-08,9.88387198137474221e-01,-9.88387126785953529e-01,9.88387269488994913e-01
9.77500000000000213e+00,7.04651778357741551e-08,9.88531454679035582e-01,-9.88531384213857778e-01,9.88531525144213385e-01
9.78750000000000142e+00,6.95898453384640921e-08,9.88673919237057497e-01,-9.88673849647212166e-01,9.88673988826902828e-01
9.80000000000000071e+00,6.87253863960697993e-08,9.88814614071917175e-01,-9.88814545346530793e-01,9.88814682797303557e-01
9.81250000000000000e+00,6.78716659351227753e-08,9.88953561167468798e-01,-9.88953493295802843e-01,9.88953629039134752e-01
9.82500000000000284e+00,6.70285505600638688e-08,9.89090782234478660e-01,-9.89090715205928062e-01,9.89090849263029259e-01
9.83750000000000213e+00,6.61959085324008415e-08,9.89226298714017682e-01,-9.89226232518109150e-01,9.89226364909926215e-01
9.85000000000000142e+00,6.53736097501226353e-08,9.89360131780811392e-01,-9.89360066407201644e-01,9.89360197154421139e-01
9.86250000000000071e+00,6.45615257273715078e-08,9.89492302346548946e-01,-9.89492237785023265e-01,9.89492366908074628e-01
9.87500000000000000e+00,6.37595295743667370e-08,9.89622831063150077e-01,-9.89622767303620532e-01,9.89622894822679622e-01
9.88750000000000284e+00,6.29674959775775125e-08,9.89751738325992392e-01,-9.89751675358496397e-01,9.89751801293488387e-01
9.90000000000000213e+00,6.21853011801433713e-08,9.89879044277097830e-01,-9.89878982091796700e-01,9.89879106462398961e-01
9.91250000000000142e+00,6.14128229625356023e-08,9.90004768808280255e-01,-9.90004707395457317e-01,9.90004830221103194e-01
9.92500000000000071e+00,6.06499406234610869e-08,9.90128931564253634e-01,-9.90128870914313008e-01,9.90128992214194259e-01
9.93750000000000000e+00,5.98965349610022500e-08,9.90251551945701025e-01,-9.90251492049166071e-01,9.90251611842235979e-01
9.95000000000000284e+00,5.91524882539913088e-08,9.90372649112306602e-01,-9.90372589959818361e-01,9.90372708264794843e-01
9.96250000000000213e+00,5.84176842436169319e-08,9.90492241985748922e-01,-9.90492183568064677e-01,9.90492300403433168e-01
9.97500000000000142e+00,5.76920081152573288e-08,9.90610349252657785e-01,-9.90610291560649614e-01,9.90610406944665955e-01
9.98750000000000071e+00,5.69753464805410313e-08,9.90726989367534117e-01,-9.90726932392187676e-01,9.90727046342880557e-01
1.00000000000000000e+01,5.62675873596295582e-08,9.90842180555632890e-01,-9.90842124288045523e-01,9.90842236823220257e-01
